pair_key,s1,s2,param_set,pair_pnl,pair_sharpe,run_sharpe,dsr_pvalue,n_trades,window_idx,train_end
STLD/INTU,STLD,INTU,short_term_beta_neutral,770.938947998737,0.37242418553806245,0.2709282970197317,0.9999995831726189,22,1,2025-10-22
STLD/FMC,STLD,FMC,short_term_beta_neutral,2458.558187056221,0.8443663396272453,0.2709282970197317,0.9999999985194289,14,1,2025-10-22
KLAC/TRMB,KLAC,TRMB,short_term_beta_neutral,684.8023700802373,0.384550671415083,0.2709282970197317,0.9995780871450739,10,1,2025-10-22
KLAC/NRG,KLAC,NRG,short_term_beta_neutral,-1419.655435257603,-0.8148431721474765,0.2709282970197317,7.681241332073368e-07,6,1,2025-10-22
VLO/UHS,VLO,UHS,short_term_beta_neutral,-88.56223740116155,-0.07961534496781406,0.2709282970197317,1.2592514710815098e-05,6,1,2025-10-22
VLO/PYPL,VLO,PYPL,short_term_beta_neutral,1910.923780000917,1.0159401626440667,0.2709282970197317,0.9999999999961291,10,1,2025-10-22
MGM/JKHY,MGM,JKHY,short_term_beta_neutral,1058.727468283854,0.3113646395658802,0.2709282970197317,0.9655449772827076,12,1,2025-10-22
MGM/NEM,MGM,NEM,short_term_beta_neutral,724.3304039446482,0.3001994049125516,0.2709282970197317,0.9862072754984653,16,1,2025-10-22
ODFL/NFLX,ODFL,NFLX,short_term_beta_neutral,9471.274651108915,1.5471768052639499,0.2709282970197317,0.9999949800765492,14,1,2025-10-22
ODFL/MOS,ODFL,MOS,short_term_beta_neutral,-2330.095523744002,-1.140933339566605,0.2709282970197317,5.0086790460891494e-09,12,1,2025-10-22
UNH/ULTA,UNH,ULTA,short_term_beta_neutral,6030.613173904158,1.7819624844392594,0.2709282970197317,0.9999999866866434,16,1,2025-10-22
UNH/PLTR,UNH,PLTR,short_term_beta_neutral,6755.372676572422,1.222437486778298,0.2709282970197317,0.9999490369596579,13,1,2025-10-22
CVS/GPN,CVS,GPN,short_term_beta_neutral,784.3346456986275,0.3053396449972301,0.2709282970197317,0.999282536627771,20,1,2025-10-22
CVS/FISV,CVS,FISV,short_term_beta_neutral,2789.613125845862,1.8860583379464566,0.2709282970197317,1.0,18,1,2025-10-22
PSX/ADBE,PSX,ADBE,short_term_beta_neutral,-274.5545411563599,-0.27375945983251576,0.2709282970197317,8.980741633899239e-10,8,1,2025-10-22
STLD/INTU,STLD,INTU,aggressive,-7429.816212441442,-0.7812532961913328,-0.027904826775599,1.1378473640937894e-07,30,1,2025-10-22
STLD/FMC,STLD,FMC,aggressive,8809.770118970195,1.3836109470959472,-0.027904826775599,1.0,28,1,2025-10-22
KLAC/TRMB,KLAC,TRMB,aggressive,4354.877624483905,0.8155721211123074,-0.027904826775599,0.999999999999996,30,1,2025-10-22
KLAC/NRG,KLAC,NRG,aggressive,-1362.948747740793,-0.0966264029258767,-0.027904826775599,0.00010029836409439586,28,1,2025-10-22
VLO/UHS,VLO,UHS,aggressive,-6840.373281555704,-0.8531800142626323,-0.027904826775599,6.595916768338082e-17,32,1,2025-10-22
VLO/PYPL,VLO,PYPL,aggressive,-10328.59635666338,-1.2562714131038848,-0.027904826775599,2.3162485336110256e-13,34,1,2025-10-22
MGM/JKHY,MGM,JKHY,aggressive,-4915.206032710627,-0.6298179539114863,-0.027904826775599,2.741933526820955e-15,30,1,2025-10-22
MGM/NEM,MGM,NEM,aggressive,4803.869724184908,0.4277204361293104,-0.027904826775599,0.9997593631246211,28,1,2025-10-22
ODFL/NFLX,ODFL,NFLX,aggressive,15522.31033150389,1.522258361163789,-0.027904826775599,1.0,34,1,2025-10-22
ODFL/MOS,ODFL,MOS,aggressive,3033.481321704228,0.33319189089707435,-0.027904826775599,0.9986069321305823,32,1,2025-10-22
UNH/ULTA,UNH,ULTA,aggressive,479.8557046014132,0.0522915541614208,-0.027904826775599,0.14003611945834388,32,1,2025-10-22
UNH/PLTR,UNH,PLTR,aggressive,14297.67418413424,0.9691878306533275,-0.027904826775599,0.9999999999852592,36,1,2025-10-22
CVS/GPN,CVS,GPN,aggressive,4450.251141106577,0.5650014374760395,-0.027904826775599,0.9999998097809425,30,1,2025-10-22
CVS/FISV,CVS,FISV,aggressive,3213.233599199335,0.47580668397558695,-0.027904826775599,0.9991421424459902,32,1,2025-10-22
PSX/ADBE,PSX,ADBE,aggressive,-4769.911754168852,-0.8409480808322642,-0.027904826775599,5.228480818818098e-23,36,1,2025-10-22
STLD/INTU,STLD,INTU,kalman_aggressive,-3592.551762745884,-0.38209347103726565,-0.7746990319459536,7.280102318237814e-12,30,1,2025-10-22
STLD/FMC,STLD,FMC,kalman_aggressive,2115.331731134881,0.45932315838922794,-0.7746990319459536,0.9999999884508315,30,1,2025-10-22
KLAC/TRMB,KLAC,TRMB,kalman_aggressive,7489.2391181367,1.6394989157050026,-0.7746990319459536,1.0,30,1,2025-10-22
KLAC/NRG,KLAC,NRG,kalman_aggressive,-499.3010177418328,-0.04660554564371139,-0.7746990319459536,0.0008190183467539482,28,1,2025-10-22
VLO/UHS,VLO,UHS,kalman_aggressive,-3660.768374085908,-0.6591530817785342,-0.7746990319459536,1.3106484088837568e-16,30,1,2025-10-22
VLO/PYPL,VLO,PYPL,kalman_aggressive,-9276.878847038892,-1.6991840775018843,-0.7746990319459536,1.990375449058789e-27,32,1,2025-10-22
MGM/JKHY,MGM,JKHY,kalman_aggressive,-4818.241158636147,-0.768489772245059,-0.7746990319459536,5.273018890698736e-14,30,1,2025-10-22
MGM/NEM,MGM,NEM,kalman_aggressive,-626.0645761871847,-0.0580484755880794,-0.7746990319459536,0.00020490368114309084,32,1,2025-10-22
ODFL/NFLX,ODFL,NFLX,kalman_aggressive,-681.2438295327343,-0.08312456039959933,-0.7746990319459536,7.142960412746071e-05,38,1,2025-10-22
ODFL/MOS,ODFL,MOS,kalman_aggressive,723.5511618223394,0.10923352185640822,-0.7746990319459536,0.5107271966533795,28,1,2025-10-22
UNH/ULTA,UNH,ULTA,kalman_aggressive,-2972.028635431284,-0.4077300623546138,-0.7746990319459536,9.513064734754058e-12,34,1,2025-10-22
UNH/PLTR,UNH,PLTR,kalman_aggressive,8023.501803160725,0.63343889469999,-0.7746990319459536,0.9999999927254791,38,1,2025-10-22
CVS/GPN,CVS,GPN,kalman_aggressive,3189.133252482158,0.5229796258227245,-0.7746990319459536,0.9999941083457912,36,1,2025-10-22
CVS/FISV,CVS,FISV,kalman_aggressive,2687.957703521995,0.4535739469613797,-0.7746990319459536,0.9993175796597148,34,1,2025-10-22
PSX/ADBE,PSX,ADBE,kalman_aggressive,-2246.650678621736,-0.5071075020824679,-0.7746990319459536,4.649613471437649e-18,36,1,2025-10-22
STLD/INTU,STLD,INTU,weekly_aligned_windows,-1939.664956854449,-0.5036555287472859,-0.943056574683436,2.752129795999965e-18,66,1,2025-10-22
STLD/FMC,STLD,FMC,weekly_aligned_windows,-1771.189633164395,-0.40035162951077374,-0.943056574683436,3.2567315175047277e-20,70,1,2025-10-22
KLAC/TRMB,KLAC,TRMB,weekly_aligned_windows,-549.9206434550194,-0.16228373913623867,-0.943056574683436,0.00011199335792740134,60,1,2025-10-22
KLAC/NRG,KLAC,NRG,weekly_aligned_windows,16.67936829641803,0.004194541570471386,-0.943056574683436,0.022480268641017494,62,1,2025-10-22
VLO/UHS,VLO,UHS,weekly_aligned_windows,11.32736093407834,0.002791036686889179,-0.943056574683436,0.020934697557800502,62,1,2025-10-22
VLO/PYPL,VLO,PYPL,weekly_aligned_windows,931.943592910385,0.164143477389488,-0.943056574683436,0.8659763733091844,60,1,2025-10-22
MGM/JKHY,MGM,JKHY,weekly_aligned_windows,2834.217069844005,0.5100529876517891,-0.943056574683436,0.9999999985747356,64,1,2025-10-22
MGM/NEM,MGM,NEM,weekly_aligned_windows,608.9263200496734,0.10404122299578844,-0.943056574683436,0.4741053855632457,60,1,2025-10-22
ODFL/NFLX,ODFL,NFLX,weekly_aligned_windows,-3397.17369791494,-0.5358085465247439,-0.943056574683436,2.632126775401005e-10,64,1,2025-10-22
ODFL/MOS,ODFL,MOS,weekly_aligned_windows,-1110.485279758921,-0.27796141139205427,-0.943056574683436,3.735421449391602e-17,64,1,2025-10-22
UNH/ULTA,UNH,ULTA,weekly_aligned_windows,3668.605137404731,0.7344701087524209,-0.943056574683436,0.9999999999999856,70,1,2025-10-22
UNH/PLTR,UNH,PLTR,weekly_aligned_windows,1651.851253257682,0.13881032875217578,-0.943056574683436,0.6593665506313918,66,1,2025-10-22
CVS/GPN,CVS,GPN,weekly_aligned_windows,3793.067039920447,0.8462178205626265,-0.943056574683436,1.0,64,1,2025-10-22
CVS/FISV,CVS,FISV,weekly_aligned_windows,1490.125189960914,0.341023829954394,-0.943056574683436,0.9971822404664158,62,1,2025-10-22
PSX/ADBE,PSX,ADBE,weekly_aligned_windows,-6162.048805975906,-0.8607836601861251,-0.943056574683436,1.0440195624426138e-06,68,1,2025-10-22
STLD/INTU,STLD,INTU,monthly_aligned_windows,-894.3434986101602,-0.10205355796465478,-1.169817391410333,0.00018219159565643434,24,1,2025-10-22
STLD/FMC,STLD,FMC,monthly_aligned_windows,-570.6699583330994,-0.2528944936111571,-1.169817391410333,7.130417282357345e-11,22,1,2025-10-22
KLAC/TRMB,KLAC,TRMB,monthly_aligned_windows,-530.6060040737273,-0.25362881071040727,-1.169817391410333,3.4440022512311777e-09,24,1,2025-10-22
KLAC/NRG,KLAC,NRG,monthly_aligned_windows,546.4938802949991,0.13152420073184237,-1.169817391410333,0.6911701152745707,24,1,2025-10-22
VLO/UHS,VLO,UHS,monthly_aligned_windows,-3176.589159516688,-0.4503207144546559,-1.169817391410333,1.1040183155683623e-06,24,1,2025-10-22
VLO/PYPL,VLO,PYPL,monthly_aligned_windows,535.9486455385249,0.12761298359468148,-1.169817391410333,0.6374206989649513,24,1,2025-10-22
MGM/JKHY,MGM,JKHY,monthly_aligned_windows,1182.654845695607,0.3901650499727804,-1.169817391410333,0.9999931467986047,22,1,2025-10-22
MGM/NEM,MGM,NEM,monthly_aligned_windows,-6760.308569513829,-0.6952323323209282,-1.169817391410333,0.0004328444878943892,24,1,2025-10-22
ODFL/NFLX,ODFL,NFLX,monthly_aligned_windows,-1914.759894320266,-0.4725935414863049,-1.169817391410333,2.140800312117228e-10,24,1,2025-10-22
ODFL/MOS,ODFL,MOS,monthly_aligned_windows,3838.657594360621,0.35783419476411676,-1.169817391410333,0.999372418119046,24,1,2025-10-22
UNH/ULTA,UNH,ULTA,monthly_aligned_windows,-3752.775905133149,-0.791536037998672,-1.169817391410333,5.542800530205527e-09,24,1,2025-10-22
UNH/PLTR,UNH,PLTR,monthly_aligned_windows,5933.698732513431,0.7886369936614372,-1.169817391410333,0.9999999966772019,24,1,2025-10-22
CVS/GPN,CVS,GPN,monthly_aligned_windows,2360.485779715311,0.8559734452909035,-1.169817391410333,0.9999999999953174,22,1,2025-10-22
CVS/FISV,CVS,FISV,monthly_aligned_windows,2680.050157863761,0.7853962429761018,-1.169817391410333,0.9999989162973633,24,1,2025-10-22
PSX/ADBE,PSX,ADBE,monthly_aligned_windows,-3597.511266547842,-1.9625613206224728,-1.169817391410333,4.567989519061415e-11,24,1,2025-10-22
STLD/INTU,STLD,INTU,crash_tolerant,-3469.056592216109,-0.858824720538891,-1.380610050184901,1.120499951842625e-08,10,1,2025-10-22
STLD/FMC,STLD,FMC,crash_tolerant,989.2538276175374,0.3733798902188883,-1.380610050184901,0.9999829506908199,8,1,2025-10-22
KLAC/TRMB,KLAC,TRMB,crash_tolerant,861.1559999999927,0.33682822634976706,-1.380610050184901,0.9993787235744934,6,1,2025-10-22
KLAC/NRG,KLAC,NRG,crash_tolerant,-1233.854995469269,-0.8186652343647228,-1.380610050184901,0.004987144369776722,2,1,2025-10-22
VLO/UHS,VLO,UHS,crash_tolerant,933.2588865701333,0.6867862807850719,-1.380610050184901,0.994871312254203,4,1,2025-10-22
VLO/PYPL,VLO,PYPL,crash_tolerant,-2340.586562975285,-0.7475597149139915,-1.380610050184901,8.505014298696996e-15,6,1,2025-10-22
MGM/JKHY,MGM,JKHY,crash_tolerant,-561.4371913168029,-0.15744385867137772,-1.380610050184901,2.305475347568464e-06,6,1,2025-10-22
MGM/NEM,MGM,NEM,crash_tolerant,3016.112922319079,0.5209902406097408,-1.380610050184901,0.9999746187294788,8,1,2025-10-22
ODFL/NFLX,ODFL,NFLX,crash_tolerant,-9161.673551328775,-1.822465514388321,-1.380610050184901,2.1826875222588866e-07,8,1,2025-10-22
ODFL/MOS,ODFL,MOS,crash_tolerant,3301.691925881794,1.4010730194127567,-1.380610050184901,0.9999984901401775,4,1,2025-10-22
UNH/ULTA,UNH,ULTA,crash_tolerant,5447.276409864422,0.9774712021531926,-1.380610050184901,0.9999933893484295,14,1,2025-10-22
UNH/PLTR,UNH,PLTR,crash_tolerant,-1844.914918994836,-0.24510098821794382,-1.380610050184901,1.556561805573943e-16,16,1,2025-10-22
CVS/GPN,CVS,GPN,crash_tolerant,5666.005853980807,0.8724799909695835,-1.380610050184901,0.999999938246781,12,1,2025-10-22
CVS/FISV,CVS,FISV,crash_tolerant,-888.7797992764115,-0.2763764852306938,-1.380610050184901,3.8562647164815e-09,12,1,2025-10-22
PSX/ADBE,PSX,ADBE,crash_tolerant,-3207.764672651801,-1.4564395216757549,-1.380610050184901,1.0225889506368854e-15,10,1,2025-10-22
STLD/INTU,STLD,INTU,trend_leverage,-2432.130251118278,-0.8544123192994308,-1.4539852350898013,1.4670485454722295e-07,8,1,2025-10-22
STLD/FMC,STLD,FMC,trend_leverage,757.8028555631836,0.3813124270612362,-1.4539852350898013,0.9999865404396256,8,1,2025-10-22
KLAC/TRMB,KLAC,TRMB,trend_leverage,2525.858,1.41153658820824,-1.4539852350898013,0.9999039542012975,4,1,2025-10-22
KLAC/NRG,KLAC,NRG,trend_leverage,-1177.410088664775,-1.0101881423616939,-1.4539852350898013,0.003959233349664187,2,1,2025-10-22
VLO/UHS,VLO,UHS,trend_leverage,691.9278941457486,0.6823542040551311,-1.4539852350898013,0.9948920465294565,4,1,2025-10-22
VLO/PYPL,VLO,PYPL,trend_leverage,-2288.657046922759,-0.9394228439482254,-1.4539852350898013,1.4923394507654162e-15,6,1,2025-10-22
MGM/JKHY,MGM,JKHY,trend_leverage,-421.1657349484193,-0.15815115895087054,-1.4539852350898013,2.1978447283078346e-06,6,1,2025-10-22
MGM/NEM,MGM,NEM,trend_leverage,2250.58248496954,0.5194113928727642,-1.4539852350898013,0.9999726182550236,8,1,2025-10-22
ODFL/NFLX,ODFL,NFLX,trend_leverage,-10771.32315318013,-1.9150747720933317,-1.4539852350898013,1.8683892589281726e-12,8,1,2025-10-22
ODFL/MOS,ODFL,MOS,trend_leverage,2462.429463866403,1.406490717156655,-1.4539852350898013,0.9999985754144541,4,1,2025-10-22
UNH/ULTA,UNH,ULTA,trend_leverage,4013.542895722298,0.9727486195775763,-1.4539852350898013,0.9999937952278483,14,1,2025-10-22
UNH/PLTR,UNH,PLTR,trend_leverage,4632.524079454522,0.5773542792992189,-1.4539852350898013,0.9998124170244611,16,1,2025-10-22
CVS/GPN,CVS,GPN,trend_leverage,4233.035064493911,0.8735794944134412,-1.4539852350898013,0.9999999403534786,12,1,2025-10-22
CVS/FISV,CVS,FISV,trend_leverage,-2306.963894832467,-0.7737179643319748,-1.4539852350898013,5.414520757232835e-15,12,1,2025-10-22
PSX/ADBE,PSX,ADBE,trend_leverage,-2394.132443036477,-1.4545794441192583,-1.4539852350898013,1.110578483130735e-15,10,1,2025-10-22
STLD/INTU,STLD,INTU,short_term_tilt,-1070.778713803518,-0.4983335418546361,-1.539358439666248,2.220169932771396e-12,18,1,2025-10-22
STLD/FMC,STLD,FMC,short_term_tilt,625.5399570140381,0.4385366421407208,-1.539358439666248,0.9999958112734618,12,1,2025-10-22
KLAC/TRMB,KLAC,TRMB,short_term_tilt,1032.609999999999,1.3487900458287454,-1.539358439666248,0.9999990794232195,4,1,2025-10-22
KLAC/NRG,KLAC,NRG,short_term_tilt,-1622.194834140453,-0.8931012250503323,-1.539358439666248,0.0005843298368785096,6,1,2025-10-22
VLO/UHS,VLO,UHS,short_term_tilt,-407.7255618003263,-0.4511322799915805,-1.539358439666248,2.180547965514318e-09,6,1,2025-10-22
VLO/PYPL,VLO,PYPL,short_term_tilt,28.92117507791954,0.01996990556793634,-1.539358439666248,0.04766318439402478,8,1,2025-10-22
MGM/JKHY,MGM,JKHY,short_term_tilt,354.8679499094326,0.1603239952221289,-1.539358439666248,0.8176107451007488,10,1,2025-10-22
MGM/NEM,MGM,NEM,short_term_tilt,102.1305065883014,0.03542156592086816,-1.539358439666248,0.1025228877847606,16,1,2025-10-22
ODFL/NFLX,ODFL,NFLX,short_term_tilt,1761.657608225149,1.1222598419704188,-1.539358439666248,0.9999999647321562,8,1,2025-10-22
ODFL/MOS,ODFL,MOS,short_term_tilt,-687.2312022168587,-0.44421765061573304,-1.539358439666248,4.115200324369661e-15,12,1,2025-10-22
UNH/ULTA,UNH,ULTA,short_term_tilt,5258.304046902467,1.7196201300149268,-1.539358439666248,0.9999979894503045,12,1,2025-10-22
UNH/PLTR,UNH,PLTR,short_term_tilt,4059.484439010786,0.969303050866298,-1.539358439666248,0.9999574610625203,12,1,2025-10-22
CVS/GPN,CVS,GPN,short_term_tilt,-753.526316274508,-0.306504234292212,-1.539358439666248,9.75645906435839e-06,22,1,2025-10-22
CVS/FISV,CVS,FISV,short_term_tilt,2485.002255552667,1.7156963079311587,-1.539358439666248,0.9999999999895185,18,1,2025-10-22
PSX/ADBE,PSX,ADBE,short_term_tilt,-482.8568377299144,-0.4547239833847595,-1.539358439666248,3.3491708022860425e-12,8,1,2025-10-22
STLD/INTU,STLD,INTU,fast_rebalance,-860.0214417492718,-0.44021188564031893,-1.7188583467946794,1.383656164714345e-11,16,1,2025-10-22
STLD/FMC,STLD,FMC,fast_rebalance,857.7387541862272,0.6143553293401818,-1.7188583467946794,0.999999588180492,12,1,2025-10-22
KLAC/TRMB,KLAC,TRMB,fast_rebalance,892.5043163744955,0.881259859016159,-1.7188583467946794,0.9999998010732346,6,1,2025-10-22
KLAC/NRG,KLAC,NRG,fast_rebalance,-1622.194834140453,-0.8931012250503323,-1.7188583467946794,0.0005843298368785096,6,1,2025-10-22
VLO/UHS,VLO,UHS,fast_rebalance,-407.7255618003263,-0.4511322799915805,-1.7188583467946794,2.180547965514318e-09,6,1,2025-10-22
VLO/PYPL,VLO,PYPL,fast_rebalance,28.92117507791954,0.01996990556793634,-1.7188583467946794,0.04766318439402478,8,1,2025-10-22
MGM/JKHY,MGM,JKHY,fast_rebalance,349.5979499094324,0.1583657418286538,-1.7188583467946794,0.809424062173552,10,1,2025-10-22
MGM/NEM,MGM,NEM,fast_rebalance,98.70050658830155,0.03425687076040053,-1.7188583467946794,0.0982426612526845,16,1,2025-10-22
ODFL/NFLX,ODFL,NFLX,fast_rebalance,1751.880608225149,1.116463188070617,-1.7188583467946794,0.9999999634904022,8,1,2025-10-22
ODFL/MOS,ODFL,MOS,fast_rebalance,-685.7580803505186,-0.4434676848127996,-1.7188583467946794,4.296505481937669e-15,12,1,2025-10-22
UNH/ULTA,UNH,ULTA,fast_rebalance,4713.94916835286,1.5731128403678594,-1.7188583467946794,0.9999953428209668,12,1,2025-10-22
UNH/PLTR,UNH,PLTR,fast_rebalance,4060.735852603214,0.970675928251989,-1.7188583467946794,0.999957209001783,12,1,2025-10-22
CVS/GPN,CVS,GPN,fast_rebalance,-2220.237566831809,-0.9476528086443949,-1.7188583467946794,1.589093378973636e-05,20,1,2025-10-22
CVS/FISV,CVS,FISV,fast_rebalance,2472.162255552666,1.7094248974703319,-1.7188583467946794,0.9999999999883197,18,1,2025-10-22
PSX/ADBE,PSX,ADBE,fast_rebalance,-482.8568377299144,-0.4547239833847595,-1.7188583467946794,3.3491708022860425e-12,8,1,2025-10-22
STLD/INTU,STLD,INTU,beta_neutral,-943.4482629019076,-0.5835384963298574,-1.7851415929110437,1.9408056937886422e-16,5,1,2025-10-22
STLD/FMC,STLD,FMC,beta_neutral,607.4697757718424,0.2914133240968322,-1.7851415929110437,0.9992976595913031,10,1,2025-10-22
KLAC/TRMB,KLAC,TRMB,beta_neutral,1747.650000000001,1.36068220741073,-1.7851415929110437,0.9996534076579587,2,1,2025-10-22
KLAC/NRG,KLAC,NRG,beta_neutral,-1299.661550297395,-0.8186652343647229,-1.7851415929110437,0.004987144369776714,2,1,2025-10-22
VLO/UHS,VLO,UHS,beta_neutral,-40.89081506386879,-0.043224008136704024,-1.7851415929110437,0.0005376446231022044,4,1,2025-10-22
VLO/PYPL,VLO,PYPL,beta_neutral,-655.4803884881603,-0.3835416362604333,-1.7851415929110437,1.9340985313581748e-09,6,1,2025-10-22
MGM/JKHY,MGM,JKHY,beta_neutral,-33.26705633841908,-0.011172779298651335,-1.7851415929110437,0.008590513953372965,6,1,2025-10-22
MGM/NEM,MGM,NEM,beta_neutral,-128.9561093551769,-0.04829919759566527,-1.7851415929110437,0.0010071605007570235,8,1,2025-10-22
ODFL/NFLX,ODFL,NFLX,beta_neutral,-2234.470155955862,-1.3612603343728493,-1.7851415929110437,1.7143249452403065e-05,6,1,2025-10-22
ODFL/MOS,ODFL,MOS,beta_neutral,-763.0480217417954,-0.9798942564334295,-1.7851415929110437,0.0005522670281751477,4,1,2025-10-22
UNH/ULTA,UNH,ULTA,beta_neutral,3455.762597349599,1.1105658533202065,-1.7851415929110437,0.9999999087351699,11,1,2025-10-22
UNH/PLTR,UNH,PLTR,beta_neutral,7434.398915084011,1.3403865176829124,-1.7851415929110437,0.9999875753106613,15,1,2025-10-22
CVS/GPN,CVS,GPN,beta_neutral,1056.025888973231,0.5569665112864843,-1.7851415929110437,0.9999966254000602,7,1,2025-10-22
CVS/FISV,CVS,FISV,beta_neutral,-722.0322356405322,-0.4941534444366532,-1.7851415929110437,3.2966228817738144e-10,10,1,2025-10-22
PSX/ADBE,PSX,ADBE,beta_neutral,-1455.536784221758,-1.425916321586168,-1.7851415929110437,5.538295095277411e-14,12,1,2025-10-22
STLD/INTU,STLD,INTU,entry_filter_kalman,-1250.454503132148,-0.6482415218850262,-2.0038925297573935,4.617776404241311e-09,8,1,2025-10-22
STLD/FMC,STLD,FMC,entry_filter_kalman,542.1310961339473,0.404296283720943,-2.0038925297573935,0.9999954449488079,8,1,2025-10-22
KLAC/TRMB,KLAC,TRMB,entry_filter_kalman,759.923999999999,0.4827212722877129,-2.0038925297573935,0.9999890716184869,4,1,2025-10-22
KLAC/NRG,KLAC,NRG,entry_filter_kalman,-778.547859811428,-1.0148264794154305,-2.0038925297573935,0.0038438547838457213,2,1,2025-10-22
VLO/UHS,VLO,UHS,entry_filter_kalman,461.7234007511152,0.6781127249785682,-2.0038925297573935,0.994858622440741,4,1,2025-10-22
VLO/PYPL,VLO,PYPL,entry_filter_kalman,-462.3146979485066,-0.31596291478647753,-2.0038925297573935,4.8353052626506535e-12,6,1,2025-10-22
MGM/JKHY,MGM,JKHY,entry_filter_kalman,-434.8793317429119,-0.2418127655649775,-2.0038925297573935,1.2714845003646737e-07,6,1,2025-10-22
MGM/NEM,MGM,NEM,entry_filter_kalman,2778.734971837118,1.0209303369303901,-2.0038925297573935,0.9999999771917726,6,1,2025-10-22
ODFL/NFLX,ODFL,NFLX,entry_filter_kalman,-5911.084223637545,-1.749269804078633,-2.0038925297573935,1.863046464394218e-11,8,1,2025-10-22
ODFL/MOS,ODFL,MOS,entry_filter_kalman,1192.705620533487,0.9479306048305463,-2.0038925297573935,0.9999812804854338,4,1,2025-10-22
UNH/ULTA,UNH,ULTA,entry_filter_kalman,3706.872437335193,1.199086801089533,-2.0038925297573935,0.9999998866596529,10,1,2025-10-22
UNH/PLTR,UNH,PLTR,entry_filter_kalman,230.5438080588931,0.04247156855202002,-2.0038925297573935,0.1110492440279231,16,1,2025-10-22
CVS/GPN,CVS,GPN,entry_filter_kalman,4752.065299640151,1.5971503565310263,-2.0038925297573935,0.999999994958608,8,1,2025-10-22
CVS/FISV,CVS,FISV,entry_filter_kalman,-1623.13521392697,-0.8255205060277753,-2.0038925297573935,3.3926785223945966e-14,12,1,2025-10-22
PSX/ADBE,PSX,ADBE,entry_filter_kalman,-1577.152722193695,-1.4236406146947194,-2.0038925297573935,1.7358141119152704e-15,10,1,2025-10-22
STLD/INTU,STLD,INTU,entry_threshold_strong,-1250.454503132148,-0.6482415218850262,-2.006284742938981,4.617776404241311e-09,8,1,2025-10-22
STLD/FMC,STLD,FMC,entry_threshold_strong,549.5380936742093,0.40877670813149314,-2.006284742938981,0.9999949648604232,8,1,2025-10-22
KLAC/TRMB,KLAC,TRMB,entry_threshold_strong,721.370999999998,0.468705650320224,-2.006284742938981,0.9999854197545788,4,1,2025-10-22
KLAC/NRG,KLAC,NRG,entry_threshold_strong,-785.8505753470722,-1.0084861971851748,-2.006284742938981,0.00400067269584212,2,1,2025-10-22
VLO/UHS,VLO,UHS,entry_threshold_strong,465.7604015403811,0.6854915572671471,-2.006284742938981,0.9948506799571948,4,1,2025-10-22
VLO/PYPL,VLO,PYPL,entry_threshold_strong,-488.0146979485069,-0.33507671734411587,-2.006284742938981,1.5121944342018772e-12,6,1,2025-10-22
MGM/JKHY,MGM,JKHY,entry_threshold_strong,-428.3393317429108,-0.23606391469537152,-2.006284742938981,1.4913430948270478e-07,6,1,2025-10-22
MGM/NEM,MGM,NEM,entry_threshold_strong,2784.374971837116,1.0204438559095503,-2.006284742938981,0.9999999780238307,6,1,2025-10-22
ODFL/NFLX,ODFL,NFLX,entry_threshold_strong,-5910.735542617713,-1.751480267142793,-2.006284742938981,1.3084247465497866e-11,8,1,2025-10-22
ODFL/MOS,ODFL,MOS,entry_threshold_strong,1088.684985331302,0.8457450809639961,-2.006284742938981,0.9999599225888,4,1,2025-10-22
UNH/ULTA,UNH,ULTA,entry_threshold_strong,3706.872437335193,1.199086801089533,-2.006284742938981,0.9999998866596529,10,1,2025-10-22
UNH/PLTR,UNH,PLTR,entry_threshold_strong,317.8728199981215,0.05853663854480089,-2.006284742938981,0.18182681989779637,16,1,2025-10-22
CVS/GPN,CVS,GPN,entry_threshold_strong,4745.840481412672,1.5954698013635098,-2.006284742938981,0.9999999965574048,8,1,2025-10-22
CVS/FISV,CVS,FISV,entry_threshold_strong,-1646.198484025123,-0.8359115837379556,-2.006284742938981,2.1706909816517805e-14,12,1,2025-10-22
PSX/ADBE,PSX,ADBE,entry_threshold_strong,-1576.657606596169,-1.4299400665097337,-2.006284742938981,1.5316803804153118e-15,10,1,2025-10-22
STLD/INTU,STLD,INTU,no_reversal_protection,-943.5314556813032,-0.46409381184764364,-2.186148598781569,1.1021683674550561e-11,10,1,2025-10-22
STLD/FMC,STLD,FMC,no_reversal_protection,1709.457939429626,0.8491854890346943,-2.186148598781569,0.999999996185768,8,1,2025-10-22
KLAC/TRMB,KLAC,TRMB,no_reversal_protection,433.1589999999959,0.3411309995974392,-2.186148598781569,0.9994320262265948,6,1,2025-10-22
KLAC/NRG,KLAC,NRG,no_reversal_protection,-615.1194429746565,-0.8186652343647229,-2.186148598781569,0.004987144369776714,2,1,2025-10-22
VLO/UHS,VLO,UHS,no_reversal_protection,819.037404583981,0.6475820981831143,-2.186148598781569,0.9999893859980422,4,1,2025-10-22
VLO/PYPL,VLO,PYPL,no_reversal_protection,-1166.074697948506,-0.7463917954378357,-2.186148598781569,8.727619540436562e-15,6,1,2025-10-22
MGM/JKHY,MGM,JKHY,no_reversal_protection,157.9945877942162,0.08102424172445313,-2.186148598781569,0.31532241607915357,6,1,2025-10-22
MGM/NEM,MGM,NEM,no_reversal_protection,947.9704640851886,0.32132665891005735,-2.186148598781569,0.9973490342337457,8,1,2025-10-22
ODFL/NFLX,ODFL,NFLX,no_reversal_protection,-5956.645352421017,-1.6279173422487514,-2.186148598781569,2.1869234868890707e-12,8,1,2025-10-22
ODFL/MOS,ODFL,MOS,no_reversal_protection,910.8753464528861,0.6663747697757936,-2.186148598781569,0.9999995762360712,4,1,2025-10-22
UNH/ULTA,UNH,ULTA,no_reversal_protection,3864.087639457363,1.2255952903420904,-2.186148598781569,0.9999999943655534,12,1,2025-10-22
UNH/PLTR,UNH,PLTR,no_reversal_protection,-686.7064365907727,-0.14831460720827133,-2.186148598781569,1.2440440233148641e-11,14,1,2025-10-22
CVS/GPN,CVS,GPN,no_reversal_protection,4127.454295511846,1.4768538147547585,-2.186148598781569,0.9999992312407896,10,1,2025-10-22
CVS/FISV,CVS,FISV,no_reversal_protection,-5788.158236328589,-1.1771205396873319,-2.186148598781569,3.3726172403111625e-05,12,1,2025-10-22
PSX/ADBE,PSX,ADBE,no_reversal_protection,-1443.625236938003,-1.1300407501250258,-2.186148598781569,1.5114459163323094e-18,10,1,2025-10-22
STLD/INTU,STLD,INTU,slow_rebalance,-144.9763007901433,-0.07690094922446974,-2.202822665054688,1.8179008610990986e-05,8,1,2025-10-22
STLD/FMC,STLD,FMC,slow_rebalance,2122.927571651355,1.3552806719526014,-2.202822665054688,0.9999999156337338,4,1,2025-10-22
KLAC/TRMB,KLAC,TRMB,slow_rebalance,841.7879999999998,0.5422877363383695,-2.202822665054688,0.999996355216731,4,1,2025-10-22
KLAC/NRG,KLAC,NRG,slow_rebalance,-1017.277133150108,-0.9547283739869437,-2.202822665054688,5.129078258708266e-07,4,1,2025-10-22
VLO/UHS,VLO,UHS,slow_rebalance,-295.8274732342356,-0.21819698169234208,-2.202822665054688,3.9758318150030884e-07,6,1,2025-10-22
VLO/PYPL,VLO,PYPL,slow_rebalance,383.3453020514928,0.21573576216903279,-2.202822665054688,0.9436975478322843,6,1,2025-10-22
MGM/JKHY,MGM,JKHY,slow_rebalance,28.16908053211282,0.029153459404668323,-2.202822665054688,0.05995828409817774,4,1,2025-10-22
MGM/NEM,MGM,NEM,slow_rebalance,432.2434598420331,0.18234684391474643,-2.202822665054688,0.857671306942747,8,1,2025-10-22
ODFL/NFLX,ODFL,NFLX,slow_rebalance,-2550.758911155811,-1.4173492225811863,-2.202822665054688,0.0012280489408566704,8,1,2025-10-22
ODFL/MOS,ODFL,MOS,slow_rebalance,476.3309768269012,0.2833643631123571,-2.202822665054688,0.9723717807015052,6,1,2025-10-22
UNH/ULTA,UNH,ULTA,slow_rebalance,2555.150090947394,1.2568243582462986,-2.202822665054688,0.9999999576030743,8,1,2025-10-22
UNH/PLTR,UNH,PLTR,slow_rebalance,-4238.481394532108,-0.6859717492725507,-2.202822665054688,1.2103294151004155e-09,12,1,2025-10-22
CVS/GPN,CVS,GPN,slow_rebalance,3385.624901676299,1.0744183116881723,-2.202822665054688,0.9999999606445699,6,1,2025-10-22
CVS/FISV,CVS,FISV,slow_rebalance,-2917.126042697128,-0.8898737518459958,-2.202822665054688,2.967071150989245e-13,10,1,2025-10-22
PSX/ADBE,PSX,ADBE,slow_rebalance,-636.6767744855875,-0.30006596491799276,-2.202822665054688,2.989579495808609e-05,10,1,2025-10-22
STLD/INTU,STLD,INTU,balanced,-1286.557816028836,-0.7816936929517444,-2.3430625480660923,5.601214358941603e-06,6,1,2025-10-22
STLD/FMC,STLD,FMC,balanced,-82.44048061537785,-0.05081616999750261,-2.3430625480660923,0.0015146382321498796,10,1,2025-10-22
KLAC/TRMB,KLAC,TRMB,balanced,1294.469000000003,1.1775551252993743,-2.3430625480660923,0.9992474139508679,2,1,2025-10-22
KLAC/NRG,KLAC,NRG,balanced,-786.7703844032272,-1.010434364594851,-2.3430625480660923,0.003953197805019319,2,1,2025-10-22
VLO/UHS,VLO,UHS,balanced,467.4984850297507,0.6880793841661836,-2.3430625480660923,0.9948919283000953,4,1,2025-10-22
VLO/PYPL,VLO,PYPL,balanced,-1534.711865026776,-0.9425861951209384,-2.3430625480660923,1.678177858565857e-15,6,1,2025-10-22
MGM/JKHY,MGM,JKHY,balanced,-282.149331742911,-0.15790318157173058,-2.3430625480660923,2.2492896080641346e-06,6,1,2025-10-22
MGM/NEM,MGM,NEM,balanced,1477.148753693202,0.49349955552407204,-2.3430625480660923,0.9999790453076925,10,1,2025-10-22
ODFL/NFLX,ODFL,NFLX,balanced,-2911.871159767305,-1.4302017751159666,-2.3430625480660923,0.00018642133658404805,6,1,2025-10-22
ODFL/MOS,ODFL,MOS,balanced,869.0264678296066,0.7408917890239887,-2.3430625480660923,0.9995221236176886,4,1,2025-10-22
UNH/ULTA,UNH,ULTA,balanced,2789.123335021071,1.0015449006755943,-2.3430625480660923,0.9999931747331626,12,1,2025-10-22
UNH/PLTR,UNH,PLTR,balanced,3102.277272631857,0.5782766097590474,-2.3430625480660923,0.9998185141339563,16,1,2025-10-22
CVS/GPN,CVS,GPN,balanced,1810.674510268557,0.9875908990519728,-2.3430625480660923,0.999999572287904,8,1,2025-10-22
CVS/FISV,CVS,FISV,balanced,-1294.061595855158,-0.6582919884536752,-2.3430625480660923,5.7855806154141586e-15,12,1,2025-10-22
PSX/ADBE,PSX,ADBE,balanced,-1656.654356786002,-1.5001567633093384,-2.3430625480660923,1.7607501445736268e-15,12,1,2025-10-22
STLD/INTU,STLD,INTU,raw_momentum,-731.7227656030492,-0.5146238643524822,-2.4161578337782017,7.922463521946054e-05,4,1,2025-10-22
STLD/FMC,STLD,FMC,raw_momentum,211.1339921813138,0.15530422534757957,-2.4161578337782017,0.8623349387462844,8,1,2025-10-22
KLAC/TRMB,KLAC,TRMB,raw_momentum,1309.408000000003,1.181988731299371,-2.4161578337782017,0.9992555958371505,2,1,2025-10-22
KLAC/NRG,KLAC,NRG,raw_momentum,-614.071058459039,-0.818665234364723,-2.4161578337782017,0.004987144369776722,2,1,2025-10-22
VLO/UHS,VLO,UHS,raw_momentum,231.1052609780634,0.3497044684609129,-2.4161578337782017,0.9510392981273301,4,1,2025-10-22
VLO/PYPL,VLO,PYPL,raw_momentum,-167.3199999999988,-0.1263317391581534,-2.4161578337782017,1.8136913903000415e-06,4,1,2025-10-22
MGM/JKHY,MGM,JKHY,raw_momentum,31.91062439472773,0.018095741222132488,-2.4161578337782017,0.0439639822563424,4,1,2025-10-22
MGM/NEM,MGM,NEM,raw_momentum,2186.109819575152,0.7674394609446187,-2.4161578337782017,0.9999989766108577,6,1,2025-10-22
ODFL/NFLX,ODFL,NFLX,raw_momentum,-2003.012426707826,-1.0372791887252193,-2.4161578337782017,0.00035752165759410647,4,1,2025-10-22
ODFL/MOS,ODFL,MOS,raw_momentum,-350.1030795061607,-0.4645906333885758,-2.4161578337782017,6.534047841555485e-05,4,1,2025-10-22
UNH/ULTA,UNH,ULTA,raw_momentum,2629.287921925389,0.9427249018318822,-2.4161578337782017,0.9999937535987447,14,1,2025-10-22
UNH/PLTR,UNH,PLTR,raw_momentum,-2289.642879939674,-0.5064891044379612,-2.4161578337782017,8.251873536028177e-15,16,1,2025-10-22
CVS/GPN,CVS,GPN,raw_momentum,2836.151883579697,1.3033535846260416,-2.4161578337782017,0.9999900315543916,6,1,2025-10-22
CVS/FISV,CVS,FISV,raw_momentum,824.5168469413123,0.4858486255953698,-2.4161578337782017,0.9999515581742666,10,1,2025-10-22
PSX/ADBE,PSX,ADBE,raw_momentum,-1025.635691957018,-0.9829650612516941,-2.4161578337782017,5.81526294767367e-14,8,1,2025-10-22
STLD/INTU,STLD,INTU,raw_momentum_kalman,-1053.189939835663,-0.6236802847751308,-2.4414078052236325,2.4571479938384467e-06,6,1,2025-10-22
STLD/FMC,STLD,FMC,raw_momentum_kalman,386.788202497014,0.30380481114843205,-2.4414078052236325,0.9997662438197704,8,1,2025-10-22
KLAC/TRMB,KLAC,TRMB,raw_momentum_kalman,1340.996000000002,1.2009484349828505,-2.4414078052236325,0.9992926219927285,2,1,2025-10-22
KLAC/NRG,KLAC,NRG,raw_momentum_kalman,-603.6936858722748,-0.8186652343647229,-2.4414078052236325,0.004987144369776714,2,1,2025-10-22
VLO/UHS,VLO,UHS,raw_momentum_kalman,227.9586907268368,0.34471263886797954,-2.4414078052236325,0.9495221914666723,4,1,2025-10-22
VLO/PYPL,VLO,PYPL,raw_momentum_kalman,-146.7099999999987,-0.11048466373455305,-2.4414078052236325,7.710945910275213e-06,4,1,2025-10-22
MGM/JKHY,MGM,JKHY,raw_momentum_kalman,25.78260032927278,0.014735788691817056,-2.4414078052236325,0.03759945626165194,4,1,2025-10-22
MGM/NEM,MGM,NEM,raw_momentum_kalman,2190.984583028426,0.7653909617690056,-2.4414078052236325,0.9999987324347147,6,1,2025-10-22
ODFL/NFLX,ODFL,NFLX,raw_momentum_kalman,-1972.546387567379,-1.0325065266408664,-2.4414078052236325,0.00035160175771216243,4,1,2025-10-22
ODFL/MOS,ODFL,MOS,raw_momentum_kalman,-322.4387551112271,-0.4454801679372259,-2.4414078052236325,4.0831619154043224e-05,4,1,2025-10-22
UNH/ULTA,UNH,ULTA,raw_momentum_kalman,2629.287921925389,0.9427249018318822,-2.4414078052236325,0.9999937535987447,14,1,2025-10-22
UNH/PLTR,UNH,PLTR,raw_momentum_kalman,-2042.044719559232,-0.44712958796339203,-2.4414078052236325,1.9739507161433956e-16,16,1,2025-10-22
CVS/GPN,CVS,GPN,raw_momentum_kalman,2005.469831752556,1.1109736883615329,-2.4414078052236325,0.9999995256170051,6,1,2025-10-22
CVS/FISV,CVS,FISV,raw_momentum_kalman,822.5407758233746,0.4840414295939014,-2.4414078052236325,0.999948169286847,10,1,2025-10-22
PSX/ADBE,PSX,ADBE,raw_momentum_kalman,-1025.526766525562,-0.9828774295086183,-2.4414078052236325,5.82289528750247e-14,8,1,2025-10-22
STLD/INTU,STLD,INTU,no_skip_month,-1213.468618091333,-0.6315164374414086,-2.5489057746581194,4.7174775410660385e-09,8,1,2025-10-22
STLD/FMC,STLD,FMC,no_skip_month,-635.1745289271471,-0.3878434738074401,-2.5489057746581194,1.6587796950549282e-09,12,1,2025-10-22
KLAC/TRMB,KLAC,TRMB,no_skip_month,-1639.450142852126,-0.7310526193495714,-2.5489057746581194,1.0001298708488773e-06,8,1,2025-10-22
KLAC/NRG,KLAC,NRG,no_skip_month,-3943.067699592294,-1.1951072894469856,-2.5489057746581194,0.001266494697974985,4,1,2025-10-22
VLO/UHS,VLO,UHS,no_skip_month,467.4984850297507,0.6880793841661836,-2.5489057746581194,0.9948919283000953,4,1,2025-10-22
VLO/PYPL,VLO,PYPL,no_skip_month,-1166.314697948506,-0.7471148581764718,-2.5489057746581194,9.258181586057066e-15,6,1,2025-10-22
MGM/JKHY,MGM,JKHY,no_skip_month,-279.1123026454887,-0.1569378720325863,-2.5489057746581194,2.39676875183888e-06,6,1,2025-10-22
MGM/NEM,MGM,NEM,no_skip_month,1007.198950325521,0.3440164877111967,-2.5489057746581194,0.9986700505396451,10,1,2025-10-22
ODFL/NFLX,ODFL,NFLX,no_skip_month,-2017.14549406689,-1.6460857812913678,-2.5489057746581194,2.143578252156929e-12,8,1,2025-10-22
ODFL/MOS,ODFL,MOS,no_skip_month,586.2933677767817,0.47096521340749953,-2.5489057746581194,0.999067544605688,4,1,2025-10-22
UNH/ULTA,UNH,ULTA,no_skip_month,-2723.301475203069,-0.5075536992114482,-2.5489057746581194,4.882907524725197e-14,20,1,2025-10-22
UNH/PLTR,UNH,PLTR,no_skip_month,481.129088834237,0.1294407692243544,-2.5489057746581194,0.6393626480369912,16,1,2025-10-22
CVS/GPN,CVS,GPN,no_skip_month,4072.497368529959,1.1281917301305195,-2.5489057746581194,0.9999999999265459,16,1,2025-10-22
CVS/FISV,CVS,FISV,no_skip_month,1505.402569140178,0.9090140722080498,-2.5489057746581194,0.999999999969426,14,1,2025-10-22
PSX/ADBE,PSX,ADBE,no_skip_month,-1545.134739968213,-1.4003779141183565,-2.5489057746581194,2.594571769140197e-16,12,1,2025-10-22
STLD/INTU,STLD,INTU,uniform_weights,-1613.863892911218,-0.8602683946703473,-2.5608287380688743,1.0602339949867617e-07,8,1,2025-10-22
STLD/FMC,STLD,FMC,uniform_weights,495.6065486942547,0.37529307145135415,-2.5608287380688743,0.9999836436660475,8,1,2025-10-22
KLAC/TRMB,KLAC,TRMB,uniform_weights,1677.436,1.4110612697773535,-2.5608287380688743,0.9999036974360448,4,1,2025-10-22
KLAC/NRG,KLAC,NRG,uniform_weights,-615.1194429746565,-0.8186652343647229,-2.5608287380688743,0.004987144369776714,2,1,2025-10-22
VLO/UHS,VLO,UHS,uniform_weights,467.4984850297507,0.6880793841661836,-2.5608287380688743,0.9948919283000953,4,1,2025-10-22
VLO/PYPL,VLO,PYPL,uniform_weights,-1166.074697948506,-0.7463917954378357,-2.5608287380688743,8.727619540436562e-15,6,1,2025-10-22
MGM/JKHY,MGM,JKHY,uniform_weights,-279.3223026454887,-0.15692528346412962,-2.5608287380688743,2.3890322869586756e-06,6,1,2025-10-22
MGM/NEM,MGM,NEM,uniform_weights,1928.672363613718,0.6502003081634611,-2.5608287380688743,0.999999157589612,8,1,2025-10-22
ODFL/NFLX,ODFL,NFLX,uniform_weights,-6221.320352421018,-1.7439828299552482,-2.5608287380688743,3.071561101614678e-11,8,1,2025-10-22
ODFL/MOS,ODFL,MOS,uniform_weights,1380.52544956319,1.2117652810912827,-2.5608287380688743,0.9999971051025728,4,1,2025-10-22
UNH/ULTA,UNH,ULTA,uniform_weights,2789.123335021071,1.0015449006755943,-2.5608287380688743,0.9999931747331626,12,1,2025-10-22
UNH/PLTR,UNH,PLTR,uniform_weights,-2252.362879939673,-0.49956676423654883,-2.5608287380688743,8.338306262591092e-15,16,1,2025-10-22
CVS/GPN,CVS,GPN,uniform_weights,2835.251483826473,0.8748030155097897,-2.5608287380688743,0.9999999394085185,12,1,2025-10-22
CVS/FISV,CVS,FISV,uniform_weights,-762.0657431101292,-0.43796671808869775,-2.5608287380688743,3.656133732648541e-13,12,1,2025-10-22
PSX/ADBE,PSX,ADBE,uniform_weights,-1591.614125645342,-1.4579823627540447,-2.5608287380688743,1.0922521730022839e-15,10,1,2025-10-22
STLD/INTU,STLD,INTU,kalman_hedge,-1663.717432650759,-0.8434806173432929,-2.6666053819557103,7.387216135585644e-09,10,1,2025-10-22
STLD/FMC,STLD,FMC,kalman_hedge,441.1295511539926,0.33737125913102195,-2.6666053819557103,0.9999483822915373,8,1,2025-10-22
KLAC/TRMB,KLAC,TRMB,kalman_hedge,465.2669999999965,0.36044418552095686,-2.6666053819557103,0.9996027676582256,6,1,2025-10-22
KLAC/NRG,KLAC,NRG,kalman_hedge,-603.6936858722748,-0.8186652343647229,-2.6666053819557103,0.004987144369776714,2,1,2025-10-22
VLO/UHS,VLO,UHS,kalman_hedge,453.3940374033601,0.6788789269862404,-2.6666053819557103,0.9949020444913652,4,1,2025-10-22
VLO/PYPL,VLO,PYPL,kalman_hedge,-1143.364697948508,-0.7331645094939309,-2.6666053819557103,1.1848107168288063e-14,6,1,2025-10-22
MGM/JKHY,MGM,JKHY,kalman_hedge,-282.1823026454898,-0.15959289246226954,-2.6666053819557103,2.185899362260699e-06,6,1,2025-10-22
MGM/NEM,MGM,NEM,kalman_hedge,1513.549778478173,0.5226646495114167,-2.6666053819557103,0.9999736728172091,8,1,2025-10-22
ODFL/NFLX,ODFL,NFLX,kalman_hedge,-6241.656280525466,-1.7483986534244464,-2.6666053819557103,3.471252631039643e-11,8,1,2025-10-22
ODFL/MOS,ODFL,MOS,kalman_hedge,1677.907932811524,1.4558451298480373,-2.6666053819557103,0.9999989155801782,4,1,2025-10-22
UNH/ULTA,UNH,ULTA,kalman_hedge,2724.227114847185,0.977770204163604,-2.6666053819557103,0.9999933786784583,14,1,2025-10-22
UNH/PLTR,UNH,PLTR,kalman_hedge,-2034.574719559233,-0.4467249370550102,-2.6666053819557103,2.4548331459198886e-16,16,1,2025-10-22
CVS/GPN,CVS,GPN,kalman_hedge,2786.448506364634,0.8942927053026942,-2.6666053819557103,0.999999959791302,12,1,2025-10-22
CVS/FISV,CVS,FISV,kalman_hedge,-735.3354694428695,-0.4243639566221977,-2.6666053819557103,7.176047394893996e-13,12,1,2025-10-22
PSX/ADBE,PSX,ADBE,kalman_hedge,-1596.620547006463,-1.4526462531679916,-2.6666053819557103,1.2598876722394105e-15,10,1,2025-10-22
STLD/INTU,STLD,INTU,vol_weighted_sizing,-1663.717432650759,-0.8434806173432929,-2.668525727712262,7.387216135585644e-09,10,1,2025-10-22
STLD/FMC,STLD,FMC,vol_weighted_sizing,495.6065486942547,0.37529307145135415,-2.668525727712262,0.9999836436660475,8,1,2025-10-22
KLAC/TRMB,KLAC,TRMB,vol_weighted_sizing,433.1589999999959,0.3411309995974392,-2.668525727712262,0.9994320262265948,6,1,2025-10-22
KLAC/NRG,KLAC,NRG,vol_weighted_sizing,-615.1194429746565,-0.8186652343647229,-2.668525727712262,0.004987144369776714,2,1,2025-10-22
VLO/UHS,VLO,UHS,vol_weighted_sizing,467.4984850297507,0.6880793841661836,-2.668525727712262,0.9948919283000953,4,1,2025-10-22
VLO/PYPL,VLO,PYPL,vol_weighted_sizing,-1166.074697948506,-0.7463917954378357,-2.668525727712262,8.727619540436562e-15,6,1,2025-10-22
MGM/JKHY,MGM,JKHY,vol_weighted_sizing,-279.3223026454887,-0.15692528346412962,-2.668525727712262,2.3890322869586756e-06,6,1,2025-10-22
MGM/NEM,MGM,NEM,vol_weighted_sizing,1510.320705039662,0.5242375620674784,-2.668525727712262,0.9999781645278669,8,1,2025-10-22
ODFL/NFLX,ODFL,NFLX,vol_weighted_sizing,-6221.320352421018,-1.7439828299552482,-2.668525727712262,3.071561101614678e-11,8,1,2025-10-22
ODFL/MOS,ODFL,MOS,vol_weighted_sizing,1652.963691054764,1.4024949716257837,-2.668525727712262,0.9999985017636174,4,1,2025-10-22
UNH/ULTA,UNH,ULTA,vol_weighted_sizing,2726.582513555054,0.9786314517048832,-2.668525727712262,0.9999933720840551,14,1,2025-10-22
UNH/PLTR,UNH,PLTR,vol_weighted_sizing,-2252.362879939673,-0.49956676423654883,-2.668525727712262,8.338306262591092e-15,16,1,2025-10-22
CVS/GPN,CVS,GPN,vol_weighted_sizing,2834.701483826473,0.8746317143529152,-2.668525727712262,0.9999999394045623,12,1,2025-10-22
CVS/FISV,CVS,FISV,vol_weighted_sizing,-762.0657431101292,-0.43796671808869775,-2.668525727712262,3.656133732648541e-13,12,1,2025-10-22
PSX/ADBE,PSX,ADBE,vol_weighted_sizing,-1591.614125645342,-1.4579823627540447,-2.668525727712262,1.0922521730022839e-15,10,1,2025-10-22
STLD/INTU,STLD,INTU,default,-1286.37846407031,-0.7815454376492417,-2.778732695499716,5.587945213664775e-06,6,1,2025-10-22
STLD/FMC,STLD,FMC,default,-193.165459899825,-0.12099919567775543,-2.778732695499716,3.524059146398339e-05,10,1,2025-10-22
KLAC/TRMB,KLAC,TRMB,default,1294.469000000003,1.1775551252993743,-2.778732695499716,0.9992474139508679,2,1,2025-10-22
KLAC/NRG,KLAC,NRG,default,-614.071058459039,-0.818665234364723,-2.778732695499716,0.004987144369776722,2,1,2025-10-22
VLO/UHS,VLO,UHS,default,467.4984850297507,0.6880793841661836,-2.778732695499716,0.9948919283000953,4,1,2025-10-22
VLO/PYPL,VLO,PYPL,default,-1174.751865026777,-0.74944551649774,-2.778732695499716,8.795992173777912e-15,6,1,2025-10-22
MGM/JKHY,MGM,JKHY,default,-281.9393317429111,-0.15791666435246635,-2.778732695499716,2.2565720985013905e-06,6,1,2025-10-22
MGM/NEM,MGM,NEM,default,1224.395798566244,0.42269289675058713,-2.778732695499716,0.9997391626051753,8,1,2025-10-22
ODFL/NFLX,ODFL,NFLX,default,-1461.422498449371,-1.370676071066453,-2.778732695499716,2.1767216746750022e-08,6,1,2025-10-22
ODFL/MOS,ODFL,MOS,default,869.0264678296066,0.7408917890239887,-2.778732695499716,0.9995221236176886,4,1,2025-10-22
UNH/ULTA,UNH,ULTA,default,2789.123335021071,1.0015449006755943,-2.778732695499716,0.9999931747331626,12,1,2025-10-22
UNH/PLTR,UNH,PLTR,default,-2273.672879939675,-0.5035163004219009,-2.778732695499716,8.292712918051144e-15,16,1,2025-10-22
CVS/GPN,CVS,GPN,default,1810.674510268557,0.9875908990519728,-2.778732695499716,0.999999572287904,8,1,2025-10-22
CVS/FISV,CVS,FISV,default,615.7200633286412,0.4047290175915213,-2.778732695499716,0.9988754066423196,8,1,2025-10-22
PSX/ADBE,PSX,ADBE,default,-1656.654356786002,-1.5001567633093384,-2.778732695499716,1.7607501445736268e-15,12,1,2025-10-22
STLD/INTU,STLD,INTU,fast_strict,-355.8422584550234,-0.3417452313751203,-2.940463527189126,6.667595279950263e-10,16,1,2025-10-22
STLD/FMC,STLD,FMC,fast_strict,855.7807978044392,0.822767126578224,-2.940463527189126,0.9999997465557792,14,1,2025-10-22
KLAC/TRMB,KLAC,TRMB,fast_strict,778.8152726338814,1.3509972569594932,-2.940463527189126,0.9999994707352338,6,1,2025-10-22
KLAC/NRG,KLAC,NRG,fast_strict,-1209.089685742669,-0.8964102846256716,-2.940463527189126,0.000567364381694759,6,1,2025-10-22
VLO/UHS,VLO,UHS,fast_strict,-222.178145768749,-0.3346889735951482,-2.940463527189126,1.5342165728935025e-10,6,1,2025-10-22
VLO/PYPL,VLO,PYPL,fast_strict,32.37773005788449,0.030105416519387206,-2.940463527189126,0.0718519182971879,8,1,2025-10-22
MGM/JKHY,MGM,JKHY,fast_strict,-385.8560624356468,-0.254351196601115,-2.940463527189126,1.1441822686167809e-07,10,1,2025-10-22
MGM/NEM,MGM,NEM,fast_strict,-1278.478206670263,-0.49858221593339386,-2.940463527189126,3.1688054748974503e-10,18,1,2025-10-22
ODFL/NFLX,ODFL,NFLX,fast_strict,1141.496994098828,0.9821038302589998,-2.940463527189126,0.9999999276939505,8,1,2025-10-22
ODFL/MOS,ODFL,MOS,fast_strict,-247.1875861509102,-0.2203195108316142,-2.940463527189126,2.8958341771318473e-10,12,1,2025-10-22
UNH/ULTA,UNH,ULTA,fast_strict,3118.659979655285,1.4245757565007329,-2.940463527189126,0.999988430411359,12,1,2025-10-22
UNH/PLTR,UNH,PLTR,fast_strict,2618.356721887644,0.8434349098433693,-2.940463527189126,0.9999269997339056,12,1,2025-10-22
CVS/GPN,CVS,GPN,fast_strict,-963.8702676790108,-0.5398490803279816,-2.940463527189126,9.898290179729257e-06,20,1,2025-10-22
CVS/FISV,CVS,FISV,fast_strict,714.6238706657533,0.8989504289649848,-2.940463527189126,1.0,18,1,2025-10-22
PSX/ADBE,PSX,ADBE,fast_strict,-523.7976795836615,-0.8075156006515627,-2.940463527189126,4.6966544134425634e-11,10,1,2025-10-22
STLD/INTU,STLD,INTU,let_profits_run,-107.6480180219866,-0.13237554456296463,-3.076919577575409,4.429517473835283e-06,4,1,2025-10-22
STLD/FMC,STLD,FMC,let_profits_run,1795.116802899988,1.5094805341713744,-3.076919577575409,0.9999915414135759,2,1,2025-10-22
KLAC/TRMB,KLAC,TRMB,let_profits_run,383.5169999999988,0.8280223531087529,-3.076919577575409,0.9998381565204394,2,1,2025-10-22
KLAC/NRG,KLAC,NRG,let_profits_run,-906.8437921498049,-0.5631176908236719,-3.076919577575409,2.6625196345012534e-11,2,1,2025-10-22
VLO/UHS,VLO,UHS,let_profits_run,-87.97950909559836,-0.05087724865152156,-3.076919577575409,0.0011992417459300584,4,1,2025-10-22
VLO/PYPL,VLO,PYPL,let_profits_run,-781.8529760415413,-0.397190191319179,-3.076919577575409,1.462516013929825e-20,8,1,2025-10-22
MGM/JKHY,MGM,JKHY,let_profits_run,-2166.199657816472,-1.2618574582551123,-3.076919577575409,1.001196381741782e-17,8,1,2025-10-22
MGM/NEM,MGM,NEM,let_profits_run,15.50724818432207,0.004035330909182069,-3.076919577575409,0.022651667247152986,8,1,2025-10-22
ODFL/NFLX,ODFL,NFLX,let_profits_run,-1641.94287386839,-0.8486434455450642,-3.076919577575409,4.6159240662092e-16,10,1,2025-10-22
ODFL/MOS,ODFL,MOS,let_profits_run,-122.9656038837778,-0.12303259501104177,-3.076919577575409,7.254899093821634e-05,4,1,2025-10-22
UNH/ULTA,UNH,ULTA,let_profits_run,1821.015169000673,1.0117305664091707,-3.076919577575409,0.9999999999998429,8,1,2025-10-22
UNH/PLTR,UNH,PLTR,let_profits_run,-7875.133486499871,-1.200362668049289,-3.076919577575409,5.1240811134971725e-09,12,1,2025-10-22
CVS/GPN,CVS,GPN,let_profits_run,1043.382718518487,0.3930488891235573,-3.076919577575409,0.9999648378137651,6,1,2025-10-22
CVS/FISV,CVS,FISV,let_profits_run,-567.7385473537619,-0.3522830661828051,-3.076919577575409,4.1824281016167544e-14,8,1,2025-10-22
PSX/ADBE,PSX,ADBE,let_profits_run,728.2044308697937,0.3431794610335534,-3.076919577575409,0.999907224454495,8,1,2025-10-22
STLD/INTU,STLD,INTU,beta_neutral_long_term,526.7266420832201,0.7745436845134175,-3.1614298755241217,0.9999998208086252,2,1,2025-10-22
STLD/FMC,STLD,FMC,beta_neutral_long_term,2162.037409435351,1.2410351442538714,-3.1614298755241217,0.9999999973894976,2,1,2025-10-22
KLAC/TRMB,KLAC,TRMB,beta_neutral_long_term,598.5289999999987,0.9781144970526763,-3.1614298755241217,0.9971341750441998,2,1,2025-10-22
KLAC/NRG,KLAC,NRG,beta_neutral_long_term,-1299.661550297395,-0.8186652343647229,-3.1614298755241217,0.004987144369776714,2,1,2025-10-22
VLO/UHS,VLO,UHS,beta_neutral_long_term,-989.6232969423789,-0.9204190831438572,-3.1614298755241217,6.588741296306721e-13,6,1,2025-10-22
VLO/PYPL,VLO,PYPL,beta_neutral_long_term,291.8368656122059,0.13123807301379098,-3.1614298755241217,0.6766116280727634,8,1,2025-10-22
MGM/JKHY,MGM,JKHY,beta_neutral_long_term,-1075.576554218142,-0.8315763348440863,-3.1614298755241217,5.086600372065825e-15,6,1,2025-10-22
MGM/NEM,MGM,NEM,beta_neutral_long_term,782.3302714639626,0.33458054301116796,-3.1614298755241217,0.9997475013808752,6,1,2025-10-22
ODFL/NFLX,ODFL,NFLX,beta_neutral_long_term,-771.8929896109356,-0.3316484421910942,-3.1614298755241217,1.354003488986577e-09,10,1,2025-10-22
ODFL/MOS,ODFL,MOS,beta_neutral_long_term,-644.6578582959633,-0.3899248233174584,-3.1614298755241217,1.4027309013839112e-06,4,1,2025-10-22
UNH/ULTA,UNH,ULTA,beta_neutral_long_term,-244.1015076568101,-0.07380983444353782,-3.1614298755241217,0.0001838782463219576,8,1,2025-10-22
UNH/PLTR,UNH,PLTR,beta_neutral_long_term,-4843.030810227444,-1.2714231044299609,-3.1614298755241217,4.613872090512164e-18,11,1,2025-10-22
CVS/GPN,CVS,GPN,beta_neutral_long_term,437.0317486381421,0.1971457338884595,-3.1614298755241217,0.927963318054182,4,1,2025-10-22
CVS/FISV,CVS,FISV,beta_neutral_long_term,1506.223235183202,1.4872009917149096,-3.1614298755241217,0.9999999939934254,6,1,2025-10-22
PSX/ADBE,PSX,ADBE,beta_neutral_long_term,1013.502616073999,0.4975171423270622,-3.1614298755241217,0.9999999493828912,8,1,2025-10-22
STLD/INTU,STLD,INTU,sensitive_reversal,-1101.929264924254,-0.7140393432912076,-3.376987162520257,0.0002650488933554504,10,1,2025-10-22
STLD/FMC,STLD,FMC,sensitive_reversal,603.1031422289698,0.5304289006949164,-3.376987162520257,0.9999906925102953,14,1,2025-10-22
KLAC/TRMB,KLAC,TRMB,sensitive_reversal,591.5729999999998,0.9503170939670185,-3.376987162520257,0.999968749696554,2,1,2025-10-22
KLAC/NRG,KLAC,NRG,sensitive_reversal,-614.071058459039,-0.818665234364723,-3.376987162520257,0.004987144369776722,2,1,2025-10-22
VLO/UHS,VLO,UHS,sensitive_reversal,668.3179601609576,1.6805638763290909,-3.376987162520257,0.9995028987716568,4,1,2025-10-22
VLO/PYPL,VLO,PYPL,sensitive_reversal,578.366245009925,0.5010887921654974,-3.376987162520257,0.9996265189815206,6,1,2025-10-22
MGM/JKHY,MGM,JKHY,sensitive_reversal,-594.343878242438,-0.33346021405012266,-3.376987162520257,1.727678834092613e-07,8,1,2025-10-22
MGM/NEM,MGM,NEM,sensitive_reversal,44.14980507295297,0.017523249726825008,-3.376987162520257,0.04222912256111346,12,1,2025-10-22
ODFL/NFLX,ODFL,NFLX,sensitive_reversal,-1357.096123992493,-1.2519278838360415,-3.376987162520257,1.4075342189635369e-09,8,1,2025-10-22
ODFL/MOS,ODFL,MOS,sensitive_reversal,962.8439381280072,1.0751921970561802,-3.376987162520257,0.9990430088293986,4,1,2025-10-22
UNH/ULTA,UNH,ULTA,sensitive_reversal,2067.180869169817,0.9230992158375515,-3.376987162520257,0.9999998267422145,14,1,2025-10-22
UNH/PLTR,UNH,PLTR,sensitive_reversal,-2744.539937540384,-0.5988933356902595,-3.376987162520257,2.1650074391974044e-13,20,1,2025-10-22
CVS/GPN,CVS,GPN,sensitive_reversal,-757.5128283698916,-0.5292651697002363,-3.376987162520257,1.3502948907934926e-07,12,1,2025-10-22
CVS/FISV,CVS,FISV,sensitive_reversal,-357.2611990320675,-0.1801981127205581,-3.376987162520257,2.233800796502793e-13,12,1,2025-10-22
PSX/ADBE,PSX,ADBE,sensitive_reversal,-748.5373627754091,-1.0151773350426325,-3.376987162520257,4.086099279609832e-12,12,1,2025-10-22
STLD/INTU,STLD,INTU,long_term_tilt,517.40664208322,0.7734224470054789,-3.6382095532639234,0.9999998400937414,2,1,2025-10-22
STLD/FMC,STLD,FMC,long_term_tilt,1792.62057192416,1.5104595565619188,-3.6382095532639234,0.9999917450488154,2,1,2025-10-22
KLAC/TRMB,KLAC,TRMB,long_term_tilt,377.3579999999988,0.8235207194162663,-3.6382095532639234,0.9998431702570657,2,1,2025-10-22
KLAC/NRG,KLAC,NRG,long_term_tilt,-1029.173195478432,-0.9638464412550863,-3.6382095532639234,4.756930852237571e-07,2,1,2025-10-22
VLO/UHS,VLO,UHS,long_term_tilt,-832.1696281102434,-0.7526441803656344,-3.6382095532639234,4.916394511901703e-14,6,1,2025-10-22
VLO/PYPL,VLO,PYPL,long_term_tilt,-718.3346109264127,-0.3646392165771621,-3.6382095532639234,6.034961213847574e-20,8,1,2025-10-22
MGM/JKHY,MGM,JKHY,long_term_tilt,-1926.745944050196,-1.2066527949239645,-3.6382095532639234,9.221438203358692e-14,6,1,2025-10-22
MGM/NEM,MGM,NEM,long_term_tilt,1156.035840767935,0.36360242419994954,-3.6382095532639234,0.9995121391013686,6,1,2025-10-22
ODFL/NFLX,ODFL,NFLX,long_term_tilt,-1327.243856467069,-0.6983780720211221,-3.6382095532639234,1.385673550142034e-15,10,1,2025-10-22
ODFL/MOS,ODFL,MOS,long_term_tilt,-185.8171067959303,-0.1945668378466277,-3.6382095532639234,2.420790376010332e-05,4,1,2025-10-22
UNH/ULTA,UNH,ULTA,long_term_tilt,294.2018400496374,0.11361913398797327,-3.6382095532639234,0.5418786341216244,8,1,2025-10-22
UNH/PLTR,UNH,PLTR,long_term_tilt,-10312.36039892827,-1.6860022695522374,-3.6382095532639234,1.7119133616648295e-06,12,1,2025-10-22
CVS/GPN,CVS,GPN,long_term_tilt,218.631646760432,0.08202026439008252,-3.6382095532639234,0.2976568716187469,4,1,2025-10-22
CVS/FISV,CVS,FISV,long_term_tilt,-385.6451614211543,-0.26771099975920115,-3.6382095532639234,1.3101518988836504e-11,6,1,2025-10-22
PSX/ADBE,PSX,ADBE,long_term_tilt,857.5211794326617,0.40353437825747723,-3.6382095532639234,0.9999764609701123,8,1,2025-10-22
STLD/INTU,STLD,INTU,long_term_kalman,517.40664208322,0.7734224470054789,-3.6817370014597026,0.9999998400937414,2,1,2025-10-22
STLD/FMC,STLD,FMC,long_term_kalman,1817.224466763654,1.538067012651632,-3.6817370014597026,0.9999967959663174,2,1,2025-10-22
KLAC/TRMB,KLAC,TRMB,long_term_kalman,393.0359999999988,0.8418243519647587,-3.6817370014597026,0.999816724160935,2,1,2025-10-22
KLAC/NRG,KLAC,NRG,long_term_kalman,-1000.531692129785,-0.9440748164626391,-3.6817370014597026,2.91225089635476e-07,2,1,2025-10-22
VLO/UHS,VLO,UHS,long_term_kalman,-832.1696281102434,-0.7526441803656344,-3.6817370014597026,4.916394511901703e-14,6,1,2025-10-22
VLO/PYPL,VLO,PYPL,long_term_kalman,-735.0715416148048,-0.3707296390689603,-3.6817370014597026,2.2077703546687312e-20,8,1,2025-10-22
MGM/JKHY,MGM,JKHY,long_term_kalman,-1925.233623221287,-1.2146251386372793,-3.6817370014597026,5.712786660028947e-14,6,1,2025-10-22
MGM/NEM,MGM,NEM,long_term_kalman,-196.0308001071612,-0.05692271649870552,-3.6817370014597026,0.0005132469476058857,6,1,2025-10-22
ODFL/NFLX,ODFL,NFLX,long_term_kalman,-1007.24519860607,-0.5230180189231876,-3.6817370014597026,2.1514924323167466e-15,10,1,2025-10-22
ODFL/MOS,ODFL,MOS,long_term_kalman,-176.0159038694999,-0.18534145166257945,-3.6817370014597026,2.866762440597044e-05,4,1,2025-10-22
UNH/ULTA,UNH,ULTA,long_term_kalman,245.1218400496373,0.0958551363992627,-3.6817370014597026,0.41723750253079894,8,1,2025-10-22
UNH/PLTR,UNH,PLTR,long_term_kalman,-10336.99811623407,-1.6887484785808762,-3.6817370014597026,1.7969894784233613e-06,12,1,2025-10-22
CVS/GPN,CVS,GPN,long_term_kalman,-941.2296709238807,-0.34740204348585435,-3.6817370014597026,3.958983463157843e-07,4,1,2025-10-22
CVS/FISV,CVS,FISV,long_term_kalman,1016.710546118135,1.100073276944577,-3.6817370014597026,0.9999999986991716,6,1,2025-10-22
PSX/ADBE,PSX,ADBE,long_term_kalman,858.1611794326627,0.40313728542870064,-3.6817370014597026,0.9999769069700203,8,1,2025-10-22
STLD/INTU,STLD,INTU,crash_defensive,-581.4487583611585,-0.7503981387802761,-4.3333598257035,3.1297027957574875e-06,10,1,2025-10-22
STLD/FMC,STLD,FMC,crash_defensive,247.2149833003234,0.3767044375203484,-4.3333598257035,0.9999848553105096,8,1,2025-10-22
KLAC/TRMB,KLAC,TRMB,crash_defensive,209.9149999999987,0.33334626723218147,-4.3333598257035,0.9993339732711979,6,1,2025-10-22
KLAC/NRG,KLAC,NRG,crash_defensive,-305.2274744695416,-0.818665234364723,-4.3333598257035,0.004987144369776714,2,1,2025-10-22
VLO/UHS,VLO,UHS,crash_defensive,228.9646282873651,0.6872076879002871,-4.3333598257035,0.9949019092735129,4,1,2025-10-22
VLO/PYPL,VLO,PYPL,crash_defensive,-581.1523489742532,-0.7456333603954244,-4.3333598257035,8.988547134234106e-15,6,1,2025-10-22
MGM/JKHY,MGM,JKHY,crash_defensive,-135.3408462771058,-0.15201534722039825,-4.3333598257035,2.697373215166775e-06,6,1,2025-10-22
MGM/NEM,MGM,NEM,crash_defensive,752.6141616565128,0.5248816990114439,-4.3333598257035,0.9999799187085179,8,1,2025-10-22
ODFL/NFLX,ODFL,NFLX,crash_defensive,-4767.830772537365,-1.5336417724786506,-4.3333598257035,1.3153975340268531e-09,8,1,2025-10-22
ODFL/MOS,ODFL,MOS,crash_defensive,824.3241174135161,1.3999675993997234,-4.3333598257035,0.9999984598606637,4,1,2025-10-22
UNH/ULTA,UNH,ULTA,crash_defensive,357.098742407243,0.3910338658274146,-4.3333598257035,0.9993114564460894,14,1,2025-10-22
UNH/PLTR,UNH,PLTR,crash_defensive,-2244.516493865098,-0.6694808946598378,-4.3333598257035,3.925659398622769e-05,16,1,2025-10-22
CVS/GPN,CVS,GPN,crash_defensive,1408.97514290961,0.8748224578921815,-4.3333598257035,0.9999999427278667,12,1,2025-10-22
CVS/FISV,CVS,FISV,crash_defensive,-703.1237150269916,-0.6373316097030138,-4.3333598257035,5.856418519846938e-08,12,1,2025-10-22
PSX/ADBE,PSX,ADBE,crash_defensive,-782.81385214211,-1.4603547466253992,-4.3333598257035,1.2574477235679723e-15,10,1,2025-10-22
STLD/INTU,STLD,INTU,conservative,-14.10473460432962,-0.0454297793145928,-6.735562497902259,0.0022276210621091906,10,1,2025-10-22
STLD/FMC,STLD,FMC,conservative,-323.3141754035302,-1.1643362257011005,-6.735562497902259,2.3344867342610253e-11,8,1,2025-10-22
KLAC/TRMB,KLAC,TRMB,conservative,-165.2460000000008,-0.4908496442952673,-6.735562497902259,8.395733225651988e-09,6,1,2025-10-22
KLAC/NRG,KLAC,NRG,conservative,-229.1827019810606,-0.8186652343647228,-6.735562497902259,0.00498714436977671,2,1,2025-10-22
VLO/UHS,VLO,UHS,conservative,247.1701225887677,1.6673990235725882,-6.735562497902259,0.9995218702880954,4,1,2025-10-22
VLO/PYPL,VLO,PYPL,conservative,-10.44085130180459,-0.021476341132917222,-6.735562497902259,0.005410901962928158,6,1,2025-10-22
MGM/JKHY,MGM,JKHY,conservative,8.940426673671993,0.01421321041147068,-6.735562497902259,0.03730866811788672,6,1,2025-10-22
MGM/NEM,MGM,NEM,conservative,543.6294435708026,0.6428349079049887,-6.735562497902259,0.9999999827757855,8,1,2025-10-22
ODFL/NFLX,ODFL,NFLX,conservative,-1883.562294527598,-1.3819287534739801,-6.735562497902259,2.345507223584218e-07,8,1,2025-10-22
ODFL/MOS,ODFL,MOS,conservative,540.4143595641549,1.2795422792346545,-6.735562497902259,0.9999957063646155,4,1,2025-10-22
UNH/ULTA,UNH,ULTA,conservative,346.3805883823257,0.5454608228037026,-6.735562497902259,0.9998820528562122,14,1,2025-10-22
UNH/PLTR,UNH,PLTR,conservative,-783.8681538730898,-0.4153732845885464,-6.735562497902259,3.1529874973335006e-10,16,1,2025-10-22
CVS/GPN,CVS,GPN,conservative,1316.49276656352,1.0864631502143012,-6.735562497902259,0.9999999989153328,14,1,2025-10-22
CVS/FISV,CVS,FISV,conservative,-463.5599954411089,-0.7245324101806573,-6.735562497902259,2.5099439695938335e-09,12,1,2025-10-22
PSX/ADBE,PSX,ADBE,conservative,-453.9871621446806,-1.62105726782769,-6.735562497902259,1.0741843523809056e-09,10,1,2025-10-22
STLD/INTU,STLD,INTU,vol_sized_conservative,-293.8338568493482,-0.5442097189447376,-7.706575067504845,1.0818423195340518e-06,6,1,2025-10-22
STLD/FMC,STLD,FMC,vol_sized_conservative,77.31467155557779,0.1415891676865988,-7.706575067504845,0.7596447068287939,10,1,2025-10-22
KLAC/TRMB,KLAC,TRMB,vol_sized_conservative,483.9860000000006,1.183237724039149,-7.706575067504845,0.9992579349154931,2,1,2025-10-22
KLAC/NRG,KLAC,NRG,vol_sized_conservative,-229.1827019810606,-0.8186652343647228,-7.706575067504845,0.00498714436977671,2,1,2025-10-22
VLO/UHS,VLO,UHS,vol_sized_conservative,173.1065281319628,0.6828505767034052,-7.706575067504845,0.99490010143812,4,1,2025-10-22
VLO/PYPL,VLO,PYPL,vol_sized_conservative,-175.4908513018044,-0.36700875959158175,-7.706575067504845,6.760683414446194e-12,6,1,2025-10-22
MGM/JKHY,MGM,JKHY,vol_sized_conservative,-209.3541646650565,-0.3209211659738618,-7.706575067504845,1.4072779751182092e-07,6,1,2025-10-22
MGM/NEM,MGM,NEM,vol_sized_conservative,196.9535260138761,0.1843953959366696,-7.706575067504845,0.8864790944915308,8,1,2025-10-22
ODFL/NFLX,ODFL,NFLX,vol_sized_conservative,-462.7767434722044,-1.3268115971194068,-7.706575067504845,4.5565848688567275e-06,6,1,2025-10-22
ODFL/MOS,ODFL,MOS,vol_sized_conservative,324.4625737687163,0.734733296127458,-7.706575067504845,0.9994953397803352,4,1,2025-10-22
UNH/ULTA,UNH,ULTA,vol_sized_conservative,273.6320008008727,0.4088542342003602,-7.706575067504845,0.9995089072776665,12,1,2025-10-22
UNH/PLTR,UNH,PLTR,vol_sized_conservative,-775.7022414167046,-0.40689902480444595,-7.706575067504845,9.682641252981509e-11,16,1,2025-10-22
CVS/GPN,CVS,GPN,vol_sized_conservative,673.8256706222082,0.9876310858473923,-7.706575067504845,0.9999995609285343,8,1,2025-10-22
CVS/FISV,CVS,FISV,vol_sized_conservative,-4.809968335680821,-0.007875484845449652,-7.706575067504845,0.011645691102015202,8,1,2025-10-22
PSX/ADBE,PSX,ADBE,vol_sized_conservative,-561.9246804020422,-1.3459124497434396,-7.706575067504845,6.966899058819581e-17,12,1,2025-10-22
STLD/INTU,STLD,INTU,aggressive,-6116.713963298943,-0.8121215639779231,0.6465421985841414,4.475386298959258e-26,34,2,2025-12-01
STLD/FMC,STLD,FMC,aggressive,21569.25568005676,1.571508635627634,0.6465421985841414,0.9971784943756459,32,2,2025-12-01
KLAC/TRMB,KLAC,TRMB,aggressive,5771.305540204889,0.9951802844852866,0.6465421985841414,1.0,36,2,2025-12-01
KLAC/NRG,KLAC,NRG,aggressive,-1727.860038317249,-0.11731070906708302,0.6465421985841414,2.339197480205728e-05,34,2,2025-12-01
VLO/UHS,VLO,UHS,aggressive,-7377.125759950221,-0.9117481495761098,0.6465421985841414,1.0355921586617022e-20,34,2,2025-12-01
VLO/PYPL,VLO,PYPL,aggressive,-5520.524864464063,-0.5618431935882202,0.6465421985841414,6.762697521766215e-21,38,2,2025-12-01
MGM/JKHY,MGM,JKHY,aggressive,-7895.492718105688,-0.941821884571996,0.6465421985841414,5.939079481143044e-15,36,2,2025-12-01
MGM/NEM,MGM,NEM,aggressive,7419.566657226615,0.7468655694625537,0.6465421985841414,0.999999999999988,32,2,2025-12-01
ODFL/NFLX,ODFL,NFLX,aggressive,16416.99893159854,1.5235835438516439,0.6465421985841414,1.0,40,2,2025-12-01
ODFL/MOS,ODFL,MOS,aggressive,464.4901151126419,0.04684988650646116,0.6465421985841414,0.13625022557201222,36,2,2025-12-01
UNH/ULTA,UNH,ULTA,aggressive,2237.17296067393,0.22767771970072453,0.6465421985841414,0.9892416972744595,36,2,2025-12-01
UNH/PLTR,UNH,PLTR,aggressive,14041.56039076668,0.8538205037999542,0.6465421985841414,0.9999999999997818,40,2,2025-12-01
CVS/GPN,CVS,GPN,aggressive,6746.08519582092,0.7740819478269837,0.6465421985841414,0.999999999963667,34,2,2025-12-01
CVS/FISV,CVS,FISV,aggressive,14910.63868821401,1.0592256617637024,0.6465421985841414,0.9966080998324391,34,2,2025-12-01
PSX/ADBE,PSX,ADBE,aggressive,-1116.222307870133,-0.16791391765987157,0.6465421985841414,1.7296071194237772e-07,38,2,2025-12-01
STLD/INTU,STLD,INTU,short_term_beta_neutral,1154.518947998736,0.47453810112088834,0.1417207425120079,0.9999999888366279,28,2,2025-12-01
STLD/FMC,STLD,FMC,short_term_beta_neutral,4939.378187056221,1.4553587489791,0.1417207425120079,0.9999999999997701,16,2,2025-12-01
KLAC/TRMB,KLAC,TRMB,short_term_beta_neutral,350.7824339497765,0.18536751580683167,0.1417207425120079,0.9176874436883216,12,2,2025-12-01
KLAC/NRG,KLAC,NRG,short_term_beta_neutral,-1442.4017181007,-0.8013640875019492,0.1417207425120079,1.0746264911871692e-06,6,2,2025-12-01
VLO/UHS,VLO,UHS,short_term_beta_neutral,-1492.342149004926,-0.8106284114404116,0.1417207425120079,3.05899714304726e-06,6,2,2025-12-01
VLO/PYPL,VLO,PYPL,short_term_beta_neutral,2536.782549581462,1.1453726491899376,0.1417207425120079,0.9999999999999988,12,2,2025-12-01
MGM/JKHY,MGM,JKHY,short_term_beta_neutral,1058.727468283854,0.30077647803046115,0.1417207425120079,0.965607342223359,12,2,2025-12-01
MGM/NEM,MGM,NEM,short_term_beta_neutral,719.9572152472973,0.2877421822264164,0.1417207425120079,0.9852690929928021,16,2,2025-12-01
ODFL/NFLX,ODFL,NFLX,short_term_beta_neutral,9471.274651108915,1.4941067167217206,0.1417207425120079,0.9999949360722671,14,2,2025-12-01
ODFL/MOS,ODFL,MOS,short_term_beta_neutral,-2330.095523744002,-1.101958208725309,0.1417207425120079,5.038927265442395e-09,12,2,2025-12-01
UNH/ULTA,UNH,ULTA,short_term_beta_neutral,5467.103173904155,1.5306217233093462,0.1417207425120079,0.9999999965885853,18,2,2025-12-01
UNH/PLTR,UNH,PLTR,short_term_beta_neutral,5621.292676572423,0.9644429089158509,0.1417207425120079,0.9999710517287639,15,2,2025-12-01
CVS/GPN,CVS,GPN,short_term_beta_neutral,1349.089127427822,0.47043779523462487,0.1417207425120079,0.9999998953495041,22,2,2025-12-01
CVS/FISV,CVS,FISV,short_term_beta_neutral,2792.49570496997,1.8234291199835455,0.1417207425120079,1.0,18,2,2025-12-01
PSX/ADBE,PSX,ADBE,short_term_beta_neutral,-680.46417046707,-0.4828959444605137,0.1417207425120079,1.0635005555554856e-15,14,2,2025-12-01
STLD/INTU,STLD,INTU,kalman_aggressive,-1647.193369510647,-0.23831033094712437,-0.2759040039973339,4.088998485725561e-12,34,2,2025-12-01
STLD/FMC,STLD,FMC,kalman_aggressive,13738.16973747117,1.321994930383101,-0.2759040039973339,0.9965365154143796,34,2,2025-12-01
KLAC/TRMB,KLAC,TRMB,kalman_aggressive,8885.557809317694,1.777940806659261,-0.2759040039973339,1.0,34,2,2025-12-01
KLAC/NRG,KLAC,NRG,kalman_aggressive,-809.3215120650057,-0.07237120791881949,-0.2759040039973339,7.148969696345144e-05,32,2,2025-12-01
VLO/UHS,VLO,UHS,kalman_aggressive,-5694.810445114515,-0.890539051579082,-0.2759040039973339,5.029451756349488e-22,32,2,2025-12-01
VLO/PYPL,VLO,PYPL,kalman_aggressive,-8784.975380926058,-1.370951985720973,-0.2759040039973339,1.292849100946672e-31,38,2,2025-12-01
MGM/JKHY,MGM,JKHY,kalman_aggressive,-5378.637155457045,-0.8071629621553004,-0.2759040039973339,1.5563209879590703e-14,34,2,2025-12-01
MGM/NEM,MGM,NEM,kalman_aggressive,4761.791367466466,0.5014682335546877,-0.2759040039973339,0.9999994743122517,36,2,2025-12-01
ODFL/NFLX,ODFL,NFLX,kalman_aggressive,-988.3552308539615,-0.11592831800318869,-0.2759040039973339,2.6388155274898266e-06,42,2,2025-12-01
ODFL/MOS,ODFL,MOS,kalman_aggressive,-682.5939364058783,-0.09291420465967934,-0.2759040039973339,9.511191191494209e-06,32,2,2025-12-01
UNH/ULTA,UNH,ULTA,kalman_aggressive,-4001.386415654118,-0.5255119272188509,-0.2759040039973339,2.385879189496008e-13,38,2,2025-12-01
UNH/PLTR,UNH,PLTR,kalman_aggressive,5980.078746388484,0.42930021246275574,-0.2759040039973339,0.9999997423358782,42,2,2025-12-01
CVS/GPN,CVS,GPN,kalman_aggressive,5211.708932980359,0.7674479133570461,-0.2759040039973339,0.9999999975599432,40,2,2025-12-01
CVS/FISV,CVS,FISV,kalman_aggressive,4560.729465094004,0.7073531535063268,-0.2759040039973339,0.9999952029644769,38,2,2025-12-01
PSX/ADBE,PSX,ADBE,kalman_aggressive,404.0168432121773,0.07905056474287632,-0.2759040039973339,0.3095767745950746,40,2,2025-12-01
STLD/INTU,STLD,INTU,weekly_aligned_windows,-525.0855992883216,-0.12549029328879444,-0.6646127524536808,3.2350864213139506e-06,74,2,2025-12-01
STLD/FMC,STLD,FMC,weekly_aligned_windows,3189.203437717054,0.45762169541234404,-0.6646127524536808,0.9998319500800122,74,2,2025-12-01
KLAC/TRMB,KLAC,TRMB,weekly_aligned_windows,-302.3949101495327,-0.08233084615199067,-0.6646127524536808,0.0007218306803246569,66,2,2025-12-01
KLAC/NRG,KLAC,NRG,weekly_aligned_windows,-158.5855935580246,-0.034691399372175184,-0.6646127524536808,0.0028064314421452504,68,2,2025-12-01
VLO/UHS,VLO,UHS,weekly_aligned_windows,263.6807610138865,0.06058005760878074,-0.6646127524536808,0.183309819965653,68,2,2025-12-01
VLO/PYPL,VLO,PYPL,weekly_aligned_windows,1427.729866757585,0.23926590431755063,-0.6646127524536808,0.9959078446469856,66,2,2025-12-01
MGM/JKHY,MGM,JKHY,weekly_aligned_windows,2280.712302380762,0.3916376796502108,-0.6646127524536808,0.9999999016991468,70,2,2025-12-01
MGM/NEM,MGM,NEM,weekly_aligned_windows,-569.5401925534723,-0.09328379466246323,-0.6646127524536808,2.2890945255465565e-05,70,2,2025-12-01
ODFL/NFLX,ODFL,NFLX,weekly_aligned_windows,-4936.417521954209,-0.7356515248121426,-0.6646127524536808,1.833631294932104e-11,70,2,2025-12-01
ODFL/MOS,ODFL,MOS,weekly_aligned_windows,-336.8116056622493,-0.07792511144725792,-0.6646127524536808,5.2458762051874564e-05,72,2,2025-12-01
UNH/ULTA,UNH,ULTA,weekly_aligned_windows,2155.735340907312,0.39162514622667194,-0.6646127524536808,0.9999994544395547,74,2,2025-12-01
UNH/PLTR,UNH,PLTR,weekly_aligned_windows,691.5412532576797,0.05568068992440397,-0.6646127524536808,0.20464326599723814,68,2,2025-12-01
CVS/GPN,CVS,GPN,weekly_aligned_windows,4492.379846437762,0.9444114696194548,-0.6646127524536808,1.0,72,2,2025-12-01
CVS/FISV,CVS,FISV,weekly_aligned_windows,5607.575212405227,0.8435323832804975,-0.6646127524536808,0.9998754575425765,68,2,2025-12-01
PSX/ADBE,PSX,ADBE,weekly_aligned_windows,-5647.960791677731,-0.7579819535457712,-0.6646127524536808,4.4128661834896526e-07,74,2,2025-12-01
STLD/INTU,STLD,INTU,crash_tolerant,-3147.666592216103,-0.664359205677828,-0.7328829321866236,1.6584132356327416e-12,14,2,2025-12-01
STLD/FMC,STLD,FMC,crash_tolerant,9458.213827617537,0.8866118425638817,-0.7328829321866236,0.9860616921481099,12,2,2025-12-01
KLAC/TRMB,KLAC,TRMB,crash_tolerant,2300.247412816178,0.7593254675608232,-0.7328829321866236,0.9999995971013476,8,2,2025-12-01
KLAC/NRG,KLAC,NRG,crash_tolerant,-1232.786101022536,-0.7907655617800199,-0.7328829321866236,0.004975221754705402,2,2,2025-12-01
VLO/UHS,VLO,UHS,crash_tolerant,931.4818253858805,0.6624636589922113,-0.7328829321866236,0.9949014994020222,4,2,2025-12-01
VLO/PYPL,VLO,PYPL,crash_tolerant,-828.2613576821168,-0.21322744966577004,-0.7328829321866236,3.841761641162637e-08,10,2,2025-12-01
MGM/JKHY,MGM,JKHY,crash_tolerant,-1550.317191316803,-0.39612329781472816,-0.7328829321866236,4.575725513261169e-09,8,2,2025-12-01
MGM/NEM,MGM,NEM,crash_tolerant,3016.526585567117,0.5039263657214013,-0.7328829321866236,0.9999757303768616,8,2,2025-12-01
ODFL/NFLX,ODFL,NFLX,crash_tolerant,-9161.673551328775,-1.7597352602942777,-0.7328829321866236,2.198067920478789e-07,8,2,2025-12-01
ODFL/MOS,ODFL,MOS,crash_tolerant,3301.691925881794,1.3530921102377271,-0.7328829321866236,0.9999984770106615,4,2,2025-12-01
UNH/ULTA,UNH,ULTA,crash_tolerant,5447.276409864422,0.9441236205338579,-0.7328829321866236,0.9999933726418968,14,2,2025-12-01
UNH/PLTR,UNH,PLTR,crash_tolerant,-1844.914918994836,-0.23676732980975385,-0.7328829321866236,1.5617523494049225e-16,16,2,2025-12-01
CVS/GPN,CVS,GPN,crash_tolerant,7259.013520846363,1.0226962024034858,-0.7328829321866236,0.9999999980171151,14,2,2025-12-01
CVS/FISV,CVS,FISV,crash_tolerant,-399.8545253161757,-0.114103109952319,-0.7328829321866236,1.6927278681011176e-05,14,2,2025-12-01
PSX/ADBE,PSX,ADBE,crash_tolerant,-3509.998620330075,-1.3620603841163736,-0.7328829321866236,8.2410875274295235e-19,14,2,2025-12-01
STLD/INTU,STLD,INTU,monthly_aligned_windows,146.6865013898414,0.016086461345896363,-0.8585781880307821,0.03901203983369926,26,2,2025-12-01
STLD/FMC,STLD,FMC,monthly_aligned_windows,4939.1300416669,0.8997755423393042,-0.8585781880307821,0.9943852557922828,24,2,2025-12-01
KLAC/TRMB,KLAC,TRMB,monthly_aligned_windows,-612.5722845526693,-0.2815181006232163,-0.8585781880307821,2.959007399091989e-10,26,2,2025-12-01
KLAC/NRG,KLAC,NRG,monthly_aligned_windows,592.3876788892601,0.136418505333466,-0.8585781880307821,0.7570566114975025,26,2,2025-12-01
VLO/UHS,VLO,UHS,monthly_aligned_windows,-3430.463871741215,-0.46656506030545897,-0.8585781880307821,1.477697666792404e-06,26,2,2025-12-01
VLO/PYPL,VLO,PYPL,monthly_aligned_windows,1467.966921461057,0.323093408649378,-0.8585781880307821,0.999421762532571,26,2,2025-12-01
MGM/JKHY,MGM,JKHY,monthly_aligned_windows,615.824845695607,0.19054434431462472,-0.8585781880307821,0.9666104461099034,26,2,2025-12-01
MGM/NEM,MGM,NEM,monthly_aligned_windows,-6450.812263425406,-0.6407854573789331,-0.8585781880307821,0.00035468555385421714,26,2,2025-12-01
ODFL/NFLX,ODFL,NFLX,monthly_aligned_windows,-1902.199894320268,-0.45268584156416847,-0.8585781880307821,1.9619736137678547e-10,26,2,2025-12-01
ODFL/MOS,ODFL,MOS,monthly_aligned_windows,4173.857594360621,0.3744528447104682,-0.8585781880307821,0.9995806465440604,26,2,2025-12-01
UNH/ULTA,UNH,ULTA,monthly_aligned_windows,-4401.755905133148,-0.8932298779769151,-0.8585781880307821,1.0076692229081585e-08,26,2,2025-12-01
UNH/PLTR,UNH,PLTR,monthly_aligned_windows,6354.89873251343,0.7856950338657558,-0.8585781880307821,0.999999999760154,26,2,2025-12-01
CVS/GPN,CVS,GPN,monthly_aligned_windows,3439.091308851736,1.1149906263732174,-0.8585781880307821,0.9999999999999984,26,2,2025-12-01
CVS/FISV,CVS,FISV,monthly_aligned_windows,2712.037175485197,0.7516368092663338,-0.8585781880307821,0.9999995763694237,26,2,2025-12-01
PSX/ADBE,PSX,ADBE,monthly_aligned_windows,-3599.321055146128,-1.849759129023878,-0.8585781880307821,6.75590210705668e-12,26,2,2025-12-01
STLD/INTU,STLD,INTU,entry_threshold_strong,-1067.754503132146,-0.4775582972650931,-0.8909896331316544,7.863462269535078e-13,12,2,2025-12-01
STLD/FMC,STLD,FMC,entry_threshold_strong,6169.88809367421,1.1406099206139237,-0.8909896331316544,0.9878262984706534,10,2,2025-12-01
KLAC/TRMB,KLAC,TRMB,entry_threshold_strong,1286.77771531109,0.7187461258083315,-0.8909896331316544,0.9999999947477277,4,2,2025-12-01
KLAC/NRG,KLAC,NRG,entry_threshold_strong,-788.5709315048681,-0.9749812715884723,-0.8909896331316544,0.003968680167533808,2,2,2025-12-01
VLO/UHS,VLO,UHS,entry_threshold_strong,463.4827440512807,0.6585632646677517,-0.8909896331316544,0.9948988806776893,4,2,2025-12-01
VLO/PYPL,VLO,PYPL,entry_threshold_strong,110.5369194390182,0.0594890444034025,-0.8909896331316544,0.1870942891402983,8,2,2025-12-01
MGM/JKHY,MGM,JKHY,entry_threshold_strong,-921.299331742911,-0.4634139379699462,-0.8909896331316544,1.8205561577436558e-09,8,2,2025-12-01
MGM/NEM,MGM,NEM,entry_threshold_strong,2779.587053175248,0.9853286670872863,-0.8909896331316544,0.9999999789852742,6,2,2025-12-01
ODFL/NFLX,ODFL,NFLX,entry_threshold_strong,-5910.735542617713,-1.6912505027447053,-0.8909896331316544,1.3516713769205939e-11,8,2,2025-12-01
ODFL/MOS,ODFL,MOS,entry_threshold_strong,1088.684985331302,0.8169176350013523,-0.8909896331316544,0.9999602369940005,4,2,2025-12-01
UNH/ULTA,UNH,ULTA,entry_threshold_strong,3706.872437335193,1.158104107024549,-0.8909896331316544,0.9999998853398921,10,2,2025-12-01
UNH/PLTR,UNH,PLTR,entry_threshold_strong,317.8728199981215,0.05654676608849776,-0.8909896331316544,0.18182768087842793,16,2,2025-12-01
CVS/GPN,CVS,GPN,entry_threshold_strong,5737.543948473718,1.7316718021430308,-0.8909896331316544,0.9999999999843932,10,2,2025-12-01
CVS/FISV,CVS,FISV,entry_threshold_strong,2634.402418151533,0.4807896503907658,-0.8909896331316544,0.9903652664015773,14,2,2025-12-01
PSX/ADBE,PSX,ADBE,entry_threshold_strong,-1433.067543942683,-1.096953939184188,-0.8909896331316544,1.1826440211414188e-19,12,2,2025-12-01
STLD/INTU,STLD,INTU,entry_filter_kalman,-1077.084503132144,-0.48073369185374715,-0.9061131047904556,7.166199809104969e-13,12,2,2025-12-01
STLD/FMC,STLD,FMC,entry_filter_kalman,6168.321096133948,1.2114885221924976,-0.9061131047904556,0.9882014040227073,10,2,2025-12-01
KLAC/TRMB,KLAC,TRMB,entry_filter_kalman,1341.718641568033,0.7327775585360213,-0.9061131047904556,0.999999996187051,4,2,2025-12-01
KLAC/NRG,KLAC,NRG,entry_filter_kalman,-775.9996587533287,-0.9803389295096511,-0.9061131047904556,0.0038312688248591594,2,2,2025-12-01
VLO/UHS,VLO,UHS,entry_filter_kalman,463.4827440512807,0.6585632646677517,-0.9061131047904556,0.9948988806776893,4,2,2025-12-01
VLO/PYPL,VLO,PYPL,entry_filter_kalman,95.85207869490034,0.051589347314618395,-0.9061131047904556,0.14718774795775108,8,2,2025-12-01
MGM/JKHY,MGM,JKHY,entry_filter_kalman,-924.1593317429121,-0.4687673783785679,-0.9061131047904556,1.3923435956314332e-09,8,2,2025-12-01
MGM/NEM,MGM,NEM,entry_filter_kalman,2782.714425808314,0.9850398023285913,-0.9061131047904556,0.9999999746694008,6,2,2025-12-01
ODFL/NFLX,ODFL,NFLX,entry_filter_kalman,-5911.084223637545,-1.6891177936504425,-0.9061131047904556,1.9232095171367707e-11,8,2,2025-12-01
ODFL/MOS,ODFL,MOS,entry_filter_kalman,1192.705620533487,0.9155977748787981,-0.9061131047904556,0.99998144542249,4,2,2025-12-01
UNH/ULTA,UNH,ULTA,entry_filter_kalman,3706.872437335193,1.158104107024549,-0.9061131047904556,0.9999998853398921,10,2,2025-12-01
UNH/PLTR,UNH,PLTR,entry_filter_kalman,230.5438080588931,0.041027814911475884,-0.9061131047904556,0.1110400838709652,16,2,2025-12-01
CVS/GPN,CVS,GPN,entry_filter_kalman,5704.787397521352,1.7228138357398681,-0.9061131047904556,0.9999999999730804,10,2,2025-12-01
CVS/FISV,CVS,FISV,entry_filter_kalman,2567.937291738695,0.47444258799338035,-0.9061131047904556,0.9905951923172412,14,2,2025-12-01
PSX/ADBE,PSX,ADBE,entry_filter_kalman,-1443.255423788996,-1.1054651354215888,-0.9061131047904556,1.2768518011967652e-19,12,2,2025-12-01
STLD/INTU,STLD,INTU,trend_leverage,-2199.990251118275,-0.650434985002229,-0.916676927635672,1.7678043099283957e-11,12,2,2025-12-01
STLD/FMC,STLD,FMC,trend_leverage,7128.902855563185,0.8884991519091004,-0.916676927635672,0.9860272648000327,12,2,2025-12-01
KLAC/TRMB,KLAC,TRMB,trend_leverage,3382.947099140762,1.5432500900139547,-0.916676927635672,0.9999997202863888,6,2,2025-12-01
KLAC/NRG,KLAC,NRG,trend_leverage,-1177.901433616626,-0.9751177658632615,-0.916676927635672,0.003965242645769698,2,2,2025-12-01
VLO/UHS,VLO,UHS,trend_leverage,692.694018837208,0.6608560242634327,-0.916676927635672,0.9949036947085578,4,2,2025-12-01
VLO/PYPL,VLO,PYPL,trend_leverage,-1161.989502387828,-0.3883971837255371,-0.916676927635672,2.0163022431152996e-11,10,2,2025-12-01
MGM/JKHY,MGM,JKHY,trend_leverage,-1165.40573494842,-0.39852073590192216,-0.916676927635672,4.0934668904939665e-09,8,2,2025-12-01
MGM/NEM,MGM,NEM,trend_leverage,2371.897227694506,0.5291368213106185,-0.916676927635672,0.9999846437256573,8,2,2025-12-01
ODFL/NFLX,ODFL,NFLX,trend_leverage,-10771.32315318013,-1.8490716285695596,-0.916676927635672,1.963480967034865e-12,8,2,2025-12-01
ODFL/MOS,ODFL,MOS,trend_leverage,2462.429463866403,1.3583215220700806,-0.916676927635672,0.9999985627378656,4,2,2025-12-01
UNH/ULTA,UNH,ULTA,trend_leverage,4013.542895722298,0.9395633075175278,-0.916676927635672,0.9999937792729244,14,2,2025-12-01
UNH/PLTR,UNH,PLTR,trend_leverage,4632.524079454522,0.5577033921517489,-0.916676927635672,0.9998136241978834,16,2,2025-12-01
CVS/GPN,CVS,GPN,trend_leverage,5415.323012237271,1.0231415900638927,-0.916676927635672,0.9999999981018365,14,2,2025-12-01
CVS/FISV,CVS,FISV,trend_leverage,-1945.880442451637,-0.6087900562299108,-0.916676927635672,2.4104233487897114e-17,14,2,2025-12-01
PSX/ADBE,PSX,ADBE,trend_leverage,-2621.12592739333,-1.3597112613381046,-0.916676927635672,8.728454309317782e-19,14,2,2025-12-01
STLD/INTU,STLD,INTU,short_term_tilt,-860.5687138035182,-0.35612980826288276,-0.9850330931099376,1.7476407832545916e-13,24,2,2025-12-01
STLD/FMC,STLD,FMC,short_term_tilt,6010.92995701404,1.1073429768661478,-0.9850330931099376,0.9872674967111955,14,2,2025-12-01
KLAC/TRMB,KLAC,TRMB,short_term_tilt,1022.279381759204,1.2436829159312344,-0.9850330931099376,0.9999998132655941,6,2,2025-12-01
KLAC/NRG,KLAC,NRG,short_term_tilt,-1622.653849337937,-0.8645397423947467,-0.9850330931099376,0.0005820793286883339,6,2,2025-12-01
VLO/UHS,VLO,UHS,short_term_tilt,-1083.348453423635,-0.8995054996229547,-0.9850330931099376,5.788316475273821e-08,6,2,2025-12-01
VLO/PYPL,VLO,PYPL,short_term_tilt,1042.454596622462,0.5919671834958881,-0.9850330931099376,0.999998906358396,10,2,2025-12-01
MGM/JKHY,MGM,JKHY,short_term_tilt,354.8679499094326,0.15487354182116755,-0.9850330931099376,0.817703949789458,10,2,2025-12-01
MGM/NEM,MGM,NEM,short_term_tilt,94.75192897540978,0.03172020460468438,-0.9850330931099376,0.09309990694277376,16,2,2025-12-01
ODFL/NFLX,ODFL,NFLX,short_term_tilt,1761.657608225149,1.083928715246956,-0.9850330931099376,0.9999999647767475,8,2,2025-12-01
ODFL/MOS,ODFL,MOS,short_term_tilt,-687.2312022168587,-0.4291059931198858,-0.9850330931099376,4.102840746408211e-15,12,2,2025-12-01
UNH/ULTA,UNH,ULTA,short_term_tilt,5258.304046902467,1.6605104257058927,-0.9850330931099376,0.9999979767049918,12,2,2025-12-01
UNH/PLTR,UNH,PLTR,short_term_tilt,3008.934439010786,0.6740983244791507,-0.9850330931099376,0.9999672938080244,14,2,2025-12-01
CVS/GPN,CVS,GPN,short_term_tilt,-197.2759361873656,-0.07158350351428304,-0.9850330931099376,0.0007937865096410328,24,2,2025-12-01
CVS/FISV,CVS,FISV,short_term_tilt,2484.783354132729,1.6567859357949606,-0.9850330931099376,0.999999999989498,18,2,2025-12-01
PSX/ADBE,PSX,ADBE,short_term_tilt,-230.4711242157393,-0.17938133985896054,-0.9850330931099376,7.601464591995599e-07,14,2,2025-12-01
STLD/INTU,STLD,INTU,raw_momentum,-731.7227656030492,-0.49711261410934415,-1.0300915357761675,7.885108042057418e-05,4,2,2025-12-01
STLD/FMC,STLD,FMC,raw_momentum,6513.723992181312,1.2260289690626032,-1.0300915357761675,0.9877085376513843,10,2,2025-12-01
KLAC/TRMB,KLAC,TRMB,raw_momentum,1215.289844232035,1.0413207133943867,-1.0300915357761675,0.9995459048916027,4,2,2025-12-01
KLAC/NRG,KLAC,NRG,raw_momentum,-616.3930505112678,-0.7907655617800199,-1.0300915357761675,0.004975221754705402,2,2,2025-12-01
VLO/UHS,VLO,UHS,raw_momentum,235.1426181774238,0.33769508411934046,-1.0300915357761675,0.9510246819032026,4,2,2025-12-01
VLO/PYPL,VLO,PYPL,raw_momentum,305.2405380605169,0.1761288183177605,-1.0300915357761675,0.9132988497199401,6,2,2025-12-01
MGM/JKHY,MGM,JKHY,raw_momentum,-542.9793756052751,-0.2824057021543272,-1.0300915357761675,2.316211701368569e-08,6,2,2025-12-01
MGM/NEM,MGM,NEM,raw_momentum,2189.508595480525,0.743065158751092,-1.0300915357761675,0.9999990508430912,6,2,2025-12-01
ODFL/NFLX,ODFL,NFLX,raw_momentum,-2003.012426707826,-1.001875100568537,-1.0300915357761675,0.00035680433120453055,4,2,2025-12-01
ODFL/MOS,ODFL,MOS,raw_momentum,-350.1030795061607,-0.44878480831780304,-1.0300915357761675,6.498677725369555e-05,4,2,2025-12-01
UNH/ULTA,UNH,ULTA,raw_momentum,2629.287921925389,0.9105708266881546,-1.0300915357761675,0.9999937381325361,14,2,2025-12-01
UNH/PLTR,UNH,PLTR,raw_momentum,-2289.642879939674,-0.489255199583839,-1.0300915357761675,8.324836858243053e-15,16,2,2025-12-01
CVS/GPN,CVS,GPN,raw_momentum,3617.624613213353,1.410468460421682,-1.0300915357761675,0.9999999660532141,10,2,2025-12-01
CVS/FISV,CVS,FISV,raw_momentum,5168.521646988226,0.9731330424542907,-1.0300915357761675,0.9885145564595967,12,2,2025-12-01
PSX/ADBE,PSX,ADBE,raw_momentum,-1054.784395161526,-0.8522373012497321,-1.0300915357761675,9.246799061496296e-17,12,2,2025-12-01
STLD/INTU,STLD,INTU,fast_rebalance,-643.9114417492738,-0.28869633471706585,-1.1382955995520838,6.593090745722496e-13,22,2,2025-12-01
STLD/FMC,STLD,FMC,fast_rebalance,6243.248754186229,1.1521591642797873,-1.1382955995520838,0.9870194811459213,14,2,2025-12-01
KLAC/TRMB,KLAC,TRMB,fast_rebalance,869.1110758584753,0.8155831940155593,-1.1382955995520838,0.9999998948637401,8,2,2025-12-01
KLAC/NRG,KLAC,NRG,fast_rebalance,-1617.647727556886,-0.8620036583813958,-1.1382955995520838,0.0005776621873309667,6,2,2025-12-01
VLO/UHS,VLO,UHS,fast_rebalance,-1083.348453423635,-0.8995054996229547,-1.1382955995520838,5.788316475273821e-08,6,2,2025-12-01
VLO/PYPL,VLO,PYPL,fast_rebalance,1043.562066089975,0.5927192971394033,-1.1382955995520838,0.9999989119855651,10,2,2025-12-01
MGM/JKHY,MGM,JKHY,fast_rebalance,349.5979499094324,0.15298187489830117,-1.1382955995520838,0.8095180141272103,10,2,2025-12-01
MGM/NEM,MGM,NEM,fast_rebalance,88.54560403648452,0.029667175796309214,-1.1382955995520838,0.08577164957944866,16,2,2025-12-01
ODFL/NFLX,ODFL,NFLX,fast_rebalance,1751.880608225149,1.078331912357391,-1.1382955995520838,0.9999999635375808,8,2,2025-12-01
ODFL/MOS,ODFL,MOS,fast_rebalance,-685.7580803505186,-0.4283815781046444,-1.1382955995520838,4.2834129492279925e-15,12,2,2025-12-01
UNH/ULTA,UNH,ULTA,fast_rebalance,4713.94916835286,1.5191367378339165,-1.1382955995520838,0.9999953196845206,12,2,2025-12-01
UNH/PLTR,UNH,PLTR,fast_rebalance,3010.185852603214,0.6750831247380341,-1.1382955995520838,0.9999674158976954,14,2,2025-12-01
CVS/GPN,CVS,GPN,fast_rebalance,-1661.323545759961,-0.6276051274351112,-1.1382955995520838,1.2504199868814439e-06,22,2,2025-12-01
CVS/FISV,CVS,FISV,fast_rebalance,2471.393341339028,1.650596805524928,-1.1382955995520838,0.9999999999881628,18,2,2025-12-01
PSX/ADBE,PSX,ADBE,fast_rebalance,-230.4711242157393,-0.17938133985896054,-1.1382955995520838,7.601464591995599e-07,14,2,2025-12-01
STLD/INTU,STLD,INTU,raw_momentum_kalman,-1560.839939835661,-0.8194014909826791,-1.158114634602696,2.9006448156451373e-07,8,2,2025-12-01
STLD/FMC,STLD,FMC,raw_momentum_kalman,6436.388202497013,1.2968866645039767,-1.158114634602696,0.9884922836295844,10,2,2025-12-01
KLAC/TRMB,KLAC,TRMB,raw_momentum_kalman,1252.626256047486,1.0441152837247019,-1.158114634602696,0.9996937834062775,4,2,2025-12-01
KLAC/NRG,KLAC,NRG,raw_momentum_kalman,-606.1712829758787,-0.7907655617800199,-1.158114634602696,0.004975221754705402,2,2,2025-12-01
VLO/UHS,VLO,UHS,raw_momentum_kalman,227.8022495533728,0.33311020835269745,-1.158114634602696,0.9495857239762454,4,2,2025-12-01
VLO/PYPL,VLO,PYPL,raw_momentum_kalman,299.1545240277387,0.1733719776920491,-1.158114634602696,0.9057559336786465,6,2,2025-12-01
MGM/JKHY,MGM,JKHY,raw_momentum_kalman,-542.0873996707292,-0.2841839944332891,-1.158114634602696,2.3808675587987912e-08,6,2,2025-12-01
MGM/NEM,MGM,NEM,raw_momentum_kalman,2194.378650566311,0.7410976360592232,-1.158114634602696,0.9999988235308196,6,2,2025-12-01
ODFL/NFLX,ODFL,NFLX,raw_momentum_kalman,-1972.546387567379,-0.9972666501675315,-1.158114634602696,0.00035089670238016787,4,2,2025-12-01
ODFL/MOS,ODFL,MOS,raw_momentum_kalman,-322.4387551112271,-0.43032549696135824,-1.158114634602696,4.0593642136409796e-05,4,2,2025-12-01
UNH/ULTA,UNH,ULTA,raw_momentum_kalman,2629.287921925389,0.9105708266881546,-1.158114634602696,0.9999937381325361,14,2,2025-12-01
UNH/PLTR,UNH,PLTR,raw_momentum_kalman,-2042.044719559232,-0.431918721054422,-1.158114634602696,1.9916622673822052e-16,16,2,2025-12-01
CVS/GPN,CVS,GPN,raw_momentum_kalman,2761.546672993825,1.236643218824941,-1.158114634602696,0.9999999999341636,10,2,2025-12-01
CVS/FISV,CVS,FISV,raw_momentum_kalman,5138.282567545613,0.9671291749709686,-1.158114634602696,0.988556703165475,12,2,2025-12-01
PSX/ADBE,PSX,ADBE,raw_momentum_kalman,-1066.173965542247,-0.86377318360117,-1.158114634602696,9.189198492294727e-17,12,2,2025-12-01
STLD/INTU,STLD,INTU,beta_neutral,-614.6082629019035,-0.2876559711024186,-1.5227178085983568,1.9113666774349799e-16,9,2,2025-12-01
STLD/FMC,STLD,FMC,beta_neutral,1019.659775771847,0.4086647950970003,-1.5227178085983568,0.999999538238737,14,2,2025-12-01
KLAC/TRMB,KLAC,TRMB,beta_neutral,1751.096881741952,1.2996195564856752,-1.5227178085983568,0.9997436144349432,4,2,2025-12-01
KLAC/NRG,KLAC,NRG,beta_neutral,-1295.447636505208,-0.7907655617800199,-1.5227178085983568,0.004975221754705391,2,2,2025-12-01
VLO/UHS,VLO,UHS,beta_neutral,-43.33317389869077,-0.0440254714056004,-1.5227178085983568,0.00041693662265915603,4,2,2025-12-01
VLO/PYPL,VLO,PYPL,beta_neutral,-626.9447631331782,-0.2776162525249074,-1.5227178085983568,1.2382114229912784e-09,10,2,2025-12-01
MGM/JKHY,MGM,JKHY,beta_neutral,-581.5370563384199,-0.18441606182307746,-1.5227178085983568,5.276952210822599e-09,8,2,2025-12-01
MGM/NEM,MGM,NEM,beta_neutral,-75.84034805531826,-0.027440679627961533,-1.5227178085983568,0.0037120818867895436,8,2,2025-12-01
ODFL/NFLX,ODFL,NFLX,beta_neutral,-2234.470155955862,-1.314662104378999,-1.5227178085983568,1.718751794157242e-05,6,2,2025-12-01
ODFL/MOS,ODFL,MOS,beta_neutral,-763.0480217417954,-0.9464634113088592,-1.5227178085983568,0.0005509961631880425,4,2,2025-12-01
UNH/ULTA,UNH,ULTA,beta_neutral,3455.762597349599,1.0726378700720003,-1.5227178085983568,0.9999999076025258,11,2,2025-12-01
UNH/PLTR,UNH,PLTR,beta_neutral,7434.398915084011,1.2945125589563424,-1.5227178085983568,0.9999875839790296,15,2,2025-12-01
CVS/GPN,CVS,GPN,beta_neutral,-905.9793300873299,-0.35634986797734197,-1.5227178085983568,7.628477304824128e-10,11,2,2025-12-01
CVS/FISV,CVS,FISV,beta_neutral,2867.827887487321,0.5465297804899232,-1.5227178085983568,0.9859816674161211,14,2,2025-12-01
PSX/ADBE,PSX,ADBE,beta_neutral,-1992.954212750851,-1.3597041761433148,-1.5227178085983568,3.39860294701156e-17,16,2,2025-12-01
STLD/INTU,STLD,INTU,slow_rebalance,1057.893699209856,0.4791264666694937,-1.6051859550200438,0.9989203515654856,12,2,2025-12-01
STLD/FMC,STLD,FMC,slow_rebalance,6413.277571651355,1.1888937734310756,-1.6051859550200438,0.9879995621746327,8,2,2025-12-01
KLAC/TRMB,KLAC,TRMB,slow_rebalance,1497.572519824702,0.8271940434139927,-1.6051859550200438,0.9999999989218378,4,2,2025-12-01
KLAC/NRG,KLAC,NRG,slow_rebalance,-1006.000057194012,-0.9127537674148224,-1.6051859550200438,4.0581349828879825e-07,4,2,2025-12-01
VLO/UHS,VLO,UHS,slow_rebalance,-290.8967189309728,-0.20774092806931055,-1.6051859550200438,4.3976266833309555e-07,6,2,2025-12-01
VLO/PYPL,VLO,PYPL,slow_rebalance,1143.008975986447,0.5376694308713966,-1.6051859550200438,0.9999994054972093,8,2,2025-12-01
MGM/JKHY,MGM,JKHY,slow_rebalance,-576.8909194678879,-0.514757109802908,-1.6051859550200438,2.161172692493038e-10,6,2,2025-12-01
MGM/NEM,MGM,NEM,slow_rebalance,-500.380982433164,-0.185898698431006,-1.6051859550200438,6.819437386188776e-10,10,2,2025-12-01
ODFL/NFLX,ODFL,NFLX,slow_rebalance,-2550.758911155811,-1.3688025564985753,-1.6051859550200438,0.0012248267743890714,8,2,2025-12-01
ODFL/MOS,ODFL,MOS,slow_rebalance,476.3309768269012,0.2737289771316765,-1.6051859550200438,0.9724240177333682,6,2,2025-12-01
UNH/ULTA,UNH,ULTA,slow_rebalance,2555.150090947394,1.21384536289366,-1.6051859550200438,0.9999999570526436,8,2,2025-12-01
UNH/PLTR,UNH,PLTR,slow_rebalance,-4238.481394532108,-0.6626118296158574,-1.6051859550200438,1.2163251767258213e-09,12,2,2025-12-01
CVS/GPN,CVS,GPN,slow_rebalance,3506.235272301467,1.0665030733328529,-1.6051859550200438,0.9999999774564741,8,2,2025-12-01
CVS/FISV,CVS,FISV,slow_rebalance,-2647.687695887611,-0.769883923580322,-1.6051859550200438,1.643946910044008e-14,12,2,2025-12-01
PSX/ADBE,PSX,ADBE,slow_rebalance,-132.1100724927155,-0.05673950694178324,-1.6051859550200438,0.0021738841507602806,14,2,2025-12-01
STLD/INTU,STLD,INTU,no_reversal_protection,-522.331455681302,-0.21633176496591,-1.6949194897165172,9.136327911648248e-11,14,2,2025-12-01
STLD/FMC,STLD,FMC,no_reversal_protection,5611.747939429626,0.9971065705426915,-1.6949194897165172,0.9931701753577932,12,2,2025-12-01
KLAC/TRMB,KLAC,TRMB,no_reversal_protection,727.2911276786606,0.42148051270425985,-1.6949194897165172,0.999979303816318,8,2,2025-12-01
KLAC/NRG,KLAC,NRG,no_reversal_protection,-611.8050130362014,-0.79076556178002,-1.6949194897165172,0.004975221754705391,2,2,2025-12-01
VLO/UHS,VLO,UHS,no_reversal_protection,815.2156574724326,0.6248607810546405,-1.6949194897165172,0.9999892752213156,4,2,2025-12-01
VLO/PYPL,VLO,PYPL,no_reversal_protection,-425.0629503475865,-0.21971093899544966,-1.6949194897165172,2.551168804194051e-08,10,2,2025-12-01
MGM/JKHY,MGM,JKHY,no_reversal_protection,-334.2454122057841,-0.1576784605059551,-1.6949194897165172,8.188561910275599e-07,8,2,2025-12-01
MGM/NEM,MGM,NEM,no_reversal_protection,946.4901541560253,0.30910424141806747,-1.6949194897165172,0.9971897642698825,8,2,2025-12-01
ODFL/NFLX,ODFL,NFLX,no_reversal_protection,-5956.645352421017,-1.5720240734656687,-1.6949194897165172,2.272977351817344e-12,8,2,2025-12-01
ODFL/MOS,ODFL,MOS,no_reversal_protection,910.8753464528861,0.6436844744505027,-1.6949194897165172,0.9999995773590564,4,2,2025-12-01
UNH/ULTA,UNH,ULTA,no_reversal_protection,3864.087639457363,1.1836964456802195,-1.6949194897165172,0.9999999942629394,12,2,2025-12-01
UNH/PLTR,UNH,PLTR,no_reversal_protection,-686.7064365907727,-0.14327250165021185,-1.6949194897165172,1.2400608179396127e-11,14,2,2025-12-01
CVS/GPN,CVS,GPN,no_reversal_protection,4925.80813065759,1.5873814723597466,-1.6949194897165172,0.99999997950429,12,2,2025-12-01
CVS/FISV,CVS,FISV,no_reversal_protection,-5546.001911866315,-1.0828466398490924,-1.6949194897165172,2.293081343262027e-05,14,2,2025-12-01
PSX/ADBE,PSX,ADBE,no_reversal_protection,-1594.376951225649,-1.1001087197710329,-1.6949194897165172,4.7999906465477784e-21,14,2,2025-12-01
STLD/INTU,STLD,INTU,balanced,-1134.967816028835,-0.5612577933820116,-1.7347923475246485,1.8880437797704648e-10,10,2,2025-12-01
STLD/FMC,STLD,FMC,balanced,4169.109519384622,0.7664004119764082,-1.7347923475246485,0.9884513247441247,14,2,2025-12-01
KLAC/TRMB,KLAC,TRMB,balanced,1200.937460367856,1.0138239466483197,-1.7347923475246485,0.9996909303746618,4,2,2025-12-01
KLAC/NRG,KLAC,NRG,balanced,-788.5709315048681,-0.9749812715884723,-1.7347923475246485,0.003968680167533808,2,2,2025-12-01
VLO/UHS,VLO,UHS,balanced,465.2194007184301,0.6610561709832842,-1.7347923475246485,0.994940598810706,4,2,2025-12-01
VLO/PYPL,VLO,PYPL,balanced,-775.1784805555769,-0.38797619890387847,-1.7347923475246485,1.9366572951081342e-11,10,2,2025-12-01
MGM/JKHY,MGM,JKHY,balanced,-968.1393317429123,-0.49666228078151464,-1.7347923475246485,5.847555659253908e-09,8,2,2025-12-01
MGM/NEM,MGM,NEM,balanced,1560.348347056881,0.5036615093439426,-1.7347923475246485,0.9999892845111404,10,2,2025-12-01
ODFL/NFLX,ODFL,NFLX,balanced,-2911.871159767305,-1.381208152874419,-1.7347923475246485,0.0001861075419550823,6,2,2025-12-01
ODFL/MOS,ODFL,MOS,balanced,869.0264678296066,0.7156541614749078,-1.7347923475246485,0.999524927342001,4,2,2025-12-01
UNH/ULTA,UNH,ULTA,balanced,2789.123335021071,0.9673698752099498,-1.7347923475246485,0.9999931571426814,12,2,2025-12-01
UNH/PLTR,UNH,PLTR,balanced,3102.277272631857,0.5585942507309036,-1.7347923475246485,0.9998196813934239,16,2,2025-12-01
CVS/GPN,CVS,GPN,balanced,2602.002187709219,1.176327278461188,-1.7347923475246485,0.999999999748578,10,2,2025-12-01
CVS/FISV,CVS,FISV,balanced,-1052.562955962446,-0.49952127196992807,-1.7347923475246485,3.770362328593274e-17,14,2,2025-12-01
PSX/ADBE,PSX,ADBE,balanced,-1803.933116589918,-1.396748504850975,-1.7347923475246485,1.3582815077540777e-18,16,2,2025-12-01
STLD/INTU,STLD,INTU,let_profits_run,1319.521981978012,0.7712554238709827,-1.8223036643238604,0.9999999999999714,6,2,2025-12-01
STLD/FMC,STLD,FMC,let_profits_run,6647.416802899989,1.3907704862692822,-1.8223036643238604,0.9889365718663673,4,2,2025-12-01
KLAC/TRMB,KLAC,TRMB,let_profits_run,527.470002829634,0.5140548068613646,-1.8223036643238604,0.9999998526573869,2,2,2025-12-01
KLAC/NRG,KLAC,NRG,let_profits_run,-909.382087594553,-0.5466675132098031,-1.8223036643238604,2.4180865684397406e-11,2,2,2025-12-01
VLO/UHS,VLO,UHS,let_profits_run,-92.11115265787424,-0.05134331347873758,-1.8223036643238604,0.0010430725908169227,4,2,2025-12-01
VLO/PYPL,VLO,PYPL,let_profits_run,-126.9277590493612,-0.05545085274733063,-1.8223036643238604,0.0006645370632833565,10,2,2025-12-01
MGM/JKHY,MGM,JKHY,let_profits_run,-2793.799657816473,-1.514666864752082,-1.8223036643238604,5.058444514709384e-19,10,2,2025-12-01
MGM/NEM,MGM,NEM,let_profits_run,-823.0054360779222,-0.19894934833817218,-1.8223036643238604,1.7246237966876333e-10,10,2,2025-12-01
ODFL/NFLX,ODFL,NFLX,let_profits_run,-1641.94287386839,-0.8197166716021168,-1.8223036643238604,4.607893604669869e-16,10,2,2025-12-01
ODFL/MOS,ODFL,MOS,let_profits_run,-122.9656038837778,-0.11885008578209084,-1.8223036643238604,7.23272709277904e-05,4,2,2025-12-01
UNH/ULTA,UNH,ULTA,let_profits_run,1821.015169000673,0.9772053122843631,-1.8223036643238604,0.9999999999998384,8,2,2025-12-01
UNH/PLTR,UNH,PLTR,let_profits_run,-7875.133486499871,-1.1593358942054126,-1.8223036643238604,5.192299810570841e-09,12,2,2025-12-01
CVS/GPN,CVS,GPN,let_profits_run,1149.223377277129,0.41829644736874355,-1.8223036643238604,0.9999850293716355,10,2,2025-12-01
CVS/FISV,CVS,FISV,let_profits_run,3174.750225445183,0.6477862886077641,-1.8223036643238604,0.989486907319513,10,2,2025-12-01
PSX/ADBE,PSX,ADBE,let_profits_run,1247.074596933468,0.5366656383493263,-1.8223036643238604,0.9999996303008994,12,2,2025-12-01
STLD/INTU,STLD,INTU,uniform_weights,-1462.273892911218,-0.656681275141934,-1.9344458631546448,1.2898354447581951e-11,12,2,2025-12-01
STLD/FMC,STLD,FMC,uniform_weights,4708.206548694255,0.8857540234029334,-1.9344458631546448,0.9860762354051583,12,2,2025-12-01
KLAC/TRMB,KLAC,TRMB,uniform_weights,2252.970296697612,1.5453125923473174,-1.9344458631546448,0.9999996791089769,6,2,2025-12-01
KLAC/NRG,KLAC,NRG,uniform_weights,-616.3930505112678,-0.7907655617800199,-1.9344458631546448,0.004975221754705402,2,2,2025-12-01
VLO/UHS,VLO,UHS,uniform_weights,467.9990813345968,0.6663174063784328,-1.9344458631546448,0.9949078286189861,4,2,2025-12-01
VLO/PYPL,VLO,PYPL,uniform_weights,-425.0629503475865,-0.21971093899544966,-1.9344458631546448,2.551168804194051e-08,10,2,2025-12-01
MGM/JKHY,MGM,JKHY,uniform_weights,-843.6823026454905,-0.4357419619826956,-1.9344458631546448,6.44962449616672e-09,8,2,2025-12-01
MGM/NEM,MGM,NEM,uniform_weights,1922.743498528475,0.6250105405058389,-1.9344458631546448,0.9999990190771378,8,2,2025-12-01
ODFL/NFLX,ODFL,NFLX,uniform_weights,-6221.320352421018,-1.684016764356991,-1.9344458631546448,3.176368099904989e-11,8,2,2025-12-01
ODFL/MOS,ODFL,MOS,uniform_weights,1380.52544956319,1.1703444925445798,-1.9344458631546448,0.9999970854653621,4,2,2025-12-01
UNH/ULTA,UNH,ULTA,uniform_weights,2789.123335021071,0.9673698752099498,-1.9344458631546448,0.9999931571426814,12,2,2025-12-01
UNH/PLTR,UNH,PLTR,uniform_weights,-2252.362879939673,-0.48256884829565777,-1.9344458631546448,8.406765164276047e-15,16,2,2025-12-01
CVS/GPN,CVS,GPN,uniform_weights,3623.785031931743,1.0242964441145055,-1.9344458631546448,0.9999999980094603,14,2,2025-12-01
CVS/FISV,CVS,FISV,uniform_weights,-519.2470826514932,-0.2759739964753895,-1.9344458631546448,1.0371215298396022e-11,14,2,2025-12-01
PSX/ADBE,PSX,ADBE,uniform_weights,-1742.856501450031,-1.365271158403538,-1.9344458631546448,9.867517628336168e-19,14,2,2025-12-01
STLD/INTU,STLD,INTU,no_skip_month,-1061.878618091332,-0.4682428675739945,-1.9888493345604492,8.996424507058849e-13,12,2,2025-12-01
STLD/FMC,STLD,FMC,no_skip_month,3564.405471072854,0.6606436185877799,-1.9888493345604492,0.9887325410104437,16,2,2025-12-01
KLAC/TRMB,KLAC,TRMB,no_skip_month,-936.4317283647088,-0.3845193706846112,-1.9888493345604492,3.105946687230467e-10,10,2,2025-12-01
KLAC/NRG,KLAC,NRG,no_skip_month,-3943.494416000067,-1.154237368419563,-1.9888493345604492,0.0012733787874670817,4,2,2025-12-01
VLO/UHS,VLO,UHS,no_skip_month,467.9990813345968,0.6663174063784328,-1.9888493345604492,0.9949078286189861,4,2,2025-12-01
VLO/PYPL,VLO,PYPL,no_skip_month,-421.1474728057377,-0.21864941568363397,-1.9888493345604492,2.478244335489677e-08,10,2,2025-12-01
MGM/JKHY,MGM,JKHY,no_skip_month,-767.6723026454889,-0.3936373294322649,-1.9888493345604492,5.001463012355959e-09,8,2,2025-12-01
MGM/NEM,MGM,NEM,no_skip_month,1010.393214207068,0.3336384649240065,-1.9888493345604492,0.9987452487611177,10,2,2025-12-01
ODFL/NFLX,ODFL,NFLX,no_skip_month,-2017.14549406689,-1.58955611979146,-1.9888493345604492,2.257372336696115e-12,8,2,2025-12-01
ODFL/MOS,ODFL,MOS,no_skip_month,586.2933677767817,0.45494215731925397,-1.9888493345604492,0.9990715797484164,4,2,2025-12-01
UNH/ULTA,UNH,ULTA,no_skip_month,-2723.301475203069,-0.49028349969031465,-1.9888493345604492,4.889647685726384e-14,20,2,2025-12-01
UNH/PLTR,UNH,PLTR,no_skip_month,481.129088834237,0.12504038630731767,-1.9888493345604492,0.6394474347581216,16,2,2025-12-01
CVS/GPN,CVS,GPN,no_skip_month,4845.384275998211,1.2429181677589265,-1.9888493345604492,0.9999999999982612,18,2,2025-12-01
CVS/FISV,CVS,FISV,no_skip_month,1745.445523679068,0.971436451302275,-1.9888493345604492,0.9999999999993213,16,2,2025-12-01
PSX/ADBE,PSX,ADBE,no_skip_month,-1697.3574931292,-1.3200838652751226,-1.9888493345604492,2.7338731385080476e-19,16,2,2025-12-01
STLD/INTU,STLD,INTU,vol_weighted_sizing,-1512.127432650759,-0.6533640772325117,-2.017148856713831,1.0755290897436689e-12,14,2,2025-12-01
STLD/FMC,STLD,FMC,vol_weighted_sizing,4709.106548694253,0.8859470293263172,-2.017148856713831,0.9860719371526827,12,2,2025-12-01
KLAC/TRMB,KLAC,TRMB,vol_weighted_sizing,1129.062344594356,0.7517066760632454,-2.017148856713831,0.9999995609670874,8,2,2025-12-01
KLAC/NRG,KLAC,NRG,vol_weighted_sizing,-616.3930505112678,-0.7907655617800199,-2.017148856713831,0.004975221754705402,2,2,2025-12-01
VLO/UHS,VLO,UHS,vol_weighted_sizing,467.9990813345968,0.6663174063784328,-2.017148856713831,0.9949078286189861,4,2,2025-12-01
VLO/PYPL,VLO,PYPL,vol_weighted_sizing,-425.0629503475865,-0.21971093899544966,-2.017148856713831,2.551168804194051e-08,10,2,2025-12-01
MGM/JKHY,MGM,JKHY,vol_weighted_sizing,-767.882302645489,-0.39345306224850096,-2.017148856713831,4.887375655402359e-09,8,2,2025-12-01
MGM/NEM,MGM,NEM,vol_weighted_sizing,1509.521147635334,0.5047772683513548,-2.017148856713831,0.9999761648401427,8,2,2025-12-01
ODFL/NFLX,ODFL,NFLX,vol_weighted_sizing,-6221.320352421018,-1.684016764356991,-2.017148856713831,3.176368099904989e-11,8,2,2025-12-01
ODFL/MOS,ODFL,MOS,vol_weighted_sizing,1652.963691054764,1.3544646471977817,-2.017148856713831,0.9999984886798351,4,2,2025-12-01
UNH/ULTA,UNH,ULTA,vol_weighted_sizing,2726.582513555054,0.9452440009401449,-2.017148856713831,0.9999933552543703,14,2,2025-12-01
UNH/PLTR,UNH,PLTR,vol_weighted_sizing,-2252.362879939673,-0.48256884829565777,-2.017148856713831,8.406765164276047e-15,16,2,2025-12-01
CVS/GPN,CVS,GPN,vol_weighted_sizing,3623.785031931743,1.0242964441145055,-2.017148856713831,0.9999999980094603,14,2,2025-12-01
CVS/FISV,CVS,FISV,vol_weighted_sizing,-519.2470826514932,-0.2759739964753895,-2.017148856713831,1.0371215298396022e-11,14,2,2025-12-01
PSX/ADBE,PSX,ADBE,vol_weighted_sizing,-1742.856501450031,-1.365271158403538,-2.017148856713831,9.867517628336168e-19,14,2,2025-12-01
STLD/INTU,STLD,INTU,long_term_kalman,1938.046642083219,1.1892242419584167,-2.0425827111218084,0.9999999999999968,4,2,2025-12-01
STLD/FMC,STLD,FMC,long_term_kalman,6541.724466763654,1.4768063654508123,-2.0425827111218084,0.989832261314331,4,2,2025-12-01
KLAC/TRMB,KLAC,TRMB,long_term_kalman,313.2829790537982,0.24302000201374463,-2.0425827111218084,0.9707062208689453,4,2,2025-12-01
KLAC/NRG,KLAC,NRG,long_term_kalman,-1007.403304918428,-0.9165372350030939,-2.0425827111218084,3.295519001082845e-07,2,2,2025-12-01
VLO/UHS,VLO,UHS,long_term_kalman,-838.3581743681317,-0.7331035012291728,-2.0425827111218084,5.3309344734176234e-14,6,2,2025-12-01
VLO/PYPL,VLO,PYPL,long_term_kalman,507.9594689313565,0.20732916163726836,-2.0425827111218084,0.9685263154409252,10,2,2025-12-01
MGM/JKHY,MGM,JKHY,long_term_kalman,-1925.233623221287,-1.1731055093346114,-2.0425827111218084,5.851601162181301e-14,6,2,2025-12-01
MGM/NEM,MGM,NEM,long_term_kalman,-1034.211361079076,-0.2773020316220807,-2.0425827111218084,1.3106264028683654e-14,8,2,2025-12-01
ODFL/NFLX,ODFL,NFLX,long_term_kalman,-1007.24519860607,-0.5052205519452324,-2.0425827111218084,2.1393974268422557e-15,10,2,2025-12-01
ODFL/MOS,ODFL,MOS,long_term_kalman,-176.0159038694999,-0.17904028614420062,-2.0425827111218084,2.8533180701584233e-05,4,2,2025-12-01
UNH/ULTA,UNH,ULTA,long_term_kalman,245.1218400496373,0.09259660186485205,-2.0425827111218084,0.41728661192280436,8,2,2025-12-01
UNH/PLTR,UNH,PLTR,long_term_kalman,-10336.99811623407,-1.630722799535773,-2.0425827111218084,1.8056925503083018e-06,12,2,2025-12-01
CVS/GPN,CVS,GPN,long_term_kalman,-635.1424418125481,-0.2243678088075618,-2.0425827111218084,2.3969890333365592e-06,6,2,2025-12-01
CVS/FISV,CVS,FISV,long_term_kalman,5458.003603678743,1.143505865265174,-2.0425827111218084,0.9833296823015948,8,2,2025-12-01
PSX/ADBE,PSX,ADBE,long_term_kalman,1367.028945216343,0.5866027050450384,-2.0425827111218084,0.9999997889221494,12,2,2025-12-01
STLD/INTU,STLD,INTU,default,-1134.78846407031,-0.5611491024904708,-2.044537346653042,1.8803555019354024e-10,10,2,2025-12-01
STLD/FMC,STLD,FMC,default,4034.254540100176,0.7449802029958936,-2.044537346653042,0.9882887519693472,14,2,2025-12-01
KLAC/TRMB,KLAC,TRMB,default,1200.937460367856,1.0138239466483197,-2.044537346653042,0.9996909303746618,4,2,2025-12-01
KLAC/NRG,KLAC,NRG,default,-616.3930505112678,-0.7907655617800199,-2.044537346653042,0.004975221754705402,2,2,2025-12-01
VLO/UHS,VLO,UHS,default,469.2312092672948,0.6680892172543492,-2.044537346653042,0.9949367865033268,4,2,2025-12-01
VLO/PYPL,VLO,PYPL,default,-419.314463130521,-0.21638314883235632,-2.044537346653042,3.202039958432092e-08,10,2,2025-12-01
MGM/JKHY,MGM,JKHY,default,-849.8093317429131,-0.43752624250863215,-2.044537346653042,6.507595439047764e-09,8,2,2025-12-01
MGM/NEM,MGM,NEM,default,1228.673322685808,0.40992230943308516,-2.044537346653042,0.999757187453091,8,2,2025-12-01
ODFL/NFLX,ODFL,NFLX,default,-1461.422498449371,-1.3237509882853336,-2.044537346653042,2.212713173210148e-08,6,2,2025-12-01
ODFL/MOS,ODFL,MOS,default,869.0264678296066,0.7156541614749078,-2.044537346653042,0.999524927342001,4,2,2025-12-01
UNH/ULTA,UNH,ULTA,default,2789.123335021071,0.9673698752099498,-2.044537346653042,0.9999931571426814,12,2,2025-12-01
UNH/PLTR,UNH,PLTR,default,-2273.672879939675,-0.4863837434592818,-2.044537346653042,8.363764760978256e-15,16,2,2025-12-01
CVS/GPN,CVS,GPN,default,2601.11218770922,1.176312809252948,-2.044537346653042,0.9999999997420499,10,2,2025-12-01
CVS/FISV,CVS,FISV,default,858.2354322716399,0.5153758427763943,-2.044537346653042,0.9999459941486247,10,2,2025-12-01
PSX/ADBE,PSX,ADBE,default,-1803.090947536476,-1.4019890916997162,-2.044537346653042,1.4653554275935466e-18,16,2,2025-12-01
STLD/INTU,STLD,INTU,kalman_hedge,-1512.127432650759,-0.6533640772325117,-2.0503093260428686,1.0755290897436689e-12,14,2,2025-12-01
STLD/FMC,STLD,FMC,kalman_hedge,4604.149551153994,0.9425840796507627,-2.0503093260428686,0.986671840621934,12,2,2025-12-01
KLAC/TRMB,KLAC,TRMB,kalman_hedge,1175.275562027673,0.7646117164193512,-2.0503093260428686,0.9999997188584084,8,2,2025-12-01
KLAC/NRG,KLAC,NRG,kalman_hedge,-601.5832455008112,-0.7907655617800198,-2.0503093260428686,0.004975221754705391,2,2,2025-12-01
VLO/UHS,VLO,UHS,kalman_hedge,449.8944037396708,0.6501443210035835,-2.0503093260428686,0.9949327842917427,4,2,2025-12-01
VLO/PYPL,VLO,PYPL,kalman_hedge,-422.9693760597183,-0.21901671485515595,-2.0503093260428686,2.5265294209061e-08,10,2,2025-12-01
MGM/JKHY,MGM,JKHY,kalman_hedge,-767.0623026454911,-0.3955527480037183,-2.0503093260428686,4.194419333365828e-09,8,2,2025-12-01
MGM/NEM,MGM,NEM,kalman_hedge,1509.52097304616,0.5024773336020191,-2.0503093260428686,0.9999706182648205,8,2,2025-12-01
ODFL/NFLX,ODFL,NFLX,kalman_hedge,-6241.656280525466,-1.6882772842769982,-2.0503093260428686,3.589814903889524e-11,8,2,2025-12-01
ODFL/MOS,ODFL,MOS,kalman_hedge,1677.907932811524,1.4059591964748233,-2.0503093260428686,0.9999989044647765,4,2,2025-12-01
UNH/ULTA,UNH,ULTA,kalman_hedge,2724.227114847185,0.9444123481668146,-2.0503093260428686,0.9999933618782163,14,2,2025-12-01
UNH/PLTR,UNH,PLTR,kalman_hedge,-2034.574719559233,-0.43152785673664,-2.0503093260428686,2.475997976151384e-16,16,2,2025-12-01
CVS/GPN,CVS,GPN,kalman_hedge,3527.936470163563,1.0335806140868666,-2.0503093260428686,0.9999999989249527,14,2,2025-12-01
CVS/FISV,CVS,FISV,kalman_hedge,-520.351030201017,-0.27739565385729986,-2.0503093260428686,1.1299973762681721e-11,14,2,2025-12-01
PSX/ADBE,PSX,ADBE,kalman_hedge,-1745.79362803132,-1.3668602117632935,-2.0503093260428686,9.324972776678994e-19,14,2,2025-12-01
STLD/INTU,STLD,INTU,fast_strict,-193.2622584550247,-0.15138525342361162,-2.261905178725313,4.1426063756384095e-06,22,2,2025-12-01
STLD/FMC,STLD,FMC,fast_strict,4869.150797804439,1.2044479744218364,-2.261905178725313,0.9869832682323152,16,2,2025-12-01
KLAC/TRMB,KLAC,TRMB,fast_strict,765.0241780864873,1.2432118501861043,-2.261905178725313,0.9999999041707403,8,2,2025-12-01
KLAC/NRG,KLAC,NRG,fast_strict,-1205.239189844783,-0.8661656137046579,-2.261905178725313,0.0005788470151626543,6,2,2025-12-01
VLO/UHS,VLO,UHS,fast_strict,-728.7416578043459,-0.8092239203167159,-2.261905178725313,3.797016391549614e-08,6,2,2025-12-01
VLO/PYPL,VLO,PYPL,fast_strict,766.3684109935068,0.5796811847653882,-2.261905178725313,0.999998535231496,10,2,2025-12-01
MGM/JKHY,MGM,JKHY,fast_strict,-385.8560624356468,-0.2457028713254733,-2.261905178725313,1.1362007672294014e-07,10,2,2025-12-01
MGM/NEM,MGM,NEM,fast_strict,-1277.957998903511,-0.4816956488668443,-2.261905178725313,3.25135046277284e-10,18,2,2025-12-01
ODFL/NFLX,ODFL,NFLX,fast_strict,1141.496994098828,0.9485970535944616,-2.261905178725313,0.999999927792512,8,2,2025-12-01
ODFL/MOS,ODFL,MOS,fast_strict,-247.1875861509102,-0.21282877256015337,-2.261905178725313,2.881112071180636e-10,12,2,2025-12-01
UNH/ULTA,UNH,ULTA,fast_strict,3118.659979655285,1.3757778051738834,-2.261905178725313,0.9999883923608792,12,2,2025-12-01
UNH/PLTR,UNH,PLTR,fast_strict,1833.096721887644,0.5538491941524936,-2.261905178725313,0.9999224818645532,14,2,2025-12-01
CVS/GPN,CVS,GPN,fast_strict,-549.7362599857754,-0.27404800524250256,-2.261905178725313,5.1980554019484505e-06,22,2,2025-12-01
CVS/FISV,CVS,FISV,fast_strict,687.4173277550117,0.8355427063875462,-2.261905178725313,0.9999999999999999,18,2,2025-12-01
PSX/ADBE,PSX,ADBE,fast_strict,-339.4614458695751,-0.4048524090095438,-2.261905178725313,2.336466216373585e-09,16,2,2025-12-01
STLD/INTU,STLD,INTU,beta_neutral_long_term,1113.076642083216,0.8050639626568913,-2.5677308430555796,0.9999999996644585,4,2,2025-12-01
STLD/FMC,STLD,FMC,beta_neutral_long_term,4042.567409435352,1.5707242468877327,-2.5677308430555796,1.0,4,2,2025-12-01
KLAC/TRMB,KLAC,TRMB,beta_neutral_long_term,832.1833371061813,0.4948171195402918,-2.5677308430555796,0.9999723856822302,4,2,2025-12-01
KLAC/NRG,KLAC,NRG,beta_neutral_long_term,-1300.035673980278,-0.7907655617800198,-2.5677308430555796,0.004975221754705378,2,2,2025-12-01
VLO/UHS,VLO,UHS,beta_neutral_long_term,-984.2946966209361,-0.8884096685513819,-2.5677308430555796,6.398647096515312e-13,6,2,2025-12-01
VLO/PYPL,VLO,PYPL,beta_neutral_long_term,922.0009926732982,0.32007841468955045,-2.5677308430555796,0.9999456035733149,10,2,2025-12-01
MGM/JKHY,MGM,JKHY,beta_neutral_long_term,-1076.948816696826,-0.8023226811176173,-2.5677308430555796,4.415379187301925e-15,6,2,2025-12-01
MGM/NEM,MGM,NEM,beta_neutral_long_term,-78.8007733718606,-0.029629643986175673,-2.5677308430555796,0.003976454304613873,8,2,2025-12-01
ODFL/NFLX,ODFL,NFLX,beta_neutral_long_term,-771.8929896109356,-0.32036995954288683,-2.5677308430555796,1.3423640208885516e-09,10,2,2025-12-01
ODFL/MOS,ODFL,MOS,beta_neutral_long_term,-644.6578582959633,-0.37666240469319995,-2.5677308430555796,1.390630351881617e-06,4,2,2025-12-01
UNH/ULTA,UNH,ULTA,beta_neutral_long_term,-244.1015076568101,-0.07130075150529101,-2.5677308430555796,0.0001835509627509078,8,2,2025-12-01
UNH/PLTR,UNH,PLTR,beta_neutral_long_term,-4843.030810227444,-1.2279388447668336,-2.5677308430555796,5.023476635824611e-18,11,2,2025-12-01
CVS/GPN,CVS,GPN,beta_neutral_long_term,642.0344351346091,0.2772360204153797,-2.5677308430555796,0.9944338025337441,6,2,2025-12-01
CVS/FISV,CVS,FISV,beta_neutral_long_term,1839.082721204457,1.046814446596214,-2.5677308430555796,0.999999999999935,8,2,2025-12-01
PSX/ADBE,PSX,ADBE,beta_neutral_long_term,958.1743895169826,0.4092444140686736,-2.5677308430555796,0.9999999034477787,12,2,2025-12-01
STLD/INTU,STLD,INTU,sensitive_reversal,-1003.359264924257,-0.571235304986391,-2.9188195106285053,5.35387174766043e-06,16,2,2025-12-01
STLD/FMC,STLD,FMC,sensitive_reversal,2308.73314222897,1.2491448079973924,-2.9188195106285053,0.9999999999479384,18,2,2025-12-01
KLAC/TRMB,KLAC,TRMB,sensitive_reversal,578.803498257358,0.8521804366936889,-2.9188195106285053,0.9999939994596987,4,2,2025-12-01
KLAC/NRG,KLAC,NRG,sensitive_reversal,-616.3930505112678,-0.7907655617800199,-2.9188195106285053,0.004975221754705402,2,2,2025-12-01
VLO/UHS,VLO,UHS,sensitive_reversal,669.5587159317729,1.6272760118709022,-2.9188195106285053,0.9994960650780955,4,2,2025-12-01
VLO/PYPL,VLO,PYPL,sensitive_reversal,1782.78875939764,1.167211908857069,-2.9188195106285053,0.9999993309274448,10,2,2025-12-01
MGM/JKHY,MGM,JKHY,sensitive_reversal,-647.86387824244,-0.34519294444006604,-2.9188195106285053,8.803484942698375e-08,10,2,2025-12-01
MGM/NEM,MGM,NEM,sensitive_reversal,45.65397044030078,0.017516803521458173,-2.9188195106285053,0.04332712033526625,12,2,2025-12-01
ODFL/NFLX,ODFL,NFLX,sensitive_reversal,-1357.096123992493,-1.2091183096227573,-2.9188195106285053,1.4267092422491507e-09,8,2,2025-12-01
ODFL/MOS,ODFL,MOS,sensitive_reversal,962.8439381280072,1.0384829915172467,-2.9188195106285053,0.999043900491973,4,2,2025-12-01
UNH/ULTA,UNH,ULTA,sensitive_reversal,2067.180869169817,0.8916188762459916,-2.9188195106285053,0.9999998275559279,14,2,2025-12-01
UNH/PLTR,UNH,PLTR,sensitive_reversal,-2744.539937540384,-0.578507389748134,-2.9188195106285053,2.1834141049743175e-13,20,2,2025-12-01
CVS/GPN,CVS,GPN,sensitive_reversal,-107.6097311288023,-0.06272209083729546,-2.9188195106285053,0.00013253423891083826,16,2,2025-12-01
CVS/FISV,CVS,FISV,sensitive_reversal,-685.1065845619509,-0.32974027698146213,-2.9188195106285053,3.210712264787902e-11,16,2,2025-12-01
PSX/ADBE,PSX,ADBE,sensitive_reversal,-611.0490305095683,-0.6512582088019282,-2.9188195106285053,5.830575249032261e-13,16,2,2025-12-01
STLD/INTU,STLD,INTU,long_term_tilt,1096.496642083217,0.8037063625600287,-3.1073000943423623,0.9999999996157862,4,2,2025-12-01
STLD/FMC,STLD,FMC,long_term_tilt,2703.490571924161,1.508403584774951,-3.1073000943423623,0.9999999991307482,4,2,2025-12-01
KLAC/TRMB,KLAC,TRMB,long_term_tilt,291.498002829637,0.2278769534980085,-3.1073000943423623,0.9582168418591184,4,2,2025-12-01
KLAC/NRG,KLAC,NRG,long_term_tilt,-1035.668993491943,-0.9353122088516278,-3.1073000943423623,5.315696245510615e-07,2,2,2025-12-01
VLO/UHS,VLO,UHS,long_term_tilt,-815.7243035965229,-0.7124160885024663,-3.1073000943423623,4.2658743526230585e-14,6,2,2025-12-01
VLO/PYPL,VLO,PYPL,long_term_tilt,545.7774599493075,0.22381779551631942,-3.1073000943423623,0.9836651825830098,10,2,2025-12-01
MGM/JKHY,MGM,JKHY,long_term_tilt,-1926.745944050196,-1.165408682144312,-3.1073000943423623,9.432843023001738e-14,6,2,2025-12-01
MGM/NEM,MGM,NEM,long_term_tilt,316.8279071836981,0.0911800053774791,-3.1073000943423623,0.40574729438878065,8,2,2025-12-01
ODFL/NFLX,ODFL,NFLX,long_term_tilt,-1327.243856467069,-0.6745941263350687,-3.1073000943423623,1.3775871956212917e-15,10,2,2025-12-01
ODFL/MOS,ODFL,MOS,long_term_tilt,-185.8171067959303,-0.18795194349081804,-3.1073000943423623,2.4089742124778052e-05,4,2,2025-12-01
UNH/ULTA,UNH,ULTA,long_term_tilt,294.2018400496374,0.10975666919220058,-3.1073000943423623,0.5419529941438502,8,2,2025-12-01
UNH/PLTR,UNH,PLTR,long_term_tilt,-10312.36039892827,-1.6280729602814932,-3.1073000943423623,1.7203769980299577e-06,12,2,2025-12-01
CVS/GPN,CVS,GPN,long_term_tilt,522.0114031191243,0.18735047705532612,-3.1073000943423623,0.9462738776235515,6,2,2025-12-01
CVS/FISV,CVS,FISV,long_term_tilt,155.7050963803607,0.09063796352014429,-3.1073000943423623,0.41126652681819054,8,2,2025-12-01
PSX/ADBE,PSX,ADBE,long_term_tilt,1368.813038824447,0.5878869877779959,-3.1073000943423623,0.9999997817881862,12,2,2025-12-01
STLD/INTU,STLD,INTU,crash_defensive,-510.4087583611584,-0.534337893425139,-3.8173937739566584,6.016920663743518e-11,14,2,2025-12-01
STLD/FMC,STLD,FMC,crash_defensive,2339.364983300323,0.8852686645402557,-3.8173937739566584,0.9860618744661837,12,2,2025-12-01
KLAC/TRMB,KLAC,TRMB,crash_defensive,569.8454451844432,0.7657017878275391,-3.8173937739566584,0.9999995523573354,8,2,2025-12-01
KLAC/NRG,KLAC,NRG,crash_defensive,-308.7193715482616,-0.7907655617800199,-3.8173937739566584,0.004975221754705378,2,2,2025-12-01
VLO/UHS,VLO,UHS,crash_defensive,229.2112747859258,0.6654938696641682,-3.8173937739566584,0.994916541792753,4,2,2025-12-01
VLO/PYPL,VLO,PYPL,crash_defensive,-208.9322424575292,-0.21831614095923466,-3.8173937739566584,2.2272661003231968e-08,10,2,2025-12-01
MGM/JKHY,MGM,JKHY,crash_defensive,-382.9408462771065,-0.3923368924981701,-3.8173937739566584,4.915820707579425e-09,8,2,2025-12-01
MGM/NEM,MGM,NEM,crash_defensive,755.3369231693338,0.5091596844602385,-3.8173937739566584,0.9999815017142527,8,2,2025-12-01
ODFL/NFLX,ODFL,NFLX,crash_defensive,-4767.830772537365,-1.481044178652532,-3.8173937739566584,1.3351859876829405e-09,8,2,2025-12-01
ODFL/MOS,ODFL,MOS,crash_defensive,824.3241174135161,1.3520251039363376,-3.8173937739566584,0.9999984465580107,4,2,2025-12-01
UNH/ULTA,UNH,ULTA,crash_defensive,357.098742407243,0.37773368200445906,-3.8173937739566584,0.99931408051852,14,2,2025-12-01
UNH/PLTR,UNH,PLTR,crash_defensive,-2244.516493865098,-0.6466844770841447,-3.8173937739566584,3.912810744885896e-05,16,2,2025-12-01
CVS/GPN,CVS,GPN,crash_defensive,1799.500788219107,1.0236379101109292,-3.8173937739566584,0.999999998046605,14,2,2025-12-01
CVS/FISV,CVS,FISV,crash_defensive,-588.0205185200089,-0.501653975517237,-3.8173937739566584,1.3356495680457246e-09,14,2,2025-12-01
PSX/ADBE,PSX,ADBE,crash_defensive,-862.2189474242643,-1.3709167722690654,-3.8173937739566584,1.143215858078639e-18,14,2,2025-12-01
STLD/INTU,STLD,INTU,conservative,-189.954734604329,-0.40136673894748326,-4.746228518575436,2.9298308782466457e-09,14,2,2025-12-01
STLD/FMC,STLD,FMC,conservative,1869.355824596471,0.9747877630393387,-4.746228518575436,0.9837058625443775,14,2,2025-12-01
KLAC/TRMB,KLAC,TRMB,conservative,-268.2926855999175,-0.7173790404847408,-4.746228518575436,3.9511587274939407e-10,8,2,2025-12-01
KLAC/NRG,KLAC,NRG,conservative,-229.5069330699767,-0.7907655617800198,-4.746228518575436,0.004975221754705378,2,2,2025-12-01
VLO/UHS,VLO,UHS,conservative,247.6436666711655,1.6149964360757219,-4.746228518575436,0.999512814345545,4,2,2025-12-01
VLO/PYPL,VLO,PYPL,conservative,439.951715966768,0.7129955315691073,-4.746228518575436,0.9999990704503798,10,2,2025-12-01
MGM/JKHY,MGM,JKHY,conservative,54.18042667367197,0.08100849000313773,-4.746228518575436,0.34234684298085694,8,2,2025-12-01
MGM/NEM,MGM,NEM,conservative,540.5621391744505,0.6169353554759678,-4.746228518575436,0.9999999810298859,8,2,2025-12-01
ODFL/NFLX,ODFL,NFLX,conservative,-1883.562294527598,-1.334612928129769,-4.746228518575436,2.3484872404543743e-07,8,2,2025-12-01
ODFL/MOS,ODFL,MOS,conservative,540.4143595641549,1.2357769236490537,-4.746228518575436,0.9999956778281316,4,2,2025-12-01
UNH/ULTA,UNH,ULTA,conservative,346.3805883823257,0.5268979791694537,-4.746228518575436,0.9998827530130172,14,2,2025-12-01
UNH/PLTR,UNH,PLTR,conservative,-783.8681538730898,-0.4012441976544694,-4.746228518575436,3.13351772590221e-10,16,2,2025-12-01
CVS/GPN,CVS,GPN,conservative,1672.404783086159,1.2836195426254096,-4.746228518575436,0.9999999999135575,16,2,2025-12-01
CVS/FISV,CVS,FISV,conservative,963.5621071704109,0.4899404866179329,-4.746228518575436,0.9879506725111805,18,2,2025-12-01
PSX/ADBE,PSX,ADBE,conservative,-402.3974059827981,-1.1457004863987563,-4.746228518575436,1.0299740099959056e-12,14,2,2025-12-01
STLD/INTU,STLD,INTU,vol_sized_conservative,-490.1438568493471,-0.8350058086685934,-6.63541253767383,2.527390683982295e-06,12,2,2025-12-01
STLD/FMC,STLD,FMC,vol_sized_conservative,1660.204671555578,0.8252362620672777,-6.63541253767383,0.9871128407248043,14,2,2025-12-01
KLAC/TRMB,KLAC,TRMB,vol_sized_conservative,452.204214362125,1.0205097518396335,-6.63541253767383,0.9996993060021513,4,2,2025-12-01
KLAC/NRG,KLAC,NRG,vol_sized_conservative,-229.5069330699767,-0.7907655617800198,-6.63541253767383,0.004975221754705378,2,2,2025-12-01
VLO/UHS,VLO,UHS,vol_sized_conservative,173.2996368929149,0.6613425950924194,-6.63541253767383,0.9949117860553304,4,2,2025-12-01
VLO/PYPL,VLO,PYPL,vol_sized_conservative,107.3326640027012,0.16951963991066205,-6.63541253767383,0.8906509606467955,10,2,2025-12-01
MGM/JKHY,MGM,JKHY,vol_sized_conservative,-361.9841646650568,-0.5119489219638225,-6.63541253767383,2.2025809655133845e-08,8,2,2025-12-01
MGM/NEM,MGM,NEM,vol_sized_conservative,225.3046749474172,0.20401019557706096,-6.63541253767383,0.9413126780386866,8,2,2025-12-01
ODFL/NFLX,ODFL,NFLX,vol_sized_conservative,-462.7767434722044,-1.2814084132419055,-6.63541253767383,4.57667203484442e-06,6,2,2025-12-01
ODFL/MOS,ODFL,MOS,vol_sized_conservative,324.4625737687163,0.7097063100725024,-6.63541253767383,0.9994982717929907,4,2,2025-12-01
UNH/ULTA,UNH,ULTA,vol_sized_conservative,273.6320008008727,0.39494717818593167,-6.63541253767383,0.9995109217840982,12,2,2025-12-01
UNH/PLTR,UNH,PLTR,vol_sized_conservative,-775.7022414167046,-0.3930585582155699,-6.63541253767383,9.622541518385311e-11,16,2,2025-12-01
CVS/GPN,CVS,GPN,vol_sized_conservative,964.2818676358467,1.1740690707358812,-6.63541253767383,0.9999999997170843,10,2,2025-12-01
CVS/FISV,CVS,FISV,vol_sized_conservative,-88.6874281210676,-0.1360706651006237,-6.63541253767383,1.6949939173674832e-07,12,2,2025-12-01
PSX/ADBE,PSX,ADBE,vol_sized_conservative,-614.4502227249042,-1.2768574687155678,-6.63541253767383,8.344433939996391e-20,16,2,2025-12-01
STLD/INTU,STLD,INTU,aggressive,-7740.488072141305,-0.9692913470087565,0.7318097049408858,3.1926343489802943e-28,40,3,2026-01-09
STLD/FMC,STLD,FMC,aggressive,21368.0070524953,1.471088250269908,0.7318097049408858,0.998208484130397,36,3,2026-01-09
KLAC/TRMB,KLAC,TRMB,aggressive,8645.170540204883,1.329631632842634,0.7318097049408858,1.0,40,3,2026-01-09
KLAC/NRG,KLAC,NRG,aggressive,1593.483364701518,0.103199052412369,0.7318097049408858,0.5209093597551862,38,3,2026-01-09
VLO/UHS,VLO,UHS,aggressive,-7144.495759950217,-0.852523976548749,0.7318097049408858,8.003542214313573e-21,38,3,2026-01-09
VLO/PYPL,VLO,PYPL,aggressive,-3304.992926668916,-0.3059117934377008,0.7318097049408858,1.1148122334962643e-16,42,3,2026-01-09
MGM/JKHY,MGM,JKHY,aggressive,-8324.429055609058,-0.9363439388635212,0.7318097049408858,3.352472698629203e-16,40,3,2026-01-09
MGM/NEM,MGM,NEM,aggressive,6835.11665722661,0.6614934364030078,0.7318097049408858,0.9999999999998768,38,3,2026-01-09
ODFL/NFLX,ODFL,NFLX,aggressive,17115.27652994027,1.4881278612874655,0.7318097049408858,1.0,46,3,2026-01-09
ODFL/MOS,ODFL,MOS,aggressive,3022.002459837695,0.269007147441844,0.7318097049408858,0.997481981510375,40,3,2026-01-09
UNH/ULTA,UNH,ULTA,aggressive,2070.975798571842,0.19903857432155414,0.7318097049408858,0.9736192173136762,40,3,2026-01-09
UNH/PLTR,UNH,PLTR,aggressive,16553.91420731891,0.9566575087755177,0.7318097049408858,0.9999999999999962,46,3,2026-01-09
CVS/GPN,CVS,GPN,aggressive,7137.288676022868,0.7857430590770393,0.7318097049408858,0.999999999990317,38,3,2026-01-09
CVS/FISV,CVS,FISV,aggressive,12462.97784330366,0.8411639379845121,0.7318097049408858,0.9974841807593803,40,3,2026-01-09
PSX/ADBE,PSX,ADBE,aggressive,-1807.450516228857,-0.2444147067957481,0.7318097049408858,1.1569981885565389e-10,42,3,2026-01-09
STLD/INTU,STLD,INTU,short_term_beta_neutral,482.0122575240016,0.18349772932952826,0.6170681044785631,0.9504000503313872,28,3,2026-01-09
STLD/FMC,STLD,FMC,short_term_beta_neutral,5400.605296793388,1.4834765165082047,0.6170681044785631,0.9999999999999863,20,3,2026-01-09
KLAC/TRMB,KLAC,TRMB,short_term_beta_neutral,786.188041849694,0.3458188882234014,0.6170681044785631,0.9999464399037045,14,3,2026-01-09
KLAC/NRG,KLAC,NRG,short_term_beta_neutral,-1186.781860016027,-0.5904166950449784,0.6170681044785631,2.060625569524491e-09,12,3,2026-01-09
VLO/UHS,VLO,UHS,short_term_beta_neutral,-1506.299906711554,-0.7844462569178188,0.6170681044785631,3.034126375751042e-06,6,3,2026-01-09
VLO/PYPL,VLO,PYPL,short_term_beta_neutral,9187.504489174626,1.6688715363219928,0.6170681044785631,0.9999979612549906,14,3,2026-01-09
MGM/JKHY,MGM,JKHY,short_term_beta_neutral,1073.867790971084,0.2923956311518176,0.6170681044785631,0.9659307946590016,12,3,2026-01-09
MGM/NEM,MGM,NEM,short_term_beta_neutral,722.8353709489431,0.2768628162880292,0.6170681044785631,0.9847399141526176,16,3,2026-01-09
ODFL/NFLX,ODFL,NFLX,short_term_beta_neutral,11904.03523944568,1.7433943932418647,0.6170681044785631,0.9999991329245806,20,3,2026-01-09
ODFL/MOS,ODFL,MOS,short_term_beta_neutral,-3288.538447697934,-1.4158620708492333,0.6170681044785631,1.098978674463004e-09,18,3,2026-01-09
UNH/ULTA,UNH,ULTA,short_term_beta_neutral,5599.699027641359,1.4776751242792299,0.6170681044785631,0.9999999942977488,18,3,2026-01-09
UNH/PLTR,UNH,PLTR,short_term_beta_neutral,9478.765788842362,0.9147629026084848,0.6170681044785631,0.9999999989223655,15,3,2026-01-09
CVS/GPN,CVS,GPN,short_term_beta_neutral,1330.337615868156,0.44365386005971735,0.6170681044785631,0.9999998398480219,26,3,2026-01-09
CVS/FISV,CVS,FISV,short_term_beta_neutral,2807.553297123827,1.755642078543912,0.6170681044785631,1.0,18,3,2026-01-09
PSX/ADBE,PSX,ADBE,short_term_beta_neutral,-747.8622314555863,-0.46478804836491994,0.6170681044785631,3.51829150865988e-16,16,3,2026-01-09
STLD/INTU,STLD,INTU,kalman_aggressive,-2947.752392254217,-0.4050382624100212,-0.1782855820429714,2.1214654590622044e-19,40,3,2026-01-09
STLD/FMC,STLD,FMC,kalman_aggressive,14161.37061518863,1.291013230372308,-0.1782855820429714,0.9976338979864805,38,3,2026-01-09
KLAC/TRMB,KLAC,TRMB,kalman_aggressive,9017.42280931769,1.7148280059482375,-0.1782855820429714,1.0,40,3,2026-01-09
KLAC/NRG,KLAC,NRG,kalman_aggressive,2341.496487934992,0.19904918439970345,-0.1782855820429714,0.9269770857014464,36,3,2026-01-09
VLO/UHS,VLO,UHS,kalman_aggressive,-6127.810445114519,-0.9254542941737197,-0.1782855820429714,4.1901671081333136e-22,36,3,2026-01-09
VLO/PYPL,VLO,PYPL,kalman_aggressive,-6973.275380926059,-0.9603481370742013,-0.1782855820429714,1.987564194848159e-33,42,3,2026-01-09
MGM/JKHY,MGM,JKHY,kalman_aggressive,-4308.507451217769,-0.6123049916577433,-0.1782855820429714,6.36837554943673e-17,38,3,2026-01-09
MGM/NEM,MGM,NEM,kalman_aggressive,4065.191367466463,0.41125805480915867,-0.1782855820429714,0.999991088867814,42,3,2026-01-09
ODFL/NFLX,ODFL,NFLX,kalman_aggressive,305.3869407675822,0.033484470814687646,-0.1782855820429714,0.08499565182641916,48,3,2026-01-09
ODFL/MOS,ODFL,MOS,kalman_aggressive,1696.422156346853,0.20145558555466705,-0.1782855820429714,0.9585531571715226,36,3,2026-01-09
UNH/ULTA,UNH,ULTA,kalman_aggressive,-4390.106340703305,-0.5496183530198608,-0.1782855820429714,2.157609346782839e-14,44,3,2026-01-09
UNH/PLTR,UNH,PLTR,kalman_aggressive,5580.004964771768,0.3793204723773994,-0.1782855820429714,0.9999989300972667,48,3,2026-01-09
CVS/GPN,CVS,GPN,kalman_aggressive,5509.440149752665,0.7779406452568272,-0.1782855820429714,0.9999999991812688,44,3,2026-01-09
CVS/FISV,CVS,FISV,kalman_aggressive,3945.63955761494,0.588344716017529,-0.1782855820429714,0.9999852688196482,44,3,2026-01-09
PSX/ADBE,PSX,ADBE,kalman_aggressive,-1082.683156787821,-0.1945150089994016,-0.1782855820429714,7.580768700801913e-09,44,3,2026-01-09
STLD/INTU,STLD,INTU,weekly_aligned_windows,-1358.148795003643,-0.3056187455458491,-0.4608421115806523,7.854226243968404e-14,80,3,2026-01-09
STLD/FMC,STLD,FMC,weekly_aligned_windows,3399.012996618823,0.46753483248178684,-0.4608421115806523,0.9998810621658274,80,3,2026-01-09
KLAC/TRMB,KLAC,TRMB,weekly_aligned_windows,917.4810898504641,0.2317746629001746,-0.4608421115806523,0.9987016265249692,68,3,2026-01-09
KLAC/NRG,KLAC,NRG,weekly_aligned_windows,2296.35540644197,0.46022009084141635,-0.4608421115806523,0.999999999911712,74,3,2026-01-09
VLO/UHS,VLO,UHS,weekly_aligned_windows,-655.1192389861129,-0.1443954751328207,-0.4608421115806523,6.454755542041748e-06,74,3,2026-01-09
VLO/PYPL,VLO,PYPL,weekly_aligned_windows,2500.499866757583,0.395561660352472,-0.4608421115806523,0.9999999074087668,74,3,2026-01-09
MGM/JKHY,MGM,JKHY,weekly_aligned_windows,2066.907892538003,0.3410353493928123,-0.4608421115806523,0.9999990887267551,78,3,2026-01-09
MGM/NEM,MGM,NEM,weekly_aligned_windows,-950.1501925534753,-0.14918657511145833,-0.4608421115806523,4.59964924298349e-08,78,3,2026-01-09
ODFL/NFLX,ODFL,NFLX,weekly_aligned_windows,-1651.308959296955,-0.22782903566864052,-0.4608421115806523,2.6191826330536755e-08,76,3,2026-01-09
ODFL/MOS,ODFL,MOS,weekly_aligned_windows,472.8441496415446,0.09929705593912415,-0.4608421115806523,0.48975745881492583,78,3,2026-01-09
UNH/ULTA,UNH,ULTA,weekly_aligned_windows,2921.39623453174,0.48949372859618967,-0.4608421115806523,0.9999999999300594,84,3,2026-01-09
UNH/PLTR,UNH,PLTR,weekly_aligned_windows,1205.941904843783,0.09344738599202658,-0.4608421115806523,0.45480838893330194,74,3,2026-01-09
CVS/GPN,CVS,GPN,weekly_aligned_windows,4099.4257200167,0.8246741777243812,-0.4608421115806523,1.0,78,3,2026-01-09
CVS/FISV,CVS,FISV,weekly_aligned_windows,5146.385212405226,0.7437561496039885,-0.4608421115806523,0.9998963816360148,74,3,2026-01-09
PSX/ADBE,PSX,ADBE,weekly_aligned_windows,-5799.860791677736,-0.7503705856112639,-0.4608421115806523,4.0978670402724913e-07,78,3,2026-01-09
STLD/INTU,STLD,INTU,crash_tolerant,-4628.158351727591,-0.9142039312943384,-0.8101157597023304,5.645993489814805e-13,16,3,2026-01-09
STLD/FMC,STLD,FMC,crash_tolerant,9460.3320939595,0.847465280826048,-0.8101157597023304,0.9880483817085282,16,3,2026-01-09
KLAC/TRMB,KLAC,TRMB,crash_tolerant,2300.247412816178,0.7351042007959252,-0.8101157597023304,0.9999995964808659,8,3,2026-01-09
KLAC/NRG,KLAC,NRG,crash_tolerant,-273.3331010225336,-0.11606933940584138,-0.8101157597023304,2.1866501879196753e-06,8,3,2026-01-09
VLO/UHS,VLO,UHS,crash_tolerant,931.4818253858805,0.6413431585356062,-0.8101157597023304,0.9949240695327896,4,3,2026-01-09
VLO/PYPL,VLO,PYPL,crash_tolerant,-1398.881357682114,-0.32853039073190565,-0.8101157597023304,2.7029690927306972e-11,10,3,2026-01-09
MGM/JKHY,MGM,JKHY,crash_tolerant,-1658.581176558118,-0.41001526660638066,-0.8101157597023304,4.261933600041942e-09,8,3,2026-01-09
MGM/NEM,MGM,NEM,crash_tolerant,3016.526585567117,0.4878715778579019,-0.8101157597023304,0.9999758721716122,8,3,2026-01-09
ODFL/NFLX,ODFL,NFLX,crash_tolerant,-8211.343185556203,-1.392510694873553,-0.8101157597023304,1.2621601780200971e-08,14,3,2026-01-09
ODFL/MOS,ODFL,MOS,crash_tolerant,3437.794610854369,0.8631941861533431,-0.8101157597023304,0.9999999999997853,8,3,2026-01-09
UNH/ULTA,UNH,ULTA,crash_tolerant,6337.267806315875,1.0489552063624454,-0.8101157597023304,0.9999971058834936,16,3,2026-01-09
UNH/PLTR,UNH,PLTR,crash_tolerant,-2807.65198358722,-0.3453652282707355,-0.8101157597023304,2.052723135155534e-22,18,3,2026-01-09
CVS/GPN,CVS,GPN,crash_tolerant,7244.705912611475,0.989915913661331,-0.8101157597023304,0.9999999980261729,14,3,2026-01-09
CVS/FISV,CVS,FISV,crash_tolerant,-399.8545253161757,-0.11047117809536051,-0.8101157597023304,1.6890326443147456e-05,14,3,2026-01-09
PSX/ADBE,PSX,ADBE,crash_tolerant,-4680.208620330075,-1.5544321293262409,-0.8101157597023304,7.551871759334765e-18,14,3,2026-01-09
STLD/INTU,STLD,INTU,monthly_aligned_windows,-99.57915693470386,-0.010518869216796407,-0.8461239493974166,0.010917899200553407,28,3,2026-01-09
STLD/FMC,STLD,FMC,monthly_aligned_windows,4905.198531846931,0.8568035735382177,-0.8461239493974166,0.9951694743262985,28,3,2026-01-09
KLAC/TRMB,KLAC,TRMB,monthly_aligned_windows,-536.9772845526722,-0.23193491098593697,-0.8461239493974166,3.489820554855898e-09,30,3,2026-01-09
KLAC/NRG,KLAC,NRG,monthly_aligned_windows,484.8092218687385,0.10775615949333517,-0.8461239493974166,0.5633613435653642,28,3,2026-01-09
VLO/UHS,VLO,UHS,monthly_aligned_windows,-3817.773871741213,-0.5011411201605458,-0.8461239493974166,3.0959239575815477e-06,28,3,2026-01-09
VLO/PYPL,VLO,PYPL,monthly_aligned_windows,2038.390206130114,0.4248336179202049,-0.8461239493974166,0.9999950038158242,30,3,2026-01-09
MGM/JKHY,MGM,JKHY,monthly_aligned_windows,514.2122649028554,0.1539494293010927,-0.8461239493974166,0.8826266895729944,28,3,2026-01-09
MGM/NEM,MGM,NEM,monthly_aligned_windows,-6758.496122704911,-0.6484692018357792,-0.8461239493974166,0.00039723370653562675,30,3,2026-01-09
ODFL/NFLX,ODFL,NFLX,monthly_aligned_windows,-934.5007296959418,-0.20634112673227925,-0.8461239493974166,4.887437961128098e-08,30,3,2026-01-09
ODFL/MOS,ODFL,MOS,monthly_aligned_windows,5280.02576764954,0.4533697884114691,-0.8461239493974166,0.9998503380517129,30,3,2026-01-09
UNH/ULTA,UNH,ULTA,monthly_aligned_windows,-3504.538575056603,-0.6501942101662931,-0.8461239493974166,1.2545654376584297e-10,30,3,2026-01-09
UNH/PLTR,UNH,PLTR,monthly_aligned_windows,6526.920369244606,0.7810883516985173,-0.8461239493974166,0.9999999998313924,28,3,2026-01-09
CVS/GPN,CVS,GPN,monthly_aligned_windows,3055.94339677934,0.9267784281599629,-0.8461239493974166,0.9999999999999998,28,3,2026-01-09
CVS/FISV,CVS,FISV,monthly_aligned_windows,2848.056242668044,0.7633467087437595,-0.8461239493974166,0.999999651216483,30,3,2026-01-09
PSX/ADBE,PSX,ADBE,monthly_aligned_windows,-4702.181055146126,-2.117199597720446,-0.8461239493974166,1.0806320790814887e-14,28,3,2026-01-09
STLD/INTU,STLD,INTU,trend_leverage,-3273.267201061076,-0.9041226121135724,-0.9675696400173516,8.571229740313894e-12,14,3,2026-01-09
STLD/FMC,STLD,FMC,trend_leverage,7104.422346046622,0.8475757212409609,-0.9675696400173516,0.9880099216352706,16,3,2026-01-09
KLAC/TRMB,KLAC,TRMB,trend_leverage,3382.947099140762,1.493686231865769,-0.9675696400173516,0.999999717072123,6,3,2026-01-09
KLAC/NRG,KLAC,NRG,trend_leverage,-458.5474336166239,-0.2562277381095646,-0.9675696400173516,3.575734201329636e-08,8,3,2026-01-09
VLO/UHS,VLO,UHS,trend_leverage,692.694018837208,0.6397869479890945,-0.9675696400173516,0.9949262110283885,4,3,2026-01-09
VLO/PYPL,VLO,PYPL,trend_leverage,-1587.839502387826,-0.485715302769249,-0.9675696400173516,6.727702070187783e-14,10,3,2026-01-09
MGM/JKHY,MGM,JKHY,trend_leverage,-617.7196296994207,-0.19956871229858078,-0.9675696400173516,7.527367731051964e-08,8,3,2026-01-09
MGM/NEM,MGM,NEM,trend_leverage,2371.897227694506,0.5122771774443357,-0.9675696400173516,0.9999847416242532,8,3,2026-01-09
ODFL/NFLX,ODFL,NFLX,trend_leverage,-10054.75230173754,-1.5986338479569913,-0.9675696400173516,1.0671601928507635e-13,14,3,2026-01-09
ODFL/MOS,ODFL,MOS,trend_leverage,2564.399676907522,0.8615741602275081,-0.9675696400173516,0.9999999999997718,8,3,2026-01-09
UNH/ULTA,UNH,ULTA,trend_leverage,4715.102883041447,1.0500790319412203,-0.9675696400173516,0.9999976741664692,16,3,2026-01-09
UNH/PLTR,UNH,PLTR,trend_leverage,3844.099716806889,0.447072122189359,-0.9675696400173516,0.999457815663799,18,3,2026-01-09
CVS/GPN,CVS,GPN,trend_leverage,5415.36215673729,0.9919948813330268,-0.9675696400173516,0.9999999981640135,14,3,2026-01-09
CVS/FISV,CVS,FISV,trend_leverage,-1945.880442451637,-0.5893857862948122,-0.9675696400173516,2.4343767641532235e-17,14,3,2026-01-09
PSX/ADBE,PSX,ADBE,trend_leverage,-3478.58592739333,-1.5483002167705244,-0.9675696400173516,4.1987438094764496e-18,14,3,2026-01-09
STLD/INTU,STLD,INTU,short_term_tilt,-1543.332251465199,-0.5980656254432226,-0.9677249628706523,2.5434771345850597e-15,24,3,2026-01-09
STLD/FMC,STLD,FMC,short_term_tilt,5867.447251614487,1.0361744909782629,-0.9677249628706523,0.9887800634895485,18,3,2026-01-09
KLAC/TRMB,KLAC,TRMB,short_term_tilt,1245.155381759201,1.1675281348967808,-0.9677249628706523,0.9999999506507498,8,3,2026-01-09
KLAC/NRG,KLAC,NRG,short_term_tilt,-1285.700849337936,-0.6302557456450416,-0.9677249628706523,4.981265212959693e-05,12,3,2026-01-09
VLO/UHS,VLO,UHS,short_term_tilt,-1083.348453423635,-0.870787428536178,-0.9677249628706523,5.8091378929108966e-08,6,3,2026-01-09
VLO/PYPL,VLO,PYPL,short_term_tilt,1042.454596622462,0.5731005631374281,-0.9677249628706523,0.9999989114428671,12,3,2026-01-09
MGM/JKHY,MGM,JKHY,short_term_tilt,354.4490873311557,0.1498638477901189,-0.9677249628706523,0.8171714269651698,10,3,2026-01-09
MGM/NEM,MGM,NEM,short_term_tilt,94.75192897540978,0.030710588267296713,-0.9677249628706523,0.09308680318186996,16,3,2026-01-09
ODFL/NFLX,ODFL,NFLX,short_term_tilt,3496.918511022384,1.5609824461298774,-0.9677249628706523,0.9999999999193501,14,3,2026-01-09
ODFL/MOS,ODFL,MOS,short_term_tilt,-554.5239959156604,-0.25393535350112606,-0.9677249628706523,2.2594642759326238e-10,16,3,2026-01-09
UNH/ULTA,UNH,ULTA,short_term_tilt,5238.584189407513,1.6090597869951455,-0.9677249628706523,0.9999980496576025,12,3,2026-01-09
UNH/PLTR,UNH,PLTR,short_term_tilt,3022.052850563722,0.6577150346590702,-0.9677249628706523,0.999969339937558,14,3,2026-01-09
CVS/GPN,CVS,GPN,short_term_tilt,-397.629835546555,-0.13913583945030403,-0.9677249628706523,5.6673513606495886e-05,28,3,2026-01-09
CVS/FISV,CVS,FISV,short_term_tilt,2484.783354132729,1.6035029822028393,-0.9677249628706523,0.9999999999890753,18,3,2026-01-09
PSX/ADBE,PSX,ADBE,short_term_tilt,-264.6411242157405,-0.19624541283168787,-0.9677249628706523,1.757519013517719e-07,14,3,2026-01-09
STLD/INTU,STLD,INTU,entry_threshold_strong,-1766.631118984132,-0.7326275563239808,-1.0196324494725315,3.203570584628114e-13,12,3,2026-01-09
STLD/FMC,STLD,FMC,entry_threshold_strong,5972.431430019185,1.0574658719616725,-1.0196324494725315,0.989675416215822,14,3,2026-01-09
KLAC/TRMB,KLAC,TRMB,entry_threshold_strong,1286.77771531109,0.695824486822796,-1.0196324494725315,0.9999999947378244,4,3,2026-01-09
KLAC/NRG,KLAC,NRG,entry_threshold_strong,-41.51493150486806,-0.034852555982735095,-1.0196324494725315,0.0015711361577025785,6,3,2026-01-09
VLO/UHS,VLO,UHS,entry_threshold_strong,463.4827440512807,0.6375675258505242,-1.0196324494725315,0.9949213498377628,4,3,2026-01-09
VLO/PYPL,VLO,PYPL,entry_threshold_strong,-378.4630805609805,-0.18656783087465934,-1.0196324494725315,2.6145825095832674e-07,10,3,2026-01-09
MGM/JKHY,MGM,JKHY,entry_threshold_strong,-859.5544418548398,-0.40001379538087123,-1.0196324494725315,2.920866686811345e-10,8,3,2026-01-09
MGM/NEM,MGM,NEM,entry_threshold_strong,2779.587053175248,0.9538512949923215,-1.0196324494725315,0.9999999792789117,6,3,2026-01-09
ODFL/NFLX,ODFL,NFLX,entry_threshold_strong,-5438.589843804539,-1.426529444573285,-1.0196324494725315,7.843222958258466e-13,14,3,2026-01-09
ODFL/MOS,ODFL,MOS,entry_threshold_strong,1143.452584438868,0.5487087103033593,-1.0196324494725315,0.999999983149366,8,3,2026-01-09
UNH/ULTA,UNH,ULTA,entry_threshold_strong,4039.438931588884,1.207321832499672,-1.0196324494725315,0.9999999577519149,12,3,2026-01-09
UNH/PLTR,UNH,PLTR,entry_threshold_strong,-204.3108240752867,-0.03511518663640024,-1.0196324494725315,0.002352006610010415,18,3,2026-01-09
CVS/GPN,CVS,GPN,entry_threshold_strong,5740.951750286479,1.6770420448489578,-1.0196324494725315,0.9999999999852812,10,3,2026-01-09
CVS/FISV,CVS,FISV,entry_threshold_strong,2634.402418151533,0.4654733086372523,-1.0196324494725315,0.9903842278520271,14,3,2026-01-09
PSX/ADBE,PSX,ADBE,entry_threshold_strong,-2114.54754394268,-1.4009948967311852,-1.0196324494725315,1.043717844437114e-18,14,3,2026-01-09
STLD/INTU,STLD,INTU,entry_filter_kalman,-1770.703303734228,-0.7346900823685786,-1.0304385362282176,3.430606229361164e-13,12,3,2026-01-09
STLD/FMC,STLD,FMC,entry_filter_kalman,5916.267373287462,1.1101727304225544,-1.0304385362282176,0.9902891424889708,14,3,2026-01-09
KLAC/TRMB,KLAC,TRMB,entry_filter_kalman,1341.718641568033,0.7094066367551702,-1.0304385362282176,0.9999999961792034,4,3,2026-01-09
KLAC/NRG,KLAC,NRG,entry_filter_kalman,-35.15365875332861,-0.030064038603458198,-1.0304385362282176,0.002332940599780132,6,3,2026-01-09
VLO/UHS,VLO,UHS,entry_filter_kalman,463.4827440512807,0.6375675258505242,-1.0304385362282176,0.9949213498377628,4,3,2026-01-09
VLO/PYPL,VLO,PYPL,entry_filter_kalman,-394.9879213050974,-0.19486401103455017,-1.0304385362282176,1.629941434896881e-07,10,3,2026-01-09
MGM/JKHY,MGM,JKHY,entry_filter_kalman,-861.4557071022093,-0.40434540952667464,-1.0304385362282176,2.3259477838941239e-10,8,3,2026-01-09
MGM/NEM,MGM,NEM,entry_filter_kalman,2782.714425808314,0.9535717260949617,-1.0304385362282176,0.9999999750252522,6,3,2026-01-09
ODFL/NFLX,ODFL,NFLX,entry_filter_kalman,-5453.924838251189,-1.4290131014614282,-1.0304385362282176,1.1027041048514693e-12,14,3,2026-01-09
ODFL/MOS,ODFL,MOS,entry_filter_kalman,1399.286999540554,0.698386595308023,-1.0304385362282176,0.9999999997519312,8,3,2026-01-09
UNH/ULTA,UNH,ULTA,entry_filter_kalman,4039.438931588884,1.207321832499672,-1.0304385362282176,0.9999999577519149,12,3,2026-01-09
UNH/PLTR,UNH,PLTR,entry_filter_kalman,-306.1642712240068,-0.052639136722587965,-1.0304385362282176,0.0006959411634140009,18,3,2026-01-09
CVS/GPN,CVS,GPN,entry_filter_kalman,5697.668083777005,1.6664374003995208,-1.0304385362282176,0.9999999999730447,10,3,2026-01-09
CVS/FISV,CVS,FISV,entry_filter_kalman,2567.937291738695,0.4593287901035355,-1.0304385362282176,0.9906139452712134,14,3,2026-01-09
PSX/ADBE,PSX,ADBE,entry_filter_kalman,-2125.135423788994,-1.408261482970188,-1.0304385362282176,1.1175258881258361e-18,14,3,2026-01-09
STLD/INTU,STLD,INTU,fast_rebalance,-1339.354284917838,-0.5581123738417946,-1.0767987754827877,2.646157168237797e-14,22,3,2026-01-09
STLD/FMC,STLD,FMC,fast_rebalance,6061.969374460753,1.074379854729471,-1.0767987754827877,0.9885736213466891,18,3,2026-01-09
KLAC/TRMB,KLAC,TRMB,fast_rebalance,1091.987075858472,0.8557691245793894,-1.0767987754827877,0.9999999973173808,10,3,2026-01-09
KLAC/NRG,KLAC,NRG,fast_rebalance,-920.7117275568861,-0.4388001393756401,-1.0767987754827877,1.5352290042101026e-06,12,3,2026-01-09
VLO/UHS,VLO,UHS,fast_rebalance,-1083.348453423635,-0.870787428536178,-1.0767987754827877,5.8091378929108966e-08,6,3,2026-01-09
VLO/PYPL,VLO,PYPL,fast_rebalance,1043.562066089975,0.5738286422714406,-1.0767987754827877,0.9999989170482829,12,3,2026-01-09
MGM/JKHY,MGM,JKHY,fast_rebalance,351.4234917524452,0.148985977995212,-1.0767987754827877,0.8134146994190536,10,3,2026-01-09
MGM/NEM,MGM,NEM,fast_rebalance,88.54560403648452,0.028722905373078936,-1.0767987754827877,0.08575846165155415,16,3,2026-01-09
ODFL/NFLX,ODFL,NFLX,fast_rebalance,3480.797171986614,1.5603030692559514,-1.0767987754827877,0.9999999999341447,14,3,2026-01-09
ODFL/MOS,ODFL,MOS,fast_rebalance,-551.7285766549546,-0.25355060783149147,-1.0767987754827877,2.4731087540478483e-10,16,3,2026-01-09
UNH/ULTA,UNH,ULTA,fast_rebalance,4694.400648326085,1.471834459983467,-1.0767987754827877,0.9999954502776461,12,3,2026-01-09
UNH/PLTR,UNH,PLTR,fast_rebalance,2999.091148357084,0.6533242775350868,-1.0767987754827877,0.9999677636608301,14,3,2026-01-09
CVS/GPN,CVS,GPN,fast_rebalance,-1709.881260149848,-0.6267781381176668,-1.0767987754827877,1.1525140757220305e-06,24,3,2026-01-09
CVS/FISV,CVS,FISV,fast_rebalance,2471.393341339028,1.5975169784163357,-1.0767987754827877,0.9999999999876938,18,3,2026-01-09
PSX/ADBE,PSX,ADBE,fast_rebalance,-264.6411242157405,-0.19624541283168787,-1.0767987754827877,1.757519013517719e-07,14,3,2026-01-09
STLD/INTU,STLD,INTU,raw_momentum,-730.5309292542977,-0.4804869718455188,-1.259280849576207,7.334456286322159e-05,4,3,2026-01-09
STLD/FMC,STLD,FMC,raw_momentum,6036.684455656258,1.0887837788404136,-1.259280849576207,0.9891835966144136,14,3,2026-01-09
KLAC/TRMB,KLAC,TRMB,raw_momentum,1215.289844232035,1.0080403328757803,-1.259280849576207,0.9995459757893072,4,3,2026-01-09
KLAC/NRG,KLAC,NRG,raw_momentum,-229.1750505112655,-0.19576108858806884,-1.259280849576207,1.132490728555801e-07,6,3,2026-01-09
VLO/UHS,VLO,UHS,raw_momentum,235.1426181774238,0.32694203632039026,-1.259280849576207,0.9510995714742767,4,3,2026-01-09
VLO/PYPL,VLO,PYPL,raw_momentum,-183.7594619394818,-0.09635959205018783,-1.259280849576207,8.935671785598169e-05,8,3,2026-01-09
MGM/JKHY,MGM,JKHY,raw_momentum,-543.357576306475,-0.27354449478390264,-1.259280849576207,2.2637876689469467e-08,6,3,2026-01-09
MGM/NEM,MGM,NEM,raw_momentum,2189.508595480525,0.7193647643410604,-1.259280849576207,0.9999990611373482,6,3,2026-01-09
ODFL/NFLX,ODFL,NFLX,raw_momentum,-2128.973966934903,-1.027022246561016,-1.259280849576207,0.0003598926717713132,8,3,2026-01-09
ODFL/MOS,ODFL,MOS,raw_momentum,-615.0136648319487,-0.582683145674356,-1.259280849576207,6.916881603871615e-08,6,3,2026-01-09
UNH/ULTA,UNH,ULTA,raw_momentum,2947.112509857289,0.9850956681482012,-1.259280849576207,0.9999956678219724,16,3,2026-01-09
UNH/PLTR,UNH,PLTR,raw_momentum,-2832.460092927714,-0.5822730146378536,-1.259280849576207,3.0889601677099093e-13,18,3,2026-01-09
CVS/GPN,CVS,GPN,raw_momentum,3644.12225028734,1.3676516799264045,-1.259280849576207,0.9999999625733599,10,3,2026-01-09
CVS/FISV,CVS,FISV,raw_momentum,5170.259967387374,0.9422975600719948,-1.259280849576207,0.9885412961769803,12,3,2026-01-09
PSX/ADBE,PSX,ADBE,raw_momentum,-1625.624395161526,-1.116693562487359,-1.259280849576207,2.8040177078847415e-17,12,3,2026-01-09
STLD/INTU,STLD,INTU,raw_momentum_kalman,-1557.988539798286,-0.7926817602403419,-1.3291503318700433,2.753069209863651e-07,8,3,2026-01-09
STLD/FMC,STLD,FMC,raw_momentum_kalman,6063.52268884351,1.1670019632372493,-1.3291503318700433,0.990054191594673,14,3,2026-01-09
KLAC/TRMB,KLAC,TRMB,raw_momentum_kalman,1252.626256047486,1.0107448538596766,-1.3291503318700433,0.9996937424945657,4,3,2026-01-09
KLAC/NRG,KLAC,NRG,raw_momentum_kalman,-228.7502829758753,-0.19848123528389944,-1.3291503318700433,1.1799522985567459e-07,6,3,2026-01-09
VLO/UHS,VLO,UHS,raw_momentum_kalman,227.8022495533728,0.3225032782295665,-1.3291503318700433,0.9496613271910462,4,3,2026-01-09
VLO/PYPL,VLO,PYPL,raw_momentum_kalman,-191.685475972259,-0.1009841391103001,-1.3291503318700433,6.963188035397609e-05,8,3,2026-01-09
MGM/JKHY,MGM,JKHY,raw_momentum_kalman,-534.1695575822721,-0.271186832660547,-1.3291503318700433,2.5546926357845238e-08,6,3,2026-01-09
MGM/NEM,MGM,NEM,raw_momentum_kalman,2194.378650566311,0.7174602582896591,-1.3291503318700433,0.9999988362499863,6,3,2026-01-09
ODFL/NFLX,ODFL,NFLX,raw_momentum_kalman,-2099.86626747323,-1.0236740339558021,-1.3291503318700433,0.00035349683673513443,8,3,2026-01-09
ODFL/MOS,ODFL,MOS,raw_momentum_kalman,-123.9800228304766,-0.07410170317508379,-1.3291503318700433,0.0003401751440741721,8,3,2026-01-09
UNH/ULTA,UNH,ULTA,raw_momentum_kalman,2947.112509857289,0.9850956681482012,-1.3291503318700433,0.9999956678219724,16,3,2026-01-09
UNH/PLTR,UNH,PLTR,raw_momentum_kalman,-2543.812804143473,-0.5188305342991517,-1.3291503318700433,1.7641494916454894e-14,18,3,2026-01-09
CVS/GPN,CVS,GPN,raw_momentum_kalman,2768.144987340462,1.1956520749243,-1.3291503318700433,0.9999999999235611,10,3,2026-01-09
CVS/FISV,CVS,FISV,raw_momentum_kalman,5138.282567545613,0.936237359003838,-1.3291503318700433,0.9885727743393256,12,3,2026-01-09
PSX/ADBE,PSX,ADBE,raw_momentum_kalman,-1637.013965542247,-1.1268762223800213,-1.3291503318700433,3.297357990919345e-17,12,3,2026-01-09
STLD/INTU,STLD,INTU,beta_neutral,-1306.029079878098,-0.567823838170035,-1.473818423955346,2.971903161680275e-26,11,3,2026-01-09
STLD/FMC,STLD,FMC,beta_neutral,1194.323524068532,0.42848024015141456,-1.473818423955346,0.9999999903281369,18,3,2026-01-09
KLAC/TRMB,KLAC,TRMB,beta_neutral,1751.096881741952,1.2579890290295026,-1.473818423955346,0.9997432914455749,4,3,2026-01-09
KLAC/NRG,KLAC,NRG,beta_neutral,-1151.776636505207,-0.6049257188358983,-1.473818423955346,0.00024299714552842458,8,3,2026-01-09
VLO/UHS,VLO,UHS,beta_neutral,-43.33317389869077,-0.042624188118214744,-1.473818423955346,0.00041649731928842864,4,3,2026-01-09
VLO/PYPL,VLO,PYPL,beta_neutral,-1477.284763133176,-0.5807757713033764,-1.473818423955346,1.1206266243330357e-15,10,3,2026-01-09
MGM/JKHY,MGM,JKHY,beta_neutral,-581.2065127524515,-0.17842819969661933,-1.473818423955346,5.207267303441859e-09,8,3,2026-01-09
MGM/NEM,MGM,NEM,beta_neutral,-75.84034805531826,-0.02656727631423279,-1.473818423955346,0.0037093556079551924,8,3,2026-01-09
ODFL/NFLX,ODFL,NFLX,beta_neutral,-1611.329223369498,-0.7041695333427374,-1.473818423955346,1.9560034428122775e-06,11,3,2026-01-09
ODFL/MOS,ODFL,MOS,beta_neutral,1210.668739186112,0.5779309167477984,-1.473818423955346,0.9999971630590297,8,3,2026-01-09
UNH/ULTA,UNH,ULTA,beta_neutral,3250.72181570157,0.9611442962018479,-1.473818423955346,0.9999999798679908,13,3,2026-01-09
UNH/PLTR,UNH,PLTR,beta_neutral,6893.287388897208,1.1630128871614713,-1.473818423955346,0.999989795028201,17,3,2026-01-09
CVS/GPN,CVS,GPN,beta_neutral,-907.6784087122254,-0.345641458192438,-1.473818423955346,7.370228712939548e-10,11,3,2026-01-09
CVS/FISV,CVS,FISV,beta_neutral,2867.827887487321,0.5291147164704286,-1.473818423955346,0.9860055841473941,14,3,2026-01-09
PSX/ADBE,PSX,ADBE,beta_neutral,-1771.34421275085,-1.0654467432983452,-1.473818423955346,2.2095347935357695e-19,16,3,2026-01-09
STLD/INTU,STLD,INTU,no_reversal_protection,-881.4159377571063,-0.3463086172806912,-1.5268808167588677,2.0827371323910265e-14,14,3,2026-01-09
STLD/FMC,STLD,FMC,no_reversal_protection,5603.813951382458,0.9464758463565878,-1.5268808167588677,0.9947251913341008,14,3,2026-01-09
KLAC/TRMB,KLAC,TRMB,no_reversal_protection,727.2911276786606,0.40805628775203423,-1.5268808167588677,0.9999793717562455,8,3,2026-01-09
KLAC/NRG,KLAC,NRG,no_reversal_protection,1320.428986963799,0.7565546353058803,-1.5268808167588677,0.9999849301626289,6,3,2026-01-09
VLO/UHS,VLO,UHS,no_reversal_protection,815.2156574724326,0.6049427831000672,-1.5268808167588677,0.9999893432944037,4,3,2026-01-09
VLO/PYPL,VLO,PYPL,no_reversal_protection,-707.1729503475854,-0.33363283078846606,-1.5268808167588677,2.0283974691246413e-11,10,3,2026-01-09
MGM/JKHY,MGM,JKHY,no_reversal_protection,-392.1864361480182,-0.1788054833666808,-1.5268808167588677,1.806769197298735e-07,8,3,2026-01-09
MGM/NEM,MGM,NEM,no_reversal_protection,946.4901541560253,0.29926228802040694,-1.5268808167588677,0.997196127777775,8,3,2026-01-09
ODFL/NFLX,ODFL,NFLX,no_reversal_protection,-4030.243057167981,-0.9536687463508856,-1.5268808167588677,7.550073475633761e-17,12,3,2026-01-09
ODFL/MOS,ODFL,MOS,no_reversal_protection,1121.948452266207,0.5252051113386291,-1.5268808167588677,0.9999999998944513,8,3,2026-01-09
UNH/ULTA,UNH,ULTA,no_reversal_protection,4403.293703477219,1.2654434849330198,-1.5268808167588677,0.9999999939339574,14,3,2026-01-09
UNH/PLTR,UNH,PLTR,no_reversal_protection,-1415.817206175357,-0.2842652968928568,-1.5268808167588677,3.2526126041634454e-19,16,3,2026-01-09
CVS/GPN,CVS,GPN,no_reversal_protection,4926.67435603078,1.538129797763858,-1.5268808167588677,0.9999999798741092,12,3,2026-01-09
CVS/FISV,CVS,FISV,no_reversal_protection,-5546.001911866315,-1.0482275550463518,-1.5268808167588677,2.2916668481023593e-05,14,3,2026-01-09
PSX/ADBE,PSX,ADBE,no_reversal_protection,-2167.616951225648,-1.3140585580177238,-1.5268808167588677,1.246000078572349e-21,14,3,2026-01-09
STLD/INTU,STLD,INTU,slow_rebalance,986.2819796901113,0.39988181701290804,-1.794168405259852,0.9990356823961946,12,3,2026-01-09
STLD/FMC,STLD,FMC,slow_rebalance,6177.560242683829,1.086830664422957,-1.794168405259852,0.9909747448962287,10,3,2026-01-09
KLAC/TRMB,KLAC,TRMB,slow_rebalance,1497.572519824702,0.8007971102325167,-1.794168405259852,0.9999999989179026,4,3,2026-01-09
KLAC/NRG,KLAC,NRG,slow_rebalance,-204.6440571940134,-0.1460779728272045,-1.794168405259852,1.4600696855667158e-08,8,3,2026-01-09
VLO/UHS,VLO,UHS,slow_rebalance,-290.8967189309728,-0.20112772292641776,-1.794168405259852,4.372952888636032e-07,6,3,2026-01-09
VLO/PYPL,VLO,PYPL,slow_rebalance,996.1089759864485,0.45185320830318454,-1.794168405259852,0.9999963408349504,10,3,2026-01-09
MGM/JKHY,MGM,JKHY,slow_rebalance,-575.558328114796,-0.49675679359856434,-1.794168405259852,2.345919634590224e-10,6,3,2026-01-09
MGM/NEM,MGM,NEM,slow_rebalance,-500.380982433164,-0.17998101003852862,-1.794168405259852,6.795043678966242e-10,10,3,2026-01-09
ODFL/NFLX,ODFL,NFLX,slow_rebalance,-1800.16286020477,-0.8457410591569643,-1.794168405259852,2.871409568468763e-05,12,3,2026-01-09
ODFL/MOS,ODFL,MOS,slow_rebalance,21.13253787332826,0.011129428808526,-1.794168405259852,0.03220995317290508,8,3,2026-01-09
UNH/ULTA,UNH,ULTA,slow_rebalance,2420.268702948325,1.1123960462520657,-1.794168405259852,0.999999966552331,10,3,2026-01-09
UNH/PLTR,UNH,PLTR,slow_rebalance,-5712.885744472597,-0.8554120180619768,-1.794168405259852,1.519146730935493e-08,14,3,2026-01-09
CVS/GPN,CVS,GPN,slow_rebalance,3508.911822632132,1.0299191042742566,-1.794168405259852,0.9999999756353349,8,3,2026-01-09
CVS/FISV,CVS,FISV,slow_rebalance,-3201.397695887611,-0.8922762452053287,-1.794168405259852,5.595302977614517e-14,12,3,2026-01-09
PSX/ADBE,PSX,ADBE,slow_rebalance,-852.8300724927165,-0.32877763082565636,-1.794168405259852,5.431229151339868e-07,14,3,2026-01-09
STLD/INTU,STLD,INTU,balanced,-1849.205669661438,-0.8471059993686343,-1.8207087310169965,2.729288071634176e-10,12,3,2026-01-09
STLD/FMC,STLD,FMC,balanced,4157.35392652162,0.7326429645066224,-1.8207087310169965,0.990155778163668,18,3,2026-01-09
KLAC/TRMB,KLAC,TRMB,balanced,1200.937460367856,0.9814292815908571,-1.8207087310169965,0.9996909276139901,4,3,2026-01-09
KLAC/NRG,KLAC,NRG,balanced,-320.4059315048669,-0.26951659160337815,-1.8207087310169965,3.223996056113399e-08,8,3,2026-01-09
VLO/UHS,VLO,UHS,balanced,465.2194007184301,0.6399806925875067,-1.8207087310169965,0.9949629843826447,4,3,2026-01-09
VLO/PYPL,VLO,PYPL,balanced,-1057.288480555576,-0.4847136858636093,-1.8207087310169965,6.831111277858666e-14,10,3,2026-01-09
MGM/JKHY,MGM,JKHY,balanced,-1028.379863209607,-0.5101125677727669,-1.8207087310169965,5.841479074902817e-09,8,3,2026-01-09
MGM/NEM,MGM,NEM,balanced,1560.348347056881,0.48761517589497333,-1.8207087310169965,0.9999893464492083,10,3,2026-01-09
ODFL/NFLX,ODFL,NFLX,balanced,-2437.517333069055,-0.980036582055717,-1.8207087310169965,8.297901201191814e-06,12,3,2026-01-09
ODFL/MOS,ODFL,MOS,balanced,936.3873308500343,0.4691866908796963,-1.8207087310169965,0.999999466979925,8,3,2026-01-09
UNH/ULTA,UNH,ULTA,balanced,3248.512009070216,1.0766211876730907,-1.8207087310169965,0.9999969218912697,14,3,2026-01-09
UNH/PLTR,UNH,PLTR,balanced,2573.487954990648,0.44761791181314015,-1.8207087310169965,0.9994737954298094,18,3,2026-01-09
CVS/GPN,CVS,GPN,balanced,2600.966875170165,1.1395375700521024,-1.8207087310169965,0.9999999997578258,10,3,2026-01-09
CVS/FISV,CVS,FISV,balanced,-1052.562955962446,-0.48360709468493496,-1.8207087310169965,3.7917165937431037e-17,14,3,2026-01-09
PSX/ADBE,PSX,ADBE,balanced,-2377.173116589918,-1.5816325048077209,-1.8207087310169965,5.425988900158913e-18,16,3,2026-01-09
STLD/INTU,STLD,INTU,let_profits_run,1872.392160074588,0.8226856882822202,-1.9614416256770395,0.9999999999999867,8,3,2026-01-09
STLD/FMC,STLD,FMC,let_profits_run,7231.897597744543,1.4242491529997963,-1.9614416256770395,0.992170488868826,4,3,2026-01-09
KLAC/TRMB,KLAC,TRMB,let_profits_run,649.6560028296346,0.5795160566255668,-1.9614416256770395,0.9999999978114444,4,3,2026-01-09
KLAC/NRG,KLAC,NRG,let_profits_run,-1230.276087594554,-0.70096214288554,-1.9614416256770395,4.6021844153731786e-11,4,3,2026-01-09
VLO/UHS,VLO,UHS,let_profits_run,-92.11115265787424,-0.04970910683532552,-1.9614416256770395,0.001041929640162974,4,3,2026-01-09
VLO/PYPL,VLO,PYPL,let_profits_run,565.6122409506384,0.22482789164191486,-1.9614416256770395,0.9884446769696531,12,3,2026-01-09
MGM/JKHY,MGM,JKHY,let_profits_run,-2794.926640660184,-1.4671407231481788,-1.9614416256770395,4.539376542876484e-19,10,3,2026-01-09
MGM/NEM,MGM,NEM,let_profits_run,-823.0054360779222,-0.19261609952928793,-1.9614416256770395,1.7212078350287814e-10,10,3,2026-01-09
ODFL/NFLX,ODFL,NFLX,let_profits_run,-1609.12350609882,-0.7786237710905484,-1.9614416256770395,4.104934590804575e-16,12,3,2026-01-09
ODFL/MOS,ODFL,MOS,let_profits_run,-411.3388442399922,-0.3635219455326269,-1.9614416256770395,1.7374909057664358e-07,6,3,2026-01-09
UNH/ULTA,UNH,ULTA,let_profits_run,1816.713648951458,0.9489750490732304,-1.9614416256770395,0.9999999999998473,8,3,2026-01-09
UNH/PLTR,UNH,PLTR,let_profits_run,-8283.960900145608,-1.1773577523494878,-1.9614416256770395,6.227959849991014e-09,14,3,2026-01-09
CVS/GPN,CVS,GPN,let_profits_run,490.3814081071125,0.16586512888881252,-1.9614416256770395,0.9256644483369479,12,3,2026-01-09
CVS/FISV,CVS,FISV,let_profits_run,2134.990225445185,0.41815070745843047,-1.9614416256770395,0.9902494961021808,12,3,2026-01-09
PSX/ADBE,PSX,ADBE,let_profits_run,127.9145969334678,0.04742848536043012,-1.9614416256770395,0.1240857373589494,12,3,2026-01-09
STLD/INTU,STLD,INTU,long_term_kalman,2489.81232675809,1.1259496536105629,-1.9860519793388005,0.9999999999999712,6,3,2026-01-09
STLD/FMC,STLD,FMC,long_term_kalman,7122.190795893528,1.5131933684811691,-1.9860519793388005,0.9928146916803476,4,3,2026-01-09
KLAC/TRMB,KLAC,TRMB,long_term_kalman,432.3489790537988,0.31316741759021466,-1.9860519793388005,0.9964790670737964,6,3,2026-01-09
KLAC/NRG,KLAC,NRG,long_term_kalman,-1451.74030491843,-1.2382112302196147,-1.9860519793388005,3.8401967394624824e-07,4,3,2026-01-09
VLO/UHS,VLO,UHS,long_term_kalman,-838.3581743681317,-0.7097221416129925,-1.9860519793388005,5.383813410430221e-14,6,3,2026-01-09
VLO/PYPL,VLO,PYPL,long_term_kalman,1069.619468931357,0.39853896605256844,-1.9860519793388005,0.9999990868892252,14,3,2026-01-09
MGM/JKHY,MGM,JKHY,long_term_kalman,-1923.198317242705,-1.135153473908336,-1.9860519793388005,6.138977435989574e-14,6,3,2026-01-09
MGM/NEM,MGM,NEM,long_term_kalman,-1034.211361079076,-0.2684732935374844,-1.9860519793388005,1.3105270459568299e-14,8,3,2026-01-09
ODFL/NFLX,ODFL,NFLX,long_term_kalman,89.33347267486874,0.039437294258703626,-1.9860519793388005,0.10512783981448603,12,3,2026-01-09
ODFL/MOS,ODFL,MOS,long_term_kalman,-188.6294425548488,-0.18601530747474274,-1.9860519793388005,2.390743237326045e-05,6,3,2026-01-09
UNH/ULTA,UNH,ULTA,long_term_kalman,250.2243758856409,0.09192101612334878,-1.9860519793388005,0.4343772307161812,8,3,2026-01-09
UNH/PLTR,UNH,PLTR,long_term_kalman,-10653.75552246629,-1.6176188079066771,-1.9860519793388005,1.5180606519276163e-06,14,3,2026-01-09
CVS/GPN,CVS,GPN,long_term_kalman,-641.4218351018579,-0.21548881198386713,-1.9860519793388005,2.101102428077725e-06,8,3,2026-01-09
CVS/FISV,CVS,FISV,long_term_kalman,4896.533603678744,0.9870654760466208,-1.9860519793388005,0.9843513489699984,8,3,2026-01-09
PSX/ADBE,PSX,ADBE,long_term_kalman,328.9889452163432,0.11814508010953363,-1.9860519793388005,0.6507178130336562,14,3,2026-01-09
STLD/INTU,STLD,INTU,uniform_weights,-2176.360822502676,-0.9126914909562466,-1.9928706057832744,5.415514562978391e-12,14,3,2026-01-09
STLD/FMC,STLD,FMC,uniform_weights,4714.626778555563,0.8472294397243547,-1.9928706057832744,0.988015423022534,16,3,2026-01-09
KLAC/TRMB,KLAC,TRMB,uniform_weights,2252.970296697612,1.495681304498197,-1.9928706057832744,0.9999996755174761,6,3,2026-01-09
KLAC/NRG,KLAC,NRG,uniform_weights,-144.4280505112666,-0.12382711709506439,-1.9928706057832744,1.0701443866451045e-06,8,3,2026-01-09
VLO/UHS,VLO,UHS,uniform_weights,467.9990813345968,0.6450736291957366,-1.9928706057832744,0.9949304853064567,4,3,2026-01-09
VLO/PYPL,VLO,PYPL,uniform_weights,-707.1729503475854,-0.33363283078846606,-1.9928706057832744,2.0283974691246413e-11,10,3,2026-01-09
MGM/JKHY,MGM,JKHY,uniform_weights,-847.0471456785597,-0.42337144302513324,-1.9928706057832744,6.314913387879616e-09,8,3,2026-01-09
MGM/NEM,MGM,NEM,uniform_weights,1922.743498528475,0.6050877546901804,-1.9928706057832744,0.9999990272698329,8,3,2026-01-09
ODFL/NFLX,ODFL,NFLX,uniform_weights,-5744.982153025471,-1.4346565716825916,-1.9928706057832744,1.6340162151705588e-12,14,3,2026-01-09
ODFL/MOS,ODFL,MOS,uniform_weights,1445.201155503454,0.7389152449149349,-1.9928706057832744,0.999999999998827,8,3,2026-01-09
UNH/ULTA,UNH,ULTA,uniform_weights,3248.512009070216,1.0766211876730907,-1.9928706057832744,0.9999969218912697,14,3,2026-01-09
UNH/PLTR,UNH,PLTR,uniform_weights,-2754.749452009024,-0.5689212246735099,-1.9928706057832744,3.215743713754825e-13,18,3,2026-01-09
CVS/GPN,CVS,GPN,uniform_weights,3620.849613740593,0.9921294026551959,-1.9928706057832744,0.999999998072052,14,3,2026-01-09
CVS/FISV,CVS,FISV,uniform_weights,-519.2470826514932,-0.26718756487366563,-1.9928706057832744,1.0321689514484142e-11,14,3,2026-01-09
PSX/ADBE,PSX,ADBE,uniform_weights,-2316.096501450031,-1.555090042757317,-1.9928706057832744,6.031222123712072e-18,14,3,2026-01-09
STLD/INTU,STLD,INTU,no_skip_month,-1776.72848132438,-0.7324706332266374,-2.0755808028884877,4.2693833204189537e-13,14,3,2026-01-09
STLD/FMC,STLD,FMC,no_skip_month,3558.090784310959,0.6303435517730922,-2.0755808028884877,0.9903375473679664,20,3,2026-01-09
KLAC/TRMB,KLAC,TRMB,no_skip_month,-936.4317283647088,-0.37227374935723023,-2.0755808028884877,3.0840953889604314e-10,10,3,2026-01-09
KLAC/NRG,KLAC,NRG,no_skip_month,-3472.593416000065,-0.9565013993900564,-2.0755808028884877,0.0004783475901278073,10,3,2026-01-09
VLO/UHS,VLO,UHS,no_skip_month,467.9990813345968,0.6450736291957366,-2.0755808028884877,0.9949304853064567,4,3,2026-01-09
VLO/PYPL,VLO,PYPL,no_skip_month,-704.2874728057354,-0.3336861218097567,-2.0755808028884877,1.7560975300712102e-11,10,3,2026-01-09
MGM/JKHY,MGM,JKHY,no_skip_month,-826.2089287331236,-0.4098214893924163,-2.0755808028884877,4.5674488771337265e-09,8,3,2026-01-09
MGM/NEM,MGM,NEM,no_skip_month,1010.393214207068,0.32301469979091585,-2.0755808028884877,0.9987485997844104,10,3,2026-01-09
ODFL/NFLX,ODFL,NFLX,no_skip_month,-1550.830833679936,-0.8755146876066782,-2.0755808028884877,7.486433369633361e-06,14,3,2026-01-09
ODFL/MOS,ODFL,MOS,no_skip_month,641.167355262412,0.3149441115120314,-2.0755808028884877,0.9998696599127775,8,3,2026-01-09
UNH/ULTA,UNH,ULTA,no_skip_month,-2253.708133107636,-0.39217716726669316,-2.0755808028884877,3.154366966579056e-15,22,3,2026-01-09
UNH/PLTR,UNH,PLTR,no_skip_month,4.193408187304044,0.0010470021013069706,-2.0755808028884877,0.019688220034219536,18,3,2026-01-09
CVS/GPN,CVS,GPN,no_skip_month,4854.43211376984,1.2064757529808987,-2.0755808028884877,0.9999999999984116,18,3,2026-01-09
CVS/FISV,CVS,FISV,no_skip_month,1745.445523679068,0.940406072828274,-2.0755808028884877,0.9999999999993044,16,3,2026-01-09
PSX/ADBE,PSX,ADBE,no_skip_month,-2820.537493129198,-1.716133405111904,-2.0755808028884877,1.2879325491473741e-17,18,3,2026-01-09
STLD/INTU,STLD,INTU,vol_weighted_sizing,-2226.189553424855,-0.9008290556937022,-2.076369958973165,3.3620799657025694e-13,16,3,2026-01-09
STLD/FMC,STLD,FMC,vol_weighted_sizing,4707.664658522796,0.8462322976447559,-2.076369958973165,0.9879697577672515,16,3,2026-01-09
KLAC/TRMB,KLAC,TRMB,vol_weighted_sizing,1129.062344594356,0.727729482741494,-2.076369958973165,0.9999995603986104,8,3,2026-01-09
KLAC/NRG,KLAC,NRG,vol_weighted_sizing,-144.4280505112666,-0.12382711709506439,-2.076369958973165,1.0701443866451045e-06,8,3,2026-01-09
VLO/UHS,VLO,UHS,vol_weighted_sizing,467.9990813345968,0.6450736291957366,-2.076369958973165,0.9949304853064567,4,3,2026-01-09
VLO/PYPL,VLO,PYPL,vol_weighted_sizing,-707.1729503475854,-0.33363283078846606,-2.076369958973165,2.0283974691246413e-11,10,3,2026-01-09
MGM/JKHY,MGM,JKHY,vol_weighted_sizing,-830.0139482043893,-0.4113090579043472,-2.076369958973165,4.3854743323347944e-09,8,3,2026-01-09
MGM/NEM,MGM,NEM,vol_weighted_sizing,1509.521147635334,0.48869531886311113,-2.076369958973165,0.9999763044885704,8,3,2026-01-09
ODFL/NFLX,ODFL,NFLX,vol_weighted_sizing,-5746.902153025471,-1.4357204386540756,-2.076369958973165,1.6363112721033802e-12,14,3,2026-01-09
ODFL/MOS,ODFL,MOS,vol_weighted_sizing,1717.366152905565,0.8663608692526228,-2.076369958973165,0.9999999999997942,8,3,2026-01-09
UNH/ULTA,UNH,ULTA,vol_weighted_sizing,3186.436554669081,1.0555740903978725,-2.076369958973165,0.9999970122206349,16,3,2026-01-09
UNH/PLTR,UNH,PLTR,vol_weighted_sizing,-2754.749452009024,-0.5689212246735099,-2.076369958973165,3.215743713754825e-13,18,3,2026-01-09
CVS/GPN,CVS,GPN,vol_weighted_sizing,3619.458034393915,0.9919954887684949,-2.076369958973165,0.9999999980679197,14,3,2026-01-09
CVS/FISV,CVS,FISV,vol_weighted_sizing,-519.2470826514932,-0.26718756487366563,-2.076369958973165,1.0321689514484142e-11,14,3,2026-01-09
PSX/ADBE,PSX,ADBE,vol_weighted_sizing,-2316.096501450031,-1.555090042757317,-2.076369958973165,6.031222123712072e-18,14,3,2026-01-09
STLD/INTU,STLD,INTU,kalman_hedge,-2222.245410705752,-0.8976890037448089,-2.0887189164866915,3.3047109629711204e-13,16,3,2026-01-09
STLD/FMC,STLD,FMC,kalman_hedge,4720.418963731946,0.9209402026909002,-2.0887189164866915,0.9888018174148956,16,3,2026-01-09
KLAC/TRMB,KLAC,TRMB,kalman_hedge,1175.275562027673,0.7402210821204908,-2.0887189164866915,0.9999997183497911,8,3,2026-01-09
KLAC/NRG,KLAC,NRG,kalman_hedge,-161.727245500807,-0.1416177563506415,-2.0887189164866915,4.6539529909090666e-07,8,3,2026-01-09
VLO/UHS,VLO,UHS,kalman_hedge,449.8944037396708,0.6294178536318832,-2.0887189164866915,0.9949548941558392,4,3,2026-01-09
VLO/PYPL,VLO,PYPL,kalman_hedge,-706.109376059716,-0.33376595875764176,-2.0887189164866915,1.8808491170646225e-11,10,3,2026-01-09
MGM/JKHY,MGM,JKHY,kalman_hedge,-830.7846849452541,-0.4148960663473644,-2.0887189164866915,3.7873010625649466e-09,8,3,2026-01-09
MGM/NEM,MGM,NEM,kalman_hedge,1509.52097304616,0.4864687996190223,-2.0887189164866915,0.9999707890741335,8,3,2026-01-09
ODFL/NFLX,ODFL,NFLX,kalman_hedge,-5766.641420646022,-1.4401845288016626,-2.0887189164866915,1.8470637840440808e-12,14,3,2026-01-09
ODFL/MOS,ODFL,MOS,kalman_hedge,1881.988234647698,0.9822868437402223,-2.0887189164866915,0.9999999999999516,8,3,2026-01-09
UNH/ULTA,UNH,ULTA,kalman_hedge,3185.166554669082,1.055147021043919,-2.0887189164866915,0.9999970134556435,16,3,2026-01-09
UNH/PLTR,UNH,PLTR,kalman_hedge,-2526.352804143474,-0.516773683920523,-2.0887189164866915,2.0706310245012062e-14,18,3,2026-01-09
CVS/GPN,CVS,GPN,kalman_hedge,3520.119940320926,1.0002076853247812,-2.0887189164866915,0.9999999989031857,14,3,2026-01-09
CVS/FISV,CVS,FISV,kalman_hedge,-520.351030201017,-0.2685639332874475,-2.0887189164866915,1.1244892679014785e-11,14,3,2026-01-09
PSX/ADBE,PSX,ADBE,kalman_hedge,-2319.033628031319,-1.5564306087204876,-2.0887189164866915,5.767015853658297e-18,14,3,2026-01-09
STLD/INTU,STLD,INTU,default,-1849.205669661438,-0.8471059993686343,-2.098249567665012,2.729288071634176e-10,12,3,2026-01-09
STLD/FMC,STLD,FMC,default,4049.943562544591,0.7147264767926523,-2.098249567665012,0.9899585535385835,18,3,2026-01-09
KLAC/TRMB,KLAC,TRMB,default,1200.937460367856,0.9814292815908571,-2.098249567665012,0.9996909276139901,4,3,2026-01-09
KLAC/NRG,KLAC,NRG,default,-144.7190505112666,-0.1239113641158393,-2.098249567665012,1.0578800911247933e-06,8,3,2026-01-09
VLO/UHS,VLO,UHS,default,469.2312092672948,0.6467887595748435,-2.098249567665012,0.9949593854891027,4,3,2026-01-09
VLO/PYPL,VLO,PYPL,default,-701.4244631305198,-0.3304365325807788,-2.098249567665012,2.5209849993609232e-11,10,3,2026-01-09
MGM/JKHY,MGM,JKHY,default,-850.7985888123626,-0.42383408910588255,-2.098249567665012,6.259406604308428e-09,8,3,2026-01-09
MGM/NEM,MGM,NEM,default,1228.673322685808,0.39686669148146225,-2.098249567665012,0.9997581562389004,8,3,2026-01-09
ODFL/NFLX,ODFL,NFLX,default,-989.2012453773671,-0.5966409058296108,-2.098249567665012,9.181087389810719e-05,12,3,2026-01-09
ODFL/MOS,ODFL,MOS,default,938.9480578223611,0.4710978819389276,-2.098249567665012,0.9999994937258652,8,3,2026-01-09
UNH/ULTA,UNH,ULTA,default,3248.512009070216,1.0766211876730907,-2.098249567665012,0.9999969218912697,14,3,2026-01-09
UNH/PLTR,UNH,PLTR,default,-2776.059452009025,-0.5724472641827517,-2.098249567665012,3.0951965305761303e-13,18,3,2026-01-09
CVS/GPN,CVS,GPN,default,2595.84205217212,1.1390416287949965,-2.098249567665012,0.99999999974699,10,3,2026-01-09
CVS/FISV,CVS,FISV,default,858.2354322716399,0.4989555543088325,-2.098249567665012,0.9999462958692418,10,3,2026-01-09
PSX/ADBE,PSX,ADBE,default,-2376.330947536476,-1.5863210314555376,-2.098249567665012,6.573752483447447e-18,16,3,2026-01-09
STLD/INTU,STLD,INTU,fast_strict,-686.287133379676,-0.48742474981857137,-2.254460007422231,1.2145600866503851e-14,22,3,2026-01-09
STLD/FMC,STLD,FMC,fast_strict,4736.11136184464,1.124039562941433,-2.254460007422231,0.9885036448168315,20,3,2026-01-09
KLAC/TRMB,KLAC,TRMB,fast_strict,928.0531780864856,1.171054959823024,-2.254460007422231,0.9999999716950982,10,3,2026-01-09
KLAC/NRG,KLAC,NRG,fast_strict,-698.5071898447819,-0.4497413576625287,-2.254460007422231,2.038967686785508e-06,12,3,2026-01-09
VLO/UHS,VLO,UHS,fast_strict,-728.7416578043459,-0.7834033159506756,-2.254460007422231,3.807863210072864e-08,6,3,2026-01-09
VLO/PYPL,VLO,PYPL,fast_strict,766.3684109935068,0.5612071410577484,-2.254460007422231,0.9999985421612129,12,3,2026-01-09
MGM/JKHY,MGM,JKHY,fast_strict,-384.8390112518762,-0.23744213497819358,-2.254460007422231,1.1354520799321614e-07,10,3,2026-01-09
MGM/NEM,MGM,NEM,fast_strict,-1277.957998903511,-0.4663503942610221,-2.254460007422231,3.2423934502575384e-10,18,3,2026-01-09
ODFL/NFLX,ODFL,NFLX,fast_strict,2693.191333146279,1.5787076757128546,-2.254460007422231,0.9999999999915172,14,3,2026-01-09
ODFL/MOS,ODFL,MOS,fast_strict,-833.6447913907788,-0.6565413950712897,-2.254460007422231,1.795842063746721e-16,18,3,2026-01-09
UNH/ULTA,UNH,ULTA,fast_strict,3108.234189191347,1.3340559095671125,-2.254460007422231,0.9999887489293172,12,3,2026-01-09
UNH/PLTR,UNH,PLTR,fast_strict,1818.786714359462,0.5332116681061024,-2.254460007422231,0.9999221054498958,14,3,2026-01-09
CVS/GPN,CVS,GPN,fast_strict,-563.6319879935213,-0.27095994225947584,-2.254460007422231,5.746392149992766e-06,24,3,2026-01-09
CVS/FISV,CVS,FISV,fast_strict,687.4173277550117,0.8088779534054784,-2.254460007422231,0.9999999999999999,18,3,2026-01-09
PSX/ADBE,PSX,ADBE,fast_strict,-365.241445869576,-0.41304162409493106,-2.254460007422231,6.327647407562432e-10,16,3,2026-01-09
STLD/INTU,STLD,INTU,beta_neutral_long_term,761.3186380646765,0.502703261180153,-2.4251721393020147,0.9999998449558022,6,3,2026-01-09
STLD/FMC,STLD,FMC,beta_neutral_long_term,4831.036730111658,1.494035137261169,-2.4251721393020147,1.0,6,3,2026-01-09
KLAC/TRMB,KLAC,TRMB,beta_neutral_long_term,859.1193371061806,0.47063362428690786,-2.4251721393020147,0.9999892672268526,6,3,2026-01-09
KLAC/NRG,KLAC,NRG,beta_neutral_long_term,-1812.447673980278,-1.043487306152436,-2.4251721393020147,0.0057274125974939895,4,3,2026-01-09
VLO/UHS,VLO,UHS,beta_neutral_long_term,-984.2946966209361,-0.8600479791449887,-2.4251721393020147,6.443970017977953e-13,6,3,2026-01-09
VLO/PYPL,VLO,PYPL,beta_neutral_long_term,1758.250992673302,0.5458002766894386,-2.4251721393020147,0.9999999999990482,14,3,2026-01-09
MGM/JKHY,MGM,JKHY,beta_neutral_long_term,-1075.040514092438,-0.7769004586591494,-2.4251721393020147,4.269256224226887e-15,6,3,2026-01-09
MGM/NEM,MGM,NEM,beta_neutral_long_term,-78.8007733718606,-0.028686568163167375,-2.4251721393020147,0.003973439573824502,8,3,2026-01-09
ODFL/NFLX,ODFL,NFLX,beta_neutral_long_term,346.9920876823026,0.1300139998848165,-2.4251721393020147,0.7035421715996687,12,3,2026-01-09
ODFL/MOS,ODFL,MOS,beta_neutral_long_term,-765.1084169939298,-0.43193298333200025,-2.4251721393020147,1.358749449584588e-06,6,3,2026-01-09
UNH/ULTA,UNH,ULTA,beta_neutral_long_term,-213.2318079441285,-0.06066413996297445,-2.4251721393020147,0.00033798380522930845,8,3,2026-01-09
UNH/PLTR,UNH,PLTR,beta_neutral_long_term,-5093.93342020063,-1.2398452660052175,-2.4251721393020147,1.7338376262913471e-18,13,3,2026-01-09
CVS/GPN,CVS,GPN,beta_neutral_long_term,826.125957526445,0.340737529648272,-2.4251721393020147,0.999381319635055,8,3,2026-01-09
CVS/FISV,CVS,FISV,beta_neutral_long_term,1216.012721204458,0.6378421753469194,-2.4251721393020147,0.9999999998877628,8,3,2026-01-09
PSX/ADBE,PSX,ADBE,beta_neutral_long_term,296.7943895169818,0.09476086080380296,-2.4251721393020147,0.45636608440294013,14,3,2026-01-09
STLD/INTU,STLD,INTU,sensitive_reversal,-1660.050559111971,-0.8644158747877526,-2.7731467349274643,5.644845256066274e-06,16,3,2026-01-09
STLD/FMC,STLD,FMC,sensitive_reversal,2140.266281622714,1.0368158632102316,-2.7731467349274643,0.9999999999991322,22,3,2026-01-09
KLAC/TRMB,KLAC,TRMB,sensitive_reversal,578.803498257358,0.8249818295357373,-2.7731467349274643,0.999993978495855,4,3,2026-01-09
KLAC/NRG,KLAC,NRG,sensitive_reversal,207.2309494887305,0.16769406923068478,-2.7731467349274643,0.8268417957146683,8,3,2026-01-09
VLO/UHS,VLO,UHS,sensitive_reversal,669.5587159317729,1.5749611603513212,-2.7731467349274643,0.9994958668017977,4,3,2026-01-09
VLO/PYPL,VLO,PYPL,sensitive_reversal,1708.20875939764,1.0340951848285413,-2.7731467349274643,0.9999999191137691,10,3,2026-01-09
MGM/JKHY,MGM,JKHY,sensitive_reversal,-642.1529502896267,-0.3312829383086588,-2.7731467349274643,8.80332733325862e-08,10,3,2026-01-09
MGM/NEM,MGM,NEM,sensitive_reversal,45.65397044030078,0.016959266007175556,-2.7731467349274643,0.043316994296119064,12,3,2026-01-09
ODFL/NFLX,ODFL,NFLX,sensitive_reversal,597.6826934450742,0.31388749740930544,-2.7731467349274643,0.9998299629340125,14,3,2026-01-09
ODFL/MOS,ODFL,MOS,sensitive_reversal,1438.142431985568,0.8176986909197015,-2.7731467349274643,0.999999999544725,10,3,2026-01-09
UNH/ULTA,UNH,ULTA,sensitive_reversal,2093.521899019307,0.8625413049786176,-2.7731467349274643,0.9999999353146172,16,3,2026-01-09
UNH/PLTR,UNH,PLTR,sensitive_reversal,-3246.342034917182,-0.6600696318661126,-2.7731467349274643,2.1135198491464566e-12,22,3,2026-01-09
CVS/GPN,CVS,GPN,sensitive_reversal,-780.2449341608026,-0.41229271322144523,-2.7731467349274643,1.4738624755648292e-10,16,3,2026-01-09
CVS/FISV,CVS,FISV,sensitive_reversal,-1258.456584561951,-0.5692670680125952,-2.7731467349274643,9.730164036133983e-09,16,3,2026-01-09
PSX/ADBE,PSX,ADBE,sensitive_reversal,-645.8290305095695,-0.6476267841084831,-2.7731467349274643,5.2802836258678447e-14,16,3,2026-01-09
STLD/INTU,STLD,INTU,long_term_tilt,679.4858498055205,0.46455056403003875,-3.0821150188268436,0.9999999427906103,6,3,2026-01-09
STLD/FMC,STLD,FMC,long_term_tilt,3188.484065136058,1.465478014058771,-3.0821150188268436,0.9999999999999971,6,3,2026-01-09
KLAC/TRMB,KLAC,TRMB,long_term_tilt,412.8550028296366,0.3014337424081054,-3.0821150188268436,0.9952591883220608,6,3,2026-01-09
KLAC/NRG,KLAC,NRG,long_term_tilt,-1474.638993491944,-1.2501890440133927,-3.0821150188268436,6.101202068116565e-07,4,3,2026-01-09
VLO/UHS,VLO,UHS,long_term_tilt,-815.7243035965229,-0.689697101936615,-3.0821150188268436,4.3042051894113437e-14,6,3,2026-01-09
VLO/PYPL,VLO,PYPL,long_term_tilt,1082.297459949307,0.40639084805980735,-3.0821150188268436,0.9999994690089234,14,3,2026-01-09
MGM/JKHY,MGM,JKHY,long_term_tilt,-1924.72384848447,-1.1277042077702724,-3.0821150188268436,9.904429738944583e-14,6,3,2026-01-09
MGM/NEM,MGM,NEM,long_term_tilt,316.8279071836981,0.08827777382185349,-3.0821150188268436,0.40579029278853895,8,3,2026-01-09
ODFL/NFLX,ODFL,NFLX,long_term_tilt,95.62369221926639,0.04225205961770699,-3.0821150188268436,0.11589507947860184,12,3,2026-01-09
ODFL/MOS,ODFL,MOS,long_term_tilt,-190.0970816203018,-0.18646889350193013,-3.0821150188268436,2.250352899350299e-05,6,3,2026-01-09
UNH/ULTA,UNH,ULTA,long_term_tilt,299.3043758856411,0.10857157926349918,-3.0821150188268436,0.5590396839252788,8,3,2026-01-09
UNH/PLTR,UNH,PLTR,long_term_tilt,-10568.29425076001,-1.6093452671761348,-3.0821150188268436,1.5762132941731094e-06,14,3,2026-01-09
CVS/GPN,CVS,GPN,long_term_tilt,512.2552531253136,0.1747229701971478,-3.0821150188268436,0.9340535045809742,8,3,2026-01-09
CVS/FISV,CVS,FISV,long_term_tilt,-414.0649036196393,-0.22332696398946564,-3.0821150188268436,1.0949536799224222e-12,8,3,2026-01-09
PSX/ADBE,PSX,ADBE,long_term_tilt,324.2330388244466,0.11677943098456876,-3.0821150188268436,0.6396493213644511,14,3,2026-01-09
STLD/INTU,STLD,INTU,crash_defensive,-867.5722920506873,-0.8368731285768217,-3.881386725439422,7.569556848177227e-11,16,3,2026-01-09
STLD/FMC,STLD,FMC,crash_defensive,2341.759464739861,0.8467066540114547,-3.881386725439422,0.9879555197836178,16,3,2026-01-09
KLAC/TRMB,KLAC,TRMB,crash_defensive,569.8454451844432,0.7412762265170724,-3.881386725439422,0.9999995516344616,8,3,2026-01-09
KLAC/NRG,KLAC,NRG,crash_defensive,-70.43337154826094,-0.12079824628229109,-3.881386725439422,1.2241150611214192e-06,8,3,2026-01-09
VLO/UHS,VLO,UHS,crash_defensive,229.2112747859258,0.6442764370282832,-3.881386725439422,0.9949391423666585,4,3,2026-01-09
VLO/PYPL,VLO,PYPL,crash_defensive,-346.2722424575281,-0.33037925614021496,-3.881386725439422,1.674208078467161e-11,10,3,2026-01-09
MGM/JKHY,MGM,JKHY,crash_defensive,-415.5873818744317,-0.4116945298570263,-3.881386725439422,4.41808216778508e-09,8,3,2026-01-09
MGM/NEM,MGM,NEM,crash_defensive,755.3369231693338,0.49293783985492307,-3.881386725439422,0.9999816116203563,8,3,2026-01-09
ODFL/NFLX,ODFL,NFLX,crash_defensive,-4532.966547144132,-1.3410328081505336,-3.881386725439422,3.12712840387969e-10,14,3,2026-01-09
ODFL/MOS,ODFL,MOS,crash_defensive,859.1834399389456,0.8712752694862534,-3.881386725439422,0.999999999999817,8,3,2026-01-09
UNH/ULTA,UNH,ULTA,crash_defensive,570.9979303413678,0.5650941207648326,-3.881386725439422,0.9999936635046784,16,3,2026-01-09
UNH/PLTR,UNH,PLTR,crash_defensive,-2494.972421086072,-0.6944883126403943,-3.881386725439422,6.309137544047623e-05,18,3,2026-01-09
CVS/GPN,CVS,GPN,crash_defensive,1803.711307411915,0.9940821873890919,-3.881386725439422,0.9999999981943567,14,3,2026-01-09
CVS/FISV,CVS,FISV,crash_defensive,-588.0205185200089,-0.48567172322368646,-3.881386725439422,1.3302396834781582e-09,14,3,2026-01-09
PSX/ADBE,PSX,ADBE,crash_defensive,-1148.838947424264,-1.5605803423449982,-3.881386725439422,1.0875685245257587e-17,14,3,2026-01-09
STLD/INTU,STLD,INTU,conservative,-327.7585954533601,-0.6306048111512229,-4.866996053478942,2.413600139782826e-12,16,3,2026-01-09
STLD/FMC,STLD,FMC,conservative,1891.424573866329,0.9442260844788087,-4.866996053478942,0.9850500584985917,16,3,2026-01-09
KLAC/TRMB,KLAC,TRMB,conservative,-268.2926855999175,-0.6945011696935552,-4.866996053478942,3.9113834001773134e-10,8,3,2026-01-09
KLAC/NRG,KLAC,NRG,conservative,-155.959933069977,-0.37152281184921926,-4.866996053478942,6.148680690400127e-07,8,3,2026-01-09
VLO/UHS,VLO,UHS,conservative,247.6436666711655,1.5630841246308795,-4.866996053478942,0.9995125797623797,4,3,2026-01-09
VLO/PYPL,VLO,PYPL,conservative,508.1317159667682,0.7587505678743356,-4.866996053478942,0.9999999439691826,10,3,2026-01-09
MGM/JKHY,MGM,JKHY,conservative,54.69589942068254,0.07916980454058752,-4.866996053478942,0.3477085502220367,8,3,2026-01-09
MGM/NEM,MGM,NEM,conservative,540.5621391744505,0.5972707216556313,-4.866996053478942,0.9999999810977999,8,3,2026-01-09
ODFL/NFLX,ODFL,NFLX,conservative,-1667.74897767147,-1.0964268885103772,-4.866996053478942,2.0024390809209303e-08,14,3,2026-01-09
ODFL/MOS,ODFL,MOS,conservative,515.4210375852257,0.7425102032923316,-4.866996053478942,0.9999999999455174,8,3,2026-01-09
UNH/ULTA,UNH,ULTA,conservative,361.1907085859187,0.5209159879795181,-4.866996053478942,0.9999491951715714,16,3,2026-01-09
UNH/PLTR,UNH,PLTR,conservative,-969.7357045060137,-0.47910752931297085,-4.866996053478942,8.999441855780132e-09,18,3,2026-01-09
CVS/GPN,CVS,GPN,conservative,1668.017590777614,1.2416020487574106,-4.866996053478942,0.9999999999095476,16,3,2026-01-09
CVS/FISV,CVS,FISV,conservative,963.5621071704109,0.47433210377769236,-4.866996053478942,0.9879732482920192,18,3,2026-01-09
PSX/ADBE,PSX,ADBE,conservative,-606.0974059827979,-1.3778492730601106,-4.866996053478942,6.1070942191357976e-12,14,3,2026-01-09
STLD/INTU,STLD,INTU,vol_sized_conservative,-738.4568695216851,-1.1370142562360566,-6.608732509919553,5.291949813455745e-07,12,3,2026-01-09
STLD/FMC,STLD,FMC,vol_sized_conservative,1660.743935411724,0.787507260857993,-6.608732509919553,0.9888061031947523,18,3,2026-01-09
KLAC/TRMB,KLAC,TRMB,vol_sized_conservative,452.204214362125,0.9878997778638462,-6.608732509919553,0.9996992904151331,4,3,2026-01-09
KLAC/NRG,KLAC,NRG,vol_sized_conservative,-56.57593306997632,-0.13077733840004477,-6.608732509919553,6.792615304316852e-07,8,3,2026-01-09
VLO/UHS,VLO,UHS,vol_sized_conservative,173.2996368929149,0.6402579547747346,-6.608732509919553,0.9949342862444698,4,3,2026-01-09
VLO/PYPL,VLO,PYPL,vol_sized_conservative,2.212664002701615,0.0031378458570770545,-6.608732509919553,0.021570965394049058,10,3,2026-01-09
MGM/JKHY,MGM,JKHY,vol_sized_conservative,-361.67141027065,-0.4951266898380581,-6.608732509919553,2.195782033842881e-08,8,3,2026-01-09
MGM/NEM,MGM,NEM,vol_sized_conservative,225.3046749474172,0.19751579211498166,-6.608732509919553,0.9413639195014013,8,3,2026-01-09
ODFL/NFLX,ODFL,NFLX,vol_sized_conservative,-291.5055181917569,-0.5051306376690966,-6.608732509919553,0.00031510631550659107,12,3,2026-01-09
ODFL/MOS,ODFL,MOS,vol_sized_conservative,343.6197717822691,0.4636842576145477,-6.608732509919553,0.9999993193099919,8,3,2026-01-09
UNH/ULTA,UNH,ULTA,vol_sized_conservative,416.0016846370527,0.5616400970487413,-6.608732509919553,0.9999931664391439,14,3,2026-01-09
UNH/PLTR,UNH,PLTR,vol_sized_conservative,-960.483765234266,-0.4698097222710398,-6.608732509919553,3.447292041786069e-09,18,3,2026-01-09
CVS/GPN,CVS,GPN,vol_sized_conservative,969.0844411613615,1.1405543038627706,-6.608732509919553,0.9999999997473987,10,3,2026-01-09
CVS/FISV,CVS,FISV,vol_sized_conservative,-88.6874281210676,-0.13173940978963158,-6.608732509919553,1.688279575789103e-07,12,3,2026-01-09
PSX/ADBE,PSX,ADBE,vol_sized_conservative,-818.150222724904,-1.4726243763022195,-6.608732509919553,1.6443035560160214e-19,16,3,2026-01-09
STLD/INTU,STLD,INTU,aggressive,-2945.039701168726,-0.2407966184718647,0.8628349770767816,8.997448693011561e-08,44,4,2026-02-19
STLD/FMC,STLD,FMC,aggressive,23972.57124657651,1.474236350685128,0.8628349770767816,0.9997148152151605,42,4,2026-02-19
KLAC/TRMB,KLAC,TRMB,aggressive,15402.28430052579,1.5344837536637213,0.8628349770767816,0.9999999999999534,42,4,2026-02-19
KLAC/NRG,KLAC,NRG,aggressive,3892.883656826258,0.23697700239776395,0.8628349770767816,0.9953727746942657,40,4,2026-02-19
VLO/UHS,VLO,UHS,aggressive,-9067.285301650138,-0.9326842361627474,0.8628349770767816,2.673135019284684e-21,40,4,2026-02-19
VLO/PYPL,VLO,PYPL,aggressive,-3241.73412763928,-0.28404748032030436,0.8628349770767816,3.520813888812144e-16,46,4,2026-02-19
MGM/JKHY,MGM,JKHY,aggressive,-7949.169923758847,-0.8680829473566816,0.8628349770767816,1.354390352978765e-16,42,4,2026-02-19
MGM/NEM,MGM,NEM,aggressive,1829.81332545079,0.13038727378655457,0.8628349770767816,0.7240248673725078,42,4,2026-02-19
ODFL/NFLX,ODFL,NFLX,aggressive,21838.9084413891,1.687783713987254,0.8628349770767816,1.0,48,4,2026-02-19
ODFL/MOS,ODFL,MOS,aggressive,3858.424795808962,0.3267747138978349,0.8628349770767816,0.9999041418278297,46,4,2026-02-19
UNH/ULTA,UNH,ULTA,aggressive,6730.171846490373,0.5423064651441452,0.8628349770767816,0.9999999999754777,44,4,2026-02-19
UNH/PLTR,UNH,PLTR,aggressive,11383.3828949748,0.6122105632455399,0.8628349770767816,0.9999999998496184,50,4,2026-02-19
CVS/GPN,CVS,GPN,aggressive,5635.402804185759,0.4956734058785635,0.8628349770767816,0.9999939223005401,44,4,2026-02-19
CVS/FISV,CVS,FISV,aggressive,10472.20184336878,0.6363351470848294,0.8628349770767816,0.9994431621673892,46,4,2026-02-19
PSX/ADBE,PSX,ADBE,aggressive,2201.419420290291,0.24869131885329088,0.8628349770767816,0.999487872650563,46,4,2026-02-19
STLD/INTU,STLD,INTU,short_term_beta_neutral,3862.342257524002,1.0537307121992292,0.3970476357644821,0.9999999999999986,32,4,2026-02-19
STLD/FMC,STLD,FMC,short_term_beta_neutral,5400.605296793388,1.4387138920212026,0.3970476357644821,0.9999999999999856,20,4,2026-02-19
KLAC/TRMB,KLAC,TRMB,short_term_beta_neutral,805.7579222757852,0.1826091678477493,0.3970476357644821,0.8439698582523459,18,4,2026-02-19
KLAC/NRG,KLAC,NRG,short_term_beta_neutral,-151.9848906589043,-0.04122034715266515,0.3970476357644821,0.00017863830589472755,14,4,2026-02-19
VLO/UHS,VLO,UHS,short_term_beta_neutral,-2199.375205606066,-0.9906538534857634,0.3970476357644821,8.065986864436353e-08,10,4,2026-02-19
VLO/PYPL,VLO,PYPL,short_term_beta_neutral,7869.217865320752,1.334549686107812,0.3970476357644821,0.9999997629545226,18,4,2026-02-19
MGM/JKHY,MGM,JKHY,short_term_beta_neutral,1052.077790971083,0.2745521906486598,0.3970476357644821,0.9642366061457595,14,4,2026-02-19
MGM/NEM,MGM,NEM,short_term_beta_neutral,102.6853709489475,0.03362456900689168,0.3970476357644821,0.09552775318395668,20,4,2026-02-19
ODFL/NFLX,ODFL,NFLX,short_term_beta_neutral,13156.69523944568,1.7967457702459726,0.3970476357644821,0.9999998875349263,26,4,2026-02-19
ODFL/MOS,ODFL,MOS,short_term_beta_neutral,-3288.538447697934,-1.3731712673892968,0.3970476357644821,1.1088315739644436e-09,18,4,2026-02-19
UNH/ULTA,UNH,ULTA,short_term_beta_neutral,5330.389027641359,1.3232173961481413,0.3970476357644821,0.9999999994090467,20,4,2026-02-19
UNH/PLTR,UNH,PLTR,short_term_beta_neutral,7274.885788842363,0.6651342171525854,0.3970476357644821,0.9999999993036472,19,4,2026-02-19
CVS/GPN,CVS,GPN,short_term_beta_neutral,-563.8212999035875,-0.1269317147774889,0.3970476357644821,9.730020733970255e-11,28,4,2026-02-19
CVS/FISV,CVS,FISV,short_term_beta_neutral,806.2629172732736,0.20083451283370332,0.3970476357644821,0.7955180790794764,20,4,2026-02-19
PSX/ADBE,PSX,ADBE,short_term_beta_neutral,1074.037768544414,0.4589675581305412,0.3970476357644821,0.99999999809281,22,4,2026-02-19
STLD/INTU,STLD,INTU,kalman_aggressive,168.9676077457789,0.020084365656983464,0.0218826558133133,0.05000945843044822,44,4,2026-02-19
STLD/FMC,STLD,FMC,kalman_aggressive,16308.39061518863,1.3246729507683381,0.0218826558133133,0.9995823080373518,44,4,2026-02-19
KLAC/TRMB,KLAC,TRMB,kalman_aggressive,14305.64921219989,1.7693044285936816,0.0218826558133133,0.9999999999998017,44,4,2026-02-19
KLAC/NRG,KLAC,NRG,kalman_aggressive,1155.793607037873,0.08878584072129006,0.0218826558133133,0.4347228788009781,40,4,2026-02-19
VLO/UHS,VLO,UHS,kalman_aggressive,-9164.889312304236,-1.2751615934813234,0.0218826558133133,2.9707919348644056e-25,40,4,2026-02-19
VLO/PYPL,VLO,PYPL,kalman_aggressive,-7197.807723725509,-0.9130572714378387,0.0218826558133133,1.025588414567036e-36,46,4,2026-02-19
MGM/JKHY,MGM,JKHY,kalman_aggressive,-4252.177451217772,-0.5779578575534855,0.0218826558133133,8.492606025189174e-18,40,4,2026-02-19
MGM/NEM,MGM,NEM,kalman_aggressive,3785.881367466458,0.33847019612563994,0.0218826558133133,0.9998929284351119,46,4,2026-02-19
ODFL/NFLX,ODFL,NFLX,kalman_aggressive,4827.656940767583,0.4600313243861101,0.0218826558133133,0.9999999979664043,50,4,2026-02-19
ODFL/MOS,ODFL,MOS,kalman_aggressive,716.5255144633325,0.08173621447022296,0.0218826558133133,0.3753586190848952,42,4,2026-02-19
UNH/ULTA,UNH,ULTA,kalman_aggressive,-121.5463407033074,-0.012528957587189117,0.0218826558133133,0.010085899601756787,48,4,2026-02-19
UNH/PLTR,UNH,PLTR,kalman_aggressive,2180.064964771766,0.14216886192208844,0.0218826558133133,0.8340193110212515,52,4,2026-02-19
CVS/GPN,CVS,GPN,kalman_aggressive,3083.066442616607,0.34805440843694957,0.0218826558133133,0.999440353122318,50,4,2026-02-19
CVS/FISV,CVS,FISV,kalman_aggressive,1404.396125221565,0.17586708296879322,0.0218826558133133,0.890610860182061,50,4,2026-02-19
PSX/ADBE,PSX,ADBE,kalman_aggressive,3808.956843212175,0.5520328748619304,0.0218826558133133,0.9999999999998114,50,4,2026-02-19
STLD/INTU,STLD,INTU,weekly_aligned_windows,3393.343706109478,0.6209215955045579,-0.1044544383059024,1.0,86,4,2026-02-19
STLD/FMC,STLD,FMC,weekly_aligned_windows,3032.318123021792,0.39518573260372203,-0.1044544383059024,0.9999075967723381,84,4,2026-02-19
KLAC/TRMB,KLAC,TRMB,weekly_aligned_windows,3423.7421927958,0.7514391374391788,-0.1044544383059024,0.9999999999999915,76,4,2026-02-19
KLAC/NRG,KLAC,NRG,weekly_aligned_windows,2932.373158225857,0.5596796092872582,-0.1044544383059024,0.9999999999535129,80,4,2026-02-19
VLO/UHS,VLO,UHS,weekly_aligned_windows,-1111.36573446477,-0.22234446832402247,-0.1044544383059024,1.3965142195099251e-08,82,4,2026-02-19
VLO/PYPL,VLO,PYPL,weekly_aligned_windows,5611.764790745806,0.7616133331223273,-0.1044544383059024,0.9999999999999973,80,4,2026-02-19
MGM/JKHY,MGM,JKHY,weekly_aligned_windows,3009.683532032835,0.4702086378510847,-0.1044544383059024,0.9999999998882063,82,4,2026-02-19
MGM/NEM,MGM,NEM,weekly_aligned_windows,-1382.505908286039,-0.19769630917450395,-0.1044544383059024,2.0458627355841647e-11,80,4,2026-02-19
ODFL/NFLX,ODFL,NFLX,weekly_aligned_windows,721.5142380330603,0.09201686318416322,-0.1044544383059024,0.45276875569813746,80,4,2026-02-19
ODFL/MOS,ODFL,MOS,weekly_aligned_windows,-1513.483603381905,-0.2950561036641714,-0.1044544383059024,3.318054226960706e-19,84,4,2026-02-19
UNH/ULTA,UNH,ULTA,weekly_aligned_windows,5082.292097845957,0.8395662036113155,-0.1044544383059024,1.0,90,4,2026-02-19
UNH/PLTR,UNH,PLTR,weekly_aligned_windows,-1760.948095156216,-0.13009843795975518,-0.1044544383059024,6.509793920622491e-10,80,4,2026-02-19
CVS/GPN,CVS,GPN,weekly_aligned_windows,3890.192397337993,0.7110314993341721,-0.1044544383059024,1.0,80,4,2026-02-19
CVS/FISV,CVS,FISV,weekly_aligned_windows,4874.724955442567,0.6550284522040675,-0.1044544383059024,0.9999422486687931,76,4,2026-02-19
PSX/ADBE,PSX,ADBE,weekly_aligned_windows,-3189.044519745954,-0.39115330390996256,-0.1044544383059024,1.9607506782408017e-10,84,4,2026-02-19
STLD/INTU,STLD,INTU,monthly_aligned_windows,3261.820843065298,0.32299379480405804,-0.5158812580662236,0.9954765662217107,30,4,2026-02-19
STLD/FMC,STLD,FMC,monthly_aligned_windows,5884.42853184693,0.9148289900055615,-0.5158812580662236,0.9989558995450216,30,4,2026-02-19
KLAC/TRMB,KLAC,TRMB,monthly_aligned_windows,1650.091307188218,0.4000981300299076,-0.5158812580662236,0.9996720698570214,32,4,2026-02-19
KLAC/NRG,KLAC,NRG,monthly_aligned_windows,-111.2269701258922,-0.021769480289448227,-0.5158812580662236,0.005996348756209434,30,4,2026-02-19
VLO/UHS,VLO,UHS,monthly_aligned_windows,-4055.31990637242,-0.5161162106037561,-0.5158812580662236,4.7400114698328955e-06,30,4,2026-02-19
VLO/PYPL,VLO,PYPL,monthly_aligned_windows,1933.461758705815,0.37904420249006576,-0.5158812580662236,0.9999898296105977,32,4,2026-02-19
MGM/JKHY,MGM,JKHY,monthly_aligned_windows,-326.9577350971465,-0.08933421022058124,-0.5158812580662236,0.0001505806027973214,30,4,2026-02-19
MGM/NEM,MGM,NEM,monthly_aligned_windows,-4847.556122704911,-0.43589080866231256,-0.5158812580662236,1.5203449887688262e-05,32,4,2026-02-19
ODFL/NFLX,ODFL,NFLX,monthly_aligned_windows,1846.659270304057,0.35271713731626986,-0.5158812580662236,0.9999642643177472,32,4,2026-02-19
ODFL/MOS,ODFL,MOS,monthly_aligned_windows,4919.12576764954,0.4053284543888212,-0.5158812580662236,0.9998558716998894,32,4,2026-02-19
UNH/ULTA,UNH,ULTA,monthly_aligned_windows,-3666.358575056603,-0.6482180974748911,-0.5158812580662236,3.703958423041067e-11,32,4,2026-02-19
UNH/PLTR,UNH,PLTR,monthly_aligned_windows,6338.780369244608,0.7354550757776332,-0.5158812580662236,0.9999999997683344,32,4,2026-02-19
CVS/GPN,CVS,GPN,monthly_aligned_windows,3238.567412978526,0.8821106234551715,-0.5158812580662236,1.0,30,4,2026-02-19
CVS/FISV,CVS,FISV,monthly_aligned_windows,1651.781653914193,0.37813006670613963,-0.5158812580662236,0.9999486314877226,32,4,2026-02-19
PSX/ADBE,PSX,ADBE,monthly_aligned_windows,-2897.781055146127,-0.9894197633064161,-0.5158812580662236,5.486355366714975e-12,30,4,2026-02-19
STLD/INTU,STLD,INTU,short_term_tilt,1795.6377485348,0.4970095321491924,-0.6897318381597964,0.9999999452399426,28,4,2026-02-19
STLD/FMC,STLD,FMC,short_term_tilt,5867.447251614487,1.0050418518580106,-0.6897318381597964,0.9887941670667846,18,4,2026-02-19
KLAC/TRMB,KLAC,TRMB,short_term_tilt,2238.948236830393,0.826711399651061,-0.6897318381597964,0.9996704384125757,12,4,2026-02-19
KLAC/NRG,KLAC,NRG,short_term_tilt,-1262.426664200382,-0.40152886780753516,-0.6897318381597964,5.071635245811766e-12,14,4,2026-02-19
VLO/UHS,VLO,UHS,short_term_tilt,-799.4438089193158,-0.52025421102083,-0.6897318381597964,3.722247804683015e-14,8,4,2026-02-19
VLO/PYPL,VLO,PYPL,short_term_tilt,1010.367641418204,0.4580177111925684,-0.6897318381597964,0.9999999602805515,16,4,2026-02-19
MGM/JKHY,MGM,JKHY,short_term_tilt,340.3790873311557,0.13476307654934477,-0.6897318381597964,0.764949699260994,12,4,2026-02-19
MGM/NEM,MGM,NEM,short_term_tilt,-106.7680710245863,-0.02809593350301007,-0.6897318381597964,0.0020113334130789614,20,4,2026-02-19
ODFL/NFLX,ODFL,NFLX,short_term_tilt,4782.468511022387,1.5654334021063914,-0.6897318381597964,0.9999999999999999,20,4,2026-02-19
ODFL/MOS,ODFL,MOS,short_term_tilt,-554.5239959156604,-0.24633487910701388,-0.6897318381597964,2.2498628080301338e-10,16,4,2026-02-19
UNH/ULTA,UNH,ULTA,short_term_tilt,4730.554189407513,1.3780423698179245,-0.6897318381597964,0.9999993398774559,14,4,2026-02-19
UNH/PLTR,UNH,PLTR,short_term_tilt,830.7628505637233,0.1574455255364998,-0.6897318381597964,0.8742207722745416,18,4,2026-02-19
CVS/GPN,CVS,GPN,short_term_tilt,-1588.629979923665,-0.47611059369533654,-0.6897318381597964,2.7625432059879096e-09,30,4,2026-02-19
CVS/FISV,CVS,FISV,short_term_tilt,1399.236989702609,0.6034996000204705,-0.6897318381597964,0.9956621408485471,20,4,2026-02-19
PSX/ADBE,PSX,ADBE,short_term_tilt,1930.938875784256,0.8805285791331505,-0.6897318381597964,0.9999994079752644,20,4,2026-02-19
STLD/INTU,STLD,INTU,fast_rebalance,1999.615715082161,0.5750678588315972,-0.7584998221766459,0.9999999433863529,26,4,2026-02-19
STLD/FMC,STLD,FMC,fast_rebalance,6061.969374460753,1.0420894362482813,-0.7584998221766459,0.9885881892927639,18,4,2026-02-19
KLAC/TRMB,KLAC,TRMB,fast_rebalance,2096.848602133274,0.747209034021415,-0.7584998221766459,0.9997884777196695,14,4,2026-02-19
KLAC/NRG,KLAC,NRG,fast_rebalance,-405.452282824979,-0.12807063087125872,-0.7584998221766459,5.190801032866154e-15,14,4,2026-02-19
VLO/UHS,VLO,UHS,fast_rebalance,-1206.630933883361,-0.8790755778592633,-0.7584998221766459,1.8150386492168466e-09,8,4,2026-02-19
VLO/PYPL,VLO,PYPL,fast_rebalance,1011.475110885717,0.4585886041611225,-0.7584998221766459,0.999999961064872,16,4,2026-02-19
MGM/JKHY,MGM,JKHY,fast_rebalance,337.3534917524452,0.13390129018200017,-0.7584998221766459,0.7602112942659949,12,4,2026-02-19
MGM/NEM,MGM,NEM,fast_rebalance,-112.9743959635116,-0.029746458047874604,-0.7584998221766459,0.001715967460800083,20,4,2026-02-19
ODFL/NFLX,ODFL,NFLX,fast_rebalance,4762.417171986617,1.5633402008289266,-0.7584998221766459,0.9999999999999999,20,4,2026-02-19
ODFL/MOS,ODFL,MOS,fast_rebalance,-551.7285766549546,-0.24596165480472904,-0.7584998221766459,2.462593125949161e-10,16,4,2026-02-19
UNH/ULTA,UNH,ULTA,fast_rebalance,4186.370648326085,1.2438694173239853,-0.7584998221766459,0.9999984110602734,14,4,2026-02-19
UNH/PLTR,UNH,PLTR,fast_rebalance,967.7311483570861,0.1836941727730562,-0.7584998221766459,0.9408389498337043,18,4,2026-02-19
CVS/GPN,CVS,GPN,fast_rebalance,-2900.790971397513,-0.9013555158466944,-0.7584998221766459,1.8023040086744682e-08,26,4,2026-02-19
CVS/FISV,CVS,FISV,fast_rebalance,1392.904595215959,0.6010778239643941,-0.7584998221766459,0.9955814861269554,20,4,2026-02-19
PSX/ADBE,PSX,ADBE,fast_rebalance,1930.938875784256,0.8805285791331505,-0.7584998221766459,0.9999994079752644,20,4,2026-02-19
STLD/INTU,STLD,INTU,crash_tolerant,506.7616482724068,0.06957203433628055,-0.781576587530549,0.26906585425681695,20,4,2026-02-19
STLD/FMC,STLD,FMC,crash_tolerant,9460.3320939595,0.8220368763015514,-0.781576587530549,0.9880630976299803,16,4,2026-02-19
KLAC/TRMB,KLAC,TRMB,crash_tolerant,2951.691290423309,0.5032634469707653,-0.781576587530549,0.9975781366803744,12,4,2026-02-19
KLAC/NRG,KLAC,NRG,crash_tolerant,-147.3230031035287,-0.02825127101486152,-0.781576587530549,0.0011799671214274558,10,4,2026-02-19
VLO/UHS,VLO,UHS,crash_tolerant,-599.094544411043,-0.1746864993081201,-0.781576587530549,8.495625124215991e-13,6,4,2026-02-19
VLO/PYPL,VLO,PYPL,crash_tolerant,-1932.655611313289,-0.39826285553685126,-0.781576587530549,1.0290409029772377e-13,14,4,2026-02-19
MGM/JKHY,MGM,JKHY,crash_tolerant,-1658.581176558118,-0.3977383612529051,-0.781576587530549,4.228618214227676e-09,8,4,2026-02-19
MGM/NEM,MGM,NEM,crash_tolerant,-900.7734144328829,-0.11944141667788544,-0.781576587530549,3.158210859388204e-07,12,4,2026-02-19
ODFL/NFLX,ODFL,NFLX,crash_tolerant,-3549.053185556201,-0.4558900829770174,-0.781576587530549,2.817296810734211e-13,18,4,2026-02-19
ODFL/MOS,ODFL,MOS,crash_tolerant,2835.49461085437,0.6389393897743646,-0.781576587530549,0.9999999999987809,8,4,2026-02-19
UNH/ULTA,UNH,ULTA,crash_tolerant,6157.437806315875,0.9554845179926914,-0.781576587530549,0.9999993881813234,20,4,2026-02-19
UNH/PLTR,UNH,PLTR,crash_tolerant,-6199.601983587219,-0.6498228920251341,-0.781576587530549,1.6093256756647948e-21,20,4,2026-02-19
CVS/GPN,CVS,GPN,crash_tolerant,5173.449012558,0.6372438756531824,-0.781576587530549,0.9999999627297165,16,4,2026-02-19
CVS/FISV,CVS,FISV,crash_tolerant,-1806.44940574641,-0.4556647889001686,-0.781576587530549,1.6680357187760963e-15,16,4,2026-02-19
PSX/ADBE,PSX,ADBE,crash_tolerant,-4049.568620330075,-1.0902348247024416,-0.781576587530549,7.378407487307834e-18,18,4,2026-02-19
STLD/INTU,STLD,INTU,trend_leverage,586.4027989389235,0.11001268955576336,-0.7993910006273375,0.6066037449468481,18,4,2026-02-19
STLD/FMC,STLD,FMC,trend_leverage,7104.422346046622,0.8221439848440834,-0.7993910006273375,0.988024681328157,16,4,2026-02-19
KLAC/TRMB,KLAC,TRMB,trend_leverage,3894.89753932663,0.9001906969830843,-0.7993910006273375,0.9996500930673345,10,4,2026-02-19
KLAC/NRG,KLAC,NRG,trend_leverage,-366.6144466488684,-0.09345247870928304,-0.7993910006273375,7.43332022986542e-09,10,4,2026-02-19
VLO/UHS,VLO,UHS,trend_leverage,691.4183419447199,0.6190914618585691,-0.7993910006273375,0.994956005427376,4,4,2026-02-19
VLO/PYPL,VLO,PYPL,trend_leverage,-1997.335235736545,-0.5391004119080361,-0.7993910006273375,2.43084487801549e-16,14,4,2026-02-19
MGM/JKHY,MGM,JKHY,trend_leverage,-617.7196296994207,-0.19359603282783797,-0.7993910006273375,7.492819233391421e-08,8,4,2026-02-19
MGM/NEM,MGM,NEM,trend_leverage,-581.9927723054932,-0.10283086247546121,-0.7993910006273375,2.12687312930713e-06,12,4,2026-02-19
ODFL/NFLX,ODFL,NFLX,trend_leverage,-6566.422301737541,-0.8822006904220073,-0.7993910006273375,9.871938264906266e-21,18,4,2026-02-19
ODFL/MOS,ODFL,MOS,trend_leverage,2111.449676907524,0.6363436684080204,-0.7993910006273375,0.9999999999985637,8,4,2026-02-19
UNH/ULTA,UNH,ULTA,trend_leverage,4581.782883041446,0.9562973676657491,-0.7993910006273375,0.9999995298379786,20,4,2026-02-19
UNH/PLTR,UNH,PLTR,trend_leverage,3844.099716806889,0.43368402146967755,-0.7993910006273375,0.9994598970620094,18,4,2026-02-19
CVS/GPN,CVS,GPN,trend_leverage,3860.787080043548,0.6371421566996158,-0.7993910006273375,0.9999999620061308,16,4,2026-02-19
CVS/FISV,CVS,FISV,trend_leverage,-2660.766865473331,-0.7435797029383088,-0.7993910006273375,2.9641648934424427e-19,16,4,2026-02-19
PSX/ADBE,PSX,ADBE,trend_leverage,-3005.415927393331,-1.0826608521087873,-0.7993910006273375,7.064276295954078e-18,18,4,2026-02-19
STLD/INTU,STLD,INTU,raw_momentum_kalman,-1306.888539798288,-0.5209981940548288,-0.8550300905403204,4.9564161236360775e-12,12,4,2026-02-19
STLD/FMC,STLD,FMC,raw_momentum_kalman,6063.52268884351,1.1319001909484276,-0.8550300905403204,0.9900675616373146,14,4,2026-02-19
KLAC/TRMB,KLAC,TRMB,raw_momentum_kalman,884.1774112917511,0.32709907083948814,-0.8550300905403204,0.9618920965518983,8,4,2026-02-19
KLAC/NRG,KLAC,NRG,raw_momentum_kalman,690.5934767146007,0.44149508347762473,-0.8550300905403204,0.9997701413680785,8,4,2026-02-19
VLO/UHS,VLO,UHS,raw_momentum_kalman,-522.2648126991572,-0.30780249033033075,-0.8550300905403204,6.402655399853434e-17,6,4,2026-02-19
VLO/PYPL,VLO,PYPL,raw_momentum_kalman,3385.318087021643,0.883168657646588,-0.8550300905403204,0.9986656056496633,12,4,2026-02-19
MGM/JKHY,MGM,JKHY,raw_momentum_kalman,-534.1695575822721,-0.26306972862377737,-0.8550300905403204,2.5387406806438633e-08,6,4,2026-02-19
MGM/NEM,MGM,NEM,raw_momentum_kalman,235.9786505663114,0.06300829669457315,-0.8550300905403204,0.24749541581359913,10,4,2026-02-19
ODFL/NFLX,ODFL,NFLX,raw_momentum_kalman,234.5637325267684,0.07233321715758526,-0.8550300905403204,0.30987878556393345,12,4,2026-02-19
ODFL/MOS,ODFL,MOS,raw_momentum_kalman,-392.2600228304757,-0.20644170846560753,-0.8550300905403204,5.062068782984706e-08,8,4,2026-02-19
UNH/ULTA,UNH,ULTA,raw_momentum_kalman,3464.82250985729,1.1092063899429752,-0.8550300905403204,0.9999973823749265,16,4,2026-02-19
UNH/PLTR,UNH,PLTR,raw_momentum_kalman,-2543.812804143473,-0.5032894449505733,-0.8550300905403204,1.7790843442754332e-14,18,4,2026-02-19
CVS/GPN,CVS,GPN,raw_momentum_kalman,1652.820767286653,0.5847490073728823,-0.8550300905403204,0.999955158635082,12,4,2026-02-19
CVS/FISV,CVS,FISV,raw_momentum_kalman,5137.567411381191,0.9080260134526857,-0.8550300905403204,0.9885854290697559,12,4,2026-02-19
PSX/ADBE,PSX,ADBE,raw_momentum_kalman,828.3560344577515,0.3609153623174508,-0.8550300905403204,0.9999951994152415,16,4,2026-02-19
STLD/INTU,STLD,INTU,entry_threshold_strong,665.218881015868,0.18684257764301873,-0.913600604007864,0.9679515923579111,16,4,2026-02-19
STLD/FMC,STLD,FMC,entry_threshold_strong,5972.431430019185,1.0256881465463281,-0.913600604007864,0.9896885244466849,14,4,2026-02-19
KLAC/TRMB,KLAC,TRMB,entry_threshold_strong,2004.018171535395,0.6255263947501375,-0.913600604007864,0.9998087400377674,8,4,2026-02-19
KLAC/NRG,KLAC,NRG,entry_threshold_strong,-253.9893018867703,-0.09434288739428756,-0.913600604007864,8.782474219084541e-10,8,4,2026-02-19
VLO/UHS,VLO,UHS,entry_threshold_strong,464.4854132003997,0.6202792940222779,-0.913600604007864,0.9949262525029436,4,4,2026-02-19
VLO/PYPL,VLO,PYPL,entry_threshold_strong,-654.0739942200739,-0.28028847563878595,-0.913600604007864,4.2836597971858496e-10,14,4,2026-02-19
MGM/JKHY,MGM,JKHY,entry_threshold_strong,-859.5544418548398,-0.38803672900518776,-0.913600604007864,2.89818624817299e-10,8,4,2026-02-19
MGM/NEM,MGM,NEM,entry_threshold_strong,806.8670531752479,0.22238664076301873,-0.913600604007864,0.9758442884552045,10,4,2026-02-19
ODFL/NFLX,ODFL,NFLX,entry_threshold_strong,-3713.639843804535,-0.8310826236416047,-0.913600604007864,7.931118950694915e-19,16,4,2026-02-19
ODFL/MOS,ODFL,MOS,entry_threshold_strong,841.1425844388691,0.3644711305049017,-0.913600604007864,0.9999933148036303,8,4,2026-02-19
UNH/ULTA,UNH,ULTA,entry_threshold_strong,4425.238931588884,1.2401224657730285,-0.913600604007864,0.9999999946489191,16,4,2026-02-19
UNH/PLTR,UNH,PLTR,entry_threshold_strong,-204.3108240752867,-0.03406441608251812,-0.913600604007864,0.0023501906384660234,18,4,2026-02-19
CVS/GPN,CVS,GPN,entry_threshold_strong,4703.217087324831,1.2267335859045903,-0.913600604007864,0.9999999998809531,12,4,2026-02-19
CVS/FISV,CVS,FISV,entry_threshold_strong,2156.726279127641,0.3666658686294585,-0.913600604007864,0.9911096410455192,16,4,2026-02-19
PSX/ADBE,PSX,ADBE,entry_threshold_strong,-1799.227543942681,-0.9671587532661614,-0.913600604007864,3.1685296732590783e-18,18,4,2026-02-19
STLD/INTU,STLD,INTU,entry_filter_kalman,661.1466962657717,0.18574426179343506,-0.917838227952652,0.9664342481586872,16,4,2026-02-19
STLD/FMC,STLD,FMC,entry_filter_kalman,5916.267373287462,1.0767966692176196,-0.917838227952652,0.9903017879051578,14,4,2026-02-19
KLAC/TRMB,KLAC,TRMB,entry_filter_kalman,1959.762996654545,0.5922608814573629,-0.917838227952652,0.9996068143673017,8,4,2026-02-19
KLAC/NRG,KLAC,NRG,entry_filter_kalman,-247.117227404327,-0.09097144631063431,-0.917838227952652,1.3743666815187702e-09,8,4,2026-02-19
VLO/UHS,VLO,UHS,entry_filter_kalman,460.497991310056,0.6136148920259257,-0.917838227952652,0.99493779195045,4,4,2026-02-19
VLO/PYPL,VLO,PYPL,entry_filter_kalman,-569.9424745311098,-0.2434113714861638,-0.917838227952652,3.2047392820067215e-09,14,4,2026-02-19
MGM/JKHY,MGM,JKHY,entry_filter_kalman,-861.4557071022093,-0.39223848697961905,-0.917838227952652,2.307738029722339e-10,8,4,2026-02-19
MGM/NEM,MGM,NEM,entry_filter_kalman,827.304425808314,0.22820942263929456,-0.917838227952652,0.9796238929962261,10,4,2026-02-19
ODFL/NFLX,ODFL,NFLX,entry_filter_kalman,-3749.554838251185,-0.8342450304182805,-0.917838227952652,1.5253513871889472e-18,16,4,2026-02-19
ODFL/MOS,ODFL,MOS,entry_filter_kalman,1132.296999540556,0.5109774848497898,-0.917838227952652,0.9999999951361579,8,4,2026-02-19
UNH/ULTA,UNH,ULTA,entry_filter_kalman,4425.238931588884,1.2401224657730285,-0.917838227952652,0.9999999946489191,16,4,2026-02-19
UNH/PLTR,UNH,PLTR,entry_filter_kalman,-306.1642712240068,-0.05106397838959949,-0.917838227952652,0.0006952111354477359,18,4,2026-02-19
CVS/GPN,CVS,GPN,entry_filter_kalman,4631.800238391713,1.2051351363797227,-0.917838227952652,0.9999999997330293,12,4,2026-02-19
CVS/FISV,CVS,FISV,entry_filter_kalman,2094.831398868496,0.36048500660513133,-0.917838227952652,0.9913187047475325,16,4,2026-02-19
PSX/ADBE,PSX,ADBE,entry_filter_kalman,-1809.815423788994,-0.9729664415604956,-0.917838227952652,3.1816023761652826e-18,18,4,2026-02-19
STLD/INTU,STLD,INTU,raw_momentum,-479.4309292542994,-0.22253499724835302,-0.989644432503636,2.9365717017802147e-10,8,4,2026-02-19
STLD/FMC,STLD,FMC,raw_momentum,6036.684455656258,1.056056586176711,-0.989644432503636,0.989197490228038,14,4,2026-02-19
KLAC/TRMB,KLAC,TRMB,raw_momentum,606.9457490286181,0.2275524872407112,-0.989644432503636,0.9087085856940745,8,4,2026-02-19
KLAC/NRG,KLAC,NRG,raw_momentum,-903.6627310292256,-0.3707621845467908,-0.989644432503636,2.650102166186387e-07,8,4,2026-02-19
VLO/UHS,VLO,UHS,raw_momentum,235.1693416410621,0.3172282523446786,-0.989644432503636,0.9511586844433007,4,4,2026-02-19
VLO/PYPL,VLO,PYPL,raw_momentum,3362.650041821097,0.8717530987123967,-0.989644432503636,0.9986054023761424,12,4,2026-02-19
MGM/JKHY,MGM,JKHY,raw_momentum,-543.357576306475,-0.2653567816862537,-0.989644432503636,2.2494255179586077e-08,6,4,2026-02-19
MGM/NEM,MGM,NEM,raw_momentum,1118.328595480524,0.3085873057756297,-0.989644432503636,0.9973995168964107,8,4,2026-02-19
ODFL/NFLX,ODFL,NFLX,raw_momentum,203.5960330650984,0.06299007797121546,-0.989644432503636,0.24701605670260646,12,4,2026-02-19
ODFL/MOS,ODFL,MOS,raw_momentum,-917.3236648319478,-0.667104030025708,-0.989644432503636,3.685757656775487e-12,6,4,2026-02-19
UNH/ULTA,UNH,ULTA,raw_momentum,3464.82250985729,1.1092063899429752,-0.989644432503636,0.9999973823749265,16,4,2026-02-19
UNH/PLTR,UNH,PLTR,raw_momentum,-2832.460092927714,-0.5648269286220153,-0.989644432503636,3.11469936336321e-13,18,4,2026-02-19
CVS/GPN,CVS,GPN,raw_momentum,2553.53506352868,0.8183215949702094,-0.989644432503636,0.999998731408124,12,4,2026-02-19
CVS/FISV,CVS,FISV,raw_momentum,5169.514312132329,0.9138924970591565,-0.989644432503636,0.9885548099298971,12,4,2026-02-19
PSX/ADBE,PSX,ADBE,raw_momentum,-1570.604395161527,-1.022985925728316,-0.989644432503636,1.6820746849079111e-18,16,4,2026-02-19
STLD/INTU,STLD,INTU,no_reversal_protection,1720.364062242895,0.48953021328196566,-1.0741097466738312,0.9999999722579289,18,4,2026-02-19
STLD/FMC,STLD,FMC,no_reversal_protection,5603.813951382458,0.9180574491959091,-1.0741097466738312,0.9947319187306378,14,4,2026-02-19
KLAC/TRMB,KLAC,TRMB,no_reversal_protection,1061.133380604134,0.34967924300774306,-1.0741097466738312,0.9926700805716605,12,4,2026-02-19
KLAC/NRG,KLAC,NRG,no_reversal_protection,2195.253151740477,1.0712331204273269,-1.0741097466738312,0.9999999378385866,8,4,2026-02-19
VLO/UHS,VLO,UHS,no_reversal_protection,52.5317819474094,0.0253903113612329,-1.0741097466738312,0.06718771269031576,6,4,2026-02-19
VLO/PYPL,VLO,PYPL,no_reversal_protection,2083.793047245505,0.5224720960459811,-1.0741097466738312,0.9993517625191433,14,4,2026-02-19
MGM/JKHY,MGM,JKHY,no_reversal_protection,-392.1864361480182,-0.1734543645767576,-1.0741097466738312,1.7998918879258427e-07,8,4,2026-02-19
MGM/NEM,MGM,NEM,no_reversal_protection,-1007.239845843976,-0.2631853999983856,-1.0741097466738312,4.116841937750223e-15,12,4,2026-02-19
ODFL/NFLX,ODFL,NFLX,no_reversal_protection,-637.98305716798,-0.1298921610280781,-1.0741097466738312,8.622264552054968e-08,16,4,2026-02-19
ODFL/MOS,ODFL,MOS,no_reversal_protection,821.8284522662079,0.34899679461971944,-1.0741097466738312,0.9999986063934571,8,4,2026-02-19
UNH/ULTA,UNH,ULTA,no_reversal_protection,4483.043703477219,1.199941685613462,-1.0741097466738312,0.9999999996820915,16,4,2026-02-19
UNH/PLTR,UNH,PLTR,no_reversal_protection,-3043.737206175356,-0.5453648611135516,-1.0741097466738312,3.3887400064770557e-18,18,4,2026-02-19
CVS/GPN,CVS,GPN,no_reversal_protection,3904.414835200356,1.0769339475486346,-1.0741097466738312,0.9999999766030188,14,4,2026-02-19
CVS/FISV,CVS,FISV,no_reversal_protection,-6246.909371830658,-1.1372862191586974,-1.0741097466738312,2.6208243713992808e-05,16,4,2026-02-19
PSX/ADBE,PSX,ADBE,no_reversal_protection,-31.17695122564692,-0.013400535475994691,-1.0741097466738312,0.010422090069655308,18,4,2026-02-19
STLD/INTU,STLD,INTU,slow_rebalance,4149.131979690113,1.1309917615831764,-1.180938293686442,0.9999999999954897,16,4,2026-02-19
STLD/FMC,STLD,FMC,slow_rebalance,6177.560242683829,1.0541627055910696,-1.180938293686442,0.9909863195744579,10,4,2026-02-19
KLAC/TRMB,KLAC,TRMB,slow_rebalance,1959.986781906338,0.6362689696068516,-1.180938293686442,0.9997105579763746,8,4,2026-02-19
KLAC/NRG,KLAC,NRG,slow_rebalance,1546.882356407937,0.8156877445492918,-1.180938293686442,0.9999999927824543,8,4,2026-02-19
VLO/UHS,VLO,UHS,slow_rebalance,-298.2937113991227,-0.1995842791478014,-1.180938293686442,3.6679500313302076e-07,6,4,2026-02-19
VLO/PYPL,VLO,PYPL,slow_rebalance,3988.128524877941,1.002760828444618,-1.180938293686442,0.9996464955084663,14,4,2026-02-19
MGM/JKHY,MGM,JKHY,slow_rebalance,-575.558328114796,-0.4818781719654402,-1.180938293686442,2.3225476451727518e-10,6,4,2026-02-19
MGM/NEM,MGM,NEM,slow_rebalance,-1590.160982433164,-0.49396472628719695,-1.180938293686442,1.0391900763319449e-18,12,4,2026-02-19
ODFL/NFLX,ODFL,NFLX,slow_rebalance,547.6971397952307,0.16758755498468228,-1.180938293686442,0.8842123804330784,14,4,2026-02-19
ODFL/MOS,ODFL,MOS,slow_rebalance,21.13253787332826,0.01079639835123646,-1.180938293686442,0.032201801107889345,8,4,2026-02-19
UNH/ULTA,UNH,ULTA,slow_rebalance,2752.478702948327,1.2040213313413735,-1.180938293686442,0.9999999887553745,12,4,2026-02-19
UNH/PLTR,UNH,PLTR,slow_rebalance,-5569.515744472596,-0.8085473157304877,-1.180938293686442,1.155992915594096e-08,16,4,2026-02-19
CVS/GPN,CVS,GPN,slow_rebalance,2402.617453043288,0.6238941174482652,-1.180938293686442,0.9999997450829642,10,4,2026-02-19
CVS/FISV,CVS,FISV,slow_rebalance,-4365.368766472284,-1.0487418474444428,-1.180938293686442,2.033192060081027e-16,16,4,2026-02-19
PSX/ADBE,PSX,ADBE,slow_rebalance,-949.140072492717,-0.3509494609311427,-1.180938293686442,2.2596211744114508e-07,18,4,2026-02-19
STLD/INTU,STLD,INTU,beta_neutral,1258.8509201219,0.3636657119163633,-1.4149832893743843,0.999999191633783,15,4,2026-02-19
STLD/FMC,STLD,FMC,beta_neutral,1194.323524068532,0.4156496901668311,-1.4149832893743843,0.9999999903154588,18,4,2026-02-19
KLAC/TRMB,KLAC,TRMB,beta_neutral,1358.338154272115,0.3795283260477039,-1.4149832893743843,0.9628652366712788,8,4,2026-02-19
KLAC/NRG,KLAC,NRG,beta_neutral,-767.6797105779142,-0.21223414421244086,-1.4149832893743843,3.864671314982871e-18,10,4,2026-02-19
VLO/UHS,VLO,UHS,beta_neutral,-40.37216968843344,-0.038804945598730795,-1.4149832893743843,0.0005625192624010273,4,4,2026-02-19
VLO/PYPL,VLO,PYPL,beta_neutral,-1774.323387392923,-0.6242657322373502,-1.4149832893743843,1.741261669004554e-18,14,4,2026-02-19
MGM/JKHY,MGM,JKHY,beta_neutral,-581.2065127524515,-0.1730883746310751,-1.4149832893743843,5.167535367399912e-09,8,4,2026-02-19
MGM/NEM,MGM,NEM,beta_neutral,-1881.460348055319,-0.5447985239229239,-1.4149832893743843,5.040334168641565e-18,12,4,2026-02-19
ODFL/NFLX,ODFL,NFLX,beta_neutral,364.1607766305059,0.10218248015075812,-1.4149832893743843,0.5404052924143775,15,4,2026-02-19
ODFL/MOS,ODFL,MOS,beta_neutral,1441.758739186114,0.6506966771632752,-1.4149832893743843,0.9999992205474011,8,4,2026-02-19
UNH/ULTA,UNH,ULTA,beta_neutral,2798.12181570157,0.7838920967231675,-1.4149832893743843,0.9999999962175761,15,4,2026-02-19
UNH/PLTR,UNH,PLTR,beta_neutral,5196.427388897208,0.7956205886916322,-1.4149832893743843,0.999995605330873,19,4,2026-02-19
CVS/GPN,CVS,GPN,beta_neutral,-2905.962755901812,-0.7311562786466803,-1.4149832893743843,1.0700466925264266e-06,13,4,2026-02-19
CVS/FISV,CVS,FISV,beta_neutral,2164.781460357097,0.38457903805760424,-1.4149832893743843,0.9867639620191224,16,4,2026-02-19
PSX/ADBE,PSX,ADBE,beta_neutral,-1682.74421275085,-0.8534430420855947,-1.4149832893743843,1.380664148149691e-18,20,4,2026-02-19
STLD/INTU,STLD,INTU,let_profits_run,4562.502160074587,1.3883657517849772,-1.5031590594440585,0.9999999999951683,10,4,2026-02-19
STLD/FMC,STLD,FMC,let_profits_run,6680.087597744541,1.2312135342480992,-1.5031590594440585,0.9953483866473882,6,4,2026-02-19
KLAC/TRMB,KLAC,TRMB,let_profits_run,258.8999124053303,0.0991223875929795,-1.5031590594440585,0.5087813412627202,8,4,2026-02-19
KLAC/NRG,KLAC,NRG,let_profits_run,-1913.128808805549,-0.6201686694370432,-1.5031590594440585,2.7687760264029157e-09,6,4,2026-02-19
VLO/UHS,VLO,UHS,let_profits_run,284.8447359697457,0.14446394213122496,-1.5031590594440585,0.8219008927126907,6,4,2026-02-19
VLO/PYPL,VLO,PYPL,let_profits_run,3593.215422281089,0.8625523677599392,-1.5031590594440585,0.9999598340358812,12,4,2026-02-19
MGM/JKHY,MGM,JKHY,let_profits_run,-2794.926640660184,-1.4228790714034991,-1.5031590594440585,4.675360109619874e-19,10,4,2026-02-19
MGM/NEM,MGM,NEM,let_profits_run,-823.0054360779222,-0.18685155726549038,-1.5031590594440585,1.7181606827678716e-10,10,4,2026-02-19
ODFL/NFLX,ODFL,NFLX,let_profits_run,196.9964939011804,0.06411288150527474,-1.5031590594440585,0.22710342293557106,14,4,2026-02-19
ODFL/MOS,ODFL,MOS,let_profits_run,-411.3388442399922,-0.3526386591738591,-1.5031590594440585,1.724987693868054e-07,6,4,2026-02-19
UNH/ULTA,UNH,ULTA,let_profits_run,1519.263648951457,0.735242468722705,-1.5031590594440585,0.9999999999999873,12,4,2026-02-19
UNH/PLTR,UNH,PLTR,let_profits_run,-8283.960900145608,-1.1419412361218488,-1.5031590594440585,6.292292056687433e-09,14,4,2026-02-19
CVS/GPN,CVS,GPN,let_profits_run,151.6580972197851,0.04232225105823888,-1.5031590594440585,0.11896991447347749,12,4,2026-02-19
CVS/FISV,CVS,FISV,let_profits_run,1377.843067655383,0.24980316260258964,-1.5031590594440585,0.9913350934145612,14,4,2026-02-19
PSX/ADBE,PSX,ADBE,let_profits_run,33.97459693346718,0.012092154990536225,-1.5031590594440585,0.03201581996327676,16,4,2026-02-19
STLD/INTU,STLD,INTU,balanced,715.674330338561,0.2116296139067806,-1.6311508301838846,0.9870993467161321,16,4,2026-02-19
STLD/FMC,STLD,FMC,balanced,4157.35392652162,0.710674979465229,-1.6311508301838846,0.9901686921237052,18,4,2026-02-19
KLAC/TRMB,KLAC,TRMB,balanced,1539.468765105614,0.5650707469717066,-1.6311508301838846,0.9964821082564869,8,4,2026-02-19
KLAC/NRG,KLAC,NRG,balanced,-248.1366135133161,-0.096035412906818,-1.6311508301838846,5.228134027462865e-09,10,4,2026-02-19
VLO/UHS,VLO,UHS,balanced,466.2220698675491,0.6226236117110568,-1.6311508301838846,0.9949675047289237,4,4,2026-02-19
VLO/PYPL,VLO,PYPL,balanced,-1335.062561713963,-0.5414659096253455,-1.6311508301838846,1.8236684354893143e-16,14,4,2026-02-19
MGM/JKHY,MGM,JKHY,balanced,-1028.379863209607,-0.49483313857202177,-1.6311508301838846,5.792691174943447e-09,8,4,2026-02-19
MGM/NEM,MGM,NEM,balanced,-387.3416529431197,-0.10035123405214626,-1.6311508301838846,4.063814706928207e-06,14,4,2026-02-19
ODFL/NFLX,ODFL,NFLX,balanced,-135.6973330690521,-0.038685626789487046,-1.6311508301838846,0.0017828148743336983,16,4,2026-02-19
ODFL/MOS,ODFL,MOS,balanced,636.3973308500354,0.2864296930231548,-1.6311508301838846,0.9995942182366825,8,4,2026-02-19
UNH/ULTA,UNH,ULTA,balanced,2820.682009070216,0.8845110210710017,-1.6311508301838846,0.9999989988056271,16,4,2026-02-19
UNH/PLTR,UNH,PLTR,balanced,945.5679549906486,0.14957094086744874,-1.6311508301838846,0.8103828816132739,20,4,2026-02-19
CVS/GPN,CVS,GPN,balanced,1568.585941568935,0.5626675115195213,-1.6311508301838846,0.9999378880323568,12,4,2026-02-19
CVS/FISV,CVS,FISV,balanced,-1529.721827958729,-0.6476734746172242,-1.6311508301838846,4.810590709747371e-19,16,4,2026-02-19
PSX/ADBE,PSX,ADBE,balanced,-2069.053116589918,-1.1192340200159097,-1.6311508301838846,5.8946946023504696e-18,20,4,2026-02-19
STLD/INTU,STLD,INTU,long_term_kalman,3071.282326758089,1.1756710165558946,-1.6861759320762133,1.0,8,4,2026-02-19
STLD/FMC,STLD,FMC,long_term_kalman,6637.020795893528,1.326836044723106,-1.6861759320762133,0.9954027732199765,6,4,2026-02-19
KLAC/TRMB,KLAC,TRMB,long_term_kalman,180.6657517575922,0.0654042397394113,-1.6861759320762133,0.29625147983324046,8,4,2026-02-19
KLAC/NRG,KLAC,NRG,long_term_kalman,-2728.116122443905,-1.1017174734606103,-1.6861759320762133,7.161622776800364e-05,6,4,2026-02-19
VLO/UHS,VLO,UHS,long_term_kalman,-1988.135517121859,-1.1105008064759778,-1.6861759320762133,3.4170357780939406e-16,8,4,2026-02-19
VLO/PYPL,VLO,PYPL,long_term_kalman,3985.969871652539,0.9381673660845345,-1.6861759320762133,0.9999894872796509,14,4,2026-02-19
MGM/JKHY,MGM,JKHY,long_term_kalman,-1923.198317242705,-1.10101914144411,-1.6861759320762133,6.252848407101175e-14,6,4,2026-02-19
MGM/NEM,MGM,NEM,long_term_kalman,-1034.211361079076,-0.2604374553615729,-1.6861759320762133,1.3103617422419952e-14,8,4,2026-02-19
ODFL/NFLX,ODFL,NFLX,long_term_kalman,2642.933472674869,0.7677282002463491,-1.6861759320762133,0.9999999999999997,12,4,2026-02-19
ODFL/MOS,ODFL,MOS,long_term_kalman,-188.6294425548488,-0.18044836422527177,-1.6861759320762133,2.381517414038808e-05,6,4,2026-02-19
UNH/ULTA,UNH,ULTA,long_term_kalman,-334.3356241143589,-0.11772357056133984,-1.6861759320762133,8.128971347111285e-06,12,4,2026-02-19
UNH/PLTR,UNH,PLTR,long_term_kalman,-10653.75552246629,-1.5687319212677138,-1.6861759320762133,1.5239526621346665e-06,14,4,2026-02-19
CVS/GPN,CVS,GPN,long_term_kalman,-570.5749064309371,-0.15525146390770467,-1.6861759320762133,4.6789005087700464e-07,8,4,2026-02-19
CVS/FISV,CVS,FISV,long_term_kalman,4043.39195209722,0.7414387034293006,-1.6861759320762133,0.9923527245361949,10,4,2026-02-19
PSX/ADBE,PSX,ADBE,long_term_kalman,1535.558945216344,0.5110451662468793,-1.6861759320762133,0.9999999987176145,16,4,2026-02-19
STLD/INTU,STLD,INTU,uniform_weights,390.3091774973229,0.1108503000322269,-1.700793911024182,0.6142305375364325,18,4,2026-02-19
STLD/FMC,STLD,FMC,uniform_weights,4714.626778555563,0.8218081502567971,-1.700793911024182,0.9880301758759064,16,4,2026-02-19
KLAC/TRMB,KLAC,TRMB,uniform_weights,2591.899184846558,0.9025960454859066,-1.700793911024182,0.9996598890814005,10,4,2026-02-19
KLAC/NRG,KLAC,NRG,uniform_weights,-83.76272596998501,-0.03259905102512108,-1.700793911024182,0.0006818640209690652,10,4,2026-02-19
VLO/UHS,VLO,UHS,uniform_weights,466.2220698675491,0.6226236117110568,-1.700793911024182,0.9949675047289237,4,4,2026-02-19
VLO/PYPL,VLO,PYPL,uniform_weights,-965.71802260911,-0.40059844839474024,-1.700793911024182,7.707865087873033e-14,14,4,2026-02-19
MGM/JKHY,MGM,JKHY,uniform_weights,-847.0471456785597,-0.41069408249901074,-1.700793911024182,6.265219190502295e-09,8,4,2026-02-19
MGM/NEM,MGM,NEM,uniform_weights,-24.88650147152612,-0.006479948911689547,-1.700793911024182,0.012679649572426198,12,4,2026-02-19
ODFL/NFLX,ODFL,NFLX,uniform_weights,-3442.662153025468,-0.7203935468972286,-1.700793911024182,2.099314318173968e-19,18,4,2026-02-19
ODFL/MOS,ODFL,MOS,uniform_weights,1144.861155503456,0.5241535327480646,-1.700793911024182,0.9999999999255149,8,4,2026-02-19
UNH/ULTA,UNH,ULTA,uniform_weights,3161.892009070215,0.9844488224218376,-1.700793911024182,0.9999992817169909,18,4,2026-02-19
UNH/PLTR,UNH,PLTR,uniform_weights,-2754.749452009024,-0.551876182098478,-1.700793911024182,3.2400683407894824e-13,18,4,2026-02-19
CVS/GPN,CVS,GPN,uniform_weights,2522.948919929461,0.6185609760569779,-1.700793911024182,0.9999999724070933,18,4,2026-02-19
CVS/FISV,CVS,FISV,uniform_weights,-1217.320049882443,-0.5769262326496328,-1.700793911024182,5.976653350090836e-18,16,4,2026-02-19
PSX/ADBE,PSX,ADBE,uniform_weights,-2007.596501450031,-1.0929311659310172,-1.700793911024182,7.493480930875297e-18,18,4,2026-02-19
STLD/INTU,STLD,INTU,fast_strict,1190.602866620323,0.5205733032288761,-1.8234400541132103,0.9999999954001746,26,4,2026-02-19
STLD/FMC,STLD,FMC,fast_strict,4736.11136184464,1.090242643841634,-1.8234400541132103,0.988518661887908,20,4,2026-02-19
KLAC/TRMB,KLAC,TRMB,fast_strict,2630.602776037682,1.711349013664166,-1.8234400541132103,0.9999999178179606,12,4,2026-02-19
KLAC/NRG,KLAC,NRG,fast_strict,-320.7311828924401,-0.1354592838750683,-1.8234400541132103,3.3470006093797868e-16,14,4,2026-02-19
VLO/UHS,VLO,UHS,fast_strict,-812.4943026783997,-0.7975076617064729,-1.8234400541132103,8.863482593714384e-10,8,4,2026-02-19
VLO/PYPL,VLO,PYPL,fast_strict,392.8621834210346,0.23730712714999216,-1.8234400541132103,0.9974463886290205,16,4,2026-02-19
MGM/JKHY,MGM,JKHY,fast_strict,-395.4290112518763,-0.22703466477814577,-1.8234400541132103,4.288505321586895e-08,12,4,2026-02-19
MGM/NEM,MGM,NEM,fast_strict,-1428.757998903509,-0.4440921078949436,-1.8234400541132103,1.6887712322487261e-15,22,4,2026-02-19
ODFL/NFLX,ODFL,NFLX,fast_strict,3368.10133314628,1.4937180893983566,-1.8234400541132103,0.9999999999999999,18,4,2026-02-19
ODFL/MOS,ODFL,MOS,fast_strict,-833.6447913907788,-0.6368631929343076,-1.8234400541132103,1.8010686810706493e-16,18,4,2026-02-19
UNH/ULTA,UNH,ULTA,fast_strict,2790.834189191348,1.1351946154714565,-1.8234400541132103,0.9999956582964384,14,4,2026-02-19
UNH/PLTR,UNH,PLTR,fast_strict,334.6867143594625,0.08580044169247919,-1.8234400541132103,0.4002247846798337,18,4,2026-02-19
CVS/GPN,CVS,GPN,fast_strict,-1449.258667971135,-0.5936680374168446,-1.8234400541132103,9.422036603868793e-09,26,4,2026-02-19
CVS/FISV,CVS,FISV,fast_strict,-117.9882370340886,-0.07725419009836725,-1.8234400541132103,1.590848869073921e-08,20,4,2026-02-19
PSX/ADBE,PSX,ADBE,fast_strict,1143.918554130422,0.7399443478542457,-1.8234400541132103,0.9999952053242886,22,4,2026-02-19
STLD/INTU,STLD,INTU,default,715.674330338561,0.2116296139067806,-1.8489182914269993,0.9870993467161321,16,4,2026-02-19
STLD/FMC,STLD,FMC,default,4049.943562544591,0.6932978221074708,-1.8489182914269993,0.9899718469647432,18,4,2026-02-19
KLAC/TRMB,KLAC,TRMB,default,1528.778765105614,0.5617123698147742,-1.8489182914269993,0.9963438471507716,8,4,2026-02-19
KLAC/NRG,KLAC,NRG,default,-85.9351636155493,-0.03344143846244167,-1.8489182914269993,0.0006101421455059993,10,4,2026-02-19
VLO/UHS,VLO,UHS,default,466.2220698675491,0.6226236117110568,-1.8489182914269993,0.9949675047289237,4,4,2026-02-19
VLO/PYPL,VLO,PYPL,default,-966.3664369530967,-0.400058944646765,-1.8489182914269993,8.419401579610733e-14,14,4,2026-02-19
MGM/JKHY,MGM,JKHY,default,-850.7985888123626,-0.411142856252433,-1.8489182914269993,6.210198610210896e-09,8,4,2026-02-19
MGM/NEM,MGM,NEM,default,-718.9566773141933,-0.1908327133915459,-1.8489182914269993,4.512529614855106e-11,12,4,2026-02-19
ODFL/NFLX,ODFL,NFLX,default,1312.618754622636,0.44698573466657593,-1.8489182914269993,0.9999999998220361,16,4,2026-02-19
ODFL/MOS,ODFL,MOS,default,640.1180578223621,0.28853530424144563,-1.8489182914269993,0.9996343802340046,8,4,2026-02-19
UNH/ULTA,UNH,ULTA,default,2829.132009070216,0.8879850052612172,-1.8489182914269993,0.9999989571657625,16,4,2026-02-19
UNH/PLTR,UNH,PLTR,default,-4403.979452009024,-0.8072556285072707,-1.8489182914269993,2.961894371806187e-13,20,4,2026-02-19
CVS/GPN,CVS,GPN,default,1571.371118570888,0.5660174762415752,-1.8489182914269993,0.9999466887571965,12,4,2026-02-19
CVS/FISV,CVS,FISV,default,159.7688839547754,0.08428058950517323,-1.8489182914269993,0.3966056710871416,12,4,2026-02-19
PSX/ADBE,PSX,ADBE,default,-2067.830947536476,-1.1211343026103577,-1.8489182914269993,6.975024281675312e-18,20,4,2026-02-19
STLD/INTU,STLD,INTU,kalman_hedge,342.6345892942471,0.09542582727038412,-1.8775114336776435,0.4806729226954079,20,4,2026-02-19
STLD/FMC,STLD,FMC,kalman_hedge,4720.418963731946,0.8932935296705357,-1.8775114336776435,0.9888155825872876,16,4,2026-02-19
KLAC/TRMB,KLAC,TRMB,kalman_hedge,1405.079357212319,0.4704202696783894,-1.8775114336776435,0.9958764535546929,12,4,2026-02-19
KLAC/NRG,KLAC,NRG,kalman_hedge,-48.20943337905976,-0.018517716050407702,-1.8775114336776435,0.0035461982019443796,10,4,2026-02-19
VLO/UHS,VLO,UHS,kalman_hedge,-299.0301620358902,-0.17585199148557393,-1.8775114336776435,1.1550877813120476e-12,6,4,2026-02-19
VLO/PYPL,VLO,PYPL,kalman_hedge,-884.1334972026523,-0.3654872521773579,-1.8775114336776435,5.107811050454131e-13,14,4,2026-02-19
MGM/JKHY,MGM,JKHY,kalman_hedge,-830.7846849452541,-0.4024728269803682,-1.8775114336776435,3.757286630435259e-09,8,4,2026-02-19
MGM/NEM,MGM,NEM,kalman_hedge,-417.6890269538399,-0.11088817734186111,-1.8775114336776435,8.698479430547405e-07,12,4,2026-02-19
ODFL/NFLX,ODFL,NFLX,kalman_hedge,-3465.38142064602,-0.7232973794867239,-1.8775114336776435,2.6804912400273516e-19,18,4,2026-02-19
ODFL/MOS,ODFL,MOS,kalman_hedge,1618.3482346477,0.7604834206919925,-1.8775114336776435,0.9999999999999847,8,4,2026-02-19
UNH/ULTA,UNH,ULTA,kalman_hedge,3098.546554669081,0.9643215234064691,-1.8775114336776435,0.9999993043630462,20,4,2026-02-19
UNH/PLTR,UNH,PLTR,kalman_hedge,-4224.982804143474,-0.7638155071992491,-1.8775114336776435,6.226376105373855e-14,20,4,2026-02-19
CVS/GPN,CVS,GPN,kalman_hedge,2477.347374868912,0.6293238295707161,-1.8775114336776435,0.9999999498151899,16,4,2026-02-19
CVS/FISV,CVS,FISV,kalman_hedge,-1216.055841815296,-0.578018559786251,-1.8775114336776435,9.431285596242863e-18,16,4,2026-02-19
PSX/ADBE,PSX,ADBE,kalman_hedge,-2014.26362803132,-1.1001809027750926,-1.8775114336776435,4.241683543848252e-18,18,4,2026-02-19
STLD/INTU,STLD,INTU,vol_weighted_sizing,340.4804465751436,0.0949955328682382,-1.884334024809117,0.4768900730818715,20,4,2026-02-19
STLD/FMC,STLD,FMC,vol_weighted_sizing,4707.664658522796,0.820841090460059,-1.884334024809117,0.987984566577127,16,4,2026-02-19
KLAC/TRMB,KLAC,TRMB,vol_weighted_sizing,1473.067130678963,0.5084131815075786,-1.884334024809117,0.9978394082706687,12,4,2026-02-19
KLAC/NRG,KLAC,NRG,vol_weighted_sizing,-83.76272596998501,-0.03259905102512108,-1.884334024809117,0.0006818640209690652,10,4,2026-02-19
VLO/UHS,VLO,UHS,vol_weighted_sizing,-283.7126548171188,-0.1663027685863638,-1.884334024809117,4.838886564604409e-12,6,4,2026-02-19
VLO/PYPL,VLO,PYPL,vol_weighted_sizing,-965.2880226091099,-0.40048708825554014,-1.884334024809117,7.822313464841318e-14,14,4,2026-02-19
MGM/JKHY,MGM,JKHY,vol_weighted_sizing,-830.0139482043893,-0.39899336331714236,-1.884334024809117,4.3511398618143985e-09,8,4,2026-02-19
MGM/NEM,MGM,NEM,vol_weighted_sizing,-433.8888523646652,-0.11537088903219327,-1.884334024809117,5.261573957864343e-07,12,4,2026-02-19
ODFL/NFLX,ODFL,NFLX,vol_weighted_sizing,-3444.582153025468,-0.7210136416218609,-1.884334024809117,2.0330010980730447e-19,18,4,2026-02-19
ODFL/MOS,ODFL,MOS,vol_weighted_sizing,1417.246152905565,0.6419927238602787,-1.884334024809117,0.9999999999989299,8,4,2026-02-19
UNH/ULTA,UNH,ULTA,vol_weighted_sizing,3099.816554669081,0.9647220838136892,-1.884334024809117,0.9999993040648988,20,4,2026-02-19
UNH/PLTR,UNH,PLTR,vol_weighted_sizing,-4382.669452009023,-0.8043767937949863,-1.884334024809117,3.155884782803178e-13,20,4,2026-02-19
CVS/GPN,CVS,GPN,vol_weighted_sizing,2596.477340582783,0.6419006835462059,-1.884334024809117,0.9999999676645468,16,4,2026-02-19
CVS/FISV,CVS,FISV,vol_weighted_sizing,-1214.670049882443,-0.5758684686215981,-1.884334024809117,6.279627947992034e-18,16,4,2026-02-19
PSX/ADBE,PSX,ADBE,vol_weighted_sizing,-2011.326501450031,-1.0988920258922177,-1.884334024809117,4.394114650788751e-18,18,4,2026-02-19
STLD/INTU,STLD,INTU,no_skip_month,789.941518675619,0.22254635854393617,-1.9085593766362765,0.9935861017387616,18,4,2026-02-19
STLD/FMC,STLD,FMC,no_skip_month,3558.090784310959,0.6114529869841302,-1.9085593766362765,0.9903512311599277,20,4,2026-02-19
KLAC/TRMB,KLAC,TRMB,no_skip_month,-605.5454628275434,-0.17101105350788076,-1.9085593766362765,9.091925602265359e-13,14,4,2026-02-19
KLAC/NRG,KLAC,NRG,no_skip_month,-3406.546672701955,-0.7779983419178774,-1.9085593766362765,1.9025484602451894e-06,12,4,2026-02-19
VLO/UHS,VLO,UHS,no_skip_month,119.2413847724334,0.14226727612668008,-1.9085593766362765,0.7391017243590761,6,4,2026-02-19
VLO/PYPL,VLO,PYPL,no_skip_month,-966.0736151450291,-0.4026376378095669,-1.9085593766362765,8.121351017776466e-14,14,4,2026-02-19
MGM/JKHY,MGM,JKHY,no_skip_month,-826.2089287331236,-0.3975503936446526,-1.9085593766362765,4.531750486160055e-09,8,4,2026-02-19
MGM/NEM,MGM,NEM,no_skip_month,-929.9067857929311,-0.24518514656332893,-1.9085593766362765,1.488897101429796e-13,14,4,2026-02-19
ODFL/NFLX,ODFL,NFLX,no_skip_month,737.4491663200621,0.24603075398801197,-1.9085593766362765,0.9999188014397835,18,4,2026-02-19
ODFL/MOS,ODFL,MOS,no_skip_month,342.207355262413,0.15160143698096534,-1.9085593766362765,0.8677584341493478,8,4,2026-02-19
UNH/ULTA,UNH,ULTA,no_skip_month,-2340.328133107636,-0.391530854775006,-1.9085593766362765,1.8979694628775213e-15,26,4,2026-02-19
UNH/PLTR,UNH,PLTR,no_skip_month,-1628.106591812696,-0.3482021457771433,-1.9085593766362765,1.0700795791957578e-23,20,4,2026-02-19
CVS/GPN,CVS,GPN,no_skip_month,3755.44482264225,0.8460123557165345,-1.9085593766362765,0.9999999999797904,22,4,2026-02-19
CVS/FISV,CVS,FISV,no_skip_month,1046.549113324344,0.5164167486587764,-1.9085593766362765,0.999999999743148,18,4,2026-02-19
PSX/ADBE,PSX,ADBE,no_skip_month,-2515.767493129199,-1.2796251963685115,-1.9085593766362765,1.8780552796909022e-19,22,4,2026-02-19
STLD/INTU,STLD,INTU,sensitive_reversal,572.6994408880275,0.18731075136240802,-1.9214774174346771,0.9493535971711615,22,4,2026-02-19
STLD/FMC,STLD,FMC,sensitive_reversal,2140.266281622714,1.0056637965158133,-1.9214774174346771,0.9999999999991463,22,4,2026-02-19
KLAC/TRMB,KLAC,TRMB,sensitive_reversal,1918.762779389774,1.296094432427684,-1.9214774174346771,0.9999940164777495,8,4,2026-02-19
KLAC/NRG,KLAC,NRG,sensitive_reversal,718.3354861078531,0.2752804771908945,-1.9214774174346771,0.928503025718264,10,4,2026-02-19
VLO/UHS,VLO,UHS,sensitive_reversal,666.0864841726495,1.5191611131742293,-1.9214774174346771,0.9995088951801889,4,4,2026-02-19
VLO/PYPL,VLO,PYPL,sensitive_reversal,4027.180576481966,1.0658633158040505,-1.9214774174346771,0.9968791214187881,16,4,2026-02-19
MGM/JKHY,MGM,JKHY,sensitive_reversal,-642.1529502896267,-0.3213656838849183,-1.9214774174346771,8.742165133477137e-08,10,4,2026-02-19
MGM/NEM,MGM,NEM,sensitive_reversal,-1901.916029559701,-0.5563335225193912,-1.9214774174346771,9.376808833653762e-17,16,4,2026-02-19
ODFL/NFLX,ODFL,NFLX,sensitive_reversal,2363.622693445078,0.7901440822114119,-1.9214774174346771,0.9999999999997771,20,4,2026-02-19
ODFL/MOS,ODFL,MOS,sensitive_reversal,1572.722431985568,0.8243690319591915,-1.9214774174346771,0.9999999999783359,10,4,2026-02-19
UNH/ULTA,UNH,ULTA,sensitive_reversal,1484.481899019305,0.5687878415614213,-1.9214774174346771,0.9999998707135024,20,4,2026-02-19
UNH/PLTR,UNH,PLTR,sensitive_reversal,-4874.262034917181,-0.883019147020472,-1.9214774174346771,6.149411089084075e-13,24,4,2026-02-19
CVS/GPN,CVS,GPN,sensitive_reversal,-1805.674755775292,-0.7388232947558973,-1.9214774174346771,1.363254591186051e-09,18,4,2026-02-19
CVS/FISV,CVS,FISV,sensitive_reversal,-1582.32466712173,-0.6822651292883248,-1.9214774174346771,2.2471075968638642e-08,18,4,2026-02-19
PSX/ADBE,PSX,ADBE,sensitive_reversal,359.1309694904307,0.23761068531203547,-1.9214774174346771,0.9930025827621619,20,4,2026-02-19
STLD/INTU,STLD,INTU,beta_neutral_long_term,1642.058638064677,0.7988504197746822,-2.045612662745228,0.9999999999995651,8,4,2026-02-19
STLD/FMC,STLD,FMC,beta_neutral_long_term,4778.423101508489,1.2720089178227656,-2.045612662745228,1.0,8,4,2026-02-19
KLAC/TRMB,KLAC,TRMB,beta_neutral_long_term,178.1394564916267,0.045959206010216976,-2.045612662745228,0.1890884788129536,8,4,2026-02-19
KLAC/NRG,KLAC,NRG,beta_neutral_long_term,-3311.433481255171,-1.0208237166076044,-2.045612662745228,7.356094170346749e-05,6,4,2026-02-19
VLO/UHS,VLO,UHS,beta_neutral_long_term,-1265.270925592562,-0.7296224715692469,-2.045612662745228,1.6258861066199755e-09,8,4,2026-02-19
VLO/PYPL,VLO,PYPL,beta_neutral_long_term,2379.272190338904,0.5728832889582197,-2.045612662745228,0.9999999999999963,16,4,2026-02-19
MGM/JKHY,MGM,JKHY,beta_neutral_long_term,-1075.040514092438,-0.7535995167749235,-2.045612662745228,4.2765285913979826e-15,6,4,2026-02-19
MGM/NEM,MGM,NEM,beta_neutral_long_term,-78.8007733718606,-0.02782816594714807,-2.045612662745228,0.003970782549821599,8,4,2026-02-19
ODFL/NFLX,ODFL,NFLX,beta_neutral_long_term,2710.012087682302,0.8036231193520037,-2.045612662745228,0.9999999999562299,14,4,2026-02-19
ODFL/MOS,ODFL,MOS,beta_neutral_long_term,-765.1084169939298,-0.418998897046991,-2.045612662745228,1.3490912037281566e-06,6,4,2026-02-19
UNH/ULTA,UNH,ULTA,beta_neutral_long_term,-1011.771807944129,-0.2754598604018595,-2.045612662745228,2.9681755630924867e-09,12,4,2026-02-19
UNH/PLTR,UNH,PLTR,beta_neutral_long_term,-5093.93342020063,-1.2025277061184991,-2.045612662745228,1.861442889056961e-18,13,4,2026-02-19
CVS/GPN,CVS,GPN,beta_neutral_long_term,-487.7483811921877,-0.12037339983262335,-2.045612662745228,6.687518485730377e-11,8,4,2026-02-19
CVS/FISV,CVS,FISV,beta_neutral_long_term,-519.0217487975596,-0.1233392012024377,-2.045612662745228,3.034505912675014e-16,10,4,2026-02-19
PSX/ADBE,PSX,ADBE,beta_neutral_long_term,1212.724389516983,0.36445834347468187,-2.045612662745228,0.9997185877687738,15,4,2026-02-19
STLD/INTU,STLD,INTU,long_term_tilt,1560.225849805521,0.7741425131214246,-2.5501300126645026,0.9999999999998269,8,4,2026-02-19
STLD/FMC,STLD,FMC,long_term_tilt,2642.624065136059,0.9983791993516034,-2.5501300126645026,0.9999999999999986,8,4,2026-02-19
KLAC/TRMB,KLAC,TRMB,long_term_tilt,213.4944803945174,0.0809341430736193,-2.5501300126645026,0.3946166715997333,8,4,2026-02-19
KLAC/NRG,KLAC,NRG,long_term_tilt,-2732.278622947412,-1.1158025694119504,-2.5501300126645026,6.210713158545008e-05,6,4,2026-02-19
VLO/UHS,VLO,UHS,long_term_tilt,-1975.504369886383,-1.104992009720684,-2.5501300126645026,3.6945448553591537e-16,8,4,2026-02-19
VLO/PYPL,VLO,PYPL,long_term_tilt,4059.87572383295,0.9651555384729185,-2.5501300126645026,0.9999798790744557,16,4,2026-02-19
MGM/JKHY,MGM,JKHY,long_term_tilt,-1924.72384848447,-1.0937960422237671,-2.5501300126645026,1.0077736263310728e-13,6,4,2026-02-19
MGM/NEM,MGM,NEM,long_term_tilt,316.8279071836981,0.08563612466711606,-2.5501300126645026,0.40582820718673834,8,4,2026-02-19
ODFL/NFLX,ODFL,NFLX,long_term_tilt,2446.873692219269,0.8058426896325683,-2.5501300126645026,0.9999999999999998,14,4,2026-02-19
ODFL/MOS,ODFL,MOS,long_term_tilt,-190.0970816203018,-0.18088837203855826,-2.5501300126645026,2.2416720594331072e-05,6,4,2026-02-19
UNH/ULTA,UNH,ULTA,long_term_tilt,-285.2556241143589,-0.0992099184035048,-2.5501300126645026,3.624956042483306e-05,12,4,2026-02-19
UNH/PLTR,UNH,PLTR,long_term_tilt,-10568.29425076001,-1.5607133123975514,-2.5501300126645026,1.5822337750557063e-06,14,4,2026-02-19
CVS/GPN,CVS,GPN,long_term_tilt,610.9736070568654,0.16955341142032396,-2.5501300126645026,0.9095226086369849,8,4,2026-02-19
CVS/FISV,CVS,FISV,long_term_tilt,-1249.887410886292,-0.4698318123468766,-2.5501300126645026,5.761215575989758e-14,10,4,2026-02-19
PSX/ADBE,PSX,ADBE,long_term_tilt,1585.483038824447,0.5280748236069505,-2.5501300126645026,0.9999999993118448,16,4,2026-02-19
STLD/INTU,STLD,INTU,crash_defensive,416.6577079493121,0.2525087993067713,-3.599383109918139,0.9983396706860516,20,4,2026-02-19
STLD/FMC,STLD,FMC,crash_defensive,2341.759464739861,0.8213011362775116,-3.599383109918139,0.9879703419462763,16,4,2026-02-19
KLAC/TRMB,KLAC,TRMB,crash_defensive,743.0017406593778,0.5190774496955167,-3.599383109918139,0.9981727278096064,12,4,2026-02-19
KLAC/NRG,KLAC,NRG,crash_defensive,-41.67452418020417,-0.032876748453881645,-3.599383109918139,0.0006689513511313675,10,4,2026-02-19
VLO/UHS,VLO,UHS,crash_defensive,176.7875713662729,0.4722836699745589,-3.599383109918139,0.9917074951274888,6,4,2026-02-19
VLO/PYPL,VLO,PYPL,crash_defensive,-475.9484159351096,-0.3984105816272042,-3.599383109918139,1.0363612727393065e-13,14,4,2026-02-19
MGM/JKHY,MGM,JKHY,crash_defensive,-415.5873818744317,-0.399367278321354,-3.599383109918139,4.383661738276917e-09,8,4,2026-02-19
MGM/NEM,MGM,NEM,crash_defensive,-206.9030768306664,-0.11100244344202675,-3.599383109918139,9.494974452859796e-07,12,4,2026-02-19
ODFL/NFLX,ODFL,NFLX,crash_defensive,-3390.746547144131,-0.9197869302352594,-3.599383109918139,1.0476758458330056e-13,18,4,2026-02-19
ODFL/MOS,ODFL,MOS,crash_defensive,710.8634399389459,0.6475191415747782,-3.599383109918139,0.9999999999991682,8,4,2026-02-19
UNH/ULTA,UNH,ULTA,crash_defensive,530.8879303413676,0.478727288079726,-3.599383109918139,0.9999948930704865,20,4,2026-02-19
UNH/PLTR,UNH,PLTR,crash_defensive,-3276.232421086072,-0.851393210208824,-3.599383109918139,4.896281690797729e-05,20,4,2026-02-19
CVS/GPN,CVS,GPN,crash_defensive,1303.002671007224,0.6479963778811242,-3.599383109918139,0.9999999729297235,16,4,2026-02-19
CVS/FISV,CVS,FISV,crash_defensive,-927.2772818179191,-0.718233722006573,-3.599383109918139,7.97066632869234e-09,16,4,2026-02-19
PSX/ADBE,PSX,ADBE,crash_defensive,-1001.918947424265,-1.1116280320662046,-3.599383109918139,3.5880150251202356e-18,18,4,2026-02-19
STLD/INTU,STLD,INTU,conservative,294.0714045466406,0.3048492276830598,-4.4404354543640965,0.999992021463555,22,4,2026-02-19
STLD/FMC,STLD,FMC,conservative,1891.424573866329,0.9158756951611757,-4.4404354543640965,0.9850681948003459,16,4,2026-02-19
KLAC/TRMB,KLAC,TRMB,conservative,505.8126011988,0.749128223466705,-4.4404354543640965,0.9999999984260053,12,4,2026-02-19
KLAC/NRG,KLAC,NRG,conservative,-186.9005987748365,-0.1984493388223661,-4.4404354543640965,5.70157621520884e-13,10,4,2026-02-19
VLO/UHS,VLO,UHS,conservative,210.2236577551468,1.2261234126467493,-4.4404354543640965,0.9998294952061872,6,4,2026-02-19
VLO/PYPL,VLO,PYPL,conservative,407.2633521400669,0.5187135533421589,-4.4404354543640965,0.9999999918203772,14,4,2026-02-19
MGM/JKHY,MGM,JKHY,conservative,54.69589942068254,0.07680071860559037,-4.4404354543640965,0.34773021342357224,8,4,2026-02-19
MGM/NEM,MGM,NEM,conservative,-178.3178608255495,-0.14994939600154525,-4.4404354543640965,3.4650628861737285e-08,12,4,2026-02-19
ODFL/NFLX,ODFL,NFLX,conservative,-452.5089776714702,-0.2553873497609479,-4.4404354543640965,7.426587957153763e-13,18,4,2026-02-19
ODFL/MOS,ODFL,MOS,conservative,515.4210375852257,0.7202451216816318,-4.4404354543640965,0.999999999944922,8,4,2026-02-19
UNH/ULTA,UNH,ULTA,conservative,328.0507085859185,0.4249852313483835,-4.4404354543640965,0.9999492222419935,20,4,2026-02-19
UNH/PLTR,UNH,PLTR,conservative,-1554.795704506013,-0.6974300823203271,-4.4404354543640965,1.9309727281455047e-08,20,4,2026-02-19
CVS/GPN,CVS,GPN,conservative,1276.240136574015,0.8552414008697672,-4.4404354543640965,0.9999999992076161,18,4,2026-02-19
CVS/FISV,CVS,FISV,conservative,701.1839511123322,0.3323711503990363,-4.4404354543640965,0.9884824944807185,20,4,2026-02-19
PSX/ADBE,PSX,ADBE,conservative,-492.257405982798,-0.8451410846922748,-4.4404354543640965,2.2549661737612915e-13,18,4,2026-02-19
STLD/INTU,STLD,INTU,vol_sized_conservative,125.1931304783147,0.11312962449379112,-5.890714459629757,0.6320630061796831,16,4,2026-02-19
STLD/FMC,STLD,FMC,vol_sized_conservative,1660.743935411724,0.763886708685914,-5.890714459629757,0.9888202172174105,18,4,2026-02-19
KLAC/TRMB,KLAC,TRMB,vol_sized_conservative,570.637854583362,0.5625980520767692,-5.890714459629757,0.9963433197305344,8,4,2026-02-19
KLAC/NRG,KLAC,NRG,vol_sized_conservative,278.4603645055541,0.46985572629268724,-5.890714459629757,0.9998462766932603,8,4,2026-02-19
VLO/UHS,VLO,UHS,vol_sized_conservative,173.6732860391982,0.6228708623712667,-5.890714459629757,0.9949408328701017,4,4,2026-02-19
VLO/PYPL,VLO,PYPL,vol_sized_conservative,-96.64203728779361,-0.11830227212792731,-5.890714459629757,1.4636570220251439e-05,14,4,2026-02-19
MGM/JKHY,MGM,JKHY,vol_sized_conservative,-361.67141027065,-0.48029698353301326,-5.890714459629757,2.178396597231816e-08,8,4,2026-02-19
MGM/NEM,MGM,NEM,vol_sized_conservative,-492.4653250525826,-0.3549278189293808,-5.890714459629757,7.58240402383871e-17,12,4,2026-02-19
ODFL/NFLX,ODFL,NFLX,vol_sized_conservative,584.5644818082433,0.5549247972603116,-5.890714459629757,0.9999999999552122,14,4,2026-02-19
ODFL/MOS,ODFL,MOS,vol_sized_conservative,231.5097717822695,0.2805652988126572,-5.890714459629757,0.9994347976088105,8,4,2026-02-19
UNH/ULTA,UNH,ULTA,vol_sized_conservative,257.3016846370527,0.3191765854026233,-5.890714459629757,0.9993172880139747,16,4,2026-02-19
UNH/PLTR,UNH,PLTR,vol_sized_conservative,-1545.543765234266,-0.6872170709875547,-5.890714459629757,9.246653005444399e-09,20,4,2026-02-19
CVS/GPN,CVS,GPN,vol_sized_conservative,589.6673522818937,0.5722779982052953,-5.890714459629757,0.9999616608187782,12,4,2026-02-19
CVS/FISV,CVS,FISV,vol_sized_conservative,-351.4191302451679,-0.4753782441784515,-5.890714459629757,3.0822274387262276e-11,14,4,2026-02-19
PSX/ADBE,PSX,ADBE,vol_sized_conservative,-704.3102227249041,-1.036313518182584,-5.890714459629757,5.237191404993116e-19,20,4,2026-02-19
STLD/INTU,STLD,INTU,aggressive,-7369.782455582814,-0.666608707922266,0.8175349354338128,1.6117063553877118e-31,48,5,2026-03-30
STLD/FMC,STLD,FMC,aggressive,20310.40705249531,1.1790931869952437,0.8175349354338128,0.9998594379213475,46,5,2026-03-30
KLAC/TRMB,KLAC,TRMB,aggressive,15416.38469908143,1.3611842979391493,0.8175349354338128,0.9999999999999999,46,5,2026-03-30
KLAC/NRG,KLAC,NRG,aggressive,4406.138259832789,0.25707961561513437,0.8175349354338128,0.9988150681218595,46,5,2026-03-30
VLO/UHS,VLO,UHS,aggressive,-5012.581394772176,-0.5071541020232733,0.8175349354338128,9.87102507339722e-21,44,5,2026-03-30
VLO/PYPL,VLO,PYPL,aggressive,3378.676453387975,0.25982132283509557,0.8175349354338128,0.997969342651958,50,5,2026-03-30
MGM/JKHY,MGM,JKHY,aggressive,-6455.984229765786,-0.6544419812825314,0.8175349354338128,1.3465470536855186e-19,44,5,2026-03-30
MGM/NEM,MGM,NEM,aggressive,5980.826559218301,0.454945820176757,0.8175349354338128,0.9999999862888116,48,5,2026-03-30
ODFL/NFLX,ODFL,NFLX,aggressive,18157.79004761158,1.2864427004816321,0.8175349354338128,1.0,54,5,2026-03-30
ODFL/MOS,ODFL,MOS,aggressive,2249.392126280489,0.1745254247091302,0.8175349354338128,0.9389070596866336,50,5,2026-03-30
UNH/ULTA,UNH,ULTA,aggressive,2253.069594345652,0.16312471413903698,0.8175349354338128,0.9259664721170039,48,5,2026-03-30
UNH/PLTR,UNH,PLTR,aggressive,11173.41320863246,0.5786182591591132,0.8175349354338128,0.9999999997857532,54,5,2026-03-30
CVS/GPN,CVS,GPN,aggressive,5293.872870091267,0.4354129300486818,0.8175349354338128,0.9999884711054136,48,5,2026-03-30
CVS/FISV,CVS,FISV,aggressive,8320.841115676825,0.4848165606312079,0.8175349354338128,0.9994796542954372,52,5,2026-03-30
PSX/ADBE,PSX,ADBE,aggressive,7758.307334994119,0.7624569045550873,0.8175349354338128,1.0,50,5,2026-03-30
STLD/INTU,STLD,INTU,kalman_aggressive,-2656.562392254227,-0.2783195088513008,0.0976851924008098,5.143292012172387e-15,48,5,2026-03-30
STLD/FMC,STLD,FMC,kalman_aggressive,13824.35965520933,1.0771944439608727,0.0976851924008098,0.9997040489049384,48,5,2026-03-30
KLAC/TRMB,KLAC,TRMB,kalman_aggressive,16867.01921219989,1.8605566308502175,0.0976851924008098,1.0,48,5,2026-03-30
KLAC/NRG,KLAC,NRG,kalman_aggressive,3438.790607037869,0.24825103470629759,0.0976851924008098,0.9888346002705831,44,5,2026-03-30
VLO/UHS,VLO,UHS,kalman_aggressive,-4104.787970980653,-0.49927418998322926,0.0976851924008098,3.723128109704778e-24,44,5,2026-03-30
VLO/PYPL,VLO,PYPL,kalman_aggressive,-6024.190436208261,-0.672068607748135,0.0976851924008098,2.9697263202580145e-36,52,5,2026-03-30
MGM/JKHY,MGM,JKHY,kalman_aggressive,-3043.913119218554,-0.3861538787881939,0.0976851924008098,5.911343835711679e-20,42,5,2026-03-30
MGM/NEM,MGM,NEM,kalman_aggressive,3464.526147431144,0.28958024942907484,0.0976851924008098,0.999466500603353,52,5,2026-03-30
ODFL/NFLX,ODFL,NFLX,kalman_aggressive,2068.533471715315,0.18516960051124415,0.0976851924008098,0.9675485808873571,56,5,2026-03-30
ODFL/MOS,ODFL,MOS,kalman_aggressive,-686.813790934586,-0.07137407069664804,0.0976851924008098,7.439063087577089e-05,46,5,2026-03-30
UNH/ULTA,UNH,ULTA,kalman_aggressive,-363.7537268757376,-0.0357590035859545,0.0976851924008098,0.002845854927791334,52,5,2026-03-30
UNH/PLTR,UNH,PLTR,kalman_aggressive,2559.159676336858,0.16125975550736435,0.0976851924008098,0.9295135905572344,58,5,2026-03-30
CVS/GPN,CVS,GPN,kalman_aggressive,2692.474549957179,0.2832120505028568,0.0976851924008098,0.9976559601010767,54,5,2026-03-30
CVS/FISV,CVS,FISV,kalman_aggressive,1287.037445091776,0.14978232681763134,0.0976851924008098,0.8291339271765005,54,5,2026-03-30
PSX/ADBE,PSX,ADBE,kalman_aggressive,7422.663280217825,0.966133774160395,0.0976851924008098,1.0,54,5,2026-03-30
STLD/INTU,STLD,INTU,weekly_aligned_windows,1205.671204996357,0.20369046347148276,-0.2199621779660095,0.9926909168427995,90,5,2026-03-30
STLD/FMC,STLD,FMC,weekly_aligned_windows,5220.912424372754,0.648546887636322,-0.2199621779660095,0.9999817785238618,86,5,2026-03-30
KLAC/TRMB,KLAC,TRMB,weekly_aligned_windows,3062.482469704089,0.6163698475601948,-0.2199621779660095,0.9999999999999971,80,5,2026-03-30
KLAC/NRG,KLAC,NRG,weekly_aligned_windows,2949.39085342921,0.4960806131073926,-0.2199621779660095,0.9999999998196965,82,5,2026-03-30
VLO/UHS,VLO,UHS,weekly_aligned_windows,1352.428973141093,0.24617969553418373,-0.2199621779660095,0.9996073123756177,86,5,2026-03-30
VLO/PYPL,VLO,PYPL,weekly_aligned_windows,6266.527903496824,0.8063581763053316,-0.2199621779660095,0.9999999999999999,88,5,2026-03-30
MGM/JKHY,MGM,JKHY,weekly_aligned_windows,2800.617144574469,0.4144878896711857,-0.2199621779660095,0.9999999994895579,86,5,2026-03-30
MGM/NEM,MGM,NEM,weekly_aligned_windows,-2708.55481874308,-0.37141450027794387,-0.2199621779660095,1.3863331641014235e-23,86,5,2026-03-30
ODFL/NFLX,ODFL,NFLX,weekly_aligned_windows,-505.239563672536,-0.061243029928342345,-0.2199621779660095,0.00042407639600127307,86,5,2026-03-30
ODFL/MOS,ODFL,MOS,weekly_aligned_windows,-2526.995414202697,-0.4446051152662336,-0.2199621779660095,5.7164996461998274e-33,90,5,2026-03-30
UNH/ULTA,UNH,ULTA,weekly_aligned_windows,4758.943838669602,0.6923339140928704,-0.2199621779660095,1.0,94,5,2026-03-30
UNH/PLTR,UNH,PLTR,weekly_aligned_windows,-1714.336844764812,-0.12241029922612977,-0.2199621779660095,1.4788883113440123e-09,88,5,2026-03-30
CVS/GPN,CVS,GPN,weekly_aligned_windows,2807.046481694625,0.4840930101875793,-0.2199621779660095,0.9999999999984899,86,5,2026-03-30
CVS/FISV,CVS,FISV,weekly_aligned_windows,4088.934659453707,0.5320025806213646,-0.2199621779660095,0.9999564150690474,80,5,2026-03-30
PSX/ADBE,PSX,ADBE,weekly_aligned_windows,-2501.141986915583,-0.29167081977637616,-0.2199621779660095,1.0331117760929645e-12,90,5,2026-03-30
STLD/INTU,STLD,INTU,short_term_beta_neutral,3827.712576467027,1.0264536627422918,-0.234873300677115,0.9999999999999977,32,5,2026-03-30
STLD/FMC,STLD,FMC,short_term_beta_neutral,4669.614011056456,1.2055722867034258,-0.234873300677115,0.9999999999999978,22,5,2026-03-30
KLAC/TRMB,KLAC,TRMB,short_term_beta_neutral,-410.5209352679292,-0.08749053707900092,-0.234873300677115,5.195270558511539e-07,20,5,2026-03-30
KLAC/NRG,KLAC,NRG,short_term_beta_neutral,-395.4795806708698,-0.10109827593977254,-0.234873300677115,2.4467318664283975e-10,16,5,2026-03-30
VLO/UHS,VLO,UHS,short_term_beta_neutral,-2184.645370220814,-0.8007536654431059,-0.234873300677115,1.467015188236529e-14,16,5,2026-03-30
VLO/PYPL,VLO,PYPL,short_term_beta_neutral,1239.864101914469,0.42461290631042375,-0.234873300677115,0.9999999958607961,18,5,2026-03-30
MGM/JKHY,MGM,JKHY,short_term_beta_neutral,478.0714751868555,0.12041857160884913,-0.234873300677115,0.6556642992017745,16,5,2026-03-30
MGM/NEM,MGM,NEM,short_term_beta_neutral,185.4022638202884,0.052029569281173145,-0.234873300677115,0.18674422644077898,22,5,2026-03-30
ODFL/NFLX,ODFL,NFLX,short_term_beta_neutral,13232.59987509584,1.760417657607093,-0.234873300677115,0.9999998765597902,26,5,2026-03-30
ODFL/MOS,ODFL,MOS,short_term_beta_neutral,-4434.900386724384,-1.3055165537856082,-0.234873300677115,5.140333536274839e-09,20,5,2026-03-30
UNH/ULTA,UNH,ULTA,short_term_beta_neutral,5215.815024471309,1.278463532699208,-0.234873300677115,0.9999999991428098,20,5,2026-03-30
UNH/PLTR,UNH,PLTR,short_term_beta_neutral,4063.974314636023,0.5912707665808525,-0.234873300677115,0.9999871054838939,21,5,2026-03-30
CVS/GPN,CVS,GPN,short_term_beta_neutral,-549.2384326133069,-0.12135513462946854,-0.234873300677115,1.4235055370478475e-10,28,5,2026-03-30
CVS/FISV,CVS,FISV,short_term_beta_neutral,811.7549127053801,0.1990200678971564,-0.234873300677115,0.8016095284828293,20,5,2026-03-30
PSX/ADBE,PSX,ADBE,short_term_beta_neutral,2240.176172369788,0.844426655472267,-0.234873300677115,0.9999999999999653,24,5,2026-03-30
STLD/INTU,STLD,INTU,monthly_aligned_windows,2550.080843065299,0.243776465875234,-0.4801315872668496,0.9830998774621967,32,5,2026-03-30
STLD/FMC,STLD,FMC,monthly_aligned_windows,5239.252766467817,0.7820862783244922,-0.4801315872668496,0.9992041998955673,32,5,2026-03-30
KLAC/TRMB,KLAC,TRMB,monthly_aligned_windows,1518.419307188215,0.35664382137953976,-0.4801315872668496,0.9993444824998693,34,5,2026-03-30
KLAC/NRG,KLAC,NRG,monthly_aligned_windows,-436.3829701258943,-0.08157184503303784,-0.4801315872668496,0.00017781807543318313,34,5,2026-03-30
VLO/UHS,VLO,UHS,monthly_aligned_windows,-88.61123955164157,-0.010386150730996874,-0.4801315872668496,0.007626047069460305,32,5,2026-03-30
VLO/PYPL,VLO,PYPL,monthly_aligned_windows,2125.059382268785,0.40385327999839904,-0.4801315872668496,0.9999980931763438,34,5,2026-03-30
MGM/JKHY,MGM,JKHY,monthly_aligned_windows,-950.631613313062,-0.24853180674458655,-0.4801315872668496,4.5900276032031996e-08,34,5,2026-03-30
MGM/NEM,MGM,NEM,monthly_aligned_windows,-4837.260007585124,-0.41922863960827905,-0.4801315872668496,1.0207390298494022e-05,34,5,2026-03-30
ODFL/NFLX,ODFL,NFLX,monthly_aligned_windows,674.9432244009265,0.12155724800698176,-0.4801315872668496,0.7125637682442242,34,5,2026-03-30
ODFL/MOS,ODFL,MOS,monthly_aligned_windows,4212.726910510284,0.3356944367303709,-0.4801315872668496,0.9997395553668251,34,5,2026-03-30
UNH/ULTA,UNH,ULTA,monthly_aligned_windows,-3712.01018413458,-0.6404045528427378,-0.4801315872668496,3.313069298959055e-11,34,5,2026-03-30
UNH/PLTR,UNH,PLTR,monthly_aligned_windows,6337.340616479788,0.7070651900490921,-0.4801315872668496,0.9999999998759798,34,5,2026-03-30
CVS/GPN,CVS,GPN,monthly_aligned_windows,2965.67001417024,0.7811340300502961,-0.4801315872668496,1.0,32,5,2026-03-30
CVS/FISV,CVS,FISV,monthly_aligned_windows,1632.779018405745,0.353213969797157,-0.4801315872668496,0.9999560332643179,34,5,2026-03-30
PSX/ADBE,PSX,ADBE,monthly_aligned_windows,-67.53116558388751,-0.019009597124575707,-0.4801315872668496,0.0067307349748265835,32,5,2026-03-30
STLD/INTU,STLD,INTU,trend_leverage,-457.0772010610744,-0.078519565222018,-0.7414511450111902,0.00021786388615095367,20,5,2026-03-30
STLD/FMC,STLD,FMC,trend_leverage,5814.062346046624,0.6466241948707352,-0.7414511450111902,0.9894879339646437,18,5,2026-03-30
KLAC/TRMB,KLAC,TRMB,trend_leverage,3697.176092815734,0.7175018305505478,-0.7414511450111902,0.999958644089086,12,5,2026-03-30
KLAC/NRG,KLAC,NRG,trend_leverage,-954.9824466488706,-0.23402338860757255,-0.7414511450111902,3.002159685952256e-12,12,5,2026-03-30
VLO/UHS,VLO,UHS,trend_leverage,2626.187942331705,1.1917091408141758,-0.7414511450111902,0.9999997710184522,6,5,2026-03-30
VLO/PYPL,VLO,PYPL,trend_leverage,113.3905449306408,0.023024419452938486,-0.7414511450111902,0.05598619475720915,18,5,2026-03-30
MGM/JKHY,MGM,JKHY,trend_leverage,1.096903424825314,0.0002993625722025141,-0.7414511450111902,0.018859608205476684,10,5,2026-03-30
MGM/NEM,MGM,NEM,trend_leverage,-582.4455695420369,-0.09994046155220124,-0.7414511450111902,2.1092450742067598e-06,12,5,2026-03-30
ODFL/NFLX,ODFL,NFLX,trend_leverage,-7551.70368666825,-0.9632451197292583,-0.7414511450111902,6.658669127754257e-22,18,5,2026-03-30
ODFL/MOS,ODFL,MOS,trend_leverage,2123.659295268366,0.6220777666310927,-0.7414511450111902,0.9999999999987604,8,5,2026-03-30
UNH/ULTA,UNH,ULTA,trend_leverage,4046.228685073107,0.7770133495035808,-0.7414511450111902,0.9999999209241281,20,5,2026-03-30
UNH/PLTR,UNH,PLTR,trend_leverage,3898.229974047566,0.4253096118936624,-0.7414511450111902,0.9995174189464527,18,5,2026-03-30
CVS/GPN,CVS,GPN,trend_leverage,3857.367686336917,0.6181304813360131,-0.7414511450111902,0.999999960755216,16,5,2026-03-30
CVS/FISV,CVS,FISV,trend_leverage,-2659.556795293754,-0.7217410986274454,-0.7414511450111902,3.0606994841596653e-19,16,5,2026-03-30
PSX/ADBE,PSX,ADBE,trend_leverage,-1369.232679452944,-0.3874405169961457,-0.7414511450111902,4.036085430903896e-11,22,5,2026-03-30
STLD/INTU,STLD,INTU,crash_tolerant,-856.2383517275878,-0.10813728038803008,-0.7663890287522895,3.3600896990315456e-05,22,5,2026-03-30
STLD/FMC,STLD,FMC,crash_tolerant,8193.3120939595,0.6852852651633995,-0.7663890287522895,0.9893309094180166,18,5,2026-03-30
KLAC/TRMB,KLAC,TRMB,crash_tolerant,2498.817290423309,0.36186520768562974,-0.7663890287522895,0.9975841948134252,14,5,2026-03-30
KLAC/NRG,KLAC,NRG,crash_tolerant,-931.7600031035317,-0.171751184877177,-0.7663890287522895,2.49804192416789e-13,12,5,2026-03-30
VLO/UHS,VLO,UHS,crash_tolerant,1954.41947110959,0.4525125828882053,-0.7663890287522895,0.9999754573123918,8,5,2026-03-30
VLO/PYPL,VLO,PYPL,crash_tolerant,-1514.935493131812,-0.2479401590822754,-0.7663890287522895,4.801524883318459e-11,18,5,2026-03-30
MGM/JKHY,MGM,JKHY,crash_tolerant,-845.0894206013543,-0.1760188256116938,-0.7663890287522895,6.987806110512216e-08,10,5,2026-03-30
MGM/NEM,MGM,NEM,crash_tolerant,-911.056099396166,-0.11717880663486004,-0.7663890287522895,2.685378783759049e-07,12,5,2026-03-30
ODFL/NFLX,ODFL,NFLX,crash_tolerant,-4846.882939361069,-0.5821585255593655,-0.7663890287522895,2.0565090509495887e-15,18,5,2026-03-30
ODFL/MOS,ODFL,MOS,crash_tolerant,2840.1771606782,0.621862264967758,-0.7663890287522895,0.9999999999987952,8,5,2026-03-30
UNH/ULTA,UNH,ULTA,crash_tolerant,5483.807482248807,0.7841690322379348,-0.7663890287522895,0.999999921225928,20,5,2026-03-30
UNH/PLTR,UNH,PLTR,crash_tolerant,-6210.699897418466,-0.6342323173838742,-0.7663890287522895,1.2114244843204272e-21,20,5,2026-03-30
CVS/GPN,CVS,GPN,crash_tolerant,5182.170226522745,0.6198495237998203,-0.7663890287522895,0.9999999634834541,16,5,2026-03-30
CVS/FISV,CVS,FISV,crash_tolerant,-1806.44940574641,-0.4427896391093513,-0.7663890287522895,1.6592370314857032e-15,16,5,2026-03-30
PSX/ADBE,PSX,ADBE,crash_tolerant,-1869.434608137311,-0.3954596022151242,-0.7663890287522895,2.761256053007593e-11,22,5,2026-03-30
STLD/INTU,STLD,INTU,entry_threshold_strong,1372.348881015867,0.3671230966244541,-0.7803182506940142,0.9999963523375036,16,5,2026-03-30
STLD/FMC,STLD,FMC,entry_threshold_strong,5111.391430019185,0.8436493089841487,-0.7803182506940142,0.9910106613348703,16,5,2026-03-30
KLAC/TRMB,KLAC,TRMB,entry_threshold_strong,1518.856171535395,0.4059660498607059,-0.7803182506940142,0.9996450611488683,10,5,2026-03-30
KLAC/NRG,KLAC,NRG,entry_threshold_strong,-649.5883018867718,-0.2320543289089279,-0.7803182506940142,8.619484068032191e-12,10,5,2026-03-30
VLO/UHS,VLO,UHS,entry_threshold_strong,1755.335582851386,1.1895264210809402,-0.7803182506940142,0.9999997619934596,6,5,2026-03-30
VLO/PYPL,VLO,PYPL,entry_threshold_strong,1151.945308912104,0.344898092190398,-0.7803182506940142,0.9999999149115771,18,5,2026-03-30
MGM/JKHY,MGM,JKHY,entry_threshold_strong,-453.3495068104221,-0.1794606107218089,-0.7803182506940142,3.500722809432167e-08,10,5,2026-03-30
MGM/NEM,MGM,NEM,entry_threshold_strong,805.8337646346923,0.21606843171735296,-0.7803182506940142,0.9758871972139139,10,5,2026-03-30
ODFL/NFLX,ODFL,NFLX,entry_threshold_strong,-3576.211060863763,-0.7761086946978208,-0.7803182506940142,4.1218548230562077e-19,16,5,2026-03-30
ODFL/MOS,ODFL,MOS,entry_threshold_strong,838.17373432539,0.35308983006159966,-0.7803182506940142,0.9999929137973306,8,5,2026-03-30
UNH/ULTA,UNH,ULTA,entry_threshold_strong,4006.983156256492,1.0562101477207604,-0.7803182506940142,0.9999999996957364,16,5,2026-03-30
UNH/PLTR,UNH,PLTR,entry_threshold_strong,-171.8672119011799,-0.027873055032321802,-0.7803182506940142,0.003321212561039352,18,5,2026-03-30
CVS/GPN,CVS,GPN,entry_threshold_strong,4687.166877857098,1.1897882670737778,-0.7803182506940142,0.9999999998711679,12,5,2026-03-30
CVS/FISV,CVS,FISV,entry_threshold_strong,2156.726279127641,0.35630834250124227,-0.7803182506940142,0.9911257463590936,16,5,2026-03-30
PSX/ADBE,PSX,ADBE,entry_threshold_strong,-690.9199937756555,-0.29109030733829155,-0.7803182506940142,1.3713907422636188e-09,22,5,2026-03-30
STLD/INTU,STLD,INTU,entry_filter_kalman,1368.27669626577,0.3661195103856542,-0.7815659103687824,0.9999961767989297,16,5,2026-03-30
STLD/FMC,STLD,FMC,entry_filter_kalman,5002.667373287462,0.873722670520146,-0.7815659103687824,0.9917350512851534,16,5,2026-03-30
KLAC/TRMB,KLAC,TRMB,entry_filter_kalman,1467.838996654545,0.38183974337675214,-0.7815659103687824,0.9991401688495907,10,5,2026-03-30
KLAC/NRG,KLAC,NRG,entry_filter_kalman,-642.7162274043283,-0.22759237628217005,-0.7815659103687824,7.645409127562167e-12,10,5,2026-03-30
VLO/UHS,VLO,UHS,entry_filter_kalman,1751.348160961042,1.1861009926808208,-0.7815659103687824,0.999999768775085,6,5,2026-03-30
VLO/PYPL,VLO,PYPL,entry_filter_kalman,1262.45269949309,0.3764507681551494,-0.7815659103687824,0.999999995873467,18,5,2026-03-30
MGM/JKHY,MGM,JKHY,entry_filter_kalman,-463.0237586737035,-0.18439711165735687,-0.7815659103687824,2.8278912494463745e-08,10,5,2026-03-30
MGM/NEM,MGM,NEM,entry_filter_kalman,811.6352604955678,0.21716103871101822,-0.7815659103687824,0.9761768493077867,10,5,2026-03-30
ODFL/NFLX,ODFL,NFLX,entry_filter_kalman,-3606.418585590846,-0.777212085934573,-0.7815659103687824,7.468309453238134e-19,16,5,2026-03-30
ODFL/MOS,ODFL,MOS,entry_filter_kalman,1134.959245233931,0.49821596907081295,-0.7815659103687824,0.9999999954990915,8,5,2026-03-30
UNH/ULTA,UNH,ULTA,entry_filter_kalman,4006.983156256492,1.0562101477207604,-0.7815659103687824,0.9999999996957364,16,5,2026-03-30
UNH/PLTR,UNH,PLTR,entry_filter_kalman,-246.524620187861,-0.03968340649388843,-0.7815659103687824,0.0014896191309292548,18,5,2026-03-30
CVS/GPN,CVS,GPN,entry_filter_kalman,4646.633660571996,1.1719432178239575,-0.7815659103687824,0.999999999737098,12,5,2026-03-30
CVS/FISV,CVS,FISV,entry_filter_kalman,2094.831398868496,0.35030225124179526,-0.7815659103687824,0.9913346914308485,16,5,2026-03-30
PSX/ADBE,PSX,ADBE,entry_filter_kalman,-705.3806226440039,-0.29702918323777616,-0.7815659103687824,1.011313494193045e-09,22,5,2026-03-30
STLD/INTU,STLD,INTU,raw_momentum_kalman,-1849.148539798289,-0.6822981870432056,-0.8377163786369365,2.4050856223581927e-13,14,5,2026-03-30
STLD/FMC,STLD,FMC,raw_momentum_kalman,6064.029770388574,1.0998921127401644,-0.8377163786369365,0.9900778867049936,14,5,2026-03-30
KLAC/TRMB,KLAC,TRMB,raw_momentum_kalman,638.4454112917515,0.19546911621838475,-0.8377163786369365,0.9031063814433797,10,5,2026-03-30
KLAC/NRG,KLAC,NRG,raw_momentum_kalman,294.9944767145993,0.17772857603492853,-0.8377163786369365,0.9271506159025702,10,5,2026-03-30
VLO/UHS,VLO,UHS,raw_momentum_kalman,113.9098883101074,0.054989453088838756,-0.8377163786369365,0.20381359607151228,8,5,2026-03-30
VLO/PYPL,VLO,PYPL,raw_momentum_kalman,4227.070099601679,0.9887369285391605,-0.8377163786369365,0.9997918636321679,14,5,2026-03-30
MGM/JKHY,MGM,JKHY,raw_momentum_kalman,-127.9947085047637,-0.05421058027107064,-0.8377163786369365,0.0005177124427420897,8,5,2026-03-30
MGM/NEM,MGM,NEM,raw_momentum_kalman,233.2320256523364,0.06043284027934737,-0.8377163786369365,0.24226140066696877,10,5,2026-03-30
ODFL/NFLX,ODFL,NFLX,raw_momentum_kalman,-417.0571724575125,-0.11841864556177643,-0.8377163786369365,1.4812329042169087e-06,12,5,2026-03-30
ODFL/MOS,ODFL,MOS,raw_momentum_kalman,-379.2762421119758,-0.1937326090331424,-0.8377163786369365,7.44040814106979e-08,8,5,2026-03-30
UNH/ULTA,UNH,ULTA,raw_momentum_kalman,3444.111960300382,1.0777835825438518,-0.8377163786369365,0.9999975659214764,16,5,2026-03-30
UNH/PLTR,UNH,PLTR,raw_momentum_kalman,-2801.638829837789,-0.5401428502432455,-0.8377163786369365,1.9979333384472485e-13,18,5,2026-03-30
CVS/GPN,CVS,GPN,raw_momentum_kalman,1651.797718066347,0.5685424334915797,-0.8377163786369365,0.999954401029617,12,5,2026-03-30
CVS/FISV,CVS,FISV,raw_momentum_kalman,5137.567411381191,0.8823086878569997,-0.8377163786369365,0.9885980087313786,12,5,2026-03-30
PSX/ADBE,PSX,ADBE,raw_momentum_kalman,2209.432529353199,0.8109954613166557,-0.8377163786369365,0.9999999999533955,18,5,2026-03-30
STLD/INTU,STLD,INTU,short_term_tilt,1795.6377485348,0.4829640456061729,-0.840749012340124,0.9999999453136201,28,5,2026-03-30
STLD/FMC,STLD,FMC,short_term_tilt,5202.347251614489,0.85636961619891,-0.840749012340124,0.9902180394637978,20,5,2026-03-30
KLAC/TRMB,KLAC,TRMB,short_term_tilt,1561.730236830392,0.5422477314668621,-0.840749012340124,0.9992618533002956,14,5,2026-03-30
KLAC/NRG,KLAC,NRG,short_term_tilt,-1429.946664200382,-0.43253603118954054,-0.840749012340124,1.0003952176960756e-11,16,5,2026-03-30
VLO/UHS,VLO,UHS,short_term_tilt,-583.0029693954089,-0.29212066199734277,-0.840749012340124,3.831517394871902e-12,14,5,2026-03-30
VLO/PYPL,VLO,PYPL,short_term_tilt,1019.476632774059,0.44874844801003133,-0.840749012340124,0.9999999677198144,16,5,2026-03-30
MGM/JKHY,MGM,JKHY,short_term_tilt,342.4463108467299,0.13184621777134017,-0.840749012340124,0.7699681344671504,12,5,2026-03-30
MGM/NEM,MGM,NEM,short_term_tilt,-567.8150139226034,-0.14142702220637804,-0.840749012340124,1.0607805221273424e-11,22,5,2026-03-30
ODFL/NFLX,ODFL,NFLX,short_term_tilt,4906.270317026442,1.553545169390673,-0.840749012340124,0.9999999999999999,20,5,2026-03-30
ODFL/MOS,ODFL,MOS,short_term_tilt,-1144.10991240676,-0.41834419511632687,-0.840749012340124,3.1197433903921395e-15,18,5,2026-03-30
UNH/ULTA,UNH,ULTA,short_term_tilt,4738.51586305735,1.3434113271927033,-0.840749012340124,0.9999994745627968,14,5,2026-03-30
UNH/PLTR,UNH,PLTR,short_term_tilt,815.3177987486717,0.15044880573743166,-0.840749012340124,0.8649089985548122,18,5,2026-03-30
CVS/GPN,CVS,GPN,short_term_tilt,-1596.996297539967,-0.4652567799495165,-0.840749012340124,2.3803105352359082e-09,30,5,2026-03-30
CVS/FISV,CVS,FISV,short_term_tilt,1399.236989702609,0.5864370815763331,-0.840749012340124,0.9956783658708033,20,5,2026-03-30
PSX/ADBE,PSX,ADBE,short_term_tilt,3084.670578744744,1.2165433922321134,-0.840749012340124,0.9999999954164133,22,5,2026-03-30
STLD/INTU,STLD,INTU,fast_rebalance,1999.615715082161,0.5588112573301279,-0.8757082014761082,0.9999999435103499,26,5,2026-03-30
STLD/FMC,STLD,FMC,fast_rebalance,5418.649374460754,0.8963954025318842,-0.8757082014761082,0.9898463053905626,20,5,2026-03-30
KLAC/TRMB,KLAC,TRMB,fast_rebalance,1419.700602133273,0.4767783666895448,-0.8757082014761082,0.999222040117135,16,5,2026-03-30
KLAC/NRG,KLAC,NRG,fast_rebalance,-572.9722828249791,-0.17216519049821413,-0.8757082014761082,1.056715636402234e-18,16,5,2026-03-30
VLO/UHS,VLO,UHS,fast_rebalance,-989.8553636462098,-0.5307018208952476,-0.8757082014761082,3.269225264213291e-13,14,5,2026-03-30
VLO/PYPL,VLO,PYPL,fast_rebalance,1008.58664214069,0.4443570204163436,-0.8757082014761082,0.9999999570871745,16,5,2026-03-30
MGM/JKHY,MGM,JKHY,fast_rebalance,337.1763108467297,0.1301422642364869,-0.8757082014761082,0.7601918059283022,12,5,2026-03-30
MGM/NEM,MGM,NEM,fast_rebalance,-111.2315825266645,-0.028486071053156637,-0.8757082014761082,0.0017875155470749443,20,5,2026-03-30
ODFL/NFLX,ODFL,NFLX,fast_rebalance,4890.485384259982,1.5532458480858293,-0.8757082014761082,0.9999999999999999,20,5,2026-03-30
ODFL/MOS,ODFL,MOS,fast_rebalance,-1141.954025633674,-0.41800307542008214,-0.8757082014761082,3.3061323978414264e-15,18,5,2026-03-30
UNH/ULTA,UNH,ULTA,fast_rebalance,4184.37171072757,1.2121089884552678,-0.8757082014761082,0.9999986184765594,14,5,2026-03-30
UNH/PLTR,UNH,PLTR,fast_rebalance,981.0554501162442,0.18148213419788936,-0.8757082014761082,0.9464009068984994,18,5,2026-03-30
CVS/GPN,CVS,GPN,fast_rebalance,-2901.801469958884,-0.8747668531505715,-0.8757082014761082,2.0390708337448705e-08,26,5,2026-03-30
CVS/FISV,CVS,FISV,fast_rebalance,1392.904595215959,0.5840839644828658,-0.8757082014761082,0.9955978972764686,20,5,2026-03-30
PSX/ADBE,PSX,ADBE,fast_rebalance,3084.670578744744,1.2165433922321134,-0.8757082014761082,0.9999999954164133,22,5,2026-03-30
STLD/INTU,STLD,INTU,raw_momentum,-1017.2109292543,-0.42995463427991526,-1.0061152700189575,2.2240554270411487e-11,10,5,2026-03-30
STLD/FMC,STLD,FMC,raw_momentum,6020.060135198461,1.026502392160075,-1.0061152700189575,0.9892705883269455,14,5,2026-03-30
KLAC/TRMB,KLAC,TRMB,raw_momentum,132.4337490286181,0.04061401914704912,-1.0061152700189575,0.1393908038200854,10,5,2026-03-30
KLAC/NRG,KLAC,NRG,raw_momentum,-1299.261731029227,-0.5115963099310197,-1.0061152700189575,4.935512929055417e-06,10,5,2026-03-30
VLO/UHS,VLO,UHS,raw_momentum,871.6368924895389,0.6437838127773553,-1.0061152700189575,0.9999730452500706,6,5,2026-03-30
VLO/PYPL,VLO,PYPL,raw_momentum,4145.341301706387,0.9690652028378718,-1.0061152700189575,0.9997725911986356,14,5,2026-03-30
MGM/JKHY,MGM,JKHY,raw_momentum,-125.6352599456939,-0.053018067603893555,-1.0061152700189575,0.0005431469344456099,8,5,2026-03-30
MGM/NEM,MGM,NEM,raw_momentum,513.3358470081124,0.12956208992357676,-1.0061152700189575,0.7375251358828623,10,5,2026-03-30
ODFL/NFLX,ODFL,NFLX,raw_momentum,-486.4538804811402,-0.1378068821058174,-1.0061152700189575,1.771032582321706e-07,12,5,2026-03-30
ODFL/MOS,ODFL,MOS,raw_momentum,-916.9173970466139,-0.6485165514934611,-1.0061152700189575,3.6454497950721e-12,6,5,2026-03-30
UNH/ULTA,UNH,ULTA,raw_momentum,3444.666328110624,1.0779740461355036,-1.0061152700189575,0.9999975640496054,16,5,2026-03-30
UNH/PLTR,UNH,PLTR,raw_momentum,-2838.441626000281,-0.5508617197266317,-1.0061152700189575,3.493215887821146e-13,18,5,2026-03-30
CVS/GPN,CVS,GPN,raw_momentum,2543.973306899578,0.7932437082969189,-1.0061152700189575,0.999998719059807,12,5,2026-03-30
CVS/FISV,CVS,FISV,raw_momentum,5169.514312132329,0.8880079668915742,-1.0061152700189575,0.9885674268597164,12,5,2026-03-30
PSX/ADBE,PSX,ADBE,raw_momentum,-327.323826383249,-0.16088248591673265,-1.0061152700189575,4.50024826177431e-06,18,5,2026-03-30
STLD/INTU,STLD,INTU,no_reversal_protection,2504.474062242894,0.675844742233199,-1.0598687633342054,0.9999999999893371,18,5,2026-03-30
STLD/FMC,STLD,FMC,no_reversal_protection,4964.093951382459,0.7834435441669725,-1.0598687633342054,0.9953778816653522,16,5,2026-03-30
KLAC/TRMB,KLAC,TRMB,no_reversal_protection,830.4393806041346,0.2341132647648063,-1.0598687633342054,0.9740942786965935,14,5,2026-03-30
KLAC/NRG,KLAC,NRG,no_reversal_protection,1799.654151740476,0.8375655454066593,-1.0598687633342054,0.9999999634526159,10,5,2026-03-30
VLO/UHS,VLO,UHS,no_reversal_protection,1345.24232792809,0.5439096849449211,-1.0598687633342054,0.9999999311920471,8,5,2026-03-30
VLO/PYPL,VLO,PYPL,no_reversal_protection,1699.801371532759,0.37154289279980074,-1.0598687633342054,0.9999346220375757,16,5,2026-03-30
MGM/JKHY,MGM,JKHY,no_reversal_protection,10.88055270085306,0.004243257265977265,-1.0598687633342054,0.023328054274644017,10,5,2026-03-30
MGM/NEM,MGM,NEM,no_reversal_protection,-1004.367911184084,-0.25524704761554984,-1.0598687633342054,4.389634981013373e-15,12,5,2026-03-30
ODFL/NFLX,ODFL,NFLX,no_reversal_protection,-1254.106288741602,-0.2426900606498783,-1.0598687633342054,9.835617339396486e-15,16,5,2026-03-30
ODFL/MOS,ODFL,MOS,no_reversal_protection,834.4198972867457,0.34405253282492426,-1.0598687633342054,0.999999021586535,8,5,2026-03-30
UNH/ULTA,UNH,ULTA,no_reversal_protection,3792.656457649628,0.9739518705208665,-1.0598687633342054,0.9999999999316429,18,5,2026-03-30
UNH/PLTR,UNH,PLTR,no_reversal_protection,-3116.409109883637,-0.5403955011308236,-1.0598687633342054,5.328323499848808e-18,18,5,2026-03-30
CVS/GPN,CVS,GPN,no_reversal_protection,3907.753420733733,1.045621491028092,-1.0598687633342054,0.9999999755668187,14,5,2026-03-30
CVS/FISV,CVS,FISV,no_reversal_protection,-6246.909371830658,-1.1050182669027813,-1.0598687633342054,2.61964511609993e-05,16,5,2026-03-30
PSX/ADBE,PSX,ADBE,no_reversal_protection,1251.299283022091,0.423567365096512,-1.0598687633342054,0.9999999999178953,20,5,2026-03-30
STLD/INTU,STLD,INTU,slow_rebalance,3738.561979690113,0.9418040410101635,-1.112885756934983,0.9999999999997811,16,5,2026-03-30
STLD/FMC,STLD,FMC,slow_rebalance,6177.560242683829,1.0242738885004976,-1.112885756934983,0.9909965966661107,10,5,2026-03-30
KLAC/TRMB,KLAC,TRMB,slow_rebalance,1729.292781906338,0.48181906978415795,-1.112885756934983,0.9998561765110373,10,5,2026-03-30
KLAC/NRG,KLAC,NRG,slow_rebalance,1546.882356407937,0.7925996365526331,-1.112885756934983,0.9999999928488185,8,5,2026-03-30
VLO/UHS,VLO,UHS,slow_rebalance,707.6843962600241,0.3513371776910865,-1.112885756934983,0.9998937232195464,8,5,2026-03-30
VLO/PYPL,VLO,PYPL,slow_rebalance,4174.976580249692,0.926349224756746,-1.112885756934983,0.9999770436019914,16,5,2026-03-30
MGM/JKHY,MGM,JKHY,slow_rebalance,-165.7395257627751,-0.10122970326717279,-1.112885756934983,3.559293129675916e-05,8,5,2026-03-30
MGM/NEM,MGM,NEM,slow_rebalance,-2415.427598193583,-0.6752460231252934,-1.112885756934983,3.4909443161884605e-21,14,5,2026-03-30
ODFL/NFLX,ODFL,NFLX,slow_rebalance,690.8084074773444,0.20438335518080342,-1.112885756934983,0.9628845433041207,14,5,2026-03-30
ODFL/MOS,ODFL,MOS,slow_rebalance,20.18893765341215,0.010028851121109773,-1.112885756934983,0.03146244005991997,8,5,2026-03-30
UNH/ULTA,UNH,ULTA,slow_rebalance,2740.864495044782,1.16838604702407,-1.112885756934983,0.9999999867882918,12,5,2026-03-30
UNH/PLTR,UNH,PLTR,slow_rebalance,-5581.08792455987,-0.7877719276552284,-1.112885756934983,1.219305565989273e-08,16,5,2026-03-30
CVS/GPN,CVS,GPN,slow_rebalance,2404.054593678015,0.6075506086698169,-1.112885756934983,0.9999997545503311,10,5,2026-03-30
CVS/FISV,CVS,FISV,slow_rebalance,-4365.368766472284,-1.019008016917163,-1.112885756934983,2.1049495037961687e-16,16,5,2026-03-30
PSX/ADBE,PSX,ADBE,slow_rebalance,326.9020199717525,0.10236146589385844,-1.112885756934983,0.573134704710427,20,5,2026-03-30
STLD/INTU,STLD,INTU,let_profits_run,4231.722160074587,1.1943660434252903,-1.1509404739470908,0.9999999999999508,10,5,2026-03-30
STLD/FMC,STLD,FMC,let_profits_run,6680.087597744541,1.1962510926714203,-1.1509404739470908,0.9953543118977652,6,5,2026-03-30
KLAC/TRMB,KLAC,TRMB,let_profits_run,582.4459124053313,0.1985483759502541,-1.1509404739470908,0.8940395053358592,10,5,2026-03-30
KLAC/NRG,KLAC,NRG,let_profits_run,-1913.128808805549,-0.6026335092013255,-1.1509404739470908,2.7695927505404945e-09,6,5,2026-03-30
VLO/UHS,VLO,UHS,let_profits_run,3432.370228133107,1.1978660313764036,-1.1509404739470908,1.0,8,5,2026-03-30
VLO/PYPL,VLO,PYPL,let_profits_run,6121.837172173426,1.2711375865894454,-1.1509404739470908,0.9999996596270051,14,5,2026-03-30
MGM/JKHY,MGM,JKHY,let_profits_run,-2405.569776036988,-1.1561605014636174,-1.1509404739470908,6.596710411249979e-21,12,5,2026-03-30
MGM/NEM,MGM,NEM,let_profits_run,-824.3552720650198,-0.18206892964984797,-1.1509404739470908,1.6081842563135138e-10,10,5,2026-03-30
ODFL/NFLX,ODFL,NFLX,let_profits_run,-395.0076760897743,-0.11842049292949448,-1.1509404739470908,1.1145293006180465e-05,14,5,2026-03-30
ODFL/MOS,ODFL,MOS,let_profits_run,-412.8582634085959,-0.3437786639342577,-1.1509404739470908,1.6224287350371863e-07,6,5,2026-03-30
UNH/ULTA,UNH,ULTA,let_profits_run,1021.369640419688,0.4688888390330875,-1.1509404739470908,0.9999999999591654,14,5,2026-03-30
UNH/PLTR,UNH,PLTR,let_profits_run,-8274.291526055535,-1.1093655221593617,-1.1509404739470908,6.65644208126539e-09,14,5,2026-03-30
CVS/GPN,CVS,GPN,let_profits_run,148.8727100668586,0.04036909526291745,-1.1509404739470908,0.11562564390731667,12,5,2026-03-30
CVS/FISV,CVS,FISV,let_profits_run,1377.843067655383,0.24274869770256338,-1.1509404739470908,0.9913552428938895,14,5,2026-03-30
PSX/ADBE,PSX,ADBE,let_profits_run,1298.124016105935,0.39496774126450157,-1.1509404739470908,0.9999999945527915,18,5,2026-03-30
STLD/INTU,STLD,INTU,beta_neutral,591.5909201219017,0.1566537437613615,-1.4103371314632946,0.9261955685812664,17,5,2026-03-30
STLD/FMC,STLD,FMC,beta_neutral,513.0235240685316,0.16916476975620487,-1.4103371314632946,0.9475304962042775,20,5,2026-03-30
KLAC/TRMB,KLAC,TRMB,beta_neutral,918.7521542721167,0.21038635208914772,-1.4103371314632946,0.9079630982269029,10,5,2026-03-30
KLAC/NRG,KLAC,NRG,beta_neutral,-1398.065903060822,-0.36904383703005006,-1.4103371314632946,6.670766495057714e-12,12,5,2026-03-30
VLO/UHS,VLO,UHS,beta_neutral,1594.292688624038,0.7374102136866543,-1.4103371314632946,0.9999899869589368,6,5,2026-03-30
VLO/PYPL,VLO,PYPL,beta_neutral,-1559.292324858529,-0.4565539455795022,-1.4103371314632946,2.435506149960882e-18,18,5,2026-03-30
MGM/JKHY,MGM,JKHY,beta_neutral,-199.577746994477,-0.05539233187538415,-1.4103371314632946,8.5834083854882e-05,10,5,2026-03-30
MGM/NEM,MGM,NEM,beta_neutral,-1882.883529205834,-0.5297575456218491,-1.4103371314632946,4.968714637766114e-18,12,5,2026-03-30
ODFL/NFLX,ODFL,NFLX,beta_neutral,-290.6057451316477,-0.07578641995653303,-1.4103371314632946,0.00022315164080642208,15,5,2026-03-30
ODFL/MOS,ODFL,MOS,beta_neutral,1440.339025058274,0.6324620798462096,-1.4103371314632946,0.9999992239672503,8,5,2026-03-30
UNH/ULTA,UNH,ULTA,beta_neutral,2392.420611325366,0.6248996001888013,-1.4103371314632946,0.9999999998399424,17,5,2026-03-30
UNH/PLTR,UNH,PLTR,beta_neutral,5261.450590485771,0.7766454225062465,-1.4103371314632946,0.9999952979115313,19,5,2026-03-30
CVS/GPN,CVS,GPN,beta_neutral,-2911.579109107651,-0.7111936580631071,-1.4103371314632946,1.0433384960995051e-06,13,5,2026-03-30
CVS/FISV,CVS,FISV,beta_neutral,2164.781460357097,0.37371494537322253,-1.4103371314632946,0.9867855301550715,16,5,2026-03-30
PSX/ADBE,PSX,ADBE,beta_neutral,-588.3378432018424,-0.2384334719226539,-1.4103371314632946,1.2475916189715723e-08,24,5,2026-03-30
STLD/INTU,STLD,INTU,balanced,48.41433033856237,0.013089862033252632,-1.547301771210736,0.03480893047588777,18,5,2026-03-30
STLD/FMC,STLD,FMC,balanced,3313.553926521624,0.5447462268601242,-1.547301771210736,0.9913565517216083,20,5,2026-03-30
KLAC/TRMB,KLAC,TRMB,balanced,1420.855765105614,0.4348775475255815,-1.547301771210736,0.9986599641555111,10,5,2026-03-30
KLAC/NRG,KLAC,NRG,balanced,-633.6746135133176,-0.23580891019153752,-1.547301771210736,2.877984633544738e-12,12,5,2026-03-30
VLO/UHS,VLO,UHS,balanced,1724.155582851387,1.1896462129153649,-1.547301771210736,0.9999997820625083,6,5,2026-03-30
VLO/PYPL,VLO,PYPL,balanced,61.15280116664189,0.018651615073228274,-1.547301771210736,0.04610781970283956,18,5,2026-03-30
MGM/JKHY,MGM,JKHY,balanced,-616.64842987494,-0.2573835527139036,-1.547301771210736,1.5502550354329433e-09,10,5,2026-03-30
MGM/NEM,MGM,NEM,balanced,-387.2440984450394,-0.09760678401960286,-1.547301771210736,4.030671136224835e-06,14,5,2026-03-30
ODFL/NFLX,ODFL,NFLX,balanced,-788.7560330469751,-0.20866940901016695,-1.547301771210736,4.505822342339804e-09,16,5,2026-03-30
ODFL/MOS,ODFL,MOS,balanced,636.111625915779,0.2784545816206717,-1.547301771210736,0.999596891785875,8,5,2026-03-30
UNH/ULTA,UNH,ULTA,balanced,2432.769624470784,0.7136001710863085,-1.547301771210736,0.9999998976948027,18,5,2026-03-30
UNH/PLTR,UNH,PLTR,balanced,864.057975653423,0.13256178146788714,-1.547301771210736,0.7487803542946164,20,5,2026-03-30
CVS/GPN,CVS,GPN,balanced,1569.572455872248,0.5457710406972837,-1.547301771210736,0.999938212672251,12,5,2026-03-30
CVS/FISV,CVS,FISV,balanced,-1529.721827958729,-0.6293581865508057,-1.547301771210736,4.887595212987553e-19,16,5,2026-03-30
PSX/ADBE,PSX,ADBE,balanced,-976.0440901421427,-0.4140681302580627,-1.547301771210736,1.922012752600321e-11,24,5,2026-03-30
STLD/INTU,STLD,INTU,long_term_kalman,2699.242326758088,0.926280608183956,-1.5577843831030402,1.0,8,5,2026-03-30
STLD/FMC,STLD,FMC,long_term_kalman,6637.020795893528,1.2891232698862531,-1.5577843831030402,0.9954092365697094,6,5,2026-03-30
KLAC/TRMB,KLAC,TRMB,long_term_kalman,-251.9192482424073,-0.07731047227316207,-1.5577843831030402,3.2046272923545876e-06,12,5,2026-03-30
KLAC/NRG,KLAC,NRG,long_term_kalman,-2728.116122443905,-1.0704681587509866,-1.5577843831030402,7.154803703880427e-05,6,5,2026-03-30
VLO/UHS,VLO,UHS,long_term_kalman,-403.1731851059882,-0.16359312261023046,-1.5577843831030402,4.7277865047152393e-08,10,5,2026-03-30
VLO/PYPL,VLO,PYPL,long_term_kalman,4412.853144147357,0.9958742495274546,-1.5577843831030402,0.99999432420013,18,5,2026-03-30
MGM/JKHY,MGM,JKHY,long_term_kalman,-1520.030381232284,-0.7244690249064714,-1.5577843831030402,1.890724838163315e-17,8,5,2026-03-30
MGM/NEM,MGM,NEM,long_term_kalman,-1034.180266980863,-0.2526848287874573,-1.5577843831030402,1.3295922479899332e-14,8,5,2026-03-30
ODFL/NFLX,ODFL,NFLX,long_term_kalman,1757.778622828395,0.4743658271265259,-1.5577843831030402,0.9999999997716726,14,5,2026-03-30
ODFL/MOS,ODFL,MOS,long_term_kalman,-187.8565098447206,-0.17482270982701434,-1.5577843831030402,2.4013236025275762e-05,6,5,2026-03-30
UNH/ULTA,UNH,ULTA,long_term_kalman,76.96354559850306,0.02574497849226033,-1.5577843831030402,0.06634467448321335,12,5,2026-03-30
UNH/PLTR,UNH,PLTR,long_term_kalman,-10641.50465833625,-1.5235271730025564,-1.5577843831030402,1.5840606555643909e-06,14,5,2026-03-30
CVS/GPN,CVS,GPN,long_term_kalman,-570.4723998640836,-0.15111543623892681,-1.5577843831030402,4.4336778209537933e-07,8,5,2026-03-30
CVS/FISV,CVS,FISV,long_term_kalman,4043.39195209722,0.7204614591255196,-1.5577843831030402,0.9923624552523846,10,5,2026-03-30
PSX/ADBE,PSX,ADBE,long_term_kalman,2867.66523496937,0.8511853639780006,-1.5577843831030402,0.9999999999999986,18,5,2026-03-30
STLD/INTU,STLD,INTU,uniform_weights,-276.6908225026743,-0.07219411433576262,-1.6742589067463736,0.0003313699822990742,20,5,2026-03-30
STLD/FMC,STLD,FMC,uniform_weights,4076.650210777667,0.6841334433580879,-1.6742589067463736,0.9892714694260892,18,5,2026-03-30
KLAC/TRMB,KLAC,TRMB,uniform_weights,2367.04418484656,0.698208493830782,-1.6742589067463736,0.9999571508269479,12,5,2026-03-30
KLAC/NRG,KLAC,NRG,uniform_weights,-472.6007259699863,-0.17677536800037955,-1.6742589067463736,2.318315302274957e-13,12,5,2026-03-30
VLO/UHS,VLO,UHS,uniform_weights,1725.890554262188,1.1908615712737682,-1.6742589067463736,0.9999997820706411,6,5,2026-03-30
VLO/PYPL,VLO,PYPL,uniform_weights,-741.827561621844,-0.2440169468352969,-1.6742589067463736,6.840251209236374e-11,18,5,2026-03-30
MGM/JKHY,MGM,JKHY,uniform_weights,-446.7915672652751,-0.18785842741025593,-1.6742589067463736,3.555976472902928e-08,10,5,2026-03-30
MGM/NEM,MGM,NEM,uniform_weights,-16.93145674100344,-0.004285810273875447,-1.6742589067463736,0.014352379647727162,12,5,2026-03-30
ODFL/NFLX,ODFL,NFLX,uniform_weights,-4091.965642905335,-0.811840208808447,-1.6742589067463736,1.3611038614790168e-20,18,5,2026-03-30
ODFL/MOS,ODFL,MOS,uniform_weights,1157.739438403761,0.5149937459429207,-1.6742589067463736,0.9999999999453367,8,5,2026-03-30
UNH/ULTA,UNH,ULTA,uniform_weights,2762.279107157184,0.8039098075514398,-1.6742589067463736,0.9999999361549312,18,5,2026-03-30
UNH/PLTR,UNH,PLTR,uniform_weights,-2789.822117483107,-0.5430016326790408,-1.6742589067463736,3.597116064755574e-13,18,5,2026-03-30
CVS/GPN,CVS,GPN,uniform_weights,2521.183836246786,0.5995827379258221,-1.6742589067463736,0.9999999712321342,18,5,2026-03-30
CVS/FISV,CVS,FISV,uniform_weights,-1217.320049882443,-0.5606169636280437,-1.6742589067463736,5.986516947440251e-18,16,5,2026-03-30
PSX/ADBE,PSX,ADBE,uniform_weights,-911.8215612912143,-0.38832310617396454,-1.6742589067463736,4.490300116893738e-11,22,5,2026-03-30
STLD/INTU,STLD,INTU,default,48.67433033856366,0.01316377031997944,-1.803653295338158,0.03493048549215309,18,5,2026-03-30
STLD/FMC,STLD,FMC,default,3419.943562544591,0.5637564551429687,-1.803653295338158,0.9910371292155155,20,5,2026-03-30
KLAC/TRMB,KLAC,TRMB,default,1303.923765105616,0.4004578880214633,-1.803653295338158,0.9977816722871308,10,5,2026-03-30
KLAC/NRG,KLAC,NRG,default,-474.7731636155509,-0.17757200206636684,-1.803653295338158,2.325780118673598e-13,12,5,2026-03-30
VLO/UHS,VLO,UHS,default,1725.890554262188,1.1908615712737682,-1.803653295338158,0.9999997820706411,6,5,2026-03-30
VLO/PYPL,VLO,PYPL,default,-751.7849242207199,-0.2469885880283339,-1.803653295338158,5.0342542023614266e-11,18,5,2026-03-30
MGM/JKHY,MGM,JKHY,default,-438.1915672652769,-0.18364944120631452,-1.803653295338158,4.496698196279783e-08,10,5,2026-03-30
MGM/NEM,MGM,NEM,default,-718.7194665932919,-0.18560476262618186,-1.803653295338158,4.425494578954453e-11,12,5,2026-03-30
ODFL/NFLX,ODFL,NFLX,default,658.0604418456786,0.2039827457004965,-1.803653295338158,0.9939775962478943,16,5,2026-03-30
ODFL/MOS,ODFL,MOS,default,639.5830803706607,0.2801386006300235,-1.803653295338158,0.999630186698587,8,5,2026-03-30
UNH/ULTA,UNH,ULTA,default,2432.769624470784,0.7136001710863085,-1.803653295338158,0.9999998976948027,18,5,2026-03-30
UNH/PLTR,UNH,PLTR,default,-4495.514160208602,-0.7961370349365009,-1.803653295338158,3.3329269440780304e-13,20,5,2026-03-30
CVS/GPN,CVS,GPN,default,1580.582455872248,0.5512846168127176,-1.803653295338158,0.9999497809279919,12,5,2026-03-30
CVS/FISV,CVS,FISV,default,159.7688839547754,0.08190100008381088,-1.803653295338158,0.39663683007980877,12,5,2026-03-30
PSX/ADBE,PSX,ADBE,default,-975.2028384808557,-0.4145110355243939,-1.803653295338158,2.0207582045822068e-11,24,5,2026-03-30
STLD/INTU,STLD,INTU,beta_neutral_long_term,1270.798638064677,0.5299660665251719,-1.812943765252178,0.9999999999961189,8,5,2026-03-30
STLD/FMC,STLD,FMC,beta_neutral_long_term,4785.306730111658,1.2352076260293665,-1.812943765252178,1.0,8,5,2026-03-30
KLAC/TRMB,KLAC,TRMB,beta_neutral_long_term,-989.7745435083737,-0.21803139811967903,-1.812943765252178,1.836926513354952e-15,12,5,2026-03-30
KLAC/NRG,KLAC,NRG,beta_neutral_long_term,-3311.433481255171,-0.9918877739983809,-1.812943765252178,7.353648325389658e-05,6,5,2026-03-30
VLO/UHS,VLO,UHS,beta_neutral_long_term,1026.081891563237,0.315021274201002,-1.812943765252178,0.9999941399051676,10,5,2026-03-30
VLO/PYPL,VLO,PYPL,beta_neutral_long_term,2586.50364185147,0.5551219345465671,-1.812943765252178,0.9999999999999998,18,5,2026-03-30
MGM/JKHY,MGM,JKHY,beta_neutral_long_term,-511.1316622632079,-0.2903945659989826,-1.812943765252178,3.824271483163032e-12,8,5,2026-03-30
MGM/NEM,MGM,NEM,beta_neutral_long_term,-77.415236192674,-0.026580846151692598,-1.812943765252178,0.004082834552946233,8,5,2026-03-30
ODFL/NFLX,ODFL,NFLX,beta_neutral_long_term,2089.005814452398,0.5749451526154048,-1.812943765252178,0.9999999944572028,14,5,2026-03-30
ODFL/MOS,ODFL,MOS,beta_neutral_long_term,-767.6775164870435,-0.40894586096564767,-1.812943765252178,1.3283121953016737e-06,6,5,2026-03-30
UNH/ULTA,UNH,ULTA,beta_neutral_long_term,-432.1049317028418,-0.1126329999112027,-1.812943765252178,4.520518932395869e-06,12,5,2026-03-30
UNH/PLTR,UNH,PLTR,beta_neutral_long_term,-5089.697204796261,-1.169849940333177,-1.812943765252178,1.8023621513486e-18,13,5,2026-03-30
CVS/GPN,CVS,GPN,beta_neutral_long_term,-488.1804344154684,-0.11711474332680988,-1.812943765252178,6.278489653730991e-11,8,5,2026-03-30
CVS/FISV,CVS,FISV,beta_neutral_long_term,-519.0217487975596,-0.1198567179046355,-1.812943765252178,2.9926542077754663e-16,10,5,2026-03-30
PSX/ADBE,PSX,ADBE,beta_neutral_long_term,2531.307135098096,0.688829422835394,-1.812943765252178,0.9999999926995758,17,5,2026-03-30
STLD/INTU,STLD,INTU,kalman_hedge,-324.3654107057503,-0.08316458502509001,-1.8355075257892597,0.0001675553340978617,22,5,2026-03-30
STLD/FMC,STLD,FMC,kalman_hedge,4085.738963731947,0.7434082997487707,-1.8355075257892597,0.9901632589796606,18,5,2026-03-30
KLAC/TRMB,KLAC,TRMB,kalman_hedge,1169.15535721232,0.3345202041374742,-1.8355075257892597,0.9948678638796343,14,5,2026-03-30
KLAC/NRG,KLAC,NRG,kalman_hedge,-437.0474333790612,-0.1613900188943642,-1.8355075257892597,2.3428513165121897e-13,12,5,2026-03-30
VLO/UHS,VLO,UHS,kalman_hedge,962.1332208245858,0.4498932022427729,-1.8355075257892597,0.9999753037329728,8,5,2026-03-30
VLO/PYPL,VLO,PYPL,kalman_hedge,-642.8302968299827,-0.21067185371060282,-1.8355075257892597,1.2805071332570553e-09,18,5,2026-03-30
MGM/JKHY,MGM,JKHY,kalman_hedge,-448.7402975894272,-0.18837971388799973,-1.8355075257892597,3.723636650247079e-08,10,5,2026-03-30
MGM/NEM,MGM,NEM,kalman_hedge,-427.5915806594879,-0.11010458663231908,-1.8355075257892597,6.355851227975935e-07,12,5,2026-03-30
ODFL/NFLX,ODFL,NFLX,kalman_hedge,-4101.793532824862,-0.8119010135973033,-1.8355075257892597,1.8503966417029577e-20,18,5,2026-03-30
ODFL/MOS,ODFL,MOS,kalman_hedge,1618.471484276597,0.7362150532713247,-1.8355075257892597,0.9999999999999836,8,5,2026-03-30
UNH/ULTA,UNH,ULTA,kalman_hedge,2700.737603308362,0.7857123234373997,-1.8355075257892597,0.9999999380317879,20,5,2026-03-30
UNH/PLTR,UNH,PLTR,kalman_hedge,-4188.345394836163,-0.7374162554953821,-1.8355075257892597,6.215939870973964e-14,20,5,2026-03-30
CVS/GPN,CVS,GPN,kalman_hedge,2483.283453949849,0.6116546678955904,-1.8355075257892597,0.9999999513512949,16,5,2026-03-30
CVS/FISV,CVS,FISV,kalman_hedge,-1216.055841815296,-0.5616783329037074,-1.8355075257892597,9.442575090198434e-18,16,5,2026-03-30
PSX/ADBE,PSX,ADBE,kalman_hedge,-924.9361306566033,-0.39465823964808366,-1.8355075257892597,3.278364005826046e-11,22,5,2026-03-30
STLD/INTU,STLD,INTU,vol_weighted_sizing,-326.5195534248537,-0.08385129988492371,-1.8489636954453832,0.0001610615039460521,22,5,2026-03-30
STLD/FMC,STLD,FMC,vol_weighted_sizing,4079.014658522797,0.6846358110531455,-1.8489636954453832,0.9892509427657952,18,5,2026-03-30
KLAC/TRMB,KLAC,TRMB,vol_weighted_sizing,1246.342130678965,0.365412031919419,-1.8489636954453832,0.9978575180131539,14,5,2026-03-30
KLAC/NRG,KLAC,NRG,vol_weighted_sizing,-472.6007259699863,-0.17677536800037955,-1.8489636954453832,2.318315302274957e-13,12,5,2026-03-30
VLO/UHS,VLO,UHS,vol_weighted_sizing,961.907746778636,0.45078466482844826,-1.8489636954453832,0.999973380113271,8,5,2026-03-30
VLO/PYPL,VLO,PYPL,vol_weighted_sizing,-748.515490659589,-0.24649595359923213,-1.8489636954453832,5.217786013404164e-11,18,5,2026-03-30
MGM/JKHY,MGM,JKHY,vol_weighted_sizing,-429.2818255321235,-0.17937963305440638,-1.8489636954453832,5.484318348310386e-08,10,5,2026-03-30
MGM/NEM,MGM,NEM,vol_weighted_sizing,-432.5914376947065,-0.11188293688218082,-1.8489636954453832,5.448727543931566e-07,12,5,2026-03-30
ODFL/NFLX,ODFL,NFLX,vol_weighted_sizing,-4092.267902210904,-0.8124199584084016,-1.8489636954453832,1.383861191453474e-20,18,5,2026-03-30
ODFL/MOS,ODFL,MOS,vol_weighted_sizing,1416.098509424723,0.623843627188126,-1.8489636954453832,0.9999999999989108,8,5,2026-03-30
UNH/ULTA,UNH,ULTA,vol_weighted_sizing,2714.907442738689,0.7901612763784758,-1.8489636954453832,0.9999999363148123,20,5,2026-03-30
UNH/PLTR,UNH,PLTR,vol_weighted_sizing,-4472.854651691427,-0.7931813571801489,-1.8489636954453832,3.567332821887996e-13,20,5,2026-03-30
CVS/GPN,CVS,GPN,vol_weighted_sizing,2595.725616351499,0.6223242646736072,-1.8489636954453832,0.9999999663529731,16,5,2026-03-30
CVS/FISV,CVS,FISV,vol_weighted_sizing,-1214.670049882443,-0.5595891774767735,-1.8489636954453832,6.289575464377732e-18,16,5,2026-03-30
PSX/ADBE,PSX,ADBE,vol_weighted_sizing,-920.5382377762669,-0.39358536354885326,-1.8489636954453832,4.0608375093654877e-11,22,5,2026-03-30
STLD/INTU,STLD,INTU,no_skip_month,122.9415186756216,0.031844900775218156,-1.9095620552430268,0.0787617409905505,20,5,2026-03-30
STLD/FMC,STLD,FMC,no_skip_month,2930.34078431096,0.48494751601201924,-1.9095620552430268,0.9913579887876154,22,5,2026-03-30
KLAC/TRMB,KLAC,TRMB,no_skip_month,-832.270462827541,-0.20795568781863433,-1.9095620552430268,3.593589556597502e-15,16,5,2026-03-30
KLAC/NRG,KLAC,NRG,no_skip_month,-3795.384672701956,-0.8392690921190027,-1.9095620552430268,3.1104659954097184e-06,14,5,2026-03-30
VLO/UHS,VLO,UHS,no_skip_month,1379.181921568819,0.9186657551315199,-1.9095620552430268,0.9999999211879274,8,5,2026-03-30
VLO/PYPL,VLO,PYPL,no_skip_month,-750.1323871704665,-0.24767362613362648,-1.9095620552430268,4.9501750843757344e-11,18,5,2026-03-30
MGM/JKHY,MGM,JKHY,no_skip_month,-427.0248422944842,-0.17871140664563165,-1.9095620552430268,5.815448715707159e-08,10,5,2026-03-30
MGM/NEM,MGM,NEM,no_skip_month,-1477.689711343747,-0.37126842369737034,-1.9095620552430268,9.997897678836087e-19,16,5,2026-03-30
ODFL/NFLX,ODFL,NFLX,no_skip_month,89.45738817140278,0.02727984536235966,-1.9095620552430268,0.06296225976153733,18,5,2026-03-30
ODFL/MOS,ODFL,MOS,no_skip_month,342.4702359536773,0.14755150667856065,-1.9095620552430268,0.8688008436112569,8,5,2026-03-30
UNH/ULTA,UNH,ULTA,no_skip_month,-2714.376940315586,-0.43746189175120065,-1.9095620552430268,2.013714281557186e-15,26,5,2026-03-30
UNH/PLTR,UNH,PLTR,no_skip_month,-1619.205057786221,-0.33764615062408754,-1.9095620552430268,9.59412525238782e-24,20,5,2026-03-30
CVS/GPN,CVS,GPN,no_skip_month,3754.540125280829,0.8206220908344275,-1.9095620552430268,0.9999999999776249,22,5,2026-03-30
CVS/FISV,CVS,FISV,no_skip_month,1046.549113324344,0.5018217195256565,-1.9095620552430268,0.9999999997420274,18,5,2026-03-30
PSX/ADBE,PSX,ADBE,no_skip_month,-1456.489350749209,-0.598276968590757,-1.9095620552430268,5.440736547198651e-15,26,5,2026-03-30
STLD/INTU,STLD,INTU,fast_strict,1190.602866620323,0.5058605592222859,-1.9903299846908735,0.9999999953743183,26,5,2026-03-30
STLD/FMC,STLD,FMC,fast_strict,4259.38136184464,0.943637170566302,-1.9903299846908735,0.9897689982035915,22,5,2026-03-30
KLAC/TRMB,KLAC,TRMB,fast_strict,2128.564776037681,1.2726692470321475,-1.9903299846908735,0.9999999918339975,14,5,2026-03-30
KLAC/NRG,KLAC,NRG,fast_strict,-446.3711828924402,-0.1793143890777445,-1.9903299846908735,3.436968212235119e-19,16,5,2026-03-30
VLO/UHS,VLO,UHS,fast_strict,-636.8334325393473,-0.4592357727602459,-1.9903299846908735,4.831553058564054e-13,12,5,2026-03-30
VLO/PYPL,VLO,PYPL,fast_strict,388.3030518065536,0.2279769554799704,-1.9903299846908735,0.9970292109572365,16,5,2026-03-30
MGM/JKHY,MGM,JKHY,fast_strict,-393.8226394419431,-0.2199089025664165,-1.9903299846908735,4.336675892583007e-08,12,5,2026-03-30
MGM/NEM,MGM,NEM,fast_strict,-1424.858139244192,-0.43061158000895067,-1.9903299846908735,1.6796507160809797e-15,22,5,2026-03-30
ODFL/NFLX,ODFL,NFLX,fast_strict,2738.447144646654,1.1101690910670765,-1.9903299846908735,0.9999999999999929,20,5,2026-03-30
ODFL/MOS,ODFL,MOS,fast_strict,-1151.253415142423,-0.6746531266885897,-1.9903299846908735,1.0204482002458876e-14,20,5,2026-03-30
UNH/ULTA,UNH,ULTA,fast_strict,2769.12465694157,1.0976134534526862,-1.9903299846908735,0.9999962844550101,14,5,2026-03-30
UNH/PLTR,UNH,PLTR,fast_strict,316.2047799921918,0.07909404921262209,-1.9903299846908735,0.3638245714980971,18,5,2026-03-30
CVS/GPN,CVS,GPN,fast_strict,-1451.756036580541,-0.5790617911868344,-1.9903299846908735,8.749069680839789e-09,26,5,2026-03-30
CVS/FISV,CVS,FISV,fast_strict,-117.9882370340886,-0.07507299442831067,-1.9903299846908735,1.5862826240444892e-08,20,5,2026-03-30
PSX/ADBE,PSX,ADBE,fast_strict,1987.141223720019,1.1040351652610716,-1.9903299846908735,0.9999999535562072,24,5,2026-03-30
STLD/INTU,STLD,INTU,sensitive_reversal,153.8494408880273,0.045330082682431036,-2.027566208786504,0.13421439731552054,22,5,2026-03-30
STLD/FMC,STLD,FMC,sensitive_reversal,1509.366281622716,0.6464423079809783,-2.027566208786504,0.9999999947861612,24,5,2026-03-30
KLAC/TRMB,KLAC,TRMB,sensitive_reversal,2157.739779389774,1.3904846616863025,-2.027566208786504,0.9999970308376109,10,5,2026-03-30
KLAC/NRG,KLAC,NRG,sensitive_reversal,329.4974861078516,0.12137824767926012,-2.027566208786504,0.6376091292144496,12,5,2026-03-30
VLO/UHS,VLO,UHS,sensitive_reversal,1050.478333456572,1.112901963051247,-2.027566208786504,0.9999998854745271,6,5,2026-03-30
VLO/PYPL,VLO,PYPL,sensitive_reversal,4403.111292071102,1.079730616618371,-2.027566208786504,0.9986727709640288,20,5,2026-03-30
MGM/JKHY,MGM,JKHY,sensitive_reversal,-1128.61640989804,-0.5217928925329988,-2.027566208786504,7.672423945128246e-09,12,5,2026-03-30
MGM/NEM,MGM,NEM,sensitive_reversal,-1907.693392656503,-0.542038522719822,-2.027566208786504,9.337970056148268e-17,16,5,2026-03-30
ODFL/NFLX,ODFL,NFLX,sensitive_reversal,1697.504812656876,0.5163144090732117,-2.027566208786504,0.9999999994692987,20,5,2026-03-30
ODFL/MOS,ODFL,MOS,sensitive_reversal,1569.144041521536,0.7972389745127199,-2.027566208786504,0.9999999999749737,10,5,2026-03-30
UNH/ULTA,UNH,ULTA,sensitive_reversal,1326.525025167133,0.49261264356381174,-2.027566208786504,0.9999994466183454,20,5,2026-03-30
UNH/PLTR,UNH,PLTR,sensitive_reversal,-4931.706792379021,-0.8623153770644134,-2.027566208786504,5.753866382709739e-13,24,5,2026-03-30
CVS/GPN,CVS,GPN,sensitive_reversal,-1800.255256566641,-0.717135229539147,-2.027566208786504,1.335851419413918e-09,18,5,2026-03-30
CVS/FISV,CVS,FISV,sensitive_reversal,-1582.32466712173,-0.66296825531371,-2.027566208786504,2.2460157700517464e-08,18,5,2026-03-30
PSX/ADBE,PSX,ADBE,sensitive_reversal,670.9493916446199,0.3279580987144629,-2.027566208786504,0.9999951110447841,24,5,2026-03-30
STLD/INTU,STLD,INTU,long_term_tilt,1188.965849805521,0.5034792433760934,-2.3014142680584744,0.9999999999960995,8,5,2026-03-30
STLD/FMC,STLD,FMC,long_term_tilt,2642.624065136059,0.9700843375807103,-2.3014142680584744,0.9999999999999986,8,5,2026-03-30
KLAC/TRMB,KLAC,TRMB,long_term_tilt,-202.943519605482,-0.06464701720814946,-2.3014142680584744,2.8584432477611973e-05,12,5,2026-03-30
KLAC/NRG,KLAC,NRG,long_term_tilt,-2732.278622947412,-1.084149987235134,-2.3014142680584744,6.205394236141859e-05,6,5,2026-03-30
VLO/UHS,VLO,UHS,long_term_tilt,-420.2437765526633,-0.17220244057656728,-2.3014142680584744,1.658356507663348e-08,10,5,2026-03-30
VLO/PYPL,VLO,PYPL,long_term_tilt,4248.860530458956,0.9029028960678216,-2.3014142680584744,0.9999993565766252,18,5,2026-03-30
MGM/JKHY,MGM,JKHY,long_term_tilt,-1521.410381232284,-0.7246470540818963,-2.3014142680584744,1.8457334979696576e-17,8,5,2026-03-30
MGM/NEM,MGM,NEM,long_term_tilt,316.4851832198338,0.08322751167161618,-2.3014142680584744,0.40592848021102745,8,5,2026-03-30
ODFL/NFLX,ODFL,NFLX,long_term_tilt,1824.925681096564,0.5525113648853468,-2.3014142680584744,0.999999999940066,14,5,2026-03-30
ODFL/MOS,ODFL,MOS,long_term_tilt,-194.8795240606704,-0.1783869477963072,-2.3014142680584744,2.1515349185016286e-05,6,5,2026-03-30
UNH/ULTA,UNH,ULTA,long_term_tilt,126.0435455985031,0.041667685249401995,-2.3014142680584744,0.12480744325642751,12,5,2026-03-30
UNH/PLTR,UNH,PLTR,long_term_tilt,-10549.8343767926,-1.5152210634522911,-2.3014142680584744,1.6390585007352902e-06,14,5,2026-03-30
CVS/GPN,CVS,GPN,long_term_tilt,615.6686122026524,0.1663261802911315,-2.3014142680584744,0.913771706149568,8,5,2026-03-30
CVS/FISV,CVS,FISV,long_term_tilt,-1249.887410886292,-0.45655569870397755,-2.3014142680584744,5.779464097890979e-14,10,5,2026-03-30
PSX/ADBE,PSX,ADBE,long_term_tilt,2875.404040773202,0.8570275463946778,-2.3014142680584744,0.9999999999999981,18,5,2026-03-30
STLD/INTU,STLD,INTU,crash_defensive,97.39770794931334,0.05407359083428955,-3.5522881180494097,0.17580493937240094,22,5,2026-03-30
STLD/FMC,STLD,FMC,crash_defensive,2032.265745140434,0.6861671601939329,-3.5522881180494097,0.9892266396232099,18,5,2026-03-30
KLAC/TRMB,KLAC,TRMB,crash_defensive,630.6517406593789,0.3739113633692237,-3.5522881180494097,0.9982998482869015,14,5,2026-03-30
KLAC/NRG,KLAC,NRG,crash_defensive,-237.743524180205,-0.18015683036231417,-3.5522881180494097,2.1259337583964013e-13,12,5,2026-03-30
VLO/UHS,VLO,UHS,crash_defensive,806.6519330261729,1.1129357319467483,-3.5522881180494097,0.9999998158111605,8,5,2026-03-30
VLO/PYPL,VLO,PYPL,crash_defensive,-369.3763327089516,-0.24447521732693925,-3.5522881180494097,6.569129872795561e-11,18,5,2026-03-30
MGM/JKHY,MGM,JKHY,crash_defensive,-213.779370813791,-0.178871894842734,-3.5522881180494097,5.2184206779864444e-08,10,5,2026-03-30
MGM/NEM,MGM,NEM,crash_defensive,-208.9061746016034,-0.1084761631029955,-3.5522881180494097,8.489661584667045e-07,12,5,2026-03-30
ODFL/NFLX,ODFL,NFLX,crash_defensive,-3712.949213063748,-0.969075433457407,-3.5522881180494097,8.695770603449867e-14,18,5,2026-03-30
ODFL/MOS,ODFL,MOS,crash_defensive,706.282007481623,0.6248800459664074,-3.5522881180494097,0.9999999999989795,8,5,2026-03-30
UNH/ULTA,UNH,ULTA,crash_defensive,331.0918843682036,0.26638385626398964,-3.5522881180494097,0.9978334904937026,20,5,2026-03-30
UNH/PLTR,UNH,PLTR,crash_defensive,-3295.955557688053,-0.8324289417249762,-3.5522881180494097,4.902757547141459e-05,20,5,2026-03-30
CVS/GPN,CVS,GPN,crash_defensive,1306.054196199944,0.6275266863133658,-3.5522881180494097,0.9999999704114066,16,5,2026-03-30
CVS/FISV,CVS,FISV,crash_defensive,-927.2772818179191,-0.6979156294132023,-3.5522881180494097,7.969071106229457e-09,16,5,2026-03-30
PSX/ADBE,PSX,ADBE,crash_defensive,-468.4420253248521,-0.4078344604836831,-3.5522881180494097,2.0871699438335795e-11,22,5,2026-03-30
STLD/INTU,STLD,INTU,conservative,145.0214045466405,0.1332509185493522,-4.474856054747944,0.8470189394490594,22,5,2026-03-30
STLD/FMC,STLD,FMC,conservative,1654.18457386633,0.7703198610585319,-4.474856054747944,0.9866642955828959,18,5,2026-03-30
KLAC/TRMB,KLAC,TRMB,conservative,731.7196011987995,0.8546963024172499,-4.474856054747944,0.9999999999999061,14,5,2026-03-30
KLAC/NRG,KLAC,NRG,conservative,-325.5815987748371,-0.3325206193918159,-4.474856054747944,2.5630638500157814e-09,12,5,2026-03-30
VLO/UHS,VLO,UHS,conservative,570.3216155912346,1.2287459072779776,-4.474856054747944,0.999993459547314,8,5,2026-03-30
VLO/PYPL,VLO,PYPL,conservative,307.300616519853,0.3240667599997786,-4.474856054747944,0.9999834280082289,18,5,2026-03-30
MGM/JKHY,MGM,JKHY,conservative,-124.8152601034317,-0.16119549111899323,-4.474856054747944,2.6868252307345596e-07,10,5,2026-03-30
MGM/NEM,MGM,NEM,conservative,-176.6245197784174,-0.1445085155392065,-4.474856054747944,3.96669326698297e-08,12,5,2026-03-30
ODFL/NFLX,ODFL,NFLX,conservative,-370.4510103081607,-0.20298599879658782,-4.474856054747944,1.2924781490190113e-11,18,5,2026-03-30
ODFL/MOS,ODFL,MOS,conservative,514.9173191238748,0.7000766703101129,-4.474856054747944,0.9999999999450612,8,5,2026-03-30
UNH/ULTA,UNH,ULTA,conservative,179.4493392396743,0.20419957687495927,-4.474856054747944,0.9730266818133091,20,5,2026-03-30
UNH/PLTR,UNH,PLTR,conservative,-1576.023494988339,-0.6863769742583598,-4.474856054747944,1.9438475115863232e-08,20,5,2026-03-30
CVS/GPN,CVS,GPN,conservative,1281.939434851208,0.8346844840112742,-4.474856054747944,0.9999999992707841,18,5,2026-03-30
CVS/FISV,CVS,FISV,conservative,701.1839511123322,0.3229832355540096,-4.474856054747944,0.9885039050340982,20,5,2026-03-30
PSX/ADBE,PSX,ADBE,conservative,-257.9905163415576,-0.3431197242388692,-4.474856054747944,5.064166224045652e-09,22,5,2026-03-30
STLD/INTU,STLD,INTU,vol_sized_conservative,-146.0868695216852,-0.124374188849292,-5.775789813510147,2.5096503764582734e-05,18,5,2026-03-30
STLD/FMC,STLD,FMC,vol_sized_conservative,1423.953935411725,0.630590568606794,-5.775789813510147,0.9900013725909589,20,5,2026-03-30
KLAC/TRMB,KLAC,TRMB,vol_sized_conservative,488.3948545833621,0.40274988072893314,-5.775789813510147,0.9978130900016329,10,5,2026-03-30
KLAC/NRG,KLAC,NRG,vol_sized_conservative,139.7793645055536,0.22328942174476055,-5.775789813510147,0.9796271421839471,10,5,2026-03-30
VLO/UHS,VLO,UHS,vol_sized_conservative,638.2554664999454,1.191123003865813,-5.775789813510147,0.9999997887087175,6,5,2026-03-30
VLO/PYPL,VLO,PYPL,vol_sized_conservative,-1.379777440349613,-0.0012965485692914816,-5.775789813510147,0.01733634139821039,18,5,2026-03-30
MGM/JKHY,MGM,JKHY,vol_sized_conservative,-541.4023432382613,-0.6651744076985505,-5.775789813510147,3.1738398368776082e-09,10,5,2026-03-30
MGM/NEM,MGM,NEM,vol_sized_conservative,-492.5486216136301,-0.3454422010966813,-5.775789813510147,7.447251295827158e-17,12,5,2026-03-30
ODFL/NFLX,ODFL,NFLX,vol_sized_conservative,253.692689321352,0.21925717238295983,-5.775789813510147,0.9974895054920134,16,5,2026-03-30
ODFL/MOS,ODFL,MOS,vol_sized_conservative,234.7011828923627,0.27664896658715316,-5.775789813510147,0.999538202884744,8,5,2026-03-30
UNH/ULTA,UNH,ULTA,vol_sized_conservative,115.5684507380552,0.12776162646744868,-5.775789813510147,0.7415337259255014,18,5,2026-03-30
UNH/PLTR,UNH,PLTR,vol_sized_conservative,-1565.525475661409,-0.6758986084423131,-5.775789813510147,9.305471132884684e-09,20,5,2026-03-30
CVS/GPN,CVS,GPN,vol_sized_conservative,585.7686111801765,0.5534655640156403,-5.775789813510147,0.9999588326133346,12,5,2026-03-30
CVS/FISV,CVS,FISV,vol_sized_conservative,-351.4191302451679,-0.46194513548530547,-5.775789813510147,3.068215868918672e-11,14,5,2026-03-30
PSX/ADBE,PSX,ADBE,vol_sized_conservative,-309.270000264253,-0.3585806475898463,-5.775789813510147,6.882607468733505e-11,24,5,2026-03-30
STLD/INTU,STLD,INTU,aggressive,-5784.448312348522,-0.4842073619781292,1.0526715399561115,6.484074888716974e-27,54,6,2026-05-07
STLD/FMC,STLD,FMC,aggressive,30369.18209778993,1.6021089418779857,1.0526715399561115,0.9999841914045968,52,6,2026-05-07
KLAC/TRMB,KLAC,TRMB,aggressive,19571.12869908143,1.501435467080315,1.0526715399561115,1.0,50,6,2026-05-07
KLAC/NRG,KLAC,NRG,aggressive,8371.508716143728,0.46206508265360324,1.0526715399561115,0.9999999795069718,50,6,2026-05-07
VLO/UHS,VLO,UHS,aggressive,-7625.881394772183,-0.6607090926362325,1.0526715399561115,1.3568440404778542e-31,50,6,2026-05-07
VLO/PYPL,VLO,PYPL,aggressive,1859.386453387976,0.1294960895702217,1.0526715399561115,0.7801949024384132,54,6,2026-05-07
MGM/JKHY,MGM,JKHY,aggressive,-6191.924229765785,-0.5877015820228741,1.0526715399561115,8.7048702661868e-22,50,6,2026-05-07
MGM/NEM,MGM,NEM,aggressive,8384.266559218302,0.5950728201040891,1.0526715399561115,0.9999999999996124,54,6,2026-05-07
ODFL/NFLX,ODFL,NFLX,aggressive,16035.23004761158,1.0910631420154533,1.0526715399561115,1.0,58,6,2026-05-07
ODFL/MOS,ODFL,MOS,aggressive,4664.752126280486,0.33424219034241853,1.0526715399561115,0.9999905581282927,54,6,2026-05-07
UNH/ULTA,UNH,ULTA,aggressive,3240.139594345654,0.22517284824073788,1.0526715399561115,0.9966795887522143,52,6,2026-05-07
UNH/PLTR,UNH,PLTR,aggressive,15451.93320863246,0.7564942114292561,1.0526715399561115,0.9999999999999598,56,6,2026-05-07
CVS/GPN,CVS,GPN,aggressive,7863.238783214851,0.5680122140295651,1.0526715399561115,0.9999999975020482,50,6,2026-05-07
CVS/FISV,CVS,FISV,aggressive,9974.724295731676,0.5483657962891538,1.0526715399561115,0.9997848816209177,54,6,2026-05-07
PSX/ADBE,PSX,ADBE,aggressive,4496.597334994119,0.4180310107692577,1.0526715399561115,0.9999999999992358,56,6,2026-05-07
STLD/INTU,STLD,INTU,kalman_aggressive,-1415.647730096906,-0.13842965216316605,0.431314738227301,9.117672980961927e-08,54,6,2026-05-07
STLD/FMC,STLD,FMC,kalman_aggressive,21794.54484513608,1.5284035975855967,0.431314738227301,0.9999693810045563,54,6,2026-05-07
KLAC/TRMB,KLAC,TRMB,kalman_aggressive,21348.42121219988,2.100151478811999,0.431314738227301,1.0,52,6,2026-05-07
KLAC/NRG,KLAC,NRG,kalman_aggressive,6495.117763713757,0.43671350803045406,0.431314738227301,0.9999826070013776,50,6,2026-05-07
VLO/UHS,VLO,UHS,kalman_aggressive,-3037.897970980658,-0.3159331228635888,0.431314738227301,5.37460746489714e-17,48,6,2026-05-07
VLO/PYPL,VLO,PYPL,kalman_aggressive,-7684.310436208259,-0.7644074595320952,0.431314738227301,2.8992251149913677e-41,56,6,2026-05-07
MGM/JKHY,MGM,JKHY,kalman_aggressive,-2836.033119218555,-0.3369258236102324,0.431314738227301,4.114291172845197e-20,48,6,2026-05-07
MGM/NEM,MGM,NEM,kalman_aggressive,5354.266147431144,0.42215140912846427,0.431314738227301,0.9999997886023672,58,6,2026-05-07
ODFL/NFLX,ODFL,NFLX,kalman_aggressive,735.8934717153147,0.06261366442872521,0.431314738227301,0.2540716351653485,62,6,2026-05-07
ODFL/MOS,ODFL,MOS,kalman_aggressive,1170.376209065415,0.11151243542082373,0.431314738227301,0.655429304258324,50,6,2026-05-07
UNH/ULTA,UNH,ULTA,kalman_aggressive,232.8762731242615,0.021924441498793704,0.431314738227301,0.052677114849257814,54,6,2026-05-07
UNH/PLTR,UNH,PLTR,kalman_aggressive,4302.459676336857,0.2613891213868637,0.431314738227301,0.9998008159846937,60,6,2026-05-07
CVS/GPN,CVS,GPN,kalman_aggressive,1420.00425957723,0.13709809611821294,0.431314738227301,0.8113751432314563,58,6,2026-05-07
CVS/FISV,CVS,FISV,kalman_aggressive,4085.336676529605,0.41991342371295554,0.431314738227301,0.9999928930878602,58,6,2026-05-07
PSX/ADBE,PSX,ADBE,kalman_aggressive,6138.643280217819,0.7415521489965521,0.431314738227301,1.0,60,6,2026-05-07
STLD/INTU,STLD,INTU,short_term_beta_neutral,2685.297045675789,0.674774226247507,-0.0754817720081376,0.9999999999999835,38,6,2026-05-07
STLD/FMC,STLD,FMC,short_term_beta_neutral,6103.320746381722,1.4729313726945128,-0.0754817720081376,1.0,24,6,2026-05-07
KLAC/TRMB,KLAC,TRMB,short_term_beta_neutral,2433.874064732073,0.4645789721589857,-0.0754817720081376,0.9985424038632646,22,6,2026-05-07
KLAC/NRG,KLAC,NRG,short_term_beta_neutral,-398.0547575831343,-0.09901924340452953,-0.0754817720081376,2.1232859083479631e-10,16,6,2026-05-07
VLO/UHS,VLO,UHS,short_term_beta_neutral,-5099.635370220818,-1.4069285835547032,-0.0754817720081376,4.977066638533296e-19,22,6,2026-05-07
VLO/PYPL,VLO,PYPL,short_term_beta_neutral,922.1741019144702,0.30520338879172154,-0.0754817720081376,0.9999924257595543,20,6,2026-05-07
MGM/JKHY,MGM,JKHY,short_term_beta_neutral,1120.001475186855,0.26123119180682786,-0.0754817720081376,0.9760898626673593,20,6,2026-05-07
MGM/NEM,MGM,NEM,short_term_beta_neutral,185.4022638202884,0.05063911316522798,-0.0754817720081376,0.1867457764550115,22,6,2026-05-07
ODFL/NFLX,ODFL,NFLX,short_term_beta_neutral,12253.06987509584,1.5594866570073087,-0.0754817720081376,0.9999999505504618,28,6,2026-05-07
ODFL/MOS,ODFL,MOS,short_term_beta_neutral,-3423.250386724383,-0.9266672537559508,-0.0754817720081376,7.403020263318048e-12,24,6,2026-05-07
UNH/ULTA,UNH,ULTA,short_term_beta_neutral,7834.205024471308,1.6773302414147455,-0.0754817720081376,0.9999999999934591,22,6,2026-05-07
UNH/PLTR,UNH,PLTR,short_term_beta_neutral,6547.274314636022,0.8855029687344558,-0.0754817720081376,0.999998966262895,25,6,2026-05-07
CVS/GPN,CVS,GPN,short_term_beta_neutral,-557.1227191307994,-0.11973361663782872,-0.0754817720081376,1.0445833618371087e-10,28,6,2026-05-07
CVS/FISV,CVS,FISV,short_term_beta_neutral,806.7302810213966,0.19257852873927434,-0.0754817720081376,0.7998435374922535,20,6,2026-05-07
PSX/ADBE,PSX,ADBE,short_term_beta_neutral,1618.096172369788,0.576575800604272,-0.0754817720081376,0.9999999999998854,24,6,2026-05-07
STLD/INTU,STLD,INTU,weekly_aligned_windows,5254.121559013993,0.7949204339914139,-0.1557763910209928,1.0,96,6,2026-05-07
STLD/FMC,STLD,FMC,weekly_aligned_windows,8429.27584447131,0.9554702279061482,-0.1557763910209928,0.9999989231657018,92,6,2026-05-07
KLAC/TRMB,KLAC,TRMB,weekly_aligned_windows,6198.096192795794,1.0976640204462047,-0.1557763910209928,1.0,86,6,2026-05-07
KLAC/NRG,KLAC,NRG,weekly_aligned_windows,3688.463705920399,0.6264891060669725,-0.1557763910209928,0.9999999999999933,88,6,2026-05-07
VLO/UHS,VLO,UHS,weekly_aligned_windows,235.0491515251806,0.0395525153950542,-0.1557763910209928,0.11391284792455042,94,6,2026-05-07
VLO/PYPL,VLO,PYPL,weekly_aligned_windows,4924.735476852772,0.5975414862950111,-0.1557763910209928,0.9999999999999997,96,6,2026-05-07
MGM/JKHY,MGM,JKHY,weekly_aligned_windows,3913.681416075616,0.5526341139704829,-0.1557763910209928,0.9999999999999108,92,6,2026-05-07
MGM/NEM,MGM,NEM,weekly_aligned_windows,-3051.409426002396,-0.39731117452745396,-0.1557763910209928,3.840081381143732e-26,92,6,2026-05-07
ODFL/NFLX,ODFL,NFLX,weekly_aligned_windows,-2043.719718503811,-0.2359576191484812,-0.1557763910209928,7.264330709860277e-10,92,6,2026-05-07
ODFL/MOS,ODFL,MOS,weekly_aligned_windows,-2217.700330816529,-0.37017615093952483,-0.1557763910209928,3.568131190119622e-28,96,6,2026-05-07
UNH/ULTA,UNH,ULTA,weekly_aligned_windows,5368.030189619158,0.7559496063119965,-0.1557763910209928,1.0,100,6,2026-05-07
UNH/PLTR,UNH,PLTR,weekly_aligned_windows,-1480.987188855346,-0.10201044890188389,-0.1557763910209928,3.1984705389007657e-08,94,6,2026-05-07
CVS/GPN,CVS,GPN,weekly_aligned_windows,851.3172956986504,0.13319796725878102,-0.1557763910209928,0.8268304711127615,92,6,2026-05-07
CVS/FISV,CVS,FISV,weekly_aligned_windows,1988.971452233877,0.24453176994246578,-0.1557763910209928,0.9988900006002378,88,6,2026-05-07
PSX/ADBE,PSX,ADBE,weekly_aligned_windows,-3738.683925140008,-0.41920580355139053,-0.1557763910209928,1.0099189435428665e-10,98,6,2026-05-07
STLD/INTU,STLD,INTU,monthly_aligned_windows,3202.730437284843,0.2967763746899044,-0.5415491790469436,0.9953638072286342,36,6,2026-05-07
STLD/FMC,STLD,FMC,monthly_aligned_windows,4724.081827947351,0.6799035634612255,-0.5415491790469436,0.9993837818426251,36,6,2026-05-07
KLAC/TRMB,KLAC,TRMB,monthly_aligned_windows,2119.621307188213,0.4319455000553095,-0.5415491790469436,0.9999941029781657,36,6,2026-05-07
KLAC/NRG,KLAC,NRG,monthly_aligned_windows,-409.6209378641458,-0.07144454558686654,-0.5415491790469436,0.00024250641375895602,36,6,2026-05-07
VLO/UHS,VLO,UHS,monthly_aligned_windows,-1258.331239551645,-0.14105124322855264,-0.5415491790469436,1.758185784011809e-12,36,6,2026-05-07
VLO/PYPL,VLO,PYPL,monthly_aligned_windows,1548.899382268786,0.28307471465456047,-0.5415491790469436,0.9996563901911255,36,6,2026-05-07
MGM/JKHY,MGM,JKHY,monthly_aligned_windows,328.4283866869396,0.07696764827734229,-0.5415491790469436,0.36097030295564947,36,6,2026-05-07
MGM/NEM,MGM,NEM,monthly_aligned_windows,-5651.590007585124,-0.47377390483058535,-0.5415491790469436,2.609340946695954e-05,36,6,2026-05-07
ODFL/NFLX,ODFL,NFLX,monthly_aligned_windows,117.6032244009289,0.020515618139659717,-0.5415491790469436,0.05243286670738758,36,6,2026-05-07
ODFL/MOS,ODFL,MOS,monthly_aligned_windows,5163.226910510285,0.3964581311686065,-0.5415491790469436,0.9999061034364822,36,6,2026-05-07
UNH/ULTA,UNH,ULTA,monthly_aligned_windows,-4722.57018413458,-0.771067840118162,-0.5415491790469436,9.848992161880501e-12,36,6,2026-05-07
UNH/PLTR,UNH,PLTR,monthly_aligned_windows,8043.460616479786,0.8550430202258884,-0.5415491790469436,0.9999999999984641,36,6,2026-05-07
CVS/GPN,CVS,GPN,monthly_aligned_windows,4032.240791189711,0.9246158498262786,-0.5415491790469436,1.0,36,6,2026-05-07
CVS/FISV,CVS,FISV,monthly_aligned_windows,451.128276486017,0.09157312111096666,-0.5415491790469436,0.49334497910841824,36,6,2026-05-07
PSX/ADBE,PSX,ADBE,monthly_aligned_windows,-1629.581165583887,-0.4272855342897824,-0.5415491790469436,1.3144554411951268e-13,36,6,2026-05-07
STLD/INTU,STLD,INTU,trend_leverage,391.5446734227903,0.06278437469563361,-0.704876417569492,0.24587596307791126,22,6,2026-05-07
STLD/FMC,STLD,FMC,trend_leverage,5825.758544230504,0.6307023147446406,-0.704876417569492,0.9895052999446337,18,6,2026-05-07
KLAC/TRMB,KLAC,TRMB,trend_leverage,6028.570092815728,0.9657938567135957,-0.704876417569492,0.9999999754744914,16,6,2026-05-07
KLAC/NRG,KLAC,NRG,trend_leverage,-1736.815489742553,-0.3717068808752676,-0.704876417569492,1.81970540451009e-12,14,6,2026-05-07
VLO/UHS,VLO,UHS,trend_leverage,1123.357942331704,0.3320838806524323,-0.704876417569492,0.9949073043848091,10,6,2026-05-07
VLO/PYPL,VLO,PYPL,trend_leverage,-1944.019455069361,-0.36530142924873593,-0.704876417569492,6.009360167732283e-16,20,6,2026-05-07
MGM/JKHY,MGM,JKHY,trend_leverage,343.6969034248225,0.08010061064737369,-0.704876417569492,0.3961249971363892,14,6,2026-05-07
MGM/NEM,MGM,NEM,trend_leverage,-446.6455695420388,-0.07011897998139355,-0.704876417569492,5.582615613743912e-05,14,6,2026-05-07
ODFL/NFLX,ODFL,NFLX,trend_leverage,-7549.78368666825,-0.9370048977272202,-0.704876417569492,6.998497861658923e-22,18,6,2026-05-07
ODFL/MOS,ODFL,MOS,trend_leverage,2552.599295268365,0.5928180380109159,-0.704876417569492,0.9999999999999901,12,6,2026-05-07
UNH/ULTA,UNH,ULTA,trend_leverage,4573.318685073107,0.8266932438835292,-0.704876417569492,0.999999987608723,22,6,2026-05-07
UNH/PLTR,UNH,PLTR,trend_leverage,4633.929974047567,0.4856426413175131,-0.704876417569492,0.9998647740387236,20,6,2026-05-07
CVS/GPN,CVS,GPN,trend_leverage,4862.09136550388,0.7396894386007662,-0.704876417569492,0.9999999975024388,18,6,2026-05-07
CVS/FISV,CVS,FISV,trend_leverage,-2659.672748881406,-0.7031462231482821,-0.704876417569492,2.812000251234857e-19,16,6,2026-05-07
PSX/ADBE,PSX,ADBE,trend_leverage,-1973.952679452944,-0.5288086609487982,-0.704876417569492,1.1247465299572855e-13,24,6,2026-05-07
STLD/INTU,STLD,INTU,crash_tolerant,267.8159238856833,0.03162622464779211,-0.7379186401074416,0.0813679813073786,24,6,2026-05-07
STLD/FMC,STLD,FMC,crash_tolerant,8199.681033308243,0.6672711297759065,-0.7379186401074416,0.9893301663608965,18,6,2026-05-07
KLAC/TRMB,KLAC,TRMB,crash_tolerant,3333.447290423301,0.430556944079076,-0.7379186401074416,0.9998539168322317,18,6,2026-05-07
KLAC/NRG,KLAC,NRG,crash_tolerant,-1975.662645135586,-0.31830449006338846,-0.7379186401074416,1.7118434278108882e-13,14,6,2026-05-07
VLO/UHS,VLO,UHS,crash_tolerant,-31.69052889041154,-0.0057218504917253745,-0.7379186401074416,0.012710805920039855,12,6,2026-05-07
VLO/PYPL,VLO,PYPL,crash_tolerant,-2758.195493131812,-0.41587849215494943,-0.7379186401074416,2.9817048404780507e-18,20,6,2026-05-07
MGM/JKHY,MGM,JKHY,crash_tolerant,-386.9994206013582,-0.06858648088962153,-0.7379186401074416,0.00014573309461002017,14,6,2026-05-07
MGM/NEM,MGM,NEM,crash_tolerant,-730.4160993961696,-0.08599932213413712,-0.7379186401074416,1.0021866838928607e-05,14,6,2026-05-07
ODFL/NFLX,ODFL,NFLX,crash_tolerant,-4846.882939361069,-0.5665807099859219,-0.7379186401074416,2.0470101035549785e-15,18,6,2026-05-07
ODFL/MOS,ODFL,MOS,crash_tolerant,3390.8771606782,0.5906197308526784,-0.7379186401074416,0.9999999999999896,12,6,2026-05-07
UNH/ULTA,UNH,ULTA,crash_tolerant,6187.277482248806,0.8333325004087512,-0.7379186401074416,0.9999999872794173,22,6,2026-05-07
UNH/PLTR,UNH,PLTR,crash_tolerant,-5239.789897418465,-0.5103028041891011,-0.7379186401074416,6.107903179558148e-25,22,6,2026-05-07
CVS/GPN,CVS,GPN,crash_tolerant,6520.800268959345,0.7412774629037129,-0.7379186401074416,0.9999999976887589,18,6,2026-05-07
CVS/FISV,CVS,FISV,crash_tolerant,-1809.085554171363,-0.4315525428673242,-0.7379186401074416,1.5671716111511116e-15,16,6,2026-05-07
PSX/ADBE,PSX,ADBE,crash_tolerant,-2675.514608137311,-0.5359325730728289,-0.7379186401074416,8.396604157030353e-14,24,6,2026-05-07
STLD/INTU,STLD,INTU,entry_threshold_strong,1919.078729101209,0.47926102344564997,-0.7771887751956865,0.9999999943563402,18,6,2026-05-07
STLD/FMC,STLD,FMC,entry_threshold_strong,5117.380827675726,0.8207366103496645,-0.7771887751956865,0.9909529406562875,16,6,2026-05-07
KLAC/TRMB,KLAC,TRMB,entry_threshold_strong,2881.569171535393,0.665433284261454,-0.7771887751956865,0.9999999023544949,12,6,2026-05-07
KLAC/NRG,KLAC,NRG,entry_threshold_strong,-1177.136998326574,-0.3690894180575093,-0.7771887751956865,2.493358097453885e-11,12,6,2026-05-07
VLO/UHS,VLO,UHS,entry_threshold_strong,1158.935582851384,0.5638488627042655,-0.7771887751956865,0.9998893407093399,10,6,2026-05-07
VLO/PYPL,VLO,PYPL,entry_threshold_strong,140.9653089121045,0.03869063215013742,-0.7771887751956865,0.11056801973434705,18,6,2026-05-07
MGM/JKHY,MGM,JKHY,entry_threshold_strong,330.220493189576,0.11369048520722823,-0.7771887751956865,0.673147804900242,12,6,2026-05-07
MGM/NEM,MGM,NEM,entry_threshold_strong,897.5337646346898,0.218879115187038,-0.7771887751956865,0.9851755372182053,12,6,2026-05-07
ODFL/NFLX,ODFL,NFLX,entry_threshold_strong,-3576.211060863763,-0.7553201196979336,-0.7771887751956865,4.1765157750157607e-19,16,6,2026-05-07
ODFL/MOS,ODFL,MOS,entry_threshold_strong,1257.07373432539,0.4203574322705072,-0.7771887751956865,0.9999999938233474,12,6,2026-05-07
UNH/ULTA,UNH,ULTA,entry_threshold_strong,4357.693156256491,1.0867838622081063,-0.7771887751956865,0.9999999999626931,18,6,2026-05-07
UNH/PLTR,UNH,PLTR,entry_threshold_strong,20.97278809881982,0.0032732742514550136,-0.7771887751956865,0.022339257721490837,20,6,2026-05-07
CVS/GPN,CVS,GPN,entry_threshold_strong,5368.371974563116,1.2899799524823787,-0.7771887751956865,0.9999999999853914,14,6,2026-05-07
CVS/FISV,CVS,FISV,entry_threshold_strong,2157.927398059899,0.3469931075477659,-0.7771887751956865,0.991135252697887,16,6,2026-05-07
PSX/ADBE,PSX,ADBE,entry_threshold_strong,-2017.039993775657,-0.75928229399101,-0.7771887751956865,1.3570261995166875e-17,24,6,2026-05-07
STLD/INTU,STLD,INTU,entry_filter_kalman,1930.765075382614,0.4814929421880691,-0.7787853389608471,0.999999995123124,18,6,2026-05-07
STLD/FMC,STLD,FMC,entry_filter_kalman,5031.235497717482,0.854189817120544,-0.7787853389608471,0.9917642217359369,16,6,2026-05-07
KLAC/TRMB,KLAC,TRMB,entry_filter_kalman,2881.429996654545,0.6491260340716596,-0.7787853389608471,0.9999996791764629,12,6,2026-05-07
KLAC/NRG,KLAC,NRG,entry_filter_kalman,-1166.760166854452,-0.3625079738957,-0.7787853389608471,2.888652348154908e-11,12,6,2026-05-07
VLO/UHS,VLO,UHS,entry_filter_kalman,1155.51816096104,0.5580400998593855,-0.7787853389608471,0.9998721940609536,10,6,2026-05-07
VLO/PYPL,VLO,PYPL,entry_filter_kalman,244.7126994930902,0.06680654226855529,-0.7787853389608471,0.2795773609527853,18,6,2026-05-07
MGM/JKHY,MGM,JKHY,entry_filter_kalman,317.2562413262949,0.10982340009272948,-0.7787853389608471,0.6447846638805917,12,6,2026-05-07
MGM/NEM,MGM,NEM,entry_filter_kalman,893.1752604955665,0.21806734130247155,-0.7787853389608471,0.9843697147491992,12,6,2026-05-07
ODFL/NFLX,ODFL,NFLX,entry_filter_kalman,-3608.236047358664,-0.7567506745719647,-0.7787853389608471,7.545249791702487e-19,16,6,2026-05-07
ODFL/MOS,ODFL,MOS,entry_filter_kalman,1487.329245233931,0.5023434416065633,-0.7787853389608471,0.999999999921797,12,6,2026-05-07
UNH/ULTA,UNH,ULTA,entry_filter_kalman,4359.743156256493,1.0880073530992154,-0.7787853389608471,0.9999999999610569,18,6,2026-05-07
UNH/PLTR,UNH,PLTR,entry_filter_kalman,-65.50462018786152,-0.010157537928252296,-0.7787853389608471,0.010092432360723505,20,6,2026-05-07
CVS/GPN,CVS,GPN,entry_filter_kalman,5335.21829777431,1.2735456643579877,-0.7787853389608471,0.9999999999697302,14,6,2026-05-07
CVS/FISV,CVS,FISV,entry_filter_kalman,2089.151474608298,0.33996541176374223,-0.7787853389608471,0.9913541220631423,16,6,2026-05-07
PSX/ADBE,PSX,ADBE,entry_filter_kalman,-2029.360622644005,-0.7638157875249197,-0.7787853389608471,1.2329595908824609e-17,24,6,2026-05-07
STLD/INTU,STLD,INTU,raw_momentum_kalman,-1276.961244154243,-0.42306333121054746,-0.8833266895591481,5.530491666011608e-15,16,6,2026-05-07
STLD/FMC,STLD,FMC,raw_momentum_kalman,6058.395462917904,1.0702494157618985,-0.8833266895591481,0.9901249881550577,14,6,2026-05-07
KLAC/TRMB,KLAC,TRMB,raw_momentum_kalman,1106.453411291749,0.29787717492359644,-0.8833266895591481,0.9923477403090165,14,6,2026-05-07
KLAC/NRG,KLAC,NRG,raw_momentum_kalman,-227.1771493814994,-0.10314864784565718,-0.8833266895591481,2.0474708106887022e-06,12,6,2026-05-07
VLO/UHS,VLO,UHS,raw_momentum_kalman,-474.4101116898945,-0.18609501080186888,-0.8833266895591481,6.375169003010463e-12,12,6,2026-05-07
VLO/PYPL,VLO,PYPL,raw_momentum_kalman,3598.940099601678,0.794928064066763,-0.8833266895591481,0.9999092035170538,16,6,2026-05-07
MGM/JKHY,MGM,JKHY,raw_momentum_kalman,104.2652914952345,0.03731595302846609,-0.8833266895591481,0.11075105989832701,12,6,2026-05-07
MGM/NEM,MGM,NEM,raw_momentum_kalman,233.2320256523364,0.05881780641769153,-0.8833266895591481,0.24226846978424066,10,6,2026-05-07
ODFL/NFLX,ODFL,NFLX,raw_momentum_kalman,-417.0571724575125,-0.11525384791214467,-0.8833266895591481,1.4781788836508807e-06,12,6,2026-05-07
ODFL/MOS,ODFL,MOS,raw_momentum_kalman,-237.8462421119773,-0.08937773680259288,-0.8833266895591481,2.978328975920135e-05,12,6,2026-05-07
UNH/ULTA,UNH,ULTA,raw_momentum_kalman,3796.871960300382,1.1127025046666414,-0.8833266895591481,0.9999995668694909,18,6,2026-05-07
UNH/PLTR,UNH,PLTR,raw_momentum_kalman,-2801.638829837789,-0.5256919242109166,-0.8833266895591481,2.0109273981682651e-13,18,6,2026-05-07
CVS/GPN,CVS,GPN,raw_momentum_kalman,2339.10224147474,0.7446359925567152,-0.8833266895591481,0.9999986686945036,14,6,2026-05-07
CVS/FISV,CVS,FISV,raw_momentum_kalman,5136.737070759772,0.8585561051203991,-0.8833266895591481,0.9886037204179223,12,6,2026-05-07
PSX/ADBE,PSX,ADBE,raw_momentum_kalman,1801.902529353199,0.6300102681146471,-0.8833266895591481,0.9999999999625224,18,6,2026-05-07
STLD/INTU,STLD,INTU,fast_rebalance,807.2727465861499,0.2087956609219624,-0.8875035799955038,0.9902826809469277,32,6,2026-05-07
STLD/FMC,STLD,FMC,fast_rebalance,6051.677791088683,0.9659311216443817,-0.8875035799955038,0.9909015524844789,22,6,2026-05-07
KLAC/TRMB,KLAC,TRMB,fast_rebalance,2874.490602133274,0.8892641876164687,-0.8875035799955038,0.9999917826829798,18,6,2026-05-07
KLAC/NRG,KLAC,NRG,fast_rebalance,-440.4407053720759,-0.12707079618991518,-0.8875035799955038,1.855324054426182e-14,16,6,2026-05-07
VLO/UHS,VLO,UHS,fast_rebalance,-2717.745363646212,-1.0575053249498167,-0.8875035799955038,2.0334334685894935e-13,18,6,2026-05-07
VLO/PYPL,VLO,PYPL,fast_rebalance,699.626642140689,0.2966840048493473,-0.8875035799955038,0.9999636547898876,18,6,2026-05-07
MGM/JKHY,MGM,JKHY,fast_rebalance,950.2663108467287,0.32209668861289564,-0.8875035799955038,0.9998963943758308,16,6,2026-05-07
MGM/NEM,MGM,NEM,fast_rebalance,-111.2315825266645,-0.027724805007734672,-0.8875035799955038,0.0017865256823511304,20,6,2026-05-07
ODFL/NFLX,ODFL,NFLX,fast_rebalance,4394.825384259982,1.3263262013538832,-0.8875035799955038,1.0,22,6,2026-05-07
ODFL/MOS,ODFL,MOS,fast_rebalance,-153.4840256336721,-0.05037366904235227,-0.8875035799955038,0.0006189520617100082,22,6,2026-05-07
UNH/ULTA,UNH,ULTA,fast_rebalance,4184.37171072757,1.1795344644259733,-0.8875035799955038,0.999998612672624,14,6,2026-05-07
UNH/PLTR,UNH,PLTR,fast_rebalance,2349.575450116246,0.39939557885783333,-0.8875035799955038,0.9999434349335048,22,6,2026-05-07
CVS/GPN,CVS,GPN,fast_rebalance,-2900.627324550704,-0.8512864996774643,-0.8875035799955038,2.0527184526894302e-08,26,6,2026-05-07
CVS/FISV,CVS,FISV,fast_rebalance,1395.927340887868,0.5697024026118757,-0.8875035799955038,0.9956398959202184,20,6,2026-05-07
PSX/ADBE,PSX,ADBE,fast_rebalance,2462.590578744744,0.9153069006034541,-0.8875035799955038,0.9999999992875731,22,6,2026-05-07
STLD/INTU,STLD,INTU,short_term_tilt,625.5119965306269,0.1563669941228323,-0.9384287661764098,0.918810606589245,34,6,2026-05-07
STLD/FMC,STLD,FMC,short_term_tilt,5800.119529163925,0.9230481139244205,-0.9384287661764098,0.9912492475202498,22,6,2026-05-07
KLAC/TRMB,KLAC,TRMB,short_term_tilt,3016.520236830393,0.9614551110751557,-0.9384287661764098,0.9999843936306478,16,6,2026-05-07
KLAC/NRG,KLAC,NRG,short_term_tilt,-1284.745168368472,-0.37528504358961934,-0.9384287661764098,3.277428037898989e-13,16,6,2026-05-07
VLO/UHS,VLO,UHS,short_term_tilt,-2308.182969395411,-0.8634539358266466,-0.9384287661764098,5.341967197187597e-16,18,6,2026-05-07
VLO/PYPL,VLO,PYPL,short_term_tilt,710.5166327740576,0.30103451597823166,-0.9384287661764098,0.9999732959540122,18,6,2026-05-07
MGM/JKHY,MGM,JKHY,short_term_tilt,955.486310846729,0.3231539908190691,-0.9384287661764098,0.9998982726058515,16,6,2026-05-07
MGM/NEM,MGM,NEM,short_term_tilt,-567.8150139226034,-0.13764722770737983,-0.9384287661764098,1.0593049943674741e-11,22,6,2026-05-07
ODFL/NFLX,ODFL,NFLX,short_term_tilt,4411.900317026442,1.327277589165365,-0.9384287661764098,1.0,22,6,2026-05-07
ODFL/MOS,ODFL,MOS,short_term_tilt,-155.639912406758,-0.05103479525849584,-0.9384287661764098,0.0005877706178635371,22,6,2026-05-07
UNH/ULTA,UNH,ULTA,short_term_tilt,4738.51586305735,1.3072620845485223,-0.9384287661764098,0.9999994716504997,14,6,2026-05-07
UNH/PLTR,UNH,PLTR,short_term_tilt,860.607798748672,0.15028436240185716,-0.9384287661764098,0.8828187728752317,22,6,2026-05-07
CVS/GPN,CVS,GPN,short_term_tilt,-1582.903297790294,-0.44964057656605194,-0.9384287661764098,2.6077603023955413e-09,30,6,2026-05-07
CVS/FISV,CVS,FISV,short_term_tilt,1396.961092215508,0.5699823091044801,-0.9384287661764098,0.9956609903985113,20,6,2026-05-07
PSX/ADBE,PSX,ADBE,short_term_tilt,2462.590578744744,0.9153069006034541,-0.9384287661764098,0.9999999992875731,22,6,2026-05-07
STLD/INTU,STLD,INTU,raw_momentum,-468.8534254668931,-0.17411157615938538,-1.1056299137068015,8.554010701154832e-10,12,6,2026-05-07
STLD/FMC,STLD,FMC,raw_momentum,6022.984311450978,0.9973923980076094,-1.1056299137068015,0.9892574885480957,14,6,2026-05-07
KLAC/TRMB,KLAC,TRMB,raw_momentum,556.8357490286141,0.15067029737966323,-1.1056299137068015,0.833762353505519,14,6,2026-05-07
KLAC/NRG,KLAC,NRG,raw_momentum,-1973.440832225994,-0.6723436889495062,-1.1056299137068015,2.3212399933997601e-07,12,6,2026-05-07
VLO/UHS,VLO,UHS,raw_momentum,170.2468924895371,0.08876471096493542,-1.1056299137068015,0.4729413859721416,10,6,2026-05-07
VLO/PYPL,VLO,PYPL,raw_momentum,3520.761301706385,0.7776383587376533,-1.1056299137068015,0.9998984259396371,16,6,2026-05-07
MGM/JKHY,MGM,JKHY,raw_momentum,108.0247400543043,0.038600055146743646,-1.1056299137068015,0.11695331812994392,12,6,2026-05-07
MGM/NEM,MGM,NEM,raw_momentum,513.3358470081124,0.12609944153206676,-1.1056299137068015,0.7375816103640414,10,6,2026-05-07
ODFL/NFLX,ODFL,NFLX,raw_momentum,-486.4538804811402,-0.1341238541214566,-1.1056299137068015,1.7665800140742475e-07,12,6,2026-05-07
ODFL/MOS,ODFL,MOS,raw_momentum,-650.667397046614,-0.2938582495341394,-1.1056299137068015,3.0704369352929175e-13,10,6,2026-05-07
UNH/ULTA,UNH,ULTA,raw_momentum,3795.376328110624,1.1112771549478562,-1.1056299137068015,0.9999995827489708,18,6,2026-05-07
UNH/PLTR,UNH,PLTR,raw_momentum,-2838.441626000281,-0.5361233635637497,-1.1056299137068015,3.516018029711239e-13,18,6,2026-05-07
CVS/GPN,CVS,GPN,raw_momentum,2545.910069706752,0.7724563498516265,-1.1056299137068015,0.9999987214351386,12,6,2026-05-07
CVS/FISV,CVS,FISV,raw_momentum,5168.651718612839,0.8640905837506573,-1.1056299137068015,0.9885741339492243,12,6,2026-05-07
PSX/ADBE,PSX,ADBE,raw_momentum,-949.403826383249,-0.433241397523795,-1.1056299137068015,1.290861890632497e-10,18,6,2026-05-07
STLD/INTU,STLD,INTU,no_reversal_protection,3037.719742127186,0.7642868450239836,-1.1100094571355923,0.9999999999999828,20,6,2026-05-07
STLD/FMC,STLD,FMC,no_reversal_protection,4959.742956679676,0.7624244723037058,-1.1100094571355923,0.995424486197329,16,6,2026-05-07
KLAC/TRMB,KLAC,TRMB,no_reversal_protection,764.3453806041305,0.19443749436565858,-1.1100094571355923,0.9527853046650981,18,6,2026-05-07
KLAC/NRG,KLAC,NRG,no_reversal_protection,2027.285403341763,0.7403782458474598,-1.1100094571355923,0.9999999990581344,12,6,2026-05-07
VLO/UHS,VLO,UHS,no_reversal_protection,120.2523279280902,0.03941178416428696,-1.1100094571355923,0.12768753762406426,12,6,2026-05-07
VLO/PYPL,VLO,PYPL,no_reversal_protection,886.4413715327585,0.18351415443961805,-1.1100094571355923,0.9928183644452713,18,6,2026-05-07
MGM/JKHY,MGM,JKHY,no_reversal_protection,800.9105527008519,0.2621626787201125,-1.1100094571355923,0.9990644041643685,14,6,2026-05-07
MGM/NEM,MGM,NEM,no_reversal_protection,-1506.577911184083,-0.347252490615119,-1.1100094571355923,6.642103680751567e-20,14,6,2026-05-07
ODFL/NFLX,ODFL,NFLX,no_reversal_protection,-1254.106288741602,-0.23620293361972358,-1.1100094571355923,9.833214451628578e-15,16,6,2026-05-07
ODFL/MOS,ODFL,MOS,no_reversal_protection,1128.049897286744,0.3776359353046709,-1.1100094571355923,0.9999999850431232,12,6,2026-05-07
UNH/ULTA,UNH,ULTA,no_reversal_protection,4180.366457649627,1.0186671509730925,-1.1100094571355923,0.9999999999905919,20,6,2026-05-07
UNH/PLTR,UNH,PLTR,no_reversal_protection,-2631.209109883636,-0.4375591053070739,-1.1100094571355923,4.47843376838382e-21,20,6,2026-05-07
CVS/GPN,CVS,GPN,no_reversal_protection,4575.950465707569,1.1579615116141468,-1.1100094571355923,0.9999999962449732,16,6,2026-05-07
CVS/FISV,CVS,FISV,no_reversal_protection,-6252.461962074922,-1.0757666003589184,-1.1100094571355923,2.5979453824335712e-05,16,6,2026-05-07
PSX/ADBE,PSX,ADBE,no_reversal_protection,142.0792830220904,0.044381574449229244,-1.1100094571355923,0.1282819168379814,22,6,2026-05-07
STLD/INTU,STLD,INTU,slow_rebalance,3512.21934409123,0.8502182951479639,-1.13577325724166,0.9999999999998433,18,6,2026-05-07
STLD/FMC,STLD,FMC,slow_rebalance,6185.129357959184,0.9959363140203792,-1.13577325724166,0.9909986771686565,10,6,2026-05-07
KLAC/TRMB,KLAC,TRMB,slow_rebalance,2473.837781906336,0.625357253230688,-1.13577325724166,0.999998029585526,12,6,2026-05-07
KLAC/NRG,KLAC,NRG,slow_rebalance,1174.952780685866,0.45856063792766194,-1.13577325724166,0.9999980204852441,12,6,2026-05-07
VLO/UHS,VLO,UHS,slow_rebalance,-278.0956037399797,-0.11593503666584405,-1.13577325724166,1.150542624458921e-06,12,6,2026-05-07
VLO/PYPL,VLO,PYPL,slow_rebalance,3455.406580249694,0.7385341120314183,-1.13577325724166,0.9999839124326633,16,6,2026-05-07
MGM/JKHY,MGM,JKHY,slow_rebalance,643.230474237225,0.28027017874751087,-1.13577325724166,0.9999190687652652,10,6,2026-05-07
MGM/NEM,MGM,NEM,slow_rebalance,-2537.627598193583,-0.6392151802006517,-1.13577325724166,1.6506559644158746e-24,16,6,2026-05-07
ODFL/NFLX,ODFL,NFLX,slow_rebalance,690.8084074773444,0.19892052769558016,-1.13577325724166,0.9629138358406732,14,6,2026-05-07
ODFL/MOS,ODFL,MOS,slow_rebalance,651.1089376534118,0.2400426374599767,-1.13577325724166,0.99439935604089,12,6,2026-05-07
UNH/ULTA,UNH,ULTA,slow_rebalance,3067.024495044782,1.250060971847519,-1.13577325724166,0.9999999954517504,14,6,2026-05-07
UNH/PLTR,UNH,PLTR,slow_rebalance,-5388.247924559871,-0.733805803509506,-1.13577325724166,4.368494236230509e-09,18,6,2026-05-07
CVS/GPN,CVS,GPN,slow_rebalance,3067.702018721263,0.735381265298916,-1.13577325724166,0.9999999795161685,12,6,2026-05-07
CVS/FISV,CVS,FISV,slow_rebalance,-4363.18775525451,-0.9907417142510601,-1.13577325724166,2.1007285618804608e-16,16,6,2026-05-07
PSX/ADBE,PSX,ADBE,slow_rebalance,-570.0579800282478,-0.16921567711715482,-1.13577325724166,2.792795170895011e-06,20,6,2026-05-07
STLD/INTU,STLD,INTU,let_profits_run,4721.090811217231,1.2643877732528088,-1.2281953077609322,0.9999999999999951,12,6,2026-05-07
STLD/FMC,STLD,FMC,let_profits_run,6668.417582902172,1.1631990256760003,-1.2281953077609322,0.9953594931850407,6,6,2026-05-07
KLAC/TRMB,KLAC,TRMB,let_profits_run,1296.29291240533,0.38752209853496505,-1.2281953077609322,0.9970663706848305,12,6,2026-05-07
KLAC/NRG,KLAC,NRG,let_profits_run,-2283.934992234738,-0.629438751849865,-1.2281953077609322,1.53123464021449e-12,10,6,2026-05-07
VLO/UHS,VLO,UHS,let_profits_run,1885.740228133103,0.5525058337954768,-1.2281953077609322,0.9999999979939774,12,6,2026-05-07
VLO/PYPL,VLO,PYPL,let_profits_run,5026.177172173426,0.9789435753035183,-1.2281953077609322,0.9999999426422672,14,6,2026-05-07
MGM/JKHY,MGM,JKHY,let_profits_run,-1366.979776036988,-0.5111547487098402,-1.2281953077609322,3.637929238998074e-24,12,6,2026-05-07
MGM/NEM,MGM,NEM,let_profits_run,-946.5552720650193,-0.19364304443811275,-1.2281953077609322,1.767291016855188e-11,12,6,2026-05-07
ODFL/NFLX,ODFL,NFLX,let_profits_run,-395.0076760897743,-0.1152556459027371,-1.2281953077609322,1.1126223077544213e-05,14,6,2026-05-07
ODFL/MOS,ODFL,MOS,let_profits_run,519.8417365914045,0.22885826836766415,-1.2281953077609322,0.9943696116172978,8,6,2026-05-07
UNH/ULTA,UNH,ULTA,let_profits_run,855.5396404196872,0.3627400146240525,-1.2281953077609322,0.9999999561565246,16,6,2026-05-07
UNH/PLTR,UNH,PLTR,let_profits_run,-8081.451526055536,-1.0461814533569536,-1.2281953077609322,3.0512666418568475e-09,16,6,2026-05-07
CVS/GPN,CVS,GPN,let_profits_run,156.2108315735928,0.04119648647992046,-1.2281953077609322,0.12423702028507982,12,6,2026-05-07
CVS/FISV,CVS,FISV,let_profits_run,1377.929435197265,0.2362835705212814,-1.2281953077609322,0.9913674517825515,14,6,2026-05-07
PSX/ADBE,PSX,ADBE,let_profits_run,82.6440161059345,0.02366131376913421,-1.2281953077609322,0.05621461985230843,18,6,2026-05-07
STLD/INTU,STLD,INTU,beta_neutral,1149.906089400921,0.28434270578279325,-1.4080893940520105,0.9999904172420571,19,6,2026-05-07
STLD/FMC,STLD,FMC,beta_neutral,499.0588056472325,0.16046557594809793,-1.4080893940520105,0.9371414779752774,20,6,2026-05-07
KLAC/TRMB,KLAC,TRMB,beta_neutral,2532.119154272115,0.49450653819423995,-1.4080893940520105,0.9995026913983744,14,6,2026-05-07
KLAC/NRG,KLAC,NRG,beta_neutral,-1856.317384493982,-0.4406518555794904,-1.4080893940520105,7.867066190453881e-13,14,6,2026-05-07
VLO/UHS,VLO,UHS,beta_neutral,193.3826886240377,0.06620280741968075,-1.4080893940520105,0.2873141514791996,10,6,2026-05-07
VLO/PYPL,VLO,PYPL,beta_neutral,-2181.512324858531,-0.5947019155921348,-1.4080893940520105,8.782580516875098e-24,20,6,2026-05-07
MGM/JKHY,MGM,JKHY,beta_neutral,-50.84774699447723,-0.012886620126980977,-1.4080893940520105,0.007098563260740469,14,6,2026-05-07
MGM/NEM,MGM,NEM,beta_neutral,-2106.343529205835,-0.5610033085821605,-1.4080893940520105,1.5877998907021138e-18,14,6,2026-05-07
ODFL/NFLX,ODFL,NFLX,beta_neutral,-290.6057451316477,-0.0737610540575615,-1.4080893940520105,0.00022289985953331985,15,6,2026-05-07
ODFL/MOS,ODFL,MOS,beta_neutral,1731.289025058273,0.6054039361982478,-1.4080893940520105,0.9999999998549859,12,6,2026-05-07
UNH/ULTA,UNH,ULTA,beta_neutral,2736.000611325366,0.6775633981239173,-1.4080893940520105,0.9999999999767302,19,6,2026-05-07
UNH/PLTR,UNH,PLTR,beta_neutral,5131.55059048577,0.7354638307491895,-1.4080893940520105,0.9999955435200785,21,6,2026-05-07
CVS/GPN,CVS,GPN,beta_neutral,-2242.963298461779,-0.5196289837852804,-1.4080893940520105,3.979762027810846e-08,15,6,2026-05-07
CVS/FISV,CVS,FISV,beta_neutral,2165.767414143813,0.3638860170828415,-1.4080893940520105,0.9868070090091036,16,6,2026-05-07
PSX/ADBE,PSX,ADBE,beta_neutral,-991.3778432018427,-0.3812565969153382,-1.4080893940520105,3.1789852274861334e-12,26,6,2026-05-07
STLD/INTU,STLD,INTU,long_term_kalman,5081.804445841677,1.3830371258985863,-1.494378725613966,1.0,12,6,2026-05-07
STLD/FMC,STLD,FMC,long_term_kalman,6639.316609152302,1.255280378211268,-1.494378725613966,0.9954395244525005,6,6,2026-05-07
KLAC/TRMB,KLAC,TRMB,long_term_kalman,1180.140751757592,0.3316383311034776,-1.494378725613966,0.9937095806641418,12,6,2026-05-07
KLAC/NRG,KLAC,NRG,long_term_kalman,-2568.858989795137,-0.9769098142100965,-1.494378725613966,5.14061364264831e-05,8,6,2026-05-07
VLO/UHS,VLO,UHS,long_term_kalman,-1228.00318510599,-0.4350098145268187,-1.494378725613966,8.877432156207264e-19,12,6,2026-05-07
VLO/PYPL,VLO,PYPL,long_term_kalman,3424.473144147359,0.7267816001089958,-1.494378725613966,0.9999984667370045,18,6,2026-05-07
MGM/JKHY,MGM,JKHY,long_term_kalman,-1005.050381232284,-0.38556731349232026,-1.494378725613966,5.763688794963551e-20,8,6,2026-05-07
MGM/NEM,MGM,NEM,long_term_kalman,-1034.180266980863,-0.2459304127951882,-1.494378725613966,1.3293486879471398e-14,8,6,2026-05-07
ODFL/NFLX,ODFL,NFLX,long_term_kalman,1757.778622828395,0.46167792912063355,-1.494378725613966,0.9999999997709916,14,6,2026-05-07
ODFL/MOS,ODFL,MOS,long_term_kalman,-30.32650984472127,-0.015465952465701946,-1.494378725613966,0.006860234821905814,8,6,2026-05-07
UNH/ULTA,UNH,ULTA,long_term_kalman,-88.86645440149789,-0.028120872943557564,-1.494378725613966,0.0032404285744008984,14,6,2026-05-07
UNH/PLTR,UNH,PLTR,long_term_kalman,-10641.50465833625,-1.4824508884170122,-1.494378725613966,1.5888602766587283e-06,14,6,2026-05-07
CVS/GPN,CVS,GPN,long_term_kalman,-573.3873898349732,-0.14774180379015733,-1.494378725613966,4.159676981810979e-07,8,6,2026-05-07
CVS/FISV,CVS,FISV,long_term_kalman,4042.240866082434,0.7009714223019059,-1.494378725613966,0.9923696236788573,10,6,2026-05-07
PSX/ADBE,PSX,ADBE,long_term_kalman,1636.375234969371,0.45720323589615763,-1.494378725613966,0.9999999999835124,18,6,2026-05-07
STLD/INTU,STLD,INTU,balanced,599.8244166513828,0.15116999271981382,-1.5245955628590235,0.910283955894243,20,6,2026-05-07
STLD/FMC,STLD,FMC,balanced,3297.283343100152,0.5265216875151528,-1.5245955628590235,0.9913479416456452,20,6,2026-05-07
KLAC/TRMB,KLAC,TRMB,balanced,2958.66676510561,0.7376281240423062,-1.5245955628590235,0.9999995447736107,14,6,2026-05-07
KLAC/NRG,KLAC,NRG,balanced,-1152.110324828418,-0.3747122168873857,-1.5245955628590235,1.5962522253664572e-12,14,6,2026-05-07
VLO/UHS,VLO,UHS,balanced,737.2055828513861,0.3323555259933862,-1.5245955628590235,0.9950202834434897,10,6,2026-05-07
VLO/PYPL,VLO,PYPL,balanced,-1307.397198833358,-0.3690496706551808,-1.5245955628590235,3.759397341208774e-16,20,6,2026-05-07
MGM/JKHY,MGM,JKHY,balanced,-389.7584298749402,-0.13843469281868484,-1.5245955628590235,3.39928137530359e-07,14,6,2026-05-07
MGM/NEM,MGM,NEM,balanced,-296.5540984450396,-0.06858392799881859,-1.5245955628590235,7.692744289376328e-05,16,6,2026-05-07
ODFL/NFLX,ODFL,NFLX,balanced,-788.7560330469751,-0.20309198465633285,-1.5245955628590235,4.489413851509016e-09,16,6,2026-05-07
ODFL/MOS,ODFL,MOS,balanced,925.921625915779,0.3230931982376734,-1.5245955628590235,0.9999935761123901,12,6,2026-05-07
UNH/ULTA,UNH,ULTA,balanced,2776.349624470784,0.7670354054726267,-1.5245955628590235,0.9999999829784896,20,6,2026-05-07
UNH/PLTR,UNH,PLTR,balanced,864.057975653423,0.12901895331172247,-1.5245955628590235,0.748839434751918,20,6,2026-05-07
CVS/GPN,CVS,GPN,balanced,2249.651784467941,0.7267448011333147,-1.5245955628590235,0.9999985748595864,14,6,2026-05-07
CVS/FISV,CVS,FISV,balanced,-1528.898206546125,-0.6124016897534651,-1.5245955628590235,4.795159289347547e-19,16,6,2026-05-07
PSX/ADBE,PSX,ADBE,balanced,-1379.084090142143,-0.5539172355706223,-1.5245955628590235,7.18696218504834e-14,26,6,2026-05-07
STLD/INTU,STLD,INTU,uniform_weights,273.1858332381116,0.06662263194114827,-1.6592987566420156,0.27413436292312643,22,6,2026-05-07
STLD/FMC,STLD,FMC,uniform_weights,4103.880528675429,0.6688019042729239,-1.6592987566420156,0.9892914261875253,18,6,2026-05-07
KLAC/TRMB,KLAC,TRMB,uniform_weights,2770.932184846556,0.7278054433900842,-1.6592987566420156,0.9999982365776604,16,6,2026-05-07
KLAC/NRG,KLAC,NRG,uniform_weights,-990.9587402059143,-0.32376922029848976,-1.6592987566420156,1.7849260742628147e-13,14,6,2026-05-07
VLO/UHS,VLO,UHS,uniform_weights,744.370554262187,0.3362383371652688,-1.6592987566420156,0.9954126500654921,10,6,2026-05-07
VLO/PYPL,VLO,PYPL,uniform_weights,-1362.867561621846,-0.41283108376520283,-1.6592987566420156,3.7872742704435535e-18,20,6,2026-05-07
MGM/JKHY,MGM,JKHY,uniform_weights,-218.3615672652772,-0.0780619681808928,-1.6592987566420156,6.499195473613526e-05,14,6,2026-05-07
MGM/NEM,MGM,NEM,uniform_weights,71.2685432589953,0.016567384503774766,-1.6592987566420156,0.04590067277285584,14,6,2026-05-07
ODFL/NFLX,ODFL,NFLX,uniform_weights,-4091.965642905335,-0.7900898331252256,-1.6592987566420156,1.3897227904664546e-20,18,6,2026-05-07
ODFL/MOS,ODFL,MOS,uniform_weights,1445.63943840376,0.5100699753732814,-1.6592987566420156,0.9999999999990626,12,6,2026-05-07
UNH/ULTA,UNH,ULTA,uniform_weights,3105.859107157184,0.8517900564127319,-1.6592987566420156,0.9999999896574429,20,6,2026-05-07
UNH/PLTR,UNH,PLTR,uniform_weights,-2601.162117483108,-0.48505681183656696,-1.6592987566420156,1.5358661380222905e-14,20,6,2026-05-07
CVS/GPN,CVS,GPN,uniform_weights,3189.0471705925,0.7210324876646024,-1.6592987566420156,0.9999999984569874,20,6,2026-05-07
CVS/FISV,CVS,FISV,uniform_weights,-1220.185211318163,-0.5467322790002651,-1.6592987566420156,5.64196607620766e-18,16,6,2026-05-07
PSX/ADBE,PSX,ADBE,uniform_weights,-1314.861561291215,-0.5300517346713731,-1.6592987566420156,1.320440488088647e-13,24,6,2026-05-07
STLD/INTU,STLD,INTU,default,599.8244166513828,0.15116999271981382,-1.7787335770867954,0.910283955894243,20,6,2026-05-07
STLD/FMC,STLD,FMC,default,3413.818036038924,0.5482741123759547,-1.7787335770867954,0.9910871226454393,20,6,2026-05-07
KLAC/TRMB,KLAC,TRMB,default,1706.031765105612,0.463291077007745,-1.7787335770867954,0.9998468913008237,14,6,2026-05-07
KLAC/NRG,KLAC,NRG,default,-981.0758463867852,-0.3200680769013246,-1.7787335770867954,1.3950279727617158e-13,14,6,2026-05-07
VLO/UHS,VLO,UHS,default,744.370554262187,0.3362383371652688,-1.7787335770867954,0.9954126500654921,10,6,2026-05-07
VLO/PYPL,VLO,PYPL,default,-1372.824924220722,-0.41539084076020993,-1.7787335770867954,2.8941760152922803e-18,20,6,2026-05-07
MGM/JKHY,MGM,JKHY,default,-212.8815672652789,-0.07589508019719174,-1.7787335770867954,7.763749895843597e-05,14,6,2026-05-07
MGM/NEM,MGM,NEM,default,-627.2894665932921,-0.14822450115188993,-1.7787335770867954,4.130499780500255e-09,14,6,2026-05-07
ODFL/NFLX,ODFL,NFLX,default,658.0604418456786,0.19853062925300774,-1.7787335770867954,0.9939820255972861,16,6,2026-05-07
ODFL/MOS,ODFL,MOS,default,927.4830803706595,0.3238669942539554,-1.7787335770867954,0.999993853370819,12,6,2026-05-07
UNH/ULTA,UNH,ULTA,default,2776.349624470784,0.7670354054726267,-1.7787335770867954,0.9999999829784896,20,6,2026-05-07
UNH/PLTR,UNH,PLTR,default,-4306.854160208602,-0.7326508693442881,-1.7787335770867954,3.274547648294051e-14,22,6,2026-05-07
CVS/GPN,CVS,GPN,default,2249.651784467941,0.7267448011333147,-1.7787335770867954,0.9999985748595864,14,6,2026-05-07
CVS/FISV,CVS,FISV,default,159.2535960595091,0.07946716504838236,-1.7787335770867954,0.39467792052433337,12,6,2026-05-07
PSX/ADBE,PSX,ADBE,default,-1378.242838480856,-0.5545918013725263,-1.7787335770867954,7.743864482118564e-14,26,6,2026-05-07
STLD/INTU,STLD,INTU,kalman_hedge,230.83394933675,0.055380629291245945,-1.8033744445824216,0.19475859536220463,24,6,2026-05-07
STLD/FMC,STLD,FMC,kalman_hedge,4077.027440156758,0.7227449627993717,-1.8033744445824216,0.9901714474255064,18,6,2026-05-07
KLAC/TRMB,KLAC,TRMB,kalman_hedge,1625.047357212316,0.41514761529834804,-1.8033744445824216,0.9996846264439101,18,6,2026-05-07
KLAC/NRG,KLAC,NRG,kalman_hedge,-950.5877824406991,-0.30660945727814404,-1.8033744445824216,8.886925733215008e-14,14,6,2026-05-07
VLO/UHS,VLO,UHS,kalman_hedge,-11.06677917541595,-0.00402540144393594,-1.8033744445824216,0.01425488641324376,12,6,2026-05-07
VLO/PYPL,VLO,PYPL,kalman_hedge,-1266.240296829984,-0.3819961577625976,-1.8033744445824216,3.8331027206204575e-17,20,6,2026-05-07
MGM/JKHY,MGM,JKHY,kalman_hedge,-221.8802975894292,-0.07922690945063515,-1.8033744445824216,6.232355815074912e-05,14,6,2026-05-07
MGM/NEM,MGM,NEM,kalman_hedge,-349.5515806594892,-0.08273151729372408,-1.8033744445824216,1.4381921739861347e-05,14,6,2026-05-07
ODFL/NFLX,ODFL,NFLX,kalman_hedge,-4101.793532824862,-0.7901490006713315,-1.8033744445824216,1.887753759698223e-20,18,6,2026-05-07
ODFL/MOS,ODFL,MOS,kalman_hedge,1760.331484276597,0.6219487564540469,-1.8033744445824216,0.9999999999999865,12,6,2026-05-07
UNH/ULTA,UNH,ULTA,kalman_hedge,3044.317603308362,0.8346234219411939,-1.8033744445824216,0.9999999899595833,22,6,2026-05-07
UNH/PLTR,UNH,PLTR,kalman_hedge,-3717.415394836163,-0.6279682581899989,-1.8033744445824216,7.634774906964873e-16,22,6,2026-05-07
CVS/GPN,CVS,GPN,kalman_hedge,3148.434325334501,0.7365307832034919,-1.8033744445824216,0.9999999972977397,18,6,2026-05-07
CVS/FISV,CVS,FISV,kalman_hedge,-1214.206353812741,-0.5458423363680357,-1.8033744445824216,9.879449983428245e-18,16,6,2026-05-07
PSX/ADBE,PSX,ADBE,kalman_hedge,-1326.276130656604,-0.5358204229457877,-1.8033744445824216,1.0094733123156125e-13,24,6,2026-05-07
STLD/INTU,STLD,INTU,vol_weighted_sizing,228.3462222242781,0.0548975501352271,-1.8062546571208096,0.19173563396819465,24,6,2026-05-07
STLD/FMC,STLD,FMC,vol_weighted_sizing,4087.574338244739,0.6683347003740845,-1.8062546571208096,0.9893234579268969,18,6,2026-05-07
KLAC/TRMB,KLAC,TRMB,vol_weighted_sizing,1664.511130678963,0.43515840859071675,-1.8062546571208096,0.9998792539469805,18,6,2026-05-07
KLAC/NRG,KLAC,NRG,vol_weighted_sizing,-991.5652853699199,-0.32381276947936055,-1.8062546571208096,1.7737681259937618e-13,14,6,2026-05-07
VLO/UHS,VLO,UHS,vol_weighted_sizing,-4.082947715058026,-0.001488269792863123,-1.8062546571208096,0.016851376304781805,12,6,2026-05-07
VLO/PYPL,VLO,PYPL,vol_weighted_sizing,-1368.375490659591,-0.4149921481096905,-1.8062546571208096,2.8769116271105007e-18,20,6,2026-05-07
MGM/JKHY,MGM,JKHY,vol_weighted_sizing,-199.0018255321255,-0.07085845851110832,-1.8062546571208096,0.00011948973434347685,14,6,2026-05-07
MGM/NEM,MGM,NEM,vol_weighted_sizing,-343.6514376947079,-0.0814279711885408,-1.8062546571208096,1.7116184861635955e-05,14,6,2026-05-07
ODFL/NFLX,ODFL,NFLX,vol_weighted_sizing,-4092.267902210904,-0.7906539721885355,-1.8062546571208096,1.4130343623246166e-20,18,6,2026-05-07
ODFL/MOS,ODFL,MOS,vol_weighted_sizing,1702.088509424722,0.5968914938762637,-1.8062546571208096,0.9999999999999937,12,6,2026-05-07
UNH/ULTA,UNH,ULTA,vol_weighted_sizing,3058.487442738689,0.8388339099904647,-1.8062546571208096,0.9999999896731947,22,6,2026-05-07
UNH/PLTR,UNH,PLTR,vol_weighted_sizing,-3995.044651691426,-0.6792175645195251,-1.8062546571208096,6.756055017003145e-15,22,6,2026-05-07
CVS/GPN,CVS,GPN,vol_weighted_sizing,3257.555023574355,0.742542967152857,-1.8062546571208096,0.9999999977677603,18,6,2026-05-07
CVS/FISV,CVS,FISV,vol_weighted_sizing,-1217.558268363825,-0.5457413698858359,-1.8062546571208096,5.9240554341834366e-18,16,6,2026-05-07
PSX/ADBE,PSX,ADBE,vol_weighted_sizing,-1323.578237776267,-0.5355615124482536,-1.8062546571208096,1.2585058821214185e-13,24,6,2026-05-07
STLD/INTU,STLD,INTU,no_skip_month,657.0088282709976,0.15943704954302385,-1.861673151553729,0.938251710908761,22,6,2026-05-07
STLD/FMC,STLD,FMC,no_skip_month,2922.238285474114,0.47131574849802227,-1.861673151553729,0.9913681938227054,22,6,2026-05-07
KLAC/TRMB,KLAC,TRMB,no_skip_month,-412.3214628275439,-0.09394646080229795,-1.861673151553729,7.723722369435221e-07,20,6,2026-05-07
KLAC/NRG,KLAC,NRG,no_skip_month,-4317.470806882257,-0.892541652882708,-1.861673151553729,7.653858456429303e-07,16,6,2026-05-07
VLO/UHS,VLO,UHS,no_skip_month,397.6619215688182,0.17678149190441575,-1.861673151553729,0.8991475903581069,12,6,2026-05-07
VLO/PYPL,VLO,PYPL,no_skip_month,-1359.362387170467,-0.41402596870580416,-1.861673151553729,3.801624467376294e-18,20,6,2026-05-07
MGM/JKHY,MGM,JKHY,no_skip_month,-198.3248422944862,-0.07074193350707535,-1.861673151553729,0.00012076120067649534,14,6,2026-05-07
MGM/NEM,MGM,NEM,no_skip_month,-1647.84971134375,-0.3791732381165854,-1.861673151553729,2.90948272320434e-20,18,6,2026-05-07
ODFL/NFLX,ODFL,NFLX,no_skip_month,89.45738817140278,0.02655081486126547,-1.861673151553729,0.06295676523730458,18,6,2026-05-07
ODFL/MOS,ODFL,MOS,no_skip_month,607.2402359536761,0.21010077677130015,-1.861673151553729,0.9936726070703888,12,6,2026-05-07
UNH/ULTA,UNH,ULTA,no_skip_month,-2370.796940315586,-0.36806487625038814,-1.861673151553729,2.0530019039938772e-16,28,6,2026-05-07
UNH/PLTR,UNH,PLTR,no_skip_month,-811.0650577862218,-0.16009154695036829,-1.861673151553729,2.4027663373256593e-12,22,6,2026-05-07
CVS/GPN,CVS,GPN,no_skip_month,4427.53870596878,0.925472815219969,-1.861673151553729,0.999999999998682,24,6,2026-05-07
CVS/FISV,CVS,FISV,no_skip_month,1049.545481941279,0.4897846449159606,-1.861673151553729,0.9999999997602093,18,6,2026-05-07
PSX/ADBE,PSX,ADBE,no_skip_month,-1849.44935074921,-0.7214097736284633,-1.861673151553729,6.664626216404823e-17,28,6,2026-05-07
STLD/INTU,STLD,INTU,beta_neutral_long_term,3623.726363707086,1.118367119111036,-1.8620770134379327,1.0,12,6,2026-05-07
STLD/FMC,STLD,FMC,beta_neutral_long_term,4782.861357350335,1.1995207892049147,-1.8620770134379327,1.0,8,6,2026-05-07
KLAC/TRMB,KLAC,TRMB,beta_neutral_long_term,-1592.720543508376,-0.33586582289702854,-1.8620770134379327,7.645457652506203e-13,12,6,2026-05-07
KLAC/NRG,KLAC,NRG,beta_neutral_long_term,-3124.916778128113,-0.907665188196807,-1.8620770134379327,5.2612718929656344e-05,8,6,2026-05-07
VLO/UHS,VLO,UHS,beta_neutral_long_term,-212.9881084367649,-0.05654089933745161,-1.8620770134379327,0.0007281038622804851,12,6,2026-05-07
VLO/PYPL,VLO,PYPL,beta_neutral_long_term,1569.88364185147,0.3174427418327551,-1.8620770134379327,0.9999997684462909,18,6,2026-05-07
MGM/JKHY,MGM,JKHY,beta_neutral_long_term,-134.5416622632091,-0.057402608202742525,-1.8620770134379327,0.00042666000347330073,10,6,2026-05-07
MGM/NEM,MGM,NEM,beta_neutral_long_term,-77.415236192674,-0.025870495908105053,-1.8620770134379327,0.0040806843001262106,8,6,2026-05-07
ODFL/NFLX,ODFL,NFLX,beta_neutral_long_term,2089.005814452398,0.5595608482629753,-1.8620770134379327,0.9999999944812371,14,6,2026-05-07
ODFL/MOS,ODFL,MOS,beta_neutral_long_term,-540.7575164870441,-0.2187055872084643,-1.8620770134379327,2.332912616514373e-09,8,6,2026-05-07
UNH/ULTA,UNH,ULTA,beta_neutral_long_term,-594.7249317028408,-0.14946806553720926,-1.8620770134379327,2.2446335641958855e-07,13,6,2026-05-07
UNH/PLTR,UNH,PLTR,beta_neutral_long_term,-5089.697204796261,-1.1384231314031437,-1.8620770134379327,1.907072874849698e-18,13,6,2026-05-07
CVS/GPN,CVS,GPN,beta_neutral_long_term,-485.9933511515174,-0.11362929457498054,-1.8620770134379327,7.873564523345006e-11,8,6,2026-05-07
CVS/FISV,CVS,FISV,beta_neutral_long_term,-519.4008666903397,-0.11669464620881216,-1.8620770134379327,2.910339279016721e-16,10,6,2026-05-07
PSX/ADBE,PSX,ADBE,beta_neutral_long_term,1315.827135098096,0.33901170726937885,-1.8620770134379327,0.9999334568688778,17,6,2026-05-07
STLD/INTU,STLD,INTU,fast_strict,350.434165145335,0.13806844584764538,-2.070924403913439,0.8850442643652219,32,6,2026-05-07
STLD/FMC,STLD,FMC,fast_strict,4738.498796845535,1.015273446881028,-2.070924403913439,0.9908822241145114,24,6,2026-05-07
KLAC/TRMB,KLAC,TRMB,fast_strict,3194.552776037682,1.7001861002421252,-2.070924403913439,0.9999999999693013,16,6,2026-05-07
KLAC/NRG,KLAC,NRG,fast_strict,-416.060386364634,-0.1626856666403629,-2.070924403913439,1.5279940676880038e-18,16,6,2026-05-07
VLO/UHS,VLO,UHS,fast_strict,-1883.933432539349,-0.9859991339900954,-2.070924403913439,9.867628423436014e-14,18,6,2026-05-07
VLO/PYPL,VLO,PYPL,fast_strict,156.5530518065534,0.08848347641182512,-2.070924403913439,0.4646245076091093,18,6,2026-05-07
MGM/JKHY,MGM,JKHY,fast_strict,3.107360558057167,0.0016299485055290535,-2.070924403913439,0.020327863872365636,16,6,2026-05-07
MGM/NEM,MGM,NEM,fast_strict,-1424.858139244192,-0.4190957233598072,-2.070924403913439,1.6889898653361716e-15,22,6,2026-05-07
ODFL/NFLX,ODFL,NFLX,fast_strict,2376.947144646653,0.9184432472464771,-2.070924403913439,0.9999999999999912,22,6,2026-05-07
ODFL/MOS,ODFL,MOS,fast_strict,-411.6434151424228,-0.20944607007252572,-2.070924403913439,6.061032459935789e-11,24,6,2026-05-07
UNH/ULTA,UNH,ULTA,fast_strict,2769.12465694157,1.0681455775974387,-2.070924403913439,0.9999962741928063,14,6,2026-05-07
UNH/PLTR,UNH,PLTR,fast_strict,503.1147799921912,0.11926073293025269,-2.070924403913439,0.7203563647617262,22,6,2026-05-07
CVS/GPN,CVS,GPN,fast_strict,-1445.877308222766,-0.562513518698678,-2.070924403913439,8.86075463114855e-09,26,6,2026-05-07
CVS/FISV,CVS,FISV,fast_strict,-109.4381722728403,-0.06819005151031814,-2.070924403913439,8.16450377289154e-08,20,6,2026-05-07
PSX/ADBE,PSX,ADBE,fast_strict,1532.861223720019,0.8013035667281746,-2.070924403913439,0.9999999920957207,24,6,2026-05-07
STLD/INTU,STLD,INTU,sensitive_reversal,-179.7312522112365,-0.051032186251083474,-2.089612206139266,0.0010728440490659808,26,6,2026-05-07
STLD/FMC,STLD,FMC,sensitive_reversal,1501.677648920084,0.6256675488724475,-2.089612206139266,0.9999999939766989,24,6,2026-05-07
KLAC/TRMB,KLAC,TRMB,sensitive_reversal,2543.821779389771,1.22939870631744,-2.089612206139266,0.9999999998814482,14,6,2026-05-07
KLAC/NRG,KLAC,NRG,sensitive_reversal,-80.78895469690087,-0.02551633398230548,-2.089612206139266,0.0018318717984916052,16,6,2026-05-07
VLO/UHS,VLO,UHS,sensitive_reversal,-183.5416665434311,-0.08835860688981119,-2.089612206139266,1.5745884986604608e-08,12,6,2026-05-07
VLO/PYPL,VLO,PYPL,sensitive_reversal,3120.421292071102,0.7207672034709021,-2.089612206139266,0.9993317355769982,22,6,2026-05-07
MGM/JKHY,MGM,JKHY,sensitive_reversal,-607.1464098980393,-0.2618602609222687,-2.089612206139266,2.931864285813776e-09,16,6,2026-05-07
MGM/NEM,MGM,NEM,sensitive_reversal,-1819.493392656505,-0.46811801646381923,-2.089612206139266,6.588486330371653e-19,18,6,2026-05-07
ODFL/NFLX,ODFL,NFLX,sensitive_reversal,1697.504812656876,0.5025023155272691,-2.089612206139266,0.999999999467522,20,6,2026-05-07
ODFL/MOS,ODFL,MOS,sensitive_reversal,2638.164041521533,1.0607313132692573,-2.089612206139266,0.9999999999999999,16,6,2026-05-07
UNH/ULTA,UNH,ULTA,sensitive_reversal,1652.685025167133,0.5892042536116412,-2.089612206139266,0.9999999566313017,22,6,2026-05-07
UNH/PLTR,UNH,PLTR,sensitive_reversal,-5375.246792379021,-0.911217850055201,-2.089612206139266,1.1894869914911627e-12,26,6,2026-05-07
CVS/GPN,CVS,GPN,sensitive_reversal,-1139.14334339204,-0.4143518495283544,-2.089612206139266,3.5103163725738876e-12,20,6,2026-05-07
CVS/FISV,CVS,FISV,sensitive_reversal,-1580.876491132848,-0.6444144180338834,-2.089612206139266,2.227434764812307e-08,18,6,2026-05-07
PSX/ADBE,PSX,ADBE,sensitive_reversal,472.5593916446181,0.22278079498791487,-2.089612206139266,0.9983677611514647,26,6,2026-05-07
STLD/INTU,STLD,INTU,long_term_tilt,3564.3474426125,1.1062890892814436,-2.1805256798240946,1.0,12,6,2026-05-07
STLD/FMC,STLD,FMC,long_term_tilt,2634.740038840053,0.9419183022889877,-2.1805256798240946,0.9999999999999984,8,6,2026-05-07
KLAC/TRMB,KLAC,TRMB,long_term_tilt,1192.639480394517,0.34714423345515943,-2.1805256798240946,0.9965891613478044,12,6,2026-05-07
KLAC/NRG,KLAC,NRG,long_term_tilt,-2584.536455085086,-0.9946142836601142,-2.1805256798240946,4.6278401250263775e-05,8,6,2026-05-07
VLO/UHS,VLO,UHS,long_term_tilt,-1230.393776552665,-0.44066412966872903,-2.1805256798240946,2.8990636005768867e-19,12,6,2026-05-07
VLO/PYPL,VLO,PYPL,long_term_tilt,3234.500530458955,0.6478527865808341,-2.1805256798240946,0.999999804566046,18,6,2026-05-07
MGM/JKHY,MGM,JKHY,long_term_tilt,-1007.090381232282,-0.38281910515071477,-2.1805256798240946,1.4131417357640392e-18,10,6,2026-05-07
MGM/NEM,MGM,NEM,long_term_tilt,316.4851832198338,0.08100327509753452,-2.1805256798240946,0.40595861356721263,8,6,2026-05-07
ODFL/NFLX,ODFL,NFLX,long_term_tilt,1824.925681096564,0.5377287694983579,-2.1805256798240946,0.9999999999400844,14,6,2026-05-07
ODFL/MOS,ODFL,MOS,long_term_tilt,39.21047593933008,0.02078319909554911,-2.1805256798240946,0.055366108969866656,8,6,2026-05-07
UNH/ULTA,UNH,ULTA,long_term_tilt,-34.91645440149784,-0.01094990447155025,-2.1805256798240946,0.009843326917179832,14,6,2026-05-07
UNH/PLTR,UNH,PLTR,long_term_tilt,-10549.8343767926,-1.474372629940709,-2.1805256798240946,1.643950089426738e-06,14,6,2026-05-07
CVS/GPN,CVS,GPN,long_term_tilt,616.9979595049057,0.16221318356667686,-2.1805256798240946,0.9147131759040386,8,6,2026-05-07
CVS/FISV,CVS,FISV,long_term_tilt,-1248.890130962392,-0.4440702098024366,-2.1805256798240946,5.871754295502598e-14,10,6,2026-05-07
PSX/ADBE,PSX,ADBE,long_term_tilt,1684.674040773202,0.4734232838755745,-2.1805256798240946,0.9999999999924497,18,6,2026-05-07
STLD/INTU,STLD,INTU,crash_defensive,358.5469252707877,0.1860212874030732,-3.5099624124515034,0.9834104060010309,24,6,2026-05-07
STLD/FMC,STLD,FMC,crash_defensive,2031.070288639648,0.6659272185898941,-3.5099624124515034,0.9892416421297059,18,6,2026-05-07
KLAC/TRMB,KLAC,TRMB,crash_defensive,845.8167406593768,0.4466191136425336,-3.5099624124515034,0.9999181083522023,18,6,2026-05-07
KLAC/NRG,KLAC,NRG,crash_defensive,-497.2303297069387,-0.3281307642358253,-3.5099624124515034,1.2642878017327201e-13,14,6,2026-05-07
VLO/UHS,VLO,UHS,crash_defensive,323.3719330261715,0.29495552202370157,-3.5099624124515034,0.9911477312942316,12,6,2026-05-07
VLO/PYPL,VLO,PYPL,crash_defensive,-668.0863327089521,-0.4086507694727085,-3.5099624124515034,6.408085075806053e-18,20,6,2026-05-07
MGM/JKHY,MGM,JKHY,crash_defensive,-99.16937081379189,-0.07082937847343618,-3.5099624124515034,0.00011667878273110494,14,6,2026-05-07
MGM/NEM,MGM,NEM,crash_defensive,-164.066174601604,-0.0780156848021234,-3.5099624124515034,2.520876637423011e-05,14,6,2026-05-07
ODFL/NFLX,ODFL,NFLX,crash_defensive,-3712.949213063748,-0.9430847594279732,-3.5099624124515034,8.841315719392092e-14,18,6,2026-05-07
ODFL/MOS,ODFL,MOS,crash_defensive,829.5820074816226,0.5851989835497869,-3.5099624124515034,0.9999999999999858,12,6,2026-05-07
UNH/ULTA,UNH,ULTA,crash_defensive,538.0118843682035,0.4110830274867417,-3.5099624124515034,0.9999958936480075,22,6,2026-05-07
UNH/PLTR,UNH,PLTR,crash_defensive,-3060.745557688052,-0.7467145638821894,-3.5099624124515034,2.649139153054919e-05,22,6,2026-05-07
CVS/GPN,CVS,GPN,crash_defensive,1629.329597091084,0.7460341894138403,-3.5099624124515034,0.9999999981182912,18,6,2026-05-07
CVS/FISV,CVS,FISV,crash_defensive,-934.4619259622931,-0.6846948035236653,-3.5099624124515034,8.533350472021893e-09,16,6,2026-05-07
PSX/ADBE,PSX,ADBE,crash_defensive,-666.3320253248528,-0.5489923271533834,-3.5099624124515034,7.012261297699867e-14,24,6,2026-05-07
STLD/INTU,STLD,INTU,conservative,269.6823612406245,0.2170937664409188,-4.44758864702851,0.9996215553598119,24,6,2026-05-07
STLD/FMC,STLD,FMC,conservative,1643.866267012606,0.7484214720886748,-4.44758864702851,0.9867321433829744,18,6,2026-05-07
KLAC/TRMB,KLAC,TRMB,conservative,885.5416011987993,0.8776024965002982,-4.44758864702851,1.0,18,6,2026-05-07
KLAC/NRG,KLAC,NRG,conservative,-516.8793247926084,-0.45893091913232853,-4.44758864702851,1.7410475936167768e-10,14,6,2026-05-07
VLO/UHS,VLO,UHS,conservative,164.2616155912343,0.2094086448080988,-4.44758864702851,0.9413059159178034,12,6,2026-05-07
VLO/PYPL,VLO,PYPL,conservative,79.43061651985266,0.07561721152533346,-4.44758864702851,0.3557427104643093,20,6,2026-05-07
MGM/JKHY,MGM,JKHY,conservative,50.26473989656824,0.05787916632201668,-4.44758864702851,0.23512692000438074,14,6,2026-05-07
MGM/NEM,MGM,NEM,conservative,-143.3645197784179,-0.10505186162317258,-4.44758864702851,2.178141200436583e-06,14,6,2026-05-07
ODFL/NFLX,ODFL,NFLX,conservative,-370.4510103081607,-0.19756053213984895,-4.44758864702851,1.2880565979896967e-11,18,6,2026-05-07
ODFL/MOS,ODFL,MOS,conservative,803.857319123875,0.8834505281673665,-4.44758864702851,0.9999999999999984,12,6,2026-05-07
UNH/ULTA,UNH,ULTA,conservative,297.2293392396741,0.32368018946340676,-4.44758864702851,0.9997428112207087,22,6,2026-05-07
UNH/PLTR,UNH,PLTR,conservative,-1394.073494988339,-0.5831667814507671,-4.44758864702851,1.589803344231504e-09,22,6,2026-05-07
CVS/GPN,CVS,GPN,conservative,1540.85165473741,0.9532356850587996,-4.44758864702851,0.9999999999411145,20,6,2026-05-07
CVS/FISV,CVS,FISV,conservative,703.2580163315854,0.31533683105866966,-4.44758864702851,0.9884771660010802,20,6,2026-05-07
PSX/ADBE,PSX,ADBE,conservative,-332.6305163415581,-0.4265967519448274,-4.44758864702851,5.423366924431829e-10,24,6,2026-05-07
STLD/INTU,STLD,INTU,vol_sized_conservative,64.36383919687901,0.050529555804194534,-5.718610132757565,0.16603730230944652,20,6,2026-05-07
STLD/FMC,STLD,FMC,vol_sized_conservative,1415.526561059779,0.6126527701431148,-5.718610132757565,0.9901034146113739,20,6,2026-05-07
KLAC/TRMB,KLAC,TRMB,vol_sized_conservative,724.3158545833616,0.5332859291345599,-5.718610132757565,0.9999319794872429,14,6,2026-05-07
KLAC/NRG,KLAC,NRG,vol_sized_conservative,-48.49670090605198,-0.05996296347680415,-5.718610132757565,0.0001685356939976944,12,6,2026-05-07
VLO/UHS,VLO,UHS,vol_sized_conservative,279.0054664999455,0.3404603641941391,-5.718610132757565,0.9956857553807152,10,6,2026-05-07
VLO/PYPL,VLO,PYPL,vol_sized_conservative,-143.9797774403499,-0.1247285938172204,-5.718610132757565,1.7269769722146354e-06,20,6,2026-05-07
MGM/JKHY,MGM,JKHY,vol_sized_conservative,-367.1123432382615,-0.3829551368442255,-5.718610132757565,2.302710842389988e-12,14,6,2026-05-07
MGM/NEM,MGM,NEM,vol_sized_conservative,-732.2486216136306,-0.48710375605881806,-5.718610132757565,5.445621852766523e-20,14,6,2026-05-07
ODFL/NFLX,ODFL,NFLX,vol_sized_conservative,253.692689321352,0.21339665121956658,-5.718610132757565,0.9974916199756638,16,6,2026-05-07
ODFL/MOS,ODFL,MOS,vol_sized_conservative,336.8311828923626,0.31604852548559714,-5.718610132757565,0.9999889012226729,12,6,2026-05-07
UNH/ULTA,UNH,ULTA,vol_sized_conservative,270.758450738055,0.2838187157402468,-5.718610132757565,0.9991183191977937,20,6,2026-05-07
UNH/PLTR,UNH,PLTR,vol_sized_conservative,-1496.345475661409,-0.6221207670944044,-5.718610132757565,2.3599804876737442e-09,22,6,2026-05-07
CVS/GPN,CVS,GPN,vol_sized_conservative,826.4498281804238,0.7204965263048078,-5.718610132757565,0.9999982946212479,14,6,2026-05-07
CVS/FISV,CVS,FISV,vol_sized_conservative,-346.9150593692664,-0.44484499857522014,-5.718610132757565,3.106103673946168e-11,14,6,2026-05-07
PSX/ADBE,PSX,ADBE,vol_sized_conservative,-723.3900002642531,-0.755922859609152,-5.718610132757565,1.1872039522357144e-17,26,6,2026-05-07
