pair_key,s1,s2,param_set,pair_pnl,pair_sharpe,run_sharpe,dsr_pvalue,n_trades,window_idx,train_end
AMAT/TRMB,AMAT,TRMB,aggressive,3811.960306058664,0.7460978811300075,0.6001567703034943,0.9999999998781287,32,1,2025-10-21
AMAT/FISV,AMAT,FISV,aggressive,11251.34892148635,1.4099276867275836,0.6001567703034943,1.0,30,1,2025-10-21
LRCX/FMC,LRCX,FMC,aggressive,6058.592430094667,0.633290299176429,0.6001567703034943,0.9999999999786334,30,1,2025-10-21
LRCX/BR,LRCX,BR,aggressive,2465.899877251096,0.3728338483593189,0.6001567703034943,0.9999280510085121,34,1,2025-10-21
DVA/KLAC,DVA,KLAC,aggressive,-974.7765186764707,-0.08909623548066212,0.6001567703034943,1.0249491501520974e-06,30,1,2025-10-21
DVA/INTU,DVA,INTU,aggressive,4629.939187011305,0.8047929266915474,0.6001567703034943,0.9999972795178367,30,1,2025-10-21
TER/EFX,TER,EFX,aggressive,5268.324078342643,0.5878017552937396,0.6001567703034943,0.9999999999999679,26,1,2025-10-21
TER/FOXA,TER,FOXA,aggressive,4031.156209870087,0.4385067612146082,0.6001567703034943,0.9993371093486313,34,1,2025-10-21
JBL/FOX,JBL,FOX,aggressive,-3347.310929576095,-0.45772186342226484,0.6001567703034943,1.4580024392083909e-15,34,1,2025-10-21
JBL/ULTA,JBL,ULTA,aggressive,-2022.799554142674,-0.29262321871603003,0.6001567703034943,4.779992816183187e-14,32,1,2025-10-21
KEYS/NFLX,KEYS,NFLX,aggressive,-542.4939999999624,-0.08857909208920817,0.6001567703034943,6.199513742748753e-05,30,1,2025-10-21
KEYS/CPRT,KEYS,CPRT,aggressive,1794.349999999989,0.4727223108768146,0.6001567703034943,0.9999995371510536,30,1,2025-10-21
CVS/CTSH,CVS,CTSH,aggressive,1805.160017369963,0.2612800615807454,0.6001567703034943,0.9770268610375895,32,1,2025-10-21
CVS/ADBE,CVS,ADBE,aggressive,11780.17516342015,1.484911350469116,0.6001567703034943,0.9999999999935818,32,1,2025-10-21
MGM/PTC,MGM,PTC,aggressive,5004.530000000022,0.8332483330971938,0.6001567703034943,0.9999999992576654,26,1,2025-10-21
AMAT/TRMB,AMAT,TRMB,kalman_aggressive,1033.79615039166,0.2525262179327908,0.0641423022290009,0.9994847036725351,34,1,2025-10-21
AMAT/FISV,AMAT,FISV,kalman_aggressive,6310.522092084526,1.0807216589086852,0.0641423022290009,1.0,32,1,2025-10-21
LRCX/FMC,LRCX,FMC,kalman_aggressive,3819.496048257321,0.5053139363174436,0.0641423022290009,0.9999999978424684,32,1,2025-10-21
LRCX/BR,LRCX,BR,kalman_aggressive,-1168.293722863803,-0.20364759457665732,0.0641423022290009,5.0504765383757014e-09,36,1,2025-10-21
DVA/KLAC,DVA,KLAC,kalman_aggressive,-1574.475256812087,-0.1673791839501475,0.0641423022290009,3.335747667704938e-15,28,1,2025-10-21
DVA/INTU,DVA,INTU,kalman_aggressive,686.1399600738428,0.11540553913853199,0.0641423022290009,0.5535668345627707,30,1,2025-10-21
TER/EFX,TER,EFX,kalman_aggressive,-1300.681828508183,-0.19178193777242783,0.0641423022290009,9.943328080709455e-07,28,1,2025-10-21
TER/FOXA,TER,FOXA,kalman_aggressive,189.566471681761,0.025539709031997804,0.0641423022290009,0.06207509496613324,38,1,2025-10-21
JBL/FOX,JBL,FOX,kalman_aggressive,1850.348319637604,0.31541470878541034,0.0641423022290009,0.9992180305137455,36,1,2025-10-21
JBL/ULTA,JBL,ULTA,kalman_aggressive,349.4332950521957,0.06298896676350091,0.0641423022290009,0.21431417892240007,32,1,2025-10-21
KEYS/NFLX,KEYS,NFLX,kalman_aggressive,-122.7659999999753,-0.02365933724532067,0.0641423022290009,0.005352940186157013,32,1,2025-10-21
KEYS/CPRT,KEYS,CPRT,kalman_aggressive,5091.270000000017,1.4125728216626507,0.0641423022290009,0.9999999999999991,30,1,2025-10-21
CVS/CTSH,CVS,CTSH,kalman_aggressive,2175.388318073644,0.37539864588887584,0.0641423022290009,0.9982814317855864,34,1,2025-10-21
CVS/ADBE,CVS,ADBE,kalman_aggressive,7233.140064954717,1.2963270762366497,0.0641423022290009,0.9999999994750947,34,1,2025-10-21
MGM/PTC,MGM,PTC,kalman_aggressive,2526.720000000013,0.5460571121061116,0.0641423022290009,0.9999999999636191,26,1,2025-10-21
AMAT/TRMB,AMAT,TRMB,weekly_aligned_windows,3369.253713798709,0.60388476824769,-0.1638552263297978,0.9999985921826735,70,1,2025-10-21
AMAT/FISV,AMAT,FISV,weekly_aligned_windows,8791.280591558454,1.2536609516488235,-0.1638552263297978,0.9999999558012933,64,1,2025-10-21
LRCX/FMC,LRCX,FMC,weekly_aligned_windows,-595.4401762272078,-0.10221944611057462,-0.1638552263297978,2.6158181895741568e-05,62,1,2025-10-21
LRCX/BR,LRCX,BR,weekly_aligned_windows,1554.217777307848,0.23102853563910689,-0.1638552263297978,0.9750140253605306,66,1,2025-10-21
DVA/KLAC,DVA,KLAC,weekly_aligned_windows,-184.2739764160547,-0.03251062754946032,-0.1638552263297978,0.002903496541688616,66,1,2025-10-21
DVA/INTU,DVA,INTU,weekly_aligned_windows,-1459.471920072696,-0.38864940968427025,-0.1638552263297978,8.873642959826519e-23,66,1,2025-10-21
TER/EFX,TER,EFX,weekly_aligned_windows,4192.773692135321,0.5573130218670916,-0.1638552263297978,0.9999997756253849,66,1,2025-10-21
TER/FOXA,TER,FOXA,weekly_aligned_windows,1085.844291028211,0.13209699305656636,-0.1638552263297978,0.6884150844173701,68,1,2025-10-21
JBL/FOX,JBL,FOX,weekly_aligned_windows,-844.1222116643194,-0.1686368294886459,-0.1638552263297978,4.405189753011672e-06,62,1,2025-10-21
JBL/ULTA,JBL,ULTA,weekly_aligned_windows,-276.0971975535665,-0.07455086411096595,-0.1638552263297978,0.00013470764445333846,60,1,2025-10-21
KEYS/NFLX,KEYS,NFLX,weekly_aligned_windows,-1234.019999999982,-0.396632440081838,-0.1638552263297978,9.08752567161548e-29,58,1,2025-10-21
KEYS/CPRT,KEYS,CPRT,weekly_aligned_windows,-734.9300000000028,-0.28223132754491037,-0.1638552263297978,1.862290704157675e-13,60,1,2025-10-21
CVS/CTSH,CVS,CTSH,weekly_aligned_windows,1716.973012837698,0.44082515479432166,-0.1638552263297978,0.9999813561759027,70,1,2025-10-21
CVS/ADBE,CVS,ADBE,weekly_aligned_windows,4305.885947675808,1.0067396447829138,-0.1638552263297978,0.9999999999997995,58,1,2025-10-21
MGM/PTC,MGM,PTC,weekly_aligned_windows,-1237.250000000019,-0.3140835329377104,-0.1638552263297978,4.3964042796261517e-17,56,1,2025-10-21
AMAT/TRMB,AMAT,TRMB,crash_tolerant,-362.8400000000041,-0.2633536212231205,-0.4877449349836618,2.7592797715871107e-06,4,1,2025-10-21
AMAT/FISV,AMAT,FISV,crash_tolerant,-906.7007805827079,-0.19382244021466113,-0.4877449349836618,9.438303089516064e-08,18,1,2025-10-21
LRCX/FMC,LRCX,FMC,crash_tolerant,5458.363333684045,0.9215851992452407,-0.4877449349836618,0.9999999997192094,14,1,2025-10-21
LRCX/BR,LRCX,BR,crash_tolerant,3166.691695479415,0.9494103212877117,-0.4877449349836618,0.9999236702016717,6,1,2025-10-21
DVA/KLAC,DVA,KLAC,crash_tolerant,2891.495563398632,0.7336997290512072,-0.4877449349836618,0.9998999601998462,10,1,2025-10-21
DVA/INTU,DVA,INTU,crash_tolerant,3832.436085722826,1.486747695233939,-0.4877449349836618,0.9999550964990006,6,1,2025-10-21
TER/EFX,TER,EFX,crash_tolerant,-2175.638803567864,-0.57083762735015,-0.4877449349836618,1.3920967966868635e-08,12,1,2025-10-21
TER/FOXA,TER,FOXA,crash_tolerant,3764.246904254413,0.7514810851131579,-0.4877449349836618,0.9999932378001036,8,1,2025-10-21
JBL/FOX,JBL,FOX,crash_tolerant,-1064.502350445444,-0.4298632434362192,-0.4877449349836618,1.5074828251107203e-07,2,1,2025-10-21
JBL/ULTA,JBL,ULTA,crash_tolerant,1463.123812876597,0.7899411668142257,-0.4877449349836618,0.9991009132239448,2,1,2025-10-21
KEYS/NFLX,KEYS,NFLX,crash_tolerant,-1076.74,-0.8766584458424281,-0.4877449349836618,0.005424047270125528,2,1,2025-10-21
KEYS/CPRT,KEYS,CPRT,crash_tolerant,66.81000000000347,0.03383761706661841,-0.4877449349836618,0.08700773997987116,8,1,2025-10-21
CVS/CTSH,CVS,CTSH,crash_tolerant,731.4031007453789,0.23917763577873924,-0.4877449349836618,0.9849263105229144,12,1,2025-10-21
CVS/ADBE,CVS,ADBE,crash_tolerant,-677.4814524051358,-0.18805336489793956,-0.4877449349836618,1.034085014910772e-07,16,1,2025-10-21
MGM/PTC,MGM,PTC,crash_tolerant,0.0,-0.4877449349836618,-0.4877449349836618,5.098831085398628e-28,0,1,2025-10-21
AMAT/TRMB,AMAT,TRMB,monthly_aligned_windows,174.7540621700275,0.08075085473953462,-0.5844689153845417,0.29423369753697226,24,1,2025-10-21
AMAT/FISV,AMAT,FISV,monthly_aligned_windows,3675.425038326824,0.7518275402419051,-0.5844689153845417,0.9999999830121444,24,1,2025-10-21
LRCX/FMC,LRCX,FMC,monthly_aligned_windows,7171.215729239283,1.1025228214854117,-0.5844689153845417,0.9999497245429098,24,1,2025-10-21
LRCX/BR,LRCX,BR,monthly_aligned_windows,2259.194173506369,0.49791726580637025,-0.5844689153845417,0.9980872615320984,24,1,2025-10-21
DVA/KLAC,DVA,KLAC,monthly_aligned_windows,-5588.942204925575,-0.7937392643016835,-0.5844689153845417,1.2206163167425548e-05,24,1,2025-10-21
DVA/INTU,DVA,INTU,monthly_aligned_windows,-2606.251289802015,-0.7811888037861038,-0.5844689153845417,8.352297282355009e-11,24,1,2025-10-21
TER/EFX,TER,EFX,monthly_aligned_windows,3161.97739636961,0.4000191489193216,-0.5844689153845417,0.9989310791191947,22,1,2025-10-21
TER/FOXA,TER,FOXA,monthly_aligned_windows,11990.04032643165,1.3943658563974026,-0.5844689153845417,0.9999818974373504,24,1,2025-10-21
JBL/FOX,JBL,FOX,monthly_aligned_windows,16.48576346419577,0.004480914929750526,-0.5844689153845417,0.024018935552687016,24,1,2025-10-21
JBL/ULTA,JBL,ULTA,monthly_aligned_windows,-6351.569780895898,-1.8307309728324412,-0.5844689153845417,3.0688117461370714e-22,24,1,2025-10-21
KEYS/NFLX,KEYS,NFLX,monthly_aligned_windows,3867.988000000011,0.5814862672532691,-0.5844689153845417,0.9997647741113692,22,1,2025-10-21
KEYS/CPRT,KEYS,CPRT,monthly_aligned_windows,-2777.059999999998,-1.2816329509371327,-0.5844689153845417,2.393564365732416e-12,24,1,2025-10-21
CVS/CTSH,CVS,CTSH,monthly_aligned_windows,1700.857204877005,0.6304821405974746,-0.5844689153845417,0.9999997035267011,24,1,2025-10-21
CVS/ADBE,CVS,ADBE,monthly_aligned_windows,-4811.937381852716,-0.5840673820133621,-0.5844689153845417,4.493267427729106e-09,24,1,2025-10-21
MGM/PTC,MGM,PTC,monthly_aligned_windows,-61.10000000000258,-0.025576005017032763,-0.5844689153845417,0.006041802362720674,22,1,2025-10-21
AMAT/TRMB,AMAT,TRMB,trend_leverage,-271.2000000000013,-0.26223868155215946,-0.9566857261679308,2.7502357197888744e-06,4,1,2025-10-21
AMAT/FISV,AMAT,FISV,trend_leverage,-1333.799135353033,-0.37625928233536643,-0.9566857261679308,5.048486552536268e-12,18,1,2025-10-21
LRCX/FMC,LRCX,FMC,trend_leverage,4087.034625963192,0.9223181118037517,-0.9566857261679308,0.9999999997323125,14,1,2025-10-21
LRCX/BR,LRCX,BR,trend_leverage,2361.148007461876,0.9488848679418531,-0.9566857261679308,0.9999225887200305,6,1,2025-10-21
DVA/KLAC,DVA,KLAC,trend_leverage,2171.061279402014,0.7356576806940558,-0.9566857261679308,0.9999018025500273,10,1,2025-10-21
DVA/INTU,DVA,INTU,trend_leverage,2857.483513632923,1.4858237856642258,-0.9566857261679308,0.9999630089436897,6,1,2025-10-21
TER/EFX,TER,EFX,trend_leverage,-1626.01461639637,-0.5704490233890491,-0.9566857261679308,1.3987672328711218e-08,12,1,2025-10-21
TER/FOXA,TER,FOXA,trend_leverage,2806.152599160073,0.7502943557733667,-0.9566857261679308,0.9999932494720035,8,1,2025-10-21
JBL/FOX,JBL,FOX,trend_leverage,-795.7351285298739,-0.42832799365955476,-0.9566857261679308,1.3909463838016e-07,2,1,2025-10-21
JBL/ULTA,JBL,ULTA,trend_leverage,1108.122670889708,0.7926638952986514,-0.9566857261679308,0.9990907741299213,2,1,2025-10-21
KEYS/NFLX,KEYS,NFLX,trend_leverage,-801.1779999999981,-0.876185928587905,-0.9566857261679308,0.005422740472625439,2,1,2025-10-21
KEYS/CPRT,KEYS,CPRT,trend_leverage,-192.1600000000014,-0.11606558515532293,-0.9566857261679308,1.3770260719383356e-06,10,1,2025-10-21
CVS/CTSH,CVS,CTSH,trend_leverage,543.8463434452425,0.23748182239402316,-0.9566857261679308,0.9839731968493315,12,1,2025-10-21
CVS/ADBE,CVS,ADBE,trend_leverage,-518.0895051782948,-0.19191984801064804,-0.9566857261679308,7.758559347685719e-08,16,1,2025-10-21
MGM/PTC,MGM,PTC,trend_leverage,0.0,-0.9566857261679308,-0.9566857261679308,8.5842913526785e-66,0,1,2025-10-21
AMAT/TRMB,AMAT,TRMB,beta_neutral,0.0,-1.0501377481713283,-1.0501377481713283,6.571683373912349e-73,2,1,2025-10-21
AMAT/FISV,AMAT,FISV,beta_neutral,708.6606457426464,0.2310042019827892,-1.0501377481713283,0.9418663536496068,15,1,2025-10-21
LRCX/FMC,LRCX,FMC,beta_neutral,5731.60071515886,1.2231190901029794,-1.0501377481713283,0.9999999999286941,12,1,2025-10-21
LRCX/BR,LRCX,BR,beta_neutral,1594.8777155179,0.9564927703598572,-1.0501377481713283,0.9999206474402839,6,1,2025-10-21
DVA/KLAC,DVA,KLAC,beta_neutral,1567.424874048504,0.8659365466763098,-1.0501377481713283,0.9999995796571947,10,1,2025-10-21
DVA/INTU,DVA,INTU,beta_neutral,986.0886957240417,0.9569788166242669,-1.0501377481713283,0.9999999995614173,8,1,2025-10-21
TER/EFX,TER,EFX,beta_neutral,-882.3437761632821,-0.537574042260074,-1.0501377481713283,8.8105640511158e-09,8,1,2025-10-21
TER/FOXA,TER,FOXA,beta_neutral,2533.07630504043,0.7834606736888579,-1.0501377481713283,0.9999976499975515,8,1,2025-10-21
JBL/FOX,JBL,FOX,beta_neutral,0.0,-1.0501377481713283,-1.0501377481713283,6.571683373912349e-73,0,1,2025-10-21
JBL/ULTA,JBL,ULTA,beta_neutral,167.1719158187483,0.17035542924919658,-1.0501377481713283,0.8404681397122149,4,1,2025-10-21
KEYS/NFLX,KEYS,NFLX,beta_neutral,-247.8000000000015,-0.3661052423153966,-1.0501377481713283,2.7759339179053882e-05,2,1,2025-10-21
KEYS/CPRT,KEYS,CPRT,beta_neutral,-631.1699999999998,-0.2994194618332477,-1.0501377481713283,8.299444138800594e-14,10,1,2025-10-21
CVS/CTSH,CVS,CTSH,beta_neutral,1893.363607481959,1.4183537871604972,-1.0501377481713283,0.9999999983896928,10,1,2025-10-21
CVS/ADBE,CVS,ADBE,beta_neutral,-144.3348434651994,-0.0665202463162764,-1.0501377481713283,0.00033304744666752973,14,1,2025-10-21
MGM/PTC,MGM,PTC,beta_neutral,0.0,-1.0501377481713283,-1.0501377481713283,6.571683373912349e-73,0,1,2025-10-21
AMAT/TRMB,AMAT,TRMB,short_term_beta_neutral,1065.000636190523,0.338020415485976,-1.2427167176541043,0.9904025842595154,8,1,2025-10-21
AMAT/FISV,AMAT,FISV,short_term_beta_neutral,1824.497938602467,0.5709009701119838,-1.2427167176541043,0.9999998333967031,16,1,2025-10-21
LRCX/FMC,LRCX,FMC,short_term_beta_neutral,2216.368048020848,0.5806798499888853,-1.2427167176541043,0.999999734739069,16,1,2025-10-21
LRCX/BR,LRCX,BR,short_term_beta_neutral,2676.359077836079,1.2245047034864291,-1.2427167176541043,0.9999999977053612,14,1,2025-10-21
DVA/KLAC,DVA,KLAC,short_term_beta_neutral,765.7514593626568,0.404702131497367,-1.2427167176541043,0.9998778021444235,16,1,2025-10-21
DVA/INTU,DVA,INTU,short_term_beta_neutral,-181.3740015951005,-0.16294157758832253,-1.2427167176541043,3.927797093948265e-08,14,1,2025-10-21
TER/EFX,TER,EFX,short_term_beta_neutral,-280.0593488552811,-0.09710300779479142,-1.2427167176541043,7.376392032905666e-05,14,1,2025-10-21
TER/FOXA,TER,FOXA,short_term_beta_neutral,663.0949918219687,0.5426001090938106,-1.2427167176541043,0.9999745030923054,8,1,2025-10-21
JBL/FOX,JBL,FOX,short_term_beta_neutral,1176.398954008653,1.1489357850667785,-1.2427167176541043,0.9999988134973881,8,1,2025-10-21
JBL/ULTA,JBL,ULTA,short_term_beta_neutral,938.9937834912977,0.3431143303354338,-1.2427167176541043,0.9940367432114791,10,1,2025-10-21
KEYS/NFLX,KEYS,NFLX,short_term_beta_neutral,-1676.996999999997,-1.4202780977971685,-1.2427167176541043,1.8807491243459519e-13,10,1,2025-10-21
KEYS/CPRT,KEYS,CPRT,short_term_beta_neutral,358.2499999999922,0.1284345556877931,-1.2427167176541043,0.6563075796098176,18,1,2025-10-21
CVS/CTSH,CVS,CTSH,short_term_beta_neutral,855.7003831790644,0.402173988107256,-1.2427167176541043,0.9998878866144566,22,1,2025-10-21
CVS/ADBE,CVS,ADBE,short_term_beta_neutral,-236.1652441662006,-0.07691449708976845,-1.2427167176541043,0.0028490936194669352,22,1,2025-10-21
MGM/PTC,MGM,PTC,short_term_beta_neutral,-1850.329999999997,-1.7109547185409526,-1.2427167176541043,2.032436408370261e-16,8,1,2025-10-21
AMAT/TRMB,AMAT,TRMB,no_skip_month,2570.364532134025,0.5391872500925197,-1.4072658522650805,0.9989238575437508,8,1,2025-10-21
AMAT/FISV,AMAT,FISV,no_skip_month,-2881.233612621355,-0.6816724848427742,-1.4072658522650805,7.573301077839358e-06,20,1,2025-10-21
LRCX/FMC,LRCX,FMC,no_skip_month,2587.226925999294,0.8747313170896367,-1.4072658522650805,0.9999999997340311,16,1,2025-10-21
LRCX/BR,LRCX,BR,no_skip_month,-1361.315635428385,-0.27231026430056,-1.4072658522650805,1.3017443792987937e-10,8,1,2025-10-21
DVA/KLAC,DVA,KLAC,no_skip_month,284.9899500548421,0.148172972885379,-1.4072658522650805,0.7191417886288061,12,1,2025-10-21
DVA/INTU,DVA,INTU,no_skip_month,842.2247729924788,0.841022507368237,-1.4072658522650805,0.9999999886200018,8,1,2025-10-21
TER/EFX,TER,EFX,no_skip_month,-135.0094450247021,-0.05679617335482364,-1.4072658522650805,0.00248495043356676,16,1,2025-10-21
TER/FOXA,TER,FOXA,no_skip_month,1862.871839403022,0.7506362592404816,-1.4072658522650805,0.9999938105942137,8,1,2025-10-21
JBL/FOX,JBL,FOX,no_skip_month,-964.0779066143059,-0.6590490081085598,-1.4072658522650805,6.329441395907552e-09,4,1,2025-10-21
JBL/ULTA,JBL,ULTA,no_skip_month,-3448.684090362464,-0.8952455111804618,-1.4072658522650805,9.624592737018423e-06,6,1,2025-10-21
KEYS/NFLX,KEYS,NFLX,no_skip_month,-525.6159999999987,-0.8752184950854086,-1.4072658522650805,0.005419937091168348,2,1,2025-10-21
KEYS/CPRT,KEYS,CPRT,no_skip_month,-724.3000000000001,-0.6131023454536004,-1.4072658522650805,4.540851414863842e-19,12,1,2025-10-21
CVS/CTSH,CVS,CTSH,no_skip_month,2398.699492136525,1.0960332142696978,-1.4072658522650805,0.9999999999999853,14,1,2025-10-21
CVS/ADBE,CVS,ADBE,no_skip_month,-94.47079698782989,-0.05105791745315644,-1.4072658522650805,0.0010565708373688181,16,1,2025-10-21
MGM/PTC,MGM,PTC,no_skip_month,1451.849999999995,0.6287758094822218,-1.4072658522650805,0.9999075492147472,4,1,2025-10-21
AMAT/TRMB,AMAT,TRMB,fast_rebalance,853.0797954863926,0.6611055867629014,-1.6161116954647483,0.9999932044368389,8,1,2025-10-21
AMAT/FISV,AMAT,FISV,fast_rebalance,1359.708000613657,0.6400547755413616,-1.6161116954647483,0.9999999956498713,14,1,2025-10-21
LRCX/FMC,LRCX,FMC,fast_rebalance,1180.530407909702,0.4160155189249177,-1.6161116954647483,0.9999918710447878,16,1,2025-10-21
LRCX/BR,LRCX,BR,fast_rebalance,2979.058471853517,1.164490938475522,-1.6161116954647483,0.9999999972341714,14,1,2025-10-21
DVA/KLAC,DVA,KLAC,fast_rebalance,1307.601339769637,0.5047533347756179,-1.6161116954647483,0.9999846845834061,14,1,2025-10-21
DVA/INTU,DVA,INTU,fast_rebalance,-488.5421529707857,-0.4409761770525475,-1.6161116954647483,2.682106953963798e-15,14,1,2025-10-21
TER/EFX,TER,EFX,fast_rebalance,-2110.93634856371,-1.0704727421032643,-1.6161116954647483,2.73372202017025e-13,14,1,2025-10-21
TER/FOXA,TER,FOXA,fast_rebalance,953.7900363835879,0.876919375183758,-1.6161116954647483,0.9999945524350204,6,1,2025-10-21
JBL/FOX,JBL,FOX,fast_rebalance,165.0619866446847,0.2525824443736181,-1.6161116954647483,0.9937259224219918,4,1,2025-10-21
JBL/ULTA,JBL,ULTA,fast_rebalance,668.0681069571186,0.353691891510806,-1.6161116954647483,0.9984028164365497,8,1,2025-10-21
KEYS/NFLX,KEYS,NFLX,fast_rebalance,-3736.738999999997,-1.3137933653827252,-1.6161116954647483,1.396887214250266e-06,10,1,2025-10-21
KEYS/CPRT,KEYS,CPRT,fast_rebalance,822.9700000000014,0.5502737496062535,-1.6161116954647483,0.999999881606599,18,1,2025-10-21
CVS/CTSH,CVS,CTSH,fast_rebalance,1022.467706932337,0.6583832245979635,-1.6161116954647483,0.9999999960547156,20,1,2025-10-21
CVS/ADBE,CVS,ADBE,fast_rebalance,876.8937889538929,0.33077131037706126,-1.6161116954647483,0.9998734187062502,22,1,2025-10-21
MGM/PTC,MGM,PTC,fast_rebalance,422.9599999999996,0.46992944428965594,-1.6161116954647483,0.996367417886412,2,1,2025-10-21
AMAT/TRMB,AMAT,TRMB,uniform_weights,0.0,-1.621707038628441,-1.621707038628441,6.287392867614073e-108,2,1,2025-10-21
AMAT/FISV,AMAT,FISV,uniform_weights,-84.27470320329553,-0.03749921276136562,-1.621707038628441,0.002538998828385784,16,1,2025-10-21
LRCX/FMC,LRCX,FMC,uniform_weights,3582.414160460588,1.2526402288890133,-1.621707038628441,0.9999999995926239,12,1,2025-10-21
LRCX/BR,LRCX,BR,uniform_weights,1575.870847739706,0.9471647131382809,-1.621707038628441,0.9999224238617599,6,1,2025-10-21
DVA/KLAC,DVA,KLAC,uniform_weights,1443.908835874455,0.7363575053711369,-1.621707038628441,0.9999047220791581,10,1,2025-10-21
DVA/INTU,DVA,INTU,uniform_weights,1863.689923513432,1.4798006668534904,-1.621707038628441,0.9999694765523576,6,1,2025-10-21
TER/EFX,TER,EFX,uniform_weights,-946.2777141987832,-0.7282831919390341,-1.621707038628441,3.3513222580286277e-06,6,1,2025-10-21
TER/FOXA,TER,FOXA,uniform_weights,1881.094646728351,0.7517399055869147,-1.621707038628441,0.999993088283217,8,1,2025-10-21
JBL/FOX,JBL,FOX,uniform_weights,-532.2511752227219,-0.42986324343621923,-1.621707038628441,1.507482825110723e-07,2,1,2025-10-21
JBL/ULTA,JBL,ULTA,uniform_weights,713.0615289028185,0.7863721199864622,-1.621707038628441,0.9991139177548474,2,1,2025-10-21
KEYS/NFLX,KEYS,NFLX,uniform_weights,-530.9079999999988,-0.8781405142854847,-1.621707038628441,0.005427879056087273,2,1,2025-10-21
KEYS/CPRT,KEYS,CPRT,uniform_weights,-117.2099999999996,-0.10685537816202625,-1.621707038628441,3.856067659989558e-06,10,1,2025-10-21
CVS/CTSH,CVS,CTSH,uniform_weights,735.6998702822436,0.49162873366175547,-1.621707038628441,0.9999868144788854,10,1,2025-10-21
CVS/ADBE,CVS,ADBE,uniform_weights,-132.4906115632969,-0.07429955468864025,-1.621707038628441,0.00023019428903651193,14,1,2025-10-21
MGM/PTC,MGM,PTC,uniform_weights,0.0,-1.621707038628441,-1.621707038628441,6.287392867614073e-108,0,1,2025-10-21
AMAT/TRMB,AMAT,TRMB,raw_momentum_kalman,0.0,-1.6518056868439424,-1.6518056868439424,2.3279372588675766e-109,2,1,2025-10-21
AMAT/FISV,AMAT,FISV,raw_momentum_kalman,-70.5573920700931,-0.03110087925824912,-1.6518056868439424,0.0036655858476094694,16,1,2025-10-21
LRCX/FMC,LRCX,FMC,raw_momentum_kalman,4755.677348310512,1.8726627407634155,-1.6518056868439424,0.9999999271495688,8,1,2025-10-21
LRCX/BR,LRCX,BR,raw_momentum_kalman,1262.631379840061,0.7726214568430719,-1.6518056868439424,0.9997170008166301,6,1,2025-10-21
DVA/KLAC,DVA,KLAC,raw_momentum_kalman,2280.946820513404,1.3675208012947329,-1.6518056868439424,0.9999996840064083,8,1,2025-10-21
DVA/INTU,DVA,INTU,raw_momentum_kalman,1739.910971657757,1.4011010264528019,-1.6518056868439424,0.9999529725917743,6,1,2025-10-21
TER/EFX,TER,EFX,raw_momentum_kalman,-1007.789221862744,-0.7748830693968866,-1.6518056868439424,3.6796584580633216e-06,6,1,2025-10-21
TER/FOXA,TER,FOXA,raw_momentum_kalman,1829.459145730668,0.743842444394561,-1.6518056868439424,0.9999946138112369,8,1,2025-10-21
JBL/FOX,JBL,FOX,raw_momentum_kalman,0.0,-1.6518056868439424,-1.6518056868439424,2.3279372588675766e-109,0,1,2025-10-21
JBL/ULTA,JBL,ULTA,raw_momentum_kalman,713.0615289028185,0.7863721199864622,-1.6518056868439424,0.9991139177548474,2,1,2025-10-21
KEYS/NFLX,KEYS,NFLX,raw_momentum_kalman,-527.7860000000003,-0.8708220308337019,-1.6518056868439424,0.005405052853098953,2,1,2025-10-21
KEYS/CPRT,KEYS,CPRT,raw_momentum_kalman,14.54999999999711,0.01443639372565756,-1.6518056868439424,0.038654706444822474,8,1,2025-10-21
CVS/CTSH,CVS,CTSH,raw_momentum_kalman,-166.7802484982747,-0.1326750762137884,-1.6518056868439424,1.2291097198091525e-05,12,1,2025-10-21
CVS/ADBE,CVS,ADBE,raw_momentum_kalman,56.37296959501475,0.037806021613333796,-1.6518056868439424,0.0943588607873374,8,1,2025-10-21
MGM/PTC,MGM,PTC,raw_momentum_kalman,0.0,-1.6518056868439424,-1.6518056868439424,2.3279372588675766e-109,0,1,2025-10-21
AMAT/TRMB,AMAT,TRMB,kalman_hedge,-169.1199999999994,-0.23093136546317436,-1.684022734946676,2.903691208550638e-06,4,1,2025-10-21
AMAT/FISV,AMAT,FISV,kalman_hedge,-475.5288110561746,-0.20281963086543275,-1.684022734946676,5.3842385615225586e-08,18,1,2025-10-21
LRCX/FMC,LRCX,FMC,kalman_hedge,3128.927196598508,1.0492012767287424,-1.684022734946676,0.9999999996978962,14,1,2025-10-21
LRCX/BR,LRCX,BR,kalman_hedge,1575.501379840063,0.938996617781446,-1.684022734946676,0.9999127063185377,6,1,2025-10-21
DVA/KLAC,DVA,KLAC,kalman_hedge,1459.030408462292,0.7420544297021423,-1.684022734946676,0.9999057755288406,10,1,2025-10-21
DVA/INTU,DVA,INTU,kalman_hedge,1863.012696131952,1.4821223963955032,-1.684022734946676,0.9999679388901094,6,1,2025-10-21
TER/EFX,TER,EFX,kalman_hedge,-1103.454061290051,-0.5823808812833728,-1.684022734946676,1.0675919905097788e-08,12,1,2025-10-21
TER/FOXA,TER,FOXA,kalman_hedge,1832.71414818767,0.744880839962729,-1.684022734946676,0.9999947272299422,8,1,2025-10-21
JBL/FOX,JBL,FOX,kalman_hedge,-543.9589959962902,-0.4472733427472557,-1.684022734946676,3.624161232490869e-07,2,1,2025-10-21
JBL/ULTA,JBL,ULTA,kalman_hedge,713.0615289028185,0.7863721199864622,-1.684022734946676,0.9991139177548474,2,1,2025-10-21
KEYS/NFLX,KEYS,NFLX,kalman_hedge,-527.7860000000003,-0.8708220308337019,-1.684022734946676,0.005405052853098953,2,1,2025-10-21
KEYS/CPRT,KEYS,CPRT,kalman_hedge,24.39999999999731,0.02454941955549781,-1.684022734946676,0.0603630606372917,8,1,2025-10-21
CVS/CTSH,CVS,CTSH,kalman_hedge,412.9967742292339,0.27926693132210434,-1.684022734946676,0.9977592395977116,12,1,2025-10-21
CVS/ADBE,CVS,ADBE,kalman_hedge,-347.2747711998986,-0.19305020732596806,-1.684022734946676,6.988748820692041e-08,16,1,2025-10-21
MGM/PTC,MGM,PTC,kalman_hedge,0.0,-1.684022734946676,-1.684022734946676,7.526031814995544e-111,0,1,2025-10-21
AMAT/TRMB,AMAT,TRMB,short_term_tilt,853.0797954863926,0.6611055867629014,-1.6896438042429494,0.9999932044368389,8,1,2025-10-21
AMAT/FISV,AMAT,FISV,short_term_tilt,1359.708000613657,0.6400547755413616,-1.6896438042429494,0.9999999956498713,14,1,2025-10-21
LRCX/FMC,LRCX,FMC,short_term_tilt,1006.617317619015,0.3522386301364121,-1.6896438042429494,0.9999189299023818,16,1,2025-10-21
LRCX/BR,LRCX,BR,short_term_tilt,2979.058471853517,1.164490938475522,-1.6896438042429494,0.9999999972341714,14,1,2025-10-21
DVA/KLAC,DVA,KLAC,short_term_tilt,986.3155325314527,0.5544210554708693,-1.6896438042429494,0.9999258049397904,14,1,2025-10-21
DVA/INTU,DVA,INTU,short_term_tilt,-214.322562591783,-0.1931233196895961,-1.6896438042429494,5.61150972731617e-10,12,1,2025-10-21
TER/EFX,TER,EFX,short_term_tilt,-2110.93634856371,-1.0704727421032643,-1.6896438042429494,2.73372202017025e-13,14,1,2025-10-21
TER/FOXA,TER,FOXA,short_term_tilt,953.7900363835879,0.876919375183758,-1.6896438042429494,0.9999945524350204,6,1,2025-10-21
JBL/FOX,JBL,FOX,short_term_tilt,63.63656053896705,0.0956598838573985,-1.6896438042429494,0.3873483961395644,6,1,2025-10-21
JBL/ULTA,JBL,ULTA,short_term_tilt,750.7576566415831,0.3131584356426529,-1.6896438042429494,0.9961435736042942,10,1,2025-10-21
KEYS/NFLX,KEYS,NFLX,short_term_tilt,-3740.744999999995,-1.3158584400394921,-1.6896438042429494,1.4392730811941584e-06,10,1,2025-10-21
KEYS/CPRT,KEYS,CPRT,short_term_tilt,852.0300000000007,0.567019386996605,-1.6896438042429494,0.9999999206873802,18,1,2025-10-21
CVS/CTSH,CVS,CTSH,short_term_tilt,1062.18412570131,0.6889215587990479,-1.6896438042429494,0.999999995900272,18,1,2025-10-21
CVS/ADBE,CVS,ADBE,short_term_tilt,837.2338984607057,0.3137938359385743,-1.6896438042429494,0.9998112517047586,22,1,2025-10-21
MGM/PTC,MGM,PTC,short_term_tilt,422.9599999999996,0.46992944428965594,-1.6896438042429494,0.996367417886412,2,1,2025-10-21
AMAT/TRMB,AMAT,TRMB,let_profits_run,-4019.87665386944,-1.5635590782789928,-1.6902974919847509,7.915007876751012e-07,2,1,2025-10-21
AMAT/FISV,AMAT,FISV,let_profits_run,705.8350656641792,0.13589089182776612,-1.6902974919847509,0.7396630684015831,14,1,2025-10-21
LRCX/FMC,LRCX,FMC,let_profits_run,3457.663470537414,1.1450230312586633,-1.6902974919847509,0.9999999960631769,6,1,2025-10-21
LRCX/BR,LRCX,BR,let_profits_run,1112.786613013644,0.8147275994180418,-1.6902974919847509,0.9996854952450454,4,1,2025-10-21
DVA/KLAC,DVA,KLAC,let_profits_run,1920.499011155048,0.7740162597238008,-1.6902974919847509,0.9999942394799469,10,1,2025-10-21
DVA/INTU,DVA,INTU,let_profits_run,-602.3807648719376,-0.6745934334731672,-1.6902974919847509,5.894032850765596e-11,8,1,2025-10-21
TER/EFX,TER,EFX,let_profits_run,-463.3720665762793,-0.4754526612387206,-1.6902974919847509,0.0008055476748023488,4,1,2025-10-21
TER/FOXA,TER,FOXA,let_profits_run,343.1760832826094,0.19803470273136878,-1.6902974919847509,0.9100803449587012,4,1,2025-10-21
JBL/FOX,JBL,FOX,let_profits_run,-626.5381433865707,-0.4967770387252777,-1.6902974919847509,8.639599466912825e-08,2,1,2025-10-21
JBL/ULTA,JBL,ULTA,let_profits_run,-842.3235293361103,-1.3634584477245364,-1.6902974919847509,5.319099959035716e-05,4,1,2025-10-21
KEYS/NFLX,KEYS,NFLX,let_profits_run,1902.404000000002,1.5521389631537146,-1.6902974919847509,0.9999994571264008,4,1,2025-10-21
KEYS/CPRT,KEYS,CPRT,let_profits_run,744.5800000000014,0.921878747281342,-1.6902974919847509,0.9999995450567911,6,1,2025-10-21
CVS/CTSH,CVS,CTSH,let_profits_run,1314.036430883964,1.205130421262951,-1.6902974919847509,0.9999999668863674,4,1,2025-10-21
CVS/ADBE,CVS,ADBE,let_profits_run,2128.639923881525,0.8472812081385834,-1.6902974919847509,0.9999941475607039,8,1,2025-10-21
MGM/PTC,MGM,PTC,let_profits_run,-302.84,-0.9635244160895067,-1.6902974919847509,3.758234606516071e-07,2,1,2025-10-21
AMAT/TRMB,AMAT,TRMB,raw_momentum,0.0,-1.7256012599125392,-1.7256012599125392,1.036409899023594e-112,2,1,2025-10-21
AMAT/FISV,AMAT,FISV,raw_momentum,576.4706670683756,0.2704144146404691,-1.7256012599125392,0.994851650118977,14,1,2025-10-21
LRCX/FMC,LRCX,FMC,raw_momentum,4501.184218967562,1.6195723962245032,-1.7256012599125392,0.999999998485909,10,1,2025-10-21
LRCX/BR,LRCX,BR,raw_momentum,721.050847739705,0.47642192350536655,-1.7256012599125392,0.9960380387404001,6,1,2025-10-21
DVA/KLAC,DVA,KLAC,raw_momentum,1427.456170343104,0.7295105795662565,-1.7256012599125392,0.999906065066547,10,1,2025-10-21
DVA/INTU,DVA,INTU,raw_momentum,1739.910971657757,1.4011010264528019,-1.7256012599125392,0.9999529725917743,6,1,2025-10-21
TER/EFX,TER,EFX,raw_momentum,-1124.597735717137,-0.8647685688829524,-1.7256012599125392,3.1048322295195787e-06,8,1,2025-10-21
TER/FOXA,TER,FOXA,raw_momentum,1876.73860741369,0.7503483288724718,-1.7256012599125392,0.999993163480143,8,1,2025-10-21
JBL/FOX,JBL,FOX,raw_momentum,0.0,-1.7256012599125392,-1.7256012599125392,1.036409899023594e-112,0,1,2025-10-21
JBL/ULTA,JBL,ULTA,raw_momentum,713.0615289028185,0.7863721199864622,-1.7256012599125392,0.9991139177548474,2,1,2025-10-21
KEYS/NFLX,KEYS,NFLX,raw_momentum,-530.9079999999988,-0.8781405142854847,-1.7256012599125392,0.005427879056087273,2,1,2025-10-21
KEYS/CPRT,KEYS,CPRT,raw_momentum,43.33000000000175,0.044094052916472136,-1.7256012599125392,0.12441453520802526,8,1,2025-10-21
CVS/CTSH,CVS,CTSH,raw_momentum,173.1998702822432,0.1358134384749449,-1.7256012599125392,0.6786168672805013,10,1,2025-10-21
CVS/ADBE,CVS,ADBE,raw_momentum,52.36985784159145,0.035188941347469985,-1.7256012599125392,0.0859097215134621,8,1,2025-10-21
MGM/PTC,MGM,PTC,raw_momentum,0.0,-1.7256012599125392,-1.7256012599125392,1.036409899023594e-112,0,1,2025-10-21
AMAT/TRMB,AMAT,TRMB,vol_weighted_sizing,-180.150000000002,-0.2611980992852475,-1.7355857662428678,2.7523030228124618e-06,4,1,2025-10-21
AMAT/FISV,AMAT,FISV,vol_weighted_sizing,-507.9952076764564,-0.2188486470106796,-1.7355857662428678,1.7832543136167347e-08,18,1,2025-10-21
LRCX/FMC,LRCX,FMC,vol_weighted_sizing,2728.214128541818,0.9222597408127778,-1.7355857662428678,0.9999999997203364,14,1,2025-10-21
LRCX/BR,LRCX,BR,vol_weighted_sizing,1572.050847739706,0.9456949965628885,-1.7355857662428678,0.9999206690135515,6,1,2025-10-21
DVA/KLAC,DVA,KLAC,vol_weighted_sizing,1439.048835874455,0.7338804374863142,-1.7355857662428678,0.9999029596372222,10,1,2025-10-21
DVA/INTU,DVA,INTU,vol_weighted_sizing,1860.739923513432,1.4799357668770847,-1.7355857662428678,0.9999682104167514,6,1,2025-10-21
TER/EFX,TER,EFX,vol_weighted_sizing,-1086.523847890341,-0.5703495839352187,-1.7355857662428678,1.4120370142496188e-08,12,1,2025-10-21
TER/FOXA,TER,FOXA,vol_weighted_sizing,1877.314081432272,0.7512346145567268,-1.7355857662428678,0.9999927329418279,8,1,2025-10-21
JBL/FOX,JBL,FOX,vol_weighted_sizing,-532.2511752227219,-0.42986324343621923,-1.7355857662428678,1.507482825110723e-07,2,1,2025-10-21
JBL/ULTA,JBL,ULTA,vol_weighted_sizing,713.0615289028185,0.7863721199864622,-1.7355857662428678,0.9991139177548474,2,1,2025-10-21
KEYS/NFLX,KEYS,NFLX,vol_weighted_sizing,-530.9079999999988,-0.8781405142854847,-1.7355857662428678,0.005427879056087273,2,1,2025-10-21
KEYS/CPRT,KEYS,CPRT,vol_weighted_sizing,37.72000000000037,0.038478865621081014,-1.7355857662428678,0.10282819082384576,8,1,2025-10-21
CVS/CTSH,CVS,CTSH,vol_weighted_sizing,360.1175973474985,0.23610918182370502,-1.7355857662428678,0.9831978830363255,12,1,2025-10-21
CVS/ADBE,CVS,ADBE,vol_weighted_sizing,-339.7849116621891,-0.18965626621391696,-1.7355857662428678,9.06990432310009e-08,16,1,2025-10-21
MGM/PTC,MGM,PTC,vol_weighted_sizing,0.0,-1.7355857662428678,-1.7355857662428678,3.792269667449287e-113,0,1,2025-10-21
AMAT/TRMB,AMAT,TRMB,slow_rebalance,0.0,-1.7396880351030304,-1.7396880351030304,2.5155901112682302e-113,2,1,2025-10-21
AMAT/FISV,AMAT,FISV,slow_rebalance,-2316.555893131308,-0.4122017421643633,-1.7396880351030304,3.919876568105987e-09,16,1,2025-10-21
LRCX/FMC,LRCX,FMC,slow_rebalance,1647.792798303303,0.6200282199752557,-1.7396880351030304,0.9999999635624283,10,1,2025-10-21
LRCX/BR,LRCX,BR,slow_rebalance,1978.622072767901,1.2121710068491076,-1.7396880351030304,0.999977198355123,6,1,2025-10-21
DVA/KLAC,DVA,KLAC,slow_rebalance,3252.907639655286,1.416339560152232,-1.7396880351030304,0.9999999955438124,10,1,2025-10-21
DVA/INTU,DVA,INTU,slow_rebalance,-165.7557205869617,-0.23380635621569967,-1.7396880351030304,1.7306378258082232e-07,8,1,2025-10-21
TER/EFX,TER,EFX,slow_rebalance,-626.3240307093716,-0.4664073311267839,-1.7396880351030304,6.573722574241819e-05,8,1,2025-10-21
TER/FOXA,TER,FOXA,slow_rebalance,317.5934053356211,0.155397679406351,-1.7396880351030304,0.7904391150808862,6,1,2025-10-21
JBL/FOX,JBL,FOX,slow_rebalance,-857.1278282338387,-0.6753644473539949,-1.7396880351030304,1.5951868727563246e-06,2,1,2025-10-21
JBL/ULTA,JBL,ULTA,slow_rebalance,-412.8513389229876,-0.378877387820309,-1.7396880351030304,4.053567875963239e-06,4,1,2025-10-21
KEYS/NFLX,KEYS,NFLX,slow_rebalance,96.33499999999867,0.07558020346660992,-1.7396880351030304,0.2600603928353725,4,1,2025-10-21
KEYS/CPRT,KEYS,CPRT,slow_rebalance,1004.949999999997,0.8850136173966383,-1.7396880351030304,0.9999999628228922,12,1,2025-10-21
CVS/CTSH,CVS,CTSH,slow_rebalance,2462.232923538013,1.917056579157899,-1.7396880351030304,0.9999999993627303,8,1,2025-10-21
CVS/ADBE,CVS,ADBE,slow_rebalance,650.8453051806293,0.365720876122758,-1.7396880351030304,0.9992401279234153,10,1,2025-10-21
MGM/PTC,MGM,PTC,slow_rebalance,0.0,-1.7396880351030304,-1.7396880351030304,2.5155901112682302e-113,0,1,2025-10-21
AMAT/TRMB,AMAT,TRMB,balanced,0.0,-1.741726034197087,-1.741726034197087,2.0527034016974716e-113,2,1,2025-10-21
AMAT/FISV,AMAT,FISV,balanced,-475.3561734274401,-0.20826420255576492,-1.741726034197087,3.306959933907929e-08,16,1,2025-10-21
LRCX/FMC,LRCX,FMC,balanced,3781.763524643551,1.3123530181855227,-1.741726034197087,0.9999999997758652,12,1,2025-10-21
LRCX/BR,LRCX,BR,balanced,1575.870847739706,0.9471647131382809,-1.741726034197087,0.9999224238617599,6,1,2025-10-21
DVA/KLAC,DVA,KLAC,balanced,1443.908835874455,0.7363575053711369,-1.741726034197087,0.9999047220791581,10,1,2025-10-21
DVA/INTU,DVA,INTU,balanced,838.307532904334,0.8298453140877248,-1.741726034197087,0.9999999857821934,8,1,2025-10-21
TER/EFX,TER,EFX,balanced,-1061.557735717135,-0.8146722800217084,-1.741726034197087,2.907526885594724e-06,8,1,2025-10-21
TER/FOXA,TER,FOXA,balanced,1881.094646728351,0.7517399055869147,-1.741726034197087,0.999993088283217,8,1,2025-10-21
JBL/FOX,JBL,FOX,balanced,0.0,-1.741726034197087,-1.741726034197087,2.0527034016974716e-113,0,1,2025-10-21
JBL/ULTA,JBL,ULTA,balanced,636.7815289028197,0.43346952047780596,-1.741726034197087,0.9998993736500335,4,1,2025-10-21
KEYS/NFLX,KEYS,NFLX,balanced,-530.9079999999988,-0.8781405142854847,-1.741726034197087,0.005427879056087273,2,1,2025-10-21
KEYS/CPRT,KEYS,CPRT,balanced,-117.2099999999982,-0.106857487396337,-1.741726034197087,3.835012397746556e-06,10,1,2025-10-21
CVS/CTSH,CVS,CTSH,balanced,730.9509168948903,0.4882240541363813,-1.741726034197087,0.999984885238407,10,1,2025-10-21
CVS/ADBE,CVS,ADBE,balanced,-132.2752166589428,-0.07429195946578247,-1.741726034197087,0.00022853965211686435,14,1,2025-10-21
MGM/PTC,MGM,PTC,balanced,0.0,-1.741726034197087,-1.741726034197087,2.0527034016974716e-113,0,1,2025-10-21
AMAT/TRMB,AMAT,TRMB,default,0.0,-1.7819182861928533,-1.7819182861928533,4.013507669337046e-115,2,1,2025-10-21
AMAT/FISV,AMAT,FISV,default,-84.27470320329553,-0.03749921276136562,-1.7819182861928533,0.002538998828385784,16,1,2025-10-21
LRCX/FMC,LRCX,FMC,default,3781.763524643551,1.3123530181855227,-1.7819182861928533,0.9999999997758652,12,1,2025-10-21
LRCX/BR,LRCX,BR,default,1575.870847739706,0.9471647131382809,-1.7819182861928533,0.9999224238617599,6,1,2025-10-21
DVA/KLAC,DVA,KLAC,default,1443.908835874455,0.7363575053711369,-1.7819182861928533,0.9999047220791581,10,1,2025-10-21
DVA/INTU,DVA,INTU,default,838.307532904334,0.8298453140877248,-1.7819182861928533,0.9999999857821934,8,1,2025-10-21
TER/EFX,TER,EFX,default,-1061.557735717135,-0.8146722800217084,-1.7819182861928533,2.907526885594724e-06,8,1,2025-10-21
TER/FOXA,TER,FOXA,default,1881.094646728351,0.7517399055869147,-1.7819182861928533,0.999993088283217,8,1,2025-10-21
JBL/FOX,JBL,FOX,default,0.0,-1.7819182861928533,-1.7819182861928533,4.013507669337046e-115,0,1,2025-10-21
JBL/ULTA,JBL,ULTA,default,146.7115289028195,0.1382289087207377,-1.7819182861928533,0.7150664901443964,4,1,2025-10-21
KEYS/NFLX,KEYS,NFLX,default,-530.9079999999988,-0.8781405142854847,-1.7819182861928533,0.005427879056087273,2,1,2025-10-21
KEYS/CPRT,KEYS,CPRT,default,-117.2099999999982,-0.106857487396337,-1.7819182861928533,3.835012397746556e-06,10,1,2025-10-21
CVS/CTSH,CVS,CTSH,default,730.9998702822434,0.48877284237628515,-1.7819182861928533,0.9999857859719196,10,1,2025-10-21
CVS/ADBE,CVS,ADBE,default,-132.4906115632969,-0.07429955468864025,-1.7819182861928533,0.00023019428903651193,14,1,2025-10-21
MGM/PTC,MGM,PTC,default,0.0,-1.7819182861928533,-1.7819182861928533,4.013507669337046e-115,0,1,2025-10-21
AMAT/TRMB,AMAT,TRMB,entry_filter_kalman,0.0,-1.8038031362434628,-1.8038031362434628,4.9997670099333966e-116,2,1,2025-10-21
AMAT/FISV,AMAT,FISV,entry_filter_kalman,267.4967552913149,0.10937724805844404,-1.8038031362434628,0.5131558068946063,16,1,2025-10-21
LRCX/FMC,LRCX,FMC,entry_filter_kalman,3724.550252546272,1.2697642171182157,-1.8038031362434628,0.9999999998681451,10,1,2025-10-21
LRCX/BR,LRCX,BR,entry_filter_kalman,1263.161379840062,0.7729464810770698,-1.8038031362434628,0.9997173007884395,6,1,2025-10-21
DVA/KLAC,DVA,KLAC,entry_filter_kalman,2190.130408462296,1.1808850479952238,-1.8038031362434628,0.9999940065147098,10,1,2025-10-21
DVA/INTU,DVA,INTU,entry_filter_kalman,696.3800113049324,0.36317348902576035,-1.8038031362434628,0.9727225262376069,6,1,2025-10-21
TER/EFX,TER,EFX,entry_filter_kalman,-946.2777141987832,-0.7282831919390341,-1.8038031362434628,3.3513222580286277e-06,6,1,2025-10-21
TER/FOXA,TER,FOXA,entry_filter_kalman,1357.477004973185,0.7041908356455894,-1.8038031362434628,0.9999997702569932,6,1,2025-10-21
JBL/FOX,JBL,FOX,entry_filter_kalman,-531.7022406578723,-0.4371541930753126,-1.8038031362434628,2.8814924461019677e-07,2,1,2025-10-21
JBL/ULTA,JBL,ULTA,entry_filter_kalman,713.0615289028185,0.7863721199864622,-1.8038031362434628,0.9991139177548474,2,1,2025-10-21
KEYS/NFLX,KEYS,NFLX,entry_filter_kalman,-527.7860000000003,-0.8708220308337019,-1.8038031362434628,0.005405052853098953,2,1,2025-10-21
KEYS/CPRT,KEYS,CPRT,entry_filter_kalman,277.8700000000009,0.24181785191357677,-1.8038031362434628,0.9634806426890433,8,1,2025-10-21
CVS/CTSH,CVS,CTSH,entry_filter_kalman,174.134118386093,0.1274702967748432,-1.8038031362434628,0.6476016460049269,10,1,2025-10-21
CVS/ADBE,CVS,ADBE,entry_filter_kalman,-387.4624795114465,-0.20613161560965892,-1.8038031362434628,1.4259180742736341e-08,12,1,2025-10-21
MGM/PTC,MGM,PTC,entry_filter_kalman,0.0,-1.8038031362434628,-1.8038031362434628,4.9997670099333966e-116,0,1,2025-10-21
AMAT/TRMB,AMAT,TRMB,entry_threshold_strong,0.0,-1.8179740595742808,-1.8179740595742808,1.3266458341647249e-116,2,1,2025-10-21
AMAT/FISV,AMAT,FISV,entry_threshold_strong,237.1015950030421,0.09772188802716308,-1.8179740595742808,0.4257303694412428,16,1,2025-10-21
LRCX/FMC,LRCX,FMC,entry_threshold_strong,3745.564930382959,1.3129799290514477,-1.8179740595742808,0.9999999998713135,10,1,2025-10-21
LRCX/BR,LRCX,BR,entry_threshold_strong,1253.190847739706,0.7753541658060134,-1.8179740595742808,0.9997270812784074,6,1,2025-10-21
DVA/KLAC,DVA,KLAC,entry_threshold_strong,2162.754995405399,1.1796611382952502,-1.8179740595742808,0.9999933962313496,10,1,2025-10-21
DVA/INTU,DVA,INTU,entry_threshold_strong,696.3800113049324,0.36317348902576035,-1.8179740595742808,0.9727225262376069,6,1,2025-10-21
TER/EFX,TER,EFX,entry_threshold_strong,-946.2777141987832,-0.7282831919390341,-1.8179740595742808,3.3513222580286277e-06,6,1,2025-10-21
TER/FOXA,TER,FOXA,entry_threshold_strong,1355.861794109934,0.6997833694447045,-1.8179740595742808,0.9999997886346186,6,1,2025-10-21
JBL/FOX,JBL,FOX,entry_threshold_strong,-517.4836041478707,-0.4175766238301884,-1.8179740595742808,9.685209685048008e-08,2,1,2025-10-21
JBL/ULTA,JBL,ULTA,entry_threshold_strong,713.0615289028185,0.7863721199864622,-1.8179740595742808,0.9991139177548474,2,1,2025-10-21
KEYS/NFLX,KEYS,NFLX,entry_threshold_strong,-530.9079999999988,-0.8781405142854847,-1.8179740595742808,0.005427879056087273,2,1,2025-10-21
KEYS/CPRT,KEYS,CPRT,entry_threshold_strong,311.9300000000006,0.27480007301751846,-1.8179740595742808,0.9839086302568474,8,1,2025-10-21
CVS/CTSH,CVS,CTSH,entry_threshold_strong,136.2549415043577,0.09617953417093371,-1.8179740595742808,0.4145442891894162,10,1,2025-10-21
CVS/ADBE,CVS,ADBE,entry_threshold_strong,-380.9371795699087,-0.20308239538644687,-1.8179740595742808,1.772300245656075e-08,12,1,2025-10-21
MGM/PTC,MGM,PTC,entry_threshold_strong,0.0,-1.8179740595742808,-1.8179740595742808,1.3266458341647249e-116,0,1,2025-10-21
AMAT/TRMB,AMAT,TRMB,no_reversal_protection,525.27,0.6411554499915656,-1.890785769008533,0.9999691173594676,4,1,2025-10-21
AMAT/FISV,AMAT,FISV,no_reversal_protection,-3269.400596016695,-0.5952411988421981,-1.890785769008533,1.1205119188153566e-06,18,1,2025-10-21
LRCX/FMC,LRCX,FMC,no_reversal_protection,1562.488418630608,0.5051835113059973,-1.890785769008533,0.9999998654770752,14,1,2025-10-21
LRCX/BR,LRCX,BR,no_reversal_protection,1110.330291552215,0.6391365044203741,-1.890785769008533,0.9998726574150543,6,1,2025-10-21
DVA/KLAC,DVA,KLAC,no_reversal_protection,1564.683178915123,0.8075305207981693,-1.890785769008533,0.9999256332228937,10,1,2025-10-21
DVA/INTU,DVA,INTU,no_reversal_protection,1704.669743795373,1.2736907601754044,-1.890785769008533,0.9999940646818584,6,1,2025-10-21
TER/EFX,TER,EFX,no_reversal_protection,348.8584363783964,0.10268038213744854,-1.890785769008533,0.44839967810958137,12,1,2025-10-21
TER/FOXA,TER,FOXA,no_reversal_protection,1297.54817158218,0.5031001928175606,-1.890785769008533,0.9999937257784115,8,1,2025-10-21
JBL/FOX,JBL,FOX,no_reversal_protection,-526.9679066143065,-0.4252539469026399,-1.890785769008533,1.1822250817552085e-07,2,1,2025-10-21
JBL/ULTA,JBL,ULTA,no_reversal_protection,468.4750910360612,0.49031862092531325,-1.890785769008533,0.999336998715136,2,1,2025-10-21
KEYS/NFLX,KEYS,NFLX,no_reversal_protection,-819.1049999999992,-1.17227040999351,-1.890785769008533,0.0009104391939581747,2,1,2025-10-21
KEYS/CPRT,KEYS,CPRT,no_reversal_protection,-192.6099999999979,-0.16779909032894122,-1.890785769008533,2.510537513488499e-09,8,1,2025-10-21
CVS/CTSH,CVS,CTSH,no_reversal_protection,568.3673247715419,0.3603090628669122,-1.890785769008533,0.9999995258788635,12,1,2025-10-21
CVS/ADBE,CVS,ADBE,no_reversal_protection,-898.1240275245189,-0.5253798090527322,-1.890785769008533,1.3758783054522216e-20,16,1,2025-10-21
MGM/PTC,MGM,PTC,no_reversal_protection,0.0,-1.890785769008533,-1.890785769008533,1.892201050383181e-119,0,1,2025-10-21
AMAT/TRMB,AMAT,TRMB,beta_neutral_long_term,-965.428235417077,-1.0669056384041955,-2.0975836274671065,0.000190564703100272,2,1,2025-10-21
AMAT/FISV,AMAT,FISV,beta_neutral_long_term,-2661.899330905153,-0.7981629693523749,-2.0975836274671065,0.0002301281798577451,12,1,2025-10-21
LRCX/FMC,LRCX,FMC,beta_neutral_long_term,825.5626486352949,0.2217530306675988,-2.0975836274671065,0.962791495829199,6,1,2025-10-21
LRCX/BR,LRCX,BR,beta_neutral_long_term,-1627.829142084141,-0.9364377692076874,-2.0975836274671065,4.232830452090915e-10,6,1,2025-10-21
DVA/KLAC,DVA,KLAC,beta_neutral_long_term,-1049.440040952443,-0.8970644711812611,-2.0975836274671065,2.8213654011384882e-11,10,1,2025-10-21
DVA/INTU,DVA,INTU,beta_neutral_long_term,-1451.595314231521,-0.7806451913815539,-2.0975836274671065,0.0004160177101964298,6,1,2025-10-21
TER/EFX,TER,EFX,beta_neutral_long_term,-450.7383464163157,-0.3465505722271822,-2.0975836274671065,5.3167743618416555e-08,4,1,2025-10-21
TER/FOXA,TER,FOXA,beta_neutral_long_term,91.47648839263229,0.029949017833057215,-2.0975836274671065,0.07163482615485305,4,1,2025-10-21
JBL/FOX,JBL,FOX,beta_neutral_long_term,512.5644021744334,0.1625069751092874,-2.0975836274671065,0.770066497730608,2,1,2025-10-21
JBL/ULTA,JBL,ULTA,beta_neutral_long_term,0.0,-2.0975836274671065,-2.0975836274671065,1.4395425491217032e-126,0,1,2025-10-21
KEYS/NFLX,KEYS,NFLX,beta_neutral_long_term,2367.455000000002,0.8430052671133914,-2.0975836274671065,0.9999197539636554,6,1,2025-10-21
KEYS/CPRT,KEYS,CPRT,beta_neutral_long_term,1001.079999999999,0.6924220458076227,-2.0975836274671065,0.999999903654748,6,1,2025-10-21
CVS/CTSH,CVS,CTSH,beta_neutral_long_term,-70.1513211534384,-0.032690943612962264,-2.0975836274671065,0.0014003472682441727,8,1,2025-10-21
CVS/ADBE,CVS,ADBE,beta_neutral_long_term,3057.142002360499,1.2742598051488079,-2.0975836274671065,0.9992407137756845,8,1,2025-10-21
MGM/PTC,MGM,PTC,beta_neutral_long_term,156.56,0.5418138609316973,-2.0975836274671065,0.9952829599054742,6,1,2025-10-21
AMAT/TRMB,AMAT,TRMB,sensitive_reversal,-7.610000000001861,-0.46552989804254835,-2.3698364464288826,0.00021460757336465823,2,1,2025-10-21
AMAT/FISV,AMAT,FISV,sensitive_reversal,-764.6125352596075,-0.28681921933452187,-2.3698364464288826,8.092445189461423e-12,20,1,2025-10-21
LRCX/FMC,LRCX,FMC,sensitive_reversal,2800.563353905808,1.2072935574140915,-2.3698364464288826,0.9999985398929221,14,1,2025-10-21
LRCX/BR,LRCX,BR,sensitive_reversal,486.5208477397075,0.3574334012447576,-2.3698364464288826,0.9869132423716297,8,1,2025-10-21
DVA/KLAC,DVA,KLAC,sensitive_reversal,1326.385849726836,0.6598931235620671,-2.3698364464288826,0.9998693353647893,14,1,2025-10-21
DVA/INTU,DVA,INTU,sensitive_reversal,1662.508807414725,0.9107558068371445,-2.3698364464288826,0.9965927279066688,12,1,2025-10-21
TER/EFX,TER,EFX,sensitive_reversal,-1494.561629470908,-1.3296808848027253,-2.3698364464288826,0.0001438224224846862,10,1,2025-10-21
TER/FOXA,TER,FOXA,sensitive_reversal,1539.643012916418,1.1717915823927623,-2.3698364464288826,0.9999999991100724,8,1,2025-10-21
JBL/FOX,JBL,FOX,sensitive_reversal,0.0,-2.3698364464288826,-2.3698364464288826,4.2230306091693243e-134,0,1,2025-10-21
JBL/ULTA,JBL,ULTA,sensitive_reversal,537.5695680414487,0.5454932685241488,-2.3698364464288826,0.9985332326786693,4,1,2025-10-21
KEYS/NFLX,KEYS,NFLX,sensitive_reversal,-493.6449999999999,-0.8186652343647229,-2.3698364464288826,0.004987144369776714,2,1,2025-10-21
KEYS/CPRT,KEYS,CPRT,sensitive_reversal,-854.8499999999988,-1.200839734816764,-2.3698364464288826,4.7479006135594874e-12,14,1,2025-10-21
CVS/CTSH,CVS,CTSH,sensitive_reversal,1486.95449950279,0.9672291817578406,-2.3698364464288826,0.9999999857881705,14,1,2025-10-21
CVS/ADBE,CVS,ADBE,sensitive_reversal,-704.5941450869692,-0.45776843817075513,-2.3698364464288826,2.0253413574280566e-09,16,1,2025-10-21
MGM/PTC,MGM,PTC,sensitive_reversal,0.0,-2.3698364464288826,-2.3698364464288826,4.2230306091693243e-134,0,1,2025-10-21
AMAT/TRMB,AMAT,TRMB,fast_strict,21.35594571203274,0.02744399054989509,-2.4657555009789087,0.06870192884189205,6,1,2025-10-21
AMAT/FISV,AMAT,FISV,fast_strict,1079.321730799209,0.7041932853323266,-2.4657555009789087,0.9999999955478857,14,1,2025-10-21
LRCX/FMC,LRCX,FMC,fast_strict,1064.354343211902,0.5044333012773906,-2.4657555009789087,0.9999992272622027,16,1,2025-10-21
LRCX/BR,LRCX,BR,fast_strict,1751.511156073832,0.9488649906064567,-2.4657555009789087,0.999999957247148,14,1,2025-10-21
DVA/KLAC,DVA,KLAC,fast_strict,929.2560894810031,0.5228262156001263,-2.4657555009789087,0.9999423039611016,14,1,2025-10-21
DVA/INTU,DVA,INTU,fast_strict,-363.9600036416013,-0.4431800408135354,-2.4657555009789087,2.481276930935075e-15,14,1,2025-10-21
TER/EFX,TER,EFX,fast_strict,-1518.506619936407,-1.0372370191692546,-2.4657555009789087,2.657996587801733e-13,14,1,2025-10-21
TER/FOXA,TER,FOXA,fast_strict,712.5498784048191,0.8731624011118934,-2.4657555009789087,0.9999944437435653,6,1,2025-10-21
JBL/FOX,JBL,FOX,fast_strict,329.9611986416027,0.7855539359033791,-2.4657555009789087,0.9964543095508759,4,1,2025-10-21
JBL/ULTA,JBL,ULTA,fast_strict,178.7346041812291,0.150666425170762,-2.4657555009789087,0.7334850351508214,8,1,2025-10-21
KEYS/NFLX,KEYS,NFLX,fast_strict,-2845.001999999998,-1.0603351408069759,-2.4657555009789087,7.2390686513815e-06,10,1,2025-10-21
KEYS/CPRT,KEYS,CPRT,fast_strict,555.9100000000003,0.48025020491823045,-2.4657555009789087,0.9999971705798391,18,1,2025-10-21
CVS/CTSH,CVS,CTSH,fast_strict,580.5881388583093,0.46716121947996697,-2.4657555009789087,0.9999993623776899,20,1,2025-10-21
CVS/ADBE,CVS,ADBE,fast_strict,1081.19873450694,0.5617387613041704,-2.4657555009789087,0.9999943631538315,22,1,2025-10-21
MGM/PTC,MGM,PTC,fast_strict,-55.7800000000006,-0.8186652343647227,-2.4657555009789087,0.004987144369776667,2,1,2025-10-21
AMAT/TRMB,AMAT,TRMB,long_term_tilt,-796.855942742837,-1.5691175144188472,-2.479174384599959,7.942228380738865e-07,2,1,2025-10-21
AMAT/FISV,AMAT,FISV,long_term_tilt,2170.568909752508,0.9436532805667288,-2.479174384599959,0.9999943327441054,10,1,2025-10-21
LRCX/FMC,LRCX,FMC,long_term_tilt,2779.74812832366,1.1844457910412116,-2.479174384599959,0.9999998061389963,4,1,2025-10-21
LRCX/BR,LRCX,BR,long_term_tilt,-759.1637075132064,-0.4020424454233821,-2.479174384599959,4.4867566450119264e-10,6,1,2025-10-21
DVA/KLAC,DVA,KLAC,long_term_tilt,142.5456442989589,0.08295500876901475,-2.479174384599959,0.3490872742929307,10,1,2025-10-21
DVA/INTU,DVA,INTU,long_term_tilt,-1815.223056939017,-1.1188695202937793,-2.479174384599959,9.723835426416101e-05,6,1,2025-10-21
TER/EFX,TER,EFX,long_term_tilt,-496.9841207332291,-0.36019227380414615,-2.479174384599959,7.446957803938136e-07,4,1,2025-10-21
TER/FOXA,TER,FOXA,long_term_tilt,-586.6036167129307,-0.353183113574197,-2.479174384599959,1.9756687394793623e-12,4,1,2025-10-21
JBL/FOX,JBL,FOX,long_term_tilt,-626.5381433865707,-0.4967770387252777,-2.479174384599959,8.639599466912825e-08,2,1,2025-10-21
JBL/ULTA,JBL,ULTA,long_term_tilt,0.0,-2.479174384599959,-2.479174384599959,1.2204367199688344e-136,0,1,2025-10-21
KEYS/NFLX,KEYS,NFLX,long_term_tilt,1394.450000000003,1.187504999018748,-2.479174384599959,0.999993212733138,6,1,2025-10-21
KEYS/CPRT,KEYS,CPRT,long_term_tilt,1202.850000000002,1.1525459696340878,-2.479174384599959,0.9999999975913784,6,1,2025-10-21
CVS/CTSH,CVS,CTSH,long_term_tilt,-476.1657202916238,-0.25614970847106205,-2.479174384599959,1.7957131512499804e-15,8,1,2025-10-21
CVS/ADBE,CVS,ADBE,long_term_tilt,3074.662787524885,1.3886365908058553,-2.479174384599959,0.9998619910587334,8,1,2025-10-21
MGM/PTC,MGM,PTC,long_term_tilt,-179.5600000000001,-0.49013673615961917,-2.479174384599959,2.7210822735520977e-07,6,1,2025-10-21
AMAT/TRMB,AMAT,TRMB,long_term_kalman,-787.1369626910853,-1.5849464707982188,-2.8787808180036256,7.983036811909324e-07,2,1,2025-10-21
AMAT/FISV,AMAT,FISV,long_term_kalman,442.7454008061866,0.15710876174044275,-2.8787808180036256,0.7790122684255513,10,1,2025-10-21
LRCX/FMC,LRCX,FMC,long_term_kalman,2081.188570127722,0.8444864197169175,-2.8787808180036256,0.9999999039932821,6,1,2025-10-21
LRCX/BR,LRCX,BR,long_term_kalman,-739.5364345484211,-0.39080756189174826,-2.8787808180036256,6.876932275506155e-10,6,1,2025-10-21
DVA/KLAC,DVA,KLAC,long_term_kalman,156.9091766576713,0.0917230286909743,-2.8787808180036256,0.4031467402897193,10,1,2025-10-21
DVA/INTU,DVA,INTU,long_term_kalman,-1836.533056939019,-1.1160087636111422,-2.8787808180036256,0.00010825371063216379,6,1,2025-10-21
TER/EFX,TER,EFX,long_term_kalman,-502.8747703475217,-0.36275721876365075,-2.8787808180036256,3.139761551690146e-07,4,1,2025-10-21
TER/FOXA,TER,FOXA,long_term_kalman,-639.6085050080013,-0.40412073223875966,-2.8787808180036256,1.1973100153312214e-12,4,1,2025-10-21
JBL/FOX,JBL,FOX,long_term_kalman,-626.5381433865707,-0.4967770387252777,-2.8787808180036256,8.639599466912825e-08,2,1,2025-10-21
JBL/ULTA,JBL,ULTA,long_term_kalman,0.0,-2.8787808180036256,-2.8787808180036256,4.35470431132312e-144,0,1,2025-10-21
KEYS/NFLX,KEYS,NFLX,long_term_kalman,1365.578,1.1806705525569938,-2.8787808180036256,0.9999940342608579,6,1,2025-10-21
KEYS/CPRT,KEYS,CPRT,long_term_kalman,877.1100000000005,0.8204740534657281,-2.8787808180036256,0.9999999739333244,4,1,2025-10-21
CVS/CTSH,CVS,CTSH,long_term_kalman,-503.9727650756463,-0.271418856450259,-2.8787808180036256,4.784693921552122e-15,8,1,2025-10-21
CVS/ADBE,CVS,ADBE,long_term_kalman,2201.563070626849,0.9794528255577276,-2.8787808180036256,0.9999106547384664,8,1,2025-10-21
MGM/PTC,MGM,PTC,long_term_kalman,-179.9400000000001,-0.4902929944494256,-2.8787808180036256,2.7547522280625287e-07,6,1,2025-10-21
AMAT/TRMB,AMAT,TRMB,crash_defensive,-88.880000000001,-0.2720962835749322,-4.255648995698998,2.785533187439564e-06,4,1,2025-10-21
AMAT/FISV,AMAT,FISV,crash_defensive,-299.2727586673557,-0.25761082100170657,-4.255648995698998,1.5285642055034858e-09,18,1,2025-10-21
LRCX/FMC,LRCX,FMC,crash_defensive,1363.143395927983,0.9273657853394293,-4.255648995698998,0.9999999997636698,14,1,2025-10-21
LRCX/BR,LRCX,BR,crash_defensive,780.7071597221711,0.9519578585422829,-4.255648995698998,0.9999275721741604,6,1,2025-10-21
DVA/KLAC,DVA,KLAC,crash_defensive,718.614551877841,0.7399991912631998,-4.255648995698998,0.9999111562304562,10,1,2025-10-21
DVA/INTU,DVA,INTU,crash_defensive,869.2191060124641,1.463899793670207,-4.255648995698998,0.9999825106152244,6,1,2025-10-21
TER/EFX,TER,EFX,crash_defensive,-578.3373355307328,-0.6185078037093907,-4.255648995698998,7.707686264434936e-09,12,1,2025-10-21
TER/FOXA,TER,FOXA,crash_defensive,929.4139917463829,0.7501674988395223,-4.255648995698998,0.9999934196255111,8,1,2025-10-21
JBL/FOX,JBL,FOX,crash_defensive,-263.4839533071532,-0.42525394690264007,-4.255648995698998,1.1822250817552156e-07,2,1,2025-10-21
JBL/ULTA,JBL,ULTA,crash_defensive,358.0603869159291,0.7912366107017956,-4.255648995698998,0.9990961125508757,2,1,2025-10-21
KEYS/NFLX,KEYS,NFLX,crash_defensive,-262.8079999999994,-0.8752184950854087,-4.255648995698998,0.005419937091168354,2,1,2025-10-21
KEYS/CPRT,KEYS,CPRT,crash_defensive,17.37000000000018,0.03551294296853174,-4.255648995698998,0.09247049226261161,8,1,2025-10-21
CVS/CTSH,CVS,CTSH,crash_defensive,181.541210577574,0.2392621867011567,-4.255648995698998,0.9853885621635606,12,1,2025-10-21
CVS/ADBE,CVS,ADBE,crash_defensive,-162.9647339784021,-0.18337494045080438,-4.255648995698998,1.3888588113210266e-07,16,1,2025-10-21
MGM/PTC,MGM,PTC,crash_defensive,0.0,-4.255648995698998,-4.255648995698998,3.9566054009219276e-157,0,1,2025-10-21
AMAT/TRMB,AMAT,TRMB,vol_sized_conservative,0.0,-7.292031419579154,-7.292031419579154,1.3033134962018625e-164,2,1,2025-10-21
AMAT/FISV,AMAT,FISV,vol_sized_conservative,-42.18465433937979,-0.0512824384031519,-7.292031419579154,0.001111603456276485,16,1,2025-10-21
LRCX/FMC,LRCX,FMC,vol_sized_conservative,1386.393008097154,1.3223622905677985,-7.292031419579154,0.9999999994696454,12,1,2025-10-21
LRCX/BR,LRCX,BR,vol_sized_conservative,457.5958189350976,0.777765621044967,-7.292031419579154,0.9997195009953018,6,1,2025-10-21
DVA/KLAC,DVA,KLAC,vol_sized_conservative,-51.95852815050253,-0.0834207158486428,-7.292031419579154,9.149841462846812e-07,12,1,2025-10-21
DVA/INTU,DVA,INTU,vol_sized_conservative,312.4104098421646,0.855143090936534,-7.292031419579154,0.9999999698119314,8,1,2025-10-21
TER/EFX,TER,EFX,vol_sized_conservative,-562.56292186797,-1.2757422765456634,-7.292031419579154,1.713058551081309e-05,8,1,2025-10-21
TER/FOXA,TER,FOXA,vol_sized_conservative,161.1990220004089,0.24221544896267394,-7.292031419579154,0.9703062080507157,8,1,2025-10-21
JBL/FOX,JBL,FOX,vol_sized_conservative,0.0,-7.292031419579154,-7.292031419579154,1.3033134962018625e-164,0,1,2025-10-21
JBL/ULTA,JBL,ULTA,vol_sized_conservative,61.93510141920706,0.16263221102560232,-7.292031419579154,0.8418649688616113,4,1,2025-10-21
KEYS/NFLX,KEYS,NFLX,vol_sized_conservative,-180.795,-0.818665234364723,-7.292031419579154,0.004987144369776722,2,1,2025-10-21
KEYS/CPRT,KEYS,CPRT,vol_sized_conservative,18.40999999999991,0.04488223547406565,-7.292031419579154,0.1259081204212495,8,1,2025-10-21
CVS/CTSH,CVS,CTSH,vol_sized_conservative,131.0750446564901,0.2409018468377387,-7.292031419579154,0.983144973579951,10,1,2025-10-21
CVS/ADBE,CVS,ADBE,vol_sized_conservative,-34.74857800184697,-0.05287200326450407,-7.292031419579154,0.0009711475094776603,14,1,2025-10-21
MGM/PTC,MGM,PTC,vol_sized_conservative,0.0,-7.292031419579154,-7.292031419579154,1.3033134962018625e-164,0,1,2025-10-21
AMAT/TRMB,AMAT,TRMB,conservative,-66.75000000000075,-0.2726953244905792,-8.432605416615864,2.8019461360427056e-06,4,1,2025-10-21
AMAT/FISV,AMAT,FISV,conservative,198.9411561879508,0.2575823353809078,-8.432605416615864,0.9955629268106382,18,1,2025-10-21
LRCX/FMC,LRCX,FMC,conservative,1143.372998051221,1.312854025614433,-8.432605416615864,0.9999998183380795,14,1,2025-10-21
LRCX/BR,LRCX,BR,conservative,437.8758189350984,1.1431433977496714,-8.432605416615864,0.9959053513027196,6,1,2025-10-21
DVA/KLAC,DVA,KLAC,conservative,82.33624712551658,0.1186055694740294,-8.432605416615864,0.5653095641788155,12,1,2025-10-21
DVA/INTU,DVA,INTU,conservative,468.5952434590729,0.7162226411010686,-8.432605416615864,0.9941897325035567,8,1,2025-10-21
TER/EFX,TER,EFX,conservative,-667.7314231628022,-1.1130154258266578,-8.432605416615864,5.019161426812213e-08,12,1,2025-10-21
TER/FOXA,TER,FOXA,conservative,439.4325774272405,0.9293752447446273,-8.432605416615864,0.9999999843696777,8,1,2025-10-21
JBL/FOX,JBL,FOX,conservative,-44.52480531944434,-0.1086390001858156,-8.432605416615864,1.464464206160731e-08,2,1,2025-10-21
JBL/ULTA,JBL,ULTA,conservative,401.4252974696174,1.3535729403091485,-8.432605416615864,0.9966391119182526,2,1,2025-10-21
KEYS/NFLX,KEYS,NFLX,conservative,-180.795,-0.818665234364723,-8.432605416615864,0.004987144369776722,2,1,2025-10-21
KEYS/CPRT,KEYS,CPRT,conservative,-24.52999999999957,-0.08223902763468507,-8.432605416615864,5.912705732694463e-05,10,1,2025-10-21
CVS/CTSH,CVS,CTSH,conservative,64.4268418612942,0.11986874042449992,-8.432605416615864,0.5897230389890488,12,1,2025-10-21
CVS/ADBE,CVS,ADBE,conservative,-338.6104423376051,-0.5423272691204345,-8.432605416615864,1.1053500786968212e-11,18,1,2025-10-21
MGM/PTC,MGM,PTC,conservative,0.0,-8.432605416615864,-8.432605416615864,1.8224088447021818e-165,0,1,2025-10-21
AMAT/TRMB,AMAT,TRMB,aggressive,3123.512076530998,0.5532149460150864,0.9955329471634308,0.9999999999634269,36,2,2025-11-28
AMAT/FISV,AMAT,FISV,aggressive,19901.18132159371,1.2913402267937482,0.9955329471634308,0.9983957160576654,36,2,2025-11-28
LRCX/FMC,LRCX,FMC,aggressive,20169.81491415908,1.2078285864475542,0.9955329471634308,0.9997125309681277,34,2,2025-11-28
LRCX/BR,LRCX,BR,aggressive,459.369877251097,0.06432567506277324,0.9955329471634308,0.21879323903329928,40,2,2025-11-28
DVA/KLAC,DVA,KLAC,aggressive,3810.234464014999,0.32218601783861545,0.9955329471634308,0.9822736629538569,34,2,2025-11-28
DVA/INTU,DVA,INTU,aggressive,4394.683911964944,0.576076190022153,0.9955329471634308,0.9999998596019742,34,2,2025-11-28
TER/EFX,TER,EFX,aggressive,10093.78295055553,0.8608995619577963,0.9955329471634308,0.9999999999987721,32,2,2025-11-28
TER/FOXA,TER,FOXA,aggressive,6934.944853377299,0.5997966069146822,0.9955329471634308,0.9999994698218372,38,2,2025-11-28
JBL/FOX,JBL,FOX,aggressive,-2799.830674095339,-0.36417065318119196,0.9955329471634308,3.609151055119666e-14,38,2,2025-11-28
JBL/ULTA,JBL,ULTA,aggressive,-1191.559688077624,-0.16070842270309021,0.9955329471634308,3.7857544681381395e-08,36,2,2025-11-28
KEYS/NFLX,KEYS,NFLX,aggressive,3242.640000000044,0.4272458974634903,0.9955329471634308,0.9999999353746044,34,2,2025-11-28
KEYS/CPRT,KEYS,CPRT,aggressive,2036.239999999972,0.4369916308310952,0.9955329471634308,0.9999999711629083,34,2,2025-11-28
CVS/CTSH,CVS,CTSH,aggressive,-960.1438439990611,-0.11930255319951386,0.9955329471634308,5.76141145922083e-07,36,2,2025-11-28
CVS/ADBE,CVS,ADBE,aggressive,11941.79431683514,1.3672055978940993,0.9955329471634308,0.9999999999999708,36,2,2025-11-28
MGM/PTC,MGM,PTC,aggressive,2626.680000000023,0.40831865958389557,0.9955329471634308,0.9999918246372729,30,2,2025-11-28
AMAT/TRMB,AMAT,TRMB,kalman_aggressive,1839.282313298442,0.3914002361125566,0.4084450055610439,0.999999989495324,38,2,2025-11-28
AMAT/FISV,AMAT,FISV,kalman_aggressive,13583.45900250575,1.1313665349095514,0.4084450055610439,0.9974661535718525,38,2,2025-11-28
LRCX/FMC,LRCX,FMC,kalman_aggressive,14579.55335760807,1.1288656646866129,0.4084450055610439,0.9998392965296606,36,2,2025-11-28
LRCX/BR,LRCX,BR,kalman_aggressive,-2372.07798614489,-0.3736464801193907,0.4084450055610439,1.43735872899217e-15,40,2,2025-11-28
DVA/KLAC,DVA,KLAC,kalman_aggressive,301.9203959315714,0.030253586090113006,0.4084450055610439,0.0947344274512884,34,2,2025-11-28
DVA/INTU,DVA,INTU,kalman_aggressive,-306.3700399261575,-0.046174293568721395,0.4084450055610439,0.0011872618991207833,34,2,2025-11-28
TER/EFX,TER,EFX,kalman_aggressive,2702.850038437851,0.29481733259859794,0.4084450055610439,0.9999870430208365,34,2,2025-11-28
TER/FOXA,TER,FOXA,kalman_aggressive,3210.865400986089,0.3400649746626512,0.4084450055610439,0.9995897141562643,42,2,2025-11-28
JBL/FOX,JBL,FOX,kalman_aggressive,1314.083837656542,0.2057094181095476,0.4084450055610439,0.9649650682406138,40,2,2025-11-28
JBL/ULTA,JBL,ULTA,kalman_aggressive,165.3209680766972,0.028776248707008022,0.4084450055610439,0.07380314289342252,34,2,2025-11-28
KEYS/NFLX,KEYS,NFLX,kalman_aggressive,-3541.703999999972,-0.5588712161448564,0.4084450055610439,2.0183610532437623e-21,36,2,2025-11-28
KEYS/CPRT,KEYS,CPRT,kalman_aggressive,5652.679999999996,1.3294734683049307,0.4084450055610439,1.0,34,2,2025-11-28
CVS/CTSH,CVS,CTSH,kalman_aggressive,-88.57727702142768,-0.013239845244583147,0.4084450055610439,0.008646331922650742,38,2,2025-11-28
CVS/ADBE,CVS,ADBE,kalman_aggressive,7287.492396561202,1.2486964114651757,0.4084450055610439,0.999999999790029,38,2,2025-11-28
MGM/PTC,MGM,PTC,kalman_aggressive,554.2800000000075,0.11150644386536859,0.4084450055610439,0.5673839575532021,30,2,2025-11-28
AMAT/TRMB,AMAT,TRMB,weekly_aligned_windows,3158.567291491143,0.539619776732978,0.1124413870377157,0.9999979765911804,78,2,2025-11-28
AMAT/FISV,AMAT,FISV,weekly_aligned_windows,13643.78960513435,1.493116357369123,0.1124413870377157,0.9999996024720766,70,2,2025-11-28
LRCX/FMC,LRCX,FMC,weekly_aligned_windows,4609.11033951786,0.5921193392527516,0.1124413870377157,0.9999584435104635,68,2,2025-11-28
LRCX/BR,LRCX,BR,weekly_aligned_windows,-1004.355122180029,-0.20255833939570866,0.1124413870377157,8.377319502173137e-10,72,2,2025-11-28
DVA/KLAC,DVA,KLAC,weekly_aligned_windows,-150.7558060395518,-0.024731325589346896,0.1124413870377157,0.004479525979080143,72,2,2025-11-28
DVA/INTU,DVA,INTU,weekly_aligned_windows,-2454.284730264439,-0.6232938150269286,0.1124413870377157,5.140657926218596e-29,70,2,2025-11-28
TER/EFX,TER,EFX,weekly_aligned_windows,6356.621663271624,0.7642529772431371,0.1124413870377157,0.999999998796801,74,2,2025-11-28
TER/FOXA,TER,FOXA,weekly_aligned_windows,1702.365943905586,0.19076109309645595,0.1124413870377157,0.9599294953917085,74,2,2025-11-28
JBL/FOX,JBL,FOX,weekly_aligned_windows,-796.0717111777813,-0.14414371689984165,0.1124413870377157,5.466269315950782e-06,68,2,2025-11-28
JBL/ULTA,JBL,ULTA,weekly_aligned_windows,-733.911814361033,-0.186366704997995,0.1124413870377157,5.918505332825152e-10,66,2,2025-11-28
KEYS/NFLX,KEYS,NFLX,weekly_aligned_windows,-141.8829999999774,-0.03713632956718486,0.1124413870377157,0.002245446854405195,64,2,2025-11-28
KEYS/CPRT,KEYS,CPRT,weekly_aligned_windows,1284.619999999997,0.40384904484558937,0.1124413870377157,0.9999957026310333,64,2,2025-11-28
CVS/CTSH,CVS,CTSH,weekly_aligned_windows,269.0982685399204,0.06475397387731957,0.1124413870377157,0.2274655105858162,76,2,2025-11-28
CVS/ADBE,CVS,ADBE,weekly_aligned_windows,4966.186374491947,1.1041674822018281,0.1124413870377157,0.9999999999999942,64,2,2025-11-28
MGM/PTC,MGM,PTC,weekly_aligned_windows,280.2599999999848,0.06492351486476308,0.1124413870377157,0.2384807741208696,62,2,2025-11-28
AMAT/TRMB,AMAT,TRMB,monthly_aligned_windows,268.5663999175667,0.10782124078941467,-0.15791365958726,0.5320084558979337,26,2,2025-11-28
AMAT/FISV,AMAT,FISV,monthly_aligned_windows,3071.639122045327,0.5996106252691769,-0.15791365958726,0.9999998845354832,26,2,2025-11-28
LRCX/FMC,LRCX,FMC,monthly_aligned_windows,13440.76572923928,1.4968929190757738,-0.15791365958726,0.9999888434172851,26,2,2025-11-28
LRCX/BR,LRCX,BR,monthly_aligned_windows,1792.574173506368,0.3765087003821675,-0.15791365958726,0.9938981484340331,26,2,2025-11-28
DVA/KLAC,DVA,KLAC,monthly_aligned_windows,-4673.994116636456,-0.6335797468976315,-0.15791365958726,2.054841410210971e-06,26,2,2025-11-28
DVA/INTU,DVA,INTU,monthly_aligned_windows,-3161.771289802015,-0.9079615355154451,-0.15791365958726,2.20312040855698e-10,26,2,2025-11-28
TER/EFX,TER,EFX,monthly_aligned_windows,5656.184121421366,0.6501049087418618,-0.15791365958726,0.9998647944725757,26,2,2025-11-28
TER/FOXA,TER,FOXA,monthly_aligned_windows,11285.58266407451,1.2634920850605738,-0.15791365958726,0.9999846637404834,26,2,2025-11-28
JBL/FOX,JBL,FOX,monthly_aligned_windows,13.03789424800743,0.0034144066902694445,-0.15791365958726,0.022760509137607556,26,2,2025-11-28
JBL/ULTA,JBL,ULTA,monthly_aligned_windows,-6174.632578621638,-1.6329297500438489,-0.15791365958726,1.1498859220467312e-25,26,2,2025-11-28
KEYS/NFLX,KEYS,NFLX,monthly_aligned_windows,5228.492000000011,0.7356448616374928,-0.15791365958726,0.9999799817718358,26,2,2025-11-28
KEYS/CPRT,KEYS,CPRT,monthly_aligned_windows,-1042.539999999997,-0.3939858830923857,-0.15791365958726,8.864888306510189e-11,26,2,2025-11-28
CVS/CTSH,CVS,CTSH,monthly_aligned_windows,2053.768166064356,0.7081737652970278,-0.15791365958726,0.9999999828821277,26,2,2025-11-28
CVS/ADBE,CVS,ADBE,monthly_aligned_windows,-4374.116289855731,-0.5081773626062266,-0.15791365958726,1.8517598793100004e-09,26,2,2025-11-28
MGM/PTC,MGM,PTC,monthly_aligned_windows,-436.1200000000017,-0.17319748037881755,-0.15791365958726,1.895512430041072e-05,24,2,2025-11-28
AMAT/TRMB,AMAT,TRMB,crash_tolerant,-1018.961797830504,-0.4478454200767538,-0.2530948158741843,1.2648983993433284e-11,8,2,2025-11-28
AMAT/FISV,AMAT,FISV,crash_tolerant,1436.161266433446,0.24634051635749296,-0.2530948158741843,0.9962953042017075,22,2,2025-11-28
LRCX/FMC,LRCX,FMC,crash_tolerant,7910.49333368404,1.1291523341581555,-0.2530948158741843,0.9999999999999297,16,2,2025-11-28
LRCX/BR,LRCX,BR,crash_tolerant,3646.211695479412,0.7979723468633333,-0.2530948158741843,0.9999999767713851,8,2,2025-11-28
DVA/KLAC,DVA,KLAC,crash_tolerant,3826.591441157009,0.8415850627008905,-0.2530948158741843,0.9999984282358528,14,2,2025-11-28
DVA/INTU,DVA,INTU,crash_tolerant,3832.436085722826,1.4357854636783893,-0.2530948158741843,0.9999550379541672,6,2,2025-11-28
TER/EFX,TER,EFX,crash_tolerant,871.8705883874256,0.11683406819678722,-0.2530948158741843,0.6404149164009176,16,2,2025-11-28
TER/FOXA,TER,FOXA,crash_tolerant,3764.33874979702,0.7260288315163512,-0.2530948158741843,0.9999934197526515,8,2,2025-11-28
JBL/FOX,JBL,FOX,crash_tolerant,-2281.445978529357,-0.819874975046643,-0.2530948158741843,4.5303857640061223e-07,4,2,2025-11-28
JBL/ULTA,JBL,ULTA,crash_tolerant,1463.25740567212,0.7631253008279171,-0.2530948158741843,0.999102654571678,2,2,2025-11-28
KEYS/NFLX,KEYS,NFLX,crash_tolerant,-1316.100000000003,-1.0074794418569182,-0.2530948158741843,0.004693843970698859,4,2,2025-11-28
KEYS/CPRT,KEYS,CPRT,crash_tolerant,-292.6999999999966,-0.1346965031606522,-0.2530948158741843,1.25586482279544e-07,12,2,2025-11-28
CVS/CTSH,CVS,CTSH,crash_tolerant,466.8536098090715,0.144998595728391,-0.2530948158741843,0.7832061177892413,12,2,2025-11-28
CVS/ADBE,CVS,ADBE,crash_tolerant,-1962.189189681071,-0.4683983788616105,-0.2530948158741843,1.3780038970350002e-14,20,2,2025-11-28
MGM/PTC,MGM,PTC,crash_tolerant,0.0,-0.2530948158741843,-0.2530948158741843,8.750300339527221e-13,0,2,2025-11-28
AMAT/TRMB,AMAT,TRMB,let_profits_run,-3989.682968760196,-1.4300737609084357,-0.3180044040055497,5.3437809455254944e-08,6,2,2025-11-28
AMAT/FISV,AMAT,FISV,let_profits_run,5679.190573519444,0.7335178108981459,-0.3180044040055497,0.9999683042397253,16,2,2025-11-28
LRCX/FMC,LRCX,FMC,let_profits_run,9185.303470537416,1.3930032959921208,-0.3180044040055497,0.9979539564470494,8,2,2025-11-28
LRCX/BR,LRCX,BR,let_profits_run,2713.806613013644,1.2071515177478307,-0.3180044040055497,0.9999999999078016,6,2,2025-11-28
DVA/KLAC,DVA,KLAC,let_profits_run,2360.593866792507,0.8083222092244947,-0.3180044040055497,0.9999999828278031,10,2,2025-11-28
DVA/INTU,DVA,INTU,let_profits_run,-602.3807648719376,-0.651622332676878,-0.3180044040055497,5.876502986288544e-11,8,2,2025-11-28
TER/EFX,TER,EFX,let_profits_run,-1340.42623517185,-0.7809402634316437,-0.3180044040055497,2.3743167643448064e-10,6,2,2025-11-28
TER/FOXA,TER,FOXA,let_profits_run,341.9296111709489,0.1907842850633133,-0.3180044040055497,0.9090115221339777,4,2,2025-11-28
JBL/FOX,JBL,FOX,let_profits_run,-626.7260656665542,-0.48021748145280135,-0.3180044040055497,8.709377234006577e-08,2,2,2025-11-28
JBL/ULTA,JBL,ULTA,let_profits_run,-842.1477443233371,-1.3168586067941268,-0.3180044040055497,5.331049573853736e-05,4,2,2025-11-28
KEYS/NFLX,KEYS,NFLX,let_profits_run,3175.794000000001,1.5250253980757071,-0.3180044040055497,0.999975482937972,8,2,2025-11-28
KEYS/CPRT,KEYS,CPRT,let_profits_run,3310.930000000001,1.635787365822643,-0.3180044040055497,0.9999999859909842,8,2,2025-11-28
CVS/CTSH,CVS,CTSH,let_profits_run,1046.504499521258,0.9068041753228049,-0.3180044040055497,0.9999999956542692,4,2,2025-11-28
CVS/ADBE,CVS,ADBE,let_profits_run,1501.820253533622,0.5393763666933653,-0.3180044040055497,0.9999978070120061,10,2,2025-11-28
MGM/PTC,MGM,PTC,let_profits_run,-302.84,-0.9306560025961583,-0.3180044040055497,3.77332941735715e-07,2,2,2025-11-28
AMAT/TRMB,AMAT,TRMB,beta_neutral,247.8515290202707,0.16195136268983568,-0.4802311501468652,0.9048635936823879,6,2,2025-11-28
AMAT/FISV,AMAT,FISV,beta_neutral,1875.111464771142,0.5266434988778974,-0.4802311501468652,0.9999707081137074,20,2,2025-11-28
LRCX/FMC,LRCX,FMC,beta_neutral,7603.940715158857,1.390788325067587,-0.4802311501468652,0.9999999999999993,14,2,2025-11-28
LRCX/BR,LRCX,BR,beta_neutral,1830.1277155179,0.8044334661181423,-0.4802311501468652,0.9999999740578044,8,2,2025-11-28
DVA/KLAC,DVA,KLAC,beta_neutral,2151.878534658843,0.7899823084671523,-0.4802311501468652,0.9999822604746647,14,2,2025-11-28
DVA/INTU,DVA,INTU,beta_neutral,986.0886957240417,0.9243352395209237,-0.4802311501468652,0.9999999995651573,8,2,2025-11-28
TER/EFX,TER,EFX,beta_neutral,1753.944728471574,0.36345216199697294,-0.4802311501468652,0.9990531958857298,12,2,2025-11-28
TER/FOXA,TER,FOXA,beta_neutral,2530.91102510687,0.7567794406671285,-0.4802311501468652,0.9999976742584142,8,2,2025-11-28
JBL/FOX,JBL,FOX,beta_neutral,0.0,-0.4802311501468652,-0.4802311501468652,6.118250204042399e-29,0,2,2025-11-28
JBL/ULTA,JBL,ULTA,beta_neutral,167.2727264739425,0.1647139022768739,-0.4802311501468652,0.8411137542064493,4,2,2025-11-28
KEYS/NFLX,KEYS,NFLX,beta_neutral,60.48199999999878,0.06777466896577675,-0.4802311501468652,0.2728071677423175,6,2,2025-11-28
KEYS/CPRT,KEYS,CPRT,beta_neutral,-634.2900000000008,-0.27276756059276125,-0.4802311501468652,2.571606904342845e-14,14,2,2025-11-28
CVS/CTSH,CVS,CTSH,beta_neutral,2035.888119793593,1.3874647988409408,-0.4802311501468652,0.999999999964737,10,2,2025-11-28
CVS/ADBE,CVS,ADBE,beta_neutral,-792.0932930545168,-0.3257201041148164,-0.4802311501468652,2.4950834523278574e-11,18,2,2025-11-28
MGM/PTC,MGM,PTC,beta_neutral,0.0,-0.4802311501468652,-0.4802311501468652,6.118250204042399e-29,0,2,2025-11-28
AMAT/TRMB,AMAT,TRMB,trend_leverage,-771.4208760101991,-0.4562040122888551,-0.6587364777214794,1.032676360860656e-11,8,2,2025-11-28
AMAT/FISV,AMAT,FISV,trend_leverage,420.4997174903144,0.09542822022561981,-0.6587364777214794,0.43147396023749524,22,2,2025-11-28
LRCX/FMC,LRCX,FMC,trend_leverage,5911.72462596319,1.128974226209581,-0.6587364777214794,0.999999999999932,16,2,2025-11-28
LRCX/BR,LRCX,BR,trend_leverage,2722.468007461876,0.7966454647963734,-0.6587364777214794,0.9999999774711532,8,2,2025-11-28
DVA/KLAC,DVA,KLAC,trend_leverage,2867.422644922386,0.8430649053440118,-0.6587364777214794,0.9999984266299415,14,2,2025-11-28
DVA/INTU,DVA,INTU,trend_leverage,2857.483513632923,1.43489374850754,-0.6587364777214794,0.9999629543905434,6,2,2025-11-28
TER/EFX,TER,EFX,trend_leverage,667.7615525512974,0.11979120935713271,-0.6587364777214794,0.671524107059492,16,2,2025-11-28
TER/FOXA,TER,FOXA,trend_leverage,2807.177572707233,0.7249620934893874,-0.6587364777214794,0.999993487562007,8,2,2025-11-28
JBL/FOX,JBL,FOX,trend_leverage,-1896.385349592809,-0.9032968162880749,-0.6587364777214794,5.695414860346271e-07,4,2,2025-11-28
JBL/ULTA,JBL,ULTA,trend_leverage,1108.222564601673,0.7657535708352117,-0.6587364777214794,0.9990925153427617,2,2,2025-11-28
KEYS/NFLX,KEYS,NFLX,trend_leverage,-979.7579999999982,-1.0073126634311411,-0.6587364777214794,0.004687641279063341,4,2,2025-11-28
KEYS/CPRT,KEYS,CPRT,trend_leverage,-459.5100000000016,-0.25551601346463176,-0.6587364777214794,1.7140759596974298e-13,14,2,2025-11-28
CVS/CTSH,CVS,CTSH,trend_leverage,348.3129284689981,0.14434465065180802,-0.6587364777214794,0.7796930926365719,12,2,2025-11-28
CVS/ADBE,CVS,ADBE,trend_leverage,-1472.868497386169,-0.46966723659435705,-0.6587364777214794,1.3417057970078764e-14,20,2,2025-11-28
MGM/PTC,MGM,PTC,trend_leverage,0.0,-0.6587364777214794,-0.6587364777214794,4.3798429516575677e-44,0,2,2025-11-28
AMAT/TRMB,AMAT,TRMB,fast_rebalance,314.1495664102714,0.2110541373594829,-0.7966081206384421,0.9707422151879344,12,2,2025-11-28
AMAT/FISV,AMAT,FISV,fast_rebalance,3019.523268860848,1.1314405106295808,-0.7966081206384421,0.9999999999999996,18,2,2025-11-28
LRCX/FMC,LRCX,FMC,fast_rebalance,6655.110407909699,1.0475805042789648,-0.7966081206384421,0.9962395534744248,18,2,2025-11-28
LRCX/BR,LRCX,BR,fast_rebalance,3837.668471853518,1.306709160307404,-0.7966081206384421,0.9999999999994789,16,2,2025-11-28
DVA/KLAC,DVA,KLAC,fast_rebalance,462.8997819223871,0.16798501875068816,-0.7966081206384421,0.8683499589111892,18,2,2025-11-28
DVA/INTU,DVA,INTU,fast_rebalance,-488.5421529707857,-0.4259749528144259,-0.7966081206384421,2.6766751894661372e-15,14,2,2025-11-28
TER/EFX,TER,EFX,fast_rebalance,305.6099446206906,0.08593683386656024,-0.7966081206384421,0.3198796205923128,18,2,2025-11-28
TER/FOXA,TER,FOXA,fast_rebalance,953.6609435649946,0.8471808149918492,-0.7966081206384421,0.9999945568280495,6,2,2025-11-28
JBL/FOX,JBL,FOX,fast_rebalance,-435.6345912095152,-0.5038577290425663,-0.7966081206384421,4.844512886815314e-07,6,2,2025-11-28
JBL/ULTA,JBL,ULTA,fast_rebalance,357.6453228481672,0.17931854903725558,-0.7966081206384421,0.9007613243472558,10,2,2025-11-28
KEYS/NFLX,KEYS,NFLX,fast_rebalance,-3850.990999999999,-1.2885797931413872,-0.7966081206384421,7.377928502971518e-07,14,2,2025-11-28
KEYS/CPRT,KEYS,CPRT,fast_rebalance,1179.530000000001,0.6628800494497875,-0.7966081206384421,0.9999999999702829,22,2,2025-11-28
CVS/CTSH,CVS,CTSH,fast_rebalance,733.1807803352704,0.45040452567719047,-0.7966081206384421,0.999999845256034,20,2,2025-11-28
CVS/ADBE,CVS,ADBE,fast_rebalance,571.5962987281699,0.206446092096635,-0.7966081206384421,0.9893283625534817,22,2,2025-11-28
MGM/PTC,MGM,PTC,fast_rebalance,1330.159999999999,1.1553234283979168,-0.7966081206384421,0.9999747998697534,4,2,2025-11-28
AMAT/TRMB,AMAT,TRMB,short_term_beta_neutral,351.549841842904,0.10255299490112549,-0.7979429593581921,0.48916572357107796,12,2,2025-11-28
AMAT/FISV,AMAT,FISV,short_term_beta_neutral,3501.05439232552,0.9596233066973562,-0.7979429593581921,0.9999999999986515,20,2,2025-11-28
LRCX/FMC,LRCX,FMC,short_term_beta_neutral,4445.808048020841,0.9792017961250613,-0.7979429593581921,0.9999999999999768,18,2,2025-11-28
LRCX/BR,LRCX,BR,short_term_beta_neutral,3539.579077836077,1.3612205919240126,-0.7979429593581921,0.9999999999999637,16,2,2025-11-28
DVA/KLAC,DVA,KLAC,short_term_beta_neutral,160.2793018398318,0.07945937623629766,-0.7979429593581921,0.3160534134663401,20,2,2025-11-28
DVA/INTU,DVA,INTU,short_term_beta_neutral,-181.3740015951005,-0.15740211781751787,-0.7979429593581921,3.913091128806929e-08,14,2,2025-11-28
TER/EFX,TER,EFX,short_term_beta_neutral,3372.447281746761,0.6438710848830297,-0.7979429593581921,0.999892314347098,18,2,2025-11-28
TER/FOXA,TER,FOXA,short_term_beta_neutral,663.1601017191026,0.5243966159849737,-0.7979429593581921,0.999974764167101,8,2,2025-11-28
JBL/FOX,JBL,FOX,short_term_beta_neutral,510.5282435667698,0.3863041302207415,-0.7979429593581921,0.9966964753868754,10,2,2025-11-28
JBL/ULTA,JBL,ULTA,short_term_beta_neutral,283.7306386539357,0.09612940350732982,-0.7979429593581921,0.4465094490757398,12,2,2025-11-28
KEYS/NFLX,KEYS,NFLX,short_term_beta_neutral,-1709.989000000001,-1.0991091105019697,-0.7979429593581921,1.1410918228330415e-11,14,2,2025-11-28
KEYS/CPRT,KEYS,CPRT,short_term_beta_neutral,323.5099999999912,0.1046913186519704,-0.7979429593581921,0.5060441812480186,22,2,2025-11-28
CVS/CTSH,CVS,CTSH,short_term_beta_neutral,571.0122150592572,0.25742682211091095,-0.7979429593581921,0.9912525508179185,22,2,2025-11-28
CVS/ADBE,CVS,ADBE,short_term_beta_neutral,-560.9645952512703,-0.17527002195902594,-0.7979429593581921,0.0007130338987661832,22,2,2025-11-28
MGM/PTC,MGM,PTC,short_term_beta_neutral,-1509.859999999994,-1.1364197017146802,-0.7979429593581921,6.191913471024923e-23,10,2,2025-11-28
AMAT/TRMB,AMAT,TRMB,short_term_tilt,314.1495664102714,0.2110541373594829,-0.826651463608547,0.9707422151879344,12,2,2025-11-28
AMAT/FISV,AMAT,FISV,short_term_tilt,3019.523268860848,1.1314405106295808,-0.826651463608547,0.9999999999999996,18,2,2025-11-28
LRCX/FMC,LRCX,FMC,short_term_tilt,6481.197317619013,1.0185667127638895,-0.826651463608547,0.9963372849528067,18,2,2025-11-28
LRCX/BR,LRCX,BR,short_term_tilt,3837.668471853518,1.306709160307404,-0.826651463608547,0.9999999999994789,16,2,2025-11-28
DVA/KLAC,DVA,KLAC,short_term_tilt,141.3110681612839,0.0723549118721406,-0.826651463608547,0.27766073746772924,18,2,2025-11-28
DVA/INTU,DVA,INTU,short_term_tilt,-214.322562591783,-0.18655751606126306,-0.826651463608547,5.587975947543186e-10,12,2,2025-11-28
TER/EFX,TER,EFX,short_term_tilt,305.6099446206906,0.08593683386656024,-0.826651463608547,0.3198796205923128,18,2,2025-11-28
TER/FOXA,TER,FOXA,short_term_tilt,953.6609435649946,0.8471808149918492,-0.826651463608547,0.9999945568280495,6,2,2025-11-28
JBL/FOX,JBL,FOX,short_term_tilt,-537.0266915222659,-0.6145502447585349,-0.826651463608547,3.268850755004881e-07,8,2,2025-11-28
JBL/ULTA,JBL,ULTA,short_term_tilt,440.1978872167995,0.17521056554695996,-0.826651463608547,0.8817211922564159,12,2,2025-11-28
KEYS/NFLX,KEYS,NFLX,short_term_tilt,-3854.996999999996,-1.2905449404721925,-0.826651463608547,7.605887918078864e-07,14,2,2025-11-28
KEYS/CPRT,KEYS,CPRT,short_term_tilt,1207.03,0.6763271521969701,-0.826651463608547,0.999999999979657,22,2,2025-11-28
CVS/CTSH,CVS,CTSH,short_term_tilt,788.0268601437822,0.48769621003497443,-0.826651463608547,0.9999999341048572,18,2,2025-11-28
CVS/ADBE,CVS,ADBE,short_term_tilt,531.7083347597676,0.190838253806077,-0.826651463608547,0.9774100292667522,22,2,2025-11-28
MGM/PTC,MGM,PTC,short_term_tilt,1330.159999999999,1.1553234283979168,-0.826651463608547,0.9999747998697534,4,2,2025-11-28
AMAT/TRMB,AMAT,TRMB,long_term_tilt,-1262.877997137314,-1.4781863745182058,-0.8729873551982968,1.6061462055138289e-10,4,2,2025-11-28
AMAT/FISV,AMAT,FISV,long_term_tilt,8012.452328662205,1.3262431667822807,-0.8729873551982968,0.9947445507202277,12,2,2025-11-28
LRCX/FMC,LRCX,FMC,long_term_tilt,7679.608128323661,1.26549147722519,-0.8729873551982968,0.9954531866563364,6,2,2025-11-28
LRCX/BR,LRCX,BR,long_term_tilt,-1221.673707513207,-0.5826983102630308,-0.8729873551982968,3.301222282355707e-12,8,2,2025-11-28
DVA/KLAC,DVA,KLAC,long_term_tilt,-639.0170577391524,-0.3204577505994268,-0.8729873551982968,4.91226103260357e-12,12,2,2025-11-28
DVA/INTU,DVA,INTU,long_term_tilt,-1815.223056939017,-1.080655285082351,-0.8729873551982968,9.709052993635293e-05,6,2,2025-11-28
TER/EFX,TER,EFX,long_term_tilt,-1495.026556440737,-0.7535095101112501,-0.8729873551982968,2.8448175140129245e-14,6,2,2025-11-28
TER/FOXA,TER,FOXA,long_term_tilt,-587.1809589972942,-0.34186723189279994,-0.8729873551982968,1.934176291589251e-12,4,2,2025-11-28
JBL/FOX,JBL,FOX,long_term_tilt,-626.7260656665542,-0.48021748145280135,-0.8729873551982968,8.709377234006577e-08,2,2,2025-11-28
JBL/ULTA,JBL,ULTA,long_term_tilt,-193.0056601917875,-0.21085499615908604,-0.8729873551982968,2.009772436793309e-05,2,2,2025-11-28
KEYS/NFLX,KEYS,NFLX,long_term_tilt,2409.520000000004,1.2853394672612977,-0.8729873551982968,0.9996570866056147,8,2,2025-11-28
KEYS/CPRT,KEYS,CPRT,long_term_tilt,3341.860000000002,1.626585460516091,-0.8729873551982968,0.9999999983366943,8,2,2025-11-28
CVS/CTSH,CVS,CTSH,long_term_tilt,-643.9442164796769,-0.33099084029474724,-0.8729873551982968,5.856142169795412e-13,8,2,2025-11-28
CVS/ADBE,CVS,ADBE,long_term_tilt,2786.702055492494,1.0994920093236005,-0.8729873551982968,0.9999938966547955,10,2,2025-11-28
MGM/PTC,MGM,PTC,long_term_tilt,-505.3800000000006,-0.8815343881487464,-0.8729873551982968,7.867043015280848e-07,6,2,2025-11-28
AMAT/TRMB,AMAT,TRMB,entry_threshold_strong,-524.3924836855481,-0.6931384959890796,-0.8921233139616752,1.261677071687213e-09,6,2,2025-11-28
AMAT/FISV,AMAT,FISV,entry_threshold_strong,1378.676259276775,0.46335877227449496,-0.8921233139616752,0.9999999860584017,20,2,2025-11-28
LRCX/FMC,LRCX,FMC,entry_threshold_strong,9389.29493038296,1.4831466224645202,-0.8921233139616752,0.9970284732035191,12,2,2025-11-28
LRCX/BR,LRCX,BR,entry_threshold_strong,1543.860847739705,0.6907451424312706,-0.8921233139616752,0.9999998542367924,8,2,2025-11-28
DVA/KLAC,DVA,KLAC,entry_threshold_strong,2886.920506474438,1.2863626115135953,-0.8921233139616752,0.9999999964505855,12,2,2025-11-28
DVA/INTU,DVA,INTU,entry_threshold_strong,696.3800113049324,0.35082189906034483,-0.8921233139616752,0.972782147350372,6,2,2025-11-28
TER/EFX,TER,EFX,entry_threshold_strong,558.1528895287383,0.1642932549329529,-0.8921233139616752,0.9559043887589137,10,2,2025-11-28
TER/FOXA,TER,FOXA,entry_threshold_strong,1351.492399363675,0.6736760339873531,-0.8921233139616752,0.99999977900386,6,2,2025-11-28
JBL/FOX,JBL,FOX,entry_threshold_strong,-517.6104658376337,-0.40365352621621187,-0.8921233139616752,9.772076870877786e-08,2,2,2025-11-28
JBL/ULTA,JBL,ULTA,entry_threshold_strong,713.1277235312292,0.7596800596336063,-0.8921233139616752,0.9991156599335551,2,2,2025-11-28
KEYS/NFLX,KEYS,NFLX,entry_threshold_strong,-649.7179999999987,-1.0099586641621912,-0.8921233139616752,0.0046681132382640576,4,2,2025-11-28
KEYS/CPRT,KEYS,CPRT,entry_threshold_strong,133.6700000000006,0.10860408558917183,-0.8921233139616752,0.5321438880597762,12,2,2025-11-28
CVS/CTSH,CVS,CTSH,entry_threshold_strong,-1193.519771662066,-0.6483695649488054,-0.8921233139616752,1.6304222793557408e-13,10,2,2025-11-28
CVS/ADBE,CVS,ADBE,entry_threshold_strong,-708.2573370817386,-0.32581724402330503,-0.8921233139616752,3.6185922983475824e-13,16,2,2025-11-28
MGM/PTC,MGM,PTC,entry_threshold_strong,0.0,-0.8921233139616752,-0.8921233139616752,1.896579644659019e-64,0,2,2025-11-28
AMAT/TRMB,AMAT,TRMB,entry_filter_kalman,-489.0949690997869,-0.6333977803008959,-0.9242513660344572,1.986137390914545e-09,6,2,2025-11-28
AMAT/FISV,AMAT,FISV,entry_filter_kalman,1129.611286417528,0.3832883792035436,-0.9242513660344572,0.9999977150523265,20,2,2025-11-28
LRCX/FMC,LRCX,FMC,entry_filter_kalman,9166.41025254627,1.4902409706147255,-0.9242513660344572,0.9980077146313828,12,2,2025-11-28
LRCX/BR,LRCX,BR,entry_filter_kalman,1550.711379840061,0.6880451826228283,-0.9242513660344572,0.9999998437518349,8,2,2025-11-28
DVA/KLAC,DVA,KLAC,entry_filter_kalman,2943.449574481399,1.295239596005332,-0.9242513660344572,0.9999999971683723,12,2,2025-11-28
DVA/INTU,DVA,INTU,entry_filter_kalman,696.3800113049324,0.35082189906034483,-0.9242513660344572,0.972782147350372,6,2,2025-11-28
TER/EFX,TER,EFX,entry_filter_kalman,589.7274345420553,0.17181900187961624,-0.9242513660344572,0.970259776894768,10,2,2025-11-28
TER/FOXA,TER,FOXA,entry_filter_kalman,1353.111223864566,0.6779150267422893,-0.9242513660344572,0.9999997600288303,6,2,2025-11-28
JBL/FOX,JBL,FOX,entry_filter_kalman,-531.8271802008207,-0.42256750237998053,-0.9242513660344572,2.905438295906567e-07,2,2,2025-11-28
JBL/ULTA,JBL,ULTA,entry_filter_kalman,710.069682140888,0.7549675168953457,-0.9242513660344572,0.9991329166147299,2,2,2025-11-28
KEYS/NFLX,KEYS,NFLX,entry_filter_kalman,-636.4360000000003,-0.9913631104787437,-0.9242513660344572,0.004922277718692628,4,2,2025-11-28
KEYS/CPRT,KEYS,CPRT,entry_filter_kalman,107.7600000000007,0.0863334238651294,-0.9242513660344572,0.37654359796834924,12,2,2025-11-28
CVS/CTSH,CVS,CTSH,entry_filter_kalman,-1152.896624435281,-0.6397789543544259,-0.9242513660344572,2.6719813202793e-13,10,2,2025-11-28
CVS/ADBE,CVS,ADBE,entry_filter_kalman,-717.9909137643888,-0.3294969335601304,-0.9242513660344572,2.7522372889234936e-13,16,2,2025-11-28
MGM/PTC,MGM,PTC,entry_filter_kalman,0.0,-0.9242513660344572,-0.9242513660344572,3.554475832613726e-67,0,2,2025-11-28
AMAT/TRMB,AMAT,TRMB,slow_rebalance,-473.2229404900817,-0.5017625284721844,-1.0999212090978976,8.202637092849323e-10,4,2,2025-11-28
AMAT/FISV,AMAT,FISV,slow_rebalance,-672.9932556576813,-0.1113179032146464,-1.0999212090978976,5.504632042124217e-10,20,2,2025-11-28
LRCX/FMC,LRCX,FMC,slow_rebalance,6320.582798303303,1.0036739049702186,-1.0999212090978976,0.9956597587256998,12,2,2025-11-28
LRCX/BR,LRCX,BR,slow_rebalance,1516.1120727679,0.817317109245329,-1.0999212090978976,0.9999978882277772,8,2,2025-11-28
DVA/KLAC,DVA,KLAC,slow_rebalance,2857.03358933968,1.0739815733583524,-1.0999212090978976,0.9999999999594202,12,2,2025-11-28
DVA/INTU,DVA,INTU,slow_rebalance,-165.7557205869617,-0.22585688848529484,-1.0999212090978976,1.7186531973311565e-07,8,2,2025-11-28
TER/EFX,TER,EFX,slow_rebalance,-1546.159955890012,-0.9008937275849722,-1.0999212090978976,1.6819666257741277e-08,10,2,2025-11-28
TER/FOXA,TER,FOXA,slow_rebalance,316.5169097830346,0.14972759553734769,-1.0999212090978976,0.7886641128250105,6,2,2025-11-28
JBL/FOX,JBL,FOX,slow_rebalance,-857.2077329382298,-0.6527059097169425,-1.0999212090978976,1.6041583078875587e-06,2,2,2025-11-28
JBL/ULTA,JBL,ULTA,slow_rebalance,-412.9031780815117,-0.36613466522998583,-1.0999212090978976,4.002945907865142e-06,4,2,2025-11-28
KEYS/NFLX,KEYS,NFLX,slow_rebalance,-21.46500000000128,-0.016164904363349223,-1.0999212090978976,0.009196477646139638,6,2,2025-11-28
KEYS/CPRT,KEYS,CPRT,slow_rebalance,2208.029999999997,1.169240596845544,-1.0999212090978976,0.9999999956002307,14,2,2025-11-28
CVS/CTSH,CVS,CTSH,slow_rebalance,2334.568074287083,1.7156537704962365,-1.0999212090978976,0.9999999999057769,8,2,2025-11-28
CVS/ADBE,CVS,ADBE,slow_rebalance,279.9932065187033,0.1475145590779494,-1.0999212090978976,0.7730201992188781,12,2,2025-11-28
MGM/PTC,MGM,PTC,slow_rebalance,0.0,-1.0999212090978976,-1.0999212090978976,2.0414506586603586e-81,0,2,2025-11-28
AMAT/TRMB,AMAT,TRMB,no_reversal_protection,815.8621232551093,0.5995367428475418,-1.1415913026012006,0.999999999934703,6,2,2025-11-28
AMAT/FISV,AMAT,FISV,no_reversal_protection,1426.314171147701,0.17640854310595483,-1.1415913026012006,0.887656554199483,22,2,2025-11-28
LRCX/FMC,LRCX,FMC,no_reversal_protection,2577.808418630605,0.7082507562165176,-1.1415913026012006,0.9999999999936929,16,2,2025-11-28
LRCX/BR,LRCX,BR,no_reversal_protection,1152.140291552215,0.48894556880161916,-1.1415913026012006,0.9999989248614856,8,2,2025-11-28
DVA/KLAC,DVA,KLAC,no_reversal_protection,1599.344633157981,0.7012179836019191,-1.1415913026012006,0.9999951690131037,14,2,2025-11-28
DVA/INTU,DVA,INTU,no_reversal_protection,1704.669743795373,1.2301279979793522,-1.1415913026012006,0.9999940595055475,6,2,2025-11-28
TER/EFX,TER,EFX,no_reversal_protection,1949.659160048412,0.41494857573224353,-1.1415913026012006,0.9999999689916137,16,2,2025-11-28
TER/FOXA,TER,FOXA,no_reversal_protection,1295.882548822013,0.4857557660081825,-1.1415913026012006,0.9999937298210458,8,2,2025-11-28
JBL/FOX,JBL,FOX,no_reversal_protection,-1125.624720656263,-0.8103872175086928,-1.1415913026012006,4.194318160765522e-07,4,2,2025-11-28
JBL/ULTA,JBL,ULTA,no_reversal_protection,468.617169190557,0.47381164044740043,-1.1415913026012006,0.99933953699272,2,2,2025-11-28
KEYS/NFLX,KEYS,NFLX,no_reversal_protection,-936.9049999999993,-1.2693251023439978,-1.1415913026012006,0.0007245152127404889,4,2,2025-11-28
KEYS/CPRT,KEYS,CPRT,no_reversal_protection,-643.0499999999985,-0.49984439399655,-1.1415913026012006,3.604780204589723e-22,12,2,2025-11-28
CVS/CTSH,CVS,CTSH,no_reversal_protection,-747.9066070357701,-0.37845678596228194,-1.1415913026012006,2.7135366206483113e-12,12,2,2025-11-28
CVS/ADBE,CVS,ADBE,no_reversal_protection,-1020.920744373302,-0.5009234986360074,-1.1415913026012006,3.7741736950213467e-23,18,2,2025-11-28
MGM/PTC,MGM,PTC,no_reversal_protection,0.0,-1.1415913026012006,-1.1415913026012006,1.3430483071377674e-84,0,2,2025-11-28
AMAT/TRMB,AMAT,TRMB,uniform_weights,-524.3924836855481,-0.6931384959890796,-1.1751501847441332,1.261677071687213e-09,6,2,2025-11-28
AMAT/FISV,AMAT,FISV,uniform_weights,1074.643733822748,0.380043990599852,-1.1751501847441332,0.9999958737911814,20,2,2025-11-28
LRCX/FMC,LRCX,FMC,uniform_weights,4795.604160460588,1.4103565377588054,-1.1751501847441332,0.9999999999998771,14,2,2025-11-28
LRCX/BR,LRCX,BR,uniform_weights,1811.120847739706,0.7970802961756392,-1.1751501847441332,0.9999999748937387,8,2,2025-11-28
DVA/KLAC,DVA,KLAC,uniform_weights,1903.737472095407,0.8436876412713472,-1.1751501847441332,0.9999984608542126,14,2,2025-11-28
DVA/INTU,DVA,INTU,uniform_weights,1863.689923513432,1.4290804863390338,-1.1751501847441332,0.9999694263636937,6,2,2025-11-28
TER/EFX,TER,EFX,uniform_weights,558.1528895287383,0.1642932549329529,-1.1751501847441332,0.9559043887589137,10,2,2025-11-28
TER/FOXA,TER,FOXA,uniform_weights,1879.25414976007,0.7260357266324231,-1.1751501847441332,0.999993102813942,8,2,2025-11-28
JBL/FOX,JBL,FOX,uniform_weights,-532.4179892646788,-0.41555736126035053,-1.1751501847441332,1.521868715720693e-07,2,2,2025-11-28
JBL/ULTA,JBL,ULTA,uniform_weights,713.1277235312292,0.7596800596336063,-1.1751501847441332,0.9991156599335551,2,2,2025-11-28
KEYS/NFLX,KEYS,NFLX,uniform_weights,-649.7179999999987,-1.0099586641621912,-1.1751501847441332,0.0046681132382640576,4,2,2025-11-28
KEYS/CPRT,KEYS,CPRT,uniform_weights,-293.8299999999981,-0.24672331202305198,-1.1751501847441332,4.946998709439547e-13,14,2,2025-11-28
CVS/CTSH,CVS,CTSH,uniform_weights,611.3265699994556,0.386502834035017,-1.1751501847441332,0.9999152482158199,10,2,2025-11-28
CVS/ADBE,CVS,ADBE,uniform_weights,-769.285275657031,-0.3713452160699791,-1.1751501847441332,4.2821728938451925e-13,18,2,2025-11-28
MGM/PTC,MGM,PTC,uniform_weights,0.0,-1.1751501847441332,-1.1751501847441332,4.227041446684044e-87,0,2,2025-11-28
AMAT/TRMB,AMAT,TRMB,no_skip_month,2237.065210707945,0.44717950059116235,-1.2116306929916183,0.9986388551367562,12,2,2025-11-28
AMAT/FISV,AMAT,FISV,no_skip_month,-1725.099476047568,-0.3706985075882418,-1.2116306929916183,4.852167037685695e-10,24,2,2025-11-28
LRCX/FMC,LRCX,FMC,no_skip_month,3797.626925999293,1.0891921627268595,-1.2116306929916183,0.999999999999941,18,2,2025-11-28
LRCX/BR,LRCX,BR,no_skip_month,-1123.795635428385,-0.20874697514401377,-1.2116306929916183,2.4324477461234503e-13,10,2,2025-11-28
DVA/KLAC,DVA,KLAC,no_skip_month,755.1448433375201,0.33987907936840356,-1.2116306929916183,0.9968667142244154,16,2,2025-11-28
DVA/INTU,DVA,INTU,no_skip_month,842.2247729924788,0.812356893931259,-1.2116306929916183,0.9999999887364911,8,2,2025-11-28
TER/EFX,TER,EFX,no_skip_month,1377.616597460938,0.347112104910993,-1.2116306929916183,0.999996880475667,20,2,2025-11-28
TER/FOXA,TER,FOXA,no_skip_month,1861.044514991656,0.7249691927490378,-1.2116306929916183,0.999993823812422,8,2,2025-11-28
JBL/FOX,JBL,FOX,no_skip_month,-1560.9996073049,-0.9731285317353024,-1.2116306929916183,7.2002741792064716e-09,6,2,2025-11-28
JBL/ULTA,JBL,ULTA,no_skip_month,-3448.930300703117,-0.8646968112094963,-1.2116306929916183,9.633320516471209e-06,6,2,2025-11-28
KEYS/NFLX,KEYS,NFLX,no_skip_month,-861.4279999999975,-1.184969993560617,-1.2116306929916183,0.0006721414277299157,6,2,2025-11-28
KEYS/CPRT,KEYS,CPRT,no_skip_month,-899.9899999999985,-0.7063594550214517,-1.2116306929916183,2.476970516088686e-21,16,2,2025-11-28
CVS/CTSH,CVS,CTSH,no_skip_month,2269.883414948126,0.9947911959933112,-1.2116306929916183,0.9999999999999909,14,2,2025-11-28
CVS/ADBE,CVS,ADBE,no_skip_month,-723.5786095954718,-0.33939817738871414,-1.2116306929916183,6.57933939822557e-13,20,2,2025-11-28
MGM/PTC,MGM,PTC,no_skip_month,1451.849999999995,0.6073697136852027,-1.2116306929916183,0.999907940596306,4,2,2025-11-28
AMAT/TRMB,AMAT,TRMB,balanced,-524.3924836855481,-0.6931384959890796,-1.258801194746506,1.261677071687213e-09,6,2,2025-11-28
AMAT/FISV,AMAT,FISV,balanced,675.7455324360753,0.23674271734344077,-1.258801194746506,0.993505923411495,20,2,2025-11-28
LRCX/FMC,LRCX,FMC,balanced,4993.983524643551,1.460659577979071,-1.258801194746506,0.9999999999999348,14,2,2025-11-28
LRCX/BR,LRCX,BR,balanced,1811.120847739706,0.7970802961756392,-1.258801194746506,0.9999999748937387,8,2,2025-11-28
DVA/KLAC,DVA,KLAC,balanced,1903.737472095407,0.8436876412713472,-1.258801194746506,0.9999984608542126,14,2,2025-11-28
DVA/INTU,DVA,INTU,balanced,838.307532904334,0.8015626616703412,-1.258801194746506,0.9999999859303486,8,2,2025-11-28
TER/EFX,TER,EFX,balanced,442.8528496322513,0.1302877250799896,-1.258801194746506,0.7828695999645059,12,2,2025-11-28
TER/FOXA,TER,FOXA,balanced,1879.25414976007,0.7260357266324231,-1.258801194746506,0.999993102813942,8,2,2025-11-28
JBL/FOX,JBL,FOX,balanced,0.0,-1.258801194746506,-1.258801194746506,4.283153369845116e-93,0,2,2025-11-28
JBL/ULTA,JBL,ULTA,balanced,636.8489076964626,0.418782227181213,-1.258801194746506,0.9998996694877289,4,2,2025-11-28
KEYS/NFLX,KEYS,NFLX,balanced,-754.0359999999976,-1.0520734326995287,-1.258801194746506,0.0008366976234449974,6,2,2025-11-28
KEYS/CPRT,KEYS,CPRT,balanced,-294.8699999999967,-0.2476322820455748,-1.258801194746506,4.4512343740330023e-13,14,2,2025-11-28
CVS/CTSH,CVS,CTSH,balanced,601.443413677056,0.38093128156656164,-1.258801194746506,0.9998968996557944,10,2,2025-11-28
CVS/ADBE,CVS,ADBE,balanced,-769.285275657031,-0.3713452160699791,-1.258801194746506,4.2821728938451925e-13,18,2,2025-11-28
MGM/PTC,MGM,PTC,balanced,0.0,-1.258801194746506,-1.258801194746506,4.283153369845116e-93,0,2,2025-11-28
AMAT/TRMB,AMAT,TRMB,beta_neutral_long_term,-1241.199923094628,-0.8598681302100318,-1.2683757058359617,4.8813676688221165e-11,4,2,2025-11-28
AMAT/FISV,AMAT,FISV,beta_neutral_long_term,3164.704533964625,0.48332266376462135,-1.2683757058359617,0.9959300479709174,14,2,2025-11-28
LRCX/FMC,LRCX,FMC,beta_neutral_long_term,-106.0073513647021,-0.023114080332815257,-1.2683757058359617,0.005403465494649583,10,2,2025-11-28
LRCX/BR,LRCX,BR,beta_neutral_long_term,-2084.709142084141,-1.068377335805905,-1.2683757058359617,4.046261021108151e-12,8,2,2025-11-28
DVA/KLAC,DVA,KLAC,beta_neutral_long_term,-2057.131469661077,-1.2278207381793982,-1.2683757058359617,1.6002915669239518e-13,12,2,2025-11-28
DVA/INTU,DVA,INTU,beta_neutral_long_term,-1451.595314231521,-0.7540473316570142,-1.2683757058359617,0.0004148242470875178,6,2,2025-11-28
TER/EFX,TER,EFX,beta_neutral_long_term,-1450.256357353394,-0.7547040496741564,-1.2683757058359617,4.300516282463164e-16,6,2,2025-11-28
TER/FOXA,TER,FOXA,beta_neutral_long_term,90.72979801595523,0.02872128844266133,-1.2683757058359617,0.07101880702449964,4,2,2025-11-28
JBL/FOX,JBL,FOX,beta_neutral_long_term,512.2414107557119,0.15695117730583283,-1.2683757058359617,0.7700560577900047,2,2,2025-11-28
JBL/ULTA,JBL,ULTA,beta_neutral_long_term,307.2545370051629,0.41796603659485554,-1.2683757058359617,0.9960835996533641,2,2,2025-11-28
KEYS/NFLX,KEYS,NFLX,beta_neutral_long_term,4084.575000000003,1.1361542501241662,-1.2683757058359617,0.9999919201660629,8,2,2025-11-28
KEYS/CPRT,KEYS,CPRT,beta_neutral_long_term,3427.889999999999,1.0716794496753301,-1.2683757058359617,0.9999929558750668,8,2,2025-11-28
CVS/CTSH,CVS,CTSH,beta_neutral_long_term,-74.37872517375536,-0.032897530814050564,-1.2683757058359617,0.0012896165135004385,8,2,2025-11-28
CVS/ADBE,CVS,ADBE,beta_neutral_long_term,2772.077549207666,1.0234321168590697,-1.2683757058359617,0.9999100494320353,10,2,2025-11-28
MGM/PTC,MGM,PTC,beta_neutral_long_term,-168.2900000000005,-0.3216285513037191,-1.2683757058359617,1.5396481758122804e-07,6,2,2025-11-28
AMAT/TRMB,AMAT,TRMB,default,-519.032483685548,-0.6858084541837963,-1.2798621498771603,1.3122210364338417e-09,6,2,2025-11-28
AMAT/FISV,AMAT,FISV,default,1066.493733822748,0.37768019824180565,-1.2798621498771603,0.999995242933757,20,2,2025-11-28
LRCX/FMC,LRCX,FMC,default,4993.983524643551,1.460659577979071,-1.2798621498771603,0.9999999999999348,14,2,2025-11-28
LRCX/BR,LRCX,BR,default,1811.120847739706,0.7970802961756392,-1.2798621498771603,0.9999999748937387,8,2,2025-11-28
DVA/KLAC,DVA,KLAC,default,1903.737472095407,0.8436876412713472,-1.2798621498771603,0.9999984608542126,14,2,2025-11-28
DVA/INTU,DVA,INTU,default,838.307532904334,0.8015626616703412,-1.2798621498771603,0.9999999859303486,8,2,2025-11-28
TER/EFX,TER,EFX,default,442.8528496322513,0.1302877250799896,-1.2798621498771603,0.7828695999645059,12,2,2025-11-28
TER/FOXA,TER,FOXA,default,1879.25414976007,0.7260357266324231,-1.2798621498771603,0.999993102813942,8,2,2025-11-28
JBL/FOX,JBL,FOX,default,0.0,-1.2798621498771603,-1.2798621498771603,1.5069432993187902e-94,0,2,2025-11-28
JBL/ULTA,JBL,ULTA,default,146.7257894274676,0.13354106092257303,-1.2798621498771603,0.7152309558356242,4,2,2025-11-28
KEYS/NFLX,KEYS,NFLX,default,-754.0359999999976,-1.0520734326995287,-1.2798621498771603,0.0008366976234449974,6,2,2025-11-28
KEYS/CPRT,KEYS,CPRT,default,-294.8699999999967,-0.2476322820455748,-1.2798621498771603,4.4512343740330023e-13,14,2,2025-11-28
CVS/CTSH,CVS,CTSH,default,601.443413677056,0.38093128156656164,-1.2798621498771603,0.9998968996557944,10,2,2025-11-28
CVS/ADBE,CVS,ADBE,default,-769.285275657031,-0.3713452160699791,-1.2798621498771603,4.2821728938451925e-13,18,2,2025-11-28
MGM/PTC,MGM,PTC,default,0.0,-1.2798621498771603,-1.2798621498771603,1.5069432993187902e-94,0,2,2025-11-28
AMAT/TRMB,AMAT,TRMB,kalman_hedge,-467.2138515061157,-0.4006298824432042,-1.2860413055655533,3.881913821799979e-11,8,2,2025-11-28
AMAT/FISV,AMAT,FISV,kalman_hedge,387.7261628744777,0.13561277983880796,-1.2860413055655533,0.732343983409754,22,2,2025-11-28
LRCX/FMC,LRCX,FMC,kalman_hedge,4269.177196598507,1.2133635008712182,-1.2860413055655533,0.9999999999999861,16,2,2025-11-28
LRCX/BR,LRCX,BR,kalman_hedge,1807.331379840062,0.7901133742545535,-1.2860413055655533,0.9999999701998946,8,2,2025-11-28
DVA/KLAC,DVA,KLAC,kalman_hedge,1935.096295348231,0.8525548967406962,-1.2860413055655533,0.9999985496613248,14,2,2025-11-28
DVA/INTU,DVA,INTU,kalman_hedge,1863.012696131952,1.4313213274272643,-1.2860413055655533,0.9999678885763009,6,2,2025-11-28
TER/EFX,TER,EFX,kalman_hedge,444.3147253312535,0.11928691915092615,-1.2860413055655533,0.6663061133374654,16,2,2025-11-28
TER/FOXA,TER,FOXA,kalman_hedge,1830.904947774359,0.7194057054768468,-1.2860413055655533,0.9999947392000811,8,2,2025-11-28
JBL/FOX,JBL,FOX,kalman_hedge,-1140.673282552763,-0.8345611187158446,-1.2860413055655533,7.909020375099453e-07,4,2,2025-11-28
JBL/ULTA,JBL,ULTA,kalman_hedge,713.1277235312292,0.7596800596336063,-1.2860413055655533,0.9991156599335551,2,2,2025-11-28
KEYS/NFLX,KEYS,NFLX,kalman_hedge,-634.6959999999991,-0.9893641875359235,-1.2860413055655533,0.004962380532576008,4,2,2025-11-28
KEYS/CPRT,KEYS,CPRT,kalman_hedge,-144.8800000000028,-0.13219005980414375,-1.2860413055655533,1.5261496077246928e-07,12,2,2025-11-28
CVS/CTSH,CVS,CTSH,kalman_hedge,289.4489830582196,0.18544675971864133,-1.2860413055655533,0.9408615769664248,12,2,2025-11-28
CVS/ADBE,CVS,ADBE,kalman_hedge,-988.8155212519516,-0.4737306942601341,-1.2860413055655533,1.1268531588809897e-14,20,2,2025-11-28
MGM/PTC,MGM,PTC,kalman_hedge,0.0,-1.2860413055655533,-1.2860413055655533,5.6999762101662744e-95,0,2,2025-11-28
AMAT/TRMB,AMAT,TRMB,vol_weighted_sizing,-512.5223402048488,-0.45651055256634776,-1.3180164585350147,1.0195411464719705e-11,8,2,2025-11-28
AMAT/FISV,AMAT,FISV,vol_weighted_sizing,643.5136211213771,0.22325819390044485,-1.3180164585350147,0.9885995161952413,22,2,2025-11-28
LRCX/FMC,LRCX,FMC,vol_weighted_sizing,3939.464128541816,1.1291754920779036,-1.3180164585350147,0.9999999999999267,16,2,2025-11-28
LRCX/BR,LRCX,BR,vol_weighted_sizing,1809.570847739706,0.7968432955666405,-1.3180164585350147,0.9999999741811056,8,2,2025-11-28
DVA/KLAC,DVA,KLAC,vol_weighted_sizing,1901.427969766134,0.8429220520619649,-1.3180164585350147,0.9999984445884739,14,2,2025-11-28
DVA/INTU,DVA,INTU,vol_weighted_sizing,1860.739923513432,1.4292108796816254,-1.3180164585350147,0.9999681602505746,6,2,2025-11-28
TER/EFX,TER,EFX,vol_weighted_sizing,416.5453321017613,0.11285866134383139,-1.3180164585350147,0.5973747648480767,16,2,2025-11-28
TER/FOXA,TER,FOXA,vol_weighted_sizing,1879.25414976007,0.7260357266324231,-1.3180164585350147,0.999993102813942,8,2,2025-11-28
JBL/FOX,JBL,FOX,vol_weighted_sizing,-1130.907989264679,-0.8147524975064869,-1.3180164585350147,4.868161916306826e-07,4,2,2025-11-28
JBL/ULTA,JBL,ULTA,vol_weighted_sizing,713.1277235312292,0.7596800596336063,-1.3180164585350147,0.9991156599335551,2,2,2025-11-28
KEYS/NFLX,KEYS,NFLX,vol_weighted_sizing,-648.7079999999987,-1.0088493820315019,-1.3180164585350147,0.004693671749793477,4,2,2025-11-28
KEYS/CPRT,KEYS,CPRT,vol_weighted_sizing,-139.9399999999981,-0.13001120378404227,-1.3180164585350147,2.2807617806524946e-07,12,2,2025-11-28
CVS/CTSH,CVS,CTSH,vol_weighted_sizing,231.2661924696158,0.14384701558014393,-1.3180164585350147,0.7769528711853774,12,2,2025-11-28
CVS/ADBE,CVS,ADBE,vol_weighted_sizing,-974.5292573816935,-0.467918494120589,-1.3180164585350147,1.479421338097873e-14,20,2,2025-11-28
MGM/PTC,MGM,PTC,vol_weighted_sizing,0.0,-1.3180164585350147,-1.3180164585350147,3.999678233524724e-97,0,2,2025-11-28
AMAT/TRMB,AMAT,TRMB,long_term_kalman,-1256.394041045868,-1.462933301819807,-1.4950862891623706,2.12333950359064e-10,4,2,2025-11-28
AMAT/FISV,AMAT,FISV,long_term_kalman,5408.071152063636,0.876526583761915,-1.4950862891623706,0.9972916351039531,12,2,2025-11-28
LRCX/FMC,LRCX,FMC,long_term_kalman,5273.068570127722,1.0354022498129885,-1.4950862891623706,0.999156819313692,8,2,2025-11-28
LRCX/BR,LRCX,BR,long_term_kalman,-1200.526434548422,-0.5704986720914165,-1.4950862891623706,4.4760265431597574e-12,8,2,2025-11-28
DVA/KLAC,DVA,KLAC,long_term_kalman,-627.3808274665316,-0.3149089904368948,-1.4950862891623706,5.040369039464951e-12,12,2,2025-11-28
DVA/INTU,DVA,INTU,long_term_kalman,-1836.533056939019,-1.0778931538463026,-1.4950862891623706,0.0001080828996850377,6,2,2025-11-28
TER/EFX,TER,EFX,long_term_kalman,-1523.325443486364,-0.7618966329274984,-1.4950862891623706,9.152539421511899e-15,6,2,2025-11-28
TER/FOXA,TER,FOXA,long_term_kalman,-640.1728147010258,-0.3911268082525703,-1.4950862891623706,1.1906407034159632e-12,4,2,2025-11-28
JBL/FOX,JBL,FOX,long_term_kalman,-626.7260656665542,-0.48021748145280135,-1.4950862891623706,8.709377234006577e-08,2,2,2025-11-28
JBL/ULTA,JBL,ULTA,long_term_kalman,-198.3159788541922,-0.21789921082900643,-1.4950862891623706,1.9078199951827796e-05,2,2,2025-11-28
KEYS/NFLX,KEYS,NFLX,long_term_kalman,2397.507999999999,1.2788882742124252,-1.4950862891623706,0.9995725690039786,8,2,2025-11-28
KEYS/CPRT,KEYS,CPRT,long_term_kalman,3025.790000000001,1.4409263608853993,-1.4950862891623706,0.9999999962062427,6,2,2025-11-28
CVS/CTSH,CVS,CTSH,long_term_kalman,-1838.312418858592,-0.8263619945495786,-1.4950862891623706,7.202481500808298e-11,8,2,2025-11-28
CVS/ADBE,CVS,ADBE,long_term_kalman,1913.740907339929,0.7459740105099708,-1.4950862891623706,0.9999953756318176,10,2,2025-11-28
MGM/PTC,MGM,PTC,long_term_kalman,-504.7699999999997,-0.8812193847345373,-1.4950862891623706,7.478975749326046e-07,6,2,2025-11-28
AMAT/TRMB,AMAT,TRMB,raw_momentum_kalman,-491.2899200484029,-0.6336457130109112,-1.5154280733181806,1.795105053323977e-09,6,2,2025-11-28
AMAT/FISV,AMAT,FISV,raw_momentum_kalman,791.5608207527606,0.283459950250853,-1.5154280733181806,0.9990823114712531,20,2,2025-11-28
LRCX/FMC,LRCX,FMC,raw_momentum_kalman,5906.10734831051,1.890342233283901,-1.5154280733181806,0.9999999999969866,10,2,2025-11-28
LRCX/BR,LRCX,BR,raw_momentum_kalman,1506.281379840061,0.6665392690371083,-1.5154280733181806,0.9999998098706206,8,2,2025-11-28
DVA/KLAC,DVA,KLAC,raw_momentum_kalman,3128.541316203575,1.623616044599002,-1.5154280733181806,0.9999999995119566,10,2,2025-11-28
DVA/INTU,DVA,INTU,raw_momentum_kalman,1739.910971657757,1.3531191440067,-1.5154280733181806,0.9999529082747782,6,2,2025-11-28
TER/EFX,TER,EFX,raw_momentum_kalman,-1543.109715417163,-0.7147019952781548,-1.5154280733181806,6.322997596606682e-14,10,2,2025-11-28
TER/FOXA,TER,FOXA,raw_momentum_kalman,1827.649945317357,0.7184009735505197,-1.5154280733181806,0.9999946259704992,8,2,2025-11-28
JBL/FOX,JBL,FOX,raw_momentum_kalman,0.0,-1.5154280733181806,-1.5154280733181806,2.795621834487316e-109,0,2,2025-11-28
JBL/ULTA,JBL,ULTA,raw_momentum_kalman,710.069682140888,0.7549675168953457,-1.5154280733181806,0.9991329166147299,2,2,2025-11-28
KEYS/NFLX,KEYS,NFLX,raw_momentum_kalman,-527.7860000000003,-0.8411350053158405,-1.5154280733181806,0.005392455700782384,2,2,2025-11-28
KEYS/CPRT,KEYS,CPRT,raw_momentum_kalman,14.54999999999711,0.013945654373230865,-1.5154280733181806,0.03864293273711804,8,2,2025-11-28
CVS/CTSH,CVS,CTSH,raw_momentum_kalman,-1484.473100806971,-0.8699124047651782,-1.5154280733181806,6.021201350947305e-13,12,2,2025-11-28
CVS/ADBE,CVS,ADBE,raw_momentum_kalman,-590.0205200480482,-0.32605811624437775,-1.5154280733181806,1.2296840239328652e-10,12,2,2025-11-28
MGM/PTC,MGM,PTC,raw_momentum_kalman,0.0,-1.5154280733181806,-1.5154280733181806,2.795621834487316e-109,0,2,2025-11-28
AMAT/TRMB,AMAT,TRMB,raw_momentum,-518.0624836855479,-0.6848697030615049,-1.654711635918717,1.3031998878934859e-09,6,2,2025-11-28
AMAT/FISV,AMAT,FISV,raw_momentum,1728.769879623575,0.6358055495605089,-1.654711635918717,0.9999999999462337,18,2,2025-11-28
LRCX/FMC,LRCX,FMC,raw_momentum,5711.40421896756,1.7175693395171732,-1.654711635918717,0.9999999999995656,12,2,2025-11-28
LRCX/BR,LRCX,BR,raw_momentum,241.3208477397067,0.12811809247140368,-1.654711635918717,0.6700949325684634,8,2,2025-11-28
DVA/KLAC,DVA,KLAC,raw_momentum,2280.241902954913,1.0379270084037042,-1.654711635918717,0.9999994278334475,12,2,2025-11-28
DVA/INTU,DVA,INTU,raw_momentum,1739.910971657757,1.3531191440067,-1.654711635918717,0.9999529082747782,6,2,2025-11-28
TER/EFX,TER,EFX,raw_momentum,-1688.596828954597,-0.7885478013270347,-1.654711635918717,2.0549515705639952e-14,12,2,2025-11-28
TER/FOXA,TER,FOXA,raw_momentum,1874.898110445409,0.7246904014279756,-1.654711635918717,0.9999931779750442,8,2,2025-11-28
JBL/FOX,JBL,FOX,raw_momentum,0.0,-1.654711635918717,-1.654711635918717,1.0155077681789291e-116,0,2,2025-11-28
JBL/ULTA,JBL,ULTA,raw_momentum,713.1277235312292,0.7596800596336063,-1.654711635918717,0.9991156599335551,2,2,2025-11-28
KEYS/NFLX,KEYS,NFLX,raw_momentum,-530.9079999999988,-0.8482025489986821,-1.654711635918717,0.005415257861249192,2,2,2025-11-28
KEYS/CPRT,KEYS,CPRT,raw_momentum,43.33000000000175,0.04259514469477748,-1.654711635918717,0.12440484943981528,8,2,2025-11-28
CVS/CTSH,CVS,CTSH,raw_momentum,-1158.489589997049,-0.6709500172269817,-1.654711635918717,1.6508646444373574e-13,10,2,2025-11-28
CVS/ADBE,CVS,ADBE,raw_momentum,-584.8176668273172,-0.3239613278636673,-1.654711635918717,1.28522577956361e-10,12,2,2025-11-28
MGM/PTC,MGM,PTC,raw_momentum,0.0,-1.654711635918717,-1.654711635918717,1.0155077681789291e-116,0,2,2025-11-28
AMAT/TRMB,AMAT,TRMB,fast_strict,-107.1617535620411,-0.1177415472334194,-1.9539083418630852,2.0133809723800557e-06,10,2,2025-11-28
AMAT/FISV,AMAT,FISV,fast_strict,2176.606828702458,1.1125651215990175,-1.9539083418630852,0.9999999999999983,18,2,2025-11-28
LRCX/FMC,LRCX,FMC,fast_strict,2014.984343211901,0.8026768225683966,-1.9539083418630852,0.9999999999661503,18,2,2025-11-28
LRCX/BR,LRCX,BR,fast_strict,2161.101156073832,0.998833195051215,-1.9539083418630852,0.9999999999868386,16,2,2025-11-28
DVA/KLAC,DVA,KLAC,fast_strict,300.6845528044926,0.15800157094855397,-1.9539083418630852,0.819535880122944,18,2,2025-11-28
DVA/INTU,DVA,INTU,fast_strict,-363.9600036416013,-0.4281037338754185,-1.9539083418630852,2.47652283230841e-15,14,2,2025-11-28
TER/EFX,TER,EFX,fast_strict,291.9611674910082,0.11001658722985518,-1.9539083418630852,0.5642892115048326,18,2,2025-11-28
TER/FOXA,TER,FOXA,fast_strict,712.4543231185448,0.8435527328197,-1.9539083418630852,0.9999944483398114,6,2,2025-11-28
JBL/FOX,JBL,FOX,fast_strict,-114.2674129121333,-0.19356797121002492,-1.9539083418630852,2.4984530909524646e-05,6,2,2025-11-28
JBL/ULTA,JBL,ULTA,fast_strict,-47.58086357551639,-0.03773740038453612,-1.9539083418630852,0.0014929499626854283,10,2,2025-11-28
KEYS/NFLX,KEYS,NFLX,fast_strict,-2929.407999999998,-1.0449875008805238,-1.9539083418630852,5.419718885845308e-06,14,2,2025-11-28
KEYS/CPRT,KEYS,CPRT,fast_strict,820.1099999999997,0.6018025535926474,-1.9539083418630852,0.9999999985126484,22,2,2025-11-28
CVS/CTSH,CVS,CTSH,fast_strict,364.2036954495728,0.28060652481928966,-1.9539083418630852,0.9993017188967467,20,2,2025-11-28
CVS/ADBE,CVS,ADBE,fast_strict,848.8395440317038,0.42168938213368823,-1.9539083418630852,0.9999859999491175,22,2,2025-11-28
MGM/PTC,MGM,PTC,fast_strict,619.9199999999994,1.214430495971316,-1.9539083418630852,0.9999899640387265,4,2,2025-11-28
AMAT/TRMB,AMAT,TRMB,sensitive_reversal,-542.2466900038879,-0.8258775337368041,-2.001616744236356,2.9994729756337053e-06,6,2,2025-11-28
AMAT/FISV,AMAT,FISV,sensitive_reversal,697.2113393894714,0.22065051185209777,-2.001616744236356,0.9419374769489589,24,2,2025-11-28
LRCX/FMC,LRCX,FMC,sensitive_reversal,4073.353353905806,1.396766388379386,-2.001616744236356,0.9999999993345472,16,2,2025-11-28
LRCX/BR,LRCX,BR,sensitive_reversal,1036.970847739708,0.5299869622339679,-2.001616744236356,0.9999955181169465,10,2,2025-11-28
DVA/KLAC,DVA,KLAC,sensitive_reversal,864.5313357804404,0.40704985853135683,-2.001616744236356,0.998325876231555,16,2,2025-11-28
DVA/INTU,DVA,INTU,sensitive_reversal,1662.508807414725,0.8796990665239864,-2.001616744236356,0.9966167712066804,12,2,2025-11-28
TER/EFX,TER,EFX,sensitive_reversal,-1578.906329919792,-1.094925685790821,-2.001616744236356,2.388042266962904e-07,16,2,2025-11-28
TER/FOXA,TER,FOXA,sensitive_reversal,1538.661631180081,1.1318749715250058,-2.001616744236356,0.9999999991112105,8,2,2025-11-28
JBL/FOX,JBL,FOX,sensitive_reversal,0.0,-2.001616744236356,-2.001616744236356,1.107609986658998e-131,0,2,2025-11-28
JBL/ULTA,JBL,ULTA,sensitive_reversal,537.4437359025558,0.5267771880527686,-2.001616744236356,0.9985367427373018,4,2,2025-11-28
KEYS/NFLX,KEYS,NFLX,sensitive_reversal,-419.4009999999995,-0.6641198919229814,-2.001616744236356,0.0027905800035276512,6,2,2025-11-28
KEYS/CPRT,KEYS,CPRT,sensitive_reversal,-856.2899999999981,-1.0806297316597786,-2.001616744236356,4.499606337004121e-15,18,2,2025-11-28
CVS/CTSH,CVS,CTSH,sensitive_reversal,1316.422670192906,0.8150101328372118,-2.001616744236356,0.9999999918418401,14,2,2025-11-28
CVS/ADBE,CVS,ADBE,sensitive_reversal,-1210.249983602721,-0.730607035019118,-2.001616744236356,1.8284280385925137e-10,20,2,2025-11-28
MGM/PTC,MGM,PTC,sensitive_reversal,0.0,-2.001616744236356,-2.001616744236356,1.107609986658998e-131,0,2,2025-11-28
AMAT/TRMB,AMAT,TRMB,crash_defensive,-264.3438043994979,-0.47701272406022777,-3.449630362120368,6.143999909199547e-12,8,2,2025-11-28
AMAT/FISV,AMAT,FISV,crash_defensive,270.3259723451592,0.1878455742543507,-3.449630362120368,0.9486571768599602,22,2,2025-11-28
LRCX/FMC,LRCX,FMC,crash_defensive,1967.343395927982,1.13410478680878,-3.449630362120368,0.9999999999999417,16,2,2025-11-28
LRCX/BR,LRCX,BR,crash_defensive,894.9571597221711,0.7966647189984122,-3.449630362120368,0.9999999792325228,8,2,2025-11-28
DVA/KLAC,DVA,KLAC,crash_defensive,939.998523543588,0.839633464152559,-3.449630362120368,0.9999984340984563,14,2,2025-11-28
DVA/INTU,DVA,INTU,crash_defensive,869.2191060124641,1.4137334305673164,-3.449630362120368,0.9999824746025753,6,2,2025-11-28
TER/EFX,TER,EFX,crash_defensive,186.7946294571434,0.1019924490612854,-3.449630362120368,0.4785588524155939,16,2,2025-11-28
TER/FOXA,TER,FOXA,crash_defensive,932.2794622618248,0.7254999327435292,-3.449630362120368,0.9999940703665626,8,2,2025-11-28
JBL/FOX,JBL,FOX,crash_defensive,-561.9373603281321,-0.8095129428001155,-3.449630362120368,4.2551424274518315e-07,4,2,2025-11-28
JBL/ULTA,JBL,ULTA,crash_defensive,358.0928824607853,0.7643758035569267,-3.449630362120368,0.9990978537810343,2,2,2025-11-28
KEYS/NFLX,KEYS,NFLX,crash_defensive,-320.838,-1.0050389595533986,-3.449630362120368,0.0047189154199886495,4,2,2025-11-28
KEYS/CPRT,KEYS,CPRT,crash_defensive,-70.05999999999986,-0.13042965949710045,-3.449630362120368,2.149798183300657e-07,12,2,2025-11-28
CVS/CTSH,CVS,CTSH,crash_defensive,116.0973356825991,0.14568982623951246,-3.449630362120368,0.7874432965565552,12,2,2025-11-28
CVS/ADBE,CVS,ADBE,crash_defensive,-482.3180268784675,-0.4692770129894313,-3.449630362120368,1.2096871841201688e-14,20,2,2025-11-28
MGM/PTC,MGM,PTC,crash_defensive,0.0,-3.449630362120368,-3.449630362120368,1.4961422186065387e-161,0,2,2025-11-28
AMAT/TRMB,AMAT,TRMB,vol_sized_conservative,-362.2790600285232,-1.57642333901242,-4.723727401473458,6.820748861234328e-07,6,2,2025-11-28
AMAT/FISV,AMAT,FISV,vol_sized_conservative,388.4664814961284,0.37505747557884767,-4.723727401473458,0.9999945625767143,20,2,2025-11-28
LRCX/FMC,LRCX,FMC,vol_sized_conservative,3544.703008097154,1.4865348884079375,-4.723727401473458,0.9958876768090654,14,2,2025-11-28
LRCX/BR,LRCX,BR,vol_sized_conservative,543.695818935098,0.6707287034049895,-4.723727401473458,0.9999998010184477,8,2,2025-11-28
DVA/KLAC,DVA,KLAC,vol_sized_conservative,-312.37168860028,-0.4645799505217503,-4.723727401473458,4.053001147011084e-14,14,2,2025-11-28
DVA/INTU,DVA,INTU,vol_sized_conservative,312.4104098421646,0.8259935518029068,-4.723727401473458,0.9999999701707228,8,2,2025-11-28
TER/EFX,TER,EFX,vol_sized_conservative,151.0431267180612,0.1229068559469243,-4.723727401473458,0.7208857313755426,12,2,2025-11-28
TER/FOXA,TER,FOXA,vol_sized_conservative,161.0852172952342,0.23400529174836093,-4.723727401473458,0.9703604741729085,8,2,2025-11-28
JBL/FOX,JBL,FOX,vol_sized_conservative,0.0,-4.723727401473458,-4.723727401473458,2.4781491471446297e-170,0,2,2025-11-28
JBL/ULTA,JBL,ULTA,vol_sized_conservative,61.9398478754955,0.15711361367042131,-4.723727401473458,0.8419961777416485,4,2,2025-11-28
KEYS/NFLX,KEYS,NFLX,vol_sized_conservative,-266.8509999999994,-1.0180292631191967,-4.723727401473458,0.0008064123938390289,6,2,2025-11-28
KEYS/CPRT,KEYS,CPRT,vol_sized_conservative,-46.97000000000008,-0.10578712566611223,-4.723727401473458,2.578990356633941e-06,12,2,2025-11-28
CVS/CTSH,CVS,CTSH,vol_sized_conservative,79.74504652263647,0.1395993111728757,-4.723727401473458,0.7501000211899758,10,2,2025-11-28
CVS/ADBE,CVS,ADBE,vol_sized_conservative,-245.4696144075143,-0.3505709987940863,-4.723727401473458,1.5579802112357615e-11,18,2,2025-11-28
MGM/PTC,MGM,PTC,vol_sized_conservative,0.0,-4.723727401473458,-4.723727401473458,2.4781491471446297e-170,0,2,2025-11-28
AMAT/TRMB,AMAT,TRMB,conservative,-361.0544984657938,-0.9669396600334182,-5.238496822691302,1.495259513576339e-11,8,2,2025-11-28
AMAT/FISV,AMAT,FISV,conservative,742.2254237369091,0.7579797050239507,-5.238496822691302,0.9999999999998316,22,2,2025-11-28
LRCX/FMC,LRCX,FMC,conservative,3277.922998051221,1.433656290503821,-5.238496822691302,0.9931821189312582,18,2,2025-11-28
LRCX/BR,LRCX,BR,conservative,203.6858189350983,0.46200974725199706,-5.238496822691302,0.9988846083894499,10,2,2025-11-28
DVA/KLAC,DVA,KLAC,conservative,85.54761289235243,0.11005647954539886,-5.238496822691302,0.5401068276717612,14,2,2025-11-28
DVA/INTU,DVA,INTU,conservative,468.5952434590729,0.6918286538553747,-5.238496822691302,0.994219199158539,8,2,2025-11-28
TER/EFX,TER,EFX,conservative,287.1210766993241,0.23199950053081966,-5.238496822691302,0.998674376880118,16,2,2025-11-28
TER/FOXA,TER,FOXA,conservative,439.1394007224935,0.8977447052925737,-5.238496822691302,0.99999998442258,8,2,2025-11-28
JBL/FOX,JBL,FOX,conservative,-165.3848032855735,-0.3669423271013438,-5.238496822691302,3.1388206291978404e-07,4,2,2025-11-28
JBL/ULTA,JBL,ULTA,conservative,401.3984254568427,1.3071431747439222,-5.238496822691302,0.9966432291930412,2,2,2025-11-28
KEYS/NFLX,KEYS,NFLX,conservative,-224.0649999999999,-0.9536413859261934,-5.238496822691302,0.004461920051311581,4,2,2025-11-28
KEYS/CPRT,KEYS,CPRT,conservative,-89.9099999999996,-0.2684684171339765,-5.238496822691302,3.143500590959832e-13,14,2,2025-11-28
CVS/CTSH,CVS,CTSH,conservative,-32.33129251687012,-0.057402414964446126,-5.238496822691302,0.0009104337782327955,12,2,2025-11-28
CVS/ADBE,CVS,ADBE,conservative,-518.3404286983628,-0.7784116018121511,-5.238496822691302,4.867465526669051e-13,22,2,2025-11-28
MGM/PTC,MGM,PTC,conservative,0.0,-5.238496822691302,-5.238496822691302,3.104287667591289e-172,0,2,2025-11-28
AMAT/TRMB,AMAT,TRMB,aggressive,5223.112076530998,0.8615873942810358,1.0861982205014928,0.999999999999989,40,3,2026-01-08
AMAT/FISV,AMAT,FISV,aggressive,17342.16132159371,1.0659111738060523,1.0861982205014928,0.9989769625956154,40,3,2026-01-08
LRCX/FMC,LRCX,FMC,aggressive,21861.75190913019,1.2363368136903627,1.0861982205014928,0.9998555518835169,38,3,2026-01-08
LRCX/BR,LRCX,BR,aggressive,3630.230840341153,0.4481417132855314,1.0861982205014928,0.9999999590520481,46,3,2026-01-08
DVA/KLAC,DVA,KLAC,aggressive,8863.429464014991,0.6956173934430425,1.0861982205014928,0.9998651277937393,38,3,2026-01-08
DVA/INTU,DVA,INTU,aggressive,4838.449187011306,0.6369801055580414,1.0861982205014928,0.999999989122374,36,3,2026-01-08
TER/EFX,TER,EFX,aggressive,10038.52295055553,0.7983710357208852,1.0861982205014928,0.9999999999999536,36,3,2026-01-08
TER/FOXA,TER,FOXA,aggressive,4913.804853377305,0.39789590803398095,1.0861982205014928,0.9999847926116873,44,3,2026-01-08
JBL/FOX,JBL,FOX,aggressive,-3205.500674095343,-0.35552590225040587,1.0861982205014928,5.643363130523297e-13,40,3,2026-01-08
JBL/ULTA,JBL,ULTA,aggressive,157.3803119223767,0.016629404164391064,1.0861982205014928,0.04249408557995901,40,3,2026-01-08
KEYS/NFLX,KEYS,NFLX,aggressive,6540.48000000004,0.7700381986762773,1.0861982205014928,0.9999999999999996,38,3,2026-01-08
KEYS/CPRT,KEYS,CPRT,aggressive,4637.629999999987,0.8644749958478396,1.0861982205014928,1.0,40,3,2026-01-08
CVS/CTSH,CVS,CTSH,aggressive,-3715.863843999055,-0.43062652706949894,1.0861982205014928,7.579683459670589e-23,40,3,2026-01-08
CVS/ADBE,CVS,ADBE,aggressive,12207.05774540063,1.350610638364254,1.0861982205014928,0.9999999999999827,40,3,2026-01-08
MGM/PTC,MGM,PTC,aggressive,3864.140000000019,0.5477971401319757,1.0861982205014928,0.9999999966226367,34,3,2026-01-08
AMAT/TRMB,AMAT,TRMB,kalman_aggressive,3742.088535693531,0.7312361747090783,0.7809594857408806,0.9999999999999948,44,3,2026-01-08
AMAT/FISV,AMAT,FISV,kalman_aggressive,13512.06296402872,1.0659322641151676,0.7809594857408806,0.9983220898819953,42,3,2026-01-08
LRCX/FMC,LRCX,FMC,kalman_aggressive,18942.94121737319,1.3578974436359934,0.7809594857408806,0.9999571063576521,40,3,2026-01-08
LRCX/BR,LRCX,BR,kalman_aggressive,2900.656804452661,0.36992283635409473,0.7809594857408806,0.999999525072606,46,3,2026-01-08
DVA/KLAC,DVA,KLAC,kalman_aggressive,3144.181727540881,0.2927683837721767,0.7809594857408806,0.9556579371522047,38,3,2026-01-08
DVA/INTU,DVA,INTU,kalman_aggressive,1541.819960073837,0.21707453400039087,0.7809594857408806,0.978782901065571,36,3,2026-01-08
TER/EFX,TER,EFX,kalman_aggressive,5273.274636193982,0.5247112877421127,0.7809594857408806,0.9999999999682926,38,3,2026-01-08
TER/FOXA,TER,FOXA,kalman_aggressive,1286.833483629727,0.1290024483331381,0.7809594857408806,0.7153663637997416,48,3,2026-01-08
JBL/FOX,JBL,FOX,kalman_aggressive,3764.309086028178,0.5133159217235836,0.7809594857408806,0.9999999985254451,44,3,2026-01-08
JBL/ULTA,JBL,ULTA,kalman_aggressive,1097.371109344755,0.15695651778805775,0.7809594857408806,0.8264249185943477,38,3,2026-01-08
KEYS/NFLX,KEYS,NFLX,kalman_aggressive,-2703.54399999998,-0.3923563708572328,0.7809594857408806,5.062934164723397e-20,42,3,2026-01-08
KEYS/CPRT,KEYS,CPRT,kalman_aggressive,7876.090000000011,1.6319436074744365,0.7809594857408806,1.0,40,3,2026-01-08
CVS/CTSH,CVS,CTSH,kalman_aggressive,-1290.645920502642,-0.18345027473817177,0.7809594857408806,1.0850170443847698e-10,42,3,2026-01-08
CVS/ADBE,CVS,ADBE,kalman_aggressive,7911.326108488822,1.2209864060195634,0.7809594857408806,0.9999999999992877,44,3,2026-01-08
MGM/PTC,MGM,PTC,kalman_aggressive,1333.940000000007,0.24346753926265693,0.7809594857408806,0.9995082843489448,34,3,2026-01-08
AMAT/TRMB,AMAT,TRMB,weekly_aligned_windows,4584.957291491143,0.745189731782281,0.2141349654187891,0.9999999703013119,84,3,2026-01-08
AMAT/FISV,AMAT,FISV,weekly_aligned_windows,14017.09960513436,1.4657916143657506,0.2141349654187891,0.9999997995801211,78,3,2026-01-08
LRCX/FMC,LRCX,FMC,weekly_aligned_windows,4373.641287675819,0.5271286988342259,0.2141349654187891,0.9999830498919666,72,3,2026-01-08
LRCX/BR,LRCX,BR,weekly_aligned_windows,1355.204165974021,0.24795406205134485,0.2141349654187891,0.9982120764904343,76,3,2026-01-08
DVA/KLAC,DVA,KLAC,weekly_aligned_windows,1407.080193960447,0.21772435096571963,0.2141349654187891,0.9760455872364769,76,3,2026-01-08
DVA/INTU,DVA,INTU,weekly_aligned_windows,-3179.284730264437,-0.7616291726243053,0.2141349654187891,2.688626373992992e-31,76,3,2026-01-08
TER/EFX,TER,EFX,weekly_aligned_windows,8025.311663271624,0.9106591927414106,0.2141349654187891,0.9999999998867027,78,3,2026-01-08
TER/FOXA,TER,FOXA,weekly_aligned_windows,1008.575943905586,0.10914134520176524,0.2141349654187891,0.5742403634632125,82,3,2026-01-08
JBL/FOX,JBL,FOX,weekly_aligned_windows,-1063.761711177783,-0.18377602065725718,0.2141349654187891,3.543299465693528e-07,76,3,2026-01-08
JBL/ULTA,JBL,ULTA,weekly_aligned_windows,-1654.681814361033,-0.3934445334440182,0.2141349654187891,1.8349327479119866e-24,74,3,2026-01-08
KEYS/NFLX,KEYS,NFLX,weekly_aligned_windows,1790.837000000023,0.42438064196950964,0.2141349654187891,0.9999997752445988,70,3,2026-01-08
KEYS/CPRT,KEYS,CPRT,weekly_aligned_windows,1884.819999999998,0.5540510361805867,0.2141349654187891,0.9999999989220306,72,3,2026-01-08
CVS/CTSH,CVS,CTSH,weekly_aligned_windows,647.7382685399236,0.14675050033780934,0.2141349654187891,0.8013168021488415,82,3,2026-01-08
CVS/ADBE,CVS,ADBE,weekly_aligned_windows,4081.836374491949,0.863344917044026,0.2141349654187891,0.9999999999999484,74,3,2026-01-08
MGM/PTC,MGM,PTC,weekly_aligned_windows,29.78999999998632,0.0065242477943059886,0.2141349654187891,0.02661675145878008,66,3,2026-01-08
AMAT/TRMB,AMAT,TRMB,crash_tolerant,-125.5617978305045,-0.04807187907331268,-0.1281934155911217,0.001276787476092562,8,3,2026-01-08
AMAT/FISV,AMAT,FISV,crash_tolerant,1924.721266433447,0.30596102585942103,-0.1281934155911217,0.9999257563211786,24,3,2026-01-08
LRCX/FMC,LRCX,FMC,crash_tolerant,8860.90273848469,1.1196275658669101,-0.1281934155911217,0.9999999999999999,20,3,2026-01-08
LRCX/BR,LRCX,BR,crash_tolerant,2591.55172250133,0.528727296136157,-0.1281934155911217,0.9999997187970724,10,3,2026-01-08
DVA/KLAC,DVA,KLAC,crash_tolerant,6169.975441157007,1.1639912539756694,-0.1281934155911217,0.9999999995873948,20,3,2026-01-08
DVA/INTU,DVA,INTU,crash_tolerant,2474.616085722828,0.7998103728058069,-0.1281934155911217,0.9999830450770991,8,3,2026-01-08
TER/EFX,TER,EFX,crash_tolerant,-420.2994116125733,-0.05266058503489658,-0.1281934155911217,0.003717139881076581,18,3,2026-01-08
TER/FOXA,TER,FOXA,crash_tolerant,3764.33874979702,0.7028740151414747,-0.1281934155911217,0.9999934311475119,8,3,2026-01-08
JBL/FOX,JBL,FOX,crash_tolerant,-2281.445978529357,-0.7937127985156409,-0.1281934155911217,4.5233804950470035e-07,4,3,2026-01-08
JBL/ULTA,JBL,ULTA,crash_tolerant,1463.25740567212,0.7387822917551826,-0.1281934155911217,0.9991045106009685,2,3,2026-01-08
KEYS/NFLX,KEYS,NFLX,crash_tolerant,2068.289999999992,0.6477499992611198,-0.1281934155911217,0.9999954998017873,8,3,2026-01-08
KEYS/CPRT,KEYS,CPRT,crash_tolerant,1263.980000000008,0.47857606088019544,-0.1281934155911217,0.9999919607536423,16,3,2026-01-08
CVS/CTSH,CVS,CTSH,crash_tolerant,-446.4363901909248,-0.13241631389195582,-0.1281934155911217,9.537352532844182e-06,14,3,2026-01-08
CVS/ADBE,CVS,ADBE,crash_tolerant,-1997.569189681071,-0.4616345222382647,-0.1281934155911217,1.1264129063620834e-14,20,3,2026-01-08
MGM/PTC,MGM,PTC,crash_tolerant,-167.4999999999992,-0.10484203240479245,-0.1281934155911217,7.748051804801344e-06,4,3,2026-01-08
AMAT/TRMB,AMAT,TRMB,let_profits_run,-3706.962968760197,-1.228203725612765,-0.1387086003071503,1.0713307572803101e-09,6,3,2026-01-08
AMAT/FISV,AMAT,FISV,let_profits_run,5345.390573519443,0.6590591146327894,-0.1387086003071503,0.9999814891230945,18,3,2026-01-08
LRCX/FMC,LRCX,FMC,let_profits_run,8642.591092462,1.2466660164009444,-0.1387086003071503,0.99850228197522,10,3,2026-01-08
LRCX/BR,LRCX,BR,let_profits_run,4999.146009337842,1.584534281293953,-0.1387086003071503,1.0,8,3,2026-01-08
DVA/KLAC,DVA,KLAC,let_profits_run,3551.622866792507,1.0482592138150035,-0.1387086003071503,0.9999999999995259,14,3,2026-01-08
DVA/INTU,DVA,INTU,let_profits_run,-602.3807648719376,-0.630848595019468,-0.1387086003071503,5.861043427853943e-11,8,3,2026-01-08
TER/EFX,TER,EFX,let_profits_run,-781.3762351718459,-0.3156490794376072,-0.1387086003071503,1.9641682911166346e-09,10,3,2026-01-08
TER/FOXA,TER,FOXA,let_profits_run,341.9296111709489,0.18471103199062366,-0.1387086003071503,0.9090769387764217,4,3,2026-01-08
JBL/FOX,JBL,FOX,let_profits_run,-626.7260656665542,-0.4649193990041105,-0.1387086003071503,8.659570782050612e-08,2,3,2026-01-08
JBL/ULTA,JBL,ULTA,let_profits_run,-842.1477443233371,-1.2746686855738898,-0.1387086003071503,5.335326766868557e-05,4,3,2026-01-08
KEYS/NFLX,KEYS,NFLX,let_profits_run,4725.374000000002,1.7925036487500645,-0.1387086003071503,0.9999999945518616,10,3,2026-01-08
KEYS/CPRT,KEYS,CPRT,let_profits_run,4035.760000000001,1.8297059216566962,-0.1387086003071503,0.9999999995782368,10,3,2026-01-08
CVS/CTSH,CVS,CTSH,let_profits_run,1046.504499521258,0.8778516378448931,-0.1387086003071503,0.9999999955677179,4,3,2026-01-08
CVS/ADBE,CVS,ADBE,let_profits_run,699.2202535336221,0.23703238097796622,-0.1387086003071503,0.997224194282737,12,3,2026-01-08
MGM/PTC,MGM,PTC,let_profits_run,-486.980000000001,-1.0251292920718984,-0.1387086003071503,3.5848855422793384e-09,4,3,2026-01-08
AMAT/TRMB,AMAT,TRMB,beta_neutral,1343.331529020271,0.7229154283608208,-0.1427220054716669,0.9999999932347441,6,3,2026-01-08
AMAT/FISV,AMAT,FISV,beta_neutral,2122.131464771142,0.5602380592271811,-0.1427220054716669,0.9999946784567596,22,3,2026-01-08
LRCX/FMC,LRCX,FMC,beta_neutral,11367.6995365125,1.7199462164460648,-0.1427220054716669,1.0,17,3,2026-01-08
LRCX/BR,LRCX,BR,beta_neutral,1299.724055791933,0.5330670568129606,-0.1427220054716669,0.999999744917029,10,3,2026-01-08
DVA/KLAC,DVA,KLAC,beta_neutral,3136.440534658842,1.0180558690277088,-0.1427220054716669,0.9999997053279861,20,3,2026-01-08
DVA/INTU,DVA,INTU,beta_neutral,244.2286957240428,0.18340899911457062,-0.1427220054716669,0.8886367762036703,10,3,2026-01-08
TER/EFX,TER,EFX,beta_neutral,1110.224728471576,0.21812373619799907,-0.1427220054716669,0.9964563174082539,14,3,2026-01-08
TER/FOXA,TER,FOXA,beta_neutral,2530.91102510687,0.7326397412379769,-0.1427220054716669,0.9999976901087485,8,3,2026-01-08
JBL/FOX,JBL,FOX,beta_neutral,0.0,-0.1427220054716669,-0.1427220054716669,2.603704266475154e-07,0,3,2026-01-08
JBL/ULTA,JBL,ULTA,beta_neutral,167.2727264739425,0.15947073460139286,-0.1427220054716669,0.8411953196506059,4,3,2026-01-08
KEYS/NFLX,KEYS,NFLX,beta_neutral,987.0319999999967,0.5500488113518037,-0.1427220054716669,0.9999912532575244,10,3,2026-01-08
KEYS/CPRT,KEYS,CPRT,beta_neutral,1260.789999999996,0.4729415304948866,-0.1427220054716669,0.999965892338039,18,3,2026-01-08
CVS/CTSH,CVS,CTSH,beta_neutral,1680.758119793594,1.0654296804405132,-0.1427220054716669,0.999999999993609,12,3,2026-01-08
CVS/ADBE,CVS,ADBE,beta_neutral,-740.633293054517,-0.29474829202129654,-0.1427220054716669,5.0906713483754827e-11,18,3,2026-01-08
MGM/PTC,MGM,PTC,beta_neutral,169.6200000000001,0.351614888582405,-0.1427220054716669,0.9962359312655106,2,3,2026-01-08
AMAT/TRMB,AMAT,TRMB,monthly_aligned_windows,417.5063999175645,0.1584564309079351,-0.2376717680519161,0.8898884926770395,30,3,2026-01-08
AMAT/FISV,AMAT,FISV,monthly_aligned_windows,2341.519122045326,0.4368018516961429,-0.2376717680519161,0.9999952810318407,28,3,2026-01-08
LRCX/FMC,LRCX,FMC,monthly_aligned_windows,12518.70484411835,1.3396710611964588,-0.2376717680519161,0.9999918759198526,28,3,2026-01-08
LRCX/BR,LRCX,BR,monthly_aligned_windows,1885.572564791075,0.3768174541834639,-0.2376717680519161,0.9957351387891121,30,3,2026-01-08
DVA/KLAC,DVA,KLAC,monthly_aligned_windows,-5246.786116636456,-0.6862775357233616,-0.2376717680519161,3.982797386440957e-06,28,3,2026-01-08
DVA/INTU,DVA,INTU,monthly_aligned_windows,-2986.201289802016,-0.8069570529589701,-0.2376717680519161,9.286787049303966e-12,28,3,2026-01-08
TER/EFX,TER,EFX,monthly_aligned_windows,5968.574121421365,0.6570561432413337,-0.2376717680519161,0.9999030438603638,28,3,2026-01-08
TER/FOXA,TER,FOXA,monthly_aligned_windows,10222.84266407451,1.1027569203741587,-0.2376717680519161,0.999987621469329,28,3,2026-01-08
JBL/FOX,JBL,FOX,monthly_aligned_windows,-66.382105751994,-0.01682521878723784,-0.2376717680519161,0.005694275497819324,28,3,2026-01-08
JBL/ULTA,JBL,ULTA,monthly_aligned_windows,-5957.222578621639,-1.5143036212191794,-0.2376717680519161,2.1668264607963503e-26,28,3,2026-01-08
KEYS/NFLX,KEYS,NFLX,monthly_aligned_windows,6218.09200000001,0.8297431413362242,-0.2376717680519161,0.999996006277828,28,3,2026-01-08
KEYS/CPRT,KEYS,CPRT,monthly_aligned_windows,-450.4699999999975,-0.159446134681772,-0.2376717680519161,4.168548687167829e-07,28,3,2026-01-08
CVS/CTSH,CVS,CTSH,monthly_aligned_windows,2201.988166064355,0.7267033943079204,-0.2376717680519161,0.9999999940261214,28,3,2026-01-08
CVS/ADBE,CVS,ADBE,monthly_aligned_windows,-4087.986289855733,-0.4596428798886103,-0.2376717680519161,1.4798994765566893e-09,28,3,2026-01-08
MGM/PTC,MGM,PTC,monthly_aligned_windows,-631.3900000000023,-0.2407748763299863,-0.2376717680519161,3.3790170818867747e-06,26,3,2026-01-08
AMAT/TRMB,AMAT,TRMB,short_term_beta_neutral,2127.289841842901,0.5492230103191491,-0.3928014760387434,0.9999389063216504,14,3,2026-01-08
AMAT/FISV,AMAT,FISV,short_term_beta_neutral,3734.094392325519,0.9841640558596128,-0.3928014760387434,0.9999999999995868,20,3,2026-01-08
LRCX/FMC,LRCX,FMC,short_term_beta_neutral,5966.886650181792,1.1222255914009507,-0.3928014760387434,0.9999999999999999,21,3,2026-01-08
LRCX/BR,LRCX,BR,short_term_beta_neutral,4477.182534686928,1.5617612000913652,-0.3928014760387434,0.9999999999999999,18,3,2026-01-08
DVA/KLAC,DVA,KLAC,short_term_beta_neutral,977.6703018398315,0.4132887568547747,-0.3928014760387434,0.9999982368877115,26,3,2026-01-08
DVA/INTU,DVA,INTU,short_term_beta_neutral,192.5459984048987,0.15053253745584325,-0.3928014760387434,0.8103849952593294,16,3,2026-01-08
TER/EFX,TER,EFX,short_term_beta_neutral,4100.747281746762,0.7483001120824029,-0.3928014760387434,0.9999298602323502,20,3,2026-01-08
TER/FOXA,TER,FOXA,short_term_beta_neutral,663.1601017191026,0.5076883237400471,-0.3928014760387434,0.9999748653501311,8,3,2026-01-08
JBL/FOX,JBL,FOX,short_term_beta_neutral,510.5282435667698,0.3740016061726042,-0.3928014760387434,0.9967065579664043,10,3,2026-01-08
JBL/ULTA,JBL,ULTA,short_term_beta_neutral,283.7306386539357,0.09306962335383104,-0.3928014760387434,0.4465539966767653,12,3,2026-01-08
KEYS/NFLX,KEYS,NFLX,short_term_beta_neutral,-327.1890000000069,-0.15953924352557128,-0.3928014760387434,4.4442146406490196e-07,20,3,2026-01-08
KEYS/CPRT,KEYS,CPRT,short_term_beta_neutral,1601.39999999999,0.46910884322180924,-0.3928014760387434,0.9999992116495962,26,3,2026-01-08
CVS/CTSH,CVS,CTSH,short_term_beta_neutral,-565.5277849407411,-0.2113278112508161,-0.3928014760387434,5.043703982623384e-10,26,3,2026-01-08
CVS/ADBE,CVS,ADBE,short_term_beta_neutral,-560.9645952512703,-0.1696907561581144,-0.3928014760387434,0.0007110150371956724,22,3,2026-01-08
MGM/PTC,MGM,PTC,short_term_beta_neutral,-1377.609999999993,-0.9445125759880374,-0.3928014760387434,8.269816040425088e-28,12,3,2026-01-08
AMAT/TRMB,AMAT,TRMB,trend_leverage,-117.150876010199,-0.060436283422443796,-0.4903616480589155,0.0005845529307742588,8,3,2026-01-08
AMAT/FISV,AMAT,FISV,trend_leverage,780.4197174903147,0.16429363383920964,-0.4903616480589155,0.9032002792541403,24,3,2026-01-08
LRCX/FMC,LRCX,FMC,trend_leverage,6627.180769338195,1.1200469387704686,-0.4903616480589155,0.9999999999999999,20,3,2026-01-08
LRCX/BR,LRCX,BR,trend_leverage,1940.875965419588,0.5309091385751195,-0.4903616480589155,0.9999997276607379,10,3,2026-01-08
DVA/KLAC,DVA,KLAC,trend_leverage,4617.702644922386,1.1651163916535017,-0.4903616480589155,0.9999999995754217,20,3,2026-01-08
DVA/INTU,DVA,INTU,trend_leverage,2708.853513632924,1.1182805663106414,-0.4903616480589155,0.9999986302062486,8,3,2026-01-08
TER/EFX,TER,EFX,trend_leverage,-297.8184474487018,-0.049968058768537396,-0.4903616480589155,0.00401073830467738,18,3,2026-01-08
TER/FOXA,TER,FOXA,trend_leverage,2807.177572707233,0.7018414336304625,-0.4903616480589155,0.9999934988154261,8,3,2026-01-08
JBL/FOX,JBL,FOX,trend_leverage,-2107.64534959281,-0.9644198564111731,-0.4903616480589155,6.444008064701864e-07,4,3,2026-01-08
JBL/ULTA,JBL,ULTA,trend_leverage,1108.222564601673,0.7413263503273884,-0.4903616480589155,0.9990943733196915,2,3,2026-01-08
KEYS/NFLX,KEYS,NFLX,trend_leverage,1544.141999999998,0.6493398280891283,-0.4903616480589155,0.9999954958553248,8,3,2026-01-08
KEYS/CPRT,KEYS,CPRT,trend_leverage,699.4300000000019,0.32935467596175666,-0.4903616480589155,0.9994461199288136,18,3,2026-01-08
CVS/CTSH,CVS,CTSH,trend_leverage,-329.9770715310015,-0.13062187062632227,-0.4903616480589155,1.0652605852517037e-05,14,3,2026-01-08
CVS/ADBE,CVS,ADBE,trend_leverage,-1499.09849738617,-0.4627844637874421,-0.4903616480589155,1.1011895075882602e-14,20,3,2026-01-08
MGM/PTC,MGM,PTC,trend_leverage,-121.0999999999998,-0.10195600995847239,-0.4903616480589155,9.9813604378713e-06,4,3,2026-01-08
AMAT/TRMB,AMAT,TRMB,fast_rebalance,1370.899566410269,0.789423626304402,-0.6195582675707438,0.9999999999165564,14,3,2026-01-08
AMAT/FISV,AMAT,FISV,fast_rebalance,3252.563268860847,1.1650596549699606,-0.6195582675707438,0.9999999999999999,18,3,2026-01-08
LRCX/FMC,LRCX,FMC,fast_rebalance,4343.115578575637,0.6435124757965413,-0.6195582675707438,0.9976278189080057,24,3,2026-01-08
LRCX/BR,LRCX,BR,fast_rebalance,4755.5733053658,1.495270141816768,-0.6195582675707438,0.9999999999999972,18,3,2026-01-08
DVA/KLAC,DVA,KLAC,fast_rebalance,1415.02878192239,0.4419729110794038,-0.6195582675707438,0.9999985084414433,24,3,2026-01-08
DVA/INTU,DVA,INTU,fast_rebalance,-79.8221529707879,-0.06239978331005602,-0.6195582675707438,0.00024420412508026606,16,3,2026-01-08
TER/EFX,TER,EFX,fast_rebalance,1033.909944620692,0.27369478977621026,-0.6195582675707438,0.9995538245611694,20,3,2026-01-08
TER/FOXA,TER,FOXA,fast_rebalance,953.6609435649946,0.8201426483193833,-0.6195582675707438,0.9999945570060267,6,3,2026-01-08
JBL/FOX,JBL,FOX,fast_rebalance,-435.6345912095152,-0.4878051321158768,-0.6195582675707438,4.799731771457086e-07,6,3,2026-01-08
JBL/ULTA,JBL,ULTA,fast_rebalance,357.6453228481672,0.17361037776776167,-0.6195582675707438,0.9008300351647678,10,3,2026-01-08
KEYS/NFLX,KEYS,NFLX,fast_rebalance,-2410.330999999999,-0.7200139032502518,-0.6195582675707438,2.6031822027886654e-10,20,3,2026-01-08
KEYS/CPRT,KEYS,CPRT,fast_rebalance,1816.270000000002,0.9338329682762775,-0.6195582675707438,0.9999999999999531,26,3,2026-01-08
CVS/CTSH,CVS,CTSH,fast_rebalance,556.8207803352711,0.3236513811392943,-0.6195582675707438,0.9999870745401782,22,3,2026-01-08
CVS/ADBE,CVS,ADBE,fast_rebalance,571.5962987281699,0.19987412002790095,-0.6195582675707438,0.9893430272297076,22,3,2026-01-08
MGM/PTC,MGM,PTC,fast_rebalance,1238.399999999999,1.0356158503976018,-0.6195582675707438,0.9999801481888771,6,3,2026-01-08
AMAT/TRMB,AMAT,TRMB,short_term_tilt,1370.899566410269,0.789423626304402,-0.6634033378951366,0.9999999999165564,14,3,2026-01-08
AMAT/FISV,AMAT,FISV,short_term_tilt,3252.563268860847,1.1650596549699606,-0.6634033378951366,0.9999999999999999,18,3,2026-01-08
LRCX/FMC,LRCX,FMC,short_term_tilt,4164.297316755725,0.6160375123060352,-0.6634033378951366,0.9976938312761702,24,3,2026-01-08
LRCX/BR,LRCX,BR,short_term_tilt,4755.5733053658,1.495270141816768,-0.6634033378951366,0.9999999999999972,18,3,2026-01-08
DVA/KLAC,DVA,KLAC,short_term_tilt,1093.440068161287,0.43838850155771036,-0.6634033378951366,0.9999963275379721,24,3,2026-01-08
DVA/INTU,DVA,INTU,short_term_tilt,-97.64256259178302,-0.0799985656308594,-0.6634033378951366,3.475580327200524e-05,14,3,2026-01-08
TER/EFX,TER,EFX,short_term_tilt,1033.909944620692,0.27369478977621026,-0.6634033378951366,0.9995538245611694,20,3,2026-01-08
TER/FOXA,TER,FOXA,short_term_tilt,953.6609435649946,0.8201426483193833,-0.6634033378951366,0.9999945570060267,6,3,2026-01-08
JBL/FOX,JBL,FOX,short_term_tilt,-537.0266915222659,-0.5949618538815605,-0.6634033378951366,3.234662606797345e-07,8,3,2026-01-08
JBL/ULTA,JBL,ULTA,short_term_tilt,440.1978872167995,0.1696331928279429,-0.6634033378951366,0.8817918241943719,12,3,2026-01-08
KEYS/NFLX,KEYS,NFLX,short_term_tilt,-2414.336999999997,-0.7215057718760928,-0.6634033378951366,2.7494084618245554e-10,20,3,2026-01-08
KEYS/CPRT,KEYS,CPRT,short_term_tilt,1843.770000000001,0.9454808561732845,-0.6634033378951366,0.9999999999999674,26,3,2026-01-08
CVS/CTSH,CVS,CTSH,short_term_tilt,611.666860143783,0.35804757998155734,-0.6634033378951366,0.9999976128353222,20,3,2026-01-08
CVS/ADBE,CVS,ADBE,short_term_tilt,531.7083347597676,0.1847632822663504,-0.6634033378951366,0.9774353994897792,22,3,2026-01-08
MGM/PTC,MGM,PTC,short_term_tilt,1238.399999999999,1.0356158503976018,-0.6634033378951366,0.9999801481888771,6,3,2026-01-08
AMAT/TRMB,AMAT,TRMB,entry_filter_kalman,72.24503090021267,0.06419812012434895,-0.7812517954216865,0.22942383992569765,6,3,2026-01-08
AMAT/FISV,AMAT,FISV,entry_filter_kalman,1280.381286417529,0.3933279516224031,-0.7812517954216865,0.9999996773913409,22,3,2026-01-08
LRCX/FMC,LRCX,FMC,entry_filter_kalman,10157.80162570617,1.5377759084513118,-0.7812517954216865,0.9990700735637712,16,3,2026-01-08
LRCX/BR,LRCX,BR,entry_filter_kalman,1031.585075152504,0.4277138607017284,-0.7812517954216865,0.9999940563709201,10,3,2026-01-08
DVA/KLAC,DVA,KLAC,entry_filter_kalman,3778.723574481397,1.4451766354971203,-0.7812517954216865,0.9999999999983322,18,3,2026-01-08
DVA/INTU,DVA,INTU,entry_filter_kalman,603.7800113049313,0.2727223896189712,-0.7812517954216865,0.9603624112318506,8,3,2026-01-08
TER/EFX,TER,EFX,entry_filter_kalman,152.8974345420545,0.04127767021059629,-0.7812517954216865,0.07560991553494238,12,3,2026-01-08
TER/FOXA,TER,FOXA,entry_filter_kalman,1353.111223864566,0.6563002122162157,-0.7812517954216865,0.9999997624532151,6,3,2026-01-08
JBL/FOX,JBL,FOX,entry_filter_kalman,-531.8271802008207,-0.4091086097478968,-0.7812517954216865,2.88658573950158e-07,2,3,2026-01-08
JBL/ULTA,JBL,ULTA,entry_filter_kalman,710.069682140888,0.7308858640940803,-0.7812517954216865,0.999134767474378,2,3,2026-01-08
KEYS/NFLX,KEYS,NFLX,entry_filter_kalman,345.4639999999974,0.21621301600935366,-0.7812517954216865,0.985595847186335,8,3,2026-01-08
KEYS/CPRT,KEYS,CPRT,entry_filter_kalman,848.3500000000021,0.5731871446287836,-0.7812517954216865,0.9999998043064633,14,3,2026-01-08
CVS/CTSH,CVS,CTSH,entry_filter_kalman,-1605.056624435279,-0.8537048652860013,-0.7812517954216865,4.8613164795802e-13,12,3,2026-01-08
CVS/ADBE,CVS,ADBE,entry_filter_kalman,-733.0709137643892,-0.3256955295754903,-0.7812517954216865,1.8370988413458505e-13,16,3,2026-01-08
MGM/PTC,MGM,PTC,entry_filter_kalman,-168.6399999999995,-0.34711803363017885,-0.7812517954216865,1.9585043487362623e-05,2,3,2026-01-08
AMAT/TRMB,AMAT,TRMB,entry_threshold_strong,10.5975163144517,0.00959815604075873,-0.8032286245782693,0.0298600195086902,6,3,2026-01-08
AMAT/FISV,AMAT,FISV,entry_threshold_strong,1416.556259276776,0.43236625475959983,-0.8032286245782693,0.9999999828951318,22,3,2026-01-08
LRCX/FMC,LRCX,FMC,entry_threshold_strong,9847.587093784994,1.4637053035045275,-0.8032286245782693,0.9982033477549699,16,3,2026-01-08
LRCX/BR,LRCX,BR,entry_threshold_strong,1016.689453412893,0.42646015143405375,-0.8032286245782693,0.9999940662274762,10,3,2026-01-08
DVA/KLAC,DVA,KLAC,entry_threshold_strong,3723.714506474438,1.4397030991713358,-0.8032286245782693,0.9999999999979456,18,3,2026-01-08
DVA/INTU,DVA,INTU,entry_threshold_strong,603.7800113049313,0.2727223896189712,-0.8032286245782693,0.9603624112318506,8,3,2026-01-08
TER/EFX,TER,EFX,entry_threshold_strong,110.0728895287389,0.03003174408091697,-0.8032286245782693,0.05075099178813301,12,3,2026-01-08
TER/FOXA,TER,FOXA,entry_threshold_strong,1351.492399363675,0.6521968432193169,-0.8032286245782693,0.9999997812040713,6,3,2026-01-08
JBL/FOX,JBL,FOX,entry_threshold_strong,-517.6104658376337,-0.3907978116963166,-0.8032286245782693,9.704498442916149e-08,2,3,2026-01-08
JBL/ULTA,JBL,ULTA,entry_threshold_strong,713.1277235312292,0.7354474324816317,-0.8032286245782693,0.9991175136104408,2,3,2026-01-08
KEYS/NFLX,KEYS,NFLX,entry_threshold_strong,383.7220000000003,0.2366058730389337,-0.8032286245782693,0.9943870885237854,8,3,2026-01-08
KEYS/CPRT,KEYS,CPRT,entry_threshold_strong,833.1599999999994,0.5728465172515737,-0.8032286245782693,0.9999998535159811,14,3,2026-01-08
CVS/CTSH,CVS,CTSH,entry_threshold_strong,-1644.909771662066,-0.8568340286190185,-0.8032286245782693,3.448320105387719e-13,12,3,2026-01-08
CVS/ADBE,CVS,ADBE,entry_threshold_strong,-726.447337081739,-0.32352933730803557,-0.8032286245782693,2.2065636614603527e-13,16,3,2026-01-08
MGM/PTC,MGM,PTC,entry_threshold_strong,-167.4399999999995,-0.3451311088613956,-0.8032286245782693,1.9476430523535013e-05,2,3,2026-01-08
AMAT/TRMB,AMAT,TRMB,long_term_tilt,-1220.457997137314,-1.3726286398776673,-0.8650372746021643,7.652254719456232e-11,6,3,2026-01-08
AMAT/FISV,AMAT,FISV,long_term_tilt,7730.712328662206,1.2227427739428343,-0.8650372746021643,0.9957102040215289,12,3,2026-01-08
LRCX/FMC,LRCX,FMC,long_term_tilt,7745.977573085388,1.1832176156157237,-0.8650372746021643,0.9977629947357446,8,3,2026-01-08
LRCX/BR,LRCX,BR,long_term_tilt,689.2956954555705,0.25793988611105045,-0.8650372746021643,0.9981546322677105,10,3,2026-01-08
DVA/KLAC,DVA,KLAC,long_term_tilt,-670.5930577391525,-0.2908984816219229,-0.8650372746021643,2.1346999599123852e-14,16,3,2026-01-08
DVA/INTU,DVA,INTU,long_term_tilt,-1815.223056939017,-1.046106878103619,-0.8650372746021643,9.696104800429047e-05,6,3,2026-01-08
TER/EFX,TER,EFX,long_term_tilt,-2627.836556440737,-1.1426558608913002,-0.8650372746021643,1.3592320564691428e-19,10,3,2026-01-08
TER/FOXA,TER,FOXA,long_term_tilt,-587.1809589972942,-0.33098121537726105,-0.8650372746021643,1.9218793312711195e-12,4,3,2026-01-08
JBL/FOX,JBL,FOX,long_term_tilt,-626.7260656665542,-0.4649193990041105,-0.8650372746021643,8.659570782050612e-08,2,3,2026-01-08
JBL/ULTA,JBL,ULTA,long_term_tilt,-193.0056601917875,-0.20414262483083753,-0.8650372746021643,2.0001647214867e-05,2,3,2026-01-08
KEYS/NFLX,KEYS,NFLX,long_term_tilt,3937.090000000006,1.605885096000199,-0.8650372746021643,0.9999998391981233,10,3,2026-01-08
KEYS/CPRT,KEYS,CPRT,long_term_tilt,2689.850000000001,1.2139934971433426,-0.8650372746021643,0.9999999999356445,10,3,2026-01-08
CVS/CTSH,CVS,CTSH,long_term_tilt,-643.9442164796769,-0.3204514516404919,-0.8650372746021643,5.812913260546859e-13,8,3,2026-01-08
CVS/ADBE,CVS,ADBE,long_term_tilt,2618.342055492495,0.9948299749854546,-0.8650372746021643,0.9999950453457807,12,3,2026-01-08
MGM/PTC,MGM,PTC,long_term_tilt,-1121.340000000001,-1.2067670542324815,-0.8650372746021643,5.448381642745668e-10,8,3,2026-01-08
AMAT/TRMB,AMAT,TRMB,slow_rebalance,-473.2229404900817,-0.48577681116933674,-0.9586954322509976,8.113346032093648e-10,4,3,2026-01-08
AMAT/FISV,AMAT,FISV,slow_rebalance,-1009.423255657682,-0.15810295927781184,-0.9586954322509976,1.1714424145592137e-13,22,3,2026-01-08
LRCX/FMC,LRCX,FMC,slow_rebalance,5877.055780310248,0.868772581849915,-0.9586954322509976,0.9977249322655134,14,3,2026-01-08
LRCX/BR,LRCX,BR,slow_rebalance,2734.077967888985,1.0405799805859506,-0.9586954322509976,0.9999999999419854,10,3,2026-01-08
DVA/KLAC,DVA,KLAC,slow_rebalance,4031.89958933968,1.2821377047823344,-0.9586954322509976,0.9999999999999998,16,3,2026-01-08
DVA/INTU,DVA,INTU,slow_rebalance,-258.3557205869626,-0.2291040283702301,-0.9586954322509976,1.206709410517743e-09,10,3,2026-01-08
TER/EFX,TER,EFX,slow_rebalance,-2189.87995589001,-1.0701370355239084,-0.9586954322509976,2.1800571042063603e-12,12,3,2026-01-08
TER/FOXA,TER,FOXA,slow_rebalance,316.5169097830346,0.14496155681482503,-0.9586954322509976,0.7887429214082415,6,3,2026-01-08
JBL/FOX,JBL,FOX,slow_rebalance,-857.2077329382298,-0.6318975160642546,-0.9586954322509976,1.5981094321969158e-06,2,3,2026-01-08
JBL/ULTA,JBL,ULTA,slow_rebalance,-412.9031780815117,-0.3544751445858396,-0.9586954322509976,3.974237419104606e-06,4,3,2026-01-08
KEYS/NFLX,KEYS,NFLX,slow_rebalance,1221.074999999999,0.6119462706081993,-0.9586954322509976,0.9999999982898206,8,3,2026-01-08
KEYS/CPRT,KEYS,CPRT,slow_rebalance,2469.539999999997,1.1626628034685096,-0.9586954322509976,0.9999999999898646,18,3,2026-01-08
CVS/CTSH,CVS,CTSH,slow_rebalance,1611.508074287083,1.0883102925049135,-0.9586954322509976,0.9999999999988441,10,3,2026-01-08
CVS/ADBE,CVS,ADBE,slow_rebalance,279.9932065187033,0.1428189761337707,-0.9586954322509976,0.7731003738187759,12,3,2026-01-08
MGM/PTC,MGM,PTC,slow_rebalance,203.3900000000016,0.7655367474053139,-0.9586954322509976,0.9761003486487908,2,3,2026-01-08
AMAT/TRMB,AMAT,TRMB,no_reversal_protection,815.8621232551093,0.5804282188623393,-0.9834562922234952,0.9999999999344841,6,3,2026-01-08
AMAT/FISV,AMAT,FISV,no_reversal_protection,1902.374171147701,0.2262437594591362,-0.9834562922234952,0.9680476864480931,24,3,2026-01-08
LRCX/FMC,LRCX,FMC,no_reversal_protection,2519.200443094665,0.5791153316308841,-0.9834562922234952,0.9999999999764115,20,3,2026-01-08
LRCX/BR,LRCX,BR,no_reversal_protection,1622.380956514861,0.5773242882684927,-0.9834562922234952,0.9999999983848439,10,3,2026-01-08
DVA/KLAC,DVA,KLAC,no_reversal_protection,3342.306633157981,1.2066794855704654,-0.9834562922234952,0.9999999999834435,18,3,2026-01-08
DVA/INTU,DVA,INTU,no_reversal_protection,1612.069743795372,0.9724877959598344,-0.9834562922234952,0.9999996509371266,8,3,2026-01-08
TER/EFX,TER,EFX,no_reversal_protection,1315.409160048414,0.26517770705724303,-0.9834562922234952,0.9999966960298095,18,3,2026-01-08
TER/FOXA,TER,FOXA,no_reversal_protection,1295.882548822013,0.47028093859518966,-0.9834562922234952,0.9999937438404193,8,3,2026-01-08
JBL/FOX,JBL,FOX,no_reversal_protection,-1125.624720656263,-0.7845293102381258,-0.9834562922234952,4.187564477308016e-07,4,3,2026-01-08
JBL/ULTA,JBL,ULTA,no_reversal_protection,468.617169190557,0.4587179762379295,-0.9834562922234952,0.9993414683252492,2,3,2026-01-08
KEYS/NFLX,KEYS,NFLX,no_reversal_protection,722.5249999999984,0.44742030743727906,-0.9834562922234952,0.9999862697096477,8,3,2026-01-08
KEYS/CPRT,KEYS,CPRT,no_reversal_protection,127.6200000000031,0.08196978846967845,-0.9834562922234952,0.3590539436011479,16,3,2026-01-08
CVS/CTSH,CVS,CTSH,no_reversal_protection,-1471.786607035769,-0.704606268323784,-0.9834562922234952,3.967338242919652e-15,14,3,2026-01-08
CVS/ADBE,CVS,ADBE,no_reversal_protection,-1616.9307443733,-0.7406832981422559,-0.9834562922234952,6.435928543250002e-27,20,3,2026-01-08
MGM/PTC,MGM,PTC,no_reversal_protection,-231.3199999999984,-0.28483509345706715,-0.9834562922234952,6.36563312524709e-11,4,3,2026-01-08
AMAT/TRMB,AMAT,TRMB,uniform_weights,-93.47248368554801,-0.09747126791782411,-1.0067131096527746,6.831745236149779e-05,6,3,2026-01-08
AMAT/FISV,AMAT,FISV,uniform_weights,1312.233733822748,0.429266000551534,-1.0067131096527746,0.9999999186420311,22,3,2026-01-08
LRCX/FMC,LRCX,FMC,uniform_weights,5254.680726934677,1.366781183076709,-1.0067131096527746,0.9999999999999999,18,3,2026-01-08
LRCX/BR,LRCX,BR,uniform_weights,1287.838133661867,0.5311095036173924,-1.0067131096527746,0.9999997140038865,10,3,2026-01-08
DVA/KLAC,DVA,KLAC,uniform_weights,3065.877472095407,1.165678023138498,-1.0067131096527746,0.9999999995905825,20,3,2026-01-08
DVA/INTU,DVA,INTU,uniform_weights,1209.119923513432,0.8018061043956499,-1.0067131096527746,0.999987709874953,8,3,2026-01-08
TER/EFX,TER,EFX,uniform_weights,-85.56711047125975,-0.02340278187948591,-1.0067131096527746,0.009446954069776728,12,3,2026-01-08
TER/FOXA,TER,FOXA,uniform_weights,1879.25414976007,0.702880689476798,-1.0067131096527746,0.9999931146709927,8,3,2026-01-08
JBL/FOX,JBL,FOX,uniform_weights,-532.4179892646788,-0.40232203878709083,-1.0067131096527746,1.511733104412287e-07,2,3,2026-01-08
JBL/ULTA,JBL,ULTA,uniform_weights,713.1277235312292,0.7354474324816317,-1.0067131096527746,0.9991175136104408,2,3,2026-01-08
KEYS/NFLX,KEYS,NFLX,uniform_weights,1038.691999999997,0.6552758091369205,-1.0067131096527746,0.9999957809754035,8,3,2026-01-08
KEYS/CPRT,KEYS,CPRT,uniform_weights,484.900000000003,0.34337658007048333,-1.0067131096527746,0.9997002402006703,18,3,2026-01-08
CVS/CTSH,CVS,CTSH,uniform_weights,611.3265699994556,0.37419397474347205,-1.0067131096527746,0.9999155275774586,10,3,2026-01-08
CVS/ADBE,CVS,ADBE,uniform_weights,-784.8652756570314,-0.36678801612572676,-1.0067131096527746,3.2176269626187385e-13,18,3,2026-01-08
MGM/PTC,MGM,PTC,uniform_weights,-167.4399999999995,-0.3451311088613956,-1.0067131096527746,1.9476430523535013e-05,2,3,2026-01-08
AMAT/TRMB,AMAT,TRMB,balanced,-93.47248368554801,-0.09747126791782411,-1.053229990917016,6.831745236149779e-05,6,3,2026-01-08
AMAT/FISV,AMAT,FISV,balanced,916.4555324360756,0.2971893407697819,-1.053229990917016,0.9998460890053236,22,3,2026-01-08
LRCX/FMC,LRCX,FMC,balanced,5451.198078878215,1.4111163329957472,-1.053229990917016,1.0,18,3,2026-01-08
LRCX/BR,LRCX,BR,balanced,1283.287380962083,0.5299979212364461,-1.053229990917016,0.9999997218491165,10,3,2026-01-08
DVA/KLAC,DVA,KLAC,balanced,3065.877472095407,1.165678023138498,-1.053229990917016,0.9999999995905825,20,3,2026-01-08
DVA/INTU,DVA,INTU,balanced,745.707532904333,0.5460661429118883,-1.053229990917016,0.999984118068329,10,3,2026-01-08
TER/EFX,TER,EFX,balanced,-200.8671503677468,-0.05491293751368034,-1.053229990917016,0.0044497197976650525,14,3,2026-01-08
TER/FOXA,TER,FOXA,balanced,1879.25414976007,0.702880689476798,-1.053229990917016,0.9999931146709927,8,3,2026-01-08
JBL/FOX,JBL,FOX,balanced,0.0,-1.053229990917016,-1.053229990917016,2.3295004390618753e-82,0,3,2026-01-08
JBL/ULTA,JBL,ULTA,balanced,636.8489076964626,0.40544405787940935,-1.053229990917016,0.9998999341474913,4,3,2026-01-08
KEYS/NFLX,KEYS,NFLX,balanced,552.544000000001,0.33347407532804585,-1.053229990917016,0.9998342379520646,10,3,2026-01-08
KEYS/CPRT,KEYS,CPRT,balanced,466.7500000000044,0.3315025592725338,-1.053229990917016,0.9995167984378778,18,3,2026-01-08
CVS/CTSH,CVS,CTSH,balanced,333.3434136770561,0.199299621897958,-1.053229990917016,0.9666155978960398,12,3,2026-01-08
CVS/ADBE,CVS,ADBE,balanced,-785.3652756570298,-0.3670207192460458,-1.053229990917016,3.1892491535863626e-13,18,3,2026-01-08
MGM/PTC,MGM,PTC,balanced,130.21,0.26669691710332,-1.053229990917016,0.9834777184210546,2,3,2026-01-08
AMAT/TRMB,AMAT,TRMB,kalman_hedge,-9.26385150611577,-0.00695212431118969,-1.0871922136037588,0.013064822294574127,8,3,2026-01-08
AMAT/FISV,AMAT,FISV,kalman_hedge,733.1861628744782,0.23717063947249065,-1.0871922136037588,0.9954087293159334,24,3,2026-01-08
LRCX/FMC,LRCX,FMC,kalman_hedge,5236.930653642959,1.2947550937926509,-1.0871922136037588,1.0,20,3,2026-01-08
LRCX/BR,LRCX,BR,kalman_hedge,1288.898288117967,0.5270306900738918,-1.0871922136037588,0.9999996710873277,10,3,2026-01-08
DVA/KLAC,DVA,KLAC,kalman_hedge,3088.426295348229,1.170148444395234,-1.0871922136037588,0.999999999556204,20,3,2026-01-08
DVA/INTU,DVA,INTU,kalman_hedge,1208.442696131952,0.8025923765425609,-1.0871922136037588,0.9999871733209849,8,3,2026-01-08
TER/EFX,TER,EFX,kalman_hedge,-194.665274668746,-0.04884489248113183,-1.0871922136037588,0.0041125389610620995,18,3,2026-01-08
TER/FOXA,TER,FOXA,kalman_hedge,1830.904947774359,0.6964629492378488,-1.0871922136037588,0.9999947488613476,8,3,2026-01-08
JBL/FOX,JBL,FOX,kalman_hedge,-1140.673282552763,-0.8079278566249907,-1.0871922136037588,7.895318663394578e-07,4,3,2026-01-08
JBL/ULTA,JBL,ULTA,kalman_hedge,713.1277235312292,0.7354474324816317,-1.0871922136037588,0.9991175136104408,2,3,2026-01-08
KEYS/NFLX,KEYS,NFLX,kalman_hedge,1024.563999999998,0.6622769507331979,-1.0871922136037588,0.9999949636395421,8,3,2026-01-08
KEYS/CPRT,KEYS,CPRT,kalman_hedge,696.3999999999993,0.5228728546270293,-1.0871922136037588,0.9999971840740409,16,3,2026-01-08
CVS/CTSH,CVS,CTSH,kalman_hedge,-162.7110169417786,-0.0994970483784767,-1.0871922136037588,8.793711293588517e-05,14,3,2026-01-08
CVS/ADBE,CVS,ADBE,kalman_hedge,-1004.395521251952,-0.46585142801361257,-1.0871922136037588,9.521142412249488e-15,20,3,2026-01-08
MGM/PTC,MGM,PTC,kalman_hedge,-73.6799999999999,-0.09270911397198175,-1.0871922136037588,2.240864722382387e-05,4,3,2026-01-08
AMAT/TRMB,AMAT,TRMB,no_skip_month,2670.235210707945,0.5138930377626872,-1.1063256505261332,0.9993348250570029,12,3,2026-01-08
AMAT/FISV,AMAT,FISV,no_skip_month,-1499.119476047568,-0.3066543902879709,-1.1063256505261332,7.503713968765095e-12,26,3,2026-01-08
LRCX/FMC,LRCX,FMC,no_skip_month,4232.567593519658,1.0798317690943127,-1.1063256505261332,0.9999999999999999,22,3,2026-01-08
LRCX/BR,LRCX,BR,no_skip_month,-1649.273843902977,-0.29497697589112903,-1.1063256505261332,2.565335207896913e-10,12,3,2026-01-08
DVA/KLAC,DVA,KLAC,no_skip_month,1905.472843337521,0.7344997227388755,-1.1063256505261332,0.9999999136917773,22,3,2026-01-08
DVA/INTU,DVA,INTU,no_skip_month,187.6547729924787,0.14833879607647454,-1.1063256505261332,0.7785524200190596,10,3,2026-01-08
TER/EFX,TER,EFX,no_skip_month,743.3665974609403,0.1759223465281738,-1.1063256505261332,0.9829877123371294,22,3,2026-01-08
TER/FOXA,TER,FOXA,no_skip_month,1861.044514991656,0.7018483055766969,-1.1063256505261332,0.9999938346817813,8,3,2026-01-08
JBL/FOX,JBL,FOX,no_skip_month,-1560.9996073049,-0.9420437164724352,-1.1063256505261332,7.2448402944033465e-09,6,3,2026-01-08
JBL/ULTA,JBL,ULTA,no_skip_month,-3448.930300703117,-0.8370964790794297,-1.1063256505261332,9.62939389314011e-06,6,3,2026-01-08
KEYS/NFLX,KEYS,NFLX,no_skip_month,798.0020000000001,0.49591756388403085,-1.1063256505261332,0.99999332510401,10,3,2026-01-08
KEYS/CPRT,KEYS,CPRT,no_skip_month,-137.5299999999974,-0.09264070984724813,-1.1063256505261332,1.6242899862213347e-05,20,3,2026-01-08
CVS/CTSH,CVS,CTSH,no_skip_month,2028.053414948126,0.8496670506748358,-1.1063256505261332,0.9999999999999926,16,3,2026-01-08
CVS/ADBE,CVS,ADBE,no_skip_month,-739.6586095954706,-0.33588101173874574,-1.1063256505261332,4.482339271129755e-13,20,3,2026-01-08
MGM/PTC,MGM,PTC,no_skip_month,1370.689999999995,0.5292371330353268,-1.1063256505261332,0.9999645197635015,8,3,2026-01-08
AMAT/TRMB,AMAT,TRMB,default,-85.86248368554789,-0.08951697968336751,-1.1127517561025266,0.0001123040715992212,6,3,2026-01-08
AMAT/FISV,AMAT,FISV,default,1307.203733822748,0.42809980286315386,-1.1127517561025266,0.999999911834403,22,3,2026-01-08
LRCX/FMC,LRCX,FMC,default,5450.233629665052,1.4111100769839997,-1.1127517561025266,1.0,18,3,2026-01-08
LRCX/BR,LRCX,BR,default,1283.287380962083,0.5299979212364461,-1.1127517561025266,0.9999997218491165,10,3,2026-01-08
DVA/KLAC,DVA,KLAC,default,3068.427969766134,1.1669297103732337,-1.1127517561025266,0.999999999592658,20,3,2026-01-08
DVA/INTU,DVA,INTU,default,183.7375329043338,0.14433688546672074,-1.1127517561025266,0.7609059344989657,10,3,2026-01-08
TER/EFX,TER,EFX,default,-200.8671503677468,-0.05491293751368034,-1.1127517561025266,0.0044497197976650525,14,3,2026-01-08
TER/FOXA,TER,FOXA,default,1879.25414976007,0.702880689476798,-1.1127517561025266,0.9999931146709927,8,3,2026-01-08
JBL/FOX,JBL,FOX,default,0.0,-1.1127517561025266,-1.1127517561025266,2.5840086165033767e-87,0,3,2026-01-08
JBL/ULTA,JBL,ULTA,default,146.7257894274676,0.12929033626855085,-1.1127517561025266,0.7153249140449932,4,3,2026-01-08
KEYS/NFLX,KEYS,NFLX,default,552.544000000001,0.33347407532804585,-1.1127517561025266,0.9998342379520646,10,3,2026-01-08
KEYS/CPRT,KEYS,CPRT,default,466.7500000000044,0.3315025592725338,-1.1127517561025266,0.9995167984378778,18,3,2026-01-08
CVS/CTSH,CVS,CTSH,default,333.3434136770561,0.199299621897958,-1.1127517561025266,0.9666155978960398,12,3,2026-01-08
CVS/ADBE,CVS,ADBE,default,-785.3652756570298,-0.3670207192460458,-1.1127517561025266,3.1892491535863626e-13,18,3,2026-01-08
MGM/PTC,MGM,PTC,default,130.21,0.26669691710332,-1.1127517561025266,0.9834777184210546,2,3,2026-01-08
AMAT/TRMB,AMAT,TRMB,vol_weighted_sizing,-79.35234020484882,-0.0617080230922799,-1.171185199073018,0.0005374587814993381,8,3,2026-01-08
AMAT/FISV,AMAT,FISV,vol_weighted_sizing,884.2236211213776,0.28418470503571636,-1.171185199073018,0.9997160983647257,24,3,2026-01-08
LRCX/FMC,LRCX,FMC,vol_weighted_sizing,4392.09441541599,1.1181225887918704,-1.171185199073018,0.9999999999999999,20,3,2026-01-08
LRCX/BR,LRCX,BR,vol_weighted_sizing,1283.287380962083,0.5299979212364461,-1.171185199073018,0.9999997218491165,10,3,2026-01-08
DVA/KLAC,DVA,KLAC,vol_weighted_sizing,3061.927969766134,1.1644903586037483,-1.171185199073018,0.9999999995837024,20,3,2026-01-08
DVA/INTU,DVA,INTU,vol_weighted_sizing,1206.169923513432,0.8009226237677386,-1.171185199073018,0.9999872099876794,8,3,2026-01-08
TER/EFX,TER,EFX,vol_weighted_sizing,-217.7046678982367,-0.05515719962722244,-1.171185199073018,0.0034324763188226274,18,3,2026-01-08
TER/FOXA,TER,FOXA,vol_weighted_sizing,1879.25414976007,0.702880689476798,-1.171185199073018,0.9999931146709927,8,3,2026-01-08
JBL/FOX,JBL,FOX,vol_weighted_sizing,-1130.907989264679,-0.7887546037519383,-1.171185199073018,4.86011195974321e-07,4,3,2026-01-08
JBL/ULTA,JBL,ULTA,vol_weighted_sizing,713.1277235312292,0.7354474324816317,-1.171185199073018,0.9991175136104408,2,3,2026-01-08
KEYS/NFLX,KEYS,NFLX,vol_weighted_sizing,1010.721999999999,0.6439211253744843,-1.171185199073018,0.9999954765991472,8,3,2026-01-08
KEYS/CPRT,KEYS,CPRT,vol_weighted_sizing,621.680000000003,0.47613583707625823,-1.171185199073018,0.9999913712761246,16,3,2026-01-08
CVS/CTSH,CVS,CTSH,vol_weighted_sizing,-220.1238075303839,-0.1307874407059517,-1.171185199073018,1.0618570223414391e-05,14,3,2026-01-08
CVS/ADBE,CVS,ADBE,vol_weighted_sizing,-990.6092573816923,-0.4604719633271402,-1.171185199073018,1.2314379672242143e-14,20,3,2026-01-08
MGM/PTC,MGM,PTC,vol_weighted_sizing,-78.39999999999986,-0.0995897447046209,-1.171185199073018,1.225150940083616e-05,4,3,2026-01-08
AMAT/TRMB,AMAT,TRMB,beta_neutral_long_term,-719.1999230946294,-0.4634424054234456,-1.2156956064824451,3.474191932668381e-13,6,3,2026-01-08
AMAT/FISV,AMAT,FISV,beta_neutral_long_term,2877.544533964626,0.42102891102881146,-1.2156956064824451,0.9960906660433231,14,3,2026-01-08
LRCX/FMC,LRCX,FMC,beta_neutral_long_term,-105.3936305877289,-0.02010509475951009,-1.2156956064824451,0.005970594895832952,10,3,2026-01-08
LRCX/BR,LRCX,BR,beta_neutral_long_term,-251.2571253302258,-0.09878388677501167,-1.2156956064824451,3.712161157978602e-05,10,3,2026-01-08
DVA/KLAC,DVA,KLAC,beta_neutral_long_term,-1650.510469661078,-0.8085558990296547,-1.2156956064824451,4.852073042890372e-15,16,3,2026-01-08
DVA/INTU,DVA,INTU,beta_neutral_long_term,-1451.595314231521,-0.7299951571391892,-1.2156956064824451,0.00041378207697496727,6,3,2026-01-08
TER/EFX,TER,EFX,beta_neutral_long_term,-2565.586357353394,-1.1484812586719946,-1.2156956064824451,1.0549736310842486e-21,10,3,2026-01-08
TER/FOXA,TER,FOXA,beta_neutral_long_term,90.72979801595523,0.027807124664845667,-1.2156956064824451,0.07100806580971739,4,3,2026-01-08
JBL/FOX,JBL,FOX,beta_neutral_long_term,512.2414107557119,0.1519551598323122,-1.2156956064824451,0.770146482164139,2,3,2026-01-08
JBL/ULTA,JBL,ULTA,beta_neutral_long_term,307.2545370051629,0.404653897390205,-1.2156956064824451,0.9960949492574575,2,3,2026-01-08
KEYS/NFLX,KEYS,NFLX,beta_neutral_long_term,5052.745000000004,1.253980120061144,-1.2156956064824451,0.9999997647673609,10,3,2026-01-08
KEYS/CPRT,KEYS,CPRT,beta_neutral_long_term,2678.269999999998,0.771585688317248,-1.2156956064824451,0.9999988754354368,10,3,2026-01-08
CVS/CTSH,CVS,CTSH,beta_neutral_long_term,-74.37872517375536,-0.031850441282854254,-1.2156956064824451,0.0012885300473083026,8,3,2026-01-08
CVS/ADBE,CVS,ADBE,beta_neutral_long_term,2637.777549207668,0.9386819719961754,-1.2156956064824451,0.9999210691498103,12,3,2026-01-08
MGM/PTC,MGM,PTC,beta_neutral_long_term,-699.0800000000006,-0.8032952435790262,-1.2156956064824451,9.060371980680105e-11,8,3,2026-01-08
AMAT/TRMB,AMAT,TRMB,long_term_kalman,-1224.71404104587,-1.3712772861207825,-1.376014462691919,1.1226286976672629e-10,6,3,2026-01-08
AMAT/FISV,AMAT,FISV,long_term_kalman,4755.471152063634,0.7323921962007105,-1.376014462691919,0.9980732196784456,12,3,2026-01-08
LRCX/FMC,LRCX,FMC,long_term_kalman,4724.707798769006,0.8486249617109982,-1.376014462691919,0.9997816718004672,10,3,2026-01-08
LRCX/BR,LRCX,BR,long_term_kalman,689.506720245519,0.258609121456481,-1.376014462691919,0.9982438978891849,10,3,2026-01-08
DVA/KLAC,DVA,KLAC,long_term_kalman,-661.546827466533,-0.28751047719445166,-1.376014462691919,2.6153707813421742e-14,16,3,2026-01-08
DVA/INTU,DVA,INTU,long_term_kalman,-1836.533056939019,-1.0434338286015474,-1.376014462691919,0.00010793331974873592,6,3,2026-01-08
TER/EFX,TER,EFX,long_term_kalman,-2651.605443486364,-1.1465427862520479,-1.376014462691919,5.038424511375656e-20,10,3,2026-01-08
TER/FOXA,TER,FOXA,long_term_kalman,-640.1728147010258,-0.37867052035796855,-1.376014462691919,1.1840139618807513e-12,4,3,2026-01-08
JBL/FOX,JBL,FOX,long_term_kalman,-626.7260656665542,-0.4649193990041105,-1.376014462691919,8.659570782050612e-08,2,3,2026-01-08
JBL/ULTA,JBL,ULTA,long_term_kalman,-198.3159788541922,-0.21096251394738694,-1.376014462691919,1.8984722694569678e-05,2,3,2026-01-08
KEYS/NFLX,KEYS,NFLX,long_term_kalman,3908.848000000001,1.5970032177184437,-1.376014462691919,0.9999997457110683,10,3,2026-01-08
KEYS/CPRT,KEYS,CPRT,long_term_kalman,3843.73,1.678618138959819,-1.376014462691919,0.9999999999119009,8,3,2026-01-08
CVS/CTSH,CVS,CTSH,long_term_kalman,-1838.312418858592,-0.7999917506685631,-1.376014462691919,7.293188206525646e-11,8,3,2026-01-08
CVS/ADBE,CVS,ADBE,long_term_kalman,1745.04090733993,0.6552039534011042,-1.376014462691919,0.9999958398088146,12,3,2026-01-08
MGM/PTC,MGM,PTC,long_term_kalman,-1115.99,-1.2052643381830357,-1.376014462691919,4.715136879006136e-10,8,3,2026-01-08
AMAT/TRMB,AMAT,TRMB,raw_momentum_kalman,-33.33992004840297,-0.0339194369103168,-1.5181361378432607,0.003128448960190407,6,3,2026-01-08
AMAT/FISV,AMAT,FISV,raw_momentum_kalman,1137.020820752761,0.37579900012078793,-1.5181361378432607,0.9999974766563358,22,3,2026-01-08
LRCX/FMC,LRCX,FMC,raw_momentum_kalman,6880.998915219348,1.8694169057667689,-1.5181361378432607,0.9999999999999999,14,3,2026-01-08
LRCX/BR,LRCX,BR,raw_momentum_kalman,979.4350671302598,0.4062361901607097,-1.5181361378432607,0.9999890225407068,10,3,2026-01-08
DVA/KLAC,DVA,KLAC,raw_momentum_kalman,3545.387316203574,1.5578554413448609,-1.5181361378432607,0.999999999999799,14,3,2026-01-08
DVA/INTU,DVA,INTU,raw_momentum_kalman,1085.340971657757,0.7279715950614445,-1.5181361378432607,0.999978806458732,8,3,2026-01-08
TER/EFX,TER,EFX,raw_momentum_kalman,-2182.089715417163,-0.8874440909398946,-1.5181361378432607,1.3263155494826368e-18,12,3,2026-01-08
TER/FOXA,TER,FOXA,raw_momentum_kalman,1827.649945317357,0.6954903849481784,-1.5181361378432607,0.999994635900818,8,3,2026-01-08
JBL/FOX,JBL,FOX,raw_momentum_kalman,0.0,-1.5181361378432607,-1.5181361378432607,3.788511321573654e-116,0,3,2026-01-08
JBL/ULTA,JBL,ULTA,raw_momentum_kalman,710.069682140888,0.7308858640940803,-1.5181361378432607,0.999134767474378,2,3,2026-01-08
KEYS/NFLX,KEYS,NFLX,raw_momentum_kalman,-425.2960000000003,-0.3498041727229147,-1.5181361378432607,1.0692945647166885e-08,6,3,2026-01-08
KEYS/CPRT,KEYS,CPRT,raw_momentum_kalman,17.17999999999739,0.014585409786418344,-1.5181361378432607,0.040156276452834254,12,3,2026-01-08
CVS/CTSH,CVS,CTSH,raw_momentum_kalman,-1934.99310080697,-1.0858582565379473,-1.5181361378432607,1.613515990767224e-12,14,3,2026-01-08
CVS/ADBE,CVS,ADBE,raw_momentum_kalman,-605.6005200480486,-0.32399580183897864,-1.5181361378432607,9.897557008262925e-11,12,3,2026-01-08
MGM/PTC,MGM,PTC,raw_momentum_kalman,-169.9199999999995,-0.35469666255815907,-1.5181361378432607,2.002170166424683e-05,2,3,2026-01-08
AMAT/TRMB,AMAT,TRMB,fast_strict,677.4982464379575,0.6072537274879561,-1.6734461556927398,0.9999997806706101,12,3,2026-01-08
AMAT/FISV,AMAT,FISV,fast_strict,2348.766828702457,1.1472532215101678,-1.6734461556927398,0.9999999999999998,18,3,2026-01-08
LRCX/FMC,LRCX,FMC,fast_strict,454.9211173348235,0.1610822354694487,-1.6734461556927398,0.8792149815978818,24,3,2026-01-08
LRCX/BR,LRCX,BR,fast_strict,2848.809152422956,1.210109763202484,-1.6734461556927398,0.9999999999999737,18,3,2026-01-08
DVA/KLAC,DVA,KLAC,fast_strict,1002.530552804495,0.44615123009498975,-1.6734461556927398,0.9999949334092614,24,3,2026-01-08
DVA/INTU,DVA,INTU,fast_strict,-58.44000364160189,-0.06149642811430523,-1.6734461556927398,0.0002657995003274997,16,3,2026-01-08
TER/EFX,TER,EFX,fast_strict,843.7611674910083,0.29939872795147654,-1.6734461556927398,0.9997666838576165,20,3,2026-01-08
TER/FOXA,TER,FOXA,fast_strict,712.4543231185448,0.816630983588413,-1.6734461556927398,0.9999944486893176,6,3,2026-01-08
JBL/FOX,JBL,FOX,fast_strict,-114.2674129121333,-0.18740607976702042,-1.6734461556927398,2.4874232987036473e-05,6,3,2026-01-08
JBL/ULTA,JBL,ULTA,fast_strict,-47.58086357551639,-0.03653626196413976,-1.6734461556927398,0.001491597868506035,10,3,2026-01-08
KEYS/NFLX,KEYS,NFLX,fast_strict,-1609.597999999999,-0.5304593166597577,-1.6734461556927398,3.2993832929259415e-09,20,3,2026-01-08
KEYS/CPRT,KEYS,CPRT,fast_strict,1295.710000000001,0.8723710954245264,-1.6734461556927398,0.9999999999984222,26,3,2026-01-08
CVS/CTSH,CVS,CTSH,fast_strict,234.1236954495733,0.17124848504657636,-1.6734461556927398,0.9305111398766504,22,3,2026-01-08
CVS/ADBE,CVS,ADBE,fast_strict,848.8395440317038,0.4082584956756885,-1.6734461556927398,0.9999860310467036,22,3,2026-01-08
MGM/PTC,MGM,PTC,fast_strict,551.9099999999992,1.0314446124718286,-1.6734461556927398,0.9999948626564144,6,3,2026-01-08
AMAT/TRMB,AMAT,TRMB,raw_momentum,-84.89248368554786,-0.08853530968158548,-1.6919414549589165,0.00011926842679521429,6,3,2026-01-08
AMAT/FISV,AMAT,FISV,raw_momentum,1951.629879623576,0.6626711944832299,-1.6919414549589165,0.9999999999985446,20,3,2026-01-08
LRCX/FMC,LRCX,FMC,raw_momentum,6202.518272860039,1.6414918455728664,-1.6919414549589165,0.9999999999999999,16,3,2026-01-08
LRCX/BR,LRCX,BR,raw_momentum,-274.2392247194688,-0.13449874623623306,-1.6919414549589165,8.300551397417544e-06,10,3,2026-01-08
DVA/KLAC,DVA,KLAC,raw_momentum,2449.035902954911,0.9879824318692148,-1.6919414549589165,0.999999979045222,16,3,2026-01-08
DVA/INTU,DVA,INTU,raw_momentum,1085.340971657757,0.7279715950614445,-1.6919414549589165,0.999978806458732,8,3,2026-01-08
TER/EFX,TER,EFX,raw_momentum,-2322.846828954595,-0.954039066215605,-1.6919414549589165,4.934929351301499e-19,14,3,2026-01-08
TER/FOXA,TER,FOXA,raw_momentum,1874.898110445409,0.7015784409422581,-1.6919414549589165,0.9999931897415211,8,3,2026-01-08
JBL/FOX,JBL,FOX,raw_momentum,0.0,-1.6919414549589165,-1.6919414549589165,6.81193997205785e-126,0,3,2026-01-08
JBL/ULTA,JBL,ULTA,raw_momentum,713.1277235312292,0.7354474324816317,-1.6919414549589165,0.9991175136104408,2,3,2026-01-08
KEYS/NFLX,KEYS,NFLX,raw_momentum,-372.8580000000014,-0.30465479766084,-1.6919414549589165,3.684904535845498e-08,6,3,2026-01-08
KEYS/CPRT,KEYS,CPRT,raw_momentum,40.06999999999945,0.03482369868997805,-1.6919414549589165,0.09578981328891473,12,3,2026-01-08
CVS/CTSH,CVS,CTSH,raw_momentum,-1158.489589997049,-0.6495580389126564,-1.6919414549589165,1.6571387326881877e-13,10,3,2026-01-08
CVS/ADBE,CVS,ADBE,raw_momentum,-600.897666827316,-0.3222529030414039,-1.6919414549589165,1.0231568247371488e-10,12,3,2026-01-08
MGM/PTC,MGM,PTC,raw_momentum,-166.2399999999995,-0.3431379819663078,-1.6919414549589165,1.9369959800252355e-05,2,3,2026-01-08
AMAT/TRMB,AMAT,TRMB,sensitive_reversal,-542.2466900038879,-0.7995228295214388,-1.785248909026902,2.9690784378673864e-06,6,3,2026-01-08
AMAT/FISV,AMAT,FISV,sensitive_reversal,1268.901339389471,0.3813056294922428,-1.785248909026902,0.9984556199162061,26,3,2026-01-08
LRCX/FMC,LRCX,FMC,sensitive_reversal,4243.923731311159,1.2581559990270184,-1.785248909026902,0.9999999999980248,20,3,2026-01-08
LRCX/BR,LRCX,BR,sensitive_reversal,771.2403921175073,0.3619866230395332,-1.785248909026902,0.9999067294580829,12,3,2026-01-08
DVA/KLAC,DVA,KLAC,sensitive_reversal,1818.308335780439,0.7188767529922798,-1.785248909026902,0.9999996124613233,22,3,2026-01-08
DVA/INTU,DVA,INTU,sensitive_reversal,1007.938807414724,0.48785040833745846,-1.785248909026902,0.9924600397167316,14,3,2026-01-08
TER/EFX,TER,EFX,sensitive_reversal,-1937.146329919792,-1.1304580820751606,-1.785248909026902,2.5754480385764985e-10,18,3,2026-01-08
TER/FOXA,TER,FOXA,sensitive_reversal,1538.661631180081,1.095673574724213,-1.785248909026902,0.9999999991129577,8,3,2026-01-08
JBL/FOX,JBL,FOX,sensitive_reversal,0.0,-1.785248909026902,-1.785248909026902,1.5382462469803335e-130,0,3,2026-01-08
JBL/ULTA,JBL,ULTA,sensitive_reversal,537.4437359025558,0.5099928867892074,-1.785248909026902,0.9985414926649749,4,3,2026-01-08
KEYS/NFLX,KEYS,NFLX,sensitive_reversal,1290.569000000001,0.9483740587372839,-1.785248909026902,0.9998923162509122,12,3,2026-01-08
KEYS/CPRT,KEYS,CPRT,sensitive_reversal,-227.5299999999976,-0.21995363841629198,-1.785248909026902,1.5122326073764776e-10,22,3,2026-01-08
CVS/CTSH,CVS,CTSH,sensitive_reversal,1049.892670192906,0.6141406852483958,-1.785248909026902,0.9999999935263758,16,3,2026-01-08
CVS/ADBE,CVS,ADBE,sensitive_reversal,-1613.72998360272,-0.9233615581918019,-1.785248909026902,6.255995747795612e-11,20,3,2026-01-08
MGM/PTC,MGM,PTC,sensitive_reversal,-308.2699999999998,-1.0138419615310712,-1.785248909026902,0.0018426522564039085,4,3,2026-01-08
AMAT/TRMB,AMAT,TRMB,crash_defensive,-56.77380439949786,-0.08965488658015608,-3.257124087178958,8.219616927385636e-05,8,3,2026-01-08
AMAT/FISV,AMAT,FISV,crash_defensive,365.3759723451594,0.23594583891344548,-3.257124087178958,0.9956627006310103,24,3,2026-01-08
LRCX/FMC,LRCX,FMC,crash_defensive,2191.247051759729,1.1232816979446234,-3.257124087178958,0.9999999999999999,20,3,2026-01-08
LRCX/BR,LRCX,BR,crash_defensive,636.556344161005,0.5319993749977963,-3.257124087178958,0.9999997678148566,10,3,2026-01-08
DVA/KLAC,DVA,KLAC,crash_defensive,1509.388523543588,1.1591171982669193,-3.257124087178958,0.999999999547534,20,3,2026-01-08
DVA/INTU,DVA,INTU,crash_defensive,566.0091060124646,0.798252759523116,-3.257124087178958,0.9999919285146452,8,3,2026-01-08
TER/EFX,TER,EFX,crash_defensive,-125.5953705428556,-0.06411196557512563,-3.257124087178958,0.002803791624108891,18,3,2026-01-08
TER/FOXA,TER,FOXA,crash_defensive,932.2794622618248,0.702362051566188,-3.257124087178958,0.9999940806557004,8,3,2026-01-08
JBL/FOX,JBL,FOX,crash_defensive,-561.9373603281321,-0.7836830705600759,-3.257124087178958,4.2482001700990104e-07,4,3,2026-01-08
JBL/ULTA,JBL,ULTA,crash_defensive,358.0928824607853,0.7399927280626002,-3.257124087178958,0.9990997107210924,2,3,2026-01-08
KEYS/NFLX,KEYS,NFLX,crash_defensive,512.3119999999981,0.659528409843759,-3.257124087178958,0.999995589348533,8,3,2026-01-08
KEYS/CPRT,KEYS,CPRT,crash_defensive,313.9600000000007,0.4825648939771842,-3.257124087178958,0.9999924455715821,16,3,2026-01-08
CVS/CTSH,CVS,CTSH,crash_defensive,-106.7526643174008,-0.12798259096582218,-3.257124087178958,1.2718974487323916e-05,14,3,2026-01-08
CVS/ADBE,CVS,ADBE,crash_defensive,-490.3580268784669,-0.4618851858962953,-3.257124087178958,1.0102129423279935e-14,20,3,2026-01-08
MGM/PTC,MGM,PTC,crash_defensive,-41.95999999999989,-0.10822657990061288,-3.257124087178958,5.762581433242012e-06,4,3,2026-01-08
AMAT/TRMB,AMAT,TRMB,vol_sized_conservative,-362.2790600285232,-1.5257743615290653,-4.674070468233775,6.885519371076029e-07,6,3,2026-01-08
AMAT/FISV,AMAT,FISV,vol_sized_conservative,457.2064814961284,0.40915982335148504,-4.674070468233775,0.9999997254261156,22,3,2026-01-08
LRCX/FMC,LRCX,FMC,vol_sized_conservative,3311.062164367248,1.3304517840915864,-4.674070468233775,0.9968361865091888,18,3,2026-01-08
LRCX/BR,LRCX,BR,vol_sized_conservative,351.4603761701372,0.4064131184761139,-4.674070468233775,0.9999886548840609,10,3,2026-01-08
DVA/KLAC,DVA,KLAC,vol_sized_conservative,-58.15968860028069,-0.07156606228265525,-4.674070468233775,2.4092148128211912e-05,20,3,2026-01-08
DVA/INTU,DVA,INTU,vol_sized_conservative,61.59040984216497,0.13172536160023396,-4.674070468233775,0.6926022671141809,10,3,2026-01-08
TER/EFX,TER,EFX,vol_sized_conservative,14.79312671806093,0.01133454648824251,-4.674070468233775,0.025943987739543335,14,3,2026-01-08
TER/FOXA,TER,FOXA,vol_sized_conservative,161.0852172952342,0.22655566103841593,-4.674070468233775,0.9703959098107363,8,3,2026-01-08
JBL/FOX,JBL,FOX,vol_sized_conservative,0.0,-4.674070468233775,-4.674070468233775,4.1737303544644163e-181,0,3,2026-01-08
JBL/ULTA,JBL,ULTA,vol_sized_conservative,61.9398478754955,0.15211242460758836,-4.674070468233775,0.8420890568559678,4,3,2026-01-08
KEYS/NFLX,KEYS,NFLX,vol_sized_conservative,290.0289999999997,0.47966148147076154,-4.674070468233775,0.9999903308234054,10,3,2026-01-08
KEYS/CPRT,KEYS,CPRT,vol_sized_conservative,233.2800000000007,0.44534017257295494,-4.674070468233775,0.9999907618159953,16,3,2026-01-08
CVS/CTSH,CVS,CTSH,vol_sized_conservative,-18.16495347736344,-0.030004672112501244,-4.674070468233775,0.0038966046135405384,12,3,2026-01-08
CVS/ADBE,CVS,ADBE,vol_sized_conservative,-250.5696144075145,-0.34644787667052485,-4.674070468233775,1.2275073614458663e-11,18,3,2026-01-08
MGM/PTC,MGM,PTC,vol_sized_conservative,-25.5000000000006,-0.21907585260210252,-4.674070468233775,2.1173864107195395e-07,2,3,2026-01-08
AMAT/TRMB,AMAT,TRMB,conservative,-361.0544984657938,-0.9360539403493996,-5.172539450605864,1.479654473508016e-11,8,3,2026-01-08
AMAT/FISV,AMAT,FISV,conservative,940.7854237369088,0.9068793255514556,-5.172539450605864,0.9999999999999993,24,3,2026-01-08
LRCX/FMC,LRCX,FMC,conservative,3044.753058858374,1.2742795308197847,-5.172539450605864,0.9946933004724536,22,3,2026-01-08
LRCX/BR,LRCX,BR,conservative,12.35955037462818,0.024437662767851254,-5.172539450605864,0.046580901082685484,12,3,2026-01-08
DVA/KLAC,DVA,KLAC,conservative,468.5106128923514,0.5186488157770428,-5.172539450605864,0.9999766235251455,20,3,2026-01-08
DVA/INTU,DVA,INTU,conservative,217.7752434590733,0.29211625647709344,-5.172539450605864,0.9611416508027467,10,3,2026-01-08
TER/EFX,TER,EFX,conservative,154.3010766993239,0.11712374721826196,-5.172539450605864,0.6996491875477282,18,3,2026-01-08
TER/FOXA,TER,FOXA,conservative,439.1394007224935,0.8690831936502579,-5.172539450605864,0.9999999844725737,8,3,2026-01-08
JBL/FOX,JBL,FOX,conservative,-165.3848032855735,-0.35525706027876486,-5.172539450605864,3.115196324843444e-07,4,3,2026-01-08
JBL/ULTA,JBL,ULTA,conservative,401.3984254568427,1.2652685463738764,-5.172539450605864,0.9966470616021608,2,3,2026-01-08
KEYS/NFLX,KEYS,NFLX,conservative,224.8249999999993,0.4222530170233099,-5.172539450605864,0.9997804007104458,8,3,2026-01-08
KEYS/CPRT,KEYS,CPRT,conservative,137.8600000000017,0.3296118694400898,-5.172539450605864,0.9997606248429304,18,3,2026-01-08
CVS/CTSH,CVS,CTSH,conservative,-173.4512925168698,-0.29429348965756663,-5.172539450605864,2.8478166829333746e-08,14,3,2026-01-08
CVS/ADBE,CVS,ADBE,conservative,-523.4404286983629,-0.7609745077162188,-5.172539450605864,4.881989248577966e-13,22,3,2026-01-08
MGM/PTC,MGM,PTC,conservative,-83.86999999999942,-0.29472230407109895,-5.172539450605864,4.1384921728886835e-10,4,3,2026-01-08
AMAT/TRMB,AMAT,TRMB,aggressive,12389.162076531,1.3584927745804471,1.4679871635089752,1.0,44,4,2026-02-18
AMAT/FISV,AMAT,FISV,aggressive,22067.57132159371,1.230028878203634,1.4679871635089752,0.999797949685395,44,4,2026-02-18
LRCX/FMC,LRCX,FMC,aggressive,27767.88109606424,1.382588429435629,1.4679871635089752,0.9999934566301317,42,4,2026-02-18
LRCX/BR,LRCX,BR,aggressive,11826.77084034116,1.0463865599135558,1.4679871635089752,1.0,48,4,2026-02-18
DVA/KLAC,DVA,KLAC,aggressive,10054.12058667333,0.6670452253681842,1.4679871635089752,0.9999767946677254,42,4,2026-02-18
DVA/INTU,DVA,INTU,aggressive,10537.54681964199,1.0602125125761785,1.4679871635089752,1.0,38,4,2026-02-18
TER/EFX,TER,EFX,aggressive,9242.816126743433,0.6696723066542019,1.4679871635089752,0.9999999999999999,40,4,2026-02-18
TER/FOXA,TER,FOXA,aggressive,11983.62839093834,0.8566496488187059,1.4679871635089752,0.9999999999948709,48,4,2026-02-18
JBL/FOX,JBL,FOX,aggressive,-9676.261853387128,-0.9462745142993945,1.4679871635089752,9.477690875377103e-25,44,4,2026-02-18
JBL/ULTA,JBL,ULTA,aggressive,-1383.573943375225,-0.13631028593717195,1.4679871635089752,1.1824981444281934e-07,44,4,2026-02-18
KEYS/NFLX,KEYS,NFLX,aggressive,11977.78000000004,1.257930989210408,1.4679871635089752,1.0,42,4,2026-02-18
KEYS/CPRT,KEYS,CPRT,aggressive,5986.719999999967,0.8931042439665526,1.4679871635089752,1.0,42,4,2026-02-18
CVS/CTSH,CVS,CTSH,aggressive,-3722.416257755064,-0.4182526302803346,1.4679871635089752,7.789900705807918e-23,40,4,2026-02-18
CVS/ADBE,CVS,ADBE,aggressive,14745.42349620632,1.3396791705898263,1.4679871635089752,0.9999999999999993,44,4,2026-02-18
MGM/PTC,MGM,PTC,aggressive,5920.330000000021,0.7127664149591799,1.4679871635089752,0.9999999999999993,38,4,2026-02-18
AMAT/TRMB,AMAT,TRMB,kalman_aggressive,9998.308714612236,1.3357292847607534,1.2337533296600771,1.0,48,4,2026-02-18
AMAT/FISV,AMAT,FISV,kalman_aggressive,18477.08900250575,1.2965585976663647,1.2337533296600771,0.9997716650194319,46,4,2026-02-18
LRCX/FMC,LRCX,FMC,kalman_aggressive,19170.50643762177,1.2938443955943346,1.2337533296600771,0.9999862313531749,46,4,2026-02-18
LRCX/BR,LRCX,BR,kalman_aggressive,9595.760702326315,0.9214741599263114,1.2337533296600771,1.0,50,4,2026-02-18
DVA/KLAC,DVA,KLAC,kalman_aggressive,2878.289468902009,0.22683046517662409,1.2337533296600771,0.9356485893803893,42,4,2026-02-18
DVA/INTU,DVA,INTU,kalman_aggressive,6001.833588642045,0.7070978255251287,1.2337533296600771,0.9999999999990843,38,4,2026-02-18
TER/EFX,TER,EFX,kalman_aggressive,13460.63103895097,1.00080180129772,1.2337533296600771,0.9999999999999825,42,4,2026-02-18
TER/FOXA,TER,FOXA,kalman_aggressive,6979.010817097254,0.6143097737231084,1.2337533296600771,0.9999999975839939,52,4,2026-02-18
JBL/FOX,JBL,FOX,kalman_aggressive,1470.712336585008,0.18777482274435614,1.2337533296600771,0.966852873167883,50,4,2026-02-18
JBL/ULTA,JBL,ULTA,kalman_aggressive,-1114.736286528693,-0.14447484915221942,1.2337533296600771,8.924952491638625e-09,42,4,2026-02-18
KEYS/NFLX,KEYS,NFLX,kalman_aggressive,1616.12600000002,0.2076093810648252,1.2337533296600771,0.9754904332369779,46,4,2026-02-18
KEYS/CPRT,KEYS,CPRT,kalman_aggressive,9160.759999999987,1.5672450745842732,1.2337533296600771,1.0,44,4,2026-02-18
CVS/CTSH,CVS,CTSH,kalman_aggressive,-1279.371401072919,-0.17661704089600685,1.2337533296600771,1.3264110377391917e-10,42,4,2026-02-18
CVS/ADBE,CVS,ADBE,kalman_aggressive,6007.78110451635,0.7897478852179453,1.2337533296600771,0.999999998740368,48,4,2026-02-18
MGM/PTC,MGM,PTC,kalman_aggressive,4158.670000000003,0.6404465890171661,1.2337533296600771,1.0,38,4,2026-02-18
AMAT/TRMB,AMAT,TRMB,crash_tolerant,5220.168202169501,0.9581849732000773,0.5089771925629759,0.9999999999998318,12,4,2026-02-18
AMAT/FISV,AMAT,FISV,crash_tolerant,5928.911266433448,0.7608470222159586,0.5089771925629759,1.0,26,4,2026-02-18
LRCX/FMC,LRCX,FMC,crash_tolerant,8860.90273848469,1.0859645666629307,0.5089771925629759,0.9999999999999999,20,4,2026-02-18
LRCX/BR,LRCX,BR,crash_tolerant,5373.38172250133,0.7482725383225376,0.5089771925629759,0.9999999997020421,16,4,2026-02-18
DVA/KLAC,DVA,KLAC,crash_tolerant,7411.717183976167,0.91034633900192,0.5089771925629759,0.9999845430577815,22,4,2026-02-18
DVA/INTU,DVA,INTU,crash_tolerant,5820.022170283741,1.3596795866024518,0.5089771925629759,0.9999999757075407,10,4,2026-02-18
TER/EFX,TER,EFX,crash_tolerant,5362.076753313924,0.4694346149042948,0.5089771925629759,0.9999999774912537,20,4,2026-02-18
TER/FOXA,TER,FOXA,crash_tolerant,5420.860359901045,0.8835480037684763,0.5089771925629759,0.9999999342891492,10,4,2026-02-18
JBL/FOX,JBL,FOX,crash_tolerant,-2275.079973735747,-0.7623921521234094,0.5089771925629759,3.846216422626045e-07,6,4,2026-02-18
JBL/ULTA,JBL,ULTA,crash_tolerant,1463.364073154036,0.7167045710782862,0.5089771925629759,0.9991058403983497,2,4,2026-02-18
KEYS/NFLX,KEYS,NFLX,crash_tolerant,5336.330000000002,1.258968955547106,0.5089771925629759,0.9999999999995736,12,4,2026-02-18
KEYS/CPRT,KEYS,CPRT,crash_tolerant,-2.859999999992397,-0.0009406839514045547,0.5089771925629759,0.017561205350659352,16,4,2026-02-18
CVS/CTSH,CVS,CTSH,crash_tolerant,-446.9016971779224,-0.1285548615148725,0.5089771925629759,9.29654402930475e-06,14,4,2026-02-18
CVS/ADBE,CVS,ADBE,crash_tolerant,-3726.020076249894,-0.6655470343445642,0.5089771925629759,2.658399020741423e-14,24,4,2026-02-18
MGM/PTC,MGM,PTC,crash_tolerant,-167.4999999999992,-0.10170467144900179,0.5089771925629759,7.731465383400788e-06,4,4,2026-02-18
AMAT/TRMB,AMAT,TRMB,beta_neutral,4124.261529020271,1.1665762349823552,0.4334539063276696,0.9999999998593316,10,4,2026-02-18
AMAT/FISV,AMAT,FISV,beta_neutral,5679.161464771144,1.1632010099787227,0.4334539063276696,0.9999999999990913,24,4,2026-02-18
LRCX/FMC,LRCX,FMC,beta_neutral,11367.6995365125,1.6678999533895171,0.4334539063276696,1.0,17,4,2026-02-18
LRCX/BR,LRCX,BR,beta_neutral,2692.164055791932,0.7548709389918113,0.4334539063276696,0.9999999997643875,16,4,2026-02-18
DVA/KLAC,DVA,KLAC,beta_neutral,3613.459536360227,1.0076992763907189,0.4334539063276696,0.9999999994696196,21,4,2026-02-18
DVA/INTU,DVA,INTU,beta_neutral,1873.826273763308,0.9351707816426439,0.4334539063276696,0.9999998957872488,12,4,2026-02-18
TER/EFX,TER,EFX,beta_neutral,3963.590062875127,0.60580908895422,0.4334539063276696,0.9999988073442461,16,4,2026-02-18
TER/FOXA,TER,FOXA,beta_neutral,3349.364974864088,0.8813322976597108,0.4334539063276696,0.9999999544609737,10,4,2026-02-18
JBL/FOX,JBL,FOX,beta_neutral,0.0,0.4334539063276696,0.4334539063276696,0.9999999999967059,0,4,2026-02-18
JBL/ULTA,JBL,ULTA,beta_neutral,167.3532189787836,0.15481093338461893,0.4334539063276696,0.8417073481998902,4,4,2026-02-18
KEYS/NFLX,KEYS,NFLX,beta_neutral,2246.071999999997,0.9360991890154629,0.4334539063276696,0.999999999999478,14,4,2026-02-18
KEYS/CPRT,KEYS,CPRT,beta_neutral,1199.229999999998,0.41260533321260523,0.4334539063276696,0.9999481311638831,18,4,2026-02-18
CVS/CTSH,CVS,CTSH,beta_neutral,1678.627665819708,1.0316063579653458,0.4334539063276696,0.999999999993509,12,4,2026-02-18
CVS/ADBE,CVS,ADBE,beta_neutral,-1959.736149513221,-0.568032987510439,0.4334539063276696,1.2973804181526926e-11,22,4,2026-02-18
MGM/PTC,MGM,PTC,beta_neutral,169.6200000000001,0.34108842239568593,0.4334539063276696,0.9962452813259323,2,4,2026-02-18
AMAT/TRMB,AMAT,TRMB,monthly_aligned_windows,3924.186399917567,0.9957720793454955,0.3782280542937544,1.0,32,4,2026-02-18
AMAT/FISV,AMAT,FISV,monthly_aligned_windows,4147.629122045325,0.7036873126578981,0.3782280542937544,0.9999999999169684,32,4,2026-02-18
LRCX/FMC,LRCX,FMC,monthly_aligned_windows,12386.54484411835,1.265891794465722,0.3782280542937544,0.9999956744606984,30,4,2026-02-18
LRCX/BR,LRCX,BR,monthly_aligned_windows,4648.512564791074,0.7561153579636721,0.3782280542937544,0.9999996620618788,32,4,2026-02-18
DVA/KLAC,DVA,KLAC,monthly_aligned_windows,-4121.163593773823,-0.5079754974969083,0.3782280542937544,8.248638504353384e-08,32,4,2026-02-18
DVA/INTU,DVA,INTU,monthly_aligned_windows,2140.150081393344,0.35439568780104425,0.3782280542937544,0.9998370234016785,30,4,2026-02-18
TER/EFX,TER,EFX,monthly_aligned_windows,8459.497586840516,0.8366391005742368,0.3782280542937544,0.9999933853939623,30,4,2026-02-18
TER/FOXA,TER,FOXA,monthly_aligned_windows,10760.44996235338,1.1146248518073896,0.3782280542937544,0.9999917448629609,32,4,2026-02-18
JBL/FOX,JBL,FOX,monthly_aligned_windows,-132.3956679127978,-0.03242964891829097,0.3782280542937544,0.0013781659480206724,30,4,2026-02-18
JBL/ULTA,JBL,ULTA,monthly_aligned_windows,-6007.131344407278,-1.4422574172034683,0.3782280542937544,6.470152090045346e-29,32,4,2026-02-18
KEYS/NFLX,KEYS,NFLX,monthly_aligned_windows,7840.672000000009,1.0019073181820013,0.3782280542937544,0.9999993049921033,30,4,2026-02-18
KEYS/CPRT,KEYS,CPRT,monthly_aligned_windows,1196.090000000003,0.365566105910138,0.3782280542937544,0.9999774609497986,30,4,2026-02-18
CVS/CTSH,CVS,CTSH,monthly_aligned_windows,2632.35948528441,0.8080232391621238,0.3782280542937544,0.9999999997377296,32,4,2026-02-18
CVS/ADBE,CVS,ADBE,monthly_aligned_windows,-5214.096400311209,-0.5613048940395649,0.3782280542937544,1.2516161124686131e-09,30,4,2026-02-18
MGM/PTC,MGM,PTC,monthly_aligned_windows,238.4599999999981,0.07541607917726831,0.3782280542937544,0.3103841918256561,30,4,2026-02-18
AMAT/TRMB,AMAT,TRMB,weekly_aligned_windows,5386.647291491146,0.8096447876873595,0.3690104482916094,0.9999999992968011,92,4,2026-02-18
AMAT/FISV,AMAT,FISV,weekly_aligned_windows,15353.59960513435,1.5012446978052496,0.3690104482916094,0.999999975854413,84,4,2026-02-18
LRCX/FMC,LRCX,FMC,weekly_aligned_windows,2660.281287675815,0.30734011804389344,0.3690104482916094,0.999922146356762,80,4,2026-02-18
LRCX/BR,LRCX,BR,weekly_aligned_windows,3383.304165974018,0.5323921753785384,0.3690104482916094,0.9999999999999953,82,4,2026-02-18
DVA/KLAC,DVA,KLAC,weekly_aligned_windows,-301.4016059299502,-0.038051198279529026,0.3690104482916094,0.0012203350641499671,84,4,2026-02-18
DVA/INTU,DVA,INTU,weekly_aligned_windows,1548.642670205485,0.24285984457136203,0.3690104482916094,0.9991228812325326,82,4,2026-02-18
TER/EFX,TER,EFX,weekly_aligned_windows,11156.11525610964,1.1277425692612946,0.3690104482916094,0.9999999999998358,84,4,2026-02-18
TER/FOXA,TER,FOXA,weekly_aligned_windows,2598.780011178518,0.2638571977400688,0.3690104482916094,0.9993691497327452,88,4,2026-02-18
JBL/FOX,JBL,FOX,weekly_aligned_windows,-745.2710695487249,-0.1206665162225668,0.3690104482916094,1.0696720948914841e-05,82,4,2026-02-18
JBL/ULTA,JBL,ULTA,weekly_aligned_windows,-2351.054157581516,-0.5202854596791714,0.3690104482916094,1.1115301197380898e-33,78,4,2026-02-18
KEYS/NFLX,KEYS,NFLX,weekly_aligned_windows,3426.897000000023,0.742866872064687,0.3690104482916094,0.9999999999999994,76,4,2026-02-18
KEYS/CPRT,KEYS,CPRT,weekly_aligned_windows,1336.039999999996,0.35993635885759284,0.3690104482916094,0.9999953835699953,80,4,2026-02-18
CVS/CTSH,CVS,CTSH,weekly_aligned_windows,-866.9225347002252,-0.17470358965214505,0.3690104482916094,9.144574701004516e-11,88,4,2026-02-18
CVS/ADBE,CVS,ADBE,weekly_aligned_windows,4848.186320844702,0.8963099623439109,0.3690104482916094,0.9999999999999938,78,4,2026-02-18
MGM/PTC,MGM,PTC,weekly_aligned_windows,-431.5800000000118,-0.09026048259788581,0.3690104482916094,6.29213395900159e-06,72,4,2026-02-18
AMAT/TRMB,AMAT,TRMB,trend_leverage,3849.429123989803,0.9522428738677365,0.2870840993153734,0.9999999999998258,12,4,2026-02-18
AMAT/FISV,AMAT,FISV,trend_leverage,3764.959717490316,0.6419941659667399,0.2870840993153734,1.0,26,4,2026-02-18
LRCX/FMC,LRCX,FMC,trend_leverage,6627.180769338195,1.0863712107399859,0.2870840993153734,0.9999999999999999,20,4,2026-02-18
LRCX/BR,LRCX,BR,trend_leverage,6631.13596541959,1.0979451128016953,0.2870840993153734,0.9999999999998818,14,4,2026-02-18
DVA/KLAC,DVA,KLAC,trend_leverage,5546.750519083108,0.9160496956198604,0.2870840993153734,0.9999867386247345,22,4,2026-02-18
DVA/INTU,DVA,INTU,trend_leverage,5107.173312612696,1.5499281104959044,0.2870840993153734,0.9999999966181433,10,4,2026-02-18
TER/EFX,TER,EFX,trend_leverage,3983.998769645484,0.46884000200172427,0.2870840993153734,0.9999999792213804,20,4,2026-02-18
TER/FOXA,TER,FOXA,trend_leverage,4035.129813636648,0.8808990266290114,0.2870840993153734,0.9999999340314116,10,4,2026-02-18
JBL/FOX,JBL,FOX,trend_leverage,-2107.538940744763,-0.9357212103709028,0.2870840993153734,6.483529725899168e-07,6,4,2026-02-18
JBL/ULTA,JBL,ULTA,trend_leverage,1108.302324971036,0.7191710922467139,0.2870840993153734,0.9990957030637755,2,4,2026-02-18
KEYS/NFLX,KEYS,NFLX,trend_leverage,3959.702000000002,1.2583752370739856,0.2870840993153734,0.9999999999994655,12,4,2026-02-18
KEYS/CPRT,KEYS,CPRT,trend_leverage,-244.1299999999983,-0.10134327590944643,0.2870840993153734,2.186689784520313e-06,18,4,2026-02-18
CVS/CTSH,CVS,CTSH,trend_leverage,-332.7729657476393,-0.12779100489632306,0.2870840993153734,9.851513069615594e-06,14,4,2026-02-18
CVS/ADBE,CVS,ADBE,trend_leverage,-2781.963453489685,-0.6664596437272358,0.2870840993153734,1.8112586996764212e-14,24,4,2026-02-18
MGM/PTC,MGM,PTC,trend_leverage,-121.0999999999998,-0.0989050191453419,0.2870840993153734,9.960692458970058e-06,4,4,2026-02-18
AMAT/TRMB,AMAT,TRMB,let_profits_run,-99.64404104587027,-0.041054761944567426,0.2810517635330026,0.001978468215717836,10,4,2026-02-18
AMAT/FISV,AMAT,FISV,let_profits_run,5416.005551036367,0.704657526366424,0.2810517635330026,0.9998583494893079,20,4,2026-02-18
LRCX/FMC,LRCX,FMC,let_profits_run,7708.643162931228,1.0667651286687152,0.2810517635330026,0.9988030387334073,12,4,2026-02-18
LRCX/BR,LRCX,BR,let_profits_run,5847.246009337841,1.4367650228227928,0.2810517635330026,1.0,10,4,2026-02-18
DVA/KLAC,DVA,KLAC,let_profits_run,4200.6213349527,0.8492599250012233,0.2810517635330026,0.999993592464045,14,4,2026-02-18
DVA/INTU,DVA,INTU,let_profits_run,-44.28982618859027,-0.035798699286127555,0.2810517635330026,0.003607087394231212,10,4,2026-02-18
TER/EFX,TER,EFX,let_profits_run,3753.603450942333,0.7122527568188164,0.2810517635330026,0.9999994700223105,10,4,2026-02-18
TER/FOXA,TER,FOXA,let_profits_run,358.4986888796616,0.1856674299822275,0.2810517635330026,0.9234384787833159,6,4,2026-02-18
JBL/FOX,JBL,FOX,let_profits_run,-633.0449008588489,-0.45582160105269054,0.2810517635330026,1.0698519020691821e-07,2,4,2026-02-18
JBL/ULTA,JBL,ULTA,let_profits_run,-842.0073883662857,-1.2363462086988577,0.2810517635330026,5.3446644312874385e-05,4,4,2026-02-18
KEYS/NFLX,KEYS,NFLX,let_profits_run,6425.294000000002,2.0874788717906156,0.2810517635330026,0.9999999999996612,12,4,2026-02-18
KEYS/CPRT,KEYS,CPRT,let_profits_run,5020.429999999999,1.9757820388766383,0.2810517635330026,0.9999999999996785,12,4,2026-02-18
CVS/CTSH,CVS,CTSH,let_profits_run,1054.335193625807,0.8542573597958861,0.2810517635330026,0.9999999956769898,4,4,2026-02-18
CVS/ADBE,CVS,ADBE,let_profits_run,722.9222294893862,0.23673314615937793,0.2810517635330026,0.9979699677978869,14,4,2026-02-18
MGM/PTC,MGM,PTC,let_profits_run,-1266.21,-1.1070985308997727,0.2810517635330026,1.1744796566504337e-13,6,4,2026-02-18
AMAT/TRMB,AMAT,TRMB,short_term_beta_neutral,4047.479841842902,0.7946858070826943,0.1616060418523734,0.9999999988273256,20,4,2026-02-18
AMAT/FISV,AMAT,FISV,short_term_beta_neutral,4618.234392325518,0.9484977271302337,0.1616060418523734,0.9999999999999036,26,4,2026-02-18
LRCX/FMC,LRCX,FMC,short_term_beta_neutral,5970.696650181792,1.0891815574606625,0.1616060418523734,0.9999999999999999,23,4,2026-02-18
LRCX/BR,LRCX,BR,short_term_beta_neutral,5214.362534686926,1.3178107758739697,0.1616060418523734,1.0,24,4,2026-02-18
DVA/KLAC,DVA,KLAC,short_term_beta_neutral,307.7836838795912,0.08533756280055581,0.1616060418523734,0.41517334452871973,30,4,2026-02-18
DVA/INTU,DVA,INTU,short_term_beta_neutral,2064.127322498219,0.8669278209199008,0.1616060418523734,0.999999997222244,18,4,2026-02-18
TER/EFX,TER,EFX,short_term_beta_neutral,6007.138598660153,0.9892278679551149,0.1616060418523734,0.9999951583856096,24,4,2026-02-18
TER/FOXA,TER,FOXA,short_term_beta_neutral,4381.309736680088,1.0334079063125168,0.1616060418523734,0.9999990850802015,11,4,2026-02-18
JBL/FOX,JBL,FOX,short_term_beta_neutral,1057.796116881565,0.6394471528215263,0.1616060418523734,0.9999928935674317,12,4,2026-02-18
JBL/ULTA,JBL,ULTA,short_term_beta_neutral,283.7281276511297,0.09030831472682922,0.1616060418523734,0.4467670026594206,12,4,2026-02-18
KEYS/NFLX,KEYS,NFLX,short_term_beta_neutral,770.7209999999941,0.296223698674209,0.1616060418523734,0.9998395280032295,26,4,2026-02-18
KEYS/CPRT,KEYS,CPRT,short_term_beta_neutral,1427.719999999987,0.3953922874612503,0.1616060418523734,0.9999963891025022,28,4,2026-02-18
CVS/CTSH,CVS,CTSH,short_term_beta_neutral,-563.7318077106121,-0.20458583510853953,0.1616060418523734,5.522908850339331e-10,26,4,2026-02-18
CVS/ADBE,CVS,ADBE,short_term_beta_neutral,540.1751498999736,0.152833949611293,0.1616060418523734,0.9165793342244497,24,4,2026-02-18
MGM/PTC,MGM,PTC,short_term_beta_neutral,-1377.609999999993,-0.9161535265268258,0.1616060418523734,9.130111810589055e-28,12,4,2026-02-18
AMAT/TRMB,AMAT,TRMB,fast_rebalance,3274.219566410274,1.0530042193697222,-0.0181085640553802,0.9999999999999999,20,4,2026-02-18
AMAT/FISV,AMAT,FISV,fast_rebalance,3481.833268860845,0.9765969139476379,-0.0181085640553802,1.0,24,4,2026-02-18
LRCX/FMC,LRCX,FMC,fast_rebalance,4254.065578575637,0.6113168565471285,-0.0181085640553802,0.9976395862473537,26,4,2026-02-18
LRCX/BR,LRCX,BR,fast_rebalance,5718.363305365797,1.29714258040402,-0.0181085640553802,1.0,24,4,2026-02-18
DVA/KLAC,DVA,KLAC,fast_rebalance,708.0511666981117,0.16705996639778684,-0.0181085640553802,0.8649409475283185,28,4,2026-02-18
DVA/INTU,DVA,INTU,fast_rebalance,1777.790862601829,0.745905021950734,-0.0181085640553802,0.9999999927887901,18,4,2026-02-18
TER/EFX,TER,EFX,fast_rebalance,2922.067425150121,0.6532244868308228,-0.0181085640553802,0.9999999470384976,24,4,2026-02-18
TER/FOXA,TER,FOXA,fast_rebalance,4191.952963130408,1.4877720453095205,-0.0181085640553802,0.9999999900150703,10,4,2026-02-18
JBL/FOX,JBL,FOX,fast_rebalance,-435.8952141194975,-0.47361959154205835,-0.0181085640553802,4.7456458635411853e-07,8,4,2026-02-18
JBL/ULTA,JBL,ULTA,fast_rebalance,357.6510843933409,0.1684380063358875,-0.0181085640553802,0.9009878268742,10,4,2026-02-18
KEYS/NFLX,KEYS,NFLX,fast_rebalance,-968.120999999998,-0.2592115918871073,-0.0181085640553802,2.98278976158066e-16,26,4,2026-02-18
KEYS/CPRT,KEYS,CPRT,fast_rebalance,1687.2,0.7874746785893,-0.0181085640553802,0.9999999999999175,28,4,2026-02-18
CVS/CTSH,CVS,CTSH,fast_rebalance,558.1275492514293,0.314519086445706,-0.0181085640553802,0.9999875991694385,22,4,2026-02-18
CVS/ADBE,CVS,ADBE,fast_rebalance,1848.448437426917,0.5979495862186408,-0.0181085640553802,0.9999996531365257,24,4,2026-02-18
MGM/PTC,MGM,PTC,fast_rebalance,1238.399999999999,1.004500132619626,-0.0181085640553802,0.9999800968566542,6,4,2026-02-18
AMAT/TRMB,AMAT,TRMB,short_term_tilt,3274.219566410274,1.0530042193697222,-0.042301844838781,0.9999999999999999,20,4,2026-02-18
AMAT/FISV,AMAT,FISV,short_term_tilt,3483.503268860845,0.9771639902525608,-0.042301844838781,1.0,24,4,2026-02-18
LRCX/FMC,LRCX,FMC,short_term_tilt,4075.247316755725,0.5846939307458643,-0.042301844838781,0.9977049365141574,26,4,2026-02-18
LRCX/BR,LRCX,BR,short_term_tilt,5718.363305365797,1.29714258040402,-0.042301844838781,1.0,24,4,2026-02-18
DVA/KLAC,DVA,KLAC,short_term_tilt,386.9311322918162,0.10464072850471995,-0.042301844838781,0.5464906473952655,28,4,2026-02-18
DVA/INTU,DVA,INTU,short_term_tilt,1774.178519867215,0.7553012216904657,-0.042301844838781,0.9999999842760545,16,4,2026-02-18
TER/EFX,TER,EFX,short_term_tilt,2922.067425150121,0.6532244868308228,-0.042301844838781,0.9999999470384976,24,4,2026-02-18
TER/FOXA,TER,FOXA,short_term_tilt,4191.952963130408,1.4877720453095205,-0.042301844838781,0.9999999900150703,10,4,2026-02-18
JBL/FOX,JBL,FOX,short_term_tilt,-537.2607053744416,-0.577558131620265,-0.042301844838781,3.196885643722857e-07,10,4,2026-02-18
JBL/ULTA,JBL,ULTA,short_term_tilt,440.0942725142316,0.16454926228656946,-0.042301844838781,0.8818357878968353,12,4,2026-02-18
KEYS/NFLX,KEYS,NFLX,short_term_tilt,-974.7469999999955,-0.26108858040328187,-0.042301844838781,2.810405236023911e-16,26,4,2026-02-18
KEYS/CPRT,KEYS,CPRT,short_term_tilt,1714.699999999999,0.7984626451494097,-0.042301844838781,0.9999999999999437,28,4,2026-02-18
CVS/CTSH,CVS,CTSH,short_term_tilt,613.1129798911552,0.34794875114817175,-0.042301844838781,0.9999977145004822,20,4,2026-02-18
CVS/ADBE,CVS,ADBE,short_term_tilt,1808.413086014017,0.5816650775833517,-0.042301844838781,0.9999997121086489,24,4,2026-02-18
MGM/PTC,MGM,PTC,short_term_tilt,1238.399999999999,1.004500132619626,-0.042301844838781,0.9999800968566542,6,4,2026-02-18
AMAT/TRMB,AMAT,TRMB,entry_filter_kalman,2541.365030900215,0.9064613345361994,-0.0808966563791351,0.9999999999975714,10,4,2026-02-18
AMAT/FISV,AMAT,FISV,entry_filter_kalman,2991.121286417526,0.7396791451493339,-0.0808966563791351,1.0,24,4,2026-02-18
LRCX/FMC,LRCX,FMC,entry_filter_kalman,10441.38162570617,1.496652653309373,-0.0808966563791351,0.999461630736405,16,4,2026-02-18
LRCX/BR,LRCX,BR,entry_filter_kalman,2954.465075152507,0.8037005033680932,-0.0808966563791351,0.999999999924393,14,4,2026-02-18
DVA/KLAC,DVA,KLAC,entry_filter_kalman,4173.727421998196,1.037902389740949,-0.0808966563791351,0.9999954812164861,20,4,2026-02-18
DVA/INTU,DVA,INTU,entry_filter_kalman,1703.422278186592,0.619945328318864,-0.0808966563791351,0.9999595776607735,10,4,2026-02-18
TER/EFX,TER,EFX,entry_filter_kalman,2998.3724920668,0.5507211837923418,-0.0808966563791351,0.9999998258991902,14,4,2026-02-18
TER/FOXA,TER,FOXA,entry_filter_kalman,2052.342766585841,0.8200843492852082,-0.0808966563791351,0.9999999995313291,8,4,2026-02-18
JBL/FOX,JBL,FOX,entry_filter_kalman,-531.9269384728598,-0.39707218199312927,-0.0808966563791351,2.906261028619616e-07,2,4,2026-02-18
JBL/ULTA,JBL,ULTA,entry_filter_kalman,710.1234963660003,0.7090487665568542,-0.0808966563791351,0.999136099619082,2,4,2026-02-18
KEYS/NFLX,KEYS,NFLX,entry_filter_kalman,2579.593999999998,1.1572622648269784,-0.0808966563791351,0.9999999999999772,10,4,2026-02-18
KEYS/CPRT,KEYS,CPRT,entry_filter_kalman,149.5500000000026,0.0889293321680159,-0.0808966563791351,0.4335723252564331,14,4,2026-02-18
CVS/CTSH,CVS,CTSH,entry_filter_kalman,-1609.338986664703,-0.8315133242525027,-0.0808966563791351,4.921649158463448e-13,12,4,2026-02-18
CVS/ADBE,CVS,ADBE,entry_filter_kalman,-1594.556491407836,-0.5570038470869619,-0.0808966563791351,1.763189005328488e-16,20,4,2026-02-18
MGM/PTC,MGM,PTC,entry_filter_kalman,-168.6399999999995,-0.3367263162924535,-0.0808966563791351,1.947427638670094e-05,2,4,2026-02-18
AMAT/TRMB,AMAT,TRMB,entry_threshold_strong,2538.857516314452,0.9195047078912161,-0.1015297121258677,0.9999999999982148,10,4,2026-02-18
AMAT/FISV,AMAT,FISV,entry_threshold_strong,3055.856259276775,0.7553444503441791,-0.1015297121258677,1.0,24,4,2026-02-18
LRCX/FMC,LRCX,FMC,entry_threshold_strong,9966.937093784993,1.4110947137368104,-0.1015297121258677,0.9987495545609753,16,4,2026-02-18
LRCX/BR,LRCX,BR,entry_threshold_strong,2944.709453412894,0.7985641089538953,-0.1015297121258677,0.9999999998657436,14,4,2026-02-18
DVA/KLAC,DVA,KLAC,entry_threshold_strong,4116.910392413644,1.0303104295022012,-0.1015297121258677,0.9999944944105789,20,4,2026-02-18
DVA/INTU,DVA,INTU,entry_threshold_strong,1703.422278186592,0.619945328318864,-0.1015297121258677,0.9999595776607735,10,4,2026-02-18
TER/EFX,TER,EFX,entry_threshold_strong,2955.561357306038,0.5456578931064894,-0.1015297121258677,0.9999998193925066,14,4,2026-02-18
TER/FOXA,TER,FOXA,entry_threshold_strong,2168.462361056859,0.8656493605531538,-0.1015297121258677,0.9999999998970143,8,4,2026-02-18
JBL/FOX,JBL,FOX,entry_threshold_strong,-517.7117588523195,-0.37930785071188605,-0.1015297121258677,9.775872109936389e-08,2,4,2026-02-18
JBL/ULTA,JBL,ULTA,entry_threshold_strong,713.180576788036,0.713471340941429,-0.1015297121258677,0.9991188439922807,2,4,2026-02-18
KEYS/NFLX,KEYS,NFLX,entry_threshold_strong,2624.532,1.1695595112480277,-0.1015297121258677,0.9999999999999721,10,4,2026-02-18
KEYS/CPRT,KEYS,CPRT,entry_threshold_strong,108.87,0.065628338455703,-0.1015297121258677,0.2629695655511609,14,4,2026-02-18
CVS/CTSH,CVS,CTSH,entry_threshold_strong,-1646.175164100881,-0.8329481657233099,-0.1015297121258677,3.2924617814147313e-13,12,4,2026-02-18
CVS/ADBE,CVS,ADBE,entry_threshold_strong,-1580.169845918662,-0.5542237315232119,-0.1015297121258677,1.2663662103829997e-16,20,4,2026-02-18
MGM/PTC,MGM,PTC,entry_threshold_strong,-167.4399999999995,-0.3347989284525125,-0.1015297121258677,1.936615270199873e-05,2,4,2026-02-18
AMAT/TRMB,AMAT,TRMB,balanced,2515.857516314455,1.0033385866440627,-0.1613324771414917,0.9999999999806791,10,4,2026-02-18
AMAT/FISV,AMAT,FISV,balanced,2882.115532436078,0.7528245117226317,-0.1613324771414917,1.0,24,4,2026-02-18
LRCX/FMC,LRCX,FMC,balanced,5451.198078878215,1.3685707784608225,-0.1613324771414917,1.0,18,4,2026-02-18
LRCX/BR,LRCX,BR,balanced,4387.317380962084,1.0989929248348618,-0.1613324771414917,0.9999999999999154,14,4,2026-02-18
DVA/KLAC,DVA,KLAC,balanced,3683.06426193175,0.9194784705274838,-0.1613324771414917,0.9999881396668572,22,4,2026-02-18
DVA/INTU,DVA,INTU,balanced,2308.728074398805,1.1644228840832314,-0.1613324771414917,0.9999999954641352,12,4,2026-02-18
TER/EFX,TER,EFX,balanced,2644.803149495578,0.4886995283043107,-0.1613324771414917,0.999999832025736,16,4,2026-02-18
TER/FOXA,TER,FOXA,balanced,2695.817509941246,0.8838858138611855,-0.1613324771414917,0.9999999214010408,10,4,2026-02-18
JBL/FOX,JBL,FOX,balanced,0.0,-0.1613324771414917,-0.1613324771414917,1.9224426031177265e-08,0,4,2026-02-18
JBL/ULTA,JBL,ULTA,balanced,636.9027064527837,0.39334783579463395,-0.1613324771414917,0.9999001629043194,4,4,2026-02-18
KEYS/NFLX,KEYS,NFLX,balanced,2163.244000000001,1.0022244445950617,-0.1613324771414917,0.9999999999998928,14,4,2026-02-18
KEYS/CPRT,KEYS,CPRT,balanced,-158.9299999999957,-0.09947175514646499,-0.1613324771414917,2.777440865647519e-06,18,4,2026-02-18
CVS/CTSH,CVS,CTSH,balanced,335.6494713936245,0.19529508883288785,-0.1613324771414917,0.9692106581556075,12,4,2026-02-18
CVS/ADBE,CVS,ADBE,balanced,-1638.116214397623,-0.593256107663352,-0.1613324771414917,8.369429852211275e-15,22,4,2026-02-18
MGM/PTC,MGM,PTC,balanced,130.21,0.2587142776337853,-0.1613324771414917,0.983504584614921,2,4,2026-02-18
AMAT/TRMB,AMAT,TRMB,uniform_weights,2515.857516314455,1.0033385866440627,-0.2759764338575698,0.9999999999806791,10,4,2026-02-18
AMAT/FISV,AMAT,FISV,uniform_weights,3282.11373382275,0.8624590308428853,-0.2759764338575698,1.0,24,4,2026-02-18
LRCX/FMC,LRCX,FMC,uniform_weights,5254.680726934677,1.3255915193267618,-0.2759764338575698,0.9999999999999999,18,4,2026-02-18
LRCX/BR,LRCX,BR,uniform_weights,2675.928133661866,0.756858291742334,-0.2759764338575698,0.9999999998328403,16,4,2026-02-18
DVA/KLAC,DVA,KLAC,uniform_weights,3691.771766598492,0.9214158428082856,-0.2759764338575698,0.9999883707596666,22,4,2026-02-18
DVA/INTU,DVA,INTU,uniform_weights,1763.141937441869,1.0239464075664182,-0.2759764338575698,0.9999994957782005,10,4,2026-02-18
TER/EFX,TER,EFX,uniform_weights,2791.53939673345,0.5137104975058964,-0.2759764338575698,0.9999998242273208,14,4,2026-02-18
TER/FOXA,TER,FOXA,uniform_weights,2695.817509941246,0.8838858138611855,-0.2759764338575698,0.9999999214010408,10,4,2026-02-18
JBL/FOX,JBL,FOX,uniform_weights,-532.5511823289786,-0.39051342146075474,-0.2759764338575698,1.523530779124669e-07,2,4,2026-02-18
JBL/ULTA,JBL,ULTA,uniform_weights,713.180576788036,0.713471340941429,-0.2759764338575698,0.9991188439922807,2,4,2026-02-18
KEYS/NFLX,KEYS,NFLX,uniform_weights,2649.521999999999,1.2623288580317658,-0.2759764338575698,0.9999999999995126,12,4,2026-02-18
KEYS/CPRT,KEYS,CPRT,uniform_weights,-143.2999999999971,-0.08942956047498224,-0.2759764338575698,9.196799298172352e-06,18,4,2026-02-18
CVS/CTSH,CVS,CTSH,uniform_weights,612.3769012730936,0.3648429123855257,-0.2759764338575698,0.9999230732893325,10,4,2026-02-18
CVS/ADBE,CVS,ADBE,uniform_weights,-1637.620294652869,-0.59307736316378,-0.2759764338575698,8.344866838875725e-15,22,4,2026-02-18
MGM/PTC,MGM,PTC,uniform_weights,-167.4399999999995,-0.3347989284525125,-0.2759764338575698,1.936615270199873e-05,2,4,2026-02-18
AMAT/TRMB,AMAT,TRMB,default,2523.467516314455,1.0063534356844752,-0.2954923483952426,0.9999999999808259,10,4,2026-02-18
AMAT/FISV,AMAT,FISV,default,3272.86373382275,0.8608759454387891,-0.2954923483952426,1.0,24,4,2026-02-18
LRCX/FMC,LRCX,FMC,default,5450.233629665052,1.368564713907376,-0.2954923483952426,1.0,18,4,2026-02-18
LRCX/BR,LRCX,BR,default,2671.377380962083,0.7561151517056999,-0.2954923483952426,0.9999999998322334,16,4,2026-02-18
DVA/KLAC,DVA,KLAC,default,3683.06426193175,0.9194784705274838,-0.2954923483952426,0.9999881396668572,22,4,2026-02-18
DVA/INTU,DVA,INTU,default,1804.824679530939,0.9451314407026808,-0.2954923483952426,0.9999999476046757,12,4,2026-02-18
TER/EFX,TER,EFX,default,2644.803149495578,0.4886995283043107,-0.2954923483952426,0.999999832025736,16,4,2026-02-18
TER/FOXA,TER,FOXA,default,2695.817509941246,0.8838858138611855,-0.2954923483952426,0.9999999214010408,10,4,2026-02-18
JBL/FOX,JBL,FOX,default,0.0,-0.2954923483952426,-0.2954923483952426,9.849484011523366e-17,0,4,2026-02-18
JBL/ULTA,JBL,ULTA,default,146.737175776929,0.12542977977893938,-0.2954923483952426,0.7154533267601277,4,4,2026-02-18
KEYS/NFLX,KEYS,NFLX,default,2163.374000000003,1.0022839655858666,-0.2954923483952426,0.9999999999998928,14,4,2026-02-18
KEYS/CPRT,KEYS,CPRT,default,-158.9299999999957,-0.09947175514646499,-0.2954923483952426,2.777440865647519e-06,18,4,2026-02-18
CVS/CTSH,CVS,CTSH,default,335.6494713936245,0.19529508883288785,-0.2954923483952426,0.9692106581556075,12,4,2026-02-18
CVS/ADBE,CVS,ADBE,default,-1637.966214397623,-0.5933580488892408,-0.2954923483952426,8.519685151442387e-15,22,4,2026-02-18
MGM/PTC,MGM,PTC,default,130.21,0.2587142776337853,-0.2954923483952426,0.983504584614921,2,4,2026-02-18
AMAT/TRMB,AMAT,TRMB,kalman_hedge,2600.316148493887,0.9580331987971399,-0.3138019130317096,0.9999999999999121,12,4,2026-02-18
AMAT/FISV,AMAT,FISV,kalman_hedge,2758.416162874479,0.7161799256958933,-0.3138019130317096,1.0,26,4,2026-02-18
LRCX/FMC,LRCX,FMC,kalman_hedge,5236.930653642959,1.2557642995644485,-0.3138019130317096,1.0,20,4,2026-02-18
LRCX/BR,LRCX,BR,kalman_hedge,2652.318288117966,0.7513435019007862,-0.3138019130317096,0.999999999812244,16,4,2026-02-18
DVA/KLAC,DVA,KLAC,kalman_hedge,3714.608789026694,0.9235189715138243,-0.3138019130317096,0.9999892322319934,22,4,2026-02-18
DVA/INTU,DVA,INTU,kalman_hedge,2825.581937441869,1.359774021604911,-0.3138019130317096,0.9999999820567673,10,4,2026-02-18
TER/EFX,TER,EFX,kalman_hedge,2651.177248408781,0.46905299353138413,-0.3138019130317096,0.9999999836260531,20,4,2026-02-18
TER/FOXA,TER,FOXA,kalman_hedge,2531.714276145114,0.8437877573219137,-0.3138019130317096,0.9999999346270312,10,4,2026-02-18
JBL/FOX,JBL,FOX,kalman_hedge,-1140.702784195999,-0.7839631560803246,-0.3138019130317096,7.942023328993167e-07,6,4,2026-02-18
JBL/ULTA,JBL,ULTA,kalman_hedge,713.180576788036,0.713471340941429,-0.3138019130317096,0.9991188439922807,2,4,2026-02-18
KEYS/NFLX,KEYS,NFLX,kalman_hedge,2625.873999999998,1.2696406766765558,-0.3138019130317096,0.9999999999996619,12,4,2026-02-18
KEYS/CPRT,KEYS,CPRT,kalman_hedge,87.9999999999992,0.05771339781896594,-0.3138019130317096,0.21392307363596996,16,4,2026-02-18
CVS/CTSH,CVS,CTSH,kalman_hedge,-161.773482392001,-0.09629970791650541,-0.3138019130317096,8.983669346674201e-05,14,4,2026-02-18
CVS/ADBE,CVS,ADBE,kalman_hedge,-1858.077403935891,-0.6694323494199996,-0.3138019130317096,1.62089956926165e-14,24,4,2026-02-18
MGM/PTC,MGM,PTC,kalman_hedge,-73.6799999999999,-0.08993485166213613,-0.3138019130317096,2.2367148831869136e-05,4,4,2026-02-18
AMAT/TRMB,AMAT,TRMB,no_reversal_protection,3414.502123255112,1.2577756198428953,-0.318883652783912,0.9999999999999933,10,4,2026-02-18
AMAT/FISV,AMAT,FISV,no_reversal_protection,3871.484171147703,0.43377819369025167,-0.318883652783912,0.9987952068815579,26,4,2026-02-18
LRCX/FMC,LRCX,FMC,no_reversal_protection,2136.740443094665,0.47327738945692926,-0.318883652783912,0.9999999981282769,20,4,2026-02-18
LRCX/BR,LRCX,BR,no_reversal_protection,2985.80095651486,0.7842595549754046,-0.318883652783912,0.999999999998671,16,4,2026-02-18
DVA/KLAC,DVA,KLAC,no_reversal_protection,5228.180593860934,1.5775143388347797,-0.318883652783912,1.0,20,4,2026-02-18
DVA/INTU,DVA,INTU,no_reversal_protection,3173.472859547877,1.4402238481672023,-0.318883652783912,0.999999999453792,10,4,2026-02-18
TER/EFX,TER,EFX,no_reversal_protection,4160.472760848414,0.6483601337538528,-0.318883652783912,0.9999999999790795,20,4,2026-02-18
TER/FOXA,TER,FOXA,no_reversal_protection,2106.122280136653,0.6740044688647236,-0.318883652783912,0.9999999811921546,10,4,2026-02-18
JBL/FOX,JBL,FOX,no_reversal_protection,-1125.653980968579,-0.7612703354829424,-0.318883652783912,4.214256433185115e-07,6,4,2026-02-18
JBL/ULTA,JBL,ULTA,no_reversal_protection,468.7306118273091,0.4451123107549638,-0.318883652783912,0.999343426454065,2,4,2026-02-18
KEYS/NFLX,KEYS,NFLX,no_reversal_protection,2312.715000000001,1.0944174911066582,-0.318883652783912,0.9999999999997713,12,4,2026-02-18
KEYS/CPRT,KEYS,CPRT,no_reversal_protection,-423.9099999999978,-0.24440138557962737,-0.318883652783912,5.967436208100597e-16,16,4,2026-02-18
CVS/CTSH,CVS,CTSH,no_reversal_protection,-1464.585242032928,-0.6798866222187204,-0.318883652783912,4.2366353018656626e-15,14,4,2026-02-18
CVS/ADBE,CVS,ADBE,no_reversal_protection,-2458.809670341873,-0.882137936486374,-0.318883652783912,4.72290548118381e-16,24,4,2026-02-18
MGM/PTC,MGM,PTC,no_reversal_protection,-231.3199999999984,-0.27630922634134863,-0.318883652783912,6.328568391495258e-11,4,4,2026-02-18
AMAT/TRMB,AMAT,TRMB,vol_weighted_sizing,2529.977659795154,0.9516870378544672,-0.3668195863265556,0.9999999999998621,12,4,2026-02-18
AMAT/FISV,AMAT,FISV,vol_weighted_sizing,2853.33362112138,0.7410214821951592,-0.3668195863265556,1.0,26,4,2026-02-18
LRCX/FMC,LRCX,FMC,vol_weighted_sizing,4392.09441541599,1.0845052676167262,-0.3668195863265556,0.9999999999999999,20,4,2026-02-18
LRCX/BR,LRCX,BR,vol_weighted_sizing,2646.707380962083,0.7535583366209836,-0.3668195863265556,0.9999999998081176,16,4,2026-02-18
DVA/KLAC,DVA,KLAC,vol_weighted_sizing,3679.08166182035,0.918596764745287,-0.3668195863265556,0.9999880412217224,22,4,2026-02-18
DVA/INTU,DVA,INTU,vol_weighted_sizing,2825.581937441869,1.359774021604911,-0.3668195863265556,0.9999999820567673,10,4,2026-02-18
TER/EFX,TER,EFX,vol_weighted_sizing,2628.147185239466,0.46734569546013477,-0.3668195863265556,0.9999999826881313,20,4,2026-02-18
TER/FOXA,TER,FOXA,vol_weighted_sizing,2689.397509941247,0.8824257347389652,-0.3668195863265556,0.9999999189813763,10,4,2026-02-18
JBL/FOX,JBL,FOX,vol_weighted_sizing,-1130.937249576995,-0.7653682680494859,-0.3668195863265556,4.89061808971834e-07,6,4,2026-02-18
JBL/ULTA,JBL,ULTA,vol_weighted_sizing,713.180576788036,0.713471340941429,-0.3668195863265556,0.9991188439922807,2,4,2026-02-18
KEYS/NFLX,KEYS,NFLX,vol_weighted_sizing,2600.912000000002,1.252961028014866,-0.3668195863265556,0.999999999999485,12,4,2026-02-18
KEYS/CPRT,KEYS,CPRT,vol_weighted_sizing,-3.999999999997158,-0.002661600904275271,-0.3668195863265556,0.015860248488572003,16,4,2026-02-18
CVS/CTSH,CVS,CTSH,vol_weighted_sizing,-218.871782070363,-0.12651261341641132,-0.3668195863265556,1.0863671794378733e-05,14,4,2026-02-18
CVS/ADBE,CVS,ADBE,vol_weighted_sizing,-1842.890006217826,-0.6653776070933626,-0.3668195863265556,1.8095267425875912e-14,24,4,2026-02-18
MGM/PTC,MGM,PTC,vol_weighted_sizing,-78.39999999999986,-0.09660956879980862,-0.3668195863265556,1.2226814977718313e-05,4,4,2026-02-18
AMAT/TRMB,AMAT,TRMB,no_skip_month,5268.355210707948,0.9047135321378044,-0.5001328834818306,0.9999882527888567,16,4,2026-02-18
AMAT/FISV,AMAT,FISV,no_skip_month,443.1905239524344,0.08114680997375975,-0.5001328834818306,0.3938630429206399,28,4,2026-02-18
LRCX/FMC,LRCX,FMC,no_skip_month,4232.567593519658,1.047376048731157,-0.5001328834818306,0.9999999999999999,22,4,2026-02-18
LRCX/BR,LRCX,BR,no_skip_month,-285.8538439029785,-0.0455645947245382,-0.5001328834818306,0.00015110416575443423,18,4,2026-02-18
DVA/KLAC,DVA,KLAC,no_skip_month,2515.062111961654,0.6313400706634915,-0.5001328834818306,0.9998830736767776,24,4,2026-02-18
DVA/INTU,DVA,INTU,no_skip_month,1797.598761919956,0.9474785865096184,-0.5001328834818306,0.9999999444115503,12,4,2026-02-18
TER/EFX,TER,EFX,no_skip_month,3520.002124988569,0.6079523048644156,-0.5001328834818306,0.9999999986749599,24,4,2026-02-18
TER/FOXA,TER,FOXA,no_skip_month,2671.195134415087,0.8823800468119845,-0.5001328834818306,0.9999999342359823,10,4,2026-02-18
JBL/FOX,JBL,FOX,no_skip_month,-1051.719263599098,-0.593297620822725,-0.5001328834818306,8.178244830349196e-12,8,4,2026-02-18
JBL/ULTA,JBL,ULTA,no_skip_month,-3449.126887928924,-0.8119628005844773,-0.5001328834818306,9.63630697881737e-06,6,4,2026-02-18
KEYS/NFLX,KEYS,NFLX,no_skip_month,2384.832000000001,1.132158452988262,-0.5001328834818306,0.9999999999998105,14,4,2026-02-18
KEYS/CPRT,KEYS,CPRT,no_skip_month,-760.6899999999976,-0.4559987536832434,-0.5001328834818306,6.417993680425411e-25,20,4,2026-02-18
CVS/CTSH,CVS,CTSH,no_skip_month,2022.017530486143,0.8226543583003036,-0.5001328834818306,0.9999999999999909,16,4,2026-02-18
CVS/ADBE,CVS,ADBE,no_skip_month,-1583.706551869132,-0.5649175089479233,-0.5001328834818306,5.699835884209478e-16,24,4,2026-02-18
MGM/PTC,MGM,PTC,no_skip_month,1370.689999999995,0.5133836657646215,-0.5001328834818306,0.9999646360610799,8,4,2026-02-18
AMAT/TRMB,AMAT,TRMB,long_term_tilt,-1313.177997137317,-0.7489051920433734,-0.5369213991287743,1.5863219954364085e-11,8,4,2026-02-18
AMAT/FISV,AMAT,FISV,long_term_tilt,8616.562328662207,1.240157728407335,-0.5369213991287743,0.9986362949437878,16,4,2026-02-18
LRCX/FMC,LRCX,FMC,long_term_tilt,6740.717573085388,0.9876113017682789,-0.5369213991287743,0.9981898015540758,10,4,2026-02-18
LRCX/BR,LRCX,BR,long_term_tilt,1486.325695455569,0.38818501296745106,-0.5369213991287743,0.9999988908352805,12,4,2026-02-18
DVA/KLAC,DVA,KLAC,long_term_tilt,-70.81968859599556,-0.01744475057089129,-0.5369213991287743,0.004997230380172076,16,4,2026-02-18
DVA/INTU,DVA,INTU,long_term_tilt,-1821.436089247542,-1.0158029837178901,-0.5369213991287743,9.029295819124146e-05,8,4,2026-02-18
TER/EFX,TER,EFX,long_term_tilt,-2322.104022291353,-0.7794459176540574,-0.5369213991287743,6.637989250407673e-15,12,4,2026-02-18
TER/FOXA,TER,FOXA,long_term_tilt,-587.4991255865307,-0.3214335391752758,-0.5369213991287743,1.896526861455761e-12,4,4,2026-02-18
JBL/FOX,JBL,FOX,long_term_tilt,-626.8761126531674,-0.4512534679892242,-0.5369213991287743,8.716727021391928e-08,2,4,2026-02-18
JBL/ULTA,JBL,ULTA,long_term_tilt,-193.0807530788358,-0.19812612466309407,-0.5369213991287743,1.9901495617865018e-05,2,4,2026-02-18
KEYS/NFLX,KEYS,NFLX,long_term_tilt,5162.870000000005,1.8458162898165507,-0.5369213991287743,0.9999999997097533,12,4,2026-02-18
KEYS/CPRT,KEYS,CPRT,long_term_tilt,3647.300000000001,1.4359584580138394,-0.5369213991287743,0.9999999999999342,12,4,2026-02-18
CVS/CTSH,CVS,CTSH,long_term_tilt,-642.1178089465169,-0.30994632576727854,-0.5369213991287743,5.451086554079612e-13,8,4,2026-02-18
CVS/ADBE,CVS,ADBE,long_term_tilt,2618.210385086094,0.964980236992114,-0.5369213991287743,0.9999950516356051,12,4,2026-02-18
MGM/PTC,MGM,PTC,long_term_tilt,207.8999999999999,0.1291052649605862,-0.5369213991287743,0.7788292680611979,8,4,2026-02-18
AMAT/TRMB,AMAT,TRMB,slow_rebalance,575.5270595099178,0.23403024316546536,-0.637499620873262,0.9974196478641366,8,4,2026-02-18
AMAT/FISV,AMAT,FISV,slow_rebalance,491.7067443423166,0.07149386652710003,-0.637499620873262,0.33067077836328995,24,4,2026-02-18
LRCX/FMC,LRCX,FMC,slow_rebalance,5877.055780310248,0.8427012263012216,-0.637499620873262,0.9977278987200359,14,4,2026-02-18
LRCX/BR,LRCX,BR,slow_rebalance,3967.757967888986,1.077229897543971,-0.637499620873262,0.99999999999982,14,4,2026-02-18
DVA/KLAC,DVA,KLAC,slow_rebalance,4933.367114908423,1.1115304353615572,-0.637499620873262,0.9999997813406768,18,4,2026-02-18
DVA/INTU,DVA,INTU,slow_rebalance,-532.9045280930337,-0.33723933188070576,-0.637499620873262,1.782744440741918e-09,12,4,2026-02-18
TER/EFX,TER,EFX,slow_rebalance,-3399.666191308077,-1.4074848769909705,-0.637499620873262,2.1899590173866674e-14,14,4,2026-02-18
TER/FOXA,TER,FOXA,slow_rebalance,575.9256114510688,0.24508730874860626,-0.637499620873262,0.9935920384367598,8,4,2026-02-18
JBL/FOX,JBL,FOX,slow_rebalance,-857.2715330374579,-0.6132144087180935,-0.637499620873262,1.6054465278598088e-06,2,4,2026-02-18
JBL/ULTA,JBL,ULTA,slow_rebalance,-412.9445691796096,-0.3439706264954177,-0.637499620873262,3.9353380800089696e-06,4,4,2026-02-18
KEYS/NFLX,KEYS,NFLX,slow_rebalance,3246.824999999997,1.272884528441971,-0.637499620873262,1.0,12,4,2026-02-18
KEYS/CPRT,KEYS,CPRT,slow_rebalance,2183.979999999997,0.9192573099733792,-0.637499620873262,0.9999999999998618,18,4,2026-02-18
CVS/CTSH,CVS,CTSH,slow_rebalance,1617.702748843673,1.059750123531974,-0.637499620873262,0.9999999999987639,10,4,2026-02-18
CVS/ADBE,CVS,ADBE,slow_rebalance,321.1386425687797,0.15885794197442196,-0.637499620873262,0.8621472247140733,14,4,2026-02-18
MGM/PTC,MGM,PTC,slow_rebalance,203.3900000000016,0.7425781571490209,-0.637499620873262,0.97612792384059,2,4,2026-02-18
AMAT/TRMB,AMAT,TRMB,raw_momentum_kalman,1073.020079951598,0.42794541929124735,-0.7019141883031752,0.9999989166546123,10,4,2026-02-18
AMAT/FISV,AMAT,FISV,raw_momentum_kalman,3165.700820752761,0.8345664219701947,-0.7019141883031752,1.0,24,4,2026-02-18
LRCX/FMC,LRCX,FMC,raw_momentum_kalman,6880.998915219348,1.8127334117402443,-0.7019141883031752,0.9999999999999999,14,4,2026-02-18
LRCX/BR,LRCX,BR,raw_momentum_kalman,2342.855067130259,0.6683975493974265,-0.7019141883031752,0.9999999985276226,16,4,2026-02-18
DVA/KLAC,DVA,KLAC,raw_momentum_kalman,3793.067213120247,1.0354708218662294,-0.7019141883031752,0.999971567421736,18,4,2026-02-18
DVA/INTU,DVA,INTU,raw_momentum_kalman,1083.288735478536,0.7058460196193974,-0.7019141883031752,0.9999789874571359,10,4,2026-02-18
TER/EFX,TER,EFX,raw_momentum_kalman,664.2776477489846,0.14310777442803505,-0.7019141883031752,0.9096151177680973,14,4,2026-02-18
TER/FOXA,TER,FOXA,raw_momentum_kalman,2525.815394883639,0.8417067472705765,-0.7019141883031752,0.9999999352399667,10,4,2026-02-18
JBL/FOX,JBL,FOX,raw_momentum_kalman,0.0,-0.7019141883031752,-0.7019141883031752,3.380261639560372e-53,0,4,2026-02-18
JBL/ULTA,JBL,ULTA,raw_momentum_kalman,710.1234963660003,0.7090487665568542,-0.7019141883031752,0.999136099619082,2,4,2026-02-18
KEYS/NFLX,KEYS,NFLX,raw_momentum_kalman,1888.903999999997,0.9665018093515775,-0.7019141883031752,0.9999999999996952,10,4,2026-02-18
KEYS/CPRT,KEYS,CPRT,raw_momentum_kalman,-588.7000000000027,-0.4261113157116489,-0.7019141883031752,5.187903700611916e-19,12,4,2026-02-18
CVS/CTSH,CVS,CTSH,raw_momentum_kalman,-1938.420072449984,-1.0538515848156678,-0.7019141883031752,1.5386239570308777e-12,14,4,2026-02-18
CVS/ADBE,CVS,ADBE,raw_momentum_kalman,-1710.622053230323,-0.6976262865271244,-0.7019141883031752,3.611509391443645e-10,14,4,2026-02-18
MGM/PTC,MGM,PTC,raw_momentum_kalman,-169.9199999999995,-0.3440778478055388,-0.7019141883031752,1.9909003723855258e-05,2,4,2026-02-18
AMAT/TRMB,AMAT,TRMB,raw_momentum,1047.447516314452,0.5030624928586455,-0.7083605609366586,0.9999982816609931,10,4,2026-02-18
AMAT/FISV,AMAT,FISV,raw_momentum,3894.709879623578,1.0554747393049462,-0.7083605609366586,1.0,22,4,2026-02-18
LRCX/FMC,LRCX,FMC,raw_momentum,6202.518272860039,1.591868935986,-0.7083605609366586,0.9999999999999998,16,4,2026-02-18
LRCX/BR,LRCX,BR,raw_momentum,1089.18077528053,0.33548275427164886,-0.7083605609366586,0.9997342413553559,16,4,2026-02-18
DVA/KLAC,DVA,KLAC,raw_momentum,2668.332659778789,0.705204450214129,-0.7083605609366586,0.9999169143147564,20,4,2026-02-18
DVA/INTU,DVA,INTU,raw_momentum,2693.358735478537,1.3071152453631738,-0.7083605609366586,0.9999999763077415,10,4,2026-02-18
TER/EFX,TER,EFX,raw_momentum,523.6054844611581,0.11312257344623602,-0.7083605609366586,0.6750900779132382,16,4,2026-02-18
TER/FOXA,TER,FOXA,raw_momentum,2695.223702610671,0.8820783194390804,-0.7083605609366586,0.9999999277847166,10,4,2026-02-18
JBL/FOX,JBL,FOX,raw_momentum,0.0,-0.7083605609366586,-0.7083605609366586,7.766436275379692e-54,0,4,2026-02-18
JBL/ULTA,JBL,ULTA,raw_momentum,713.180576788036,0.713471340941429,-0.7083605609366586,0.9991188439922807,2,4,2026-02-18
KEYS/NFLX,KEYS,NFLX,raw_momentum,1951.711999999995,0.9935125860965164,-0.7083605609366586,0.999999999999855,10,4,2026-02-18
KEYS/CPRT,KEYS,CPRT,raw_momentum,-583.0900000000007,-0.42884684534350676,-0.7083605609366586,4.0858852492815927e-19,12,4,2026-02-18
CVS/CTSH,CVS,CTSH,raw_momentum,-1160.021219093936,-0.6300780246441392,-0.7083605609366586,1.7448535259391096e-13,10,4,2026-02-18
CVS/ADBE,CVS,ADBE,raw_momentum,-1697.132577692639,-0.6959583080854842,-0.7083605609366586,2.8290336261311076e-10,14,4,2026-02-18
MGM/PTC,MGM,PTC,raw_momentum,-166.2399999999995,-0.3328655233928945,-0.7083605609366586,1.9260165452264728e-05,2,4,2026-02-18
AMAT/TRMB,AMAT,TRMB,long_term_kalman,-1391.874041045871,-0.7861286489811946,-0.8736874043137668,2.2284660023018525e-11,8,4,2026-02-18
AMAT/FISV,AMAT,FISV,long_term_kalman,5619.651152063635,0.7897119006608693,-0.8736874043137668,0.9994777689637572,16,4,2026-02-18
LRCX/FMC,LRCX,FMC,long_term_kalman,3916.127798769007,0.6730460520159485,-0.8736874043137668,0.9998499101394012,12,4,2026-02-18
LRCX/BR,LRCX,BR,long_term_kalman,2500.916720245519,0.5861188089754163,-0.8736874043137668,0.9999999926495488,12,4,2026-02-18
DVA/KLAC,DVA,KLAC,long_term_kalman,-66.03717259193343,-0.016301599061319026,-0.8736874043137668,0.005495415144027946,16,4,2026-02-18
DVA/INTU,DVA,INTU,long_term_kalman,-1842.746089247544,-1.0132129252828372,-0.8736874043137668,0.00010072389057518767,8,4,2026-02-18
TER/EFX,TER,EFX,long_term_kalman,-2356.979643965243,-0.7963865757556952,-0.8736874043137668,1.1277166423548732e-15,12,4,2026-02-18
TER/FOXA,TER,FOXA,long_term_kalman,-640.4837991814039,-0.36772291650963257,-0.8736874043137668,1.1787693300159665e-12,4,4,2026-02-18
JBL/FOX,JBL,FOX,long_term_kalman,-626.8761126531674,-0.4512534679892242,-0.8736874043137668,8.716727021391928e-08,2,4,2026-02-18
JBL/ULTA,JBL,ULTA,long_term_kalman,-198.3894030104173,-0.20474064656015314,-0.8736874043137668,1.8889868099693585e-05,2,4,2026-02-18
KEYS/NFLX,KEYS,NFLX,long_term_kalman,5123.208000000001,1.8340339207022254,-0.8736874043137668,0.9999999994703468,12,4,2026-02-18
KEYS/CPRT,KEYS,CPRT,long_term_kalman,4792.87,1.842882944041904,-0.8736874043137668,0.9999999999998936,10,4,2026-02-18
CVS/CTSH,CVS,CTSH,long_term_kalman,-1837.770764914069,-0.7754285598036375,-0.8736874043137668,7.192833309108741e-11,8,4,2026-02-18
CVS/ADBE,CVS,ADBE,long_term_kalman,1748.249153546278,0.6363073480489756,-0.8736874043137668,0.999995871234913,12,4,2026-02-18
MGM/PTC,MGM,PTC,long_term_kalman,39.51000000000113,0.019510533180788152,-0.8736874043137668,0.043838672933376684,8,4,2026-02-18
AMAT/TRMB,AMAT,TRMB,beta_neutral_long_term,-1912.359923094629,-0.6825046233591632,-0.9020668603432104,1.9205054431341054e-14,8,4,2026-02-18
AMAT/FISV,AMAT,FISV,beta_neutral_long_term,5254.974533964631,0.6920324682558762,-0.9020668603432104,0.9994623219255142,18,4,2026-02-18
LRCX/FMC,LRCX,FMC,beta_neutral_long_term,-1107.573630587729,-0.20174133701313954,-0.9020668603432104,2.8510327462650933e-10,12,4,2026-02-18
LRCX/BR,LRCX,BR,beta_neutral_long_term,516.1428746697723,0.1390231697390169,-0.9020668603432104,0.7956530012708208,12,4,2026-02-18
DVA/KLAC,DVA,KLAC,beta_neutral_long_term,-1371.31774549124,-0.4978219789900594,-0.9020668603432104,4.132095821387706e-12,16,4,2026-02-18
DVA/INTU,DVA,INTU,beta_neutral_long_term,-1451.559309057906,-0.7082299282376722,-0.9020668603432104,0.0004146637795616493,8,4,2026-02-18
TER/EFX,TER,EFX,beta_neutral_long_term,-2273.987248541521,-0.7855874191416073,-0.9020668603432104,1.4791152271141921e-15,12,4,2026-02-18
TER/FOXA,TER,FOXA,beta_neutral_long_term,90.31830567112388,0.02686636479605395,-0.9020668603432104,0.0706669934426029,4,4,2026-02-18
JBL/FOX,JBL,FOX,beta_neutral_long_term,511.9835174974703,0.1473843935817678,-0.9020668603432104,0.770135232701577,2,4,2026-02-18
JBL/ULTA,JBL,ULTA,beta_neutral_long_term,307.126044731769,0.3924844322502966,-0.9020668603432104,0.996103095311563,2,4,2026-02-18
KEYS/NFLX,KEYS,NFLX,beta_neutral_long_term,6272.365000000003,1.4516316328051337,-0.9020668603432104,0.9999999788314359,12,4,2026-02-18
KEYS/CPRT,KEYS,CPRT,beta_neutral_long_term,3620.269999999997,0.9674663747216856,-0.9020668603432104,0.9999998696081291,12,4,2026-02-18
CVS/CTSH,CVS,CTSH,beta_neutral_long_term,-73.99899764654583,-0.030775463039111786,-0.9020668603432104,0.001306711293521477,8,4,2026-02-18
CVS/ADBE,CVS,ADBE,beta_neutral_long_term,2633.918417599587,0.9097356695120966,-0.9020668603432104,0.9999209472420313,12,4,2026-02-18
MGM/PTC,MGM,PTC,beta_neutral_long_term,805.55,0.5015692359948233,-0.9020668603432104,0.9999996432797533,8,4,2026-02-18
AMAT/TRMB,AMAT,TRMB,sensitive_reversal,858.2433099961137,0.3926917671952361,-0.9483819935235472,0.999999779478678,12,4,2026-02-18
AMAT/FISV,AMAT,FISV,sensitive_reversal,2257.821339389471,0.5795908532570074,-0.9483819935235472,0.9999981033591753,28,4,2026-02-18
LRCX/FMC,LRCX,FMC,sensitive_reversal,4243.923731311159,1.2202807565635245,-0.9483819935235472,0.9999999999980342,20,4,2026-02-18
LRCX/BR,LRCX,BR,sensitive_reversal,859.7503921175079,0.30028134564958586,-0.9483819935235472,0.9979844348197126,18,4,2026-02-18
DVA/KLAC,DVA,KLAC,sensitive_reversal,1490.08254805847,0.39009312725299716,-0.9483819935235472,0.9960602045936662,26,4,2026-02-18
DVA/INTU,DVA,INTU,sensitive_reversal,2615.98242278217,1.0324030332359395,-0.9483819935235472,0.9999757297185471,16,4,2026-02-18
TER/EFX,TER,EFX,sensitive_reversal,1208.007310794066,0.2885865717647927,-0.9483819935235472,0.9994410340388271,22,4,2026-02-18
TER/FOXA,TER,FOXA,sensitive_reversal,2342.858439730652,1.2047389817387515,-0.9483819935235472,0.9999999929783453,10,4,2026-02-18
JBL/FOX,JBL,FOX,sensitive_reversal,0.0,-0.9483819935235472,-0.9483819935235472,2.8253662433981018e-77,0,4,2026-02-18
JBL/ULTA,JBL,ULTA,sensitive_reversal,537.3432649351882,0.4946029945276627,-0.9483819935235472,0.9985441417739174,4,4,2026-02-18
KEYS/NFLX,KEYS,NFLX,sensitive_reversal,2607.009000000004,1.2940864337853846,-0.9483819935235472,0.9999999999885255,18,4,2026-02-18
KEYS/CPRT,KEYS,CPRT,sensitive_reversal,-680.9799999999982,-0.5543226900238243,-0.9483819935235472,5.894162345847858e-18,22,4,2026-02-18
CVS/CTSH,CVS,CTSH,sensitive_reversal,1050.409346717157,0.5956291600042051,-0.9483819935235472,0.9999999931195448,16,4,2026-02-18
CVS/ADBE,CVS,ADBE,sensitive_reversal,-2457.686177506183,-1.008203340290722,-0.9483819935235472,3.777031522965284e-09,24,4,2026-02-18
MGM/PTC,MGM,PTC,sensitive_reversal,-308.2699999999998,-0.9833856085726299,-0.9483819935235472,0.0018396010349291598,4,4,2026-02-18
AMAT/TRMB,AMAT,TRMB,fast_strict,2087.478246437961,1.001310297528382,-0.9730639641225104,0.9999999999999767,18,4,2026-02-18
AMAT/FISV,AMAT,FISV,fast_strict,2004.876828702458,0.7597558814476955,-0.9730639641225104,0.9999999999999929,24,4,2026-02-18
LRCX/FMC,LRCX,FMC,fast_strict,388.3848369342513,0.13334069481274208,-0.9730639641225104,0.7664776933165902,26,4,2026-02-18
LRCX/BR,LRCX,BR,fast_strict,2287.689152422956,0.7963205508900915,-0.9730639641225104,0.999999999998606,24,4,2026-02-18
DVA/KLAC,DVA,KLAC,fast_strict,787.0388513244864,0.26153719259689345,-0.9730639641225104,0.981524443814573,28,4,2026-02-18
DVA/INTU,DVA,INTU,fast_strict,1339.0857803559,0.7563566563067904,-0.9730639641225104,0.9999999938034729,18,4,2026-02-18
TER/EFX,TER,EFX,fast_strict,2605.877017453583,0.7840650598453368,-0.9730639641225104,0.999999884812467,24,4,2026-02-18
TER/FOXA,TER,FOXA,fast_strict,3109.559230832131,1.4893975763631262,-0.9730639641225104,0.9999999924871582,10,4,2026-02-18
JBL/FOX,JBL,FOX,fast_strict,-114.4050665790668,-0.18207124075661038,-0.9730639641225104,2.4609878397465348e-05,8,4,2026-02-18
JBL/ULTA,JBL,ULTA,fast_strict,-47.60918288934397,-0.035469162269770295,-0.9730639641225104,0.0014878953031771565,10,4,2026-02-18
KEYS/NFLX,KEYS,NFLX,fast_strict,-823.3979999999971,-0.24930648468444713,-0.9730639641225104,3.2265299917601963e-16,26,4,2026-02-18
KEYS/CPRT,KEYS,CPRT,fast_strict,1200.029999999999,0.7347007235013311,-0.9730639641225104,0.9999999999975818,28,4,2026-02-18
CVS/CTSH,CVS,CTSH,fast_strict,241.1335082078092,0.17057398757810607,-0.9730639641225104,0.941756212921157,22,4,2026-02-18
CVS/ADBE,CVS,ADBE,fast_strict,1795.182074653257,0.7974212495333585,-0.9730639641225104,0.9999998575566208,24,4,2026-02-18
MGM/PTC,MGM,PTC,fast_strict,551.9099999999992,1.0004552354056844,-0.9730639641225104,0.9999948350428846,6,4,2026-02-18
AMAT/TRMB,AMAT,TRMB,crash_defensive,1242.286195600503,0.9404559933461686,-2.1307761525175035,0.9999999999998169,12,4,2026-02-18
AMAT/FISV,AMAT,FISV,crash_defensive,1323.51597234516,0.6958486302107736,-2.1307761525175035,1.0,26,4,2026-02-18
LRCX/FMC,LRCX,FMC,crash_defensive,2190.282602546568,1.0890241329708716,-2.1307761525175035,0.9999999999999999,20,4,2026-02-18
LRCX/BR,LRCX,BR,crash_defensive,1294.006344161003,0.7473086213766306,-2.1307761525175035,0.9999999997219601,16,4,2026-02-18
DVA/KLAC,DVA,KLAC,crash_defensive,1828.630006259841,0.928600852238919,-2.1307761525175035,0.999992291293367,22,4,2026-02-18
DVA/INTU,DVA,INTU,crash_defensive,1343.544246683144,1.3613125257466931,-2.1307761525175035,0.9999999861035921,10,4,2026-02-18
TER/EFX,TER,EFX,crash_defensive,1228.436159908575,0.44738740069093974,-2.1307761525175035,0.9999999840719359,20,4,2026-02-18
TER/FOXA,TER,FOXA,crash_defensive,1333.109195660934,0.8835442691344922,-2.1307761525175035,0.9999999297575209,10,4,2026-02-18
JBL/FOX,JBL,FOX,crash_defensive,-561.95199048429,-0.7604495835447802,-2.1307761525175035,4.2752247140091025e-07,6,4,2026-02-18
JBL/ULTA,JBL,ULTA,crash_defensive,358.1188286050358,0.7178781167380446,-2.1307761525175035,0.9991010404510948,2,4,2026-02-18
KEYS/NFLX,KEYS,NFLX,crash_defensive,1305.351999999999,1.2667411228586591,-2.1307761525175035,0.9999999999995344,12,4,2026-02-18
KEYS/CPRT,KEYS,CPRT,crash_defensive,3.640000000000555,0.004862247808624214,-2.1307761525175035,0.02443930872798289,16,4,2026-02-18
CVS/CTSH,CVS,CTSH,crash_defensive,-108.8625476304884,-0.12608912999684746,-2.1307761525175035,1.0665830635337026e-05,14,4,2026-02-18
CVS/ADBE,CVS,ADBE,crash_defensive,-902.6085942191155,-0.6598205757063691,-2.1307761525175035,1.5352957935448165e-14,24,4,2026-02-18
MGM/PTC,MGM,PTC,crash_defensive,-41.95999999999989,-0.10498792865523322,-2.1307761525175035,5.749789659900619e-06,4,4,2026-02-18
AMAT/TRMB,AMAT,TRMB,vol_sized_conservative,583.3109399714772,0.6707991403299566,-3.2929706589724828,0.9999999992732141,10,4,2026-02-18
AMAT/FISV,AMAT,FISV,vol_sized_conservative,1162.006481496129,0.8407056430805234,-3.2929706589724828,1.0,24,4,2026-02-18
LRCX/FMC,LRCX,FMC,vol_sized_conservative,3311.062164367248,1.2903718024832191,-3.2929706589724828,0.9968409310711546,18,4,2026-02-18
LRCX/BR,LRCX,BR,vol_sized_conservative,1307.950376170138,1.067647770166873,-3.2929706589724828,0.9999999999999992,14,4,2026-02-18
DVA/KLAC,DVA,KLAC,vol_sized_conservative,20.63243769596919,0.015101341658826976,-3.2929706589724828,0.045338108161859014,22,4,2026-02-18
DVA/INTU,DVA,INTU,vol_sized_conservative,666.3813765341442,0.9417926931261102,-3.2929706589724828,0.9999998935633148,12,4,2026-02-18
TER/EFX,TER,EFX,vol_sized_conservative,957.7496096268212,0.4873533114502763,-3.2929706589724828,0.9999997712686558,16,4,2026-02-18
TER/FOXA,TER,FOXA,vol_sized_conservative,459.847811271729,0.5221959472725467,-3.2929706589724828,0.9999996127072841,10,4,2026-02-18
JBL/FOX,JBL,FOX,vol_sized_conservative,0.0,-3.2929706589724828,-3.2929706589724828,3.2080906798763033e-180,0,4,2026-02-18
JBL/ULTA,JBL,ULTA,vol_sized_conservative,61.94363769468828,0.14756805602218281,-3.2929706589724828,0.842190951199202,4,4,2026-02-18
KEYS/NFLX,KEYS,NFLX,vol_sized_conservative,858.369,1.1001217763455182,-3.2929706589724828,0.9999999999996435,14,4,2026-02-18
KEYS/CPRT,KEYS,CPRT,vol_sized_conservative,0.7200000000006526,0.0012129384606548717,-3.2929706589724828,0.019889251499643688,16,4,2026-02-18
CVS/CTSH,CVS,CTSH,vol_sized_conservative,-16.85141266872643,-0.027029064981811856,-3.2929706589724828,0.004383498088672143,12,4,2026-02-18
CVS/ADBE,CVS,ADBE,vol_sized_conservative,-566.5013395936428,-0.5872477142457958,-3.2929706589724828,7.754367377707995e-13,22,4,2026-02-18
MGM/PTC,MGM,PTC,vol_sized_conservative,-25.5000000000006,-0.2125191607816757,-3.2929706589724828,2.0967757927328408e-07,2,4,2026-02-18
AMAT/TRMB,AMAT,TRMB,conservative,15.14550153420635,0.020829949462766336,-3.910156967566036,0.04766786908778699,14,4,2026-02-18
AMAT/FISV,AMAT,FISV,conservative,1292.985423736909,1.0240959014673838,-3.910156967566036,1.0,26,4,2026-02-18
LRCX/FMC,LRCX,FMC,conservative,3044.753058858374,1.2359129819825607,-3.910156967566036,0.9947010370086755,22,4,2026-02-18
LRCX/BR,LRCX,BR,conservative,456.8395503746287,0.4936060017850317,-3.910156967566036,0.9999263747751777,18,4,2026-02-18
DVA/KLAC,DVA,KLAC,conservative,747.5437649882597,0.7033461525179472,-3.910156967566036,0.9999999958826954,22,4,2026-02-18
DVA/INTU,DVA,INTU,conservative,822.0619530842723,0.8876870770200629,-3.910156967566036,0.9999695239802336,12,4,2026-02-18
TER/EFX,TER,EFX,conservative,1340.286380866371,0.6870781854078423,-3.910156967566036,0.9999995684269818,22,4,2026-02-18
TER/FOXA,TER,FOXA,conservative,737.8031448851875,1.0339410132345002,-3.910156967566036,0.9999999709504822,10,4,2026-02-18
JBL/FOX,JBL,FOX,conservative,-165.5186153940457,-0.3449766198640032,-3.910156967566036,3.1290072190195596e-07,6,4,2026-02-18
JBL/ULTA,JBL,ULTA,conservative,401.3769694350165,1.2271029540300584,-3.910156967566036,0.9966502314194169,2,4,2026-02-18
KEYS/NFLX,KEYS,NFLX,conservative,800.2850000000001,1.0879744296448643,-3.910156967566036,0.9999999999639857,12,4,2026-02-18
KEYS/CPRT,KEYS,CPRT,conservative,-70.85999999999854,-0.14338328782682863,-3.910156967566036,9.186707282959476e-09,18,4,2026-02-18
CVS/CTSH,CVS,CTSH,conservative,-179.5693086349352,-0.2958720710639174,-3.910156967566036,2.3157840111782577e-08,14,4,2026-02-18
CVS/ADBE,CVS,ADBE,conservative,-838.7306297816547,-0.8959147324395786,-3.910156967566036,2.2125331080803368e-10,26,4,2026-02-18
MGM/PTC,MGM,PTC,conservative,-83.86999999999942,-0.2859002941231421,-3.910156967566036,4.1116986816385997e-10,4,4,2026-02-18
AMAT/TRMB,AMAT,TRMB,aggressive,10724.51159845031,1.0463088881810911,1.2800509047027573,1.0,48,5,2026-03-27
AMAT/FISV,AMAT,FISV,aggressive,22073.15197731916,1.1551251816464836,1.2800509047027573,0.99992560333875,48,5,2026-03-27
LRCX/FMC,LRCX,FMC,aggressive,23774.49412001257,1.0908632081919987,1.2800509047027573,0.9999993960400134,48,5,2026-03-27
LRCX/BR,LRCX,BR,aggressive,14409.46813144124,1.1499290438293872,1.2800509047027573,1.0,52,5,2026-03-27
DVA/KLAC,DVA,KLAC,aggressive,6877.700586673325,0.4258588779067171,1.2800509047027573,0.9996766309585485,46,5,2026-03-27
DVA/INTU,DVA,INTU,aggressive,6614.946819641998,0.5908877501345462,1.2800509047027573,0.9999999999692386,42,5,2026-03-27
TER/EFX,TER,EFX,aggressive,7374.067721091306,0.49692628898022817,1.2800509047027573,0.999999999999983,44,5,2026-03-27
TER/FOXA,TER,FOXA,aggressive,12796.45376863659,0.8288153111411535,1.2800509047027573,0.9999999999999244,52,5,2026-03-27
JBL/FOX,JBL,FOX,aggressive,-9262.933772998604,-0.7880028027638737,1.2800509047027573,3.805009061367953e-28,48,5,2026-03-27
JBL/ULTA,JBL,ULTA,aggressive,3426.796056624768,0.28220253206147144,1.2800509047027573,0.9998373414467194,48,5,2026-03-27
KEYS/NFLX,KEYS,NFLX,aggressive,12364.56200000004,0.9121797224608768,1.2800509047027573,0.9999999999527635,46,5,2026-03-27
KEYS/CPRT,KEYS,CPRT,aggressive,13732.67999999997,1.2280022151023482,1.2800509047027573,0.9999949586493065,46,5,2026-03-27
CVS/CTSH,CVS,CTSH,aggressive,-5684.79625775506,-0.6108778100340767,1.2800509047027573,2.286976447702121e-26,44,5,2026-03-27
CVS/ADBE,CVS,ADBE,aggressive,14488.66349620632,1.1618692590025441,1.2800509047027573,1.0,48,5,2026-03-27
MGM/PTC,MGM,PTC,aggressive,7187.77000000002,0.7643127587110775,1.2800509047027573,1.0,42,5,2026-03-27
AMAT/TRMB,AMAT,TRMB,kalman_aggressive,8630.524003767217,1.0432596542461794,0.9683811614377476,1.0,52,5,2026-03-27
AMAT/FISV,AMAT,FISV,kalman_aggressive,18462.91171906946,1.2141682155887354,0.9683811614377476,0.9999188645196715,50,5,2026-03-27
LRCX/FMC,LRCX,FMC,kalman_aggressive,16373.18868357109,1.0392308436431905,0.9683811614377476,0.999996326313773,50,5,2026-03-27
LRCX/BR,LRCX,BR,kalman_aggressive,8596.141634954609,0.7405258647006908,0.9683811614377476,1.0,54,5,2026-03-27
DVA/KLAC,DVA,KLAC,kalman_aggressive,-45.09953109799881,-0.0033310489806745052,0.9683811614377476,0.01471021199525311,46,5,2026-03-27
DVA/INTU,DVA,INTU,kalman_aggressive,5576.733588642034,0.5965927374781091,0.9683811614377476,0.9999999999968028,44,5,2026-03-27
TER/EFX,TER,EFX,kalman_aggressive,11919.71559672137,0.837770340527115,0.9683811614377476,0.9999999999999986,46,5,2026-03-27
TER/FOXA,TER,FOXA,kalman_aggressive,9029.593915834865,0.7415834579225643,0.9683811614377476,0.9999999999804591,58,5,2026-03-27
JBL/FOX,JBL,FOX,kalman_aggressive,1938.582613855067,0.21220439497921945,0.9683811614377476,0.9922057800007427,52,5,2026-03-27
JBL/ULTA,JBL,ULTA,kalman_aggressive,-5237.316286528691,-0.5953141572546644,0.9683811614377476,3.682635420204946e-30,46,5,2026-03-27
KEYS/NFLX,KEYS,NFLX,kalman_aggressive,-512.6239999999716,-0.04526814137638019,0.9683811614377476,0.0015998615671083461,50,5,2026-03-27
KEYS/CPRT,KEYS,CPRT,kalman_aggressive,16445.96999999999,1.7150438018401328,0.9683811614377476,0.9999960439222125,46,5,2026-03-27
CVS/CTSH,CVS,CTSH,kalman_aggressive,-4038.131401072919,-0.5295967849616087,0.9683811614377476,8.402556717791864e-24,46,5,2026-03-27
CVS/ADBE,CVS,ADBE,kalman_aggressive,5791.371104516349,0.6513723178684884,0.9683811614377476,0.9999999999702818,52,5,2026-03-27
MGM/PTC,MGM,PTC,kalman_aggressive,5854.980000000005,0.7748302721525888,0.9683811614377476,1.0,42,5,2026-03-27
AMAT/TRMB,AMAT,TRMB,crash_tolerant,5378.482893048744,0.8586851824984706,0.5767602806146767,0.9999999999997605,14,5,2026-03-27
AMAT/FISV,AMAT,FISV,crash_tolerant,7939.649976596997,0.927605257246386,0.5767602806146767,1.0,28,5,2026-03-27
LRCX/FMC,LRCX,FMC,crash_tolerant,8865.598522855731,1.0557982290600056,0.5767602806146767,0.9999999999999999,20,5,2026-03-27
LRCX/BR,LRCX,BR,crash_tolerant,4681.551984513132,0.5578621462424738,0.5767602806146767,0.9999999984624856,18,5,2026-03-27
DVA/KLAC,DVA,KLAC,crash_tolerant,7411.717183976167,0.8845628826785862,0.5767602806146767,0.9999847361355884,22,5,2026-03-27
DVA/INTU,DVA,INTU,crash_tolerant,5865.042170283738,1.1411202004981005,0.5767602806146767,0.9999999999470751,12,5,2026-03-27
TER/EFX,TER,EFX,crash_tolerant,1448.433130306693,0.11778486884397063,0.5767602806146767,0.7468792275784999,24,5,2026-03-27
TER/FOXA,TER,FOXA,crash_tolerant,6902.77840911456,0.9909571733400577,0.5767602806146767,0.9999999988509437,12,5,2026-03-27
JBL/FOX,JBL,FOX,crash_tolerant,-2422.10574851329,-0.4648263228678476,0.5767602806146767,1.8576446834289306e-13,8,5,2026-03-27
JBL/ULTA,JBL,ULTA,crash_tolerant,1463.364073154036,0.6964299060829887,0.5767602806146767,0.9991072926154165,2,5,2026-03-27
KEYS/NFLX,KEYS,NFLX,crash_tolerant,5743.580000000005,0.6787460070944061,0.5767602806146767,0.9999116767393713,12,5,2026-03-27
KEYS/CPRT,KEYS,CPRT,crash_tolerant,7221.560000000009,0.9354375584482004,0.5767602806146767,0.9992096933425471,20,5,2026-03-27
CVS/CTSH,CVS,CTSH,crash_tolerant,-446.9016971779224,-0.1249250958018932,0.5767602806146767,9.276399814031841e-06,14,5,2026-03-27
CVS/ADBE,CVS,ADBE,crash_tolerant,-3850.420076249896,-0.666054172057074,0.5767602806146767,2.4768480105081035e-14,24,5,2026-03-27
MGM/PTC,MGM,PTC,crash_tolerant,1745.550000000001,0.5961480209798402,0.5767602806146767,0.9999999308877332,6,5,2026-03-27
AMAT/TRMB,AMAT,TRMB,beta_neutral,4144.567156359738,0.9413779377452175,0.4809595218987445,0.9999999210743594,12,5,2026-03-27
AMAT/FISV,AMAT,FISV,beta_neutral,5846.653077632333,1.0352933135049354,0.4809595218987445,0.9999999999731314,26,5,2026-03-27
LRCX/FMC,LRCX,FMC,beta_neutral,11354.18020680828,1.6203193439697978,0.4809595218987445,1.0,17,5,2026-03-27
LRCX/BR,LRCX,BR,beta_neutral,2357.314986433816,0.5666454833737506,0.4809595218987445,0.9999999990176515,18,5,2026-03-27
DVA/KLAC,DVA,KLAC,beta_neutral,3618.359118583117,0.9802525315622594,0.4809595218987445,0.9999999994733298,21,5,2026-03-27
DVA/INTU,DVA,INTU,beta_neutral,1891.216273763305,0.7723050686585105,0.4809595218987445,0.9999999979328561,14,5,2026-03-27
TER/EFX,TER,EFX,beta_neutral,2075.731669162534,0.2972098934391006,0.4809595218987445,0.9999977292778065,20,5,2026-03-27
TER/FOXA,TER,FOXA,beta_neutral,4088.156861802044,0.9783162825719035,0.4809595218987445,0.9999999986605307,12,5,2026-03-27
JBL/FOX,JBL,FOX,beta_neutral,-90.38010309278297,-0.036602101411427154,0.4809595218987445,0.0021396252215886637,4,5,2026-03-27
JBL/ULTA,JBL,ULTA,beta_neutral,167.3532189787836,0.15043969940269192,0.4809595218987445,0.8417712625302587,4,5,2026-03-27
KEYS/NFLX,KEYS,NFLX,beta_neutral,2446.671999999998,0.5624779909735879,0.4809595218987445,0.999947635086354,14,5,2026-03-27
KEYS/CPRT,KEYS,CPRT,beta_neutral,6664.689999999997,0.9395125760573576,0.4809595218987445,0.9978578060482002,22,5,2026-03-27
CVS/CTSH,CVS,CTSH,beta_neutral,1678.627665819708,1.0023623139310038,0.4809595218987445,0.9999999999934942,12,5,2026-03-27
CVS/ADBE,CVS,ADBE,beta_neutral,-2075.016149513222,-0.5836898968980309,0.4809595218987445,2.282288378006048e-11,22,5,2026-03-27
MGM/PTC,MGM,PTC,beta_neutral,1305.49,1.0982383092351848,0.4809595218987445,0.9999969639351409,4,5,2026-03-27
AMAT/TRMB,AMAT,TRMB,trend_leverage,3964.805462676358,0.8548269009898426,0.3672268906571956,0.9999999999997756,14,5,2026-03-27
AMAT/FISV,AMAT,FISV,trend_leverage,5229.401923095402,0.8154410916991854,0.3672268906571956,1.0,28,5,2026-03-27
LRCX/FMC,LRCX,FMC,trend_leverage,6645.018177499349,1.0582792306841686,0.3672268906571956,0.9999999999999999,20,5,2026-03-27
LRCX/BR,LRCX,BR,trend_leverage,5847.150374689499,0.8532321840458738,0.3672268906571956,0.9999999999999934,18,5,2026-03-27
DVA/KLAC,DVA,KLAC,trend_leverage,5546.750519083108,0.8901036765875459,0.3672268906571956,0.9999869078356098,22,5,2026-03-27
DVA/INTU,DVA,INTU,trend_leverage,5133.883312612695,1.3071676135985633,0.3672268906571956,0.9999999999942004,12,5,2026-03-27
TER/EFX,TER,EFX,trend_leverage,1100.533455522003,0.12046168164148446,0.3672268906571956,0.7721735397023569,24,5,2026-03-27
TER/FOXA,TER,FOXA,trend_leverage,5163.414801434375,0.9928177816466659,0.3672268906571956,0.9999999988955749,12,5,2026-03-27
JBL/FOX,JBL,FOX,trend_leverage,-2217.853544925561,-0.57216473773837,0.3672268906571956,1.3683450291098336e-13,8,5,2026-03-27
JBL/ULTA,JBL,ULTA,trend_leverage,1108.302324971036,0.6988263779785338,0.3672268906571956,0.9990971568843421,2,5,2026-03-27
KEYS/NFLX,KEYS,NFLX,trend_leverage,4260.602000000003,0.6792903779727065,0.3672268906571956,0.9999131857622573,12,5,2026-03-27
KEYS/CPRT,KEYS,CPRT,trend_leverage,5125.370000000002,0.8831128623776435,0.3672268906571956,0.9993852325147455,22,5,2026-03-27
CVS/CTSH,CVS,CTSH,trend_leverage,-328.6764830110972,-0.12262685382579687,0.3672268906571956,1.0800338133318545e-05,14,5,2026-03-27
CVS/ADBE,CVS,ADBE,trend_leverage,-2874.123453489686,-0.6668176857714325,0.3672268906571956,1.6793691776836773e-14,24,5,2026-03-27
MGM/PTC,MGM,PTC,trend_leverage,1290.75,0.5955247929608879,0.3672268906571956,0.9999999323169593,6,5,2026-03-27
AMAT/TRMB,AMAT,TRMB,monthly_aligned_windows,2439.868555852406,0.5465680509857753,0.2733708849095358,0.9999999999999879,34,5,2026-03-27
AMAT/FISV,AMAT,FISV,monthly_aligned_windows,5124.068474343086,0.8268905573909171,0.2733708849095358,0.999999999998955,34,5,2026-03-27
LRCX/FMC,LRCX,FMC,monthly_aligned_windows,11295.92632149528,1.0996395809060604,0.2733708849095358,0.9999981043115473,34,5,2026-03-27
LRCX/BR,LRCX,BR,monthly_aligned_windows,4244.279041702695,0.6574657896581365,0.2733708849095358,0.9999994577424847,34,5,2026-03-27
DVA/KLAC,DVA,KLAC,monthly_aligned_windows,-4307.377593773826,-0.5101709687237093,0.2733708849095358,6.106968482476543e-08,34,5,2026-03-27
DVA/INTU,DVA,INTU,monthly_aligned_windows,1943.240081393344,0.3022527832033457,0.2733708849095358,0.9997737381353989,32,5,2026-03-27
TER/EFX,TER,EFX,monthly_aligned_windows,8733.235425056368,0.819900002499358,0.2733708849095358,0.9999975195869641,32,5,2026-03-27
TER/FOXA,TER,FOXA,monthly_aligned_windows,10507.3161674857,1.0362297126345497,0.2733708849095358,0.9999964970062364,34,5,2026-03-27
JBL/FOX,JBL,FOX,monthly_aligned_windows,-197.3706755414591,-0.04219024708735823,0.2733708849095358,0.0006107821882535977,34,5,2026-03-27
JBL/ULTA,JBL,ULTA,monthly_aligned_windows,-6631.601344407279,-1.4413306384448759,0.2733708849095358,6.450145930096957e-33,34,5,2026-03-27
KEYS/NFLX,KEYS,NFLX,monthly_aligned_windows,7761.67200000001,0.8777855717578923,0.2733708849095358,0.9999999597224262,32,5,2026-03-27
KEYS/CPRT,KEYS,CPRT,monthly_aligned_windows,4429.860000000008,0.9098886454508222,0.2733708849095358,0.9999785349777611,32,5,2026-03-27
CVS/CTSH,CVS,CTSH,monthly_aligned_windows,1994.599485284411,0.5385373984749986,0.2733708849095358,0.9999999999414586,34,5,2026-03-27
CVS/ADBE,CVS,ADBE,monthly_aligned_windows,-5788.026400311211,-0.6006800510562712,0.2733708849095358,1.0332993272652795e-09,32,5,2026-03-27
MGM/PTC,MGM,PTC,monthly_aligned_windows,695.7199999999985,0.18548105863548353,0.2733708849095358,0.9777035999592602,32,5,2026-03-27
AMAT/TRMB,AMAT,TRMB,short_term_beta_neutral,3461.804392233886,0.6066174164990025,0.1699303893604495,0.9999999989557067,22,5,2026-03-27
AMAT/FISV,AMAT,FISV,short_term_beta_neutral,4138.281973640253,0.7442769201328762,0.1699303893604495,0.9999999999998163,28,5,2026-03-27
LRCX/FMC,LRCX,FMC,short_term_beta_neutral,5493.429202199191,0.9586255975415026,0.1699303893604495,1.0,25,5,2026-03-27
LRCX/BR,LRCX,BR,short_term_beta_neutral,5171.928260875627,1.2721514989988836,0.1699303893604495,1.0,24,5,2026-03-27
DVA/KLAC,DVA,KLAC,short_term_beta_neutral,307.7836838795912,0.08292812900477985,0.1699303893604495,0.41520055373685927,30,5,2026-03-27
DVA/INTU,DVA,INTU,short_term_beta_neutral,2208.277322498218,0.8101779170527481,0.1699303893604495,0.9999999996573617,20,5,2026-03-27
TER/EFX,TER,EFX,short_term_beta_neutral,5031.037592317663,0.7882681709118691,0.1699303893604495,0.9999978594537046,26,5,2026-03-27
TER/FOXA,TER,FOXA,short_term_beta_neutral,4988.625448400684,1.0649082713668985,0.1699303893604495,0.9999999703704805,13,5,2026-03-27
JBL/FOX,JBL,FOX,short_term_beta_neutral,1673.173127927582,0.7293044781226381,0.1699303893604495,0.999999972395729,14,5,2026-03-27
JBL/ULTA,JBL,ULTA,short_term_beta_neutral,-442.3618723488709,-0.1264916049099688,0.1699303893604495,1.7593816764229623e-08,14,5,2026-03-27
KEYS/NFLX,KEYS,NFLX,short_term_beta_neutral,3265.550999999995,0.8467960176718716,0.1699303893604495,0.9999719996205727,26,5,2026-03-27
KEYS/CPRT,KEYS,CPRT,short_term_beta_neutral,3608.939999999989,0.7113451428849596,0.1699303893604495,0.9999997664184131,32,5,2026-03-27
CVS/CTSH,CVS,CTSH,short_term_beta_neutral,-1242.721807710612,-0.4293995740873953,0.1699303893604495,1.2704146059048475e-18,28,5,2026-03-27
CVS/ADBE,CVS,ADBE,short_term_beta_neutral,540.1751498999736,0.1485185476670518,0.1699303893604495,0.9166347199629288,24,5,2026-03-27
MGM/PTC,MGM,PTC,short_term_beta_neutral,-972.9799999999946,-0.5578808342288794,0.1699303893604495,7.832350087299268e-14,16,5,2026-03-27
AMAT/TRMB,AMAT,TRMB,weekly_aligned_windows,4270.401075047421,0.5947549427357052,0.1205295475084907,0.9999999972297936,96,5,2026-03-27
AMAT/FISV,AMAT,FISV,weekly_aligned_windows,15932.4962720827,1.4954162580160306,0.1205295475084907,0.9999999889644132,88,5,2026-03-27
LRCX/FMC,LRCX,FMC,weekly_aligned_windows,1467.732404478488,0.15698724922000923,0.1205295475084907,0.9555455501194074,82,5,2026-03-27
LRCX/BR,LRCX,BR,weekly_aligned_windows,3343.328255923728,0.48320087984812266,0.1205295475084907,0.99999999999978,86,5,2026-03-27
DVA/KLAC,DVA,KLAC,weekly_aligned_windows,-100.9766059299559,-0.012068120836842673,0.1205295475084907,0.008588746591327148,88,5,2026-03-27
DVA/INTU,DVA,INTU,weekly_aligned_windows,-172.5473297945184,-0.025572784210422243,0.1205295475084907,0.006361428258099068,92,5,2026-03-27
TER/EFX,TER,EFX,weekly_aligned_windows,10654.90086863545,1.013199912556175,0.1205295475084907,0.9999999999999937,90,5,2026-03-27
TER/FOXA,TER,FOXA,weekly_aligned_windows,-190.1797883296263,-0.018269469367563206,0.1205295475084907,0.007477929801961015,98,5,2026-03-27
JBL/FOX,JBL,FOX,weekly_aligned_windows,-918.3024168703446,-0.13967008887962476,0.1205295475084907,1.6632129475018927e-06,86,5,2026-03-27
JBL/ULTA,JBL,ULTA,weekly_aligned_windows,-4288.574157581519,-0.8862518331806687,0.1205295475084907,3.5991432743051615e-52,84,5,2026-03-27
KEYS/NFLX,KEYS,NFLX,weekly_aligned_windows,2986.447000000027,0.48877813114522317,0.1205295475084907,0.9999999970814396,80,5,2026-03-27
KEYS/CPRT,KEYS,CPRT,weekly_aligned_windows,4287.570000000003,0.831325614053256,0.1205295475084907,0.9999999230367674,88,5,2026-03-27
CVS/CTSH,CVS,CTSH,weekly_aligned_windows,-2501.102534700224,-0.4747422154488363,0.1205295475084907,2.8693074136325716e-31,94,5,2026-03-27
CVS/ADBE,CVS,ADBE,weekly_aligned_windows,3200.326320844703,0.5377530059552185,0.1205295475084907,0.999999999891185,84,5,2026-03-27
MGM/PTC,MGM,PTC,weekly_aligned_windows,-217.800000000012,-0.04221523173991289,0.1205295475084907,0.0008395217710451192,76,5,2026-03-27
AMAT/TRMB,AMAT,TRMB,fast_rebalance,1940.593793324574,0.5497764194455885,0.1002612872354452,0.9999999999951462,22,5,2026-03-27
AMAT/FISV,AMAT,FISV,fast_rebalance,4787.456293885478,1.2699481223955784,0.1002612872354452,1.0,24,5,2026-03-27
LRCX/FMC,LRCX,FMC,fast_rebalance,3458.512782230897,0.47873467238548434,0.1002612872354452,0.997977755415178,28,5,2026-03-27
LRCX/BR,LRCX,BR,fast_rebalance,5667.120046825737,1.250594220309428,0.1002612872354452,1.0,24,5,2026-03-27
DVA/KLAC,DVA,KLAC,fast_rebalance,708.0511666981117,0.16234279831655427,0.1002612872354452,0.8650005671925141,28,5,2026-03-27
DVA/INTU,DVA,INTU,fast_rebalance,1921.940862601828,0.704540973595802,0.1002612872354452,0.9999999987077854,20,5,2026-03-27
TER/EFX,TER,EFX,fast_rebalance,1963.334865378748,0.4114933685166099,0.1002612872354452,0.9999998386048288,26,5,2026-03-27
TER/FOXA,TER,FOXA,fast_rebalance,4383.238723072633,1.3430242975442142,0.1002612872354452,0.9999999999353434,12,5,2026-03-27
JBL/FOX,JBL,FOX,fast_rebalance,-185.0496318628191,-0.10734913852156489,0.1002612872354452,0.0001327945216534632,8,5,2026-03-27
JBL/ULTA,JBL,ULTA,fast_rebalance,357.6510843933409,0.16368191900597603,0.1002612872354452,0.9010416894314638,10,5,2026-03-27
KEYS/NFLX,KEYS,NFLX,fast_rebalance,1526.709000000003,0.3217932897126394,0.1002612872354452,0.9989379521834784,26,5,2026-03-27
KEYS/CPRT,KEYS,CPRT,fast_rebalance,4702.059999999999,1.1763373058863247,0.1002612872354452,0.9996716227752664,32,5,2026-03-27
CVS/CTSH,CVS,CTSH,fast_rebalance,558.1275492514293,0.30563579959080917,0.1002612872354452,0.9999876087079838,22,5,2026-03-27
CVS/ADBE,CVS,ADBE,fast_rebalance,1848.448437426917,0.5810444109859004,0.1002612872354452,0.9999996528972401,24,5,2026-03-27
MGM/PTC,MGM,PTC,fast_rebalance,1469.479999999998,0.9730657427230386,0.1002612872354452,0.9999997262725918,10,5,2026-03-27
AMAT/TRMB,AMAT,TRMB,entry_filter_kalman,2217.278115053744,0.6531102832735574,0.0667161374005679,0.9999999999587018,12,5,2026-03-27
AMAT/FISV,AMAT,FISV,entry_filter_kalman,3304.231500899653,0.7360165574817299,0.0667161374005679,1.0,26,5,2026-03-27
LRCX/FMC,LRCX,FMC,entry_filter_kalman,10434.38307785995,1.4536053037158543,0.0667161374005679,0.9994576053796502,16,5,2026-03-27
LRCX/BR,LRCX,BR,entry_filter_kalman,2650.516341683383,0.6183406508549004,0.0667161374005679,0.9999999998067883,16,5,2026-03-27
DVA/KLAC,DVA,KLAC,entry_filter_kalman,4173.727421998196,1.0084784081285196,0.0667161374005679,0.9999955528515133,20,5,2026-03-27
DVA/INTU,DVA,INTU,entry_filter_kalman,922.3122781865901,0.28859849724462333,0.0667161374005679,0.9974215078403925,12,5,2026-03-27
TER/EFX,TER,EFX,entry_filter_kalman,2732.470434219551,0.4736138326030749,0.0667161374005679,0.9999999273632237,16,5,2026-03-27
TER/FOXA,TER,FOXA,entry_filter_kalman,1888.997092555759,0.5886440962213824,0.0667161374005679,0.9999999854879557,8,5,2026-03-27
JBL/FOX,JBL,FOX,entry_filter_kalman,-597.4724154556449,-0.2401941850781066,0.0667161374005679,8.521776901826309e-11,6,5,2026-03-27
JBL/ULTA,JBL,ULTA,entry_filter_kalman,710.1234963660003,0.6889915087198051,0.0667161374005679,0.9991375475439219,2,5,2026-03-27
KEYS/NFLX,KEYS,NFLX,entry_filter_kalman,5284.013999999999,1.393744723277682,0.0667161374005679,0.999439781251439,10,5,2026-03-27
KEYS/CPRT,KEYS,CPRT,entry_filter_kalman,3166.220000000003,0.7876285656293758,0.0667161374005679,0.9994551113598227,18,5,2026-03-27
CVS/CTSH,CVS,CTSH,entry_filter_kalman,-1609.338986664703,-0.8079749359032034,0.0667161374005679,4.909224743972484e-13,12,5,2026-03-27
CVS/ADBE,CVS,ADBE,entry_filter_kalman,-1657.116491407837,-0.5607643174279049,0.0667161374005679,1.728912448415776e-16,20,5,2026-03-27
MGM/PTC,MGM,PTC,entry_filter_kalman,761.9000000000004,0.5939314078071888,0.0667161374005679,0.9999960780832756,4,5,2026-03-27
AMAT/TRMB,AMAT,TRMB,entry_threshold_strong,2217.718789378345,0.6598298851219544,0.0434345360416534,0.9999999999713087,12,5,2026-03-27
AMAT/FISV,AMAT,FISV,entry_threshold_strong,3381.693759535874,0.7530766916324297,0.0434345360416534,1.0,26,5,2026-03-27
LRCX/FMC,LRCX,FMC,entry_threshold_strong,9971.446136811102,1.3711892773976673,0.0434345360416534,0.9987601511340631,16,5,2026-03-27
LRCX/BR,LRCX,BR,entry_threshold_strong,2621.969596842182,0.6155502130459987,0.0434345360416534,0.9999999997782903,16,5,2026-03-27
DVA/KLAC,DVA,KLAC,entry_threshold_strong,4116.910392413644,1.0011034191981618,0.0434345360416534,0.9999945797297747,20,5,2026-03-27
DVA/INTU,DVA,INTU,entry_threshold_strong,922.3122781865901,0.28859849724462333,0.0434345360416534,0.9974215078403925,12,5,2026-03-27
TER/EFX,TER,EFX,entry_threshold_strong,2715.403290701633,0.47157198311166415,0.0434345360416534,0.9999999134832214,16,5,2026-03-27
TER/FOXA,TER,FOXA,entry_threshold_strong,2000.061549997058,0.637246499181313,0.0434345360416534,0.9999999981584512,8,5,2026-03-27
JBL/FOX,JBL,FOX,entry_threshold_strong,-582.8615576808686,-0.23561070217145091,0.0434345360416534,8.56878182494852e-11,6,5,2026-03-27
JBL/ULTA,JBL,ULTA,entry_threshold_strong,713.180576788036,0.6932884955074916,0.0434345360416534,0.999120294264359,2,5,2026-03-27
KEYS/NFLX,KEYS,NFLX,entry_threshold_strong,5259.782,1.4079805023623682,0.0434345360416534,0.9995929823039197,10,5,2026-03-27
KEYS/CPRT,KEYS,CPRT,entry_threshold_strong,3011.58,0.7731012972960911,0.0434345360416534,0.999653174159886,18,5,2026-03-27
CVS/CTSH,CVS,CTSH,entry_threshold_strong,-1646.175164100881,-0.8093689456522275,0.0434345360416534,3.287588771257964e-13,12,5,2026-03-27
CVS/ADBE,CVS,ADBE,entry_threshold_strong,-1641.849845918662,-0.5578475069439259,0.0434345360416534,1.215120943713613e-16,20,5,2026-03-27
MGM/PTC,MGM,PTC,entry_threshold_strong,759.5400000000004,0.5978065882640264,0.0434345360416534,0.9999965339451707,4,5,2026-03-27
AMAT/TRMB,AMAT,TRMB,short_term_tilt,1945.633793324574,0.5513562421356016,0.0261009273920653,0.9999999999955904,22,5,2026-03-27
AMAT/FISV,AMAT,FISV,short_term_tilt,4789.126293885478,1.2705132151196903,0.0261009273920653,1.0,24,5,2026-03-27
LRCX/FMC,LRCX,FMC,short_term_tilt,3281.806337761883,0.4534079759466387,0.0261009273920653,0.998035268700967,28,5,2026-03-27
LRCX/BR,LRCX,BR,short_term_tilt,5667.60736765346,1.2506627846464107,0.0261009273920653,1.0,24,5,2026-03-27
DVA/KLAC,DVA,KLAC,short_term_tilt,386.9311322918162,0.10168624481208767,0.0261009273920653,0.5465366660717296,28,5,2026-03-27
DVA/INTU,DVA,INTU,short_term_tilt,1918.328519867214,0.7115143604987938,0.0261009273920653,0.9999999975366168,18,5,2026-03-27
TER/EFX,TER,EFX,short_term_tilt,1963.334865378748,0.4114933685166099,0.0261009273920653,0.9999998386048288,26,5,2026-03-27
TER/FOXA,TER,FOXA,short_term_tilt,4383.238723072633,1.3430242975442142,0.0261009273920653,0.9999999999353434,12,5,2026-03-27
JBL/FOX,JBL,FOX,short_term_tilt,-286.4247346625291,-0.1656128643654592,0.0261009273920653,2.439964303346973e-05,10,5,2026-03-27
JBL/ULTA,JBL,ULTA,short_term_tilt,-112.0557274857682,-0.03923774188743073,0.0261009273920653,0.0014092434803861748,14,5,2026-03-27
KEYS/NFLX,KEYS,NFLX,short_term_tilt,1521.123000000005,0.3206175113705883,0.0261009273920653,0.998906751806098,26,5,2026-03-27
KEYS/CPRT,KEYS,CPRT,short_term_tilt,4729.559999999998,1.1824077552319188,0.0261009273920653,0.9996773414858893,32,5,2026-03-27
CVS/CTSH,CVS,CTSH,short_term_tilt,-60.62702010884493,-0.031845051198076534,0.0261009273920653,0.003553293613257758,22,5,2026-03-27
CVS/ADBE,CVS,ADBE,short_term_tilt,1808.413086014017,0.5652215007793372,0.0261009273920653,0.9999997118999948,24,5,2026-03-27
MGM/PTC,MGM,PTC,short_term_tilt,1470.089999999998,0.9744223714343212,0.0261009273920653,0.9999997287707617,10,5,2026-03-27
AMAT/TRMB,AMAT,TRMB,let_profits_run,-412.3898053056013,-0.14662870363682956,0.0070532136967806,6.060110671927024e-07,12,5,2026-03-27
AMAT/FISV,AMAT,FISV,let_profits_run,5559.886521105476,0.6950960772513753,0.0070532136967806,0.999898318990894,22,5,2026-03-27
LRCX/FMC,LRCX,FMC,let_profits_run,5665.708202029035,0.7365952757064379,0.0070532136967806,0.9994205350604584,14,5,2026-03-27
LRCX/BR,LRCX,BR,let_profits_run,4764.71877199046,1.0427152602834335,0.0070532136967806,1.0,14,5,2026-03-27
DVA/KLAC,DVA,KLAC,let_profits_run,4200.6213349527,0.8252164378076127,0.0070532136967806,0.9999936729937845,14,5,2026-03-27
DVA/INTU,DVA,INTU,let_profits_run,-380.4898261885908,-0.20751753218692173,0.0070532136967806,5.875610784674584e-08,12,5,2026-03-27
TER/EFX,TER,EFX,let_profits_run,1918.348473574159,0.3317589923010676,0.0070532136967806,0.9999977025244724,14,5,2026-03-27
TER/FOXA,TER,FOXA,let_profits_run,-1222.876097365392,-0.38296947033437956,0.0070532136967806,1.1907265524535284e-18,6,5,2026-03-27
JBL/FOX,JBL,FOX,let_profits_run,-1622.703833169533,-0.5974997341404267,0.0070532136967806,1.2557840599113945e-15,6,5,2026-03-27
JBL/ULTA,JBL,ULTA,let_profits_run,-842.0073883662857,-1.201236328869389,0.0070532136967806,5.347955382001276e-05,4,5,2026-03-27
KEYS/NFLX,KEYS,NFLX,let_profits_run,5660.834000000003,1.125896057002576,0.0070532136967806,0.9999996420580223,12,5,2026-03-27
KEYS/CPRT,KEYS,CPRT,let_profits_run,7658.650000000001,1.6047647043802427,0.0070532136967806,0.9999843718650148,14,5,2026-03-27
CVS/CTSH,CVS,CTSH,let_profits_run,1054.335193625807,0.8300716059472015,0.0070532136967806,0.9999999956096521,4,5,2026-03-27
CVS/ADBE,CVS,ADBE,let_profits_run,722.9222294893862,0.23004794202968837,0.0070532136967806,0.9979726672297865,14,5,2026-03-27
MGM/PTC,MGM,PTC,let_profits_run,146.009999999999,0.07834575992701145,0.0070532136967806,0.3530312609089394,8,5,2026-03-27
AMAT/TRMB,AMAT,TRMB,balanced,2583.454758509135,0.8853162429382266,-0.0437233510776314,0.9999999999914236,12,5,2026-03-27
AMAT/FISV,AMAT,FISV,balanced,3833.115856055639,0.9137227563654352,-0.0437233510776314,1.0,26,5,2026-03-27
LRCX/FMC,LRCX,FMC,balanced,5444.376276689208,1.3290869310484055,-0.0437233510776314,1.0,18,5,2026-03-27
LRCX/BR,LRCX,BR,balanced,3858.852433265109,0.8534489983258481,-0.0437233510776314,0.9999999999999944,18,5,2026-03-27
DVA/KLAC,DVA,KLAC,balanced,3683.06426193175,0.8934347118990299,-0.0437233510776314,0.9999882931634724,22,5,2026-03-27
DVA/INTU,DVA,INTU,balanced,2339.238074398802,0.9727709895763293,-0.0437233510776314,0.999999999966476,14,5,2026-03-27
TER/EFX,TER,EFX,balanced,747.9939876551605,0.12827503989389263,-0.0437233510776314,0.8425189623845497,20,5,2026-03-27
TER/FOXA,TER,FOXA,balanced,3419.72462234341,0.9919056972659775,-0.0437233510776314,0.999999998524342,12,5,2026-03-27
JBL/FOX,JBL,FOX,balanced,-65.2669072164945,-0.03208807880924432,-0.0437233510776314,0.002584017277194941,4,5,2026-03-27
JBL/ULTA,JBL,ULTA,balanced,636.9027064527837,0.38223574139526223,-0.0437233510776314,0.999900370900827,4,5,2026-03-27
KEYS/NFLX,KEYS,NFLX,balanced,2316.394000000002,0.5577417680353544,-0.0437233510776314,0.9999082597685921,14,5,2026-03-27
KEYS/CPRT,KEYS,CPRT,balanced,3364.000000000003,0.881867706938497,-0.0437233510776314,0.9994277789428994,22,5,2026-03-27
CVS/CTSH,CVS,CTSH,balanced,335.6494713936245,0.18978044782563003,-0.0437233510776314,0.9692347576329772,12,5,2026-03-27
CVS/ADBE,CVS,ADBE,balanced,-1699.796214397624,-0.5962177111537641,-0.0437233510776314,8.175187129456052e-15,22,5,2026-03-27
MGM/PTC,MGM,PTC,balanced,1057.19,0.83177295902325,-0.0437233510776314,0.9999995849522413,4,5,2026-03-27
AMAT/TRMB,AMAT,TRMB,default,2591.064758509135,0.8879103701078933,-0.143476511072981,0.9999999999916198,12,5,2026-03-27
AMAT/FISV,AMAT,FISV,default,4226.440655088362,1.0139215712851872,-0.143476511072981,1.0,26,5,2026-03-27
LRCX/FMC,LRCX,FMC,default,5443.411827476045,1.329081116598384,-0.143476511072981,1.0,18,5,2026-03-27
LRCX/BR,LRCX,BR,default,2327.36036714807,0.5651166827363313,-0.143476511072981,0.9999999991219984,18,5,2026-03-27
DVA/KLAC,DVA,KLAC,default,3683.06426193175,0.8934347118990299,-0.143476511072981,0.9999882931634724,22,5,2026-03-27
DVA/INTU,DVA,INTU,default,1831.854679530936,0.7825671098090675,-0.143476511072981,0.9999999991401759,14,5,2026-03-27
TER/EFX,TER,EFX,default,747.9939876551605,0.12827503989389263,-0.143476511072981,0.8425189623845497,20,5,2026-03-27
TER/FOXA,TER,FOXA,default,3411.604454979393,0.9903948849455003,-0.143476511072981,0.9999999984673552,12,5,2026-03-27
JBL/FOX,JBL,FOX,default,-65.2669072164945,-0.03208807880924432,-0.143476511072981,0.002584017277194941,4,5,2026-03-27
JBL/ULTA,JBL,ULTA,default,146.737175776929,0.12188826194716333,-0.143476511072981,0.7155269907603493,4,5,2026-03-27
KEYS/NFLX,KEYS,NFLX,default,2337.224000000004,0.5637530938162402,-0.143476511072981,0.9999126054148159,14,5,2026-03-27
KEYS/CPRT,KEYS,CPRT,default,3348.900000000003,0.8800707349245739,-0.143476511072981,0.9993958017641145,22,5,2026-03-27
CVS/CTSH,CVS,CTSH,default,335.6494713936245,0.18978044782563003,-0.143476511072981,0.9692347576329772,12,5,2026-03-27
CVS/ADBE,CVS,ADBE,default,-1698.766214397624,-0.5960160422333678,-0.143476511072981,8.288701846469214e-15,22,5,2026-03-27
MGM/PTC,MGM,PTC,default,1056.3,0.8330247158957859,-0.143476511072981,0.9999996008866197,4,5,2026-03-27
AMAT/TRMB,AMAT,TRMB,kalman_hedge,2687.570936394498,0.8652347892866281,-0.1454053955038403,0.9999999999998437,14,5,2026-03-27
AMAT/FISV,AMAT,FISV,kalman_hedge,3708.422264594163,0.8798595731846092,-0.1454053955038403,1.0,28,5,2026-03-27
LRCX/FMC,LRCX,FMC,kalman_hedge,5253.221510989702,1.2208763036996024,-0.1454053955038403,1.0,20,5,2026-03-27
LRCX/BR,LRCX,BR,kalman_hedge,2309.133551475975,0.5605399679557352,-0.1454053955038403,0.9999999989492651,18,5,2026-03-27
DVA/KLAC,DVA,KLAC,kalman_hedge,3714.608789026694,0.8973600266433821,-0.1454053955038403,0.9999893733595765,22,5,2026-03-27
DVA/INTU,DVA,INTU,kalman_hedge,2856.091937441866,1.1477038085445952,-0.1454053955038403,0.9999999999612575,12,5,2026-03-27
TER/EFX,TER,EFX,kalman_hedge,757.0964551378445,0.12470297246186272,-0.1454053955038403,0.8085426439869614,24,5,2026-03-27
TER/FOXA,TER,FOXA,kalman_hedge,3335.059356634036,0.9696720528349605,-0.1454053955038403,0.9999999992378054,12,5,2026-03-27
JBL/FOX,JBL,FOX,kalman_hedge,-1195.256108484155,-0.46545737487242456,-0.1454053955038403,1.9636159232348517e-13,8,5,2026-03-27
JBL/ULTA,JBL,ULTA,kalman_hedge,713.180576788036,0.6932884955074916,-0.1454053955038403,0.999120294264359,2,5,2026-03-27
KEYS/NFLX,KEYS,NFLX,kalman_hedge,2929.973999999999,0.709473497212025,-0.1454053955038403,0.9999104228163974,12,5,2026-03-27
KEYS/CPRT,KEYS,CPRT,kalman_hedge,3725.399999999998,0.9553811509843264,-0.1454053955038403,0.9989302081789256,20,5,2026-03-27
CVS/CTSH,CVS,CTSH,kalman_hedge,-161.773482392001,-0.09358074657018445,-0.1454053955038403,8.969680414737032e-05,14,5,2026-03-27
CVS/ADBE,CVS,ADBE,kalman_hedge,-1920.637403935892,-0.6702072796813547,-0.1454053955038403,1.531360653741392e-14,24,5,2026-03-27
MGM/PTC,MGM,PTC,kalman_hedge,844.0899999999999,0.586769820781815,-0.1454053955038403,0.999999911352777,6,5,2026-03-27
AMAT/TRMB,AMAT,TRMB,uniform_weights,2583.454758509135,0.8853162429382266,-0.1669940379420017,0.9999999999914236,12,5,2026-03-27
AMAT/FISV,AMAT,FISV,uniform_weights,4235.690655088362,1.0152605377760473,-0.1669940379420017,1.0,26,5,2026-03-27
LRCX/FMC,LRCX,FMC,uniform_weights,5277.648852586828,1.29305497956245,-0.1669940379420017,0.9999999999999999,18,5,2026-03-27
LRCX/BR,LRCX,BR,uniform_weights,2327.36036714807,0.5651166827363313,-0.1669940379420017,0.9999999991219984,18,5,2026-03-27
DVA/KLAC,DVA,KLAC,uniform_weights,3691.771766598492,0.8953168549571373,-0.1669940379420017,0.999988521882619,22,5,2026-03-27
DVA/INTU,DVA,INTU,uniform_weights,839.0219374418671,0.3540454197195647,-0.1669940379420017,0.9999741075544254,12,5,2026-03-27
TER/EFX,TER,EFX,uniform_weights,894.9140549522162,0.1528947841983641,-0.1669940379420017,0.9621477747376025,18,5,2026-03-27
TER/FOXA,TER,FOXA,uniform_weights,3420.291839916632,0.9921345053330513,-0.1669940379420017,0.9999999985267572,12,5,2026-03-27
JBL/FOX,JBL,FOX,uniform_weights,-597.4313167586045,-0.241796122228238,-0.1669940379420017,6.113886179259038e-11,6,5,2026-03-27
JBL/ULTA,JBL,ULTA,uniform_weights,713.180576788036,0.6932884955074916,-0.1669940379420017,0.999120294264359,2,5,2026-03-27
KEYS/NFLX,KEYS,NFLX,uniform_weights,2823.372,0.6863973361777841,-0.1669940379420017,0.9999299719380239,12,5,2026-03-27
KEYS/CPRT,KEYS,CPRT,uniform_weights,3363.070000000002,0.8831956126878764,-0.1669940379420017,0.9994048821834044,22,5,2026-03-27
CVS/CTSH,CVS,CTSH,uniform_weights,612.3769012730936,0.3545369333126185,-0.1669940379420017,0.9999232742656919,10,5,2026-03-27
CVS/ADBE,CVS,ADBE,uniform_weights,-1699.30029465287,-0.5960446233540518,-0.1669940379420017,8.151906662449073e-15,22,5,2026-03-27
MGM/PTC,MGM,PTC,uniform_weights,758.6500000000003,0.5985099776634751,-0.1669940379420017,0.9999966316489425,4,5,2026-03-27
AMAT/TRMB,AMAT,TRMB,vol_weighted_sizing,2597.224813536,0.8498885130358962,-0.205758717638596,0.9999999999997193,14,5,2026-03-27
AMAT/FISV,AMAT,FISV,vol_weighted_sizing,3796.015331919434,0.9000511417932766,-0.205758717638596,1.0,28,5,2026-03-27
LRCX/FMC,LRCX,FMC,vol_weighted_sizing,4386.300922280639,1.053198594185544,-0.205758717638596,0.9999999999999999,20,5,2026-03-27
LRCX/BR,LRCX,BR,vol_weighted_sizing,2327.36036714807,0.5651166827363313,-0.205758717638596,0.9999999991219984,18,5,2026-03-27
DVA/KLAC,DVA,KLAC,vol_weighted_sizing,3679.08166182035,0.8925781404153453,-0.205758717638596,0.9999881956909732,22,5,2026-03-27
DVA/INTU,DVA,INTU,vol_weighted_sizing,2852.611937441866,1.1464352536780869,-0.205758717638596,0.9999999999608252,12,5,2026-03-27
TER/EFX,TER,EFX,vol_weighted_sizing,720.7684863852705,0.11933851297216806,-0.205758717638596,0.7615812361021512,24,5,2026-03-27
TER/FOXA,TER,FOXA,vol_weighted_sizing,3407.52783149792,0.9892877333146194,-0.205758717638596,0.9999999984525821,12,5,2026-03-27
JBL/FOX,JBL,FOX,vol_weighted_sizing,-1200.074592864961,-0.4694786328138352,-0.205758717638596,1.733625380446979e-13,8,5,2026-03-27
JBL/ULTA,JBL,ULTA,vol_weighted_sizing,713.180576788036,0.6932884955074916,-0.205758717638596,0.999120294264359,2,5,2026-03-27
KEYS/NFLX,KEYS,NFLX,vol_weighted_sizing,2774.762000000002,0.6766248515954122,-0.205758717638596,0.9999213106144234,12,5,2026-03-27
KEYS/CPRT,KEYS,CPRT,vol_weighted_sizing,3503.830000000002,0.9309959155508957,-0.205758717638596,0.9992216301486289,20,5,2026-03-27
CVS/CTSH,CVS,CTSH,vol_weighted_sizing,-218.871782070363,-0.12294051798736771,-0.205758717638596,1.084057896505401e-05,14,5,2026-03-27
CVS/ADBE,CVS,ADBE,vol_weighted_sizing,-1903.690006217827,-0.6657101563819604,-0.205758717638596,1.695569096519775e-14,24,5,2026-03-27
MGM/PTC,MGM,PTC,vol_weighted_sizing,847.69,0.5937098164362118,-0.205758717638596,0.9999999324755557,6,5,2026-03-27
AMAT/TRMB,AMAT,TRMB,no_reversal_protection,3508.971673182527,1.1335939700487767,-0.3648565478936426,0.9999999999999982,12,5,2026-03-27
AMAT/FISV,AMAT,FISV,no_reversal_protection,4832.196115748357,0.5198577659836802,-0.3648565478936426,0.9995046557161896,28,5,2026-03-27
LRCX/FMC,LRCX,FMC,no_reversal_protection,2132.641142503971,0.45936643373731556,-0.3648565478936426,0.9999999980655687,20,5,2026-03-27
LRCX/BR,LRCX,BR,no_reversal_protection,2629.744184743859,0.6034250455175009,-0.3648565478936426,0.9999999999814977,18,5,2026-03-27
DVA/KLAC,DVA,KLAC,no_reversal_protection,5228.180593860934,1.5325527952052846,-0.3648565478936426,1.0,20,5,2026-03-27
DVA/INTU,DVA,INTU,no_reversal_protection,3200.502859547874,1.2309006979125772,-0.3648565478936426,0.9999999999987814,12,5,2026-03-27
TER/EFX,TER,EFX,no_reversal_protection,1924.200674206837,0.27985800808012806,-0.3648565478936426,0.9999999451180498,24,5,2026-03-27
TER/FOXA,TER,FOXA,no_reversal_protection,1512.381519543982,0.39373916707721657,-0.3648565478936426,0.9999912776804213,12,5,2026-03-27
JBL/FOX,JBL,FOX,no_reversal_protection,-1684.684308510276,-0.6521375214856334,-0.3648565478936426,4.7293137446520576e-14,8,5,2026-03-27
JBL/ULTA,JBL,ULTA,no_reversal_protection,468.7306118273091,0.4325357851862115,-0.3648565478936426,0.99934493604119,2,5,2026-03-27
KEYS/NFLX,KEYS,NFLX,no_reversal_protection,2486.565000000002,0.6033795841968185,-0.3648565478936426,0.999913409304538,12,5,2026-03-27
KEYS/CPRT,KEYS,CPRT,no_reversal_protection,962.4299999999998,0.23881019588324073,-0.3648565478936426,0.9985198277315419,20,5,2026-03-27
CVS/CTSH,CVS,CTSH,no_reversal_protection,-1464.585242032928,-0.660657258257959,-0.3648565478936426,4.201077230283287e-15,14,5,2026-03-27
CVS/ADBE,CVS,ADBE,no_reversal_protection,-2749.629670341873,-0.8970879047964465,-0.3648565478936426,1.2593386265517556e-18,24,5,2026-03-27
MGM/PTC,MGM,PTC,no_reversal_protection,693.8800000000015,0.48146886178592907,-0.3648565478936426,0.9999996438452161,6,5,2026-03-27
AMAT/TRMB,AMAT,TRMB,no_skip_month,5358.678194956815,0.8718468029373005,-0.3657825725117919,0.9999945625341885,18,5,2026-03-27
AMAT/FISV,AMAT,FISV,no_skip_month,1400.710070870386,0.241536376348473,-0.3657825725117919,0.947807191945838,30,5,2026-03-27
LRCX/FMC,LRCX,FMC,no_skip_month,4259.551743651319,1.0194954321636633,-0.3657825725117919,0.9999999999999999,22,5,2026-03-27
LRCX/BR,LRCX,BR,no_skip_month,-638.1578311394237,-0.09481121744423444,-0.3657825725117919,2.5514171934523974e-08,20,5,2026-03-27
DVA/KLAC,DVA,KLAC,no_skip_month,2515.062111961654,0.61348808964952,-0.3657825725117919,0.9998838674430357,24,5,2026-03-27
DVA/INTU,DVA,INTU,no_skip_month,1822.498761919953,0.7828609866203488,-0.3657825725117919,0.999999999086104,14,5,2026-03-27
TER/EFX,TER,EFX,no_skip_month,1643.128205181687,0.2651032857155307,-0.3657825725117919,0.999998198381648,28,5,2026-03-27
TER/FOXA,TER,FOXA,no_skip_month,3385.286020408143,0.9890996887627834,-0.3657825725117919,0.9999999987598786,12,5,2026-03-27
JBL/FOX,JBL,FOX,no_skip_month,-1545.374719052213,-0.6458517923697603,-0.3657825725117919,4.2322316574753525e-14,12,5,2026-03-27
JBL/ULTA,JBL,ULTA,no_skip_month,-3276.746887928924,-0.7133235343205092,-0.3657825725117919,6.016429985180528e-07,8,5,2026-03-27
KEYS/NFLX,KEYS,NFLX,no_skip_month,2579.382000000001,0.6275748477483428,-0.3657825725117919,0.9999197168296216,14,5,2026-03-27
KEYS/CPRT,KEYS,CPRT,no_skip_month,2681.760000000002,0.7106904155431719,-0.3657825725117919,0.9996081823407036,24,5,2026-03-27
CVS/CTSH,CVS,CTSH,no_skip_month,2022.017530486143,0.7993680478102837,-0.3657825725117919,0.9999999999999908,16,5,2026-03-27
CVS/ADBE,CVS,ADBE,no_skip_month,-1644.506551869133,-0.568201872492599,-0.3657825725117919,5.383281637655971e-16,24,5,2026-03-27
MGM/PTC,MGM,PTC,no_skip_month,2294.999999999995,0.7708196210906336,-0.3657825725117919,0.9999996500156898,10,5,2026-03-27
AMAT/TRMB,AMAT,TRMB,raw_momentum_kalman,1566.805485755071,0.5271242306472119,-0.5704567652315214,0.9999999733351637,12,5,2026-03-27
AMAT/FISV,AMAT,FISV,raw_momentum_kalman,4108.410188265507,0.9882373407170431,-0.5704567652315214,1.0,26,5,2026-03-27
LRCX/FMC,LRCX,FMC,raw_momentum_kalman,6902.252023649464,1.7657033101530883,-0.5704567652315214,0.9999999999999999,14,5,2026-03-27
LRCX/BR,LRCX,BR,raw_momentum_kalman,1961.68181964458,0.4796433980843592,-0.5704567652315214,0.99999996311336,18,5,2026-03-27
DVA/KLAC,DVA,KLAC,raw_momentum_kalman,3793.067213120247,1.0061163364443957,-0.5704567652315214,0.9999719470950865,18,5,2026-03-27
DVA/INTU,DVA,INTU,raw_momentum_kalman,557.448735478534,0.2558510000246899,-0.5704567652315214,0.9968088156724462,12,5,2026-03-27
TER/EFX,TER,EFX,raw_momentum_kalman,-1219.97716296774,-0.2400745050715874,-0.5704567652315214,6.168625848051244e-05,18,5,2026-03-27
TER/FOXA,TER,FOXA,raw_momentum_kalman,3321.59018516769,0.9734289109231901,-0.5704567652315214,0.9999999991243244,12,5,2026-03-27
JBL/FOX,JBL,FOX,raw_momentum_kalman,-62.96247422680509,-0.03087290381197166,-0.5704567652315214,0.0028473307568037103,4,5,2026-03-27
JBL/ULTA,JBL,ULTA,raw_momentum_kalman,710.1234963660003,0.6889915087198051,-0.5704567652315214,0.9991375475439219,2,5,2026-03-27
KEYS/NFLX,KEYS,NFLX,raw_momentum_kalman,1088.263999999997,0.26797583084638393,-0.5704567652315214,0.9969317366452467,12,5,2026-03-27
KEYS/CPRT,KEYS,CPRT,raw_momentum_kalman,1413.349999999996,0.37027333498294324,-0.5704567652315214,0.998014360138272,16,5,2026-03-27
CVS/CTSH,CVS,CTSH,raw_momentum_kalman,-1938.420072449984,-1.023971663451408,-0.5704567652315214,1.5468256499034968e-12,14,5,2026-03-27
CVS/ADBE,CVS,ADBE,raw_momentum_kalman,-1710.622053230323,-0.6778933508627679,-0.5704567652315214,3.613724478449121e-10,14,5,2026-03-27
MGM/PTC,MGM,PTC,raw_momentum_kalman,746.0700000000004,0.5893941231767478,-0.5704567652315214,0.9999957844006583,4,5,2026-03-27
AMAT/TRMB,AMAT,TRMB,raw_momentum,740.6160176480465,0.26688781731905675,-0.5986958055178058,0.9972992476949261,12,5,2026-03-27
AMAT/FISV,AMAT,FISV,raw_momentum,4902.483096300565,1.2048430732067297,-0.5986958055178058,1.0,24,5,2026-03-27
LRCX/FMC,LRCX,FMC,raw_momentum,6193.776314767103,1.5454983144072139,-0.5986958055178058,0.9999999999999998,16,5,2026-03-27
LRCX/BR,LRCX,BR,raw_momentum,731.2868616522355,0.18990465225251787,-0.5986958055178058,0.9623969174299395,18,5,2026-03-27
DVA/KLAC,DVA,KLAC,raw_momentum,2668.332659778789,0.6852563519256338,-0.5986958055178058,0.9999175763062736,20,5,2026-03-27
DVA/INTU,DVA,INTU,raw_momentum,2718.258735478534,1.1001657677199714,-0.5986958055178058,0.9999999999437965,12,5,2026-03-27
TER/EFX,TER,EFX,raw_momentum,-1342.536532207308,-0.26558860269754186,-0.5986958055178058,5.3212837347862175e-05,20,5,2026-03-27
TER/FOXA,TER,FOXA,raw_momentum,3413.666519599463,0.9894235284936451,-0.5986958055178058,0.999999998552426,12,5,2026-03-27
JBL/FOX,JBL,FOX,raw_momentum,-63.31546391752669,-0.03160633637581368,-0.5986958055178058,0.0027094444215054565,4,5,2026-03-27
JBL/ULTA,JBL,ULTA,raw_momentum,713.180576788036,0.6932884955074916,-0.5986958055178058,0.999120294264359,2,5,2026-03-27
KEYS/NFLX,KEYS,NFLX,raw_momentum,1069.101999999996,0.26573232075842224,-0.5986958055178058,0.9964090209962664,12,5,2026-03-27
KEYS/CPRT,KEYS,CPRT,raw_momentum,1245.95,0.3461043415462031,-0.5986958055178058,0.998477116317436,16,5,2026-03-27
CVS/CTSH,CVS,CTSH,raw_momentum,-1160.021219093936,-0.6122618377731528,-0.5986958055178058,1.749838901196674e-13,10,5,2026-03-27
CVS/ADBE,CVS,ADBE,raw_momentum,-1697.132577692639,-0.6762727269253418,-0.5986958055178058,2.830931397683554e-10,14,5,2026-03-27
MGM/PTC,MGM,PTC,raw_momentum,758.0700000000004,0.6010123516651009,-0.5986958055178058,0.999996846193419,4,5,2026-03-27
AMAT/TRMB,AMAT,TRMB,sensitive_reversal,677.8374575114179,0.27151091837121943,-0.6997119485823635,0.9998714546702041,16,5,2026-03-27
AMAT/FISV,AMAT,FISV,sensitive_reversal,2219.417844859019,0.5392636223320363,-0.6997119485823635,0.9999985110535543,32,5,2026-03-27
LRCX/FMC,LRCX,FMC,sensitive_reversal,4238.528931543057,1.1849019283172109,-0.6997119485823635,0.9999999999980388,20,5,2026-03-27
LRCX/BR,LRCX,BR,sensitive_reversal,644.4626270075806,0.18656641415683514,-0.6997119485823635,0.9493528769163968,22,5,2026-03-27
DVA/KLAC,DVA,KLAC,sensitive_reversal,1490.08254805847,0.37907308573668896,-0.6997119485823635,0.9960705728380826,26,5,2026-03-27
DVA/INTU,DVA,INTU,sensitive_reversal,3291.252422782169,1.1808996807097412,-0.6997119485823635,0.9999985399103766,18,5,2026-03-27
TER/EFX,TER,EFX,sensitive_reversal,-13.07051079622715,-0.0028012338531717895,-0.6997119485823635,0.01675040004910375,24,5,2026-03-27
TER/FOXA,TER,FOXA,sensitive_reversal,2696.020520815226,1.0722706156783948,-0.6997119485823635,0.9999999989614747,12,5,2026-03-27
JBL/FOX,JBL,FOX,sensitive_reversal,-176.381466208476,-0.11578473079856738,-0.6997119485823635,0.00014355265218213167,4,5,2026-03-27
JBL/ULTA,JBL,ULTA,sensitive_reversal,537.3432649351882,0.48062564394459256,-0.6997119485823635,0.9985478535447331,4,5,2026-03-27
KEYS/NFLX,KEYS,NFLX,sensitive_reversal,4497.759000000002,1.2715427301245557,-0.6997119485823635,0.9996551950352349,18,5,2026-03-27
KEYS/CPRT,KEYS,CPRT,sensitive_reversal,1800.700000000006,0.5238590457114012,-0.6997119485823635,0.9972177126446566,28,5,2026-03-27
CVS/CTSH,CVS,CTSH,sensitive_reversal,1050.409346717157,0.5787897654513724,-0.6997119485823635,0.9999999931057871,16,5,2026-03-27
CVS/ADBE,CVS,ADBE,sensitive_reversal,-2457.686177506183,-0.9796279128557123,-0.6997119485823635,3.780308363607129e-09,24,5,2026-03-27
MGM/PTC,MGM,PTC,sensitive_reversal,-440.0399999999998,-1.0632797646826537,-0.6997119485823635,3.287394713789121e-05,8,5,2026-03-27
AMAT/TRMB,AMAT,TRMB,long_term_tilt,-3233.086084116244,-1.3230222641422027,-0.7153524857524154,1.375616593123575e-16,12,5,2026-03-27
AMAT/FISV,AMAT,FISV,long_term_tilt,8266.495893592655,1.1068411016194144,-0.7153524857524154,0.9994744055992553,18,5,2026-03-27
LRCX/FMC,LRCX,FMC,long_term_tilt,5292.79928517292,0.7414272682012388,-0.7153524857524154,0.9986915357404977,12,5,2026-03-27
LRCX/BR,LRCX,BR,long_term_tilt,1313.631587178276,0.3336009562658126,-0.7153524857524154,0.9999883891842897,14,5,2026-03-27
DVA/KLAC,DVA,KLAC,long_term_tilt,-78.27072530038663,-0.018893432940425583,-0.7153524857524154,0.004229506466710376,16,5,2026-03-27
DVA/INTU,DVA,INTU,long_term_tilt,-2178.78608924754,-0.950491365877063,-0.7153524857524154,3.263341261899551e-08,8,5,2026-03-27
TER/EFX,TER,EFX,long_term_tilt,-2146.289036808435,-0.5278135916486048,-0.7153524857524154,7.275925911721289e-18,14,5,2026-03-27
TER/FOXA,TER,FOXA,long_term_tilt,-2534.781452450426,-0.8468799655988918,-0.7153524857524154,2.989583567780495e-14,6,5,2026-03-27
JBL/FOX,JBL,FOX,long_term_tilt,-2016.682596056128,-0.9181339142609242,-0.7153524857524154,5.650110090981965e-10,4,5,2026-03-27
JBL/ULTA,JBL,ULTA,long_term_tilt,-193.0807530788358,-0.1925315185534433,-0.7153524857524154,1.982675059945969e-05,2,5,2026-03-27
KEYS/NFLX,KEYS,NFLX,long_term_tilt,5659.320000000006,1.2368662165264273,-0.7153524857524154,0.9999969368515105,12,5,2026-03-27
KEYS/CPRT,KEYS,CPRT,long_term_tilt,5737.540000000001,1.300694732558112,-0.7153524857524154,0.9999051207604869,14,5,2026-03-27
CVS/CTSH,CVS,CTSH,long_term_tilt,-642.1178089465169,-0.30119228750979127,-0.7153524857524154,5.418958963876912e-13,8,5,2026-03-27
CVS/ADBE,CVS,ADBE,long_term_tilt,2618.210385086094,0.9376387472994778,-0.7153524857524154,0.9999950485196084,12,5,2026-03-27
MGM/PTC,MGM,PTC,long_term_tilt,604.2299999999998,0.3118827042278699,-0.7153524857524154,0.9999964633808616,12,5,2026-03-27
AMAT/TRMB,AMAT,TRMB,slow_rebalance,279.5636491460557,0.09907417652585819,-0.7612014403646956,0.5372138875987175,10,5,2026-03-27
AMAT/FISV,AMAT,FISV,slow_rebalance,251.8588493666705,0.035122739511730235,-0.7612014403646956,0.122143924214697,26,5,2026-03-27
LRCX/FMC,LRCX,FMC,slow_rebalance,3860.961243680373,0.5202201882133541,-0.7612014403646956,0.9987422914906777,16,5,2026-03-27
LRCX/BR,LRCX,BR,slow_rebalance,4292.321990417335,1.055371355259835,-0.7612014403646956,0.9999999999999979,16,5,2026-03-27
DVA/KLAC,DVA,KLAC,slow_rebalance,4933.367114908423,1.0800001828044377,-0.7612014403646956,0.9999997859847201,18,5,2026-03-27
DVA/INTU,DVA,INTU,slow_rebalance,-653.694528093034,-0.3092667248119815,-0.7612014403646956,5.097369739425887e-12,14,5,2026-03-27
TER/EFX,TER,EFX,slow_rebalance,-4302.655285729546,-1.5725110987852753,-0.7612014403646956,1.0173231601103021e-14,16,5,2026-03-27
TER/FOXA,TER,FOXA,slow_rebalance,-880.9160785420454,-0.2631332644303202,-0.7612014403646956,2.3027863657068128e-17,8,5,2026-03-27
JBL/FOX,JBL,FOX,slow_rebalance,-2083.229160685608,-0.793186513815477,-0.7612014403646956,8.492265936496878e-15,6,5,2026-03-27
JBL/ULTA,JBL,ULTA,slow_rebalance,-412.9445691796096,-0.33425479036989664,-0.7612014403646956,3.913150880851553e-06,4,5,2026-03-27
KEYS/NFLX,KEYS,NFLX,slow_rebalance,3393.914999999999,0.7828055791333854,-0.7612014403646956,0.9999941457944499,12,5,2026-03-27
KEYS/CPRT,KEYS,CPRT,slow_rebalance,3661.519999999997,0.8504494310096841,-0.7612014403646956,0.9999936157421678,22,5,2026-03-27
CVS/CTSH,CVS,CTSH,slow_rebalance,1617.702748843673,1.0297015368473004,-0.7612014403646956,0.9999999999987177,10,5,2026-03-27
CVS/ADBE,CVS,ADBE,slow_rebalance,319.7500672834686,0.15370872480612163,-0.7612014403646956,0.8597380400054908,14,5,2026-03-27
MGM/PTC,MGM,PTC,slow_rebalance,1114.930000000001,0.9480221647975825,-0.7612014403646956,0.9999965932170629,4,5,2026-03-27
AMAT/TRMB,AMAT,TRMB,fast_strict,1795.759999359805,0.7851591184691395,-0.8126824711075875,0.9999999999999707,20,5,2026-03-27
AMAT/FISV,AMAT,FISV,fast_strict,2081.178557537545,0.7413018792002278,-0.8126824711075875,0.9999999999999984,26,5,2026-03-27
LRCX/FMC,LRCX,FMC,fast_strict,-203.3998515569833,-0.06604737119840366,-0.8126824711075875,0.000248111038486664,28,5,2026-03-27
LRCX/BR,LRCX,BR,fast_strict,2268.419029922046,0.7668573367394871,-0.8126824711075875,0.9999999999985234,24,5,2026-03-27
DVA/KLAC,DVA,KLAC,fast_strict,787.0388513244864,0.25415118842774165,-0.8126824711075875,0.9815482218696008,28,5,2026-03-27
DVA/INTU,DVA,INTU,fast_strict,1271.9457803559,0.631665313281077,-0.8126824711075875,0.9999999943003011,20,5,2026-03-27
TER/EFX,TER,EFX,fast_strict,2134.469964495708,0.6001766016287483,-0.8126824711075875,0.9999999654878559,26,5,2026-03-27
TER/FOXA,TER,FOXA,fast_strict,3168.039754101165,1.307229323256593,-0.8126824711075875,0.9999999999465551,12,5,2026-03-27
JBL/FOX,JBL,FOX,fast_strict,64.11562227928061,0.05190513279296637,-0.8126824711075875,0.17013334375223388,8,5,2026-03-27
JBL/ULTA,JBL,ULTA,fast_strict,-47.60918288934397,-0.03446774355312847,-0.8126824711075875,0.0014868383922602157,10,5,2026-03-27
KEYS/NFLX,KEYS,NFLX,fast_strict,578.6520000000023,0.14411028958012576,-0.8126824711075875,0.7972617241589108,26,5,2026-03-27
KEYS/CPRT,KEYS,CPRT,fast_strict,3639.549999999999,1.2505686214190523,-0.8126824711075875,0.9997632878922065,30,5,2026-03-27
CVS/CTSH,CVS,CTSH,fast_strict,241.1335082078092,0.16575757445712772,-0.8126824711075875,0.9417883304048584,22,5,2026-03-27
CVS/ADBE,CVS,ADBE,fast_strict,1795.182074653257,0.7748527084576113,-0.8126824711075875,0.9999998573096037,24,5,2026-03-27
MGM/PTC,MGM,PTC,fast_strict,620.6899999999988,0.7534434247143071,-0.8126824711075875,0.999992927741403,10,5,2026-03-27
AMAT/TRMB,AMAT,TRMB,long_term_kalman,-3346.611848089248,-1.3436991211222957,-0.9772387032133024,3.8645294059186366e-16,12,5,2026-03-27
AMAT/FISV,AMAT,FISV,long_term_kalman,5270.575936016543,0.6910186425793539,-0.9772387032133024,0.9998125990677493,18,5,2026-03-27
LRCX/FMC,LRCX,FMC,long_term_kalman,1558.461108507627,0.24812512631514502,-0.9772387032133024,0.9993069057012792,14,5,2026-03-27
LRCX/BR,LRCX,BR,long_term_kalman,2399.29844724912,0.5168900178234004,-0.9772387032133024,0.9999999883393018,14,5,2026-03-27
DVA/KLAC,DVA,KLAC,long_term_kalman,-66.03717259193343,-0.01584134955111382,-0.9772387032133024,0.005492825897933143,16,5,2026-03-27
DVA/INTU,DVA,INTU,long_term_kalman,-2170.236089247542,-0.9496939913862584,-0.9772387032133024,6.803594878318091e-08,8,5,2026-03-27
TER/EFX,TER,EFX,long_term_kalman,-2203.809620174663,-0.5437399610925944,-0.9772387032133024,2.4358775584030083e-18,14,5,2026-03-27
TER/FOXA,TER,FOXA,long_term_kalman,-2605.969585816445,-0.8830468299959054,-0.9772387032133024,2.253456583616444e-13,6,5,2026-03-27
JBL/FOX,JBL,FOX,long_term_kalman,-2003.286204303551,-0.9155233186926607,-0.9772387032133024,4.750630130630953e-10,4,5,2026-03-27
JBL/ULTA,JBL,ULTA,long_term_kalman,-198.3894030104173,-0.1989592034208256,-0.9772387032133024,1.8817153047539512e-05,2,5,2026-03-27
KEYS/NFLX,KEYS,NFLX,long_term_kalman,5137.928000000004,1.0620302797019152,-0.9772387032133024,0.9999991991469085,12,5,2026-03-27
KEYS/CPRT,KEYS,CPRT,long_term_kalman,7382.760000000002,1.538500744174732,-0.9772387032133024,0.9999874046855347,12,5,2026-03-27
CVS/CTSH,CVS,CTSH,long_term_kalman,-1837.770764914069,-0.7534853445683044,-0.9772387032133024,7.263154981510748e-11,8,5,2026-03-27
CVS/ADBE,CVS,ADBE,long_term_kalman,1750.262587709981,0.6192267148717774,-0.9772387032133024,0.9999958275962767,12,5,2026-03-27
MGM/PTC,MGM,PTC,long_term_kalman,490.1600000000012,0.22836517770921275,-0.9772387032133024,0.9990875008506558,12,5,2026-03-27
AMAT/TRMB,AMAT,TRMB,beta_neutral_long_term,-4657.748514962226,-1.1362603299407033,-0.9980880109874788,5.775055119715577e-15,12,5,2026-03-27
AMAT/FISV,AMAT,FISV,beta_neutral_long_term,3953.960179278783,0.45668197180646125,-0.9980880109874788,0.9998898483918037,20,5,2026-03-27
LRCX/FMC,LRCX,FMC,beta_neutral_long_term,-2430.096324421147,-0.3903004142655708,-0.9980880109874788,1.2403608001482516e-21,14,5,2026-03-27
LRCX/BR,LRCX,BR,beta_neutral_long_term,378.5810412732633,0.09910589834466182,-0.9980880109874788,0.5358067271028378,14,5,2026-03-27
DVA/KLAC,DVA,KLAC,beta_neutral_long_term,-1371.31774549124,-0.48375348933449347,-0.9980880109874788,4.086845395029538e-12,16,5,2026-03-27
DVA/INTU,DVA,INTU,beta_neutral_long_term,-1814.799309057904,-0.7235685097999165,-0.9980880109874788,2.3595733861645057e-06,8,5,2026-03-27
TER/EFX,TER,EFX,beta_neutral_long_term,-2089.758658750612,-0.5249361496156354,-0.9980880109874788,5.299210093316245e-18,14,5,2026-03-27
TER/FOXA,TER,FOXA,beta_neutral_long_term,-1853.106571458516,-0.4450537538964241,-0.9980880109874788,2.283100833620081e-14,6,5,2026-03-27
JBL/FOX,JBL,FOX,beta_neutral_long_term,-887.6113806529751,-0.21761433103984618,-0.9980880109874788,8.485041872990829e-09,4,5,2026-03-27
JBL/ULTA,JBL,ULTA,beta_neutral_long_term,307.126044731769,0.38139675774481785,-0.9980880109874788,0.9961119648841181,2,5,2026-03-27
KEYS/NFLX,KEYS,NFLX,beta_neutral_long_term,6789.515000000005,1.1934129052022564,-0.9980880109874788,0.9999999954169458,12,5,2026-03-27
KEYS/CPRT,KEYS,CPRT,beta_neutral_long_term,5431.709999999995,1.0483185304224971,-0.9980880109874788,0.9999994937729576,14,5,2026-03-27
CVS/CTSH,CVS,CTSH,beta_neutral_long_term,-73.99899764654583,-0.02990656492757347,-0.9980880109874788,0.0013058507848886798,8,5,2026-03-27
CVS/ADBE,CVS,ADBE,beta_neutral_long_term,2633.918417599587,0.8839696179575915,-0.9980880109874788,0.999920995696712,12,5,2026-03-27
MGM/PTC,MGM,PTC,beta_neutral_long_term,1376.659999999999,0.7325777733600477,-0.9980880109874788,0.99999999961063,12,5,2026-03-27
AMAT/TRMB,AMAT,TRMB,crash_defensive,1293.304338979935,0.861512904944648,-1.774986911914251,0.9999999999999265,14,5,2026-03-27
AMAT/FISV,AMAT,FISV,crash_defensive,1812.971489103203,0.8747013231634845,-1.774986911914251,1.0,28,5,2026-03-27
LRCX/FMC,LRCX,FMC,crash_defensive,2181.065946307844,1.0538737471687547,-1.774986911914251,0.9999999999999999,20,5,2026-03-27
LRCX/BR,LRCX,BR,crash_defensive,1120.119543435481,0.5552563494188396,-1.774986911914251,0.9999999982962402,18,5,2026-03-27
DVA/KLAC,DVA,KLAC,crash_defensive,1828.630006259841,0.902297019721809,-1.774986911914251,0.9999923958587454,22,5,2026-03-27
DVA/INTU,DVA,INTU,crash_defensive,1359.124246683143,1.1480037201246946,-1.774986911914251,0.9999999999704975,12,5,2026-03-27
TER/EFX,TER,EFX,crash_defensive,296.0920194912279,0.10043208629517839,-1.774986911914251,0.5624318841215089,24,5,2026-03-27
TER/FOXA,TER,FOXA,crash_defensive,1679.962522747431,0.9848450098634165,-1.774986911914251,0.9999999985693072,12,5,2026-03-27
JBL/FOX,JBL,FOX,crash_defensive,-600.5787359132014,-0.4798449403104704,-1.774986911914251,1.047936265660564e-13,8,5,2026-03-27
JBL/ULTA,JBL,ULTA,crash_defensive,358.1188286050358,0.6975701233640749,-1.774986911914251,0.9991024934186523,2,5,2026-03-27
KEYS/NFLX,KEYS,NFLX,crash_defensive,1378.901999999999,0.6852694730543475,-1.774986911914251,0.9999332240853166,12,5,2026-03-27
KEYS/CPRT,KEYS,CPRT,crash_defensive,1691.27,0.9330952118272173,-1.774986911914251,0.9994578407736232,20,5,2026-03-27
CVS/CTSH,CVS,CTSH,crash_defensive,-108.8625476304884,-0.12252899311556742,-1.774986911914251,1.0643194809329546e-05,14,5,2026-03-27
CVS/ADBE,CVS,ADBE,crash_defensive,-932.5685942191158,-0.6602291913874978,-1.774986911914251,1.4282861766183173e-14,24,5,2026-03-27
MGM/PTC,MGM,PTC,crash_defensive,412.92,0.5887628357127981,-1.774986911914251,0.9999999311276254,6,5,2026-03-27
AMAT/TRMB,AMAT,TRMB,vol_sized_conservative,613.7023864042237,0.6051493667295768,-2.8533269146962854,0.9999999992726982,12,5,2026-03-27
AMAT/FISV,AMAT,FISV,vol_sized_conservative,1515.021316098115,1.0035119711510547,-2.8533269146962854,1.0,26,5,2026-03-27
LRCX/FMC,LRCX,FMC,vol_sized_conservative,3309.078996003277,1.2532396971598416,-2.8533269146962854,0.996832889713788,18,5,2026-03-27
LRCX/BR,LRCX,BR,vol_sized_conservative,1486.015270911876,1.0755585663002156,-2.8533269146962854,1.0,16,5,2026-03-27
DVA/KLAC,DVA,KLAC,vol_sized_conservative,20.63243769596919,0.014674979553148802,-2.8533269146962854,0.04532921054361654,22,5,2026-03-27
DVA/INTU,DVA,INTU,vol_sized_conservative,671.3613765341438,0.7709881846891836,-2.8533269146962854,0.9999999979760492,14,5,2026-03-27
TER/EFX,TER,EFX,vol_sized_conservative,275.9290528874898,0.1306833169612433,-2.8533269146962854,0.8646445527917662,20,5,2026-03-27
TER/FOXA,TER,FOXA,vol_sized_conservative,742.2896829630449,0.7092009988666684,-2.8533269146962854,0.9999999986145165,12,5,2026-03-27
JBL/FOX,JBL,FOX,vol_sized_conservative,-124.78381443299,-0.22011261699814827,-2.8533269146962854,3.355702402913016e-05,4,5,2026-03-27
JBL/ULTA,JBL,ULTA,vol_sized_conservative,61.94363769468828,0.14340136641100487,-2.8533269146962854,0.842263773397404,4,5,2026-03-27
KEYS/NFLX,KEYS,NFLX,vol_sized_conservative,836.7490000000004,0.5574950372712781,-2.8533269146962854,0.9999143639952448,14,5,2026-03-27
KEYS/CPRT,KEYS,CPRT,vol_sized_conservative,1297.410000000001,0.9231326119030291,-2.8533269146962854,0.9994294070054753,20,5,2026-03-27
CVS/CTSH,CVS,CTSH,vol_sized_conservative,-16.85141266872643,-0.026265941318290173,-2.8533269146962854,0.004380918305311456,12,5,2026-03-27
CVS/ADBE,CVS,ADBE,vol_sized_conservative,-589.4613395936432,-0.5917602262488909,-2.8533269146962854,8.082229742124756e-13,22,5,2026-03-27
MGM/PTC,MGM,PTC,vol_sized_conservative,306.7499999999993,0.6978657738069391,-2.8533269146962854,0.9999936710571997,4,5,2026-03-27
AMAT/TRMB,AMAT,TRMB,conservative,-31.64307287875283,-0.0328791032668008,-3.3928065906373015,0.0024972042527967937,16,5,2026-03-27
AMAT/FISV,AMAT,FISV,conservative,1197.93378524539,0.8530275603091179,-3.3928065906373015,1.0,30,5,2026-03-27
LRCX/FMC,LRCX,FMC,conservative,3043.281895690949,1.200436941418066,-3.3928065906373015,0.9946941483502266,22,5,2026-03-27
LRCX/BR,LRCX,BR,conservative,335.7348345473562,0.2836350702865369,-3.3928065906373015,0.9982770469444133,20,5,2026-03-27
DVA/KLAC,DVA,KLAC,conservative,747.5437649882597,0.6834508182641245,-3.3928065906373015,0.9999999959171086,22,5,2026-03-27
DVA/INTU,DVA,INTU,conservative,1075.761953084272,1.0526447258576523,-3.3928065906373015,0.9999985357187575,14,5,2026-03-27
TER/EFX,TER,EFX,conservative,894.9720922937313,0.4240178016338433,-3.3928065906373015,0.9999999399730792,24,5,2026-03-27
TER/FOXA,TER,FOXA,conservative,328.2988942184579,0.3575993084745202,-3.3928065906373015,0.9997652624621878,12,5,2026-03-27
JBL/FOX,JBL,FOX,conservative,-229.8583930155775,-0.30688709026236044,-3.3928065906373015,5.695125604905581e-09,8,5,2026-03-27
JBL/ULTA,JBL,ULTA,conservative,401.3769694350165,1.1922585754958348,-3.3928065906373015,0.9966532353937148,2,5,2026-03-27
KEYS/NFLX,KEYS,NFLX,conservative,272.1649999999997,0.1869633712807129,-3.3928065906373015,0.9553540695681835,14,5,2026-03-27
KEYS/CPRT,KEYS,CPRT,conservative,937.0900000000019,0.7034763518469709,-3.3928065906373015,0.9982464291184223,24,5,2026-03-27
CVS/CTSH,CVS,CTSH,conservative,-179.5693086349352,-0.2875158140933431,-3.3928065906373015,2.302556036686993e-08,14,5,2026-03-27
CVS/ADBE,CVS,ADBE,conservative,-861.690629781655,-0.891177850667177,-3.3928065906373015,1.9805707866348921e-10,26,5,2026-03-27
MGM/PTC,MGM,PTC,conservative,250.3900000000004,0.4825592950690788,-3.3928065906373015,0.9999992918102149,6,5,2026-03-27
AMAT/TRMB,AMAT,TRMB,aggressive,11936.54159845032,1.0983389055095572,1.620386857130398,1.0,54,6,2026-05-06
AMAT/FISV,AMAT,FISV,aggressive,26631.79197731916,1.2909991757563986,1.620386857130398,0.9999858461842265,54,6,2026-05-06
LRCX/FMC,LRCX,FMC,aggressive,31243.73115627448,1.3402937654551537,1.620386857130398,0.9999999247036855,54,6,2026-05-06
LRCX/BR,LRCX,BR,aggressive,18972.82813144124,1.2812858760952661,1.620386857130398,1.0,58,6,2026-05-06
DVA/KLAC,DVA,KLAC,aggressive,9613.918586673317,0.5685075569807714,1.620386857130398,0.9999884894679991,48,6,2026-05-06
DVA/INTU,DVA,INTU,aggressive,4636.293862808448,0.3805202721532765,1.620386857130398,0.9999985591066439,48,6,2026-05-06
TER/EFX,TER,EFX,aggressive,11484.41772109131,0.6297858963581316,1.620386857130398,0.9999999999934033,50,6,2026-05-06
TER/FOXA,TER,FOXA,aggressive,19719.23376863659,1.099526963888645,1.620386857130398,1.0,56,6,2026-05-06
JBL/FOX,JBL,FOX,aggressive,-4654.563772998605,-0.3710439980213728,1.620386857130398,9.998140038489219e-19,52,6,2026-05-06
JBL/ULTA,JBL,ULTA,aggressive,5137.516056624767,0.3980014921248336,1.620386857130398,0.9999999719539451,52,6,2026-05-06
KEYS/NFLX,KEYS,NFLX,aggressive,19703.90200000004,1.3037400042218237,1.620386857130398,0.9999999999999861,50,6,2026-05-06
KEYS/CPRT,KEYS,CPRT,aggressive,15288.26999999997,1.2852034854753562,1.620386857130398,0.9999989070302643,50,6,2026-05-06
CVS/CTSH,CVS,CTSH,aggressive,-941.7865626712205,-0.09058835918828814,1.620386857130398,1.4589945018995002e-05,48,6,2026-05-06
CVS/ADBE,CVS,ADBE,aggressive,14818.99614532293,1.074659935960129,1.620386857130398,1.0,52,6,2026-05-06
MGM/PTC,MGM,PTC,aggressive,9425.620000000019,0.9229012868932411,1.620386857130398,1.0,46,6,2026-05-06
AMAT/TRMB,AMAT,TRMB,kalman_aggressive,9587.65400376722,1.0942995970364313,1.1808186749009273,1.0,58,6,2026-05-06
AMAT/FISV,AMAT,FISV,kalman_aggressive,22110.34171906946,1.3473649645866663,1.1808186749009273,0.9999841025832511,56,6,2026-05-06
LRCX/FMC,LRCX,FMC,kalman_aggressive,21785.17969118315,1.27636729056657,1.1808186749009273,0.9999996927295237,56,6,2026-05-06
LRCX/BR,LRCX,BR,kalman_aggressive,12209.70163495461,0.9217610341547194,1.1808186749009273,1.0,60,6,2026-05-06
DVA/KLAC,DVA,KLAC,kalman_aggressive,3634.901468901995,0.246414539476939,1.1808186749009273,0.977420351714329,50,6,2026-05-06
DVA/INTU,DVA,INTU,kalman_aggressive,5049.419679385947,0.47318679387639495,1.1808186749009273,0.9999999998538424,48,6,2026-05-06
TER/EFX,TER,EFX,kalman_aggressive,12016.0517385942,0.737281019322245,1.1808186749009273,0.9999999999999382,52,6,2026-05-06
TER/FOXA,TER,FOXA,kalman_aggressive,3780.721216958756,0.2652826690715158,1.1808186749009273,0.9987508801330571,62,6,2026-05-06
JBL/FOX,JBL,FOX,kalman_aggressive,4920.546462652315,0.5044584330783424,1.1808186749009273,0.999999999997474,56,6,2026-05-06
JBL/ULTA,JBL,ULTA,kalman_aggressive,-3950.086286528692,-0.4291919179068842,1.1808186749009273,1.90681682092162e-29,50,6,2026-05-06
KEYS/NFLX,KEYS,NFLX,kalman_aggressive,4454.006000000029,0.35664278067089034,1.1808186749009273,0.9999989504598493,54,6,2026-05-06
KEYS/CPRT,KEYS,CPRT,kalman_aggressive,17710.45999999999,1.7408320279181448,1.1808186749009273,0.9999990597067949,52,6,2026-05-06
CVS/CTSH,CVS,CTSH,kalman_aggressive,-157.5359426448213,-0.01832141250281904,1.1808186749009273,0.005938120649024273,52,6,2026-05-06
CVS/ADBE,CVS,ADBE,kalman_aggressive,5975.911627864685,0.5982138846896062,1.1808186749009273,0.9999999999993983,56,6,2026-05-06
MGM/PTC,MGM,PTC,kalman_aggressive,7244.190000000002,0.8855632024201612,1.1808186749009273,1.0,48,6,2026-05-06
AMAT/TRMB,AMAT,TRMB,crash_tolerant,5634.612893048746,0.8578663770540393,0.5280172188914068,0.9999999999999651,16,6,2026-05-06
AMAT/FISV,AMAT,FISV,crash_tolerant,8687.349976597001,0.9572959455745946,0.5280172188914068,1.0,30,6,2026-05-06
LRCX/FMC,LRCX,FMC,crash_tolerant,8866.449374916958,1.0275564044846894,0.5280172188914068,0.9999999999999999,20,6,2026-05-06
LRCX/BR,LRCX,BR,crash_tolerant,3450.441984513136,0.3655830825445827,0.5280172188914068,0.9999978127562607,22,6,2026-05-06
DVA/KLAC,DVA,KLAC,crash_tolerant,7411.717183976167,0.8608530060230701,0.5280172188914068,0.9999849068708041,22,6,2026-05-06
DVA/INTU,DVA,INTU,crash_tolerant,3441.716484108459,0.5725867417498043,0.5280172188914068,0.9999997952962024,14,6,2026-05-06
TER/EFX,TER,EFX,crash_tolerant,-1610.46686969331,-0.12563477880876467,0.5280172188914068,0.0002254009754446061,28,6,2026-05-06
TER/FOXA,TER,FOXA,crash_tolerant,6902.77840911456,0.9643752851928923,0.5280172188914068,0.9999999988458732,12,6,2026-05-06
JBL/FOX,JBL,FOX,crash_tolerant,-2422.10574851329,-0.45239400447282513,0.5280172188914068,1.8497626676509293e-13,8,6,2026-05-06
JBL/ULTA,JBL,ULTA,crash_tolerant,3572.854073154035,1.210841601328489,0.5280172188914068,0.9999999462455518,6,6,2026-05-06
KEYS/NFLX,KEYS,NFLX,crash_tolerant,5743.580000000005,0.660575183496242,0.5280172188914068,0.9999119075508627,12,6,2026-05-06
KEYS/CPRT,KEYS,CPRT,crash_tolerant,10356.62000000001,1.2367575393272785,0.5280172188914068,0.9997944224532367,24,6,2026-05-06
CVS/CTSH,CVS,CTSH,crash_tolerant,1084.218904403341,0.26911580236485405,0.5280172188914068,0.9997280781425845,16,6,2026-05-06
CVS/ADBE,CVS,ADBE,crash_tolerant,-4591.137019867485,-0.7432185901425662,0.5280172188914068,1.79164270264639e-15,26,6,2026-05-06
MGM/PTC,MGM,PTC,crash_tolerant,2257.920000000003,0.5646804276725443,0.5280172188914068,0.9999999999983724,10,6,2026-05-06
AMAT/TRMB,AMAT,TRMB,beta_neutral,4356.817156359737,0.9610733747147546,0.4520765342642122,0.9999999462956168,14,6,2026-05-06
AMAT/FISV,AMAT,FISV,beta_neutral,6061.173077632331,1.0431892703115353,0.4520765342642122,0.9999999999827953,28,6,2026-05-06
LRCX/FMC,LRCX,FMC,beta_neutral,11353.84602633592,1.5765453094615713,0.4520765342642122,1.0,17,6,2026-05-06
LRCX/BR,LRCX,BR,beta_neutral,1745.234986433818,0.3735914979592412,0.4520765342642122,0.9999986834619935,22,6,2026-05-06
DVA/KLAC,DVA,KLAC,beta_neutral,3613.459536360227,0.9528757244645485,0.4520765342642122,0.9999999994592806,21,6,2026-05-06
DVA/INTU,DVA,INTU,beta_neutral,703.318470809551,0.24385230674143474,0.4520765342642122,0.993842624735694,16,6,2026-05-06
TER/EFX,TER,EFX,beta_neutral,572.3916691625336,0.07889328971935594,0.4520765342642122,0.34658950894920537,24,6,2026-05-06
TER/FOXA,TER,FOXA,beta_neutral,4088.156861802044,0.9520759687540876,0.4520765342642122,0.9999999986687781,12,6,2026-05-06
JBL/FOX,JBL,FOX,beta_neutral,-90.38010309278297,-0.035623939373585115,0.4520765342642122,0.002138239091619647,4,6,2026-05-06
JBL/ULTA,JBL,ULTA,beta_neutral,1837.693218978784,1.1796324381880556,0.4520765342642122,0.9999999999995488,8,6,2026-05-06
KEYS/NFLX,KEYS,NFLX,beta_neutral,2446.671999999998,0.5474280966903375,0.4520765342642122,0.9999477804695492,14,6,2026-05-06
KEYS/CPRT,KEYS,CPRT,beta_neutral,8730.540000000003,1.1470300726255103,0.4520765342642122,0.9991121793886981,26,6,2026-05-06
CVS/CTSH,CVS,CTSH,beta_neutral,2433.295019558997,1.2813481789096797,0.4520765342642122,0.9999999999999989,14,6,2026-05-06
CVS/ADBE,CVS,ADBE,beta_neutral,-2440.333310409916,-0.6521794702857208,0.4520765342642122,1.1683688888803214e-11,24,6,2026-05-06
MGM/PTC,MGM,PTC,beta_neutral,1650.280000000001,0.8828222116976331,0.4520765342642122,0.9999999999994703,8,6,2026-05-06
AMAT/TRMB,AMAT,TRMB,trend_leverage,4156.805462676361,0.8548103012310778,0.3064340671151839,0.9999999999999674,16,6,2026-05-06
AMAT/FISV,AMAT,FISV,trend_leverage,5781.121923095403,0.851113302812872,0.3064340671151839,1.0,30,6,2026-05-06
LRCX/FMC,LRCX,FMC,trend_leverage,6643.653537183956,1.029608757756015,0.3064340671151839,0.9999999999999999,20,6,2026-05-06
LRCX/BR,LRCX,BR,trend_leverage,4932.220374689503,0.6495634326327272,0.3064340671151839,0.9999999999999648,22,6,2026-05-06
DVA/KLAC,DVA,KLAC,trend_leverage,5546.750519083108,0.8662443894783336,0.3064340671151839,0.9999870574255487,22,6,2026-05-06
DVA/INTU,DVA,INTU,trend_leverage,3336.279078895614,0.7308975447610169,0.3064340671151839,0.9999999930026255,14,6,2026-05-06
TER/EFX,TER,EFX,trend_leverage,-1433.056544477997,-0.1502778583737915,0.3064340671151839,0.00011723571101167496,28,6,2026-05-06
TER/FOXA,TER,FOXA,trend_leverage,5163.414801434375,0.966185609125483,0.3064340671151839,0.9999999988905416,12,6,2026-05-06
JBL/FOX,JBL,FOX,trend_leverage,-2217.853544925561,-0.5568550179178489,0.3064340671151839,1.36293774165879e-13,8,6,2026-05-06
JBL/ULTA,JBL,ULTA,trend_leverage,2648.112324971038,1.1983594812457348,0.3064340671151839,0.9999999284409918,6,6,2026-05-06
KEYS/NFLX,KEYS,NFLX,trend_leverage,4260.602000000003,0.6611049295913959,0.3064340671151839,0.9999134126724943,12,6,2026-05-06
KEYS/CPRT,KEYS,CPRT,trend_leverage,7401.460000000004,1.179361128843544,0.3064340671151839,0.9998353178359162,26,6,2026-05-06
CVS/CTSH,CVS,CTSH,trend_leverage,805.0683348415389,0.26733726627865234,0.3064340671151839,0.9996920673306582,16,6,2026-05-06
CVS/ADBE,CVS,ADBE,trend_leverage,-3419.395234413487,-0.7424006279082374,0.3064340671151839,1.4393893455380176e-15,26,6,2026-05-06
MGM/PTC,MGM,PTC,trend_leverage,1669.980000000002,0.5643722608349557,0.3064340671151839,0.9999999999983884,10,6,2026-05-06
AMAT/TRMB,AMAT,TRMB,weekly_aligned_windows,4791.171075047419,0.6339212071330066,0.2745010313719023,0.9999999998307578,102,6,2026-05-06
AMAT/FISV,AMAT,FISV,weekly_aligned_windows,16238.7062720827,1.4504059487553214,0.2745010313719023,0.9999999975708439,94,6,2026-05-06
LRCX/FMC,LRCX,FMC,weekly_aligned_windows,1553.770599714785,0.16038109942564022,0.2745010313719023,0.970767468984724,88,6,2026-05-06
LRCX/BR,LRCX,BR,weekly_aligned_windows,4255.298255923731,0.558483231586734,0.2745010313719023,1.0,94,6,2026-05-06
DVA/KLAC,DVA,KLAC,weekly_aligned_windows,-28.80660592995355,-0.0032825069994236312,0.2745010313719023,0.015122762288895227,92,6,2026-05-06
DVA/INTU,DVA,INTU,weekly_aligned_windows,747.9878836497086,0.10081788276259966,0.2745010313719023,0.5866073632030658,96,6,2026-05-06
TER/EFX,TER,EFX,weekly_aligned_windows,13178.84086863545,1.1447578205968456,0.2745010313719023,1.0,96,6,2026-05-06
TER/FOXA,TER,FOXA,weekly_aligned_windows,-1049.082542036543,-0.09391395543998825,0.2745010313719023,9.21345945697887e-05,102,6,2026-05-06
JBL/FOX,JBL,FOX,weekly_aligned_windows,-676.5524168703441,-0.09790391714767754,0.2745010313719023,2.633421728295376e-05,92,6,2026-05-06
JBL/ULTA,JBL,ULTA,weekly_aligned_windows,-2148.214157581517,-0.4132616412807741,0.2745010313719023,2.927891784059332e-29,90,6,2026-05-06
KEYS/NFLX,KEYS,NFLX,weekly_aligned_windows,5117.557000000028,0.7738273148593484,0.2745010313719023,0.9999999999999845,84,6,2026-05-06
KEYS/CPRT,KEYS,CPRT,weekly_aligned_windows,5645.670000000002,1.032034867938802,0.2745010313719023,0.9999999898816408,94,6,2026-05-06
CVS/CTSH,CVS,CTSH,weekly_aligned_windows,-1698.145707491514,-0.2912005531918944,0.2745010313719023,4.435680413873937e-19,100,6,2026-05-06
CVS/ADBE,CVS,ADBE,weekly_aligned_windows,2600.996924376117,0.41219992521887916,0.2745010313719023,0.999999954212508,90,6,2026-05-06
MGM/PTC,MGM,PTC,weekly_aligned_windows,-350.0100000000102,-0.06454372478846891,0.2745010313719023,9.039506003840524e-05,82,6,2026-05-06
AMAT/TRMB,AMAT,TRMB,monthly_aligned_windows,1798.798555852405,0.3880685370293976,0.2325518161375814,0.999999997617077,36,6,2026-05-06
AMAT/FISV,AMAT,FISV,monthly_aligned_windows,4130.178474343085,0.6409498992335728,0.2325518161375814,0.9999999999670313,36,6,2026-05-06
LRCX/FMC,LRCX,FMC,monthly_aligned_windows,11937.32058549263,1.1262162396653008,0.2325518161375814,0.9999983786845772,36,6,2026-05-06
LRCX/BR,LRCX,BR,monthly_aligned_windows,4148.179041702697,0.6238849556259415,0.2325518161375814,0.9999993554762449,36,6,2026-05-06
DVA/KLAC,DVA,KLAC,monthly_aligned_windows,-4466.085593773825,-0.5041292693787378,0.2325518161375814,2.1142096794448416e-08,36,6,2026-05-06
DVA/INTU,DVA,INTU,monthly_aligned_windows,1580.23904044411,0.23048387120609132,0.2325518161375814,0.9982496069183219,34,6,2026-05-06
TER/EFX,TER,EFX,monthly_aligned_windows,8796.165425056368,0.7513492452814322,0.2325518161375814,0.9999997687270539,34,6,2026-05-06
TER/FOXA,TER,FOXA,monthly_aligned_windows,8670.136167485702,0.7966141466511054,0.2325518161375814,0.9999993361841979,36,6,2026-05-06
JBL/FOX,JBL,FOX,monthly_aligned_windows,-759.6306755414587,-0.15390920811129358,0.2325518161375814,8.051935222437522e-11,36,6,2026-05-06
JBL/ULTA,JBL,ULTA,monthly_aligned_windows,-6073.951344407278,-1.2458761046839406,0.2325518161375814,1.0162348537001872e-36,36,6,2026-05-06
KEYS/NFLX,KEYS,NFLX,monthly_aligned_windows,10911.19200000001,1.1611200474815002,0.2325518161375814,0.9999999993455887,36,6,2026-05-06
KEYS/CPRT,KEYS,CPRT,monthly_aligned_windows,5568.480000000008,1.0956205540081994,0.2325518161375814,0.9999882487841475,36,6,2026-05-06
CVS/CTSH,CVS,CTSH,monthly_aligned_windows,2080.948776398486,0.5462444442275699,0.2325518161375814,0.9999999999741602,36,6,2026-05-06
CVS/ADBE,CVS,ADBE,monthly_aligned_windows,-6233.212708115814,-0.627261409886316,0.2325518161375814,1.0222314825188476e-09,36,6,2026-05-06
MGM/PTC,MGM,PTC,monthly_aligned_windows,1037.74,0.2549374316112019,0.2325518161375814,0.9997953138949895,34,6,2026-05-06
AMAT/TRMB,AMAT,TRMB,short_term_beta_neutral,3461.804392233886,0.5903833091459881,0.1923372550325498,0.9999999989572671,22,6,2026-05-06
AMAT/FISV,AMAT,FISV,short_term_beta_neutral,4138.281973640253,0.7243446621481303,0.1923372550325498,0.999999999999816,28,6,2026-05-06
LRCX/FMC,LRCX,FMC,short_term_beta_neutral,6714.276995193326,1.09434984031229,0.1923372550325498,1.0,27,6,2026-05-06
LRCX/BR,LRCX,BR,short_term_beta_neutral,5354.998260875627,1.2295970643067784,0.1923372550325498,1.0,28,6,2026-05-06
DVA/KLAC,DVA,KLAC,short_term_beta_neutral,669.93768387959,0.17210328861578936,0.1923372550325498,0.8820877379741295,32,6,2026-05-06
DVA/INTU,DVA,INTU,short_term_beta_neutral,1695.847545632415,0.5897967952663228,0.1923372550325498,0.9999999955547446,22,6,2026-05-06
TER/EFX,TER,EFX,short_term_beta_neutral,4529.117592317662,0.6878097014703994,0.1923372550325498,0.9999981850174731,28,6,2026-05-06
TER/FOXA,TER,FOXA,short_term_beta_neutral,4988.625448400684,1.0363261368707606,0.1923372550325498,0.9999999701935702,13,6,2026-05-06
JBL/FOX,JBL,FOX,short_term_beta_neutral,1673.173127927582,0.7097748375689196,0.1923372550325498,0.9999999724773966,14,6,2026-05-06
JBL/ULTA,JBL,ULTA,short_term_beta_neutral,709.0381276511283,0.1925874481999789,0.1923372550325498,0.9426629519521251,16,6,2026-05-06
KEYS/NFLX,KEYS,NFLX,short_term_beta_neutral,3474.260999999994,0.8731269058927259,0.1923372550325498,0.9999758768740733,28,6,2026-05-06
KEYS/CPRT,KEYS,CPRT,short_term_beta_neutral,4428.899999999991,0.8369529698339383,0.1923372550325498,0.9999999112988542,34,6,2026-05-06
CVS/CTSH,CVS,CTSH,short_term_beta_neutral,-469.8831910481366,-0.15261984358695285,0.1923372550325498,4.118867513652603e-08,32,6,2026-05-06
CVS/ADBE,CVS,ADBE,short_term_beta_neutral,-134.9063343015955,-0.03495694385895797,0.1923372550325498,0.004888209564846589,26,6,2026-05-06
MGM/PTC,MGM,PTC,short_term_beta_neutral,-1367.739999999995,-0.6837345790100994,0.1923372550325498,2.094574585320941e-17,20,6,2026-05-06
AMAT/TRMB,AMAT,TRMB,fast_rebalance,1940.593793324574,0.5350671677325837,0.0388966739217798,0.9999999999951266,22,6,2026-05-06
AMAT/FISV,AMAT,FISV,fast_rebalance,4787.456293885478,1.2358005830117702,0.0388966739217798,1.0,24,6,2026-05-06
LRCX/FMC,LRCX,FMC,fast_rebalance,3889.922196412103,0.5217704873024189,0.0388966739217798,0.9980985424922415,30,6,2026-05-06
LRCX/BR,LRCX,BR,fast_rebalance,5606.200046825737,1.1607028975896236,0.0388966739217798,1.0,28,6,2026-05-06
DVA/KLAC,DVA,KLAC,fast_rebalance,957.4451666981122,0.2106340411658348,0.0388966739217798,0.9654210515028993,30,6,2026-05-06
DVA/INTU,DVA,INTU,fast_rebalance,1795.486676996517,0.61311899463415,0.0388966739217798,0.9999999989949996,22,6,2026-05-06
TER/EFX,TER,EFX,fast_rebalance,1266.264865378749,0.25619580157624927,0.0388966739217798,0.9999495799250037,28,6,2026-05-06
TER/FOXA,TER,FOXA,fast_rebalance,4383.238723072633,1.3068856119978092,0.0388966739217798,0.9999999999343818,12,6,2026-05-06
JBL/FOX,JBL,FOX,fast_rebalance,-185.0496318628191,-0.10448020642569815,0.0388966739217798,0.00013256126122817582,8,6,2026-05-06
JBL/ULTA,JBL,ULTA,fast_rebalance,761.5410843933405,0.3307476632637935,0.0388966739217798,0.9995204815895476,12,6,2026-05-06
KEYS/NFLX,KEYS,NFLX,fast_rebalance,2039.399000000002,0.4149745014141813,0.0388966739217798,0.9998708637533732,28,6,2026-05-06
KEYS/CPRT,KEYS,CPRT,fast_rebalance,4610.96,1.1082285224147903,0.0388966739217798,0.9997657644576685,34,6,2026-05-06
CVS/CTSH,CVS,CTSH,fast_rebalance,1322.69220360347,0.6483773170179152,0.0388966739217798,0.99999999999972,26,6,2026-05-06
CVS/ADBE,CVS,ADBE,fast_rebalance,1179.955381902106,0.3467169600030987,0.0388966739217798,0.999992167241498,26,6,2026-05-06
MGM/PTC,MGM,PTC,fast_rebalance,1221.869999999998,0.6774401225895881,0.0388966739217798,0.9999999997484087,14,6,2026-05-06
AMAT/TRMB,AMAT,TRMB,entry_filter_kalman,2329.768115053746,0.657078570464431,-0.0242232990655755,0.9999999999909711,14,6,2026-05-06
AMAT/FISV,AMAT,FISV,entry_filter_kalman,3670.891500899653,0.7744339789517378,-0.0242232990655755,1.0,28,6,2026-05-06
LRCX/FMC,LRCX,FMC,entry_filter_kalman,10429.27513921377,1.4149884360756142,-0.0242232990655755,0.9994638721660732,16,6,2026-05-06
LRCX/BR,LRCX,BR,entry_filter_kalman,1866.866341683384,0.389724321699672,-0.0242232990655755,0.9999994504654101,20,6,2026-05-06
DVA/KLAC,DVA,KLAC,entry_filter_kalman,4173.727421998196,0.9814229111965347,-0.0242232990655755,0.9999956159830348,20,6,2026-05-06
DVA/INTU,DVA,INTU,entry_filter_kalman,-261.6580358844869,-0.07344305941524805,-0.0242232990655755,4.3425577959914646e-05,14,6,2026-05-06
TER/EFX,TER,EFX,entry_filter_kalman,1042.380434219551,0.17261856828803446,-0.0242232990655755,0.9943848209693256,20,6,2026-05-06
TER/FOXA,TER,FOXA,entry_filter_kalman,1888.997092555759,0.5728922781277894,-0.0242232990655755,0.9999999855675047,8,6,2026-05-06
JBL/FOX,JBL,FOX,entry_filter_kalman,-597.4724154556449,-0.23377380262356207,-0.0242232990655755,8.486534772860637e-11,6,6,2026-05-06
JBL/ULTA,JBL,ULTA,entry_filter_kalman,1228.733496366001,0.8440902703396976,-0.0242232990655755,0.9999998599233232,6,6,2026-05-06
KEYS/NFLX,KEYS,NFLX,entry_filter_kalman,5284.013999999999,1.3562214608734395,-0.0242232990655755,0.9994403518321534,10,6,2026-05-06
KEYS/CPRT,KEYS,CPRT,entry_filter_kalman,5240.350000000003,1.2058224830964637,-0.0242232990655755,0.9998571293857308,22,6,2026-05-06
CVS/CTSH,CVS,CTSH,entry_filter_kalman,-1743.054546051295,-0.8443151729368903,-0.0242232990655755,3.2172924390618093e-13,14,6,2026-05-06
CVS/ADBE,CVS,ADBE,entry_filter_kalman,-1997.135078112437,-0.6347535851327549,-0.0242232990655755,1.6296585924548435e-17,22,6,2026-05-06
MGM/PTC,MGM,PTC,entry_filter_kalman,1452.279999999998,0.8038393659591475,-0.0242232990655755,0.9999999999985093,6,6,2026-05-06
AMAT/TRMB,AMAT,TRMB,short_term_tilt,1945.633793324574,0.5366046242550992,-0.0353775075688512,0.9999999999955723,22,6,2026-05-06
AMAT/FISV,AMAT,FISV,short_term_tilt,4789.126293885478,1.2363502946039222,-0.0353775075688512,1.0,24,6,2026-05-06
LRCX/FMC,LRCX,FMC,short_term_tilt,3678.543088477004,0.49378978599782675,-0.0353775075688512,0.9981791906463592,30,6,2026-05-06
LRCX/BR,LRCX,BR,short_term_tilt,5589.45736765346,1.1584261126994033,-0.0353775075688512,1.0,28,6,2026-05-06
DVA/KLAC,DVA,KLAC,short_term_tilt,636.3251322918165,0.15974963426890604,-0.0353775075688512,0.8500372017644786,30,6,2026-05-06
DVA/INTU,DVA,INTU,short_term_tilt,1787.724279631494,0.6180135174397035,-0.0353775075688512,0.999999998220653,20,6,2026-05-06
TER/EFX,TER,EFX,short_term_tilt,1266.264865378749,0.25619580157624927,-0.0353775075688512,0.9999495799250037,28,6,2026-05-06
TER/FOXA,TER,FOXA,short_term_tilt,4383.238723072633,1.3068856119978092,-0.0353775075688512,0.9999999999343818,12,6,2026-05-06
JBL/FOX,JBL,FOX,short_term_tilt,-286.4247346625291,-0.16118655058344447,-0.0353775075688512,2.433213656648181e-05,10,6,2026-05-06
JBL/ULTA,JBL,ULTA,short_term_tilt,291.8342725142315,0.09797488271634798,-0.0353775075688512,0.5460794257065252,16,6,2026-05-06
KEYS/NFLX,KEYS,NFLX,short_term_tilt,2033.813000000005,0.4138397571137693,-0.0353775075688512,0.9998676316997259,28,6,2026-05-06
KEYS/CPRT,KEYS,CPRT,short_term_tilt,4639.379999999999,1.1143159684855528,-0.0353775075688512,0.9997699103919719,34,6,2026-05-06
CVS/CTSH,CVS,CTSH,short_term_tilt,701.0594876735893,0.33183619662275055,-0.0353775075688512,0.999999622094194,26,6,2026-05-06
CVS/ADBE,CVS,ADBE,short_term_tilt,1140.033683344413,0.33316238102465223,-0.0353775075688512,0.9999893291454672,26,6,2026-05-06
MGM/PTC,MGM,PTC,short_term_tilt,1228.609999999998,0.6819605132869246,-0.0353775075688512,0.9999999997655284,14,6,2026-05-06
AMAT/TRMB,AMAT,TRMB,let_profits_run,-2153.569209308189,-0.4822081261658075,-0.0355608742572009,2.558124337452217e-26,12,6,2026-05-06
AMAT/FISV,AMAT,FISV,let_profits_run,7719.631052631762,0.8057544927881363,-0.0355608742572009,0.9999992749404389,24,6,2026-05-06
LRCX/FMC,LRCX,FMC,let_profits_run,5629.562380596501,0.7155733014079084,-0.0355608742572009,0.9993797819271838,14,6,2026-05-06
LRCX/BR,LRCX,BR,let_profits_run,6802.044270137877,1.2871060488094852,-0.0355608742572009,1.0,16,6,2026-05-06
DVA/KLAC,DVA,KLAC,let_profits_run,4180.974497465904,0.8012797791333222,-0.0355608742572009,0.9999932045804257,14,6,2026-05-06
DVA/INTU,DVA,INTU,let_profits_run,77.25053860673756,0.026202650165549637,-0.0355608742572009,0.06769623596413046,12,6,2026-05-06
TER/EFX,TER,EFX,let_profits_run,-883.1723682567649,-0.132713205336017,-0.0355608742572009,2.608424355197655e-05,16,6,2026-05-06
TER/FOXA,TER,FOXA,let_profits_run,-1225.577170685669,-0.3742454621297025,-0.0355608742572009,1.1602132862614131e-18,6,6,2026-05-06
JBL/FOX,JBL,FOX,let_profits_run,-2442.993833169534,-0.8354477641529476,-0.0355608742572009,2.7551872344669024e-17,6,6,2026-05-06
JBL/ULTA,JBL,ULTA,let_profits_run,-1008.037388366285,-1.088194688158721,-0.0355608742572009,6.652705964636055e-08,8,6,2026-05-06
KEYS/NFLX,KEYS,NFLX,let_profits_run,5633.254000000003,1.09142495421956,-0.0355608742572009,0.9999996223430636,12,6,2026-05-06
KEYS/CPRT,KEYS,CPRT,let_profits_run,9228.430000000002,1.8276987149267732,-0.0355608742572009,0.9999981991891431,16,6,2026-05-06
CVS/CTSH,CVS,CTSH,let_profits_run,986.9868011120947,0.744398888568626,-0.0355608742572009,0.9999999987454672,6,6,2026-05-06
CVS/ADBE,CVS,ADBE,let_profits_run,742.8376959140824,0.23097125732891347,-0.0355608742572009,0.9985969626286569,14,6,2026-05-06
MGM/PTC,MGM,PTC,let_profits_run,60.93999999999807,0.027686310393182267,-0.0355608742572009,0.06945813994626655,10,6,2026-05-06
AMAT/TRMB,AMAT,TRMB,entry_threshold_strong,2338.988789378347,0.6659126968194844,-0.0502658293824255,0.9999999999943832,14,6,2026-05-06
AMAT/FISV,AMAT,FISV,entry_threshold_strong,3746.873759535873,0.7900780333797969,-0.0502658293824255,1.0,28,6,2026-05-06
LRCX/FMC,LRCX,FMC,entry_threshold_strong,9963.54693291632,1.3346609760140726,-0.0502658293824255,0.9987721183462602,16,6,2026-05-06
LRCX/BR,LRCX,BR,entry_threshold_strong,1826.739596842184,0.38317547811278785,-0.0502658293824255,0.9999991790528517,20,6,2026-05-06
DVA/KLAC,DVA,KLAC,entry_threshold_strong,4116.910392413644,0.9742472952903314,-0.0502658293824255,0.9999946549488211,20,6,2026-05-06
DVA/INTU,DVA,INTU,entry_threshold_strong,-280.3502710004018,-0.07783606990832113,-0.0502658293824255,2.970056480011494e-05,14,6,2026-05-06
TER/EFX,TER,EFX,entry_threshold_strong,1037.083290701632,0.172198088530406,-0.0502658293824255,0.994395449960762,20,6,2026-05-06
TER/FOXA,TER,FOXA,entry_threshold_strong,2000.061549997058,0.620190223772391,-0.0502658293824255,0.999999998169141,8,6,2026-05-06
JBL/FOX,JBL,FOX,entry_threshold_strong,-582.8615576808686,-0.2293128885963534,-0.0502658293824255,8.53397022589556e-11,6,6,2026-05-06
JBL/ULTA,JBL,ULTA,entry_threshold_strong,1231.790576788036,0.8470528305173078,-0.0502658293824255,0.9999998590210887,6,6,2026-05-06
KEYS/NFLX,KEYS,NFLX,entry_threshold_strong,5259.782,1.37006823718268,-0.0502658293824255,0.9995933537185644,10,6,2026-05-06
KEYS/CPRT,KEYS,CPRT,entry_threshold_strong,5007.210000000002,1.1885346153379464,-0.0502658293824255,0.9999183940535201,22,6,2026-05-06
CVS/CTSH,CVS,CTSH,entry_threshold_strong,-1750.527944049294,-0.8307035171544334,-0.0502658293824255,2.163210517985229e-13,14,6,2026-05-06
CVS/ADBE,CVS,ADBE,entry_threshold_strong,-1999.460896017115,-0.6380227574404318,-0.0502658293824255,1.1492175208338456e-17,22,6,2026-05-06
MGM/PTC,MGM,PTC,entry_threshold_strong,1448.669999999998,0.8063737525945582,-0.0502658293824255,0.9999999999986336,6,6,2026-05-06
AMAT/TRMB,AMAT,TRMB,balanced,2701.814758509136,0.881291719856183,-0.1093596815450167,0.9999999999986204,14,6,2026-05-06
AMAT/FISV,AMAT,FISV,balanced,4198.915856055638,0.9441546321066241,-0.1093596815450167,1.0,28,6,2026-05-06
LRCX/FMC,LRCX,FMC,balanced,5443.629463977623,1.2936189465897499,-0.1093596815450167,1.0,18,6,2026-05-06
LRCX/BR,LRCX,BR,balanced,3270.112433265111,0.6531652088982518,-0.1093596815450167,0.9999999999999721,22,6,2026-05-06
DVA/KLAC,DVA,KLAC,balanced,3683.06426193175,0.8694855935929688,-0.1093596815450167,0.9999884288363575,22,6,2026-05-06
DVA/INTU,DVA,INTU,balanced,1179.957708582055,0.41003361160625124,-0.1093596815450167,0.999979026765686,16,6,2026-05-06
TER/EFX,TER,EFX,balanced,-930.32601234484,-0.15266224746085802,-0.1093596815450167,0.00016052713463876858,24,6,2026-05-06
TER/FOXA,TER,FOXA,balanced,3419.72462234341,0.965298174791483,-0.1093596815450167,0.9999999985178829,12,6,2026-05-06
JBL/FOX,JBL,FOX,balanced,-65.2669072164945,-0.0312305514511725,-0.1093596815450167,0.0025824538498505807,4,6,2026-05-06
JBL/ULTA,JBL,ULTA,balanced,1667.382706452785,0.8480174120157725,-0.1093596815450167,0.99999980683111,8,6,2026-05-06
KEYS/NFLX,KEYS,NFLX,balanced,2316.394000000002,0.5428189006288555,-0.1093596815450167,0.9999085025243353,14,6,2026-05-06
KEYS/CPRT,KEYS,CPRT,balanced,4877.480000000004,1.1819638119037343,-0.1093596815450167,0.9998507280914183,26,6,2026-05-06
CVS/CTSH,CVS,CTSH,balanced,1083.040712035952,0.5451197058018417,-0.1093596815450167,0.9999999963272413,14,6,2026-05-06
CVS/ADBE,CVS,ADBE,balanced,-2043.512488217301,-0.6722525038934715,-0.1093596815450167,8.098969205711264e-16,24,6,2026-05-06
MGM/PTC,MGM,PTC,balanced,1305.140000000001,0.713568013780109,-0.1093596815450167,0.9999999999996154,8,6,2026-05-06
AMAT/TRMB,AMAT,TRMB,kalman_hedge,2800.0609363945,0.8604455482698175,-0.197762316824782,0.9999999999999747,16,6,2026-05-06
AMAT/FISV,AMAT,FISV,kalman_hedge,4075.702264594162,0.9126641501993376,-0.197762316824782,1.0,30,6,2026-05-06
LRCX/FMC,LRCX,FMC,kalman_hedge,5258.426506589616,1.1888676379272896,-0.197762316824782,1.0,20,6,2026-05-06
LRCX/BR,LRCX,BR,kalman_hedge,1720.303551475978,0.3720325729746223,-0.197762316824782,0.9999986828663221,22,6,2026-05-06
DVA/KLAC,DVA,KLAC,kalman_hedge,3714.608789026694,0.8733050428375205,-0.197762316824782,0.9999894980787732,22,6,2026-05-06
DVA/INTU,DVA,INTU,kalman_hedge,1666.200523550226,0.5723258997914361,-0.197762316824782,0.9999997709008644,14,6,2026-05-06
TER/EFX,TER,EFX,kalman_hedge,-761.6535448621553,-0.12031653040782882,-0.197762316824782,0.00025441328916127873,28,6,2026-05-06
TER/FOXA,TER,FOXA,kalman_hedge,3335.059356634036,0.9436652627835048,-0.197762316824782,0.9999999992344877,12,6,2026-05-06
JBL/FOX,JBL,FOX,kalman_hedge,-1195.256108484155,-0.4530081503237692,-0.197762316824782,1.95511887103602e-13,8,6,2026-05-06
JBL/ULTA,JBL,ULTA,kalman_hedge,1743.660576788037,1.2173691202732948,-0.197762316824782,0.9999999308641487,6,6,2026-05-06
KEYS/NFLX,KEYS,NFLX,kalman_hedge,2929.973999999999,0.6904769689346695,-0.197762316824782,0.9999106373660478,12,6,2026-05-06
KEYS/CPRT,KEYS,CPRT,kalman_hedge,5306.659999999999,1.2559581884815674,-0.197762316824782,0.9996939449646549,24,6,2026-05-06
CVS/CTSH,CVS,CTSH,kalman_hedge,576.7900796904623,0.2948057162913699,-0.197762316824782,0.9999781220811319,16,6,2026-05-06
CVS/ADBE,CVS,ADBE,kalman_hedge,-2260.448595153831,-0.7393701572569089,-0.197762316824782,1.1723295578834453e-15,26,6,2026-05-06
MGM/PTC,MGM,PTC,kalman_hedge,1080.080000000001,0.5525164939637228,-0.197762316824782,0.9999999999965851,10,6,2026-05-06
AMAT/TRMB,AMAT,TRMB,default,2709.374758509136,0.8837455919572342,-0.1983070692293613,0.9999999999986536,14,6,2026-05-06
AMAT/FISV,AMAT,FISV,default,4592.240655088362,1.0388041610737497,-0.1983070692293613,1.0,28,6,2026-05-06
LRCX/FMC,LRCX,FMC,default,5443.629463977623,1.2936189465897499,-0.1983070692293613,1.0,18,6,2026-05-06
LRCX/BR,LRCX,BR,default,1738.620367148072,0.37601383412339695,-0.1983070692293613,0.9999989386614758,22,6,2026-05-06
DVA/KLAC,DVA,KLAC,default,3683.06426193175,0.8694855935929688,-0.1983070692293613,0.9999884288363575,22,6,2026-05-06
DVA/INTU,DVA,INTU,default,651.1853315926555,0.23441878512359718,-0.1983070692293613,0.9910657558290161,16,6,2026-05-06
TER/EFX,TER,EFX,default,-743.6960123448395,-0.12224843792622529,-0.1983070692293613,0.0003317565677710192,24,6,2026-05-06
TER/FOXA,TER,FOXA,default,3411.604454979393,0.9638281926616445,-0.1983070692293613,0.9999999984607445,12,6,2026-05-06
JBL/FOX,JBL,FOX,default,-65.2669072164945,-0.0312305514511725,-0.1983070692293613,0.0025824538498505807,4,6,2026-05-06
JBL/ULTA,JBL,ULTA,default,1177.21717577693,0.749207891962938,-0.1983070692293613,0.9999998369255617,8,6,2026-05-06
KEYS/NFLX,KEYS,NFLX,default,2337.224000000004,0.5486689995843329,-0.1983070692293613,0.9999128337843687,14,6,2026-05-06
KEYS/CPRT,KEYS,CPRT,default,4862.810000000004,1.181033714976765,-0.1983070692293613,0.9998416099775056,26,6,2026-05-06
CVS/CTSH,CVS,CTSH,default,1083.040712035952,0.5451197058018417,-0.1983070692293613,0.9999999963272413,14,6,2026-05-06
CVS/ADBE,CVS,ADBE,default,-2042.491450012407,-0.672082168277457,-0.1983070692293613,8.221303171070122e-16,24,6,2026-05-06
MGM/PTC,MGM,PTC,default,1304.180000000001,0.7146973378012773,-0.1983070692293613,0.9999999999996348,8,6,2026-05-06
AMAT/TRMB,AMAT,TRMB,uniform_weights,2701.764758509136,0.8812764558934686,-0.2212134687729927,0.9999999999986202,14,6,2026-05-06
AMAT/FISV,AMAT,FISV,uniform_weights,4601.490655088362,1.0400505720420967,-0.2212134687729927,1.0,28,6,2026-05-06
LRCX/FMC,LRCX,FMC,uniform_weights,5276.483923395626,1.2582301011438257,-0.2212134687729927,0.9999999999999999,18,6,2026-05-06
LRCX/BR,LRCX,BR,uniform_weights,1738.620367148072,0.37601383412339695,-0.2212134687729927,0.9999989386614758,22,6,2026-05-06
DVA/KLAC,DVA,KLAC,uniform_weights,3691.771766598492,0.8713169764230387,-0.2212134687729927,0.999988655450444,22,6,2026-05-06
DVA/INTU,DVA,INTU,uniform_weights,-340.2989694024558,-0.12151108733314961,-0.2212134687729927,6.568453439758826e-07,14,6,2026-05-06
TER/EFX,TER,EFX,uniform_weights,-596.7759450477835,-0.09773833493785117,-0.2212134687729927,0.0006405844542412774,22,6,2026-05-06
TER/FOXA,TER,FOXA,uniform_weights,3420.291839916632,0.9655207991256957,-0.2212134687729927,0.9999999985202928,12,6,2026-05-06
JBL/FOX,JBL,FOX,uniform_weights,-597.4313167586045,-0.23533290095928053,-0.2212134687729927,6.088594581351182e-11,6,6,2026-05-06
JBL/ULTA,JBL,ULTA,uniform_weights,1743.660576788037,1.2173691202732948,-0.2212134687729927,0.9999999308641487,6,6,2026-05-06
KEYS/NFLX,KEYS,NFLX,uniform_weights,2823.372,0.6680209446123373,-0.2212134687729927,0.9999301587800425,12,6,2026-05-06
KEYS/CPRT,KEYS,CPRT,uniform_weights,4876.980000000003,1.183756587397286,-0.2212134687729927,0.9998441528989007,26,6,2026-05-06
CVS/CTSH,CVS,CTSH,uniform_weights,1355.515004846724,0.6968942296154117,-0.2212134687729927,0.9999999992049543,12,6,2026-05-06
CVS/ADBE,CVS,ADBE,uniform_weights,-2043.020883357151,-0.6720916390149714,-0.2212134687729927,8.08032366661267e-16,24,6,2026-05-06
MGM/PTC,MGM,PTC,uniform_weights,1006.530000000001,0.5516480629138355,-0.2212134687729927,0.9999999999561415,8,6,2026-05-06
AMAT/TRMB,AMAT,TRMB,vol_weighted_sizing,2715.534813536002,0.8474425959254542,-0.2569648524866935,0.9999999999999573,16,6,2026-05-06
AMAT/FISV,AMAT,FISV,vol_weighted_sizing,4160.815331919433,0.9309144045652703,-0.2569648524866935,1.0,30,6,2026-05-06
LRCX/FMC,LRCX,FMC,vol_weighted_sizing,4387.668709932825,1.024872092915954,-0.2569648524866935,0.9999999999999999,20,6,2026-05-06
LRCX/BR,LRCX,BR,vol_weighted_sizing,1738.620367148072,0.37601383412339695,-0.2569648524866935,0.9999989386614758,22,6,2026-05-06
DVA/KLAC,DVA,KLAC,vol_weighted_sizing,3679.08166182035,0.8686521226667451,-0.2569648524866935,0.999988332226903,22,6,2026-05-06
DVA/INTU,DVA,INTU,vol_weighted_sizing,1669.140523550226,0.573469413753639,-0.2569648524866935,0.9999997749208563,14,6,2026-05-06
TER/EFX,TER,EFX,vol_weighted_sizing,-770.9215136147294,-0.1224741214832099,-0.2569648524866935,0.0002424491529704513,28,6,2026-05-06
TER/FOXA,TER,FOXA,vol_weighted_sizing,3407.52783149792,0.9627509612807662,-0.2569648524866935,0.9999999984459323,12,6,2026-05-06
JBL/FOX,JBL,FOX,vol_weighted_sizing,-1200.074592864961,-0.4569216743644571,-0.2569648524866935,1.726409661570373e-13,8,6,2026-05-06
JBL/ULTA,JBL,ULTA,vol_weighted_sizing,1743.660576788037,1.2173691202732948,-0.2569648524866935,0.9999999308641487,6,6,2026-05-06
KEYS/NFLX,KEYS,NFLX,vol_weighted_sizing,2774.762000000002,0.6585110126749294,-0.2569648524866935,0.9999215203643065,12,6,2026-05-06
KEYS/CPRT,KEYS,CPRT,vol_weighted_sizing,5017.820000000003,1.230933597752195,-0.2569648524866935,0.9997901988565581,24,6,2026-05-06
CVS/CTSH,CVS,CTSH,vol_weighted_sizing,525.1676402404746,0.26310608663609775,-0.2569648524866935,0.9996106064834672,16,6,2026-05-06
CVS/ADBE,CVS,ADBE,vol_weighted_sizing,-2250.706827096891,-0.7379453161863111,-0.2569648524866935,1.33900983432854e-15,26,6,2026-05-06
MGM/PTC,MGM,PTC,vol_weighted_sizing,1095.570000000001,0.5631380527254741,-0.2569648524866935,0.9999999999982679,10,6,2026-05-06
AMAT/TRMB,AMAT,TRMB,no_skip_month,5489.458194956816,0.8650036722053985,-0.4168259223839243,0.9999957413583804,20,6,2026-05-06
AMAT/FISV,AMAT,FISV,no_skip_month,1756.210070870387,0.29015395912341835,-0.4168259223839243,0.9789367275941326,32,6,2026-05-06
LRCX/FMC,LRCX,FMC,no_skip_month,4258.577982718938,0.9920882270048385,-0.4168259223839243,0.9999999999999999,22,6,2026-05-06
LRCX/BR,LRCX,BR,no_skip_month,-1233.217831139421,-0.17239958981681952,-0.4168259223839243,3.859770965496056e-14,24,6,2026-05-06
DVA/KLAC,DVA,KLAC,no_skip_month,1486.252111961656,0.3437953129867036,-0.4168259223839243,0.9971372540183273,26,6,2026-05-06
DVA/INTU,DVA,INTU,no_skip_month,641.8074045368141,0.23199454051751667,-0.4168259223839243,0.9900914411077774,16,6,2026-05-06
TER/EFX,TER,EFX,no_skip_month,151.4382051816868,0.02345723676801565,-0.4168259223839243,0.049242061267101817,32,6,2026-05-06
TER/FOXA,TER,FOXA,no_skip_month,3385.286020408143,0.9625679984702527,-0.4168259223839243,0.9999999987545463,12,6,2026-05-06
JBL/FOX,JBL,FOX,no_skip_month,-1545.374719052213,-0.6285644622181213,-0.4168259223839243,4.2302610766015996e-14,12,6,2026-05-06
JBL/ULTA,JBL,ULTA,no_skip_month,-1704.666887928925,-0.34359738257504163,-0.4168259223839243,4.299426686596461e-13,12,6,2026-05-06
KEYS/NFLX,KEYS,NFLX,no_skip_month,2579.382000000001,0.6107782245998759,-0.4168259223839243,0.9999199247048818,14,6,2026-05-06
KEYS/CPRT,KEYS,CPRT,no_skip_month,4152.190000000003,1.0177540308586197,-0.4168259223839243,0.9999052162356764,28,6,2026-05-06
CVS/CTSH,CVS,CTSH,no_skip_month,2765.961995633426,1.0173494824865192,-0.4168259223839243,1.0,18,6,2026-05-06
CVS/ADBE,CVS,ADBE,no_skip_month,-1989.516272458858,-0.645234540259287,-0.4168259223839243,5.163073493118639e-17,26,6,2026-05-06
MGM/PTC,MGM,PTC,no_skip_month,2540.139999999995,0.7672094699979897,-0.4168259223839243,0.9999999956557621,14,6,2026-05-06
AMAT/TRMB,AMAT,TRMB,no_reversal_protection,4029.121673182527,1.1612402767031564,-0.4325827073900237,1.0,14,6,2026-05-06
AMAT/FISV,AMAT,FISV,no_reversal_protection,3548.326115748357,0.36702351513803044,-0.4325827073900237,0.998738309125997,30,6,2026-05-06
LRCX/FMC,LRCX,FMC,no_reversal_protection,2130.185215581089,0.4465855929143631,-0.4325827073900237,0.9999999979988609,20,6,2026-05-06
LRCX/BR,LRCX,BR,no_reversal_protection,1837.604184743861,0.37913719297886567,-0.4325827073900237,0.9999995665785449,22,6,2026-05-06
DVA/KLAC,DVA,KLAC,no_reversal_protection,5228.180593860934,1.491228849032886,-0.4325827073900237,1.0,20,6,2026-05-06
DVA/INTU,DVA,INTU,no_reversal_protection,3353.370837665497,1.0243091927555714,-0.4325827073900237,0.9999999999988193,14,6,2026-05-06
TER/EFX,TER,EFX,no_reversal_protection,432.5106742068367,0.060543458660290865,-0.4325827073900237,0.2021579264963141,28,6,2026-05-06
TER/FOXA,TER,FOXA,no_reversal_protection,1512.381519543982,0.3832106139400111,-0.4325827073900237,0.9999912990134101,12,6,2026-05-06
JBL/FOX,JBL,FOX,no_reversal_protection,-2470.404308510277,-0.8879015121902267,-0.4325827073900237,1.7045041742687928e-15,8,6,2026-05-06
JBL/ULTA,JBL,ULTA,no_reversal_protection,1457.91061182731,0.9915273047234157,-0.4325827073900237,0.9999999646586525,6,6,2026-05-06
KEYS/NFLX,KEYS,NFLX,no_reversal_protection,2486.565000000002,0.58723236838035,-0.4325827073900237,0.9999136362289373,12,6,2026-05-06
KEYS/CPRT,KEYS,CPRT,no_reversal_protection,2531.740000000002,0.5839752195625606,-0.4325827073900237,0.9999599871641857,24,6,2026-05-06
CVS/CTSH,CVS,CTSH,no_reversal_protection,-730.8849615678121,-0.3026907949773494,-0.4325827073900237,3.3262534059701274e-12,16,6,2026-05-06
CVS/ADBE,CVS,ADBE,no_reversal_protection,-3099.622253140046,-0.9532981372215268,-0.4325827073900237,5.672871113604758e-20,26,6,2026-05-06
MGM/PTC,MGM,PTC,no_reversal_protection,904.1000000000003,0.463854341341417,-0.4325827073900237,0.9999999998834009,10,6,2026-05-06
AMAT/TRMB,AMAT,TRMB,long_term_tilt,-3196.006084116243,-1.2380777000736805,-0.6267687048387625,4.292132503388964e-18,12,6,2026-05-06
AMAT/FISV,AMAT,FISV,long_term_tilt,8461.125893592654,1.0731646965102557,-0.6267687048387625,0.9997353377923872,20,6,2026-05-06
LRCX/FMC,LRCX,FMC,long_term_tilt,5285.776736148437,0.7213504669252776,-0.6267687048387625,0.9987037869153906,12,6,2026-05-06
LRCX/BR,LRCX,BR,long_term_tilt,2871.491587178278,0.6384274984465935,-0.6267687048387625,0.9999999999999861,16,6,2026-05-06
DVA/KLAC,DVA,KLAC,long_term_tilt,-78.27072530038663,-0.018388522876068684,-0.6267687048387625,0.00422759116875153,16,6,2026-05-06
DVA/INTU,DVA,INTU,long_term_tilt,-1880.238376718733,-0.5688080967054243,-0.6267687048387625,5.023542268846729e-16,10,6,2026-05-06
TER/EFX,TER,EFX,long_term_tilt,-2145.229036808434,-0.3956993219418911,-0.6267687048387625,1.2443717143802471e-18,16,6,2026-05-06
TER/FOXA,TER,FOXA,long_term_tilt,-2534.781452450426,-0.8241857924260155,-0.6267687048387625,3.028215084378819e-14,6,6,2026-05-06
JBL/FOX,JBL,FOX,long_term_tilt,-2016.682596056128,-0.8935185179143583,-0.6267687048387625,5.61489021161051e-10,4,6,2026-05-06
JBL/ULTA,JBL,ULTA,long_term_tilt,-282.6907530788359,-0.27228985154558194,-0.6267687048387625,9.6558037078115e-06,4,6,2026-05-06
KEYS/NFLX,KEYS,NFLX,long_term_tilt,5659.320000000006,1.2036186965667857,-0.6267687048387625,0.9999969387323395,12,6,2026-05-06
KEYS/CPRT,KEYS,CPRT,long_term_tilt,6616.620000000002,1.4231387752659668,-0.6267687048387625,0.9999575748802035,16,6,2026-05-06
CVS/CTSH,CVS,CTSH,long_term_tilt,-645.5056780556372,-0.2946480221733068,-0.6267687048387625,6.018211996665546e-13,8,6,2026-05-06
CVS/ADBE,CVS,ADBE,long_term_tilt,2619.98899813227,0.9126984568096341,-0.6267687048387625,0.9999950523886687,12,6,2026-05-06
MGM/PTC,MGM,PTC,long_term_tilt,330.0599999999986,0.148856806194,-0.6267687048387625,0.9177809645795119,14,6,2026-05-06
AMAT/TRMB,AMAT,TRMB,slow_rebalance,1510.343649146056,0.47040313284258745,-0.6475178672064605,0.9999999962310834,10,6,2026-05-06
AMAT/FISV,AMAT,FISV,slow_rebalance,1158.10884936667,0.15351912085442868,-0.6475178672064605,0.8040049757085976,26,6,2026-05-06
LRCX/FMC,LRCX,FMC,slow_rebalance,3850.541475887464,0.5054429025575254,-0.6475178672064605,0.9987570277836908,16,6,2026-05-06
LRCX/BR,LRCX,BR,slow_rebalance,6122.001990417337,1.2703648279061897,-0.6475178672064605,1.0,20,6,2026-05-06
DVA/KLAC,DVA,KLAC,slow_rebalance,4933.367114908423,1.0510094081839227,-0.6475178672064605,0.9999997900547258,18,6,2026-05-06
DVA/INTU,DVA,INTU,slow_rebalance,-691.9948520032929,-0.23244762669704083,-0.6475178672064605,1.483065517375916e-11,16,6,2026-05-06
TER/EFX,TER,EFX,slow_rebalance,-6261.935285729545,-1.6322412556659351,-0.6475178672064605,1.2447628089846488e-08,18,6,2026-05-06
TER/FOXA,TER,FOXA,slow_rebalance,-880.9160785420454,-0.2560994105317419,-0.6475178672064605,2.3087663678115855e-17,8,6,2026-05-06
JBL/FOX,JBL,FOX,slow_rebalance,-2866.489160685608,-1.0151994251819518,-0.6475178672064605,3.647322446470652e-16,6,6,2026-05-06
JBL/ULTA,JBL,ULTA,slow_rebalance,-580.2345691796091,-0.41593849748858264,-0.6475178672064605,9.418335802869483e-08,8,6,2026-05-06
KEYS/NFLX,KEYS,NFLX,slow_rebalance,3393.914999999999,0.7618367883039497,-0.6475178672064605,0.9999941576182044,12,6,2026-05-06
KEYS/CPRT,KEYS,CPRT,slow_rebalance,4799.189999999997,1.0403376257120927,-0.6475178672064605,0.9999989404024822,26,6,2026-05-06
CVS/CTSH,CVS,CTSH,slow_rebalance,2359.055260723776,1.313651556989582,-0.6475178672064605,0.9999999999999993,12,6,2026-05-06
CVS/ADBE,CVS,ADBE,slow_rebalance,477.5009152509276,0.2222830466061234,-0.6475178672064605,0.9861389923728474,16,6,2026-05-06
MGM/PTC,MGM,PTC,slow_rebalance,1099.640000000002,0.6814827394363141,-0.6475178672064605,0.9999999999439502,6,6,2026-05-06
AMAT/TRMB,AMAT,TRMB,raw_momentum_kalman,1668.675485755072,0.5350093958967279,-0.6776458439904592,0.9999999936988666,14,6,2026-05-06
AMAT/FISV,AMAT,FISV,raw_momentum_kalman,4474.930188265506,1.0152581676433807,-0.6776458439904592,1.0,28,6,2026-05-06
LRCX/FMC,LRCX,FMC,raw_momentum_kalman,6901.819200340645,1.7180372134899577,-0.6776458439904592,0.9999999999999999,14,6,2026-05-06
LRCX/BR,LRCX,BR,raw_momentum_kalman,1376.921819644583,0.2998086751761157,-0.6776458439904592,0.9999113679177737,22,6,2026-05-06
DVA/KLAC,DVA,KLAC,raw_momentum_kalman,3793.067213120247,0.9791246986302427,-0.6776458439904592,0.9999722825649058,18,6,2026-05-06
DVA/INTU,DVA,INTU,raw_momentum_kalman,-510.5007732758078,-0.19107140842413603,-0.6776458439904592,2.3181007931911243e-09,14,6,2026-05-06
TER/EFX,TER,EFX,raw_momentum_kalman,-2688.36716296774,-0.5051789276300713,-0.6776458439904592,6.01386768521334e-06,22,6,2026-05-06
TER/FOXA,TER,FOXA,raw_momentum_kalman,3321.59018516769,0.9473206348757444,-0.6776458439904592,0.9999999991204721,12,6,2026-05-06
JBL/FOX,JBL,FOX,raw_momentum_kalman,-62.96247422680509,-0.030047851241835254,-0.6776458439904592,0.0028456529693742343,4,6,2026-05-06
JBL/ULTA,JBL,ULTA,raw_momentum_kalman,465.0934963659994,0.41688333850943243,-0.6776458439904592,0.9993373911463469,4,6,2026-05-06
KEYS/NFLX,KEYS,NFLX,raw_momentum_kalman,1088.263999999997,0.2608124591264503,-0.6776458439904592,0.996937028337893,12,6,2026-05-06
KEYS/CPRT,KEYS,CPRT,raw_momentum_kalman,2942.239999999996,0.7115597929321186,-0.6776458439904592,0.9994705108978107,20,6,2026-05-06
CVS/CTSH,CVS,CTSH,raw_momentum_kalman,-1940.343547486448,-0.9973549844864417,-0.6776458439904592,1.5488824330823954e-12,14,6,2026-05-06
CVS/ADBE,CVS,ADBE,raw_momentum_kalman,-1713.322075335597,-0.6605129716994724,-0.6776458439904592,3.5752064161681046e-10,14,6,2026-05-06
MGM/PTC,MGM,PTC,raw_momentum_kalman,982.3800000000015,0.54114750510043,-0.6776458439904592,0.9999999999206389,8,6,2026-05-06
AMAT/TRMB,AMAT,TRMB,sensitive_reversal,1564.047457511415,0.5530660082489286,-0.6965080832177143,0.9999999998832412,18,6,2026-05-06
AMAT/FISV,AMAT,FISV,sensitive_reversal,2743.72671515417,0.6162053711889349,-0.6965080832177143,0.9999999691670327,34,6,2026-05-06
LRCX/FMC,LRCX,FMC,sensitive_reversal,4259.18221339605,1.1574984651036717,-0.6965080832177143,0.999999999998179,20,6,2026-05-06
LRCX/BR,LRCX,BR,sensitive_reversal,-184.8773729924187,-0.05045432306080903,-0.6965080832177143,0.0004528538244707294,26,6,2026-05-06
DVA/KLAC,DVA,KLAC,sensitive_reversal,1493.882548058471,0.36979100772841433,-0.6965080832177143,0.996141080563079,26,6,2026-05-06
DVA/INTU,DVA,INTU,sensitive_reversal,2366.779235328166,0.7217736575779106,-0.6965080832177143,0.999998375592681,20,6,2026-05-06
TER/EFX,TER,EFX,sensitive_reversal,-684.8605107962292,-0.11887562884577108,-0.6965080832177143,7.460149367681301e-05,28,6,2026-05-06
TER/FOXA,TER,FOXA,sensitive_reversal,2696.020520815226,1.043489151430958,-0.6965080832177143,0.9999999989641989,12,6,2026-05-06
JBL/FOX,JBL,FOX,sensitive_reversal,-176.381466208476,-0.11269033314382572,-0.6965080832177143,0.0001432600219510577,4,6,2026-05-06
JBL/ULTA,JBL,ULTA,sensitive_reversal,660.8132649351872,0.5083399909208934,-0.6965080832177143,0.999900393292459,8,6,2026-05-06
KEYS/NFLX,KEYS,NFLX,sensitive_reversal,4497.759000000002,1.2373517868317403,-0.6965080832177143,0.9996554542292728,18,6,2026-05-06
KEYS/CPRT,KEYS,CPRT,sensitive_reversal,2409.910000000003,0.6540606817175945,-0.6965080832177143,0.998805691901367,34,6,2026-05-06
CVS/CTSH,CVS,CTSH,sensitive_reversal,1789.620823526957,0.8837149811538638,-0.6965080832177143,0.9999999999978606,18,6,2026-05-06
CVS/ADBE,CVS,ADBE,sensitive_reversal,-2454.627136419533,-0.9166817917833463,-0.6965080832177143,2.1366061530203574e-10,26,6,2026-05-06
MGM/PTC,MGM,PTC,sensitive_reversal,-110.2900000000017,-0.08980461522936188,-0.6965080832177143,0.0002675746132535256,12,6,2026-05-06
AMAT/TRMB,AMAT,TRMB,raw_momentum,871.3960176480477,0.29851712405421177,-0.7077690613822418,0.9995084394020707,14,6,2026-05-06
AMAT/FISV,AMAT,FISV,raw_momentum,5257.603096300565,1.2190008104897507,-0.7077690613822418,1.0,26,6,2026-05-06
LRCX/FMC,LRCX,FMC,raw_momentum,6192.205681506233,1.5037236618966523,-0.7077690613822418,0.9999999999999998,16,6,2026-05-06
LRCX/BR,LRCX,BR,raw_momentum,140.616861652238,0.03226158631663818,-0.7077690613822418,0.09077059667360393,22,6,2026-05-06
DVA/KLAC,DVA,KLAC,raw_momentum,2668.332659778789,0.6669106166975701,-0.7077690613822418,0.9999181642981427,20,6,2026-05-06
DVA/INTU,DVA,INTU,raw_momentum,1672.314928760082,0.5733843957154467,-0.7077690613822418,0.9999998911750418,14,6,2026-05-06
TER/EFX,TER,EFX,raw_momentum,-2821.816532207307,-0.5328127118737522,-0.7077690613822418,6.37453601764974e-06,24,6,2026-05-06
TER/FOXA,TER,FOXA,raw_momentum,3413.666519599463,0.9628830866992277,-0.7077690613822418,0.9999999985463114,12,6,2026-05-06
JBL/FOX,JBL,FOX,raw_momentum,-63.31546391752669,-0.03076168328486528,-0.7077690613822418,0.0027078215756528054,4,6,2026-05-06
JBL/ULTA,JBL,ULTA,raw_momentum,469.6605767880351,0.4219611212068926,-0.7077690613822418,0.9993483050611895,4,6,2026-05-06
KEYS/NFLX,KEYS,NFLX,raw_momentum,1069.101999999996,0.2586289537579519,-0.7077690613822418,0.9964150082181269,12,6,2026-05-06
KEYS/CPRT,KEYS,CPRT,raw_momentum,2716.460000000001,0.6942839896087151,-0.7077690613822418,0.9996853963495893,20,6,2026-05-06
CVS/CTSH,CVS,CTSH,raw_momentum,-1160.568232122117,-0.5961331845124233,-0.7077690613822418,1.7694140608174133e-13,10,6,2026-05-06
CVS/ADBE,CVS,ADBE,raw_momentum,-1701.795440976264,-0.6591150755961931,-0.7077690613822418,2.7810633425379126e-10,14,6,2026-05-06
MGM/PTC,MGM,PTC,raw_momentum,1006.270000000001,0.5556453126300066,-0.7077690613822418,0.9999999999619419,8,6,2026-05-06
AMAT/TRMB,AMAT,TRMB,long_term_kalman,-3339.511848089248,-1.270506651988363,-0.7226164411730102,1.3604964739309692e-17,12,6,2026-05-06
AMAT/FISV,AMAT,FISV,long_term_kalman,6112.215936016542,0.7538322550168588,-0.7226164411730102,0.9999331742767237,20,6,2026-05-06
LRCX/FMC,LRCX,FMC,long_term_kalman,1557.417230139346,0.24140327900597447,-0.7226164411730102,0.9993068638458418,14,6,2026-05-06
LRCX/BR,LRCX,BR,long_term_kalman,4449.908447249123,0.8297000489870278,-0.7226164411730102,0.9999999999999996,16,6,2026-05-06
DVA/KLAC,DVA,KLAC,long_term_kalman,-66.03717259193343,-0.015418003851983624,-0.7226164411730102,0.005490511134644548,16,6,2026-05-06
DVA/INTU,DVA,INTU,long_term_kalman,-1926.785410941218,-0.5895197755248827,-0.7226164411730102,4.807651786266584e-16,10,6,2026-05-06
TER/EFX,TER,EFX,long_term_kalman,-752.0096201746633,-0.13327552442919807,-0.7226164411730102,9.264669587095438e-08,16,6,2026-05-06
TER/FOXA,TER,FOXA,long_term_kalman,-2605.969585816445,-0.8593778316010023,-0.7226164411730102,2.280703108795883e-13,6,6,2026-05-06
JBL/FOX,JBL,FOX,long_term_kalman,-2003.286204303551,-0.8909783610362205,-0.7226164411730102,4.721316971411574e-10,4,6,2026-05-06
JBL/ULTA,JBL,ULTA,long_term_kalman,718.5405969895828,0.48455374070424895,-0.7226164411730102,0.9999981714772608,4,6,2026-05-06
KEYS/NFLX,KEYS,NFLX,long_term_kalman,5137.928000000004,1.0335260549591578,-0.7226164411730102,0.999999198885417,12,6,2026-05-06
KEYS/CPRT,KEYS,CPRT,long_term_kalman,8327.260000000002,1.6405372038021744,-0.7226164411730102,0.999996042432792,14,6,2026-05-06
CVS/CTSH,CVS,CTSH,long_term_kalman,-1839.46621423376,-0.7327831712165316,-0.7226164411730102,6.599994861393398e-11,8,6,2026-05-06
CVS/ADBE,CVS,ADBE,long_term_kalman,1747.361965866339,0.601639457922709,-0.7226164411730102,0.9999958622130862,12,6,2026-05-06
MGM/PTC,MGM,PTC,long_term_kalman,-52.1200000000008,-0.0218553133339384,-0.7226164411730102,0.005896507006481496,14,6,2026-05-06
AMAT/TRMB,AMAT,TRMB,beta_neutral_long_term,-4657.748514962226,-1.1057448667035874,-0.8342908123116568,5.941079862122854e-15,12,6,2026-05-06
AMAT/FISV,AMAT,FISV,beta_neutral_long_term,3953.960179278783,0.44446783393240286,-0.8342908123116568,0.9998900947699506,22,6,2026-05-06
LRCX/FMC,LRCX,FMC,beta_neutral_long_term,-2435.008006309885,-0.3805228812758389,-0.8342908123116568,1.147034194527394e-21,14,6,2026-05-06
LRCX/BR,LRCX,BR,beta_neutral_long_term,1939.461041273265,0.44211856622036155,-0.8342908123116568,0.9999999943155176,16,6,2026-05-06
DVA/KLAC,DVA,KLAC,beta_neutral_long_term,-1371.31774549124,-0.4708140539776103,-0.8342908123116568,4.046727145694451e-12,16,6,2026-05-06
DVA/INTU,DVA,INTU,beta_neutral_long_term,-1536.593542913596,-0.45073543503831653,-0.8342908123116568,5.51526308107764e-14,10,6,2026-05-06
TER/EFX,TER,EFX,beta_neutral_long_term,-2088.698658750611,-0.3901173380988723,-0.8342908123116568,1.5346528651418995e-18,16,6,2026-05-06
TER/FOXA,TER,FOXA,beta_neutral_long_term,-1853.106571458516,-0.4331510943719829,-0.8342908123116568,2.2762921587158733e-14,6,6,2026-05-06
JBL/FOX,JBL,FOX,beta_neutral_long_term,-887.6113806529751,-0.2117977373232291,-0.8342908123116568,8.447029652208433e-09,4,6,2026-05-06
JBL/ULTA,JBL,ULTA,beta_neutral_long_term,1595.616044731768,1.116216665228844,-0.8342908123116568,0.9999999988439877,4,6,2026-05-06
KEYS/NFLX,KEYS,NFLX,beta_neutral_long_term,6789.515000000005,1.1613463097361945,-0.8342908123116568,0.9999999953985077,12,6,2026-05-06
KEYS/CPRT,KEYS,CPRT,beta_neutral_long_term,7244.879999999996,1.2879561502171097,-0.8342908123116568,0.9999999712172087,16,6,2026-05-06
CVS/CTSH,CVS,CTSH,beta_neutral_long_term,-78.62843957313885,-0.030995822835767895,-0.8342908123116568,0.0010577299186920015,8,6,2026-05-06
CVS/ADBE,CVS,ADBE,beta_neutral_long_term,2633.780948725591,0.8603206834573287,-0.8342908123116568,0.9999208858353601,12,6,2026-05-06
MGM/PTC,MGM,PTC,beta_neutral_long_term,1284.759999999998,0.5916442123996076,-0.8342908123116568,0.9999999999999027,14,6,2026-05-06
AMAT/TRMB,AMAT,TRMB,fast_strict,1795.759999359805,0.7641269878545457,-0.8718559748936594,0.9999999999999702,20,6,2026-05-06
AMAT/FISV,AMAT,FISV,fast_strict,2081.178557537545,0.7214496298290174,-0.8718559748936594,0.9999999999999984,26,6,2026-05-06
LRCX/FMC,LRCX,FMC,fast_strict,99.30998503901674,0.031102993098579418,-0.8718559748936594,0.08393141516592478,30,6,2026-05-06
LRCX/BR,LRCX,BR,fast_strict,2393.689029922046,0.7553245448585784,-0.8718559748936594,0.9999999999999426,28,6,2026-05-06
DVA/KLAC,DVA,KLAC,fast_strict,969.6608513244867,0.300103295552041,-0.8718559748936594,0.9950424406567303,30,6,2026-05-06
DVA/INTU,DVA,INTU,fast_strict,921.5539364319951,0.43433420542641865,-0.8718559748936594,0.9999995736542912,22,6,2026-05-06
TER/EFX,TER,EFX,fast_strict,1849.989964495707,0.5030926504231253,-0.8718559748936594,0.9999999566349816,28,6,2026-05-06
TER/FOXA,TER,FOXA,fast_strict,3168.039754101165,1.272066497194233,-0.8718559748936594,0.9999999999457791,12,6,2026-05-06
JBL/FOX,JBL,FOX,fast_strict,64.11562227928061,0.05051800222919616,-0.8718559748936594,0.17013447417591987,8,6,2026-05-06
JBL/ULTA,JBL,ULTA,fast_strict,235.2008171106559,0.16000224373556035,-0.8718559748936594,0.8660618076750131,12,6,2026-05-06
KEYS/NFLX,KEYS,NFLX,fast_strict,954.1120000000021,0.22984873821489452,-0.8718559748936594,0.9736115316377525,28,6,2026-05-06
KEYS/CPRT,KEYS,CPRT,fast_strict,3756.939999999999,1.2500291781180317,-0.8718559748936594,0.9997929484560728,32,6,2026-05-06
CVS/CTSH,CVS,CTSH,fast_strict,800.8073776498005,0.498495932776492,-0.8718559748936594,0.9999999998461062,26,6,2026-05-06
CVS/ADBE,CVS,ADBE,fast_strict,1295.795029150915,0.5224621482935744,-0.8718559748936594,0.9999997221222026,26,6,2026-05-06
MGM/PTC,MGM,PTC,fast_strict,233.7299999999993,0.2247119247507602,-0.8718559748936594,0.9950062587463164,14,6,2026-05-06
AMAT/TRMB,AMAT,TRMB,crash_defensive,1363.474338979935,0.8672334688766108,-1.8315325731724117,0.99999999999999,16,6,2026-05-06
AMAT/FISV,AMAT,FISV,crash_defensive,1983.691489103202,0.9055633380374606,-1.8315325731724117,1.0,30,6,2026-05-06
LRCX/FMC,LRCX,FMC,crash_defensive,2179.03633006986,1.024307516634661,-1.8315325731724117,0.9999999999999999,20,6,2026-05-06
LRCX/BR,LRCX,BR,crash_defensive,830.2195434354824,0.3667957033806151,-1.8315325731724117,0.9999979794718521,22,6,2026-05-06
DVA/KLAC,DVA,KLAC,crash_defensive,1828.630006259841,0.8781088734703554,-1.8315325731724117,0.9999924882233279,22,6,2026-05-06
DVA/INTU,DVA,INTU,crash_defensive,784.2708629548144,0.5643712676980234,-1.8315325731724117,0.9999996630841879,14,6,2026-05-06
TER/EFX,TER,EFX,crash_defensive,-398.7379805087726,-0.1299476891575879,-1.8315325731724117,0.00019868309360146987,28,6,2026-05-06
TER/FOXA,TER,FOXA,crash_defensive,1679.962522747431,0.9584282928630286,-1.8315325731724117,0.9999999985635486,12,6,2026-05-06
JBL/FOX,JBL,FOX,crash_defensive,-600.5787359132014,-0.4670102355670851,-1.8315325731724117,1.0440715620017245e-13,8,6,2026-05-06
JBL/ULTA,JBL,ULTA,crash_defensive,859.9888286050364,1.2296020739679563,-1.8315325731724117,0.999999859454629,6,6,2026-05-06
KEYS/NFLX,KEYS,NFLX,crash_defensive,1378.901999999999,0.6669233852866253,-1.8315325731724117,0.9999334062661299,12,6,2026-05-06
KEYS/CPRT,KEYS,CPRT,crash_defensive,2405.000000000001,1.224987236215939,-1.8315325731724117,0.999865149854521,24,6,2026-05-06
CVS/CTSH,CVS,CTSH,crash_defensive,258.4511038070117,0.2602041126182733,-1.8315325731724117,0.9995209647731768,16,6,2026-05-06
CVS/ADBE,CVS,ADBE,crash_defensive,-1107.90981053718,-0.737111232498208,-1.8315325731724117,7.302693339438995e-16,26,6,2026-05-06
MGM/PTC,MGM,PTC,crash_defensive,535.5700000000005,0.5605886027454033,-1.8315325731724117,0.9999999999981778,10,6,2026-05-06
AMAT/TRMB,AMAT,TRMB,vol_sized_conservative,653.652386404224,0.6264169681288267,-2.9878429284883934,0.9999999996036447,14,6,2026-05-06
AMAT/FISV,AMAT,FISV,vol_sized_conservative,1511.961316098114,0.9585499395005908,-2.9878429284883934,1.0,28,6,2026-05-06
LRCX/FMC,LRCX,FMC,vol_sized_conservative,3314.714080094417,1.217877510652867,-2.9878429284883934,0.9967959574719635,18,6,2026-05-06
LRCX/BR,LRCX,BR,vol_sized_conservative,1297.445270911876,0.8279962897104174,-2.9878429284883934,1.0,20,6,2026-05-06
DVA/KLAC,DVA,KLAC,vol_sized_conservative,20.63243769596919,0.014282804087758467,-2.9878429284883934,0.045321254951929804,22,6,2026-05-06
DVA/INTU,DVA,INTU,vol_sized_conservative,239.6258332827728,0.2343583391168705,-2.9878429284883934,0.9915818841088917,16,6,2026-05-06
TER/EFX,TER,EFX,vol_sized_conservative,-155.4709471125104,-0.0706422838738348,-2.9878429284883934,0.001530959094373267,24,6,2026-05-06
TER/FOXA,TER,FOXA,vol_sized_conservative,742.2896829630449,0.6902117949047908,-2.9878429284883934,0.9999999986206811,12,6,2026-05-06
JBL/FOX,JBL,FOX,vol_sized_conservative,-124.78381443299,-0.2142292222116856,-2.9878429284883934,3.3438490558499286e-05,4,6,2026-05-06
JBL/ULTA,JBL,ULTA,vol_sized_conservative,350.1936376946887,0.6387440621091132,-2.9878429284883934,0.9999991623149018,8,6,2026-05-06
KEYS/NFLX,KEYS,NFLX,vol_sized_conservative,836.7490000000004,0.5425787870447697,-2.9878429284883934,0.999914595424936,14,6,2026-05-06
KEYS/CPRT,KEYS,CPRT,vol_sized_conservative,1582.870000000001,1.0593551377271047,-2.9878429284883934,0.9997596174987684,24,6,2026-05-06
CVS/CTSH,CVS,CTSH,vol_sized_conservative,256.7256072065646,0.3569543923353829,-2.9878429284883934,0.9999946298140865,14,6,2026-05-06
CVS/ADBE,CVS,ADBE,vol_sized_conservative,-715.7565255508961,-0.6727486773322207,-2.9878429284883934,6.203101223117879e-14,24,6,2026-05-06
MGM/PTC,MGM,PTC,vol_sized_conservative,256.3399999999991,0.4166846884495207,-2.9878429284883934,0.999999939064022,8,6,2026-05-06
AMAT/TRMB,AMAT,TRMB,conservative,8.306927121247554,0.008386830862450055,-3.5695007967876777,0.029253175153932238,18,6,2026-05-06
AMAT/FISV,AMAT,FISV,conservative,1193.86378524539,0.8118269691501684,-3.5695007967876777,1.0,32,6,2026-05-06
LRCX/FMC,LRCX,FMC,conservative,3047.875825221015,1.1663522876199444,-3.5695007967876777,0.9946340765684204,22,6,2026-05-06
LRCX/BR,LRCX,BR,conservative,36.80483454735648,0.029209848559965345,-3.5695007967876777,0.08060955227295086,24,6,2026-05-06
DVA/KLAC,DVA,KLAC,conservative,747.5437649882597,0.6651535935863252,-3.5695007967876777,0.9999999959476525,22,6,2026-05-06
DVA/INTU,DVA,INTU,conservative,642.3234992738417,0.5531296710775513,-3.5695007967876777,0.9999800226366969,16,6,2026-05-06
TER/EFX,TER,EFX,conservative,463.5720922937311,0.21065796425517233,-3.5695007967876777,0.9998373204231784,28,6,2026-05-06
TER/FOXA,TER,FOXA,conservative,328.2988942184579,0.3480381249655046,-3.5695007967876777,0.9997658567318873,12,6,2026-05-06
JBL/FOX,JBL,FOX,conservative,-229.8583930155775,-0.2986828638609542,-3.5695007967876777,5.6628728774350795e-09,8,6,2026-05-06
JBL/ULTA,JBL,ULTA,conservative,465.4269694350161,1.1433015884902045,-3.5695007967876777,0.9998995551633516,6,6,2026-05-06
KEYS/NFLX,KEYS,NFLX,conservative,272.1649999999997,0.1819662813393492,-3.5695007967876777,0.9553889755518123,14,6,2026-05-06
KEYS/CPRT,KEYS,CPRT,conservative,1201.990000000002,0.8530078372936347,-3.5695007967876777,0.9990428831404978,28,6,2026-05-06
CVS/CTSH,CVS,CTSH,conservative,92.61264382847853,0.13170297106743756,-3.5695007967876777,0.8100542779659972,16,6,2026-05-06
CVS/ADBE,CVS,ADBE,conservative,-988.6516840240243,-0.9550383277743903,-3.5695007967876777,8.886571318888236e-12,28,6,2026-05-06
MGM/PTC,MGM,PTC,conservative,297.0100000000014,0.44186764571457615,-3.5695007967876777,0.9999999989525489,10,6,2026-05-06
