pair_key,s1,s2,param_set,pair_pnl,pair_sharpe,run_sharpe,dsr_pvalue,n_trades,window_idx,train_end
ON/BSX,ON,BSX,monthly_aligned_windows,-1387.649999999993,-0.2473420895889006,0.5835720292418857,4.625959128194594e-10,24,1,2025-10-10
ON/FMC,ON,FMC,monthly_aligned_windows,-2657.416382970098,-0.5401806706006772,0.5835720292418857,2.214055617085425e-06,22,1,2025-10-10
LRCX/CAG,LRCX,CAG,monthly_aligned_windows,8237.705012762042,2.2892510506873753,0.5835720292418857,1.0,24,1,2025-10-10
LRCX/JKHY,LRCX,JKHY,monthly_aligned_windows,3919.796530701575,0.48800741673954484,0.5835720292418857,0.9984718262126366,24,1,2025-10-10
CSCO/HII,CSCO,HII,monthly_aligned_windows,12975.2599204728,0.9350107682100611,0.5835720292418857,0.9845535952966704,24,1,2025-10-10
CSCO/GIS,CSCO,GIS,monthly_aligned_windows,7900.101233109286,1.3999735714533736,0.5835720292418857,0.999996346722732,24,1,2025-10-10
AKAM/RMD,AKAM,RMD,monthly_aligned_windows,-2666.589959823435,-0.8479140803723263,0.5835720292418857,3.9106357535427676e-06,24,1,2025-10-10
AKAM/ULTA,AKAM,ULTA,monthly_aligned_windows,-296.9500000000007,-0.08598550440608632,0.5835720292418857,4.717800690083417e-05,20,1,2025-10-10
BWA/INTU,BWA,INTU,monthly_aligned_windows,-3855.854988079909,-1.133108017694529,0.5835720292418857,1.4129633033023554e-18,24,1,2025-10-10
BWA/MKTX,BWA,MKTX,monthly_aligned_windows,4979.942054318707,1.1144422491768646,0.5835720292418857,1.0,24,1,2025-10-10
STLD/REGN,STLD,REGN,monthly_aligned_windows,14994.29380845712,1.3075377769382028,0.5835720292418857,0.9996262689833415,24,1,2025-10-10
STLD/CMCSA,STLD,CMCSA,monthly_aligned_windows,-1617.860257062953,-0.47997407066845593,0.5835720292418857,6.835438601673961e-08,22,1,2025-10-10
NUE/PYPL,NUE,PYPL,monthly_aligned_windows,-1061.620386831335,-0.366299887448662,0.5835720292418857,7.074844715501793e-11,22,1,2025-10-10
NUE/NFLX,NUE,NFLX,monthly_aligned_windows,1805.642146932855,0.45535234489398857,0.5835720292418857,0.9999978033897169,24,1,2025-10-10
KLAC/ISRG,KLAC,ISRG,monthly_aligned_windows,440.1213334585897,0.16252506488584564,0.5835720292418857,0.7770281468383615,24,1,2025-10-10
ON/BSX,ON,BSX,kalman_aggressive,3102.700000000007,0.37274822641349387,-0.0069419897609341,0.9999909448855449,32,1,2025-10-10
ON/FMC,ON,FMC,kalman_aggressive,4779.321930595383,0.6105599878912586,-0.0069419897609341,0.9999999966818018,32,1,2025-10-10
LRCX/CAG,LRCX,CAG,kalman_aggressive,10544.77707342895,1.3295651464485523,-0.0069419897609341,1.0,30,1,2025-10-10
LRCX/JKHY,LRCX,JKHY,kalman_aggressive,8209.540426637337,1.2460603792623348,-0.0069419897609341,0.9999999998813894,34,1,2025-10-10
CSCO/HII,CSCO,HII,kalman_aggressive,-415.2476035107145,-0.06379498943293622,-0.0069419897609341,0.0008731342434093703,32,1,2025-10-10
CSCO/GIS,CSCO,GIS,kalman_aggressive,9425.673563264269,1.8697185008708253,-0.0069419897609341,1.0,38,1,2025-10-10
AKAM/RMD,AKAM,RMD,kalman_aggressive,1593.875962150659,0.416835842981854,-0.0069419897609341,0.9999927899318474,32,1,2025-10-10
AKAM/ULTA,AKAM,ULTA,kalman_aggressive,788.9000000000024,0.19957916556350414,-0.0069419897609341,0.9211432389615275,32,1,2025-10-10
BWA/INTU,BWA,INTU,kalman_aggressive,-9000.78999292277,-1.350338668860072,-0.0069419897609341,9.325470326645147e-16,32,1,2025-10-10
BWA/MKTX,BWA,MKTX,kalman_aggressive,5165.113735388511,0.8757108734378366,-0.0069419897609341,0.999999999999999,28,1,2025-10-10
STLD/REGN,STLD,REGN,kalman_aggressive,-1844.559208318627,-0.2658889642637006,-0.0069419897609341,4.740022855389459e-15,32,1,2025-10-10
STLD/CMCSA,STLD,CMCSA,kalman_aggressive,-1439.022360023827,-0.2535131518121501,-0.0069419897609341,2.6418000620327335e-09,32,1,2025-10-10
NUE/PYPL,NUE,PYPL,kalman_aggressive,-5214.638979058518,-0.68625752327475,-0.0069419897609341,2.8410871982291736e-15,26,1,2025-10-10
NUE/NFLX,NUE,NFLX,kalman_aggressive,-2644.033317300542,-0.34563275979096986,-0.0069419897609341,4.877986540610062e-13,38,1,2025-10-10
KLAC/ISRG,KLAC,ISRG,kalman_aggressive,1613.927799353648,0.2592924195176743,-0.0069419897609341,0.9923907352769923,34,1,2025-10-10
ON/BSX,ON,BSX,beta_neutral_long_term,3071.000000000006,0.8472178590976128,-0.1649187053008108,0.9999999999998443,8,1,2025-10-10
ON/FMC,ON,FMC,beta_neutral_long_term,0.0,-0.1649187053008108,-0.1649187053008108,7.933146138403431e-08,0,1,2025-10-10
LRCX/CAG,LRCX,CAG,beta_neutral_long_term,7579.790869450788,1.5189863142974742,-0.1649187053008108,0.9999999999988922,12,1,2025-10-10
LRCX/JKHY,LRCX,JKHY,beta_neutral_long_term,5533.247362794238,1.1527078587338377,-0.1649187053008108,0.9999999981789672,8,1,2025-10-10
CSCO/HII,CSCO,HII,beta_neutral_long_term,1127.483642691612,0.8634762288915455,-0.1649187053008108,0.9999999644089884,6,1,2025-10-10
CSCO/GIS,CSCO,GIS,beta_neutral_long_term,-213.2578388829869,-0.10107971596926581,-0.1649187053008108,6.558559825457811e-06,12,1,2025-10-10
AKAM/RMD,AKAM,RMD,beta_neutral_long_term,18.33765644512141,0.032105353842502744,-0.1649187053008108,0.07030517699595219,6,1,2025-10-10
AKAM/ULTA,AKAM,ULTA,beta_neutral_long_term,1381.980000000004,0.4927522535860267,-0.1649187053008108,0.999609790102479,8,1,2025-10-10
BWA/INTU,BWA,INTU,beta_neutral_long_term,-918.0004506965319,-1.130759552953217,-0.1649187053008108,1.3420567210982314e-09,4,1,2025-10-10
BWA/MKTX,BWA,MKTX,beta_neutral_long_term,3736.903455461314,1.8944134063749836,-0.1649187053008108,0.9999996811029254,4,1,2025-10-10
STLD/REGN,STLD,REGN,beta_neutral_long_term,-804.6634153193047,-1.2478818601330814,-0.1649187053008108,4.765134172204582e-05,2,1,2025-10-10
STLD/CMCSA,STLD,CMCSA,beta_neutral_long_term,1063.711583364938,0.783233612430737,-0.1649187053008108,0.999999989312225,4,1,2025-10-10
NUE/PYPL,NUE,PYPL,beta_neutral_long_term,118.6716503544278,0.1373141454832375,-0.1649187053008108,0.7656909982190938,4,1,2025-10-10
NUE/NFLX,NUE,NFLX,beta_neutral_long_term,275.1194105566371,0.16541996687933466,-0.1649187053008108,0.8645158540402369,10,1,2025-10-10
KLAC/ISRG,KLAC,ISRG,beta_neutral_long_term,1367.589970055092,0.7253680771096234,-0.1649187053008108,0.9999304127692294,6,1,2025-10-10
ON/BSX,ON,BSX,aggressive,-3464.869999999996,-0.3603287475903168,-0.2844932134206616,2.720489533124835e-16,32,1,2025-10-10
ON/FMC,ON,FMC,aggressive,-8973.978081678973,-0.7345772624481526,-0.2844932134206616,8.078407530853684e-08,34,1,2025-10-10
LRCX/CAG,LRCX,CAG,aggressive,18817.43963302767,1.7419262984240722,-0.2844932134206616,1.0,28,1,2025-10-10
LRCX/JKHY,LRCX,JKHY,aggressive,8012.830582747768,0.8652011573110698,-0.2844932134206616,0.9999999999992629,34,1,2025-10-10
CSCO/HII,CSCO,HII,aggressive,798.6201054121793,0.11591849249146219,-0.2844932134206616,0.561163577695496,32,1,2025-10-10
CSCO/GIS,CSCO,GIS,aggressive,9528.334972876843,1.5922366554618002,-0.2844932134206616,1.0,36,1,2025-10-10
AKAM/RMD,AKAM,RMD,aggressive,1265.47225105122,0.2622714987829418,-0.2844932134206616,0.9966659708456311,30,1,2025-10-10
AKAM/ULTA,AKAM,ULTA,aggressive,1857.799999999987,0.3744848642493462,-0.2844932134206616,0.999991462575355,30,1,2025-10-10
BWA/INTU,BWA,INTU,aggressive,-5635.44180881513,-0.655267260593433,-0.2844932134206616,4.13313935549419e-16,30,1,2025-10-10
BWA/MKTX,BWA,MKTX,aggressive,5811.402536244247,0.8255001368656519,-0.2844932134206616,0.9999999999999962,26,1,2025-10-10
STLD/REGN,STLD,REGN,aggressive,-1348.44761761455,-0.19119999582920727,-0.2844932134206616,3.671440434544308e-12,32,1,2025-10-10
STLD/CMCSA,STLD,CMCSA,aggressive,-356.8454132630081,-0.060288040698629586,-0.2844932134206616,0.0008376503097081267,32,1,2025-10-10
NUE/PYPL,NUE,PYPL,aggressive,-6011.613844708821,-0.6470799257403033,-0.2844932134206616,5.416064694759483e-18,26,1,2025-10-10
NUE/NFLX,NUE,NFLX,aggressive,-7010.393794843018,-0.8198922799321227,-0.2844932134206616,8.105187631281072e-27,34,1,2025-10-10
KLAC/ISRG,KLAC,ISRG,aggressive,-7.004311989120652,-0.0010230822839747986,-0.2844932134206616,0.017644785957844477,32,1,2025-10-10
ON/BSX,ON,BSX,short_term_beta_neutral,-57.94000000000187,-0.022202435187379403,-1.060643294465471,0.0075520376876609735,20,1,2025-10-10
ON/FMC,ON,FMC,short_term_beta_neutral,4267.001749704386,1.0943804676293105,-1.060643294465471,0.9999998822419667,12,1,2025-10-10
LRCX/CAG,LRCX,CAG,short_term_beta_neutral,2402.895809208485,0.6786127266789828,-1.060643294465471,0.9999999999957966,32,1,2025-10-10
LRCX/JKHY,LRCX,JKHY,short_term_beta_neutral,338.2698924046415,0.09353746520241728,-1.060643294465471,0.4000415001277309,22,1,2025-10-10
CSCO/HII,CSCO,HII,short_term_beta_neutral,-1473.958149997568,-0.5342871715694574,-1.060643294465471,2.857345506066239e-06,18,1,2025-10-10
CSCO/GIS,CSCO,GIS,short_term_beta_neutral,1869.094459985122,1.0894903028636351,-1.060643294465471,0.9999999999894396,22,1,2025-10-10
AKAM/RMD,AKAM,RMD,short_term_beta_neutral,-200.948108336454,-0.19911351076262954,-1.060643294465471,0.0003506405955136366,10,1,2025-10-10
AKAM/ULTA,AKAM,ULTA,short_term_beta_neutral,780.7400000000007,0.21261106634945168,-1.060643294465471,0.8553317311245114,20,1,2025-10-10
BWA/INTU,BWA,INTU,short_term_beta_neutral,1099.096555696663,0.8600441774549968,-1.060643294465471,0.9999832655472088,12,1,2025-10-10
BWA/MKTX,BWA,MKTX,short_term_beta_neutral,-453.2295039340954,-0.19046756776570736,-1.060643294465471,2.7131853849031452e-08,20,1,2025-10-10
STLD/REGN,STLD,REGN,short_term_beta_neutral,-1616.850893265641,-1.2872326564820955,-1.060643294465471,2.8281843016303728e-09,10,1,2025-10-10
STLD/CMCSA,STLD,CMCSA,short_term_beta_neutral,-1161.17549355406,-0.9832915109271133,-1.060643294465471,1.72937547728149e-10,14,1,2025-10-10
NUE/PYPL,NUE,PYPL,short_term_beta_neutral,1718.765738596854,0.9669037756696609,-1.060643294465471,0.9999999732179642,6,1,2025-10-10
NUE/NFLX,NUE,NFLX,short_term_beta_neutral,3874.876554818681,1.6391995776824402,-1.060643294465471,0.9999999989918744,10,1,2025-10-10
KLAC/ISRG,KLAC,ISRG,short_term_beta_neutral,1253.825468610041,0.5413958592306372,-1.060643294465471,0.9999927763481171,14,1,2025-10-10
ON/BSX,ON,BSX,weekly_aligned_windows,3628.469999999995,0.43261354556576215,-1.1346212648523086,0.9999992936075991,68,1,2025-10-10
ON/FMC,ON,FMC,weekly_aligned_windows,-2641.173322354798,-0.44813468660930134,-1.1346212648523086,1.981776421056165e-13,64,1,2025-10-10
LRCX/CAG,LRCX,CAG,weekly_aligned_windows,4157.227777914291,0.9259872933008996,-1.1346212648523086,1.0,74,1,2025-10-10
LRCX/JKHY,LRCX,JKHY,weekly_aligned_windows,5432.167064992208,1.1592099675104692,-1.1346212648523086,1.0,68,1,2025-10-10
CSCO/HII,CSCO,HII,weekly_aligned_windows,2529.778176971277,0.5512832167997456,-1.1346212648523086,0.9999998404884461,64,1,2025-10-10
CSCO/GIS,CSCO,GIS,weekly_aligned_windows,1396.822879874947,0.5489326889045181,-1.1346212648523086,0.9999999769469012,66,1,2025-10-10
AKAM/RMD,AKAM,RMD,weekly_aligned_windows,-2966.356609085371,-0.7373888314172701,-1.1346212648523086,3.0016990253940136e-09,60,1,2025-10-10
AKAM/ULTA,AKAM,ULTA,weekly_aligned_windows,-1146.809999999997,-0.28070865797187006,-1.1346212648523086,6.205619178361611e-11,60,1,2025-10-10
BWA/INTU,BWA,INTU,weekly_aligned_windows,-6733.168789661264,-1.041972050382249,-1.1346212648523086,0.0006612953618956231,68,1,2025-10-10
BWA/MKTX,BWA,MKTX,weekly_aligned_windows,3001.093625298219,0.747361650241772,-1.1346212648523086,1.0,64,1,2025-10-10
STLD/REGN,STLD,REGN,weekly_aligned_windows,-822.2085462095934,-0.19124290743193703,-1.1346212648523086,4.339449105946728e-08,70,1,2025-10-10
STLD/CMCSA,STLD,CMCSA,weekly_aligned_windows,-4955.574341581063,-1.7125285030141337,-1.1346212648523086,8.276464606659497e-25,66,1,2025-10-10
NUE/PYPL,NUE,PYPL,weekly_aligned_windows,-3237.341258521828,-0.5758648473118629,-1.1346212648523086,1.6913276864007204e-11,74,1,2025-10-10
NUE/NFLX,NUE,NFLX,weekly_aligned_windows,-697.9941248697282,-0.1535812213223798,-1.1346212648523086,1.3711113692555002e-06,68,1,2025-10-10
KLAC/ISRG,KLAC,ISRG,weekly_aligned_windows,-1346.932201156465,-0.3154719920080697,-1.1346212648523086,1.8562629156098388e-07,70,1,2025-10-10
ON/BSX,ON,BSX,beta_neutral,3100.040000000002,0.8946225073753389,-1.168991712582326,0.9999999999926592,12,1,2025-10-10
ON/FMC,ON,FMC,beta_neutral,-2176.42403189347,-0.8197560612767678,-1.168991712582326,0.004987619295898069,2,1,2025-10-10
LRCX/CAG,LRCX,CAG,beta_neutral,4066.039017878788,0.8254057024777629,-1.168991712582326,0.9999999999959365,18,1,2025-10-10
LRCX/JKHY,LRCX,JKHY,beta_neutral,1334.601145216721,0.3417205007124774,-1.168991712582326,0.9984386031128335,16,1,2025-10-10
CSCO/HII,CSCO,HII,beta_neutral,-273.2697036801007,-0.27917080250157805,-1.168991712582326,2.639208312564969e-07,10,1,2025-10-10
CSCO/GIS,CSCO,GIS,beta_neutral,137.2208874503251,0.062145997702577414,-1.168991712582326,0.21640859451827638,20,1,2025-10-10
AKAM/RMD,AKAM,RMD,beta_neutral,-278.9383391147478,-0.3173079945334442,-1.168991712582326,0.00017926078879406724,6,1,2025-10-10
AKAM/ULTA,AKAM,ULTA,beta_neutral,-211.8000000000002,-0.24583193647950716,-1.168991712582326,1.7344409970745384e-10,8,1,2025-10-10
BWA/INTU,BWA,INTU,beta_neutral,-3849.238551131774,-1.0583843758973692,-1.168991712582326,7.653453414315303e-05,12,1,2025-10-10
BWA/MKTX,BWA,MKTX,beta_neutral,1846.906436233701,0.83926539001859,-1.168991712582326,0.9999501669559816,10,1,2025-10-10
STLD/REGN,STLD,REGN,beta_neutral,-1562.428117026783,-1.1044450438186304,-1.168991712582326,7.15364804504978e-12,6,1,2025-10-10
STLD/CMCSA,STLD,CMCSA,beta_neutral,1416.114831431298,1.1507500893792,-1.168991712582326,0.9999996740533487,4,1,2025-10-10
NUE/PYPL,NUE,PYPL,beta_neutral,4329.357592940247,1.0129345048568874,-1.168991712582326,0.9999999943221319,10,1,2025-10-10
NUE/NFLX,NUE,NFLX,beta_neutral,1991.583515028059,0.6048740559349951,-1.168991712582326,0.9999196110164772,6,1,2025-10-10
KLAC/ISRG,KLAC,ISRG,beta_neutral,-567.2844163028343,-0.23954773688559952,-1.168991712582326,2.8184278628709308e-11,8,1,2025-10-10
ON/BSX,ON,BSX,crash_tolerant,3012.650000000005,0.6161506465893425,-1.1880655510118183,0.9999999974366448,14,1,2025-10-10
ON/FMC,ON,FMC,crash_tolerant,-6581.285094991517,-0.8197560612767679,-1.1880655510118183,0.004987619295898084,2,1,2025-10-10
LRCX/CAG,LRCX,CAG,crash_tolerant,4395.728084516501,0.5780850099626521,-1.1880655510118183,0.9999999165596438,18,1,2025-10-10
LRCX/JKHY,LRCX,JKHY,crash_tolerant,3559.494117596268,0.5085224677135238,-1.1880655510118183,0.9999992643962127,16,1,2025-10-10
CSCO/HII,CSCO,HII,crash_tolerant,-3519.830839060191,-0.9495232695892445,-1.1880655510118183,3.761898475229496e-08,12,1,2025-10-10
CSCO/GIS,CSCO,GIS,crash_tolerant,-195.5859054201521,-0.053114001769562526,-1.1880655510118183,0.000644495915684385,20,1,2025-10-10
AKAM/RMD,AKAM,RMD,crash_tolerant,-1249.41287220757,-0.5833057746680661,-1.1880655510118183,0.00018621913102474352,6,1,2025-10-10
AKAM/ULTA,AKAM,ULTA,crash_tolerant,-1873.44,-1.0053427056293656,-1.1880655510118183,4.8818727400797197e-11,10,1,2025-10-10
BWA/INTU,BWA,INTU,crash_tolerant,-665.1400973717596,-0.21321950149707827,-1.1880655510118183,1.1953891271189297e-05,12,1,2025-10-10
BWA/MKTX,BWA,MKTX,crash_tolerant,4468.729838849142,1.0707268106256853,-1.1880655510118183,0.9999997619682175,10,1,2025-10-10
STLD/REGN,STLD,REGN,crash_tolerant,-2954.21494166031,-0.9660021794618125,-1.1880655510118183,2.4605181565010574e-16,8,1,2025-10-10
STLD/CMCSA,STLD,CMCSA,crash_tolerant,2535.260197681293,1.4395389751157364,-1.1880655510118183,0.9999993374284433,4,1,2025-10-10
NUE/PYPL,NUE,PYPL,crash_tolerant,-65.84790524106575,-0.01538213613659166,-1.1880655510118183,0.008755977562852506,10,1,2025-10-10
NUE/NFLX,NUE,NFLX,crash_tolerant,-1676.248797355623,-0.40194762024615766,-1.1880655510118183,1.5697859921542889e-10,8,1,2025-10-10
KLAC/ISRG,KLAC,ISRG,crash_tolerant,-1162.801056529597,-0.34191296947991656,-1.1880655510118183,1.3031725826121653e-10,8,1,2025-10-10
ON/BSX,ON,BSX,let_profits_run,3605.000000000003,0.9108390882697078,-1.247264499737985,0.9999999999999888,8,1,2025-10-10
ON/FMC,ON,FMC,let_profits_run,0.0,-1.247264499737985,-1.247264499737985,1.676233278527542e-86,0,1,2025-10-10
LRCX/CAG,LRCX,CAG,let_profits_run,2579.758348790093,0.7791661644556863,-1.247264499737985,0.9999999999921652,14,1,2025-10-10
LRCX/JKHY,LRCX,JKHY,let_profits_run,563.62965011728,0.1907586151221248,-1.247264499737985,0.9256690145181953,10,1,2025-10-10
CSCO/HII,CSCO,HII,let_profits_run,-1159.019201120369,-0.4299291799331895,-1.247264499737985,0.0004102098934489327,8,1,2025-10-10
CSCO/GIS,CSCO,GIS,let_profits_run,128.9135472037836,0.06185834566201,-1.247264499737985,0.19625200734874199,14,1,2025-10-10
AKAM/RMD,AKAM,RMD,let_profits_run,223.1760274732935,0.20348040806732198,-1.247264499737985,0.9759652707292894,8,1,2025-10-10
AKAM/ULTA,AKAM,ULTA,let_profits_run,1783.31,0.9181574527536522,-1.247264499737985,0.9999729088926117,8,1,2025-10-10
BWA/INTU,BWA,INTU,let_profits_run,-946.214979451621,-1.074498203668149,-1.247264499737985,2.1897021370913686e-12,4,1,2025-10-10
BWA/MKTX,BWA,MKTX,let_profits_run,3273.809266896177,1.4499675443301885,-1.247264499737985,0.9999999651631345,4,1,2025-10-10
STLD/REGN,STLD,REGN,let_profits_run,-1516.577327373387,-1.792599802862156,-1.247264499737985,9.977177222260156e-07,6,1,2025-10-10
STLD/CMCSA,STLD,CMCSA,let_profits_run,614.3240609459854,0.537831143126873,-1.247264499737985,0.9999999975588033,6,1,2025-10-10
NUE/PYPL,NUE,PYPL,let_profits_run,-171.2245068833629,-0.05371279618110317,-1.247264499737985,0.001104453262657097,6,1,2025-10-10
NUE/NFLX,NUE,NFLX,let_profits_run,1966.42429794251,0.7044628931241438,-1.247264499737985,0.999991189469841,6,1,2025-10-10
KLAC/ISRG,KLAC,ISRG,let_profits_run,809.4044521910109,0.48672099540290725,-1.247264499737985,0.9989545676537437,8,1,2025-10-10
ON/BSX,ON,BSX,fast_rebalance,272.530000000006,0.0916107581109343,-1.2600096755517978,0.3720248564790684,18,1,2025-10-10
ON/FMC,ON,FMC,fast_rebalance,448.8158642632131,0.2933072224410474,-1.2600096755517978,0.9970134479471132,10,1,2025-10-10
LRCX/CAG,LRCX,CAG,fast_rebalance,2297.427901030496,0.8688927349464138,-1.2600096755517978,0.9999999999961307,30,1,2025-10-10
LRCX/JKHY,LRCX,JKHY,fast_rebalance,4588.959284158007,1.3266181584559191,-1.2600096755517978,0.9999999999998386,22,1,2025-10-10
CSCO/HII,CSCO,HII,fast_rebalance,-926.2172994075817,-0.657249149060469,-1.2600096755517978,1.768172706908837e-18,14,1,2025-10-10
CSCO/GIS,CSCO,GIS,fast_rebalance,1126.930833795345,0.8007928335035341,-1.2600096755517978,0.999999999975245,20,1,2025-10-10
AKAM/RMD,AKAM,RMD,fast_rebalance,329.7959900097121,0.2946402604725106,-1.2600096755517978,0.9981690614381182,8,1,2025-10-10
AKAM/ULTA,AKAM,ULTA,fast_rebalance,1864.880000000001,1.003360495711241,-1.2600096755517978,0.9999221990820336,18,1,2025-10-10
BWA/INTU,BWA,INTU,fast_rebalance,222.4066197621329,0.18638093992449759,-1.2600096755517978,0.971429945843135,10,1,2025-10-10
BWA/MKTX,BWA,MKTX,fast_rebalance,1404.763743185654,0.5489458638921825,-1.2600096755517978,0.9999999653232319,20,1,2025-10-10
STLD/REGN,STLD,REGN,fast_rebalance,-1395.213934232716,-1.095873919218056,-1.2600096755517978,7.581245584272136e-11,10,1,2025-10-10
STLD/CMCSA,STLD,CMCSA,fast_rebalance,95.88689912864871,0.1568304534949957,-1.2600096755517978,0.870195362831141,6,1,2025-10-10
NUE/PYPL,NUE,PYPL,fast_rebalance,561.9675534859448,0.18484196386551813,-1.2600096755517978,0.8501725597853027,4,1,2025-10-10
NUE/NFLX,NUE,NFLX,fast_rebalance,1226.027796694465,0.3637405619388859,-1.2600096755517978,0.9938064156323729,10,1,2025-10-10
KLAC/ISRG,KLAC,ISRG,fast_rebalance,797.3006160422443,0.5342552203030357,-1.2600096755517978,0.9999991805798532,12,1,2025-10-10
ON/BSX,ON,BSX,short_term_tilt,1045.670000000003,0.3484111018895199,-1.27699656633375,0.9999659185527006,18,1,2025-10-10
ON/FMC,ON,FMC,short_term_tilt,449.3958642632149,0.29371743855271415,-1.27699656633375,0.9970540491932613,10,1,2025-10-10
LRCX/CAG,LRCX,CAG,short_term_tilt,2575.679086067472,0.9684575612238359,-1.27699656633375,0.9999999999995436,30,1,2025-10-10
LRCX/JKHY,LRCX,JKHY,short_term_tilt,4588.959284158007,1.3266181584559191,-1.27699656633375,0.9999999999998386,22,1,2025-10-10
CSCO/HII,CSCO,HII,short_term_tilt,-925.1699597504535,-0.6567680516196156,-1.27699656633375,1.8471511758269497e-18,14,1,2025-10-10
CSCO/GIS,CSCO,GIS,short_term_tilt,1126.17539535295,0.7999559440048256,-1.27699656633375,0.9999999999754141,20,1,2025-10-10
AKAM/RMD,AKAM,RMD,short_term_tilt,-57.06206833955594,-0.047983117139435386,-1.27699656633375,0.0035033820760229806,10,1,2025-10-10
AKAM/ULTA,AKAM,ULTA,short_term_tilt,1871.200000000001,1.0074371071019048,-1.27699656633375,0.9999207987452747,18,1,2025-10-10
BWA/INTU,BWA,INTU,short_term_tilt,508.0623035770402,0.38810064254612087,-1.27699656633375,0.9999728328962437,12,1,2025-10-10
BWA/MKTX,BWA,MKTX,short_term_tilt,523.9988174923961,0.22999161587386271,-1.27699656633375,0.9794205350912507,18,1,2025-10-10
STLD/REGN,STLD,REGN,short_term_tilt,-1545.263777234375,-1.2053481863842694,-1.27699656633375,5.463367511050476e-11,10,1,2025-10-10
STLD/CMCSA,STLD,CMCSA,short_term_tilt,95.88689912864871,0.1568304534949957,-1.27699656633375,0.870195362831141,6,1,2025-10-10
NUE/PYPL,NUE,PYPL,short_term_tilt,387.4236440090647,0.1267330070994733,-1.27699656633375,0.6179518460665566,6,1,2025-10-10
NUE/NFLX,NUE,NFLX,short_term_tilt,1226.027796694465,0.3637405619388859,-1.27699656633375,0.9938064156323729,10,1,2025-10-10
KLAC/ISRG,KLAC,ISRG,short_term_tilt,797.3006160422443,0.5342552203030357,-1.27699656633375,0.9999991805798532,12,1,2025-10-10
ON/BSX,ON,BSX,trend_leverage,1649.639999999996,0.3893227443257627,-1.3351688600942753,0.9999864016699794,14,1,2025-10-10
ON/FMC,ON,FMC,trend_leverage,-4935.963821243638,-0.8197560612767678,-1.3351688600942753,0.0049876192958980894,2,1,2025-10-10
LRCX/CAG,LRCX,CAG,trend_leverage,3300.03952872983,0.5785027339181762,-1.3351688600942753,0.999999919756366,18,1,2025-10-10
LRCX/JKHY,LRCX,JKHY,trend_leverage,2682.041513048319,0.5123574440753884,-1.3351688600942753,0.9999993704526158,16,1,2025-10-10
CSCO/HII,CSCO,HII,trend_leverage,-2631.628767362597,-0.9480123349898717,-1.3351688600942753,3.3430836205419774e-08,12,1,2025-10-10
CSCO/GIS,CSCO,GIS,trend_leverage,-150.5186378238039,-0.054457445191121945,-1.3351688600942753,0.0005848869738219175,20,1,2025-10-10
AKAM/RMD,AKAM,RMD,trend_leverage,-802.804512279725,-0.5105146743888861,-1.3351688600942753,0.00031956426222951674,4,1,2025-10-10
AKAM/ULTA,AKAM,ULTA,trend_leverage,-1471.439999999999,-1.0500745867726473,-1.3351688600942753,5.4905153953555956e-11,10,1,2025-10-10
BWA/INTU,BWA,INTU,trend_leverage,-1219.997626499533,-0.3954773935281433,-1.3351688600942753,2.984637870600935e-09,12,1,2025-10-10
BWA/MKTX,BWA,MKTX,trend_leverage,3367.603713983595,1.0725364088212694,-1.3351688600942753,0.9999997430514104,10,1,2025-10-10
STLD/REGN,STLD,REGN,trend_leverage,-2276.025804784309,-0.9880896249018492,-1.3351688600942753,3.9336413691717866e-16,8,1,2025-10-10
STLD/CMCSA,STLD,CMCSA,trend_leverage,1906.025600765016,1.4403623032520272,-1.3351688600942753,0.9999993330775786,4,1,2025-10-10
NUE/PYPL,NUE,PYPL,trend_leverage,563.1744636023532,0.09859166843334359,-1.3351688600942753,0.4323342163866382,10,1,2025-10-10
NUE/NFLX,NUE,NFLX,trend_leverage,-205.8081265316027,-0.03993174002731933,-1.3351688600942753,0.002283674775984724,6,1,2025-10-10
KLAC/ISRG,KLAC,ISRG,trend_leverage,-367.9544627060181,-0.14115191812092215,-1.3351688600942753,1.7599573151467497e-07,8,1,2025-10-10
ON/BSX,ON,BSX,long_term_tilt,2332.520000000004,0.6945965651475569,-1.3518223798706284,0.9999999998623451,8,1,2025-10-10
ON/FMC,ON,FMC,long_term_tilt,0.0,-1.3518223798706284,-1.3518223798706284,4.539652482241462e-93,0,1,2025-10-10
LRCX/CAG,LRCX,CAG,long_term_tilt,3929.89594443979,1.3133800195631786,-1.3518223798706284,0.9999999999999012,12,1,2025-10-10
LRCX/JKHY,LRCX,JKHY,long_term_tilt,3179.190803391586,0.9856245186762543,-1.3518223798706284,0.9999999999874916,8,1,2025-10-10
CSCO/HII,CSCO,HII,long_term_tilt,1153.618543546348,0.48872340444812273,-1.3518223798706284,0.9969391820234081,6,1,2025-10-10
CSCO/GIS,CSCO,GIS,long_term_tilt,54.81654337439203,0.02985637792103108,-1.3518223798706284,0.07172591379737418,12,1,2025-10-10
AKAM/RMD,AKAM,RMD,long_term_tilt,-513.14334674622,-0.6824629613652785,-1.3518223798706284,3.6584811329545017e-16,6,1,2025-10-10
AKAM/ULTA,AKAM,ULTA,long_term_tilt,525.660000000004,0.24040676102013353,-1.3518223798706284,0.9871716699456552,8,1,2025-10-10
BWA/INTU,BWA,INTU,long_term_tilt,-910.9604506965319,-1.1306174135141172,-1.3518223798706284,1.1623714339216961e-09,4,1,2025-10-10
BWA/MKTX,BWA,MKTX,long_term_tilt,3717.023432074972,1.8925668143960481,-1.3518223798706284,0.999999629301945,4,1,2025-10-10
STLD/REGN,STLD,REGN,long_term_tilt,-815.104430600839,-1.254376572472949,-1.3518223798706284,0.00017651064490794075,2,1,2025-10-10
STLD/CMCSA,STLD,CMCSA,long_term_tilt,442.2049736280241,0.4426726154438343,-1.3518223798706284,0.9999996330361207,4,1,2025-10-10
NUE/PYPL,NUE,PYPL,long_term_tilt,-186.251641572424,-0.3851698134452941,-1.3518223798706284,2.2867343343186804e-06,4,1,2025-10-10
NUE/NFLX,NUE,NFLX,long_term_tilt,-773.4335864023628,-0.47536003903501817,-1.3518223798706284,2.1970760529635306e-10,8,1,2025-10-10
KLAC/ISRG,KLAC,ISRG,long_term_tilt,1180.117982033057,0.8900413511396911,-1.3518223798706284,0.9999993869506331,6,1,2025-10-10
ON/BSX,ON,BSX,long_term_kalman,2610.220000000005,0.6910723578223312,-1.382227249358221,0.9999999999977214,8,1,2025-10-10
ON/FMC,ON,FMC,long_term_kalman,0.0,-1.382227249358221,-1.382227249358221,6.995494419144606e-95,0,1,2025-10-10
LRCX/CAG,LRCX,CAG,long_term_kalman,3960.587975693987,1.2915849069233267,-1.382227249358221,0.9999999999998096,12,1,2025-10-10
LRCX/JKHY,LRCX,JKHY,long_term_kalman,3163.547739448632,0.9721399664571724,-1.382227249358221,0.9999999999835835,8,1,2025-10-10
CSCO/HII,CSCO,HII,long_term_kalman,-216.1368242482201,-0.08178584242533107,-1.382227249358221,0.003038784243832272,6,1,2025-10-10
CSCO/GIS,CSCO,GIS,long_term_kalman,189.5038725122823,0.10836605231944045,-1.382227249358221,0.5040202380408002,12,1,2025-10-10
AKAM/RMD,AKAM,RMD,long_term_kalman,-421.4965824892464,-0.5017040086516712,-1.382227249358221,1.0552336047640117e-17,6,1,2025-10-10
AKAM/ULTA,AKAM,ULTA,long_term_kalman,526.1800000000039,0.2407140653637646,-1.382227249358221,0.9872789373158005,8,1,2025-10-10
BWA/INTU,BWA,INTU,long_term_kalman,-910.9604506965319,-1.1306174135141172,-1.382227249358221,1.1623714339216961e-09,4,1,2025-10-10
BWA/MKTX,BWA,MKTX,long_term_kalman,2968.607674357478,1.3173277642961465,-1.382227249358221,0.9999999661104202,4,1,2025-10-10
STLD/REGN,STLD,REGN,long_term_kalman,-818.6678746663686,-1.2543348678121653,-1.382227249358221,0.00015783397054412577,2,1,2025-10-10
STLD/CMCSA,STLD,CMCSA,long_term_kalman,694.8061221045353,0.7018456953944641,-1.382227249358221,0.9999999741481572,4,1,2025-10-10
NUE/PYPL,NUE,PYPL,long_term_kalman,-181.39867420029,-0.37400878003882576,-1.382227249358221,2.571461705330575e-06,4,1,2025-10-10
NUE/NFLX,NUE,NFLX,long_term_kalman,-788.2905822871353,-0.4560725195623523,-1.382227249358221,6.272186908688813e-12,10,1,2025-10-10
KLAC/ISRG,KLAC,ISRG,long_term_kalman,1180.117982033057,0.8900413511396911,-1.382227249358221,0.9999993869506331,6,1,2025-10-10
ON/BSX,ON,BSX,no_skip_month,-2174.580000000004,-0.4882353427007024,-1.4676608231353512,1.0137185114331494e-10,16,1,2025-10-10
ON/FMC,ON,FMC,no_skip_month,-3290.642547495759,-0.8197560612767681,-1.4676608231353512,0.004987619295898075,2,1,2025-10-10
LRCX/CAG,LRCX,CAG,no_skip_month,3337.473089848328,0.8887083679794532,-1.4676608231353512,0.9999999998499556,18,1,2025-10-10
LRCX/JKHY,LRCX,JKHY,no_skip_month,1884.270352303979,0.538031970066623,-1.4676608231353512,0.999999707703812,16,1,2025-10-10
CSCO/HII,CSCO,HII,no_skip_month,-257.7048786933821,-0.07661421573728192,-1.4676608231353512,0.0001733804026314338,16,1,2025-10-10
CSCO/GIS,CSCO,GIS,no_skip_month,-531.3407621993606,-0.23347950583003224,-1.4676608231353512,2.0076131277459683e-09,22,1,2025-10-10
AKAM/RMD,AKAM,RMD,no_skip_month,-1100.199603115612,-0.8265952161052761,-1.4676608231353512,8.773467304447141e-07,8,1,2025-10-10
AKAM/ULTA,AKAM,ULTA,no_skip_month,-3236.459999999999,-1.3005256082632914,-1.4676608231353512,0.0016525995610632519,12,1,2025-10-10
BWA/INTU,BWA,INTU,no_skip_month,414.7751623090579,0.27648342225625067,-1.4676608231353512,0.9996433667589174,12,1,2025-10-10
BWA/MKTX,BWA,MKTX,no_skip_month,2616.584264210449,0.901867824888997,-1.4676608231353512,0.9999999999638259,14,1,2025-10-10
STLD/REGN,STLD,REGN,no_skip_month,1531.859571300866,0.42432283660782344,-1.4676608231353512,0.9999798318388587,12,1,2025-10-10
STLD/CMCSA,STLD,CMCSA,no_skip_month,826.1134916022773,0.649955954287986,-1.4676608231353512,0.9999999999268764,8,1,2025-10-10
NUE/PYPL,NUE,PYPL,no_skip_month,1226.486850902221,0.720629930749878,-1.4676608231353512,0.999999999925966,14,1,2025-10-10
NUE/NFLX,NUE,NFLX,no_skip_month,192.449193038603,0.10878038692383053,-1.4676608231353512,0.5066721699831969,10,1,2025-10-10
KLAC/ISRG,KLAC,ISRG,no_skip_month,178.4474704806045,0.0485178216801012,-1.4676608231353512,0.11853898465233031,12,1,2025-10-10
ON/BSX,ON,BSX,slow_rebalance,2735.300000000006,0.786674382773385,-1.6360654289636587,0.9999999999885759,10,1,2025-10-10
ON/FMC,ON,FMC,slow_rebalance,0.0,-1.6360654289636587,-1.6360654289636587,2.378570134085485e-108,0,1,2025-10-10
LRCX/CAG,LRCX,CAG,slow_rebalance,2569.024592341955,0.8152940144341686,-1.6360654289636587,0.9999999999977847,16,1,2025-10-10
LRCX/JKHY,LRCX,JKHY,slow_rebalance,267.6667631133922,0.09149265259276874,-1.6360654289636587,0.3793911500305328,10,1,2025-10-10
CSCO/HII,CSCO,HII,slow_rebalance,-2052.426967756677,-1.1509192020702759,-1.6360654289636587,1.0951277793592244e-05,6,1,2025-10-10
CSCO/GIS,CSCO,GIS,slow_rebalance,535.887657155787,0.2548781072367477,-1.6360654289636587,0.9891539645824377,16,1,2025-10-10
AKAM/RMD,AKAM,RMD,slow_rebalance,143.4337754960462,0.13792553907116697,-1.6360654289636587,0.7637436883973725,4,1,2025-10-10
AKAM/ULTA,AKAM,ULTA,slow_rebalance,1501.639999999999,0.8019019779691674,-1.6360654289636587,0.9999109966270066,10,1,2025-10-10
BWA/INTU,BWA,INTU,slow_rebalance,-2095.62440152574,-0.6610208259261054,-1.6360654289636587,9.009285530583668e-08,10,1,2025-10-10
BWA/MKTX,BWA,MKTX,slow_rebalance,2544.457186715257,1.2534857730938758,-1.6360654289636587,0.999998690280192,8,1,2025-10-10
STLD/REGN,STLD,REGN,slow_rebalance,-928.6088610961895,-0.902733894008256,-1.6360654289636587,2.858074126761424e-10,8,1,2025-10-10
STLD/CMCSA,STLD,CMCSA,slow_rebalance,1613.619234896174,1.1319711800448402,-1.6360654289636587,0.9999999950961261,6,1,2025-10-10
NUE/PYPL,NUE,PYPL,slow_rebalance,712.4835864170177,0.22243821110986836,-1.6360654289636587,0.9249031514097897,6,1,2025-10-10
NUE/NFLX,NUE,NFLX,slow_rebalance,1755.498996150075,0.6271055146989069,-1.6360654289636587,0.9999923723886267,6,1,2025-10-10
KLAC/ISRG,KLAC,ISRG,slow_rebalance,-740.2133668594415,-0.6589556326796894,-1.6360654289636587,6.280510222290013e-05,6,1,2025-10-10
ON/BSX,ON,BSX,no_reversal_protection,5264.06,1.419440495164988,-1.646693876894885,0.9999999999998594,12,1,2025-10-10
ON/FMC,ON,FMC,no_reversal_protection,-3309.103685403038,-0.8197560612767679,-1.646693876894885,0.004987619295898084,2,1,2025-10-10
LRCX/CAG,LRCX,CAG,no_reversal_protection,1322.247212799281,0.33600015576741604,-1.646693876894885,0.9997349216111688,18,1,2025-10-10
LRCX/JKHY,LRCX,JKHY,no_reversal_protection,-192.6058920955368,-0.05482240999253945,-1.646693876894885,0.0006827893532044092,16,1,2025-10-10
CSCO/HII,CSCO,HII,no_reversal_protection,-1182.963000797852,-0.8774528034112492,-1.646693876894885,8.118484794542815e-17,10,1,2025-10-10
CSCO/GIS,CSCO,GIS,no_reversal_protection,718.4337265980682,0.34468298694210975,-1.646693876894885,0.9995174074257406,18,1,2025-10-10
AKAM/RMD,AKAM,RMD,no_reversal_protection,-661.0366407659204,-0.5957873837344327,-1.646693876894885,9.075949351867919e-05,6,1,2025-10-10
AKAM/ULTA,AKAM,ULTA,no_reversal_protection,720.1400000000017,0.4135234979184407,-1.646693876894885,0.9994418052180174,10,1,2025-10-10
BWA/INTU,BWA,INTU,no_reversal_protection,-524.4083621704222,-0.2547341527175954,-1.646693876894885,4.216953224543867e-08,10,1,2025-10-10
BWA/MKTX,BWA,MKTX,no_reversal_protection,1788.618147893553,0.8677232049575924,-1.646693876894885,0.9999989785603746,10,1,2025-10-10
STLD/REGN,STLD,REGN,no_reversal_protection,-1615.593523496153,-1.015530146416925,-1.646693876894885,4.6101434796448096e-18,8,1,2025-10-10
STLD/CMCSA,STLD,CMCSA,no_reversal_protection,1636.957342299363,1.254141774779694,-1.646693876894885,0.9999996610527864,4,1,2025-10-10
NUE/PYPL,NUE,PYPL,no_reversal_protection,-406.046570335121,-0.10315299765280876,-1.646693876894885,8.934916445304389e-05,10,1,2025-10-10
NUE/NFLX,NUE,NFLX,no_reversal_protection,176.2857712712198,0.044727999147029227,-1.646693876894885,0.11512342076860405,8,1,2025-10-10
KLAC/ISRG,KLAC,ISRG,no_reversal_protection,-730.3478688824384,-0.44619200569062184,-1.646693876894885,1.5323507083618464e-10,8,1,2025-10-10
ON/BSX,ON,BSX,entry_filter_kalman,161.8000000000005,0.05641846563575498,-1.8071708346074316,0.15167691249942528,12,1,2025-10-10
ON/FMC,ON,FMC,entry_filter_kalman,-3321.864823310318,-0.8197560612767681,-1.8071708346074316,0.004987619295898084,2,1,2025-10-10
LRCX/CAG,LRCX,CAG,entry_filter_kalman,2228.402235503677,0.5783632036949429,-1.8071708346074316,0.9999999755896246,16,1,2025-10-10
LRCX/JKHY,LRCX,JKHY,entry_filter_kalman,1654.918393028254,0.4722373693769665,-1.8071708346074316,0.9999983990446627,16,1,2025-10-10
CSCO/HII,CSCO,HII,entry_filter_kalman,-1636.261624017398,-0.9053325633298149,-1.8071708346074316,6.447253506875956e-08,10,1,2025-10-10
CSCO/GIS,CSCO,GIS,entry_filter_kalman,449.7398167826215,0.22983103834999105,-1.8071708346074316,0.9680414893473807,16,1,2025-10-10
AKAM/RMD,AKAM,RMD,entry_filter_kalman,-695.0875593173272,-0.6528102089124187,-1.8071708346074316,0.0002398064564494763,4,1,2025-10-10
AKAM/ULTA,AKAM,ULTA,entry_filter_kalman,-908.2399999999964,-1.0078532997013774,-1.8071708346074316,9.326472803457317e-10,8,1,2025-10-10
BWA/INTU,BWA,INTU,entry_filter_kalman,-923.9187027520206,-0.231136984767084,-1.8071708346074316,9.85498323485013e-07,12,1,2025-10-10
BWA/MKTX,BWA,MKTX,entry_filter_kalman,2339.751971759539,1.164664327079266,-1.8071708346074316,0.9999999857739865,8,1,2025-10-10
STLD/REGN,STLD,REGN,entry_filter_kalman,-1669.473840435291,-1.1029318458563324,-1.8071708346074316,6.729953831219746e-16,8,1,2025-10-10
STLD/CMCSA,STLD,CMCSA,entry_filter_kalman,1301.934389895008,1.4593040452500072,-1.8071708346074316,0.9999993465987133,4,1,2025-10-10
NUE/PYPL,NUE,PYPL,entry_filter_kalman,495.1748224786304,0.11194509853742578,-1.8071708346074316,0.5295131644778617,6,1,2025-10-10
NUE/NFLX,NUE,NFLX,entry_filter_kalman,-103.0853101171322,-0.029537234135187565,-1.8071708346074316,0.004019578131972311,6,1,2025-10-10
KLAC/ISRG,KLAC,ISRG,entry_filter_kalman,-267.8543102384164,-0.14993496243050808,-1.8071708346074316,1.434975602040257e-07,6,1,2025-10-10
ON/BSX,ON,BSX,entry_threshold_strong,169.3000000000031,0.05886990555226973,-1.8107787059163536,0.16334197454606053,12,1,2025-10-10
ON/FMC,ON,FMC,entry_threshold_strong,-3290.642547495759,-0.8197560612767681,-1.8107787059163536,0.004987619295898075,2,1,2025-10-10
LRCX/CAG,LRCX,CAG,entry_threshold_strong,2147.513133913243,0.5627039516416887,-1.8107787059163536,0.9999999522902457,16,1,2025-10-10
LRCX/JKHY,LRCX,JKHY,entry_threshold_strong,1630.342498833613,0.4686445589875405,-1.8107787059163536,0.9999980944092257,16,1,2025-10-10
CSCO/HII,CSCO,HII,entry_threshold_strong,-1643.945526503811,-0.9065810634369573,-1.8107787059163536,5.494634921462818e-08,10,1,2025-10-10
CSCO/GIS,CSCO,GIS,entry_threshold_strong,438.4599389073194,0.22403466421059187,-1.8107787059163536,0.9631742026823897,16,1,2025-10-10
AKAM/RMD,AKAM,RMD,entry_threshold_strong,-696.4807326210597,-0.6571981007625065,-1.8107787059163536,0.00023367577232840344,4,1,2025-10-10
AKAM/ULTA,AKAM,ULTA,entry_threshold_strong,-908.2399999999964,-1.0078532997013774,-1.8107787059163536,9.326472803457317e-10,8,1,2025-10-10
BWA/INTU,BWA,INTU,entry_threshold_strong,-914.7252111941721,-0.22837642663397673,-1.8107787059163536,1.0433045663757087e-06,12,1,2025-10-10
BWA/MKTX,BWA,MKTX,entry_threshold_strong,2326.132303845598,1.15824448337839,-1.8107787059163536,0.9999999848683868,8,1,2025-10-10
STLD/REGN,STLD,REGN,entry_threshold_strong,-1665.273848403368,-1.1040157773244401,-1.8107787059163536,7.373178929123172e-16,8,1,2025-10-10
STLD/CMCSA,STLD,CMCSA,entry_threshold_strong,1284.581114789004,1.4641040504546896,-1.8107787059163536,0.9999993131989402,4,1,2025-10-10
NUE/PYPL,NUE,PYPL,entry_threshold_strong,608.947300759291,0.13734344247022337,-1.8107787059163536,0.699096698088707,6,1,2025-10-10
NUE/NFLX,NUE,NFLX,entry_threshold_strong,-96.76760503761466,-0.027768023853791946,-1.8107787059163536,0.004432231054597989,6,1,2025-10-10
KLAC/ISRG,KLAC,ISRG,entry_threshold_strong,-267.8543102384164,-0.14993496243050808,-1.8107787059163536,1.434975602040257e-07,6,1,2025-10-10
ON/BSX,ON,BSX,default,1816.520000000005,0.6669190119001455,-1.9665402255173952,0.9999999533837787,12,1,2025-10-10
ON/FMC,ON,FMC,default,-3290.642547495759,-0.8197560612767681,-1.9665402255173952,0.004987619295898075,2,1,2025-10-10
LRCX/CAG,LRCX,CAG,default,1968.168446412344,0.5120185120028428,-1.9665402255173952,0.9999995345676728,18,1,2025-10-10
LRCX/JKHY,LRCX,JKHY,default,1242.421692898449,0.36443481401231503,-1.9665402255173952,0.9997928571721649,16,1,2025-10-10
CSCO/HII,CSCO,HII,default,-1092.21449728242,-0.6233082454921481,-1.9665402255173952,2.0125569647129813e-08,10,1,2025-10-10
CSCO/GIS,CSCO,GIS,default,-98.18253931188292,-0.053301606683292334,-1.9665402255173952,0.0006423983212699497,20,1,2025-10-10
AKAM/RMD,AKAM,RMD,default,-628.7209365894258,-0.5860932238211277,-1.9665402255173952,0.00018062107580351283,6,1,2025-10-10
AKAM/ULTA,AKAM,ULTA,default,-873.6399999999962,-0.9681238866981281,-1.9665402255173952,8.985717612978121e-10,8,1,2025-10-10
BWA/INTU,BWA,INTU,default,-830.4047898879853,-0.40654354157724726,-1.9665402255173952,1.5261722183423767e-09,12,1,2025-10-10
BWA/MKTX,BWA,MKTX,default,2240.561347145189,1.0715819321215092,-1.9665402255173952,0.9999997640773475,10,1,2025-10-10
STLD/REGN,STLD,REGN,default,-1518.559213579227,-1.1102832925844752,-1.9665402255173952,1.2231785386700286e-12,6,1,2025-10-10
STLD/CMCSA,STLD,CMCSA,default,1264.149072890479,1.4398720808693222,-1.9665402255173952,0.9999993491532317,4,1,2025-10-10
NUE/PYPL,NUE,PYPL,default,369.2059415141443,0.09691554760598693,-1.9665402255173952,0.42001625405695425,10,1,2025-10-10
NUE/NFLX,NUE,NFLX,default,146.2720323164776,0.043118722287954526,-1.9665402255173952,0.11253750123639922,6,1,2025-10-10
KLAC/ISRG,KLAC,ISRG,default,-574.9478688824383,-0.35358540532972293,-1.9665402255173952,1.0678674584889732e-10,8,1,2025-10-10
ON/BSX,ON,BSX,kalman_hedge,1260.65,0.4492357517538935,-2.026028543197998,0.9999978342228394,14,1,2025-10-10
ON/FMC,ON,FMC,kalman_hedge,-3323.004823310318,-0.8197560612767679,-2.026028543197998,0.004987619295898075,2,1,2025-10-10
LRCX/CAG,LRCX,CAG,kalman_hedge,2378.233205513685,0.6207851338286209,-2.026028543197998,0.9999999801747377,18,1,2025-10-10
LRCX/JKHY,LRCX,JKHY,kalman_hedge,1794.297413889204,0.5123849423386053,-2.026028543197998,0.9999994334460175,16,1,2025-10-10
CSCO/HII,CSCO,HII,kalman_hedge,-1750.461452736631,-0.9541580715608116,-2.026028543197998,3.8317517566004364e-08,12,1,2025-10-10
CSCO/GIS,CSCO,GIS,kalman_hedge,-80.27328607647394,-0.043603000870298184,-2.026028543197998,0.0012780737923981335,20,1,2025-10-10
AKAM/RMD,AKAM,RMD,kalman_hedge,-624.1577632856932,-0.5799761466006282,-2.026028543197998,0.0001929439540873591,6,1,2025-10-10
AKAM/ULTA,AKAM,ULTA,kalman_hedge,-937.8199999999979,-1.0057844972251837,-2.026028543197998,1.0164966256636157e-10,10,1,2025-10-10
BWA/INTU,BWA,INTU,kalman_hedge,-838.613865050711,-0.4109858637050532,-2.026028543197998,1.3383551699988348e-09,12,1,2025-10-10
BWA/MKTX,BWA,MKTX,kalman_hedge,2239.507733955294,1.0726956860953023,-2.026028543197998,0.9999997513813863,10,1,2025-10-10
STLD/REGN,STLD,REGN,kalman_hedge,-1480.239773762036,-0.9662196911993436,-2.026028543197998,2.309274763609498e-16,8,1,2025-10-10
STLD/CMCSA,STLD,CMCSA,kalman_hedge,1278.775349911228,1.434035328323176,-2.026028543197998,0.9999993845896504,4,1,2025-10-10
NUE/PYPL,NUE,PYPL,kalman_hedge,193.736710607217,0.050129726822653244,-2.026028543197998,0.13843609870047008,10,1,2025-10-10
NUE/NFLX,NUE,NFLX,kalman_hedge,-331.8135232390753,-0.09603522213639919,-2.026028543197998,0.0001146904541961621,8,1,2025-10-10
KLAC/ISRG,KLAC,ISRG,kalman_hedge,-574.9478688824383,-0.35358540532972293,-2.026028543197998,1.0678674584889732e-10,8,1,2025-10-10
ON/BSX,ON,BSX,vol_weighted_sizing,1277.210000000005,0.45383175566475753,-2.037551631793031,0.9999982198309738,14,1,2025-10-10
ON/FMC,ON,FMC,vol_weighted_sizing,-3290.642547495759,-0.8197560612767681,-2.037551631793031,0.004987619295898075,2,1,2025-10-10
LRCX/CAG,LRCX,CAG,vol_weighted_sizing,2197.004162114553,0.5774095797098057,-2.037551631793031,0.9999999133098211,18,1,2025-10-10
LRCX/JKHY,LRCX,JKHY,vol_weighted_sizing,1799.523596138016,0.5144180655623929,-2.037551631793031,0.9999993992489433,16,1,2025-10-10
CSCO/HII,CSCO,HII,vol_weighted_sizing,-1762.172865256442,-0.9567561768362169,-2.037551631793031,3.274396656958842e-08,12,1,2025-10-10
CSCO/GIS,CSCO,GIS,vol_weighted_sizing,-97.84458000870632,-0.05311848584892365,-2.037551631793031,0.0006512367701837181,20,1,2025-10-10
AKAM/RMD,AKAM,RMD,vol_weighted_sizing,-628.7209365894258,-0.5860932238211277,-2.037551631793031,0.00018062107580351283,6,1,2025-10-10
AKAM/ULTA,AKAM,ULTA,vol_weighted_sizing,-944.1399999999978,-1.0099832335209786,-2.037551631793031,9.161255571591372e-11,10,1,2025-10-10
BWA/INTU,BWA,INTU,vol_weighted_sizing,-830.7347898879871,-0.4067044059718875,-2.037551631793031,1.5226273642254658e-09,12,1,2025-10-10
BWA/MKTX,BWA,MKTX,vol_weighted_sizing,2239.829876144254,1.0713463870175866,-2.037551631793031,0.9999997626812526,10,1,2025-10-10
STLD/REGN,STLD,REGN,vol_weighted_sizing,-1476.039781730113,-0.966777978620924,-2.037551631793031,2.5134390513383745e-16,8,1,2025-10-10
STLD/CMCSA,STLD,CMCSA,vol_weighted_sizing,1263.298105353878,1.4390135713536933,-2.037551631793031,0.9999993470426856,4,1,2025-10-10
NUE/PYPL,NUE,PYPL,vol_weighted_sizing,369.5659415141445,0.09702221235139344,-2.037551631793031,0.42080344238434186,10,1,2025-10-10
NUE/NFLX,NUE,NFLX,vol_weighted_sizing,-331.8135232390753,-0.09603522213639919,-2.037551631793031,0.0001146904541961621,8,1,2025-10-10
KLAC/ISRG,KLAC,ISRG,vol_weighted_sizing,-574.9478688824383,-0.35358540532972293,-2.037551631793031,1.0678674584889732e-10,8,1,2025-10-10
ON/BSX,ON,BSX,uniform_weights,1277.700000000006,0.4541602035905644,-2.0384008575069927,0.9999982341171781,14,1,2025-10-10
ON/FMC,ON,FMC,uniform_weights,-3290.642547495759,-0.8197560612767681,-2.0384008575069927,0.004987619295898075,2,1,2025-10-10
LRCX/CAG,LRCX,CAG,uniform_weights,1750.658960880684,0.45839544751882616,-2.0384008575069927,0.9999967535970126,18,1,2025-10-10
LRCX/JKHY,LRCX,JKHY,uniform_weights,1374.640596182252,0.39593319819262407,-2.0384008575069927,0.9999553176344632,16,1,2025-10-10
CSCO/HII,CSCO,HII,uniform_weights,-1092.21449728242,-0.6233082454921481,-2.0384008575069927,2.0125569647129813e-08,10,1,2025-10-10
CSCO/GIS,CSCO,GIS,uniform_weights,-98.20564825596352,-0.05335971222168825,-2.0384008575069927,0.0006367703472075736,20,1,2025-10-10
AKAM/RMD,AKAM,RMD,uniform_weights,-538.8407326210609,-0.5132900120506186,-2.0384008575069927,0.0003114577531774559,4,1,2025-10-10
AKAM/ULTA,AKAM,ULTA,uniform_weights,-944.1399999999978,-1.0099832335209786,-2.0384008575069927,9.161255571591372e-11,10,1,2025-10-10
BWA/INTU,BWA,INTU,uniform_weights,-633.5126037821892,-0.3057911049765718,-2.0384008575069927,7.190416340516743e-09,10,1,2025-10-10
BWA/MKTX,BWA,MKTX,uniform_weights,2239.829876144254,1.0713463870175866,-2.0384008575069927,0.9999997626812526,10,1,2025-10-10
STLD/REGN,STLD,REGN,uniform_weights,-1476.039781730113,-0.966777978620924,-2.0384008575069927,2.5134390513383745e-16,8,1,2025-10-10
STLD/CMCSA,STLD,CMCSA,uniform_weights,681.8093452637536,0.7044270241684111,-2.0384008575069927,0.9999999659238997,6,1,2025-10-10
NUE/PYPL,NUE,PYPL,uniform_weights,369.5659415141445,0.09702221235139344,-2.0384008575069927,0.42080344238434186,10,1,2025-10-10
NUE/NFLX,NUE,NFLX,uniform_weights,146.2720323164776,0.043118722287954526,-2.0384008575069927,0.11253750123639922,6,1,2025-10-10
KLAC/ISRG,KLAC,ISRG,uniform_weights,-574.9478688824383,-0.35358540532972293,-2.0384008575069927,1.0678674584889732e-10,8,1,2025-10-10
ON/BSX,ON,BSX,raw_momentum_kalman,2409.319999999997,1.1008398071572238,-2.0458701794153997,0.9999999346963709,10,1,2025-10-10
ON/FMC,ON,FMC,raw_momentum_kalman,-3323.004823310318,-0.8197560612767679,-2.0458701794153997,0.004987619295898075,2,1,2025-10-10
LRCX/CAG,LRCX,CAG,raw_momentum_kalman,1087.32948177333,0.3029321201937515,-2.0458701794153997,0.9975591509309562,18,1,2025-10-10
LRCX/JKHY,LRCX,JKHY,raw_momentum_kalman,-481.5453436579926,-0.1656052746421517,-2.0458701794153997,2.0190612560023413e-07,14,1,2025-10-10
CSCO/HII,CSCO,HII,raw_momentum_kalman,-273.5926843961095,-0.335933739263775,-2.0458701794153997,1.40959713849128e-13,8,1,2025-10-10
CSCO/GIS,CSCO,GIS,raw_momentum_kalman,-549.1674983959698,-0.406139973913171,-2.0458701794153997,6.090797742562449e-10,10,1,2025-10-10
AKAM/RMD,AKAM,RMD,raw_momentum_kalman,-390.5091050367688,-0.9611936017939,-2.0458701794153997,0.00015309636658881792,2,1,2025-10-10
AKAM/ULTA,AKAM,ULTA,raw_momentum_kalman,-770.5299999999946,-0.7614805548149949,-2.0458701794153997,1.6314322073106613e-12,8,1,2025-10-10
BWA/INTU,BWA,INTU,raw_momentum_kalman,87.93665239807353,0.06227881030346777,-2.0458701794153997,0.16433025651437838,10,1,2025-10-10
BWA/MKTX,BWA,MKTX,raw_momentum_kalman,1745.915708602917,0.9632534150033906,-2.0458701794153997,0.9999959208466569,8,1,2025-10-10
STLD/REGN,STLD,REGN,raw_momentum_kalman,-13.97122852392391,-0.8197560612767684,-2.0458701794153997,0.0049876192958980894,2,1,2025-10-10
STLD/CMCSA,STLD,CMCSA,raw_momentum_kalman,1304.316015552811,1.019987322241933,-2.0458701794153997,0.9999969151980338,4,1,2025-10-10
NUE/PYPL,NUE,PYPL,raw_momentum_kalman,922.5263537338124,0.24360014449577239,-2.0458701794153997,0.9649677810451794,8,1,2025-10-10
NUE/NFLX,NUE,NFLX,raw_momentum_kalman,146.2720323164776,0.043118722287954526,-2.0458701794153997,0.11253750123639922,6,1,2025-10-10
KLAC/ISRG,KLAC,ISRG,raw_momentum_kalman,-469.7078688824379,-0.2726694829803181,-2.0458701794153997,2.046444578901972e-10,6,1,2025-10-10
ON/BSX,ON,BSX,balanced,1285.670000000005,0.4646423332350617,-2.105864344459392,0.9999987942190862,12,1,2025-10-10
ON/FMC,ON,FMC,balanced,-3290.642547495759,-0.8197560612767681,-2.105864344459392,0.004987619295898075,2,1,2025-10-10
LRCX/CAG,LRCX,CAG,balanced,1411.952916715438,0.4802399773300553,-2.105864344459392,0.9999940604175191,16,1,2025-10-10
LRCX/JKHY,LRCX,JKHY,balanced,1892.103100311257,0.5410214812376218,-2.105864344459392,0.99999974154609,16,1,2025-10-10
CSCO/HII,CSCO,HII,balanced,-1092.21449728242,-0.6233082454921481,-2.105864344459392,2.0125569647129813e-08,10,1,2025-10-10
CSCO/GIS,CSCO,GIS,balanced,-97.84458000870632,-0.05311848584892365,-2.105864344459392,0.0006512367701837181,20,1,2025-10-10
AKAM/RMD,AKAM,RMD,balanced,-538.8407326210609,-0.5132900120506186,-2.105864344459392,0.0003114577531774559,4,1,2025-10-10
AKAM/ULTA,AKAM,ULTA,balanced,-914.9499999999962,-1.0125023425219288,-2.105864344459392,8.415795507799863e-10,8,1,2025-10-10
BWA/INTU,BWA,INTU,balanced,-816.3160913043944,-0.3997268497384332,-2.105864344459392,1.5782082021227588e-09,12,1,2025-10-10
BWA/MKTX,BWA,MKTX,balanced,2239.829876144254,1.0713463870175866,-2.105864344459392,0.9999997626812526,10,1,2025-10-10
STLD/REGN,STLD,REGN,balanced,-1555.62639911646,-1.136899601802347,-2.105864344459392,1.2565698512056742e-12,6,1,2025-10-10
STLD/CMCSA,STLD,CMCSA,balanced,1264.149072890479,1.4398720808693222,-2.105864344459392,0.9999993491532317,4,1,2025-10-10
NUE/PYPL,NUE,PYPL,balanced,369.2059415141443,0.09691554760598693,-2.105864344459392,0.42001625405695425,10,1,2025-10-10
NUE/NFLX,NUE,NFLX,balanced,-132.2715067781721,-0.03850902390136563,-2.105864344459392,0.002465758017903903,6,1,2025-10-10
KLAC/ISRG,KLAC,ISRG,balanced,-259.207868882439,-0.154851179079322,-2.105864344459392,3.66060994841952e-08,8,1,2025-10-10
ON/BSX,ON,BSX,fast_strict,178.2200000000045,0.0739642410831515,-2.142201745446972,0.2571178169703477,18,1,2025-10-10
ON/FMC,ON,FMC,fast_strict,737.7064064309072,0.7182845368992918,-2.142201745446972,0.9999999943595183,10,1,2025-10-10
LRCX/CAG,LRCX,CAG,fast_strict,1223.798761756674,0.6412621182265492,-2.142201745446972,0.9999999947517366,30,1,2025-10-10
LRCX/JKHY,LRCX,JKHY,fast_strict,1574.550155292092,0.6121700628342079,-2.142201745446972,0.9999999492632001,22,1,2025-10-10
CSCO/HII,CSCO,HII,fast_strict,-735.6932900979596,-0.719999363652121,-2.142201745446972,7.778615657927248e-16,14,1,2025-10-10
CSCO/GIS,CSCO,GIS,fast_strict,842.5285763082647,0.7995750320768299,-2.142201745446972,0.9999999999744077,20,1,2025-10-10
AKAM/RMD,AKAM,RMD,fast_strict,241.9130650756206,0.28885331117496804,-2.142201745446972,0.9979041475462891,8,1,2025-10-10
AKAM/ULTA,AKAM,ULTA,fast_strict,1563.890000000001,1.1556011069882655,-2.142201745446972,0.9999219401516082,18,1,2025-10-10
BWA/INTU,BWA,INTU,fast_strict,543.6150756538764,0.6293090460800684,-2.142201745446972,0.9998122105326761,12,1,2025-10-10
BWA/MKTX,BWA,MKTX,fast_strict,341.87665448461,0.21293628589407165,-2.142201745446972,0.9629153007557002,22,1,2025-10-10
STLD/REGN,STLD,REGN,fast_strict,-1014.575502849533,-1.0733965300011044,-2.142201745446972,9.798756659807204e-11,10,1,2025-10-10
STLD/CMCSA,STLD,CMCSA,fast_strict,58.59139924616434,0.12860431540563574,-2.142201745446972,0.6942254998878746,4,1,2025-10-10
NUE/PYPL,NUE,PYPL,fast_strict,555.0570302643105,0.1834343799429774,-2.142201745446972,0.8454494662309191,4,1,2025-10-10
NUE/NFLX,NUE,NFLX,fast_strict,1110.136853205045,0.33514557464985456,-2.142201745446972,0.9891931442209698,12,1,2025-10-10
KLAC/ISRG,KLAC,ISRG,fast_strict,632.0893869293891,0.5620570535770271,-2.142201745446972,0.999999424592172,12,1,2025-10-10
ON/BSX,ON,BSX,raw_momentum,2440.04,1.1058998591706464,-2.2601620343004782,0.9999999425618743,10,1,2025-10-10
ON/FMC,ON,FMC,raw_momentum,-3290.642547495759,-0.8197560612767681,-2.2601620343004782,0.004987619295898075,2,1,2025-10-10
LRCX/CAG,LRCX,CAG,raw_momentum,1362.25677235138,0.5479568069709602,-2.2601620343004782,0.9999821018004791,14,1,2025-10-10
LRCX/JKHY,LRCX,JKHY,raw_momentum,88.00442854425347,0.051231229174969584,-2.2601620343004782,0.14365777518164657,10,1,2025-10-10
CSCO/HII,CSCO,HII,raw_momentum,274.1255784923829,0.2782804282901496,-2.2601620343004782,0.9978157547972029,8,1,2025-10-10
CSCO/GIS,CSCO,GIS,raw_momentum,-526.0537720366268,-0.39037167074679513,-2.2601620343004782,7.159844869720461e-10,10,1,2025-10-10
AKAM/RMD,AKAM,RMD,raw_momentum,-390.5091050367688,-0.9611936017939,-2.2601620343004782,0.00015309636658881792,2,1,2025-10-10
AKAM/ULTA,AKAM,ULTA,raw_momentum,-778.1499999999963,-0.7673768641247284,-2.2601620343004782,1.4017761535344354e-12,8,1,2025-10-10
BWA/INTU,BWA,INTU,raw_momentum,-74.74233166286433,-0.05699454000191235,-2.2601620343004782,0.0026734168524543255,8,1,2025-10-10
BWA/MKTX,BWA,MKTX,raw_momentum,1686.681274552402,0.9324178380501311,-2.2601620343004782,0.9999954353948683,8,1,2025-10-10
STLD/REGN,STLD,REGN,raw_momentum,-13.97122852392391,-0.8197560612767684,-2.2601620343004782,0.0049876192958980894,2,1,2025-10-10
STLD/CMCSA,STLD,CMCSA,raw_momentum,662.8800000000005,0.8835994316252439,-2.2601620343004782,0.9998979921706044,2,1,2025-10-10
NUE/PYPL,NUE,PYPL,raw_momentum,1107.204153654,0.29690132192069035,-2.2601620343004782,0.9925835972324323,8,1,2025-10-10
NUE/NFLX,NUE,NFLX,raw_momentum,146.2720323164776,0.043118722287954526,-2.2601620343004782,0.11253750123639922,6,1,2025-10-10
KLAC/ISRG,KLAC,ISRG,raw_momentum,-469.7078688824379,-0.2726694829803181,-2.2601620343004782,2.046444578901972e-10,6,1,2025-10-10
ON/BSX,ON,BSX,sensitive_reversal,1595.759999999999,0.6170448020018533,-2.930641696006518,0.9999992938798807,14,1,2025-10-10
ON/FMC,ON,FMC,sensitive_reversal,-3290.642547495759,-0.8197560612767681,-2.930641696006518,0.004987619295898075,2,1,2025-10-10
LRCX/CAG,LRCX,CAG,sensitive_reversal,-852.8367290182204,-0.4047079487351912,-2.930641696006518,1.0515320024460314e-20,26,1,2025-10-10
LRCX/JKHY,LRCX,JKHY,sensitive_reversal,826.4024165490409,0.2529597501270148,-2.930641696006518,0.987603128425514,20,1,2025-10-10
CSCO/HII,CSCO,HII,sensitive_reversal,-1112.999491396805,-1.0362996863473612,-2.930641696006518,4.1348958493198983e-10,12,1,2025-10-10
CSCO/GIS,CSCO,GIS,sensitive_reversal,-14.57217798721911,-0.0089251859680345,-2.930641696006518,0.011425072783473093,28,1,2025-10-10
AKAM/RMD,AKAM,RMD,sensitive_reversal,-685.518135146384,-0.642359006341112,-2.930641696006518,0.0001995513077288113,8,1,2025-10-10
AKAM/ULTA,AKAM,ULTA,sensitive_reversal,-640.4199999999975,-0.8020132688975349,-2.930641696006518,4.801113660546818e-07,10,1,2025-10-10
BWA/INTU,BWA,INTU,sensitive_reversal,-244.2700654875366,-0.1682939754895684,-2.930641696006518,4.407162287745464e-05,12,1,2025-10-10
BWA/MKTX,BWA,MKTX,sensitive_reversal,2370.444998120197,1.0821632065260596,-2.930641696006518,0.9999998280071382,16,1,2025-10-10
STLD/REGN,STLD,REGN,sensitive_reversal,-1263.117959569958,-0.8897024120496367,-2.930641696006518,2.0803615548808683e-13,8,1,2025-10-10
STLD/CMCSA,STLD,CMCSA,sensitive_reversal,119.4392615893027,0.19654912806812574,-2.930641696006518,0.9654519543510603,6,1,2025-10-10
NUE/PYPL,NUE,PYPL,sensitive_reversal,-909.0139574381751,-0.2807443410060133,-2.930641696006518,3.048787593326935e-06,14,1,2025-10-10
NUE/NFLX,NUE,NFLX,sensitive_reversal,1198.557791881321,0.37085112035309276,-2.930641696006518,0.9911018645826214,6,1,2025-10-10
KLAC/ISRG,KLAC,ISRG,sensitive_reversal,-1166.204283950899,-1.0408568486790453,-2.930641696006518,0.0004144548296271465,10,1,2025-10-10
ON/BSX,ON,BSX,crash_defensive,414.0200000000053,0.20847041399795085,-3.0698786459997587,0.9233329926620002,14,1,2025-10-10
ON/FMC,ON,FMC,crash_defensive,-1644.181273747879,-0.8197560612767679,-3.0698786459997587,0.004987619295898075,2,1,2025-10-10
LRCX/CAG,LRCX,CAG,crash_defensive,1105.009638995009,0.5813881381653497,-3.0698786459997587,0.9999999238427191,18,1,2025-10-10
LRCX/JKHY,LRCX,JKHY,crash_defensive,893.6926201828428,0.5126073330872883,-3.0698786459997587,0.9999993243460196,16,1,2025-10-10
CSCO/HII,CSCO,HII,crash_defensive,-868.7031958877726,-0.9579194959755761,-3.0698786459997587,2.4780287624633478e-08,12,1,2025-10-10
CSCO/GIS,CSCO,GIS,crash_defensive,-46.71774410739954,-0.05082935226001504,-3.0698786459997587,0.000772369483794987,20,1,2025-10-10
AKAM/RMD,AKAM,RMD,crash_defensive,-308.9488816428466,-0.578298901739017,-3.0698786459997587,0.00019556955897072361,6,1,2025-10-10
AKAM/ULTA,AKAM,ULTA,crash_defensive,-407.0900000000008,-0.8854587175287641,-3.0698786459997587,4.161355880857004e-10,10,1,2025-10-10
BWA/INTU,BWA,INTU,crash_defensive,-902.746146735612,-0.5365800278581608,-3.0698786459997587,3.0731116929576097e-09,12,1,2025-10-10
BWA/MKTX,BWA,MKTX,crash_defensive,1104.554209492941,1.0685278476649547,-3.0698786459997587,0.9999998087772225,10,1,2025-10-10
STLD/REGN,STLD,REGN,crash_defensive,-525.7145744728327,-0.7335637870193532,-3.0698786459997587,7.535112622195509e-15,8,1,2025-10-10
STLD/CMCSA,STLD,CMCSA,crash_defensive,632.0745364452396,1.4398720808693222,-3.0698786459997587,0.9999993491532317,4,1,2025-10-10
NUE/PYPL,NUE,PYPL,crash_defensive,-96.23191851494994,-0.029359618435108627,-3.0698786459997587,0.004035357630416616,10,1,2025-10-10
NUE/NFLX,NUE,NFLX,crash_defensive,373.0158838094947,0.11478614652890012,-3.0698786459997587,0.5465005195476944,8,1,2025-10-10
KLAC/ISRG,KLAC,ISRG,crash_defensive,-264.5512750588616,-0.34472981266443875,-3.0698786459997587,4.0121751350366453e-10,8,1,2025-10-10
ON/BSX,ON,BSX,vol_sized_conservative,728.410000000002,0.6357779318710853,-5.318714762286846,0.9999960553679097,10,1,2025-10-10
ON/FMC,ON,FMC,vol_sized_conservative,-1220.71510188045,-0.8197560612767681,-5.318714762286846,0.004987619295898084,2,1,2025-10-10
LRCX/CAG,LRCX,CAG,vol_sized_conservative,736.7706021847675,0.6965995679798668,-5.318714762286846,0.9999999936195946,18,1,2025-10-10
LRCX/JKHY,LRCX,JKHY,vol_sized_conservative,-36.28592523269111,-0.029618912937464055,-5.318714762286846,0.0036647084127251644,16,1,2025-10-10
CSCO/HII,CSCO,HII,vol_sized_conservative,-520.2157824576713,-0.8142154531110813,-5.318714762286846,8.128894987211665e-07,10,1,2025-10-10
CSCO/GIS,CSCO,GIS,vol_sized_conservative,-87.99507012195062,-0.1292242784145917,-5.318714762286846,7.673675242956513e-07,20,1,2025-10-10
AKAM/RMD,AKAM,RMD,vol_sized_conservative,-286.990004162618,-0.7250391542603879,-5.318714762286846,0.0002647722406235471,6,1,2025-10-10
AKAM/ULTA,AKAM,ULTA,vol_sized_conservative,-204.9899999999995,-0.6445364947226576,-5.318714762286846,5.816814841510074e-08,8,1,2025-10-10
BWA/INTU,BWA,INTU,vol_sized_conservative,-416.3376623085392,-0.46190007335501876,-5.318714762286846,8.619995059168012e-10,12,1,2025-10-10
BWA/MKTX,BWA,MKTX,vol_sized_conservative,714.503579298289,0.9309148498386376,-5.318714762286846,0.9999992906299644,10,1,2025-10-10
STLD/REGN,STLD,REGN,vol_sized_conservative,-426.4770707532285,-0.8642405671827428,-5.318714762286846,3.701994329127717e-11,6,1,2025-10-10
STLD/CMCSA,STLD,CMCSA,vol_sized_conservative,476.0798620637372,1.444118124524748,-5.318714762286846,0.9999992833596563,4,1,2025-10-10
NUE/PYPL,NUE,PYPL,vol_sized_conservative,9.97956739410779,0.006010560092725532,-5.318714762286846,0.024787576591194696,10,1,2025-10-10
NUE/NFLX,NUE,NFLX,vol_sized_conservative,268.6100359108258,0.16325700614113176,-5.318714762286846,0.795179221980029,6,1,2025-10-10
KLAC/ISRG,KLAC,ISRG,vol_sized_conservative,-186.9359562941466,-0.32813959590990033,-5.318714762286846,3.3612499511602536e-10,8,1,2025-10-10
ON/BSX,ON,BSX,conservative,304.0100000000016,0.27065610647456834,-5.790634527374353,0.9896634659614643,14,1,2025-10-10
ON/FMC,ON,FMC,conservative,-1220.71510188045,-0.8197560612767681,-5.790634527374353,0.004987619295898084,2,1,2025-10-10
LRCX/CAG,LRCX,CAG,conservative,930.3168228567263,1.1661910924887342,-5.790634527374353,0.9999999993049199,20,1,2025-10-10
LRCX/JKHY,LRCX,JKHY,conservative,464.1726451654038,0.37448068300636,-5.790634527374353,0.9998163949690974,16,1,2025-10-10
CSCO/HII,CSCO,HII,conservative,-541.3684642547735,-0.8390051313844495,-5.790634527374353,6.388939289806197e-07,12,1,2025-10-10
CSCO/GIS,CSCO,GIS,conservative,599.9995031326174,1.0480653154247055,-5.790634527374353,0.9999999999999801,20,1,2025-10-10
AKAM/RMD,AKAM,RMD,conservative,-205.5700041626187,-0.5287783129334809,-5.790634527374353,0.0004232180001211654,6,1,2025-10-10
AKAM/ULTA,AKAM,ULTA,conservative,-215.97,-0.7067049467040426,-5.790634527374353,3.865149805316834e-07,10,1,2025-10-10
BWA/INTU,BWA,INTU,conservative,-700.008939208466,-0.9336222382720694,-5.790634527374353,2.911066018660254e-09,12,1,2025-10-10
BWA/MKTX,BWA,MKTX,conservative,886.0345885163993,1.2426003513813932,-5.790634527374353,0.9999946782298638,12,1,2025-10-10
STLD/REGN,STLD,REGN,conservative,-382.92928653392,-0.7059434127536196,-5.790634527374353,5.547848574418823e-14,8,1,2025-10-10
STLD/CMCSA,STLD,CMCSA,conservative,298.0088340560985,1.1944575357981184,-5.790634527374353,0.9999539455571758,4,1,2025-10-10
NUE/PYPL,NUE,PYPL,conservative,-368.272415971142,-0.22601926524893423,-5.790634527374353,3.6192569206171984e-06,10,1,2025-10-10
NUE/NFLX,NUE,NFLX,conservative,424.600687564538,0.26373956096417356,-5.790634527374353,0.9627617189362149,8,1,2025-10-10
KLAC/ISRG,KLAC,ISRG,conservative,-400.8687523715919,-0.9369200852633481,-5.790634527374353,5.932107089058352e-06,10,1,2025-10-10
ON/BSX,ON,BSX,monthly_aligned_windows,-2317.049999999993,-0.39107665632334326,0.5702905868625873,1.5182441599141577e-11,26,2,2025-11-18
ON/FMC,ON,FMC,monthly_aligned_windows,-1695.5963829701,-0.3257272766091462,0.5702905868625873,9.419223569061443e-10,24,2,2025-11-18
LRCX/CAG,LRCX,CAG,monthly_aligned_windows,10436.41040601799,2.4966901319514423,0.5702905868625873,1.0,26,2,2025-11-18
LRCX/JKHY,LRCX,JKHY,monthly_aligned_windows,2975.396530701574,0.3513377909026797,0.5702905868625873,0.9985125256155043,26,2,2025-11-18
CSCO/HII,CSCO,HII,monthly_aligned_windows,12946.1499204728,0.900616398266307,0.5702905868625873,0.9846542259001568,26,2,2025-11-18
CSCO/GIS,CSCO,GIS,monthly_aligned_windows,8094.791233109286,1.3775472687344845,0.5702905868625873,0.9999970942361357,26,2,2025-11-18
AKAM/RMD,AKAM,RMD,monthly_aligned_windows,-2603.576017638069,-0.7795243872171278,0.5702905868625873,9.475825199034826e-07,26,2,2025-11-18
AKAM/ULTA,AKAM,ULTA,monthly_aligned_windows,-835.75,-0.23101945327822995,0.5702905868625873,7.059466753827773e-10,20,2,2025-11-18
BWA/INTU,BWA,INTU,monthly_aligned_windows,-3153.45498807991,-0.8588161000750951,0.5702905868625873,8.059203713247109e-24,26,2,2025-11-18
BWA/MKTX,BWA,MKTX,monthly_aligned_windows,4427.162054318707,0.9346583959180335,0.5702905868625873,1.0,26,2,2025-11-18
STLD/REGN,STLD,REGN,monthly_aligned_windows,14564.74380845713,1.2254102884677092,0.5702905868625873,0.9996364345388425,26,2,2025-11-18
STLD/CMCSA,STLD,CMCSA,monthly_aligned_windows,-235.6502570629532,-0.06318648979780994,0.5702905868625873,0.00017431247767115755,26,2,2025-11-18
NUE/PYPL,NUE,PYPL,monthly_aligned_windows,-458.5803868313373,-0.13721112446175118,0.5702905868625873,2.1665263033409723e-08,24,2,2025-11-18
NUE/NFLX,NUE,NFLX,monthly_aligned_windows,1990.182146932856,0.47244198762157824,0.5702905868625873,0.9999997392749832,26,2,2025-11-18
KLAC/ISRG,KLAC,ISRG,monthly_aligned_windows,64.15493289406373,0.02164823055354283,0.5702905868625873,0.05561731247043412,26,2,2025-11-18
ON/BSX,ON,BSX,kalman_aggressive,1644.72000000001,0.18201610173131783,-0.2416010503497659,0.9281758148634218,36,2,2025-11-18
ON/FMC,ON,FMC,kalman_aggressive,5037.611930595383,0.6043927421899363,-0.2416010503497659,0.9999999994141683,36,2,2025-11-18
LRCX/CAG,LRCX,CAG,kalman_aggressive,9793.662803345285,1.1196707719903325,-0.2416010503497659,1.0,36,2,2025-11-18
LRCX/JKHY,LRCX,JKHY,kalman_aggressive,5831.320426637337,0.809113836400664,-0.2416010503497659,0.9999999983442227,40,2,2025-11-18
CSCO/HII,CSCO,HII,kalman_aggressive,-450.6576035107105,-0.06602271699566303,-0.2416010503497659,0.000664443113102557,36,2,2025-11-18
CSCO/GIS,CSCO,GIS,kalman_aggressive,9457.303563264257,1.744302626974356,-0.2416010503497659,1.0,42,2,2025-11-18
AKAM/RMD,AKAM,RMD,kalman_aggressive,438.4091858006332,0.107182621490705,-0.2416010503497659,0.5246488200827752,34,2,2025-11-18
AKAM/ULTA,AKAM,ULTA,kalman_aggressive,-2135.929999999998,-0.39603987855663736,-0.2416010503497659,4.6976473040824825e-18,36,2,2025-11-18
BWA/INTU,BWA,INTU,kalman_aggressive,-7907.629992922768,-1.0968485892776252,-0.2416010503497659,4.264392291514316e-19,36,2,2025-11-18
BWA/MKTX,BWA,MKTX,kalman_aggressive,5685.033735388508,0.8784726298175566,-0.2416010503497659,1.0,32,2,2025-11-18
STLD/REGN,STLD,REGN,kalman_aggressive,-3255.089208318615,-0.4299391544196204,-0.2416010503497659,6.639346275810281e-19,36,2,2025-11-18
STLD/CMCSA,STLD,CMCSA,kalman_aggressive,686.1876399761693,0.11116451083724638,-0.2416010503497659,0.5565859149788029,38,2,2025-11-18
NUE/PYPL,NUE,PYPL,kalman_aggressive,-1947.088979058518,-0.23035705399238024,-0.2416010503497659,1.059998710068143e-09,30,2,2025-11-18
NUE/NFLX,NUE,NFLX,kalman_aggressive,-4768.073317300546,-0.5832297600771374,-0.2416010503497659,1.2132829130503308e-18,42,2,2025-11-18
KLAC/ISRG,KLAC,ISRG,kalman_aggressive,-617.0965902205044,-0.07918043868650225,-0.2416010503497659,2.8762104404909983e-05,38,2,2025-11-18
ON/BSX,ON,BSX,beta_neutral_long_term,3071.000000000006,0.8182670310969056,-0.2833937614685664,0.9999999999998401,8,2,2025-11-18
ON/FMC,ON,FMC,beta_neutral_long_term,0.0,-0.2833937614685664,-0.2833937614685664,1.3192229438504026e-14,0,2,2025-11-18
LRCX/CAG,LRCX,CAG,beta_neutral_long_term,7910.320397810116,1.3852568958804814,-0.2833937614685664,0.9999999999999997,14,2,2025-11-18
LRCX/JKHY,LRCX,JKHY,beta_neutral_long_term,5721.317362794238,1.1473362967065392,-0.2833937614685664,0.9999999988015666,10,2,2025-11-18
CSCO/HII,CSCO,HII,beta_neutral_long_term,1103.003642691612,0.7482870455739504,-0.2833937614685664,0.9999999785333861,6,2,2025-11-18
CSCO/GIS,CSCO,GIS,beta_neutral_long_term,-169.6178388829884,-0.07763143064253705,-0.2833937614685664,5.06834278417856e-05,14,2,2025-11-18
AKAM/RMD,AKAM,RMD,beta_neutral_long_term,-644.9454846524036,-0.8187397958952511,-0.2833937614685664,1.489852487734093e-16,6,2,2025-11-18
AKAM/ULTA,AKAM,ULTA,beta_neutral_long_term,1128.060000000004,0.3848620024144497,-0.2833937614685664,0.9993857907283565,8,2,2025-11-18
BWA/INTU,BWA,INTU,beta_neutral_long_term,-344.9604506965321,-0.2715600376889942,-0.2833937614685664,2.592649656809236e-11,6,2,2025-11-18
BWA/MKTX,BWA,MKTX,beta_neutral_long_term,4072.483455461311,1.8360203614934938,-0.2833937614685664,0.9999999975900145,6,2,2025-11-18
STLD/REGN,STLD,REGN,beta_neutral_long_term,-804.6634153193047,-1.2051045487449836,-0.2833937614685664,4.761138698182635e-05,2,2,2025-11-18
STLD/CMCSA,STLD,CMCSA,beta_neutral_long_term,617.0515833649412,0.2610710148683979,-0.2833937614685664,0.9978906135399704,6,2,2025-11-18
NUE/PYPL,NUE,PYPL,beta_neutral_long_term,118.6716503544278,0.13263428003397018,-0.2833937614685664,0.7658074910953445,4,2,2025-11-18
NUE/NFLX,NUE,NFLX,beta_neutral_long_term,275.1194105566371,0.15978203257296447,-0.2833937614685664,0.8645902875483533,10,2,2025-11-18
KLAC/ISRG,KLAC,ISRG,beta_neutral_long_term,1276.575596247246,0.6384830918383746,-0.2833937614685664,0.9998393598148092,6,2,2025-11-18
ON/BSX,ON,BSX,aggressive,-4839.489999999996,-0.4783580573128886,-0.49857820700247,2.1172839047597232e-20,34,2,2025-11-18
ON/FMC,ON,FMC,aggressive,-6912.688081678974,-0.5338078978653358,-0.49857820700247,6.343211245678244e-10,38,2,2025-11-18
LRCX/CAG,LRCX,CAG,aggressive,18695.70401944356,1.5973145961853,-0.49857820700247,1.0,32,2,2025-11-18
LRCX/JKHY,LRCX,JKHY,aggressive,5995.280582747764,0.5728869803945487,-0.49857820700247,0.9999999999826721,38,2,2025-11-18
CSCO/HII,CSCO,HII,aggressive,981.6501054121813,0.13528104066359725,-0.49857820700247,0.7250689324245021,34,2,2025-11-18
CSCO/GIS,CSCO,GIS,aggressive,9575.09497287683,1.487975849600368,-0.49857820700247,1.0,40,2,2025-11-18
AKAM/RMD,AKAM,RMD,aggressive,40.0757041612128,0.007777478664655309,-0.49857820700247,0.026610899284497527,30,2,2025-11-18
AKAM/ULTA,AKAM,ULTA,aggressive,-2549.220000000009,-0.38387924880354557,-0.49857820700247,2.0845364891761716e-15,34,2,2025-11-18
BWA/INTU,BWA,INTU,aggressive,-4555.50180881513,-0.49302680048696934,-0.49857820700247,1.8787266765041272e-16,34,2,2025-11-18
BWA/MKTX,BWA,MKTX,aggressive,6708.002536244243,0.8769752479697129,-0.49857820700247,1.0,30,2,2025-11-18
STLD/REGN,STLD,REGN,aggressive,-3047.837617614536,-0.38855943923281605,-0.49857820700247,4.9068455713951657e-20,36,2,2025-11-18
STLD/CMCSA,STLD,CMCSA,aggressive,1820.354586736994,0.28151704464397087,-0.49857820700247,0.9996786017556016,36,2,2025-11-18
NUE/PYPL,NUE,PYPL,aggressive,-2141.243844708819,-0.2080226731955035,-0.49857820700247,1.1384443078949648e-10,30,2,2025-11-18
NUE/NFLX,NUE,NFLX,aggressive,-9663.203794843019,-1.058798529453375,-0.49857820700247,3.218804938126693e-30,38,2,2025-11-18
KLAC/ISRG,KLAC,ISRG,aggressive,-6307.998005150999,-0.7288969722865364,-0.49857820700247,1.921320411135904e-18,38,2,2025-11-18
ON/BSX,ON,BSX,crash_tolerant,3012.650000000005,0.5951226492425511,-0.6211899804015983,0.9999999974161116,14,2,2025-11-18
ON/FMC,ON,FMC,crash_tolerant,2428.014905008477,0.17770611342858128,-0.6211899804015983,0.8680168358234233,6,2,2025-11-18
LRCX/CAG,LRCX,CAG,crash_tolerant,5308.999569750531,0.6286397518154304,-0.6211899804015983,0.9999999994813539,22,2,2025-11-18
LRCX/JKHY,LRCX,JKHY,crash_tolerant,1410.394117596271,0.18531031414696675,-0.6211899804015983,0.9259945747238383,18,2,2025-11-18
CSCO/HII,CSCO,HII,crash_tolerant,-3519.830839060191,-0.9170539779886744,-0.6211899804015983,3.769592627492397e-08,12,2,2025-11-18
CSCO/GIS,CSCO,GIS,crash_tolerant,255.4140945798429,0.0636326797523839,-0.6211899804015983,0.2211328174551414,24,2,2025-11-18
AKAM/RMD,AKAM,RMD,crash_tolerant,-1249.962269843749,-0.5637924266938635,-0.6211899804015983,0.00018382121317205748,6,2,2025-11-18
AKAM/ULTA,AKAM,ULTA,crash_tolerant,-2646.889999999999,-1.2539836411921983,-0.6211899804015983,1.035302384545506e-12,12,2,2025-11-18
BWA/INTU,BWA,INTU,crash_tolerant,-1335.420097371759,-0.403068662786811,-0.6211899804015983,2.038543886002956e-07,14,2,2025-11-18
BWA/MKTX,BWA,MKTX,crash_tolerant,6057.909838849142,1.301074304093607,-0.6211899804015983,0.9999999982571888,12,2,2025-11-18
STLD/REGN,STLD,REGN,crash_tolerant,-2954.21494166031,-0.9329654514978153,-0.6211899804015983,2.429257232592436e-16,8,2,2025-11-18
STLD/CMCSA,STLD,CMCSA,crash_tolerant,4080.800197681288,1.6270861798900562,-0.6211899804015983,0.9999999999995651,10,2,2025-11-18
NUE/PYPL,NUE,PYPL,crash_tolerant,1948.092094758935,0.40509695337170604,-0.6211899804015983,0.9999794503053339,12,2,2025-11-18
NUE/NFLX,NUE,NFLX,crash_tolerant,-1786.248797355621,-0.413609842774334,-0.6211899804015983,1.4140230488286262e-10,10,2,2025-11-18
KLAC/ISRG,KLAC,ISRG,crash_tolerant,-1161.597286551853,-0.33031984872473713,-0.6211899804015983,1.2957434258970126e-10,8,2,2025-11-18
ON/BSX,ON,BSX,no_reversal_protection,5264.129999999998,1.371099196861318,-0.6783056689636157,0.9999999999998502,12,2,2025-11-18
ON/FMC,ON,FMC,no_reversal_protection,-3205.643685403039,-0.7416675110275138,-0.6783056689636157,0.002450019680012422,4,2,2025-11-18
LRCX/CAG,LRCX,CAG,no_reversal_protection,1992.752049244702,0.45132995608203047,-0.6783056689636157,0.9999997893597711,22,2,2025-11-18
LRCX/JKHY,LRCX,JKHY,no_reversal_protection,-1452.265892095535,-0.3703276113508279,-0.6783056689636157,3.13863955160961e-18,18,2,2025-11-18
CSCO/HII,CSCO,HII,no_reversal_protection,-922.2430007978528,-0.6509436297222384,-0.6783056689636157,4.2490091222099344e-18,10,2,2025-11-18
CSCO/GIS,CSCO,GIS,no_reversal_protection,1788.523726598068,0.7726854136815248,-0.6783056689636157,0.9999999999901159,22,2,2025-11-18
AKAM/RMD,AKAM,RMD,no_reversal_protection,-665.7011579384317,-0.5796666730363181,-0.6783056689636157,8.909334378213072e-05,6,2,2025-11-18
AKAM/ULTA,AKAM,ULTA,no_reversal_protection,150.5400000000009,0.08053516057515789,-0.6783056689636157,0.2620235563743327,12,2,2025-11-18
BWA/INTU,BWA,INTU,no_reversal_protection,-857.9083621704222,-0.3966595266377718,-0.6783056689636157,4.4995455341824435e-10,12,2,2025-11-18
BWA/MKTX,BWA,MKTX,no_reversal_protection,2485.678147893553,1.0941233181209062,-0.6783056689636157,0.9999999823463734,12,2,2025-11-18
STLD/REGN,STLD,REGN,no_reversal_protection,-1615.593523496153,-0.9807867317539872,-0.6783056689636157,4.560406667893098e-18,8,2,2025-11-18
STLD/CMCSA,STLD,CMCSA,no_reversal_protection,3558.347342299365,1.957929247869397,-0.6783056689636157,0.999999999999993,8,2,2025-11-18
NUE/PYPL,NUE,PYPL,no_reversal_protection,595.6534296648792,0.14250535464683328,-0.6783056689636157,0.7579606036176996,12,2,2025-11-18
NUE/NFLX,NUE,NFLX,no_reversal_protection,8327.02577127122,0.7567225774572613,-0.6783056689636157,0.9899600965234227,10,2,2025-11-18
KLAC/ISRG,KLAC,ISRG,no_reversal_protection,-729.4750584413653,-0.4309862807635012,-0.6783056689636157,1.5199006570181774e-10,8,2,2025-11-18
ON/BSX,ON,BSX,trend_leverage,1649.639999999996,0.3760473913992596,-0.8477395651291701,0.99998643610449,14,2,2025-11-18
ON/FMC,ON,FMC,trend_leverage,1824.586178756362,0.1780377321545054,-0.8477395651291701,0.868822651145168,6,2,2025-11-18
LRCX/CAG,LRCX,CAG,trend_leverage,3983.670038626259,0.6287740053184373,-0.8477395651291701,0.9999999995028048,22,2,2025-11-18
LRCX/JKHY,LRCX,JKHY,trend_leverage,1067.841513048321,0.18763607946367944,-0.8477395651291701,0.9312992289239089,18,2,2025-11-18
CSCO/HII,CSCO,HII,trend_leverage,-2631.628767362597,-0.9155950610165602,-0.8477395651291701,3.350198218351348e-08,12,2,2025-11-18
CSCO/GIS,CSCO,GIS,trend_leverage,188.4513621761922,0.06254891833535133,-0.8477395651291701,0.21473357225703438,24,2,2025-11-18
AKAM/RMD,AKAM,RMD,trend_leverage,-803.5758355132677,-0.4936693318925646,-0.8477395651291701,0.00031549173543274643,4,2,2025-11-18
AKAM/ULTA,AKAM,ULTA,trend_leverage,-2034.719999999998,-1.2863211433335235,-0.8477395651291701,1.2106493305158097e-12,12,2,2025-11-18
BWA/INTU,BWA,INTU,trend_leverage,-1643.017626499532,-0.5016238113359528,-0.8477395651291701,1.767886436851259e-10,14,2,2025-11-18
BWA/MKTX,BWA,MKTX,trend_leverage,4079.943713983596,1.1730144675294671,-0.8477395651291701,0.9999999955821804,12,2,2025-11-18
STLD/REGN,STLD,REGN,trend_leverage,-2276.025804784309,-0.9542920166939561,-0.8477395651291701,3.8766179243808866e-16,8,2,2025-11-18
STLD/CMCSA,STLD,CMCSA,trend_leverage,3070.535600765015,1.631839215446912,-0.8477395651291701,0.9999999999995594,10,2,2025-11-18
NUE/PYPL,NUE,PYPL,trend_leverage,2070.994463602353,0.34085075692757166,-0.8477395651291701,0.9987068205875902,12,2,2025-11-18
NUE/NFLX,NUE,NFLX,trend_leverage,-288.208126531601,-0.05400776576920476,-0.8477395651291701,0.0009479429626701766,8,2,2025-11-18
KLAC/ISRG,KLAC,ISRG,trend_leverage,-367.4631953407363,-0.13632034756532876,-0.8477395651291701,1.7665920350805292e-07,8,2,2025-11-18
ON/BSX,ON,BSX,beta_neutral,3100.040000000002,0.8640422534054721,-0.8927585188978183,0.9999999999925009,12,2,2025-11-18
ON/FMC,ON,FMC,beta_neutral,-417.9140318934712,-0.10642373304135869,-0.8927585188978183,5.677801309711836e-06,6,2,2025-11-18
LRCX/CAG,LRCX,CAG,beta_neutral,4854.96042280871,0.8553661110399018,-0.8927585188978183,0.9999999999999998,22,2,2025-11-18
LRCX/JKHY,LRCX,JKHY,beta_neutral,251.1011452167211,0.05964934187027529,-0.8927585188978183,0.19931861300020604,18,2,2025-11-18
CSCO/HII,CSCO,HII,beta_neutral,-273.2697036801007,-0.26965412749204126,-0.8927585188978183,2.6219810662724374e-07,10,2,2025-11-18
CSCO/GIS,CSCO,GIS,beta_neutral,365.1708874503226,0.1539377649522001,-0.8927585188978183,0.7748450864197459,24,2,2025-11-18
AKAM/RMD,AKAM,RMD,beta_neutral,-279.3151593266741,-0.30729518782727777,-0.8927585188978183,0.00017961143810226233,6,2,2025-11-18
AKAM/ULTA,AKAM,ULTA,beta_neutral,-650.7099999999998,-0.6564959246597661,-0.8927585188978183,9.69326572222643e-18,10,2,2025-11-18
BWA/INTU,BWA,INTU,beta_neutral,-4046.088551131773,-1.065704215721876,-0.8927585188978183,6.704356780501759e-05,14,2,2025-11-18
BWA/MKTX,BWA,MKTX,beta_neutral,2544.566436233701,1.0565356771276995,-0.8927585188978183,0.9999970556165928,12,2,2025-11-18
STLD/REGN,STLD,REGN,beta_neutral,-1562.428117026783,-1.066632806892342,-0.8927585188978183,7.036354525228978e-12,6,2,2025-11-18
STLD/CMCSA,STLD,CMCSA,beta_neutral,2946.1848314313,1.2820595163244322,-0.8927585188978183,0.9999999999999056,10,2,2025-11-18
NUE/PYPL,NUE,PYPL,beta_neutral,5141.697592940247,1.127304703452797,-0.8927585188978183,0.9999999991328153,12,2,2025-11-18
NUE/NFLX,NUE,NFLX,beta_neutral,1929.58351502806,0.5659349283494152,-0.8927585188978183,0.9999160755262483,8,2,2025-11-18
KLAC/ISRG,KLAC,ISRG,beta_neutral,-566.2624517845873,-0.23133196458510003,-0.8927585188978183,2.7941821846790807e-11,8,2,2025-11-18
ON/BSX,ON,BSX,weekly_aligned_windows,4074.539999999994,0.4679324666688387,-1.065158164139682,0.9999997816141604,72,2,2025-11-18
ON/FMC,ON,FMC,weekly_aligned_windows,2486.733834069149,0.2997490003355063,-1.065158164139682,0.9954061472987352,68,2,2025-11-18
LRCX/CAG,LRCX,CAG,weekly_aligned_windows,5230.202207745512,1.070366275780266,-1.065158164139682,1.0,82,2,2025-11-18
LRCX/JKHY,LRCX,JKHY,weekly_aligned_windows,3294.653737252166,0.533529799944552,-1.065158164139682,0.9997013848142092,76,2,2025-11-18
CSCO/HII,CSCO,HII,weekly_aligned_windows,1339.682041945058,0.2679335399333195,-1.065158164139682,0.9993882861567178,68,2,2025-11-18
CSCO/GIS,CSCO,GIS,weekly_aligned_windows,1637.828055118226,0.6078099382066057,-1.065158164139682,0.9999999997785836,74,2,2025-11-18
AKAM/RMD,AKAM,RMD,weekly_aligned_windows,-4425.415002597238,-0.7247092572779172,-1.065158164139682,2.543300654901231e-08,66,2,2025-11-18
AKAM/ULTA,AKAM,ULTA,weekly_aligned_windows,-3314.039999999998,-0.7258456001410075,-1.065158164139682,4.023332807759583e-15,64,2,2025-11-18
BWA/INTU,BWA,INTU,weekly_aligned_windows,-6851.107443421974,-1.0231451615090432,-1.065158164139682,0.0006721994650750034,74,2,2025-11-18
BWA/MKTX,BWA,MKTX,weekly_aligned_windows,2732.518271966551,0.6514871428681719,-1.065158164139682,1.0,70,2,2025-11-18
STLD/REGN,STLD,REGN,weekly_aligned_windows,-168.4341242560603,-0.03695673612623351,-1.065158164139682,0.002411742947539435,74,2,2025-11-18
STLD/CMCSA,STLD,CMCSA,weekly_aligned_windows,-3702.963327101882,-1.1748705369223127,-1.065158164139682,1.7949634162759784e-29,72,2,2025-11-18
NUE/PYPL,NUE,PYPL,weekly_aligned_windows,-2700.902493061172,-0.4510173389981505,-1.065158164139682,2.3342063220443503e-11,82,2,2025-11-18
NUE/NFLX,NUE,NFLX,weekly_aligned_windows,-1981.715600852024,-0.41447875489146363,-1.065158164139682,2.2091878832187587e-15,74,2,2025-11-18
KLAC/ISRG,KLAC,ISRG,weekly_aligned_windows,-2281.352779176571,-0.47167481445910386,-1.065158164139682,2.0284004167629957e-10,78,2,2025-11-18
ON/BSX,ON,BSX,no_skip_month,-2426.080000000004,-0.524931877877449,-1.089592936229393,2.6461231408713387e-10,18,2,2025-11-18
ON/FMC,ON,FMC,no_skip_month,1214.987452504239,0.17783869543163547,-1.089592936229393,0.8683452953256178,6,2,2025-11-18
LRCX/CAG,LRCX,CAG,no_skip_month,3795.366973954601,0.9082489572061019,-1.089592936229393,0.9999999999995307,22,2,2025-11-18
LRCX/JKHY,LRCX,JKHY,no_skip_month,818.6703523039799,0.21516396340719554,-1.089592936229393,0.9726918598324192,18,2,2025-11-18
CSCO/HII,CSCO,HII,no_skip_month,-257.7048786933821,-0.07400322042822437,-1.089592936229393,0.00017308173484692594,16,2,2025-11-18
CSCO/GIS,CSCO,GIS,no_skip_month,-304.3707621993622,-0.12479425878433024,-1.089592936229393,4.471711271126258e-06,26,2,2025-11-18
AKAM/RMD,AKAM,RMD,no_skip_month,-969.0733659858923,-0.7004205130093744,-1.089592936229393,6.51860186752124e-07,10,2,2025-11-18
AKAM/ULTA,AKAM,ULTA,no_skip_month,-3611.979999999998,-1.3840718011054134,-1.089592936229393,0.0014759949420371844,14,2,2025-11-18
BWA/INTU,BWA,INTU,no_skip_month,81.27516230905792,0.0508955103873845,-1.089592936229393,0.12194211238178376,14,2,2025-11-18
BWA/MKTX,BWA,MKTX,no_skip_month,3417.08426421045,1.0926137492182777,-1.089592936229393,0.9999999999998365,16,2,2025-11-18
STLD/REGN,STLD,REGN,no_skip_month,1531.859571300866,0.40985247073589165,-1.089592936229393,0.9999798625120577,12,2,2025-11-18
STLD/CMCSA,STLD,CMCSA,no_skip_month,1604.583491602277,1.0204841138646925,-1.089592936229393,1.0,14,2,2025-11-18
NUE/PYPL,NUE,PYPL,no_skip_month,2228.186850902222,1.1202961784250736,-1.089592936229393,0.9999999999999913,16,2,2025-11-18
NUE/NFLX,NUE,NFLX,no_skip_month,137.6491930386041,0.07512122137472355,-1.089592936229393,0.3013551424707298,12,2,2025-11-18
KLAC/ISRG,KLAC,ISRG,no_skip_month,177.8363458783846,0.046765163767735936,-1.089592936229393,0.11818506106401905,12,2,2025-11-18
ON/BSX,ON,BSX,let_profits_run,3605.000000000003,0.8797010735131067,-1.1399097355883725,0.9999999999999886,8,2,2025-11-18
ON/FMC,ON,FMC,let_profits_run,0.0,-1.1399097355883725,-1.1399097355883725,2.767309231779953e-84,0,2,2025-11-18
LRCX/CAG,LRCX,CAG,let_profits_run,3014.150001947885,0.7917310367282197,-1.1399097355883725,0.9999999999999969,16,2,2025-11-18
LRCX/JKHY,LRCX,JKHY,let_profits_run,-726.7103498827214,-0.2116703754063375,-1.1399097355883725,1.67140489829798e-09,12,2,2025-11-18
CSCO/HII,CSCO,HII,let_profits_run,-1159.019201120369,-0.4152673593784383,-1.1399097355883725,0.0004076641208342894,8,2,2025-11-18
CSCO/GIS,CSCO,GIS,let_profits_run,864.9235472037848,0.38323357160261423,-1.1399097355883725,0.9999697999603129,18,2,2025-11-18
AKAM/RMD,AKAM,RMD,let_profits_run,-522.3658342309134,-0.38386506678228466,-1.1399097355883725,1.7672329933091922e-06,8,2,2025-11-18
AKAM/ULTA,AKAM,ULTA,let_profits_run,933.6000000000003,0.4377697174421011,-1.1399097355883725,0.9999853413072983,8,2,2025-11-18
BWA/INTU,BWA,INTU,let_profits_run,-90.9849794516224,-0.06759364888116241,-1.1399097355883725,0.00025236125053290295,6,2,2025-11-18
BWA/MKTX,BWA,MKTX,let_profits_run,3762.899266896175,1.4948702650841723,-1.1399097355883725,0.9999999997615163,6,2,2025-11-18
STLD/REGN,STLD,REGN,let_profits_run,-1516.577327373387,-1.7307667782022094,-1.1399097355883725,1.005668520235669e-06,6,2,2025-11-18
STLD/CMCSA,STLD,CMCSA,let_profits_run,1617.444060945985,0.9540456069401596,-1.1399097355883725,1.0,8,2,2025-11-18
NUE/PYPL,NUE,PYPL,let_profits_run,617.625493116637,0.1813885876326693,-1.1399097355883725,0.8697289241691311,8,2,2025-11-18
NUE/NFLX,NUE,NFLX,let_profits_run,1966.42429794251,0.6804103722890041,-1.1399097355883725,0.9999911880124536,6,2,2025-11-18
KLAC/ISRG,KLAC,ISRG,let_profits_run,808.896498621905,0.47042949645084725,-1.1399097355883725,0.9989663745800739,8,2,2025-11-18
ON/BSX,ON,BSX,short_term_beta_neutral,-57.94000000000187,-0.021445796577505703,-1.1532382566395265,0.007546396226255018,22,2,2025-11-18
ON/FMC,ON,FMC,short_term_beta_neutral,4072.721749704388,0.9631901292816516,-1.1532382566395265,0.9999999861199894,14,2,2025-11-18
LRCX/CAG,LRCX,CAG,short_term_beta_neutral,1697.667603519204,0.4002455006909491,-1.1532382566395265,0.999999398385242,36,2,2025-11-18
LRCX/JKHY,LRCX,JKHY,short_term_beta_neutral,338.2698924046415,0.0903496945801269,-1.1532382566395265,0.40008853279401924,22,2,2025-11-18
CSCO/HII,CSCO,HII,short_term_beta_neutral,-1473.958149997568,-0.5160595054683325,-1.1532382566395265,2.838757674584695e-06,18,2,2025-11-18
CSCO/GIS,CSCO,GIS,short_term_beta_neutral,2501.264459985121,1.3087500637027611,-1.1532382566395265,0.9999999999999926,26,2,2025-11-18
AKAM/RMD,AKAM,RMD,short_term_beta_neutral,-640.2018566010208,-0.5706146788855657,-1.1532382566395265,8.072875291766753e-06,12,2,2025-11-18
AKAM/ULTA,AKAM,ULTA,short_term_beta_neutral,126.1400000000017,0.03276507330687494,-1.1532382566395265,0.09550280687162749,20,2,2025-11-18
BWA/INTU,BWA,INTU,short_term_beta_neutral,830.3865556966626,0.598942562039237,-1.1532382566395265,0.9999936901467898,14,2,2025-11-18
BWA/MKTX,BWA,MKTX,short_term_beta_neutral,-367.4795039340939,-0.1449379823426553,-1.1532382566395265,5.086385673282201e-07,22,2,2025-11-18
STLD/REGN,STLD,REGN,short_term_beta_neutral,-1616.850893265641,-1.2430898393602494,-1.1532382566395265,2.8057124630210903e-09,10,2,2025-11-18
STLD/CMCSA,STLD,CMCSA,short_term_beta_neutral,-52.17549355405785,-0.024168879509107444,-1.1532382566395265,0.005740300468888545,18,2,2025-11-18
NUE/PYPL,NUE,PYPL,short_term_beta_neutral,1718.765738596854,0.9338359962293057,-1.1532382566395265,0.999999973127634,8,2,2025-11-18
NUE/NFLX,NUE,NFLX,short_term_beta_neutral,3565.67655481868,1.4371716783821316,-1.1532382566395265,0.9999999995212396,12,2,2025-11-18
KLAC/ISRG,KLAC,ISRG,short_term_beta_neutral,1289.478362059706,0.47378244855750257,-1.1532382566395265,0.999992807279424,16,2,2025-11-18
ON/BSX,ON,BSX,long_term_tilt,2332.520000000004,0.6708821481905299,-1.379667163172149,0.9999999998609357,8,2,2025-11-18
ON/FMC,ON,FMC,long_term_tilt,0.0,-1.379667163172149,-1.379667163172149,6.67161879523724e-101,0,2,2025-11-18
LRCX/CAG,LRCX,CAG,long_term_tilt,3813.402050840739,1.1159379073542426,-1.379667163172149,0.9999999999999998,14,2,2025-11-18
LRCX/JKHY,LRCX,JKHY,long_term_tilt,3364.590803391586,1.0002985188890472,-1.379667163172149,0.9999999999958396,10,2,2025-11-18
CSCO/HII,CSCO,HII,long_term_tilt,1128.708543546348,0.44910721338204745,-1.379667163172149,0.9979863694828309,6,2,2025-11-18
CSCO/GIS,CSCO,GIS,long_term_tilt,98.48654337439194,0.05179333724742285,-1.379667163172149,0.16087325624406973,14,2,2025-11-18
AKAM/RMD,AKAM,RMD,long_term_tilt,-1032.623501285128,-1.0780014644936573,-1.379667163172149,5.964376652766345e-20,6,2,2025-11-18
AKAM/ULTA,AKAM,ULTA,long_term_tilt,271.7400000000042,0.11823045762676267,-1.379667163172149,0.6170223353198981,8,2,2025-11-18
BWA/INTU,BWA,INTU,long_term_tilt,-309.7104506965321,-0.24517770615771425,-1.379667163172149,1.5722774210466723e-10,6,2,2025-11-18
BWA/MKTX,BWA,MKTX,long_term_tilt,4049.203432074972,1.8363742700036951,-1.379667163172149,0.9999999967431448,6,2,2025-11-18
STLD/REGN,STLD,REGN,long_term_tilt,-815.104430600839,-1.2113739933598027,-1.379667163172149,0.00017618776127194363,2,2,2025-11-18
STLD/CMCSA,STLD,CMCSA,long_term_tilt,779.1549736280235,0.526030718433386,-1.379667163172149,0.9999999992521984,6,2,2025-11-18
NUE/PYPL,NUE,PYPL,long_term_tilt,-186.251641572424,-0.3720362294511693,-1.379667163172149,2.2671692622189607e-06,4,2,2025-11-18
NUE/NFLX,NUE,NFLX,long_term_tilt,-773.4335864023628,-0.4591463725316252,-1.379667163172149,2.1818938391602962e-10,10,2,2025-11-18
KLAC/ISRG,KLAC,ISRG,long_term_tilt,1179.061541018992,0.859878893440619,-1.379667163172149,0.9999993830811104,6,2,2025-11-18
ON/BSX,ON,BSX,default,1816.520000000005,0.6441527851149532,-1.4132052684955825,0.9999999534694651,12,2,2025-11-18
ON/FMC,ON,FMC,default,1214.987452504239,0.17783869543163547,-1.4132052684955825,0.8683452953256178,6,2,2025-11-18
LRCX/CAG,LRCX,CAG,default,2427.233903262802,0.5693334842923122,-1.4132052684955825,0.9999999970311257,22,2,2025-11-18
LRCX/JKHY,LRCX,JKHY,default,176.82169289845,0.04762944762576455,-1.4132052684955825,0.13429946632159728,18,2,2025-11-18
CSCO/HII,CSCO,HII,default,-1092.21449728242,-0.6020352599340566,-1.4132052684955825,2.007361634807184e-08,10,2,2025-11-18
CSCO/GIS,CSCO,GIS,default,127.0174606881146,0.06328467335908976,-1.4132052684955825,0.21887969623160625,24,2,2025-11-18
AKAM/RMD,AKAM,RMD,default,-624.3512741401098,-0.5604245771638033,-1.4132052684955825,0.00018986101031016902,6,2,2025-11-18
AKAM/ULTA,AKAM,ULTA,default,-1249.159999999996,-1.2191872375315476,-1.4132052684955825,1.9493995879171028e-11,10,2,2025-11-18
BWA/INTU,BWA,INTU,default,-1163.904789887985,-0.5422849521116249,-1.4132052684955825,1.3461027526230202e-10,14,2,2025-11-18
BWA/MKTX,BWA,MKTX,default,3030.24134714519,1.2998229992025179,-1.4132052684955825,0.9999999982065447,12,2,2025-11-18
STLD/REGN,STLD,REGN,default,-1518.559213579227,-1.072269322999721,-1.4132052684955825,1.2032277420134076e-12,6,2,2025-11-18
STLD/CMCSA,STLD,CMCSA,default,2042.879072890477,1.6334485843071191,-1.4132052684955825,0.9999999999995762,10,2,2025-11-18
NUE/PYPL,NUE,PYPL,default,1370.905941514144,0.3383923389960493,-1.4132052684955825,0.9986143035259345,12,2,2025-11-18
NUE/NFLX,NUE,NFLX,default,91.47203231647859,0.026042581739337715,-1.4132052684955825,0.061720234860004226,8,2,2025-11-18
KLAC/ISRG,KLAC,ISRG,default,-574.3517415567237,-0.34159051345798636,-1.4132052684955825,1.0615286826752662e-10,8,2,2025-11-18
ON/BSX,ON,BSX,long_term_kalman,2610.220000000005,0.6674786973012685,-1.433124207018034,0.9999999999976884,8,2,2025-11-18
ON/FMC,ON,FMC,long_term_kalman,0.0,-1.433124207018034,-1.433124207018034,3.268364935147665e-104,0,2,2025-11-18
LRCX/CAG,LRCX,CAG,long_term_kalman,3894.48192569459,1.1037117410998485,-1.433124207018034,0.9999999999999998,14,2,2025-11-18
LRCX/JKHY,LRCX,JKHY,long_term_kalman,1949.587739448632,0.5168395770324641,-1.433124207018034,0.999999958878914,10,2,2025-11-18
CSCO/HII,CSCO,HII,long_term_kalman,-241.0468242482198,-0.08614755511982944,-1.433124207018034,0.0023008818365607944,6,2,2025-11-18
CSCO/GIS,CSCO,GIS,long_term_kalman,240.1838725122822,0.1325989140891375,-1.433124207018034,0.6826914396566878,14,2,2025-11-18
AKAM/RMD,AKAM,RMD,long_term_kalman,-954.3998587001266,-0.9250325157165576,-1.433124207018034,2.78164818892928e-23,6,2,2025-11-18
AKAM/ULTA,AKAM,ULTA,long_term_kalman,-323.5799999999955,-0.13650157194414986,-1.433124207018034,9.476426855152661e-05,8,2,2025-11-18
BWA/INTU,BWA,INTU,long_term_kalman,-51.08045069653315,-0.03939180875658407,-1.433124207018034,0.0018223254137879259,6,2,2025-11-18
BWA/MKTX,BWA,MKTX,long_term_kalman,3465.767674357475,1.378492537379387,-1.433124207018034,0.9999999997817186,6,2,2025-11-18
STLD/REGN,STLD,REGN,long_term_kalman,-818.6678746663686,-1.2113337353467102,-1.433124207018034,0.0001575562415742519,2,2,2025-11-18
STLD/CMCSA,STLD,CMCSA,long_term_kalman,1653.736122104535,1.0182339195172638,-1.433124207018034,0.9999999999999983,6,2,2025-11-18
NUE/PYPL,NUE,PYPL,long_term_kalman,-181.39867420029,-0.3612561757982604,-1.433124207018034,2.5499896820001645e-06,4,2,2025-11-18
NUE/NFLX,NUE,NFLX,long_term_kalman,-788.2905822871353,-0.4405177726574883,-1.433124207018034,6.232351693016356e-12,10,2,2025-11-18
KLAC/ISRG,KLAC,ISRG,long_term_kalman,1172.028419399081,0.8541250438021266,-1.433124207018034,0.9999993993291291,6,2,2025-11-18
ON/BSX,ON,BSX,kalman_hedge,1260.65,0.4339145375504581,-1.4758625522768536,0.999997840096566,14,2,2025-11-18
ON/FMC,ON,FMC,kalman_hedge,1028.515176689683,0.15329034940212946,-1.4758625522768536,0.7839686486963958,6,2,2025-11-18
LRCX/CAG,LRCX,CAG,kalman_hedge,2862.784242269048,0.6698432537189696,-1.4758625522768536,0.9999999999250653,22,2,2025-11-18
LRCX/JKHY,LRCX,JKHY,kalman_hedge,756.0974138892057,0.19854276148681987,-1.4758625522768536,0.9520949226569545,18,2,2025-11-18
CSCO/HII,CSCO,HII,kalman_hedge,-1750.461452736631,-0.9215292050639038,-1.4758625522768536,3.839696226336544e-08,12,2,2025-11-18
CSCO/GIS,CSCO,GIS,kalman_hedge,143.4567139235221,0.07150207981308569,-1.4758625522768536,0.2698772835316676,24,2,2025-11-18
AKAM/RMD,AKAM,RMD,kalman_hedge,-624.4412741401097,-0.5605836475859474,-1.4758625522768536,0.00019046146801558273,6,2,2025-11-18
AKAM/ULTA,AKAM,ULTA,kalman_hedge,-1313.339999999997,-1.2473238394626411,-1.4758625522768536,2.0802644690986787e-12,12,2,2025-11-18
BWA/INTU,BWA,INTU,kalman_hedge,-1172.113865050711,-0.5466574343293055,-1.4758625522768536,1.2066241060069575e-10,14,2,2025-11-18
BWA/MKTX,BWA,MKTX,kalman_hedge,3030.067733955294,1.301241696385214,-1.4758625522768536,0.9999999981007828,12,2,2025-11-18
STLD/REGN,STLD,REGN,kalman_hedge,-1480.239773762036,-0.9331754720654066,-1.4758625522768536,2.2800263992610723e-16,8,2,2025-11-18
STLD/CMCSA,STLD,CMCSA,kalman_hedge,2088.985349911229,1.6179795031230166,-1.4758625522768536,0.9999999999997325,10,2,2025-11-18
NUE/PYPL,NUE,PYPL,kalman_hedge,1190.746710607217,0.2899795793148759,-1.4758625522768536,0.9921518013235933,12,2,2025-11-18
NUE/NFLX,NUE,NFLX,kalman_hedge,-386.6135232390741,-0.10807109420034684,-1.4758625522768536,5.420995737414368e-05,10,2,2025-11-18
KLAC/ISRG,KLAC,ISRG,kalman_hedge,-574.3517415567237,-0.34159051345798636,-1.4758625522768536,1.0615286826752662e-10,8,2,2025-11-18
ON/BSX,ON,BSX,vol_weighted_sizing,1277.210000000005,0.43835355136162785,-1.4760152652396334,0.9999982245977489,14,2,2025-11-18
ON/FMC,ON,FMC,vol_weighted_sizing,1199.12745250424,0.17587646672670976,-1.4760152652396334,0.8630113698958648,6,2,2025-11-18
LRCX/CAG,LRCX,CAG,vol_weighted_sizing,2652.275469432705,0.6277321342111911,-1.4760152652396334,0.9999999994472513,22,2,2025-11-18
LRCX/JKHY,LRCX,JKHY,vol_weighted_sizing,733.9235961380172,0.19309534861760838,-1.4760152652396334,0.9423520236216302,18,2,2025-11-18
CSCO/HII,CSCO,HII,vol_weighted_sizing,-1762.172865256442,-0.9240378513899266,-1.4760152652396334,3.281792616572126e-08,12,2,2025-11-18
CSCO/GIS,CSCO,GIS,vol_weighted_sizing,127.3554199912912,0.06345344077134599,-1.4760152652396334,0.21986540409111888,24,2,2025-11-18
AKAM/RMD,AKAM,RMD,vol_weighted_sizing,-624.3512741401098,-0.5604245771638033,-1.4760152652396334,0.00018986101031016902,6,2,2025-11-18
AKAM/ULTA,AKAM,ULTA,vol_weighted_sizing,-1319.659999999997,-1.250649784378738,-1.4760152652396334,1.896724063531031e-12,12,2,2025-11-18
BWA/INTU,BWA,INTU,vol_weighted_sizing,-1164.234789887987,-0.5424378482597406,-1.4760152652396334,1.3447095036657049e-10,14,2,2025-11-18
BWA/MKTX,BWA,MKTX,vol_weighted_sizing,3029.509876144254,1.2996283321482425,-1.4760152652396334,0.9999999981947533,12,2,2025-11-18
STLD/REGN,STLD,REGN,vol_weighted_sizing,-1476.039781730113,-0.9337145317376049,-1.4760152652396334,2.481444795268963e-16,8,2,2025-11-18
STLD/CMCSA,STLD,CMCSA,vol_weighted_sizing,2042.028105353877,1.632832108662006,-1.4760152652396334,0.9999999999995747,10,2,2025-11-18
NUE/PYPL,NUE,PYPL,vol_weighted_sizing,1371.265941514144,0.33852145917517656,-1.4760152652396334,0.9986163430994643,12,2,2025-11-18
NUE/NFLX,NUE,NFLX,vol_weighted_sizing,-386.6135232390741,-0.10807109420034684,-1.4760152652396334,5.420995737414368e-05,10,2,2025-11-18
KLAC/ISRG,KLAC,ISRG,vol_weighted_sizing,-574.3517415567237,-0.34159051345798636,-1.4760152652396334,1.0615286826752662e-10,8,2,2025-11-18
ON/BSX,ON,BSX,uniform_weights,1277.700000000006,0.43867077989432635,-1.4820884577157427,0.9999982388431484,14,2,2025-11-18
ON/FMC,ON,FMC,uniform_weights,1199.77745250424,0.17597272802475952,-1.4820884577157427,0.8632448956980431,6,2,2025-11-18
LRCX/CAG,LRCX,CAG,uniform_weights,2205.869262198169,0.5204659558354675,-1.4820884577157427,0.9999999770815399,22,2,2025-11-18
LRCX/JKHY,LRCX,JKHY,uniform_weights,309.0405961822528,0.08187810365978607,-1.4820884577157427,0.3340095860780351,18,2,2025-11-18
CSCO/HII,CSCO,HII,uniform_weights,-1092.21449728242,-0.6020352599340566,-1.4820884577157427,2.007361634807184e-08,10,2,2025-11-18
CSCO/GIS,CSCO,GIS,uniform_weights,126.994351744034,0.06332196634842067,-1.4820884577157427,0.21917169791490815,24,2,2025-11-18
AKAM/RMD,AKAM,RMD,uniform_weights,-534.7091159332855,-0.49036351177827825,-1.4820884577157427,0.0003252294181565351,4,2,2025-11-18
AKAM/ULTA,AKAM,ULTA,uniform_weights,-1319.659999999997,-1.250649784378738,-1.4820884577157427,1.896724063531031e-12,12,2,2025-11-18
BWA/INTU,BWA,INTU,uniform_weights,-967.0126037821892,-0.4443772973364935,-1.4820884577157427,1.6243888447357585e-10,12,2,2025-11-18
BWA/MKTX,BWA,MKTX,uniform_weights,3029.509876144254,1.2996283321482425,-1.4820884577157427,0.9999999981947533,12,2,2025-11-18
STLD/REGN,STLD,REGN,uniform_weights,-1476.039781730113,-0.9337145317376049,-1.4820884577157427,2.481444795268963e-16,8,2,2025-11-18
STLD/CMCSA,STLD,CMCSA,uniform_weights,1319.179345263753,0.9890054441921693,-1.4820884577157427,0.9999999999999958,12,2,2025-11-18
NUE/PYPL,NUE,PYPL,uniform_weights,1371.265941514144,0.33852145917517656,-1.4820884577157427,0.9986163430994643,12,2,2025-11-18
NUE/NFLX,NUE,NFLX,uniform_weights,146.2720323164776,0.041649268210868465,-1.4820884577157427,0.11252780854420896,6,2,2025-11-18
KLAC/ISRG,KLAC,ISRG,uniform_weights,-574.3517415567237,-0.34159051345798636,-1.4820884577157427,1.0615286826752662e-10,8,2,2025-11-18
ON/BSX,ON,BSX,fast_rebalance,-48.8399999999944,-0.015721498249004574,-1.49645492778376,0.00898038626156666,20,2,2025-11-18
ON/FMC,ON,FMC,fast_rebalance,335.1158642632129,0.19196838625961754,-1.49645492778376,0.9410321802126521,12,2,2025-11-18
LRCX/CAG,LRCX,CAG,fast_rebalance,2825.860127627738,0.9188547906174919,-1.49645492778376,0.9999999999999988,34,2,2025-11-18
LRCX/JKHY,LRCX,JKHY,fast_rebalance,4588.959284158007,1.28110708737897,-1.49645492778376,0.999999999999843,22,2,2025-11-18
CSCO/HII,CSCO,HII,fast_rebalance,-926.2172994075817,-0.634814102753677,-1.49645492778376,1.810832654660639e-18,14,2,2025-11-18
CSCO/GIS,CSCO,GIS,fast_rebalance,1757.550833795344,1.0853169577403188,-1.49645492778376,1.0,24,2,2025-11-18
AKAM/RMD,AKAM,RMD,fast_rebalance,-21.67398239819693,-0.017359021626644957,-1.49645492778376,0.009550414251895657,10,2,2025-11-18
AKAM/ULTA,AKAM,ULTA,fast_rebalance,1320.640000000001,0.6591782272714883,-1.49645492778376,0.9999754334583641,18,2,2025-11-18
BWA/INTU,BWA,INTU,fast_rebalance,14.08661976213129,0.010782103205756888,-1.49645492778376,0.026817638564376314,12,2,2025-11-18
BWA/MKTX,BWA,MKTX,fast_rebalance,518.513743185657,0.1906818789595496,-1.49645492778376,0.9624474056316673,22,2,2025-11-18
STLD/REGN,STLD,REGN,fast_rebalance,-1395.213934232716,-1.0583577929885204,-1.49645492778376,7.50672310122752e-11,10,2,2025-11-18
STLD/CMCSA,STLD,CMCSA,fast_rebalance,1235.076899128651,1.1155177348947567,-1.49645492778376,0.9999999999649005,10,2,2025-11-18
NUE/PYPL,NUE,PYPL,fast_rebalance,561.9675534859448,0.1785419160845775,-1.49645492778376,0.8502805872778529,6,2,2025-11-18
NUE/NFLX,NUE,NFLX,fast_rebalance,995.6077966944631,0.2842946776307053,-1.49645492778376,0.9832182362786176,12,2,2025-11-18
KLAC/ISRG,KLAC,ISRG,fast_rebalance,-905.7761943812372,-0.351188246710171,-1.49645492778376,5.88340117371996e-08,14,2,2025-11-18
ON/BSX,ON,BSX,short_term_tilt,724.3000000000031,0.23110905289201775,-1.5124865697098964,0.99337688893909,20,2,2025-11-18
ON/FMC,ON,FMC,short_term_tilt,335.6958642632146,0.192317425057043,-1.5124865697098964,0.9416917542383222,12,2,2025-11-18
LRCX/CAG,LRCX,CAG,short_term_tilt,3104.194995314997,1.004879236103466,-1.5124865697098964,0.9999999999999999,34,2,2025-11-18
LRCX/JKHY,LRCX,JKHY,short_term_tilt,4588.959284158007,1.28110708737897,-1.5124865697098964,0.999999999999843,22,2,2025-11-18
CSCO/HII,CSCO,HII,short_term_tilt,-925.1699597504535,-0.6343494810388092,-1.5124865697098964,1.8914177252256134e-18,14,2,2025-11-18
CSCO/GIS,CSCO,GIS,short_term_tilt,1756.795395352949,1.0845204809358397,-1.5124865697098964,1.0,24,2,2025-11-18
AKAM/RMD,AKAM,RMD,short_term_tilt,-429.5753695446986,-0.3272590916470481,-1.5124865697098964,6.271071882884787e-06,12,2,2025-11-18
AKAM/ULTA,AKAM,ULTA,short_term_tilt,1326.960000000001,0.6627403107980786,-1.5124865697098964,0.9999750934513962,18,2,2025-11-18
BWA/INTU,BWA,INTU,short_term_tilt,299.7423035770386,0.2110005525652518,-1.5124865697098964,0.9941586234760482,14,2,2025-11-18
BWA/MKTX,BWA,MKTX,short_term_tilt,-362.2511825076011,-0.14872831208282092,-1.5124865697098964,1.1854909029527045e-06,20,2,2025-11-18
STLD/REGN,STLD,REGN,short_term_tilt,-1545.263777234375,-1.164045149609941,-1.5124865697098964,5.4051508871231206e-11,10,2,2025-11-18
STLD/CMCSA,STLD,CMCSA,short_term_tilt,1235.076899128651,1.1155177348947567,-1.5124865697098964,0.9999999999649005,10,2,2025-11-18
NUE/PYPL,NUE,PYPL,short_term_tilt,387.4236440090647,0.1224138079086934,-1.5124865697098964,0.618039960617045,8,2,2025-11-18
NUE/NFLX,NUE,NFLX,short_term_tilt,995.6077966944631,0.2842946776307053,-1.5124865697098964,0.9832182362786176,12,2,2025-11-18
KLAC/ISRG,KLAC,ISRG,short_term_tilt,-905.7761943812372,-0.351188246710171,-1.5124865697098964,5.88340117371996e-08,14,2,2025-11-18
ON/BSX,ON,BSX,balanced,1285.670000000005,0.44879483230156053,-1.539622499250595,0.9999987971238253,12,2,2025-11-18
ON/FMC,ON,FMC,balanced,1199.12745250424,0.17587646672670976,-1.539622499250595,0.8630113698958648,6,2,2025-11-18
LRCX/CAG,LRCX,CAG,balanced,1871.017019689384,0.5492210576317638,-1.539622499250595,0.9999999862249149,20,2,2025-11-18
LRCX/JKHY,LRCX,JKHY,balanced,826.5031003112584,0.21749685919863893,-1.539622499250595,0.974971433848614,18,2,2025-11-18
CSCO/HII,CSCO,HII,balanced,-1092.21449728242,-0.6020352599340566,-1.539622499250595,2.007361634807184e-08,10,2,2025-11-18
CSCO/GIS,CSCO,GIS,balanced,127.3554199912912,0.06345344077134599,-1.539622499250595,0.21986540409111888,24,2,2025-11-18
AKAM/RMD,AKAM,RMD,balanced,-534.7091159332855,-0.49036351177827825,-1.539622499250595,0.0003252294181565351,4,2,2025-11-18
AKAM/ULTA,AKAM,ULTA,balanced,-1290.469999999996,-1.2581215222420195,-1.539622499250595,1.9315526585336033e-11,10,2,2025-11-18
BWA/INTU,BWA,INTU,balanced,-1094.096091304394,-0.5046511474992028,-1.539622499250595,9.177423802358548e-11,14,2,2025-11-18
BWA/MKTX,BWA,MKTX,balanced,2706.079876144254,1.1691347187174415,-1.539622499250595,0.9999999958394084,12,2,2025-11-18
STLD/REGN,STLD,REGN,balanced,-1555.62639911646,-1.0979655688920495,-1.539622499250595,1.2354060801420221e-12,6,2,2025-11-18
STLD/CMCSA,STLD,CMCSA,balanced,2042.879072890477,1.6334485843071191,-1.539622499250595,0.9999999999995762,10,2,2025-11-18
NUE/PYPL,NUE,PYPL,balanced,1370.905941514144,0.3383923389960493,-1.539622499250595,0.9986143035259345,12,2,2025-11-18
NUE/NFLX,NUE,NFLX,balanced,-444.0715067781725,-0.12441943469873408,-1.539622499250595,2.6300608377752912e-05,8,2,2025-11-18
KLAC/ISRG,KLAC,ISRG,balanced,-258.8455617368544,-0.1495384908874594,-1.539622499250595,3.681745233164833e-08,8,2,2025-11-18
ON/BSX,ON,BSX,slow_rebalance,2735.300000000006,0.7598024659795692,-1.7996404910215773,0.9999999999884222,10,2,2025-11-18
ON/FMC,ON,FMC,slow_rebalance,-714.2199999999996,-1.2084094578431965,-1.7996404910215773,0.0006851683769994348,2,2,2025-11-18
LRCX/CAG,LRCX,CAG,slow_rebalance,2390.874203296154,0.68253647488196,-1.7996404910215773,0.9999999999986477,20,2,2025-11-18
LRCX/JKHY,LRCX,JKHY,slow_rebalance,-1232.933236886606,-0.36568467839528745,-1.7996404910215773,3.718975029625358e-14,12,2,2025-11-18
CSCO/HII,CSCO,HII,slow_rebalance,-2052.426967756677,-1.1115002948486332,-1.7996404910215773,1.0941960060754653e-05,6,2,2025-11-18
CSCO/GIS,CSCO,GIS,slow_rebalance,744.9176571557884,0.34098854147007623,-1.7996404910215773,0.9997187528354059,20,2,2025-11-18
AKAM/RMD,AKAM,RMD,slow_rebalance,142.1605710103739,0.13206401338946605,-1.7996404910215773,0.7551608332832422,4,2,2025-11-18
AKAM/ULTA,AKAM,ULTA,slow_rebalance,694.039999999998,0.3373226651586112,-1.7996404910215773,0.9998753404610542,12,2,2025-11-18
BWA/INTU,BWA,INTU,slow_rebalance,-2058.99440152574,-0.6197659164294687,-1.7996404910215773,3.6737598761289865e-08,12,2,2025-11-18
BWA/MKTX,BWA,MKTX,slow_rebalance,3036.337186715255,1.3182803544987733,-1.7996404910215773,0.9999999901447627,10,2,2025-11-18
STLD/REGN,STLD,REGN,slow_rebalance,-928.6088610961895,-0.8718746761206713,-1.7996404910215773,2.8429091821595787e-10,8,2,2025-11-18
STLD/CMCSA,STLD,CMCSA,slow_rebalance,2304.879234896174,1.232778340122887,-1.7996404910215773,0.9999999999999993,8,2,2025-11-18
NUE/PYPL,NUE,PYPL,slow_rebalance,1714.183586417018,0.49793732530996887,-1.7996404910215773,0.9985453267501726,8,2,2025-11-18
NUE/NFLX,NUE,NFLX,slow_rebalance,1755.498996150075,0.6057025472971421,-1.7996404910215773,0.999992373400995,6,2,2025-11-18
KLAC/ISRG,KLAC,ISRG,slow_rebalance,-2440.816790893195,-1.0315386662355692,-1.7996404910215773,0.0005594681697922352,8,2,2025-11-18
ON/BSX,ON,BSX,entry_filter_kalman,161.8000000000005,0.05449575652939713,-1.82038531143478,0.15168065831199112,12,2,2025-11-18
ON/FMC,ON,FMC,entry_filter_kalman,-3502.324823310317,-0.8202297309522246,-1.82038531143478,0.004005248775561327,4,2,2025-11-18
LRCX/CAG,LRCX,CAG,entry_filter_kalman,1875.66477893396,0.4406364758629219,-1.82038531143478,0.9999994837430038,20,2,2025-11-18
LRCX/JKHY,LRCX,JKHY,entry_filter_kalman,618.8183930282539,0.16256619034177178,-1.82038531143478,0.8603325030196673,18,2,2025-11-18
CSCO/HII,CSCO,HII,entry_filter_kalman,-1379.601624017399,-0.731193093020425,-1.82038531143478,9.193460384237496e-09,10,2,2025-11-18
CSCO/GIS,CSCO,GIS,entry_filter_kalman,673.8498167826189,0.3178026391360733,-1.82038531143478,0.9990059950368113,20,2,2025-11-18
AKAM/RMD,AKAM,RMD,entry_filter_kalman,-695.3622436448875,-0.6309649690254711,-1.82038531143478,0.0002368973611242647,4,2,2025-11-18
AKAM/ULTA,AKAM,ULTA,entry_filter_kalman,-1283.759999999996,-1.2544439310016842,-1.82038531143478,2.1187647360302645e-11,10,2,2025-11-18
BWA/INTU,BWA,INTU,entry_filter_kalman,-1199.548702752022,-0.28801329406905696,-1.82038531143478,3.0377536977056294e-07,14,2,2025-11-18
BWA/MKTX,BWA,MKTX,entry_filter_kalman,2911.321971759539,1.2769303891993233,-1.82038531143478,0.9999999999828671,10,2,2025-11-18
STLD/REGN,STLD,REGN,entry_filter_kalman,-1669.473840435291,-1.065171890645551,-1.82038531143478,6.627920213462093e-16,8,2,2025-11-18
STLD/CMCSA,STLD,CMCSA,entry_filter_kalman,2286.704389895007,1.4634524676654397,-1.82038531143478,0.9999999999999992,8,2,2025-11-18
NUE/PYPL,NUE,PYPL,entry_filter_kalman,1487.494822478631,0.31846493427794276,-1.82038531143478,0.9977429887777112,8,2,2025-11-18
NUE/NFLX,NUE,NFLX,entry_filter_kalman,-103.0853101171322,-0.02853063086360647,-1.82038531143478,0.0040160474825514094,6,2,2025-11-18
KLAC/ISRG,KLAC,ISRG,entry_filter_kalman,-1877.179958993156,-0.6926836638444871,-1.82038531143478,1.917602353634091e-07,8,2,2025-11-18
ON/BSX,ON,BSX,entry_threshold_strong,169.3000000000031,0.05686365062541327,-1.828837516496789,0.1633480500725666,12,2,2025-11-18
ON/FMC,ON,FMC,entry_threshold_strong,-3480.202547495759,-0.8248072946333652,-1.828837516496789,0.004214927768894175,4,2,2025-11-18
LRCX/CAG,LRCX,CAG,entry_threshold_strong,1811.317610114781,0.43239002842007757,-1.828837516496789,0.9999991342696599,20,2,2025-11-18
LRCX/JKHY,LRCX,JKHY,entry_threshold_strong,564.7424988336145,0.14934101533304953,-1.828837516496789,0.800961900852625,18,2,2025-11-18
CSCO/HII,CSCO,HII,entry_threshold_strong,-1387.285526503812,-0.732875716460309,-1.828837516496789,7.789183689299393e-09,10,2,2025-11-18
CSCO/GIS,CSCO,GIS,entry_threshold_strong,664.0399389073169,0.31317048538496634,-1.828837516496789,0.9989131019395129,20,2,2025-11-18
AKAM/RMD,AKAM,RMD,entry_threshold_strong,-695.3622436448875,-0.6309649690254711,-1.828837516496789,0.0002368973611242647,4,2,2025-11-18
AKAM/ULTA,AKAM,ULTA,entry_threshold_strong,-1283.759999999996,-1.2544439310016842,-1.828837516496789,2.1187647360302645e-11,10,2,2025-11-18
BWA/INTU,BWA,INTU,entry_threshold_strong,-1188.715211194173,-0.284850931421332,-1.828837516496789,3.1681015051429586e-07,14,2,2025-11-18
BWA/MKTX,BWA,MKTX,entry_threshold_strong,2894.722303845598,1.270721719430187,-1.828837516496789,0.9999999999808892,10,2,2025-11-18
STLD/REGN,STLD,REGN,entry_threshold_strong,-1665.273848403368,-1.0662183719601517,-1.828837516496789,7.260941105024586e-16,8,2,2025-11-18
STLD/CMCSA,STLD,CMCSA,entry_threshold_strong,2291.521114789004,1.4957578206530027,-1.828837516496789,0.9999999999999986,8,2,2025-11-18
NUE/PYPL,NUE,PYPL,entry_threshold_strong,1600.107300759291,0.3418840856308175,-1.828837516496789,0.9992697949412693,8,2,2025-11-18
NUE/NFLX,NUE,NFLX,entry_threshold_strong,-96.76760503761466,-0.026821714094515444,-1.828837516496789,0.004428468989982303,6,2,2025-11-18
KLAC/ISRG,KLAC,ISRG,entry_threshold_strong,-1877.179958993156,-0.6926836638444871,-1.828837516496789,1.917602353634091e-07,8,2,2025-11-18
ON/BSX,ON,BSX,raw_momentum_kalman,2409.319999999997,1.0631521296693318,-1.9806553427523856,0.9999999338921188,10,2,2025-11-18
ON/FMC,ON,FMC,raw_momentum_kalman,-3323.004823310318,-0.7917484901417813,-1.9806553427523856,0.0049756344689893765,2,2,2025-11-18
LRCX/CAG,LRCX,CAG,raw_momentum_kalman,1048.011684721101,0.2556679888888422,-1.9806553427523856,0.9941851489409189,22,2,2025-11-18
LRCX/JKHY,LRCX,JKHY,raw_momentum_kalman,-1519.745343657991,-0.47121156818523874,-1.9806553427523856,1.8990959524492545e-15,16,2,2025-11-18
CSCO/HII,CSCO,HII,raw_momentum_kalman,-14.90268439610986,-0.017016230526651334,-1.9806553427523856,0.0073209846212380246,8,2,2025-11-18
CSCO/GIS,CSCO,GIS,raw_momentum_kalman,-325.0574983959724,-0.21190224656116444,-1.9806553427523856,8.188449305192048e-10,14,2,2025-11-18
AKAM/RMD,AKAM,RMD,raw_momentum_kalman,-390.6782875601502,-0.928312943581085,-1.9806553427523856,0.00015358253070177894,2,2,2025-11-18
AKAM/ULTA,AKAM,ULTA,raw_momentum_kalman,-1146.209999999994,-1.0146798545932931,-1.9806553427523856,1.1380059738434254e-14,10,2,2025-11-18
BWA/INTU,BWA,INTU,raw_momentum_kalman,87.93665239807353,0.060156378404508916,-1.9806553427523856,0.1643408476723482,10,2,2025-11-18
BWA/MKTX,BWA,MKTX,raw_momentum_kalman,2537.475708602917,1.2266271239731916,-1.9806553427523856,0.9999999841585844,10,2,2025-11-18
STLD/REGN,STLD,REGN,raw_momentum_kalman,-13.97122852392391,-0.7917484901417817,-1.9806553427523856,0.004975634468989433,2,2,2025-11-18
STLD/CMCSA,STLD,CMCSA,raw_momentum_kalman,1986.29601555281,1.1171536298284148,-1.9806553427523856,0.9999999999989797,8,2,2025-11-18
NUE/PYPL,NUE,PYPL,raw_momentum_kalman,1914.846353733813,0.47554467055925065,-1.9806553427523856,0.9995847606097853,10,2,2025-11-18
NUE/NFLX,NUE,NFLX,raw_momentum_kalman,146.2720323164776,0.041649268210868465,-1.9806553427523856,0.11252780854420896,8,2,2025-11-18
KLAC/ISRG,KLAC,ISRG,raw_momentum_kalman,-2079.03095478009,-0.7801408332875179,-1.9806553427523856,1.100058308118677e-06,8,2,2025-11-18
ON/BSX,ON,BSX,raw_momentum,2440.04,1.0680373558310872,-2.145949247470305,0.9999999418465563,10,2,2025-11-18
ON/FMC,ON,FMC,raw_momentum,-3290.642547495759,-0.7917484901417822,-2.145949247470305,0.004975634468989477,2,2,2025-11-18
LRCX/CAG,LRCX,CAG,raw_momentum,1820.266258483082,0.6078058832074299,-2.145949247470305,0.999999960857596,18,2,2025-11-18
LRCX/JKHY,LRCX,JKHY,raw_momentum,-977.5955714557454,-0.4619912449421479,-2.145949247470305,1.2940672083274955e-14,12,2,2025-11-18
CSCO/HII,CSCO,HII,raw_momentum,274.1255784923829,0.26879412314187934,-2.145949247470305,0.9978197033438012,8,2,2025-11-18
CSCO/GIS,CSCO,GIS,raw_momentum,-300.4737720366293,-0.19647641696693838,-2.145949247470305,2.9832367034853726e-09,14,2,2025-11-18
AKAM/RMD,AKAM,RMD,raw_momentum,-390.6782875601502,-0.928312943581085,-2.145949247470305,0.00015358253070177894,2,2,2025-11-18
AKAM/ULTA,AKAM,ULTA,raw_momentum,-1153.829999999996,-1.0195655779213482,-2.145949247470305,1.0154744910629226e-14,10,2,2025-11-18
BWA/INTU,BWA,INTU,raw_momentum,-74.74233166286433,-0.05505219812936855,-2.145949247470305,0.002669942206192218,8,2,2025-11-18
BWA/MKTX,BWA,MKTX,raw_momentum,2487.521274552402,1.203607448772495,-2.145949247470305,0.9999999840629926,10,2,2025-11-18
STLD/REGN,STLD,REGN,raw_momentum,-13.97122852392391,-0.7917484901417817,-2.145949247470305,0.004975634468989433,2,2,2025-11-18
STLD/CMCSA,STLD,CMCSA,raw_momentum,1382.640000000001,0.9890678553349634,-2.145949247470305,0.9999999999877602,6,2,2025-11-18
NUE/PYPL,NUE,PYPL,raw_momentum,2104.214153654,0.5301790096838007,-2.145949247470305,0.9999201103379638,10,2,2025-11-18
NUE/NFLX,NUE,NFLX,raw_momentum,146.2720323164776,0.041649268210868465,-2.145949247470305,0.11252780854420896,6,2,2025-11-18
KLAC/ISRG,KLAC,ISRG,raw_momentum,-2162.801598349572,-0.8122981060688159,-2.145949247470305,1.488515107638723e-06,8,2,2025-11-18
ON/BSX,ON,BSX,fast_strict,178.2200000000045,0.07144356012585472,-2.3399815910664867,0.2571394655189694,20,2,2025-11-18
ON/FMC,ON,FMC,fast_strict,652.7664064309072,0.5456608953921589,-2.3399815910664867,0.9999999779615348,12,2,2025-11-18
LRCX/CAG,LRCX,CAG,fast_strict,1239.018839858564,0.562718368103305,-2.3399815910664867,0.9999999985609925,34,2,2025-11-18
LRCX/JKHY,LRCX,JKHY,fast_strict,1574.550155292092,0.5912783011563811,-2.3399815910664867,0.9999999496666918,22,2,2025-11-18
CSCO/HII,CSCO,HII,fast_strict,-735.6932900979596,-0.6954143239737091,-2.3399815910664867,7.90960558038856e-16,14,2,2025-11-18
CSCO/GIS,CSCO,GIS,fast_strict,1313.678576308264,1.0841162308632086,-2.3399815910664867,0.9999999999999999,24,2,2025-11-18
AKAM/RMD,AKAM,RMD,fast_strict,293.9403986756628,0.33820370440865544,-2.3399815910664867,0.9993492374432998,10,2,2025-11-18
AKAM/ULTA,AKAM,ULTA,fast_strict,1154.690000000001,0.7896442066120595,-2.3399815910664867,0.9999782684157443,18,2,2025-11-18
BWA/INTU,BWA,INTU,fast_strict,396.0750756538762,0.4179596104960218,-2.3399815910664867,0.9999199839705321,14,2,2025-11-18
BWA/MKTX,BWA,MKTX,fast_strict,-160.3733455153893,-0.0937582607582486,-2.3399815910664867,0.00015314664278411877,24,2,2025-11-18
STLD/REGN,STLD,REGN,fast_strict,-1014.575502849533,-1.03665664613214,-2.3399815910664867,9.725141973593812e-11,10,2,2025-11-18
STLD/CMCSA,STLD,CMCSA,fast_strict,628.681399246164,0.7901898030390113,-2.3399815910664867,0.99999999978999,10,2,2025-11-18
NUE/PYPL,NUE,PYPL,fast_strict,555.0570302643105,0.17718231971987594,-2.3399815910664867,0.8455583951029506,6,2,2025-11-18
NUE/NFLX,NUE,NFLX,fast_strict,936.7968532050438,0.27260014490724954,-2.3399815910664867,0.9767330433303075,14,2,2025-11-18
KLAC/ISRG,KLAC,ISRG,fast_strict,-576.7082115342962,-0.3051411056652497,-2.3399815910664867,7.169482377259591e-09,14,2,2025-11-18
ON/BSX,ON,BSX,crash_defensive,414.0200000000053,0.20136477759090762,-2.6473381238557585,0.9234082237846768,14,2,2025-11-18
ON/FMC,ON,FMC,crash_defensive,594.8787262521199,0.17488614094149801,-2.6473381238557585,0.8600918446648369,6,2,2025-11-18
LRCX/CAG,LRCX,CAG,crash_defensive,1333.820743545475,0.6319217417687581,-2.6473381238557585,0.9999999995370041,22,2,2025-11-18
LRCX/JKHY,LRCX,JKHY,crash_defensive,360.8926201828434,0.19046212998298168,-2.6473381238557585,0.9370228079656969,18,2,2025-11-18
CSCO/HII,CSCO,HII,crash_defensive,-868.7031958877726,-0.9251611130628573,-2.6473381238557585,2.484235888250809e-08,12,2,2025-11-18
CSCO/GIS,CSCO,GIS,crash_defensive,66.07225589259923,0.06596280530929581,-2.6473381238557585,0.23477312989026305,24,2,2025-11-18
AKAM/RMD,AKAM,RMD,crash_defensive,-309.0906370700549,-0.5589680330220712,-2.6473381238557585,0.0001930662206452394,6,2,2025-11-18
AKAM/ULTA,AKAM,ULTA,crash_defensive,-594.8500000000006,-1.1430417783394566,-2.6473381238557585,7.177959036549048e-12,12,2,2025-11-18
BWA/INTU,BWA,INTU,crash_defensive,-1068.166146735612,-0.6103517166234975,-2.6473381238557585,3.0699035055431914e-09,14,2,2025-11-18
BWA/MKTX,BWA,MKTX,crash_defensive,1498.594209492941,1.299124405299705,-2.6473381238557585,0.9999999987508759,12,2,2025-11-18
STLD/REGN,STLD,REGN,crash_defensive,-525.7145744728327,-0.7085137113094743,-2.6473381238557585,7.441556315334356e-15,8,2,2025-11-18
STLD/CMCSA,STLD,CMCSA,crash_defensive,1024.424536445239,1.6396556652655945,-2.6473381238557585,0.9999999999995829,10,2,2025-11-18
NUE/PYPL,NUE,PYPL,crash_defensive,399.3480814850504,0.11662562264236477,-2.6473381238557585,0.58392677009641,12,2,2025-11-18
NUE/NFLX,NUE,NFLX,crash_defensive,345.6158838094952,0.10272631322075056,-2.6473381238557585,0.49049457765719817,10,2,2025-11-18
KLAC/ISRG,KLAC,ISRG,crash_defensive,-264.3039300654088,-0.3330601661827079,-2.6473381238557585,3.987701445240808e-10,8,2,2025-11-18
ON/BSX,ON,BSX,sensitive_reversal,1595.759999999999,0.5959862011055257,-2.752762336952748,0.9999992974490206,14,2,2025-11-18
ON/FMC,ON,FMC,sensitive_reversal,-3436.36254749576,-0.8265311166438002,-2.752762336952748,0.005355675237894385,6,2,2025-11-18
LRCX/CAG,LRCX,CAG,sensitive_reversal,-855.6307865098721,-0.3383380508520342,-2.752762336952748,5.180869124247398e-16,32,2,2025-11-18
LRCX/JKHY,LRCX,JKHY,sensitive_reversal,602.0824165490405,0.1759565324977122,-2.752762336952748,0.8961799530684185,22,2,2025-11-18
CSCO/HII,CSCO,HII,sensitive_reversal,-1112.999491396805,-1.000840004767066,-2.752762336952748,4.148636601142955e-10,12,2,2025-11-18
CSCO/GIS,CSCO,GIS,sensitive_reversal,1560.607822012782,0.8267170461187879,-2.752762336952748,0.9999999818318474,32,2,2025-11-18
AKAM/RMD,AKAM,RMD,sensitive_reversal,-685.5765687799992,-0.6188805674177035,-2.752762336952748,0.00021081351244293966,8,2,2025-11-18
AKAM/ULTA,AKAM,ULTA,sensitive_reversal,-1015.939999999997,-1.0948981089198702,-2.752762336952748,1.1141914508315677e-08,12,2,2025-11-18
BWA/INTU,BWA,INTU,sensitive_reversal,-523.1800654875374,-0.3391135445719129,-2.752762336952748,1.3178203490952522e-06,14,2,2025-11-18
BWA/MKTX,BWA,MKTX,sensitive_reversal,2379.364998120196,1.0409131320076033,-2.752762336952748,0.9999998858608181,18,2,2025-11-18
STLD/REGN,STLD,REGN,sensitive_reversal,-1263.117959569958,-0.8592913460205138,-2.752762336952748,2.04457320306657e-13,8,2,2025-11-18
STLD/CMCSA,STLD,CMCSA,sensitive_reversal,946.9292615893046,0.7106202639650067,-2.752762336952748,0.9999999995081997,12,2,2025-11-18
NUE/PYPL,NUE,PYPL,sensitive_reversal,77.45604256182514,0.022287155629460046,-2.752762336952748,0.0524185174592761,16,2,2025-11-18
NUE/NFLX,NUE,NFLX,sensitive_reversal,1143.757791881322,0.3417778481568152,-2.752762336952748,0.9892789985581717,8,2,2025-11-18
KLAC/ISRG,KLAC,ISRG,sensitive_reversal,-2859.232766007294,-1.2478905073694992,-2.752762336952748,0.0007295953977241411,12,2,2025-11-18
ON/BSX,ON,BSX,vol_sized_conservative,728.410000000002,0.61407807829838,-4.481448884167222,0.9999960818534845,10,2,2025-11-18
ON/FMC,ON,FMC,vol_sized_conservative,458.6548981195497,0.18046191472126488,-4.481448884167222,0.8751728097266425,6,2,2025-11-18
LRCX/CAG,LRCX,CAG,vol_sized_conservative,903.2576016958094,0.7343828209046881,-4.481448884167222,0.9999999999952671,22,2,2025-11-18
LRCX/JKHY,LRCX,JKHY,vol_sized_conservative,-315.9559252326914,-0.244580602030672,-4.481448884167222,8.181687394878157e-11,18,2,2025-11-18
CSCO/HII,CSCO,HII,vol_sized_conservative,-520.2157824576713,-0.7863981320612662,-4.481448884167222,8.118118729358634e-07,10,2,2025-11-18
CSCO/GIS,CSCO,GIS,vol_sized_conservative,336.684929878049,0.43717322386209345,-4.481448884167222,0.9999852825326369,24,2,2025-11-18
AKAM/RMD,AKAM,RMD,vol_sized_conservative,-287.011515551364,-0.7004823125612283,-4.481448884167222,0.00026092637496850864,6,2,2025-11-18
AKAM/ULTA,AKAM,ULTA,vol_sized_conservative,-345.6899999999993,-0.9477993283688027,-4.481448884167222,8.107192916986391e-10,10,2,2025-11-18
BWA/INTU,BWA,INTU,vol_sized_conservative,-540.2476623085392,-0.5730894941318114,-4.481448884167222,3.302789052690802e-10,14,2,2025-11-18
BWA/MKTX,BWA,MKTX,vol_sized_conservative,965.6835792982889,1.144776183257597,-4.481448884167222,0.9999999845286641,12,2,2025-11-18
STLD/REGN,STLD,REGN,vol_sized_conservative,-426.4770707532285,-0.8347047965352523,-4.481448884167222,3.642936198934904e-11,6,2,2025-11-18
STLD/CMCSA,STLD,CMCSA,vol_sized_conservative,763.2898620637369,1.6410671942336563,-4.481448884167222,0.9999999999992322,10,2,2025-11-18
NUE/PYPL,NUE,PYPL,vol_sized_conservative,379.029567394108,0.2162947736950017,-4.481448884167222,0.9375528771956894,12,2,2025-11-18
NUE/NFLX,NUE,NFLX,vol_sized_conservative,248.1100359108261,0.14564695685673293,-4.481448884167222,0.7450992687539062,8,2,2025-11-18
KLAC/ISRG,KLAC,ISRG,vol_sized_conservative,-186.750447549057,-0.31701972351574764,-4.481448884167222,3.3421282512297663e-10,8,2,2025-11-18
ON/BSX,ON,BSX,conservative,304.0100000000016,0.26142985312841976,-4.86672671131869,0.9896833298025036,14,2,2025-11-18
ON/FMC,ON,FMC,conservative,460.0548981195498,0.1810128729828402,-4.86672671131869,0.8763856705998079,6,2,2025-11-18
LRCX/CAG,LRCX,CAG,conservative,1367.185681103656,1.425189003702489,-4.86672671131869,0.9999999999999896,24,2,2025-11-18
LRCX/JKHY,LRCX,JKHY,conservative,227.7426451654038,0.1744135068088364,-4.86672671131869,0.8931407987554406,18,2,2025-11-18
CSCO/HII,CSCO,HII,conservative,-541.3684642547735,-0.8103364449734167,-4.86672671131869,6.383422811627938e-07,12,2,2025-11-18
CSCO/GIS,CSCO,GIS,conservative,799.1795031326171,1.2673029867250916,-4.86672671131869,1.0,24,2,2025-11-18
AKAM/RMD,AKAM,RMD,conservative,-205.5588579825394,-0.510827165877945,-4.86672671131869,0.0004183862729137908,6,2,2025-11-18
AKAM/ULTA,AKAM,ULTA,conservative,-356.8299999999998,-1.0083691889108877,-4.86672671131869,7.419838846713628e-09,12,2,2025-11-18
BWA/INTU,BWA,INTU,conservative,-823.918939208466,-1.0461853561039973,-4.86672671131869,2.516529526168925e-09,14,2,2025-11-18
BWA/MKTX,BWA,MKTX,conservative,993.0045885163992,1.2745104189287346,-4.86672671131869,0.9999994971492236,14,2,2025-11-18
STLD/REGN,STLD,REGN,conservative,-382.92928653392,-0.6818401522263516,-4.86672671131869,5.462117273696218e-14,8,2,2025-11-18
STLD/CMCSA,STLD,CMCSA,conservative,294.6688340560987,0.7104595575558693,-4.86672671131869,0.9999997646346376,10,2,2025-11-18
NUE/PYPL,NUE,PYPL,conservative,0.7775840288582003,0.0004517459597272695,-4.86672671131869,0.018995222151732473,12,2,2025-11-18
NUE/NFLX,NUE,NFLX,conservative,404.1006875645385,0.24242965313608705,-4.86672671131869,0.9545989201565155,10,2,2025-11-18
KLAC/ISRG,KLAC,ISRG,conservative,-400.2260398646856,-0.9046865698379474,-4.86672671131869,5.9033633516165636e-06,10,2,2025-11-18
ON/BSX,ON,BSX,monthly_aligned_windows,-2676.81999999999,-0.4370186585021305,0.4515777880597105,1.754444942350557e-11,30,3,2025-12-29
ON/FMC,ON,FMC,monthly_aligned_windows,-2403.906382970096,-0.4448697962619837,0.4515777880597105,1.6311616870552883e-07,28,3,2025-12-29
LRCX/CAG,LRCX,CAG,monthly_aligned_windows,11597.59024365684,2.5525515743477927,0.4515777880597105,1.0,28,3,2025-12-29
LRCX/JKHY,LRCX,JKHY,monthly_aligned_windows,2342.969746088017,0.26482450650434797,0.4515777880597105,0.9975746768604583,30,3,2025-12-29
CSCO/HII,CSCO,HII,monthly_aligned_windows,12477.68165679973,0.838092446097935,0.4515777880597105,0.9849005582813675,28,3,2025-12-29
CSCO/GIS,CSCO,GIS,monthly_aligned_windows,8090.871233109288,1.3322979975629483,0.4515777880597105,0.9999971093152137,30,3,2025-12-29
AKAM/RMD,AKAM,RMD,monthly_aligned_windows,-2866.32601763807,-0.8259863837653688,0.4515777880597105,1.2437818493857407e-06,28,3,2025-12-29
AKAM/ULTA,AKAM,ULTA,monthly_aligned_windows,-1544.220000000003,-0.4030730270884559,0.4515777880597105,1.7684342785821277e-12,24,3,2025-12-29
BWA/INTU,BWA,INTU,monthly_aligned_windows,-3754.699975885066,-0.9838645528504956,0.4515777880597105,1.7972390490974139e-22,28,3,2025-12-29
BWA/MKTX,BWA,MKTX,monthly_aligned_windows,4394.870470260013,0.8961409769832167,0.4515777880597105,1.0,28,3,2025-12-29
STLD/REGN,STLD,REGN,monthly_aligned_windows,14020.75064807019,1.140225408714155,0.4515777880597105,0.9996523918589352,28,3,2025-12-29
STLD/CMCSA,STLD,CMCSA,monthly_aligned_windows,-545.7659094137534,-0.1348849264267582,0.4515777880597105,1.8334395546717798e-07,28,3,2025-12-29
NUE/PYPL,NUE,PYPL,monthly_aligned_windows,186.4150748198593,0.05186545383358671,0.4515777880597105,0.18417648556262362,28,3,2025-12-29
NUE/NFLX,NUE,NFLX,monthly_aligned_windows,3121.482146932856,0.6818368246988149,0.4515777880597105,0.9999999999985593,30,3,2025-12-29
KLAC/ISRG,KLAC,ISRG,monthly_aligned_windows,509.0649328940625,0.16438167042876667,0.4515777880597105,0.8355231157381141,30,3,2025-12-29
ON/BSX,ON,BSX,kalman_aggressive,2809.330000000008,0.28945017948970664,-0.0641401582916928,0.9997220150987263,42,3,2025-12-29
ON/FMC,ON,FMC,kalman_aggressive,5273.951930595384,0.6030882058933136,-0.0641401582916928,0.9999999998674622,42,3,2025-12-29
LRCX/CAG,LRCX,CAG,kalman_aggressive,11066.22289026853,1.1486134459196138,-0.0641401582916928,1.0,40,3,2025-12-29
LRCX/JKHY,LRCX,JKHY,kalman_aggressive,4476.244036144657,0.5678859347648324,-0.0641401582916928,0.9999999371169414,44,3,2025-12-29
CSCO/HII,CSCO,HII,kalman_aggressive,-164.7322699905185,-0.022836714468070746,-0.0641401582916928,0.005953674797008141,40,3,2025-12-29
CSCO/GIS,CSCO,GIS,kalman_aggressive,9894.373563264262,1.6608812951608602,-0.0641401582916928,1.0,46,3,2025-12-29
AKAM/RMD,AKAM,RMD,kalman_aggressive,950.2691858006343,0.2171565478406109,-0.0641401582916928,0.987750874385508,38,3,2025-12-29
AKAM/ULTA,AKAM,ULTA,kalman_aggressive,-2935.969999999998,-0.5237357396149266,-0.0641401582916928,1.1684209435865944e-15,40,3,2025-12-29
BWA/INTU,BWA,INTU,kalman_aggressive,-8431.390752355364,-1.0967993687754927,-0.0641401582916928,4.311699330703437e-21,40,3,2025-12-29
BWA/MKTX,BWA,MKTX,kalman_aggressive,6123.908583786753,0.8774572546677756,-0.0641401582916928,1.0,36,3,2025-12-29
STLD/REGN,STLD,REGN,kalman_aggressive,-4229.597263400029,-0.5348112773641521,-0.0641401582916928,3.6330815482429756e-19,38,3,2025-12-29
STLD/CMCSA,STLD,CMCSA,kalman_aggressive,1379.98763997617,0.21026417154228702,-0.0641401582916928,0.9859455572502152,42,3,2025-12-29
NUE/PYPL,NUE,PYPL,kalman_aggressive,181.5043754439992,0.020321443039224143,-0.0641401582916928,0.04899791331588317,34,3,2025-12-29
NUE/NFLX,NUE,NFLX,kalman_aggressive,-1884.073317300543,-0.21153859729463417,-0.0641401582916928,1.116357674473797e-09,46,3,2025-12-29
KLAC/ISRG,KLAC,ISRG,kalman_aggressive,1176.423409779494,0.1447473617942092,-0.0641401582916928,0.7659279528112918,42,3,2025-12-29
ON/BSX,ON,BSX,beta_neutral_long_term,2946.960000000005,0.7595303870668099,-0.1254240939351708,0.9999999999997904,10,3,2025-12-29
ON/FMC,ON,FMC,beta_neutral_long_term,1828.599999999998,0.5880350815674465,-0.1254240939351708,0.9954512975188684,2,3,2025-12-29
LRCX/CAG,LRCX,CAG,beta_neutral_long_term,7247.886086071213,1.2049196304379182,-0.1254240939351708,0.9999999999999999,16,3,2025-12-29
LRCX/JKHY,LRCX,JKHY,beta_neutral_long_term,5750.350786488077,1.113595090099235,-0.1254240939351708,0.9999999988240277,10,3,2025-12-29
CSCO/HII,CSCO,HII,beta_neutral_long_term,1100.929644523414,0.7248004753297241,-0.1254240939351708,0.9999999802959236,6,3,2025-12-29
CSCO/GIS,CSCO,GIS,beta_neutral_long_term,-525.6778388829857,-0.21441394446989173,-0.1254240939351708,5.662748063206974e-13,16,3,2025-12-29
AKAM/RMD,AKAM,RMD,beta_neutral_long_term,-472.2654846524011,-0.5395156799330125,-0.1254240939351708,2.5364433392325965e-15,8,3,2025-12-29
AKAM/ULTA,AKAM,ULTA,beta_neutral_long_term,1128.060000000004,0.3725764853144098,-0.1254240939351708,0.9993876864853614,8,3,2025-12-29
BWA/INTU,BWA,INTU,beta_neutral_long_term,-345.249930492166,-0.26296158255719987,-0.1254240939351708,2.53261947555684e-11,6,3,2025-12-29
BWA/MKTX,BWA,MKTX,beta_neutral_long_term,4066.499165304083,1.7782548794846007,-0.1254240939351708,0.9999999976729833,6,3,2025-12-29
STLD/REGN,STLD,REGN,beta_neutral_long_term,-803.9896546649575,-1.1663335494624711,-0.1254240939351708,4.6922588341890955e-05,2,3,2025-12-29
STLD/CMCSA,STLD,CMCSA,beta_neutral_long_term,1323.161583364941,0.4699372166235591,-0.1254240939351708,0.9999999991697504,8,3,2025-12-29
NUE/PYPL,NUE,PYPL,beta_neutral_long_term,1494.815504775534,1.1630949146165093,-0.1254240939351708,0.9999999052616302,8,3,2025-12-29
NUE/NFLX,NUE,NFLX,beta_neutral_long_term,1228.909410556636,0.621325309883106,-0.1254240939351708,0.9999999999981228,12,3,2025-12-29
KLAC/ISRG,KLAC,ISRG,beta_neutral_long_term,1276.575596247246,0.6180814326767119,-0.1254240939351708,0.9998401976060549,6,3,2025-12-29
ON/BSX,ON,BSX,aggressive,-2536.179999999991,-0.23429130672449106,-0.2434308219226608,7.239318693177994e-12,40,3,2025-12-29
ON/FMC,ON,FMC,aggressive,-9912.332692719714,-0.7350108739715366,-0.2434308219226608,2.24714094116341e-08,44,3,2025-12-29
LRCX/CAG,LRCX,CAG,aggressive,23497.72797081142,1.933878160908184,-0.2434308219226608,1.0,36,3,2025-12-29
LRCX/JKHY,LRCX,JKHY,aggressive,4739.602325672669,0.4208612199498943,-0.2434308219226608,0.9999999856449404,42,3,2025-12-29
CSCO/HII,CSCO,HII,aggressive,3039.987428238375,0.3855411113012535,-0.2434308219226608,0.9999900611394941,38,3,2025-12-29
CSCO/GIS,CSCO,GIS,aggressive,10098.55003011159,1.427484950535861,-0.2434308219226608,1.0,44,3,2025-12-29
AKAM/RMD,AKAM,RMD,aggressive,-197.9065944898877,-0.03661298209116247,-0.2434308219226608,0.0025754837794919826,34,3,2025-12-29
AKAM/ULTA,AKAM,ULTA,aggressive,-4805.289999999995,-0.7629285481452777,-0.2434308219226608,6.033661918532343e-10,38,3,2025-12-29
BWA/INTU,BWA,INTU,aggressive,-6827.252572268792,-0.7009674891239073,-0.2434308219226608,5.372374468509958e-19,38,3,2025-12-29
BWA/MKTX,BWA,MKTX,aggressive,6108.52393684551,0.7407462579831814,-0.2434308219226608,1.0,34,3,2025-12-29
STLD/REGN,STLD,REGN,aggressive,-2678.741239004156,-0.3259443128764462,-0.2434308219226608,5.99868161691986e-19,40,3,2025-12-29
STLD/CMCSA,STLD,CMCSA,aggressive,2248.671106365132,0.3250961645501857,-0.2434308219226608,0.9999936704576623,42,3,2025-12-29
NUE/PYPL,NUE,PYPL,aggressive,1547.645456130889,0.14220427621586873,-0.2434308219226608,0.7678114922661524,32,3,2025-12-29
NUE/NFLX,NUE,NFLX,aggressive,-4481.364185046378,-0.4460757771111982,-0.2434308219226608,3.605274888324554e-21,42,3,2025-12-29
KLAC/ISRG,KLAC,ISRG,aggressive,-3839.386118847934,-0.4241085527560448,-0.2434308219226608,9.430272412242733e-22,42,3,2025-12-29
ON/BSX,ON,BSX,crash_tolerant,2306.150000000006,0.4358559049686255,-0.4956864469266953,0.9999999774091567,16,3,2025-12-29
ON/FMC,ON,FMC,crash_tolerant,912.8749050084757,0.0642128665023034,-0.4956864469266953,0.21441213418042004,8,3,2025-12-29
LRCX/CAG,LRCX,CAG,crash_tolerant,4520.593515324237,0.5012078066489767,-0.4956864469266953,0.9999999808053422,26,3,2025-12-29
LRCX/JKHY,LRCX,JKHY,crash_tolerant,1396.111421176671,0.1777686490273805,-0.4956864469266953,0.9220517890302156,18,3,2025-12-29
CSCO/HII,CSCO,HII,crash_tolerant,-3508.541941445816,-0.8879327403753137,-0.4956864469266953,3.514792873250317e-08,12,3,2025-12-29
CSCO/GIS,CSCO,GIS,crash_tolerant,1572.393877920499,0.3676357643032814,-0.4956864469266953,0.999892107593453,28,3,2025-12-29
AKAM/RMD,AKAM,RMD,crash_tolerant,-1383.542269843745,-0.5672308702695074,-0.4956864469266953,4.0207168667956226e-05,10,3,2025-12-29
AKAM/ULTA,AKAM,ULTA,crash_tolerant,-2646.889999999999,-1.2137377364272877,-0.4956864469266953,1.0184621204701002e-12,12,3,2025-12-29
BWA/INTU,BWA,INTU,crash_tolerant,-2500.340410407472,-0.6987031832395607,-0.4956864469266953,2.6482401353699456e-09,14,3,2025-12-29
BWA/MKTX,BWA,MKTX,crash_tolerant,6083.289500410595,1.2617253737127425,-0.4956864469266953,0.999999998084086,12,3,2025-12-29
STLD/REGN,STLD,REGN,crash_tolerant,-2951.044037310283,-0.9029210451907396,-0.4956864469266953,2.37787968991673e-16,8,3,2025-12-29
STLD/CMCSA,STLD,CMCSA,crash_tolerant,5502.740197681288,1.8877636755571203,-0.4956864469266953,0.9999999999999976,12,3,2025-12-29
NUE/PYPL,NUE,PYPL,crash_tolerant,4069.032902444981,0.7635552960147098,-0.4956864469266953,0.9999999998002208,16,3,2025-12-29
NUE/NFLX,NUE,NFLX,crash_tolerant,1998.981202644379,0.368498651124484,-0.4956864469266953,0.9999270984734505,16,3,2025-12-29
KLAC/ISRG,KLAC,ISRG,crash_tolerant,-1161.597286551853,-0.3197769809765705,-0.4956864469266953,1.2855479687765374e-10,8,3,2025-12-29
ON/BSX,ON,BSX,trend_leverage,1515.569999999995,0.3334803013558737,-0.7234046424173508,0.9999552159504329,16,3,2025-12-29
ON/FMC,ON,FMC,trend_leverage,691.5861787563604,0.06485943914619743,-0.7234046424173508,0.21866300237344183,8,3,2025-12-29
LRCX/CAG,LRCX,CAG,trend_leverage,3419.857767686339,0.5044514175746524,-0.7234046424173508,0.9999999832583787,26,3,2025-12-29
LRCX/JKHY,LRCX,JKHY,trend_leverage,1092.000070399338,0.18521740094425926,-0.7234046424173508,0.9389972440130424,18,3,2025-12-29
CSCO/HII,CSCO,HII,trend_leverage,-2632.254563055688,-0.8876741870076558,-0.7234046424173508,2.894932291185932e-08,12,3,2025-12-29
CSCO/GIS,CSCO,GIS,trend_leverage,1174.683262784714,0.3659275003819917,-0.7234046424173508,0.9998875995987468,28,3,2025-12-29
AKAM/RMD,AKAM,RMD,trend_leverage,-903.5558355132652,-0.503676355122219,-0.7234046424173508,7.482478172474317e-05,8,3,2025-12-29
AKAM/ULTA,AKAM,ULTA,trend_leverage,-2034.719999999998,-1.2450245861241032,-0.7234046424173508,1.1889487892948563e-12,12,3,2025-12-29
BWA/INTU,BWA,INTU,trend_leverage,-2513.457611493079,-0.7240018836170391,-0.7234046424173508,7.078009559903203e-12,14,3,2025-12-29
BWA/MKTX,BWA,MKTX,trend_leverage,4068.938742636241,1.134699997380166,-0.7234046424173508,0.9999999958572887,12,3,2025-12-29
STLD/REGN,STLD,REGN,trend_leverage,-2273.873834198364,-0.9236742036982117,-0.7234046424173508,3.787746944959402e-16,8,3,2025-12-29
STLD/CMCSA,STLD,CMCSA,trend_leverage,4127.475600765015,1.8897007614939827,-0.7234046424173508,0.9999999999999976,12,3,2025-12-29
NUE/PYPL,NUE,PYPL,trend_leverage,3652.06818449471,0.5671549442744365,-0.7234046424173508,0.9999878658133058,16,3,2025-12-29
NUE/NFLX,NUE,NFLX,trend_leverage,2545.8218734684,0.426066013482463,-0.7234046424173508,0.9994897870718213,14,3,2025-12-29
KLAC/ISRG,KLAC,ISRG,trend_leverage,-367.4631953407363,-0.13197088633200985,-0.7234046424173508,1.7601737035116104e-07,8,3,2025-12-29
ON/BSX,ON,BSX,no_reversal_protection,4558.099999999999,1.1344440752439635,-0.7767597353840143,0.9999999999999559,14,3,2025-12-29
ON/FMC,ON,FMC,no_reversal_protection,-3962.88368540304,-0.8723275398695773,-0.7767597353840143,0.0027033267040383335,6,3,2025-12-29
LRCX/CAG,LRCX,CAG,no_reversal_protection,1606.321369375415,0.340868972503115,-0.7767597353840143,0.9999681427273166,26,3,2025-12-29
LRCX/JKHY,LRCX,JKHY,no_reversal_protection,-1471.170209861029,-0.3636770937479526,-0.7767597353840143,1.860218222417693e-18,18,3,2025-12-29
CSCO/HII,CSCO,HII,no_reversal_protection,-918.284030891484,-0.6284617343755518,-0.7767597353840143,3.494092958370799e-18,10,3,2025-12-29
CSCO/GIS,CSCO,GIS,no_reversal_protection,770.2337265980675,0.28831417033607376,-0.7767597353840143,0.9990686004312573,26,3,2025-12-29
AKAM/RMD,AKAM,RMD,no_reversal_protection,-1457.011157938431,-0.9947452317084768,-0.7767597353840143,1.0431135818461398e-07,10,3,2025-12-29
AKAM/ULTA,AKAM,ULTA,no_reversal_protection,150.5400000000009,0.07796570950342364,-0.7767597353840143,0.2620652648378329,12,3,2025-12-29
BWA/INTU,BWA,INTU,no_reversal_protection,-1436.303108826588,-0.6262813961340901,-0.7767597353840143,6.777948002945657e-12,12,3,2025-12-29
BWA/MKTX,BWA,MKTX,no_reversal_protection,2478.547759987249,1.0560771187216467,-0.7767597353840143,0.9999999826491967,12,3,2025-12-29
STLD/REGN,STLD,REGN,no_reversal_protection,-1613.336060091216,-0.9488676714628717,-0.7767597353840143,4.456279914647231e-18,8,3,2025-12-29
STLD/CMCSA,STLD,CMCSA,no_reversal_protection,3877.867342299366,1.9592272049345274,-0.7767597353840143,1.0,10,3,2025-12-29
NUE/PYPL,NUE,PYPL,no_reversal_protection,1648.441281806227,0.372701251111139,-0.7767597353840143,0.9997251169869634,16,3,2025-12-29
NUE/NFLX,NUE,NFLX,no_reversal_protection,10323.00577127122,0.9003051329067272,-0.7767597353840143,0.9911409019270566,14,3,2025-12-29
KLAC/ISRG,KLAC,ISRG,no_reversal_protection,-729.4750584413653,-0.41722642477009214,-0.7767597353840143,1.5089689970052395e-10,8,3,2025-12-29
ON/BSX,ON,BSX,beta_neutral,2747.390000000002,0.7368037516849397,-0.787286593844277,0.9999999999919217,14,3,2025-12-29
ON/FMC,ON,FMC,beta_neutral,-1012.574031893473,-0.24701745459805083,-0.787286593844277,1.523121409953666e-07,8,3,2025-12-29
LRCX/CAG,LRCX,CAG,beta_neutral,4458.120935992722,0.7466412096380842,-0.787286593844277,0.9999999999999979,26,3,2025-12-29
LRCX/JKHY,LRCX,JKHY,beta_neutral,251.334413834559,0.05782000172345943,-0.787286593844277,0.19966666025165997,18,3,2025-12-29
CSCO/HII,CSCO,HII,beta_neutral,-268.4408229776446,-0.2558501309054224,-0.787286593844277,2.9467140410987387e-07,10,3,2025-12-29
CSCO/GIS,CSCO,GIS,beta_neutral,1025.160887450324,0.40911976501762337,-0.787286593844277,0.9993224652253782,28,3,2025-12-29
AKAM/RMD,AKAM,RMD,beta_neutral,-518.4651593266719,-0.4502021417193851,-0.787286593844277,6.605120351286282e-07,10,3,2025-12-29
AKAM/ULTA,AKAM,ULTA,beta_neutral,-650.7099999999998,-0.6355168399562459,-0.787286593844277,9.788099833658484e-18,10,3,2025-12-29
BWA/INTU,BWA,INTU,beta_neutral,-4464.474974435438,-1.1330725918295907,-0.787286593844277,7.841292723197438e-05,14,3,2025-12-29
BWA/MKTX,BWA,MKTX,beta_neutral,2537.345300831699,1.0219065034183148,-0.787286593844277,0.9999970986949936,12,3,2025-12-29
STLD/REGN,STLD,REGN,beta_neutral,-1560.340057914797,-1.0322188296017258,-0.787286593844277,6.9085427070589985e-12,6,3,2025-12-29
STLD/CMCSA,STLD,CMCSA,beta_neutral,4573.204831431296,1.7325134732425778,-0.787286593844277,1.0,12,3,2025-12-29
NUE/PYPL,NUE,PYPL,beta_neutral,6587.478853321294,1.3390059954889704,-0.787286593844277,0.9999999999603835,16,3,2025-12-29
NUE/NFLX,NUE,NFLX,beta_neutral,2880.403515028055,0.7637269435772318,-0.787286593844277,0.9999951746907215,11,3,2025-12-29
KLAC/ISRG,KLAC,ISRG,beta_neutral,-566.2624517845873,-0.22395006650650076,-0.787286593844277,2.768949870583243e-11,8,3,2025-12-29
ON/BSX,ON,BSX,weekly_aligned_windows,4244.799999999998,0.46065826878974686,-0.8128702203782404,0.9999999360744936,80,3,2025-12-29
ON/FMC,ON,FMC,weekly_aligned_windows,5106.38883985433,0.5977088116550746,-0.8128702203782404,0.999888022605586,76,3,2025-12-29
LRCX/CAG,LRCX,CAG,weekly_aligned_windows,5271.452282534993,1.009549586413071,-0.8128702203782404,1.0,88,3,2025-12-29
LRCX/JKHY,LRCX,JKHY,weekly_aligned_windows,3605.73565717424,0.6617683114112624,-0.8128702203782404,1.0,82,3,2025-12-29
CSCO/HII,CSCO,HII,weekly_aligned_windows,3000.698110219439,0.5967584655935051,-0.8128702203782404,0.9999999716725879,74,3,2025-12-29
CSCO/GIS,CSCO,GIS,weekly_aligned_windows,354.4128798749491,0.11842606620587506,-0.8128702203782404,0.6331203723251914,82,3,2025-12-29
AKAM/RMD,AKAM,RMD,weekly_aligned_windows,-912.6944128469647,-0.1916785803423679,-0.8128702203782404,9.139122834687367e-08,72,3,2025-12-29
AKAM/ULTA,AKAM,ULTA,weekly_aligned_windows,-3455.140000000001,-0.7168703914133923,-0.8128702203782404,1.980411763727363e-15,68,3,2025-12-29
BWA/INTU,BWA,INTU,weekly_aligned_windows,-7184.448793990261,-1.0321137304702794,-0.8128702203782404,0.0006342815397210732,80,3,2025-12-29
BWA/MKTX,BWA,MKTX,weekly_aligned_windows,1869.713530990024,0.4189404179676847,-0.8128702203782404,0.9999999995987461,76,3,2025-12-29
STLD/REGN,STLD,REGN,weekly_aligned_windows,-317.8020890963581,-0.06428932167847244,-0.8128702203782404,0.00033230860342599756,80,3,2025-12-29
STLD/CMCSA,STLD,CMCSA,weekly_aligned_windows,-3563.306756075612,-1.0312516409179304,-0.8128702203782404,1.644681762545762e-33,78,3,2025-12-29
NUE/PYPL,NUE,PYPL,weekly_aligned_windows,-1655.153876987877,-0.2636569739341185,-0.8128702203782404,3.187776955642441e-09,88,3,2025-12-29
NUE/NFLX,NUE,NFLX,weekly_aligned_windows,435.675875130274,0.08352336324907882,-0.8128702203782404,0.3584800512224008,80,3,2025-12-29
KLAC/ISRG,KLAC,ISRG,weekly_aligned_windows,-2530.219062443247,-0.4963629213228023,-0.8128702203782404,4.1208374572597766e-11,84,3,2025-12-29
ON/BSX,ON,BSX,no_skip_month,-2774.710000000005,-0.5793208049746201,-1.0689843639778855,7.627594075714435e-10,20,3,2025-12-29
ON/FMC,ON,FMC,no_skip_month,462.1474525042391,0.06501807620032236,-1.0689843639778855,0.2197272474355953,8,3,2025-12-29
LRCX/CAG,LRCX,CAG,no_skip_month,3405.900061192905,0.7635836022765936,-1.0689843639778855,0.999999999998453,26,3,2025-12-29
LRCX/JKHY,LRCX,JKHY,no_skip_month,817.5221035864329,0.20779167818328687,-1.0689843639778855,0.97230388805298,18,3,2025-12-29
CSCO/HII,CSCO,HII,no_skip_month,-232.5508750396098,-0.06464850398236911,-1.0689843639778855,0.00029217700662536054,16,3,2025-12-29
CSCO/GIS,CSCO,GIS,no_skip_month,353.4092378006399,0.13733018084964052,-1.0689843639778855,0.7644693800257973,30,3,2025-12-29
AKAM/RMD,AKAM,RMD,no_skip_month,-1216.46336598589,-0.804987656464448,-1.0689843639778855,5.809330625355387e-08,14,3,2025-12-29
AKAM/ULTA,AKAM,ULTA,no_skip_month,-3611.979999999998,-1.3395932624525169,-1.0689843639778855,0.0014721665097157707,14,3,2025-12-29
BWA/INTU,BWA,INTU,no_skip_month,-498.4323139911351,-0.2880506237905404,-1.0689843639778855,1.8822582737042896e-06,14,3,2025-12-29
BWA/MKTX,BWA,MKTX,no_skip_month,3401.819939387653,1.0551042043842886,-1.0689843639778855,0.9999999999998329,16,3,2025-12-29
STLD/REGN,STLD,REGN,no_skip_month,1531.617638410387,0.3970057468813109,-1.0689843639778855,0.9999799441914782,12,3,2025-12-29
STLD/CMCSA,STLD,CMCSA,no_skip_month,2312.123491602277,1.317258414825887,-1.0689843639778855,1.0,16,3,2025-12-29
NUE/PYPL,NUE,PYPL,no_skip_month,3276.782498190938,1.4492077660658582,-1.0689843639778855,1.0,20,3,2025-12-29
NUE/NFLX,NUE,NFLX,no_skip_month,1324.069193038602,0.5923920451934538,-1.0689843639778855,0.9999996604244017,18,3,2025-12-29
KLAC/ISRG,KLAC,ISRG,no_skip_month,177.8363458783846,0.045273159069391555,-1.0689843639778855,0.11818224406285932,12,3,2025-12-29
ON/BSX,ON,BSX,short_term_beta_neutral,-363.7400000000028,-0.11152461059116843,-1.177043951114903,5.880959532457655e-05,26,3,2025-12-29
ON/FMC,ON,FMC,short_term_beta_neutral,4131.93174970439,0.910481190400745,-1.177043951114903,0.9999999989842635,18,3,2025-12-29
LRCX/CAG,LRCX,CAG,short_term_beta_neutral,1692.148214624375,0.38667904677586024,-1.177043951114903,0.9999993665130186,36,3,2025-12-29
LRCX/JKHY,LRCX,JKHY,short_term_beta_neutral,315.7725235771821,0.08165251165116275,-1.177043951114903,0.3571992150832912,22,3,2025-12-29
CSCO/HII,CSCO,HII,short_term_beta_neutral,-1466.990458813793,-0.49767605086057637,-1.177043951114903,2.7089991254642316e-06,18,3,2025-12-29
CSCO/GIS,CSCO,GIS,short_term_beta_neutral,2543.034459985119,1.2158016434416579,-1.177043951114903,0.9999999999999999,28,3,2025-12-29
AKAM/RMD,AKAM,RMD,short_term_beta_neutral,-1106.791856601021,-0.8440686933573016,-1.177043951114903,8.084488144458245e-08,14,3,2025-12-29
AKAM/ULTA,AKAM,ULTA,short_term_beta_neutral,-551.4599999999991,-0.1363853757609916,-1.177043951114903,1.0671310529856585e-06,22,3,2025-12-29
BWA/INTU,BWA,INTU,short_term_beta_neutral,827.9645575427429,0.5787840353592573,-1.177043951114903,0.9999937261801881,14,3,2025-12-29
BWA/MKTX,BWA,MKTX,short_term_beta_neutral,-367.79987941357,-0.14053994838521544,-1.177043951114903,4.983889065910318e-07,22,3,2025-12-29
STLD/REGN,STLD,REGN,short_term_beta_neutral,-1616.147415843659,-1.2037503098374975,-1.177043951114903,2.7349044990776625e-09,10,3,2025-12-29
STLD/CMCSA,STLD,CMCSA,short_term_beta_neutral,678.3945064459438,0.26965169602106875,-1.177043951114903,0.999371644249838,20,3,2025-12-29
NUE/PYPL,NUE,PYPL,short_term_beta_neutral,2756.930907136182,1.3153699150957208,-1.177043951114903,0.9999999999813999,12,3,2025-12-29
NUE/NFLX,NUE,NFLX,short_term_beta_neutral,4269.256554818675,1.5253465085103746,-1.177043951114903,0.9999999999996692,16,3,2025-12-29
KLAC/ISRG,KLAC,ISRG,short_term_beta_neutral,570.5783620597044,0.1924360946008313,-1.177043951114903,0.9514069009776768,17,3,2025-12-29
ON/BSX,ON,BSX,let_profits_run,3483.210000000005,0.8222708154666586,-1.2441884732930817,0.9999999999999838,10,3,2025-12-29
ON/FMC,ON,FMC,let_profits_run,-120.0800000000012,-0.11621617329698092,-1.2441884732930817,1.2560451513677828e-07,2,3,2025-12-29
LRCX/CAG,LRCX,CAG,let_profits_run,2475.182042096367,0.6048652239594773,-1.2441884732930817,0.9999999999963185,20,3,2025-12-29
LRCX/JKHY,LRCX,JKHY,let_profits_run,-722.1552251599567,-0.2040215152144804,-1.2441884732930817,1.8122713292882472e-09,12,3,2025-12-29
CSCO/HII,CSCO,HII,let_profits_run,-1160.853454265648,-0.39689848672736294,-1.2441884732930817,0.00042775144997724256,8,3,2025-12-29
CSCO/GIS,CSCO,GIS,let_profits_run,108.2135472037849,0.040607109024136216,-1.2441884732930817,0.11121835156913173,20,3,2025-12-29
AKAM/RMD,AKAM,RMD,let_profits_run,-611.345834230912,-0.4339695296461727,-1.2441884732930817,1.02382973409838e-06,10,3,2025-12-29
AKAM/ULTA,AKAM,ULTA,let_profits_run,933.6000000000003,0.42379297785466746,-1.2441884732930817,0.9999853709292809,8,3,2025-12-29
BWA/INTU,BWA,INTU,let_profits_run,-305.1226936316325,-0.21713422604544538,-1.2441884732930817,4.1903366456848215e-10,6,3,2025-12-29
BWA/MKTX,BWA,MKTX,let_profits_run,3769.831164959978,1.4488921889392217,-1.2441884732930817,0.9999999997849938,6,3,2025-12-29
STLD/REGN,STLD,REGN,let_profits_run,-1515.426615676814,-1.6747281549990507,-1.2441884732930817,1.0008149320381863e-06,6,3,2025-12-29
STLD/CMCSA,STLD,CMCSA,let_profits_run,1320.434060945986,0.6118093190701128,-1.2441884732930817,0.9999999997832677,10,3,2025-12-29
NUE/PYPL,NUE,PYPL,let_profits_run,1863.673425049547,0.5188327736705036,-1.2441884732930817,0.999017859845799,10,3,2025-12-29
NUE/NFLX,NUE,NFLX,let_profits_run,2225.774297942508,0.7227214669636888,-1.2441884732930817,0.9999977849968185,10,3,2025-12-29
KLAC/ISRG,KLAC,ISRG,let_profits_run,808.896498621905,0.4554083322364965,-1.2441884732930817,0.9989707084569176,8,3,2025-12-29
ON/BSX,ON,BSX,long_term_kalman,2486.880000000006,0.6152027105117651,-1.344215067809437,0.9999999999953122,10,3,2025-12-29
ON/FMC,ON,FMC,long_term_kalman,1555.459999999999,0.7925182692368163,-1.344215067809437,0.9973872715489596,2,3,2025-12-29
LRCX/CAG,LRCX,CAG,long_term_kalman,3276.435326727111,0.8566097559491398,-1.344215067809437,0.9999999999999901,16,3,2025-12-29
LRCX/JKHY,LRCX,JKHY,long_term_kalman,1948.838100414565,0.5010969317618001,-1.344215067809437,0.999999960370393,10,3,2025-12-29
CSCO/HII,CSCO,HII,long_term_kalman,-239.7705532218247,-0.08331019758820606,-1.344215067809437,0.0022965507278989,6,3,2025-12-29
CSCO/GIS,CSCO,GIS,long_term_kalman,-107.8161274877152,-0.05138624966057885,-1.344215067809437,0.00046443308263791305,16,3,2025-12-29
AKAM/RMD,AKAM,RMD,long_term_kalman,-790.1198587001255,-0.7119801460571005,-1.344215067809437,1.1877947984775865e-23,8,3,2025-12-29
AKAM/ULTA,AKAM,ULTA,long_term_kalman,-323.5799999999955,-0.13214632771568502,-1.344215067809437,9.450692412132889e-05,8,3,2025-12-29
BWA/INTU,BWA,INTU,long_term_kalman,-264.3100767996459,-0.1951130487823003,-1.344215067809437,3.561774645193741e-09,6,3,2025-12-29
BWA/MKTX,BWA,MKTX,long_term_kalman,3458.043573306246,1.3326015983713908,-1.344215067809437,0.9999999998008986,6,3,2025-12-29
STLD/REGN,STLD,REGN,long_term_kalman,-817.9544810323558,-1.1724627670298413,-1.344215067809437,0.00015578479662507145,2,3,2025-12-29
STLD/CMCSA,STLD,CMCSA,long_term_kalman,1653.736122104535,0.9856203415991182,-1.344215067809437,0.9999999999999983,6,3,2025-12-29
NUE/PYPL,NUE,PYPL,long_term_kalman,601.3828206702495,0.8057623238218231,-1.344215067809437,0.9999999508782363,8,3,2025-12-29
NUE/NFLX,NUE,NFLX,long_term_kalman,-189.7605822871353,-0.09776915175113311,-1.344215067809437,4.7407791613765854e-06,14,3,2025-12-29
KLAC/ISRG,KLAC,ISRG,long_term_kalman,1172.028419399081,0.8267995960782395,-1.344215067809437,0.9999993977434802,6,3,2025-12-29
ON/BSX,ON,BSX,long_term_tilt,2209.970000000005,0.6148107634592508,-1.3462975193100626,0.9999999997897508,10,3,2025-12-29
ON/FMC,ON,FMC,long_term_tilt,1505.65,0.8629413167820608,-1.3462975193100626,0.9982117312608422,2,3,2025-12-29
LRCX/CAG,LRCX,CAG,long_term_tilt,3164.602650509305,0.8526102365433923,-1.3462975193100626,0.9999999999999918,16,3,2025-12-29
LRCX/JKHY,LRCX,JKHY,long_term_tilt,3363.786281987934,0.9696155607000807,-1.3462975193100626,0.9999999999960101,10,3,2025-12-29
CSCO/HII,CSCO,HII,long_term_tilt,1124.909103825034,0.4351377769182138,-1.3462975193100626,0.9980025694613882,6,3,2025-12-29
CSCO/GIS,CSCO,GIS,long_term_tilt,-255.6734566256068,-0.11713998186377836,-1.3462975193100626,5.27385610031079e-07,16,3,2025-12-29
AKAM/RMD,AKAM,RMD,long_term_tilt,-866.443501285127,-0.8350658513984202,-1.3462975193100626,2.5102925479522973e-21,8,3,2025-12-29
AKAM/ULTA,AKAM,ULTA,long_term_tilt,271.7400000000042,0.1144582416165005,-1.3462975193100626,0.6171059040449745,8,3,2025-12-29
BWA/INTU,BWA,INTU,long_term_tilt,-310.1307572455333,-0.2382048826171297,-1.3462975193100626,1.5558907584606917e-10,6,3,2025-12-29
BWA/MKTX,BWA,MKTX,long_term_tilt,4052.395225006193,1.779298497184814,-1.3462975193100626,0.9999999971768808,6,3,2025-12-29
STLD/REGN,STLD,REGN,long_term_tilt,-814.3910369668263,-1.1725127286129853,-1.3462975193100626,0.0001742693400921148,2,3,2025-12-29
STLD/CMCSA,STLD,CMCSA,long_term_tilt,381.7949736280239,0.19387092648681062,-1.3462975193100626,0.951617552512847,8,3,2025-12-29
NUE/PYPL,NUE,PYPL,long_term_tilt,588.436966146189,0.7810784599243445,-1.3462975193100626,0.9999999427369249,8,3,2025-12-29
NUE/NFLX,NUE,NFLX,long_term_tilt,-657.3635864023627,-0.3545525549849707,-1.3462975193100626,1.245177521230768e-11,12,3,2025-12-29
KLAC/ISRG,KLAC,ISRG,long_term_tilt,1179.061541018992,0.8323683392198362,-1.3462975193100626,0.9999993814429747,6,3,2025-12-29
ON/BSX,ON,BSX,uniform_weights,929.0700000000046,0.3061375174689002,-1.3598746039399454,0.9998470966442727,16,3,2025-12-29
ON/FMC,ON,FMC,uniform_weights,447.5974525042394,0.06309936115188666,-1.3598746039399454,0.20766582780030945,8,3,2025-12-29
LRCX/CAG,LRCX,CAG,uniform_weights,1839.621702946501,0.4062622673585323,-1.3598746039399454,0.9999984842363961,26,3,2025-12-29
LRCX/JKHY,LRCX,JKHY,uniform_weights,307.4238944610402,0.07885142978530482,-1.3598746039399454,0.3310542726693124,18,3,2025-12-29
CSCO/HII,CSCO,HII,uniform_weights,-1077.063827532179,-0.575243226433049,-1.3598746039399454,1.4484119362188774e-08,10,3,2025-12-29
CSCO/GIS,CSCO,GIS,uniform_weights,781.1743517440343,0.36572512949493785,-1.3598746039399454,0.9998880352361031,28,3,2025-12-29
AKAM/RMD,AKAM,RMD,uniform_weights,-371.1091159332843,-0.31789841125452545,-1.3598746039399454,0.0002305209467716648,6,3,2025-12-29
AKAM/ULTA,AKAM,ULTA,uniform_weights,-1319.659999999997,-1.2105121427603844,-1.3598746039399454,1.8628701954744006e-12,12,3,2025-12-29
BWA/INTU,BWA,INTU,uniform_weights,-1545.526723433716,-0.6700255034849022,-1.3598746039399454,3.6980935104659266e-12,12,3,2025-12-29
BWA/MKTX,BWA,MKTX,uniform_weights,3030.361865801376,1.2596931379766456,-1.3598746039399454,0.9999999983790391,12,3,2025-12-29
STLD/REGN,STLD,REGN,uniform_weights,-1474.454329555099,-0.9036472289213533,-1.3598746039399454,2.428655692451751e-16,8,3,2025-12-29
STLD/CMCSA,STLD,CMCSA,uniform_weights,2026.719345263753,1.3241622939222217,-1.3598746039399454,1.0,14,3,2025-12-29
NUE/PYPL,NUE,PYPL,uniform_weights,2422.034124220547,0.5645339215474716,-1.3598746039399454,0.9999872245744666,16,3,2025-12-29
NUE/NFLX,NUE,NFLX,uniform_weights,2031.842032316477,0.5161714302811752,-1.3598746039399454,0.9997899440665524,12,3,2025-12-29
KLAC/ISRG,KLAC,ISRG,uniform_weights,-574.3517415567237,-0.3306876047365091,-1.3598746039399454,1.0532591168106732e-10,8,3,2025-12-29
ON/BSX,ON,BSX,kalman_hedge,908.5700000000012,0.3000920981540268,-1.3670458160361936,0.9997938210052022,16,3,2025-12-29
ON/FMC,ON,FMC,kalman_hedge,305.5951766896821,0.04380241623874719,-1.3670458160361936,0.11152592476228929,8,3,2025-12-29
LRCX/CAG,LRCX,CAG,kalman_hedge,2492.849199544416,0.5460293934607333,-1.3670458160361936,0.9999999980889971,26,3,2025-12-29
LRCX/JKHY,LRCX,JKHY,kalman_hedge,747.2930979790501,0.1900623500125643,-1.3670458160361936,0.9484501164051078,18,3,2025-12-29
CSCO/HII,CSCO,HII,kalman_hedge,-1735.927784050487,-0.8854504912053373,-1.3670458160361936,3.001477927153819e-08,12,3,2025-12-29
CSCO/GIS,CSCO,GIS,kalman_hedge,802.8967139235237,0.37573340651188764,-1.3670458160361936,0.9999114348671089,28,3,2025-12-29
AKAM/RMD,AKAM,RMD,kalman_hedge,-690.1412741401081,-0.5646400550308533,-1.3670458160361936,4.4659241066237976e-05,10,3,2025-12-29
AKAM/ULTA,AKAM,ULTA,kalman_hedge,-1313.339999999997,-1.2072941939991015,-1.3670458160361936,2.0425787274765812e-12,12,3,2025-12-29
BWA/INTU,BWA,INTU,kalman_hedge,-1751.263455144002,-0.769892303990239,-1.3670458160361936,7.048037298389803e-12,14,3,2025-12-29
BWA/MKTX,BWA,MKTX,kalman_hedge,3031.340729503724,1.2594159586790015,-1.3670458160361936,0.9999999982495617,12,3,2025-12-29
STLD/REGN,STLD,REGN,kalman_hedge,-1478.654321587022,-0.9031233411651459,-1.3670458160361936,2.2318376576689046e-16,8,3,2025-12-29
STLD/CMCSA,STLD,CMCSA,kalman_hedge,2832.315349911229,1.900662794913272,-1.3670458160361936,0.9999999999999991,12,3,2025-12-29
NUE/PYPL,NUE,PYPL,kalman_hedge,2241.847767438355,0.5156189467711676,-1.3670458160361936,0.9999198230990286,16,3,2025-12-29
NUE/NFLX,NUE,NFLX,kalman_hedge,1482.816476760927,0.37389021783582593,-1.3670458160361936,0.9986914587687628,16,3,2025-12-29
KLAC/ISRG,KLAC,ISRG,kalman_hedge,-574.3517415567237,-0.3306876047365091,-1.3670458160361936,1.0532591168106732e-10,8,3,2025-12-29
ON/BSX,ON,BSX,vol_weighted_sizing,928.5800000000044,0.3058739029895314,-1.3689364938556452,0.9998450863810736,16,3,2025-12-29
ON/FMC,ON,FMC,vol_weighted_sizing,446.9474525042393,0.06300740443594312,-1.3689364938556452,0.20707421779508345,8,3,2025-12-29
LRCX/CAG,LRCX,CAG,vol_weighted_sizing,2289.417769966334,0.5067539933131093,-1.3689364938556452,0.9999999850759098,26,3,2025-12-29
LRCX/JKHY,LRCX,JKHY,vol_weighted_sizing,733.3604884635732,0.18690535065127803,-1.3689364938556452,0.9422200849742975,18,3,2025-12-29
CSCO/HII,CSCO,HII,vol_weighted_sizing,-1747.616272534166,-0.8879235333544276,-1.3689364938556452,2.565246263478128e-08,12,3,2025-12-29
CSCO/GIS,CSCO,GIS,vol_weighted_sizing,781.5354199912915,0.3656310214214981,-1.3689364938556452,0.9998888157264415,28,3,2025-12-29
AKAM/RMD,AKAM,RMD,vol_weighted_sizing,-691.1312741401082,-0.5653537365026344,-1.3689364938556452,4.429042158414855e-05,10,3,2025-12-29
AKAM/ULTA,AKAM,ULTA,vol_weighted_sizing,-1319.659999999997,-1.2105121427603844,-1.3689364938556452,1.8628701954744006e-12,12,3,2025-12-29
BWA/INTU,BWA,INTU,vol_weighted_sizing,-1740.693907619095,-0.7643406821972241,-1.3689364938556452,7.754498763118071e-12,14,3,2025-12-29
BWA/MKTX,BWA,MKTX,vol_weighted_sizing,3030.361865801376,1.2596931379766456,-1.3689364938556452,0.9999999983790391,12,3,2025-12-29
STLD/REGN,STLD,REGN,vol_weighted_sizing,-1474.454329555099,-0.9036472289213533,-1.3689364938556452,2.428655692451751e-16,8,3,2025-12-29
STLD/CMCSA,STLD,CMCSA,vol_weighted_sizing,2749.568105353876,1.893026201291969,-1.3689364938556452,0.9999999999999977,12,3,2025-12-29
NUE/PYPL,NUE,PYPL,vol_weighted_sizing,2420.784124220547,0.5642958491201613,-1.3689364938556452,0.9999871482073613,16,3,2025-12-29
NUE/NFLX,NUE,NFLX,vol_weighted_sizing,1498.956476760925,0.37476505823918693,-1.3689364938556452,0.9988939632017277,16,3,2025-12-29
KLAC/ISRG,KLAC,ISRG,vol_weighted_sizing,-574.3517415567237,-0.3306876047365091,-1.3689364938556452,1.0532591168106732e-10,8,3,2025-12-29
ON/BSX,ON,BSX,default,1467.890000000004,0.49923264028212505,-1.380252869070998,0.9999997495345719,14,3,2025-12-29
ON/FMC,ON,FMC,default,462.8074525042381,0.06511180928722062,-1.380252869070998,0.22035063197508414,8,3,2025-12-29
LRCX/CAG,LRCX,CAG,default,2049.400187444895,0.4509118461148266,-1.380252869070998,0.9999998432969356,26,3,2025-12-29
LRCX/JKHY,LRCX,JKHY,default,177.4982584043705,0.04632853678552798,-1.380252869070998,0.13533710448832514,18,3,2025-12-29
CSCO/HII,CSCO,HII,default,-1077.063827532179,-0.575243226433049,-1.380252869070998,1.4484119362188774e-08,10,3,2025-12-29
CSCO/GIS,CSCO,GIS,default,781.1974606881151,0.3654707619662331,-1.380252869070998,0.9998881690380136,28,3,2025-12-29
AKAM/RMD,AKAM,RMD,default,-720.5912741401061,-0.5893263804090493,-1.380252869070998,4.329143741773619e-05,10,3,2025-12-29
AKAM/ULTA,AKAM,ULTA,default,-1249.159999999996,-1.1800708121568777,-1.380252869070998,1.9159598640241438e-11,10,3,2025-12-29
BWA/INTU,BWA,INTU,default,-1740.36521045235,-0.7641973903353587,-1.380252869070998,7.75655691798625e-12,14,3,2025-12-29
BWA/MKTX,BWA,MKTX,default,3030.361865801376,1.2596931379766456,-1.380252869070998,0.9999999983790391,12,3,2025-12-29
STLD/REGN,STLD,REGN,default,-1516.806623893471,-1.037739527162482,-1.380252869070998,1.182570520881672e-12,6,3,2025-12-29
STLD/CMCSA,STLD,CMCSA,default,2750.419072890477,1.8935551506293862,-1.380252869070998,0.9999999999999977,12,3,2025-12-29
NUE/PYPL,NUE,PYPL,default,2422.034124220547,0.5645339215474716,-1.380252869070998,0.9999872245744666,16,3,2025-12-29
NUE/NFLX,NUE,NFLX,default,1017.242032316475,0.26745247202611433,-1.380252869070998,0.984480069851795,14,3,2025-12-29
KLAC/ISRG,KLAC,ISRG,default,-574.3517415567237,-0.3306876047365091,-1.380252869070998,1.0532591168106732e-10,8,3,2025-12-29
ON/BSX,ON,BSX,fast_rebalance,-253.1599999999935,-0.0730084998064786,-1.4737693250333035,0.00037634853631379983,24,3,2025-12-29
ON/FMC,ON,FMC,fast_rebalance,318.2658642632127,0.14351629039774996,-1.4737693250333035,0.8100797249950102,16,3,2025-12-29
LRCX/CAG,LRCX,CAG,fast_rebalance,2820.463085442423,0.8887567867311772,-1.4737693250333035,0.9999999999999988,34,3,2025-12-29
LRCX/JKHY,LRCX,JKHY,fast_rebalance,4576.408471035763,1.2385416615783573,-1.4737693250333035,0.9999999999998689,22,3,2025-12-29
CSCO/HII,CSCO,HII,fast_rebalance,-936.757104978251,-0.6181081771177857,-1.4737693250333035,3.246571265615972e-18,14,3,2025-12-29
CSCO/GIS,CSCO,GIS,fast_rebalance,1637.500833795341,0.9351257153220397,-1.4737693250333035,1.0,26,3,2025-12-29
AKAM/RMD,AKAM,RMD,fast_rebalance,-303.0139823981986,-0.22682728509810476,-1.4737693250333035,2.872545475387897e-05,12,3,2025-12-29
AKAM/ULTA,AKAM,ULTA,fast_rebalance,1320.640000000001,0.6381131446131776,-1.4737693250333035,0.9999754489941219,18,3,2025-12-29
BWA/INTU,BWA,INTU,fast_rebalance,13.55076181204024,0.010049459529790257,-1.4737693250333035,0.026445069579472087,12,3,2025-12-29
BWA/MKTX,BWA,MKTX,fast_rebalance,514.0630286303517,0.1830685157729625,-1.4737693250333035,0.9594714195848438,22,3,2025-12-29
STLD/REGN,STLD,REGN,fast_rebalance,-1394.380957273311,-1.0246688665353259,-1.4737693250333035,7.221107875463562e-11,10,3,2025-12-29
STLD/CMCSA,STLD,CMCSA,fast_rebalance,1720.15689912865,1.2667649940250703,-1.4737693250333035,0.9999999999999521,12,3,2025-12-29
NUE/PYPL,NUE,PYPL,fast_rebalance,1163.467677244297,0.3538493949447417,-1.4737693250333035,0.989060500911479,10,3,2025-12-29
NUE/NFLX,NUE,NFLX,fast_rebalance,1997.357796694465,0.5269334584870826,-1.4737693250333035,0.999681906356266,18,3,2025-12-29
KLAC/ISRG,KLAC,ISRG,fast_rebalance,-1301.706194381238,-0.47974840103276356,-1.4737693250333035,7.411369195593462e-07,16,3,2025-12-29
ON/BSX,ON,BSX,balanced,937.0400000000037,0.3138400135388343,-1.482331161320667,0.9999082100127475,14,3,2025-12-29
ON/FMC,ON,FMC,balanced,449.3674525042381,0.06335123075464427,-1.482331161320667,0.2092868996595883,8,3,2025-12-29
LRCX/CAG,LRCX,CAG,balanced,1495.299701011008,0.4044494240451472,-1.482331161320667,0.9999969674833005,24,3,2025-12-29
LRCX/JKHY,LRCX,JKHY,balanced,826.2872184950762,0.21069868908696146,-1.482331161320667,0.9750391422560173,18,3,2025-12-29
CSCO/HII,CSCO,HII,balanced,-1077.063827532179,-0.575243226433049,-1.482331161320667,1.4484119362188774e-08,10,3,2025-12-29
CSCO/GIS,CSCO,GIS,balanced,781.3954199912914,0.3655656148410313,-1.482331161320667,0.9998885484900188,28,3,2025-12-29
AKAM/RMD,AKAM,RMD,balanced,-630.9491159332817,-0.5258758788511614,-1.482331161320667,7.839538691771644e-05,8,3,2025-12-29
AKAM/ULTA,AKAM,ULTA,balanced,-1290.469999999996,-1.217741230487903,-1.482331161320667,1.8969218233296225e-11,10,3,2025-12-29
BWA/INTU,BWA,INTU,balanced,-1670.842171790117,-0.7267025157730821,-1.482331161320667,3.6463090035184825e-12,14,3,2025-12-29
BWA/MKTX,BWA,MKTX,balanced,2707.761401086905,1.133615752614604,-1.482331161320667,0.9999999962453751,12,3,2025-12-29
STLD/REGN,STLD,REGN,balanced,-1554.028411628139,-1.062730400509275,-1.482331161320667,1.2132758678194144e-12,6,3,2025-12-29
STLD/CMCSA,STLD,CMCSA,balanced,2750.419072890477,1.8935551506293862,-1.482331161320667,0.9999999999999977,12,3,2025-12-29
NUE/PYPL,NUE,PYPL,balanced,2420.784124220547,0.5642958491201613,-1.482331161320667,0.9999871482073613,16,3,2025-12-29
NUE/NFLX,NUE,NFLX,balanced,690.2584932218282,0.17802584312940922,-1.482331161320667,0.8934519773391094,14,3,2025-12-29
KLAC/ISRG,KLAC,ISRG,balanced,-258.8455617368544,-0.14476722074697596,-1.482331161320667,3.666687154142194e-08,8,3,2025-12-29
ON/BSX,ON,BSX,short_term_tilt,514.8400000000028,0.14740413312629091,-1.4892565698582367,0.8390115503617483,24,3,2025-12-29
ON/FMC,ON,FMC,short_term_tilt,318.6758642632135,0.14374699330623114,-1.4892565698582367,0.8113184856508956,16,3,2025-12-29
LRCX/CAG,LRCX,CAG,short_term_tilt,3098.117678971547,0.9718697335927317,-1.4892565698582367,0.9999999999999999,34,3,2025-12-29
LRCX/JKHY,LRCX,JKHY,short_term_tilt,4574.97367101416,1.2386585003898138,-1.4892565698582367,0.9999999999998649,22,3,2025-12-29
CSCO/HII,CSCO,HII,short_term_tilt,-935.7097653211229,-0.6176606804935294,-1.4892565698582367,3.3873082907361546e-18,14,3,2025-12-29
CSCO/GIS,CSCO,GIS,short_term_tilt,1636.745395352946,0.934435078878828,-1.4892565698582367,1.0,26,3,2025-12-29
AKAM/RMD,AKAM,RMD,short_term_tilt,-710.9153695447001,-0.5079503498736219,-1.4892565698582367,6.395317406351387e-07,14,3,2025-12-29
AKAM/ULTA,AKAM,ULTA,short_term_tilt,1326.960000000001,0.6415610179838809,-1.4892565698582367,0.9999751087446781,18,3,2025-12-29
BWA/INTU,BWA,INTU,short_term_tilt,299.8035755318341,0.20421630863169482,-1.4892565698582367,0.994157167878755,14,3,2025-12-29
BWA/MKTX,BWA,MKTX,short_term_tilt,-364.9925868621025,-0.1448822265547223,-1.4892565698582367,1.0423830005732e-06,20,3,2025-12-29
STLD/REGN,STLD,REGN,short_term_tilt,-1544.456595487861,-1.1270258044685062,-1.4892565698582367,5.189064258585589e-11,10,3,2025-12-29
STLD/CMCSA,STLD,CMCSA,short_term_tilt,1720.77689912865,1.2672907226190075,-1.4892565698582367,0.9999999999999523,12,3,2025-12-29
NUE/PYPL,NUE,PYPL,short_term_tilt,989.3248376257457,0.29924095879090457,-1.4892565698582367,0.9805347170804596,12,3,2025-12-29
NUE/NFLX,NUE,NFLX,short_term_tilt,1997.357796694465,0.5269334584870826,-1.4892565698582367,0.999681906356266,18,3,2025-12-29
KLAC/ISRG,KLAC,ISRG,short_term_tilt,-1301.706194381238,-0.47974840103276356,-1.4892565698582367,7.411369195593462e-07,16,3,2025-12-29
ON/BSX,ON,BSX,entry_filter_kalman,39.95000000000095,0.013013089717953338,-1.5482937169911168,0.033188437518995244,14,3,2025-12-29
ON/FMC,ON,FMC,entry_filter_kalman,-3939.814823310318,-0.8764613562700605,-1.5482937169911168,0.0034913061115811805,6,3,2025-12-29
LRCX/CAG,LRCX,CAG,entry_filter_kalman,3022.735612155179,0.6411296679167217,-1.5482937169911168,0.9999999999969732,24,3,2025-12-29
LRCX/JKHY,LRCX,JKHY,entry_filter_kalman,625.7923812675737,0.15909437741961074,-1.5482937169911168,0.867262517449191,18,3,2025-12-29
CSCO/HII,CSCO,HII,entry_filter_kalman,-1362.724235985788,-0.6998989905282501,-1.5482937169911168,6.811011687025378e-09,10,3,2025-12-29
CSCO/GIS,CSCO,GIS,entry_filter_kalman,848.1098167826223,0.36962700505859586,-1.5482937169911168,0.9999473957266879,24,3,2025-12-29
AKAM/RMD,AKAM,RMD,entry_filter_kalman,-792.7822436448848,-0.6551579808156004,-1.5482937169911168,5.4592461340912746e-05,8,3,2025-12-29
AKAM/ULTA,AKAM,ULTA,entry_filter_kalman,-1283.759999999996,-1.2141830780624063,-1.5482937169911168,2.0803111144669014e-11,10,3,2025-12-29
BWA/INTU,BWA,INTU,entry_filter_kalman,-1778.974232579519,-0.41046427716205264,-1.5482937169911168,1.0544233276965776e-07,14,3,2025-12-29
BWA/MKTX,BWA,MKTX,entry_filter_kalman,2908.660768929106,1.2347458948022345,-1.5482937169911168,0.999999999983483,10,3,2025-12-29
STLD/REGN,STLD,REGN,entry_filter_kalman,-1667.585203027333,-1.0307547281825489,-1.5482937169911168,6.459253814161827e-16,8,3,2025-12-29
STLD/CMCSA,STLD,CMCSA,entry_filter_kalman,3037.314389895004,1.7381155711293466,-1.5482937169911168,1.0,10,3,2025-12-29
NUE/PYPL,NUE,PYPL,entry_filter_kalman,3167.27576695022,0.644711845919492,-1.5482937169911168,0.999997724249333,10,3,2025-12-29
NUE/NFLX,NUE,NFLX,entry_filter_kalman,1945.434689882865,0.48708013274256307,-1.5482937169911168,0.9997794866975048,10,3,2025-12-29
KLAC/ISRG,KLAC,ISRG,entry_filter_kalman,-1877.179958993156,-0.6705440602214531,-1.5482937169911168,1.915024590871491e-07,8,3,2025-12-29
ON/BSX,ON,BSX,entry_threshold_strong,48.24000000000365,0.015670098505129595,-1.5754379733489008,0.0372191594224398,14,3,2025-12-29
ON/FMC,ON,FMC,entry_threshold_strong,-4225.56254749576,-0.9525660233370425,-1.5754379733489008,0.0042822284420508195,6,3,2025-12-29
LRCX/CAG,LRCX,CAG,entry_threshold_strong,2926.52236943386,0.6295112848609679,-1.5754379733489008,0.9999999999905305,24,3,2025-12-29
LRCX/JKHY,LRCX,JKHY,entry_threshold_strong,568.5117575755623,0.14521882827548865,-1.5754379733489008,0.8040386941225584,18,3,2025-12-29
CSCO/HII,CSCO,HII,entry_threshold_strong,-1370.385214436067,-0.7015655640189198,-1.5754379733489008,5.770391604350747e-09,10,3,2025-12-29
CSCO/GIS,CSCO,GIS,entry_threshold_strong,834.9999389073189,0.36398652351809524,-1.5754379733489008,0.9999414191938806,24,3,2025-12-29
AKAM/RMD,AKAM,RMD,entry_threshold_strong,-793.6522436448863,-0.6560891203018655,-1.5754379733489008,5.4929254275692985e-05,8,3,2025-12-29
AKAM/ULTA,AKAM,ULTA,entry_threshold_strong,-1283.759999999996,-1.2141830780624063,-1.5754379733489008,2.0803111144669014e-11,10,3,2025-12-29
BWA/INTU,BWA,INTU,entry_threshold_strong,-1764.717250393819,-0.40642080883390297,-1.5754379733489008,1.0820963777842121e-07,14,3,2025-12-29
BWA/MKTX,BWA,MKTX,entry_threshold_strong,2895.302183969233,1.2303349435742221,-1.5754379733489008,0.9999999999847178,10,3,2025-12-29
STLD/REGN,STLD,REGN,entry_threshold_strong,-1663.38521099541,-1.0317699507171163,-1.5754379733489008,7.075115347220234e-16,8,3,2025-12-29
STLD/CMCSA,STLD,CMCSA,entry_threshold_strong,3007.771114789004,1.7502723660658666,-1.5754379733489008,1.0,10,3,2025-12-29
NUE/PYPL,NUE,PYPL,entry_threshold_strong,3268.56579123316,0.6640708707119065,-1.5754379733489008,0.9999994581975744,10,3,2025-12-29
NUE/NFLX,NUE,NFLX,entry_threshold_strong,2021.172394962382,0.5039757334366469,-1.5754379733489008,0.9998413858357684,10,3,2025-12-29
KLAC/ISRG,KLAC,ISRG,entry_threshold_strong,-1877.179958993156,-0.6705440602214531,-1.5754379733489008,1.915024590871491e-07,8,3,2025-12-29
ON/BSX,ON,BSX,slow_rebalance,2614.240000000006,0.7024157571226053,-1.8190779128174883,0.9999999999840109,12,3,2025-12-29
ON/FMC,ON,FMC,slow_rebalance,-833.6200000000019,-0.6977490186430457,-1.8190779128174883,7.321778191070988e-07,4,3,2025-12-29
LRCX/CAG,LRCX,CAG,slow_rebalance,1856.366901136568,0.4902625533304704,-1.8190779128174883,0.9999999954016461,24,3,2025-12-29
LRCX/JKHY,LRCX,JKHY,slow_rebalance,-1218.166826448887,-0.3498566640153244,-1.8190779128174883,5.810463081630371e-14,12,3,2025-12-29
CSCO/HII,CSCO,HII,slow_rebalance,-2043.162753360035,-1.0757474218541354,-1.8190779128174883,1.0781321007562409e-05,6,3,2025-12-29
CSCO/GIS,CSCO,GIS,slow_rebalance,493.6576571557887,0.19519104010197277,-1.8190779128174883,0.9538450360676167,22,3,2025-12-29
AKAM/RMD,AKAM,RMD,slow_rebalance,305.0805710103751,0.264679420783936,-1.8190779128174883,0.9976908909205614,6,3,2025-12-29
AKAM/ULTA,AKAM,ULTA,slow_rebalance,694.039999999998,0.32655609635046173,-1.8190779128174883,0.9998756767049228,12,3,2025-12-29
BWA/INTU,BWA,INTU,slow_rebalance,-2056.901758645859,-0.5993573235451557,-1.8190779128174883,3.682628920822316e-08,12,3,2025-12-29
BWA/MKTX,BWA,MKTX,slow_rebalance,3034.597202282646,1.2790711745130274,-1.8190779128174883,0.9999999908950893,10,3,2025-12-29
STLD/REGN,STLD,REGN,slow_rebalance,-927.9565744095682,-0.8438870985884199,-1.8190779128174883,2.785971316815678e-10,8,3,2025-12-29
STLD/CMCSA,STLD,CMCSA,slow_rebalance,2084.759234896172,0.9069065745994523,-1.8190779128174883,0.999999999999998,10,3,2025-12-29
NUE/PYPL,NUE,PYPL,slow_rebalance,2501.870471289189,0.6855758993735027,-1.8190779128174883,0.999773440099254,10,3,2025-12-29
NUE/NFLX,NUE,NFLX,slow_rebalance,2010.368996150075,0.6516078303997928,-1.8190779128174883,0.9999980831508986,10,3,2025-12-29
KLAC/ISRG,KLAC,ISRG,slow_rebalance,-2440.816790893195,-0.9984955351956455,-1.8190779128174883,0.0005585122089305484,8,3,2025-12-29
ON/BSX,ON,BSX,raw_momentum_kalman,2287.469999999997,0.9751577795504698,-1.86419810278512,0.9999999441685501,12,3,2025-12-29
ON/FMC,ON,FMC,raw_momentum_kalman,-4042.184823310319,-0.9175921196077635,-1.86419810278512,0.005264788457980434,4,3,2025-12-29
LRCX/CAG,LRCX,CAG,raw_momentum_kalman,479.7494279537266,0.10937791160911553,-1.86419810278512,0.5668323765642187,26,3,2025-12-29
LRCX/JKHY,LRCX,JKHY,raw_momentum_kalman,-1531.465205338073,-0.4597864895062285,-1.86419810278512,1.5900213660434972e-15,16,3,2025-12-29
CSCO/HII,CSCO,HII,raw_momentum_kalman,-18.80781466650092,-0.020826525451124685,-1.86419810278512,0.005607758483646997,8,3,2025-12-29
CSCO/GIS,CSCO,GIS,raw_momentum_kalman,-325.0574983959724,-0.20514057992963883,-1.86419810278512,8.144405320176308e-10,14,3,2025-12-29
AKAM/RMD,AKAM,RMD,raw_momentum_kalman,-465.7982875601497,-1.0482988849068842,-1.86419810278512,0.00013124368623052639,4,3,2025-12-29
AKAM/ULTA,AKAM,ULTA,raw_momentum_kalman,-1146.209999999994,-0.9821809999271675,-1.86419810278512,1.1228531226704762e-14,10,3,2025-12-29
BWA/INTU,BWA,INTU,raw_momentum_kalman,86.96501115572721,0.057602622219206645,-1.86419810278512,0.16095342480373814,10,3,2025-12-29
BWA/MKTX,BWA,MKTX,raw_momentum_kalman,2531.031000949279,1.1872569264624053,-1.86419810278512,0.9999999847048041,10,3,2025-12-29
STLD/REGN,STLD,REGN,raw_momentum_kalman,-13.81478582413905,-0.7664284620319026,-1.86419810278512,0.0049651732790222695,2,3,2025-12-29
STLD/CMCSA,STLD,CMCSA,raw_momentum_kalman,2311.736015552809,1.175064166609772,-1.86419810278512,0.999999999999997,10,3,2025-12-29
NUE/PYPL,NUE,PYPL,raw_momentum_kalman,2967.912614929061,0.695734251609886,-1.86419810278512,0.9999766199630536,14,3,2025-12-29
NUE/NFLX,NUE,NFLX,raw_momentum_kalman,2074.582032316481,0.5329412537560058,-1.86419810278512,0.9997660197598146,12,3,2025-12-29
KLAC/ISRG,KLAC,ISRG,raw_momentum_kalman,-2079.03095478009,-0.7551937414499781,-1.86419810278512,1.0987246376719797e-06,8,3,2025-12-29
ON/BSX,ON,BSX,raw_momentum,2318.980000000001,0.9806762679865464,-2.072800238151342,0.9999999506508419,12,3,2025-12-29
ON/FMC,ON,FMC,raw_momentum,-4039.082547495761,-0.9237411988579094,-2.072800238151342,0.0051301939077268,4,3,2025-12-29
LRCX/CAG,LRCX,CAG,raw_momentum,1432.413003335336,0.4349086236406702,-2.072800238151342,0.9999949104159528,22,3,2025-12-29
LRCX/JKHY,LRCX,JKHY,raw_momentum,-975.387595264553,-0.4466986575930584,-2.072800238151342,1.1993250099553575e-14,12,3,2025-12-29
CSCO/HII,CSCO,HII,raw_momentum,283.1420751456948,0.26881421488224694,-2.072800238151342,0.9985191297733637,8,3,2025-12-29
CSCO/GIS,CSCO,GIS,raw_momentum,-566.9137720366289,-0.3430724586032545,-2.072800238151342,7.508379690290567e-13,16,3,2025-12-29
AKAM/RMD,AKAM,RMD,raw_momentum,-464.8182875601486,-1.0473192525246855,-2.072800238151342,0.0001354825963592996,4,3,2025-12-29
AKAM/ULTA,AKAM,ULTA,raw_momentum,-1153.829999999996,-0.9869090124004004,-2.072800238151342,1.0022380931024309e-14,10,3,2025-12-29
BWA/INTU,BWA,INTU,raw_momentum,-72.29767392870792,-0.051591607769777253,-2.072800238151342,0.0028360804076082457,8,3,2025-12-29
BWA/MKTX,BWA,MKTX,raw_momentum,2481.412845495725,1.1651079251294614,-2.072800238151342,0.9999999845863519,10,3,2025-12-29
STLD/REGN,STLD,REGN,raw_momentum,-13.81478582413905,-0.7664284620319026,-2.072800238151342,0.0049651732790222695,2,3,2025-12-29
STLD/CMCSA,STLD,CMCSA,raw_momentum,1702.849999999999,1.0606516259935475,-2.072800238151342,0.9999999999999772,8,3,2025-12-29
NUE/PYPL,NUE,PYPL,raw_momentum,3157.062668553857,0.7503931011399795,-2.072800238151342,0.9999955000693934,14,3,2025-12-29
NUE/NFLX,NUE,NFLX,raw_momentum,1318.762032316476,0.3456091314738948,-2.072800238151342,0.9964086163217881,12,3,2025-12-29
KLAC/ISRG,KLAC,ISRG,raw_momentum,-2162.801598349572,-0.7863176593438345,-2.072800238151342,1.486859077028819e-06,8,3,2025-12-29
ON/BSX,ON,BSX,fast_strict,505.4000000000042,0.18899552388856874,-2.366729595544229,0.9521126267440257,24,3,2025-12-29
ON/FMC,ON,FMC,fast_strict,-560.1235935690943,-0.35654992025653226,-2.366729595544229,4.063667564912341e-13,18,3,2025-12-29
LRCX/CAG,LRCX,CAG,fast_strict,1237.89676213438,0.5448761686875773,-2.366729595544229,0.9999999985639972,34,3,2025-12-29
LRCX/JKHY,LRCX,JKHY,fast_strict,1572.545265233083,0.572623876944098,-2.366729595544229,0.9999999499143657,22,3,2025-12-29
CSCO/HII,CSCO,HII,fast_strict,-734.8337547785964,-0.6727019804473412,-2.366729595544229,5.765854788894902e-16,14,3,2025-12-29
CSCO/GIS,CSCO,GIS,fast_strict,1223.728576308263,0.9340828055031374,-2.366729595544229,1.0,26,3,2025-12-29
AKAM/RMD,AKAM,RMD,fast_strict,278.2103986756631,0.30979993546145,-2.366729595544229,0.9991310003806552,12,3,2025-12-29
AKAM/ULTA,AKAM,ULTA,fast_strict,1154.690000000001,0.7643917916367334,-2.366729595544229,0.9999782678213535,18,3,2025-12-29
BWA/INTU,BWA,INTU,fast_strict,396.3730218642812,0.4048151580105439,-2.366729595544229,0.9999195276061323,14,3,2025-12-29
BWA/MKTX,BWA,MKTX,fast_strict,-136.5498524253908,-0.07673545194915962,-2.366729595544229,0.0003569213655519958,24,3,2025-12-29
STLD/REGN,STLD,REGN,fast_strict,-1014.139088770721,-1.0038195158133414,-2.366729595544229,9.390778130820139e-11,10,3,2025-12-29
STLD/CMCSA,STLD,CMCSA,fast_strict,967.8913992461634,0.9819034658284489,-2.366729595544229,0.9999999999997731,12,3,2025-12-29
NUE/PYPL,NUE,PYPL,fast_strict,998.8261216175158,0.30675884547595145,-2.366729595544229,0.9800402264533796,10,3,2025-12-29
NUE/NFLX,NUE,NFLX,fast_strict,1690.606853205045,0.46334259933630206,-2.366729595544229,0.998779580937473,20,3,2025-12-29
KLAC/ISRG,KLAC,ISRG,fast_strict,-860.8182115342954,-0.43326145084595147,-2.366729595544229,1.8689865606050164e-07,16,3,2025-12-29
ON/BSX,ON,BSX,crash_defensive,241.0100000000054,0.112997088958574,-2.584398497133322,0.5869412152288482,16,3,2025-12-29
ON/FMC,ON,FMC,crash_defensive,222.1987262521195,0.06279169629056118,-2.584398497133322,0.2060408892200571,8,3,2025-12-29
LRCX/CAG,LRCX,CAG,crash_defensive,1133.668472689591,0.5036950606127948,-2.584398497133322,0.9999999830382225,26,3,2025-12-29
LRCX/JKHY,LRCX,JKHY,crash_defensive,361.1026538337233,0.18482873686756748,-2.584398497133322,0.9379685304520758,18,3,2025-12-29
CSCO/HII,CSCO,HII,crash_defensive,-867.2096418095279,-0.8975690677453303,-2.584398497133322,2.418952793924996e-08,12,3,2025-12-29
CSCO/GIS,CSCO,GIS,crash_defensive,390.0522558926007,0.3658042511922092,-2.584398497133322,0.9998878772233953,28,3,2025-12-29
AKAM/RMD,AKAM,RMD,crash_defensive,-339.6906370700545,-0.5608382715796097,-2.584398497133322,4.771786173328406e-05,10,3,2025-12-29
AKAM/ULTA,AKAM,ULTA,crash_defensive,-594.8500000000006,-1.1063933096758958,-2.584398497133322,7.055962726205673e-12,12,3,2025-12-29
BWA/INTU,BWA,INTU,crash_defensive,-1169.04757373348,-0.6460790079545631,-2.584398497133322,3.587269126184722e-09,14,3,2025-12-29
BWA/MKTX,BWA,MKTX,crash_defensive,1491.129262995631,1.2526673946550673,-2.584398497133322,0.9999999987355145,12,3,2025-12-29
STLD/REGN,STLD,REGN,crash_defensive,-525.0166840106317,-0.6855521844818602,-2.584398497133322,7.311543954107233e-15,8,3,2025-12-29
STLD/CMCSA,STLD,CMCSA,crash_defensive,1376.544536445239,1.898287953219496,-2.584398497133322,0.9999999999999977,12,3,2025-12-29
NUE/PYPL,NUE,PYPL,crash_defensive,918.2455525809637,0.2573794241441462,-2.584398497133322,0.9730225435280381,16,3,2025-12-29
NUE/NFLX,NUE,NFLX,crash_defensive,1280.745883809496,0.3600741876132377,-2.584398497133322,0.9944238043959197,16,3,2025-12-29
KLAC/ISRG,KLAC,ISRG,crash_defensive,-264.3039300654088,-0.3224297619402823,-2.584398497133322,3.95606596140475e-10,8,3,2025-12-29
ON/BSX,ON,BSX,sensitive_reversal,1249.270000000002,0.44807326284134064,-2.801684162953923,0.9999939041217221,18,3,2025-12-29
ON/FMC,ON,FMC,sensitive_reversal,-4357.482547495761,-0.995322953973784,-2.801684162953923,0.005621885409050794,10,3,2025-12-29
LRCX/CAG,LRCX,CAG,sensitive_reversal,-848.2357464238785,-0.3084830307885869,-2.801684162953923,9.592083325584292e-17,36,3,2025-12-29
LRCX/JKHY,LRCX,JKHY,sensitive_reversal,598.877069282617,0.16954654758663196,-2.801684162953923,0.893844877842195,22,3,2025-12-29
CSCO/HII,CSCO,HII,sensitive_reversal,-1111.801796352738,-0.9691670458786992,-2.801684162953923,3.7894120017765855e-10,12,3,2025-12-29
CSCO/GIS,CSCO,GIS,sensitive_reversal,1195.137822012782,0.5774975308423655,-2.801684162953923,0.999999748602187,38,3,2025-12-29
AKAM/RMD,AKAM,RMD,sensitive_reversal,-510.5265687799981,-0.4281196455318309,-2.801684162953923,0.00010900896587124538,12,3,2025-12-29
AKAM/ULTA,AKAM,ULTA,sensitive_reversal,-1015.939999999997,-1.0598075236982776,-2.801684162953923,1.0963329398645686e-08,12,3,2025-12-29
BWA/INTU,BWA,INTU,sensitive_reversal,-521.3418519531615,-0.32703690968123345,-2.801684162953923,1.3305984801749979e-06,14,3,2025-12-29
BWA/MKTX,BWA,MKTX,sensitive_reversal,2374.614611120943,1.0063394987217382,-2.801684162953923,0.999999893095037,18,3,2025-12-29
STLD/REGN,STLD,REGN,sensitive_reversal,-1262.185795430239,-0.8319328197253321,-2.801684162953923,1.9991870777594808e-13,8,3,2025-12-29
STLD/CMCSA,STLD,CMCSA,sensitive_reversal,602.3292615893049,0.37441926894968264,-2.801684162953923,0.9999433963970839,16,3,2025-12-29
NUE/PYPL,NUE,PYPL,sensitive_reversal,846.551045004431,0.2281045570823538,-2.801684162953923,0.9623956572205626,22,3,2025-12-29
NUE/NFLX,NUE,NFLX,sensitive_reversal,1602.947791881322,0.4540989790813722,-2.801684162953923,0.9977025102079692,14,3,2025-12-29
KLAC/ISRG,KLAC,ISRG,sensitive_reversal,-2859.232766007294,-1.2078424624441528,-2.801684162953923,0.0007283636814955008,12,3,2025-12-29
ON/BSX,ON,BSX,vol_sized_conservative,599.4100000000021,0.48565556211740873,-4.508084319117115,0.9999843574275017,12,3,2025-12-29
ON/FMC,ON,FMC,vol_sized_conservative,180.3548981195494,0.06821212298120438,-4.508084319117115,0.24090696234773679,8,3,2025-12-29
LRCX/CAG,LRCX,CAG,vol_sized_conservative,759.0269950546302,0.5661354653565747,-4.508084319117115,0.9999999993829554,26,3,2025-12-29
LRCX/JKHY,LRCX,JKHY,vol_sized_conservative,-315.0554940681261,-0.23653320021911603,-4.508084319117115,8.295910130312771e-11,18,3,2025-12-29
CSCO/HII,CSCO,HII,vol_sized_conservative,-518.0063325334652,-0.7611922024004087,-4.508084319117115,7.899315448307465e-07,10,3,2025-12-29
CSCO/GIS,CSCO,GIS,vol_sized_conservative,237.8649298780504,0.27576460159843147,-4.508084319117115,0.9976122024122559,28,3,2025-12-29
AKAM/RMD,AKAM,RMD,vol_sized_conservative,-326.1715155513635,-0.7246315254407588,-4.508084319117115,5.875692050708197e-05,10,3,2025-12-29
AKAM/ULTA,AKAM,ULTA,vol_sized_conservative,-345.8499999999994,-0.91608529430433,-4.508084319117115,7.858553902953148e-10,10,3,2025-12-29
BWA/INTU,BWA,INTU,vol_sized_conservative,-578.9953074420332,-0.5937354954500329,-4.508084319117115,3.1371627502213936e-10,14,3,2025-12-29
BWA/MKTX,BWA,MKTX,vol_sized_conservative,967.7895018217109,1.1097838045994357,-4.508084319117115,0.9999999878505385,12,3,2025-12-29
STLD/REGN,STLD,REGN,vol_sized_conservative,-425.8748626066617,-0.8076685041131696,-4.508084319117115,3.5881564095479327e-11,6,3,2025-12-29
STLD/CMCSA,STLD,CMCSA,vol_sized_conservative,1048.599862063737,1.942945362459955,-4.508084319117115,0.9999999999999969,12,3,2025-12-29
NUE/PYPL,NUE,PYPL,vol_sized_conservative,761.7463089671419,0.41239583309986333,-4.508084319117115,0.9981288283516097,16,3,2025-12-29
NUE/NFLX,NUE,NFLX,vol_sized_conservative,588.7400359108249,0.32542815053519136,-4.508084319117115,0.992172982748968,14,3,2025-12-29
KLAC/ISRG,KLAC,ISRG,vol_sized_conservative,-186.750447549057,-0.3069016886176833,-4.508084319117115,3.3158622228728023e-10,8,3,2025-12-29
ON/BSX,ON,BSX,conservative,175.0100000000016,0.1446244508814748,-4.94670871804647,0.7901478464372311,16,3,2025-12-29
ON/FMC,ON,FMC,conservative,181.7548981195494,0.06874164409073975,-4.94670871804647,0.24463170960543945,8,3,2025-12-29
LRCX/CAG,LRCX,CAG,conservative,1372.845643239771,1.322023275851021,-4.94670871804647,0.9999999999999984,28,3,2025-12-29
LRCX/JKHY,LRCX,JKHY,conservative,228.0675529870569,0.1693936565085608,-4.94670871804647,0.8948556079236023,18,3,2025-12-29
CSCO/HII,CSCO,HII,conservative,-539.6100451005505,-0.7851009997254172,-4.94670871804647,6.233293095867484e-07,12,3,2025-12-29
CSCO/GIS,CSCO,GIS,conservative,773.3195031326176,1.1170678492811512,-4.94670871804647,1.0,28,3,2025-12-29
AKAM/RMD,AKAM,RMD,conservative,-233.7388579825388,-0.527293124554792,-4.94670871804647,0.00010217388033350808,10,3,2025-12-29
AKAM/ULTA,AKAM,ULTA,conservative,-356.8299999999998,-0.976074016115637,-4.94670871804647,7.303149900255399e-09,12,3,2025-12-29
BWA/INTU,BWA,INTU,conservative,-863.0017638693098,-1.0588431377865597,-4.94670871804647,2.9944300955939828e-09,14,3,2025-12-29
BWA/MKTX,BWA,MKTX,conservative,983.9164338538301,1.2183503399985494,-4.94670871804647,0.9999995264459871,14,3,2025-12-29
STLD/REGN,STLD,REGN,conservative,-382.4241151430309,-0.6597394208589187,-4.94670871804647,5.3620595294419566e-14,8,3,2025-12-29
STLD/CMCSA,STLD,CMCSA,conservative,171.9488340560988,0.3812987826249489,-4.94670871804647,0.9999521551116062,12,3,2025-12-29
NUE/PYPL,NUE,PYPL,conservative,311.3750030159958,0.17156364385590528,-4.94670871804647,0.8631596156278043,16,3,2025-12-29
NUE/NFLX,NUE,NFLX,conservative,872.3106875645385,0.4887940426544715,-4.94670871804647,0.998575792730176,16,3,2025-12-29
KLAC/ISRG,KLAC,ISRG,conservative,-400.2260398646856,-0.8757337938673001,-4.94670871804647,5.90117276845482e-06,10,3,2025-12-29
ON/BSX,ON,BSX,monthly_aligned_windows,-2512.139999999988,-0.3955008690232839,0.6523000566766113,1.0620712441012312e-11,32,4,2026-02-06
ON/FMC,ON,FMC,monthly_aligned_windows,-2457.290508101804,-0.4351136592532719,0.6523000566766113,8.251656085740272e-08,30,4,2026-02-06
LRCX/CAG,LRCX,CAG,monthly_aligned_windows,10641.72856699816,2.057864174891456,0.6523000566766113,1.0,30,4,2026-02-06
LRCX/JKHY,LRCX,JKHY,monthly_aligned_windows,1335.539746088018,0.1430201476076927,0.6523000566766113,0.902834064164517,32,4,2026-02-06
CSCO/HII,CSCO,HII,monthly_aligned_windows,12848.1896949386,0.8292077978847254,0.6523000566766113,0.9865014384158228,32,4,2026-02-06
CSCO/GIS,CSCO,GIS,monthly_aligned_windows,8285.298947490555,1.3042494554646538,0.6523000566766113,0.9999985040945005,32,4,2026-02-06
AKAM/RMD,AKAM,RMD,monthly_aligned_windows,-2870.936017638071,-0.7925138283022554,0.6523000566766113,6.396050366130936e-07,30,4,2026-02-06
AKAM/ULTA,AKAM,ULTA,monthly_aligned_windows,-1653.340000000002,-0.3823305492499015,0.6523000566766113,1.5608432505064374e-14,26,4,2026-02-06
BWA/INTU,BWA,INTU,monthly_aligned_windows,-2237.172817042991,-0.5292716730883082,0.6523000566766113,1.7328976063871674e-21,32,4,2026-02-06
BWA/MKTX,BWA,MKTX,monthly_aligned_windows,4978.190470260013,0.9694197196600259,0.6523000566766113,1.0,32,4,2026-02-06
STLD/REGN,STLD,REGN,monthly_aligned_windows,14412.412303855,1.1324486229702004,0.6523000566766113,0.9996854566966672,30,4,2026-02-06
STLD/CMCSA,STLD,CMCSA,monthly_aligned_windows,65.2357427925649,0.014723668134427404,0.6523000566766113,0.041352979690341574,30,4,2026-02-06
NUE/PYPL,NUE,PYPL,monthly_aligned_windows,4097.418684357862,0.8369827136969415,0.6523000566766113,0.9999882024410105,30,4,2026-02-06
NUE/NFLX,NUE,NFLX,monthly_aligned_windows,4191.643227621194,0.8598361057567008,0.6523000566766113,0.9999999999999999,32,4,2026-02-06
KLAC/ISRG,KLAC,ISRG,monthly_aligned_windows,3745.854932894063,0.9640753045886566,0.6523000566766113,0.9999999999517126,32,4,2026-02-06
ON/BSX,ON,BSX,kalman_aggressive,6239.910000000016,0.5358408163038151,0.4517103755155058,0.9999999999984552,46,4,2026-02-06
ON/FMC,ON,FMC,kalman_aggressive,3484.66302653227,0.3651294267353213,0.4517103755155058,0.9999970524939911,46,4,2026-02-06
LRCX/CAG,LRCX,CAG,kalman_aggressive,13951.82113020691,1.1724790874499107,0.4517103755155058,1.0,44,4,2026-02-06
LRCX/JKHY,LRCX,JKHY,kalman_aggressive,4065.014036144657,0.4283256306904378,0.4517103755155058,0.9999967212701754,48,4,2026-02-06
CSCO/HII,CSCO,HII,kalman_aggressive,3151.812779875398,0.3977178252706731,0.4517103755155058,0.9999995924972246,44,4,2026-02-06
CSCO/GIS,CSCO,GIS,kalman_aggressive,10597.1306243191,1.6729851937563132,0.4517103755155058,1.0,50,4,2026-02-06
AKAM/RMD,AKAM,RMD,kalman_aggressive,1264.069185800629,0.24912342661805842,0.4517103755155058,0.9989279542603606,40,4,2026-02-06
AKAM/ULTA,AKAM,ULTA,kalman_aggressive,-5707.209999999995,-0.8496081471878923,0.4517103755155058,5.867217978555954e-19,44,4,2026-02-06
BWA/INTU,BWA,INTU,kalman_aggressive,-5484.612656976258,-0.6317513668057528,0.4517103755155058,2.06451692031392e-21,46,4,2026-02-06
BWA/MKTX,BWA,MKTX,kalman_aggressive,10163.5689217862,1.319298397065206,0.4517103755155058,1.0,40,4,2026-02-06
STLD/REGN,STLD,REGN,kalman_aggressive,-3947.171310354152,-0.4661182722977119,0.4517103755155058,4.00570589283062e-21,42,4,2026-02-06
STLD/CMCSA,STLD,CMCSA,kalman_aggressive,1892.724129625443,0.26585660095016866,0.4517103755155058,0.999633008056231,48,4,2026-02-06
NUE/PYPL,NUE,PYPL,kalman_aggressive,7657.815336877919,0.6977108938042581,0.4517103755155058,0.9999999996975574,38,4,2026-02-06
NUE/NFLX,NUE,NFLX,kalman_aggressive,2011.693794318664,0.20756463810020037,0.4517103755155058,0.9843589587255989,50,4,2026-02-06
KLAC/ISRG,KLAC,ISRG,kalman_aggressive,2683.253409779499,0.2723258104342034,0.4517103755155058,0.9920256620373951,48,4,2026-02-06
ON/BSX,ON,BSX,aggressive,-1217.409999999992,-0.10361703674717038,0.326229268047232,6.2492571811383705e-06,44,4,2026-02-06
ON/FMC,ON,FMC,aggressive,-12897.41287069472,-0.8958543316269489,0.326229268047232,1.465575686710857e-08,48,4,2026-02-06
LRCX/CAG,LRCX,CAG,aggressive,24702.51124969011,1.6659416708608568,0.326229268047232,1.0,40,4,2026-02-06
LRCX/JKHY,LRCX,JKHY,aggressive,7426.802325672672,0.5640650001994604,0.326229268047232,0.9999999999992694,46,4,2026-02-06
CSCO/HII,CSCO,HII,aggressive,6636.234815920432,0.7500918873432643,0.326229268047232,0.9999999999990947,40,4,2026-02-06
CSCO/GIS,CSCO,GIS,aggressive,11487.48760133628,1.5445244260260877,0.326229268047232,1.0,48,4,2026-02-06
AKAM/RMD,AKAM,RMD,aggressive,484.7434055101083,0.07771781940120608,0.326229268047232,0.3321996110105617,36,4,2026-02-06
AKAM/ULTA,AKAM,ULTA,aggressive,-8450.279999999993,-1.1039231440123711,0.326229268047232,5.691379480240421e-14,40,4,2026-02-06
BWA/INTU,BWA,INTU,aggressive,1737.532335658155,0.1539069485684557,0.326229268047232,0.8721072362030539,42,4,2026-02-06
BWA/MKTX,BWA,MKTX,aggressive,8736.343936845511,0.9744609127782216,0.326229268047232,1.0,38,4,2026-02-06
STLD/REGN,STLD,REGN,aggressive,-1055.735171564143,-0.11944467547099824,0.326229268047232,7.92601665931173e-08,42,4,2026-02-06
STLD/CMCSA,STLD,CMCSA,aggressive,2863.996716156885,0.3777841825232733,0.326229268047232,0.9999999717057955,48,4,2026-02-06
NUE/PYPL,NUE,PYPL,aggressive,11631.27559588577,0.8741037401711903,0.326229268047232,0.999999999502506,36,4,2026-02-06
NUE/NFLX,NUE,NFLX,aggressive,-1106.887048172046,-0.10145283517301872,0.326229268047232,1.0705227026074182e-05,46,4,2026-02-06
KLAC/ISRG,KLAC,ISRG,aggressive,-2397.836118847932,-0.21448663228389875,0.326229268047232,3.952397122724611e-16,46,4,2026-02-06
ON/BSX,ON,BSX,beta_neutral_long_term,3913.610000000003,0.8937187114629642,0.1578258640148218,1.0,12,4,2026-02-06
ON/FMC,ON,FMC,beta_neutral_long_term,1828.415736766808,0.5703240441440689,0.1578258640148218,0.9954590757638471,4,4,2026-02-06
LRCX/CAG,LRCX,CAG,beta_neutral_long_term,5529.601219017157,0.7948332046134009,0.1578258640148218,0.9999999999999938,18,4,2026-02-06
LRCX/JKHY,LRCX,JKHY,beta_neutral_long_term,5750.350786488077,1.080040797453264,0.1578258640148218,0.9999999988404608,10,4,2026-02-06
CSCO/HII,CSCO,HII,beta_neutral_long_term,1098.895591542884,0.701942384563301,0.1578258640148218,0.9999999795470952,6,4,2026-02-06
CSCO/GIS,CSCO,GIS,beta_neutral_long_term,-1010.459492316195,-0.33994934406935906,0.1578258640148218,9.153525669029015e-24,20,4,2026-02-06
AKAM/RMD,AKAM,RMD,beta_neutral_long_term,-1265.565484652402,-0.998420725587809,0.1578258640148218,3.413763041688741e-11,10,4,2026-02-06
AKAM/ULTA,AKAM,ULTA,beta_neutral_long_term,1128.060000000004,0.3613970522904832,0.1578258640148218,0.9993893566704491,8,4,2026-02-06
BWA/INTU,BWA,INTU,beta_neutral_long_term,2842.756906932949,1.0290074939065061,0.1578258640148218,0.9999999999963652,10,4,2026-02-06
BWA/MKTX,BWA,MKTX,beta_neutral_long_term,4066.499165304083,1.7242832767000889,0.1578258640148218,0.9999999976288559,6,4,2026-02-06
STLD/REGN,STLD,REGN,beta_neutral_long_term,-803.2187523061585,-1.1314262689259038,0.1578258640148218,4.843713982119829e-05,2,4,2026-02-06
STLD/CMCSA,STLD,CMCSA,beta_neutral_long_term,2807.578082218888,0.6800946150114116,0.1578258640148218,1.0,10,4,2026-02-06
NUE/PYPL,NUE,PYPL,beta_neutral_long_term,4798.888805970927,1.7453832475409377,0.1578258640148218,0.9999999999999998,10,4,2026-02-06
NUE/NFLX,NUE,NFLX,beta_neutral_long_term,1875.489888287751,0.708189312030572,0.1578258640148218,0.9999999999999999,13,4,2026-02-06
KLAC/ISRG,KLAC,ISRG,beta_neutral_long_term,1276.575596247246,0.5995182730017498,0.1578258640148218,0.9998409332321442,6,4,2026-02-06
ON/BSX,ON,BSX,crash_tolerant,7383.490000000006,0.8856761806143623,0.1323226945300986,0.9999990648503292,20,4,2026-02-06
ON/FMC,ON,FMC,crash_tolerant,905.879037610553,0.06184513883124418,0.1323226945300986,0.21154920667894184,8,4,2026-02-06
LRCX/CAG,LRCX,CAG,crash_tolerant,6165.277564738891,0.6124431719018381,0.1323226945300986,0.9999999999990175,28,4,2026-02-06
LRCX/JKHY,LRCX,JKHY,crash_tolerant,1396.111421176671,0.17243674614070134,0.1323226945300986,0.9220970191115326,18,4,2026-02-06
CSCO/HII,CSCO,HII,crash_tolerant,-4486.157423571543,-1.0565506534972442,0.1323226945300986,1.1017792865077222e-08,14,4,2026-02-06
CSCO/GIS,CSCO,GIS,crash_tolerant,1384.605287934805,0.3017366475413247,0.1323226945300986,0.9992893148723337,28,4,2026-02-06
AKAM/RMD,AKAM,RMD,crash_tolerant,-2084.442269843747,-0.7691441083660614,0.1323226945300986,3.345570567752918e-06,10,4,2026-02-06
AKAM/ULTA,AKAM,ULTA,crash_tolerant,-2646.889999999999,-1.1771336991580916,0.1323226945300986,1.0039437355000514e-12,12,4,2026-02-06
BWA/INTU,BWA,INTU,crash_tolerant,441.6428913514023,0.08501620556373983,0.1323226945300986,0.377715028399126,18,4,2026-02-06
BWA/MKTX,BWA,MKTX,crash_tolerant,7321.539500410594,1.4251811735444238,0.1323226945300986,0.9999999998770043,14,4,2026-02-06
STLD/REGN,STLD,REGN,crash_tolerant,-2951.979619010296,-0.8754642246389722,0.1323226945300986,2.362868345215491e-16,8,4,2026-02-06
STLD/CMCSA,STLD,CMCSA,crash_tolerant,5508.573402515764,1.8308924236012845,0.1323226945300986,0.9999999999999976,12,4,2026-02-06
NUE/PYPL,NUE,PYPL,crash_tolerant,11608.69277883744,1.3970058899716464,0.1323226945300986,0.999982452920158,20,4,2026-02-06
NUE/NFLX,NUE,NFLX,crash_tolerant,6634.243967993543,1.0327422124916108,0.1323226945300986,0.999999999999936,20,4,2026-02-06
KLAC/ISRG,KLAC,ISRG,crash_tolerant,-1457.087286551855,-0.24456636837067783,0.1323226945300986,1.0025920858631272e-13,10,4,2026-02-06
ON/BSX,ON,BSX,trend_leverage,4726.809999999996,0.7275302025493215,-0.1082341748905681,0.9999996392564307,20,4,2026-02-06
ON/FMC,ON,FMC,trend_leverage,673.2880150851975,0.061265867825646046,-0.1082341748905681,0.20799829945115073,8,4,2026-02-06
LRCX/CAG,LRCX,CAG,trend_leverage,5816.281042353826,0.7478289205945043,-0.1082341748905681,0.9999999999999997,28,4,2026-02-06
LRCX/JKHY,LRCX,JKHY,trend_leverage,1092.000070399338,0.17966202676092424,-0.1082341748905681,0.9390364758924078,18,4,2026-02-06
CSCO/HII,CSCO,HII,trend_leverage,-3358.639417570378,-1.0547812961593532,-0.1082341748905681,9.188372191843713e-09,14,4,2026-02-06
CSCO/GIS,CSCO,GIS,trend_leverage,1033.770521187342,0.3002437334720739,-0.1082341748905681,0.9992590160557204,28,4,2026-02-06
AKAM/RMD,AKAM,RMD,trend_leverage,-1427.545835513267,-0.7147579445591432,-0.1082341748905681,6.534232457978897e-06,8,4,2026-02-06
AKAM/ULTA,AKAM,ULTA,trend_leverage,-2034.719999999998,-1.207466062482637,-0.1082341748905681,1.1702681788840637e-12,12,4,2026-02-06
BWA/INTU,BWA,INTU,trend_leverage,-304.7489662804014,-0.06761863019116722,-0.1082341748905681,0.0006221717338602952,18,4,2026-02-06
BWA/MKTX,BWA,MKTX,trend_leverage,4992.32874263624,1.306222465048893,-0.1082341748905681,0.9999999997496374,14,4,2026-02-06
STLD/REGN,STLD,REGN,trend_leverage,-2275.013973473822,-0.8942819832989005,-0.1082341748905681,3.463059260431358e-16,8,4,2026-02-06
STLD/CMCSA,STLD,CMCSA,trend_leverage,4115.496194080431,1.8291260908716958,-0.1082341748905681,0.9999999999999974,12,4,2026-02-06
NUE/PYPL,NUE,PYPL,trend_leverage,9263.81789047095,1.1434452998149145,-0.1082341748905681,0.9999999463265747,20,4,2026-02-06
NUE/NFLX,NUE,NFLX,trend_leverage,5974.70184780479,0.9070047983349862,-0.1082341748905681,0.9999993000321119,18,4,2026-02-06
KLAC/ISRG,KLAC,ISRG,trend_leverage,-601.4531953407377,-0.13345664816534633,-0.1082341748905681,1.0366806550435476e-10,10,4,2026-02-06
ON/BSX,ON,BSX,no_reversal_protection,7080.779999999999,1.3658484328617522,-0.2819661772054709,0.9999999999903377,18,4,2026-02-06
ON/FMC,ON,FMC,no_reversal_protection,-3961.591676968055,-0.8459452814828985,-0.2819661772054709,0.0026971176074101874,6,4,2026-02-06
LRCX/CAG,LRCX,CAG,no_reversal_protection,2434.179660511307,0.46578293227222756,-0.2819661772054709,0.9999999986652947,28,4,2026-02-06
LRCX/JKHY,LRCX,JKHY,no_reversal_protection,-1471.170209861029,-0.3527649657210585,-0.2819661772054709,1.867790581657524e-18,18,4,2026-02-06
CSCO/HII,CSCO,HII,no_reversal_protection,-1700.905606981309,-1.0114171532653833,-0.2819661772054709,3.6633017854618984e-22,12,4,2026-02-06
CSCO/GIS,CSCO,GIS,no_reversal_protection,675.4131509581069,0.2387352778241477,-0.2819661772054709,0.994201728268134,26,4,2026-02-06
AKAM/RMD,AKAM,RMD,no_reversal_protection,-1804.141157938432,-1.1340406186843583,-0.2819661772054709,8.79925244373096e-09,10,4,2026-02-06
AKAM/ULTA,AKAM,ULTA,no_reversal_protection,150.5400000000009,0.07562747276833139,-0.2819661772054709,0.2621020120188236,12,4,2026-02-06
BWA/INTU,BWA,INTU,no_reversal_protection,886.4687638372816,0.28203393543866706,-0.2819661772054709,0.9999425783427934,16,4,2026-02-06
BWA/MKTX,BWA,MKTX,no_reversal_protection,3093.707759987248,1.2353603555042199,-0.2819661772054709,0.9999999989332351,14,4,2026-02-06
STLD/REGN,STLD,REGN,no_reversal_protection,-1614.188936072499,-0.92202367817448,-0.2819661772054709,4.740661879009156e-18,8,4,2026-02-06
STLD/CMCSA,STLD,CMCSA,no_reversal_protection,3900.706573493763,1.8948662661942586,-0.2819661772054709,1.0,10,4,2026-02-06
NUE/PYPL,NUE,PYPL,no_reversal_protection,5403.613066544362,0.9784471620329587,-0.2819661772054709,0.9999999692028395,20,4,2026-02-06
NUE/NFLX,NUE,NFLX,no_reversal_protection,12486.80233313948,1.0476471013205968,-0.2819661772054709,0.9921370594357624,18,4,2026-02-06
KLAC/ISRG,KLAC,ISRG,no_reversal_protection,-901.9650584413662,-0.3074579120723946,-0.2819661772054709,2.0127362077156043e-12,10,4,2026-02-06
ON/BSX,ON,BSX,beta_neutral,3589.520000000002,0.8201398145219156,-0.5442930424081659,0.9999999999999987,18,4,2026-02-06
ON/FMC,ON,FMC,beta_neutral,-1000.975296374769,-0.2372700359365846,-0.5442930424081659,1.59237241682556e-07,8,4,2026-02-06
LRCX/CAG,LRCX,CAG,beta_neutral,5299.062091581489,0.8206150166445889,-0.5442930424081659,1.0,28,4,2026-02-06
LRCX/JKHY,LRCX,JKHY,beta_neutral,251.334413834559,0.05608596448641563,-0.5442930424081659,0.1996707879949549,18,4,2026-02-06
CSCO/HII,CSCO,HII,beta_neutral,-731.8833124347094,-0.5568369541780658,-0.5442930424081659,1.832983756051354e-12,12,4,2026-02-06
CSCO/GIS,CSCO,GIS,beta_neutral,936.9077659247982,0.35224879343707627,-0.5442930424081659,0.9986819972715003,28,4,2026-02-06
AKAM/RMD,AKAM,RMD,beta_neutral,-758.2151593266733,-0.5894001473986593,-0.5442930424081659,1.71713629762033e-08,10,4,2026-02-06
AKAM/ULTA,AKAM,ULTA,beta_neutral,-650.7099999999998,-0.6164284472574229,-0.5442930424081659,9.871674965840657e-18,10,4,2026-02-06
BWA/INTU,BWA,INTU,beta_neutral,-3000.583875162888,-0.6718806529629643,-0.5442930424081659,2.1805238312204285e-07,18,4,2026-02-06
BWA/MKTX,BWA,MKTX,beta_neutral,3178.765300831698,1.2030486977682666,-0.5442930424081659,0.9999996317990214,14,4,2026-02-06
STLD/REGN,STLD,REGN,beta_neutral,-1562.80274169912,-0.9998000497111665,-0.5442930424081659,6.361466211299028e-12,6,4,2026-02-06
STLD/CMCSA,STLD,CMCSA,beta_neutral,4580.864065822875,1.680266212275557,-0.5442930424081659,1.0,12,4,2026-02-06
NUE/PYPL,NUE,PYPL,beta_neutral,8759.839733353609,1.5948534951507523,-0.5442930424081659,0.9999999999999789,20,4,2026-02-06
NUE/NFLX,NUE,NFLX,beta_neutral,3126.544533808304,0.7509009150023191,-0.5442930424081659,0.9999997812234334,14,4,2026-02-06
KLAC/ISRG,KLAC,ISRG,beta_neutral,-1178.912451784587,-0.2598680974278316,-0.5442930424081659,1.0036892403179724e-12,10,4,2026-02-06
ON/BSX,ON,BSX,weekly_aligned_windows,4848.02,0.5042738954180342,-0.5496528029093181,0.9999999871692281,86,4,2026-02-06
ON/FMC,ON,FMC,weekly_aligned_windows,4620.450219271035,0.5169522754059623,-0.5496528029093181,0.9998806346671669,80,4,2026-02-06
LRCX/CAG,LRCX,CAG,weekly_aligned_windows,5141.348836480767,0.8516612436465598,-0.5496528029093181,1.0,92,4,2026-02-06
LRCX/JKHY,LRCX,JKHY,weekly_aligned_windows,3511.09565717424,0.5522684353301448,-0.5496528029093181,0.9999999999996266,88,4,2026-02-06
CSCO/HII,CSCO,HII,weekly_aligned_windows,4646.438379947933,0.862253537949668,-0.5496528029093181,0.9999999982661754,80,4,2026-02-06
CSCO/GIS,CSCO,GIS,weekly_aligned_windows,28.87992663707382,0.008558607611531861,-0.5496528029093181,0.02918642310032175,86,4,2026-02-06
AKAM/RMD,AKAM,RMD,weekly_aligned_windows,-1571.324412846967,-0.3128264412319739,-0.5496528029093181,4.97332466420234e-10,78,4,2026-02-06
AKAM/ULTA,AKAM,ULTA,weekly_aligned_windows,-4374.550000000003,-0.8595151993620419,-0.5496528029093181,4.853383019550706e-16,74,4,2026-02-06
BWA/INTU,BWA,INTU,weekly_aligned_windows,-4079.656615492773,-0.5424742703465608,-0.5496528029093181,1.2846331754225979e-05,86,4,2026-02-06
BWA/MKTX,BWA,MKTX,weekly_aligned_windows,2707.213530990019,0.5701139419775216,-0.5496528029093181,1.0,82,4,2026-02-06
STLD/REGN,STLD,REGN,weekly_aligned_windows,-901.6013862428783,-0.17436505848239067,-0.5496528029093181,2.2995919620858782e-08,88,4,2026-02-06
STLD/CMCSA,STLD,CMCSA,weekly_aligned_windows,-3890.622917176437,-1.0040251939032885,-0.5496528029093181,1.4608980029223608e-39,84,4,2026-02-06
NUE/PYPL,NUE,PYPL,weekly_aligned_windows,2530.470059008543,0.35221879001367734,-0.5496528029093181,0.9999962371865478,94,4,2026-02-06
NUE/NFLX,NUE,NFLX,weekly_aligned_windows,802.6915927145247,0.14219010142842942,-0.5496528029093181,0.8318452189635005,86,4,2026-02-06
KLAC/ISRG,KLAC,ISRG,weekly_aligned_windows,-1899.759062443249,-0.3233378235599677,-0.5496528029093181,3.952905948839276e-12,88,4,2026-02-06
ON/BSX,ON,BSX,let_profits_run,4430.880000000005,0.9347602748478433,-0.5509239963861106,1.0,12,4,2026-02-06
ON/FMC,ON,FMC,let_profits_run,-120.0742775393414,-0.1127281640431695,-0.5509239963861106,1.2491792338085573e-07,4,4,2026-02-06
LRCX/CAG,LRCX,CAG,let_profits_run,2853.20770294422,0.49857392678767665,-0.5509239963861106,0.9999999793631651,20,4,2026-02-06
LRCX/JKHY,LRCX,JKHY,let_profits_run,-722.1552251599567,-0.19790196356953263,-0.5509239963861106,1.8066178022144666e-09,12,4,2026-02-06
CSCO/HII,CSCO,HII,let_profits_run,-1160.787532382668,-0.3849615838516633,-0.5509239963861106,0.0004254088297002191,8,4,2026-02-06
CSCO/GIS,CSCO,GIS,let_profits_run,-29.83302038821057,-0.009917243574789191,-0.5509239963861106,0.010478944994936094,22,4,2026-02-06
AKAM/RMD,AKAM,RMD,let_profits_run,-892.0758342309132,-0.5798633183334421,-0.5509239963861106,3.605100436540262e-08,10,4,2026-02-06
AKAM/ULTA,AKAM,ULTA,let_profits_run,933.6000000000003,0.4110747817944903,-0.5509239963861106,0.9999853972115922,8,4,2026-02-06
BWA/INTU,BWA,INTU,let_profits_run,1848.713597120905,0.8170651585265887,-0.5509239963861106,1.0,10,4,2026-02-06
BWA/MKTX,BWA,MKTX,let_profits_run,3769.831164959978,1.4050927794635064,-0.5509239963861106,0.9999999997844337,6,4,2026-02-06
STLD/REGN,STLD,REGN,let_profits_run,-1517.735408972474,-1.6239012008329152,-0.5509239963861106,1.0465030138261992e-06,6,4,2026-02-06
STLD/CMCSA,STLD,CMCSA,let_profits_run,1461.987850807638,0.5816309481787434,-0.5509239963861106,0.999999999990462,10,4,2026-02-06
NUE/PYPL,NUE,PYPL,let_profits_run,6379.401947569896,1.3235814982470948,-0.5509239963861106,0.9999971255419587,12,4,2026-02-06
NUE/NFLX,NUE,NFLX,let_profits_run,4162.453550136276,1.1670356176961727,-0.5509239963861106,0.9999999965748317,12,4,2026-02-06
KLAC/ISRG,KLAC,ISRG,let_profits_run,808.896498621905,0.441739900973712,-0.5509239963861106,0.9989745186069262,8,4,2026-02-06
ON/BSX,ON,BSX,no_skip_month,-260.0200000000059,-0.04446954100981453,-0.6315021191702712,0.0010416159206213136,24,4,2026-02-06
ON/FMC,ON,FMC,no_skip_month,466.1958635835325,0.06359310505178287,-0.6315021191702712,0.22321473050793078,8,4,2026-02-06
LRCX/CAG,LRCX,CAG,no_skip_month,4233.381909377951,0.849390731291942,-0.6315021191702712,0.9999999999999999,28,4,2026-02-06
LRCX/JKHY,LRCX,JKHY,no_skip_month,817.5221035864329,0.2015590050118526,-0.6315021191702712,0.972327322707975,18,4,2026-02-06
CSCO/HII,CSCO,HII,no_skip_month,-713.1031153061831,-0.1899096523073059,-0.6315021191702712,1.212825812006437e-08,18,4,2026-02-06
CSCO/GIS,CSCO,GIS,no_skip_month,255.4285809400264,0.09368287714822397,-0.6315021191702712,0.4665206198923105,30,4,2026-02-06
AKAM/RMD,AKAM,RMD,no_skip_month,-1499.703365985891,-0.9149732827179267,-0.6315021191702712,4.364200029623408e-09,14,4,2026-02-06
AKAM/ULTA,AKAM,ULTA,no_skip_month,-3611.979999999998,-1.2991445174689362,-0.6315021191702712,0.001468799024526571,14,4,2026-02-06
BWA/INTU,BWA,INTU,no_skip_month,916.566112768577,0.3585841379517848,-0.6315021191702712,0.9999998248900108,18,4,2026-02-06
BWA/MKTX,BWA,MKTX,no_skip_month,4014.769939387652,1.1859591508649485,-0.6315021191702712,0.9999999999999927,18,4,2026-02-06
STLD/REGN,STLD,REGN,no_skip_month,1532.03659938533,0.3852510905446706,-0.6315021191702712,0.9999798760665707,12,4,2026-02-06
STLD/CMCSA,STLD,CMCSA,no_skip_month,2309.68897531367,1.2754405292205535,-0.6315021191702712,1.0,16,4,2026-02-06
NUE/PYPL,NUE,PYPL,no_skip_month,7036.857572787905,1.821138537055335,-0.6315021191702712,0.9999003191533266,24,4,2026-02-06
NUE/NFLX,NUE,NFLX,no_skip_month,2037.966012725451,0.7985929813446419,-0.6315021191702712,0.9999999999743914,22,4,2026-02-06
KLAC/ISRG,KLAC,ISRG,no_skip_month,5.346345878383659,0.0011461912568034587,-0.6315021191702712,0.019701926597319615,14,4,2026-02-06
ON/BSX,ON,BSX,uniform_weights,3428.890000000006,0.7784443151052278,-0.7132677779920966,0.9999999336614702,20,4,2026-02-06
ON/FMC,ON,FMC,uniform_weights,451.7291253861057,0.06174452038459567,-0.7132677779920966,0.21111429934694897,8,4,2026-02-06
LRCX/CAG,LRCX,CAG,uniform_weights,2666.580274218506,0.52807055582063,-0.7132677779920966,0.999999999934691,28,4,2026-02-06
LRCX/JKHY,LRCX,JKHY,uniform_weights,307.4238944610402,0.0764866285355263,-0.7132677779920966,0.33108227848131494,18,4,2026-02-06
CSCO/HII,CSCO,HII,uniform_weights,-1557.055894953072,-0.7714024187757414,-0.7132677779920966,1.594697552951858e-08,12,4,2026-02-06
CSCO/GIS,CSCO,GIS,uniform_weights,687.1273332595676,0.2998384510815569,-0.7132677779920966,0.9992496434208441,28,4,2026-02-06
AKAM/RMD,AKAM,RMD,uniform_weights,-718.1891159332855,-0.5514674036809125,-0.7132677779920966,1.8425129586685916e-05,6,4,2026-02-06
AKAM/ULTA,AKAM,ULTA,uniform_weights,-1319.659999999997,-1.1740064639625158,-0.7132677779920966,1.833701440145166e-12,12,4,2026-02-06
BWA/INTU,BWA,INTU,uniform_weights,-75.17335815529805,-0.025084053833099678,-0.7132677779920966,0.005464748406956709,16,4,2026-02-06
BWA/MKTX,BWA,MKTX,uniform_weights,3643.311865801375,1.4220734070696166,-0.7132677779920966,0.999999999896372,14,4,2026-02-06
STLD/REGN,STLD,REGN,uniform_weights,-1475.989809505148,-0.8754642246389721,-0.7132677779920966,2.362868345215491e-16,8,4,2026-02-06
STLD/CMCSA,STLD,CMCSA,uniform_weights,2030.058613652018,1.2847274303971554,-0.7132677779920966,1.0,14,4,2026-02-06
NUE/PYPL,NUE,PYPL,uniform_weights,6146.714723232988,1.14013697187256,-0.7132677779920966,0.9999999498256898,20,4,2026-02-06
NUE/NFLX,NUE,NFLX,uniform_weights,4300.994906496851,0.9907935658301987,-0.7132677779920966,0.9999991793949992,16,4,2026-02-06
KLAC/ISRG,KLAC,ISRG,uniform_weights,-746.8417415567246,-0.2552129030729054,-0.7132677779920966,2.4591456180978166e-13,10,4,2026-02-06
ON/BSX,ON,BSX,vol_weighted_sizing,3428.400000000006,0.7782017515426802,-0.7210107189443734,0.9999999341628723,20,4,2026-02-06
ON/FMC,ON,FMC,vol_weighted_sizing,451.7291253861057,0.06174452038459567,-0.7210107189443734,0.21111429934694897,8,4,2026-02-06
LRCX/CAG,LRCX,CAG,vol_weighted_sizing,3116.25375901371,0.6185064262462925,-0.7210107189443734,0.9999999999992416,28,4,2026-02-06
LRCX/JKHY,LRCX,JKHY,vol_weighted_sizing,733.3604884635732,0.18129933502769857,-0.7210107189443734,0.9422580850196373,18,4,2026-02-06
CSCO/HII,CSCO,HII,vol_weighted_sizing,-2223.322230568255,-1.0527052757467306,-0.7210107189443734,8.184166007207503e-09,14,4,2026-02-06
CSCO/GIS,CSCO,GIS,vol_weighted_sizing,687.1273332595676,0.2998384510815569,-0.7210107189443734,0.9992496434208441,28,4,2026-02-06
AKAM/RMD,AKAM,RMD,vol_weighted_sizing,-1038.211274140109,-0.766383798048589,-0.7210107189443734,4.0641363751160665e-06,10,4,2026-02-06
AKAM/ULTA,AKAM,ULTA,vol_weighted_sizing,-1319.659999999997,-1.1740064639625158,-0.7210107189443734,1.833701440145166e-12,12,4,2026-02-06
BWA/INTU,BWA,INTU,vol_weighted_sizing,-269.6675823662217,-0.09069367766787212,-0.7210107189443734,0.00019182537547361757,18,4,2026-02-06
BWA/MKTX,BWA,MKTX,vol_weighted_sizing,3643.311865801375,1.4220734070696166,-0.7210107189443734,0.999999999896372,14,4,2026-02-06
STLD/REGN,STLD,REGN,vol_weighted_sizing,-1475.989809505148,-0.8754642246389721,-0.7210107189443734,2.362868345215491e-16,8,4,2026-02-06
STLD/CMCSA,STLD,CMCSA,vol_weighted_sizing,2742.796650871724,1.8351145940022882,-0.7210107189443734,0.9999999999999973,12,4,2026-02-06
NUE/PYPL,NUE,PYPL,vol_weighted_sizing,6145.464723232988,1.139976945940676,-0.7210107189443734,0.9999999496307599,20,4,2026-02-06
NUE/NFLX,NUE,NFLX,vol_weighted_sizing,3763.837137691525,0.8546467717520774,-0.7210107189443734,0.9999991674636434,20,4,2026-02-06
KLAC/ISRG,KLAC,ISRG,vol_weighted_sizing,-746.8417415567246,-0.2552129030729054,-0.7210107189443734,2.4591456180978166e-13,10,4,2026-02-06
ON/BSX,ON,BSX,kalman_hedge,3412.420000000003,0.7742795790305771,-0.7271433316101987,0.9999999309435472,20,4,2026-02-06
ON/FMC,ON,FMC,kalman_hedge,295.8557610211323,0.04119571003682934,-0.7271433316101987,0.10631516719779832,8,4,2026-02-06
LRCX/CAG,LRCX,CAG,kalman_hedge,3327.538390507008,0.651525725037296,-0.7271433316101987,0.999999999999935,28,4,2026-02-06
LRCX/JKHY,LRCX,JKHY,kalman_hedge,747.2930979790501,0.1843616179103389,-0.7271433316101987,0.948485383782727,18,4,2026-02-06
CSCO/HII,CSCO,HII,kalman_hedge,-2216.728710749129,-1.052680743294636,-0.7271433316101987,9.671646740441972e-09,14,4,2026-02-06
CSCO/GIS,CSCO,GIS,kalman_hedge,692.4398702043766,0.3026279510568273,-0.7271433316101987,0.9992649599803997,28,4,2026-02-06
AKAM/RMD,AKAM,RMD,kalman_hedge,-1040.541274140109,-0.7676262134271619,-0.7271433316101987,4.011691030675474e-06,10,4,2026-02-06
AKAM/ULTA,AKAM,ULTA,kalman_hedge,-1313.339999999997,-1.1708866319617317,-0.7271433316101987,2.010110852708888e-12,12,4,2026-02-06
BWA/INTU,BWA,INTU,kalman_hedge,-277.7471298911296,-0.0934089434398954,-0.7271433316101987,0.0001671465957168138,18,4,2026-02-06
BWA/MKTX,BWA,MKTX,kalman_hedge,3642.990729503724,1.4217392291639186,-0.7271433316101987,0.9999999998849125,14,4,2026-02-06
STLD/REGN,STLD,REGN,kalman_hedge,-1478.048387513354,-0.87636755856482,-0.7271433316101987,2.2643251856434006e-16,8,4,2026-02-06
STLD/CMCSA,STLD,CMCSA,kalman_hedge,2820.001774267746,1.8370465444894046,-0.7271433316101987,0.999999999999999,12,4,2026-02-06
NUE/PYPL,NUE,PYPL,kalman_hedge,5905.40016480826,1.0928152089902379,-0.7271433316101987,0.9999998988582058,20,4,2026-02-06
NUE/NFLX,NUE,NFLX,kalman_hedge,3738.22230274007,0.8554239363466309,-0.7271433316101987,0.9999988346458072,20,4,2026-02-06
KLAC/ISRG,KLAC,ISRG,kalman_hedge,-746.8417415567246,-0.2552129030729054,-0.7271433316101987,2.4591456180978166e-13,10,4,2026-02-06
ON/BSX,ON,BSX,long_term_tilt,3423.220000000006,0.8442734014740799,-0.7362242926914727,0.9999999999999933,12,4,2026-02-06
ON/FMC,ON,FMC,long_term_tilt,1505.003762517883,0.8367577912383561,-0.7362242926914727,0.9982111299811081,4,4,2026-02-06
LRCX/CAG,LRCX,CAG,long_term_tilt,1463.881529272294,0.2981969222565818,-0.7362242926914727,0.9992054196212511,18,4,2026-02-06
LRCX/JKHY,LRCX,JKHY,long_term_tilt,3363.786281987934,0.9404327941307873,-0.7362242926914727,0.9999999999960352,10,4,2026-02-06
CSCO/HII,CSCO,HII,long_term_tilt,1124.829952814432,0.4220208172607551,-0.7362242926914727,0.9980099479665288,6,4,2026-02-06
CSCO/GIS,CSCO,GIS,long_term_tilt,-730.1594560399976,-0.2683030218218873,-0.7362242926914727,1.605388212004883e-18,20,4,2026-02-06
AKAM/RMD,AKAM,RMD,long_term_tilt,-1555.003501285128,-1.1933726697223062,-0.7362242926914727,1.9372943522740012e-19,10,4,2026-02-06
AKAM/ULTA,AKAM,ULTA,long_term_tilt,271.7400000000042,0.11102548092545296,-0.7362242926914727,0.6171795982371713,8,4,2026-02-06
BWA/INTU,BWA,INTU,long_term_tilt,1844.271114130698,0.8390567843532598,-0.7362242926914727,0.9999999999999996,10,4,2026-02-06
BWA/MKTX,BWA,MKTX,long_term_tilt,4052.395225006193,1.7252944659554519,-0.7362242926914727,0.9999999971247538,6,4,2026-02-06
STLD/REGN,STLD,REGN,long_term_tilt,-813.6826402046867,-1.1371598397155958,-0.7362242926914727,0.00017787458965106266,2,4,2026-02-06
STLD/CMCSA,STLD,CMCSA,long_term_tilt,273.0278434643562,0.10362179511930862,-0.7362242926914727,0.5475887638053716,10,4,2026-02-06
NUE/PYPL,NUE,PYPL,long_term_tilt,5135.924174998852,1.6051354502958035,-0.7362242926914727,0.9964703088920173,10,4,2026-02-06
NUE/NFLX,NUE,NFLX,long_term_tilt,645.2353481145346,0.2691717490561001,-0.7362242926914727,0.9965252544402363,14,4,2026-02-06
KLAC/ISRG,KLAC,ISRG,long_term_tilt,1179.061541018992,0.8073398445533702,-0.7362242926914727,0.9999993800035447,6,4,2026-02-06
ON/BSX,ON,BSX,fast_rebalance,44.08000000000703,0.011821120441132928,-0.7365928912494552,0.032495778398828765,28,4,2026-02-06
ON/FMC,ON,FMC,fast_rebalance,-90.3645286720548,-0.03873878482940602,-0.7365928912494552,0.0021047544611014365,16,4,2026-02-06
LRCX/CAG,LRCX,CAG,fast_rebalance,4077.277341859533,1.083956164475225,-0.7365928912494552,1.0,36,4,2026-02-06
LRCX/JKHY,LRCX,JKHY,fast_rebalance,3798.448471035764,0.9145394747475734,-0.7365928912494552,0.9999999997939594,24,4,2026-02-06
CSCO/HII,CSCO,HII,fast_rebalance,520.5080174857443,0.2446100428734817,-0.7365928912494552,0.9959188907209472,18,4,2026-02-06
CSCO/GIS,CSCO,GIS,fast_rebalance,1641.022302554634,0.9085786280429138,-0.7365928912494552,1.0,26,4,2026-02-06
AKAM/RMD,AKAM,RMD,fast_rebalance,-583.743982398201,-0.3976601841055933,-0.7365928912494552,5.717309879605348e-07,12,4,2026-02-06
AKAM/ULTA,AKAM,ULTA,fast_rebalance,778.1100000000023,0.352149879993483,-0.7365928912494552,0.9999579801688068,20,4,2026-02-06
BWA/INTU,BWA,INTU,fast_rebalance,1943.162876291411,0.8023526225342533,-0.7365928912494552,0.9999999919816974,18,4,2026-02-06
BWA/MKTX,BWA,MKTX,fast_rebalance,902.8730286303507,0.2940278794445086,-0.7365928912494552,0.9999460820588173,28,4,2026-02-06
STLD/REGN,STLD,REGN,fast_rebalance,-715.1573264453756,-0.4086591104148263,-0.7365928912494552,4.107728101073034e-14,12,4,2026-02-06
STLD/CMCSA,STLD,CMCSA,fast_rebalance,1718.707273351517,1.2302404007658703,-0.7365928912494552,0.9999999999999488,12,4,2026-02-06
NUE/PYPL,NUE,PYPL,fast_rebalance,4911.690350414372,1.0726916939316136,-0.7365928912494552,0.9999612214687537,16,4,2026-02-06
NUE/NFLX,NUE,NFLX,fast_rebalance,2538.520017373049,0.6247561119280702,-0.7365928912494552,0.9999548939907676,24,4,2026-02-06
KLAC/ISRG,KLAC,ISRG,fast_rebalance,-1256.406194381237,-0.3464665500620017,-0.7365928912494552,3.318173102826342e-14,18,4,2026-02-06
ON/BSX,ON,BSX,short_term_beta_neutral,-122.8200000000037,-0.03479579200362447,-0.7376782890021891,0.0030690032014988352,30,4,2026-02-06
ON/FMC,ON,FMC,short_term_beta_neutral,3828.010340873447,0.8142397174755881,-0.7376782890021891,0.9999999992410561,18,4,2026-02-06
LRCX/CAG,LRCX,CAG,short_term_beta_neutral,2955.417881398304,0.6048622992023311,-0.7376782890021891,0.9999999999999932,38,4,2026-02-06
LRCX/JKHY,LRCX,JKHY,short_term_beta_neutral,-462.1874764228174,-0.10715636871409612,-0.7376782890021891,1.2563822033318322e-06,24,4,2026-02-06
CSCO/HII,CSCO,HII,short_term_beta_neutral,-472.7912817050585,-0.14396573724698788,-0.7376782890021891,3.2736916413799858e-09,22,4,2026-02-06
CSCO/GIS,CSCO,GIS,short_term_beta_neutral,2543.609987251729,1.1787561099849335,-0.7376782890021891,0.9999999999999999,28,4,2026-02-06
AKAM/RMD,AKAM,RMD,short_term_beta_neutral,-1344.031856601024,-0.9343781311421481,-0.7376782890021891,3.704973952177836e-09,14,4,2026-02-06
AKAM/ULTA,AKAM,ULTA,short_term_beta_neutral,-1093.989999999998,-0.2600518215101367,-0.7376782890021891,4.067676830193505e-07,24,4,2026-02-06
BWA/INTU,BWA,INTU,short_term_beta_neutral,2978.596084985847,1.1438302164845893,-0.7376782890021891,0.9999999725385633,20,4,2026-02-06
BWA/MKTX,BWA,MKTX,short_term_beta_neutral,11.67012058643172,0.004044097763776899,-0.7376782890021891,0.023018645559061322,28,4,2026-02-06
STLD/REGN,STLD,REGN,short_term_beta_neutral,-861.6018663029197,-0.48162784921074936,-0.7376782890021891,9.789276296398e-14,12,4,2026-02-06
STLD/CMCSA,STLD,CMCSA,short_term_beta_neutral,692.9904597320153,0.26635524538889055,-0.7376782890021891,0.9995221114306522,20,4,2026-02-06
NUE/PYPL,NUE,PYPL,short_term_beta_neutral,4983.631790548717,1.70749514724746,-0.7376782890021891,1.0,18,4,2026-02-06
NUE/NFLX,NUE,NFLX,short_term_beta_neutral,4749.528959729494,1.4388197893308468,-0.7376782890021891,1.0,20,4,2026-02-06
KLAC/ISRG,KLAC,ISRG,short_term_beta_neutral,104.2783620597045,0.021535694601878423,-0.7376782890021891,0.06640719329967269,19,4,2026-02-06
ON/BSX,ON,BSX,short_term_tilt,812.0800000000031,0.21634895004212054,-0.7528877351517261,0.9937902854345221,28,4,2026-02-06
ON/FMC,ON,FMC,short_term_tilt,-89.95355585374273,-0.038574357482343946,-0.7528877351517261,0.00212552121873112,16,4,2026-02-06
LRCX/CAG,LRCX,CAG,short_term_tilt,4356.084404225099,1.1542790704136885,-0.7528877351517261,1.0,36,4,2026-02-06
LRCX/JKHY,LRCX,JKHY,short_term_tilt,3797.013671014161,0.9145080409699854,-0.7528877351517261,0.9999999997899857,24,4,2026-02-06
CSCO/HII,CSCO,HII,short_term_tilt,517.9990534663475,0.24350408238617707,-0.7528877351517261,0.9957143673919296,18,4,2026-02-06
CSCO/GIS,CSCO,GIS,short_term_tilt,1641.022302554634,0.9085786280429138,-0.7528877351517261,1.0,26,4,2026-02-06
AKAM/RMD,AKAM,RMD,short_term_tilt,-991.6453695447026,-0.6483640830052965,-0.7528877351517261,2.8326944325770153e-08,14,4,2026-02-06
AKAM/ULTA,AKAM,ULTA,short_term_tilt,784.4300000000023,0.355212448495806,-0.7528877351517261,0.9999595761476919,20,4,2026-02-06
BWA/INTU,BWA,INTU,short_term_tilt,2229.883310304858,0.8941737816966598,-0.7528877351517261,0.999999998690949,20,4,2026-02-06
BWA/MKTX,BWA,MKTX,short_term_tilt,23.81741313789655,0.008529752124381817,-0.7528877351517261,0.02852179917080917,26,4,2026-02-06
STLD/REGN,STLD,REGN,short_term_tilt,-867.0206001540745,-0.49309981539130154,-0.7528877351517261,8.68405851868256e-15,12,4,2026-02-06
STLD/CMCSA,STLD,CMCSA,short_term_tilt,1717.817701722303,1.2299733170270888,-0.7528877351517261,0.9999999999999503,12,4,2026-02-06
NUE/PYPL,NUE,PYPL,short_term_tilt,4734.700466363045,1.0308242906566074,-0.7528877351517261,0.999964078743701,18,4,2026-02-06
NUE/NFLX,NUE,NFLX,short_term_tilt,2538.520017373049,0.6247561119280702,-0.7528877351517261,0.9999548939907676,24,4,2026-02-06
KLAC/ISRG,KLAC,ISRG,short_term_tilt,-1256.406194381237,-0.3464665500620017,-0.7528877351517261,3.318173102826342e-14,18,4,2026-02-06
ON/BSX,ON,BSX,long_term_kalman,3481.140000000004,0.7629004923011486,-0.8106671849444185,0.9999999999999999,12,4,2026-02-06
ON/FMC,ON,FMC,long_term_kalman,1554.499198855507,0.7683470972990317,-0.8106671849444185,0.9973867568442308,4,4,2026-02-06
LRCX/CAG,LRCX,CAG,long_term_kalman,1837.508859322174,0.3591776290474399,-0.8106671849444185,0.9999419530782253,18,4,2026-02-06
LRCX/JKHY,LRCX,JKHY,long_term_kalman,1948.838100414565,0.48605472122679483,-0.8106671849444185,0.9999999605149834,10,4,2026-02-06
CSCO/HII,CSCO,HII,long_term_kalman,-237.4094341226698,-0.08002418350491576,-0.8106671849444185,0.00232704940815813,6,4,2026-02-06
CSCO/GIS,CSCO,GIS,long_term_kalman,-561.6775971329662,-0.21205631954851692,-0.8106671849444185,3.224223483574111e-14,20,4,2026-02-06
AKAM/RMD,AKAM,RMD,long_term_kalman,-1492.339858700126,-1.089025048858816,-0.8106671849444185,4.083303873813029e-22,10,4,2026-02-06
AKAM/ULTA,AKAM,ULTA,long_term_kalman,-323.5799999999955,-0.12818301106128047,-0.8106671849444185,9.42804387164085e-05,8,4,2026-02-06
BWA/INTU,BWA,INTU,long_term_kalman,1890.619414645527,0.8465393065476265,-0.8106671849444185,0.9999999999999999,10,4,2026-02-06
BWA/MKTX,BWA,MKTX,long_term_kalman,3458.043573306246,1.2923668073176076,-0.8106671849444185,0.9999999998007033,6,4,2026-02-06
STLD/REGN,STLD,REGN,long_term_kalman,-817.2356666707731,-1.1371364511085376,-0.8106671849444185,0.0001591726520011788,2,4,2026-02-06
STLD/CMCSA,STLD,CMCSA,long_term_kalman,1816.664746874304,0.7593000265839475,-0.8106671849444185,0.9999999999999996,8,4,2026-02-06
NUE/PYPL,NUE,PYPL,long_term_kalman,4897.781529148345,1.5786166089212679,-0.8106671849444185,0.9976807454090837,8,4,2026-02-06
NUE/NFLX,NUE,NFLX,long_term_kalman,615.6509002740318,0.2585968215972742,-0.8106671849444185,0.9943223755853688,16,4,2026-02-06
KLAC/ISRG,KLAC,ISRG,long_term_kalman,1172.028419399081,0.8019394203927024,-0.8106671849444185,0.9999993963503702,6,4,2026-02-06
ON/BSX,ON,BSX,entry_filter_kalman,2100.160000000001,0.4782909539254343,-0.8958220126605437,0.9999998783837237,16,4,2026-02-06
ON/FMC,ON,FMC,entry_filter_kalman,-3938.209203213492,-0.849932542632933,-0.8958220126605437,0.003485077152941426,6,4,2026-02-06
LRCX/CAG,LRCX,CAG,entry_filter_kalman,5443.166987067944,1.003895547946578,-0.8958220126605437,1.0,24,4,2026-02-06
LRCX/JKHY,LRCX,JKHY,entry_filter_kalman,625.7923812675737,0.15432269549975555,-0.8958220126605437,0.8673209487473006,18,4,2026-02-06
CSCO/HII,CSCO,HII,entry_filter_kalman,-1842.397640427334,-0.8806065040636588,-0.8958220126605437,3.830136689771596e-09,12,4,2026-02-06
CSCO/GIS,CSCO,GIS,entry_filter_kalman,993.792441954852,0.4028881490455818,-0.8958220126605437,0.9999954821693772,24,4,2026-02-06
AKAM/RMD,AKAM,RMD,entry_filter_kalman,-941.9422436448849,-0.691157264176297,-0.8958220126605437,3.581975756205488e-06,8,4,2026-02-06
AKAM/ULTA,AKAM,ULTA,entry_filter_kalman,-1283.759999999996,-1.1775654602506405,-0.8958220126605437,2.0471490511027386e-11,10,4,2026-02-06
BWA/INTU,BWA,INTU,entry_filter_kalman,-377.3337510702072,-0.07868055436608927,-0.8958220126605437,0.0001837007491265539,18,4,2026-02-06
BWA/MKTX,BWA,MKTX,entry_filter_kalman,3518.100768929105,1.4011770932451881,-0.8958220126605437,0.999999999999609,12,4,2026-02-06
STLD/REGN,STLD,REGN,entry_filter_kalman,-1664.584280833079,-0.999571001980468,-0.8958220126605437,7.018707712311368e-16,8,4,2026-02-06
STLD/CMCSA,STLD,CMCSA,entry_filter_kalman,3032.765567532663,1.6869645201442733,-0.8958220126605437,1.0,10,4,2026-02-06
NUE/PYPL,NUE,PYPL,entry_filter_kalman,6402.976885774414,1.094184606314192,-0.8958220126605437,0.9999999961970508,14,4,2026-02-06
NUE/NFLX,NUE,NFLX,entry_filter_kalman,3433.726676391899,0.7849196392630795,-0.8958220126605437,0.999998261896592,14,4,2026-02-06
KLAC/ISRG,KLAC,ISRG,entry_filter_kalman,-2049.669958993157,-0.5540514586775565,-0.8958220126605437,1.7346571908679664e-12,10,4,2026-02-06
ON/BSX,ON,BSX,entry_threshold_strong,2123.000000000005,0.4822590444660655,-0.9134703585256676,0.9999998714729217,16,4,2026-02-06
ON/FMC,ON,FMC,entry_threshold_strong,-4225.279086344937,-0.923949827075164,-0.9134703585256676,0.004274366379547324,6,4,2026-02-06
LRCX/CAG,LRCX,CAG,entry_threshold_strong,5224.291007096123,0.9821511558269415,-0.9134703585256676,1.0,24,4,2026-02-06
LRCX/JKHY,LRCX,JKHY,entry_threshold_strong,568.5117575755623,0.14086338262422068,-0.9134703585256676,0.8041057667564466,18,4,2026-02-06
CSCO/HII,CSCO,HII,entry_threshold_strong,-1850.19194847364,-0.8814338405745522,-0.9134703585256676,3.297610558662203e-09,12,4,2026-02-06
CSCO/GIS,CSCO,GIS,entry_threshold_strong,991.2713424283196,0.40165398110833744,-0.9134703585256676,0.9999960257831223,24,4,2026-02-06
AKAM/RMD,AKAM,RMD,entry_threshold_strong,-942.5722436448864,-0.6926760422995776,-0.9134703585256676,3.7368691216847582e-06,8,4,2026-02-06
AKAM/ULTA,AKAM,ULTA,entry_threshold_strong,-1283.759999999996,-1.1775654602506405,-0.9134703585256676,2.0471490511027386e-11,10,4,2026-02-06
BWA/INTU,BWA,INTU,entry_threshold_strong,-294.8667688845078,-0.06103603906020557,-0.9134703585256676,0.0005458424235126016,18,4,2026-02-06
BWA/MKTX,BWA,MKTX,entry_threshold_strong,3502.532183969233,1.3965675408013583,-0.9134703585256676,0.9999999999996402,12,4,2026-02-06
STLD/REGN,STLD,REGN,entry_threshold_strong,-1665.079131315821,-0.9995064134528883,-0.9134703585256676,6.858504038540431e-16,8,4,2026-02-06
STLD/CMCSA,STLD,CMCSA,entry_threshold_strong,3007.654426393609,1.6952335017831768,-0.9134703585256676,1.0,10,4,2026-02-06
NUE/PYPL,NUE,PYPL,entry_threshold_strong,6591.456066684548,1.1174689606883739,-0.9134703585256676,0.9999999983994677,14,4,2026-02-06
NUE/NFLX,NUE,NFLX,entry_threshold_strong,3475.207375421027,0.7926435350708187,-0.9134703585256676,0.9999985019265611,14,4,2026-02-06
KLAC/ISRG,KLAC,ISRG,entry_threshold_strong,-2049.669958993157,-0.5540514586775565,-0.9134703585256676,1.7346571908679664e-12,10,4,2026-02-06
ON/BSX,ON,BSX,slow_rebalance,3986.660000000007,0.9488290894968674,-0.9581237644394714,0.9999999999999997,14,4,2026-02-06
ON/FMC,ON,FMC,slow_rebalance,-833.7184263233198,-0.6768799253006768,-0.9581237644394714,7.303253074579695e-07,4,4,2026-02-06
LRCX/CAG,LRCX,CAG,slow_rebalance,4340.688414540422,0.952908310423615,-0.9581237644394714,1.0,24,4,2026-02-06
LRCX/JKHY,LRCX,JKHY,slow_rebalance,-1218.166826448887,-0.3393596119243273,-0.9581237644394714,5.786501076063169e-14,12,4,2026-02-06
CSCO/HII,CSCO,HII,slow_rebalance,-2958.983450613756,-1.4170676868096241,-0.9581237644394714,2.243224745017517e-06,8,4,2026-02-06
CSCO/GIS,CSCO,GIS,slow_rebalance,491.9597352705102,0.18856609302453314,-0.9581237644394714,0.9525660062369576,22,4,2026-02-06
AKAM/RMD,AKAM,RMD,slow_rebalance,24.95057101037378,0.019330076652790604,-0.9581237644394714,0.0409497355404109,6,4,2026-02-06
AKAM/ULTA,AKAM,ULTA,slow_rebalance,694.039999999998,0.3167587392081729,-0.9581237644394714,0.9998759738154877,12,4,2026-02-06
BWA/INTU,BWA,INTU,slow_rebalance,-403.4614538953449,-0.1034037870517459,-0.9581237644394714,8.368711770662014e-07,16,4,2026-02-06
BWA/MKTX,BWA,MKTX,slow_rebalance,3647.547202282646,1.4423353851819687,-0.9581237644394714,0.9999999992642267,12,4,2026-02-06
STLD/REGN,STLD,REGN,slow_rebalance,-923.5890705760962,-0.8153998252201226,-0.9581237644394714,2.736776826396907e-10,8,4,2026-02-06
STLD/CMCSA,STLD,CMCSA,slow_rebalance,2076.769521533135,0.8779962761174651,-0.9581237644394714,0.9999999999999978,10,4,2026-02-06
NUE/PYPL,NUE,PYPL,slow_rebalance,6840.148857577735,1.4231736861162552,-0.9581237644394714,0.9999986339556073,14,4,2026-02-06
NUE/NFLX,NUE,NFLX,slow_rebalance,3503.575619698343,1.0020650187606,-0.9581237644394714,0.9999999891369684,14,4,2026-02-06
KLAC/ISRG,KLAC,ISRG,slow_rebalance,-2598.236790893196,-0.8235431802255108,-0.9581237644394714,8.12329258827142e-07,10,4,2026-02-06
ON/BSX,ON,BSX,default,2070.330000000005,0.632041767782907,-0.9589241320842308,0.999999999681414,18,4,2026-02-06
ON/FMC,ON,FMC,default,451.0828449855343,0.061655867820619284,-0.9589241320842308,0.21052034281743903,8,4,2026-02-06
LRCX/CAG,LRCX,CAG,default,2876.44449012899,0.5678389451850584,-0.9589241320842308,0.9999999999933538,28,4,2026-02-06
LRCX/JKHY,LRCX,JKHY,default,177.4982584043705,0.04493913797311373,-0.9589241320842308,0.1353342388519772,18,4,2026-02-06
CSCO/HII,CSCO,HII,default,-1557.055894953072,-0.7714024187757414,-0.9589241320842308,1.594697552951858e-08,12,4,2026-02-06
CSCO/GIS,CSCO,GIS,default,686.270292691615,0.29944557120208914,-0.9589241320842308,0.9992375527995578,28,4,2026-02-06
AKAM/RMD,AKAM,RMD,default,-1003.831274140107,-0.7381515255351158,-0.9589241320842308,3.6501445098397442e-06,10,4,2026-02-06
AKAM/ULTA,AKAM,ULTA,default,-1249.159999999996,-1.1444929634603451,-0.9589241320842308,1.887088751226347e-11,10,4,2026-02-06
BWA/INTU,BWA,INTU,default,-321.0031957145991,-0.1078111209517024,-0.9589241320842308,8.029560997472984e-05,18,4,2026-02-06
BWA/MKTX,BWA,MKTX,default,3637.591865801376,1.4208606554547467,-0.9589241320842308,0.9999999998915995,14,4,2026-02-06
STLD/REGN,STLD,REGN,default,-1519.936316921269,-1.0051171430392418,-0.9589241320842308,1.0667425846317375e-12,6,4,2026-02-06
STLD/CMCSA,STLD,CMCSA,default,2754.553143839598,1.836549387263413,-0.9589241320842308,0.9999999999999972,12,4,2026-02-06
NUE/PYPL,NUE,PYPL,default,6146.714723232988,1.14013697187256,-0.9589241320842308,0.9999999498256898,20,4,2026-02-06
NUE/NFLX,NUE,NFLX,default,1574.515071545395,0.3874829379262286,-0.9589241320842308,0.999054840505763,18,4,2026-02-06
KLAC/ISRG,KLAC,ISRG,default,-746.8417415567246,-0.2552129030729054,-0.9589241320842308,2.4591456180978166e-13,10,4,2026-02-06
ON/BSX,ON,BSX,balanced,1537.670000000005,0.46344364328393206,-0.9748384318652916,0.9999999802860455,18,4,2026-02-06
ON/FMC,ON,FMC,balanced,454.1453485620727,0.06207739262528973,-0.9748384318652916,0.2133487381079444,8,4,2026-02-06
LRCX/CAG,LRCX,CAG,balanced,3087.82181918097,0.6961166203498117,-0.9748384318652916,0.9999999999999996,26,4,2026-02-06
LRCX/JKHY,LRCX,JKHY,balanced,826.2872184950762,0.20437879137983955,-0.9748384318652916,0.975060963732861,18,4,2026-02-06
CSCO/HII,CSCO,HII,balanced,-1557.055894953072,-0.7714024187757414,-0.9748384318652916,1.594697552951858e-08,12,4,2026-02-06
CSCO/GIS,CSCO,GIS,balanced,686.270292691615,0.29944557120208914,-0.9748384318652916,0.9992375527995578,28,4,2026-02-06
AKAM/RMD,AKAM,RMD,balanced,-914.1891159332831,-0.6831958462720868,-0.9748384318652916,6.82613395455643e-06,8,4,2026-02-06
AKAM/ULTA,AKAM,ULTA,balanced,-1290.469999999996,-1.1810151020943105,-0.9748384318652916,1.8670546403816395e-11,10,4,2026-02-06
BWA/INTU,BWA,INTU,balanced,-200.7213921402722,-0.067142544058921,-0.9748384318652916,0.000625237469309,18,4,2026-02-06
BWA/MKTX,BWA,MKTX,balanced,3314.991401086904,1.3033978985271581,-0.9748384318652916,0.9999999997655639,14,4,2026-02-06
STLD/REGN,STLD,REGN,balanced,-1556.686846118454,-1.0289700684135215,-0.9748384318652916,1.0946970940617791e-12,6,4,2026-02-06
STLD/CMCSA,STLD,CMCSA,balanced,2754.553143839598,1.836549387263413,-0.9748384318652916,0.9999999999999972,12,4,2026-02-06
NUE/PYPL,NUE,PYPL,balanced,6137.854723232987,1.1388490872273462,-0.9748384318652916,0.9999999488167801,20,4,2026-02-06
NUE/NFLX,NUE,NFLX,balanced,1232.973296903977,0.2981991593726471,-0.9748384318652916,0.9957577693952265,18,4,2026-02-06
KLAC/ISRG,KLAC,ISRG,balanced,-431.3355617368554,-0.14577159277581836,-0.9748384318652916,9.435721296891456e-12,10,4,2026-02-06
ON/BSX,ON,BSX,raw_momentum_kalman,2563.249999999993,0.8311500369000068,-1.5405030553397832,0.9999999999999939,14,4,2026-02-06
ON/FMC,ON,FMC,raw_momentum_kalman,-4041.362321954549,-0.889973784184187,-1.5405030553397832,0.0052556491923141475,4,4,2026-02-06
LRCX/CAG,LRCX,CAG,raw_momentum_kalman,2202.155625211476,0.408204042908387,-1.5405030553397832,0.9999998062844085,28,4,2026-02-06
LRCX/JKHY,LRCX,JKHY,raw_momentum_kalman,-1531.465205338073,-0.44598644368018275,-1.5405030553397832,1.5834733716204184e-15,16,4,2026-02-06
CSCO/HII,CSCO,HII,raw_momentum_kalman,-619.9004985732719,-0.5645872960994143,-1.5405030553397832,1.4183199334566145e-18,10,4,2026-02-06
CSCO/GIS,CSCO,GIS,raw_momentum_kalman,-325.8988100869312,-0.1994304095815429,-1.5405030553397832,7.394771928807309e-10,14,4,2026-02-06
AKAM/RMD,AKAM,RMD,raw_momentum_kalman,-614.4782875601499,-0.8672525285796847,-1.5405030553397832,1.0595318069552562e-06,4,4,2026-02-06
AKAM/ULTA,AKAM,ULTA,raw_momentum_kalman,-1146.209999999994,-0.9526172976056337,-1.5405030553397832,1.1097245907844263e-14,10,4,2026-02-06
BWA/INTU,BWA,INTU,raw_momentum_kalman,-636.5790994571848,-0.23825772167757447,-1.5405030553397832,3.805121574220458e-07,14,4,2026-02-06
BWA/MKTX,BWA,MKTX,raw_momentum_kalman,2531.031000949279,1.1514601183524922,-1.5405030553397832,0.9999999849200167,10,4,2026-02-06
STLD/REGN,STLD,REGN,raw_momentum_kalman,-12.52794300231358,-0.7433919416750283,-1.5405030553397832,0.004955962558983764,2,4,2026-02-06
STLD/CMCSA,STLD,CMCSA,raw_momentum_kalman,2319.585044903215,1.1424811684672374,-1.5405030553397832,0.999999999999997,10,4,2026-02-06
NUE/PYPL,NUE,PYPL,raw_momentum_kalman,4025.766756876772,0.8886678687261972,-1.5405030553397832,0.9999977164794442,18,4,2026-02-06
NUE/NFLX,NUE,NFLX,raw_momentum_kalman,4342.626513292972,1.0103001710202333,-1.5405030553397832,0.9999988295188937,16,4,2026-02-06
KLAC/ISRG,KLAC,ISRG,raw_momentum_kalman,-2079.03095478009,-0.7324963771348709,-1.5405030553397832,1.0975404547811938e-06,8,4,2026-02-06
ON/BSX,ON,BSX,fast_strict,724.6300000000047,0.2527355933881309,-1.6353607460840176,0.997432843303032,28,4,2026-02-06
ON/FMC,ON,FMC,fast_strict,-560.1123606071678,-0.3458352716096717,-1.6353607460840176,4.04077249357714e-13,18,4,2026-02-06
LRCX/CAG,LRCX,CAG,fast_strict,2163.682220349117,0.7975259975319926,-1.6353607460840176,1.0,36,4,2026-02-06
LRCX/JKHY,LRCX,JKHY,fast_strict,1001.585265233083,0.32481554782169125,-1.6353607460840176,0.9994543856226673,24,4,2026-02-06
CSCO/HII,CSCO,HII,fast_strict,278.389460766724,0.17783614825242028,-1.6353607460840176,0.9413673773903755,18,4,2026-02-06
CSCO/GIS,CSCO,GIS,fast_strict,1224.984770873058,0.9067242781372965,-1.6353607460840176,0.9999999999999999,26,4,2026-02-06
AKAM/RMD,AKAM,RMD,fast_strict,315.9203986756625,0.3407431466304871,-1.6353607460840176,0.9995561502973225,12,4,2026-02-06
AKAM/ULTA,AKAM,ULTA,fast_strict,755.7500000000009,0.4681122548906864,-1.6353607460840176,0.9999860124826672,20,4,2026-02-06
BWA/INTU,BWA,INTU,fast_strict,1307.416377683327,0.7933569286109596,-1.6353607460840176,0.9999994516573163,20,4,2026-02-06
BWA/MKTX,BWA,MKTX,fast_strict,149.4301475746084,0.07526408072059702,-1.6353607460840176,0.31344066651136565,28,4,2026-02-06
STLD/REGN,STLD,REGN,fast_strict,-1287.46613031428,-1.0963563565353798,-1.6353607460840176,1.7753131424381081e-12,12,4,2026-02-06
STLD/CMCSA,STLD,CMCSA,fast_strict,967.4257607045056,0.9443251899173477,-1.6353607460840176,0.9999999999997876,12,4,2026-02-06
NUE/PYPL,NUE,PYPL,fast_strict,4297.779175206308,1.066440763836358,-1.6353607460840176,0.9999711185556229,14,4,2026-02-06
NUE/NFLX,NUE,NFLX,fast_strict,2036.389390615406,0.5288122552832165,-1.6353607460840176,0.999623011364525,26,4,2026-02-06
KLAC/ISRG,KLAC,ISRG,fast_strict,-791.9182115342951,-0.3084383944979042,-1.6353607460840176,5.880417300234767e-15,18,4,2026-02-06
ON/BSX,ON,BSX,raw_momentum,1943.399999999997,0.6460866979497243,-1.880117780907926,0.9999999999997772,14,4,2026-02-06
ON/FMC,ON,FMC,raw_momentum,-4038.665066316324,-0.895966028285886,-1.880117780907926,0.005120841008302281,4,4,2026-02-06
LRCX/CAG,LRCX,CAG,raw_momentum,2237.184081887505,0.5750995032922844,-1.880117780907926,0.9999999999394135,24,4,2026-02-06
LRCX/JKHY,LRCX,JKHY,raw_momentum,-975.387595264553,-0.43329203565490404,-1.880117780907926,1.1940391743451714e-14,12,4,2026-02-06
CSCO/HII,CSCO,HII,raw_momentum,-316.0931659708184,-0.25660303055345907,-1.880117780907926,9.538883770384136e-12,10,4,2026-02-06
CSCO/GIS,CSCO,GIS,raw_momentum,-561.7923214263175,-0.3294750494814156,-1.880117780907926,8.840140760626756e-13,16,4,2026-02-06
AKAM/RMD,AKAM,RMD,raw_momentum,-616.7082875601487,-0.8718563090797168,-1.880117780907926,1.29309683727151e-06,4,4,2026-02-06
AKAM/ULTA,AKAM,ULTA,raw_momentum,-1153.829999999996,-0.9572019475088657,-1.880117780907926,9.907697151683546e-15,10,4,2026-02-06
BWA/INTU,BWA,INTU,raw_momentum,-221.606006527973,-0.08913038211361278,-1.880117780907926,0.0002810494337741753,10,4,2026-02-06
BWA/MKTX,BWA,MKTX,raw_momentum,2481.412845495725,1.1299858588865814,-1.880117780907926,0.9999999847941448,10,4,2026-02-06
STLD/REGN,STLD,REGN,raw_momentum,-12.52794300231358,-0.7433919416750283,-1.880117780907926,0.004955962558983764,2,4,2026-02-06
STLD/CMCSA,STLD,CMCSA,raw_momentum,1700.977425504233,1.029573687056239,-1.880117780907926,0.9999999999999765,8,4,2026-02-06
NUE/PYPL,NUE,PYPL,raw_momentum,4221.340595402595,0.9448250275344271,-1.880117780907926,0.9999995971974753,18,4,2026-02-06
NUE/NFLX,NUE,NFLX,raw_momentum,2607.1243045551,0.6278350045601879,-1.880117780907926,0.9999656363036016,16,4,2026-02-06
KLAC/ISRG,KLAC,ISRG,raw_momentum,-2162.801598349572,-0.7626805566989601,-1.880117780907926,1.4853884374160572e-06,8,4,2026-02-06
ON/BSX,ON,BSX,sensitive_reversal,1113.690000000001,0.3573409953229672,-2.0268748612667316,0.9999819913890463,22,4,2026-02-06
ON/FMC,ON,FMC,sensitive_reversal,-4687.528070608168,-1.0338854648801474,-2.0268748612667316,0.005746068662442418,10,4,2026-02-06
LRCX/CAG,LRCX,CAG,sensitive_reversal,137.9906420473378,0.04152259084803683,-2.0268748612667316,0.11725036731229777,38,4,2026-02-06
LRCX/JKHY,LRCX,JKHY,sensitive_reversal,598.877069282617,0.16446130955225083,-2.0268748612667316,0.8939005428866051,22,4,2026-02-06
CSCO/HII,CSCO,HII,sensitive_reversal,-1589.03660337925,-1.2034785867620024,-2.0268748612667316,5.978110762515529e-12,14,4,2026-02-06
CSCO/GIS,CSCO,GIS,sensitive_reversal,1192.801807369354,0.5592317732326278,-2.0268748612667316,0.9999997401059753,38,4,2026-02-06
AKAM/RMD,AKAM,RMD,sensitive_reversal,-754.7865687799992,-0.568362700600885,-2.0268748612667316,9.673859752241258e-06,14,4,2026-02-06
AKAM/ULTA,AKAM,ULTA,sensitive_reversal,-1015.939999999997,-1.0278880769652567,-2.0268748612667316,1.0808482021728727e-08,12,4,2026-02-06
BWA/INTU,BWA,INTU,sensitive_reversal,918.0511324071852,0.38402151694802816,-2.0268748612667316,0.9999990479392125,18,4,2026-02-06
BWA/MKTX,BWA,MKTX,sensitive_reversal,2977.424611120943,1.1844438090598082,-2.0268748612667316,0.9999999884814971,20,4,2026-02-06
STLD/REGN,STLD,REGN,sensitive_reversal,-1262.007361333452,-0.8072859906395535,-2.0268748612667316,1.9598839925594636e-13,8,4,2026-02-06
STLD/CMCSA,STLD,CMCSA,sensitive_reversal,602.7846500326548,0.36295317365404633,-2.0268748612667316,0.9999424863713475,16,4,2026-02-06
NUE/PYPL,NUE,PYPL,sensitive_reversal,5197.901037678333,1.0775384445686491,-2.0268748612667316,0.9999986939877977,26,4,2026-02-06
NUE/NFLX,NUE,NFLX,sensitive_reversal,2055.784369791331,0.5410069485201056,-2.0268748612667316,0.9995398352682487,20,4,2026-02-06
KLAC/ISRG,KLAC,ISRG,sensitive_reversal,-2928.182766007295,-0.8784893790387134,-2.0268748612667316,5.341727456673587e-07,14,4,2026-02-06
ON/BSX,ON,BSX,crash_defensive,1485.170000000006,0.5525049790558402,-2.0513388158542014,0.9999977115743756,20,4,2026-02-06
ON/FMC,ON,FMC,crash_defensive,232.9115089345111,0.06393899944622913,-2.0513388158542014,0.22570059122264124,8,4,2026-02-06
LRCX/CAG,LRCX,CAG,crash_defensive,1530.098687300229,0.6117535770245653,-2.0513388158542014,0.9999999999986613,28,4,2026-02-06
LRCX/JKHY,LRCX,JKHY,crash_defensive,361.1026538337233,0.17928502323422732,-2.0513388158542014,0.9380082303177175,18,4,2026-02-06
CSCO/HII,CSCO,HII,crash_defensive,-1101.217335418658,-1.061538694367385,-2.0513388158542014,7.562818248916367e-09,14,4,2026-02-06
CSCO/GIS,CSCO,GIS,crash_defensive,342.6227666260405,0.29982520887492864,-2.0513388158542014,0.9992570532022232,28,4,2026-02-06
AKAM/RMD,AKAM,RMD,crash_defensive,-509.9106370700551,-0.7599426820919183,-2.0513388158542014,4.4742683697019595e-06,10,4,2026-02-06
AKAM/ULTA,AKAM,ULTA,crash_defensive,-594.8500000000006,-1.0730580371091702,-2.0513388158542014,6.950553133381658e-12,12,4,2026-02-06
BWA/INTU,BWA,INTU,crash_defensive,-667.7315008182204,-0.3188527214119933,-2.0513388158542014,8.415436133177584e-10,18,4,2026-02-06
BWA/MKTX,BWA,MKTX,crash_defensive,1793.639262995631,1.415188735297824,-2.0513388158542014,0.9999999999229303,14,4,2026-02-06
STLD/REGN,STLD,REGN,crash_defensive,-527.2470532762877,-0.6638692027625411,-2.0513388158542014,6.577996695596318e-15,8,4,2026-02-06
STLD/CMCSA,STLD,CMCSA,crash_defensive,1371.905523158244,1.8396828733687494,-2.0513388158542014,0.9999999999999974,12,4,2026-02-06
NUE/PYPL,NUE,PYPL,crash_defensive,2758.336780440077,0.6925784291992717,-2.0513388158542014,0.9999388085156011,20,4,2026-02-06
NUE/NFLX,NUE,NFLX,crash_defensive,2397.970095298665,0.6403533009438928,-2.0513388158542014,0.9996486821568116,20,4,2026-02-06
KLAC/ISRG,KLAC,ISRG,crash_defensive,-375.2939300654093,-0.2622002192348551,-2.0513388158542014,1.48712090765032e-12,10,4,2026-02-06
ON/BSX,ON,BSX,vol_sized_conservative,823.6000000000024,0.6084303369774766,-3.990505999634467,0.9999998191999783,16,4,2026-02-06
ON/FMC,ON,FMC,vol_sized_conservative,175.191077750398,0.06394887697990437,-3.990505999634467,0.225984500190135,8,4,2026-02-06
LRCX/CAG,LRCX,CAG,vol_sized_conservative,1061.942342122715,0.6842166436834863,-3.990505999634467,0.9999999999999981,28,4,2026-02-06
LRCX/JKHY,LRCX,JKHY,vol_sized_conservative,-315.0554940681261,-0.2294380853531786,-3.990505999634467,8.266487370879586e-11,18,4,2026-02-06
CSCO/HII,CSCO,HII,vol_sized_conservative,-686.1959039465701,-0.936895000814526,-3.990505999634467,3.99660144428067e-07,12,4,2026-02-06
CSCO/GIS,CSCO,GIS,vol_sized_conservative,199.7397834483839,0.21768804441461004,-3.990505999634467,0.9833690424023751,28,4,2026-02-06
AKAM/RMD,AKAM,RMD,vol_sized_conservative,-429.351515551364,-0.8604106854455421,-3.990505999634467,6.451461125229741e-06,10,4,2026-02-06
AKAM/ULTA,AKAM,ULTA,vol_sized_conservative,-345.6899999999993,-0.8898549945398854,-3.990505999634467,7.877098503318043e-10,10,4,2026-02-06
BWA/INTU,BWA,INTU,vol_sized_conservative,-78.72636261891898,-0.0661066669136055,-3.990505999634467,0.0004250189781005509,18,4,2026-02-06
BWA/MKTX,BWA,MKTX,vol_sized_conservative,1192.689501821711,1.2832662472935277,-3.990505999634467,0.9999999991663345,14,4,2026-02-06
STLD/REGN,STLD,REGN,vol_sized_conservative,-426.0416208500862,-0.7841495347269636,-3.990505999634467,3.553326684712991e-11,6,4,2026-02-06
STLD/CMCSA,STLD,CMCSA,vol_sized_conservative,1046.636446774706,1.8795100454368885,-3.990505999634467,0.9999999999999961,12,4,2026-02-06
NUE/PYPL,NUE,PYPL,vol_sized_conservative,2056.021737621632,0.9265797507527606,-3.990505999634467,0.9999971871632803,20,4,2026-02-06
NUE/NFLX,NUE,NFLX,vol_sized_conservative,725.5910933959033,0.3806364601002803,-3.990505999634467,0.9976371211269116,18,4,2026-02-06
KLAC/ISRG,KLAC,ISRG,vol_sized_conservative,-227.7504475490574,-0.22875793180764367,-3.990505999634467,1.8493651739825097e-13,10,4,2026-02-06
ON/BSX,ON,BSX,conservative,305.8900000000012,0.2236891093305126,-4.583190116626457,0.9860682748235615,22,4,2026-02-06
ON/FMC,ON,FMC,conservative,176.5055984943177,0.06442872940985943,-4.583190116626457,0.22934107298016226,8,4,2026-02-06
LRCX/CAG,LRCX,CAG,conservative,1458.12147203762,1.2062735172133836,-4.583190116626457,1.0,30,4,2026-02-06
LRCX/JKHY,LRCX,JKHY,conservative,228.0675529870569,0.16431300516458938,-4.583190116626457,0.894910355618879,18,4,2026-02-06
CSCO/HII,CSCO,HII,conservative,-707.775014046312,-0.9582633921815882,-4.583190116626457,2.877619671060794e-07,14,4,2026-02-06
CSCO/GIS,CSCO,GIS,conservative,770.1810892256035,1.0810192957622555,-4.583190116626457,1.0,28,4,2026-02-06
AKAM/RMD,AKAM,RMD,conservative,-215.7488579825391,-0.4713993900763611,-4.583190116626457,0.00010247898927746007,10,4,2026-02-06
AKAM/ULTA,AKAM,ULTA,conservative,-356.8299999999998,-0.9466954672203575,-4.583190116626457,7.201895455543149e-09,12,4,2026-02-06
BWA/INTU,BWA,INTU,conservative,-363.1582963053291,-0.34403109529502335,-4.583190116626457,4.5143063843347e-10,18,4,2026-02-06
BWA/MKTX,BWA,MKTX,conservative,1208.81643385383,1.3970254644705062,-4.583190116626457,0.9999999496522237,16,4,2026-02-06
STLD/REGN,STLD,REGN,conservative,-382.4904117450295,-0.6406241311301919,-4.583190116626457,5.3587928442447623e-14,8,4,2026-02-06
STLD/CMCSA,STLD,CMCSA,conservative,171.6462749840532,0.37030099690194984,-4.583190116626457,0.9999531748149842,12,4,2026-02-06
NUE/PYPL,NUE,PYPL,conservative,495.794618021725,0.26034293550033605,-4.583190116626457,0.9819668427296391,22,4,2026-02-06
NUE/NFLX,NUE,NFLX,conservative,1443.11588018843,0.7566333042161829,-4.583190116626457,0.9998763910017158,20,4,2026-02-06
KLAC/ISRG,KLAC,ISRG,conservative,-407.5660398646859,-0.4565448194805049,-4.583190116626457,5.7646893887050624e-08,12,4,2026-02-06
ON/BSX,ON,BSX,monthly_aligned_windows,-3388.639999999987,-0.513997804640506,0.5249484658728826,1.2320003044386217e-11,34,5,2026-03-18
ON/FMC,ON,FMC,monthly_aligned_windows,-2748.720508101805,-0.47160060887173716,0.5249484658728826,2.420867687642855e-07,32,5,2026-03-18
LRCX/CAG,LRCX,CAG,monthly_aligned_windows,9863.070130781585,1.785499715742953,0.5249484658728826,1.0,32,5,2026-03-18
LRCX/JKHY,LRCX,JKHY,monthly_aligned_windows,1151.260415478958,0.11792787245247457,0.5249484658728826,0.7564329957315297,34,5,2026-03-18
CSCO/HII,CSCO,HII,monthly_aligned_windows,12995.94629534934,0.8118185507459025,0.5249484658728826,0.9867406404519912,34,5,2026-03-18
CSCO/GIS,CSCO,GIS,monthly_aligned_windows,9625.588947490556,1.4504194075600125,0.5249484658728826,0.9999991913147471,34,5,2026-03-18
AKAM/RMD,AKAM,RMD,monthly_aligned_windows,-747.2860915515489,-0.14456051841382603,0.5249484658728826,4.663037972851343e-09,32,5,2026-03-18
AKAM/ULTA,AKAM,ULTA,monthly_aligned_windows,-2142.730000000001,-0.4736856445050747,0.5249484658728826,4.562285119683234e-16,28,5,2026-03-18
BWA/INTU,BWA,INTU,monthly_aligned_windows,-671.7420927040423,-0.10975948355617285,0.5249484658728826,0.0002959311080781881,34,5,2026-03-18
BWA/MKTX,BWA,MKTX,monthly_aligned_windows,3986.750545854115,0.6126068688513463,0.5249484658728826,0.9999999999999445,32,5,2026-03-18
STLD/REGN,STLD,REGN,monthly_aligned_windows,14209.61971399852,1.0804961876974042,0.5249484658728826,0.9997182806060615,32,5,2026-03-18
STLD/CMCSA,STLD,CMCSA,monthly_aligned_windows,127.885742792565,0.02768954630673401,0.5249484658728826,0.07782755633456595,32,5,2026-03-18
NUE/PYPL,NUE,PYPL,monthly_aligned_windows,2533.427630673284,0.48810505655965036,0.5249484658728826,0.9999704578385487,32,5,2026-03-18
NUE/NFLX,NUE,NFLX,monthly_aligned_windows,2962.323227621196,0.5673513309229198,0.5249484658728826,0.9999999999991339,34,5,2026-03-18
KLAC/ISRG,KLAC,ISRG,monthly_aligned_windows,4065.864913925476,0.9961166327456628,0.5249484658728826,0.9999999999961473,34,5,2026-03-18
ON/BSX,ON,BSX,kalman_aggressive,11177.65000000001,0.9098877272499547,0.276214940323863,1.0,50,5,2026-03-18
ON/FMC,ON,FMC,kalman_aggressive,-774.8769734677277,-0.07614016509078826,0.276214940323863,8.836886106195278e-05,52,5,2026-03-18
LRCX/CAG,LRCX,CAG,kalman_aggressive,9974.544892712958,0.7815377027328613,0.276214940323863,1.0,48,5,2026-03-18
LRCX/JKHY,LRCX,JKHY,kalman_aggressive,5044.940560541933,0.47398992828101794,0.276214940323863,0.9999999499760811,54,5,2026-03-18
CSCO/HII,CSCO,HII,kalman_aggressive,3178.19543074413,0.3752886293660632,0.276214940323863,0.9999996155940305,50,5,2026-03-18
CSCO/GIS,CSCO,GIS,kalman_aggressive,10352.2824544408,1.3724756270178298,0.276214940323863,1.0,56,5,2026-03-18
AKAM/RMD,AKAM,RMD,kalman_aggressive,789.00164790532,0.11092445505609601,0.276214940323863,0.6093342341169677,44,5,2026-03-18
AKAM/ULTA,AKAM,ULTA,kalman_aggressive,-11027.07,-1.4065588704275227,0.276214940323863,3.050125117031562e-18,46,5,2026-03-18
BWA/INTU,BWA,INTU,kalman_aggressive,-443.4747954128381,-0.03672971658659181,0.276214940323863,0.003742824167451982,50,5,2026-03-18
BWA/MKTX,BWA,MKTX,kalman_aggressive,5962.368626838247,0.6954102830505454,0.276214940323863,1.0,44,5,2026-03-18
STLD/REGN,STLD,REGN,kalman_aggressive,-3460.717639754442,-0.3944852080720147,0.276214940323863,6.044417138749374e-21,46,5,2026-03-18
STLD/CMCSA,STLD,CMCSA,kalman_aggressive,2539.534129625443,0.3336843268291651,0.276214940323863,0.9999989052045591,52,5,2026-03-18
NUE/PYPL,NUE,PYPL,kalman_aggressive,5359.923077389825,0.4627482082563187,0.276214940323863,0.9999999899625437,42,5,2026-03-18
NUE/NFLX,NUE,NFLX,kalman_aggressive,1449.853794318655,0.14271955781169365,0.276214940323863,0.8427839103222652,54,5,2026-03-18
KLAC/ISRG,KLAC,ISRG,kalman_aggressive,6355.738825626619,0.6052001390851778,0.276214940323863,0.999999411046871,52,5,2026-03-18
ON/BSX,ON,BSX,crash_tolerant,7590.630000000006,0.8659751071985823,0.2100409820519739,0.9999996860320286,22,5,2026-03-18
ON/FMC,ON,FMC,crash_tolerant,905.2228144345877,0.060051416737635054,0.2100409820519739,0.21125030210204365,8,5,2026-03-18
LRCX/CAG,LRCX,CAG,crash_tolerant,6203.813863749544,0.5979513756858184,0.2100409820519739,0.9999999999991562,28,5,2026-03-18
LRCX/JKHY,LRCX,JKHY,crash_tolerant,-236.8356524807036,-0.027541075374688574,0.2100409820519739,0.003366892557244033,22,5,2026-03-18
CSCO/HII,CSCO,HII,crash_tolerant,-4473.894314994445,-1.0231862242810406,0.2100409820519739,8.88721072665034e-09,14,5,2026-03-18
CSCO/GIS,CSCO,GIS,crash_tolerant,1588.295852570027,0.33574436478339825,0.2100409820519739,0.9998832529834386,30,5,2026-03-18
AKAM/RMD,AKAM,RMD,crash_tolerant,-1674.341385925288,-0.5600341145461779,0.2100409820519739,4.2561702431573553e-07,12,5,2026-03-18
AKAM/ULTA,AKAM,ULTA,crash_tolerant,-2803.57,-1.206433673677668,0.2100409820519739,7.789030702407548e-13,14,5,2026-03-18
BWA/INTU,BWA,INTU,crash_tolerant,4297.145687649006,0.43479887813654505,0.2100409820519739,0.9998109975544709,20,5,2026-03-18
BWA/MKTX,BWA,MKTX,crash_tolerant,10106.64002955797,1.1723811752745286,0.2100409820519739,0.9999242852191833,14,5,2026-03-18
STLD/REGN,STLD,REGN,crash_tolerant,-2975.608536411952,-0.8550626642063233,0.2100409820519739,2.2590196537834407e-16,8,5,2026-03-18
STLD/CMCSA,STLD,CMCSA,crash_tolerant,5508.573402515764,1.7784292558114922,0.2100409820519739,0.9999999999999973,12,5,2026-03-18
NUE/PYPL,NUE,PYPL,crash_tolerant,10996.28442392516,1.2571440151608853,0.2100409820519739,0.9999924285516126,20,5,2026-03-18
NUE/NFLX,NUE,NFLX,crash_tolerant,6142.643967993547,0.918966261854696,0.2100409820519739,0.999999999999946,22,5,2026-03-18
KLAC/ISRG,KLAC,ISRG,crash_tolerant,-605.5474124665818,-0.09674459450501723,0.2100409820519739,6.964180498448976e-08,14,5,2026-03-18
ON/BSX,ON,BSX,beta_neutral_long_term,3913.610000000003,0.8683560367955195,0.1268435157276372,1.0,12,5,2026-03-18
ON/FMC,ON,FMC,beta_neutral_long_term,3280.415736766805,0.792068463418363,0.1268435157276372,0.9999746165783497,4,5,2026-03-18
LRCX/CAG,LRCX,CAG,beta_neutral_long_term,5568.218039539104,0.7766958840302026,0.1268435157276372,0.9999999999999946,18,5,2026-03-18
LRCX/JKHY,LRCX,JKHY,beta_neutral_long_term,4801.556953866721,0.8609426439295492,0.1268435157276372,0.9999999979657944,12,5,2026-03-18
CSCO/HII,CSCO,HII,beta_neutral_long_term,1097.430543581768,0.6823331144714241,0.1268435157276372,0.99999998075041,6,5,2026-03-18
CSCO/GIS,CSCO,GIS,beta_neutral_long_term,-767.0794923161941,-0.24453558384131954,0.1268435157276372,2.2175865357638076e-16,20,5,2026-03-18
AKAM/RMD,AKAM,RMD,beta_neutral_long_term,-1284.284036177564,-0.9821550502020197,0.1268435157276372,2.8053937623463367e-11,10,5,2026-03-18
AKAM/ULTA,AKAM,ULTA,beta_neutral_long_term,1128.060000000004,0.35116711010009954,0.1268435157276372,0.999390839271297,8,5,2026-03-18
BWA/INTU,BWA,INTU,beta_neutral_long_term,4920.408402320419,0.8872165155858385,0.1268435157276372,0.99953096161143,10,5,2026-03-18
BWA/MKTX,BWA,MKTX,beta_neutral_long_term,4080.493008991924,1.6710707496784545,0.1268435157276372,0.9999999960004887,6,5,2026-03-18
STLD/REGN,STLD,REGN,beta_neutral_long_term,-802.569608531799,-1.099159028316439,0.1268435157276372,4.7770086407459636e-05,2,5,2026-03-18
STLD/CMCSA,STLD,CMCSA,beta_neutral_long_term,2807.578082218888,0.6608190302818902,0.1268435157276372,1.0,10,5,2026-03-18
NUE/PYPL,NUE,PYPL,beta_neutral_long_term,4115.235870662194,1.2729927194832493,0.1268435157276372,1.0,10,5,2026-03-18
NUE/NFLX,NUE,NFLX,beta_neutral_long_term,1087.53988828775,0.34155599208762716,0.1268435157276372,0.9999991181531779,13,5,2026-03-18
KLAC/ISRG,KLAC,ISRG,beta_neutral_long_term,1448.725610636085,0.6105994943222531,0.1268435157276372,0.999978586675599,10,5,2026-03-18
ON/BSX,ON,BSX,aggressive,350.1400000000122,0.027524106954586503,0.0748239517316631,0.07122010310418166,48,5,2026-03-18
ON/FMC,ON,FMC,aggressive,-17423.30119321604,-1.1532795459120988,0.0748239517316631,2.597949281957404e-08,54,5,2026-03-18
LRCX/CAG,LRCX,CAG,aggressive,18972.69485298658,1.1563149973128657,0.0748239517316631,1.0,44,5,2026-03-18
LRCX/JKHY,LRCX,JKHY,aggressive,9296.368049508063,0.6564590077456426,0.0748239517316631,0.9999999999999999,52,5,2026-03-18
CSCO/HII,CSCO,HII,aggressive,5915.996495560081,0.6240634906787015,0.0748239517316631,0.9999999999981856,44,5,2026-03-18
CSCO/GIS,CSCO,GIS,aggressive,11335.74755314382,1.2911762447581443,0.0748239517316631,1.0,52,5,2026-03-18
AKAM/RMD,AKAM,RMD,aggressive,190.8460276893275,0.023209437807987978,0.0748239517316631,0.06482105080707813,40,5,2026-03-18
AKAM/ULTA,AKAM,ULTA,aggressive,-15096.92,-1.458009442917099,0.0748239517316631,2.688991696721531e-16,44,5,2026-03-18
BWA/INTU,BWA,INTU,aggressive,5660.110391268705,0.3757561446301262,0.0748239517316631,0.9999996149479302,46,5,2026-03-18
BWA/MKTX,BWA,MKTX,aggressive,10221.53993828801,0.8291177802791789,0.0748239517316631,0.999999996768177,42,5,2026-03-18
STLD/REGN,STLD,REGN,aggressive,-1762.099101743529,-0.1858002416445305,0.0748239517316631,5.497942311312586e-13,46,5,2026-03-18
STLD/CMCSA,STLD,CMCSA,aggressive,3619.443169790748,0.44350023429194724,0.0748239517316631,0.9999999999883259,52,5,2026-03-18
NUE/PYPL,NUE,PYPL,aggressive,8303.110728141653,0.5894700649498064,0.0748239517316631,0.9999999963378596,40,5,2026-03-18
NUE/NFLX,NUE,NFLX,aggressive,-3070.628429851949,-0.2637420418669201,0.0748239517316631,5.060421493967478e-14,52,5,2026-03-18
KLAC/ISRG,KLAC,ISRG,aggressive,-823.8568804429707,-0.07052378762062952,0.0748239517316631,2.6762780884676937e-05,52,5,2026-03-18
ON/BSX,ON,BSX,trend_leverage,5554.029999999999,0.7834015886241723,-0.0020889708773861,0.9999999864751932,22,5,2026-03-18
ON/FMC,ON,FMC,trend_leverage,673.2880150851975,0.05953247539395829,-0.0020889708773861,0.20800189124307733,8,5,2026-03-18
LRCX/CAG,LRCX,CAG,trend_leverage,5807.418595714895,0.7261809628236612,-0.0020889708773861,0.9999999999999997,28,5,2026-03-18
LRCX/JKHY,LRCX,JKHY,trend_leverage,-146.0072825061895,-0.022664962198980853,-0.0020889708773861,0.004677479601823634,22,5,2026-03-18
CSCO/HII,CSCO,HII,trend_leverage,-3354.163178811382,-1.0262141819044759,-0.0020889708773861,8.947329248917236e-09,14,5,2026-03-18
CSCO/GIS,CSCO,GIS,trend_leverage,1185.180521187339,0.33390917187568436,-0.0020889708773861,0.9998771820272243,30,5,2026-03-18
AKAM/RMD,AKAM,RMD,trend_leverage,-1119.867522585158,-0.5067453976252448,-0.0020889708773861,1.034961312411224e-06,10,5,2026-03-18
AKAM/ULTA,AKAM,ULTA,trend_leverage,-2152.829999999998,-1.236119739427135,-0.0020889708773861,8.941706844713679e-13,14,5,2026-03-18
BWA/INTU,BWA,INTU,trend_leverage,2573.067160618948,0.33216981526098543,-0.0020889708773861,0.9999115908425104,20,5,2026-03-18
BWA/MKTX,BWA,MKTX,trend_leverage,7083.39932482749,1.1021373001843053,-0.0020889708773861,0.9999242116681107,14,5,2026-03-18
STLD/REGN,STLD,REGN,trend_leverage,-2272.940628437303,-0.868840127812554,-0.0020889708773861,3.394998108326502e-16,8,5,2026-03-18
STLD/CMCSA,STLD,CMCSA,trend_leverage,4115.496194080431,1.7767148121496772,-0.0020889708773861,0.9999999999999972,12,5,2026-03-18
NUE/PYPL,NUE,PYPL,trend_leverage,8810.126362894767,1.0422989891955248,-0.0020889708773861,0.9999999723618831,20,5,2026-03-18
NUE/NFLX,NUE,NFLX,trend_leverage,5608.911847804792,0.8225576237581899,-0.0020889708773861,0.999999255139422,20,5,2026-03-18
KLAC/ISRG,KLAC,ISRG,trend_leverage,40.14140983172206,0.008480044726014262,-0.0020889708773861,0.03218788384063133,14,5,2026-03-18
ON/BSX,ON,BSX,no_reversal_protection,6833.48,1.2436366270270798,-0.1644880409205606,0.9999999999994374,20,5,2026-03-18
ON/FMC,ON,FMC,no_reversal_protection,-3961.591676968055,-0.8219459520276265,-0.1644880409205606,0.002692566250260186,6,5,2026-03-18
LRCX/CAG,LRCX,CAG,no_reversal_protection,2430.306039355663,0.4522893616632481,-0.1644880409205606,0.999999998645483,28,5,2026-03-18
LRCX/JKHY,LRCX,JKHY,no_reversal_protection,152.960389847113,0.034224799796405005,-0.1644880409205606,0.09499983213176105,20,5,2026-03-18
CSCO/HII,CSCO,HII,no_reversal_protection,-1694.107665803935,-0.9796068268983776,-0.1644880409205606,3.15026856741839e-22,12,5,2026-03-18
CSCO/GIS,CSCO,GIS,no_reversal_protection,775.8231509581045,0.26617173838848274,-0.1644880409205606,0.9988785173324252,28,5,2026-03-18
AKAM/RMD,AKAM,RMD,no_reversal_protection,-1605.445030926787,-0.9329763710464068,-0.1644880409205606,5.286874555464273e-10,12,5,2026-03-18
AKAM/ULTA,AKAM,ULTA,no_reversal_protection,78.13000000000079,0.03809402644595487,-0.1644880409205606,0.06956061500028443,14,5,2026-03-18
BWA/INTU,BWA,INTU,no_reversal_protection,2954.925891219963,0.5618079342413403,-0.1644880409205606,0.9999660877359189,18,5,2026-03-18
BWA/MKTX,BWA,MKTX,no_reversal_protection,4497.978687287765,1.056030252880817,-0.1644880409205606,0.9999116343554064,14,5,2026-03-18
STLD/REGN,STLD,REGN,no_reversal_protection,-1612.013952559099,-0.8953839417910083,-0.1644880409205606,4.644169448213135e-18,8,5,2026-03-18
STLD/CMCSA,STLD,CMCSA,no_reversal_protection,3900.706573493763,1.8405212379535372,-0.1644880409205606,1.0,10,5,2026-03-18
NUE/PYPL,NUE,PYPL,no_reversal_protection,5030.36031627346,0.874639115392391,-0.1644880409205606,0.999999982757164,20,5,2026-03-18
NUE/NFLX,NUE,NFLX,no_reversal_protection,11530.48233313948,0.9356505337978536,-0.1644880409205606,0.9926161330127642,20,5,2026-03-18
KLAC/ISRG,KLAC,ISRG,no_reversal_protection,-662.9809797659445,-0.20475708535048706,-0.1644880409205606,2.295492829145375e-14,14,5,2026-03-18
ON/BSX,ON,BSX,beta_neutral,3839.430000000005,0.8005649182366947,-0.4045742986518201,1.0,20,5,2026-03-18
ON/FMC,ON,FMC,beta_neutral,-1000.975296374769,-0.2305556189416436,-0.4045742986518201,1.5828007855040585e-07,8,5,2026-03-18
LRCX/CAG,LRCX,CAG,beta_neutral,5285.37377432447,0.7959578717968233,-0.4045742986518201,1.0,28,5,2026-03-18
LRCX/JKHY,LRCX,JKHY,beta_neutral,-548.5895948771963,-0.1160726394365153,-0.4045742986518201,6.235966248916787e-07,22,5,2026-03-18
CSCO/HII,CSCO,HII,beta_neutral,-733.3299274998265,-0.5413002502876525,-0.4045742986518201,1.888904806234026e-12,12,5,2026-03-18
CSCO/GIS,CSCO,GIS,beta_neutral,1037.077765924794,0.37840639432419704,-0.4045742986518201,0.9994575998379392,30,5,2026-03-18
AKAM/RMD,AKAM,RMD,beta_neutral,-562.0033277370518,-0.3942087446024184,-0.4045742986518201,1.7693944985414771e-09,12,5,2026-03-18
AKAM/ULTA,AKAM,ULTA,beta_neutral,-650.7099999999998,-0.5989628164057738,-0.4045742986518201,9.945874264973076e-18,10,5,2026-03-18
BWA/INTU,BWA,INTU,beta_neutral,-993.3444799719705,-0.1584911169090375,-0.4045742986518201,3.1553478517398145e-05,20,5,2026-03-18
BWA/MKTX,BWA,MKTX,beta_neutral,4944.487623805782,1.0591652174669692,-0.4045742986518201,0.999750136031471,14,5,2026-03-18
STLD/REGN,STLD,REGN,beta_neutral,-1560.790973032737,-0.9711869586230734,-0.4045742986518201,6.266430763617122e-12,6,5,2026-03-18
STLD/CMCSA,STLD,CMCSA,beta_neutral,4580.864065822875,1.6322150382387102,-0.4045742986518201,1.0,12,5,2026-03-18
NUE/PYPL,NUE,PYPL,beta_neutral,8466.011605357628,1.4516484348271013,-0.4045742986518201,0.9999999999999994,20,5,2026-03-18
NUE/NFLX,NUE,NFLX,beta_neutral,3068.024533808304,0.6996634528577813,-0.4045742986518201,0.9999999266659381,14,5,2026-03-18
KLAC/ISRG,KLAC,ISRG,beta_neutral,-1272.559561017782,-0.2728182900837814,-0.4045742986518201,7.220059032088538e-12,14,5,2026-03-18
ON/BSX,ON,BSX,weekly_aligned_windows,5407.699999999993,0.5388992614823488,-0.4375373996098398,0.9999999971337347,92,5,2026-03-18
ON/FMC,ON,FMC,weekly_aligned_windows,3229.263652747432,0.3467226019707116,-0.4375373996098398,0.999251907836849,86,5,2026-03-18
LRCX/CAG,LRCX,CAG,weekly_aligned_windows,3117.816661367335,0.48074397917942585,-0.4375373996098398,0.9999999999723836,100,5,2026-03-18
LRCX/JKHY,LRCX,JKHY,weekly_aligned_windows,5068.609571066355,0.734313493183358,-0.4375373996098398,1.0,94,5,2026-03-18
CSCO/HII,CSCO,HII,weekly_aligned_windows,4362.907075597192,0.7758371398820783,-0.4375373996098398,0.9999999994176215,84,5,2026-03-18
CSCO/GIS,CSCO,GIS,weekly_aligned_windows,350.4514025498556,0.08653980494246945,-0.4375373996098398,0.432632934581752,90,5,2026-03-18
AKAM/RMD,AKAM,RMD,weekly_aligned_windows,-238.0359062872908,-0.045198442826336865,-0.4375373996098398,0.001017832427405278,82,5,2026-03-18
AKAM/ULTA,AKAM,ULTA,weekly_aligned_windows,-4124.000000000005,-0.7025706154258246,-0.4375373996098398,1.2163021876628506e-17,80,5,2026-03-18
BWA/INTU,BWA,INTU,weekly_aligned_windows,-4254.782167634062,-0.5352595850079788,-0.4375373996098398,4.728328360518446e-06,92,5,2026-03-18
BWA/MKTX,BWA,MKTX,weekly_aligned_windows,4595.308936405019,0.784082468998929,-0.4375373996098398,0.999999999999336,86,5,2026-03-18
STLD/REGN,STLD,REGN,weekly_aligned_windows,-2037.493671340939,-0.3727838060047945,-0.4375373996098398,1.108531418581436e-15,96,5,2026-03-18
STLD/CMCSA,STLD,CMCSA,weekly_aligned_windows,-4658.212917176439,-1.1091251954262036,-0.4375373996098398,5.123071025713228e-46,88,5,2026-03-18
NUE/PYPL,NUE,PYPL,weekly_aligned_windows,3313.939835110308,0.44616545916797656,-0.4375373996098398,0.9999999757578512,98,5,2026-03-18
NUE/NFLX,NUE,NFLX,weekly_aligned_windows,3470.851592714525,0.5517596812202599,-0.4375373996098398,1.0,90,5,2026-03-18
KLAC/ISRG,KLAC,ISRG,weekly_aligned_windows,-1119.027418382534,-0.18289423975774222,-0.4375373996098398,1.169404561262902e-08,96,5,2026-03-18
ON/BSX,ON,BSX,let_profits_run,5415.400000000003,1.0513779113316502,-0.4815341484181805,1.0,12,5,2026-03-18
ON/FMC,ON,FMC,let_profits_run,-9.994277539341851,-0.0036126398690970087,-0.4815341484181805,0.015367300126475253,4,5,2026-03-18
LRCX/CAG,LRCX,CAG,let_profits_run,2836.992497284929,0.48174189626386527,-0.4815341484181805,0.9999999766146069,20,5,2026-03-18
LRCX/JKHY,LRCX,JKHY,let_profits_run,-1936.268031724317,-0.47236170877337147,-0.4815341484181805,3.144334199049846e-21,14,5,2026-03-18
CSCO/HII,CSCO,HII,let_profits_run,-1158.146746703064,-0.37432378258598414,-0.4815341484181805,0.0004214580497053409,8,5,2026-03-18
CSCO/GIS,CSCO,GIS,let_profits_run,216.7469796117903,0.0683408954383558,-0.4815341484181805,0.287358520627141,24,5,2026-03-18
AKAM/RMD,AKAM,RMD,let_profits_run,-889.0509536341219,-0.5617358564263181,-0.4815341484181805,3.582197487321701e-08,12,5,2026-03-18
AKAM/ULTA,AKAM,ULTA,let_profits_run,933.6000000000003,0.39943692538333314,-0.4815341484181805,0.9999854206867013,8,5,2026-03-18
BWA/INTU,BWA,INTU,let_profits_run,3683.301630195978,0.7786172280615851,-0.4815341484181805,0.9996236781387012,10,5,2026-03-18
BWA/MKTX,BWA,MKTX,let_profits_run,3765.158299006192,1.3665107941440497,-0.4815341484181805,0.9999999997955487,6,5,2026-03-18
STLD/REGN,STLD,REGN,let_profits_run,-1516.626740294505,-1.5773198129207564,-0.4815341484181805,1.0406213195218015e-06,6,5,2026-03-18
STLD/CMCSA,STLD,CMCSA,let_profits_run,1461.987850807638,0.5651538741644768,-0.4815341484181805,0.999999999990473,10,5,2026-03-18
NUE/PYPL,NUE,PYPL,let_profits_run,5733.943860366757,1.1337155210464145,-0.4815341484181805,0.9999986924139327,12,5,2026-03-18
NUE/NFLX,NUE,NFLX,let_profits_run,4344.613550136276,1.152061739473652,-0.4815341484181805,0.9999999994479304,12,5,2026-03-18
KLAC/ISRG,KLAC,ISRG,let_profits_run,1181.348082533591,0.6038187091440947,-0.4815341484181805,0.9999286451345225,12,5,2026-03-18
ON/BSX,ON,BSX,no_skip_month,-150.2800000000057,-0.024709964912142238,-0.512593717062918,0.003915748191669787,26,5,2026-03-18
ON/FMC,ON,FMC,no_skip_month,466.1958635835325,0.0617938662064232,-0.512593717062918,0.2232202069890396,8,5,2026-03-18
LRCX/CAG,LRCX,CAG,no_skip_month,4223.094668619457,0.8231448515188081,-0.512593717062918,0.9999999999999999,28,5,2026-03-18
LRCX/JKHY,LRCX,JKHY,no_skip_month,14.63706546906019,0.0034103356799175897,-0.512593717062918,0.022350625365027757,22,5,2026-03-18
CSCO/HII,CSCO,HII,no_skip_month,-731.7987696250957,-0.18891813210883504,-0.512593717062918,8.051103044412368e-09,18,5,2026-03-18
CSCO/GIS,CSCO,GIS,no_skip_month,354.9885809400241,0.1263637275369052,-0.512593717062918,0.7447217676377551,32,5,2026-03-18
AKAM/RMD,AKAM,RMD,no_skip_month,-1301.748830820685,-0.7367337844125667,-0.512593717062918,3.146412333604228e-10,16,5,2026-03-18
AKAM/ULTA,AKAM,ULTA,no_skip_month,-3684.79,-1.286960125347102,-0.512593717062918,0.0014918328333745885,16,5,2026-03-18
BWA/INTU,BWA,INTU,no_skip_month,2827.322039628694,0.5807801660855472,-0.512593717062918,0.9998139236894211,20,5,2026-03-18
BWA/MKTX,BWA,MKTX,no_skip_month,5411.18522367207,1.1162035136382125,-0.512593717062918,0.9999993823042652,18,5,2026-03-18
STLD/REGN,STLD,REGN,no_skip_month,1518.446581306564,0.3712218530644977,-0.512593717062918,0.9999800779308707,12,5,2026-03-18
STLD/CMCSA,STLD,CMCSA,no_skip_month,2309.68897531367,1.2391310186387685,-0.512593717062918,1.0,16,5,2026-03-18
NUE/PYPL,NUE,PYPL,no_skip_month,6742.011568567963,1.6501258831133845,-0.512593717062918,0.9999528035638833,24,5,2026-03-18
NUE/NFLX,NUE,NFLX,no_skip_month,2162.606012725451,0.779606143619879,-0.512593717062918,0.9999999999989374,22,5,2026-03-18
KLAC/ISRG,KLAC,ISRG,no_skip_month,435.4575104900351,0.08998511704199122,-0.512593717062918,0.4589191780053423,18,5,2026-03-18
ON/BSX,ON,BSX,uniform_weights,3535.110000000007,0.7655605680032904,-0.5920552753336655,0.9999999782393332,22,5,2026-03-18
ON/FMC,ON,FMC,uniform_weights,451.7291253861057,0.05999758506499629,-0.5920552753336655,0.21111826236370906,8,5,2026-03-18
LRCX/CAG,LRCX,CAG,uniform_weights,2662.663265407667,0.5128260271834253,-0.5920552753336655,0.9999999999341322,28,5,2026-03-18
LRCX/JKHY,LRCX,JKHY,uniform_weights,-533.429667644323,-0.12528267043361463,-0.5920552753336655,6.775895978151023e-07,22,5,2026-03-18
CSCO/HII,CSCO,HII,uniform_weights,-1553.691043068328,-0.7500473393852974,-0.5920552753336655,1.558029624969094e-08,12,5,2026-03-18
CSCO/GIS,CSCO,GIS,uniform_weights,786.6873332595653,0.3330152914041966,-0.5920552753336655,0.999873076915219,30,5,2026-03-18
AKAM/RMD,AKAM,RMD,uniform_weights,-517.8635922079941,-0.35887248206055244,-0.5920552753336655,4.609521478479475e-06,8,5,2026-03-18
AKAM/ULTA,AKAM,ULTA,uniform_weights,-1392.469999999999,-1.1993453904642262,-0.5920552753336655,1.4820838305104879e-12,14,5,2026-03-18
BWA/INTU,BWA,INTU,uniform_weights,1841.558181112545,0.3591524360467142,-0.5920552753336655,0.9999285015845027,18,5,2026-03-18
BWA/MKTX,BWA,MKTX,uniform_weights,5015.089855655957,1.1744867839897772,-0.5920552753336655,0.9999321807337765,14,5,2026-03-18
STLD/REGN,STLD,REGN,uniform_weights,-1474.462284259604,-0.850458101632753,-0.5920552753336655,2.3196736670307317e-16,8,5,2026-03-18
STLD/CMCSA,STLD,CMCSA,uniform_weights,2030.058613652018,1.2481502408247735,-0.5920552753336655,1.0,14,5,2026-03-18
NUE/PYPL,NUE,PYPL,uniform_weights,5845.504903104739,1.04079862698634,-0.5920552753336655,0.999999975154996,20,5,2026-03-18
NUE/NFLX,NUE,NFLX,uniform_weights,4061.944906496854,0.9039095193459832,-0.5920552753336655,0.9999991905105592,18,5,2026-03-18
KLAC/ISRG,KLAC,ISRG,uniform_weights,-315.7763554168561,-0.10257464299918632,-0.5920552753336655,1.9910777170515333e-08,14,5,2026-03-18
ON/BSX,ON,BSX,vol_weighted_sizing,3534.620000000006,0.7653300015685018,-0.5984341344066357,0.999999978406546,22,5,2026-03-18
ON/FMC,ON,FMC,vol_weighted_sizing,451.7291253861057,0.05999758506499629,-0.5984341344066357,0.21111826236370906,8,5,2026-03-18
LRCX/CAG,LRCX,CAG,vol_weighted_sizing,3121.15230968616,0.6023602065134195,-0.5984341344066357,0.9999999999993064,28,5,2026-03-18
LRCX/JKHY,LRCX,JKHY,vol_weighted_sizing,-102.161245610693,-0.02379326501853107,-0.5984341344066357,0.004340366105047934,22,5,2026-03-18
CSCO/HII,CSCO,HII,vol_weighted_sizing,-2237.301184673343,-1.022266854776077,-0.5984341344066357,1.3941195482784327e-08,14,5,2026-03-18
CSCO/GIS,CSCO,GIS,vol_weighted_sizing,786.6873332595653,0.3330152914041966,-0.5984341344066357,0.999873076915219,30,5,2026-03-18
AKAM/RMD,AKAM,RMD,vol_weighted_sizing,-837.0261891524947,-0.5605806232342756,-0.5984341344066357,5.358726539497394e-07,12,5,2026-03-18
AKAM/ULTA,AKAM,ULTA,vol_weighted_sizing,-1392.469999999999,-1.1993453904642262,-0.5984341344066357,1.4820838305104879e-12,14,5,2026-03-18
BWA/INTU,BWA,INTU,vol_weighted_sizing,1647.363736167069,0.32217983151660007,-0.5984341344066357,0.9998960413229221,20,5,2026-03-18
BWA/MKTX,BWA,MKTX,vol_weighted_sizing,5019.492872635065,1.175128867834118,-0.5984341344066357,0.9999328855722989,14,5,2026-03-18
STLD/REGN,STLD,REGN,vol_weighted_sizing,-1474.462284259604,-0.850458101632753,-0.5984341344066357,2.3196736670307317e-16,8,5,2026-03-18
STLD/CMCSA,STLD,CMCSA,vol_weighted_sizing,2742.796650871724,1.7825273777015738,-0.5984341344066357,0.9999999999999971,12,5,2026-03-18
NUE/PYPL,NUE,PYPL,vol_weighted_sizing,5843.730276110346,1.0405552102233746,-0.5984341344066357,0.9999999750375108,20,5,2026-03-18
NUE/NFLX,NUE,NFLX,vol_weighted_sizing,3524.787137691529,0.7733196151109584,-0.5984341344066357,0.999999066392964,22,5,2026-03-18
KLAC/ISRG,KLAC,ISRG,vol_weighted_sizing,-315.7763554168561,-0.10257464299918632,-0.5984341344066357,1.9910777170515333e-08,14,5,2026-03-18
ON/BSX,ON,BSX,kalman_hedge,3515.660000000003,0.7603576053256511,-0.6019966983402975,0.9999999781910524,22,5,2026-03-18
ON/FMC,ON,FMC,kalman_hedge,295.8557610211323,0.040030170823479705,-0.6019966983402975,0.10630911741809473,8,5,2026-03-18
LRCX/CAG,LRCX,CAG,kalman_hedge,3330.539779648237,0.6337857917801127,-0.6019966983402975,0.9999999999999392,28,5,2026-03-18
LRCX/JKHY,LRCX,JKHY,kalman_hedge,-64.31215728513507,-0.014979538613169032,-0.6019966983402975,0.007668923245717134,22,5,2026-03-18
CSCO/HII,CSCO,HII,kalman_hedge,-2230.723858124256,-1.0221989714197754,-0.6019966983402975,1.639408310673385e-08,14,5,2026-03-18
CSCO/GIS,CSCO,GIS,kalman_hedge,791.3398702043742,0.3355130639361786,-0.6019966983402975,0.999869851121789,30,5,2026-03-18
AKAM/RMD,AKAM,RMD,kalman_hedge,-852.5714598492771,-0.5718772214450052,-0.6019966983402975,5.381338090973651e-07,12,5,2026-03-18
AKAM/ULTA,AKAM,ULTA,kalman_hedge,-1385.749999999998,-1.1961431420161162,-0.6019966983402975,1.6255568784009907e-12,14,5,2026-03-18
BWA/INTU,BWA,INTU,kalman_hedge,1651.144850415244,0.3211146667294094,-0.6019966983402975,0.9998863039248521,20,5,2026-03-18
BWA/MKTX,BWA,MKTX,kalman_hedge,5036.469796202601,1.1756144950519876,-0.6019966983402975,0.999926634138373,14,5,2026-03-18
STLD/REGN,STLD,REGN,kalman_hedge,-1476.52086226781,-0.8513359098232963,-0.6019966983402975,2.2226816885431847e-16,8,5,2026-03-18
STLD/CMCSA,STLD,CMCSA,kalman_hedge,2820.001774267746,1.7844025599057727,-0.6019966983402975,0.9999999999999989,12,5,2026-03-18
NUE/PYPL,NUE,PYPL,kalman_hedge,5594.175143150675,0.9923916926024541,-0.6019966983402975,0.9999999440099419,20,5,2026-03-18
NUE/NFLX,NUE,NFLX,kalman_hedge,3502.312302740072,0.7743088450520048,-0.6019966983402975,0.999998703449193,22,5,2026-03-18
KLAC/ISRG,KLAC,ISRG,kalman_hedge,-315.7763554168561,-0.10257464299918632,-0.6019966983402975,1.9910777170515333e-08,14,5,2026-03-18
ON/BSX,ON,BSX,short_term_beta_neutral,350.669999999996,0.09157085247001692,-0.6391914160022841,0.46885555618628705,32,5,2026-03-18
ON/FMC,ON,FMC,short_term_beta_neutral,2782.970340873449,0.5625762732351277,-0.6391914160022841,0.9999999993845742,20,5,2026-03-18
LRCX/CAG,LRCX,CAG,short_term_beta_neutral,2945.73701455163,0.5852989173265555,-0.6391914160022841,0.9999999999999906,38,5,2026-03-18
LRCX/JKHY,LRCX,JKHY,short_term_beta_neutral,-569.389310290652,-0.12404764365293189,-0.6391914160022841,9.176311298832475e-08,28,5,2026-03-18
CSCO/HII,CSCO,HII,short_term_beta_neutral,-478.4002851459011,-0.14165301381061804,-0.6391914160022841,2.8259655530179074e-09,22,5,2026-03-18
CSCO/GIS,CSCO,GIS,short_term_beta_neutral,2543.609987251729,1.1452292276842742,-0.6391914160022841,0.9999999999999999,28,5,2026-03-18
AKAM/RMD,AKAM,RMD,short_term_beta_neutral,-116.6508651594318,-0.06471362824945046,-0.6391914160022841,0.0006018639387648014,16,5,2026-03-18
AKAM/ULTA,AKAM,ULTA,short_term_beta_neutral,-920.4199999999987,-0.2121953779616169,-0.6391914160022841,2.72459520842954e-07,28,5,2026-03-18
BWA/INTU,BWA,INTU,short_term_beta_neutral,2669.674072766016,0.9138443293884035,-0.6391914160022841,0.9999999995849245,22,5,2026-03-18
BWA/MKTX,BWA,MKTX,short_term_beta_neutral,1888.323736993252,0.3954503774200276,-0.6391914160022841,0.9998313777191412,28,5,2026-03-18
STLD/REGN,STLD,REGN,short_term_beta_neutral,-863.1624377195058,-0.4690593204073544,-0.6391914160022841,9.53667512538079e-14,12,5,2026-03-18
STLD/CMCSA,STLD,CMCSA,short_term_beta_neutral,692.9904597320153,0.25881733539660434,-0.6391914160022841,0.9995226333824411,20,5,2026-03-18
NUE/PYPL,NUE,PYPL,short_term_beta_neutral,5757.643504140875,1.8305856907260918,-0.6391914160022841,1.0,18,5,2026-03-18
NUE/NFLX,NUE,NFLX,short_term_beta_neutral,4845.453911185805,1.3595648316985014,-0.6391914160022841,1.0,22,5,2026-03-18
KLAC/ISRG,KLAC,ISRG,short_term_beta_neutral,-641.417143602641,-0.12477738751590883,-0.6391914160022841,2.273554386395924e-10,21,5,2026-03-18
ON/BSX,ON,BSX,fast_rebalance,512.9800000000054,0.12749021958788942,-0.6591655257194217,0.7708982669043201,30,5,2026-03-18
ON/FMC,ON,FMC,fast_rebalance,-953.1245286720546,-0.37459440387470555,-0.6591655257194217,2.5758529187508882e-14,18,5,2026-03-18
LRCX/CAG,LRCX,CAG,fast_rebalance,4075.429963580512,1.0533739065660384,-0.6591655257194217,1.0,36,5,2026-03-18
LRCX/JKHY,LRCX,JKHY,fast_rebalance,3689.53755479551,0.8326637498043825,-0.6591655257194217,0.9999999998906027,28,5,2026-03-18
CSCO/HII,CSCO,HII,fast_rebalance,517.7178285358825,0.23695415082133955,-0.6591655257194217,0.9957936343343982,18,5,2026-03-18
CSCO/GIS,CSCO,GIS,fast_rebalance,1641.022302554634,0.8827916189854615,-0.6591655257194217,1.0,26,5,2026-03-18
AKAM/RMD,AKAM,RMD,fast_rebalance,650.286007528527,0.3549101597183724,-0.6591655257194217,0.9999993211075864,14,5,2026-03-18
AKAM/ULTA,AKAM,ULTA,fast_rebalance,1024.490000000003,0.44800951459414207,-0.6591655257194217,0.9999866764306644,24,5,2026-03-18
BWA/INTU,BWA,INTU,fast_rebalance,1697.305463553635,0.6155345414474043,-0.6591655257194217,0.9999999997715322,20,5,2026-03-18
BWA/MKTX,BWA,MKTX,fast_rebalance,2269.886634032318,0.5010597023725412,-0.6591655257194217,0.9999970698553337,28,5,2026-03-18
STLD/REGN,STLD,REGN,fast_rebalance,-751.4213369718909,-0.41595477544104986,-0.6591655257194217,1.9925232760177588e-14,12,5,2026-03-18
STLD/CMCSA,STLD,CMCSA,fast_rebalance,1718.707273351517,1.1952326989105682,-0.6591655257194217,0.9999999999999468,12,5,2026-03-18
NUE/PYPL,NUE,PYPL,fast_rebalance,5214.978514445776,1.1003487895698998,-0.6591655257194217,0.9999714377105086,16,5,2026-03-18
NUE/NFLX,NUE,NFLX,fast_rebalance,2717.200017373049,0.6295010543924519,-0.6591655257194217,0.9999854618841248,26,5,2026-03-18
KLAC/ISRG,KLAC,ISRG,fast_rebalance,-1839.519057331023,-0.482259315989857,-0.6591655257194217,4.48303352029359e-12,20,5,2026-03-18
ON/BSX,ON,BSX,short_term_tilt,1286.120000000003,0.3176557395279068,-0.6701162706775232,0.9999971102221802,30,5,2026-03-18
ON/FMC,ON,FMC,short_term_tilt,-952.7135558537425,-0.37453439204390127,-0.6701162706775232,2.550523642170692e-14,18,5,2026-03-18
LRCX/CAG,LRCX,CAG,short_term_tilt,4364.332531247433,1.1232903163344163,-0.6701162706775232,1.0,36,5,2026-03-18
LRCX/JKHY,LRCX,JKHY,short_term_tilt,3689.694855649182,0.8327844290057473,-0.6701162706775232,0.9999999998906306,28,5,2026-03-18
CSCO/HII,CSCO,HII,short_term_tilt,515.2088645164857,0.23587690863840113,-0.6701162706775232,0.9955824031305535,18,5,2026-03-18
CSCO/GIS,CSCO,GIS,short_term_tilt,1641.022302554634,0.8827916189854615,-0.6701162706775232,1.0,26,5,2026-03-18
AKAM/RMD,AKAM,RMD,short_term_tilt,263.7085459168563,0.13967774754552856,-0.6701162706775232,0.8570438281146231,16,5,2026-03-18
AKAM/ULTA,AKAM,ULTA,short_term_tilt,1030.810000000003,0.4510277056810576,-0.6701162706775232,0.9999867548666934,24,5,2026-03-18
BWA/INTU,BWA,INTU,short_term_tilt,1979.584215294792,0.701259507734481,-0.6701162706775232,0.9999999999774878,22,5,2026-03-18
BWA/MKTX,BWA,MKTX,short_term_tilt,1389.561990697644,0.32046245493679837,-0.6701162706775232,0.999914858810482,26,5,2026-03-18
STLD/REGN,STLD,REGN,short_term_tilt,-866.1899976364741,-0.47893537445001905,-0.6701162706775232,8.474099633914428e-15,12,5,2026-03-18
STLD/CMCSA,STLD,CMCSA,short_term_tilt,1717.817701722303,1.1949733025538416,-0.6701162706775232,0.9999999999999484,12,5,2026-03-18
NUE/PYPL,NUE,PYPL,short_term_tilt,5037.765466319841,1.0597155091002644,-0.6701162706775232,0.9999736725174232,18,5,2026-03-18
NUE/NFLX,NUE,NFLX,short_term_tilt,2717.200017373049,0.6295010543924519,-0.6701162706775232,0.9999854618841248,26,5,2026-03-18
KLAC/ISRG,KLAC,ISRG,short_term_tilt,-1839.519057331023,-0.482259315989857,-0.6701162706775232,4.48303352029359e-12,20,5,2026-03-18
ON/BSX,ON,BSX,long_term_kalman,4508.760000000004,0.9022302947601145,-0.7490287118137546,1.0,12,5,2026-03-18
ON/FMC,ON,FMC,long_term_kalman,1819.009198855506,0.5793727726814824,-0.7490287118137546,0.9999998547297954,4,5,2026-03-18
LRCX/CAG,LRCX,CAG,long_term_kalman,1832.668687793624,0.3484199816517385,-0.7490287118137546,0.9999405179566173,18,5,2026-03-18
LRCX/JKHY,LRCX,JKHY,long_term_kalman,1028.65234673006,0.24286062215622778,-0.7490287118137546,0.9970728704356908,12,5,2026-03-18
CSCO/HII,CSCO,HII,long_term_kalman,-236.5078912506843,-0.0776980805086309,-0.7490287118137546,0.0023238461117611915,6,5,2026-03-18
CSCO/GIS,CSCO,GIS,long_term_kalman,-309.9975971329656,-0.11023214824322525,-0.7490287118137546,5.651927754640557e-07,20,5,2026-03-18
AKAM/RMD,AKAM,RMD,long_term_kalman,-1491.426477931232,-1.0581173575290075,-0.7490287118137546,3.9705792721370784e-22,10,5,2026-03-18
AKAM/ULTA,AKAM,ULTA,long_term_kalman,-323.5799999999955,-0.12455615939514526,-0.7490287118137546,9.407957639275338e-05,8,5,2026-03-18
BWA/INTU,BWA,INTU,long_term_kalman,3729.920182816766,0.788575138335094,-0.7490287118137546,0.9995758959013321,10,5,2026-03-18
BWA/MKTX,BWA,MKTX,long_term_kalman,3454.938131075258,1.2573595271965108,-0.7490287118137546,0.9999999998113831,6,5,2026-03-18
STLD/REGN,STLD,REGN,long_term_kalman,-816.5483379685079,-1.1047978868581312,-0.7490287118137546,0.00015749749175911006,2,5,2026-03-18
STLD/CMCSA,STLD,CMCSA,long_term_kalman,1514.774746874305,0.5800617708545828,-0.7490287118137546,0.9999999999998632,8,5,2026-03-18
NUE/PYPL,NUE,PYPL,long_term_kalman,4093.180943265874,1.2250531879093751,-0.7490287118137546,0.9990651154245028,10,5,2026-03-18
NUE/NFLX,NUE,NFLX,long_term_kalman,-158.7290997259684,-0.05726348511931994,-0.7490287118137546,0.0003637508501774659,16,5,2026-03-18
KLAC/ISRG,KLAC,ISRG,long_term_kalman,1350.144250372517,0.8521683482871605,-0.7490287118137546,0.999999967010008,10,5,2026-03-18
ON/BSX,ON,BSX,default,2320.720000000008,0.6192467825903949,-0.7526458880874183,0.9999999999994125,20,5,2026-03-18
ON/FMC,ON,FMC,default,451.0828449855343,0.059911440817427414,-0.7526458880874183,0.21052423781907598,8,5,2026-03-18
LRCX/CAG,LRCX,CAG,default,2872.210434511001,0.5514418080534366,-0.7526458880874183,0.9999999999932991,28,5,2026-03-18
LRCX/JKHY,LRCX,JKHY,default,-654.0118222715648,-0.1561240140189752,-0.7526458880874183,1.9072673698390338e-08,22,5,2026-03-18
CSCO/HII,CSCO,HII,default,-1573.972544379245,-0.7525882180789513,-0.7526458880874183,2.7632219932336202e-08,12,5,2026-03-18
CSCO/GIS,CSCO,GIS,default,785.5902926916128,0.3325326585464196,-0.7526458880874183,0.99987046469498,30,5,2026-03-18
AKAM/RMD,AKAM,RMD,default,-805.0094454501603,-0.5384016025191963,-0.7526458880874183,5.409793673611044e-07,12,5,2026-03-18
AKAM/ULTA,AKAM,ULTA,default,-1249.159999999996,-1.1119504498878339,-0.7526458880874183,1.8619131213977904e-11,10,5,2026-03-18
BWA/INTU,BWA,INTU,default,1598.08490335222,0.31229688783992715,-0.7526458880874183,0.9998858080141518,20,5,2026-03-18
BWA/MKTX,BWA,MKTX,default,5041.784380121225,1.1777287480228915,-0.7526458880874183,0.9999365797789149,14,5,2026-03-18
STLD/REGN,STLD,REGN,default,-1518.24776079056,-0.9764116730387724,-0.7526458880874183,1.0519295665114157e-12,6,5,2026-03-18
STLD/CMCSA,STLD,CMCSA,default,2754.553143839598,1.7839200115326959,-0.7526458880874183,0.999999999999997,12,5,2026-03-18
NUE/PYPL,NUE,PYPL,default,5843.730276110346,1.0405552102233746,-0.7526458880874183,0.9999999750375108,20,5,2026-03-18
NUE/NFLX,NUE,NFLX,default,1513.795071545395,0.35345196089601255,-0.7526458880874183,0.9989988081762882,18,5,2026-03-18
KLAC/ISRG,KLAC,ISRG,default,-315.7763554168561,-0.10257464299918632,-0.7526458880874183,1.9910777170515333e-08,14,5,2026-03-18
ON/BSX,ON,BSX,balanced,1788.060000000007,0.47216555635093604,-0.7614018706431899,0.9999999998319887,20,5,2026-03-18
ON/FMC,ON,FMC,balanced,454.1453485620727,0.060321039087934576,-0.7614018706431899,0.21335295845028923,8,5,2026-03-18
LRCX/CAG,LRCX,CAG,balanced,3092.319564693469,0.6777684963473558,-0.7614018706431899,0.9999999999999996,26,5,2026-03-18
LRCX/JKHY,LRCX,JKHY,balanced,-5.747842700979845,-0.0013421661312860275,-0.7614018706431899,0.0172085092029153,22,5,2026-03-18
CSCO/HII,CSCO,HII,balanced,-1573.972544379245,-0.7525882180789513,-0.7614018706431899,2.7632219932336202e-08,12,5,2026-03-18
CSCO/GIS,CSCO,GIS,balanced,785.5902926916128,0.3325326585464196,-0.7614018706431899,0.99987046469498,30,5,2026-03-18
AKAM/RMD,AKAM,RMD,balanced,-715.599208108155,-0.48542032850786027,-0.7614018706431899,1.14402748954599e-06,10,5,2026-03-18
AKAM/ULTA,AKAM,ULTA,balanced,-1290.469999999996,-1.1474232885024411,-0.7614018706431899,1.8410352151934577e-11,10,5,2026-03-18
BWA/INTU,BWA,INTU,balanced,1718.04386684352,0.33526597967744565,-0.7614018706431899,0.9999128445725811,20,5,2026-03-18
BWA/MKTX,BWA,MKTX,balanced,4698.147466832337,1.1025291121256313,-0.7614018706431899,0.9999275452013395,14,5,2026-03-18
STLD/REGN,STLD,REGN,balanced,-1555.147243556523,-0.9996950690386047,-0.7614018706431899,1.0788167757738699e-12,6,5,2026-03-18
STLD/CMCSA,STLD,CMCSA,balanced,2754.553143839598,1.7839200115326959,-0.7614018706431899,0.999999999999997,12,5,2026-03-18
NUE/PYPL,NUE,PYPL,balanced,5836.120276110345,1.0394537788939766,-0.7614018706431899,0.999999974616339,20,5,2026-03-18
NUE/NFLX,NUE,NFLX,balanced,1172.253296903977,0.2692048816794162,-0.7614018706431899,0.9942418016532784,18,5,2026-03-18
KLAC/ISRG,KLAC,ISRG,balanced,-0.4549889275372152,-0.00014624409450174756,-0.7614018706431899,0.018358671179659267,14,5,2026-03-18
ON/BSX,ON,BSX,long_term_tilt,3423.220000000006,0.8203217606153179,-0.8143966567548507,0.9999999999999931,12,5,2026-03-18
ON/FMC,ON,FMC,long_term_tilt,550.3837625178811,0.26939947540967996,-0.8143966567548507,0.9981217011222051,4,5,2026-03-18
LRCX/CAG,LRCX,CAG,long_term_tilt,1459.161999403243,0.2890764037348145,-0.8143966567548507,0.9991826899471086,18,5,2026-03-18
LRCX/JKHY,LRCX,JKHY,long_term_tilt,2423.811571161462,0.6357840724185894,-0.8143966567548507,0.999999999669211,12,5,2026-03-18
CSCO/HII,CSCO,HII,long_term_tilt,1140.519036190522,0.4095940103811959,-0.8143966567548507,0.9979138786728998,6,5,2026-03-18
CSCO/GIS,CSCO,GIS,long_term_tilt,-491.2194560399971,-0.1703970678702995,-0.8143966567548507,9.757272645577183e-11,20,5,2026-03-18
AKAM/RMD,AKAM,RMD,long_term_tilt,-1553.993971584908,-1.1594108017564506,-0.8143966567548507,1.8986273654173324e-19,10,5,2026-03-18
AKAM/ULTA,AKAM,ULTA,long_term_tilt,271.7400000000042,0.10788413919702715,-0.8143966567548507,0.617245070438377,8,5,2026-03-18
BWA/INTU,BWA,INTU,long_term_tilt,3677.012139820379,0.7827541326762202,-0.8143966567548507,0.9995500641323084,10,5,2026-03-18
BWA/MKTX,BWA,MKTX,long_term_tilt,4049.447287388392,1.6752399444570394,-0.8143966567548507,0.9999999975393746,6,5,2026-03-18
STLD/REGN,STLD,REGN,long_term_tilt,-812.9953115024216,-1.1048305848223758,-0.8143966567548507,0.0001760652264540698,2,5,2026-03-18
STLD/CMCSA,STLD,CMCSA,long_term_tilt,273.0278434643562,0.10068995018172214,-0.8143966567548507,0.5476416085508239,10,5,2026-03-18
NUE/PYPL,NUE,PYPL,long_term_tilt,4482.282213614033,1.303487479916895,-0.8143966567548507,0.9984230138623016,10,5,2026-03-18
NUE/NFLX,NUE,NFLX,long_term_tilt,538.7553481145342,0.20463933208306934,-0.8143966567548507,0.9781508682011889,14,5,2026-03-18
KLAC/ISRG,KLAC,ISRG,long_term_tilt,1357.168245117713,0.8571642849071863,-0.8143966567548507,0.9999999659607443,10,5,2026-03-18
ON/BSX,ON,BSX,slow_rebalance,3309.060000000005,0.7448303466776561,-0.839999460318724,0.9999999999999996,16,5,2026-03-18
ON/FMC,ON,FMC,slow_rebalance,-833.7184263233198,-0.6576957718115376,-0.839999460318724,7.28216292910539e-07,4,5,2026-03-18
LRCX/CAG,LRCX,CAG,slow_rebalance,4334.232660460208,0.9252669564568407,-0.839999460318724,1.0,24,5,2026-03-18
LRCX/JKHY,LRCX,JKHY,slow_rebalance,-917.164311180903,-0.24692528068547312,-0.839999460318724,1.86225508820732e-11,14,5,2026-03-18
CSCO/HII,CSCO,HII,slow_rebalance,-2982.875221340549,-1.372254977855669,-0.839999460318724,2.6544828787955487e-06,8,5,2026-03-18
CSCO/GIS,CSCO,GIS,slow_rebalance,591.2797352705079,0.2199397636135029,-0.839999460318724,0.9886442732280739,24,5,2026-03-18
AKAM/RMD,AKAM,RMD,slow_rebalance,-235.7446071061283,-0.17390427450329543,-0.839999460318724,0.00010481142416811995,8,5,2026-03-18
AKAM/ULTA,AKAM,ULTA,slow_rebalance,694.039999999998,0.307793394086081,-0.839999460318724,0.9998762382403009,14,5,2026-03-18
BWA/INTU,BWA,INTU,slow_rebalance,1421.428910046185,0.24755056469190387,-0.839999460318724,0.9967506451363609,16,5,2026-03-18
BWA/MKTX,BWA,MKTX,slow_rebalance,4357.462935810349,1.0005519101423765,-0.839999460318724,0.9999617017266249,12,5,2026-03-18
STLD/REGN,STLD,REGN,slow_rebalance,-922.9606161850761,-0.7921869564577447,-0.839999460318724,2.6860185413089723e-10,8,5,2026-03-18
STLD/CMCSA,STLD,CMCSA,slow_rebalance,2076.769521533135,0.8530824264720582,-0.839999460318724,0.9999999999999978,10,5,2026-03-18
NUE/PYPL,NUE,PYPL,slow_rebalance,6502.48491865822,1.2928204397330139,-0.839999460318724,0.9999992898230778,14,5,2026-03-18
NUE/NFLX,NUE,NFLX,slow_rebalance,3236.689479951877,0.8578435827091652,-0.839999460318724,0.9999999994907021,14,5,2026-03-18
KLAC/ISRG,KLAC,ISRG,slow_rebalance,-2770.487834514528,-0.8214183270640325,-0.839999460318724,1.207361007152838e-07,14,5,2026-03-18
ON/BSX,ON,BSX,entry_filter_kalman,1052.270000000002,0.22916201925876514,-0.8595331350230568,0.9996706557549876,20,5,2026-03-18
ON/FMC,ON,FMC,entry_filter_kalman,-3938.209203213492,-0.8258194746117216,-0.8595331350230568,0.0034793428823002765,6,5,2026-03-18
LRCX/CAG,LRCX,CAG,entry_filter_kalman,5454.791180497998,0.9779160123176563,-0.8595331350230568,1.0,24,5,2026-03-18
LRCX/JKHY,LRCX,JKHY,entry_filter_kalman,-200.2956917981173,-0.04669331353230392,-0.8595331350230568,0.0009103531746005997,22,5,2026-03-18
CSCO/HII,CSCO,HII,entry_filter_kalman,-1857.621276192581,-0.8573444950543467,-0.8595331350230568,7.129472651423097e-09,12,5,2026-03-18
CSCO/GIS,CSCO,GIS,entry_filter_kalman,1091.84244195485,0.42951910698147505,-0.8595331350230568,0.9999992370722407,26,5,2026-03-18
AKAM/RMD,AKAM,RMD,entry_filter_kalman,-750.153359328626,-0.5013818545641724,-0.8595331350230568,6.191154414809439e-07,10,5,2026-03-18
AKAM/ULTA,AKAM,ULTA,entry_filter_kalman,-1356.569999999997,-1.2044642640439842,-0.8595331350230568,1.666188598808828e-11,12,5,2026-03-18
BWA/INTU,BWA,INTU,entry_filter_kalman,1238.423521917513,0.19335908470150198,-0.8595331350230568,0.9875876622126507,20,5,2026-03-18
BWA/MKTX,BWA,MKTX,entry_filter_kalman,4068.664297978542,0.9363132410751328,-0.8595331350230568,0.9999542145885887,12,5,2026-03-18
STLD/REGN,STLD,REGN,entry_filter_kalman,-1662.764647692582,-0.9709184847924928,-0.8595331350230568,6.86362654967215e-16,8,5,2026-03-18
STLD/CMCSA,STLD,CMCSA,entry_filter_kalman,3032.765567532663,1.6387176862984376,-0.8595331350230568,1.0,10,5,2026-03-18
NUE/PYPL,NUE,PYPL,entry_filter_kalman,5774.101547729876,0.9449845777894442,-0.8595331350230568,0.9999999973573771,14,5,2026-03-18
NUE/NFLX,NUE,NFLX,entry_filter_kalman,3114.366676391899,0.6790436686729798,-0.8595331350230568,0.9999983608521903,16,5,2026-03-18
KLAC/ISRG,KLAC,ISRG,entry_filter_kalman,-1408.917487612822,-0.36237134983511143,-0.8595331350230568,3.0650377534415317e-17,14,5,2026-03-18
ON/BSX,ON,BSX,entry_threshold_strong,1086.020000000006,0.2361859266766437,-0.8716904742426747,0.9997981113991349,20,5,2026-03-18
ON/FMC,ON,FMC,entry_threshold_strong,-4225.279086344937,-0.8977237468575855,-0.8716904742426747,0.0042674935604677285,6,5,2026-03-18
LRCX/CAG,LRCX,CAG,entry_threshold_strong,5236.238648866552,0.95685608486044,-0.8716904742426747,1.0,24,5,2026-03-18
LRCX/JKHY,LRCX,JKHY,entry_threshold_strong,-240.7708318533178,-0.05636619142745813,-0.8716904742426747,0.0004328341152165913,22,5,2026-03-18
CSCO/HII,CSCO,HII,entry_threshold_strong,-1845.117889657931,-0.8564008026852225,-0.8716904742426747,3.171410118744217e-09,12,5,2026-03-18
CSCO/GIS,CSCO,GIS,entry_threshold_strong,1089.981342428317,0.4285531866502268,-0.8716904742426747,0.9999993631771736,26,5,2026-03-18
AKAM/RMD,AKAM,RMD,entry_threshold_strong,-742.8733593286299,-0.49687761311752254,-0.8716904742426747,6.529313842047449e-07,10,5,2026-03-18
AKAM/ULTA,AKAM,ULTA,entry_threshold_strong,-1356.969999999996,-1.2047681930299408,-0.8716904742426747,1.660978817859173e-11,12,5,2026-03-18
BWA/INTU,BWA,INTU,entry_threshold_strong,1356.232087305182,0.21083830246437046,-0.8716904742426747,0.9948263189769895,20,5,2026-03-18
BWA/MKTX,BWA,MKTX,entry_threshold_strong,4025.491629367488,0.9333336679318538,-0.8716904742426747,0.9999586913275232,12,5,2026-03-18
STLD/REGN,STLD,REGN,entry_threshold_strong,-1663.259498175324,-0.9708595467622497,-0.8716904742426747,6.707603773770674e-16,8,5,2026-03-18
STLD/CMCSA,STLD,CMCSA,entry_threshold_strong,3007.654426393609,1.6467450606545475,-0.8716904742426747,1.0,10,5,2026-03-18
NUE/PYPL,NUE,PYPL,entry_threshold_strong,5967.595889174971,0.9699925236340746,-0.8716904742426747,0.9999999990192985,14,5,2026-03-18
NUE/NFLX,NUE,NFLX,entry_threshold_strong,3174.517375421026,0.6905658784009441,-0.8716904742426747,0.9999986737591608,16,5,2026-03-18
KLAC/ISRG,KLAC,ISRG,entry_threshold_strong,-1408.917487612822,-0.36237134983511143,-0.8716904742426747,3.0650377534415317e-17,14,5,2026-03-18
ON/BSX,ON,BSX,fast_strict,1077.580000000004,0.3492219392168484,-1.487417153625961,0.999989385479204,30,5,2026-03-18
ON/FMC,ON,FMC,fast_strict,-1201.112360607167,-0.674795926403803,-1.487417153625961,7.287520345854958e-19,20,5,2026-03-18
LRCX/CAG,LRCX,CAG,fast_strict,2183.5604616343,0.7782064578877579,-1.487417153625961,1.0,36,5,2026-03-18
LRCX/JKHY,LRCX,JKHY,fast_strict,944.1786235765783,0.28641624295795104,-1.487417153625961,0.9986367223795214,28,5,2026-03-18
CSCO/HII,CSCO,HII,fast_strict,274.5390775314344,0.17079491944080963,-1.487417153625961,0.9369759231435186,18,5,2026-03-18
CSCO/GIS,CSCO,GIS,fast_strict,1224.984770873058,0.8809902282770203,-1.487417153625961,0.9999999999999999,26,5,2026-03-18
AKAM/RMD,AKAM,RMD,fast_strict,1228.841123873491,1.012427884032395,-1.487417153625961,0.9999999950022407,14,5,2026-03-18
AKAM/ULTA,AKAM,ULTA,fast_strict,943.5700000000013,0.5644734365166174,-1.487417153625961,0.9999921620237269,24,5,2026-03-18
BWA/INTU,BWA,INTU,fast_strict,1887.523102258019,0.9962946000746921,-1.487417153625961,0.9999999984479794,22,5,2026-03-18
BWA/MKTX,BWA,MKTX,fast_strict,872.782014639259,0.28371622303931165,-1.487417153625961,0.9997901855663588,30,5,2026-03-18
STLD/REGN,STLD,REGN,fast_strict,-1286.968455332592,-1.0654829114932198,-1.487417153625961,1.7487677441426526e-12,12,5,2026-03-18
STLD/CMCSA,STLD,CMCSA,fast_strict,967.4257607045056,0.9175168785710868,-1.487417153625961,0.9999999999997811,12,5,2026-03-18
NUE/PYPL,NUE,PYPL,fast_strict,4019.148559276731,0.957372723626033,-1.487417153625961,0.9999789632780679,16,5,2026-03-18
NUE/NFLX,NUE,NFLX,fast_strict,2489.719390615406,0.6181313249860256,-1.487417153625961,0.9998814250238472,28,5,2026-03-18
KLAC/ISRG,KLAC,ISRG,fast_strict,-1181.965771995514,-0.4387012866594076,-1.487417153625961,8.348045546266778e-13,20,5,2026-03-18
ON/BSX,ON,BSX,raw_momentum_kalman,1880.329999999993,0.5807778120687179,-1.58001910849057,0.9999999999999909,16,5,2026-03-18
ON/FMC,ON,FMC,raw_momentum_kalman,-4041.362321954549,-0.8647180280502488,-1.58001910849057,0.00524734578833341,4,5,2026-03-18
LRCX/CAG,LRCX,CAG,raw_momentum_kalman,2195.784197577204,0.3951037143354995,-1.58001910849057,0.9999997805463713,28,5,2026-03-18
LRCX/JKHY,LRCX,JKHY,raw_momentum_kalman,-2326.418321340834,-0.6320520359226707,-1.58001910849057,1.751190987099211e-18,20,5,2026-03-18
CSCO/HII,CSCO,HII,raw_momentum_kalman,-613.8742373180276,-0.5420672947185375,-1.58001910849057,1.4821938658473124e-18,10,5,2026-03-18
CSCO/GIS,CSCO,GIS,raw_momentum_kalman,-325.8988100869312,-0.19378715812900424,-1.58001910849057,7.363348637920037e-10,16,5,2026-03-18
AKAM/RMD,AKAM,RMD,raw_momentum_kalman,-623.6010578685389,-0.7301507797892297,-1.58001910849057,3.964162454434961e-09,6,5,2026-03-18
AKAM/ULTA,AKAM,ULTA,raw_momentum_kalman,-1146.209999999994,-0.9255719647982298,-1.58001910849057,1.0982410238854316e-14,10,5,2026-03-18
BWA/INTU,BWA,INTU,raw_momentum_kalman,1093.268205844029,0.2219572937846943,-1.58001910849057,0.9986010909739419,16,5,2026-03-18
BWA/MKTX,BWA,MKTX,raw_momentum_kalman,2528.94968589474,1.1180305217182338,-1.58001910849057,0.9999999849193605,10,5,2026-03-18
STLD/REGN,STLD,REGN,raw_momentum_kalman,-12.37721617676095,-0.7223151185146152,-1.58001910849057,0.0049477907557979725,2,5,2026-03-18
STLD/CMCSA,STLD,CMCSA,raw_momentum_kalman,2319.585044903215,1.1099964257928578,-1.58001910849057,0.9999999999999969,10,5,2026-03-18
NUE/PYPL,NUE,PYPL,raw_momentum_kalman,3305.57017028043,0.6901216317051323,-1.58001910849057,0.9999971709529537,18,5,2026-03-18
NUE/NFLX,NUE,NFLX,raw_momentum_kalman,4110.316513292974,0.9237066380405718,-1.58001910849057,0.9999988645552915,18,5,2026-03-18
KLAC/ISRG,KLAC,ISRG,raw_momentum_kalman,-2118.819149124795,-0.7256811693837123,-1.58001910849057,1.2547697621064113e-06,12,5,2026-03-18
ON/BSX,ON,BSX,raw_momentum,1268.879999999997,0.40234722773782433,-1.7026774711686832,0.9999999999390646,16,5,2026-03-18
ON/FMC,ON,FMC,raw_momentum,-4038.665066316324,-0.8705391883112743,-1.7026774711686832,0.005112745253289857,4,5,2026-03-18
LRCX/CAG,LRCX,CAG,raw_momentum,2231.195482003894,0.5575972843460721,-1.7026774711686832,0.9999999999342535,24,5,2026-03-18
LRCX/JKHY,LRCX,JKHY,raw_momentum,-859.6979561169596,-0.32228668071652145,-1.7026774711686832,3.257241970969107e-16,14,5,2026-03-18
CSCO/HII,CSCO,HII,raw_momentum,-314.3901689855152,-0.24795238370647854,-1.7026774711686832,1.033336240104958e-11,10,5,2026-03-18
CSCO/GIS,CSCO,GIS,raw_momentum,-561.7923214263175,-0.32014949727319847,-1.7026774711686832,8.798487642120931e-13,18,5,2026-03-18
AKAM/RMD,AKAM,RMD,raw_momentum,-627.2835006695557,-0.7360708617508,-1.7026774711686832,4.84503645644846e-09,6,5,2026-03-18
AKAM/ULTA,AKAM,ULTA,raw_momentum,-1153.829999999996,-0.9300255489582815,-1.7026774711686832,9.807380740510331e-15,10,5,2026-03-18
BWA/INTU,BWA,INTU,raw_momentum,2694.007454773672,0.572279145373706,-1.7026774711686832,0.9996411511283416,10,5,2026-03-18
BWA/MKTX,BWA,MKTX,raw_momentum,2483.908233418337,1.097119937986924,-1.7026774711686832,0.9999999843065249,10,5,2026-03-18
STLD/REGN,STLD,REGN,raw_momentum,-12.37721617676095,-0.7223151185146152,-1.7026774711686832,0.0049477907557979725,2,5,2026-03-18
STLD/CMCSA,STLD,CMCSA,raw_momentum,1700.977425504233,1.0003265615014454,-1.7026774711686832,0.9999999999999759,8,5,2026-03-18
NUE/PYPL,NUE,PYPL,raw_momentum,3497.263316120028,0.7407922666825363,-1.7026774711686832,0.9999996336175913,18,5,2026-03-18
NUE/NFLX,NUE,NFLX,raw_momentum,2823.044304555101,0.647458641238593,-1.7026774711686832,0.9999862551842608,16,5,2026-03-18
KLAC/ISRG,KLAC,ISRG,raw_momentum,-2202.471740183379,-0.7549906953681275,-1.7026774711686832,1.676680602653204e-06,12,5,2026-03-18
ON/BSX,ON,BSX,sensitive_reversal,10.76000000000136,0.0032103408615055495,-1.8161702887069284,0.021848582915459647,26,5,2026-03-18
ON/FMC,ON,FMC,sensitive_reversal,-4687.528070608168,-1.0045148613241945,-1.8161702887069284,0.0057368502876777765,10,5,2026-03-18
LRCX/CAG,LRCX,CAG,sensitive_reversal,136.8831943589851,0.04005923611187456,-1.8161702887069284,0.11599964967515186,38,5,2026-03-18
LRCX/JKHY,LRCX,JKHY,sensitive_reversal,1026.559466784793,0.25660586449087386,-1.8161702887069284,0.9975325257037778,26,5,2026-03-18
CSCO/HII,CSCO,HII,sensitive_reversal,-1583.914946020017,-1.1682656211052285,-1.8161702887069284,6.114758921652796e-12,14,5,2026-03-18
CSCO/GIS,CSCO,GIS,sensitive_reversal,1290.661807369352,0.586911363045653,-1.8161702887069284,0.9999999223530412,40,5,2026-03-18
AKAM/RMD,AKAM,RMD,sensitive_reversal,-563.1359411655324,-0.3855106673631618,-1.8161702887069284,2.5420735038075823e-06,16,5,2026-03-18
AKAM/ULTA,AKAM,ULTA,sensitive_reversal,-1015.939999999997,-0.9986892194862581,-1.8161702887069284,1.0672947703802647e-08,12,5,2026-03-18
BWA/INTU,BWA,INTU,sensitive_reversal,1129.378626852918,0.40315187588048157,-1.8161702887069284,0.9999999552446434,22,5,2026-03-18
BWA/MKTX,BWA,MKTX,sensitive_reversal,5215.287324754249,1.2864091672504094,-1.8161702887069284,0.9998010306202171,20,5,2026-03-18
STLD/REGN,STLD,REGN,sensitive_reversal,-1261.109255241791,-0.7845106596648705,-1.8161702887069284,1.9230234686807563e-13,8,5,2026-03-18
STLD/CMCSA,STLD,CMCSA,sensitive_reversal,602.7846500326548,0.3526791386834464,-1.8161702887069284,0.9999426374690377,16,5,2026-03-18
NUE/PYPL,NUE,PYPL,sensitive_reversal,4848.076643006434,0.9604329227330839,-1.8161702887069284,0.9999992420913161,28,5,2026-03-18
NUE/NFLX,NUE,NFLX,sensitive_reversal,2358.674369791331,0.5892654865869978,-1.8161702887069284,0.9998272614838583,20,5,2026-03-18
KLAC/ISRG,KLAC,ISRG,sensitive_reversal,-2966.67654220516,-0.8654180425764517,-1.8161702887069284,5.87874328848145e-07,18,5,2026-03-18
ON/BSX,ON,BSX,crash_defensive,1543.490000000006,0.5511937275417272,-1.9068717117548728,0.9999988238778528,22,5,2026-03-18
ON/FMC,ON,FMC,crash_defensive,232.9115089345111,0.06212997391087993,-1.9068717117548728,0.2257063565661343,8,5,2026-03-18
LRCX/CAG,LRCX,CAG,crash_defensive,1527.935876614763,0.5941173508935894,-1.9068717117548728,0.9999999999986556,28,5,2026-03-18
LRCX/JKHY,LRCX,JKHY,crash_defensive,-32.97880146398973,-0.01547902886361102,-1.9068717117548728,0.007430272412611537,22,5,2026-03-18
CSCO/HII,CSCO,HII,crash_defensive,-1120.059401339723,-1.0332852270597166,-1.9068717117548728,2.5263364186323713e-08,14,5,2026-03-18
CSCO/GIS,CSCO,GIS,crash_defensive,391.5527666260393,0.3324107057082446,-1.9068717117548728,0.9998715619473458,30,5,2026-03-18
AKAM/RMD,AKAM,RMD,crash_defensive,-416.6086526996595,-0.566604457367192,-1.9068717117548728,6.882562746403054e-07,12,5,2026-03-18
AKAM/ULTA,AKAM,ULTA,crash_defensive,-628.2900000000006,-1.0978316741663177,-1.9068717117548728,5.920198697065911e-12,14,5,2026-03-18
BWA/INTU,BWA,INTU,crash_defensive,284.7561730228963,0.09589142069770056,-1.9068717117548728,0.5095455685105108,20,5,2026-03-18
BWA/MKTX,BWA,MKTX,crash_defensive,2499.177633768521,1.177903826834051,-1.9068717117548728,0.9999389793818171,14,5,2026-03-18
STLD/REGN,STLD,REGN,crash_defensive,-526.5746613136414,-0.6447681102946774,-1.9068717117548728,6.4822644372507146e-15,8,5,2026-03-18
STLD/CMCSA,STLD,CMCSA,crash_defensive,1371.905523158244,1.7869614159456355,-1.9068717117548728,0.9999999999999972,12,5,2026-03-18
NUE/PYPL,NUE,PYPL,crash_defensive,2609.394864663777,0.6335596277330249,-1.9068717117548728,0.9999349763224366,20,5,2026-03-18
NUE/NFLX,NUE,NFLX,crash_defensive,2280.720095298666,0.5906793443860842,-1.9068717117548728,0.9996002936100209,22,5,2026-03-18
KLAC/ISRG,KLAC,ISRG,crash_defensive,-153.8863254352684,-0.10197451855234518,-1.9068717117548728,2.205185977935852e-08,14,5,2026-03-18
ON/BSX,ON,BSX,vol_sized_conservative,917.5100000000033,0.6039710224679975,-3.4838033862334807,0.9999999971892785,18,5,2026-03-18
ON/FMC,ON,FMC,vol_sized_conservative,175.191077750398,0.06213957197085847,-3.4838033862334807,0.22599024834744352,8,5,2026-03-18
LRCX/CAG,LRCX,CAG,vol_sized_conservative,1069.833133739001,0.6698138673532461,-3.4838033862334807,0.9999999999999986,28,5,2026-03-18
LRCX/JKHY,LRCX,JKHY,vol_sized_conservative,-501.5645841919793,-0.3454565859319232,-3.4838033862334807,2.16812234793388e-15,22,5,2026-03-18
CSCO/HII,CSCO,HII,vol_sized_conservative,-696.6676493985299,-0.9230417836892884,-3.4838033862334807,3.474371929039515e-07,12,5,2026-03-18
CSCO/GIS,CSCO,GIS,vol_sized_conservative,236.529783448383,0.25013381672357143,-3.4838033862334807,0.996727242862426,30,5,2026-03-18
AKAM/RMD,AKAM,RMD,vol_sized_conservative,-355.582413366128,-0.6484595291354243,-3.4838033862334807,8.243512771919425e-07,12,5,2026-03-18
AKAM/ULTA,AKAM,ULTA,vol_sized_conservative,-345.6899999999993,-0.8646026297450803,-3.4838033862334807,7.783400439920971e-10,10,5,2026-03-18
BWA/INTU,BWA,INTU,vol_sized_conservative,604.3304239305587,0.312766845848012,-3.4838033862334807,0.9999076549719697,20,5,2026-03-18
BWA/MKTX,BWA,MKTX,vol_sized_conservative,1712.730490769029,1.0930070973847954,-3.4838033862334807,0.9999207734407848,14,5,2026-03-18
STLD/REGN,STLD,REGN,vol_sized_conservative,-425.4614153027666,-0.7616079430759023,-3.4838033862334807,3.5106075864454713e-11,6,5,2026-03-18
STLD/CMCSA,STLD,CMCSA,vol_sized_conservative,1046.636446774706,1.8256171883371504,-3.4838033862334807,0.9999999999999959,12,5,2026-03-18
NUE/PYPL,NUE,PYPL,vol_sized_conservative,1923.396193339176,0.835482632867705,-3.4838033862334807,0.9999978176377718,20,5,2026-03-18
NUE/NFLX,NUE,NFLX,vol_sized_conservative,707.6610933959032,0.3555596572394934,-3.4838033862334807,0.9976178928226545,18,5,2026-03-18
KLAC/ISRG,KLAC,ISRG,vol_sized_conservative,-88.01575250808008,-0.08420192158878873,-3.4838033862334807,7.954080016254329e-07,14,5,2026-03-18
ON/BSX,ON,BSX,conservative,586.9700000000013,0.38551999256197833,-4.334828572443953,0.9999937464173327,24,5,2026-03-18
ON/FMC,ON,FMC,conservative,176.5055984943177,0.06260584751157244,-4.334828572443953,0.22934723100873333,8,5,2026-03-18
LRCX/CAG,LRCX,CAG,conservative,1459.644553289721,1.1732055370070062,-4.334828572443953,1.0,30,5,2026-03-18
LRCX/JKHY,LRCX,JKHY,conservative,42.2880968776343,0.028843792560020325,-4.334828572443953,0.0759478918087898,22,5,2026-03-18
CSCO/HII,CSCO,HII,conservative,-718.5653623399207,-0.9441090269045758,-4.334828572443953,2.496710946460006e-07,14,5,2026-03-18
CSCO/GIS,CSCO,GIS,conservative,806.9710892256028,1.0980527088824232,-4.334828572443953,1.0,30,5,2026-03-18
AKAM/RMD,AKAM,RMD,conservative,-142.0654101942732,-0.27930789235993914,-4.334828572443953,4.163140569701492e-05,12,5,2026-03-18
AKAM/ULTA,AKAM,ULTA,conservative,-382.0099999999999,-0.9810063777460357,-4.334828572443953,6.228948282344296e-09,14,5,2026-03-18
BWA/INTU,BWA,INTU,conservative,-171.8773661533663,-0.15100457137722803,-4.334828572443953,5.736852090002445e-07,20,5,2026-03-18
BWA/MKTX,BWA,MKTX,conservative,2058.385387473794,1.4040132592121313,-4.334828572443953,0.999586463187282,16,5,2026-03-18
STLD/REGN,STLD,REGN,conservative,-408.6876654592739,-0.6524309535783341,-4.334828572443953,2.158330309667368e-14,8,5,2026-03-18
STLD/CMCSA,STLD,CMCSA,conservative,171.6462749840532,0.35981875324036405,-4.334828572443953,0.9999532985621383,12,5,2026-03-18
NUE/PYPL,NUE,PYPL,conservative,332.0139272356414,0.16683068699656736,-4.334828572443953,0.8845287706388714,22,5,2026-03-18
NUE/NFLX,NUE,NFLX,conservative,1384.595880188429,0.6966001024222722,-4.334828572443953,0.9998953378047399,22,5,2026-03-18
KLAC/ISRG,KLAC,ISRG,conservative,-420.1031035982701,-0.457733675302998,-4.334828572443953,8.097892489558006e-08,16,5,2026-03-18
ON/BSX,ON,BSX,kalman_aggressive,20657.97000000001,1.4669284592153344,0.9751554970373132,1.0,56,6,2026-04-27
ON/FMC,ON,FMC,kalman_aggressive,9249.622862692539,0.7675572207730412,0.9751554970373132,1.0,56,6,2026-04-27
LRCX/CAG,LRCX,CAG,kalman_aggressive,13502.03489271296,0.9478137518400421,0.9751554970373132,1.0,54,6,2026-04-27
LRCX/JKHY,LRCX,JKHY,kalman_aggressive,10411.13668057188,0.8355751308817756,0.9751554970373132,1.0,58,6,2026-04-27
CSCO/HII,CSCO,HII,kalman_aggressive,1992.756644081553,0.22208818876239694,0.9751554970373132,0.9974585308072944,54,6,2026-04-27
CSCO/GIS,CSCO,GIS,kalman_aggressive,12039.13620788995,1.4746230666733786,0.9751554970373132,1.0,60,6,2026-04-27
AKAM/RMD,AKAM,RMD,kalman_aggressive,1631.661647905316,0.21075759465088928,0.9751554970373132,0.9627250825943201,50,6,2026-04-27
AKAM/ULTA,AKAM,ULTA,kalman_aggressive,-13823.1,-1.514372616829505,0.9751554970373132,1.5050639521876824e-21,52,6,2026-04-27
BWA/INTU,BWA,INTU,kalman_aggressive,3357.415184755686,0.25825613419087495,0.9751554970373132,0.9998313802537894,56,6,2026-04-27
BWA/MKTX,BWA,MKTX,kalman_aggressive,4472.998626838253,0.48568986363798017,0.9751554970373132,0.9999999999998836,48,6,2026-04-27
STLD/REGN,STLD,REGN,kalman_aggressive,-516.6993441594586,-0.055148849341816894,0.9751554970373132,0.00019405742285621096,50,6,2026-04-27
STLD/CMCSA,STLD,CMCSA,kalman_aggressive,7568.875806343217,0.8145663838413103,0.9751554970373132,1.0,58,6,2026-04-27
NUE/PYPL,NUE,PYPL,kalman_aggressive,7264.231358379651,0.5988285140977874,0.9751554970373132,0.9999999999530516,46,6,2026-04-27
NUE/NFLX,NUE,NFLX,kalman_aggressive,6610.578705396085,0.5773145539867539,0.9751554970373132,0.9999999999999964,60,6,2026-04-27
KLAC/ISRG,KLAC,ISRG,kalman_aggressive,12258.94882562662,1.0666492532097496,0.9751554970373132,0.9999999999940151,56,6,2026-04-27
ON/BSX,ON,BSX,monthly_aligned_windows,3559.540000000014,0.46168726972158763,0.778498646853109,0.99998092755123,36,6,2026-04-27
ON/FMC,ON,FMC,monthly_aligned_windows,-3201.108371048922,-0.531227748287211,0.778498646853109,7.181126031624973e-07,34,6,2026-04-27
LRCX/CAG,LRCX,CAG,monthly_aligned_windows,9125.270130781588,1.5537523344437854,0.778498646853109,1.0,36,6,2026-04-27
LRCX/JKHY,LRCX,JKHY,monthly_aligned_windows,1958.230415478958,0.19392742305353092,0.778498646853109,0.9935122905539896,36,6,2026-04-27
CSCO/HII,CSCO,HII,monthly_aligned_windows,12344.70340926806,0.7495610781382117,0.778498646853109,0.9869207802447143,36,6,2026-04-27
CSCO/GIS,CSCO,GIS,monthly_aligned_windows,11297.10331595906,1.6181567478341408,0.778498646853109,0.9999997263060253,36,6,2026-04-27
AKAM/RMD,AKAM,RMD,monthly_aligned_windows,-772.2760915515491,-0.140719963146571,0.778498646853109,5.116926122001909e-09,36,6,2026-04-27
AKAM/ULTA,AKAM,ULTA,monthly_aligned_windows,-2144.510000000003,-0.4600996215317579,0.778498646853109,3.620140928737296e-16,30,6,2026-04-27
BWA/INTU,BWA,INTU,monthly_aligned_windows,-555.6869702590459,-0.08819467133466362,0.778498646853109,0.0005266112143990656,36,6,2026-04-27
BWA/MKTX,BWA,MKTX,monthly_aligned_windows,4732.980545854115,0.6876451889789117,0.778498646853109,0.9999999999999986,36,6,2026-04-27
STLD/REGN,STLD,REGN,monthly_aligned_windows,14369.64799449483,1.0608431726564005,0.778498646853109,0.9997188607251919,36,6,2026-04-27
STLD/CMCSA,STLD,CMCSA,monthly_aligned_windows,2264.30456674656,0.413239391976178,0.778498646853109,0.999968215094969,36,6,2026-04-27
NUE/PYPL,NUE,PYPL,monthly_aligned_windows,2697.946890791281,0.5013208382304053,0.778498646853109,0.9999823891598072,34,6,2026-04-27
NUE/NFLX,NUE,NFLX,monthly_aligned_windows,3255.955904919688,0.6029843124511117,0.778498646853109,0.9999999999999618,36,6,2026-04-27
KLAC/ISRG,KLAC,ISRG,monthly_aligned_windows,5941.674913925476,1.3130827212931597,0.778498646853109,0.9999999999999999,36,6,2026-04-27
ON/BSX,ON,BSX,aggressive,11899.69000000002,0.787803330154183,0.6423713357801472,1.0,52,6,2026-04-27
ON/FMC,ON,FMC,aggressive,-2142.529067879535,-0.11942029653334228,0.6423713357801472,2.1432263960510465e-08,58,6,2026-04-27
LRCX/CAG,LRCX,CAG,aggressive,25707.58051947929,1.4616273582787913,0.6423713357801472,1.0,50,6,2026-04-27
LRCX/JKHY,LRCX,JKHY,aggressive,15715.13415279218,0.9730299599076214,0.6423713357801472,1.0,56,6,2026-04-27
CSCO/HII,CSCO,HII,aggressive,4938.279392889401,0.4836999238052106,0.6423713357801472,0.9999999999445758,50,6,2026-04-27
CSCO/GIS,CSCO,GIS,aggressive,12716.73534834001,1.3412196914517442,0.6423713357801472,1.0,56,6,2026-04-27
AKAM/RMD,AKAM,RMD,aggressive,2318.145535431413,0.25290337850193095,0.6423713357801472,0.9917043969736516,44,6,2026-04-27
AKAM/ULTA,AKAM,ULTA,aggressive,-19830.50999999999,-1.740596998742228,0.6423713357801472,3.0672220186410206e-17,50,6,2026-04-27
BWA/INTU,BWA,INTU,aggressive,2089.996321619188,0.13101870629211898,0.6423713357801472,0.8383703764169874,52,6,2026-04-27
BWA/MKTX,BWA,MKTX,aggressive,9210.281333874638,0.70891000129799,0.6423713357801472,0.9999999989471351,46,6,2026-04-27
STLD/REGN,STLD,REGN,aggressive,1707.319450414047,0.1674465508212565,0.6423713357801472,0.9084684932207716,50,6,2026-04-27
STLD/CMCSA,STLD,CMCSA,aggressive,9513.18009430484,0.9182979694039849,0.6423713357801472,1.0,58,6,2026-04-27
NUE/PYPL,NUE,PYPL,aggressive,8438.333269717741,0.5742378833835287,0.6423713357801472,0.9999999983399149,46,6,2026-04-27
NUE/NFLX,NUE,NFLX,aggressive,-4572.953085393092,-0.35909868277108453,0.6423713357801472,1.0067656245198497e-21,58,6,2026-04-27
KLAC/ISRG,KLAC,ISRG,aggressive,4562.75311955703,0.35215753563177615,0.6423713357801472,0.9997358241361344,54,6,2026-04-27
ON/BSX,ON,BSX,beta_neutral_long_term,5244.610000000004,1.1083222354456292,0.5001893531900409,1.0,14,6,2026-04-27
ON/FMC,ON,FMC,beta_neutral_long_term,3280.360742183739,0.7707921481708989,0.5001893531900409,0.9999746270974162,4,6,2026-04-27
LRCX/CAG,LRCX,CAG,beta_neutral_long_term,8144.808039539101,1.0592373759059859,0.5001893531900409,1.0,20,6,2026-04-27
LRCX/JKHY,LRCX,JKHY,beta_neutral_long_term,7005.216953866718,1.1411691658861547,0.5001893531900409,0.9999999999989919,14,6,2026-04-27
CSCO/HII,CSCO,HII,beta_neutral_long_term,1001.854780345092,0.5886179385499203,0.5001893531900409,0.999999987000679,8,6,2026-04-27
CSCO/GIS,CSCO,GIS,beta_neutral_long_term,-1067.146913851283,-0.31629679060395877,0.5001893531900409,1.4507274390025876e-23,24,6,2026-04-27
AKAM/RMD,AKAM,RMD,beta_neutral_long_term,-1000.304036177563,-0.572167938574659,0.5001893531900409,4.4064581737380226e-16,12,6,2026-04-27
AKAM/ULTA,AKAM,ULTA,beta_neutral_long_term,888.4600000000034,0.2642099825166849,0.5001893531900409,0.9983135858427962,10,6,2026-04-27
BWA/INTU,BWA,INTU,beta_neutral_long_term,5834.210424093219,0.9477844745182806,0.5001893531900409,0.9999459270973629,12,6,2026-04-27
BWA/MKTX,BWA,MKTX,beta_neutral_long_term,5163.473008991925,1.8912849340528535,0.5001893531900409,0.9999999999506445,8,6,2026-04-27
STLD/REGN,STLD,REGN,beta_neutral_long_term,-801.758398274498,-1.0698387699154388,0.5001893531900409,4.9397019688262436e-05,2,6,2026-04-27
STLD/CMCSA,STLD,CMCSA,beta_neutral_long_term,2814.843384876387,0.6444400408306948,0.5001893531900409,1.0,12,6,2026-04-27
NUE/PYPL,NUE,PYPL,beta_neutral_long_term,4131.8408675905,1.2374865478773833,0.5001893531900409,1.0,10,6,2026-04-27
NUE/NFLX,NUE,NFLX,beta_neutral_long_term,1083.495732834286,0.32947944101711935,0.5001893531900409,0.9999988720945977,13,6,2026-04-27
KLAC/ISRG,KLAC,ISRG,beta_neutral_long_term,4417.405610636086,1.140704648563729,0.5001893531900409,0.9999999999630044,12,6,2026-04-27
ON/BSX,ON,BSX,crash_tolerant,11717.04000000001,1.182044622827087,0.443316127073678,0.9999999984522989,24,6,2026-04-27
ON/FMC,ON,FMC,crash_tolerant,901.675734653275,0.0581952484326857,0.443316127073678,0.2095911695892423,8,6,2026-04-27
LRCX/CAG,LRCX,CAG,crash_tolerant,5483.283863749543,0.5060755405381061,0.443316127073678,0.9999999999664316,30,6,2026-04-27
LRCX/JKHY,LRCX,JKHY,crash_tolerant,-834.3156524807011,-0.09304366258500969,0.443316127073678,1.2182989296082035e-05,24,6,2026-04-27
CSCO/HII,CSCO,HII,crash_tolerant,-2203.369528339812,-0.4427019441800508,0.443316127073678,7.603835283826174e-14,16,6,2026-04-27
CSCO/GIS,CSCO,GIS,crash_tolerant,3797.157639897696,0.6786421329892707,0.443316127073678,0.9999999999950697,32,6,2026-04-27
AKAM/RMD,AKAM,RMD,crash_tolerant,411.7586140747131,0.09935212868457245,0.443316127073678,0.566198898714317,14,6,2026-04-27
AKAM/ULTA,AKAM,ULTA,crash_tolerant,-4242.65,-0.8087389327736886,0.443316127073678,3.250450468129403e-07,16,6,2026-04-27
BWA/INTU,BWA,INTU,crash_tolerant,4194.242481726167,0.4093579444977041,0.443316127073678,0.9998498409958709,22,6,2026-04-27
BWA/MKTX,BWA,MKTX,crash_tolerant,10106.64002955797,1.1408231871628869,0.443316127073678,0.9999243352531082,14,6,2026-04-27
STLD/REGN,STLD,REGN,crash_tolerant,-2513.992267849279,-0.64672653746079,0.443316127073678,3.6949186010690846e-18,10,6,2026-04-27
STLD/CMCSA,STLD,CMCSA,crash_tolerant,5494.066293504153,1.7295871720380678,0.443316127073678,0.9999999999999971,14,6,2026-04-27
NUE/PYPL,NUE,PYPL,crash_tolerant,11008.05619014888,1.223678150276099,0.443316127073678,0.9999923996341086,20,6,2026-04-27
NUE/NFLX,NUE,NFLX,crash_tolerant,6116.749599112843,0.8908550780911693,0.443316127073678,0.9999999999999375,22,6,2026-04-27
KLAC/ISRG,KLAC,ISRG,crash_tolerant,3548.722587533418,0.47969421481770536,0.443316127073678,0.9995669271960164,16,6,2026-04-27
ON/BSX,ON,BSX,trend_leverage,8610.429999999998,1.0890794491864055,0.1990817231623038,0.9999999999551196,24,6,2026-04-27
ON/FMC,ON,FMC,trend_leverage,675.1572007026416,0.05813623615144458,0.1990817231623038,0.20932183357143502,8,6,2026-04-27
LRCX/CAG,LRCX,CAG,trend_leverage,5272.318595714896,0.631980304452052,0.1990817231623038,0.9999999999999943,30,6,2026-04-27
LRCX/JKHY,LRCX,JKHY,trend_leverage,-589.5672825061879,-0.08778974530273763,0.1990817231623038,2.0464238936618693e-05,24,6,2026-04-27
CSCO/HII,CSCO,HII,trend_leverage,-1662.168054687319,-0.44720467645078377,0.1990817231623038,8.02796669044258e-14,16,6,2026-04-27
CSCO/GIS,CSCO,GIS,trend_leverage,2830.997446472726,0.6754534314686919,0.1990817231623038,0.9999999999942835,32,6,2026-04-27
AKAM/RMD,AKAM,RMD,trend_leverage,434.5224774148418,0.14146462104899243,0.1990817231623038,0.8795578368007528,12,6,2026-04-27
AKAM/ULTA,AKAM,ULTA,trend_leverage,-3233.54,-0.8268668290526322,0.1990817231623038,3.645343049482171e-07,16,6,2026-04-27
BWA/INTU,BWA,INTU,trend_leverage,2417.613981804056,0.3013880792487269,0.1990817231623038,0.9999045278668164,22,6,2026-04-27
BWA/MKTX,BWA,MKTX,trend_leverage,7083.39932482749,1.0724881581034085,0.1990817231623038,0.9999242556815054,14,6,2026-04-27
STLD/REGN,STLD,REGN,trend_leverage,-2402.448816797069,-0.8506576131339275,0.1990817231623038,3.595255834012879e-18,10,6,2026-04-27
STLD/CMCSA,STLD,CMCSA,trend_leverage,4131.873909449479,1.7313949689736885,0.1990817231623038,0.9999999999999971,14,6,2026-04-27
NUE/PYPL,NUE,PYPL,trend_leverage,8811.627306560931,1.014534306200754,0.1990817231623038,0.9999999726459448,20,6,2026-04-27
NUE/NFLX,NUE,NFLX,trend_leverage,5594.100359885531,0.7981863821958625,0.1990817231623038,0.9999992477116617,20,6,2026-04-27
KLAC/ISRG,KLAC,ISRG,trend_leverage,3147.011409831719,0.5637608520446343,0.1990817231623038,0.9998647523495258,16,6,2026-04-27
ON/BSX,ON,BSX,no_reversal_protection,8868.2,1.4782457121355017,0.0180566105551367,0.9999999999999988,22,6,2026-04-27
ON/FMC,ON,FMC,no_reversal_protection,-3964.234683819021,-0.7998962455997924,0.0180566105551367,0.0026922155605352683,6,6,2026-04-27
LRCX/CAG,LRCX,CAG,no_reversal_protection,2663.886039355663,0.47022045649060307,0.0180566105551367,0.9999999999166764,30,6,2026-04-27
LRCX/JKHY,LRCX,JKHY,no_reversal_protection,-401.4396101528863,-0.08601626303944666,0.0180566105551367,1.993129818653727e-05,22,6,2026-04-27
CSCO/HII,CSCO,HII,no_reversal_protection,-584.3588971729778,-0.28323092472141076,0.0180566105551367,2.0342638845481455e-12,14,6,2026-04-27
CSCO/GIS,CSCO,GIS,no_reversal_protection,1866.2635618601,0.567235566045257,0.0180566105551367,0.9999999999943613,30,6,2026-04-27
AKAM/RMD,AKAM,RMD,no_reversal_protection,-2151.135030926788,-0.6804222486020997,0.0180566105551367,1.5454700481987403e-07,14,6,2026-04-27
AKAM/ULTA,AKAM,ULTA,no_reversal_protection,-627.5300000000013,-0.20102700364182358,0.0180566105551367,2.0172396208160202e-07,16,6,2026-04-27
BWA/INTU,BWA,INTU,no_reversal_protection,4375.314635884122,0.7635412083381571,0.0180566105551367,0.9999964750695669,20,6,2026-04-27
BWA/MKTX,BWA,MKTX,no_reversal_protection,4497.978687287765,1.0276322201446275,0.0180566105551367,0.999911686212867,14,6,2026-04-27
STLD/REGN,STLD,REGN,no_reversal_protection,-1384.358898640935,-0.6936517011777291,0.0180566105551367,8.066705518191735e-20,10,6,2026-04-27
STLD/CMCSA,STLD,CMCSA,no_reversal_protection,3892.893980283441,1.791398517089436,0.0180566105551367,1.0,12,6,2026-04-27
NUE/PYPL,NUE,PYPL,no_reversal_protection,5019.980231096099,0.8486745314068658,0.0180566105551367,0.9999999820395449,20,6,2026-04-27
NUE/NFLX,NUE,NFLX,no_reversal_protection,11510.71372199524,0.9089698871495134,0.0180566105551367,0.992621727979625,20,6,2026-04-27
KLAC/ISRG,KLAC,ISRG,no_reversal_protection,1413.509020234057,0.3723434264588559,0.0180566105551367,0.9983926286319221,16,6,2026-04-27
ON/BSX,ON,BSX,short_term_beta_neutral,4878.429999999998,0.9467444566024197,-0.1454576733995156,0.9999999999348083,36,6,2026-04-27
ON/FMC,ON,FMC,short_term_beta_neutral,2783.537570122344,0.5471628278873462,-0.1454576733995156,0.9999999993929275,20,6,2026-04-27
LRCX/CAG,LRCX,CAG,short_term_beta_neutral,3725.077014551627,0.6939534178568249,-0.1454576733995156,1.0,42,6,2026-04-27
LRCX/JKHY,LRCX,JKHY,short_term_beta_neutral,-1092.089310290655,-0.2292801344137587,-0.1454576733995156,1.121067365547282e-14,30,6,2026-04-27
CSCO/HII,CSCO,HII,short_term_beta_neutral,-201.7959946376363,-0.05646385003158715,-0.1454576733995156,6.557374823652708e-05,28,6,2026-04-27
CSCO/GIS,CSCO,GIS,short_term_beta_neutral,2802.370552326048,1.073634633936625,-0.1454576733995156,1.0,34,6,2026-04-27
AKAM/RMD,AKAM,RMD,short_term_beta_neutral,103.4591348405674,0.04850495321405917,-0.1454576733995156,0.15303068982120194,20,6,2026-04-27
AKAM/ULTA,AKAM,ULTA,short_term_beta_neutral,96.56000000000176,0.021116871594950754,-0.1454576733995156,0.06344227701512448,28,6,2026-04-27
BWA/INTU,BWA,INTU,short_term_beta_neutral,1272.431510861237,0.3797273986504961,-0.1454576733995156,0.9999986610715439,26,6,2026-04-27
BWA/MKTX,BWA,MKTX,short_term_beta_neutral,2215.793736993252,0.4501291954169469,-0.1454576733995156,0.9998842114320265,30,6,2026-04-27
STLD/REGN,STLD,REGN,short_term_beta_neutral,-962.6021192827297,-0.47949988664284166,-0.1454576733995156,1.1649957624654502e-15,14,6,2026-04-27
STLD/CMCSA,STLD,CMCSA,short_term_beta_neutral,3989.374249684917,1.1248788567309906,-0.1454576733995156,1.0,22,6,2026-04-27
NUE/PYPL,NUE,PYPL,short_term_beta_neutral,5389.19019976151,1.6423301573965845,-0.1454576733995156,1.0,20,6,2026-04-27
NUE/NFLX,NUE,NFLX,short_term_beta_neutral,4861.293541181565,1.326225862228396,-0.1454576733995156,1.0,22,6,2026-04-27
KLAC/ISRG,KLAC,ISRG,short_term_beta_neutral,1792.332856397362,0.3063087297084231,-0.1454576733995156,0.9885737647561005,27,6,2026-04-27
ON/BSX,ON,BSX,weekly_aligned_windows,11125.47999999999,1.0363175292728164,-0.1634611582220085,0.9999999999894118,98,6,2026-04-27
ON/FMC,ON,FMC,weekly_aligned_windows,3781.134855049193,0.3695109518993673,-0.1634611582220085,0.9999094956517919,92,6,2026-04-27
LRCX/CAG,LRCX,CAG,weekly_aligned_windows,4419.155717672351,0.6184537905700883,-0.1634611582220085,1.0,104,6,2026-04-27
LRCX/JKHY,LRCX,JKHY,weekly_aligned_windows,2020.693061830392,0.24250496222922338,-0.1634611582220085,0.9902818895788893,100,6,2026-04-27
CSCO/HII,CSCO,HII,weekly_aligned_windows,4367.364696798056,0.6952160727004018,-0.1634611582220085,0.999999999920046,90,6,2026-04-27
CSCO/GIS,CSCO,GIS,weekly_aligned_windows,1973.110587706303,0.44918886363223154,-0.1634611582220085,0.9999998549595605,94,6,2026-04-27
AKAM/RMD,AKAM,RMD,weekly_aligned_windows,-3028.644890673154,-0.4217281978834679,-0.1634611582220085,1.5678117602816618e-11,88,6,2026-04-27
AKAM/ULTA,AKAM,ULTA,weekly_aligned_windows,-4201.880000000008,-0.6960078371911796,-0.1634611582220085,2.7848497820761406e-18,86,6,2026-04-27
BWA/INTU,BWA,INTU,weekly_aligned_windows,-2660.275750842799,-0.3109350926465374,-0.1634611582220085,1.0332330312779765e-09,98,6,2026-04-27
BWA/MKTX,BWA,MKTX,weekly_aligned_windows,4077.186675455072,0.6648371410273569,-0.1634611582220085,0.999999999999864,92,6,2026-04-27
STLD/REGN,STLD,REGN,weekly_aligned_windows,-617.674147695431,-0.1089073279584542,-0.1634611582220085,4.566403687743529e-06,100,6,2026-04-27
STLD/CMCSA,STLD,CMCSA,weekly_aligned_windows,-1625.102632523292,-0.3157633533802686,-0.1634611582220085,4.519879832855814e-13,92,6,2026-04-27
NUE/PYPL,NUE,PYPL,weekly_aligned_windows,3797.67243542962,0.4906945837382404,-0.1634611582220085,0.9999999986133628,106,6,2026-04-27
NUE/NFLX,NUE,NFLX,weekly_aligned_windows,2558.868322866769,0.3809403845076465,-0.1634611582220085,0.9999999986006554,98,6,2026-04-27
KLAC/ISRG,KLAC,ISRG,weekly_aligned_windows,1301.957319844964,0.19782042072684183,-0.1634611582220085,0.978031689064677,100,6,2026-04-27
ON/BSX,ON,BSX,let_profits_run,5027.510000000001,0.9413074630118257,-0.1862632652836295,1.0,16,6,2026-04-27
ON/FMC,ON,FMC,let_profits_run,-9.904460072564234,-0.0034848487515222993,-0.1862632652836295,0.015388007364493753,4,6,2026-04-27
LRCX/CAG,LRCX,CAG,let_profits_run,2368.532497284929,0.38011221385542104,-0.1862632652836295,0.9999982551713026,24,6,2026-04-27
LRCX/JKHY,LRCX,JKHY,let_profits_run,88.46196827568224,0.017351745942090414,-0.1862632652836295,0.045705956048445295,16,6,2026-04-27
CSCO/HII,CSCO,HII,let_profits_run,-265.1564681437583,-0.07962210539068038,-0.1862632652836295,0.0017465071045652254,10,6,2026-04-27
CSCO/GIS,CSCO,GIS,let_profits_run,1234.002014294826,0.3491036998374193,-0.1862632652836295,0.9999956762746908,26,6,2026-04-27
AKAM/RMD,AKAM,RMD,let_profits_run,101.8490463658773,0.04793614932229712,-0.1862632652836295,0.14768277951758174,12,6,2026-04-27
AKAM/ULTA,AKAM,ULTA,let_profits_run,595.6300000000005,0.23291026575253035,-0.1862632652836295,0.9992440785534835,10,6,2026-04-27
BWA/INTU,BWA,INTU,let_profits_run,4283.994520842319,0.7847114585452549,-0.1862632652836295,0.9999894341190244,12,6,2026-04-27
BWA/MKTX,BWA,MKTX,let_profits_run,4494.658299006195,1.4601445939928246,-0.1862632652836295,0.9999999999995659,8,6,2026-04-27
STLD/REGN,STLD,REGN,let_profits_run,-1514.791056883221,-1.535116894087899,-0.1862632652836295,1.0755193983449603e-06,6,6,2026-04-27
STLD/CMCSA,STLD,CMCSA,let_profits_run,1458.277736669906,0.549579914178125,-0.1862632652836295,0.9999999999899881,12,6,2026-04-27
NUE/PYPL,NUE,PYPL,let_profits_run,5749.894346895196,1.1062184478157762,-0.1862632652836295,0.9999987200588898,12,6,2026-04-27
NUE/NFLX,NUE,NFLX,let_profits_run,4330.368528937687,1.1168325590915842,-0.1862632652836295,0.9999999994345039,12,6,2026-04-27
KLAC/ISRG,KLAC,ISRG,let_profits_run,2844.978082533594,1.0270301623282498,-0.1862632652836295,0.9999999999596418,14,6,2026-04-27
ON/BSX,ON,BSX,beta_neutral,7244.940000000001,1.2598442771800997,-0.2137063973629151,0.9999999999999822,22,6,2026-04-27
ON/FMC,ON,FMC,beta_neutral,-1017.225221641757,-0.22773439976393658,-0.2137063973629151,1.372700776900445e-07,8,6,2026-04-27
LRCX/CAG,LRCX,CAG,beta_neutral,4933.72377432447,0.7162008437077904,-0.2137063973629151,1.0,30,6,2026-04-27
LRCX/JKHY,LRCX,JKHY,beta_neutral,-840.6995948771951,-0.1711249735322836,-0.2137063973629151,4.702646818598012e-10,24,6,2026-04-27
CSCO/HII,CSCO,HII,beta_neutral,-245.1094025095057,-0.15374147785208656,-0.2137063973629151,9.322035542262054e-07,14,6,2026-04-27
CSCO/GIS,CSCO,GIS,beta_neutral,2121.747428295676,0.6785763577770804,-0.2137063973629151,0.9999999446221003,32,6,2026-04-27
AKAM/RMD,AKAM,RMD,beta_neutral,452.7266722629486,0.22705379240568485,-0.2137063973629151,0.9967422744090821,14,6,2026-04-27
AKAM/ULTA,AKAM,ULTA,beta_neutral,-1824.680000000001,-0.732921224559074,-0.2137063973629151,4.244391182685216e-07,14,6,2026-04-27
BWA/INTU,BWA,INTU,beta_neutral,-1059.551238870532,-0.16338492994957185,-0.2137063973629151,2.233007779788561e-05,22,6,2026-04-27
BWA/MKTX,BWA,MKTX,beta_neutral,4946.126256546021,1.0312738006089412,-0.2137063973629151,0.9997494965657877,14,6,2026-04-27
STLD/REGN,STLD,REGN,beta_neutral,-1474.785392328092,-0.8154499076216837,-0.2137063973629151,1.0989039979748308e-14,8,6,2026-04-27
STLD/CMCSA,STLD,CMCSA,beta_neutral,4583.074878181627,1.5870105779750816,-0.2137063973629151,1.0,14,6,2026-04-27
NUE/PYPL,NUE,PYPL,beta_neutral,8448.341676611584,1.4107869273632234,-0.2137063973629151,0.9999999999999993,20,6,2026-04-27
NUE/NFLX,NUE,NFLX,beta_neutral,3074.35254072702,0.6820360200354969,-0.2137063973629151,0.9999999271790135,14,6,2026-04-27
KLAC/ISRG,KLAC,ISRG,beta_neutral,265.190438982217,0.04869357176337068,-0.2137063973629151,0.20280090519456057,16,6,2026-04-27
ON/BSX,ON,BSX,long_term_tilt,4736.500000000005,1.0778421785894323,-0.2440856663253226,0.9999999999999999,14,6,2026-04-27
ON/FMC,ON,FMC,long_term_tilt,548.4998282836242,0.2612166655406753,-0.2440856663253226,0.9980912408880287,4,6,2026-04-27
LRCX/CAG,LRCX,CAG,long_term_tilt,4025.486195091466,0.7137483525680706,-0.2440856663253226,0.9999999999998561,20,6,2026-04-27
LRCX/JKHY,LRCX,JKHY,long_term_tilt,4620.30157116146,1.0282631111300178,-0.2440856663253226,1.0,14,6,2026-04-27
CSCO/HII,CSCO,HII,long_term_tilt,1248.79557932366,0.4290150503305894,-0.2440856663253226,0.9985756973995092,8,6,2026-04-27
CSCO/GIS,CSCO,GIS,long_term_tilt,-790.0750162172461,-0.25269706080846077,-0.2440856663253226,3.7571139608571725e-18,24,6,2026-04-27
AKAM/RMD,AKAM,RMD,long_term_tilt,-1273.363971584908,-0.7208704285525612,-0.2440856663253226,3.0493054805053784e-20,12,6,2026-04-27
AKAM/ULTA,AKAM,ULTA,long_term_tilt,33.10000000000502,0.01241870452432575,-0.2440856663253226,0.03320811748682916,10,6,2026-04-27
BWA/INTU,BWA,INTU,long_term_tilt,4559.810966795767,0.8563765443777995,-0.2440856663253226,0.9999739778309787,12,6,2026-04-27
BWA/MKTX,BWA,MKTX,long_term_tilt,5113.147287388393,1.8941911678869678,-0.2440856663253226,0.9999999999703549,8,6,2026-04-27
STLD/REGN,STLD,REGN,long_term_tilt,-812.2498750497666,-1.075099981160775,-0.2440856663253226,0.00017995079514731695,2,6,2026-04-27
STLD/CMCSA,STLD,CMCSA,long_term_tilt,269.0860090408544,0.09680941078132797,-0.2440856663253226,0.5376338584265485,12,6,2026-04-27
NUE/PYPL,NUE,PYPL,long_term_tilt,4475.362566162276,1.2676904897143397,-0.2440856663253226,0.9984085343617447,10,6,2026-04-27
NUE/NFLX,NUE,NFLX,long_term_tilt,520.8514550911327,0.19107427128102852,-0.2440856663253226,0.9701227505537015,14,6,2026-04-27
KLAC/ISRG,KLAC,ISRG,long_term_tilt,3201.468245117711,1.2800140803284783,-0.2440856663253226,0.9999999999999973,12,6,2026-04-27
ON/BSX,ON,BSX,long_term_kalman,5877.340000000003,1.1236933223497132,-0.2478587829310404,1.0,14,6,2026-04-27
ON/FMC,ON,FMC,long_term_kalman,1823.369574134544,0.5640921409212916,-0.2478587829310404,0.9999998484983131,4,6,2026-04-27
LRCX/CAG,LRCX,CAG,long_term_kalman,4440.678687793622,0.7575030805370531,-0.2478587829310404,0.999999999999969,20,6,2026-04-27
LRCX/JKHY,LRCX,JKHY,long_term_kalman,3217.972346730057,0.6599881271144107,-0.2478587829310404,0.9999999999999928,14,6,2026-04-27
CSCO/HII,CSCO,HII,long_term_kalman,-129.2615403745448,-0.040729912243852355,-0.2478587829310404,0.0048817408983650576,8,6,2026-04-27
CSCO/GIS,CSCO,GIS,long_term_kalman,-630.6553591270956,-0.2063086993420324,-0.2478587829310404,2.205929561264256e-14,24,6,2026-04-27
AKAM/RMD,AKAM,RMD,long_term_kalman,-1207.386477931231,-0.6595006309492822,-0.2478587829310404,3.809491597179432e-21,12,6,2026-04-27
AKAM/ULTA,AKAM,ULTA,long_term_kalman,-562.2199999999947,-0.20488535303211627,-0.2478587829310404,5.477919711322914e-06,10,6,2026-04-27
BWA/INTU,BWA,INTU,long_term_kalman,4614.251027085464,0.86140976728009,-0.2478587829310404,0.9999753668172435,12,6,2026-04-27
BWA/MKTX,BWA,MKTX,long_term_kalman,4518.638131075259,1.498475896131801,-0.2478587829310404,0.9999999999982188,8,6,2026-04-27
STLD/REGN,STLD,REGN,long_term_kalman,-815.7919392150786,-1.0750931012588252,-0.2478587829310404,0.00016114642916039793,2,6,2026-04-27
STLD/CMCSA,STLD,CMCSA,long_term_kalman,1528.563102725642,0.5663432714185769,-0.2478587829310404,0.9999999999998516,10,6,2026-04-27
NUE/PYPL,NUE,PYPL,long_term_kalman,4107.322833574395,1.190963506719489,-0.2478587829310404,0.999106139576713,10,6,2026-04-27
NUE/NFLX,NUE,NFLX,long_term_kalman,-154.4641717179047,-0.05434595369157944,-0.2478587829310404,0.00040857847991544895,16,6,2026-04-27
KLAC/ISRG,KLAC,ISRG,long_term_kalman,3194.444250372516,1.2768407694202908,-0.2478587829310404,0.9999999999999974,12,6,2026-04-27
ON/BSX,ON,BSX,fast_rebalance,3063.070000000006,0.6592357650846475,-0.297107787060607,1.0,34,6,2026-04-27
ON/FMC,ON,FMC,fast_rebalance,-952.4969037777682,-0.3643465690695127,-0.297107787060607,2.588706001626559e-14,18,6,2026-04-27
LRCX/CAG,LRCX,CAG,fast_rebalance,4852.359963580508,1.1468212705803333,-0.297107787060607,1.0,40,6,2026-04-27
LRCX/JKHY,LRCX,JKHY,fast_rebalance,3164.137554795508,0.6870648740123654,-0.297107787060607,0.9999999992602627,30,6,2026-04-27
CSCO/HII,CSCO,HII,fast_rebalance,1351.620884101461,0.5512227686570902,-0.297107787060607,0.9999999997377887,22,6,2026-04-27
CSCO/GIS,CSCO,GIS,fast_rebalance,1879.393122830974,0.8208451402146635,-0.297107787060607,0.9999999999999997,32,6,2026-04-27
AKAM/RMD,AKAM,RMD,fast_rebalance,870.3960075285263,0.4031086031370004,-0.297107787060607,0.999999996610173,18,6,2026-04-27
AKAM/ULTA,AKAM,ULTA,fast_rebalance,1994.320000000004,0.7789328036102232,-0.297107787060607,0.999999832655226,24,6,2026-04-27
BWA/INTU,BWA,INTU,fast_rebalance,1174.286006355784,0.34993996990174053,-0.297107787060607,0.9999993708333523,24,6,2026-04-27
BWA/MKTX,BWA,MKTX,fast_rebalance,2597.356634032318,0.5559790637645496,-0.297107787060607,0.9999979474615925,30,6,2026-04-27
STLD/REGN,STLD,REGN,fast_rebalance,-845.1865034427307,-0.4335164243430547,-0.297107787060607,3.402011477586367e-16,14,6,2026-04-27
STLD/CMCSA,STLD,CMCSA,fast_rebalance,3008.697577010552,1.49904806871021,-0.297107787060607,0.9999999999497061,14,6,2026-04-27
NUE/PYPL,NUE,PYPL,fast_rebalance,5205.565700224897,1.06924565765309,-0.297107787060607,0.9999712445885042,16,6,2026-04-27
NUE/NFLX,NUE,NFLX,fast_rebalance,2736.828179776323,0.6169048220855159,-0.297107787060607,0.9999862717781404,26,6,2026-04-27
KLAC/ISRG,KLAC,ISRG,fast_rebalance,-617.6390573310198,-0.1449061503582152,-0.297107787060607,1.87213678378564e-12,26,6,2026-04-27
ON/BSX,ON,BSX,no_skip_month,1866.889999999995,0.2840375606659315,-0.3048027246420217,0.9966775893911785,28,6,2026-04-27
ON/FMC,ON,FMC,no_skip_month,456.2035610813758,0.05888965206354767,-0.3048027246420217,0.2145191249021472,8,6,2026-04-27
LRCX/CAG,LRCX,CAG,no_skip_month,3872.104668619459,0.7229871571633888,-0.3048027246420217,0.9999999999999994,30,6,2026-04-27
LRCX/JKHY,LRCX,JKHY,no_skip_month,-275.0029345309385,-0.06149530713976083,-0.3048027246420217,0.00022454722663496138,24,6,2026-04-27
CSCO/HII,CSCO,HII,no_skip_month,837.0400176000501,0.20161773874820596,-0.3048027246420217,0.9764811084722091,20,6,2026-04-27
CSCO/GIS,CSCO,GIS,no_skip_month,1436.577744161969,0.4500912964209185,-0.3048027246420217,0.9999999961920665,34,6,2026-04-27
AKAM/RMD,AKAM,RMD,no_skip_month,-279.0688308206844,-0.12311161686862052,-0.3048027246420217,5.795638079322816e-06,18,6,2026-04-27
AKAM/ULTA,AKAM,ULTA,no_skip_month,-4376.210000000001,-1.177816280751273,-0.3048027246420217,4.357425741665423e-06,18,6,2026-04-27
BWA/INTU,BWA,INTU,no_skip_month,2753.955247621349,0.5462853546945441,-0.3048027246420217,0.9998527523528569,22,6,2026-04-27
BWA/MKTX,BWA,MKTX,no_skip_month,5411.18522367207,1.0861724027635022,-0.3048027246420217,0.9999993811525005,18,6,2026-04-27
STLD/REGN,STLD,REGN,no_skip_month,1741.246030675654,0.40831116499603815,-0.3048027246420217,0.9999875683587608,14,6,2026-04-27
STLD/CMCSA,STLD,CMCSA,no_skip_month,2329.077883099651,1.210431522611841,-0.3048027246420217,1.0,18,6,2026-04-27
NUE/PYPL,NUE,PYPL,no_skip_month,6732.456784733882,1.604003298845662,-0.3048027246420217,0.999952781997543,24,6,2026-04-27
NUE/NFLX,NUE,NFLX,no_skip_month,2157.071192014219,0.7581886345090876,-0.3048027246420217,0.9999999999990201,22,6,2026-04-27
KLAC/ISRG,KLAC,ISRG,no_skip_month,2266.637510490038,0.4311506249547065,-0.3048027246420217,0.9999908107117359,20,6,2026-04-27
ON/BSX,ON,BSX,short_term_tilt,3819.030000000002,0.8190988137681916,-0.3382108052946245,1.0,34,6,2026-04-27
ON/FMC,ON,FMC,short_term_tilt,-951.3231763571889,-0.36392616822894547,-0.3382108052946245,2.6627768555818656e-14,18,6,2026-04-27
LRCX/CAG,LRCX,CAG,short_term_tilt,5140.782531247431,1.2106018540572243,-0.3382108052946245,1.0,40,6,2026-04-27
LRCX/JKHY,LRCX,JKHY,short_term_tilt,3164.294855649179,0.6871677111005889,-0.3382108052946245,0.999999999261261,30,6,2026-04-27
CSCO/HII,CSCO,HII,short_term_tilt,845.3049852178488,0.33788570658263645,-0.3382108052946245,0.9999963621923307,24,6,2026-04-27
CSCO/GIS,CSCO,GIS,short_term_tilt,1879.393122830974,0.8208451402146635,-0.3382108052946245,0.9999999999999997,32,6,2026-04-27
AKAM/RMD,AKAM,RMD,short_term_tilt,483.8185459168556,0.21897731737840478,-0.3382108052946245,0.998465981054251,20,6,2026-04-27
AKAM/ULTA,AKAM,ULTA,short_term_tilt,2000.640000000004,0.7817754241565409,-0.3382108052946245,0.9999998295109609,24,6,2026-04-27
BWA/INTU,BWA,INTU,short_term_tilt,1443.335609331808,0.4261065330739696,-0.3382108052946245,0.9999999920850654,26,6,2026-04-27
BWA/MKTX,BWA,MKTX,short_term_tilt,1717.031990697644,0.3838476402444463,-0.3382108052946245,0.9999716004507401,28,6,2026-04-27
STLD/REGN,STLD,REGN,short_term_tilt,-957.8603477348742,-0.49174013656307747,-0.3382108052946245,1.5315060241825744e-16,14,6,2026-04-27
STLD/CMCSA,STLD,CMCSA,short_term_tilt,3010.108573310248,1.5002544240102669,-0.3382108052946245,0.9999999999514163,14,6,2026-04-27
NUE/PYPL,NUE,PYPL,short_term_tilt,5029.205554886152,1.029871219631272,-0.3382108052946245,0.9999734926581573,18,6,2026-04-27
NUE/NFLX,NUE,NFLX,short_term_tilt,2736.828179776323,0.6169048220855159,-0.3382108052946245,0.9999862717781404,26,6,2026-04-27
KLAC/ISRG,KLAC,ISRG,short_term_tilt,-617.6390573310198,-0.1449061503582152,-0.3382108052946245,1.87213678378564e-12,26,6,2026-04-27
ON/BSX,ON,BSX,slow_rebalance,3545.810000000004,0.7747133051718149,-0.363076706878033,0.9999999999999999,18,6,2026-04-27
ON/FMC,ON,FMC,slow_rebalance,-833.4663376336907,-0.6399843588991757,-0.363076706878033,7.2349196089444e-07,4,6,2026-04-27
LRCX/CAG,LRCX,CAG,slow_rebalance,3872.272660460208,0.7571952584492148,-0.363076706878033,1.0,28,6,2026-04-27
LRCX/JKHY,LRCX,JKHY,slow_rebalance,1515.055688819096,0.3195192131727032,-0.363076706878033,0.9999892630575407,18,6,2026-04-27
CSCO/HII,CSCO,HII,slow_rebalance,-2090.637652676515,-0.8544644693307973,-0.363076706878033,8.007346006488662e-09,10,6,2026-04-27
CSCO/GIS,CSCO,GIS,slow_rebalance,2010.501982014676,0.6425758841678215,-0.363076706878033,0.9999999999996395,26,6,2026-04-27
AKAM/RMD,AKAM,RMD,slow_rebalance,739.055392893871,0.3827941829436068,-0.363076706878033,0.9999998270920287,8,6,2026-04-27
AKAM/ULTA,AKAM,ULTA,slow_rebalance,1230.619999999998,0.45962092276846994,-0.363076706878033,0.9999998317796568,14,6,2026-04-27
BWA/INTU,BWA,INTU,slow_rebalance,2352.252778137368,0.36746826993791865,-0.363076706878033,0.9999727763360282,20,6,2026-04-27
BWA/MKTX,BWA,MKTX,slow_rebalance,4780.07293581035,1.001372485337278,-0.363076706878033,0.9999964457325122,14,6,2026-04-27
STLD/REGN,STLD,REGN,slow_rebalance,-1008.404892254766,-0.7583542890870782,-0.363076706878033,7.615137931609303e-13,10,6,2026-04-27
STLD/CMCSA,STLD,CMCSA,slow_rebalance,2076.92323668316,0.8292118497317263,-0.363076706878033,0.9999999999999976,12,6,2026-04-27
NUE/PYPL,NUE,PYPL,slow_rebalance,6489.421176675472,1.2554557206498782,-0.363076706878033,0.9999992885124822,14,6,2026-04-27
NUE/NFLX,NUE,NFLX,slow_rebalance,3231.453132827119,0.8316687511151842,-0.363076706878033,0.9999999995312067,14,6,2026-04-27
KLAC/ISRG,KLAC,ISRG,slow_rebalance,-795.9978345145269,-0.2046843351614621,-0.363076706878033,4.5974764160327163e-20,16,6,2026-04-27
ON/BSX,ON,BSX,kalman_hedge,5618.960000000004,1.088447697887455,-0.3678568478769032,0.9999999999259341,24,6,2026-04-27
ON/FMC,ON,FMC,kalman_hedge,304.615921809806,0.04006019557387305,-0.3678568478769032,0.11101946131956786,8,6,2026-04-27
LRCX/CAG,LRCX,CAG,kalman_hedge,2990.429779648238,0.5455274932858613,-0.3678568478769032,0.9999999999985015,30,6,2026-04-27
LRCX/JKHY,LRCX,JKHY,kalman_hedge,-355.6421572851339,-0.07945774685381367,-0.3678568478769032,4.5145490210097154e-05,24,6,2026-04-27
CSCO/HII,CSCO,HII,kalman_hedge,-1120.246157847635,-0.45245030672660996,-0.3678568478769032,1.5610653235980352e-13,16,6,2026-04-27
CSCO/GIS,CSCO,GIS,kalman_hedge,1865.561797166152,0.6695401874922685,-0.3678568478769032,0.9999999999885651,32,6,2026-04-27
AKAM/RMD,AKAM,RMD,kalman_hedge,173.9785401507231,0.08483128069761581,-0.3678568478769032,0.42772474736977106,14,6,2026-04-27
AKAM/ULTA,AKAM,ULTA,kalman_hedge,-2077.57,-0.8100891093605187,-0.3678568478769032,2.3749806872361512e-07,16,6,2026-04-27
BWA/INTU,BWA,INTU,kalman_hedge,1535.996014964428,0.2885330699010791,-0.3678568478769032,0.9998686003518216,22,6,2026-04-27
BWA/MKTX,BWA,MKTX,kalman_hedge,5036.469796202601,1.1439685590056765,-0.3678568478769032,0.9999266828682043,14,6,2026-04-27
STLD/REGN,STLD,REGN,kalman_hedge,-1252.095472525496,-0.648742095344432,-0.3678568478769032,3.778917711647963e-18,10,6,2026-04-27
STLD/CMCSA,STLD,CMCSA,kalman_hedge,2829.672531160855,1.737357456149742,-0.3678568478769032,0.9999999999999989,14,6,2026-04-27
NUE/PYPL,NUE,PYPL,kalman_hedge,5600.964023589449,0.9668040922820234,-0.3678568478769032,0.9999999449295989,20,6,2026-04-27
NUE/NFLX,NUE,NFLX,kalman_hedge,3519.076198895226,0.756742006029863,-0.3678568478769032,0.999998787407788,22,6,2026-04-27
KLAC/ISRG,KLAC,ISRG,kalman_hedge,1760.713644583145,0.4820202474152136,-0.3678568478769032,0.9995129308194756,16,6,2026-04-27
ON/BSX,ON,BSX,vol_weighted_sizing,5551.790000000006,1.0761930891875926,-0.3827208972787578,0.9999999999312701,24,6,2026-04-27
ON/FMC,ON,FMC,vol_weighted_sizing,443.565671132365,0.05737530826782398,-0.3827208972787578,0.20433023737414763,8,6,2026-04-27
LRCX/CAG,LRCX,CAG,vol_weighted_sizing,2770.848766292021,0.512467475291123,-0.3827208972787578,0.9999999999766727,30,6,2026-04-27
LRCX/JKHY,LRCX,JKHY,vol_weighted_sizing,-391.8012456106917,-0.0875795917512398,-0.3827208972787578,2.0953468760305638e-05,24,6,2026-04-27
CSCO/HII,CSCO,HII,vol_weighted_sizing,-1129.575964788232,-0.45540568120358893,-0.3827208972787578,1.3472716424382133e-13,16,6,2026-04-27
CSCO/GIS,CSCO,GIS,vol_weighted_sizing,1872.82107420882,0.673375066957992,-0.3827208972787578,0.9999999999941164,32,6,2026-04-27
AKAM/RMD,AKAM,RMD,vol_weighted_sizing,185.6538108475057,0.09067574817297559,-0.3827208972787578,0.48339935241665444,14,6,2026-04-27
AKAM/ULTA,AKAM,ULTA,vol_weighted_sizing,-2083.89,-0.8121828984696334,-0.3827208972787578,2.3498680320004812e-07,16,6,2026-04-27
BWA/INTU,BWA,INTU,vol_weighted_sizing,1532.714900716254,0.28954747976475115,-0.3827208972787578,0.9998793024490025,22,6,2026-04-27
BWA/MKTX,BWA,MKTX,vol_weighted_sizing,5019.492872635065,1.1434961415751979,-0.3827208972787578,0.9999329283209618,14,6,2026-04-27
STLD/REGN,STLD,REGN,vol_weighted_sizing,-1254.571019342295,-0.651673513244836,-0.3827208972787578,3.64377796531952e-18,10,6,2026-04-27
STLD/CMCSA,STLD,CMCSA,vol_weighted_sizing,2739.645874206191,1.7289910846841134,-0.3827208972787578,0.999999999999997,14,6,2026-04-27
NUE/PYPL,NUE,PYPL,vol_weighted_sizing,5841.58833840011,1.0127509961456513,-0.3827208972787578,0.9999999744552152,20,6,2026-04-27
NUE/NFLX,NUE,NFLX,vol_weighted_sizing,3518.744595004364,0.7519732684618354,-0.3827208972787578,0.9999990463053627,22,6,2026-04-27
KLAC/ISRG,KLAC,ISRG,vol_weighted_sizing,1515.403644583147,0.42142761477168666,-0.3827208972787578,0.9985796814842652,16,6,2026-04-27
ON/BSX,ON,BSX,uniform_weights,5552.280000000007,1.0764363136438677,-0.3955778333614782,0.9999999999306011,24,6,2026-04-27
ON/FMC,ON,FMC,uniform_weights,441.8056711323649,0.05714601472737879,-0.3955778333614782,0.20274308718488537,8,6,2026-04-27
LRCX/CAG,LRCX,CAG,uniform_weights,2311.673265407668,0.4267053755549734,-0.3955778333614782,0.9999999953887273,30,6,2026-04-27
LRCX/JKHY,LRCX,JKHY,uniform_weights,-823.0696676443217,-0.18549365970544973,-0.3955778333614782,6.21659685168472e-10,24,6,2026-04-27
CSCO/HII,CSCO,HII,uniform_weights,-661.8608110174059,-0.2816824867962596,-0.3955778333614782,2.9081003502038573e-13,14,6,2026-04-27
CSCO/GIS,CSCO,GIS,uniform_weights,1872.82107420882,0.673375066957992,-0.3955778333614782,0.9999999999941164,32,6,2026-04-27
AKAM/RMD,AKAM,RMD,uniform_weights,504.8164077920061,0.2513421580138369,-0.3955778333614782,0.9996838187527253,10,6,2026-04-27
AKAM/ULTA,AKAM,ULTA,uniform_weights,-2083.89,-0.8121828984696334,-0.3955778333614782,2.3498680320004812e-07,16,6,2026-04-27
BWA/INTU,BWA,INTU,uniform_weights,1775.982065860874,0.334776098994434,-0.3955778333614782,0.9999336412048336,20,6,2026-04-27
BWA/MKTX,BWA,MKTX,uniform_weights,5015.089855655957,1.1428715231114308,-0.3955778333614782,0.9999322241027717,14,6,2026-04-27
STLD/REGN,STLD,REGN,uniform_weights,-1473.831019342294,-0.8280326741576771,-0.3955778333614782,2.3610092835930373e-16,8,6,2026-04-27
STLD/CMCSA,STLD,CMCSA,uniform_weights,2017.057922387319,1.2088220743426181,-0.3955778333614782,1.0,16,6,2026-04-27
NUE/PYPL,NUE,PYPL,uniform_weights,5843.362965394503,1.0129878161861705,-0.3955778333614782,0.9999999745754607,20,6,2026-04-27
NUE/NFLX,NUE,NFLX,uniform_weights,4054.71959021011,0.8788561708606157,-0.3955778333614782,0.9999991750225307,18,6,2026-04-27
KLAC/ISRG,KLAC,ISRG,uniform_weights,1515.403644583147,0.42142761477168666,-0.3955778333614782,0.9985796814842652,16,6,2026-04-27
ON/BSX,ON,BSX,default,4320.340000000008,0.9944743696618584,-0.5605019222388111,1.0,22,6,2026-04-27
ON/FMC,ON,FMC,default,459.2598659496384,0.059286967024485084,-0.5605019222388111,0.2173704632405684,8,6,2026-04-27
LRCX/CAG,LRCX,CAG,default,2521.880434511002,0.46410028358718447,-0.5605019222388111,0.9999999996370733,30,6,2026-04-27
LRCX/JKHY,LRCX,JKHY,default,-943.6518222715636,-0.2160614381560184,-0.5605019222388111,1.1154190631434234e-11,24,6,2026-04-27
CSCO/HII,CSCO,HII,default,-683.2966639580089,-0.28874836801914755,-0.5605019222388111,3.2225821629887943e-13,14,6,2026-04-27
CSCO/GIS,CSCO,GIS,default,1861.979042654834,0.6694882260118097,-0.5605019222388111,0.9999999999930524,32,6,2026-04-27
AKAM/RMD,AKAM,RMD,default,217.6705545498399,0.10623496735174981,-0.5605019222388111,0.6302795829801654,14,6,2026-04-27
AKAM/ULTA,AKAM,ULTA,default,-2445.399999999997,-0.9713872747844267,-0.5605019222388111,1.8895196745037196e-06,14,6,2026-04-27
BWA/INTU,BWA,INTU,default,1534.040378416527,0.289768145318809,-0.5605019222388111,0.9998800482230498,22,6,2026-04-27
BWA/MKTX,BWA,MKTX,default,5041.784380121225,1.1460252991449476,-0.5605019222388111,0.9999366173746512,14,6,2026-04-27
STLD/REGN,STLD,REGN,default,-1298.634431421023,-0.7390002386923332,-0.5605019222388111,2.8845185573512134e-15,8,6,2026-04-27
STLD/CMCSA,STLD,CMCSA,default,2741.197436902717,1.728654123242172,-0.5605019222388111,0.9999999999999969,14,6,2026-04-27
NUE/PYPL,NUE,PYPL,default,5841.58833840011,1.0127509961456513,-0.5605019222388111,0.9999999744552152,20,6,2026-04-27
NUE/NFLX,NUE,NFLX,default,1510.098082800523,0.3433904291906467,-0.5605019222388111,0.9989836154640104,18,6,2026-04-27
KLAC/ISRG,KLAC,ISRG,default,1515.403644583147,0.42142761477168666,-0.5605019222388111,0.9985796814842652,16,6,2026-04-27
ON/BSX,ON,BSX,balanced,3789.840000000008,0.8643917471582905,-0.5758064017129716,1.0,22,6,2026-04-27
ON/FMC,ON,FMC,balanced,459.9129661122743,0.05937206874549097,-0.5758064017129716,0.21798359651418342,8,6,2026-04-27
LRCX/CAG,LRCX,CAG,balanced,2741.98956469347,0.5734469298480859,-0.5758064017129716,0.9999999999999598,28,6,2026-04-27
LRCX/JKHY,LRCX,JKHY,balanced,-295.3878427009786,-0.06619568387507742,-0.5758064017129716,0.0001486650156258601,24,6,2026-04-27
CSCO/HII,CSCO,HII,balanced,-683.2966639580089,-0.28874836801914755,-0.5758064017129716,3.2225821629887943e-13,14,6,2026-04-27
CSCO/GIS,CSCO,GIS,balanced,1861.979042654834,0.6694882260118097,-0.5758064017129716,0.9999999999930524,32,6,2026-04-27
AKAM/RMD,AKAM,RMD,balanced,307.0807918918454,0.15107491952783836,-0.5758064017129716,0.9187196381977142,12,6,2026-04-27
AKAM/ULTA,AKAM,ULTA,balanced,-2486.709999999997,-0.9875903782384505,-0.5758064017129716,2.0060593069531655e-06,14,6,2026-04-27
BWA/INTU,BWA,INTU,balanced,1630.26476531781,0.3073515138936855,-0.5758064017129716,0.999910649354466,22,6,2026-04-27
BWA/MKTX,BWA,MKTX,balanced,4698.147466832337,1.0728693321916076,-0.5758064017129716,0.9999275866809126,14,6,2026-04-27
STLD/REGN,STLD,REGN,balanced,-1554.298015121313,-0.9729354557038171,-0.5758064017129716,1.0767808790270447e-12,8,6,2026-04-27
STLD/CMCSA,STLD,CMCSA,balanced,2740.75776356874,1.7289073397762078,-0.5758064017129716,0.999999999999997,14,6,2026-04-27
NUE/PYPL,NUE,PYPL,balanced,5841.58833840011,1.0127509961456513,-0.5758064017129716,0.9999999744552152,20,6,2026-04-27
NUE/NFLX,NUE,NFLX,balanced,1181.31736211266,0.26407437745984275,-0.5758064017129716,0.9945748382172501,18,6,2026-04-27
KLAC/ISRG,KLAC,ISRG,balanced,1830.725011072465,0.5050556276840366,-0.5758064017129716,0.9995703818986266,16,6,2026-04-27
ON/BSX,ON,BSX,entry_filter_kalman,3140.180000000003,0.6118635525867777,-0.6646106344804305,0.999999999937453,22,6,2026-04-27
ON/FMC,ON,FMC,entry_filter_kalman,-3939.949429065372,-0.8035031916221292,-0.6646106344804305,0.003477269790634446,6,6,2026-04-27
LRCX/CAG,LRCX,CAG,entry_filter_kalman,5116.001180497999,0.8806547607820223,-0.6646106344804305,1.0,26,6,2026-04-27
LRCX/JKHY,LRCX,JKHY,entry_filter_kalman,-491.6256917981162,-0.10993293922553982,-0.6646106344804305,3.315223662534363e-06,24,6,2026-04-27
CSCO/HII,CSCO,HII,entry_filter_kalman,-963.5446077703155,-0.3952344969901529,-0.6646106344804305,1.7136335674085673e-13,14,6,2026-04-27
CSCO/GIS,CSCO,GIS,entry_filter_kalman,2159.637679335462,0.7332145245082775,-0.6646106344804305,0.999999999999945,28,6,2026-04-27
AKAM/RMD,AKAM,RMD,entry_filter_kalman,-10.14335932862502,-0.004908154603964387,-0.6646106344804305,0.014506247652259338,12,6,2026-04-27
AKAM/ULTA,AKAM,ULTA,entry_filter_kalman,-2205.009999999997,-0.8649209047903593,-0.6646106344804305,3.697284054170501e-07,14,6,2026-04-27
BWA/INTU,BWA,INTU,entry_filter_kalman,1246.28181031179,0.1873965387042614,-0.6646106344804305,0.98760883925936,22,6,2026-04-27
BWA/MKTX,BWA,MKTX,entry_filter_kalman,4068.664297978542,0.9111574258801651,-0.6646106344804305,0.999954243159013,12,6,2026-04-27
STLD/REGN,STLD,REGN,entry_filter_kalman,-1751.033860835582,-0.9451413312966189,-0.6646106344804305,6.044755915160753e-18,10,6,2026-04-27
STLD/CMCSA,STLD,CMCSA,entry_filter_kalman,3050.514751855134,1.594660794975907,-0.6646106344804305,1.0,12,6,2026-04-27
NUE/PYPL,NUE,PYPL,entry_filter_kalman,5763.839192732759,0.9175698275154944,-0.6646106344804305,0.9999999972751994,14,6,2026-04-27
NUE/NFLX,NUE,NFLX,entry_filter_kalman,3111.151667897922,0.660825614424021,-0.6646106344804305,0.9999983277428803,16,6,2026-04-27
KLAC/ISRG,KLAC,ISRG,entry_filter_kalman,494.8225123871787,0.11076375382140079,-0.6646106344804305,0.6232129981544432,16,6,2026-04-27
ON/BSX,ON,BSX,entry_threshold_strong,3085.640000000007,0.6006991905382909,-0.6854284351162166,0.9999999999064882,22,6,2026-04-27
ON/FMC,ON,FMC,entry_threshold_strong,-4227.807576261936,-0.8735333040420319,-0.6854284351162166,0.004265072961835447,6,6,2026-04-27
LRCX/CAG,LRCX,CAG,entry_threshold_strong,4886.898648866551,0.857104570373887,-0.6854284351162166,1.0,26,6,2026-04-27
LRCX/JKHY,LRCX,JKHY,entry_threshold_strong,-530.4108318533167,-0.11916201720404913,-0.6854284351162166,1.3075972674533533e-06,24,6,2026-04-27
CSCO/HII,CSCO,HII,entry_threshold_strong,-952.3272300365791,-0.39267567091865346,-0.6854284351162166,8.285886326562929e-14,14,6,2026-04-27
CSCO/GIS,CSCO,GIS,entry_threshold_strong,2166.512987793894,0.7364865672292228,-0.6854284351162166,0.9999999999999747,28,6,2026-04-27
AKAM/RMD,AKAM,RMD,entry_threshold_strong,-17.02335932862877,-0.008286458835230853,-0.6854284351162166,0.01221501257802634,12,6,2026-04-27
AKAM/ULTA,AKAM,ULTA,entry_threshold_strong,-2238.569999999996,-0.8727697557577532,-0.6854284351162166,5.35398552907339e-07,14,6,2026-04-27
BWA/INTU,BWA,INTU,entry_threshold_strong,1268.763644675418,0.19114492445890222,-0.6854284351162166,0.9895203326218641,22,6,2026-04-27
BWA/MKTX,BWA,MKTX,entry_threshold_strong,4025.491629367488,0.9082584370536101,-0.6854284351162166,0.999958716102229,12,6,2026-04-27
STLD/REGN,STLD,REGN,entry_threshold_strong,-1746.929407652379,-0.9435626445251833,-0.6854284351162166,6.595848553248569e-18,10,6,2026-04-27
STLD/CMCSA,STLD,CMCSA,entry_threshold_strong,3005.628629951666,1.6037555777724117,-0.6854284351162166,1.0,12,6,2026-04-27
NUE/PYPL,NUE,PYPL,entry_threshold_strong,5960.809936516247,0.9433850431264852,-0.6854284351162166,0.9999999989977222,14,6,2026-04-27
NUE/NFLX,NUE,NFLX,entry_threshold_strong,3189.922992597304,0.6754112533454661,-0.6854284351162166,0.9999987336989421,16,6,2026-04-27
KLAC/ISRG,KLAC,ISRG,entry_threshold_strong,494.8225123871787,0.11076375382140079,-0.6854284351162166,0.6232129981544432,16,6,2026-04-27
ON/BSX,ON,BSX,fast_strict,2966.710000000005,0.8387649905787735,-1.2377526288284897,0.9999999999999535,34,6,2026-04-27
ON/FMC,ON,FMC,fast_strict,-1202.101213143754,-0.6572180622868601,-1.2377526288284897,7.2297153554280435e-19,20,6,2026-04-27
LRCX/CAG,LRCX,CAG,fast_strict,2760.650461634298,0.8969698307243298,-1.2377526288284897,1.0,40,6,2026-04-27
LRCX/JKHY,LRCX,JKHY,fast_strict,554.2786235765764,0.16183258735767544,-1.2377526288284897,0.906325543219776,30,6,2026-04-27
CSCO/HII,CSCO,HII,fast_strict,896.7632639894468,0.4960650624463645,-1.2377526288284897,0.9999999962501992,22,6,2026-04-27
CSCO/GIS,CSCO,GIS,fast_strict,1408.307539053331,0.8237239369897075,-1.2377526288284897,0.9999999999999998,32,6,2026-04-27
AKAM/RMD,AKAM,RMD,fast_strict,1545.081123873492,1.0754405332410915,-1.2377526288284897,0.999999999996763,16,6,2026-04-27
AKAM/ULTA,AKAM,ULTA,fast_strict,1663.300000000002,0.8864987654763251,-1.2377526288284897,0.9999998674326989,24,6,2026-04-27
BWA/INTU,BWA,INTU,fast_strict,1356.229049432419,0.5904341029201289,-1.2377526288284897,0.9999999990674285,26,6,2026-04-27
BWA/MKTX,BWA,MKTX,fast_strict,1114.502014639259,0.3510745251969805,-1.2377526288284897,0.999947984129735,32,6,2026-04-27
STLD/REGN,STLD,REGN,fast_strict,-1349.284206246847,-1.0267178615365242,-1.2377526288284897,1.43460108579148e-14,14,6,2026-04-27
STLD/CMCSA,STLD,CMCSA,fast_strict,1098.587539468562,0.9924671209188254,-1.2377526288284897,0.9999999999999662,14,6,2026-04-27
NUE/PYPL,NUE,PYPL,fast_strict,4020.548993558399,0.9322375468013456,-1.2377526288284897,0.9999788320469178,16,6,2026-04-27
NUE/NFLX,NUE,NFLX,fast_strict,2491.993508627232,0.602333627570899,-1.2377526288284897,0.9998820249586652,28,6,2026-04-27
KLAC/ISRG,KLAC,ISRG,fast_strict,-934.5457719955131,-0.31459177602129185,-1.2377526288284897,1.3955464450197426e-17,26,6,2026-04-27
ON/BSX,ON,BSX,raw_momentum_kalman,3948.529999999993,1.0181718908881832,-1.330162464463066,1.0,18,6,2026-04-27
ON/FMC,ON,FMC,raw_momentum_kalman,-4043.168568781412,-0.8413286804909571,-1.330162464463066,0.005242061401266077,4,6,2026-04-27
LRCX/CAG,LRCX,CAG,raw_momentum_kalman,1858.644197577205,0.3211884387438084,-1.330162464463066,0.9999884459661611,30,6,2026-04-27
LRCX/JKHY,LRCX,JKHY,raw_momentum_kalman,-2611.118321340833,-0.6777630077930834,-1.330162464463066,1.247592174031443e-19,22,6,2026-04-27
CSCO/HII,CSCO,HII,raw_momentum_kalman,245.0255412681354,0.16256960534506257,-1.330162464463066,0.9367287447370396,12,6,2026-04-27
CSCO/GIS,CSCO,GIS,raw_momentum_kalman,740.9719685824145,0.33737582040121067,-1.330162464463066,0.9996443843632057,18,6,2026-04-27
AKAM/RMD,AKAM,RMD,raw_momentum_kalman,249.5989421314615,0.15364947921731673,-1.330162464463066,0.9054954869179053,8,6,2026-04-27
AKAM/ULTA,AKAM,ULTA,raw_momentum_kalman,-2326.089999999994,-0.9126408968493281,-1.330162464463066,3.964363644357061e-07,14,6,2026-04-27
BWA/INTU,BWA,INTU,raw_momentum_kalman,1060.366353730285,0.20802800460070656,-1.330162464463066,0.9982197769155284,18,6,2026-04-27
BWA/MKTX,BWA,MKTX,raw_momentum_kalman,2528.94968589474,1.0879497884215295,-1.330162464463066,0.9999999850873823,10,6,2026-04-27
STLD/REGN,STLD,REGN,raw_momentum_kalman,-12.72562802031581,-0.7029350233548074,-1.330162464463066,0.004940491486887821,2,6,2026-04-27
STLD/CMCSA,STLD,CMCSA,raw_momentum_kalman,2318.370773442264,1.0774555874634875,-1.330162464463066,0.9999999999999976,10,6,2026-04-27
NUE/PYPL,NUE,PYPL,raw_momentum_kalman,3304.191164301451,0.6714864717124105,-1.330162464463066,0.9999971405424034,18,6,2026-04-27
NUE/NFLX,NUE,NFLX,raw_momentum_kalman,4096.964969948578,0.8968039211954919,-1.330162464463066,0.9999988354798891,18,6,2026-04-27
KLAC/ISRG,KLAC,ISRG,raw_momentum_kalman,-1016.209149124793,-0.2928279027104617,-1.330162464463066,1.3973597892335736e-15,14,6,2026-04-27
ON/BSX,ON,BSX,raw_momentum,3250.949999999998,0.8538540450595988,-1.419599069912139,1.0,18,6,2026-04-27
ON/FMC,ON,FMC,raw_momentum,-4040.913573356451,-0.8470301717424173,-1.419599069912139,0.005107369079945014,4,6,2026-04-27
LRCX/CAG,LRCX,CAG,raw_momentum,1883.175482003895,0.4466387131803822,-1.419599069912139,0.9999999919184264,26,6,2026-04-27
LRCX/JKHY,LRCX,JKHY,raw_momentum,-1149.337956116958,-0.4048327412400936,-1.419599069912139,9.676640132529326e-20,16,6,2026-04-27
CSCO/HII,CSCO,HII,raw_momentum,-212.9664683143467,-0.15186065831724505,-1.419599069912139,7.89015846285907e-08,12,6,2026-04-27
CSCO/GIS,CSCO,GIS,raw_momentum,505.7113997535239,0.2248863621471073,-1.419599069912139,0.9870832718058922,20,6,2026-04-27
AKAM/RMD,AKAM,RMD,raw_momentum,249.6764993304458,0.15349533528125872,-1.419599069912139,0.9034284986222878,8,6,2026-04-27
AKAM/ULTA,AKAM,ULTA,raw_momentum,-1151.209999999996,-0.8741851388653734,-1.419599069912139,5.294397051678058e-16,12,6,2026-04-27
BWA/INTU,BWA,INTU,raw_momentum,2654.606144414099,0.5443454790357385,-1.419599069912139,0.9997130215364298,12,6,2026-04-27
BWA/MKTX,BWA,MKTX,raw_momentum,2483.908233418337,1.0676070101508457,-1.419599069912139,0.9999999844718378,10,6,2026-04-27
STLD/REGN,STLD,REGN,raw_momentum,-12.72562802031581,-0.7029350233548074,-1.419599069912139,0.004940491486887821,2,6,2026-04-27
STLD/CMCSA,STLD,CMCSA,raw_momentum,1701.665139258874,0.9699506787633039,-1.419599069912139,0.9999999999999788,8,6,2026-04-27
NUE/PYPL,NUE,PYPL,raw_momentum,3496.950364583911,0.720726191122557,-1.419599069912139,0.9999996356192921,18,6,2026-04-27
NUE/NFLX,NUE,NFLX,raw_momentum,2823.584460979406,0.6303043565145222,-1.419599069912139,0.999986457857648,16,6,2026-04-27
KLAC/ISRG,KLAC,ISRG,raw_momentum,-1099.861740183376,-0.31712914951159366,-1.419599069912139,4.176629225545371e-15,14,6,2026-04-27
ON/BSX,ON,BSX,sensitive_reversal,1991.630000000002,0.4998228899184673,-1.4504336477246496,0.9999999999719028,28,6,2026-04-27
ON/FMC,ON,FMC,sensitive_reversal,-4690.162920422323,-0.977365831878525,-1.4504336477246496,0.005730705575699448,10,6,2026-04-27
LRCX/CAG,LRCX,CAG,sensitive_reversal,108.8831943589832,0.02953312694806075,-1.4504336477246496,0.07908780145337696,42,6,2026-04-27
LRCX/JKHY,LRCX,JKHY,sensitive_reversal,651.6794667847926,0.15674939311668132,-1.4504336477246496,0.9021849040592058,28,6,2026-04-27
CSCO/HII,CSCO,HII,sensitive_reversal,-691.4097312122624,-0.4051308372381821,-1.4504336477246496,3.683907334288061e-11,16,6,2026-04-27
CSCO/GIS,CSCO,GIS,sensitive_reversal,3192.451220013937,1.3051739679326486,-1.4504336477246496,0.9999999999999987,42,6,2026-04-27
AKAM/RMD,AKAM,RMD,sensitive_reversal,88.31405883446894,0.04957820231587012,-1.4504336477246496,0.15182567881046583,20,6,2026-04-27
AKAM/ULTA,AKAM,ULTA,sensitive_reversal,-953.3399999999963,-0.6141105751928174,-1.4504336477246496,7.969438280067918e-09,16,6,2026-04-27
BWA/INTU,BWA,INTU,sensitive_reversal,1207.741258775055,0.38276164554351744,-1.4504336477246496,0.9999999386634061,24,6,2026-04-27
BWA/MKTX,BWA,MKTX,sensitive_reversal,5215.287324754249,1.2517448599773118,-1.4504336477246496,0.9998011110482523,20,6,2026-04-27
STLD/REGN,STLD,REGN,sensitive_reversal,-1047.740645130778,-0.5794090233714148,-1.4504336477246496,3.0589112936678948e-15,10,6,2026-04-27
STLD/CMCSA,STLD,CMCSA,sensitive_reversal,596.7162116791209,0.3399444852969608,-1.4504336477246496,0.9999354186060623,18,6,2026-04-27
NUE/PYPL,NUE,PYPL,sensitive_reversal,4856.789941816497,0.9352486121117035,-1.4504336477246496,0.9999992459627025,28,6,2026-04-27
NUE/NFLX,NUE,NFLX,sensitive_reversal,2365.551386810547,0.5753384872225598,-1.4504336477246496,0.9998296761452644,20,6,2026-04-27
KLAC/ISRG,KLAC,ISRG,sensitive_reversal,-2519.276542205155,-0.6750237578767404,-1.4504336477246496,2.7146424052313143e-09,22,6,2026-04-27
ON/BSX,ON,BSX,crash_defensive,2525.750000000007,0.8302381631326172,-1.7408579523986918,0.9999999957919705,24,6,2026-04-27
ON/FMC,ON,FMC,crash_defensive,226.8890358914539,0.058709522288284126,-1.7408579523986918,0.21357744475390333,8,6,2026-04-27
LRCX/CAG,LRCX,CAG,crash_defensive,1353.595876614764,0.5043619747628887,-1.7408579523986918,0.9999999999536787,30,6,2026-04-27
LRCX/JKHY,LRCX,JKHY,crash_defensive,-177.7988014639892,-0.08007822897574188,-1.7408579523986918,4.26732082903712e-05,24,6,2026-04-27
CSCO/HII,CSCO,HII,crash_defensive,-585.0483039724663,-0.4787359979260391,-1.7408579523986918,3.668212526992114e-13,16,6,2026-04-27
CSCO/GIS,CSCO,GIS,crash_defensive,924.5809750883823,0.6686901992685839,-1.7408579523986918,0.9999999999922904,32,6,2026-04-27
AKAM/RMD,AKAM,RMD,crash_defensive,76.60134730034176,0.0761958572918104,-1.7408579523986918,0.3492725160069012,14,6,2026-04-27
AKAM/ULTA,AKAM,ULTA,crash_defensive,-966.5700000000011,-0.7675637832064598,-1.7408579523986918,1.5797612928620918e-07,16,6,2026-04-27
BWA/INTU,BWA,INTU,crash_defensive,271.6168566912361,0.08863726058144691,-1.7408579523986918,0.4606702975948529,22,6,2026-04-27
BWA/MKTX,BWA,MKTX,crash_defensive,2499.177633768521,1.1461956152410224,-1.7408579523986918,0.9999390142063883,14,6,2026-04-27
STLD/REGN,STLD,REGN,crash_defensive,-422.3868457349997,-0.4622644524860936,-1.7408579523986918,1.1119304269119943e-15,10,6,2026-04-27
STLD/CMCSA,STLD,CMCSA,crash_defensive,1369.050682146141,1.7384386509793908,-1.7408579523986918,0.9999999999999969,14,6,2026-04-27
NUE/PYPL,NUE,PYPL,crash_defensive,2602.917682788765,0.6152286668306054,-1.7408579523986918,0.9999336816889753,20,6,2026-04-27
NUE/NFLX,NUE,NFLX,crash_defensive,2273.68989460689,0.573330742036853,-1.7408579523986918,0.9995960030026368,22,6,2026-04-27
KLAC/ISRG,KLAC,ISRG,crash_defensive,629.8936745647325,0.36025675949011426,-1.7408579523986918,0.9954833330237637,16,6,2026-04-27
ON/BSX,ON,BSX,vol_sized_conservative,1645.430000000003,0.9540018096043581,-3.285954418427333,0.9999999999999948,20,6,2026-04-27
ON/FMC,ON,FMC,vol_sized_conservative,171.9245595436453,0.05962049987231487,-3.285954418427333,0.21982090478403787,8,6,2026-04-27
LRCX/CAG,LRCX,CAG,vol_sized_conservative,949.0531337390012,0.5670972031816122,-3.285954418427333,0.9999999999999029,30,6,2026-04-27
LRCX/JKHY,LRCX,JKHY,vol_sized_conservative,-638.3845841919795,-0.4231418454842486,-3.285954418427333,1.1187487174940303e-17,24,6,2026-04-27
CSCO/HII,CSCO,HII,vol_sized_conservative,-384.7388173399748,-0.4522158292134311,-3.285954418427333,2.0182799272682404e-11,14,6,2026-04-27
CSCO/GIS,CSCO,GIS,vol_sized_conservative,638.1793675364272,0.5832617095913748,-3.285954418427333,0.9999999999649297,32,6,2026-04-27
AKAM/RMD,AKAM,RMD,vol_sized_conservative,14.57758663387207,0.019515025680262633,-3.285954418427333,0.046460938855999986,14,6,2026-04-27
AKAM/ULTA,AKAM,ULTA,vol_sized_conservative,-768.4899999999996,-0.8457879644520456,-3.285954418427333,1.0332787673760986e-06,14,6,2026-04-27
BWA/INTU,BWA,INTU,vol_sized_conservative,592.3604385630338,0.2966375105996865,-3.285954418427333,0.9999064014659835,22,6,2026-04-27
BWA/MKTX,BWA,MKTX,vol_sized_conservative,1712.730490769029,1.0636058146625968,-3.285954418427333,0.9999208205028217,14,6,2026-04-27
STLD/REGN,STLD,REGN,vol_sized_conservative,-343.776892775383,-0.5467572266333263,-3.285954418427333,4.499094424810101e-13,8,6,2026-04-27
STLD/CMCSA,STLD,CMCSA,vol_sized_conservative,1041.953467731563,1.7731272894350005,-3.285954418427333,0.9999999999999957,14,6,2026-04-27
NUE/PYPL,NUE,PYPL,vol_sized_conservative,1922.922192134542,0.8129937113351016,-3.285954418427333,0.9999978597234318,20,6,2026-04-27
NUE/NFLX,NUE,NFLX,vol_sized_conservative,710.6695133611745,0.34692139632211,-3.285954418427333,0.99770104403196,18,6,2026-04-27
KLAC/ISRG,KLAC,ISRG,vol_sized_conservative,616.7842474919191,0.4990372063571954,-3.285954418427333,0.9997009943724753,16,6,2026-04-27
ON/BSX,ON,BSX,conservative,1314.890000000002,0.7607287451238863,-4.012642481736524,0.9999999999997692,26,6,2026-04-27
ON/FMC,ON,FMC,conservative,173.3751206409551,0.06012355230229565,-4.012642481736524,0.2234871837504479,8,6,2026-04-27
LRCX/CAG,LRCX,CAG,conservative,1338.864553289721,1.014360813872738,-4.012642481736524,1.0,32,6,2026-04-27
LRCX/JKHY,LRCX,JKHY,conservative,-94.53190312236586,-0.06205724456385901,-4.012642481736524,0.00022122575975629585,24,6,2026-04-27
CSCO/HII,CSCO,HII,conservative,-325.5653773510659,-0.37636267267162093,-4.012642481736524,8.226325885670394e-13,16,6,2026-04-27
CSCO/GIS,CSCO,GIS,conservative,1516.424824016193,1.8232197196540616,-4.012642481736524,1.0,32,6,2026-04-27
AKAM/RMD,AKAM,RMD,conservative,64.09458980572708,0.09510123112185138,-4.012642481736524,0.5259778247424223,14,6,2026-04-27
AKAM/ULTA,AKAM,ULTA,conservative,-65.6099999999993,-0.11876473052953325,-4.012642481736524,0.00013210061506608401,16,6,2026-04-27
BWA/INTU,BWA,INTU,conservative,-183.0118980560112,-0.15354651783765338,-4.012642481736524,2.797064331353945e-07,22,6,2026-04-27
BWA/MKTX,BWA,MKTX,conservative,2058.385387473794,1.3661344435688016,-4.012642481736524,0.9995869058361435,16,6,2026-04-27
STLD/REGN,STLD,REGN,conservative,-326.897428488209,-0.47195900136824703,-4.012642481736524,3.7242842249399344e-15,10,6,2026-04-27
STLD/CMCSA,STLD,CMCSA,conservative,172.2689124627948,0.3520176360476048,-4.012642481736524,0.9999572367233901,14,6,2026-04-27
NUE/PYPL,NUE,PYPL,conservative,332.5521916237246,0.16264893306257322,-4.012642481736524,0.8856804474590558,22,6,2026-04-27
NUE/NFLX,NUE,NFLX,conservative,1385.323240409919,0.6781397840233129,-4.012642481736524,0.9998950661252185,22,6,2026-04-27
KLAC/ISRG,KLAC,ISRG,conservative,-134.2231035982704,-0.11957353893457377,-4.012642481736524,1.006349468169467e-09,20,6,2026-04-27
