pair_key,s1,s2,param_set,pair_pnl,pair_sharpe,run_sharpe,dsr_pvalue,n_trades,window_idx,train_end
MDLZ/EW,MDLZ,EW,no_skip_month,731.4503905793349,0.568491832067646,-2.1854308810189176,0.9999392164713351,16,1,2025-09-25
AFL/SPG,AFL,SPG,no_skip_month,-478.2010496583255,-0.2513575119671504,-2.1854308810189176,7.355163077059565e-05,14,1,2025-09-25
AIG/DUK,AIG,DUK,no_skip_month,109.3796738124415,0.10792725904926535,-2.1854308810189176,0.5024262690968847,10,1,2025-09-25
AIG/GILD,AIG,GILD,no_skip_month,-672.0485852076355,-0.6849705218455219,-2.1854308810189176,5.042320993053407e-15,10,1,2025-09-25
AIG/JNJ,AIG,JNJ,no_skip_month,394.8417463098608,0.5925966231103427,-2.1854308810189176,0.9999999580024759,8,1,2025-09-25
TRV/DGX,TRV,DGX,no_skip_month,0.0,-2.1854308810189176,-2.1854308810189176,3.3132363407088226e-129,0,1,2025-09-25
SLB/ACGL,SLB,ACGL,no_skip_month,-1341.978118381951,-1.3950998128464562,-2.1854308810189176,0.0002896941429378877,8,1,2025-09-25
ACGL/DOV,ACGL,DOV,no_skip_month,4620.646287605363,1.161976254028692,-2.1854308810189176,0.9999984962692707,20,1,2025-09-25
ACGL/YUM,ACGL,YUM,no_skip_month,-205.2066106030045,-0.23540367433189419,-2.1854308810189176,4.4376396685608815e-09,12,1,2025-09-25
CNP/AEE,CNP,AEE,no_skip_month,25.46666380274027,0.08221406244290995,-2.1854308810189176,0.30809333418831686,8,1,2025-09-25
NI/AEE,NI,AEE,no_skip_month,237.8225829623764,0.8426626268446118,-2.1854308810189176,0.999999999658348,6,1,2025-09-25
AME/MAR,AME,MAR,no_skip_month,101.357864926018,0.18402491250447858,-2.1854308810189176,0.8558957242141868,4,1,2025-09-25
AME/SNA,AME,SNA,no_skip_month,0.0,-2.1854308810189176,-2.1854308810189176,3.3132363407088226e-129,0,1,2025-09-25
CINF/AWK,CINF,AWK,no_skip_month,-1366.001419433463,-0.5149145191604251,-2.1854308810189176,3.0543262089219683e-07,14,1,2025-09-25
INCY/AWK,INCY,AWK,no_skip_month,4005.868880650055,0.6942598225893408,-2.1854308810189176,0.9998478943972213,18,1,2025-09-25
MDLZ/EW,MDLZ,EW,trend_leverage,4152.483140477333,0.5231089406137007,-2.649436112782646,0.9973988013515666,10,1,2025-09-25
AFL/SPG,AFL,SPG,trend_leverage,100.1736389368534,0.03646947201188684,-2.649436112782646,0.07220972205476388,12,1,2025-09-25
AIG/DUK,AIG,DUK,trend_leverage,-416.8680054406078,-0.3251058169723155,-2.649436112782646,8.297589972869004e-10,10,1,2025-09-25
AIG/GILD,AIG,GILD,trend_leverage,817.8203839882267,0.47367580051869174,-2.649436112782646,0.9999975954455814,8,1,2025-09-25
AIG/JNJ,AIG,JNJ,trend_leverage,-303.1216678584904,-0.2501021196073744,-2.649436112782646,2.761905463060267e-06,6,1,2025-09-25
TRV/DGX,TRV,DGX,trend_leverage,0.0,-2.649436112782646,-2.649436112782646,3.9236264367404204e-140,0,1,2025-09-25
SLB/ACGL,SLB,ACGL,trend_leverage,-2968.111996771057,-1.769736778599466,-2.649436112782646,9.000817821332467e-06,6,1,2025-09-25
ACGL/DOV,ACGL,DOV,trend_leverage,177.0393792094656,0.09254226479826164,-2.649436112782646,0.36516209007622913,12,1,2025-09-25
ACGL/YUM,ACGL,YUM,trend_leverage,-999.9045072537023,-0.6965551431191618,-2.649436112782646,1.1887721785311113e-12,10,1,2025-09-25
CNP/AEE,CNP,AEE,trend_leverage,38.99071613133134,0.08374208982227052,-2.649436112782646,0.31852084969805805,8,1,2025-09-25
NI/AEE,NI,AEE,trend_leverage,355.4481655339338,0.8421766817609191,-2.649436112782646,0.9999999996628536,6,1,2025-09-25
AME/MAR,AME,MAR,trend_leverage,78.26831358921419,0.10254438307267791,-2.649436112782646,0.46766011675488933,4,1,2025-09-25
AME/SNA,AME,SNA,trend_leverage,0.0,-2.649436112782646,-2.649436112782646,3.9236264367404204e-140,0,1,2025-09-25
CINF/AWK,CINF,AWK,trend_leverage,-1257.824886686322,-1.0514973471601987,-2.649436112782646,5.709377421399236e-17,10,1,2025-09-25
INCY/AWK,INCY,AWK,trend_leverage,-2656.558812466464,-0.8008445523906829,-2.649436112782646,3.047942154333006e-11,16,1,2025-09-25
MDLZ/EW,MDLZ,EW,crash_tolerant,2522.062788694463,0.45937810980988425,-2.8896593978759566,0.9986696500648795,10,1,2025-09-25
AFL/SPG,AFL,SPG,crash_tolerant,-587.5781127027387,-0.15853009215991926,-2.8896593978759566,0.0002003683270538356,12,1,2025-09-25
AIG/DUK,AIG,DUK,crash_tolerant,223.3264996444212,0.1110866851347773,-2.8896593978759566,0.5275353623258426,10,1,2025-09-25
AIG/GILD,AIG,GILD,crash_tolerant,-1221.198775543573,-0.7717597953010721,-2.8896593978759566,8.442599164599092e-10,8,1,2025-09-25
AIG/JNJ,AIG,JNJ,crash_tolerant,245.4376497814407,0.2146040524094993,-2.8896593978759566,0.9929731661000185,4,1,2025-09-25
TRV/DGX,TRV,DGX,crash_tolerant,0.0,-2.8896593978759566,-2.8896593978759566,2.951175217645175e-144,0,1,2025-09-25
SLB/ACGL,SLB,ACGL,crash_tolerant,-3948.737376241173,-1.7695354053946752,-2.8896593978759566,9.06653257426529e-06,6,1,2025-09-25
ACGL/DOV,ACGL,DOV,crash_tolerant,241.1089469110865,0.09426632366740464,-2.8896593978759566,0.37968956105265633,12,1,2025-09-25
ACGL/YUM,ACGL,YUM,crash_tolerant,-1329.834132103746,-0.6949062206722927,-2.8896593978759566,1.1059427083953466e-12,10,1,2025-09-25
CNP/AEE,CNP,AEE,crash_tolerant,52.11555682831997,0.0842667098697716,-2.8896593978759566,0.3222358024427216,8,1,2025-09-25
NI/AEE,NI,AEE,crash_tolerant,471.8202417930906,0.8425338892299078,-2.8896593978759566,0.9999999996837748,6,1,2025-09-25
AME/MAR,AME,MAR,crash_tolerant,89.5034423208512,0.08709841228602967,-2.8896593978759566,0.3680586289436369,4,1,2025-09-25
AME/SNA,AME,SNA,crash_tolerant,0.0,-2.8896593978759566,-2.8896593978759566,2.951175217645175e-144,0,1,2025-09-25
CINF/AWK,CINF,AWK,crash_tolerant,-1675.445849777603,-1.052020123024421,-2.8896593978759566,6.471520487813102e-17,10,1,2025-09-25
INCY/AWK,INCY,AWK,crash_tolerant,-1848.702682227841,-0.4104397926458267,-2.8896593978759566,1.3596559962444045e-11,16,1,2025-09-25
MDLZ/EW,MDLZ,EW,weekly_aligned_windows,1833.854880703333,0.5116460320783064,-3.1526509957288393,0.9999895768542032,60,1,2025-09-25
AFL/SPG,AFL,SPG,weekly_aligned_windows,-4616.204530766474,-1.44525011617215,-3.1526509957288393,5.3700410999544356e-08,76,1,2025-09-25
AIG/DUK,AIG,DUK,weekly_aligned_windows,-2655.772000448029,-1.0172145491390034,-3.1526509957288393,2.87943840785092e-07,62,1,2025-09-25
AIG/GILD,AIG,GILD,weekly_aligned_windows,-1794.55081333666,-0.6527587932563191,-3.1526509957288393,3.805731413789804e-19,66,1,2025-09-25
AIG/JNJ,AIG,JNJ,weekly_aligned_windows,-3408.329316888037,-1.2070903823494186,-3.1526509957288393,1.2688613484573952e-11,66,1,2025-09-25
TRV/DGX,TRV,DGX,weekly_aligned_windows,-1175.572452095206,-0.512102082146549,-3.1526509957288393,1.2995843285760644e-12,62,1,2025-09-25
SLB/ACGL,SLB,ACGL,weekly_aligned_windows,-828.6246961815287,-0.2751890079693816,-3.1526509957288393,4.634864003544729e-13,68,1,2025-09-25
ACGL/DOV,ACGL,DOV,weekly_aligned_windows,602.7453340446498,0.2364346641073284,-3.1526509957288393,0.9889600419510178,60,1,2025-09-25
ACGL/YUM,ACGL,YUM,weekly_aligned_windows,115.0257154712497,0.04301757253513785,-3.1526509957288393,0.1020838100715894,68,1,2025-09-25
CNP/AEE,CNP,AEE,weekly_aligned_windows,-3015.086747501293,-1.3821026941506673,-3.1526509957288393,1.2190023775324237e-05,70,1,2025-09-25
NI/AEE,NI,AEE,weekly_aligned_windows,-1439.573055741329,-1.3621694721563367,-3.1526509957288393,1.8255063548947067e-12,52,1,2025-09-25
AME/MAR,AME,MAR,weekly_aligned_windows,-1111.491783845278,-0.5512776506470956,-3.1526509957288393,2.1621444278551293e-18,58,1,2025-09-25
AME/SNA,AME,SNA,weekly_aligned_windows,-1887.587963759624,-0.833872031024651,-3.1526509957288393,3.076965586155267e-10,64,1,2025-09-25
CINF/AWK,CINF,AWK,weekly_aligned_windows,-1532.514107950165,-0.570888186024632,-3.1526509957288393,6.231873300114331e-15,68,1,2025-09-25
INCY/AWK,INCY,AWK,weekly_aligned_windows,3349.97735537293,0.800332291028657,-3.1526509957288393,1.0,58,1,2025-09-25
MDLZ/EW,MDLZ,EW,monthly_aligned_windows,-4120.23983007237,-0.9635202898323766,-3.1762135083680016,0.00015054687607642984,22,1,2025-09-25
AFL/SPG,AFL,SPG,monthly_aligned_windows,856.2379037304265,0.2903014481402146,-3.1762135083680016,0.9993731729263585,24,1,2025-09-25
AIG/DUK,AIG,DUK,monthly_aligned_windows,-3132.573568559108,-0.7823031846495992,-3.1762135083680016,0.0010558997881355088,24,1,2025-09-25
AIG/GILD,AIG,GILD,monthly_aligned_windows,373.7592423973374,0.09005690102604454,-3.1762135083680016,0.39247069058720757,22,1,2025-09-25
AIG/JNJ,AIG,JNJ,monthly_aligned_windows,-1329.848613371976,-0.381201692617221,-3.1762135083680016,4.1342619728671656e-07,22,1,2025-09-25
TRV/DGX,TRV,DGX,monthly_aligned_windows,-550.0213710239075,-0.8143629724623187,-3.1762135083680016,3.879705235555744e-23,22,1,2025-09-25
SLB/ACGL,SLB,ACGL,monthly_aligned_windows,-3260.491723317389,-1.329008621151379,-3.1762135083680016,9.550559603386557e-17,22,1,2025-09-25
ACGL/DOV,ACGL,DOV,monthly_aligned_windows,732.2727969698767,0.32523677544481067,-3.1762135083680016,0.99745625025797,22,1,2025-09-25
ACGL/YUM,ACGL,YUM,monthly_aligned_windows,-3395.055297516816,-1.2184448011333626,-3.1762135083680016,0.00040125050899898713,24,1,2025-09-25
CNP/AEE,CNP,AEE,monthly_aligned_windows,-1298.370314322086,-0.9306133147583514,-3.1762135083680016,3.151162316421165e-07,24,1,2025-09-25
NI/AEE,NI,AEE,monthly_aligned_windows,-571.4007328880673,-1.0290634907634242,-3.1762135083680016,8.730557889248627e-15,20,1,2025-09-25
AME/MAR,AME,MAR,monthly_aligned_windows,108.4766985497968,0.04474414333990479,-3.1762135083680016,0.1186582311449687,24,1,2025-09-25
AME/SNA,AME,SNA,monthly_aligned_windows,410.7537403144659,0.1961578052304956,-3.1762135083680016,0.9149867700425351,24,1,2025-09-25
CINF/AWK,CINF,AWK,monthly_aligned_windows,-1168.166961851229,-0.5759229160112039,-3.1762135083680016,1.498404565928422e-10,24,1,2025-09-25
INCY/AWK,INCY,AWK,monthly_aligned_windows,860.4711648476791,0.2021985289832888,-3.1762135083680016,0.9017008869707756,24,1,2025-09-25
MDLZ/EW,MDLZ,EW,kalman_aggressive,4344.620364652616,0.4931658283401537,-3.217086768178906,0.9997090793116241,30,1,2025-09-25
AFL/SPG,AFL,SPG,kalman_aggressive,-7118.887161592401,-1.5145492483630298,-3.217086768178906,7.185580826776649e-07,30,1,2025-09-25
AIG/DUK,AIG,DUK,kalman_aggressive,1491.872155287437,0.5260895423682468,-3.217086768178906,0.9999999997282104,24,1,2025-09-25
AIG/GILD,AIG,GILD,kalman_aggressive,5578.719143138973,0.9329278559881029,-3.217086768178906,0.9999999999992301,34,1,2025-09-25
AIG/JNJ,AIG,JNJ,kalman_aggressive,-1552.762823381585,-0.4309861804514595,-3.217086768178906,3.878440564692257e-12,24,1,2025-09-25
TRV/DGX,TRV,DGX,kalman_aggressive,-3621.597645429516,-1.3196924493595503,-3.217086768178906,9.806508231572964e-13,28,1,2025-09-25
SLB/ACGL,SLB,ACGL,kalman_aggressive,-6460.21943252152,-1.250753858225652,-3.217086768178906,4.9156442926919943e-20,30,1,2025-09-25
ACGL/DOV,ACGL,DOV,kalman_aggressive,-1739.105976402881,-0.6080468505196361,-3.217086768178906,6.807116803093871e-29,32,1,2025-09-25
ACGL/YUM,ACGL,YUM,kalman_aggressive,-6848.265865943747,-1.5440512364808547,-3.217086768178906,1.481542645968926e-11,32,1,2025-09-25
CNP/AEE,CNP,AEE,kalman_aggressive,-809.4450460053982,-0.40437101143579984,-3.217086768178906,5.669607907804447e-14,34,1,2025-09-25
NI/AEE,NI,AEE,kalman_aggressive,-2203.169111050227,-1.6800827366381077,-3.217086768178906,6.0713712791573815e-19,24,1,2025-09-25
AME/MAR,AME,MAR,kalman_aggressive,-2399.943470876651,-0.8303004119896205,-3.217086768178906,5.0065202417241356e-11,28,1,2025-09-25
AME/SNA,AME,SNA,kalman_aggressive,-355.524099020095,-0.1495170840539333,-3.217086768178906,2.031901024096113e-10,28,1,2025-09-25
CINF/AWK,CINF,AWK,kalman_aggressive,-4642.666511088314,-0.9092534091259165,-3.217086768178906,3.4187154099403627e-13,26,1,2025-09-25
INCY/AWK,INCY,AWK,kalman_aggressive,-8305.601280612318,-0.9937629854224741,-3.217086768178906,8.731164798125504e-08,32,1,2025-09-25
MDLZ/EW,MDLZ,EW,aggressive,3708.867873068979,0.40224800126626825,-3.3611827539344223,0.9999197237346608,30,1,2025-09-25
AFL/SPG,AFL,SPG,aggressive,-10480.15739170316,-2.0680528884961182,-3.3611827539344223,5.955585509305095e-07,28,1,2025-09-25
AIG/DUK,AIG,DUK,aggressive,143.5839733043807,0.04898127970404872,-3.3611827539344223,0.12388310408725783,22,1,2025-09-25
AIG/GILD,AIG,GILD,aggressive,5238.921333254706,0.7904333213632277,-3.3611827539344223,0.9999999999999997,34,1,2025-09-25
AIG/JNJ,AIG,JNJ,aggressive,-1689.302967578949,-0.4467337625455961,-3.3611827539344223,2.7894132328896447e-11,22,1,2025-09-25
TRV/DGX,TRV,DGX,aggressive,-2676.305380937814,-0.8829192296620184,-3.3611827539344223,1.9220914653961025e-14,24,1,2025-09-25
SLB/ACGL,SLB,ACGL,aggressive,-10272.15089717445,-1.8749223277064944,-3.3611827539344223,2.007740069999493e-20,28,1,2025-09-25
ACGL/DOV,ACGL,DOV,aggressive,-1891.265892441055,-0.6010464739976303,-3.3611827539344223,3.2656317076289463e-26,34,1,2025-09-25
ACGL/YUM,ACGL,YUM,aggressive,-1283.883402874021,-0.32767812634375,-3.3611827539344223,3.107844162251191e-14,32,1,2025-09-25
CNP/AEE,CNP,AEE,aggressive,-59.1196646157133,-0.031041385570082895,-3.3611827539344223,0.0033898228174883255,32,1,2025-09-25
NI/AEE,NI,AEE,aggressive,-2579.37191656979,-1.2416351308222922,-3.3611827539344223,1.7929643452095247e-08,22,1,2025-09-25
AME/MAR,AME,MAR,aggressive,-3532.021054657117,-1.0914880856077043,-3.3611827539344223,4.688586189069386e-13,28,1,2025-09-25
AME/SNA,AME,SNA,aggressive,1134.891174072764,0.3699414921866191,-3.3611827539344223,0.9977529810664344,28,1,2025-09-25
CINF/AWK,CINF,AWK,aggressive,-6947.114120123258,-1.2506074954873205,-3.3611827539344223,8.24221545173021e-16,26,1,2025-09-25
INCY/AWK,INCY,AWK,aggressive,-7117.927261268767,-1.1260540893565643,-3.3611827539344223,9.436737242226708e-26,30,1,2025-09-25
MDLZ/EW,MDLZ,EW,entry_threshold_strong,4599.066645080447,0.8266801986857315,-3.505212907687215,0.9990849504503619,10,1,2025-09-25
AFL/SPG,AFL,SPG,entry_threshold_strong,-213.6272364939407,-0.12420853402683185,-3.505212907687215,0.0009576260434903316,10,1,2025-09-25
AIG/DUK,AIG,DUK,entry_threshold_strong,144.9689955504261,0.15185890329022517,-3.505212907687215,0.8077240116069324,8,1,2025-09-25
AIG/GILD,AIG,GILD,entry_threshold_strong,429.4238898385302,0.36700417503667043,-3.505212907687215,0.9999858069055689,8,1,2025-09-25
AIG/JNJ,AIG,JNJ,entry_threshold_strong,79.72379153660404,0.13053002765509852,-3.505212907687215,0.7311129279227879,4,1,2025-09-25
TRV/DGX,TRV,DGX,entry_threshold_strong,0.0,-3.505212907687215,-3.505212907687215,1.0064109715123017e-151,0,1,2025-09-25
SLB/ACGL,SLB,ACGL,entry_threshold_strong,-1975.488602368914,-1.7705010023066572,-3.505212907687215,8.823611143252433e-06,6,1,2025-09-25
ACGL/DOV,ACGL,DOV,entry_threshold_strong,-491.4244624269508,-0.4134204839250302,-3.505212907687215,0.00016484984537039357,12,1,2025-09-25
ACGL/YUM,ACGL,YUM,entry_threshold_strong,-1043.655300213813,-1.0461075264924289,-3.505212907687215,8.677942903585523e-13,10,1,2025-09-25
CNP/AEE,CNP,AEE,entry_threshold_strong,3.555805269409248,0.011563232096585717,-3.505212907687215,0.030299104608577602,6,1,2025-09-25
NI/AEE,NI,AEE,entry_threshold_strong,116.0516874177222,0.6206737242829025,-3.505212907687215,0.9999601573625503,6,1,2025-09-25
AME/MAR,AME,MAR,entry_threshold_strong,123.1609503501273,0.23426866337941443,-3.505212907687215,0.9436651899665812,4,1,2025-09-25
AME/SNA,AME,SNA,entry_threshold_strong,0.0,-3.505212907687215,-3.505212907687215,1.0064109715123017e-151,0,1,2025-09-25
CINF/AWK,CINF,AWK,entry_threshold_strong,-572.6423608558683,-0.7642325934725211,-3.505212907687215,2.920495970302025e-16,8,1,2025-09-25
INCY/AWK,INCY,AWK,entry_threshold_strong,-1739.547427722709,-0.794082972209498,-3.505212907687215,6.62600271736004e-11,16,1,2025-09-25
MDLZ/EW,MDLZ,EW,entry_filter_kalman,4588.085382605468,0.8225683611307036,-3.5059222075557885,0.999080963930202,10,1,2025-09-25
AFL/SPG,AFL,SPG,entry_filter_kalman,-223.0882975808622,-0.12955807632938066,-3.5059222075557885,0.0008790364844932575,10,1,2025-09-25
AIG/DUK,AIG,DUK,entry_filter_kalman,147.8132908173453,0.15348221993335548,-3.5059222075557885,0.8147521930764396,8,1,2025-09-25
AIG/GILD,AIG,GILD,entry_filter_kalman,467.1612216146444,0.39425888259311453,-3.5059222075557885,0.9999928794545954,8,1,2025-09-25
AIG/JNJ,AIG,JNJ,entry_filter_kalman,90.73227537937441,0.1477180942806475,-3.5059222075557885,0.8597623821276777,4,1,2025-09-25
TRV/DGX,TRV,DGX,entry_filter_kalman,0.0,-3.5059222075557885,-3.5059222075557885,9.910869298969879e-152,0,1,2025-09-25
SLB/ACGL,SLB,ACGL,entry_filter_kalman,-1995.998467271421,-1.7762491505100848,-3.5059222075557885,8.125305987760551e-06,6,1,2025-09-25
ACGL/DOV,ACGL,DOV,entry_filter_kalman,-502.1947666982927,-0.4278172976677812,-3.5059222075557885,0.00013993251706429402,12,1,2025-09-25
ACGL/YUM,ACGL,YUM,entry_filter_kalman,-1043.315300213816,-1.0489543137960962,-3.5059222075557885,7.369571029284269e-13,10,1,2025-09-25
CNP/AEE,CNP,AEE,entry_filter_kalman,4.376149329466415,0.014230516799240693,-3.5059222075557885,0.033809051909637435,6,1,2025-09-25
NI/AEE,NI,AEE,entry_filter_kalman,116.8588168854558,0.6266903949467477,-3.5059222075557885,0.9999615282770064,6,1,2025-09-25
AME/MAR,AME,MAR,entry_filter_kalman,119.8509503501259,0.22758959160168646,-3.5059222075557885,0.9352184943948848,4,1,2025-09-25
AME/SNA,AME,SNA,entry_filter_kalman,0.0,-3.5059222075557885,-3.5059222075557885,9.910869298969879e-152,0,1,2025-09-25
CINF/AWK,CINF,AWK,entry_filter_kalman,-576.3713217079868,-0.7698597991859039,-3.5059222075557885,3.1575866947708814e-16,8,1,2025-09-25
INCY/AWK,INCY,AWK,entry_filter_kalman,-1768.514538578806,-0.8058185333389609,-3.5059222075557885,4.7705724211320674e-11,16,1,2025-09-25
MDLZ/EW,MDLZ,EW,no_reversal_protection,2464.250486850048,0.46365162439548935,-3.520523895727335,0.9975729097862854,10,1,2025-09-25
AFL/SPG,AFL,SPG,no_reversal_protection,-628.5816570090337,-0.31794961102318997,-3.520523895727335,6.314876704314871e-06,12,1,2025-09-25
AIG/DUK,AIG,DUK,no_reversal_protection,122.2504216023532,0.11933583663445346,-3.520523895727335,0.5920077465637408,10,1,2025-09-25
AIG/GILD,AIG,GILD,no_reversal_protection,-334.3677238735786,-0.28790795067501973,-3.520523895727335,1.3230824014642848e-05,8,1,2025-09-25
AIG/JNJ,AIG,JNJ,no_reversal_protection,99.46920326333833,0.12945279173180985,-3.520523895727335,0.6691963093893886,4,1,2025-09-25
TRV/DGX,TRV,DGX,no_reversal_protection,0.0,-3.520523895727335,-3.520523895727335,7.240024104571144e-152,0,1,2025-09-25
SLB/ACGL,SLB,ACGL,no_reversal_protection,-546.3720745284577,-0.6620157915894782,-3.520523895727335,2.84307669957014e-10,4,1,2025-09-25
ACGL/DOV,ACGL,DOV,no_reversal_protection,965.497265582415,0.6864682105735656,-3.520523895727335,0.999999929905006,10,1,2025-09-25
ACGL/YUM,ACGL,YUM,no_reversal_protection,-1017.2986309987,-0.9408806842652389,-3.520523895727335,2.016987700294613e-16,10,1,2025-09-25
CNP/AEE,CNP,AEE,no_reversal_protection,150.5279230167228,0.3660848023128421,-3.520523895727335,0.9999289321016849,6,1,2025-09-25
NI/AEE,NI,AEE,no_reversal_protection,-168.434211817042,-0.45085414015496844,-3.520523895727335,5.695426038444805e-16,6,1,2025-09-25
AME/MAR,AME,MAR,no_reversal_protection,44.7417211604272,0.07368899534276181,-3.520523895727335,0.27513237031665205,4,1,2025-09-25
AME/SNA,AME,SNA,no_reversal_protection,0.0,-3.520523895727335,-3.520523895727335,7.240024104571144e-152,0,1,2025-09-25
CINF/AWK,CINF,AWK,no_reversal_protection,-1146.38194842133,-1.2302053935806712,-3.520523895727335,2.3338228946530493e-24,10,1,2025-09-25
INCY/AWK,INCY,AWK,no_reversal_protection,-1045.471778660004,-0.401100882656056,-3.520523895727335,1.223695217965e-10,16,1,2025-09-25
MDLZ/EW,MDLZ,EW,let_profits_run,3496.81231427224,0.5402535544082522,-3.542565831456303,0.9999778638928302,8,1,2025-09-25
AFL/SPG,AFL,SPG,let_profits_run,-443.1332005256014,-0.2608897420230981,-3.542565831456303,0.0002759264903969816,10,1,2025-09-25
AIG/DUK,AIG,DUK,let_profits_run,-140.6250078722015,-0.28270750119599186,-3.542565831456303,3.747702987519776e-06,6,1,2025-09-25
AIG/GILD,AIG,GILD,let_profits_run,-1004.348449596153,-1.2385654695844968,-3.542565831456303,1.661770514305449e-14,8,1,2025-09-25
AIG/JNJ,AIG,JNJ,let_profits_run,546.4675980478319,0.42614347894800564,-3.542565831456303,0.9999999969309225,8,1,2025-09-25
TRV/DGX,TRV,DGX,let_profits_run,0.0,-3.542565831456303,-3.542565831456303,4.536890877793288e-152,0,1,2025-09-25
SLB/ACGL,SLB,ACGL,let_profits_run,-1824.514610972286,-1.4794539654680021,-3.542565831456303,5.494078707845434e-08,4,1,2025-09-25
ACGL/DOV,ACGL,DOV,let_profits_run,-1328.294617414073,-0.7950909262133989,-3.542565831456303,1.4692113641733118e-10,12,1,2025-09-25
ACGL/YUM,ACGL,YUM,let_profits_run,-633.7375771746995,-1.0005641828335505,-3.542565831456303,2.9628708071396967e-12,6,1,2025-09-25
CNP/AEE,CNP,AEE,let_profits_run,-109.5336158047915,-0.8391395425539284,-3.542565831456303,0.0009959849966242758,2,1,2025-09-25
NI/AEE,NI,AEE,let_profits_run,134.1305040227464,1.0321158994639423,-3.542565831456303,0.9848293481412794,4,1,2025-09-25
AME/MAR,AME,MAR,let_profits_run,332.1025711003282,0.489853132812117,-3.542565831456303,0.9999580594091249,4,1,2025-09-25
AME/SNA,AME,SNA,let_profits_run,-2.77445659346148,-0.030299566473268057,-3.542565831456303,0.0018120995163280955,2,1,2025-09-25
CINF/AWK,CINF,AWK,let_profits_run,-543.3488461529124,-0.6604479458033742,-3.542565831456303,4.050052764666723e-19,8,1,2025-09-25
INCY/AWK,INCY,AWK,let_profits_run,-1765.977672812,-0.8478275816696731,-3.542565831456303,4.2310080195736784e-10,10,1,2025-09-25
MDLZ/EW,MDLZ,EW,slow_rebalance,4293.242960843833,0.7592688545680623,-3.651020332414349,0.9993809621945848,10,1,2025-09-25
AFL/SPG,AFL,SPG,slow_rebalance,-120.2432977537234,-0.07414552746634546,-3.651020332414349,0.0031974087402966847,12,1,2025-09-25
AIG/DUK,AIG,DUK,slow_rebalance,240.4463555334425,0.34299993416749885,-3.651020332414349,0.9983456310511675,8,1,2025-09-25
AIG/GILD,AIG,GILD,slow_rebalance,-1072.41117884351,-1.3417535591509857,-3.651020332414349,1.4291419742067947e-13,8,1,2025-09-25
AIG/JNJ,AIG,JNJ,slow_rebalance,12.15011866239709,0.013155267754350317,-3.651020332414349,0.030962834976870555,6,1,2025-09-25
TRV/DGX,TRV,DGX,slow_rebalance,0.0,-3.651020332414349,-3.651020332414349,5.084618521074614e-153,0,1,2025-09-25
SLB/ACGL,SLB,ACGL,slow_rebalance,-2952.286753410237,-2.222026743695773,-3.651020332414349,5.176496817399694e-09,6,1,2025-09-25
ACGL/DOV,ACGL,DOV,slow_rebalance,-72.36575474145923,-0.049291631963734345,-3.651020332414349,0.00274920437227903,8,1,2025-09-25
ACGL/YUM,ACGL,YUM,slow_rebalance,-10.34235978339551,-0.024174884298468778,-3.651020332414349,0.007150194004845384,6,1,2025-09-25
CNP/AEE,CNP,AEE,slow_rebalance,3.509116307919953,0.030397439768185385,-3.651020332414349,0.08398464600056854,2,1,2025-09-25
NI/AEE,NI,AEE,slow_rebalance,152.1446376616108,1.1464125423234786,-3.651020332414349,0.9867951384763703,6,1,2025-09-25
AME/MAR,AME,MAR,slow_rebalance,191.7509503501312,0.35654930563421133,-3.651020332414349,0.9956018505842621,4,1,2025-09-25
AME/SNA,AME,SNA,slow_rebalance,56.17169368722492,1.0695306526132808,-3.651020332414349,0.9890232877760669,2,1,2025-09-25
CINF/AWK,CINF,AWK,slow_rebalance,-719.8092340216746,-0.8747401135443249,-3.651020332414349,4.294172484102648e-18,8,1,2025-09-25
INCY/AWK,INCY,AWK,slow_rebalance,-1060.438934952826,-0.5899492590373396,-3.651020332414349,1.1858637074881325e-07,14,1,2025-09-25
MDLZ/EW,MDLZ,EW,vol_weighted_sizing,2770.605189606532,0.5237785556591078,-3.777029181683952,0.9973951647073998,10,1,2025-09-25
AFL/SPG,AFL,SPG,vol_weighted_sizing,-290.23769353,-0.156899996733898,-3.777029181683952,0.00021083197889795675,12,1,2025-09-25
AIG/DUK,AIG,DUK,vol_weighted_sizing,113.0310304488788,0.11232746421362251,-3.777029181683952,0.5373822848978679,10,1,2025-09-25
AIG/GILD,AIG,GILD,vol_weighted_sizing,-612.9927626947838,-0.775514213587715,-3.777029181683952,8.237217772416029e-10,8,1,2025-09-25
AIG/JNJ,AIG,JNJ,vol_weighted_sizing,119.2245725999596,0.20917024113914479,-3.777029181683952,0.9913184116327501,4,1,2025-09-25
TRV/DGX,TRV,DGX,vol_weighted_sizing,0.0,-3.777029181683952,-3.777029181683952,4.955831103063256e-154,0,1,2025-09-25
SLB/ACGL,SLB,ACGL,vol_weighted_sizing,-1973.226702647465,-1.770736465758142,-3.777029181683952,8.655584825269832e-06,6,1,2025-09-25
ACGL/DOV,ACGL,DOV,vol_weighted_sizing,121.2478384989562,0.09488303458464013,-3.777029181683952,0.38497186206414025,12,1,2025-09-25
ACGL/YUM,ACGL,YUM,vol_weighted_sizing,-664.6014336959438,-0.6940169219323863,-3.777029181683952,1.2062474163345742e-12,10,1,2025-09-25
CNP/AEE,CNP,AEE,vol_weighted_sizing,26.10696025182034,0.08435657435126155,-3.777029181683952,0.32301569523923,8,1,2025-09-25
NI/AEE,NI,AEE,vol_weighted_sizing,235.2045891152676,0.8411146958260758,-3.777029181683952,0.9999999997035266,6,1,2025-09-25
AME/MAR,AME,MAR,vol_weighted_sizing,51.56172116042694,0.1012504506380262,-3.777029181683952,0.45934942479523283,4,1,2025-09-25
AME/SNA,AME,SNA,vol_weighted_sizing,0.0,-3.777029181683952,-3.777029181683952,4.955831103063256e-154,0,1,2025-09-25
CINF/AWK,CINF,AWK,vol_weighted_sizing,-839.682832823131,-1.0565592675913171,-3.777029181683952,6.98948480694801e-17,10,1,2025-09-25
INCY/AWK,INCY,AWK,vol_weighted_sizing,-925.0438001397523,-0.41083605333174944,-3.777029181683952,1.1907368808998018e-11,16,1,2025-09-25
MDLZ/EW,MDLZ,EW,kalman_hedge,2766.627834221654,0.5215726051066943,-3.778735460519789,0.9973927956420054,10,1,2025-09-25
AFL/SPG,AFL,SPG,kalman_hedge,-289.8531759959833,-0.15666414162912665,-3.778735460519789,0.00021122242095809854,12,1,2025-09-25
AIG/DUK,AIG,DUK,kalman_hedge,117.1442325317163,0.11608125032691623,-3.778735460519789,0.5667395866225321,10,1,2025-09-25
AIG/GILD,AIG,GILD,kalman_hedge,-606.4048913109707,-0.7679603390672199,-3.778735460519789,7.608212226663906e-10,8,1,2025-09-25
AIG/JNJ,AIG,JNJ,kalman_hedge,126.2130771814778,0.2199921944689892,-3.778735460519789,0.9942568420556416,4,1,2025-09-25
TRV/DGX,TRV,DGX,kalman_hedge,0.0,-3.778735460519789,-3.778735460519789,4.809107647838598e-154,0,1,2025-09-25
SLB/ACGL,SLB,ACGL,kalman_hedge,-1993.736567549972,-1.7764851311820595,-3.778735460519789,7.969350916750886e-06,6,1,2025-09-25
ACGL/DOV,ACGL,DOV,kalman_hedge,113.9475342276115,0.09004130904267067,-3.778735460519789,0.34446763615117093,12,1,2025-09-25
ACGL/YUM,ACGL,YUM,kalman_hedge,-664.2614336959466,-0.6959580107541321,-3.778735460519789,1.0706585936625612e-12,10,1,2025-09-25
CNP/AEE,CNP,AEE,kalman_hedge,29.26314328509774,0.09469200699692235,-3.778735460519789,0.3996149625317432,8,1,2025-09-25
NI/AEE,NI,AEE,kalman_hedge,238.607237070364,0.8443381264433938,-3.778735460519789,0.9999999995946852,6,1,2025-09-25
AME/MAR,AME,MAR,kalman_hedge,51.56172116042694,0.1012504506380262,-3.778735460519789,0.45934942479523283,4,1,2025-09-25
AME/SNA,AME,SNA,kalman_hedge,0.0,-3.778735460519789,-3.778735460519789,4.809107647838598e-154,0,1,2025-09-25
CINF/AWK,CINF,AWK,kalman_hedge,-845.7617948057015,-1.0613855169871973,-3.778735460519789,6.096150135795991e-17,10,1,2025-09-25
INCY/AWK,INCY,AWK,kalman_hedge,-945.4403335068038,-0.41863314376758537,-3.778735460519789,9.180411497283514e-12,16,1,2025-09-25
MDLZ/EW,MDLZ,EW,balanced,2635.669690934358,0.49798496505328377,-3.979174398312264,0.9974057843474436,12,1,2025-09-25
AFL/SPG,AFL,SPG,balanced,-982.0834004654796,-0.9688115504345844,-3.979174398312264,9.938167499087237e-15,10,1,2025-09-25
AIG/DUK,AIG,DUK,balanced,341.387441700226,0.40459295433888903,-3.979174398312264,0.9999791470430216,8,1,2025-09-25
AIG/GILD,AIG,GILD,balanced,769.7552259458117,0.6848644663249087,-3.979174398312264,0.9999990110211896,8,1,2025-09-25
AIG/JNJ,AIG,JNJ,balanced,119.2245725999596,0.20917024113914479,-3.979174398312264,0.9913184116327501,4,1,2025-09-25
TRV/DGX,TRV,DGX,balanced,0.0,-3.979174398312264,-3.979174398312264,1.8063009795480863e-155,0,1,2025-09-25
SLB/ACGL,SLB,ACGL,balanced,-1101.793339137717,-1.2026904577772886,-3.979174398312264,0.0005761319610176927,6,1,2025-09-25
ACGL/DOV,ACGL,DOV,balanced,173.0791638603687,0.13728380467428802,-3.979174398312264,0.7532408705675883,12,1,2025-09-25
ACGL/YUM,ACGL,YUM,balanced,-594.3280602580031,-0.7835903780563945,-3.979174398312264,3.0201487600784934e-07,10,1,2025-09-25
CNP/AEE,CNP,AEE,balanced,26.90753822726481,0.08694170804694461,-3.979174398312264,0.34168283130615273,8,1,2025-09-25
NI/AEE,NI,AEE,balanced,235.2045891152676,0.8411146958260758,-3.979174398312264,0.9999999997035266,6,1,2025-09-25
AME/MAR,AME,MAR,balanced,47.18570525983182,0.13492958409848968,-3.979174398312264,0.6421085052583619,2,1,2025-09-25
AME/SNA,AME,SNA,balanced,0.0,-3.979174398312264,-3.979174398312264,1.8063009795480863e-155,0,1,2025-09-25
CINF/AWK,CINF,AWK,balanced,-926.3760157543229,-1.0494924130225527,-3.979174398312264,2.7508744618939e-13,8,1,2025-09-25
INCY/AWK,INCY,AWK,balanced,-1851.247509197386,-0.8795319321765022,-3.979174398312264,8.810181543839569e-10,14,1,2025-09-25
MDLZ/EW,MDLZ,EW,default,2689.862599042426,0.5085502964422633,-4.202296025402376,0.9973826814835391,10,1,2025-09-25
AFL/SPG,AFL,SPG,default,-982.0834004654796,-0.9688115504345844,-4.202296025402376,9.938167499087237e-15,10,1,2025-09-25
AIG/DUK,AIG,DUK,default,114.9500012181975,0.11456058418012706,-4.202296025402376,0.5549904272838777,10,1,2025-09-25
AIG/GILD,AIG,GILD,default,-382.866900008054,-0.5065411647874005,-4.202296025402376,7.037473053520797e-09,8,1,2025-09-25
AIG/JNJ,AIG,JNJ,default,119.2245725999596,0.20917024113914479,-4.202296025402376,0.9913184116327501,4,1,2025-09-25
TRV/DGX,TRV,DGX,default,0.0,-4.202296025402376,-4.202296025402376,7.818241229245397e-157,0,1,2025-09-25
SLB/ACGL,SLB,ACGL,default,-1102.688571922399,-1.2037472255123034,-4.202296025402376,0.0005781432006380799,6,1,2025-09-25
ACGL/DOV,ACGL,DOV,default,176.7191638603687,0.14030581577344203,-4.202296025402376,0.7744586682303791,12,1,2025-09-25
ACGL/YUM,ACGL,YUM,default,-594.3280602580031,-0.7835903780563945,-4.202296025402376,3.0201487600784934e-07,10,1,2025-09-25
CNP/AEE,CNP,AEE,default,26.7992915096378,0.08673406990640155,-4.202296025402376,0.33990998629438446,8,1,2025-09-25
NI/AEE,NI,AEE,default,236.3023633280063,0.8422065302935317,-4.202296025402376,0.9999999996569189,6,1,2025-09-25
AME/MAR,AME,MAR,default,47.18570525983182,0.13492958409848968,-4.202296025402376,0.6421085052583619,2,1,2025-09-25
AME/SNA,AME,SNA,default,0.0,-4.202296025402376,-4.202296025402376,7.818241229245397e-157,0,1,2025-09-25
CINF/AWK,CINF,AWK,default,-997.7671970885403,-1.1247105101441492,-4.202296025402376,3.9393525039504096e-13,8,1,2025-09-25
INCY/AWK,INCY,AWK,default,-1809.264866891039,-0.8578818906056236,-4.202296025402376,7.251478791703002e-10,14,1,2025-09-25
MDLZ/EW,MDLZ,EW,short_term_beta_neutral,-189.5733117101885,-0.1580174885754898,-4.385068705081383,2.0844404131621953e-08,20,1,2025-09-25
AFL/SPG,AFL,SPG,short_term_beta_neutral,-572.3553755618213,-0.3252021553145437,-4.385068705081383,5.730599047846427e-08,16,1,2025-09-25
AIG/DUK,AIG,DUK,short_term_beta_neutral,538.2081575193638,0.7807390362546683,-4.385068705081383,0.9999999976742697,12,1,2025-09-25
AIG/GILD,AIG,GILD,short_term_beta_neutral,-1596.265135391252,-0.7362450539579068,-4.385068705081383,0.00017786854807356022,12,1,2025-09-25
AIG/JNJ,AIG,JNJ,short_term_beta_neutral,-72.38824184454154,-0.04960567423967026,-4.385068705081383,0.0006741052893114506,12,1,2025-09-25
TRV/DGX,TRV,DGX,short_term_beta_neutral,-1974.139697446042,-1.2005389244187834,-4.385068705081383,0.0016894655555623644,8,1,2025-09-25
SLB/ACGL,SLB,ACGL,short_term_beta_neutral,-1150.837847720264,-1.1585242811964014,-4.385068705081383,1.7164783607215777e-07,8,1,2025-09-25
ACGL/DOV,ACGL,DOV,short_term_beta_neutral,-1388.218661774861,-0.9810788646822486,-4.385068705081383,7.225769472269438e-10,12,1,2025-09-25
ACGL/YUM,ACGL,YUM,short_term_beta_neutral,-1256.782888756555,-1.3034319322145649,-4.385068705081383,1.997010197813956e-10,12,1,2025-09-25
CNP/AEE,CNP,AEE,short_term_beta_neutral,270.0446656109681,0.40362208833562874,-4.385068705081383,0.9999392936073982,10,1,2025-09-25
NI/AEE,NI,AEE,short_term_beta_neutral,42.41824050325906,0.19631969258135523,-4.385068705081383,0.9717482345976963,6,1,2025-09-25
AME/MAR,AME,MAR,short_term_beta_neutral,-14.56788840136815,-0.02773410798991326,-4.385068705081383,0.004871300149249958,8,1,2025-09-25
AME/SNA,AME,SNA,short_term_beta_neutral,-245.475461551674,-0.7511950961792211,-4.385068705081383,2.82688110013212e-09,4,1,2025-09-25
CINF/AWK,CINF,AWK,short_term_beta_neutral,1275.071980888856,0.398592217579439,-4.385068705081383,0.9999634722209791,10,1,2025-09-25
INCY/AWK,INCY,AWK,short_term_beta_neutral,-2903.473312763618,-0.7257055847168816,-4.385068705081383,7.1939734035057e-11,22,1,2025-09-25
MDLZ/EW,MDLZ,EW,crash_defensive,2892.146993228728,0.5520928361363489,-4.433536419088078,0.9969132502626638,10,1,2025-09-25
AFL/SPG,AFL,SPG,crash_defensive,-144.8924203634138,-0.15718986942373897,-4.433536419088078,0.00021757948784556912,12,1,2025-09-25
AIG/DUK,AIG,DUK,crash_defensive,-218.9375924286282,-0.46807895049416604,-4.433536419088078,3.5969074636697545e-10,10,1,2025-09-25
AIG/GILD,AIG,GILD,crash_defensive,-303.6142889740586,-0.7732681114696637,-4.433536419088078,8.566025566491548e-10,8,1,2025-09-25
AIG/JNJ,AIG,JNJ,crash_defensive,59.36871756052761,0.2082845977340813,-4.433536419088078,0.9910209570828318,4,1,2025-09-25
TRV/DGX,TRV,DGX,crash_defensive,0.0,-4.433536419088078,-4.433536419088078,4.8471304311126606e-158,0,1,2025-09-25
SLB/ACGL,SLB,ACGL,crash_defensive,-982.6567274653775,-1.7689786795129234,-4.433536419088078,8.791404009441185e-06,6,1,2025-09-25
ACGL/DOV,ACGL,DOV,crash_defensive,56.41059636592189,0.0894761313670681,-4.433536419088078,0.33959535720934697,12,1,2025-09-25
ACGL/YUM,ACGL,YUM,crash_defensive,-327.289624850048,-0.68559274542892,-4.433536419088078,1.0045276345949999e-12,10,1,2025-09-25
CNP/AEE,CNP,AEE,crash_defensive,13.65373919007295,0.08897348594341942,-4.433536419088078,0.35715073422733457,8,1,2025-09-25
NI/AEE,NI,AEE,crash_defensive,101.8300594663422,0.7776258281918764,-4.433536419088078,0.9999999919033691,6,1,2025-09-25
AME/MAR,AME,MAR,crash_defensive,24.85512873163702,0.09736653726733252,-4.433536419088078,0.4342938062771608,4,1,2025-09-25
AME/SNA,AME,SNA,crash_defensive,0.0,-4.433536419088078,-4.433536419088078,4.8471304311126606e-158,0,1,2025-09-25
CINF/AWK,CINF,AWK,crash_defensive,-421.4496081504068,-1.0643526280511248,-4.433536419088078,7.463962742925244e-17,10,1,2025-09-25
INCY/AWK,INCY,AWK,crash_defensive,-884.5305204788299,-0.9320261651298426,-4.433536419088078,1.655589934402183e-13,18,1,2025-09-25
MDLZ/EW,MDLZ,EW,beta_neutral,4059.822775043723,0.8497458379783919,-4.772199261884518,0.9999647390066497,10,1,2025-09-25
AFL/SPG,AFL,SPG,beta_neutral,-1073.618213845799,-0.921994899285938,-4.772199261884518,3.702594584311129e-14,10,1,2025-09-25
AIG/DUK,AIG,DUK,beta_neutral,0.5491003118481217,0.00047178168742959193,-4.772199261884518,0.018968976208545978,10,1,2025-09-25
AIG/GILD,AIG,GILD,beta_neutral,-331.868176257973,-0.32187134308558646,-4.772199261884518,8.707077655361126e-10,8,1,2025-09-25
AIG/JNJ,AIG,JNJ,beta_neutral,-159.2694891177571,-0.2210983779929594,-4.772199261884518,0.0008084407803603425,4,1,2025-09-25
TRV/DGX,TRV,DGX,beta_neutral,0.0,-4.772199261884518,-4.772199261884518,1.6638034056319635e-159,0,1,2025-09-25
SLB/ACGL,SLB,ACGL,beta_neutral,-1145.108985513853,-1.2186590880191777,-4.772199261884518,0.00012044385327580028,6,1,2025-09-25
ACGL/DOV,ACGL,DOV,beta_neutral,-899.3016747229366,-0.6600337768569757,-4.772199261884518,1.1581278228956655e-09,12,1,2025-09-25
ACGL/YUM,ACGL,YUM,beta_neutral,-496.9280418291648,-0.5610224908832251,-4.772199261884518,5.020358328651719e-09,10,1,2025-09-25
CNP/AEE,CNP,AEE,beta_neutral,-55.23936780977733,-0.10664822093261171,-4.772199261884518,0.00018847993967143959,8,1,2025-09-25
NI/AEE,NI,AEE,beta_neutral,76.45428420479377,0.1829575109534395,-4.772199261884518,0.9539999623776177,6,1,2025-09-25
AME/MAR,AME,MAR,beta_neutral,1.080940346442958,0.0029563580581089682,-4.772199261884518,0.021848081647455723,2,1,2025-09-25
AME/SNA,AME,SNA,beta_neutral,0.0,-4.772199261884518,-4.772199261884518,1.6638034056319635e-159,0,1,2025-09-25
CINF/AWK,CINF,AWK,beta_neutral,-1918.235867202659,-1.582002071166899,-4.772199261884518,4.56221930262954e-11,8,1,2025-09-25
INCY/AWK,INCY,AWK,beta_neutral,-2119.477298386639,-0.754791632036409,-4.772199261884518,2.9996566857381407e-07,14,1,2025-09-25
MDLZ/EW,MDLZ,EW,raw_momentum_kalman,195.2843039094959,0.3216607660182907,-5.409273408009969,0.9961182603953403,6,1,2025-09-25
AFL/SPG,AFL,SPG,raw_momentum_kalman,-87.10793789830299,-0.05025388299395493,-5.409273408009969,0.003906835022518087,10,1,2025-09-25
AIG/DUK,AIG,DUK,raw_momentum_kalman,134.1613111428766,0.16416648174370965,-5.409273408009969,0.8464863273591294,8,1,2025-09-25
AIG/GILD,AIG,GILD,raw_momentum_kalman,109.2071862750146,0.8186652343647225,-5.409273408009969,0.976033259679423,2,1,2025-09-25
AIG/JNJ,AIG,JNJ,raw_momentum_kalman,129.0961357300953,0.2262955380388398,-5.409273408009969,0.9953994708472449,4,1,2025-09-25
TRV/DGX,TRV,DGX,raw_momentum_kalman,0.0,-5.409273408009969,-5.409273408009969,1.536005324658328e-161,0,1,2025-09-25
SLB/ACGL,SLB,ACGL,raw_momentum_kalman,-1069.887635989251,-1.1699673416910232,-5.409273408009969,0.0005604647722790524,4,1,2025-09-25
ACGL/DOV,ACGL,DOV,raw_momentum_kalman,-189.0128151846061,-0.17555568211725114,-5.409273408009969,0.0016519089661259155,10,1,2025-09-25
ACGL/YUM,ACGL,YUM,raw_momentum_kalman,408.9084785120817,0.7048928543049842,-5.409273408009969,0.9999768132176396,4,1,2025-09-25
CNP/AEE,CNP,AEE,raw_momentum_kalman,42.35999999999993,0.6065146931965956,-5.409273408009969,0.981274964157707,2,1,2025-09-25
NI/AEE,NI,AEE,raw_momentum_kalman,238.4505923954558,0.8435950616575101,-5.409273408009969,0.9999999995901667,6,1,2025-09-25
AME/MAR,AME,MAR,raw_momentum_kalman,51.56172116042694,0.1012504506380262,-5.409273408009969,0.45934942479523283,4,1,2025-09-25
AME/SNA,AME,SNA,raw_momentum_kalman,0.0,-5.409273408009969,-5.409273408009969,1.536005324658328e-161,0,1,2025-09-25
CINF/AWK,CINF,AWK,raw_momentum_kalman,-1109.222593060167,-0.38024189639684436,-5.409273408009969,8.183961313168866e-10,8,1,2025-09-25
INCY/AWK,INCY,AWK,raw_momentum_kalman,-643.2647398404644,-0.3705517867492944,-5.409273408009969,2.049858424625225e-06,10,1,2025-09-25
MDLZ/EW,MDLZ,EW,beta_neutral_long_term,-720.5933806507317,-0.615426027682104,-5.683657154204243,4.42852285165549e-21,8,1,2025-09-25
AFL/SPG,AFL,SPG,beta_neutral_long_term,43.61328767382219,0.055036965461563093,-5.683657154204243,0.18742661097424645,4,1,2025-09-25
AIG/DUK,AIG,DUK,beta_neutral_long_term,-178.6725801123822,-0.6280226285374397,-5.683657154204243,1.8931248741667943e-06,6,1,2025-09-25
AIG/GILD,AIG,GILD,beta_neutral_long_term,-1272.06630902839,-1.1055245662925635,-5.683657154204243,1.0121065272017403e-16,8,1,2025-09-25
AIG/JNJ,AIG,JNJ,beta_neutral_long_term,260.1631536660142,0.19576287353564373,-5.683657154204243,0.9713495332325796,8,1,2025-09-25
TRV/DGX,TRV,DGX,beta_neutral_long_term,0.0,-5.683657154204243,-5.683657154204243,3.3268574334467225e-162,0,1,2025-09-25
SLB/ACGL,SLB,ACGL,beta_neutral_long_term,-921.545037314148,-0.7471569441296657,-5.683657154204243,2.492918661527431e-09,4,1,2025-09-25
ACGL/DOV,ACGL,DOV,beta_neutral_long_term,-1395.812476688966,-1.4897679876938617,-5.683657154204243,1.436816687599162e-18,6,1,2025-09-25
ACGL/YUM,ACGL,YUM,beta_neutral_long_term,-277.9629876367071,-0.2872804434053494,-5.683657154204243,4.183784557559116e-10,6,1,2025-09-25
CNP/AEE,CNP,AEE,beta_neutral_long_term,-125.0006993152181,-0.6438972998823397,-5.683657154204243,1.4456367630734277e-05,2,1,2025-09-25
NI/AEE,NI,AEE,beta_neutral_long_term,-65.51912069046998,-0.5692744840671211,-5.683657154204243,6.636682247830766e-06,4,1,2025-09-25
AME/MAR,AME,MAR,beta_neutral_long_term,343.2884311540332,0.5914919909552021,-5.683657154204243,0.9999971121090793,4,1,2025-09-25
AME/SNA,AME,SNA,beta_neutral_long_term,-630.008286343492,-0.8319140152772481,-5.683657154204243,0.00161874056953937,4,1,2025-09-25
CINF/AWK,CINF,AWK,beta_neutral_long_term,-6693.623920633045,-1.3655102815878375,-5.683657154204243,1.2115116632292214e-07,4,1,2025-09-25
INCY/AWK,INCY,AWK,beta_neutral_long_term,-25.52220643933293,-0.009928638462439788,-5.683657154204243,0.012149525841264212,8,1,2025-09-25
MDLZ/EW,MDLZ,EW,long_term_kalman,-457.448507391554,-0.46728138660871615,-6.23838652528421,1.0424401543855352e-13,6,1,2025-09-25
AFL/SPG,AFL,SPG,long_term_kalman,-190.9865771367568,-0.23882338126732222,-6.23838652528421,2.485185244600042e-10,4,1,2025-09-25
AIG/DUK,AIG,DUK,long_term_kalman,-79.72816507249351,-0.46823853593933157,-6.23838652528421,9.595037112322273e-06,6,1,2025-09-25
AIG/GILD,AIG,GILD,long_term_kalman,-1287.791955956696,-1.3503172355903659,-6.23838652528421,7.377994531627387e-20,8,1,2025-09-25
AIG/JNJ,AIG,JNJ,long_term_kalman,238.8719785743317,0.21373536723903988,-6.23838652528421,0.9806841471889899,8,1,2025-09-25
TRV/DGX,TRV,DGX,long_term_kalman,0.0,-6.23838652528421,-6.23838652528421,2.8498179793087635e-163,0,1,2025-09-25
SLB/ACGL,SLB,ACGL,long_term_kalman,-1237.73089314352,-1.0318397131799855,-6.23838652528421,5.228530476611746e-08,4,1,2025-09-25
ACGL/DOV,ACGL,DOV,long_term_kalman,-1369.37207114549,-1.4619729948407136,-6.23838652528421,1.3621979205787342e-17,6,1,2025-09-25
ACGL/YUM,ACGL,YUM,long_term_kalman,-738.9223827373148,-0.9678467611104971,-6.23838652528421,6.189355008142208e-06,6,1,2025-09-25
CNP/AEE,CNP,AEE,long_term_kalman,-108.0968083326678,-0.8397769077908015,-6.23838652528421,0.000962230835398843,2,1,2025-09-25
NI/AEE,NI,AEE,long_term_kalman,75.75589948815053,0.572372530695207,-6.23838652528421,0.9948744588098944,4,1,2025-09-25
AME/MAR,AME,MAR,long_term_kalman,345.664030624297,0.6014310829627312,-6.23838652528421,0.9999836844311151,4,1,2025-09-25
AME/SNA,AME,SNA,long_term_kalman,-654.492691873583,-0.9243147608290426,-6.23838652528421,0.0024090695993062225,4,1,2025-09-25
CINF/AWK,CINF,AWK,long_term_kalman,-1563.12767135997,-0.4205294996452779,-6.23838652528421,6.5746335700559265e-15,4,1,2025-09-25
INCY/AWK,INCY,AWK,long_term_kalman,-477.6489360534243,-0.22851050003947757,-6.23838652528421,1.2488934432316957e-07,6,1,2025-09-25
MDLZ/EW,MDLZ,EW,long_term_tilt,-747.5570961122498,-0.6614914236139956,-6.338492396718007,1.6941343404012993e-19,8,1,2025-09-25
AFL/SPG,AFL,SPG,long_term_tilt,56.23145146958608,0.07368357406577984,-6.338492396718007,0.285658848935166,4,1,2025-09-25
AIG/DUK,AIG,DUK,long_term_tilt,144.3430869980521,0.5607364706455106,-6.338492396718007,0.996950597386997,6,1,2025-09-25
AIG/GILD,AIG,GILD,long_term_tilt,-1284.256006929651,-1.3509826284868367,-6.338492396718007,7.159577365718221e-20,8,1,2025-09-25
AIG/JNJ,AIG,JNJ,long_term_tilt,514.2687925930743,0.44531271863391786,-6.338492396718007,0.999999963102114,8,1,2025-09-25
TRV/DGX,TRV,DGX,long_term_tilt,0.0,-6.338492396718007,-6.338492396718007,1.9685919631869892e-163,0,1,2025-09-25
SLB/ACGL,SLB,ACGL,long_term_tilt,-1240.110263617058,-1.0320889787274472,-6.338492396718007,5.311049523147922e-08,4,1,2025-09-25
ACGL/DOV,ACGL,DOV,long_term_tilt,-1424.322200822718,-1.5141710096111836,-6.338492396718007,1.4487034719423845e-17,6,1,2025-09-25
ACGL/YUM,ACGL,YUM,long_term_tilt,-745.8818631736732,-0.9681390275225337,-6.338492396718007,7.861939216919429e-06,6,1,2025-09-25
CNP/AEE,CNP,AEE,long_term_tilt,-108.5765834973025,-0.8394005282877937,-6.338492396718007,0.0009920431036321165,2,1,2025-09-25
NI/AEE,NI,AEE,long_term_tilt,73.70002412029686,0.5590448118554182,-6.338492396718007,0.9945861657498555,4,1,2025-09-25
AME/MAR,AME,MAR,long_term_tilt,340.2221393623209,0.5928232749609688,-6.338492396718007,0.9999815962705401,4,1,2025-09-25
AME/SNA,AME,SNA,long_term_tilt,-659.4669983287714,-0.9267947641185325,-6.338492396718007,0.0024187048311694356,4,1,2025-09-25
CINF/AWK,CINF,AWK,long_term_tilt,-679.7219389062029,-0.21530048503225305,-6.338492396718007,1.166044585317989e-09,4,1,2025-09-25
INCY/AWK,INCY,AWK,long_term_tilt,-397.9071626082802,-0.19411116983048,-6.338492396718007,6.785844397351087e-07,8,1,2025-09-25
MDLZ/EW,MDLZ,EW,short_term_tilt,-765.7074784543021,-1.0583941309588907,-6.358396265107219,1.2952583044351018e-15,16,1,2025-09-25
AFL/SPG,AFL,SPG,short_term_tilt,-123.6123637531664,-0.07030169219196196,-6.358396265107219,0.002112341141006409,16,1,2025-09-25
AIG/DUK,AIG,DUK,short_term_tilt,653.8147053406938,1.0080507198766917,-6.358396265107219,0.9999999999744518,12,1,2025-09-25
AIG/GILD,AIG,GILD,short_term_tilt,-890.4688113942303,-0.5009768867794236,-6.358396265107219,1.707848768660715e-06,8,1,2025-09-25
AIG/JNJ,AIG,JNJ,short_term_tilt,31.47449562548297,0.024119616635172127,-6.358396265107219,0.05297795168215034,12,1,2025-09-25
TRV/DGX,TRV,DGX,short_term_tilt,-1569.844618240033,-1.6521408247366003,-6.358396265107219,0.00020915299742459284,8,1,2025-09-25
SLB/ACGL,SLB,ACGL,short_term_tilt,-1202.367120556834,-1.054009731229095,-6.358396265107219,1.2555769371062003e-06,8,1,2025-09-25
ACGL/DOV,ACGL,DOV,short_term_tilt,-1091.20520146044,-0.8230396867705461,-6.358396265107219,1.8235037104884203e-06,10,1,2025-09-25
ACGL/YUM,ACGL,YUM,short_term_tilt,-974.3668951652782,-1.044893029732106,-6.358396265107219,5.1767594079306717e-11,12,1,2025-09-25
CNP/AEE,CNP,AEE,short_term_tilt,160.617492146907,0.43560214858541313,-6.358396265107219,0.999810768831555,6,1,2025-09-25
NI/AEE,NI,AEE,short_term_tilt,-43.94194798787413,-0.1999383970568754,-6.358396265107219,4.359175149362346e-06,6,1,2025-09-25
AME/MAR,AME,MAR,short_term_tilt,-255.9419650032035,-0.5477040035859926,-6.358396265107219,4.806794528624038e-10,8,1,2025-09-25
AME/SNA,AME,SNA,short_term_tilt,-251.3945940610088,-0.767173122063494,-6.358396265107219,6.736732253119502e-05,4,1,2025-09-25
CINF/AWK,CINF,AWK,short_term_tilt,-500.6111280726373,-0.8205031965300407,-6.358396265107219,4.406229786265626e-06,6,1,2025-09-25
INCY/AWK,INCY,AWK,short_term_tilt,319.2485430878714,0.17252939355713973,-6.358396265107219,0.8770336993711976,16,1,2025-09-25
MDLZ/EW,MDLZ,EW,fast_rebalance,-409.7560722520331,-0.5090856014300901,-6.47996422686992,6.10084250393592e-16,16,1,2025-09-25
AFL/SPG,AFL,SPG,fast_rebalance,-162.3535960250394,-0.09237355684514181,-6.47996422686992,0.001285155998162837,16,1,2025-09-25
AIG/DUK,AIG,DUK,fast_rebalance,654.2629674383027,1.0079835802366863,-6.47996422686992,0.9999999999753453,12,1,2025-09-25
AIG/GILD,AIG,GILD,fast_rebalance,-891.2896349177145,-0.5013667362943847,-6.47996422686992,1.7010950762164186e-06,8,1,2025-09-25
AIG/JNJ,AIG,JNJ,fast_rebalance,886.5726429233293,0.834255421589907,-6.47996422686992,0.999996001365097,10,1,2025-09-25
TRV/DGX,TRV,DGX,fast_rebalance,-1569.844618240033,-1.6521408247366003,-6.47996422686992,0.00020915299742459284,8,1,2025-09-25
SLB/ACGL,SLB,ACGL,fast_rebalance,-1254.495591891996,-1.1020840774592306,-6.47996422686992,1.775315864697081e-06,8,1,2025-09-25
ACGL/DOV,ACGL,DOV,fast_rebalance,-1320.652259117798,-1.0174709370523056,-6.47996422686992,3.6067393968299063e-06,10,1,2025-09-25
ACGL/YUM,ACGL,YUM,fast_rebalance,-1177.625784054169,-1.3416149542058433,-6.47996422686992,2.315273209812806e-09,12,1,2025-09-25
CNP/AEE,CNP,AEE,fast_rebalance,159.0406111647415,0.430203685551314,-6.47996422686992,0.9998031565754962,6,1,2025-09-25
NI/AEE,NI,AEE,fast_rebalance,-43.94259891774078,-0.1999293962258895,-6.47996422686992,4.360618183166464e-06,6,1,2025-09-25
AME/MAR,AME,MAR,fast_rebalance,-256.810545006364,-0.5479257408243121,-6.47996422686992,4.0956144324004685e-10,8,1,2025-09-25
AME/SNA,AME,SNA,fast_rebalance,46.78238613186863,0.28187552839436997,-6.47996422686992,0.9837642511122809,2,1,2025-09-25
CINF/AWK,CINF,AWK,fast_rebalance,-500.6111280726373,-0.8205031965300407,-6.47996422686992,4.406229786265626e-06,6,1,2025-09-25
INCY/AWK,INCY,AWK,fast_rebalance,65.8225796732304,0.03568764682001133,-6.47996422686992,0.07932732707177592,14,1,2025-09-25
MDLZ/EW,MDLZ,EW,raw_momentum,24.01388949977587,0.038075254156072304,-6.507836334923027,0.08999660695586503,8,1,2025-09-25
AFL/SPG,AFL,SPG,raw_momentum,-880.3677111001961,-1.3191385082383766,-6.507836334923027,5.875441818690971e-18,8,1,2025-09-25
AIG/DUK,AIG,DUK,raw_momentum,346.1516336487454,0.38402469114940346,-6.507836334923027,0.9999883515194377,8,1,2025-09-25
AIG/GILD,AIG,GILD,raw_momentum,109.8034255019397,0.8186652343647233,-6.507836334923027,0.9760332596794227,2,1,2025-09-25
AIG/JNJ,AIG,JNJ,raw_momentum,119.2245725999596,0.20917024113914479,-6.507836334923027,0.9913184116327501,4,1,2025-09-25
TRV/DGX,TRV,DGX,raw_momentum,0.0,-6.507836334923027,-6.507836334923027,1.0988106858444054e-163,0,1,2025-09-25
SLB/ACGL,SLB,ACGL,raw_momentum,-1068.081936824906,-1.1690893819640662,-6.507836334923027,0.0005496262990128216,4,1,2025-09-25
ACGL/DOV,ACGL,DOV,raw_momentum,-177.7325109132642,-0.1628327883514588,-6.507836334923027,0.0018798464740586275,10,1,2025-09-25
ACGL/YUM,ACGL,YUM,raw_momentum,408.9084785120817,0.7048928543049842,-6.507836334923027,0.9999768132176396,4,1,2025-09-25
CNP/AEE,CNP,AEE,raw_momentum,38.91999999999996,0.5528832238558493,-6.507836334923027,0.9833366745583882,2,1,2025-09-25
NI/AEE,NI,AEE,raw_momentum,235.9892432232552,0.8430859172135499,-6.507836334923027,0.9999999996493373,6,1,2025-09-25
AME/MAR,AME,MAR,raw_momentum,21.9480555994304,0.06688216470558393,-6.507836334923027,0.26095995978962316,2,1,2025-09-25
AME/SNA,AME,SNA,raw_momentum,0.0,-6.507836334923027,-6.507836334923027,1.0988106858444054e-163,0,1,2025-09-25
CINF/AWK,CINF,AWK,raw_momentum,-904.6953815825023,-0.31239167803869583,-6.507836334923027,5.263688027690534e-10,6,1,2025-09-25
INCY/AWK,INCY,AWK,raw_momentum,-397.974457117508,-0.23310312314728326,-6.507836334923027,7.593795584168886e-06,8,1,2025-09-25
MDLZ/EW,MDLZ,EW,uniform_weights,-294.2060377231327,-0.34968383512002116,-7.106892906106166,5.911997774693053e-12,8,1,2025-09-25
AFL/SPG,AFL,SPG,uniform_weights,-856.9384803062406,-0.8694714258148359,-7.106892906106166,9.478722309762293e-14,10,1,2025-09-25
AIG/DUK,AIG,DUK,uniform_weights,-216.0782304766985,-0.25565778893276525,-7.106892906106166,1.1857932198805746e-08,10,1,2025-09-25
AIG/GILD,AIG,GILD,uniform_weights,-605.8181280318644,-0.7691788401614446,-7.106892906106166,9.10971069312957e-10,8,1,2025-09-25
AIG/JNJ,AIG,JNJ,uniform_weights,121.6204936696727,0.21457501621442937,-7.106892906106166,0.9929582766296657,4,1,2025-09-25
TRV/DGX,TRV,DGX,uniform_weights,0.0,-7.106892906106166,-7.106892906106166,2.0059388017254763e-164,0,1,2025-09-25
SLB/ACGL,SLB,ACGL,uniform_weights,-1965.313454930755,-1.7689786795129239,-7.106892906106166,8.791404009441134e-06,6,1,2025-09-25
ACGL/DOV,ACGL,DOV,uniform_weights,177.8091638603672,0.14116539437958775,-7.106892906106166,0.7802669065550648,12,1,2025-09-25
ACGL/YUM,ACGL,YUM,uniform_weights,-653.3964578505332,-0.6860988207915938,-7.106892906106166,8.989889805851963e-13,10,1,2025-09-25
CNP/AEE,CNP,AEE,uniform_weights,24.74017988705893,0.08071551047136678,-7.106892906106166,0.2976376128877899,8,1,2025-09-25
NI/AEE,NI,AEE,uniform_weights,234.8368909746092,0.8431816846343861,-7.106892906106166,0.9999999996767894,6,1,2025-09-25
AME/MAR,AME,MAR,uniform_weights,47.11172116042695,0.09330642245750792,-7.106892906106166,0.4080802351432711,4,1,2025-09-25
AME/SNA,AME,SNA,uniform_weights,0.0,-7.106892906106166,-7.106892906106166,2.0059388017254763e-164,0,1,2025-09-25
CINF/AWK,CINF,AWK,uniform_weights,-1048.005611446815,-0.35970568888366417,-7.106892906106166,7.191408732242609e-10,8,1,2025-09-25
INCY/AWK,INCY,AWK,uniform_weights,-1599.296135467467,-0.7523746165121804,-7.106892906106166,2.6670178122954736e-10,14,1,2025-09-25
MDLZ/EW,MDLZ,EW,conservative,1577.661503824912,0.6137985475135823,-8.821025713516535,0.995914824092732,10,1,2025-09-25
AFL/SPG,AFL,SPG,conservative,-16.83781565869191,-0.028981559858359568,-8.821025713516535,0.008508923649525029,12,1,2025-09-25
AIG/DUK,AIG,DUK,conservative,12.66735542971759,0.042989444987240916,-8.821025713516535,0.09613909954615624,10,1,2025-09-25
AIG/GILD,AIG,GILD,conservative,-121.4451442043882,-0.42664627847575903,-8.821025713516535,2.4267693630576023e-09,8,1,2025-09-25
AIG/JNJ,AIG,JNJ,conservative,99.15450347565408,0.47690127782822456,-8.821025713516535,0.9995346272885923,4,1,2025-09-25
TRV/DGX,TRV,DGX,conservative,0.0,-8.821025713516535,-8.821025713516535,1.1391323447789117e-165,0,1,2025-09-25
SLB/ACGL,SLB,ACGL,conservative,-301.7500237601751,-1.2830352588343241,-8.821025713516535,7.550148319860214e-05,6,1,2025-09-25
ACGL/DOV,ACGL,DOV,conservative,44.96297192661743,0.18036469566259716,-8.821025713516535,0.872068876287247,12,1,2025-09-25
ACGL/YUM,ACGL,YUM,conservative,-389.4273264289963,-1.3413216475542005,-8.821025713516535,9.98667389372547e-07,12,1,2025-09-25
CNP/AEE,CNP,AEE,conservative,-79.1496309486628,-0.894215135263502,-8.821025713516535,2.2987600032815424e-12,8,1,2025-09-25
NI/AEE,NI,AEE,conservative,4.00206091927474,0.058431873033548326,-8.821025713516535,0.15577763306230652,8,1,2025-09-25
AME/MAR,AME,MAR,conservative,-28.90951824356438,-0.16029223682244828,-8.821025713516535,4.949007462401764e-10,4,1,2025-09-25
AME/SNA,AME,SNA,conservative,0.0,-8.821025713516535,-8.821025713516535,1.1391323447789117e-165,0,1,2025-09-25
CINF/AWK,CINF,AWK,conservative,-47.82205040432211,-0.2278271065052529,-8.821025713516535,3.799432750122049e-08,10,1,2025-09-25
INCY/AWK,INCY,AWK,conservative,-727.823418051398,-1.189662372700462,-8.821025713516535,6.891905858086848e-08,18,1,2025-09-25
MDLZ/EW,MDLZ,EW,vol_sized_conservative,1386.621794795834,0.5279024373387532,-8.882390606133601,0.9971111221197487,10,1,2025-09-25
AFL/SPG,AFL,SPG,vol_sized_conservative,-451.4955081278907,-1.286445143307767,-8.882390606133601,9.124001910273161e-14,10,1,2025-09-25
AIG/DUK,AIG,DUK,vol_sized_conservative,-164.6181278950922,-0.4718419694273718,-8.882390606133601,3.047791969877263e-10,10,1,2025-09-25
AIG/GILD,AIG,GILD,vol_sized_conservative,-90.28525984229553,-0.3286554333667182,-8.882390606133601,2.7653277508679302e-08,8,1,2025-09-25
AIG/JNJ,AIG,JNJ,vol_sized_conservative,43.5351766621711,0.2050999952694094,-8.882390606133601,0.9898348749958965,4,1,2025-09-25
TRV/DGX,TRV,DGX,vol_sized_conservative,0.0,-8.882390606133601,-8.882390606133601,1.0650576129433139e-165,0,1,2025-09-25
SLB/ACGL,SLB,ACGL,vol_sized_conservative,-174.8042688855238,-0.9451062433919694,-8.882390606133601,0.0016816826725210728,6,1,2025-09-25
ACGL/DOV,ACGL,DOV,vol_sized_conservative,59.17140647928777,0.12765933085176512,-8.882390606133601,0.6773182255384004,12,1,2025-09-25
ACGL/YUM,ACGL,YUM,vol_sized_conservative,-226.2065781703987,-0.8072459846313271,-8.882390606133601,3.855826805376525e-07,10,1,2025-09-25
CNP/AEE,CNP,AEE,vol_sized_conservative,9.903461319279444,0.08684484350042093,-8.882390606133601,0.34105099200028405,8,1,2025-09-25
NI/AEE,NI,AEE,vol_sized_conservative,75.3847884993981,0.7769384075676246,-8.882390606133601,0.9999999931990524,6,1,2025-09-25
AME/MAR,AME,MAR,vol_sized_conservative,15.70713947243695,0.12517163722714017,-8.882390606133601,0.5930175325779772,2,1,2025-09-25
AME/SNA,AME,SNA,vol_sized_conservative,0.0,-8.882390606133601,-8.882390606133601,1.0650576129433139e-165,0,1,2025-09-25
CINF/AWK,CINF,AWK,vol_sized_conservative,-362.2012981572334,-1.101363901773424,-8.882390606133601,2.0417546720813703e-13,8,1,2025-09-25
INCY/AWK,INCY,AWK,vol_sized_conservative,-907.9180008397918,-1.3916619195606232,-8.882390606133601,4.9180711640295954e-09,14,1,2025-09-25
MDLZ/EW,MDLZ,EW,fast_strict,-446.6318737843748,-0.7526960331649726,-9.89568525333982,8.550706566716262e-15,16,1,2025-09-25
AFL/SPG,AFL,SPG,fast_strict,156.4655445339372,0.12271866150031936,-9.89568525333982,0.6221131595216062,16,1,2025-09-25
AIG/DUK,AIG,DUK,fast_strict,352.7271047346196,0.5966232534273649,-9.89568525333982,0.9999999398101521,14,1,2025-09-25
AIG/GILD,AIG,GILD,fast_strict,-783.4681017680798,-0.46404877761911645,-9.89568525333982,9.179175254924698e-06,8,1,2025-09-25
AIG/JNJ,AIG,JNJ,fast_strict,645.5927855475124,0.7852825089616009,-9.89568525333982,0.9999990454506757,12,1,2025-09-25
TRV/DGX,TRV,DGX,fast_strict,-1115.139200640264,-1.5871857200676993,-9.89568525333982,0.00021549609705740394,8,1,2025-09-25
SLB/ACGL,SLB,ACGL,fast_strict,-590.5718999823621,-0.8307995815913399,-9.89568525333982,4.913122045238739e-05,8,1,2025-09-25
ACGL/DOV,ACGL,DOV,fast_strict,-1335.046132096945,-1.7743960229838427,-9.89568525333982,3.2877715278038583e-09,10,1,2025-09-25
ACGL/YUM,ACGL,YUM,fast_strict,-951.5472410844326,-1.4732623533658682,-9.89568525333982,9.463466000948855e-09,12,1,2025-09-25
CNP/AEE,CNP,AEE,fast_strict,118.6548871499034,0.4285435539357008,-9.89568525333982,0.9997920270993154,6,1,2025-09-25
NI/AEE,NI,AEE,fast_strict,3.889939151319226,0.02743832805846062,-9.89568525333982,0.06147097727255834,8,1,2025-09-25
AME/MAR,AME,MAR,fast_strict,-296.2036289768535,-0.8898617150378099,-9.89568525333982,7.55839532654025e-09,10,1,2025-09-25
AME/SNA,AME,SNA,fast_strict,36.41960089771146,0.29372379920466946,-9.89568525333982,0.9841983676086746,2,1,2025-09-25
CINF/AWK,CINF,AWK,fast_strict,-238.0940430102547,-0.8880493816536137,-9.89568525333982,6.833999368359463e-05,8,1,2025-09-25
INCY/AWK,INCY,AWK,fast_strict,-1500.871574173374,-1.5729548438200907,-9.89568525333982,1.8232210226570528e-09,18,1,2025-09-25
MDLZ/EW,MDLZ,EW,sensitive_reversal,-1868.653527980734,-1.5701858928987928,-9.931693168558946,2.353112639132432e-05,16,1,2025-09-25
AFL/SPG,AFL,SPG,sensitive_reversal,-32.53888772620643,-0.07794576023106999,-9.931693168558946,0.0004039963695437142,10,1,2025-09-25
AIG/DUK,AIG,DUK,sensitive_reversal,91.02970163107291,0.1589520830622275,-9.931693168558946,0.8525435273786092,10,1,2025-09-25
AIG/GILD,AIG,GILD,sensitive_reversal,-245.2480239076763,-0.32980950892684985,-9.931693168558946,2.0563144080087484e-08,8,1,2025-09-25
AIG/JNJ,AIG,JNJ,sensitive_reversal,210.1686635910045,0.3523610398515311,-9.931693168558946,0.999893278728729,6,1,2025-09-25
TRV/DGX,TRV,DGX,sensitive_reversal,0.0,-9.931693168558946,-9.931693168558946,4.261283465293565e-166,0,1,2025-09-25
SLB/ACGL,SLB,ACGL,sensitive_reversal,-663.8253756660627,-0.7671436154953689,-9.931693168558946,5.132442123017606e-07,6,1,2025-09-25
ACGL/DOV,ACGL,DOV,sensitive_reversal,244.3983557798891,0.20630295139974436,-9.931693168558946,0.9806653911672012,14,1,2025-09-25
ACGL/YUM,ACGL,YUM,sensitive_reversal,-493.9082493012961,-0.7674677292017758,-9.931693168558946,7.625197517352167e-05,12,1,2025-09-25
CNP/AEE,CNP,AEE,sensitive_reversal,303.4159368105302,0.7867275592678319,-9.931693168558946,0.9999992702705731,8,1,2025-09-25
NI/AEE,NI,AEE,sensitive_reversal,-28.78571146522465,-0.12817676572545073,-9.931693168558946,3.7906553787952095e-06,12,1,2025-09-25
AME/MAR,AME,MAR,sensitive_reversal,-261.9681660180366,-0.6266686168494233,-9.931693168558946,2.1529286219701014e-09,4,1,2025-09-25
AME/SNA,AME,SNA,sensitive_reversal,-151.4972931073984,-0.7181540649523599,-9.931693168558946,4.360727961348904e-07,2,1,2025-09-25
CINF/AWK,CINF,AWK,sensitive_reversal,427.119080513589,0.9105548282898547,-9.931693168558946,0.9997943288767062,8,1,2025-09-25
INCY/AWK,INCY,AWK,sensitive_reversal,-2353.3187615601,-1.4513800777364325,-9.931693168558946,4.27220969055942e-07,16,1,2025-09-25
MDLZ/EW,MDLZ,EW,no_skip_month,733.0745236432967,0.5496215332194738,-2.3918600418749016,0.9999390542993604,16,2,2025-11-03
AFL/SPG,AFL,SPG,no_skip_month,-478.2010496583255,-0.24281102549070724,-2.3918600418749016,7.317935747811703e-05,14,2,2025-11-03
AIG/DUK,AIG,DUK,no_skip_month,53.97967381244138,0.05134655467604178,-2.3918600418749016,0.13966109798131388,10,2,2025-11-03
AIG/GILD,AIG,GILD,no_skip_month,-672.0485852076355,-0.6616448187846827,-2.3918600418749016,4.993317000272952e-15,10,2,2025-11-03
AIG/JNJ,AIG,JNJ,no_skip_month,132.48174630986,0.1640227454012276,-2.3918600418749016,0.8786073219804721,10,2,2025-11-03
TRV/DGX,TRV,DGX,no_skip_month,0.0,-2.3918600418749016,-2.3918600418749016,1.0146168803652476e-143,0,2,2025-11-03
SLB/ACGL,SLB,ACGL,no_skip_month,-1341.978118381951,-1.3473264588896066,-2.3918600418749016,0.0002893330749747753,8,2,2025-11-03
ACGL/DOV,ACGL,DOV,no_skip_month,4692.886287605363,1.1366064625017234,-2.3918600418749016,0.9999986742063992,20,2,2025-11-03
ACGL/YUM,ACGL,YUM,no_skip_month,-531.5466106030046,-0.5581220805078267,-2.3918600418749016,1.1410725079401076e-10,14,2,2025-11-03
CNP/AEE,CNP,AEE,no_skip_month,-135.3933361972593,-0.3564994718276817,-2.3918600418749016,4.5475184529674945e-10,8,2,2025-11-03
NI/AEE,NI,AEE,no_skip_month,237.2078757084463,0.8141968303174728,-2.3918600418749016,0.9999999996723394,6,2,2025-11-03
AME/MAR,AME,MAR,no_skip_month,101.357864926018,0.17776851768672283,-2.3918600418749016,0.8559875040973008,4,2,2025-11-03
AME/SNA,AME,SNA,no_skip_month,0.0,-2.3918600418749016,-2.3918600418749016,1.0146168803652476e-143,0,2,2025-11-03
CINF/AWK,CINF,AWK,no_skip_month,-957.6514194334643,-0.34428777997336824,-2.3918600418749016,1.7073254446678663e-09,14,2,2025-11-03
INCY/AWK,INCY,AWK,no_skip_month,3556.758880650055,0.5939045089553275,-2.3918600418749016,0.9998674963062959,20,2,2025-11-03
MDLZ/EW,MDLZ,EW,trend_leverage,4153.623657691419,0.5054142504384059,-2.7795302563684277,0.9974050709189362,10,2,2025-11-03
AFL/SPG,AFL,SPG,trend_leverage,100.1736389368534,0.035229752352635514,-2.7795302563684277,0.07220212264372708,12,2,2025-11-03
AIG/DUK,AIG,DUK,trend_leverage,-499.2280054406081,-0.37506908746974355,-2.7795302563684277,1.0809125297847701e-10,10,2,2025-11-03
AIG/GILD,AIG,GILD,trend_leverage,817.8203839882267,0.45756036939180883,-2.7795302563684277,0.9999975985951152,8,2,2025-11-03
AIG/JNJ,AIG,JNJ,trend_leverage,-695.1216678584915,-0.49600699765057943,-2.7795302563684277,7.546703955559927e-10,8,2,2025-11-03
TRV/DGX,TRV,DGX,trend_leverage,0.0,-2.7795302563684277,-2.7795302563684277,3.7239157754117877e-152,0,2,2025-11-03
SLB/ACGL,SLB,ACGL,trend_leverage,-2968.111996771057,-1.7088645806736442,-2.7795302563684277,9.03647000659221e-06,6,2,2025-11-03
ACGL/DOV,ACGL,DOV,trend_leverage,284.7093792094655,0.13991540380964604,-2.7795302563684277,0.8029386228637067,12,2,2025-11-03
ACGL/YUM,ACGL,YUM,trend_leverage,-999.9045072537023,-0.6728335070657276,-2.7795302563684277,1.1908900773366213e-12,10,2,2025-11-03
CNP/AEE,CNP,AEE,trend_leverage,-200.6192838686681,-0.3523415627452924,-2.7795302563684277,5.950116341332801e-10,8,2,2025-11-03
NI/AEE,NI,AEE,trend_leverage,355.2897201084488,0.8134836664822386,-2.7795302563684277,0.9999999996759538,6,2,2025-11-03
AME/MAR,AME,MAR,trend_leverage,78.26831358921419,0.09905843432007394,-2.7795302563684277,0.467712959906561,4,2,2025-11-03
AME/SNA,AME,SNA,trend_leverage,0.0,-2.7795302563684277,-2.7795302563684277,3.7239157754117877e-152,0,2,2025-11-03
CINF/AWK,CINF,AWK,trend_leverage,-648.7048866863242,-0.4629306209921666,-2.7795302563684277,1.955597935081517e-13,10,2,2025-11-03
INCY/AWK,INCY,AWK,trend_leverage,-3325.868812466462,-0.9539361872740563,-2.7795302563684277,1.5689693314409558e-11,18,2,2025-11-03
MDLZ/EW,MDLZ,EW,kalman_aggressive,3839.990925562834,0.41892373468073546,-2.8648800011622373,0.9997171287726572,34,2,2025-11-03
AFL/SPG,AFL,SPG,kalman_aggressive,-4998.778893853798,-1.3643808450434696,-2.8648800011622373,1.902615253544641e-08,32,2,2025-11-03
AIG/DUK,AIG,DUK,kalman_aggressive,1491.354447503013,0.479775150806214,-2.8648800011622373,0.9999999993896681,30,2,2025-11-03
AIG/GILD,AIG,GILD,kalman_aggressive,5653.855280323619,0.8917645590165831,-2.8648800011622373,0.9999999999999348,38,2,2025-11-03
AIG/JNJ,AIG,JNJ,kalman_aggressive,-55.66087013984884,-0.016512771256101975,-2.8648800011622373,0.008567296479457552,28,2,2025-11-03
TRV/DGX,TRV,DGX,kalman_aggressive,-4595.798780095658,-1.5146914246625691,-2.8648800011622373,6.874287744663127e-14,30,2,2025-11-03
SLB/ACGL,SLB,ACGL,kalman_aggressive,-8581.87576737134,-1.531478625355693,-2.8648800011622373,1.5081120701345171e-22,34,2,2025-11-03
ACGL/DOV,ACGL,DOV,kalman_aggressive,-1963.161688519749,-0.6521929397299165,-2.8648800011622373,8.351493169832974e-31,34,2,2025-11-03
ACGL/YUM,ACGL,YUM,kalman_aggressive,-6082.397312532961,-1.718803493835075,-2.8648800011622373,1.665316125035973e-39,36,2,2025-11-03
CNP/AEE,CNP,AEE,kalman_aggressive,-159.2633078952076,-0.09887424065067141,-2.8648800011622373,1.844148178644867e-05,36,2,2025-11-03
NI/AEE,NI,AEE,kalman_aggressive,-2207.433100350021,-1.5384347065327448,-2.8648800011622373,4.1204696766942255e-22,26,2,2025-11-03
AME/MAR,AME,MAR,kalman_aggressive,-2402.426329537638,-0.8015991788300324,-2.8648800011622373,4.399526097635769e-11,30,2,2025-11-03
AME/SNA,AME,SNA,kalman_aggressive,-438.5979817518653,-0.1525220740817514,-2.8648800011622373,4.4178968932132817e-08,30,2,2025-11-03
CINF/AWK,CINF,AWK,kalman_aggressive,-3106.618672005048,-0.55902611494911,-2.8648800011622373,1.307772356506017e-16,30,2,2025-11-03
INCY/AWK,INCY,AWK,kalman_aggressive,-6115.086220213702,-0.6903243415532185,-2.8648800011622373,3.493083448164023e-08,38,2,2025-11-03
MDLZ/EW,MDLZ,EW,monthly_aligned_windows,-2688.791219261044,-0.583208636503908,-2.9974497341267083,4.045493674150722e-06,24,2,2025-11-03
AFL/SPG,AFL,SPG,monthly_aligned_windows,705.197903730427,0.2306194898378883,-2.9974497341267083,0.9932106136931632,26,2,2025-11-03
AIG/DUK,AIG,DUK,monthly_aligned_windows,-3303.463568559108,-0.7960043400804369,-2.9974497341267083,0.001183270830166305,26,2,2025-11-03
AIG/GILD,AIG,GILD,monthly_aligned_windows,94.47924239733993,0.021929235255926247,-2.9974497341267083,0.059037277990447126,26,2,2025-11-03
AIG/JNJ,AIG,JNJ,monthly_aligned_windows,-1481.528613371977,-0.4074719708491001,-2.9974497341267083,1.048808454357021e-06,24,2,2025-11-03
TRV/DGX,TRV,DGX,monthly_aligned_windows,-1095.96365244917,-1.1922871149307066,-2.9974497341267083,3.981988328421785e-13,24,2,2025-11-03
SLB/ACGL,SLB,ACGL,monthly_aligned_windows,-3003.041723317385,-1.163004738047763,-2.9974497341267083,2.077681678753394e-18,24,2,2025-11-03
ACGL/DOV,ACGL,DOV,monthly_aligned_windows,858.8027969698751,0.3546747776790344,-2.9974497341267083,0.9994211455209874,24,2,2025-11-03
ACGL/YUM,ACGL,YUM,monthly_aligned_windows,-4107.145297516816,-1.3974101810575494,-2.9974497341267083,0.0003511091399837075,28,2,2025-11-03
CNP/AEE,CNP,AEE,monthly_aligned_windows,-1675.300314322086,-1.1294874901940102,-2.9974497341267083,3.2891806399690756e-07,26,2,2025-11-03
NI/AEE,NI,AEE,monthly_aligned_windows,-713.5534035792889,-1.18650472846674,-2.9974497341267083,3.913783812510141e-16,22,2,2025-11-03
AME/MAR,AME,MAR,monthly_aligned_windows,414.1866985497967,0.16311439818086396,-2.9974497341267083,0.8378735561779371,26,2,2025-11-03
AME/SNA,AME,SNA,monthly_aligned_windows,139.1737403144662,0.06360084777264417,-2.9974497341267083,0.21546042402693816,26,2,2025-11-03
CINF/AWK,CINF,AWK,monthly_aligned_windows,-290.5469618512286,-0.1318893706151676,-2.9974497341267083,1.1019200742430085e-05,26,2,2025-11-03
INCY/AWK,INCY,AWK,monthly_aligned_windows,2525.561164847678,0.5563422387498609,-2.9974497341267083,0.9998983152214835,26,2,2025-11-03
MDLZ/EW,MDLZ,EW,crash_tolerant,2521.310655716244,0.4436212415099319,-3.013517412360672,0.9986712574046681,10,2,2025-11-03
AFL/SPG,AFL,SPG,crash_tolerant,-587.5781127027387,-0.15314063684500692,-3.013517412360672,0.00019970051739355771,12,2,2025-11-03
AIG/DUK,AIG,DUK,crash_tolerant,114.006499644421,0.05466937007355274,-3.013517412360672,0.15520352171171975,10,2,2025-11-03
AIG/GILD,AIG,GILD,crash_tolerant,-1221.198775543573,-0.7454660458952291,-3.013517412360672,8.33947767261923e-10,8,2,2025-11-03
AIG/JNJ,AIG,JNJ,crash_tolerant,-276.2023502185612,-0.19090046037871095,-3.013517412360672,4.944669884329149e-05,6,2,2025-11-03
TRV/DGX,TRV,DGX,crash_tolerant,0.0,-3.013517412360672,-3.013517412360672,4.895066443059136e-156,0,2,2025-11-03
SLB/ACGL,SLB,ACGL,crash_tolerant,-3948.737376241173,-1.7086702961189577,-3.013517412360672,9.102284718555736e-06,6,2,2025-11-03
ACGL/DOV,ACGL,DOV,crash_tolerant,384.1489469110891,0.14124354586245955,-3.013517412360672,0.8118076082187611,12,2,2025-11-03
ACGL/YUM,ACGL,YUM,crash_tolerant,-1329.834132103746,-0.6712409449873858,-3.013517412360672,1.1079815659466425e-12,10,2,2025-11-03
CNP/AEE,CNP,AEE,crash_tolerant,-266.2444431716792,-0.35200076700289623,-3.013517412360672,5.966557920266213e-10,8,2,2025-11-03
NI/AEE,NI,AEE,crash_tolerant,471.6126340143393,0.8136392593479662,-3.013517412360672,0.9999999996826604,6,2,2025-11-03
AME/MAR,AME,MAR,crash_tolerant,89.5034423208512,0.08413757499723143,-3.013517412360672,0.36808975547083234,4,2,2025-11-03
AME/SNA,AME,SNA,crash_tolerant,0.0,-3.013517412360672,-3.013517412360672,4.895066443059136e-156,0,2,2025-11-03
CINF/AWK,CINF,AWK,crash_tolerant,-866.3758497776066,-0.46499868927208604,-3.013517412360672,1.6022835516316606e-13,10,2,2025-11-03
INCY/AWK,INCY,AWK,crash_tolerant,-2739.042682227839,-0.5788103660221674,-3.013517412360672,1.6949653301063838e-12,18,2,2025-11-03
MDLZ/EW,MDLZ,EW,weekly_aligned_windows,1376.527511254304,0.36776312720138155,-3.548819636248751,0.9997887298325502,64,2,2025-11-03
AFL/SPG,AFL,SPG,weekly_aligned_windows,-5058.354530766475,-1.5123887535127396,-3.548819636248751,3.6137894913376765e-08,82,2,2025-11-03
AIG/DUK,AIG,DUK,weekly_aligned_windows,-3108.062000448029,-1.133069450029276,-3.548819636248751,2.612751983252249e-07,68,2,2025-11-03
AIG/GILD,AIG,GILD,weekly_aligned_windows,-2495.650813336659,-0.8610440474865073,-3.548819636248751,1.0206045891801388e-19,72,2,2025-11-03
AIG/JNJ,AIG,JNJ,weekly_aligned_windows,-3932.259316888041,-1.324453040415472,-3.548819636248751,8.274259831712191e-12,74,2,2025-11-03
TRV/DGX,TRV,DGX,weekly_aligned_windows,-1780.301625627157,-0.7189609059255104,-3.548819636248751,1.2368274166652439e-15,68,2,2025-11-03
SLB/ACGL,SLB,ACGL,weekly_aligned_windows,-1019.624696181532,-0.3143110902449725,-3.548819636248751,1.0517215984255194e-15,72,2,2025-11-03
ACGL/DOV,ACGL,DOV,weekly_aligned_windows,108.8053340446463,0.039322457354297895,-3.548819636248751,0.09961951470537578,66,2,2025-11-03
ACGL/YUM,ACGL,YUM,weekly_aligned_windows,43.95571547124737,0.015453306469069785,-3.548819636248751,0.03720864500634028,74,2,2025-11-03
CNP/AEE,CNP,AEE,weekly_aligned_windows,-3195.406747501293,-1.4050311535953228,-3.548819636248751,1.0759018093786187e-05,72,2,2025-11-03
NI/AEE,NI,AEE,weekly_aligned_windows,-1531.457589134893,-1.357649417295048,-3.548819636248751,8.596058446066122e-14,58,2,2025-11-03
AME/MAR,AME,MAR,weekly_aligned_windows,-2426.431783845277,-1.0128270618965827,-3.548819636248751,5.133318575330947e-19,64,2,2025-11-03
AME/SNA,AME,SNA,weekly_aligned_windows,-2613.607963759623,-1.0413230722895537,-3.548819636248751,4.369483538889378e-12,68,2,2025-11-03
CINF/AWK,CINF,AWK,weekly_aligned_windows,-1856.464107950165,-0.6482630403959122,-3.548819636248751,3.439141161448536e-17,74,2,2025-11-03
INCY/AWK,INCY,AWK,weekly_aligned_windows,3904.807355372931,0.8813150049566627,-3.548819636248751,1.0,62,2,2025-11-03
MDLZ/EW,MDLZ,EW,aggressive,3144.031770121302,0.3258487925081011,-3.5662489563436677,0.9998989920607337,34,2,2025-11-03
AFL/SPG,AFL,SPG,aggressive,-10728.71739170317,-2.0384750701311547,-3.5662489563436677,5.527503309693655e-07,32,2,2025-11-03
AIG/DUK,AIG,DUK,aggressive,-757.2860266956167,-0.23702322267919287,-3.5662489563436677,1.372751842638805e-09,28,2,2025-11-03
AIG/GILD,AIG,GILD,aggressive,1838.0313332547,0.25788351210571453,-3.5662489563436677,0.9997480491491512,38,2,2025-11-03
AIG/JNJ,AIG,JNJ,aggressive,-530.412967578945,-0.1249926922745733,-3.5662489563436677,1.0391043107164144e-05,26,2,2025-11-03
TRV/DGX,TRV,DGX,aggressive,-4803.322563209225,-1.3649645267747104,-3.5662489563436677,9.765362652645206e-17,26,2,2025-11-03
SLB/ACGL,SLB,ACGL,aggressive,-10005.05089717445,-1.6405410129375322,-3.5662489563436677,6.267748457824374e-26,32,2,2025-11-03
ACGL/DOV,ACGL,DOV,aggressive,-4681.965892441056,-1.1241991137652971,-3.5662489563436677,2.6276249055652296e-24,38,2,2025-11-03
ACGL/YUM,ACGL,YUM,aggressive,-3654.653402874026,-0.8105538983897925,-3.5662489563436677,4.470470272333698e-33,36,2,2025-11-03
CNP/AEE,CNP,AEE,aggressive,-28.05966461571336,-0.013916544061206513,-3.5662489563436677,0.008855587701351501,34,2,2025-11-03
NI/AEE,NI,AEE,aggressive,-2568.409567472077,-1.1605304547988557,-3.5662489563436677,2.400385475243099e-09,24,2,2025-11-03
AME/MAR,AME,MAR,aggressive,-3532.021054657117,-1.0542175462666938,-3.5662489563436677,4.653321429721587e-13,28,2,2025-11-03
AME/SNA,AME,SNA,aggressive,969.5611740727604,0.26579265880026304,-3.5662489563436677,0.9922874923931727,30,2,2025-11-03
CINF/AWK,CINF,AWK,aggressive,-5273.054120123263,-0.8653549133050125,-3.5662489563436677,8.228740984305027e-20,28,2,2025-11-03
INCY/AWK,INCY,AWK,aggressive,-4461.13726126877,-0.6484549522365977,-3.5662489563436677,2.1302398215855807e-28,36,2,2025-11-03
MDLZ/EW,MDLZ,EW,let_profits_run,3499.354773919957,0.5222149404452278,-3.617255792656412,0.9999779176043452,8,2,2025-11-03
AFL/SPG,AFL,SPG,let_profits_run,-443.1332005256014,-0.252018983154171,-3.617255792656412,0.0002746349630913788,10,2,2025-11-03
AIG/DUK,AIG,DUK,let_profits_run,-568.5250078721999,-0.6401723178244887,-3.617255792656412,4.0530569718153525e-09,8,2,2025-11-03
AIG/GILD,AIG,GILD,let_profits_run,-901.7184495961533,-0.8356519521315213,-3.617255792656412,4.7040975801660337e-08,10,2,2025-11-03
AIG/JNJ,AIG,JNJ,let_profits_run,503.7875980478325,0.3402262998094871,-3.617255792656412,0.9999991250797785,12,2,2025-11-03
TRV/DGX,TRV,DGX,let_profits_run,0.0,-3.617255792656412,-3.617255792656412,3.2374734257843383e-163,0,2,2025-11-03
SLB/ACGL,SLB,ACGL,let_profits_run,-1824.514610972286,-1.4287458634114267,-3.617255792656412,5.553522045204542e-08,4,2,2025-11-03
ACGL/DOV,ACGL,DOV,let_profits_run,-1925.444617414074,-0.9947297184421183,-3.617255792656412,3.261280685044645e-14,12,2,2025-11-03
ACGL/YUM,ACGL,YUM,let_profits_run,-633.7375771746995,-0.9664228745787928,-3.617255792656412,2.9692369734316606e-12,6,2,2025-11-03
CNP/AEE,CNP,AEE,let_profits_run,-109.5336158047915,-0.8105384502622637,-3.617255792656412,0.0009933766671948881,2,2,2025-11-03
NI/AEE,NI,AEE,let_profits_run,134.4386983807369,0.9951683346434582,-3.617255792656412,0.9848181278806857,4,2,2025-11-03
AME/MAR,AME,MAR,let_profits_run,332.1025711003282,0.4731863323378514,-3.617255792656412,0.9999583036572054,4,2,2025-11-03
AME/SNA,AME,SNA,let_profits_run,-2.77445659346148,-0.029269584202075195,-3.617255792656412,0.0018103567476796972,2,2,2025-11-03
CINF/AWK,CINF,AWK,let_profits_run,-462.6888461529136,-0.5392727103642716,-3.617255792656412,6.46190786293236e-20,8,2,2025-11-03
INCY/AWK,INCY,AWK,let_profits_run,-1410.877672812001,-0.5710268801517866,-3.617255792656412,2.4842608182271225e-13,14,2,2025-11-03
MDLZ/EW,MDLZ,EW,no_reversal_protection,2463.980866451298,0.4478022639868443,-3.640766325463771,0.9975789991242786,10,2,2025-11-03
AFL/SPG,AFL,SPG,no_reversal_protection,-628.5816570090337,-0.3071373535165651,-3.640766325463771,6.270434338706735e-06,12,2,2025-11-03
AIG/DUK,AIG,DUK,no_reversal_protection,-234.1795783976468,-0.21211017769102838,-3.640766325463771,8.351714460346571e-08,10,2,2025-11-03
AIG/GILD,AIG,GILD,no_reversal_protection,-334.3677238735786,-0.27811797050486964,-3.640766325463771,1.3150229562945514e-05,8,2,2025-11-03
AIG/JNJ,AIG,JNJ,no_reversal_protection,-156.3107967366625,-0.17403411038793554,-3.640766325463771,4.59371219077087e-06,6,2,2025-11-03
TRV/DGX,TRV,DGX,no_reversal_protection,0.0,-3.640766325463771,-3.640766325463771,1.9643530801729074e-163,0,2,2025-11-03
SLB/ACGL,SLB,ACGL,no_reversal_protection,-546.3720745284577,-0.6394744144821035,-3.640766325463771,2.8428471428774754e-10,4,2,2025-11-03
ACGL/DOV,ACGL,DOV,no_reversal_protection,1349.477265582415,0.8726079381679406,-3.640766325463771,0.999999998499662,10,2,2025-11-03
ACGL/YUM,ACGL,YUM,no_reversal_protection,-1017.2986309987,-0.9087899316154135,-3.640766325463771,2.06067681520609e-16,10,2,2025-11-03
CNP/AEE,CNP,AEE,no_reversal_protection,-220.6820769832776,-0.4284562471006216,-3.640766325463771,3.460917947016393e-10,6,2,2025-11-03
NI/AEE,NI,AEE,no_reversal_protection,-167.7923791988235,-0.43330304999116703,-3.640766325463771,6.59158579166959e-16,6,2,2025-11-03
AME/MAR,AME,MAR,no_reversal_protection,-81.47827883957223,-0.127983091723014,-3.640766325463771,7.936346899647058e-07,4,2,2025-11-03
AME/SNA,AME,SNA,no_reversal_protection,0.0,-3.640766325463771,-3.640766325463771,1.9643530801729074e-163,0,2,2025-11-03
CINF/AWK,CINF,AWK,no_reversal_protection,-738.8519484213315,-0.6977761440051151,-3.640766325463771,2.714437747539148e-19,10,2,2025-11-03
INCY/AWK,INCY,AWK,no_reversal_protection,-852.8017786600042,-0.30886001186659257,-3.640766325463771,8.105483613254293e-10,16,2,2025-11-03
MDLZ/EW,MDLZ,EW,entry_filter_kalman,4589.798743417452,0.7947385514004893,-3.670146286277848,0.9990829541420216,10,2,2025-11-03
AFL/SPG,AFL,SPG,entry_filter_kalman,-223.0882975808622,-0.12515370501064865,-3.670146286277848,0.0008767558483978727,10,2,2025-11-03
AIG/DUK,AIG,DUK,entry_filter_kalman,93.11329081734519,0.0931859183001145,-3.670146286277848,0.41208966576061457,8,2,2025-11-03
AIG/GILD,AIG,GILD,entry_filter_kalman,467.1612216146444,0.380848878142683,-3.670146286277848,0.9999928916933876,8,2,2025-11-03
AIG/JNJ,AIG,JNJ,entry_filter_kalman,-165.0477246206265,-0.2170413548124734,-3.670146286277848,1.642018704061871e-05,6,2,2025-11-03
TRV/DGX,TRV,DGX,entry_filter_kalman,0.0,-3.670146286277848,-3.670146286277848,1.0651120295074524e-163,0,2,2025-11-03
SLB/ACGL,SLB,ACGL,entry_filter_kalman,-1995.998467271421,-1.715147677099909,-3.670146286277848,8.159324573307912e-06,6,2,2025-11-03
ACGL/DOV,ACGL,DOV,entry_filter_kalman,-429.3247666982928,-0.34177061977848033,-3.670146286277848,8.72663329639072e-05,12,2,2025-11-03
ACGL/YUM,ACGL,YUM,entry_filter_kalman,-1043.315300213816,-1.0131484457387225,-3.670146286277848,7.443209923491365e-13,10,2,2025-11-03
CNP/AEE,CNP,AEE,entry_filter_kalman,-156.5538506705332,-0.41433913101880243,-3.670146286277848,5.522906121059378e-10,6,2,2025-11-03
NI/AEE,NI,AEE,entry_filter_kalman,117.0659046618876,0.6061759259315554,-3.670146286277848,0.9999617768951391,6,2,2025-11-03
AME/MAR,AME,MAR,entry_filter_kalman,119.8509503501259,0.21985157929233845,-3.670146286277848,0.9352895451616322,4,2,2025-11-03
AME/SNA,AME,SNA,entry_filter_kalman,0.0,-3.670146286277848,-3.670146286277848,1.0651120295074524e-163,0,2,2025-11-03
CINF/AWK,CINF,AWK,entry_filter_kalman,-198.3113217079873,-0.2149702456477271,-3.670146286277848,4.623252059950539e-09,8,2,2025-11-03
INCY/AWK,INCY,AWK,entry_filter_kalman,-2212.234538578805,-0.9589325175505043,-3.670146286277848,2.5993686791173328e-11,18,2,2025-11-03
MDLZ/EW,MDLZ,EW,entry_threshold_strong,4600.424681936029,0.7986544677679872,-3.670235423838937,0.9990870379649525,10,2,2025-11-03
AFL/SPG,AFL,SPG,entry_threshold_strong,-213.6272364939407,-0.11998604394692869,-3.670235423838937,0.0009552335187342998,10,2,2025-11-03
AIG/DUK,AIG,DUK,entry_threshold_strong,90.26899555042593,0.09113404129925237,-3.670235423838937,0.39529531507242194,8,2,2025-11-03
AIG/GILD,AIG,GILD,entry_threshold_strong,429.4238898385302,0.35452217064589536,-3.670235423838937,0.9999858336194115,8,2,2025-11-03
AIG/JNJ,AIG,JNJ,entry_threshold_strong,-176.0562084633968,-0.2324359827398578,-3.670235423838937,1.2227240130756117e-05,6,2,2025-11-03
TRV/DGX,TRV,DGX,entry_threshold_strong,0.0,-3.670235423838937,-3.670235423838937,1.0631576343683677e-163,0,2,2025-11-03
SLB/ACGL,SLB,ACGL,entry_threshold_strong,-1975.488602368914,-1.7096019020139195,-3.670235423838937,8.858929534846237e-06,6,2,2025-11-03
ACGL/DOV,ACGL,DOV,entry_threshold_strong,-419.1844624269509,-0.33003847359106653,-3.670235423838937,0.00010795271657810877,12,2,2025-11-03
ACGL/YUM,ACGL,YUM,entry_threshold_strong,-1043.655300213813,-1.0103996359870484,-3.670235423838937,8.762628977899712e-13,10,2,2025-11-03
CNP/AEE,CNP,AEE,entry_threshold_strong,-156.6741947305903,-0.4151909684502773,-3.670235423838937,5.580286455157128e-10,6,2,2025-11-03
NI/AEE,NI,AEE,entry_threshold_strong,116.2662204797074,0.6004407228592588,-3.670235423838937,0.9999604293053869,6,2,2025-11-03
AME/MAR,AME,MAR,entry_threshold_strong,123.1609503501273,0.22630347057634478,-3.670235423838937,0.9437316618377776,4,2,2025-11-03
AME/SNA,AME,SNA,entry_threshold_strong,0.0,-3.670235423838937,-3.670235423838937,1.0631576343683677e-163,0,2,2025-11-03
CINF/AWK,CINF,AWK,entry_threshold_strong,-194.5823608558691,-0.210803710967031,-3.670235423838937,6.068265967160077e-09,8,2,2025-11-03
INCY/AWK,INCY,AWK,entry_threshold_strong,-2187.827427722708,-0.9498187486502839,-3.670235423838937,3.5027163093450004e-11,18,2,2025-11-03
MDLZ/EW,MDLZ,EW,slow_rebalance,4291.069420662362,0.732959025712091,-3.842636856419176,0.9993823285171645,10,2,2025-11-03
AFL/SPG,AFL,SPG,slow_rebalance,-120.2432977537234,-0.071625032544319,-3.842636856419176,0.0031923850680170237,12,2,2025-11-03
AIG/DUK,AIG,DUK,slow_rebalance,-318.0136444665574,-0.38526394912287354,-3.842636856419176,1.596875660635322e-13,8,2,2025-11-03
AIG/GILD,AIG,GILD,slow_rebalance,-1072.41117884351,-1.2958321812373297,-3.842636856419176,1.499391895861279e-13,8,2,2025-11-03
AIG/JNJ,AIG,JNJ,slow_rebalance,258.6501186623974,0.2633430929631557,-3.842636856419176,0.999438270851626,6,2,2025-11-03
TRV/DGX,TRV,DGX,slow_rebalance,0.0,-3.842636856419176,-3.842636856419176,3.7887359989490393e-165,0,2,2025-11-03
SLB/ACGL,SLB,ACGL,slow_rebalance,-4155.926753410236,-2.665469050934238,-3.842636856419176,2.5183874941619478e-12,8,2,2025-11-03
ACGL/DOV,ACGL,DOV,slow_rebalance,-398.94575474146,-0.2288953671518385,-3.842636856419176,6.988747315739672e-07,8,2,2025-11-03
ACGL/YUM,ACGL,YUM,slow_rebalance,-10.34235978339551,-0.02335310122802475,-3.842636856419176,0.007144663529635074,6,2,2025-11-03
CNP/AEE,CNP,AEE,slow_rebalance,3.509116307919953,0.02936413043740707,-3.842636856419176,0.0839685106348938,2,2,2025-11-03
NI/AEE,NI,AEE,slow_rebalance,151.1218235519293,1.1057940213173008,-3.842636856419176,0.9868064152905234,6,2,2025-11-03
AME/MAR,AME,MAR,slow_rebalance,191.7509503501312,0.3444232240897027,-3.842636856419176,0.9956151123840736,4,2,2025-11-03
AME/SNA,AME,SNA,slow_rebalance,56.17169368722492,1.033016414830008,-3.842636856419176,0.9890394990953902,2,2,2025-11-03
CINF/AWK,CINF,AWK,slow_rebalance,-637.8392340216757,-0.7429833750622633,-3.842636856419176,6.456921367386162e-19,8,2,2025-11-03
INCY/AWK,INCY,AWK,slow_rebalance,-468.3089349528261,-0.2346720071671705,-3.842636856419176,6.20780612714169e-07,16,2,2025-11-03
MDLZ/EW,MDLZ,EW,vol_weighted_sizing,2770.50408814706,0.5059126174806446,-3.9426313398613506,0.9974005223283223,10,2,2025-11-03
AFL/SPG,AFL,SPG,vol_weighted_sizing,-290.23769353,-0.15156596921207072,-3.9426313398613506,0.0002101371156273574,12,2,2025-11-03
AIG/DUK,AIG,DUK,vol_weighted_sizing,58.33103044887869,0.05588151344858883,-3.9426313398613506,0.16108907325238297,10,2,2025-11-03
AIG/GILD,AIG,GILD,vol_weighted_sizing,-612.9927626947838,-0.749091971760401,-3.9426313398613506,8.136993741214536e-10,8,2,2025-11-03
AIG/JNJ,AIG,JNJ,vol_weighted_sizing,-136.5554274000413,-0.1889697782192924,-3.9426313398613506,5.0541514381011956e-05,6,2,2025-11-03
TRV/DGX,TRV,DGX,vol_weighted_sizing,0.0,-3.9426313398613506,-3.9426313398613506,6.584621547627014e-166,0,2,2025-11-03
SLB/ACGL,SLB,ACGL,vol_weighted_sizing,-1973.226702647465,-1.709829076469835,-3.9426313398613506,8.69066272954461e-06,6,2,2025-11-03
ACGL/DOV,ACGL,DOV,vol_weighted_sizing,193.4878384989561,0.14231298336695328,-3.9426313398613506,0.8185325502651851,12,2,2025-11-03
ACGL/YUM,ACGL,YUM,vol_weighted_sizing,-664.6014336959438,-0.6703820419799825,-3.9426313398613506,1.2084189823645478e-12,10,2,2025-11-03
CNP/AEE,CNP,AEE,vol_weighted_sizing,-133.4230397481793,-0.35236940529291266,-3.9426313398613506,5.671463888227704e-10,8,2,2025-11-03
NI/AEE,NI,AEE,vol_weighted_sizing,235.751974903897,0.8126646838219039,-3.9426313398613506,0.9999999996919356,6,2,2025-11-03
AME/MAR,AME,MAR,vol_weighted_sizing,51.56172116042694,0.09780849195621576,-3.9426313398613506,0.4594004816597941,4,2,2025-11-03
AME/SNA,AME,SNA,vol_weighted_sizing,0.0,-3.9426313398613506,-3.9426313398613506,6.584621547627014e-166,0,2,2025-11-03
CINF/AWK,CINF,AWK,vol_weighted_sizing,-432.1528328231325,-0.46430279682345277,-3.9426313398613506,1.8157038405550527e-13,10,2,2025-11-03
INCY/AWK,INCY,AWK,vol_weighted_sizing,-1367.933800139751,-0.5783264104836697,-3.9426313398613506,1.522132426616773e-12,18,2,2025-11-03
MDLZ/EW,MDLZ,EW,kalman_hedge,2766.628659597447,0.5037948426922456,-3.9441677890514906,0.9973981309775266,10,2,2025-11-03
AFL/SPG,AFL,SPG,kalman_hedge,-289.8531759959833,-0.15133813381223854,-3.9441677890514906,0.00021052721168867512,12,2,2025-11-03
AIG/DUK,AIG,DUK,kalman_hedge,62.44423253171612,0.05965110266436318,-3.9441677890514906,0.18096613257158845,10,2,2025-11-03
AIG/GILD,AIG,GILD,kalman_hedge,-606.4048913109707,-0.7417966149238504,-3.9441677890514906,7.515280041609325e-10,8,2,2025-11-03
AIG/JNJ,AIG,JNJ,kalman_hedge,-129.5669228185229,-0.17851707959025706,-3.9441677890514906,6.170801178353313e-05,6,2,2025-11-03
TRV/DGX,TRV,DGX,kalman_hedge,0.0,-3.9441677890514906,-3.9441677890514906,6.416167677201015e-166,0,2,2025-11-03
SLB/ACGL,SLB,ACGL,kalman_hedge,-1993.736567549972,-1.7153753487140158,-3.9441677890514906,8.003123449900795e-06,6,2,2025-11-03
ACGL/DOV,ACGL,DOV,kalman_hedge,186.8175342276114,0.13858750105848508,-3.9441677890514906,0.793911078014083,12,2,2025-11-03
ACGL/YUM,ACGL,YUM,kalman_hedge,-664.2614336959466,-0.6722567849258518,-3.9441677890514906,1.0727041531120237e-12,10,2,2025-11-03
CNP/AEE,CNP,AEE,kalman_hedge,-131.7368567149018,-0.34735857975434603,-3.9441677890514906,5.618077506118144e-10,8,2,2025-11-03
NI/AEE,NI,AEE,kalman_hedge,238.9816198226274,0.8149739646410803,-3.9441677890514906,0.9999999995737082,6,2,2025-11-03
AME/MAR,AME,MAR,kalman_hedge,51.56172116042694,0.09780849195621576,-3.9441677890514906,0.4594004816597941,4,2,2025-11-03
AME/SNA,AME,SNA,kalman_hedge,0.0,-3.9441677890514906,-3.9441677890514906,6.416167677201015e-166,0,2,2025-11-03
CINF/AWK,CINF,AWK,kalman_hedge,-438.2317948057032,-0.46985130236923034,-3.9441677890514906,1.4079497370879168e-13,10,2,2025-11-03
INCY/AWK,INCY,AWK,kalman_hedge,-1389.160333506803,-0.5855410715751923,-3.9441677890514906,1.2859725553291823e-12,18,2,2025-11-03
MDLZ/EW,MDLZ,EW,balanced,2635.594051320264,0.48100466315240087,-4.159495168416644,0.9974113483424809,12,2,2025-11-03
AFL/SPG,AFL,SPG,balanced,-982.0834004654796,-0.9357615046167936,-4.159495168416644,9.92128972292001e-15,10,2,2025-11-03
AIG/DUK,AIG,DUK,balanced,286.6874417002258,0.32722338214699354,-4.159495168416644,0.9997760878038348,8,2,2025-11-03
AIG/GILD,AIG,GILD,balanced,769.7552259458117,0.6615423876431833,-4.159495168416644,0.9999990105744867,8,2,2025-11-03
AIG/JNJ,AIG,JNJ,balanced,-136.5554274000413,-0.1889697782192924,-4.159495168416644,5.0541514381011956e-05,6,2,2025-11-03
TRV/DGX,TRV,DGX,balanced,0.0,-4.159495168416644,-4.159495168416644,2.2143907199199543e-167,0,2,2025-11-03
SLB/ACGL,SLB,ACGL,balanced,-1101.793339137717,-1.1615832575105698,-4.159495168416644,0.00057521868608318,6,2,2025-11-03
ACGL/DOV,ACGL,DOV,balanced,245.3191638603686,0.18275477349343006,-4.159495168416644,0.9632994911137492,12,2,2025-11-03
ACGL/YUM,ACGL,YUM,balanced,-594.3280602580031,-0.7568917063106051,-4.159495168416644,3.0095443550581107e-07,10,2,2025-11-03
CNP/AEE,CNP,AEE,balanced,-133.3224617727348,-0.3516587441765342,-4.159495168416644,5.566448309834792e-10,8,2,2025-11-03
NI/AEE,NI,AEE,balanced,235.751974903897,0.8126646838219039,-4.159495168416644,0.9999999996919356,6,2,2025-11-03
AME/MAR,AME,MAR,balanced,47.18570525983182,0.13034258184613703,-4.159495168416644,0.6421947056966215,2,2,2025-11-03
AME/SNA,AME,SNA,balanced,0.0,-4.159495168416644,-4.159495168416644,2.2143907199199543e-167,0,2,2025-11-03
CINF/AWK,CINF,AWK,balanced,-518.8460157543244,-0.5125449040830491,-4.159495168416644,4.411272899174979e-15,8,2,2025-11-03
INCY/AWK,INCY,AWK,balanced,-2294.137509197385,-1.0356539254108568,-4.159495168416644,4.999515498397622e-10,16,2,2025-11-03
MDLZ/EW,MDLZ,EW,default,2689.815819105939,0.4912142908096732,-4.376236618944156,0.997388214360125,10,2,2025-11-03
AFL/SPG,AFL,SPG,default,-982.0834004654796,-0.9357615046167936,-4.376236618944156,9.92128972292001e-15,10,2,2025-11-03
AIG/DUK,AIG,DUK,default,60.25000121819733,0.05788395743960112,-4.376236618944156,0.17130999299427396,10,2,2025-11-03
AIG/GILD,AIG,GILD,default,-382.866900008054,-0.489305485077615,-4.376236618944156,6.961739179253445e-09,8,2,2025-11-03
AIG/JNJ,AIG,JNJ,default,-136.5554274000413,-0.1889697782192924,-4.376236618944156,5.0541514381011956e-05,6,2,2025-11-03
TRV/DGX,TRV,DGX,default,0.0,-4.376236618944156,-4.376236618944156,1.1981835315644357e-168,0,2,2025-11-03
SLB/ACGL,SLB,ACGL,default,-1102.688571922399,-1.1626035116763356,-4.376236618944156,0.0005772261982594239,6,2,2025-11-03
ACGL/DOV,ACGL,DOV,default,248.26916386037,0.18522692054329537,-4.376236618944156,0.9670696531884008,12,2,2025-11-03
ACGL/YUM,ACGL,YUM,default,-594.3280602580031,-0.7568917063106051,-4.376236618944156,3.0095443550581107e-07,10,2,2025-11-03
CNP/AEE,CNP,AEE,default,-132.7307084903618,-0.3509465922052851,-4.376236618944156,6.158417600081974e-10,8,2,2025-11-03
NI/AEE,NI,AEE,default,235.7050555109903,0.8137828133354433,-4.376236618944156,0.9999999996703771,6,2,2025-11-03
AME/MAR,AME,MAR,default,47.18570525983182,0.13034258184613703,-4.376236618944156,0.6421947056966215,2,2,2025-11-03
AME/SNA,AME,SNA,default,0.0,-4.376236618944156,-4.376236618944156,1.1981835315644357e-168,0,2,2025-11-03
CINF/AWK,CINF,AWK,default,-590.2371970885417,-0.5806104628657901,-4.376236618944156,5.0875024829403144e-15,8,2,2025-11-03
INCY/AWK,INCY,AWK,default,-2252.154866891038,-1.0147406196128346,-4.376236618944156,4.156729281663536e-10,16,2,2025-11-03
MDLZ/EW,MDLZ,EW,crash_defensive,2892.931538404439,0.5334201400896297,-4.627648309189414,0.9969196291109751,10,2,2025-11-03
AFL/SPG,AFL,SPG,crash_defensive,-144.8924203634138,-0.1518459854452399,-4.627648309189414,0.0002168621060983318,12,2,2025-11-03
AIG/DUK,AIG,DUK,crash_defensive,-245.9775924286283,-0.506815937075978,-4.627648309189414,1.4971608129386504e-10,10,2,2025-11-03
AIG/GILD,AIG,GILD,crash_defensive,-303.6142889740586,-0.7469227419769642,-4.627648309189414,8.461052374069453e-10,8,2,2025-11-03
AIG/JNJ,AIG,JNJ,crash_defensive,-70.27128243947277,-0.1952592018087179,-4.627648309189414,4.8310780549394484e-05,6,2,2025-11-03
TRV/DGX,TRV,DGX,crash_defensive,0.0,-4.627648309189414,-4.627648309189414,6.642380563534295e-170,0,2,2025-11-03
SLB/ACGL,SLB,ACGL,crash_defensive,-982.6567274653775,-1.7081331675665403,-4.627648309189414,8.826702024854313e-06,6,2,2025-11-03
ACGL/DOV,ACGL,DOV,crash_defensive,92.53059636592184,0.13784600923758975,-4.627648309189414,0.7892188187116076,12,2,2025-11-03
ACGL/YUM,ACGL,YUM,crash_defensive,-327.289624850048,-0.6622457781579644,-4.627648309189414,1.0060630155922469e-12,10,2,2025-11-03
CNP/AEE,CNP,AEE,crash_defensive,-66.49626080992684,-0.35283526749710253,-4.627648309189414,4.0500452645331176e-10,8,2,2025-11-03
NI/AEE,NI,AEE,crash_defensive,100.9719609735696,0.7496333609254866,-4.627648309189414,0.999999993150897,6,2,2025-11-03
AME/MAR,AME,MAR,crash_defensive,24.85512873163702,0.09405661995843793,-4.627648309189414,0.43433942541517373,4,2,2025-11-03
AME/SNA,AME,SNA,crash_defensive,0.0,-4.627648309189414,-4.627648309189414,6.642380563534295e-170,0,2,2025-11-03
CINF/AWK,CINF,AWK,crash_defensive,-220.6796081504077,-0.4761096085299127,-4.627648309189414,1.2421516493291038e-13,10,2,2025-11-03
INCY/AWK,INCY,AWK,crash_defensive,-1105.560520478829,-1.1028855498160732,-4.627648309189414,2.7241581965259604e-13,20,2,2025-11-03
MDLZ/EW,MDLZ,EW,short_term_beta_neutral,-616.9530426072907,-0.441669541954758,-4.657390170808158,2.276416000036338e-22,22,2,2025-11-03
AFL/SPG,AFL,SPG,short_term_beta_neutral,-572.3553755618213,-0.3141430710480075,-4.657390170808158,5.677261526534411e-08,16,2,2025-11-03
AIG/DUK,AIG,DUK,short_term_beta_neutral,538.2081575193638,0.7541379643556427,-4.657390170808158,0.9999999976565994,12,2,2025-11-03
AIG/GILD,AIG,GILD,short_term_beta_neutral,-1596.265135391252,-0.7111663626209203,-4.657390170808158,0.00017731356896184613,12,2,2025-11-03
AIG/JNJ,AIG,JNJ,short_term_beta_neutral,-72.38824184454154,-0.04791940379080326,-4.657390170808158,0.0006732410933644552,12,2,2025-11-03
TRV/DGX,TRV,DGX,short_term_beta_neutral,-2496.264147505708,-1.4114248679123178,-4.657390170808158,0.001070302768743395,10,2,2025-11-03
SLB/ACGL,SLB,ACGL,short_term_beta_neutral,-543.4078477202656,-0.3772855788083008,-4.657390170808158,4.492264112139453e-10,12,2,2025-11-03
ACGL/DOV,ACGL,DOV,short_term_beta_neutral,-2106.958661774863,-1.3174706587483778,-4.657390170808158,2.3541865014924485e-11,16,2,2025-11-03
ACGL/YUM,ACGL,YUM,short_term_beta_neutral,-1627.432888756557,-1.5315400741667964,-4.657390170808158,1.047810738342283e-11,16,2,2025-11-03
CNP/AEE,CNP,AEE,short_term_beta_neutral,-55.93533438903154,-0.07618636243136118,-4.657390170808158,0.00029881850440392706,10,2,2025-11-03
NI/AEE,NI,AEE,short_term_beta_neutral,42.79996986204475,0.18924211862666562,-4.657390170808158,0.9713668317065708,6,2,2025-11-03
AME/MAR,AME,MAR,short_term_beta_neutral,-73.42788840136723,-0.13129935476326132,-4.657390170808158,1.66022684119113e-05,8,2,2025-11-03
AME/SNA,AME,SNA,short_term_beta_neutral,-498.5654615516752,-1.0622055232534855,-4.657390170808158,4.52331905871679e-15,6,2,2025-11-03
CINF/AWK,CINF,AWK,short_term_beta_neutral,1201.171980888857,0.35725939146181784,-4.657390170808158,0.999957306077372,12,2,2025-11-03
INCY/AWK,INCY,AWK,short_term_beta_neutral,-3146.543312763618,-0.7577118741710746,-4.657390170808158,1.0334254696863117e-10,24,2,2025-11-03
MDLZ/EW,MDLZ,EW,beta_neutral,4061.155676463221,0.8207437386580055,-4.968414846872421,0.9999648787929645,10,2,2025-11-03
AFL/SPG,AFL,SPG,beta_neutral,-1073.618213845799,-0.8905524618674275,-4.968414846872421,3.769787454080979e-14,10,2,2025-11-03
AIG/DUK,AIG,DUK,beta_neutral,-45.85089968815188,-0.037851128819125154,-4.968414846872421,0.0028306293310745865,10,2,2025-11-03
AIG/GILD,AIG,GILD,beta_neutral,-331.868176257973,-0.3109256183971126,-4.968414846872421,8.638330369719633e-10,8,2,2025-11-03
AIG/JNJ,AIG,JNJ,beta_neutral,-910.0194891177571,-0.9820004824725101,-4.968414846872421,1.0444350779327766e-06,6,2,2025-11-03
TRV/DGX,TRV,DGX,beta_neutral,0.0,-4.968414846872421,-4.968414846872421,2.5974908879781045e-171,0,2,2025-11-03
SLB/ACGL,SLB,ACGL,beta_neutral,-1145.108985513853,-1.1770000266334284,-4.968414846872421,0.00012044543243310642,6,2,2025-11-03
ACGL/DOV,ACGL,DOV,beta_neutral,-777.831674722937,-0.4975845892618103,-4.968414846872421,1.3781642703639159e-13,12,2,2025-11-03
ACGL/YUM,ACGL,YUM,beta_neutral,-496.9280418291648,-0.5419288168876807,-4.968414846872421,4.9840979495076885e-09,10,2,2025-11-03
CNP/AEE,CNP,AEE,beta_neutral,-145.6793678097776,-0.26573549186798573,-4.968414846872421,6.217792678494686e-07,8,2,2025-11-03
NI/AEE,NI,AEE,beta_neutral,75.71792407621096,0.17305278228475576,-4.968414846872421,0.9462407532112265,6,2,2025-11-03
AME/MAR,AME,MAR,beta_neutral,1.080940346442958,0.0028558620360876652,-4.968414846872421,0.021838849768445644,2,2,2025-11-03
AME/SNA,AME,SNA,beta_neutral,0.0,-4.968414846872421,-4.968414846872421,2.5974908879781045e-171,0,2,2025-11-03
CINF/AWK,CINF,AWK,beta_neutral,-1359.705867202661,-1.0231768620355324,-4.968414846872421,4.954951824602677e-15,8,2,2025-11-03
INCY/AWK,INCY,AWK,beta_neutral,-2505.167298386638,-0.8548926123626254,-4.968414846872421,3.196222540335107e-07,16,2,2025-11-03
MDLZ/EW,MDLZ,EW,raw_momentum_kalman,194.7743372612274,0.31001643397161116,-5.584859209462358,0.9960736582988952,6,2,2025-11-03
AFL/SPG,AFL,SPG,raw_momentum_kalman,-87.10793789830299,-0.048545577242470106,-5.584859209462358,0.0039021670714383776,10,2,2025-11-03
AIG/DUK,AIG,DUK,raw_momentum_kalman,79.46131114287651,0.09363256158012946,-5.584859209462358,0.4191930310906455,8,2,2025-11-03
AIG/GILD,AIG,GILD,raw_momentum_kalman,109.2071862750146,0.79076556178002,-5.584859209462358,0.9760690617475075,2,2,2025-11-03
AIG/JNJ,AIG,JNJ,raw_momentum_kalman,129.0961357300953,0.2186015404715756,-5.584859209462358,0.995412844330646,4,2,2025-11-03
TRV/DGX,TRV,DGX,raw_momentum_kalman,0.0,-5.584859209462358,-5.584859209462358,3.2077023320609997e-173,0,2,2025-11-03
SLB/ACGL,SLB,ACGL,raw_momentum_kalman,-1069.887635989251,-1.1299902860453233,-5.584859209462358,0.0005595753826847592,4,2,2025-11-03
ACGL/DOV,ACGL,DOV,raw_momentum_kalman,-116.1428151846062,-0.10020777962960686,-5.584859209462358,0.002211437814312475,10,2,2025-11-03
ACGL/YUM,ACGL,YUM,raw_momentum_kalman,408.9084785120817,0.6808862118080262,-5.584859209462358,0.9999769520310554,4,2,2025-11-03
CNP/AEE,CNP,AEE,raw_momentum_kalman,-118.6399999999997,-0.54879484178524,-5.584859209462358,0.0006481271625822447,2,2,2025-11-03
NI/AEE,NI,AEE,raw_momentum_kalman,237.68132261753,0.8143909016050132,-5.584859209462358,0.999999999603845,6,2,2025-11-03
AME/MAR,AME,MAR,raw_momentum_kalman,51.56172116042694,0.09780849195621576,-5.584859209462358,0.4594004816597941,4,2,2025-11-03
AME/SNA,AME,SNA,raw_momentum_kalman,0.0,-5.584859209462358,-5.584859209462358,3.2077023320609997e-173,0,2,2025-11-03
CINF/AWK,CINF,AWK,raw_momentum_kalman,-701.6925930601683,-0.22997410642285063,-5.584859209462358,2.0321088354709401e-10,8,2,2025-11-03
INCY/AWK,INCY,AWK,raw_momentum_kalman,-1086.984739840463,-0.5900944654921567,-5.584859209462358,7.428136307382145e-07,12,2,2025-11-03
MDLZ/EW,MDLZ,EW,beta_neutral_long_term,-718.8474233508683,-0.5917097228818188,-5.980886784625665,5.586910180625717e-21,8,2,2025-11-03
AFL/SPG,AFL,SPG,beta_neutral_long_term,43.61328767382219,0.05316606239129368,-5.980886784625665,0.1874202654085046,4,2,2025-11-03
AIG/DUK,AIG,DUK,beta_neutral_long_term,-855.6125801123819,-1.45814138479425,-5.980886784625665,1.2702940597530072e-09,8,2,2025-11-03
AIG/GILD,AIG,GILD,beta_neutral_long_term,-1264.586309028392,-0.9646768237204267,-5.980886784625665,1.3229283045183415e-15,10,2,2025-11-03
AIG/JNJ,AIG,JNJ,beta_neutral_long_term,-152.3368463339837,-0.09475948917119048,-5.980886784625665,0.00012606439427814212,10,2,2025-11-03
TRV/DGX,TRV,DGX,beta_neutral_long_term,0.0,-5.980886784625665,-5.980886784625665,3.922290516128086e-174,0,2,2025-11-03
SLB/ACGL,SLB,ACGL,beta_neutral_long_term,-921.545037314148,-0.7217050046064164,-5.980886784625665,2.4871652384885984e-09,4,2,2025-11-03
ACGL/DOV,ACGL,DOV,beta_neutral_long_term,-1959.922476688967,-1.3313581391886802,-5.980886784625665,2.708422109385083e-16,8,2,2025-11-03
ACGL/YUM,ACGL,YUM,beta_neutral_long_term,-277.9629876367071,-0.27751181425145677,-5.980886784625665,4.1552117639054804e-10,6,2,2025-11-03
CNP/AEE,CNP,AEE,beta_neutral_long_term,-125.0006993152181,-0.6219748115844909,-5.980886784625665,1.4370029832515039e-05,2,2,2025-11-03
NI/AEE,NI,AEE,beta_neutral_long_term,-66.65759767430646,-0.5592212630413564,-5.980886784625665,6.109443748451824e-06,4,2,2025-11-03
AME/MAR,AME,MAR,beta_neutral_long_term,164.148431154034,0.255484559169937,-5.980886784625665,0.9901166770866923,6,2,2025-11-03
AME/SNA,AME,SNA,beta_neutral_long_term,-630.008286343492,-0.8035604896039067,-5.980886784625665,0.0016143455708848538,4,2,2025-11-03
CINF/AWK,CINF,AWK,beta_neutral_long_term,-6735.393920633044,-1.310377715184146,-5.980886784625665,5.462398510631709e-08,6,2,2025-11-03
INCY/AWK,INCY,AWK,beta_neutral_long_term,-751.7022064393336,-0.2772943472857285,-5.980886784625665,3.4581681502987596e-07,12,2,2025-11-03
MDLZ/EW,MDLZ,EW,raw_momentum,23.54068544705888,0.03606797651046906,-6.613576880880121,0.08763971967765172,8,2,2025-11-03
AFL/SPG,AFL,SPG,raw_momentum,-880.3677111001961,-1.2740013415809577,-6.613576880880121,6.192552715077528e-18,8,2,2025-11-03
AIG/DUK,AIG,DUK,raw_momentum,291.4516336487452,0.31151982592251987,-6.613576880880121,0.9998655954406873,8,2,2025-11-03
AIG/GILD,AIG,GILD,raw_momentum,109.8034255019397,0.79076556178002,-6.613576880880121,0.9760690617475076,2,2,2025-11-03
AIG/JNJ,AIG,JNJ,raw_momentum,119.2245725999596,0.20205870066701076,-6.613576880880121,0.9913406434928859,4,2,2025-11-03
TRV/DGX,TRV,DGX,raw_momentum,0.0,-6.613576880880121,-6.613576880880121,3.06326315194034e-175,0,2,2025-11-03
SLB/ACGL,SLB,ACGL,raw_momentum,-1068.081936824906,-1.1291426346072795,-6.613576880880121,0.0005487642605976759,4,2,2025-11-03
ACGL/DOV,ACGL,DOV,raw_momentum,-106.1825109132628,-0.09060481797700443,-6.613576880880121,0.0026618323975796895,10,2,2025-11-03
ACGL/YUM,ACGL,YUM,raw_momentum,408.9084785120817,0.6808862118080262,-6.613576880880121,0.9999769520310554,4,2,2025-11-03
CNP/AEE,CNP,AEE,raw_momentum,-120.6099999999997,-0.5619828301898312,-6.613576880880121,0.0006817609376197925,2,2,2025-11-03
NI/AEE,NI,AEE,raw_momentum,235.2363318067873,0.8138472675019135,-6.613576880880121,0.9999999996604512,6,2,2025-11-03
AME/MAR,AME,MAR,raw_momentum,21.9480555994304,0.06460858856094982,-6.613576880880121,0.2609594558614085,2,2,2025-11-03
AME/SNA,AME,SNA,raw_momentum,0.0,-6.613576880880121,-6.613576880880121,3.06326315194034e-175,0,2,2025-11-03
CINF/AWK,CINF,AWK,raw_momentum,-497.1653815825039,-0.16411269907121281,-6.613576880880121,4.7241489368885935e-09,6,2,2025-11-03
INCY/AWK,INCY,AWK,raw_momentum,-397.974457117508,-0.22517757535098418,-6.613576880880121,7.548979166516954e-06,8,2,2025-11-03
MDLZ/EW,MDLZ,EW,long_term_kalman,-457.9131921718906,-0.4521757211604806,-6.6400267973481,9.927141730337852e-14,6,2,2025-11-03
AFL/SPG,AFL,SPG,long_term_kalman,-190.9865771367568,-0.23070326066545188,-6.6400267973481,2.466443811705231e-10,4,2,2025-11-03
AIG/DUK,AIG,DUK,long_term_kalman,-861.2981650724946,-1.8651183722015825,-6.6400267973481,7.605161379905854e-07,8,2,2025-11-03
AIG/GILD,AIG,GILD,long_term_kalman,-1184.461955956696,-0.9905718094945247,-6.6400267973481,1.1395127073845254e-10,10,2,2025-11-03
AIG/JNJ,AIG,JNJ,long_term_kalman,330.4619785743333,0.25441633765545824,-6.6400267973481,0.9984146485898353,10,2,2025-11-03
TRV/DGX,TRV,DGX,long_term_kalman,0.0,-6.6400267973481,-6.6400267973481,2.8012640296308295e-175,0,2,2025-11-03
SLB/ACGL,SLB,ACGL,long_term_kalman,-1237.73089314352,-0.996622778128172,-6.6400267973481,5.235942025235474e-08,4,2,2025-11-03
ACGL/DOV,ACGL,DOV,long_term_kalman,-1935.32207114549,-1.4905528144214781,-6.6400267973481,1.1394993132186875e-17,8,2,2025-11-03
ACGL/YUM,ACGL,YUM,long_term_kalman,-738.9223827373148,-0.9348298608766937,-6.6400267973481,6.182390490492974e-06,6,2,2025-11-03
CNP/AEE,CNP,AEE,long_term_kalman,-108.0968083326678,-0.8111539759777833,-6.6400267973481,0.0009596763064066444,2,2,2025-11-03
NI/AEE,NI,AEE,long_term_kalman,75.53554608696501,0.5522861882815601,-6.6400267973481,0.9948937687000746,4,2,2025-11-03
AME/MAR,AME,MAR,long_term_kalman,121.6240306242999,0.18442735222247988,-6.6400267973481,0.8947265219196534,6,2,2025-11-03
AME/SNA,AME,SNA,long_term_kalman,-654.492691873583,-0.8927927004950762,-6.6400267973481,0.00240306822057883,4,2,2025-11-03
CINF/AWK,CINF,AWK,long_term_kalman,-1941.56767135997,-0.49605248499349774,-6.6400267973481,3.4840076442932114e-15,6,2,2025-11-03
INCY/AWK,INCY,AWK,long_term_kalman,-1244.828936053426,-0.5583455144753791,-6.6400267973481,6.365983499806766e-11,10,2,2025-11-03
MDLZ/EW,MDLZ,EW,long_term_tilt,-747.7997624633242,-0.6397554963956935,-6.702483842185533,1.6395881215653236e-19,8,2,2025-11-03
AFL/SPG,AFL,SPG,long_term_tilt,56.23145146958608,0.0711787833848227,-6.702483842185533,0.2856714848650779,4,2,2025-11-03
AIG/DUK,AIG,DUK,long_term_tilt,-764.2669130019484,-1.4449589544977308,-6.702483842185533,7.2647928283944545e-09,8,2,2025-11-03
AIG/GILD,AIG,GILD,long_term_tilt,-1181.276006929651,-0.9892203700020541,-6.702483842185533,1.408774073815649e-10,10,2,2025-11-03
AIG/JNJ,AIG,JNJ,long_term_tilt,636.2687925930759,0.4626911287702243,-6.702483842185533,0.9999999996558382,10,2,2025-11-03
TRV/DGX,TRV,DGX,long_term_tilt,0.0,-6.702483842185533,-6.702483842185533,2.2787762365333135e-175,0,2,2025-11-03
SLB/ACGL,SLB,ACGL,long_term_tilt,-1240.110263617058,-0.9968634678464385,-6.702483842185533,5.318794375127111e-08,4,2,2025-11-03
ACGL/DOV,ACGL,DOV,long_term_tilt,-1990.272200822718,-1.5293199554394397,-6.702483842185533,1.1198118130950925e-17,8,2,2025-11-03
ACGL/YUM,ACGL,YUM,long_term_tilt,-745.8818631736732,-0.9351120864748609,-6.702483842185533,7.85225907275955e-06,6,2,2025-11-03
CNP/AEE,CNP,AEE,long_term_tilt,-108.5765834973025,-0.8107904932692795,-6.702483842185533,0.0009894379173507049,2,2,2025-11-03
NI/AEE,NI,AEE,long_term_tilt,73.48713129375693,0.5394190376410437,-6.702483842185533,0.9946069462682917,4,2,2025-11-03
AME/MAR,AME,MAR,long_term_tilt,116.1821393623238,0.17638601383105082,-6.702483842185533,0.8729385789679587,6,2,2025-11-03
AME/SNA,AME,SNA,long_term_tilt,-659.4669983287714,-0.8951875801929575,-6.702483842185533,0.0024126881048960156,4,2,2025-11-03
CINF/AWK,CINF,AWK,long_term_tilt,-1058.161938906203,-0.31623071836738226,-6.702483842185533,3.224601807492985e-11,6,2,2025-11-03
INCY/AWK,INCY,AWK,long_term_tilt,-1172.587162608282,-0.5355016549542235,-6.702483842185533,2.018304724092285e-10,12,2,2025-11-03
MDLZ/EW,MDLZ,EW,short_term_tilt,-1037.674799783143,-1.201549707799212,-6.748997054508446,2.168407861796755e-14,18,2,2025-11-03
AFL/SPG,AFL,SPG,short_term_tilt,-123.6123637531664,-0.06791186921011369,-6.748997054508446,0.0021090505057868446,16,2,2025-11-03
AIG/DUK,AIG,DUK,short_term_tilt,653.8147053406938,0.9736520046101914,-6.748997054508446,0.9999999999739074,12,2,2025-11-03
AIG/GILD,AIG,GILD,short_term_tilt,-890.4688113942303,-0.4839308999784001,-6.748997054508446,1.6933823078646324e-06,8,2,2025-11-03
AIG/JNJ,AIG,JNJ,short_term_tilt,31.47449562548297,0.023299712300935187,-6.748997054508446,0.05296668095198885,12,2,2025-11-03
TRV/DGX,TRV,DGX,short_term_tilt,-2180.72458680717,-1.9361985851677077,-6.748997054508446,1.1546825108122894e-05,10,2,2025-11-03
SLB/ACGL,SLB,ACGL,short_term_tilt,-1494.797120556834,-1.0723091419329507,-6.748997054508446,1.2479546325567816e-10,12,2,2025-11-03
ACGL/DOV,ACGL,DOV,short_term_tilt,-1523.695201460439,-0.9766386833369477,-6.748997054508446,6.4260219364419145e-09,14,2,2025-11-03
ACGL/YUM,ACGL,YUM,short_term_tilt,-1451.536895165279,-1.3762834793745222,-6.748997054508446,7.599924224250464e-13,16,2,2025-11-03
CNP/AEE,CNP,AEE,short_term_tilt,-210.1725078530934,-0.4392767288172587,-6.748997054508446,7.926251533276254e-10,6,2,2025-11-03
NI/AEE,NI,AEE,short_term_tilt,-43.48774012427866,-0.19176890108478814,-6.748997054508446,4.349717170240292e-06,6,2,2025-11-03
AME/MAR,AME,MAR,short_term_tilt,-382.1619650032029,-0.773713384139807,-6.748997054508446,2.602478349632566e-10,8,2,2025-11-03
AME/SNA,AME,SNA,short_term_tilt,-563.80459406101,-1.1817552560934284,-6.748997054508446,6.780091027384229e-10,6,2,2025-11-03
CINF/AWK,CINF,AWK,short_term_tilt,-805.1711280726374,-0.9999515922131076,-6.748997054508446,5.82435356488403e-11,8,2,2025-11-03
INCY/AWK,INCY,AWK,short_term_tilt,319.2485430878714,0.16666390918480592,-6.748997054508446,0.8771154219801738,18,2,2025-11-03
MDLZ/EW,MDLZ,EW,fast_rebalance,-682.6784403745056,-0.7275207274712705,-6.946945504616638,1.96966909686608e-17,18,2,2025-11-03
AFL/SPG,AFL,SPG,fast_rebalance,-162.3535960250394,-0.08923338419257282,-6.946945504616638,0.0012826278513462623,16,2,2025-11-03
AIG/DUK,AIG,DUK,fast_rebalance,654.2629674383027,0.9735871736025358,-6.946945504616638,0.9999999999748158,12,2,2025-11-03
AIG/GILD,AIG,GILD,fast_rebalance,-891.2896349177145,-0.4843074594478122,-6.946945504616638,1.686683684572992e-06,8,2,2025-11-03
AIG/JNJ,AIG,JNJ,fast_rebalance,886.5726429233293,0.8058216765250465,-6.946945504616638,0.9999959981693513,10,2,2025-11-03
TRV/DGX,TRV,DGX,fast_rebalance,-2180.72458680717,-1.9361985851677077,-6.946945504616638,1.1546825108122894e-05,10,2,2025-11-03
SLB/ACGL,SLB,ACGL,fast_rebalance,-1546.925591891997,-1.1114487521427612,-6.946945504616638,1.9920281337593186e-10,12,2,2025-11-03
ACGL/DOV,ACGL,DOV,fast_rebalance,-2021.002259117798,-1.3400836281695345,-6.946945504616638,3.752312899827477e-08,14,2,2025-11-03
ACGL/YUM,ACGL,YUM,fast_rebalance,-1654.795784054171,-1.6502507120073664,-6.946945504616638,2.3486405662459187e-11,16,2,2025-11-03
CNP/AEE,CNP,AEE,fast_rebalance,-211.7493888352589,-0.44184345126001495,-6.946945504616638,5.661898332349935e-10,6,2,2025-11-03
NI/AEE,NI,AEE,fast_rebalance,-44.32485805826143,-0.19431170656082877,-6.946945504616638,4.341916506288019e-06,6,2,2025-11-03
AME/MAR,AME,MAR,fast_rebalance,-383.0305450063634,-0.7732570652207251,-6.946945504616638,2.2078088276712944e-10,8,2,2025-11-03
AME/SNA,AME,SNA,fast_rebalance,-265.6276138681325,-0.7029575207849298,-6.946945504616638,5.92284252736187e-10,4,2,2025-11-03
CINF/AWK,CINF,AWK,fast_rebalance,-877.1711280726367,-1.096831974052842,-6.946945504616638,2.802449304031217e-10,8,2,2025-11-03
INCY/AWK,INCY,AWK,fast_rebalance,65.8225796732304,0.03447450428021574,-6.946945504616638,0.07931813781745178,16,2,2025-11-03
MDLZ/EW,MDLZ,EW,uniform_weights,-294.8005678829821,-0.3387211996561799,-7.290472968205999,5.594314835349624e-12,8,2,2025-11-03
AFL/SPG,AFL,SPG,uniform_weights,-856.9384803062406,-0.8398307065623997,-7.290472968205999,9.439179651768567e-14,10,2,2025-11-03
AIG/DUK,AIG,DUK,uniform_weights,-270.6982304766987,-0.30854363449608474,-7.290472968205999,8.294647980211423e-10,10,2,2025-11-03
AIG/GILD,AIG,GILD,uniform_weights,-605.8181280318644,-0.7429734173211964,-7.290472968205999,8.997382536815486e-10,8,2,2025-11-03
AIG/JNJ,AIG,JNJ,uniform_weights,-144.2395063303281,-0.2007832402629799,-7.290472968205999,3.9892104863733396e-05,6,2,2025-11-03
TRV/DGX,TRV,DGX,uniform_weights,0.0,-7.290472968205999,-7.290472968205999,4.333957306565051e-176,0,2,2025-11-03
SLB/ACGL,SLB,ACGL,uniform_weights,-1965.313454930755,-1.7081331675665403,-7.290472968205999,8.826702024854313e-06,6,2,2025-11-03
ACGL/DOV,ACGL,DOV,uniform_weights,249.2991638603685,0.18597807883424228,-7.290472968205999,0.9681521925283855,12,2,2025-11-03
ACGL/YUM,ACGL,YUM,uniform_weights,-653.3964578505332,-0.6627345584723819,-7.290472968205999,9.003935397962059e-13,10,2,2025-11-03
CNP/AEE,CNP,AEE,uniform_weights,-134.0898201129407,-0.35703144741785364,-7.290472968205999,4.695042892955695e-10,8,2,2025-11-03
NI/AEE,NI,AEE,uniform_weights,235.2363318067873,0.8138472675019135,-7.290472968205999,0.9999999996604512,6,2,2025-11-03
AME/MAR,AME,MAR,uniform_weights,47.11172116042695,0.09013453562819637,-7.290472968205999,0.4081201056026402,4,2,2025-11-03
AME/SNA,AME,SNA,uniform_weights,0.0,-7.290472968205999,-7.290472968205999,4.333957306565051e-176,0,2,2025-11-03
CINF/AWK,CINF,AWK,uniform_weights,-646.4656114468166,-0.21216136165152397,-7.290472968205999,4.4141015968072753e-10,8,2,2025-11-03
INCY/AWK,INCY,AWK,uniform_weights,-2041.356135467466,-0.9128142839985222,-7.290472968205999,1.5313587732375525e-10,16,2,2025-11-03
MDLZ/EW,MDLZ,EW,vol_sized_conservative,1388.075473556999,0.5104545646487996,-9.20971521341272,0.9971166874351138,10,2,2025-11-03
AFL/SPG,AFL,SPG,vol_sized_conservative,-451.4955081278907,-1.2424407508103372,-9.20971521341272,9.267645667844193e-14,10,2,2025-11-03
AIG/DUK,AIG,DUK,vol_sized_conservative,-184.8781278950922,-0.510707282145495,-9.20971521341272,1.2735952286536995e-10,10,2,2025-11-03
AIG/GILD,AIG,GILD,vol_sized_conservative,-90.28525984229553,-0.3174788186245751,-9.20971521341272,2.741252739185157e-08,8,2,2025-11-03
AIG/JNJ,AIG,JNJ,vol_sized_conservative,-54.46482333782922,-0.20193926753200053,-9.20971521341272,3.812191931713211e-05,6,2,2025-11-03
TRV/DGX,TRV,DGX,vol_sized_conservative,0.0,-9.20971521341272,-9.20971521341272,1.9122914179112573e-177,0,2,2025-11-03
SLB/ACGL,SLB,ACGL,vol_sized_conservative,-174.8042688855238,-0.9128703995654258,-9.20971521341272,0.001677669458556394,6,2,2025-11-03
ACGL/DOV,ACGL,DOV,vol_sized_conservative,85.90140647928773,0.17400104771359964,-9.20971521341272,0.9451247013938334,12,2,2025-11-03
ACGL/YUM,ACGL,YUM,vol_sized_conservative,-226.2065781703987,-0.7797374032183865,-9.20971521341272,3.843227479091039e-07,10,2,2025-11-03
CNP/AEE,CNP,AEE,vol_sized_conservative,-50.01653868072042,-0.35651466817404137,-9.20971521341272,4.2603094118053446e-10,8,2,2025-11-03
NI/AEE,NI,AEE,vol_sized_conservative,75.51530294118972,0.7475089890108136,-9.20971521341272,0.9999999921301153,6,2,2025-11-03
AME/MAR,AME,MAR,vol_sized_conservative,15.70713947243695,0.12091640242055694,-9.20971521341272,0.5930923711619237,2,2,2025-11-03
AME/SNA,AME,SNA,vol_sized_conservative,0.0,-9.20971521341272,-9.20971521341272,1.9122914179112573e-177,0,2,2025-11-03
CINF/AWK,CINF,AWK,vol_sized_conservative,-209.921298157234,-0.5554056714303043,-9.20971521341272,6.535431626788685e-15,8,2,2025-11-03
INCY/AWK,INCY,AWK,vol_sized_conservative,-1051.178000839792,-1.5207036486244798,-9.20971521341272,2.1667564503845713e-09,16,2,2025-11-03
MDLZ/EW,MDLZ,EW,conservative,1577.470250741105,0.5928150075181439,-9.235846699643483,0.9959206981647268,10,2,2025-11-03
AFL/SPG,AFL,SPG,conservative,-16.83781565869191,-0.027996381273775958,-9.235846699643483,0.008501667700540873,12,2,2025-11-03
AIG/DUK,AIG,DUK,conservative,-7.592644570282459,-0.024807472844086905,-9.235846699643483,0.006305211640524173,10,2,2025-11-03
AIG/GILD,AIG,GILD,conservative,-121.4451442043882,-0.41213321479480325,-9.235846699643483,2.4027215224593555e-09,8,2,2025-11-03
AIG/JNJ,AIG,JNJ,conservative,1.154503475653769,0.004337961976887903,-9.235846699643483,0.022171352448394088,6,2,2025-11-03
TRV/DGX,TRV,DGX,conservative,0.0,-9.235846699643483,-9.235846699643483,1.8612560442123318e-177,0,2,2025-11-03
SLB/ACGL,SLB,ACGL,conservative,-301.7500237601751,-1.2391489519527341,-9.235846699643483,7.553902137767057e-05,6,2,2025-11-03
ACGL/DOV,ACGL,DOV,conservative,71.69297192661739,0.2533250042746194,-9.235846699643483,0.9881814286326375,12,2,2025-11-03
ACGL/YUM,ACGL,YUM,conservative,-389.4273264289963,-1.295415251762872,-9.235846699643483,9.99636110583472e-07,12,2,2025-11-03
CNP/AEE,CNP,AEE,conservative,-139.0696309486626,-1.1711157668095415,-9.235846699643483,2.643765636798259e-08,8,2,2025-11-03
NI/AEE,NI,AEE,conservative,3.901969564629411,0.05493931352184375,-9.235846699643483,0.1480993228886212,8,2,2025-11-03
AME/MAR,AME,MAR,conservative,-28.90951824356438,-0.1548428633058077,-9.235846699643483,4.919529282875313e-10,4,2,2025-11-03
AME/SNA,AME,SNA,conservative,0.0,-9.235846699643483,-9.235846699643483,1.8612560442123318e-177,0,2,2025-11-03
CINF/AWK,CINF,AWK,conservative,-207.2820504043223,-0.7343945307112223,-9.235846699643483,2.0297234602318737e-16,12,2,2025-11-03
INCY/AWK,INCY,AWK,conservative,-871.0834180513978,-1.339452166367014,-9.235846699643483,3.791790382264635e-08,20,2,2025-11-03
MDLZ/EW,MDLZ,EW,sensitive_reversal,-1869.815517579217,-1.5161181337073564,-10.05642632374398,2.3045417064676323e-05,16,2,2025-11-03
AFL/SPG,AFL,SPG,sensitive_reversal,-32.53888772620643,-0.07529607481300203,-10.05642632374398,0.00040325980248710796,10,2,2025-11-03
AIG/DUK,AIG,DUK,sensitive_reversal,36.40970163107276,0.06103892203434181,-10.05642632374398,0.16495629734654826,10,2,2025-11-03
AIG/GILD,AIG,GILD,sensitive_reversal,-245.2480239076763,-0.3185936151655176,-10.05642632374398,2.0383203900143782e-08,8,2,2025-11-03
AIG/JNJ,AIG,JNJ,sensitive_reversal,-55.69133640899634,-0.07487355281103424,-10.05642632374398,0.0008054727381439705,8,2,2025-11-03
TRV/DGX,TRV,DGX,sensitive_reversal,0.0,-10.05642632374398,-10.05642632374398,9.084157522930221e-178,0,2,2025-11-03
SLB/ACGL,SLB,ACGL,sensitive_reversal,-663.8253756660627,-0.7410078402050102,-10.05642632374398,5.086991949427711e-07,6,2,2025-11-03
ACGL/DOV,ACGL,DOV,sensitive_reversal,315.9483557798904,0.24974730993073072,-10.05642632374398,0.997505706340962,14,2,2025-11-03
ACGL/YUM,ACGL,YUM,sensitive_reversal,-705.5582493012967,-0.9834572204233429,-10.05642632374398,2.2652874248616967e-05,14,2,2025-11-03
CNP/AEE,CNP,AEE,sensitive_reversal,86.15593681053105,0.19000519520840597,-10.05642632374398,0.9398986303542465,8,2,2025-11-03
NI/AEE,NI,AEE,sensitive_reversal,-29.34767087307296,-0.12682936108705561,-10.05642632374398,2.86314762788579e-06,12,2,2025-11-03
AME/MAR,AME,MAR,sensitive_reversal,-261.9681660180366,-0.6053344719136619,-10.05642632374398,2.14008968229213e-09,4,2,2025-11-03
AME/SNA,AME,SNA,sensitive_reversal,-151.4972931073984,-0.6936940387949598,-10.05642632374398,4.349424476499506e-07,2,2,2025-11-03
CINF/AWK,CINF,AWK,sensitive_reversal,643.1790805135897,0.9448842009160524,-10.05642632374398,0.9999987354308365,10,2,2025-11-03
INCY/AWK,INCY,AWK,sensitive_reversal,-2919.398761560102,-1.6812635003439487,-10.05642632374398,1.602998959024597e-07,18,2,2025-11-03
MDLZ/EW,MDLZ,EW,fast_strict,-399.9029439447208,-0.6474972765647121,-10.258952277725362,2.8534945635148e-15,18,2,2025-11-03
AFL/SPG,AFL,SPG,fast_strict,156.4655445339372,0.11854682570131118,-10.258952277725362,0.6222156089465174,16,2,2025-11-03
AIG/DUK,AIG,DUK,fast_strict,352.7271047346196,0.5763147880821686,-10.258952277725362,0.9999999397252333,14,2,2025-11-03
AIG/GILD,AIG,GILD,fast_strict,-783.4681017680798,-0.44826141707075146,-10.258952277725362,9.107956970724646e-06,8,2,2025-11-03
AIG/JNJ,AIG,JNJ,fast_strict,645.5927855475124,0.7585259141895173,-10.258952277725362,0.9999990422127633,12,2,2025-11-03
TRV/DGX,TRV,DGX,fast_strict,-1472.201095917993,-1.7843290140326766,-10.258952277725362,1.5561421811848477e-05,10,2,2025-11-03
SLB/ACGL,SLB,ACGL,fast_strict,-822.341899982363,-0.8908852237411305,-10.258952277725362,4.408589063045315e-09,12,2,2025-11-03
ACGL/DOV,ACGL,DOV,fast_strict,-1524.876132096945,-1.8290779811832891,-10.258952277725362,3.662342746949399e-11,14,2,2025-11-03
ACGL/YUM,ACGL,YUM,fast_strict,-1309.667241084433,-1.7689079465173723,-10.258952277725362,8.627764155456118e-11,16,2,2025-11-03
CNP/AEE,CNP,AEE,fast_strict,-43.70511285009601,-0.13312220258283075,-10.258952277725362,1.7412032740244677e-05,6,2,2025-11-03
NI/AEE,NI,AEE,fast_strict,3.410918722747525,0.02320916392678023,-10.258952277725362,0.05372435212046279,8,2,2025-11-03
AME/MAR,AME,MAR,fast_strict,-388.7036289768531,-1.1035683425034437,-10.258952277725362,4.108708841170485e-09,10,2,2025-11-03
AME/SNA,AME,SNA,fast_strict,-200.9303991022894,-0.7037271398984593,-10.258952277725362,4.976549352560268e-10,4,2,2025-11-03
CINF/AWK,CINF,AWK,fast_strict,-603.3540430102546,-1.3527186510772846,-10.258952277725362,1.6673763448336478e-09,10,2,2025-11-03
INCY/AWK,INCY,AWK,fast_strict,-1630.371574173374,-1.6290961201890402,-10.258952277725362,1.0919250485543584e-09,20,2,2025-11-03
MDLZ/EW,MDLZ,EW,no_skip_month,1263.864523643295,0.8212312629386317,-2.3657758426114173,0.9999993777969238,20,3,2025-12-11
AFL/SPG,AFL,SPG,no_skip_month,-472.9771814758127,-0.23257060886496742,-2.3657758426114173,8.113326757858112e-05,14,3,2025-12-11
AIG/DUK,AIG,DUK,no_skip_month,230.7321593718362,0.2075418547502299,-2.3657758426114173,0.9850185419103044,12,3,2025-12-11
AIG/GILD,AIG,GILD,no_skip_month,-742.8285852076378,-0.5275057103104576,-2.3657758426114173,1.4134556368847911e-15,14,3,2025-12-11
AIG/JNJ,AIG,JNJ,no_skip_month,785.6403458486801,0.7423069622032431,-2.3657758426114173,0.9999999999961898,14,3,2025-12-11
TRV/DGX,TRV,DGX,no_skip_month,0.0,-2.3657758426114173,-2.3657758426114173,4.555178392124198e-152,0,3,2025-12-11
SLB/ACGL,SLB,ACGL,no_skip_month,-1341.812124317765,-1.304385514349444,-2.3657758426114173,0.00028833866375702495,8,3,2025-12-11
ACGL/DOV,ACGL,DOV,no_skip_month,4591.312047445533,1.0761760396110902,-2.3657758426114173,0.9999986582079331,22,3,2025-12-11
ACGL/YUM,ACGL,YUM,no_skip_month,-530.6475791802175,-0.5404161384070431,-2.3657758426114173,1.1365655993588063e-10,14,3,2025-12-11
CNP/AEE,CNP,AEE,no_skip_month,-135.6923404045388,-0.3448596062413147,-2.3657758426114173,4.899171519578893e-10,8,3,2025-12-11
NI/AEE,NI,AEE,no_skip_month,236.9558976968895,0.787727293455009,-2.3657758426114173,0.9999999996861119,6,3,2025-12-11
AME/MAR,AME,MAR,no_skip_month,101.1879346388824,0.17221290221554791,-2.3657758426114173,0.8563990854591775,4,3,2025-12-11
AME/SNA,AME,SNA,no_skip_month,-189.7963166348749,-0.8530554539578261,-2.3657758426114173,7.089760860203421e-07,2,3,2025-12-11
CINF/AWK,CINF,AWK,no_skip_month,-551.3272827684657,-0.18668152929105475,-2.3657758426114173,5.273279431291192e-13,16,3,2025-12-11
INCY/AWK,INCY,AWK,no_skip_month,3137.050910949265,0.5035860464722732,-2.3657758426114173,0.9999003215486274,24,3,2025-12-11
MDLZ/EW,MDLZ,EW,kalman_aggressive,5174.950925562827,0.5403417552650179,-2.381916908037423,0.9998245629026286,38,3,2025-12-11
AFL/SPG,AFL,SPG,kalman_aggressive,-4443.684238759518,-1.1512010971963982,-2.381916908037423,3.269585099300015e-09,36,3,2025-12-11
AIG/DUK,AIG,DUK,kalman_aggressive,1602.012487117293,0.48988275841075324,-2.381916908037423,0.9999999999391332,34,3,2025-12-11
AIG/GILD,AIG,GILD,kalman_aggressive,5117.255280323614,0.7708149104361592,-2.381916908037423,0.9999999999999785,42,3,2025-12-11
AIG/JNJ,AIG,JNJ,kalman_aggressive,1434.816431402333,0.36629613680007367,-2.381916908037423,0.9999999811530196,34,3,2025-12-11
TRV/DGX,TRV,DGX,kalman_aggressive,-4680.280075303568,-1.488266884176369,-2.381916908037423,4.010253313038575e-14,36,3,2025-12-11
SLB/ACGL,SLB,ACGL,kalman_aggressive,-6357.013067844854,-1.0320469043412845,-2.381916908037423,2.893206029200573e-27,36,3,2025-12-11
ACGL/DOV,ACGL,DOV,kalman_aggressive,-933.9638346849543,-0.2890923526454076,-2.381916908037423,5.0840803388619455e-17,40,3,2025-12-11
ACGL/YUM,ACGL,YUM,kalman_aggressive,-4829.330615575909,-1.250471650804891,-2.381916908037423,9.541876116072217e-38,42,3,2025-12-11
CNP/AEE,CNP,AEE,kalman_aggressive,9.34126427453225,0.005440118280821632,-2.381916908037423,0.024472927080166382,40,3,2025-12-11
NI/AEE,NI,AEE,kalman_aggressive,-2075.238035753396,-1.3097089276553924,-2.381916908037423,2.0176513181888525e-28,32,3,2025-12-11
AME/MAR,AME,MAR,kalman_aggressive,-3581.230673766508,-1.0122723264556177,-2.381916908037423,2.2387217270666384e-15,34,3,2025-12-11
AME/SNA,AME,SNA,kalman_aggressive,-385.9429913179097,-0.12586473000543233,-2.381916908037423,4.614298467811979e-07,34,3,2025-12-11
CINF/AWK,CINF,AWK,kalman_aggressive,-2461.446228658878,-0.414310553115065,-2.381916908037423,6.204467858951431e-18,34,3,2025-12-11
INCY/AWK,INCY,AWK,kalman_aggressive,-5458.679949772726,-0.5812644077576601,-2.381916908037423,1.3701800706058155e-08,42,3,2025-12-11
MDLZ/EW,MDLZ,EW,trend_leverage,4941.793657691421,0.5780569137367993,-2.6109353384233707,0.9977596181099047,14,3,2025-12-11
AFL/SPG,AFL,SPG,trend_leverage,98.16782342483407,0.03341022789249999,-2.6109353384233707,0.07038799863182704,12,3,2025-12-11
AIG/DUK,AIG,DUK,trend_leverage,-244.0072067225247,-0.17204660526527396,-2.6109353384233707,4.000840126861293e-07,12,3,2025-12-11
AIG/GILD,AIG,GILD,trend_leverage,712.9803839882263,0.3075298381667504,-2.6109353384233707,0.999957261279276,12,3,2025-12-11
AIG/JNJ,AIG,JNJ,trend_leverage,282.6209618925059,0.16170450639548273,-2.6109353384233707,0.908262056651965,12,3,2025-12-11
TRV/DGX,TRV,DGX,trend_leverage,0.0,-2.6109353384233707,-2.6109353384233707,2.8495885456667866e-158,0,3,2025-12-11
SLB/ACGL,SLB,ACGL,trend_leverage,-2966.681468507957,-1.6534621096873383,-2.6109353384233707,9.020770235541241e-06,6,3,2025-12-11
ACGL/DOV,ACGL,DOV,trend_leverage,292.4063755164134,0.13830597754059545,-2.6109353384233707,0.8218627875646539,12,3,2025-12-11
ACGL/YUM,ACGL,YUM,trend_leverage,-992.2716307823774,-0.6452491400611154,-2.6109353384233707,9.99673523428923e-13,10,3,2025-12-11
CNP/AEE,CNP,AEE,trend_leverage,-200.6484927996045,-0.3412118959028247,-2.6109353384233707,5.878999941266792e-10,8,3,2025-12-11
NI/AEE,NI,AEE,trend_leverage,355.2957911869854,0.7876364464145184,-2.6109353384233707,0.9999999996721738,6,3,2025-12-11
AME/MAR,AME,MAR,trend_leverage,72.41615808441222,0.08752132979053485,-2.6109353384233707,0.40990755084937747,4,3,2025-12-11
AME/SNA,AME,SNA,trend_leverage,0.0,-2.6109353384233707,-2.6109353384233707,2.8495885456667866e-158,0,3,2025-12-11
CINF/AWK,CINF,AWK,trend_leverage,-44.61316170079135,-0.02526687729612583,-2.6109353384233707,0.004606537364855978,12,3,2025-12-11
INCY/AWK,INCY,AWK,trend_leverage,-3964.040840837832,-1.0534079799112401,-2.6109353384233707,4.3618288597608826e-13,22,3,2025-12-11
MDLZ/EW,MDLZ,EW,crash_tolerant,3571.390655716238,0.5927892003293175,-2.733823541953124,0.9992987859718092,14,3,2025-12-11
AFL/SPG,AFL,SPG,crash_tolerant,-592.092603383648,-0.14969561434825585,-2.733823541953124,0.00019037296035315782,12,3,2025-12-11
AIG/DUK,AIG,DUK,crash_tolerant,456.6799435514146,0.20727251453795942,-2.733823541953124,0.9847163804558094,12,3,2025-12-11
AIG/GILD,AIG,GILD,crash_tolerant,-1357.848775543578,-0.537873344755108,-2.733823541953124,1.0225996310516094e-12,12,3,2025-12-11
AIG/JNJ,AIG,JNJ,crash_tolerant,1037.291773692673,0.5236625263833836,-2.733823541953124,0.9999999873925653,10,3,2025-12-11
TRV/DGX,TRV,DGX,crash_tolerant,0.0,-2.733823541953124,-2.733823541953124,6.500487040446033e-161,0,3,2025-12-11
SLB/ACGL,SLB,ACGL,crash_tolerant,-3947.162697214357,-1.6534083850147165,-2.733823541953124,9.090579444451838e-06,6,3,2025-12-11
ACGL/DOV,ACGL,DOV,crash_tolerant,379.8965878117081,0.13550855056551211,-2.733823541953124,0.8036771059013201,12,3,2025-12-11
ACGL/YUM,ACGL,YUM,crash_tolerant,-1322.387546996615,-0.6462752702934119,-2.733823541953124,1.036537977387334e-12,10,3,2025-12-11
CNP/AEE,CNP,AEE,crash_tolerant,-266.5878610584178,-0.34139913163876895,-2.733823541953124,5.37367266087402e-10,8,3,2025-12-11
NI/AEE,NI,AEE,crash_tolerant,470.789948699836,0.7875779154819074,-2.733823541953124,0.9999999996931819,6,3,2025-12-11
AME/MAR,AME,MAR,crash_tolerant,99.09982688983393,0.0902311377904707,-2.733823541953124,0.428654950834771,4,3,2025-12-11
AME/SNA,AME,SNA,crash_tolerant,0.0,-2.733823541953124,-2.733823541953124,6.500487040446033e-161,0,3,2025-12-11
CINF/AWK,CINF,AWK,crash_tolerant,-67.35858244958558,-0.028655881259900713,-2.733823541953124,0.003756856006027351,12,3,2025-12-11
INCY/AWK,INCY,AWK,crash_tolerant,-3606.374845901311,-0.706703216963346,-2.733823541953124,3.6462921681954786e-14,22,3,2025-12-11
MDLZ/EW,MDLZ,EW,aggressive,4376.891770121301,0.43188980754880874,-2.9075013455304375,0.9999714585819117,36,3,2025-12-11
AFL/SPG,AFL,SPG,aggressive,-10097.56932774809,-1.8338149000217514,-2.9075013455304375,2.415946478784597e-07,36,3,2025-12-11
AIG/DUK,AIG,DUK,aggressive,-686.6477948205813,-0.20551018541701496,-2.9075013455304375,8.573302756870216e-09,32,3,2025-12-11
AIG/GILD,AIG,GILD,aggressive,3230.811333254697,0.4170326715649473,-2.9075013455304375,0.9999999999691908,42,3,2025-12-11
AIG/JNJ,AIG,JNJ,aggressive,898.8123465642295,0.19575571754251675,-2.9075013455304375,0.9702963454002538,30,3,2025-12-11
TRV/DGX,TRV,DGX,aggressive,-5052.289940813206,-1.365152314463577,-2.9075013455304375,7.867415322715976e-18,30,3,2025-12-11
SLB/ACGL,SLB,ACGL,aggressive,-10038.21872128476,-1.4852601289790575,-2.9075013455304375,9.980761729040517e-32,36,3,2025-12-11
ACGL/DOV,ACGL,DOV,aggressive,-3514.887280943017,-0.7793709268928837,-2.9075013455304375,1.848676822936757e-29,42,3,2025-12-11
ACGL/YUM,ACGL,YUM,aggressive,-2581.14638059914,-0.5335346612544115,-2.9075013455304375,8.097504027650128e-24,40,3,2025-12-11
CNP/AEE,CNP,AEE,aggressive,162.2023407364156,0.07573161479609351,-2.9075013455304375,0.3072737058844846,38,3,2025-12-11
NI/AEE,NI,AEE,aggressive,-2410.853868812623,-1.0133430532509042,-2.9075013455304375,4.109245929625951e-11,30,3,2025-12-11
AME/MAR,AME,MAR,aggressive,-4955.658019061731,-1.3704901724660412,-2.9075013455304375,2.1115396845140323e-14,32,3,2025-12-11
AME/SNA,AME,SNA,aggressive,951.6839214324646,0.24943941453323565,-2.9075013455304375,0.9904106362132397,34,3,2025-12-11
CINF/AWK,CINF,AWK,aggressive,-4483.023059254569,-0.6873688955151788,-2.9075013455304375,1.2751977550442502e-22,32,3,2025-12-11
INCY/AWK,INCY,AWK,aggressive,-1893.808494202826,-0.25337748262653187,-2.9075013455304375,1.5758458099423302e-14,40,3,2025-12-11
MDLZ/EW,MDLZ,EW,monthly_aligned_windows,-2122.441219261043,-0.43861297706249536,-3.037869454971787,1.7154926953610152e-07,26,3,2025-12-11
AFL/SPG,AFL,SPG,monthly_aligned_windows,394.0183249372903,0.12282051706401506,-3.037869454971787,0.6844793703724854,30,3,2025-12-11
AIG/DUK,AIG,DUK,monthly_aligned_windows,-3241.244046117904,-0.7556649440364197,-3.037869454971787,0.0011128414877816825,28,3,2025-12-11
AIG/GILD,AIG,GILD,monthly_aligned_windows,847.35924239734,0.18457446468423433,-3.037869454971787,0.8662943985551754,28,3,2025-12-11
AIG/JNJ,AIG,JNJ,monthly_aligned_windows,-1125.588398920326,-0.2955928884714182,-3.037869454971787,6.060940208214396e-09,26,3,2025-12-11
TRV/DGX,TRV,DGX,monthly_aligned_windows,-1140.888085694612,-1.187130947261468,-3.037869454971787,3.8434798713103324e-13,26,3,2025-12-11
SLB/ACGL,SLB,ACGL,monthly_aligned_windows,-3647.491487113053,-1.2900962103054447,-3.037869454971787,2.222165915634872e-21,26,3,2025-12-11
ACGL/DOV,ACGL,DOV,monthly_aligned_windows,192.7068723671497,0.07608353741313445,-3.037869454971787,0.30731649665656663,26,3,2025-12-11
ACGL/YUM,ACGL,YUM,monthly_aligned_windows,-4756.719340138781,-1.536644683501804,-3.037869454971787,0.0002714581439818654,30,3,2025-12-11
CNP/AEE,CNP,AEE,monthly_aligned_windows,-1819.743344087627,-1.1810520086302825,-3.037869454971787,3.7410212882634447e-07,28,3,2025-12-11
NI/AEE,NI,AEE,monthly_aligned_windows,-800.8838318695396,-1.1900683199650621,-3.037869454971787,3.593047469171848e-20,24,3,2025-12-11
AME/MAR,AME,MAR,monthly_aligned_windows,-1237.604417947362,-0.4466538970547566,-3.037869454971787,1.3385006099141768e-12,28,3,2025-12-11
AME/SNA,AME,SNA,monthly_aligned_windows,1.22930272858207,0.0005387046257720753,-3.037869454971787,0.019069077087858564,28,3,2025-12-11
CINF/AWK,CINF,AWK,monthly_aligned_windows,-73.37111663873577,-0.03149932648852077,-3.037869454971787,0.0034873814967025644,28,3,2025-12-11
INCY/AWK,INCY,AWK,monthly_aligned_windows,4150.053761295923,0.8650126045290639,-3.037869454971787,0.9999983336279824,28,3,2025-12-11
MDLZ/EW,MDLZ,EW,weekly_aligned_windows,1784.757511254303,0.4527691573067035,-3.36144983524721,0.9999909606873152,68,3,2025-12-11
AFL/SPG,AFL,SPG,weekly_aligned_windows,-4782.091383081937,-1.3753949052472147,-3.36144983524721,1.9475114935333343e-08,88,3,2025-12-11
AIG/DUK,AIG,DUK,weekly_aligned_windows,-2683.608181941102,-0.8985882591589546,-3.36144983524721,9.467091865252418e-09,76,3,2025-12-11
AIG/GILD,AIG,GILD,weekly_aligned_windows,-1775.88081333666,-0.5590692006003462,-3.36144983524721,2.354578992120099e-21,76,3,2025-12-11
AIG/JNJ,AIG,JNJ,weekly_aligned_windows,-3806.143593158636,-1.2019383807422208,-3.36144983524721,2.5523989670328356e-13,80,3,2025-12-11
TRV/DGX,TRV,DGX,weekly_aligned_windows,-1845.749313884171,-0.710999110012452,-3.36144983524721,2.0245125674880384e-16,74,3,2025-12-11
SLB/ACGL,SLB,ACGL,weekly_aligned_windows,-1083.65890120008,-0.3073933083262491,-3.36144983524721,3.6267386050318896e-16,78,3,2025-12-11
ACGL/DOV,ACGL,DOV,weekly_aligned_windows,125.12413261033,0.0429344134596839,-3.36144983524721,0.11828162373758255,74,3,2025-12-11
ACGL/YUM,ACGL,YUM,weekly_aligned_windows,70.89705846466173,0.02394564414582284,-3.36144983524721,0.05469539727600811,80,3,2025-12-11
CNP/AEE,CNP,AEE,weekly_aligned_windows,-3028.358184717844,-1.277528762340392,-3.36144983524721,6.191524335593015e-06,76,3,2025-12-11
NI/AEE,NI,AEE,weekly_aligned_windows,-1479.82801166531,-1.182434718627109,-3.36144983524721,2.4484711387666044e-18,64,3,2025-12-11
AME/MAR,AME,MAR,weekly_aligned_windows,-2446.242413241227,-0.9804806690850506,-3.36144983524721,1.178317396758377e-19,70,3,2025-12-11
AME/SNA,AME,SNA,weekly_aligned_windows,-2758.695248498756,-1.0589968667676604,-3.36144983524721,2.301084124356131e-12,74,3,2025-12-11
CINF/AWK,CINF,AWK,weekly_aligned_windows,-2026.93380870933,-0.6659576972086403,-3.36144983524721,1.1461062277181411e-18,80,3,2025-12-11
INCY/AWK,INCY,AWK,weekly_aligned_windows,3586.52873738089,0.7540000295553119,-3.36144983524721,1.0,68,3,2025-12-11
MDLZ/EW,MDLZ,EW,let_profits_run,3598.624773919958,0.5192608124671926,-3.5351736125602655,0.9999794860372258,12,3,2025-12-11
AFL/SPG,AFL,SPG,let_profits_run,-444.2983135531142,-0.24351275188622906,-3.5351736125602655,0.0002796371163683603,10,3,2025-12-11
AIG/DUK,AIG,DUK,let_profits_run,-950.7292186938973,-0.9477419223393229,-3.5351736125602655,2.250925189406388e-11,10,3,2025-12-11
AIG/GILD,AIG,GILD,let_profits_run,-980.698449596155,-0.7980807491308671,-3.5351736125602655,3.66139882330206e-10,12,3,2025-12-11
AIG/JNJ,AIG,JNJ,let_profits_run,1009.549199626052,0.6062251906090956,-3.5351736125602655,1.0,14,3,2025-12-11
TRV/DGX,TRV,DGX,let_profits_run,0.0,-3.5351736125602655,-3.5351736125602655,7.656488129320678e-173,0,3,2025-12-11
SLB/ACGL,SLB,ACGL,let_profits_run,-1827.251870972158,-1.3841892544825398,-3.5351736125602655,5.448913454879371e-08,4,3,2025-12-11
ACGL/DOV,ACGL,DOV,let_profits_run,-1919.879170518837,-0.9605585058333265,-3.5351736125602655,2.843069943579891e-14,12,3,2025-12-11
ACGL/YUM,ACGL,YUM,let_profits_run,-632.1785084125117,-0.930529902767516,-3.5351736125602655,3.568693698159743e-12,6,3,2025-12-11
CNP/AEE,CNP,AEE,let_profits_run,-109.8670360905686,-0.784651183969474,-3.5351736125602655,0.0009913545772461262,2,3,2025-12-11
NI/AEE,NI,AEE,let_profits_run,133.0274829916969,0.9572488445733593,-3.5351736125602655,0.9847750821817169,4,3,2025-12-11
AME/MAR,AME,MAR,let_profits_run,344.7990401808202,0.47360398358555184,-3.5351736125602655,0.9999742445365942,4,3,2025-12-11
AME/SNA,AME,SNA,let_profits_run,-2.055098813760253,-0.021239500572177227,-3.5351736125602655,0.003513886747901758,2,3,2025-12-11
CINF/AWK,CINF,AWK,let_profits_run,-832.738214989202,-0.7585632270730454,-3.5351736125602655,6.192956237504969e-22,12,3,2025-12-11
INCY/AWK,INCY,AWK,let_profits_run,-455.8484014768253,-0.1581305940387458,-3.5351736125602655,2.653900107281168e-07,14,3,2025-12-11
MDLZ/EW,MDLZ,EW,entry_threshold_strong,5035.384681936031,0.8416946503003009,-3.572836278948385,0.9991855180468593,14,3,2025-12-11
AFL/SPG,AFL,SPG,entry_threshold_strong,-215.2369517044651,-0.11683735045227,-3.572836278948385,0.0009768269960687241,10,3,2025-12-11
AIG/DUK,AIG,DUK,entry_threshold_strong,264.9446026330133,0.2520810102759018,-3.572836278948385,0.9981492962706375,10,3,2025-12-11
AIG/GILD,AIG,GILD,entry_threshold_strong,434.8238898385289,0.32169503742741634,-3.572836278948385,0.9999918267388951,10,3,2025-12-11
AIG/JNJ,AIG,JNJ,entry_threshold_strong,-29.69913081800905,-0.027060763823303406,-3.572836278948385,0.00521615204629948,10,3,2025-12-11
TRV/DGX,TRV,DGX,entry_threshold_strong,0.0,-3.572836278948385,-3.572836278948385,3.0832517400582313e-173,0,3,2025-12-11
SLB/ACGL,SLB,ACGL,entry_threshold_strong,-1974.228859475019,-1.6538961122077913,-3.572836278948385,8.834431809027576e-06,6,3,2025-12-11
ACGL/DOV,ACGL,DOV,entry_threshold_strong,-420.557186740028,-0.3207706334053923,-3.572836278948385,0.00010169444686594267,12,3,2025-12-11
ACGL/YUM,ACGL,YUM,entry_threshold_strong,-1043.009123601339,-0.9795496776115019,-3.572836278948385,8.867128648734632e-13,10,3,2025-12-11
CNP/AEE,CNP,AEE,entry_threshold_strong,-156.8994490911144,-0.40183637766286473,-3.572836278948385,6.055006675856081e-10,6,3,2025-12-11
NI/AEE,NI,AEE,entry_threshold_strong,115.8973897466929,0.5785705001946327,-3.572836278948385,0.9999596124472341,6,3,2025-12-11
AME/MAR,AME,MAR,entry_threshold_strong,119.6959242368947,0.21309244026511795,-3.572836278948385,0.9356875342663735,4,3,2025-12-11
AME/SNA,AME,SNA,entry_threshold_strong,0.0,-3.572836278948385,-3.572836278948385,3.0832517400582313e-173,0,3,2025-12-11
CINF/AWK,CINF,AWK,entry_threshold_strong,298.4036321707575,0.24486092793427497,-3.572836278948385,0.9956707527428902,10,3,2025-12-11
INCY/AWK,INCY,AWK,entry_threshold_strong,-2610.494156035993,-1.0505067663422498,-3.572836278948385,9.898250271044107e-13,22,3,2025-12-11
MDLZ/EW,MDLZ,EW,entry_filter_kalman,5033.338743417451,0.8392220326186932,-3.575598465810388,0.9991803467623918,14,3,2025-12-11
AFL/SPG,AFL,SPG,entry_filter_kalman,-225.8088447357176,-0.12341688202112504,-3.575598465810388,0.0007954349740316832,10,3,2025-12-11
AIG/DUK,AIG,DUK,entry_filter_kalman,264.6214881079031,0.25028305360574904,-3.575598465810388,0.997811559565231,10,3,2025-12-11
AIG/GILD,AIG,GILD,entry_filter_kalman,472.561221614643,0.34585364320588413,-3.575598465810388,0.9999973619472238,10,3,2025-12-11
AIG/JNJ,AIG,JNJ,entry_filter_kalman,-33.11626829691522,-0.03024267265444229,-3.575598465810388,0.004440619404310837,10,3,2025-12-11
TRV/DGX,TRV,DGX,entry_filter_kalman,0.0,-3.575598465810388,-3.575598465810388,2.8872193873922192e-173,0,3,2025-12-11
SLB/ACGL,SLB,ACGL,entry_filter_kalman,-1995.430905653935,-1.660039211621751,-3.575598465810388,8.172179341088994e-06,6,3,2025-12-11
ACGL/DOV,ACGL,DOV,entry_filter_kalman,-429.6410711255795,-0.3317946444244714,-3.575598465810388,8.509173576008632e-05,12,3,2025-12-11
ACGL/YUM,ACGL,YUM,entry_filter_kalman,-1051.852585805918,-0.9897497143613815,-3.575598465810388,7.418129008271343e-13,10,3,2025-12-11
CNP/AEE,CNP,AEE,entry_filter_kalman,-156.1923532323717,-0.40169422522472303,-3.575598465810388,4.541444691695224e-10,6,3,2025-12-11
NI/AEE,NI,AEE,entry_filter_kalman,117.2127316269014,0.586942453719155,-3.575598465810388,0.9999620341105113,6,3,2025-12-11
AME/MAR,AME,MAR,entry_filter_kalman,119.6959242368947,0.21309244026511795,-3.575598465810388,0.9356875342663735,4,3,2025-12-11
AME/SNA,AME,SNA,entry_filter_kalman,0.0,-3.575598465810388,-3.575598465810388,2.8872193873922192e-173,0,3,2025-12-11
CINF/AWK,CINF,AWK,entry_filter_kalman,300.7274664495498,0.24815138175684323,-3.575598465810388,0.9963065322150414,10,3,2025-12-11
INCY/AWK,INCY,AWK,entry_filter_kalman,-2616.829386066413,-1.0482436805896562,-3.575598465810388,5.579354233397478e-13,22,3,2025-12-11
MDLZ/EW,MDLZ,EW,no_reversal_protection,2990.410866451301,0.5224590428305167,-3.607831602808126,0.9979416829159511,14,3,2025-12-11
AFL/SPG,AFL,SPG,no_reversal_protection,-635.0141585479794,-0.30217263174414777,-3.607831602808126,5.105391940482459e-06,12,3,2025-12-11
AIG/DUK,AIG,DUK,no_reversal_protection,-441.157261094755,-0.35803965949935884,-3.607831602808126,1.0449025719217808e-12,12,3,2025-12-11
AIG/GILD,AIG,GILD,no_reversal_protection,-666.8977238735806,-0.41676089208057293,-3.607831602808126,1.544025024375551e-09,12,3,2025-12-11
AIG/JNJ,AIG,JNJ,no_reversal_protection,87.85591590216154,0.0725333698606189,-3.607831602808126,0.2747702155299411,10,3,2025-12-11
TRV/DGX,TRV,DGX,no_reversal_protection,0.0,-3.607831602808126,-3.607831602808126,1.3549537517841725e-173,0,3,2025-12-11
SLB/ACGL,SLB,ACGL,no_reversal_protection,-546.4777872207545,-0.6192791992533853,-3.607831602808126,2.855084921654599e-10,4,3,2025-12-11
ACGL/DOV,ACGL,DOV,no_reversal_protection,1356.316738464491,0.8496582339973184,-3.607831602808126,0.999999998632568,10,3,2025-12-11
ACGL/YUM,ACGL,YUM,no_reversal_protection,-1020.689942986919,-0.8839666825079907,-3.607831602808126,2.0747743581507255e-16,10,3,2025-12-11
CNP/AEE,CNP,AEE,no_reversal_protection,-223.8991623897193,-0.4214077659845892,-3.607831602808126,3.385893700911485e-10,6,3,2025-12-11
NI/AEE,NI,AEE,no_reversal_protection,-162.627117580741,-0.4077540088072757,-3.607831602808126,1.3315233351298743e-15,6,3,2025-12-11
AME/MAR,AME,MAR,no_reversal_protection,-83.92826859433137,-0.12756683423205614,-3.607831602808126,5.279598311571981e-07,4,3,2025-12-11
AME/SNA,AME,SNA,no_reversal_protection,0.0,-3.607831602808126,-3.607831602808126,1.3549537517841725e-173,0,3,2025-12-11
CINF/AWK,CINF,AWK,no_reversal_protection,-332.4101816894158,-0.2582131011190188,-3.607831602808126,1.503896658872293e-11,12,3,2025-12-11
INCY/AWK,INCY,AWK,no_reversal_protection,-958.6244202051952,-0.32696876051973084,-3.607831602808126,9.005533149793657e-11,18,3,2025-12-11
MDLZ/EW,MDLZ,EW,vol_weighted_sizing,3297.724088147063,0.5789072549225919,-3.788444806241591,0.9977542008854786,14,3,2025-12-11
AFL/SPG,AFL,SPG,vol_weighted_sizing,-280.7703809818121,-0.14156669561565208,-3.788444806241591,0.00023888792086888298,12,3,2025-12-11
AIG/DUK,AIG,DUK,vol_weighted_sizing,226.4202358439489,0.20547642718657094,-3.788444806241591,0.9834653295816671,12,3,2025-12-11
AIG/GILD,AIG,GILD,vol_weighted_sizing,-681.5227626947861,-0.5399298446851366,-3.788444806241591,9.93809058654389e-13,12,3,2025-12-11
AIG/JNJ,AIG,JNJ,vol_weighted_sizing,526.1309066898882,0.5303798689801634,-3.788444806241591,0.9999999890451002,10,3,2025-12-11
TRV/DGX,TRV,DGX,vol_weighted_sizing,0.0,-3.788444806241591,-3.788444806241591,2.693873331051568e-175,0,3,2025-12-11
SLB/ACGL,SLB,ACGL,vol_weighted_sizing,-1975.117075171043,-1.6547170501890764,-3.788444806241591,8.863308366287447e-06,6,3,2025-12-11
ACGL/DOV,ACGL,DOV,vol_weighted_sizing,192.8479327548264,0.13739418802449246,-3.788444806241591,0.8157936770710342,12,3,2025-12-11
ACGL/YUM,ACGL,YUM,vol_weighted_sizing,-664.8349984883266,-0.650675387198938,-3.788444806241591,1.2395995595805242e-12,10,3,2025-12-11
CNP/AEE,CNP,AEE,vol_weighted_sizing,-134.3981745887362,-0.3449068611484729,-3.788444806241591,4.6522756066330444e-10,8,3,2025-12-11
NI/AEE,NI,AEE,vol_weighted_sizing,236.279041813692,0.7880563741067869,-3.788444806241591,0.9999999996515005,6,3,2025-12-11
AME/MAR,AME,MAR,vol_weighted_sizing,51.51875491834599,0.09485041058576091,-3.788444806241591,0.46051222618760945,4,3,2025-12-11
AME/SNA,AME,SNA,vol_weighted_sizing,0.0,-3.788444806241591,-3.788444806241591,2.693873331051568e-175,0,3,2025-12-11
CINF/AWK,CINF,AWK,vol_weighted_sizing,-26.38888874127747,-0.02243341600645006,-3.788444806241591,0.0054512851721212445,12,3,2025-12-11
INCY/AWK,INCY,AWK,vol_weighted_sizing,-1800.477799522735,-0.7071358120331793,-3.788444806241591,3.4063860566455256e-14,22,3,2025-12-11
MDLZ/EW,MDLZ,EW,kalman_hedge,3298.068659597446,0.5774016585165669,-3.7948119772484823,0.9977488733626987,14,3,2025-12-11
AFL/SPG,AFL,SPG,kalman_hedge,-300.701232013119,-0.15292684237454157,-3.7948119772484823,0.0001721973224929869,12,3,2025-12-11
AIG/DUK,AIG,DUK,kalman_hedge,232.1489747788913,0.2099648579823549,-3.7948119772484823,0.9861216949576912,12,3,2025-12-11
AIG/GILD,AIG,GILD,kalman_hedge,-670.434891310972,-0.5291684544020705,-3.7948119772484823,1.413194528189617e-12,12,3,2025-12-11
AIG/JNJ,AIG,JNJ,kalman_hedge,525.543769210984,0.5309979561743534,-3.7948119772484823,0.9999999891390668,10,3,2025-12-11
TRV/DGX,TRV,DGX,kalman_hedge,0.0,-3.7948119772484823,-3.7948119772484823,2.3682946278828466e-175,0,3,2025-12-11
SLB/ACGL,SLB,ACGL,kalman_hedge,-1993.186735344494,-1.6602575010538405,-3.7948119772484823,8.017218035389146e-06,6,3,2025-12-11
ACGL/DOV,ACGL,DOV,kalman_hedge,186.0164132340141,0.1338363450183176,-3.7948119772484823,0.7915471178906491,12,3,2025-12-11
ACGL/YUM,ACGL,YUM,kalman_hedge,-671.0297391166389,-0.6582703515084587,-3.7948119772484823,1.0975095430783287e-12,10,3,2025-12-11
CNP/AEE,CNP,AEE,kalman_hedge,-132.8149838857323,-0.34071571521136257,-3.7948119772484823,4.691092604636481e-10,8,3,2025-12-11
NI/AEE,NI,AEE,kalman_hedge,238.7240326244347,0.7885555373392291,-3.7948119772484823,0.999999999593403,6,3,2025-12-11
AME/MAR,AME,MAR,kalman_hedge,48.15399886975786,0.0884982818991906,-3.7948119772484823,0.41669218905690425,4,3,2025-12-11
AME/SNA,AME,SNA,kalman_hedge,0.0,-3.7948119772484823,-3.7948119772484823,2.3682946278828466e-175,0,3,2025-12-11
CINF/AWK,CINF,AWK,kalman_hedge,-43.70195464502979,-0.037224622603573516,-3.7948119772484823,0.0022108041585089237,12,3,2025-12-11
INCY/AWK,INCY,AWK,kalman_hedge,-1795.104143888862,-0.7008401698893284,-3.7948119772484823,2.3025664290230007e-14,22,3,2025-12-11
MDLZ/EW,MDLZ,EW,slow_rebalance,4589.039420662363,0.7570414212127685,-3.846478697287409,0.9994120752380077,14,3,2025-12-11
AFL/SPG,AFL,SPG,slow_rebalance,-135.957657947967,-0.07868903246786794,-3.846478697287409,0.0025568855748121086,12,3,2025-12-11
AIG/DUK,AIG,DUK,slow_rebalance,-520.619840861567,-0.5366496261150197,-3.846478697287409,7.883009985042837e-19,10,3,2025-12-11
AIG/GILD,AIG,GILD,slow_rebalance,-1710.901178843512,-1.672261433512581,-3.846478697287409,2.4999531767447734e-12,12,3,2025-12-11
AIG/JNJ,AIG,JNJ,slow_rebalance,248.5516299353433,0.19260154440799196,-3.846478697287409,0.9803212433101617,10,3,2025-12-11
TRV/DGX,TRV,DGX,slow_rebalance,0.0,-3.846478697287409,-3.846478697287409,8.510893567982209e-176,0,3,2025-12-11
SLB/ACGL,SLB,ACGL,slow_rebalance,-4154.357211582847,-2.5782833194656836,-3.846478697287409,2.6439676215963375e-12,8,3,2025-12-11
ACGL/DOV,ACGL,DOV,slow_rebalance,-400.7260104347547,-0.22291749150502319,-3.846478697287409,6.510556183162563e-07,8,3,2025-12-11
ACGL/YUM,ACGL,YUM,slow_rebalance,-5.308194457369254,-0.011572132153467009,-3.846478697287409,0.011428665412252976,6,3,2025-12-11
CNP/AEE,CNP,AEE,slow_rebalance,3.729653327603728,0.030119906159297157,-3.846478697287409,0.09015124263379742,2,3,2025-12-11
NI/AEE,NI,AEE,slow_rebalance,149.9950550160036,1.0663574257762203,-3.846478697287409,0.9868486580660607,6,3,2025-12-11
AME/MAR,AME,MAR,slow_rebalance,191.4735528345469,0.33378195466746635,-3.846478697287409,0.9956657487919351,4,3,2025-12-11
AME/SNA,AME,SNA,slow_rebalance,56.03254829792763,1.0042399377366016,-3.846478697287409,0.9888640752587,2,3,2025-12-11
CINF/AWK,CINF,AWK,slow_rebalance,-620.2960213268817,-0.5801521501152561,-3.846478697287409,3.3681712889686086e-19,10,3,2025-12-11
INCY/AWK,INCY,AWK,slow_rebalance,333.5271495600727,0.14077519741786954,-3.846478697287409,0.786817805313296,16,3,2025-12-11
MDLZ/EW,MDLZ,EW,balanced,3162.814051320267,0.5549110337240669,-3.9939946563841335,0.9977741050534019,16,3,2025-12-11
AFL/SPG,AFL,SPG,balanced,-981.5182180866469,-0.9017527313094356,-3.9939946563841335,1.1747563311312089e-14,10,3,2025-12-11
AIG/DUK,AIG,DUK,balanced,389.5132116754687,0.41889358124168236,-3.9939946563841335,0.9999977870925633,10,3,2025-12-11
AIG/GILD,AIG,GILD,balanced,769.3952259458094,0.5890220384699673,-3.9939946563841335,0.9999999749202676,10,3,2025-12-11
AIG/JNJ,AIG,JNJ,balanced,526.2409066898881,0.529244122501224,-3.9939946563841335,0.9999999888949922,10,3,2025-12-11
TRV/DGX,TRV,DGX,balanced,0.0,-3.9939946563841335,-3.9939946563841335,5.603773121485621e-177,0,3,2025-12-11
SLB/ACGL,SLB,ACGL,balanced,-1101.494035147072,-1.124524703582235,-3.9939946563841335,0.0005742482411867971,6,3,2025-12-11
ACGL/DOV,ACGL,DOV,balanced,146.0123044331515,0.10499005533871426,-3.9939946563841335,0.5422647458828279,14,3,2025-12-11
ACGL/YUM,ACGL,YUM,balanced,-596.3864125911467,-0.7366302217957078,-3.9939946563841335,3.0700992551163446e-07,10,3,2025-12-11
CNP/AEE,CNP,AEE,balanced,-134.3981745887362,-0.3449068611484729,-3.9939946563841335,4.6522756066330444e-10,8,3,2025-12-11
NI/AEE,NI,AEE,balanced,236.279041813692,0.7880563741067869,-3.9939946563841335,0.9999999996515005,6,3,2025-12-11
AME/MAR,AME,MAR,balanced,47.03912666068913,0.12607577024430106,-3.9939946563841335,0.6416457435409784,2,3,2025-12-11
AME/SNA,AME,SNA,balanced,0.0,-3.9939946563841335,-3.9939946563841335,5.603773121485621e-177,0,3,2025-12-11
CINF/AWK,CINF,AWK,balanced,-115.2091130586248,-0.09238363016189016,-3.9939946563841335,2.0038616058172893e-05,10,3,2025-12-11
INCY/AWK,INCY,AWK,balanced,-2725.967068580625,-1.136526171262605,-3.9939946563841335,1.5807166480093628e-11,20,3,2025-12-11
MDLZ/EW,MDLZ,EW,default,3217.035819105941,0.5647813941417379,-4.228211713340558,0.9977491635173402,14,3,2025-12-11
AFL/SPG,AFL,SPG,default,-981.5182180866469,-0.9017527313094356,-4.228211713340558,1.1747563311312089e-14,10,3,2025-12-11
AIG/DUK,AIG,DUK,default,163.1084352467791,0.14874316150229147,-4.228211713340558,0.8447271070043405,12,3,2025-12-11
AIG/GILD,AIG,GILD,default,-383.2269000080562,-0.4006569953279297,-4.228211713340558,5.905334882399562e-11,10,3,2025-12-11
AIG/JNJ,AIG,JNJ,default,511.1780044816862,0.5169526352256134,-4.228211713340558,0.9999999853685126,10,3,2025-12-11
TRV/DGX,TRV,DGX,default,0.0,-4.228211713340558,-4.228211713340558,1.281961139397017e-178,0,3,2025-12-11
SLB/ACGL,SLB,ACGL,default,-1101.494035147072,-1.124524703582235,-4.228211713340558,0.0005742482411867971,6,3,2025-12-11
ACGL/DOV,ACGL,DOV,default,148.9623044331529,0.10727156788012042,-4.228211713340558,0.5643423309251011,14,3,2025-12-11
ACGL/YUM,ACGL,YUM,default,-596.3864125911467,-0.7366302217957078,-4.228211713340558,3.0700992551163446e-07,10,3,2025-12-11
CNP/AEE,CNP,AEE,default,-134.3981745887362,-0.3449068611484729,-4.228211713340558,4.6522756066330444e-10,8,3,2025-12-11
NI/AEE,NI,AEE,default,235.1343482080466,0.7881363192697208,-4.228211713340558,0.9999999996784057,6,3,2025-12-11
AME/MAR,AME,MAR,default,47.03912666068913,0.12607577024430106,-4.228211713340558,0.6416457435409784,2,3,2025-12-11
AME/SNA,AME,SNA,default,-189.7963166348749,-0.8530554539578261,-4.228211713340558,7.089760860203421e-07,2,3,2025-12-11
CINF/AWK,CINF,AWK,default,-184.6666886929485,-0.14776789723228176,-4.228211713340558,9.815131101286832e-08,10,3,2025-12-11
INCY/AWK,INCY,AWK,default,-2679.163408146807,-1.1150753883073838,-4.228211713340558,1.3096424211050076e-11,20,3,2025-12-11
MDLZ/EW,MDLZ,EW,short_term_beta_neutral,200.1869573927053,0.11851493562011949,-4.513284599763747,0.6303525510793828,26,3,2025-12-11
AFL/SPG,AFL,SPG,short_term_beta_neutral,-567.6059881723131,-0.299982469845823,-4.513284599763747,6.260739740931103e-08,16,3,2025-12-11
AIG/DUK,AIG,DUK,short_term_beta_neutral,539.831481281668,0.7292546405243154,-4.513284599763747,0.9999999975441458,12,3,2025-12-11
AIG/GILD,AIG,GILD,short_term_beta_neutral,-2005.535135391256,-0.8157905860884522,-4.513284599763747,5.782458462056314e-05,16,3,2025-12-11
AIG/JNJ,AIG,JNJ,short_term_beta_neutral,-125.6109826995291,-0.0766986097874413,-4.513284599763747,6.354938288112913e-05,14,3,2025-12-11
TRV/DGX,TRV,DGX,short_term_beta_neutral,-2490.607171437387,-1.370320899236597,-4.513284599763747,0.001053699023932338,10,3,2025-12-11
SLB/ACGL,SLB,ACGL,short_term_beta_neutral,-542.6997116908375,-0.36515536215617705,-4.513284599763747,4.465267741888588e-10,12,3,2025-12-11
ACGL/DOV,ACGL,DOV,short_term_beta_neutral,-2243.389626642278,-1.325734050910534,-4.513284599763747,3.720932142922828e-12,16,3,2025-12-11
ACGL/YUM,ACGL,YUM,short_term_beta_neutral,-1628.795454801319,-1.4821995372794445,-4.513284599763747,9.74113772968016e-12,16,3,2025-12-11
CNP/AEE,CNP,AEE,short_term_beta_neutral,-56.00133811816903,-0.07378461669588124,-4.513284599763747,0.00029834405779110906,10,3,2025-12-11
NI/AEE,NI,AEE,short_term_beta_neutral,42.43235510863056,0.18369326950535178,-4.513284599763747,0.9719151015662074,6,3,2025-12-11
AME/MAR,AME,MAR,short_term_beta_neutral,-73.03963247798077,-0.12661966215738657,-4.513284599763747,1.7050244528262115e-05,8,3,2025-12-11
AME/SNA,AME,SNA,short_term_beta_neutral,-578.6671191840003,-1.1721684467835058,-4.513284599763747,4.951817653992168e-15,8,3,2025-12-11
CINF/AWK,CINF,AWK,short_term_beta_neutral,693.4583456997436,0.19854622371391825,-4.513284599763747,0.9906743725527425,14,3,2025-12-11
INCY/AWK,INCY,AWK,short_term_beta_neutral,-2024.536512092021,-0.46014295589792514,-4.513284599763747,7.727501361226609e-13,26,3,2025-12-11
MDLZ/EW,MDLZ,EW,beta_neutral,4851.995676463219,0.9321963116782734,-4.53646020716605,0.9999851546988402,14,3,2025-12-11
AFL/SPG,AFL,SPG,beta_neutral,-1073.03148767705,-0.8622677147032487,-4.53646020716605,4.181889990211856e-14,10,3,2025-12-11
AIG/DUK,AIG,DUK,beta_neutral,223.5727927192798,0.16115192205247372,-4.53646020716605,0.9003731978264862,12,3,2025-12-11
AIG/GILD,AIG,GILD,beta_neutral,-154.5181762579742,-0.11689717159160506,-4.53646020716605,2.5357575666708934e-05,10,3,2025-12-11
AIG/JNJ,AIG,JNJ,beta_neutral,-536.5949801328309,-0.4400326615425467,-4.53646020716605,1.8476707886969558e-08,10,3,2025-12-11
TRV/DGX,TRV,DGX,beta_neutral,0.0,-4.53646020716605,-4.53646020716605,2.050360054236728e-180,0,3,2025-12-11
SLB/ACGL,SLB,ACGL,beta_neutral,-1146.032756970949,-1.1401987162734661,-4.53646020716605,0.00012019501138012267,6,3,2025-12-11
ACGL/DOV,ACGL,DOV,beta_neutral,-865.9406302476417,-0.5349680817154991,-4.53646020716605,3.0144709445130136e-13,14,3,2025-12-11
ACGL/YUM,ACGL,YUM,beta_neutral,-494.1395380473057,-0.5212992857332206,-4.53646020716605,5.02912942512838e-09,10,3,2025-12-11
CNP/AEE,CNP,AEE,beta_neutral,-145.7333284016341,-0.25718164224506035,-4.53646020716605,6.204086329602286e-07,8,3,2025-12-11
NI/AEE,NI,AEE,beta_neutral,76.5217767149502,0.17114277037912143,-4.53646020716605,0.9541901630132982,6,3,2025-12-11
AME/MAR,AME,MAR,beta_neutral,1.03192312798933,0.002643671963771946,-4.53646020716605,0.021676402199547855,2,3,2025-12-11
AME/SNA,AME,SNA,beta_neutral,-17.88723220560195,-0.07349381988233371,-4.53646020716605,0.0003511584669080182,2,3,2025-12-11
CINF/AWK,CINF,AWK,beta_neutral,-991.3352246592012,-0.6271175760345165,-4.53646020716605,3.931730644110527e-21,10,3,2025-12-11
INCY/AWK,INCY,AWK,beta_neutral,-2512.282934135138,-0.8128862152102114,-4.53646020716605,1.0172920189401147e-07,20,3,2025-12-11
MDLZ/EW,MDLZ,EW,crash_defensive,3154.361538404437,0.5621118846380105,-4.63369549972758,0.9970348123467142,14,3,2025-12-11
AFL/SPG,AFL,SPG,crash_defensive,-142.3578882965826,-0.1452824724724556,-4.63369549972758,0.00020790655071893725,12,3,2025-12-11
AIG/DUK,AIG,DUK,crash_defensive,-158.3229881188955,-0.3074401525624228,-4.63369549972758,3.1203465226889153e-09,12,3,2025-12-11
AIG/GILD,AIG,GILD,crash_defensive,-339.9242889740603,-0.5429037806388208,-4.63369549972758,8.507232934856342e-13,12,3,2025-12-11
AIG/JNJ,AIG,JNJ,crash_defensive,249.9129930455035,0.5078120586185386,-4.63369549972758,0.9999999830385892,10,3,2025-12-11
TRV/DGX,TRV,DGX,crash_defensive,0.0,-4.63369549972758,-4.63369549972758,6.561839353370928e-181,0,3,2025-12-11
SLB/ACGL,SLB,ACGL,crash_defensive,-984.740824728961,-1.6528563860723995,-4.63369549972758,9.174390238250057e-06,6,3,2025-12-11
ACGL/DOV,ACGL,DOV,crash_defensive,89.08439080527808,0.12839329146407774,-4.63369549972758,0.7514795536107117,12,3,2025-12-11
ACGL/YUM,ACGL,YUM,crash_defensive,-326.1037324334011,-0.6403866128032112,-4.63369549972758,1.0213906290368794e-12,10,3,2025-12-11
CNP/AEE,CNP,AEE,crash_defensive,-66.55458430506545,-0.3401303740240496,-4.63369549972758,6.350538780029159e-10,8,3,2025-12-11
NI/AEE,NI,AEE,crash_defensive,100.3119970561911,0.7202702527370511,-4.63369549972758,0.9999999912546392,6,3,2025-12-11
AME/MAR,AME,MAR,crash_defensive,21.47033006433207,0.0785820012756844,-4.63369549972758,0.3484519558703558,4,3,2025-12-11
AME/SNA,AME,SNA,crash_defensive,0.0,-4.63369549972758,-4.63369549972758,6.561839353370928e-181,0,3,2025-12-11
CINF/AWK,CINF,AWK,crash_defensive,-15.48315806188941,-0.026509805552986442,-4.63369549972758,0.0042701609452471334,12,3,2025-12-11
INCY/AWK,INCY,AWK,crash_defensive,-1315.410692720537,-1.2011837843546205,-4.63369549972758,1.3121212699622898e-15,24,3,2025-12-11
MDLZ/EW,MDLZ,EW,beta_neutral_long_term,-613.0674233508682,-0.4855276263605237,-5.52886286127164,4.916895219053332e-20,10,3,2025-12-11
AFL/SPG,AFL,SPG,beta_neutral_long_term,42.17027881053028,0.049789336731547514,-5.52886286127164,0.17839529016059658,4,3,2025-12-11
AIG/DUK,AIG,DUK,beta_neutral_long_term,-855.1929403722661,-1.407045684274178,-5.52886286127164,1.0733135750803085e-09,8,3,2025-12-11
AIG/GILD,AIG,GILD,beta_neutral_long_term,-1157.086309028391,-0.7533801243623809,-5.52886286127164,4.2804110009731807e-16,12,3,2025-12-11
AIG/JNJ,AIG,JNJ,beta_neutral_long_term,39.66966661514118,0.022160475025734528,-5.52886286127164,0.04897786960502501,12,3,2025-12-11
TRV/DGX,TRV,DGX,beta_neutral_long_term,0.0,-5.52886286127164,-5.52886286127164,2.685080286008234e-184,0,3,2025-12-11
SLB/ACGL,SLB,ACGL,beta_neutral_long_term,-916.4747915596231,-0.6937842695227977,-5.52886286127164,2.288121885831793e-09,4,3,2025-12-11
ACGL/DOV,ACGL,DOV,beta_neutral_long_term,-1956.473507958754,-1.2856023220232695,-5.52886286127164,2.5934954172995574e-16,8,3,2025-12-11
ACGL/YUM,ACGL,YUM,beta_neutral_long_term,-275.9881853184514,-0.2662287311779847,-5.52886286127164,4.922981281602496e-10,6,3,2025-12-11
CNP/AEE,CNP,AEE,beta_neutral_long_term,-125.08916301129,-0.6021065972790611,-5.52886286127164,1.4290007402312946e-05,2,3,2025-12-11
NI/AEE,NI,AEE,beta_neutral_long_term,-65.44348136293614,-0.5316576454071739,-5.52886286127164,6.592423818415388e-06,4,3,2025-12-11
AME/MAR,AME,MAR,beta_neutral_long_term,163.576672563827,0.24694461611559257,-5.52886286127164,0.9900032756705335,6,3,2025-12-11
AME/SNA,AME,SNA,beta_neutral_long_term,-632.6779574695888,-0.7829138637229074,-5.52886286127164,0.0016493862167651504,4,3,2025-12-11
CINF/AWK,CINF,AWK,beta_neutral_long_term,-6503.32217783694,-1.2106511020953443,-5.52886286127164,2.2730180642189706e-08,10,3,2025-12-11
INCY/AWK,INCY,AWK,beta_neutral_long_term,66.0905013004301,0.02131646025976523,-5.52886286127164,0.047134715471158134,14,3,2025-12-11
MDLZ/EW,MDLZ,EW,raw_momentum_kalman,559.9243372612253,0.6578696988289475,-5.530896299748875,0.9999999954031932,10,3,2025-12-11
AFL/SPG,AFL,SPG,raw_momentum_kalman,-94.04228884615534,-0.051222283218615,-5.530896299748875,0.0034192092357822387,10,3,2025-12-11
AIG/DUK,AIG,DUK,raw_momentum_kalman,182.7338176120633,0.20240649023042928,-5.530896299748875,0.9706480247820957,10,3,2025-12-11
AIG/GILD,AIG,GILD,raw_momentum_kalman,-209.5128137249868,-0.5290845879065063,-5.530896299748875,2.8276459911035808e-08,4,3,2025-12-11
AIG/JNJ,AIG,JNJ,raw_momentum_kalman,173.5487835955673,0.1914811189105987,-5.530896299748875,0.9831568566103209,8,3,2025-12-11
TRV/DGX,TRV,DGX,raw_momentum_kalman,0.0,-5.530896299748875,-5.530896299748875,2.6493077421889507e-184,0,3,2025-12-11
SLB/ACGL,SLB,ACGL,raw_momentum_kalman,-1069.533619026397,-1.093919653013572,-5.530896299748875,0.0005585819249820513,4,3,2025-12-11
ACGL/DOV,ACGL,DOV,raw_momentum_kalman,-117.1101374688498,-0.09805660028244227,-5.530896299748875,0.002170165196246238,10,3,2025-12-11
ACGL/YUM,ACGL,YUM,raw_momentum_kalman,407.68234056901,0.659597886785754,-5.530896299748875,0.9999775372691622,4,3,2025-12-11
CNP/AEE,CNP,AEE,raw_momentum_kalman,-119.2761107917784,-0.5347407859570963,-5.530896299748875,0.0006557563541923332,2,3,2025-12-11
NI/AEE,NI,AEE,raw_momentum_kalman,238.513662071754,0.7887999641299522,-5.530896299748875,0.9999999995590189,6,3,2025-12-11
AME/MAR,AME,MAR,raw_momentum_kalman,48.15399886975786,0.0884982818991906,-5.530896299748875,0.41669218905690425,4,3,2025-12-11
AME/SNA,AME,SNA,raw_momentum_kalman,0.0,-5.530896299748875,-5.530896299748875,2.6493077421889507e-184,0,3,2025-12-11
CINF/AWK,CINF,AWK,raw_momentum_kalman,-740.952310741287,-0.23095989461831928,-5.530896299748875,1.0845407555745271e-10,10,3,2025-12-11
INCY/AWK,INCY,AWK,raw_momentum_kalman,-1491.168851801433,-0.7292817699106843,-5.530896299748875,2.4935800526509114e-08,16,3,2025-12-11
MDLZ/EW,MDLZ,EW,long_term_tilt,-813.1597624633246,-0.6719069020529845,-6.274124943810729,8.004442372925304e-20,10,3,2025-12-11
AFL/SPG,AFL,SPG,long_term_tilt,57.94963243963032,0.07056048961101573,-6.274124943810729,0.2964835047073556,4,3,2025-12-11
AIG/DUK,AIG,DUK,long_term_tilt,-766.6286099732138,-1.402706502008236,-6.274124943810729,7.226536791388367e-09,8,3,2025-12-11
AIG/GILD,AIG,GILD,long_term_tilt,-1271.176006929652,-0.9574536476818126,-6.274124943810729,1.259880518661065e-12,12,3,2025-12-11
AIG/JNJ,AIG,JNJ,long_term_tilt,874.6834301794312,0.5684952435785068,-6.274124943810729,0.9999999999999988,12,3,2025-12-11
TRV/DGX,TRV,DGX,long_term_tilt,0.0,-6.274124943810729,-6.274124943810729,4.7800156326369384e-186,0,3,2025-12-11
SLB/ACGL,SLB,ACGL,long_term_tilt,-1240.433222944191,-0.9647458212419693,-6.274124943810729,5.139260328464028e-08,4,3,2025-12-11
ACGL/DOV,ACGL,DOV,long_term_tilt,-1985.739042519763,-1.4784382070166857,-6.274124943810729,1.1850122174250095e-17,8,3,2025-12-11
ACGL/YUM,ACGL,YUM,long_term_tilt,-742.737258279895,-0.9046665034765531,-6.274124943810729,7.540399402106895e-06,6,3,2025-12-11
CNP/AEE,CNP,AEE,long_term_tilt,-108.9166510016596,-0.7848980885627563,-6.274124943810729,0.000987642035647539,2,3,2025-12-11
NI/AEE,NI,AEE,long_term_tilt,74.00705325696293,0.5263824691818038,-6.274124943810729,0.9946910270066343,4,3,2025-12-11
AME/MAR,AME,MAR,long_term_tilt,115.7170256814983,0.17046765387478466,-6.274124943810729,0.8720591977686678,6,3,2025-12-11
AME/SNA,AME,SNA,long_term_tilt,-657.2746881726085,-0.8690644691248364,-6.274124943810729,0.0024285631203972546,4,3,2025-12-11
CINF/AWK,CINF,AWK,long_term_tilt,-981.0101314343478,-0.27966441352227095,-6.274124943810729,2.6663665371472135e-11,10,3,2025-12-11
INCY/AWK,INCY,AWK,long_term_tilt,-301.5711266756369,-0.11450062374697093,-6.274124943810729,1.9353014592747108e-05,14,3,2025-12-11
MDLZ/EW,MDLZ,EW,long_term_kalman,-524.9931921718897,-0.500205569817065,-6.316442049441032,2.0629424323653854e-14,8,3,2025-12-11
AFL/SPG,AFL,SPG,long_term_kalman,-189.5266757074551,-0.22161791027053854,-6.316442049441032,3.1711255559131416e-10,4,3,2025-12-11
AIG/DUK,AIG,DUK,long_term_kalman,-863.5034028728903,-1.807030559196658,-6.316442049441032,7.61814092900613e-07,8,3,2025-12-11
AIG/GILD,AIG,GILD,long_term_kalman,-1274.361955956696,-0.9587535541520529,-6.316442049441032,9.9295883720342e-13,12,3,2025-12-11
AIG/JNJ,AIG,JNJ,long_term_kalman,186.7611121662674,0.1336724468660376,-6.316442049441032,0.7596814809263033,12,3,2025-12-11
TRV/DGX,TRV,DGX,long_term_kalman,0.0,-6.316442049441032,-6.316442049441032,3.977308626725173e-186,0,3,2025-12-11
SLB/ACGL,SLB,ACGL,long_term_kalman,-1239.499516078328,-0.9654612738938076,-6.316442049441032,5.437535886017295e-08,4,3,2025-12-11
ACGL/DOV,ACGL,DOV,long_term_kalman,-1930.848735966397,-1.4409415500138425,-6.316442049441032,1.2066062542007453e-17,8,3,2025-12-11
ACGL/YUM,ACGL,YUM,long_term_kalman,-739.6726271616533,-0.908019966267098,-6.316442049441032,5.7423405513893475e-06,6,3,2025-12-11
CNP/AEE,CNP,AEE,long_term_kalman,-108.3222326738188,-0.7852660770846097,-6.316442049441032,0.0009658235060063584,2,3,2025-12-11
NI/AEE,NI,AEE,long_term_kalman,75.50375978320774,0.5340270242342953,-6.316442049441032,0.9949197493512192,4,3,2025-12-11
AME/MAR,AME,MAR,long_term_kalman,115.7170256814983,0.17046765387478466,-6.316442049441032,0.8720591977686678,6,3,2025-12-11
AME/SNA,AME,SNA,long_term_kalman,-657.2746881726085,-0.8690644691248364,-6.316442049441032,0.0024285631203972546,4,3,2025-12-11
CINF/AWK,CINF,AWK,long_term_kalman,-1856.215708802159,-0.4543501322102258,-6.316442049441032,1.0661292092413311e-15,10,3,2025-12-11
INCY/AWK,INCY,AWK,long_term_kalman,-329.8935420463403,-0.1232710024554839,-6.316442049441032,1.051610595846853e-05,12,3,2025-12-11
MDLZ/EW,MDLZ,EW,short_term_tilt,-856.3447997831448,-0.772579352586441,-6.567752116797516,5.514391239637119e-16,22,3,2025-12-11
AFL/SPG,AFL,SPG,short_term_tilt,-125.6567016116158,-0.06740575687762346,-6.567752116797516,0.0019742500172008717,16,3,2025-12-11
AIG/DUK,AIG,DUK,short_term_tilt,650.8742468366794,0.9400852670750249,-6.567752116797516,0.9999999999729005,12,3,2025-12-11
AIG/GILD,AIG,GILD,short_term_tilt,-1141.728811394232,-0.5893946887067121,-6.567752116797516,1.563536604830603e-06,10,3,2025-12-11
AIG/JNJ,AIG,JNJ,short_term_tilt,121.4463193148322,0.08462149883816922,-6.567752116797516,0.37460230492388863,14,3,2025-12-11
TRV/DGX,TRV,DGX,short_term_tilt,-2174.26817309572,-1.8747062762239306,-6.567752116797516,1.1242864341091738e-05,10,3,2025-12-11
SLB/ACGL,SLB,ACGL,short_term_tilt,-1493.965628524459,-1.0377766392346406,-6.567752116797516,1.2734367067408593e-10,12,3,2025-12-11
ACGL/DOV,ACGL,DOV,short_term_tilt,-1811.047556555985,-1.1102378465259335,-6.567752116797516,2.392171726475714e-09,14,3,2025-12-11
ACGL/YUM,ACGL,YUM,short_term_tilt,-1459.862295872508,-1.3362903061476974,-6.567752116797516,8.505391319330505e-13,16,3,2025-12-11
CNP/AEE,CNP,AEE,short_term_tilt,-209.3400922039507,-0.4237724496312048,-6.567752116797516,6.689824834915687e-10,6,3,2025-12-11
NI/AEE,NI,AEE,short_term_tilt,-43.56350441895634,-0.18622800667726913,-6.567752116797516,4.056368820863132e-06,6,3,2025-12-11
AME/MAR,AME,MAR,short_term_tilt,-388.6964615403908,-0.7549573008630082,-6.567752116797516,1.4239437473370738e-10,8,3,2025-12-11
AME/SNA,AME,SNA,short_term_tilt,-574.4615819274758,-1.1522721689621718,-6.567752116797516,4.3906199447733846e-10,6,3,2025-12-11
CINF/AWK,CINF,AWK,short_term_tilt,-1047.523301910205,-1.163430878360532,-6.567752116797516,5.149181904092588e-13,10,3,2025-12-11
INCY/AWK,INCY,AWK,short_term_tilt,1539.462138577689,0.7029011678580261,-6.567752116797516,0.9999999771386452,20,3,2025-12-11
MDLZ/EW,MDLZ,EW,raw_momentum,386.1806854470568,0.44370905691345586,-6.606395900490353,0.9999993342351619,12,3,2025-12-11
AFL/SPG,AFL,SPG,raw_momentum,-873.6786338434306,-1.2313075868839254,-6.606395900490353,3.449275553966166e-18,8,3,2025-12-11
AIG/DUK,AIG,DUK,raw_momentum,402.2572368787452,0.40528961352728343,-6.606395900490353,0.9999990197611319,10,3,2025-12-11
AIG/GILD,AIG,GILD,raw_momentum,-208.9165744980617,-0.5272019260484699,-6.606395900490353,2.8336808614146886e-08,4,3,2025-12-11
AIG/JNJ,AIG,JNJ,raw_momentum,-180.7120901555339,-0.2794069203376918,-6.606395900490353,0.00031850917138792276,6,3,2025-12-11
TRV/DGX,TRV,DGX,raw_momentum,0.0,-6.606395900490353,-6.606395900490353,1.250387237362672e-186,0,3,2025-12-11
SLB/ACGL,SLB,ACGL,raw_momentum,-1070.025278407516,-1.093330269705806,-6.606395900490353,0.0005500574320928213,4,3,2025-12-11
ACGL/DOV,ACGL,DOV,raw_momentum,-199.7961931428393,-0.16464488820621068,-6.606395900490353,0.001083132136398557,12,3,2025-12-11
ACGL/YUM,ACGL,YUM,raw_momentum,414.0594553264441,0.6610793526500337,-6.606395900490353,0.9999768370955183,4,3,2025-12-11
CNP/AEE,CNP,AEE,raw_momentum,-121.0932567415771,-0.5446571720712754,-6.606395900490353,0.0006808686593705765,2,3,2025-12-11
NI/AEE,NI,AEE,raw_momentum,234.9787446085946,0.7873701432414691,-6.606395900490353,0.9999999996755178,6,3,2025-12-11
AME/MAR,AME,MAR,raw_momentum,21.86007232037184,0.062429910758207134,-6.606395900490353,0.2602389276603595,2,3,2025-12-11
AME/SNA,AME,SNA,raw_momentum,0.0,-6.606395900490353,-6.606395900490353,1.250387237362672e-186,0,3,2025-12-11
CINF/AWK,CINF,AWK,raw_momentum,-546.3643072728087,-0.17151153607054165,-6.606395900490353,1.7465449091243977e-09,8,3,2025-12-11
INCY/AWK,INCY,AWK,raw_momentum,-833.8422584562654,-0.423549836763901,-6.606395900490353,1.6485910294909063e-07,12,3,2025-12-11
MDLZ/EW,MDLZ,EW,uniform_weights,228.0594321170156,0.20224147825672953,-6.714077664914249,0.9668362668334276,12,3,2025-12-11
AFL/SPG,AFL,SPG,uniform_weights,-860.3662705534163,-0.8133799545442028,-6.714077664914249,7.997039125324856e-14,10,3,2025-12-11
AIG/DUK,AIG,DUK,uniform_weights,-99.77501974017987,-0.10652430315430708,-6.714077664914249,2.7824501624738017e-05,12,3,2025-12-11
AIG/GILD,AIG,GILD,uniform_weights,-671.1481280318657,-0.5331050494971412,-6.714077664914249,1.2839622282618102e-12,12,3,2025-12-11
AIG/JNJ,AIG,JNJ,uniform_weights,514.0439255514011,0.5209662509951892,-6.714077664914249,0.999999986207361,10,3,2025-12-11
TRV/DGX,TRV,DGX,uniform_weights,0.0,-6.714077664914249,-6.714077664914249,8.481784896549134e-187,0,3,2025-12-11
SLB/ACGL,SLB,ACGL,uniform_weights,-1964.993308839041,-1.6532934630226699,-6.714077664914249,8.831843083649008e-06,6,3,2025-12-11
ACGL/DOV,ACGL,DOV,uniform_weights,248.3847422200699,0.179734659989081,-6.714077664914249,0.9677019063547122,12,3,2025-12-11
ACGL/YUM,ACGL,YUM,uniform_weights,-661.3662769120591,-0.6485900276018953,-6.714077664914249,1.0278392949059726e-12,10,3,2025-12-11
CNP/AEE,CNP,AEE,uniform_weights,-132.592448286782,-0.34082200512555116,-6.714077664914249,4.969640410604675e-10,8,3,2025-12-11
NI/AEE,NI,AEE,uniform_weights,234.9787446085946,0.7873701432414691,-6.714077664914249,0.9999999996755178,6,3,2025-12-11
AME/MAR,AME,MAR,uniform_weights,51.51875491834599,0.09485041058576091,-6.714077664914249,0.46051222618760945,4,3,2025-12-11
AME/SNA,AME,SNA,uniform_weights,0.0,-6.714077664914249,-6.714077664914249,8.481784896549134e-187,0,3,2025-12-11
CINF/AWK,CINF,AWK,uniform_weights,-249.9772419902229,-0.07768019292924311,-6.714077664914249,1.749597381528721e-05,10,3,2025-12-11
INCY/AWK,INCY,AWK,uniform_weights,-2473.964732834637,-1.0205818118109473,-6.714077664914249,4.787448740785407e-12,20,3,2025-12-11
MDLZ/EW,MDLZ,EW,fast_rebalance,-501.3484403745077,-0.4280770678570188,-6.743847413814865,7.306743805542144e-15,22,3,2025-12-11
AFL/SPG,AFL,SPG,fast_rebalance,-162.8034103943731,-0.08736297606114424,-6.743847413814865,0.0012184069299719183,16,3,2025-12-11
AIG/DUK,AIG,DUK,fast_rebalance,651.5009662013081,0.9402198731466456,-6.743847413814865,0.999999999973703,12,3,2025-12-11
AIG/GILD,AIG,GILD,fast_rebalance,-1142.549634917716,-0.5897370287134674,-6.743847413814865,1.556547276375109e-06,10,3,2025-12-11
AIG/JNJ,AIG,JNJ,fast_rebalance,976.6606856154568,0.8238019719157781,-6.743847413814865,0.9999995220056718,12,3,2025-12-11
TRV/DGX,TRV,DGX,fast_rebalance,-2174.26817309572,-1.8747062762239306,-6.743847413814865,1.1242864341091738e-05,10,3,2025-12-11
SLB/ACGL,SLB,ACGL,fast_rebalance,-1546.796172786792,-1.0748829548785601,-6.743847413814865,1.993993962210413e-10,12,3,2025-12-11
ACGL/DOV,ACGL,DOV,fast_rebalance,-2304.14032252216,-1.46051626242403,-6.743847413814865,1.6058208607824345e-08,14,3,2025-12-11
ACGL/YUM,ACGL,YUM,fast_rebalance,-1664.826534881078,-1.6038203836165768,-6.743847413814865,2.8121242879510354e-11,16,3,2025-12-11
CNP/AEE,CNP,AEE,fast_rebalance,-207.9542763873726,-0.42061363025286824,-6.743847413814865,8.570603237948734e-10,6,3,2025-12-11
NI/AEE,NI,AEE,fast_rebalance,-44.09201521869289,-0.1873599205176342,-6.743847413814865,4.186438403244109e-06,6,3,2025-12-11
AME/MAR,AME,MAR,fast_rebalance,-388.6964615403908,-0.7549573008630082,-6.743847413814865,1.4239437473370738e-10,8,3,2025-12-11
AME/SNA,AME,SNA,fast_rebalance,-276.1975379863533,-0.6940286873853141,-6.743847413814865,4.992828175479627e-10,4,3,2025-12-11
CINF/AWK,CINF,AWK,fast_rebalance,-1123.296359558167,-1.2508690835174836,-6.743847413814865,1.7083952235168825e-12,10,3,2025-12-11
INCY/AWK,INCY,AWK,fast_rebalance,1290.631336456635,0.5905110900390718,-6.743847413814865,0.9999998932005782,18,3,2025-12-11
MDLZ/EW,MDLZ,EW,sensitive_reversal,-2058.045517579214,-1.4735583578744595,-9.093787796770256,5.367299907180399e-07,22,3,2025-12-11
AFL/SPG,AFL,SPG,sensitive_reversal,-31.69009208262251,-0.07091697621229959,-9.093787796770256,0.00042765843946543657,10,3,2025-12-11
AIG/DUK,AIG,DUK,sensitive_reversal,229.9675762031257,0.3490936104413519,-9.093787796770256,0.9994503140740056,12,3,2025-12-11
AIG/GILD,AIG,GILD,sensitive_reversal,-233.0280239076756,-0.24138659861016473,-9.093787796770256,2.91439017866839e-09,12,3,2025-12-11
AIG/JNJ,AIG,JNJ,sensitive_reversal,-60.41690418725284,-0.05745247050707197,-9.093787796770256,0.001126751738098509,14,3,2025-12-11
TRV/DGX,TRV,DGX,sensitive_reversal,0.0,-9.093787796770256,-9.093787796770256,5.538318508210775e-189,0,3,2025-12-11
SLB/ACGL,SLB,ACGL,sensitive_reversal,-663.708705144687,-0.7173863370894066,-9.093787796770256,5.068920304947673e-07,6,3,2025-12-11
ACGL/DOV,ACGL,DOV,sensitive_reversal,146.5241545159915,0.11021752410685531,-9.093787796770256,0.5946541001999777,16,3,2025-12-11
ACGL/YUM,ACGL,YUM,sensitive_reversal,-699.2940825897241,-0.942674007408409,-9.093787796770256,2.0440601101372823e-05,14,3,2025-12-11
CNP/AEE,CNP,AEE,sensitive_reversal,84.12933518929685,0.1797046702747233,-9.093787796770256,0.9312115966781515,8,3,2025-12-11
NI/AEE,NI,AEE,sensitive_reversal,-25.90168767817568,-0.1073911601802445,-9.093787796770256,1.0595301045139398e-05,12,3,2025-12-11
AME/MAR,AME,MAR,sensitive_reversal,-261.4287448143111,-0.5861509876910332,-9.093787796770256,2.128776932429191e-09,4,3,2025-12-11
AME/SNA,AME,SNA,sensitive_reversal,-150.2735577981042,-0.6706224090735413,-9.093787796770256,4.550465004278062e-07,2,3,2025-12-11
CINF/AWK,CINF,AWK,sensitive_reversal,958.1277109561341,0.9463517716107753,-9.093787796770256,0.9999999999999468,14,3,2025-12-11
INCY/AWK,INCY,AWK,sensitive_reversal,-2843.662899474002,-1.5033495112830635,-9.093787796770256,4.813526092207205e-09,22,3,2025-12-11
MDLZ/EW,MDLZ,EW,vol_sized_conservative,1584.825473556999,0.5619805379178614,-9.167932435206312,0.9973496379741401,14,3,2025-12-11
AFL/SPG,AFL,SPG,vol_sized_conservative,-445.0023762246045,-1.1741220579479492,-9.167932435206312,1.0623970229992995e-13,10,3,2025-12-11
AIG/DUK,AIG,DUK,vol_sized_conservative,-146.7258669732732,-0.38458680903391823,-9.167932435206312,3.716928864575891e-10,12,3,2025-12-11
AIG/GILD,AIG,GILD,vol_sized_conservative,-90.91525984229598,-0.2595871793675444,-9.167932435206312,4.542778337513344e-09,10,3,2025-12-11
AIG/JNJ,AIG,JNJ,vol_sized_conservative,182.0233290835691,0.4952028157679482,-9.167932435206312,0.9999999748320255,10,3,2025-12-11
TRV/DGX,TRV,DGX,vol_sized_conservative,0.0,-9.167932435206312,-9.167932435206312,5.074298982497365e-189,0,3,2025-12-11
SLB/ACGL,SLB,ACGL,vol_sized_conservative,-174.7262094144282,-0.8827292056831136,-9.167932435206312,0.001659239097347032,6,3,2025-12-11
ACGL/DOV,ACGL,DOV,vol_sized_conservative,51.82583565717472,0.1014368153330558,-9.167932435206312,0.5077189566525158,14,3,2025-12-11
ACGL/YUM,ACGL,YUM,vol_sized_conservative,-225.9739967146018,-0.7557275160982705,-9.167932435206312,3.9057827471152724e-07,10,3,2025-12-11
CNP/AEE,CNP,AEE,vol_sized_conservative,-50.30089102125381,-0.34831450140788217,-9.167932435206312,2.7740689424937056e-10,8,3,2025-12-11
NI/AEE,NI,AEE,vol_sized_conservative,75.14382191702981,0.7189886195294011,-9.167932435206312,0.9999999896264657,6,3,2025-12-11
AME/MAR,AME,MAR,vol_sized_conservative,15.65687888427095,0.1169405914139238,-9.167932435206312,0.5924623260653641,2,3,2025-12-11
AME/SNA,AME,SNA,vol_sized_conservative,-63.20581266941073,-0.7824458102680657,-9.167932435206312,1.3424945014032634e-06,2,3,2025-12-11
CINF/AWK,CINF,AWK,vol_sized_conservative,-61.17604642903348,-0.13164794947262806,-9.167932435206312,5.526560524719107e-07,10,3,2025-12-11
INCY/AWK,INCY,AWK,vol_sized_conservative,-1085.56551605351,-1.4547799761245779,-9.167932435206312,4.862660307474076e-11,18,3,2025-12-11
MDLZ/EW,MDLZ,EW,conservative,1837.860250741105,0.6664148491657337,-9.361567345515605,0.9961602553314999,14,3,2025-12-11
AFL/SPG,AFL,SPG,conservative,-19.68358885878661,-0.031933331953913104,-9.361567345515605,0.0074477023475100134,12,3,2025-12-11
AIG/DUK,AIG,DUK,conservative,54.53661740889527,0.16658161189222173,-9.361567345515605,0.9157687219882915,12,3,2025-12-11
AIG/GILD,AIG,GILD,conservative,-355.445144204389,-0.9207357185139815,-9.361567345515605,2.0319038194872068e-12,12,3,2025-12-11
AIG/JNJ,AIG,JNJ,conservative,99.87003029095013,0.2828935189789692,-9.361567345515605,0.9998461557553043,10,3,2025-12-11
TRV/DGX,TRV,DGX,conservative,0.0,-9.361567345515605,-9.361567345515605,4.087127222798542e-189,0,3,2025-12-11
SLB/ACGL,SLB,ACGL,conservative,-301.301226404462,-1.1980928714724566,-9.361567345515605,7.600748932692568e-05,6,3,2025-12-11
ACGL/DOV,ACGL,DOV,conservative,71.79719263985731,0.24576725232409904,-9.361567345515605,0.9884123786445564,12,3,2025-12-11
ACGL/YUM,ACGL,YUM,conservative,-388.0531515633262,-1.2519519031788495,-9.361567345515605,1.0027777045675927e-06,12,3,2025-12-11
CNP/AEE,CNP,AEE,conservative,-138.6592693965996,-1.1348414167004224,-9.361567345515605,2.5748272557976513e-08,8,3,2025-12-11
NI/AEE,NI,AEE,conservative,3.370145487342342,0.04612524495406209,-9.361567345515605,0.11591360143987789,8,3,2025-12-11
AME/MAR,AME,MAR,conservative,-28.80612319616199,-0.14974649923198943,-9.361567345515605,4.972563330691326e-10,4,3,2025-12-11
AME/SNA,AME,SNA,conservative,0.0,-9.361567345515605,-9.361567345515605,4.087127222798542e-189,0,3,2025-12-11
CINF/AWK,CINF,AWK,conservative,-202.510246446189,-0.5521758113106896,-9.361567345515605,6.770642532770392e-17,14,3,2025-12-11
INCY/AWK,INCY,AWK,conservative,-891.6488438512584,-1.242529806153589,-9.361567345515605,2.1666238147975964e-10,24,3,2025-12-11
MDLZ/EW,MDLZ,EW,fast_strict,-264.6229439447217,-0.32852558574459845,-9.918186550924226,6.091838337619786e-11,22,3,2025-12-11
AFL/SPG,AFL,SPG,fast_strict,160.7274392041249,0.1171132679963589,-9.918186550924226,0.6425309674560898,16,3,2025-12-11
AIG/DUK,AIG,DUK,fast_strict,350.4695722007276,0.5547072091472937,-9.918186550924226,0.9999999398534545,14,3,2025-12-11
AIG/GILD,AIG,GILD,fast_strict,-972.8081017680796,-0.5324186384528193,-9.918186550924226,1.0879779537893345e-05,10,3,2025-12-11
AIG/JNJ,AIG,JNJ,fast_strict,729.9794372067173,0.7914222428978949,-9.918186550924226,0.999999842828705,14,3,2025-12-11
TRV/DGX,TRV,DGX,fast_strict,-1481.01671100812,-1.7308852250987317,-9.918186550924226,1.2294371659325406e-05,10,3,2025-12-11
SLB/ACGL,SLB,ACGL,fast_strict,-824.3753938299487,-0.8646119416974672,-9.918186550924226,4.98402429792425e-09,12,3,2025-12-11
ACGL/DOV,ACGL,DOV,fast_strict,-1736.471469179008,-1.966881504665593,-9.918186550924226,6.764984739452295e-12,14,3,2025-12-11
ACGL/YUM,ACGL,YUM,fast_strict,-1312.698757861735,-1.7156105363911753,-9.918186550924226,1.1599709214653506e-10,16,3,2025-12-11
CNP/AEE,CNP,AEE,fast_strict,-38.90709642086537,-0.11497260067271435,-9.918186550924226,3.6120415587568705e-05,6,3,2025-12-11
NI/AEE,NI,AEE,fast_strict,4.352936909684203,0.02865563476635456,-9.918186550924226,0.06972724578648191,8,3,2025-12-11
AME/MAR,AME,MAR,fast_strict,-400.2691320317988,-1.0934829781126425,-9.918186550924226,2.609102364579957e-09,10,3,2025-12-11
AME/SNA,AME,SNA,fast_strict,-199.7830448823767,-0.6810685546767798,-9.918186550924226,5.201664755659232e-10,4,3,2025-12-11
CINF/AWK,CINF,AWK,fast_strict,-861.4010204031606,-1.7126064352636678,-9.918186550924226,2.5639391912634938e-11,12,3,2025-12-11
INCY/AWK,INCY,AWK,fast_strict,-717.8231053820881,-0.5699771159908817,-9.918186550924226,6.414997780897638e-11,22,3,2025-12-11
MDLZ/EW,MDLZ,EW,kalman_aggressive,4010.507279731697,0.3980182466229488,-2.218664591774288,0.9998778621345791,42,4,2026-01-22
AFL/SPG,AFL,SPG,kalman_aggressive,-5131.214238759518,-1.26516534452209,-2.218664591774288,1.8530579360324525e-09,40,4,2026-01-22
AIG/DUK,AIG,DUK,kalman_aggressive,1390.910242208878,0.4116820222083619,-2.218664591774288,0.9999999922095812,36,4,2026-01-22
AIG/GILD,AIG,GILD,kalman_aggressive,7269.937618135011,0.9981243746551397,-2.218664591774288,1.0,44,4,2026-01-22
AIG/JNJ,AIG,JNJ,kalman_aggressive,3452.789859180729,0.7955106234344362,-2.218664591774288,1.0,38,4,2026-01-22
TRV/DGX,TRV,DGX,kalman_aggressive,-5051.161825463712,-1.4436425207775399,-2.218664591774288,2.5959709221409177e-17,38,4,2026-01-22
SLB/ACGL,SLB,ACGL,kalman_aggressive,-4218.713067844849,-0.6287418783899188,-2.218664591774288,5.000674639467848e-28,40,4,2026-01-22
ACGL/DOV,ACGL,DOV,kalman_aggressive,-2063.923834684956,-0.5675759435669226,-2.218664591774288,6.494307681379125e-35,44,4,2026-01-22
ACGL/YUM,ACGL,YUM,kalman_aggressive,-5222.000615575909,-1.304460060758133,-2.218664591774288,4.455149930284488e-38,44,4,2026-01-22
CNP/AEE,CNP,AEE,kalman_aggressive,159.201264274531,0.08793119042182988,-2.218664591774288,0.4202276955460371,44,4,2026-01-22
NI/AEE,NI,AEE,kalman_aggressive,-2077.508035753397,-1.217466055467973,-2.218664591774288,4.2900831083048793e-32,36,4,2026-01-22
AME/MAR,AME,MAR,kalman_aggressive,-4443.023321031871,-1.172133054785583,-2.218664591774288,4.2829297431608497e-17,40,4,2026-01-22
AME/SNA,AME,SNA,kalman_aggressive,-89.73299131791282,-0.02683260138651939,-2.218664591774288,0.003284116298187909,38,4,2026-01-22
CINF/AWK,CINF,AWK,kalman_aggressive,-3026.307873561981,-0.48954642570506096,-2.218664591774288,1.3156401821286296e-18,38,4,2026-01-22
INCY/AWK,INCY,AWK,kalman_aggressive,-5213.609949772722,-0.5202504834966557,-2.218664591774288,2.9138988821486922e-09,48,4,2026-01-22
MDLZ/EW,MDLZ,EW,aggressive,3351.451530342382,0.31322583124344444,-2.532582802647652,0.9999630996583637,40,4,2026-01-22
AFL/SPG,AFL,SPG,aggressive,-10264.23932774809,-1.774995718040052,-2.532582802647652,8.532140652012313e-08,40,4,2026-01-22
AIG/DUK,AIG,DUK,aggressive,-937.6734697745185,-0.2716931620590228,-2.532582802647652,1.8881309857712938e-11,36,4,2026-01-22
AIG/GILD,AIG,GILD,aggressive,8268.043556477507,0.9390197556960779,-2.532582802647652,1.0,46,4,2026-01-22
AIG/JNJ,AIG,JNJ,aggressive,2409.813263212166,0.4664852037080457,-2.532582802647652,0.9999999992924714,36,4,2026-01-22
TRV/DGX,TRV,DGX,aggressive,-4784.861846972412,-1.1395754332795096,-2.532582802647652,1.2281020729483786e-23,32,4,2026-01-22
SLB/ACGL,SLB,ACGL,aggressive,-14659.43872128477,-1.8716858548601432,-2.532582802647652,3.702248048800815e-36,40,4,2026-01-22
ACGL/DOV,ACGL,DOV,aggressive,-3857.467280943019,-0.7811953840809922,-2.532582802647652,5.673548775227216e-34,46,4,2026-01-22
ACGL/YUM,ACGL,YUM,aggressive,-3125.406380599141,-0.6229734092737546,-2.532582802647652,3.2475425809205655e-27,44,4,2026-01-22
CNP/AEE,CNP,AEE,aggressive,196.8523407364204,0.08737045802938954,-2.532582802647652,0.4155546971892336,42,4,2026-01-22
NI/AEE,NI,AEE,aggressive,-2418.593868812621,-0.9595143791086532,-2.532582802647652,2.9353322454646526e-12,34,4,2026-01-22
AME/MAR,AME,MAR,aggressive,-5815.05801906173,-1.4546135345247821,-2.532582802647652,1.0896899797529637e-17,38,4,2026-01-22
AME/SNA,AME,SNA,aggressive,1039.863921432463,0.25134659736403264,-2.532582802647652,0.9941058392188142,38,4,2026-01-22
CINF/AWK,CINF,AWK,aggressive,-5242.496355875457,-0.7636836842290508,-2.532582802647652,1.3704069734564368e-23,36,4,2026-01-22
INCY/AWK,INCY,AWK,aggressive,701.6415057971726,0.08226185323953547,-2.532582802647652,0.37746117007763946,44,4,2026-01-22
MDLZ/EW,MDLZ,EW,no_skip_month,752.4232645050861,0.4284348736631454,-2.60523776088245,0.999997397435339,24,4,2026-01-22
AFL/SPG,AFL,SPG,no_skip_month,-589.917181475812,-0.28061361921192,-2.60523776088245,4.961100410694893e-05,16,4,2026-01-22
AIG/DUK,AIG,DUK,no_skip_month,215.333666598399,0.18499833104388957,-2.60523776088245,0.9691932599573919,14,4,2026-01-22
AIG/GILD,AIG,GILD,no_skip_month,-743.9288828089939,-0.5103830650417572,-2.60523776088245,1.436167905660019e-15,14,4,2026-01-22
AIG/JNJ,AIG,JNJ,no_skip_month,784.724715814662,0.7192437627558111,-2.60523776088245,0.999999999995768,14,4,2026-01-22
TRV/DGX,TRV,DGX,no_skip_month,-302.3353438672262,-0.4562599721265865,-2.60523776088245,3.611322470598428e-05,2,4,2026-01-22
SLB/ACGL,SLB,ACGL,no_skip_month,-1341.812124317765,-1.2651009863634621,-2.60523776088245,0.00028806010871878157,8,4,2026-01-22
ACGL/DOV,ACGL,DOV,no_skip_month,4591.312047445533,1.0438311632736401,-2.60523776088245,0.999998653279863,22,4,2026-01-22
ACGL/YUM,ACGL,YUM,no_skip_month,-530.6475791802175,-0.5242270639749724,-2.60523776088245,1.129876367960882e-10,14,4,2026-01-22
CNP/AEE,CNP,AEE,no_skip_month,-135.6923404045388,-0.33453556116217187,-2.60523776088245,4.864482406763366e-10,8,4,2026-01-22
NI/AEE,NI,AEE,no_skip_month,236.9558976968895,0.7641001104952259,-2.60523776088245,0.9999999996846446,6,4,2026-01-22
AME/MAR,AME,MAR,no_skip_month,101.1879346388824,0.16705912528660893,-2.60523776088245,0.8564698585227686,4,4,2026-01-22
AME/SNA,AME,SNA,no_skip_month,-189.7963166348749,-0.8274583908346861,-2.60523776088245,7.04607963757007e-07,2,4,2026-01-22
CINF/AWK,CINF,AWK,no_skip_month,-670.8768940107991,-0.21999817465012503,-2.60523776088245,1.270236301131875e-12,18,4,2026-01-22
INCY/AWK,INCY,AWK,no_skip_month,2864.830910949266,0.44535064818122283,-2.60523776088245,0.9999089271937586,26,4,2026-01-22
MDLZ/EW,MDLZ,EW,trend_leverage,4181.478451766389,0.4706204476867323,-2.8305719747063773,0.9980505989559085,18,4,2026-01-22
AFL/SPG,AFL,SPG,trend_leverage,98.16782342483407,0.032410476178004154,-2.8305719747063773,0.07038197187383634,12,4,2026-01-22
AIG/DUK,AIG,DUK,trend_leverage,-419.1297606689744,-0.28460233983679883,-2.8305719747063773,4.938151368289765e-10,14,4,2026-01-22
AIG/GILD,AIG,GILD,trend_leverage,713.4364756613128,0.29821710262751455,-2.8305719747063773,0.9999567291713272,12,4,2026-01-22
AIG/JNJ,AIG,JNJ,trend_leverage,281.305733876452,0.15609805195889742,-2.8305719747063773,0.9055101730848589,12,4,2026-01-22
TRV/DGX,TRV,DGX,trend_leverage,-450.4698328975769,-0.45244898575214476,-2.8305719747063773,3.590847601138021e-05,2,4,2026-01-22
SLB/ACGL,SLB,ACGL,trend_leverage,-2966.681468507957,-1.6034699083679298,-2.8305719747063773,9.048163516323085e-06,6,4,2026-01-22
ACGL/DOV,ACGL,DOV,trend_leverage,292.4063755164134,0.13416709152429657,-2.8305719747063773,0.8219378183075701,12,4,2026-01-22
ACGL/YUM,ACGL,YUM,trend_leverage,-992.2716307823774,-0.6259104762807027,-2.8305719747063773,1.0008858195244307e-12,10,4,2026-01-22
CNP/AEE,CNP,AEE,trend_leverage,-200.6484927996045,-0.33099714947504166,-2.8305719747063773,5.837422575624531e-10,8,4,2026-01-22
NI/AEE,NI,AEE,trend_leverage,355.2957911869854,0.7640120011769748,-2.8305719747063773,0.9999999996706642,6,4,2026-01-22
AME/MAR,AME,MAR,trend_leverage,72.41615808441222,0.08490231800825065,-2.8305719747063773,0.4099385953298925,4,4,2026-01-22
AME/SNA,AME,SNA,trend_leverage,0.0,-2.8305719747063773,-2.8305719747063773,1.5694453189380746e-172,0,4,2026-01-22
CINF/AWK,CINF,AWK,trend_leverage,-186.066642941787,-0.10181825370736276,-2.8305719747063773,1.8314474522867185e-05,14,4,2026-01-22
INCY/AWK,INCY,AWK,trend_leverage,-4373.080840837831,-1.1164621132487562,-2.8305719747063773,2.2237444940220283e-13,24,4,2026-01-22
MDLZ/EW,MDLZ,EW,crash_tolerant,2562.042400516842,0.40102606883676634,-2.970094546892129,0.9995480628730339,18,4,2026-01-22
AFL/SPG,AFL,SPG,crash_tolerant,-592.092603383648,-0.14521583092352888,-2.970094546892129,0.00018987724332634984,12,4,2026-01-22
AIG/DUK,AIG,DUK,crash_tolerant,224.125839726101,0.09825033289621363,-2.970094546892129,0.5055371128020298,14,4,2026-01-22
AIG/GILD,AIG,GILD,crash_tolerant,-1356.93369287226,-0.5227389369901948,-2.970094546892129,9.315768015890605e-13,12,4,2026-01-22
AIG/JNJ,AIG,JNJ,crash_tolerant,1040.031660475889,0.5090697476185725,-2.970094546892129,0.9999999876679564,10,4,2026-01-22
TRV/DGX,TRV,DGX,crash_tolerant,-597.2106877344526,-0.45268292877512295,-2.970094546892129,3.592338462492236e-05,2,4,2026-01-22
SLB/ACGL,SLB,ACGL,crash_tolerant,-3947.162697214357,-1.6034178415027494,-2.970094546892129,9.118054905302657e-06,6,4,2026-01-22
ACGL/DOV,ACGL,DOV,crash_tolerant,379.8965878117081,0.13145339099301565,-2.970094546892129,0.8037542239484892,12,4,2026-01-22
ACGL/YUM,ACGL,YUM,crash_tolerant,-1322.387546996615,-0.6269057549102568,-2.970094546892129,1.0378195513343795e-12,10,4,2026-01-22
CNP/AEE,CNP,AEE,crash_tolerant,-266.5878610584178,-0.3311787750241135,-2.970094546892129,5.33571618071578e-10,8,4,2026-01-22
NI/AEE,NI,AEE,crash_tolerant,470.789948699836,0.7639552341017355,-2.970094546892129,0.9999999996917516,6,4,2026-01-22
AME/MAR,AME,MAR,crash_tolerant,99.09982688983393,0.08753103203183993,-2.970094546892129,0.4286891605759834,4,4,2026-01-22
AME/SNA,AME,SNA,crash_tolerant,0.0,-2.970094546892129,-2.970094546892129,3.6372534232220234e-175,0,4,2026-01-22
CINF/AWK,CINF,AWK,crash_tolerant,-266.4392637117526,-0.10942555177689751,-2.970094546892129,9.624089644365581e-06,14,4,2026-01-22
INCY/AWK,INCY,AWK,crash_tolerant,-4148.83484590131,-0.7813499711913132,-2.970094546892129,1.677641159046212e-14,24,4,2026-01-22
MDLZ/EW,MDLZ,EW,monthly_aligned_windows,-2078.424065235796,-0.40941087672930637,-3.1594382046000344,3.8433555962328874e-08,28,4,2026-01-22
AFL/SPG,AFL,SPG,monthly_aligned_windows,228.8083249372921,0.06875064677763133,-3.1594382046000344,0.25996437047377285,32,4,2026-01-22
AIG/DUK,AIG,DUK,monthly_aligned_windows,-3205.423181261393,-0.7241548946787926,-3.1594382046000344,0.0010397963672338952,32,4,2026-01-22
AIG/GILD,AIG,GILD,monthly_aligned_windows,179.6938219935255,0.03672735564091352,-3.1594382046000344,0.11534822834427128,30,4,2026-01-22
AIG/JNJ,AIG,JNJ,monthly_aligned_windows,-1146.468341127989,-0.2919173481334278,-3.1594382046000344,7.933203919261621e-09,30,4,2026-01-22
TRV/DGX,TRV,DGX,monthly_aligned_windows,-1698.427450176717,-1.3261421096228716,-3.1594382046000344,1.525827659102075e-16,30,4,2026-01-22
SLB/ACGL,SLB,ACGL,monthly_aligned_windows,-3654.131487113053,-1.25353360402071,-3.1594382046000344,2.50669086667283e-21,28,4,2026-01-22
ACGL/DOV,ACGL,DOV,monthly_aligned_windows,112.8668723671487,0.0431910655072,-3.1594382046000344,0.1217167044406719,28,4,2026-01-22
ACGL/YUM,ACGL,YUM,monthly_aligned_windows,-5013.899340138782,-1.5281047802966048,-3.1594382046000344,0.00013241719981449784,32,4,2026-01-22
CNP/AEE,CNP,AEE,monthly_aligned_windows,-1914.26334408763,-1.202682811604998,-3.1594382046000344,4.3679135993288343e-07,32,4,2026-01-22
NI/AEE,NI,AEE,monthly_aligned_windows,-794.9738318695369,-1.1357881488737702,-3.1594382046000344,6.584880580013311e-21,28,4,2026-01-22
AME/MAR,AME,MAR,monthly_aligned_windows,-1473.494417947364,-0.5053337711417104,-3.1594382046000344,1.4575936773477968e-13,30,4,2026-01-22
AME/SNA,AME,SNA,monthly_aligned_windows,-73.14069727141828,-0.030842150964717378,-3.1594382046000344,0.003302089685921839,32,4,2026-01-22
CINF/AWK,CINF,AWK,monthly_aligned_windows,-416.2511865263281,-0.1689108429704056,-3.1594382046000344,5.422901005734079e-07,30,4,2026-01-22
INCY/AWK,INCY,AWK,monthly_aligned_windows,4789.883761295923,0.9489453562884343,-3.1594382046000344,0.9999996952379736,32,4,2026-01-22
MDLZ/EW,MDLZ,EW,weekly_aligned_windows,1531.325667268726,0.36763143063674963,-3.408622310336488,0.9999497763550171,74,4,2026-01-22
AFL/SPG,AFL,SPG,weekly_aligned_windows,-4867.32138308194,-1.3522792232496408,-3.408622310336488,1.5807962408683947e-08,92,4,2026-01-22
AIG/DUK,AIG,DUK,weekly_aligned_windows,-2296.587029020616,-0.7340853904229586,-3.408622310336488,9.669877264822643e-10,80,4,2026-01-22
AIG/GILD,AIG,GILD,weekly_aligned_windows,-2106.930632416274,-0.5812410691309113,-3.408622310336488,1.2160717624372477e-25,84,4,2026-01-22
AIG/JNJ,AIG,JNJ,weekly_aligned_windows,-3105.351895621117,-0.9215762248634636,-3.408622310336488,1.2377806428092146e-15,86,4,2026-01-22
TRV/DGX,TRV,DGX,weekly_aligned_windows,-1950.025816453961,-0.7078945893828826,-3.408622310336488,1.0666520155070165e-17,80,4,2026-01-22
SLB/ACGL,SLB,ACGL,weekly_aligned_windows,-2308.84890120008,-0.602580283086726,-3.408622310336488,1.2873168835473293e-35,82,4,2026-01-22
ACGL/DOV,ACGL,DOV,weekly_aligned_windows,-810.8858673896706,-0.2600657617454063,-3.408622310336488,2.1682965636435215e-14,80,4,2026-01-22
ACGL/YUM,ACGL,YUM,weekly_aligned_windows,-420.4129415353352,-0.13273699435032044,-3.408622310336488,1.7376104818614955e-06,88,4,2026-01-22
CNP/AEE,CNP,AEE,weekly_aligned_windows,-3040.168184717844,-1.2365994055800924,-3.408622310336488,4.798931764382549e-06,82,4,2026-01-22
NI/AEE,NI,AEE,weekly_aligned_windows,-1526.89801166531,-1.1622766540391787,-3.408622310336488,2.4240000007544273e-19,70,4,2026-01-22
AME/MAR,AME,MAR,weekly_aligned_windows,-2769.66241324123,-1.0625242881612618,-3.408622310336488,1.0813414828017589e-19,78,4,2026-01-22
AME/SNA,AME,SNA,weekly_aligned_windows,-2516.765248498756,-0.9334753561040825,-3.408622310336488,1.178531299152831e-12,78,4,2026-01-22
CINF/AWK,CINF,AWK,weekly_aligned_windows,-2332.515036230708,-0.7368476916850808,-3.408622310336488,4.896648467230445e-20,86,4,2026-01-22
INCY/AWK,INCY,AWK,weekly_aligned_windows,4756.038737380886,0.9235488607113322,-3.408622310336488,1.0,72,4,2026-01-22
MDLZ/EW,MDLZ,EW,let_profits_run,3316.188264348768,0.46098503263576196,-3.607254263106855,0.9999815886058463,14,4,2026-01-22
AFL/SPG,AFL,SPG,let_profits_run,-564.2383135531139,-0.29891171249400716,-3.607254263106855,0.00020627505314534713,12,4,2026-01-22
AIG/DUK,AIG,DUK,let_profits_run,-947.4375871349878,-0.917305013219019,-3.607254263106855,2.1698874753498875e-11,10,4,2026-01-22
AIG/GILD,AIG,GILD,let_profits_run,-982.0550521303126,-0.7754885060937967,-3.607254263106855,2.6777883998710067e-10,12,4,2026-01-22
AIG/JNJ,AIG,JNJ,let_profits_run,1007.989790780347,0.5864115953277653,-3.607254263106855,1.0,14,4,2026-01-22
TRV/DGX,TRV,DGX,let_profits_run,-59.03351028759786,-0.22455561330942952,-3.607254263106855,8.042628059335675e-08,2,4,2026-01-22
SLB/ACGL,SLB,ACGL,let_profits_run,-1827.251870972158,-1.3424674261684775,-3.607254263106855,5.494478253633325e-08,4,4,2026-01-22
ACGL/DOV,ACGL,DOV,let_profits_run,-1919.879170518837,-0.9317143305565577,-3.607254263106855,2.7592672208933857e-14,12,4,2026-01-22
ACGL/YUM,ACGL,YUM,let_profits_run,-632.1785084125117,-0.9025934638624161,-3.607254263106855,3.573106302675271e-12,6,4,2026-01-22
CNP/AEE,CNP,AEE,let_profits_run,-109.8670360905686,-0.7611166986801386,-3.607254263106855,0.000989348176700682,2,4,2026-01-22
NI/AEE,NI,AEE,let_profits_run,133.0274829916969,0.928504745931933,-3.607254263106855,0.9847929051757589,4,4,2026-01-22
AME/MAR,AME,MAR,let_profits_run,344.7990401808202,0.4594200365241355,-3.607254263106855,0.9999743663506936,4,4,2026-01-22
AME/SNA,AME,SNA,let_profits_run,-2.055098813760253,-0.020603941503772875,-3.607254263106855,0.0035117307404662072,2,4,2026-01-22
CINF/AWK,CINF,AWK,let_profits_run,-1209.901929263642,-0.9596601641437547,-3.607254263106855,2.780712681826467e-25,14,4,2026-01-22
INCY/AWK,INCY,AWK,let_profits_run,-334.6484014768268,-0.10163259276165103,-3.607254263106855,1.3860644362253434e-05,16,4,2026-01-22
MDLZ/EW,MDLZ,EW,no_reversal_protection,2483.888981197204,0.41750754193445905,-3.785471563634848,0.9981805073289545,18,4,2026-01-22
AFL/SPG,AFL,SPG,no_reversal_protection,-635.0141585479794,-0.29312745577182436,-3.785471563634848,5.076960510960929e-06,12,4,2026-01-22
AIG/DUK,AIG,DUK,no_reversal_protection,-1402.698271138891,-0.8650026236505838,-3.785471563634848,5.2359304698388e-11,14,4,2026-01-22
AIG/GILD,AIG,GILD,no_reversal_protection,-667.6367003223116,-0.4063774773815138,-3.785471563634848,1.3287498327763886e-09,12,4,2026-01-22
AIG/JNJ,AIG,JNJ,no_reversal_protection,32.69777058203704,0.02615855868136944,-3.785471563634848,0.06062781367552016,10,4,2026-01-22
TRV/DGX,TRV,DGX,no_reversal_protection,-302.3353438672262,-0.4562599721265865,-3.785471563634848,3.611322470598428e-05,2,4,2026-01-22
SLB/ACGL,SLB,ACGL,no_reversal_protection,-546.4777872207545,-0.6007211943263294,-3.785471563634848,2.8547572929060767e-10,4,4,2026-01-22
ACGL/DOV,ACGL,DOV,no_reversal_protection,1356.316738464491,0.8241636690338399,-3.785471563634848,0.9999999986148578,10,4,2026-01-22
ACGL/YUM,ACGL,YUM,no_reversal_protection,-1020.689942986919,-0.8574366783799008,-3.785471563634848,2.1095604240259513e-16,10,4,2026-01-22
CNP/AEE,CNP,AEE,no_reversal_protection,-223.8991623897193,-0.40878928513582985,-3.785471563634848,3.357457081760458e-10,6,4,2026-01-22
NI/AEE,NI,AEE,no_reversal_protection,-162.627117580741,-0.39554489723207525,-3.785471563634848,1.328890786806078e-15,6,4,2026-01-22
AME/MAR,AME,MAR,no_reversal_protection,-83.92826859433137,-0.12374936477875202,-3.785471563634848,5.265996970068555e-07,4,4,2026-01-22
AME/SNA,AME,SNA,no_reversal_protection,0.0,-3.785471563634848,-3.785471563634848,7.659701550024505e-186,0,4,2026-01-22
CINF/AWK,CINF,AWK,no_reversal_protection,-606.47676850483,-0.45345402016191383,-3.785471563634848,3.884768374712768e-18,14,4,2026-01-22
INCY/AWK,INCY,AWK,no_reversal_protection,-59.56442020519529,-0.01873990420884904,-3.785471563634848,0.006719749837603219,20,4,2026-01-22
MDLZ/EW,MDLZ,EW,entry_threshold_strong,4910.259860412967,0.7864186999021441,-3.8435310053824945,0.9993897268878027,16,4,2026-01-22
AFL/SPG,AFL,SPG,entry_threshold_strong,-215.2369517044651,-0.11334099840957686,-3.8435310053824945,0.0009749423431821994,10,4,2026-01-22
AIG/DUK,AIG,DUK,entry_threshold_strong,261.8801034799694,0.24156511364988484,-3.8435310053824945,0.9978443772158163,10,4,2026-01-22
AIG/GILD,AIG,GILD,entry_threshold_strong,440.1708657794084,0.31566834651623393,-3.8435310053824945,0.9999931882026384,10,4,2026-01-22
AIG/JNJ,AIG,JNJ,entry_threshold_strong,-265.6585925279314,-0.22935767006892166,-3.8435310053824945,2.793295648060718e-07,10,4,2026-01-22
TRV/DGX,TRV,DGX,entry_threshold_strong,-859.152758895078,-0.8595613152453491,-3.8435310053824945,1.0040918534387914e-05,2,4,2026-01-22
SLB/ACGL,SLB,ACGL,entry_threshold_strong,-1974.228859475019,-1.6038905185493986,-3.8435310053824945,8.861556534055493e-06,6,4,2026-01-22
ACGL/DOV,ACGL,DOV,entry_threshold_strong,-420.557186740028,-0.31116832494527996,-3.8435310053824945,0.00010121365336029059,12,4,2026-01-22
ACGL/YUM,ACGL,YUM,entry_threshold_strong,-1043.009123601339,-0.9501311126689417,-3.8435310053824945,8.933991718936817e-13,10,4,2026-01-22
CNP/AEE,CNP,AEE,entry_threshold_strong,-156.8994490911144,-0.38980467326399976,-3.8435310053824945,6.009898417294054e-10,6,4,2026-01-22
NI/AEE,NI,AEE,entry_threshold_strong,115.8973897466929,0.5612356324623443,-3.8435310053824945,0.9999597792605226,6,4,2026-01-22
AME/MAR,AME,MAR,entry_threshold_strong,119.6959242368947,0.20671488799570675,-3.8435310053824945,0.9357421995291081,4,4,2026-01-22
AME/SNA,AME,SNA,entry_threshold_strong,0.0,-3.8435310053824945,-3.8435310053824945,2.226758298161404e-186,0,4,2026-01-22
CINF/AWK,CINF,AWK,entry_threshold_strong,194.9922632200715,0.1549789626566078,-3.8435310053824945,0.8766443923626029,12,4,2026-01-22
INCY/AWK,INCY,AWK,entry_threshold_strong,-2882.714156035992,-1.1143195123834984,-3.8435310053824945,5.11095191519914e-13,24,4,2026-01-22
MDLZ/EW,MDLZ,EW,entry_filter_kalman,4897.852858713468,0.7827722976545516,-3.8477610446408153,0.9993852450545125,16,4,2026-01-22
AFL/SPG,AFL,SPG,entry_filter_kalman,-225.8088447357176,-0.11972361557869288,-3.8477610446408153,0.0007938011276206678,10,4,2026-01-22
AIG/DUK,AIG,DUK,entry_filter_kalman,265.6635259946598,0.24471961143538273,-3.8477610446408153,0.9980464414804783,10,4,2026-01-22
AIG/GILD,AIG,GILD,entry_filter_kalman,467.9438728863613,0.3335023392927921,-3.8477610446408153,0.999997254027575,10,4,2026-01-22
AIG/JNJ,AIG,JNJ,entry_filter_kalman,-260.1644391386862,-0.22547603953620418,-3.8477610446408153,3.075700820930267e-07,10,4,2026-01-22
TRV/DGX,TRV,DGX,entry_filter_kalman,-859.152758895078,-0.8595613152453491,-3.8477610446408153,1.0040918534387914e-05,2,4,2026-01-22
SLB/ACGL,SLB,ACGL,entry_filter_kalman,-1995.430905653935,-1.6098440329303767,-3.8477610446408153,8.19836633096204e-06,6,4,2026-01-22
ACGL/DOV,ACGL,DOV,entry_filter_kalman,-429.6410711255795,-0.32186205878395324,-3.8477610446408153,8.467259932659687e-05,12,4,2026-01-22
ACGL/YUM,ACGL,YUM,entry_filter_kalman,-1051.852585805918,-0.9600225490292704,-3.8477610446408153,7.477400706087939e-13,10,4,2026-01-22
CNP/AEE,CNP,AEE,entry_filter_kalman,-156.1923532323717,-0.3896667823552314,-3.8477610446408153,4.508119769816044e-10,6,4,2026-01-22
NI/AEE,NI,AEE,entry_filter_kalman,117.2127316269014,0.5693560965885468,-3.8477610446408153,0.9999621894955179,6,4,2026-01-22
AME/MAR,AME,MAR,entry_filter_kalman,119.6959242368947,0.20671488799570675,-3.8477610446408153,0.9357421995291081,4,4,2026-01-22
AME/SNA,AME,SNA,entry_filter_kalman,0.0,-3.8477610446408153,-3.8477610446408153,2.0391915156718274e-186,0,4,2026-01-22
CINF/AWK,CINF,AWK,entry_filter_kalman,196.3435852311264,0.1569172912162364,-3.8477610446408153,0.8842081705465299,12,4,2026-01-22
INCY/AWK,INCY,AWK,entry_filter_kalman,-2890.169386066412,-1.1121056826619502,-3.8477610446408153,2.8623038681280255e-13,24,4,2026-01-22
MDLZ/EW,MDLZ,EW,slow_rebalance,4588.650434838855,0.7257025307521664,-3.889184370499652,0.9995588548972413,16,4,2026-01-22
AFL/SPG,AFL,SPG,slow_rebalance,20.49234205203521,0.011459037565674436,-3.889184370499652,0.02826336345526019,14,4,2026-01-22
AIG/DUK,AIG,DUK,slow_rebalance,-524.3112103751811,-0.524777456894593,-3.889184370499652,6.50877938396601e-19,10,4,2026-01-22
AIG/GILD,AIG,GILD,slow_rebalance,-1710.26173347298,-1.622062149147868,-3.889184370499652,2.2681781695152266e-12,12,4,2026-01-22
AIG/JNJ,AIG,JNJ,slow_rebalance,-331.0230492062437,-0.24069317486938605,-3.889184370499652,5.699892213392369e-08,10,4,2026-01-22
TRV/DGX,TRV,DGX,slow_rebalance,28.28909287257059,0.09796796007049498,-3.889184370499652,0.5021039700918165,2,4,2026-01-22
SLB/ACGL,SLB,ACGL,slow_rebalance,-4154.357211582847,-2.499181056521364,-3.889184370499652,2.763905058584454e-12,8,4,2026-01-22
ACGL/DOV,ACGL,DOV,slow_rebalance,-400.7260104347547,-0.2162457806466431,-3.889184370499652,6.482835018346197e-07,8,4,2026-01-22
ACGL/YUM,ACGL,YUM,slow_rebalance,-5.308194457369254,-0.011225854489381975,-3.889184370499652,0.011423283622959798,6,4,2026-01-22
CNP/AEE,CNP,AEE,slow_rebalance,3.729653327603728,0.029218613179685344,-3.889184370499652,0.09013871631692144,2,4,2026-01-22
NI/AEE,NI,AEE,slow_rebalance,149.9950550160036,1.0343102074491963,-3.889184370499652,0.9868645635842693,6,4,2026-01-22
AME/MAR,AME,MAR,slow_rebalance,191.4735528345469,0.3237898266999565,-3.889184370499652,0.9956758812557083,4,4,2026-01-22
AME/SNA,AME,SNA,slow_rebalance,56.03254829792763,0.974074251955455,-3.889184370499652,0.9888768157930434,2,4,2026-01-22
CINF/AWK,CINF,AWK,slow_rebalance,-977.0955563019419,-0.7962420394577864,-3.889184370499652,6.327785068276243e-23,12,4,2026-01-22
INCY/AWK,INCY,AWK,slow_rebalance,465.3471495600727,0.16665473767588657,-3.889184370499652,0.9162848008372133,18,4,2026-01-22
MDLZ/EW,MDLZ,EW,vol_weighted_sizing,2792.251179236464,0.4715300438523668,-4.0378330235181785,0.9980492923854969,18,4,2026-01-22
AFL/SPG,AFL,SPG,vol_weighted_sizing,-280.7703809818121,-0.13733021600802817,-4.0378330235181785,0.0002383027168963072,12,4,2026-01-22
AIG/DUK,AIG,DUK,vol_weighted_sizing,107.9217414176584,0.0946091641214284,-4.0378330235181785,0.4735896500500321,14,4,2026-01-22
AIG/GILD,AIG,GILD,vol_weighted_sizing,-680.2575760353067,-0.5243721165535055,-4.0378330235181785,8.966409409823133e-13,12,4,2026-01-22
AIG/JNJ,AIG,JNJ,vol_weighted_sizing,523.0227226871489,0.5103817533683072,-4.0378330235181785,0.9999999879572856,10,4,2026-01-22
TRV/DGX,TRV,DGX,vol_weighted_sizing,-302.3353438672262,-0.4562599721265865,-4.0378330235181785,3.611322470598428e-05,2,4,2026-01-22
SLB/ACGL,SLB,ACGL,vol_weighted_sizing,-1975.117075171043,-1.6046861236542782,-4.0378330235181785,8.890475664335761e-06,6,4,2026-01-22
ACGL/DOV,ACGL,DOV,vol_weighted_sizing,192.8479327548264,0.13328259177117413,-4.0378330235181785,0.8158693356703394,12,4,2026-01-22
ACGL/YUM,ACGL,YUM,vol_weighted_sizing,-664.8349984883266,-0.6311735727402188,-4.0378330235181785,1.2412572722425465e-12,10,4,2026-01-22
CNP/AEE,CNP,AEE,vol_weighted_sizing,-134.3981745887362,-0.3345814001201503,-4.0378330235181785,4.619364853661643e-10,8,4,2026-01-22
NI/AEE,NI,AEE,vol_weighted_sizing,236.279041813692,0.764419274095278,-4.0378330235181785,0.9999999996498644,6,4,2026-01-22
AME/MAR,AME,MAR,vol_weighted_sizing,51.51875491834599,0.09201206697067352,-4.0378330235181785,0.4605517831287548,4,4,2026-01-22
AME/SNA,AME,SNA,vol_weighted_sizing,0.0,-4.0378330235181785,-4.0378330235181785,5.0861920305907784e-188,0,4,2026-01-22
CINF/AWK,CINF,AWK,vol_weighted_sizing,-129.3772662553005,-0.10646890145493539,-4.0378330235181785,1.248953099120611e-05,14,4,2026-01-22
INCY/AWK,INCY,AWK,vol_weighted_sizing,-2072.697799522734,-0.782271348893576,-4.0378330235181785,1.5594538579819452e-14,24,4,2026-01-22
MDLZ/EW,MDLZ,EW,kalman_hedge,2789.892383676548,0.4700422237214053,-4.044047072423565,0.9980438765999013,18,4,2026-01-22
AFL/SPG,AFL,SPG,kalman_hedge,-300.701232013119,-0.1483503443379849,-4.044047072423565,0.00017173824294009372,12,4,2026-01-22
AIG/DUK,AIG,DUK,kalman_hedge,114.3840472946767,0.0998300525435017,-4.044047072423565,0.5193488433975594,14,4,2026-01-22
AIG/GILD,AIG,GILD,kalman_hedge,-672.7911036417865,-0.5156649144004177,-4.044047072423565,1.1887641254891275e-12,12,4,2026-01-22
AIG/JNJ,AIG,JNJ,kalman_hedge,524.8491227315856,0.5144252875849642,-4.044047072423565,0.9999999886123466,10,4,2026-01-22
TRV/DGX,TRV,DGX,kalman_hedge,-302.3353438672262,-0.4562599721265865,-4.044047072423565,3.611322470598428e-05,2,4,2026-01-22
SLB/ACGL,SLB,ACGL,kalman_hedge,-1993.186735344494,-1.610055584845283,-4.044047072423565,8.04321928579078e-06,6,4,2026-01-22
ACGL/DOV,ACGL,DOV,kalman_hedge,186.0164132340141,0.12983123388445084,-4.044047072423565,0.7916247086914443,12,4,2026-01-22
ACGL/YUM,ACGL,YUM,kalman_hedge,-671.0297391166389,-0.6385401576471694,-4.044047072423565,1.099306035519474e-12,10,4,2026-01-22
CNP/AEE,CNP,AEE,kalman_hedge,-132.8149838857323,-0.3305158359187576,-4.044047072423565,4.658056856136705e-10,8,4,2026-01-22
NI/AEE,NI,AEE,kalman_hedge,238.7240326244347,0.7649033946194348,-4.044047072423565,0.9999999995914827,6,4,2026-01-22
AME/MAR,AME,MAR,kalman_hedge,48.15399886975786,0.08585003380497053,-4.044047072423565,0.4167243652533128,4,4,2026-01-22
AME/SNA,AME,SNA,kalman_hedge,0.0,-4.044047072423565,-4.044047072423565,4.545054504608913e-188,0,4,2026-01-22
CINF/AWK,CINF,AWK,kalman_hedge,-138.4836967046344,-0.11437532767375497,-4.044047072423565,6.507184946709662e-06,14,4,2026-01-22
INCY/AWK,INCY,AWK,kalman_hedge,-2068.444143888862,-0.7760576707361511,-4.044047072423565,1.0308840734094522e-14,24,4,2026-01-22
MDLZ/EW,MDLZ,EW,balanced,2657.258263938644,0.4484917680971509,-4.2590261387133,0.9980548848173136,20,4,2026-01-22
AFL/SPG,AFL,SPG,balanced,-981.5182180866469,-0.8746856607502425,-4.2590261387133,1.1730328781008014e-14,10,4,2026-01-22
AIG/DUK,AIG,DUK,balanced,270.2932433377191,0.27954433932012773,-4.2590261387133,0.9994400029430662,12,4,2026-01-22
AIG/GILD,AIG,GILD,balanced,772.6711814187538,0.5730534619264809,-4.2590261387133,0.9999999714142246,10,4,2026-01-22
AIG/JNJ,AIG,JNJ,balanced,523.0227226871489,0.5103817533683072,-4.2590261387133,0.9999999879572856,10,4,2026-01-22
TRV/DGX,TRV,DGX,balanced,-302.3353438672262,-0.4562599721265865,-4.2590261387133,3.611322470598428e-05,2,4,2026-01-22
SLB/ACGL,SLB,ACGL,balanced,-1101.494035147072,-1.0907130578168989,-4.2590261387133,0.0005735430132101021,6,4,2026-01-22
ACGL/DOV,ACGL,DOV,balanced,146.0123044331515,0.1018482644769822,-4.2590261387133,0.5423358811197184,14,4,2026-01-22
ACGL/YUM,ACGL,YUM,balanced,-596.3864125911467,-0.7145421887667083,-4.2590261387133,3.0618633063472985e-07,10,4,2026-01-22
CNP/AEE,CNP,AEE,balanced,-134.3981745887362,-0.3345814001201503,-4.2590261387133,4.619364853661643e-10,8,4,2026-01-22
NI/AEE,NI,AEE,balanced,236.279041813692,0.764419274095278,-4.2590261387133,0.9999999996498644,6,4,2026-01-22
AME/MAR,AME,MAR,balanced,47.03912666068913,0.12230292668892703,-4.2590261387133,0.6417121373719546,2,4,2026-01-22
AME/SNA,AME,SNA,balanced,0.0,-4.2590261387133,-4.2590261387133,1.2323002633257767e-189,0,4,2026-01-22
CINF/AWK,CINF,AWK,balanced,-213.9330702293527,-0.166281066406688,-4.2590261387133,9.286969312711977e-09,12,4,2026-01-22
INCY/AWK,INCY,AWK,balanced,-2998.187068580625,-1.1998928610972726,-4.2590261387133,8.340625493628463e-12,22,4,2026-01-22
MDLZ/EW,MDLZ,EW,short_term_beta_neutral,211.286371000451,0.12034805043564506,-4.285115073082642,0.6683054014331764,26,4,2026-01-22
AFL/SPG,AFL,SPG,short_term_beta_neutral,-567.6059881723131,-0.29100289884001584,-4.285115073082642,6.215764267720363e-08,16,4,2026-01-22
AIG/DUK,AIG,DUK,short_term_beta_neutral,1481.187592314954,1.355114541720432,-4.285115073082642,0.9999999999971478,16,4,2026-01-22
AIG/GILD,AIG,GILD,short_term_beta_neutral,-1580.535249875562,-0.6076665895108269,-4.285115073082642,6.6187010676091035e-06,18,4,2026-01-22
AIG/JNJ,AIG,JNJ,short_term_beta_neutral,103.3659301439657,0.06075766972049017,-4.285115073082642,0.23793230608226612,16,4,2026-01-22
TRV/DGX,TRV,DGX,short_term_beta_neutral,-2678.188445016886,-1.407460172965728,-4.285115073082642,0.0008236799740877561,14,4,2026-01-22
SLB/ACGL,SLB,ACGL,short_term_beta_neutral,-698.509711690836,-0.4502982147972833,-4.285115073082642,7.007972522070343e-11,14,4,2026-01-22
ACGL/DOV,ACGL,DOV,short_term_beta_neutral,-2373.089626642276,-1.3288724621033754,-4.285115073082642,4.979272280588662e-13,18,4,2026-01-22
ACGL/YUM,ACGL,YUM,short_term_beta_neutral,-2065.855454801321,-1.6255319639213384,-4.285115073082642,3.355396410719433e-12,18,4,2026-01-22
CNP/AEE,CNP,AEE,short_term_beta_neutral,129.2786618818303,0.16356512969901113,-4.285115073082642,0.9044896770634772,12,4,2026-01-22
NI/AEE,NI,AEE,short_term_beta_neutral,42.43235510863056,0.1781958366486662,-4.285115073082642,0.9719398165080052,6,4,2026-01-22
AME/MAR,AME,MAR,short_term_beta_neutral,-73.03963247798077,-0.12283054054023591,-4.285115073082642,1.7008602470126055e-05,8,4,2026-01-22
AME/SNA,AME,SNA,short_term_beta_neutral,-578.6671191840003,-1.136909660078057,-4.285115073082642,5.074984938445433e-15,8,4,2026-01-22
CINF/AWK,CINF,AWK,short_term_beta_neutral,695.6045931054514,0.19311340253979364,-4.285115073082642,0.9909203006777328,14,4,2026-01-22
INCY/AWK,INCY,AWK,short_term_beta_neutral,-1344.916512092023,-0.2776035361941629,-4.285115073082642,2.2520672888667755e-13,28,4,2026-01-22
MDLZ/EW,MDLZ,EW,default,2708.920770316053,0.4575095402969395,-4.486512482093713,0.998036708583637,18,4,2026-01-22
AFL/SPG,AFL,SPG,default,-981.5182180866469,-0.8746856607502425,-4.486512482093713,1.1730328781008014e-14,10,4,2026-01-22
AIG/DUK,AIG,DUK,default,47.42479821754694,0.041744540348188586,-4.486512482093713,0.11111811009393996,14,4,2026-01-22
AIG/GILD,AIG,GILD,default,-383.6953356625762,-0.38959668733461594,-4.486512482093713,5.2352334733887566e-11,10,4,2026-01-22
AIG/JNJ,AIG,JNJ,default,510.4532483333485,0.5007564266064736,-4.486512482093713,0.9999999846589269,10,4,2026-01-22
TRV/DGX,TRV,DGX,default,-294.8753438672263,-0.4490575036683772,-4.486512482093713,3.565826020532264e-05,2,4,2026-01-22
SLB/ACGL,SLB,ACGL,default,-1101.494035147072,-1.0907130578168989,-4.486512482093713,0.0005735430132101021,6,4,2026-01-22
ACGL/DOV,ACGL,DOV,default,148.9623044331529,0.10406149762849791,-4.486512482093713,0.5644157836442479,14,4,2026-01-22
ACGL/YUM,ACGL,YUM,default,-596.3864125911467,-0.7145421887667083,-4.486512482093713,3.0618633063472985e-07,10,4,2026-01-22
CNP/AEE,CNP,AEE,default,-134.3981745887362,-0.3345814001201503,-4.486512482093713,4.619364853661643e-10,8,4,2026-01-22
NI/AEE,NI,AEE,default,235.1343482080466,0.7644968100518057,-4.486512482093713,0.9999999996768952,6,4,2026-01-22
AME/MAR,AME,MAR,default,47.03912666068913,0.12230292668892703,-4.486512482093713,0.6417121373719546,2,4,2026-01-22
AME/SNA,AME,SNA,default,-189.7963166348749,-0.8274583908346861,-4.486512482093713,7.04607963757007e-07,2,4,2026-01-22
CINF/AWK,CINF,AWK,default,-283.3169723379617,-0.2197510651634055,-4.486512482093713,4.7640078787379e-11,12,4,2026-01-22
INCY/AWK,INCY,AWK,default,-2949.403408146808,-1.1785406315345175,-4.486512482093713,7.016237093964739e-12,22,4,2026-01-22
MDLZ/EW,MDLZ,EW,beta_neutral,4057.701336139923,0.7336819842378239,-4.829469114033534,0.9999920776183627,18,4,2026-01-22
AFL/SPG,AFL,SPG,beta_neutral,-1073.03148767705,-0.8363926727893529,-4.829469114033534,4.2390846929071845e-14,10,4,2026-01-22
AIG/DUK,AIG,DUK,beta_neutral,114.7211207483449,0.08032609574612239,-4.829469114033534,0.3507301851389084,14,4,2026-01-22
AIG/GILD,AIG,GILD,beta_neutral,-154.215429163258,-0.11324977608299436,-4.829469114033534,2.560003311711943e-05,10,4,2026-01-22
AIG/JNJ,AIG,JNJ,beta_neutral,-535.0744541522968,-0.4272319464275419,-4.829469114033534,1.762643950052432e-08,10,4,2026-01-22
TRV/DGX,TRV,DGX,beta_neutral,-430.3027077412742,-0.7483783415477729,-4.829469114033534,3.139033423887687e-08,2,4,2026-01-22
SLB/ACGL,SLB,ACGL,beta_neutral,-1146.032756970949,-1.1059111809431528,-4.829469114033534,0.00012019501547890844,6,4,2026-01-22
ACGL/DOV,ACGL,DOV,beta_neutral,-865.9406302476417,-0.5189425701951101,-4.829469114033534,3.0148475813073433e-13,14,4,2026-01-22
ACGL/YUM,ACGL,YUM,beta_neutral,-494.1395380473057,-0.5056840946546494,-4.829469114033534,5.0004471064656824e-09,10,4,2026-01-22
CNP/AEE,CNP,AEE,beta_neutral,-145.7333284016341,-0.2494839553717628,-4.829469114033534,6.172625714024634e-07,8,4,2026-01-22
NI/AEE,NI,AEE,beta_neutral,76.5217767149502,0.16602102621335182,-4.829469114033534,0.9542239321190253,6,4,2026-01-22
AME/MAR,AME,MAR,beta_neutral,1.03192312798933,0.002564564319865876,-4.829469114033534,0.02166931591265132,2,4,2026-01-22
AME/SNA,AME,SNA,beta_neutral,-17.88723220560195,-0.07129458999500238,-4.829469114033534,0.0003506360550582094,2,4,2026-01-22
CINF/AWK,CINF,AWK,beta_neutral,-1067.482186648941,-0.6521980736272415,-4.829469114033534,5.8118558620000236e-21,12,4,2026-01-22
INCY/AWK,INCY,AWK,beta_neutral,-2844.142934135139,-0.8842873831578495,-4.829469114033534,8.458123767003191e-08,22,4,2026-01-22
MDLZ/EW,MDLZ,EW,crash_defensive,2904.610222421609,0.5009611641636132,-4.876403522288865,0.9971382848729348,18,4,2026-01-22
AFL/SPG,AFL,SPG,crash_defensive,-142.3578882965826,-0.14093477806618018,-4.876403522288865,0.0002073805083553258,12,4,2026-01-22
AIG/DUK,AIG,DUK,crash_defensive,-216.873662498381,-0.40628202926257423,-4.876403522288865,1.0470142437771062e-10,14,4,2026-01-22
AIG/GILD,AIG,GILD,crash_defensive,-336.5858339828375,-0.5183137074888976,-4.876403522288865,1.2699812822544611e-12,12,4,2026-01-22
AIG/JNJ,AIG,JNJ,crash_defensive,246.6917691833473,0.4869201151527947,-4.876403522288865,0.9999999786513512,10,4,2026-01-22
TRV/DGX,TRV,DGX,crash_defensive,-146.7408548368763,-0.4534021920647019,-4.876403522288865,3.596731024030293e-05,2,4,2026-01-22
SLB/ACGL,SLB,ACGL,crash_defensive,-984.740824728961,-1.6028828756621798,-4.876403522288865,9.20190256099381e-06,6,4,2026-01-22
ACGL/DOV,ACGL,DOV,crash_defensive,89.08439080527808,0.12455108697542897,-4.876403522288865,0.7515598386716751,12,4,2026-01-22
ACGL/YUM,ACGL,YUM,crash_defensive,-326.1037324334011,-0.6211941393270834,-4.876403522288865,1.0225013169557888e-12,10,4,2026-01-22
CNP/AEE,CNP,AEE,crash_defensive,-66.55458430506545,-0.32994803332195555,-4.876403522288865,6.305634290074482e-10,8,4,2026-01-22
NI/AEE,NI,AEE,crash_defensive,100.3119970561911,0.6986747336995682,-4.876403522288865,0.9999999912243138,6,4,2026-01-22
AME/MAR,AME,MAR,crash_defensive,21.47033006433207,0.0762305056607533,-4.876403522288865,0.3484726731498704,4,4,2026-01-22
AME/SNA,AME,SNA,crash_defensive,0.0,-4.876403522288865,-4.876403522288865,4.560682460068521e-193,0,4,2026-01-22
CINF/AWK,CINF,AWK,crash_defensive,-65.66528956840267,-0.10898291789454247,-4.876403522288865,1.004431679194437e-05,14,4,2026-01-22
INCY/AWK,INCY,AWK,crash_defensive,-1450.810692720537,-1.2692169675493323,-4.876403522288865,8.08426727019996e-16,26,4,2026-01-22
MDLZ/EW,MDLZ,EW,beta_neutral_long_term,-750.4309949488563,-0.5377085653204002,-5.402628572691649,7.579608090166258e-25,12,4,2026-01-22
AFL/SPG,AFL,SPG,beta_neutral_long_term,-117.3497211894708,-0.13050905610226562,-5.402628572691649,6.051493893275638e-09,6,4,2026-01-22
AIG/DUK,AIG,DUK,beta_neutral_long_term,-856.8724558585307,-1.3677633931628062,-5.402628572691649,1.1991147477551427e-09,8,4,2026-01-22
AIG/GILD,AIG,GILD,beta_neutral_long_term,-1157.736954414216,-0.7313349146446165,-5.402628572691649,3.97458280169685e-16,12,4,2026-01-22
AIG/JNJ,AIG,JNJ,beta_neutral_long_term,44.99103142604213,0.024397121740376584,-5.402628572691649,0.05528228438553683,12,4,2026-01-22
TRV/DGX,TRV,DGX,beta_neutral_long_term,-236.1818460838925,-0.5387816322287915,-5.402628572691649,6.098409257248107e-05,2,4,2026-01-22
SLB/ACGL,SLB,ACGL,beta_neutral_long_term,-916.4747915596231,-0.6729858282492538,-5.402628572691649,2.2836841912991314e-09,4,4,2026-01-22
ACGL/DOV,ACGL,DOV,beta_neutral_long_term,-1956.473507958754,-1.2468906169221512,-5.402628572691649,2.645361242850934e-16,8,4,2026-01-22
ACGL/YUM,ACGL,YUM,beta_neutral_long_term,-275.9881853184514,-0.258260112787869,-5.402628572691649,4.896994788158724e-10,6,4,2026-01-22
CNP/AEE,CNP,AEE,beta_neutral_long_term,-125.08916301129,-0.5840646447830684,-5.402628572691649,1.4223992321145675e-05,2,4,2026-01-22
NI/AEE,NI,AEE,beta_neutral_long_term,-65.44348136293614,-0.5157315153180816,-5.402628572691649,6.550804167429025e-06,4,4,2026-01-22
AME/MAR,AME,MAR,beta_neutral_long_term,163.576672563827,0.23955347825727832,-5.402628572691649,0.9900170896517836,6,4,2026-01-22
AME/SNA,AME,SNA,beta_neutral_long_term,-632.6779574695888,-0.7594317298329991,-5.402628572691649,0.001645945884600416,4,4,2026-01-22
CINF/AWK,CINF,AWK,beta_neutral_long_term,-6705.104838481743,-1.2086525212661248,-5.402628572691649,2.2081320479074067e-08,12,4,2026-01-22
INCY/AWK,INCY,AWK,beta_neutral_long_term,566.9605013004298,0.14867318509249483,-5.402628572691649,0.8675472960569871,16,4,2026-01-22
MDLZ/EW,MDLZ,EW,raw_momentum_kalman,1027.487405422076,0.9173755012108529,-5.752239929392276,0.9999999999999649,12,4,2026-01-22
AFL/SPG,AFL,SPG,raw_momentum_kalman,-94.04228884615534,-0.049689523260060146,-5.752239929392276,0.003415850510323226,10,4,2026-01-22
AIG/DUK,AIG,DUK,raw_momentum_kalman,66.71208017043409,0.0710702758912855,-5.752239929392276,0.2858267945955445,12,4,2026-01-22
AIG/GILD,AIG,GILD,raw_momentum_kalman,-209.2055023401327,-0.5137363384331944,-5.752239929392276,2.656262667501891e-08,4,4,2026-01-22
AIG/JNJ,AIG,JNJ,raw_momentum_kalman,-59.39898516361814,-0.06131342350193619,-5.752239929392276,0.001389830233537537,8,4,2026-01-22
TRV/DGX,TRV,DGX,raw_momentum_kalman,-401.5153620552447,-0.5910794884872137,-5.752239929392276,6.408602029684826e-05,2,4,2026-01-22
SLB/ACGL,SLB,ACGL,raw_momentum_kalman,-1069.533619026397,-1.0610366865837095,-5.752239929392276,0.0005578951665192275,4,4,2026-01-22
ACGL/DOV,ACGL,DOV,raw_momentum_kalman,-117.1101374688498,-0.0951223063844908,-5.752239929392276,0.0021668592373698683,10,4,2026-01-22
ACGL/YUM,ACGL,YUM,raw_momentum_kalman,407.68234056901,0.6398277714868557,-5.752239929392276,0.9999776412157373,4,4,2026-01-22
CNP/AEE,CNP,AEE,raw_momentum_kalman,-119.2761107917784,-0.5187220981297397,-5.752239929392276,0.00065383253671126,2,4,2026-01-22
NI/AEE,NI,AEE,raw_momentum_kalman,238.513662071754,0.7651404553520784,-5.752239929392276,0.9999999995569696,6,4,2026-01-22
AME/MAR,AME,MAR,raw_momentum_kalman,48.15399886975786,0.08585003380497053,-5.752239929392276,0.4167243652533128,4,4,2026-01-22
AME/SNA,AME,SNA,raw_momentum_kalman,0.0,-5.752239929392276,-5.752239929392276,3.6833034038667025e-196,0,4,2026-01-22
CINF/AWK,CINF,AWK,raw_momentum_kalman,-832.8761872098803,-0.25204817892402137,-5.752239929392276,8.23653469555653e-11,12,4,2026-01-22
INCY/AWK,INCY,AWK,raw_momentum_kalman,-1764.508851801433,-0.8249018961710576,-5.752239929392276,1.1901762845441384e-08,18,4,2026-01-22
MDLZ/EW,MDLZ,EW,long_term_tilt,-852.536845627808,-0.6545885033453742,-6.233088364925999,1.2370277895843634e-21,12,4,2026-01-22
AFL/SPG,AFL,SPG,long_term_tilt,-61.99036756036941,-0.07192194976321277,-6.233088364925999,4.635069262387679e-05,6,4,2026-01-22
AIG/DUK,AIG,DUK,long_term_tilt,-769.3295921161862,-1.3620235835183907,-6.233088364925999,7.226428068383124e-09,8,4,2026-01-22
AIG/GILD,AIG,GILD,long_term_tilt,-1275.788039101422,-0.9308277316233358,-6.233088364925999,9.120952538025353e-13,12,4,2026-01-22
AIG/JNJ,AIG,JNJ,long_term_tilt,874.7792102048968,0.5510468166563077,-6.233088364925999,0.9999999999999986,12,4,2026-01-22
TRV/DGX,TRV,DGX,long_term_tilt,-37.06379447538944,-0.14739158814779074,-6.233088364925999,2.1049262882744915e-08,2,4,2026-01-22
SLB/ACGL,SLB,ACGL,long_term_tilt,-1240.433222944191,-0.9357750207543026,-6.233088364925999,5.145039238925091e-08,4,4,2026-01-22
ACGL/DOV,ACGL,DOV,long_term_tilt,-1985.739042519763,-1.4338301219803384,-6.233088364925999,1.2134136350050289e-17,8,4,2026-01-22
ACGL/YUM,ACGL,YUM,long_term_tilt,-742.737258279895,-0.8775114303459899,-6.233088364925999,7.533218179513245e-06,6,4,2026-01-22
CNP/AEE,CNP,AEE,long_term_tilt,-108.9166510016596,-0.761356163062471,-6.233088364925999,0.000985637729714606,2,4,2026-01-22
NI/AEE,NI,AEE,long_term_tilt,74.00705325696293,0.510614695060232,-6.233088364925999,0.9947025317137563,4,4,2026-01-22
AME/MAR,AME,MAR,long_term_tilt,115.7170256814983,0.16536611822213024,-6.233088364925999,0.8721255678749693,6,4,2026-01-22
AME/SNA,AME,SNA,long_term_tilt,-657.2746881726085,-0.8429843039765827,-6.233088364925999,0.0024239038544088217,4,4,2026-01-22
CINF/AWK,CINF,AWK,long_term_tilt,-1314.306159914788,-0.3617340652704411,-6.233088364925999,8.643932701374235e-12,12,4,2026-01-22
INCY/AWK,INCY,AWK,long_term_tilt,-61.13112667563928,-0.02024521437656569,-6.233088364925999,0.006121216627934031,16,4,2026-01-22
MDLZ/EW,MDLZ,EW,long_term_kalman,-566.5883034205153,-0.4963956606072502,-6.2739423314125995,4.591177009408905e-16,10,4,2026-01-22
AFL/SPG,AFL,SPG,long_term_kalman,-307.246675707456,-0.3430541151140162,-6.2739423314125995,2.0748353369098557e-11,6,4,2026-01-22
AIG/DUK,AIG,DUK,long_term_kalman,-865.3436212030558,-1.7522846138637607,-6.2739423314125995,7.775891216032629e-07,8,4,2026-01-22
AIG/GILD,AIG,GILD,long_term_kalman,-1274.187194784964,-0.9294662618113365,-6.2739423314125995,1.1405502821474966e-12,12,4,2026-01-22
AIG/JNJ,AIG,JNJ,long_term_kalman,184.5326477896347,0.12819736149395577,-6.2739423314125995,0.7494239709306565,12,4,2026-01-22
TRV/DGX,TRV,DGX,long_term_kalman,-37.06379447538944,-0.14739158814779074,-6.2739423314125995,2.1049262882744915e-08,2,4,2026-01-22
SLB/ACGL,SLB,ACGL,long_term_kalman,-1239.499516078328,-0.9364688368273317,-6.2739423314125995,5.44334193031617e-08,4,4,2026-01-22
ACGL/DOV,ACGL,DOV,long_term_kalman,-1930.848735966397,-1.3974827959619707,-6.2739423314125995,1.2362683554111574e-17,8,4,2026-01-22
ACGL/YUM,ACGL,YUM,long_term_kalman,-739.6726271616533,-0.8807636044051321,-6.2739423314125995,5.737538995210276e-06,6,4,2026-01-22
CNP/AEE,CNP,AEE,long_term_kalman,-108.3222326738188,-0.7617130625754754,-6.2739423314125995,0.0009638463708583541,2,4,2026-01-22
NI/AEE,NI,AEE,long_term_kalman,75.50375978320774,0.5180297642726641,-6.2739423314125995,0.9949307704575925,4,4,2026-01-22
AME/MAR,AME,MAR,long_term_kalman,115.7170256814983,0.16536611822213024,-6.2739423314125995,0.8721255678749693,6,4,2026-01-22
AME/SNA,AME,SNA,long_term_kalman,-657.2746881726085,-0.8429843039765827,-6.2739423314125995,0.0024239038544088217,4,4,2026-01-22
CINF/AWK,CINF,AWK,long_term_kalman,-2166.97340538587,-0.5135224401515225,-6.2739423314125995,1.75818699480719e-15,12,4,2026-01-22
INCY/AWK,INCY,AWK,long_term_kalman,-86.20354204634259,-0.02813307315618067,-6.2739423314125995,0.003838036599897486,14,4,2026-01-22
MDLZ/EW,MDLZ,EW,short_term_tilt,-750.7298381967388,-0.6185141485544301,-6.357095740992638,1.3156543999837504e-16,22,4,2026-01-22
AFL/SPG,AFL,SPG,short_term_tilt,-125.6567016116158,-0.06538871284618303,-6.357095740992638,0.0019718227620141187,16,4,2026-01-22
AIG/DUK,AIG,DUK,short_term_tilt,1109.457499355152,1.3497245792766597,-6.357095740992638,0.9999999999999999,16,4,2026-01-22
AIG/GILD,AIG,GILD,short_term_tilt,-716.6348496667596,-0.3450820550210285,-6.357095740992638,1.5706594180066598e-07,12,4,2026-01-22
AIG/JNJ,AIG,JNJ,short_term_tilt,354.7845467021629,0.23707115854815627,-6.357095740992638,0.9878594504812062,16,4,2026-01-22
TRV/DGX,TRV,DGX,short_term_tilt,-2455.967149389862,-1.9335184425402694,-6.357095740992638,1.3697195967295007e-06,14,4,2026-01-22
SLB/ACGL,SLB,ACGL,short_term_tilt,-1642.745628524458,-1.0926426406690992,-6.357095740992638,8.90685128429283e-11,14,4,2026-01-22
ACGL/DOV,ACGL,DOV,short_term_tilt,-1993.037556555985,-1.1387172697946248,-6.357095740992638,1.8622014929848115e-10,16,4,2026-01-22
ACGL/YUM,ACGL,YUM,short_term_tilt,-1941.352295872507,-1.4806275910718392,-6.357095740992638,1.2775350321380505e-11,18,4,2026-01-22
CNP/AEE,CNP,AEE,short_term_tilt,-248.9700922039523,-0.4725067283310751,-6.357095740992638,1.0627799941440855e-10,8,4,2026-01-22
NI/AEE,NI,AEE,short_term_tilt,-43.56350441895634,-0.18065469622595473,-6.357095740992638,4.040417581268148e-06,6,4,2026-01-22
AME/MAR,AME,MAR,short_term_tilt,-388.6964615403908,-0.7323173741228756,-6.357095740992638,1.4118183062359524e-10,8,4,2026-01-22
AME/SNA,AME,SNA,short_term_tilt,-574.4615819274758,-1.11761793278768,-6.357095740992638,4.423943032529007e-10,6,4,2026-01-22
CINF/AWK,CINF,AWK,short_term_tilt,-1048.523220826403,-1.1275249242905487,-6.357095740992638,6.690397008941031e-13,10,4,2026-01-22
INCY/AWK,INCY,AWK,short_term_tilt,1735.982138577688,0.6887497917948517,-6.357095740992638,0.9999999990462173,22,4,2026-01-22
MDLZ/EW,MDLZ,EW,fast_rebalance,-393.4453512490402,-0.30887575348718693,-6.511828137868224,9.71727673319039e-13,22,4,2026-01-22
AFL/SPG,AFL,SPG,fast_rebalance,-162.8034103943731,-0.08474870317415992,-6.511828137868224,0.001216533486223262,16,4,2026-01-22
AIG/DUK,AIG,DUK,fast_rebalance,1108.463874196542,1.346937725462323,-6.511828137868224,0.9999999999999999,16,4,2026-01-22
AIG/GILD,AIG,GILD,fast_rebalance,-717.3013560398766,-0.3453711796583289,-6.511828137868224,1.5660258862726504e-07,12,4,2026-01-22
AIG/JNJ,AIG,JNJ,fast_rebalance,1205.078001747571,0.9670935968356691,-6.511828137868224,0.9999998375802035,14,4,2026-01-22
TRV/DGX,TRV,DGX,fast_rebalance,-2424.317149389861,-1.9093151347370654,-6.511828137868224,1.3461056415503397e-06,14,4,2026-01-22
SLB/ACGL,SLB,ACGL,fast_rebalance,-1695.576172786791,-1.1282045411814272,-6.511828137868224,1.3368842676307873e-10,14,4,2026-01-22
ACGL/DOV,ACGL,DOV,fast_rebalance,-2486.13032252216,-1.464870402156292,-6.511828137868224,1.4452607944192606e-09,16,4,2026-01-22
ACGL/YUM,ACGL,YUM,fast_rebalance,-2146.316534881077,-1.699311874763596,-6.511828137868224,2.551531696168738e-10,18,4,2026-01-22
CNP/AEE,CNP,AEE,fast_rebalance,-247.5842763873742,-0.46950787933873167,-6.511828137868224,1.374661032203735e-10,8,4,2026-01-22
NI/AEE,NI,AEE,fast_rebalance,-44.09201521869289,-0.18175272585587784,-6.511828137868224,4.169899351212916e-06,6,4,2026-01-22
AME/MAR,AME,MAR,fast_rebalance,-388.6964615403908,-0.7323173741228756,-6.511828137868224,1.4118183062359524e-10,8,4,2026-01-22
AME/SNA,AME,SNA,fast_rebalance,-276.1975379863533,-0.6732228920620927,-6.511828137868224,4.975327563925996e-10,4,4,2026-01-22
CINF/AWK,CINF,AWK,fast_rebalance,-1125.807433561661,-1.2141191569805208,-6.511828137868224,2.2715947262581138e-12,10,4,2026-01-22
INCY/AWK,INCY,AWK,fast_rebalance,1487.151336456634,0.5909985237897906,-6.511828137868224,0.9999999934648798,20,4,2026-01-22
MDLZ/EW,MDLZ,EW,raw_momentum,849.6226804579082,0.7477282880287393,-6.769328806785551,0.9999999999999152,14,4,2026-01-22
AFL/SPG,AFL,SPG,raw_momentum,-873.6786338434306,-1.19424995828309,-6.769328806785551,3.595484149010874e-18,8,4,2026-01-22
AIG/DUK,AIG,DUK,raw_momentum,285.4396778429355,0.27713597684065183,-6.769328806785551,0.9997792911523389,12,4,2026-01-22
AIG/GILD,AIG,GILD,raw_momentum,-208.6134669878361,-0.5119162484288333,-6.769328806785551,2.6638871872387072e-08,4,4,2026-01-22
AIG/JNJ,AIG,JNJ,raw_momentum,-179.990536918007,-0.2707193232901799,-6.769328806785551,0.00031079002666820846,6,4,2026-01-22
TRV/DGX,TRV,DGX,raw_momentum,-401.5153620552447,-0.5910794884872137,-6.769328806785551,6.408602029684826e-05,2,4,2026-01-22
SLB/ACGL,SLB,ACGL,raw_momentum,-1070.025278407516,-1.0604651805816911,-6.769328806785551,0.0005493875191508318,4,4,2026-01-22
ACGL/DOV,ACGL,DOV,raw_momentum,-199.7961931428393,-0.15971764537812147,-6.769328806785551,0.0010806158843602487,12,4,2026-01-22
ACGL/YUM,ACGL,YUM,raw_momentum,414.0594553264441,0.6412646859980531,-6.769328806785551,0.9999769447210491,4,4,2026-01-22
CNP/AEE,CNP,AEE,raw_momentum,-121.0932567415771,-0.5283407646862743,-6.769328806785551,0.0006789032284984199,2,4,2026-01-22
NI/AEE,NI,AEE,raw_momentum,234.9787446085946,0.7637537231612591,-6.769328806785551,0.9999999996740082,6,4,2026-01-22
AME/MAR,AME,MAR,raw_momentum,21.86007232037184,0.06056176811226875,-6.769328806785551,0.2602384449833032,2,4,2026-01-22
AME/SNA,AME,SNA,raw_momentum,0.0,-6.769328806785551,-6.769328806785551,2.7052426817238574e-198,0,4,2026-01-22
CINF/AWK,CINF,AWK,raw_momentum,-653.3293642159169,-0.19872249141657655,-6.769328806785551,3.2878269670884925e-10,10,4,2026-01-22
INCY/AWK,INCY,AWK,raw_momentum,-833.8422584562654,-0.41086712715336476,-6.769328806785551,1.6355678304912256e-07,12,4,2026-01-22
MDLZ/EW,MDLZ,EW,uniform_weights,-276.2430554936321,-0.20031773371843245,-6.976449695047874,1.2215366037725605e-11,16,4,2026-01-22
AFL/SPG,AFL,SPG,uniform_weights,-860.3662705534163,-0.7889795357240208,-6.976449695047874,7.970248567931036e-14,10,4,2026-01-22
AIG/DUK,AIG,DUK,uniform_weights,-99.15552619801487,-0.10275586495991147,-6.976449695047874,2.9035884602760413e-05,12,4,2026-01-22
AIG/GILD,AIG,GILD,uniform_weights,-675.4779780885239,-0.5218183337449255,-6.976449695047874,1.0037461223924917e-12,12,4,2026-01-22
AIG/JNJ,AIG,JNJ,uniform_weights,516.8995113692717,0.5088322712986494,-6.976449695047874,0.9999999875279643,10,4,2026-01-22
TRV/DGX,TRV,DGX,uniform_weights,-294.8753438672263,-0.4490575036683772,-6.976449695047874,3.565826020532264e-05,2,4,2026-01-22
SLB/ACGL,SLB,ACGL,uniform_weights,-1964.993308839041,-1.6033064657016136,-6.976449695047874,8.858995498017142e-06,6,4,2026-01-22
ACGL/DOV,ACGL,DOV,uniform_weights,248.3847422200699,0.17435572686862527,-6.976449695047874,0.9677316141402434,12,4,2026-01-22
ACGL/YUM,ACGL,YUM,uniform_weights,-661.3662769120591,-0.6291509150808097,-6.976449695047874,1.0292173863831879e-12,10,4,2026-01-22
CNP/AEE,CNP,AEE,uniform_weights,-132.592448286782,-0.33061894105741463,-6.976449695047874,4.934607105983329e-10,8,4,2026-01-22
NI/AEE,NI,AEE,uniform_weights,234.9787446085946,0.7637537231612591,-6.976449695047874,0.9999999996740082,6,4,2026-01-22
AME/MAR,AME,MAR,uniform_weights,51.51875491834599,0.09201206697067352,-6.976449695047874,0.4605517831287548,4,4,2026-01-22
AME/SNA,AME,SNA,uniform_weights,0.0,-6.976449695047874,-6.976449695047874,1.3102075081522499e-198,0,4,2026-01-22
CINF/AWK,CINF,AWK,uniform_weights,-354.6463841066252,-0.1067670909691674,-6.976449695047874,4.5778187844332825e-07,12,4,2026-01-22
INCY/AWK,INCY,AWK,uniform_weights,-2744.204732834637,-1.087047345820669,-6.976449695047874,2.5826088414890153e-12,22,4,2026-01-22
MDLZ/EW,MDLZ,EW,sensitive_reversal,-2358.978679896232,-1.6176062693621613,-9.335790507217263,4.375484487552828e-07,26,4,2026-01-22
AFL/SPG,AFL,SPG,sensitive_reversal,-31.69009208262251,-0.06879485883169754,-9.335790507217263,0.0004270715231609251,10,4,2026-01-22
AIG/DUK,AIG,DUK,sensitive_reversal,366.6790833839515,0.5205277938238911,-9.335790507217263,0.9999639731809157,14,4,2026-01-22
AIG/GILD,AIG,GILD,sensitive_reversal,-227.6464571641927,-0.228731198671688,-9.335790507217263,4.439231707027292e-09,12,4,2026-01-22
AIG/JNJ,AIG,JNJ,sensitive_reversal,-55.78483745248514,-0.05152694684051833,-9.335790507217263,0.001418349679266011,14,4,2026-01-22
TRV/DGX,TRV,DGX,sensitive_reversal,50.32984426509097,0.3583629040053355,-9.335790507217263,0.988915956105956,2,4,2026-01-22
SLB/ACGL,SLB,ACGL,sensitive_reversal,-663.708705144687,-0.695877624075671,-9.335790507217263,5.034220070294277e-07,6,4,2026-01-22
ACGL/DOV,ACGL,DOV,sensitive_reversal,146.5241545159915,0.10691928892885441,-9.335790507217263,0.5947323128319147,16,4,2026-01-22
ACGL/YUM,ACGL,YUM,sensitive_reversal,-699.2940825897241,-0.9143705337798559,-9.335790507217263,2.041075968890041e-05,14,4,2026-01-22
CNP/AEE,CNP,AEE,sensitive_reversal,84.12933518929685,0.1743266348795708,-9.335790507217263,0.9312608772256044,8,4,2026-01-22
NI/AEE,NI,AEE,sensitive_reversal,-25.90168767817568,-0.10417751084982659,-9.335790507217263,1.057015448452139e-05,12,4,2026-01-22
AME/MAR,AME,MAR,sensitive_reversal,-261.4287448143111,-0.5685884070113133,-9.335790507217263,2.118928414751732e-09,4,4,2026-01-22
AME/SNA,AME,SNA,sensitive_reversal,-150.2735577981042,-0.6505207351719275,-9.335790507217263,4.540902034551386e-07,2,4,2026-01-22
CINF/AWK,CINF,AWK,sensitive_reversal,843.0363956122849,0.8051553844874222,-9.335790507217263,0.9999999999999467,16,4,2026-01-22
INCY/AWK,INCY,AWK,sensitive_reversal,-3113.902899474002,-1.5706659416515267,-9.335790507217263,2.3790041305453454e-09,24,4,2026-01-22
MDLZ/EW,MDLZ,EW,fast_strict,-184.7180112376087,-0.20879673078226263,-9.523152638459011,1.8618627279807907e-08,22,4,2026-01-22
AFL/SPG,AFL,SPG,fast_strict,160.7274392041249,0.11360865827287643,-9.523152638459011,0.6426128550723047,16,4,2026-01-22
AIG/DUK,AIG,DUK,fast_strict,607.0939557818249,0.8567942163608676,-9.523152638459011,0.9999999999589895,20,4,2026-01-22
AIG/GILD,AIG,GILD,fast_strict,-653.731225088082,-0.33825879508298407,-9.523152638459011,1.5363238772282378e-06,12,4,2026-01-22
AIG/JNJ,AIG,JNJ,fast_strict,902.8621368165796,0.9333257550221679,-9.523152638459011,0.9999999386143067,16,4,2026-01-22
TRV/DGX,TRV,DGX,fast_strict,-1665.306617629603,-1.7776956128668604,-9.523152638459011,1.5238317515483537e-06,14,4,2026-01-22
SLB/ACGL,SLB,ACGL,fast_strict,-935.9653938299475,-0.9365661511184405,-9.523152638459011,3.5368337519011353e-09,14,4,2026-01-22
ACGL/DOV,ACGL,DOV,fast_strict,-1871.941469179007,-1.9117329936978056,-9.523152638459011,9.015724267101796e-14,16,4,2026-01-22
ACGL/YUM,ACGL,YUM,fast_strict,-1694.318757861734,-1.803404945701495,-9.523152638459011,1.1123436492425613e-09,18,4,2026-01-22
CNP/AEE,CNP,AEE,fast_strict,-67.64709642086561,-0.1862408648240246,-9.523152638459011,9.934726050505043e-07,8,4,2026-01-22
NI/AEE,NI,AEE,fast_strict,4.352936909684203,0.027798158191297984,-9.523152638459011,0.06971835451528975,8,4,2026-01-22
AME/MAR,AME,MAR,fast_strict,-400.2691320317988,-1.060613257028042,-9.523152638459011,2.5856506828159993e-09,10,4,2026-01-22
AME/SNA,AME,SNA,fast_strict,-199.7830448823767,-0.6606526652425212,-9.523152638459011,5.181122058485902e-10,4,4,2026-01-22
CINF/AWK,CINF,AWK,fast_strict,-864.743230112616,-1.6634800659936613,-9.523152638459011,3.107801323516698e-11,12,4,2026-01-22
INCY/AWK,INCY,AWK,fast_strict,-568.9831053820889,-0.3679812532456143,-9.523152638459011,8.304178118476155e-13,24,4,2026-01-22
MDLZ/EW,MDLZ,EW,vol_sized_conservative,1394.2101523571,0.4774235061586469,-9.556581105900666,0.9975510316661482,18,4,2026-01-22
AFL/SPG,AFL,SPG,vol_sized_conservative,-445.0023762246045,-1.1388038935497555,-9.556581105900666,1.0721443961596188e-13,10,4,2026-01-22
AIG/DUK,AIG,DUK,vol_sized_conservative,-188.3943146218176,-0.47583394190075634,-9.556581105900666,3.6675015901876373e-11,14,4,2026-01-22
AIG/GILD,AIG,GILD,vol_sized_conservative,-92.26847166434959,-0.2540260438686651,-9.556581105900666,3.434758658372842e-09,10,4,2026-01-22
AIG/JNJ,AIG,JNJ,vol_sized_conservative,184.16553590913,0.487725997001299,-9.556581105900666,0.9999999789357901,10,4,2026-01-22
TRV/DGX,TRV,DGX,vol_sized_conservative,-148.8740604751617,-0.6191994815450932,-9.556581105900666,0.00033089206493836366,2,4,2026-01-22
SLB/ACGL,SLB,ACGL,vol_sized_conservative,-174.7262094144282,-0.8562365611719919,-9.556581105900666,0.0016561775295556558,6,4,2026-01-22
ACGL/DOV,ACGL,DOV,vol_sized_conservative,51.82583565717472,0.09840136242215501,-9.556581105900666,0.5077857241664602,14,4,2026-01-22
ACGL/YUM,ACGL,YUM,vol_sized_conservative,-225.9739967146018,-0.7330643916640542,-9.556581105900666,3.895967374014615e-07,10,4,2026-01-22
CNP/AEE,CNP,AEE,vol_sized_conservative,-50.30089102125381,-0.3378869322273575,-9.556581105900666,2.754590178672355e-10,8,4,2026-01-22
NI/AEE,NI,AEE,vol_sized_conservative,75.14382191702981,0.6974316782284399,-9.556581105900666,0.9999999895928239,6,4,2026-01-22
AME/MAR,AME,MAR,vol_sized_conservative,15.65687888427095,0.11344114956876153,-9.556581105900666,0.5925199321909287,2,4,2026-01-22
AME/SNA,AME,SNA,vol_sized_conservative,-63.20581266941073,-0.7589777801527692,-9.556581105900666,1.334415744587117e-06,2,4,2026-01-22
CINF/AWK,CINF,AWK,vol_sized_conservative,-97.18260438289315,-0.2028380520506873,-9.556581105900666,3.229917817850156e-10,12,4,2026-01-22
INCY/AWK,INCY,AWK,vol_sized_conservative,-1187.82551605351,-1.5207545147222112,-9.556581105900666,2.289546908824332e-11,20,4,2026-01-22
MDLZ/EW,MDLZ,EW,conservative,1654.861108342761,0.5793331230459797,-9.719516274879537,0.996472302831913,18,4,2026-01-22
AFL/SPG,AFL,SPG,conservative,-19.68358885878661,-0.03097777451989995,-9.719516274879537,0.0074423479854079065,12,4,2026-01-22
AIG/DUK,AIG,DUK,conservative,33.96686984250853,0.09999501440277314,-9.719516274879537,0.521268123577659,14,4,2026-01-22
AIG/GILD,AIG,GILD,conservative,-350.9447117262325,-0.8799491944892696,-9.719516274879537,1.485296517400561e-12,12,4,2026-01-22
AIG/JNJ,AIG,JNJ,conservative,101.9181273168494,0.2809638045707139,-9.719516274879537,0.9998914429257315,10,4,2026-01-22
TRV/DGX,TRV,DGX,conservative,11.22377969762434,0.10553754052319754,-9.719516274879537,0.5466659872625302,2,4,2026-01-22
SLB/ACGL,SLB,ACGL,conservative,-301.301226404462,-1.1620458917983556,-9.719516274879537,7.60351046244524e-05,6,4,2026-01-22
ACGL/DOV,ACGL,DOV,conservative,71.79719263985731,0.23841136962166795,-9.719516274879537,0.9884283145058183,12,4,2026-01-22
ACGL/YUM,ACGL,YUM,conservative,-388.0531515633262,-1.2142656484236871,-9.719516274879537,1.0035148136829447e-06,12,4,2026-01-22
CNP/AEE,CNP,AEE,conservative,-138.6592693965996,-1.1007165594564452,-9.719516274879537,2.591759580620269e-08,8,4,2026-01-22
NI/AEE,NI,AEE,conservative,3.370145487342342,0.044745009820428755,-9.719516274879537,0.11591178084698733,8,4,2026-01-22
AME/MAR,AME,MAR,conservative,-28.80612319616199,-0.14526519276872224,-9.719516274879537,4.949593299280807e-10,4,4,2026-01-22
AME/SNA,AME,SNA,conservative,0.0,-9.719516274879537,-9.719516274879537,6.964617438268614e-201,0,4,2026-01-22
CINF/AWK,CINF,AWK,conservative,-241.6099116490501,-0.6379862888661384,-9.719516274879537,1.4399335968492924e-17,16,4,2026-01-22
INCY/AWK,INCY,AWK,conservative,-993.9088438512583,-1.321508257258351,-9.719516274879537,1.2305464468914363e-10,26,4,2026-01-22
MDLZ/EW,MDLZ,EW,kalman_aggressive,2155.168325043195,0.20452331251570804,-2.527831358144026,0.9974898805792259,48,5,2026-03-03
AFL/SPG,AFL,SPG,kalman_aggressive,-7718.677796039769,-1.41356036302157,-2.527831358144026,2.641319003393095e-07,44,5,2026-03-03
AIG/DUK,AIG,DUK,kalman_aggressive,848.2650056479592,0.22324328223093162,-2.527831358144026,0.9969797802524559,42,5,2026-03-03
AIG/GILD,AIG,GILD,kalman_aggressive,7667.595475363198,0.9993824770322122,-2.527831358144026,1.0,50,5,2026-03-03
AIG/JNJ,AIG,JNJ,kalman_aggressive,2923.967956456972,0.5448418453557291,-2.527831358144026,0.9999999929911072,42,5,2026-03-03
TRV/DGX,TRV,DGX,kalman_aggressive,-5041.425656831245,-1.3936848475648091,-2.527831358144026,1.0517757956110306e-17,42,5,2026-03-03
SLB/ACGL,SLB,ACGL,kalman_aggressive,-4327.213107656078,-0.5805127458273359,-2.527831358144026,1.7348341095600635e-30,46,5,2026-03-03
ACGL/DOV,ACGL,DOV,kalman_aggressive,-2691.65068358199,-0.678113821075712,-2.527831358144026,3.704234235062075e-43,48,5,2026-03-03
ACGL/YUM,ACGL,YUM,kalman_aggressive,-8424.429976051211,-1.46851739059219,-2.527831358144026,1.720247831244065e-17,48,5,2026-03-03
CNP/AEE,CNP,AEE,kalman_aggressive,-455.3269897829252,-0.19046764431722282,-2.527831358144026,1.4997902785033947e-14,46,5,2026-03-03
NI/AEE,NI,AEE,kalman_aggressive,-2425.916515724244,-1.291283316006334,-2.527831358144026,3.715738912717548e-36,38,5,2026-03-03
AME/MAR,AME,MAR,kalman_aggressive,-4276.96899908924,-1.057820517810369,-2.527831358144026,1.663763872860208e-19,42,5,2026-03-03
AME/SNA,AME,SNA,kalman_aggressive,255.7210682080181,0.07362903116641813,-2.527831358144026,0.33406767006053395,40,5,2026-03-03
CINF/AWK,CINF,AWK,kalman_aggressive,-2583.099220279068,-0.3883444659004033,-2.527831358144026,1.2930685597914322e-19,40,5,2026-03-03
INCY/AWK,INCY,AWK,kalman_aggressive,-6843.36456245089,-0.6357149343891957,-2.527831358144026,9.486833366829414e-11,52,5,2026-03-03
MDLZ/EW,MDLZ,EW,aggressive,1578.191530342377,0.1419884386399218,-2.6829724228586422,0.9271806363708864,44,5,2026-03-03
AFL/SPG,AFL,SPG,aggressive,-10659.43627403216,-1.732606672778481,-2.6829724228586422,1.082784511416659e-08,44,5,2026-03-03
AIG/DUK,AIG,DUK,aggressive,-2053.878358293047,-0.500703753208177,-2.6829724228586422,2.7724029879487716e-21,40,5,2026-03-03
AIG/GILD,AIG,GILD,aggressive,8403.553556477505,0.8906313651899276,-2.6829724228586422,1.0,50,5,2026-03-03
AIG/JNJ,AIG,JNJ,aggressive,2544.982185674206,0.44044046760271,-2.6829724228586422,0.9999999998005271,38,5,2026-03-03
TRV/DGX,TRV,DGX,aggressive,-6377.501846972416,-1.3241012008347472,-2.6829724228586422,2.253178738665355e-28,36,5,2026-03-03
SLB/ACGL,SLB,ACGL,aggressive,-15873.00304534006,-1.8582204607352528,-2.6829724228586422,4.8590318743081735e-42,44,5,2026-03-03
ACGL/DOV,ACGL,DOV,aggressive,-4987.663845087155,-0.9342951445033877,-2.6829724228586422,2.136265087356554e-38,50,5,2026-03-03
ACGL/YUM,ACGL,YUM,aggressive,-3410.619934575493,-0.6335473748799901,-2.6829724228586422,6.091763101292842e-30,48,5,2026-03-03
CNP/AEE,CNP,AEE,aggressive,174.8456727762087,0.07488486006512579,-2.6829724228586422,0.33373805993934097,44,5,2026-03-03
NI/AEE,NI,AEE,aggressive,-2862.490585212835,-1.050255957843041,-2.6829724228586422,8.295570599109429e-14,36,5,2026-03-03
AME/MAR,AME,MAR,aggressive,-7748.758482805853,-1.5606849360933313,-2.6829724228586422,1.2066298748487149e-15,40,5,2026-03-03
AME/SNA,AME,SNA,aggressive,1647.137395092399,0.37717715329394613,-2.6829724228586422,0.9999794148649384,38,5,2026-03-03
CINF/AWK,CINF,AWK,aggressive,-5350.872407130319,-0.7217489600998197,-2.6829724228586422,1.1849405685645672e-26,38,5,2026-03-03
INCY/AWK,INCY,AWK,aggressive,-2016.80434427292,-0.21745415655347364,-2.6829724228586422,2.487232606205422e-13,50,5,2026-03-03
MDLZ/EW,MDLZ,EW,trend_leverage,3137.868451766389,0.33890084736476117,-2.9506558356997052,0.9982309131337896,20,5,2026-03-03
AFL/SPG,AFL,SPG,trend_leverage,-12.69399662425622,-0.0040653879252503635,-2.9506558356997052,0.015583072640333625,14,5,2026-03-03
AIG/DUK,AIG,DUK,trend_leverage,-419.086114578047,-0.2765373663140162,-2.9506558356997052,4.916540121128079e-10,14,5,2026-03-03
AIG/GILD,AIG,GILD,trend_leverage,1418.106475661313,0.5226924454417212,-2.9506558356997052,0.9999999998731164,14,5,2026-03-03
AIG/JNJ,AIG,JNJ,trend_leverage,925.7468901048169,0.4306043279705149,-2.9506558356997052,0.9999999996932967,14,5,2026-03-03
TRV/DGX,TRV,DGX,trend_leverage,-450.4698328975769,-0.43966484330704114,-2.9506558356997052,3.578622609766955e-05,2,5,2026-03-03
SLB/ACGL,SLB,ACGL,trend_leverage,-4133.692810520472,-1.9409510425254077,-2.9506558356997052,2.4895510860937145e-07,8,5,2026-03-03
ACGL/DOV,ACGL,DOV,trend_leverage,291.393054589815,0.13012668248839435,-2.9506558356997052,0.820291145843624,12,5,2026-03-03
ACGL/YUM,ACGL,YUM,trend_leverage,-1000.450093497761,-0.6138617569865313,-2.9506558356997052,1.1905705475195781e-12,10,5,2026-03-03
CNP/AEE,CNP,AEE,trend_leverage,-200.7802292221328,-0.3218437798981875,-2.9506558356997052,5.554525094670436e-10,8,5,2026-03-03
NI/AEE,NI,AEE,trend_leverage,354.7095714427736,0.7420782241315952,-2.9506558356997052,0.9999999996753589,6,5,2026-03-03
AME/MAR,AME,MAR,trend_leverage,72.55977155331297,0.08284907164681263,-2.9506558356997052,0.412492086212518,4,5,2026-03-03
AME/SNA,AME,SNA,trend_leverage,0.0,-2.9506558356997052,-2.9506558356997052,1.1243471069627065e-184,0,5,2026-03-03
CINF/AWK,CINF,AWK,trend_leverage,-185.9864979711285,-0.09893831077096657,-2.9506558356997052,1.8267996051397787e-05,14,5,2026-03-03
INCY/AWK,INCY,AWK,trend_leverage,-5585.909823521799,-1.2408770463054632,-2.9506558356997052,4.3826262918221363e-14,26,5,2026-03-03
MDLZ/EW,MDLZ,EW,crash_tolerant,1174.962400516842,0.17148268807554926,-3.0161518690475524,0.9785696324450871,20,5,2026-03-03
AFL/SPG,AFL,SPG,crash_tolerant,-740.2939503512931,-0.17614529740384474,-3.0161518690475524,0.00010232048134756217,14,5,2026-03-03
AIG/DUK,AIG,DUK,crash_tolerant,222.4418648382467,0.09479118846453084,-3.0161518690475524,0.4993958033452713,14,5,2026-03-03
AIG/GILD,AIG,GILD,crash_tolerant,66.4763071277373,0.02239045325114557,-3.0161518690475524,0.05533482912605223,14,5,2026-03-03
AIG/JNJ,AIG,JNJ,crash_tolerant,1888.561854361933,0.7399294242135017,-3.0161518690475524,0.9999999999999882,12,5,2026-03-03
TRV/DGX,TRV,DGX,crash_tolerant,-597.2106877344526,-0.4398921658363005,-3.0161518690475524,3.580116838098215e-05,2,5,2026-03-03
SLB/ACGL,SLB,ACGL,crash_tolerant,-5160.426508371105,-1.8367523197056688,-3.0161518690475524,3.1404035250988083e-07,8,5,2026-03-03
ACGL/DOV,ACGL,DOV,crash_tolerant,374.4876823146884,0.12595150900798122,-3.0161518690475524,0.7904997592304003,12,5,2026-03-03
ACGL/YUM,ACGL,YUM,crash_tolerant,-1327.996421846557,-0.6120940846413861,-3.0161518690475524,1.1175064422418033e-12,10,5,2026-03-03
CNP/AEE,CNP,AEE,crash_tolerant,-266.8077106050446,-0.32220842301517444,-3.0161518690475524,5.27225991486128e-10,8,5,2026-03-03
NI/AEE,NI,AEE,crash_tolerant,470.7846256389293,0.7423462223049255,-3.0161518690475524,0.9999999996992655,6,5,2026-03-03
AME/MAR,AME,MAR,crash_tolerant,99.28759212177914,0.08540608615773869,-3.0161518690475524,0.43126252520298863,4,5,2026-03-03
AME/SNA,AME,SNA,crash_tolerant,0.0,-3.0161518690475524,-3.0161518690475524,6.6737193280084985e-186,0,5,2026-03-03
CINF/AWK,CINF,AWK,crash_tolerant,-265.8138744353328,-0.10602861699437847,-3.0161518690475524,9.826802328926152e-06,14,5,2026-03-03
INCY/AWK,INCY,AWK,crash_tolerant,-5735.23088764654,-0.9441276897570625,-3.0161518690475524,1.4204742230297582e-15,26,5,2026-03-03
MDLZ/EW,MDLZ,EW,monthly_aligned_windows,-1546.694065235796,-0.2861767572551017,-3.105746542186269,1.1639625732172542e-11,30,5,2026-03-03
AFL/SPG,AFL,SPG,monthly_aligned_windows,-196.1721685132353,-0.05694160764126174,-3.105746542186269,0.0008890720265105146,34,5,2026-03-03
AIG/DUK,AIG,DUK,monthly_aligned_windows,-3186.028010656394,-0.6976489769843771,-3.105746542186269,0.0009515505688604359,34,5,2026-03-03
AIG/GILD,AIG,GILD,monthly_aligned_windows,85.99382199352658,0.016820170964131218,-3.105746542186269,0.04892853342715886,32,5,2026-03-03
AIG/JNJ,AIG,JNJ,monthly_aligned_windows,-905.4654424253695,-0.21798594588015605,-3.105746542186269,3.2441398208210866e-12,32,5,2026-03-03
TRV/DGX,TRV,DGX,monthly_aligned_windows,-2165.097450176716,-1.5525599808788026,-3.105746542186269,6.8160727653558085e-18,32,5,2026-03-03
SLB/ACGL,SLB,ACGL,monthly_aligned_windows,-4420.121095798008,-1.4431401350314683,-3.105746542186269,1.1200702955125976e-21,32,5,2026-03-03
ACGL/DOV,ACGL,DOV,monthly_aligned_windows,1016.145940837967,0.3522327048470858,-3.105746542186269,0.9999447115564387,30,5,2026-03-03
ACGL/YUM,ACGL,YUM,monthly_aligned_windows,-5550.472584408909,-1.6222046599354938,-3.105746542186269,0.00010030288432237901,34,5,2026-03-03
CNP/AEE,CNP,AEE,monthly_aligned_windows,-1898.969031817071,-1.158172912910233,-3.105746542186269,3.971685554558679e-07,32,5,2026-03-03
NI/AEE,NI,AEE,monthly_aligned_windows,-718.5337526802616,-0.9912231709998297,-3.105746542186269,3.5946161266658053e-22,30,5,2026-03-03
AME/MAR,AME,MAR,monthly_aligned_windows,-2336.396228318758,-0.7287286041494031,-3.105746542186269,3.086397927411284e-16,32,5,2026-03-03
AME/SNA,AME,SNA,monthly_aligned_windows,384.5949408232921,0.14630017598044967,-3.105746542186269,0.8442666861996778,34,5,2026-03-03
CINF/AWK,CINF,AWK,monthly_aligned_windows,-206.5173872122208,-0.07490794613045651,-3.105746542186269,0.00015235048808470846,32,5,2026-03-03
INCY/AWK,INCY,AWK,monthly_aligned_windows,4894.768135063707,0.9414398791852264,-3.105746542186269,0.9999997435932234,34,5,2026-03-03
MDLZ/EW,MDLZ,EW,no_skip_month,424.2838692023843,0.19745359009785368,-3.113756634232027,0.9680850504835739,26,5,2026-03-03
AFL/SPG,AFL,SPG,no_skip_month,-594.7918329042648,-0.2746373802833305,-3.113756634232027,4.8038542082446114e-05,16,5,2026-03-03
AIG/DUK,AIG,DUK,no_skip_month,117.1490205372148,0.09356110796758339,-3.113756634232027,0.48847141559506124,16,5,2026-03-03
AIG/GILD,AIG,GILD,no_skip_month,-15.99995812947316,-0.009819413347624553,-3.113756634232027,0.010800743515271787,16,5,2026-03-03
AIG/JNJ,AIG,JNJ,no_skip_month,1213.743404698705,0.908247187515878,-3.113756634232027,1.0,16,5,2026-03-03
TRV/DGX,TRV,DGX,no_skip_month,-302.3353438672262,-0.4433679782953175,-3.113756634232027,3.5991647611423975e-05,2,5,2026-03-03
SLB/ACGL,SLB,ACGL,no_skip_month,-1946.307055823061,-1.5614422909782744,-3.113756634232027,1.2739688243781412e-05,10,5,2026-03-03
ACGL/DOV,ACGL,DOV,no_skip_month,1670.223380968674,0.7810373879817558,-3.113756634232027,0.9999999999999998,24,5,2026-03-03
ACGL/YUM,ACGL,YUM,no_skip_month,-534.2154632347068,-0.515051253158335,-3.113756634232027,1.1541677373412059e-10,14,5,2026-03-03
CNP/AEE,CNP,AEE,no_skip_month,-133.7732787820286,-0.32114984293904025,-3.113756634232027,5.339372839598746e-10,8,5,2026-03-03
NI/AEE,NI,AEE,no_skip_month,236.1287489392535,0.7419376754096596,-3.113756634232027,0.9999999996960511,6,5,2026-03-03
AME/MAR,AME,MAR,no_skip_month,101.1590023524488,0.1625726002642998,-3.113756634232027,0.8573158279948839,4,5,2026-03-03
AME/SNA,AME,SNA,no_skip_month,-187.3294707465082,-0.7973335014916478,-3.113756634232027,6.40897768821274e-07,2,5,2026-03-03
CINF/AWK,CINF,AWK,no_skip_month,-655.4116034471463,-0.20939834248208003,-3.113756634232027,1.1176515897991904e-12,18,5,2026-03-03
INCY/AWK,INCY,AWK,no_skip_month,2040.410487582386,0.30215891845587034,-3.113756634232027,0.9999140175124213,28,5,2026-03-03
MDLZ/EW,MDLZ,EW,weekly_aligned_windows,2170.615667268727,0.49020399941778364,-3.370863900947027,0.9999997265589675,80,5,2026-03-03
AFL/SPG,AFL,SPG,weekly_aligned_windows,-4900.560600759008,-1.307778897835297,-3.370863900947027,7.590188417179697e-09,96,5,2026-03-03
AIG/DUK,AIG,DUK,weekly_aligned_windows,-2327.947359009809,-0.7132433143766215,-3.370863900947027,3.2876078834861876e-10,84,5,2026-03-03
AIG/GILD,AIG,GILD,weekly_aligned_windows,-1751.130632416276,-0.45391528415750737,-3.370863900947027,1.0206328793767895e-24,92,5,2026-03-03
AIG/JNJ,AIG,JNJ,weekly_aligned_windows,-3130.060930873929,-0.8743685411130643,-3.370863900947027,1.203920052364675e-17,92,5,2026-03-03
TRV/DGX,TRV,DGX,weekly_aligned_windows,-2364.565816453961,-0.7922527678870946,-3.370863900947027,4.462578572012738e-21,84,5,2026-03-03
SLB/ACGL,SLB,ACGL,weekly_aligned_windows,-3131.837883828477,-0.7586249805593386,-3.370863900947027,3.996466645631271e-46,88,5,2026-03-03
ACGL/DOV,ACGL,DOV,weekly_aligned_windows,-1382.064560017773,-0.42344783346698134,-3.370863900947027,1.7702357598710058e-26,86,5,2026-03-03
ACGL/YUM,ACGL,YUM,weekly_aligned_windows,-929.1887552586742,-0.2802108669634345,-3.370863900947027,1.3794959997616476e-12,94,5,2026-03-03
CNP/AEE,CNP,AEE,weekly_aligned_windows,-2972.918166978267,-1.1699481513247614,-3.370863900947027,3.639431595408403e-06,86,5,2026-03-03
NI/AEE,NI,AEE,weekly_aligned_windows,-1557.111665842265,-1.1471989581318005,-3.370863900947027,2.3188502758571296e-19,74,5,2026-03-03
AME/MAR,AME,MAR,weekly_aligned_windows,-1702.021943347393,-0.6000806722192482,-3.370863900947027,9.098291305234247e-28,82,5,2026-03-03
AME/SNA,AME,SNA,weekly_aligned_windows,-2231.466963911484,-0.7681030908913044,-3.370863900947027,1.1437402610232686e-14,82,5,2026-03-03
CINF/AWK,CINF,AWK,weekly_aligned_windows,-2805.757329175992,-0.8120923497327384,-3.370863900947027,2.1013232119631046e-24,90,5,2026-03-03
INCY/AWK,INCY,AWK,weekly_aligned_windows,3653.304666232795,0.6559288807425315,-3.370863900947027,1.0,80,5,2026-03-03
MDLZ/EW,MDLZ,EW,let_profits_run,3316.188264348768,0.44795931305275016,-3.5695376378181662,0.9999816107299031,14,5,2026-03-03
AFL/SPG,AFL,SPG,let_profits_run,-559.0941807313649,-0.288155447845624,-3.5695376378181662,0.00020950001736602414,12,5,2026-03-03
AIG/DUK,AIG,DUK,let_profits_run,-944.692554219747,-0.8914400032042535,-3.5695376378181662,2.105451658260905e-11,10,5,2026-03-03
AIG/GILD,AIG,GILD,let_profits_run,-697.835052130313,-0.47144777847413616,-3.5695376378181662,3.339760670417882e-12,14,5,2026-03-03
AIG/JNJ,AIG,JNJ,let_profits_run,920.5796437670244,0.4532305146212622,-3.5695376378181662,0.9999999999993575,16,5,2026-03-03
TRV/DGX,TRV,DGX,let_profits_run,-59.03351028759786,-0.21821443148209924,-3.5695376378181662,7.978497330344565e-08,2,5,2026-03-03
SLB/ACGL,SLB,ACGL,let_profits_run,-1826.382345184266,-1.3035865936779552,-3.5695376378181662,5.658161628238634e-08,4,5,2026-03-03
ACGL/DOV,ACGL,DOV,let_profits_run,-1918.255986717347,-0.9055976176094223,-3.5695376378181662,2.529892135093139e-14,12,5,2026-03-03
ACGL/YUM,ACGL,YUM,let_profits_run,-635.4882993123534,-0.8822449564047367,-3.5695376378181662,3.0695554731718084e-12,6,5,2026-03-03
CNP/AEE,CNP,AEE,let_profits_run,-109.8249279308982,-0.7395187828194538,-3.5695376378181662,0.0009881573553794495,2,5,2026-03-03
NI/AEE,NI,AEE,let_profits_run,132.6110661443909,0.9044241673834356,-3.5695376378181662,0.9848519440945267,4,5,2026-03-03
AME/MAR,AME,MAR,let_profits_run,343.9336893065701,0.4461993797035695,-3.5695376378181662,0.9999744189505353,4,5,2026-03-03
AME/SNA,AME,SNA,let_profits_run,-1.281990202949714,-0.01262975628814318,-3.5695376378181662,0.006863137545350597,2,5,2026-03-03
CINF/AWK,CINF,AWK,let_profits_run,-609.8669328641404,-0.4212308495523307,-3.5695376378181662,3.8736495320367667e-14,16,5,2026-03-03
INCY/AWK,INCY,AWK,let_profits_run,-278.8770448394156,-0.08233454988300941,-3.5695376378181662,5.687338953523332e-05,18,5,2026-03-03
MDLZ/EW,MDLZ,EW,slow_rebalance,4588.650434838855,0.7051723097506781,-3.852357556565379,0.9995592408326277,16,5,2026-03-03
AFL/SPG,AFL,SPG,slow_rebalance,31.82582144691835,0.017319656889614485,-3.852357556565379,0.035939436616369225,16,5,2026-03-03
AIG/DUK,AIG,DUK,slow_rebalance,-525.5720739100346,-0.5110905014423288,-3.852357556565379,6.070202451903196e-19,10,5,2026-03-03
AIG/GILD,AIG,GILD,slow_rebalance,-1243.631733472981,-0.9374884163420061,-3.852357556565379,3.3667938485306297e-21,14,5,2026-03-03
AIG/JNJ,AIG,JNJ,slow_rebalance,-263.5522400112786,-0.15765417394571002,-3.852357556565379,4.980286404488961e-07,12,5,2026-03-03
TRV/DGX,TRV,DGX,slow_rebalance,28.28909287257059,0.09520189325720489,-3.852357556565379,0.5021398389954047,2,5,2026-03-03
SLB/ACGL,SLB,ACGL,slow_rebalance,-4158.345378161426,-2.427180408658968,-3.852357556565379,2.8641809770624494e-12,8,5,2026-03-03
ACGL/DOV,ACGL,DOV,slow_rebalance,-389.1926249240817,-0.20303032519253134,-3.852357556565379,1.0083624982580914e-06,8,5,2026-03-03
ACGL/YUM,ACGL,YUM,slow_rebalance,-5.216035503104663,-0.010740082175958633,-3.852357556565379,0.011504265655087586,6,5,2026-03-03
CNP/AEE,CNP,AEE,slow_rebalance,4.179592888513241,0.031826001480016665,-3.852357556565379,0.1044084897333889,2,5,2026-03-03
NI/AEE,NI,AEE,slow_rebalance,151.1048385498959,1.0082458428528331,-3.852357556565379,0.9869517235918491,6,5,2026-03-03
AME/MAR,AME,MAR,slow_rebalance,191.5232644492334,0.31537454697482625,-3.852357556565379,0.9957760739785972,4,5,2026-03-03
AME/SNA,AME,SNA,slow_rebalance,56.29014916007924,0.9259852377847682,-3.852357556565379,0.9899308842315983,2,5,2026-03-03
CINF/AWK,CINF,AWK,slow_rebalance,-981.19981926027,-0.7783581262900006,-3.852357556565379,6.578048566590566e-23,12,5,2026-03-03
INCY/AWK,INCY,AWK,slow_rebalance,613.5295509803591,0.21299527711944885,-3.852357556565379,0.9890495466649768,20,5,2026-03-03
MDLZ/EW,MDLZ,EW,no_reversal_protection,1789.058981197205,0.2886199030276529,-3.865992950791121,0.9980840529825646,20,5,2026-03-03
AFL/SPG,AFL,SPG,no_reversal_protection,-686.9780722784058,-0.2943347445095994,-3.865992950791121,1.2279067231003214e-06,14,5,2026-03-03
AIG/DUK,AIG,DUK,no_reversal_protection,-1405.565908095456,-0.8425861890242295,-3.865992950791121,5.664489012072751e-11,14,5,2026-03-03
AIG/GILD,AIG,GILD,no_reversal_protection,51.94329967768681,0.028675143893034803,-3.865992950791121,0.06809795714639112,14,5,2026-03-03
AIG/JNJ,AIG,JNJ,no_reversal_protection,458.7532595217003,0.3107179212521216,-3.865992950791121,0.9999930042408162,12,5,2026-03-03
TRV/DGX,TRV,DGX,no_reversal_protection,-302.3353438672262,-0.4433679782953175,-3.865992950791121,3.5991647611423975e-05,2,5,2026-03-03
SLB/ACGL,SLB,ACGL,no_reversal_protection,-1158.810071331721,-1.0335762984602728,-3.865992950791121,3.27587615469182e-11,6,5,2026-03-03
ACGL/DOV,ACGL,DOV,no_reversal_protection,1350.537243404393,0.797642573118438,-3.865992950791121,0.9999999987409326,10,5,2026-03-03
ACGL/YUM,ACGL,YUM,no_reversal_protection,-1007.487743653416,-0.8212927604872741,-3.865992950791121,1.8687928135812085e-16,10,5,2026-03-03
CNP/AEE,CNP,AEE,no_reversal_protection,-222.2683684528775,-0.3941240686946438,-3.865992950791121,3.883106098132758e-10,6,5,2026-03-03
NI/AEE,NI,AEE,no_reversal_protection,-162.2883207102241,-0.3833760407059441,-3.865992950791121,1.4443428178481904e-15,6,5,2026-03-03
AME/MAR,AME,MAR,no_reversal_protection,-83.52795927605689,-0.11991240033746967,-3.865992950791121,5.442476450832131e-07,4,5,2026-03-03
AME/SNA,AME,SNA,no_reversal_protection,0.0,-3.865992950791121,-3.865992950791121,3.421631827175335e-197,0,5,2026-03-03
CINF/AWK,CINF,AWK,no_reversal_protection,-608.9011512263671,-0.4427084304231968,-3.865992950791121,3.2413060060514907e-18,14,5,2026-03-03
INCY/AWK,INCY,AWK,no_reversal_protection,-866.6987341152618,-0.245077877177048,-3.865992950791121,2.0672485810470254e-11,22,5,2026-03-03
MDLZ/EW,MDLZ,EW,entry_threshold_strong,4215.429860412967,0.6485765150896625,-3.9662554324794654,0.9995376056838334,18,5,2026-03-03
AFL/SPG,AFL,SPG,entry_threshold_strong,-288.5213356575626,-0.1470718324670796,-3.9662554324794654,0.0005798463299791881,12,5,2026-03-03
AIG/DUK,AIG,DUK,entry_threshold_strong,263.090291042042,0.23563622918929827,-3.9662554324794654,0.9979663978671337,10,5,2026-03-03
AIG/GILD,AIG,GILD,entry_threshold_strong,892.6008657794091,0.514091979520837,-3.9662554324794654,0.9999999999553167,12,5,2026-03-03
AIG/JNJ,AIG,JNJ,entry_threshold_strong,-54.41689881544153,-0.036968477513964884,-3.9662554324794654,0.002253212236616145,12,5,2026-03-03
TRV/DGX,TRV,DGX,entry_threshold_strong,-859.152758895078,-0.8352245536413508,-3.9662554324794654,1.0046160441000187e-05,2,5,2026-03-03
SLB/ACGL,SLB,ACGL,entry_threshold_strong,-2753.389982462018,-1.9419735564310638,-3.9662554324794654,2.3840321759186505e-07,8,5,2026-03-03
ACGL/DOV,ACGL,DOV,entry_threshold_strong,-420.8334932597744,-0.3030979709406606,-3.9662554324794654,9.93620591784666e-05,12,5,2026-03-03
ACGL/YUM,ACGL,YUM,entry_threshold_strong,-1033.623860687116,-0.9127739194800294,-3.9662554324794654,7.454103527352701e-13,10,5,2026-03-03
CNP/AEE,CNP,AEE,entry_threshold_strong,-156.7784023576057,-0.3786646110222049,-3.9662554324794654,6.134665420467944e-10,6,5,2026-03-03
NI/AEE,NI,AEE,entry_threshold_strong,115.4857076816148,0.5435906293670887,-3.9662554324794654,0.9999594957031082,6,5,2026-03-03
AME/MAR,AME,MAR,entry_threshold_strong,119.7704916589263,0.20141424477573505,-3.9662554324794654,0.9365812361088881,4,5,2026-03-03
AME/SNA,AME,SNA,entry_threshold_strong,0.0,-3.9662554324794654,-3.9662554324794654,4.136967703494133e-198,0,5,2026-03-03
CINF/AWK,CINF,AWK,entry_threshold_strong,193.964974985816,0.1498376442591272,-3.9662554324794654,0.8734199930658321,12,5,2026-03-03
INCY/AWK,INCY,AWK,entry_threshold_strong,-3690.715570245634,-1.236795573754186,-3.9662554324794654,9.636239202980603e-14,26,5,2026-03-03
MDLZ/EW,MDLZ,EW,entry_filter_kalman,4199.692858713469,0.6447514500714138,-3.97230697291127,0.9995346382477536,18,5,2026-03-03
AFL/SPG,AFL,SPG,entry_filter_kalman,-297.3861553456591,-0.15314617727273633,-3.97230697291127,0.000497102585622091,12,5,2026-03-03
AIG/DUK,AIG,DUK,entry_filter_kalman,266.1841623406706,0.23815608200731916,-3.97230697291127,0.9980993609169999,10,5,2026-03-03
AIG/GILD,AIG,GILD,entry_filter_kalman,925.983872886362,0.5312858719413818,-3.97230697291127,0.9999999999743157,12,5,2026-03-03
AIG/JNJ,AIG,JNJ,entry_filter_kalman,-48.92274542619634,-0.0333195881601034,-3.97230697291127,0.0028114519760825724,12,5,2026-03-03
TRV/DGX,TRV,DGX,entry_filter_kalman,-859.152758895078,-0.8352245536413508,-3.97230697291127,1.0046160441000187e-05,2,5,2026-03-03
SLB/ACGL,SLB,ACGL,entry_filter_kalman,-2774.842439137429,-1.9443490216694812,-3.97230697291127,2.2165873168188314e-07,8,5,2026-03-03
ACGL/DOV,ACGL,DOV,entry_filter_kalman,-429.8996263911147,-0.3134700707582709,-3.97230697291127,8.293255187372704e-05,12,5,2026-03-03
ACGL/YUM,ACGL,YUM,entry_filter_kalman,-1042.44918552533,-0.9223200828334616,-3.97230697291127,6.250405787592258e-13,10,5,2026-03-03
CNP/AEE,CNP,AEE,entry_filter_kalman,-156.0702751534547,-0.3785495850353725,-3.97230697291127,4.6042878316210425e-10,6,5,2026-03-03
NI/AEE,NI,AEE,entry_filter_kalman,117.5458603514006,0.5543744572979387,-3.97230697291127,0.9999626825431356,6,5,2026-03-03
AME/MAR,AME,MAR,entry_filter_kalman,119.7704916589263,0.20141424477573505,-3.97230697291127,0.9365812361088881,4,5,2026-03-03
AME/SNA,AME,SNA,entry_filter_kalman,0.0,-3.97230697291127,-3.97230697291127,3.659023015282892e-198,0,5,2026-03-03
CINF/AWK,CINF,AWK,entry_filter_kalman,197.6313602217774,0.15279161533884764,-3.97230697291127,0.8855714999526132,12,5,2026-03-03
INCY/AWK,INCY,AWK,entry_filter_kalman,-3718.287686690253,-1.2408129722427959,-3.97230697291127,7.714709232374195e-14,26,5,2026-03-03
MDLZ/EW,MDLZ,EW,vol_weighted_sizing,2097.421179236464,0.33989773665577777,-4.122814587179098,0.9982323857770479,20,5,2026-03-03
AFL/SPG,AFL,SPG,vol_weighted_sizing,-357.4142581502174,-0.1694025860164816,-4.122814587179098,0.00012195683589517683,14,5,2026-03-03
AIG/DUK,AIG,DUK,vol_weighted_sizing,108.0614443109964,0.09198698148676027,-4.122814587179098,0.47407205091812926,14,5,2026-03-03
AIG/GILD,AIG,GILD,vol_weighted_sizing,39.32242396469178,0.026479247774162974,-4.122814587179098,0.06615006693078289,14,5,2026-03-03
AIG/JNJ,AIG,JNJ,vol_weighted_sizing,949.0174545983123,0.7419802305467662,-4.122814587179098,0.9999999999999893,12,5,2026-03-03
TRV/DGX,TRV,DGX,vol_weighted_sizing,-302.3353438672262,-0.4433679782953175,-4.122814587179098,3.5991647611423975e-05,2,5,2026-03-03
SLB/ACGL,SLB,ACGL,vol_weighted_sizing,-2582.052103264438,-1.8377928697807766,-4.122814587179098,2.944095133170262e-07,8,5,2026-03-03
ACGL/DOV,ACGL,DOV,vol_weighted_sizing,187.9188411573442,0.1262479690039844,-4.122814587179098,0.7924463767007912,12,5,2026-03-03
ACGL/YUM,ACGL,YUM,vol_weighted_sizing,-653.3194042953559,-0.6012603087439532,-4.122814587179098,9.972967511951467e-13,10,5,2026-03-03
CNP/AEE,CNP,AEE,vol_weighted_sizing,-134.4363616989307,-0.32534986600860283,-4.122814587179098,4.429183782185133e-10,8,5,2026-03-03
NI/AEE,NI,AEE,vol_weighted_sizing,236.5768358555587,0.7432360861423936,-4.122814587179098,0.9999999996236562,6,5,2026-03-03
AME/MAR,AME,MAR,vol_weighted_sizing,51.6070584444349,0.08976166072685067,-4.122814587179098,0.46312161612823216,4,5,2026-03-03
AME/SNA,AME,SNA,vol_weighted_sizing,0.0,-4.122814587179098,-4.122814587179098,2.030228291570789e-199,0,5,2026-03-03
CINF/AWK,CINF,AWK,vol_weighted_sizing,-131.9156839995833,-0.10557891989005935,-4.122814587179098,1.0411857845750406e-05,14,5,2026-03-03
INCY/AWK,INCY,AWK,vol_weighted_sizing,-2873.938256114553,-0.9457569608051785,-4.122814587179098,1.4788061973102923e-15,26,5,2026-03-03
MDLZ/EW,MDLZ,EW,kalman_hedge,2091.732383676549,0.33817170205133873,-4.1288167951491275,0.9982241321401111,20,5,2026-03-03
AFL/SPG,AFL,SPG,kalman_hedge,-376.7500238852181,-0.18014261070692517,-4.1288167951491275,9.070003295200977e-05,14,5,2026-03-03
AIG/DUK,AIG,DUK,kalman_hedge,114.4866829145424,0.0970265291268492,-4.1288167951491275,0.51954539868537,14,5,2026-03-03
AIG/GILD,AIG,GILD,kalman_hedge,67.69889635821198,0.04537168964481933,-4.1288167951491275,0.1384561993286244,14,5,2026-03-03
AIG/JNJ,AIG,JNJ,kalman_hedge,950.8338546427485,0.745631262234989,-4.1288167951491275,0.9999999999999902,12,5,2026-03-03
TRV/DGX,TRV,DGX,kalman_hedge,-302.3353438672262,-0.4433679782953175,-4.1288167951491275,3.5991647611423975e-05,2,5,2026-03-03
SLB/ACGL,SLB,ACGL,kalman_hedge,-2605.174603465158,-1.8419389207708046,-4.1288167951491275,2.7318303229479584e-07,8,5,2026-03-03
ACGL/DOV,ACGL,DOV,kalman_hedge,185.3615566042688,0.12590182520566942,-4.1288167951491275,0.7896599679962347,12,5,2026-03-03
ACGL/YUM,ACGL,YUM,kalman_hedge,-662.1447291335703,-0.6106358912981874,-4.1288167951491275,8.920426618422171e-13,10,5,2026-03-03
CNP/AEE,CNP,AEE,kalman_hedge,-132.9968378884131,-0.32129397785797603,-4.1288167951491275,4.3534441670484694e-10,8,5,2026-03-03
NI/AEE,NI,AEE,kalman_hedge,238.0446880549018,0.743483285948896,-4.1288167951491275,0.999999999611022,6,5,2026-03-03
AME/MAR,AME,MAR,kalman_hedge,48.24230239584676,0.08375972360701758,-4.1288167951491275,0.41920446160196184,4,5,2026-03-03
AME/SNA,AME,SNA,kalman_hedge,0.0,-4.1288167951491275,-4.1288167951491275,1.8202715234428843e-199,0,5,2026-03-03
CINF/AWK,CINF,AWK,kalman_hedge,-132.0454713862537,-0.10553717638421212,-4.1288167951491275,1.0446426983226064e-05,14,5,2026-03-03
INCY/AWK,INCY,AWK,kalman_hedge,-2895.571970358508,-0.9468437919501762,-4.1288167951491275,1.2892226565116415e-15,26,5,2026-03-03
MDLZ/EW,MDLZ,EW,balanced,2657.258263938644,0.4358196109047234,-4.3023081774501515,0.9980584137352342,20,5,2026-03-03
AFL/SPG,AFL,SPG,balanced,-1054.59821477862,-0.9091402523564667,-4.3023081774501515,7.938720155809196e-15,12,5,2026-03-03
AIG/DUK,AIG,DUK,balanced,270.2317667490696,0.27142089485839355,-4.3023081774501515,0.9994431475574763,12,5,2026-03-03
AIG/GILD,AIG,GILD,balanced,1492.251181418752,0.9754995918049044,-4.3023081774501515,0.9999999999947413,12,5,2026-03-03
AIG/JNJ,AIG,JNJ,balanced,949.0174545983123,0.7419802305467662,-4.3023081774501515,0.9999999999999893,12,5,2026-03-03
TRV/DGX,TRV,DGX,balanced,-302.3353438672262,-0.4433679782953175,-4.3023081774501515,3.5991647611423975e-05,2,5,2026-03-03
SLB/ACGL,SLB,ACGL,balanced,-1879.162267052447,-1.5399362294194803,-4.3023081774501515,2.4982921838615003e-05,8,5,2026-03-03
ACGL/DOV,ACGL,DOV,balanced,157.4395190557713,0.10566215070548406,-4.3023081774501515,0.6107047178067245,14,5,2026-03-03
ACGL/YUM,ACGL,YUM,balanced,-599.3079824818309,-0.6993429553508107,-4.3023081774501515,3.2458021849817296e-07,10,5,2026-03-03
CNP/AEE,CNP,AEE,balanced,-134.4363616989307,-0.32534986600860283,-4.3023081774501515,4.429183782185133e-10,8,5,2026-03-03
NI/AEE,NI,AEE,balanced,235.6163562776185,0.7429957334434965,-4.3023081774501515,0.9999999996658268,6,5,2026-03-03
AME/MAR,AME,MAR,balanced,46.86579010947514,0.11858549473671484,-4.3023081774501515,0.6402855536084926,2,5,2026-03-03
AME/SNA,AME,SNA,balanced,0.0,-4.3023081774501515,-4.3023081774501515,9.344978401897249e-201,0,5,2026-03-03
CINF/AWK,CINF,AWK,balanced,-215.797043517344,-0.1631201833520785,-4.3023081774501515,7.81745866159859e-09,12,5,2026-03-03
INCY/AWK,INCY,AWK,balanced,-3797.732122388674,-1.3107102518742015,-4.3023081774501515,1.4678373679246571e-12,24,5,2026-03-03
MDLZ/EW,MDLZ,EW,short_term_beta_neutral,307.0763710004499,0.13937267680589852,-4.337051471059391,0.7797648075945531,30,5,2026-03-03
AFL/SPG,AFL,SPG,short_term_beta_neutral,-570.618700791234,-0.2835902699809884,-4.337051471059391,6.050710894434086e-08,16,5,2026-03-03
AIG/DUK,AIG,DUK,short_term_beta_neutral,1343.023548008006,1.172005379228717,-4.337051471059391,0.9999999999990536,16,5,2026-03-03
AIG/GILD,AIG,GILD,short_term_beta_neutral,-1023.825249875563,-0.3721125573642594,-4.337051471059391,2.067948576005488e-08,18,5,2026-03-03
AIG/JNJ,AIG,JNJ,short_term_beta_neutral,-9.547220757814102,-0.005393808032719728,-4.337051471059391,0.013266721991638324,16,5,2026-03-03
TRV/DGX,TRV,DGX,short_term_beta_neutral,-2678.188445016886,-1.3674223861322914,-4.337051471059391,0.0008222285378961193,14,5,2026-03-03
SLB/ACGL,SLB,ACGL,short_term_beta_neutral,-697.3286644365616,-0.43726902188952954,-4.337051471059391,6.8187580865759e-11,14,5,2026-03-03
ACGL/DOV,ACGL,DOV,short_term_beta_neutral,-2376.641147914017,-1.2926506958939832,-4.337051471059391,5.114392206253392e-13,18,5,2026-03-03
ACGL/YUM,ACGL,YUM,short_term_beta_neutral,-2067.202048322849,-1.5804492869835998,-4.337051471059391,3.2884862503799127e-12,18,5,2026-03-03
CNP/AEE,CNP,AEE,short_term_beta_neutral,93.7058855094698,0.11472235610818882,-4.337051471059391,0.6643498273018522,12,5,2026-03-03
NI/AEE,NI,AEE,short_term_beta_neutral,42.81320221809409,0.1727847808821564,-4.337051471059391,0.9715383429968718,6,5,2026-03-03
AME/MAR,AME,MAR,short_term_beta_neutral,-72.39040688072168,-0.11824541395497154,-4.337051471059391,1.8197096912479207e-05,8,5,2026-03-03
AME/SNA,AME,SNA,short_term_beta_neutral,-575.8858734364162,-1.0908212565196342,-4.337051471059391,3.598963160826232e-15,8,5,2026-03-03
CINF/AWK,CINF,AWK,short_term_beta_neutral,-195.5037631338798,-0.0512353915235238,-4.337051471059391,0.0026434179159247184,16,5,2026-03-03
INCY/AWK,INCY,AWK,short_term_beta_neutral,-1262.207764784931,-0.2528816402742918,-4.337051471059391,5.804936702535897e-13,30,5,2026-03-03
MDLZ/EW,MDLZ,EW,default,2708.920770316053,0.4445821826005921,-4.490372273234594,0.9980402096809575,18,5,2026-03-03
AFL/SPG,AFL,SPG,default,-1053.248440986798,-0.9095907924773247,-4.490372273234594,9.472909042417238e-15,12,5,2026-03-03
AIG/DUK,AIG,DUK,default,49.32620647456913,0.04218820536479925,-4.490372273234594,0.11798894179556407,14,5,2026-03-03
AIG/GILD,AIG,GILD,default,335.8846643374222,0.27908111338646246,-4.490372273234594,0.9997496242491134,12,5,2026-03-03
AIG/JNJ,AIG,JNJ,default,951.4008824527136,0.7449067305931555,-4.490372273234594,0.9999999999999899,12,5,2026-03-03
TRV/DGX,TRV,DGX,default,-294.8753438672263,-0.43636933701131375,-4.490372273234594,3.553563543936967e-05,2,5,2026-03-03
SLB/ACGL,SLB,ACGL,default,-1710.970035130936,-1.4180505304945443,-4.490372273234594,2.9761202964539762e-05,8,5,2026-03-03
ACGL/DOV,ACGL,DOV,default,151.5161110689284,0.10299880696890217,-4.490372273234594,0.5835519265340307,14,5,2026-03-03
ACGL/YUM,ACGL,YUM,default,-599.3079824818309,-0.6993429553508107,-4.490372273234594,3.2458021849817296e-07,10,5,2026-03-03
CNP/AEE,CNP,AEE,default,-134.2969604872104,-0.3250368917851339,-4.490372273234594,4.739104410539715e-10,8,5,2026-03-03
NI/AEE,NI,AEE,default,235.6163562776185,0.7429957334434965,-4.490372273234594,0.9999999996658268,6,5,2026-03-03
AME/MAR,AME,MAR,default,46.86579010947514,0.11858549473671484,-4.490372273234594,0.6402855536084926,2,5,2026-03-03
AME/SNA,AME,SNA,default,-187.3294707465082,-0.7973335014916478,-4.490372273234594,6.40897768821274e-07,2,5,2026-03-03
CINF/AWK,CINF,AWK,default,-287.2544731675587,-0.21647462102561124,-4.490372273234594,3.3510492422627e-11,12,5,2026-03-03
INCY/AWK,INCY,AWK,default,-3750.754444538735,-1.2938539315901634,-4.490372273234594,1.1866308607650229e-12,24,5,2026-03-03
MDLZ/EW,MDLZ,EW,beta_neutral,4057.701336139923,0.7129251026166639,-4.779728026484978,0.9999920995470539,18,5,2026-03-03
AFL/SPG,AFL,SPG,beta_neutral,-1132.539171774512,-0.85575695699703,-4.779728026484978,4.912999133876067e-14,12,5,2026-03-03
AIG/DUK,AIG,DUK,beta_neutral,113.3749671180288,0.07672183425191387,-4.779728026484978,0.3397526041129746,14,5,2026-03-03
AIG/GILD,AIG,GILD,beta_neutral,565.3645708367404,0.3661895745258312,-4.779728026484978,0.9999998395018245,12,5,2026-03-03
AIG/JNJ,AIG,JNJ,beta_neutral,-24.1622090346284,-0.016408263727518895,-4.779728026484978,0.008036050976175475,12,5,2026-03-03
TRV/DGX,TRV,DGX,beta_neutral,-430.3027077412742,-0.7272039227959625,-4.779728026484978,3.141963322850123e-08,2,5,2026-03-03
SLB/ACGL,SLB,ACGL,beta_neutral,-1753.796380134003,-1.4277674170750125,-4.779728026484978,4.428385678462576e-06,8,5,2026-03-03
ACGL/DOV,ACGL,DOV,beta_neutral,-866.8225958735545,-0.5047398626400568,-4.779728026484978,3.0470954246082065e-13,14,5,2026-03-03
ACGL/YUM,ACGL,YUM,beta_neutral,-496.3975429804195,-0.49296906973458293,-4.779728026484978,4.618505122157168e-09,10,5,2026-03-03
CNP/AEE,CNP,AEE,beta_neutral,-144.3920662999656,-0.23806196220662998,-4.779728026484978,7.403561974851416e-07,8,5,2026-03-03
NI/AEE,NI,AEE,beta_neutral,75.75055374635764,0.15788862958907673,-4.779728026484978,0.9462657617685888,6,5,2026-03-03
AME/MAR,AME,MAR,beta_neutral,0.9197641830861585,0.002221237767930738,-4.779728026484978,0.0213014673373339,2,5,2026-03-03
AME/SNA,AME,SNA,beta_neutral,-16.15130361749203,-0.06251441520997507,-4.779728026484978,0.000508692462509606,2,5,2026-03-03
CINF/AWK,CINF,AWK,beta_neutral,-1064.924154190523,-0.6308754034226897,-4.779728026484978,7.085320837001974e-21,12,5,2026-03-03
INCY/AWK,INCY,AWK,beta_neutral,-4155.58139527095,-1.0761676192346932,-4.779728026484978,5.839365424487794e-09,24,5,2026-03-03
MDLZ/EW,MDLZ,EW,crash_defensive,2555.830222421609,0.4269026662726964,-5.032122864407636,0.9972675463828062,20,5,2026-03-03
AFL/SPG,AFL,SPG,crash_defensive,-178.9629379915727,-0.17202701768306,-5.032122864407636,0.0001111679973482163,14,5,2026-03-03
AIG/DUK,AIG,DUK,crash_defensive,-218.7866188470447,-0.39789035637197445,-5.032122864407636,8.956692880946542e-11,14,5,2026-03-03
AIG/GILD,AIG,GILD,crash_defensive,23.20416601716175,0.031222086051947137,-5.032122864407636,0.08071454122282962,14,5,2026-03-03
AIG/JNJ,AIG,JNJ,crash_defensive,450.5737086787431,0.711536779654228,-5.032122864407636,0.9999999999999776,12,5,2026-03-03
TRV/DGX,TRV,DGX,crash_defensive,-146.7408548368763,-0.44059107416287985,-5.032122864407636,3.584520379492501e-05,2,5,2026-03-03
SLB/ACGL,SLB,ACGL,crash_defensive,-1287.443526994538,-1.8370902560953712,-5.032122864407636,2.9419049759474426e-07,8,5,2026-03-03
ACGL/DOV,ACGL,DOV,crash_defensive,88.76407961738329,0.12077671068784146,-5.032122864407636,0.7494514475729591,12,5,2026-03-03
ACGL/YUM,ACGL,YUM,crash_defensive,-328.8901840190775,-0.6106841384347859,-5.032122864407636,1.168486612457478e-12,10,5,2026-03-03
CNP/AEE,CNP,AEE,crash_defensive,-66.49288169505886,-0.3200466815883423,-5.032122864407636,6.738483095067843e-10,8,5,2026-03-03
NI/AEE,NI,AEE,crash_defensive,100.4240486164474,0.6782702172633739,-5.032122864407636,0.9999999908155627,6,5,2026-03-03
AME/MAR,AME,MAR,crash_defensive,21.51448182737653,0.07439154515591476,-5.032122864407636,0.35076085972476156,4,5,2026-03-03
AME/SNA,AME,SNA,crash_defensive,0.0,-5.032122864407636,-5.032122864407636,7.904739716173714e-205,0,5,2026-03-03
CINF/AWK,CINF,AWK,crash_defensive,-66.34672124944012,-0.10681607325523332,-5.032122864407636,9.32274395765992e-06,14,5,2026-03-03
INCY/AWK,INCY,AWK,crash_defensive,-1854.073527176902,-1.3673321927543278,-5.032122864407636,3.481582736798185e-14,28,5,2026-03-03
MDLZ/EW,MDLZ,EW,beta_neutral_long_term,-750.4309949488563,-0.5225104836256692,-5.389676424514172,7.742575105411553e-25,12,5,2026-03-03
AFL/SPG,AFL,SPG,beta_neutral_long_term,-116.032312857926,-0.12438753920649795,-5.389676424514172,8.884814960106851e-09,6,5,2026-03-03
AIG/DUK,AIG,DUK,beta_neutral_long_term,-855.7043040034101,-1.3245625018784084,-5.389676424514172,1.1644950847328736e-09,8,5,2026-03-03
AIG/GILD,AIG,GILD,beta_neutral_long_term,-1018.256954414216,-0.5861459661380513,-5.389676424514172,2.980896692127929e-17,14,5,2026-03-03
AIG/JNJ,AIG,JNJ,beta_neutral_long_term,4.405059297509524,0.002104235426325038,-5.389676424514172,0.02063093622809554,14,5,2026-03-03
TRV/DGX,TRV,DGX,beta_neutral_long_term,-236.1818460838925,-0.5235531537161431,-5.389676424514172,6.078027313372675e-05,2,5,2026-03-03
SLB/ACGL,SLB,ACGL,beta_neutral_long_term,-917.1742160117133,-0.654288996861244,-5.389676424514172,2.292622853093967e-09,4,5,2026-03-03
ACGL/DOV,ACGL,DOV,beta_neutral_long_term,-1958.302538450542,-1.2118034379464662,-5.389676424514172,3.807346377209813e-16,8,5,2026-03-03
ACGL/YUM,ACGL,YUM,beta_neutral_long_term,-276.0478492590635,-0.25079153379222807,-5.389676424514172,4.881229951160536e-10,6,5,2026-03-03
CNP/AEE,CNP,AEE,beta_neutral_long_term,-125.1004258120603,-0.5677068391887135,-5.389676424514172,1.4184233293883103e-05,2,5,2026-03-03
NI/AEE,NI,AEE,beta_neutral_long_term,-66.59892105967005,-0.5097973679879867,-5.389676424514172,6.035169020377656e-06,4,5,2026-03-03
AME/MAR,AME,MAR,beta_neutral_long_term,162.8271351602214,0.23188004296038045,-5.389676424514172,0.9897173380008067,6,5,2026-03-03
AME/SNA,AME,SNA,beta_neutral_long_term,-631.2544815900474,-0.7402999846357403,-5.389676424514172,0.0016664079775077765,4,5,2026-03-03
CINF/AWK,CINF,AWK,beta_neutral_long_term,-7166.306404980864,-1.2431239887342795,-5.389676424514172,1.7477077040589997e-08,14,5,2026-03-03
INCY/AWK,INCY,AWK,beta_neutral_long_term,675.958873140608,0.17216927937045903,-5.389676424514172,0.9571357515001615,18,5,2026-03-03
MDLZ/EW,MDLZ,EW,raw_momentum_kalman,1027.487405422076,0.8913916900017583,-5.730847591919833,0.9999999999999643,12,5,2026-03-03
AFL/SPG,AFL,SPG,raw_momentum_kalman,-93.0884224673099,-0.04769250272444199,-5.730847591919833,0.00343623006353424,10,5,2026-03-03
AIG/DUK,AIG,DUK,raw_momentum_kalman,66.12968054694912,0.06842748355595092,-5.730847591919833,0.28098895115541056,12,5,2026-03-03
AIG/GILD,AIG,GILD,raw_momentum_kalman,-95.46550234013205,-0.10230916127711764,-5.730847591919833,3.7010650687171387e-06,6,5,2026-03-03
AIG/JNJ,AIG,JNJ,raw_momentum_kalman,457.6137074431788,0.3769889872662291,-5.730847591919833,0.999999967803177,10,5,2026-03-03
TRV/DGX,TRV,DGX,raw_momentum_kalman,-401.5153620552447,-0.5743690644371444,-5.730847591919833,6.393447591276905e-05,2,5,2026-03-03
SLB/ACGL,SLB,ACGL,raw_momentum_kalman,-1680.009589251552,-1.3926826502099905,-5.730847591919833,2.772879650489389e-05,6,5,2026-03-03
ACGL/DOV,ACGL,DOV,raw_momentum_kalman,-122.2659819198076,-0.09662219894091466,-5.730847591919833,0.002016353253103108,10,5,2026-03-03
ACGL/YUM,ACGL,YUM,raw_momentum_kalman,412.8423364648459,0.6235275510365457,-5.730847591919833,0.9999775023720722,4,5,2026-03-03
CNP/AEE,CNP,AEE,raw_momentum_kalman,-119.1824736759659,-0.5023320737622265,-5.730847591919833,0.000646975132068436,2,5,2026-03-03
NI/AEE,NI,AEE,raw_momentum_kalman,238.9800713186281,0.7435854204441718,-5.730847591919833,0.9999999995415382,6,5,2026-03-03
AME/MAR,AME,MAR,raw_momentum_kalman,48.24230239584676,0.08375972360701758,-5.730847591919833,0.41920446160196184,4,5,2026-03-03
AME/SNA,AME,SNA,raw_momentum_kalman,0.0,-5.730847591919833,-5.730847591919833,2.3649887855233406e-207,0,5,2026-03-03
CINF/AWK,CINF,AWK,raw_momentum_kalman,-849.3438255738283,-0.24935478661297247,-5.730847591919833,7.396265479537229e-11,12,5,2026-03-03
INCY/AWK,INCY,AWK,raw_momentum_kalman,-1770.334538538591,-0.8041761339968883,-5.730847591919833,1.2634991205829113e-08,18,5,2026-03-03
MDLZ/EW,MDLZ,EW,long_term_tilt,-852.536845627808,-0.6360770327336821,-6.211491759928922,1.2469349791422398e-21,12,5,2026-03-03
AFL/SPG,AFL,SPG,long_term_tilt,-61.00614523602059,-0.06899963549104746,-6.211491759928922,5.18258989221178e-05,6,5,2026-03-03
AIG/DUK,AIG,DUK,long_term_tilt,-767.4927554433311,-1.321951591296165,-6.211491759928922,7.329173103954193e-09,8,5,2026-03-03
AIG/GILD,AIG,GILD,long_term_tilt,-1137.388039101422,-0.7410505919128293,-6.211491759928922,6.061895363296569e-15,14,5,2026-03-03
AIG/JNJ,AIG,JNJ,long_term_tilt,763.7236361340965,0.40852931982863117,-6.211491759928922,0.9999999989806663,14,5,2026-03-03
TRV/DGX,TRV,DGX,long_term_tilt,-37.06379447538944,-0.1432298820602542,-6.211491759928922,2.086613392752469e-08,2,5,2026-03-03
SLB/ACGL,SLB,ACGL,long_term_tilt,-1240.684551239677,-0.9096212713046578,-6.211491759928922,5.334954603836244e-08,4,5,2026-03-03
ACGL/DOV,ACGL,DOV,long_term_tilt,-1991.145896061628,-1.3929854321887585,-6.211491759928922,1.454523924272407e-17,8,5,2026-03-03
ACGL/YUM,ACGL,YUM,long_term_tilt,-743.5457838578534,-0.8555798607811718,-6.211491759928922,7.0356261657188065e-06,6,5,2026-03-03
CNP/AEE,CNP,AEE,long_term_tilt,-108.8751937073604,-0.7397652100562725,-6.211491759928922,0.0009848628939714455,2,5,2026-03-03
NI/AEE,NI,AEE,long_term_tilt,74.35240581258836,0.4976297021301555,-6.211491759928922,0.9947485578844869,4,5,2026-03-03
AME/MAR,AME,MAR,long_term_tilt,115.0433254238296,0.16001694378348233,-6.211491759928922,0.8698957969254075,6,5,2026-03-03
AME/SNA,AME,SNA,long_term_tilt,-644.3442529354934,-0.8045664562737119,-6.211491759928922,0.00222762450079315,4,5,2026-03-03
CINF/AWK,CINF,AWK,long_term_tilt,-1959.549355835983,-0.5127525188974854,-6.211491759928922,3.3800819550771063e-12,14,5,2026-03-03
INCY/AWK,INCY,AWK,long_term_tilt,87.9331064921771,0.02826062445015223,-6.211491759928922,0.07116344995701664,18,5,2026-03-03
MDLZ/EW,MDLZ,EW,long_term_kalman,-566.5883034205153,-0.4823675546990297,-6.2519561047476735,4.567059490267833e-16,10,5,2026-03-03
AFL/SPG,AFL,SPG,long_term_kalman,-309.1321343712398,-0.3342235580803,-6.2519561047476735,1.8309068858864552e-11,6,5,2026-03-03
AIG/DUK,AIG,DUK,long_term_kalman,-863.7643318089054,-1.7030406101606634,-6.2519561047476735,7.864152452310751e-07,8,5,2026-03-03
AIG/GILD,AIG,GILD,long_term_kalman,-1134.707194784964,-0.7395068076783992,-6.2519561047476735,7.905873536027572e-15,14,5,2026-03-03
AIG/JNJ,AIG,JNJ,long_term_kalman,55.56412813636393,0.03203259162677667,-6.2519561047476735,0.08323713253135512,14,5,2026-03-03
TRV/DGX,TRV,DGX,long_term_kalman,-37.06379447538944,-0.1432298820602542,-6.2519561047476735,2.086613392752469e-08,2,5,2026-03-03
SLB/ACGL,SLB,ACGL,long_term_kalman,-1238.272127524617,-0.9093910954006762,-6.2519561047476735,5.248588366704088e-08,4,5,2026-03-03
ACGL/DOV,ACGL,DOV,long_term_kalman,-1931.051290614909,-1.3578569223958872,-6.2519561047476735,1.1819407189439246e-17,8,5,2026-03-03
ACGL/YUM,ACGL,YUM,long_term_kalman,-743.3157838578534,-0.853729153819183,-6.2519561047476735,6.595831005115955e-06,6,5,2026-03-03
CNP/AEE,CNP,AEE,long_term_kalman,-108.2794736487772,-0.7401511767938168,-6.2519561047476735,0.0009643778441159519,2,5,2026-03-03
NI/AEE,NI,AEE,long_term_kalman,75.58669352388374,0.5033498297890144,-6.2519561047476735,0.9949193382039545,4,5,2026-03-03
AME/MAR,AME,MAR,long_term_kalman,128.5845736854978,0.17750644271715244,-6.2519561047476735,0.9185831659468684,6,5,2026-03-03
AME/SNA,AME,SNA,long_term_kalman,-656.0138527862418,-0.8216396990038244,-6.2519561047476735,0.002442513906695399,4,5,2026-03-03
CINF/AWK,CINF,AWK,long_term_kalman,-2815.294374947056,-0.6378582598163429,-6.2519561047476735,1.6367057459114608e-15,14,5,2026-03-03
INCY/AWK,INCY,AWK,long_term_kalman,63.50851456730265,0.02008231166847746,-6.2519561047476735,0.049716836675600014,16,5,2026-03-03
MDLZ/EW,MDLZ,EW,short_term_tilt,-1057.319781637716,-0.6209789925837583,-6.352556153354829,1.3869187911334155e-12,24,5,2026-03-03
AFL/SPG,AFL,SPG,short_term_tilt,-128.6408886943258,-0.06491724586149122,-6.352556153354829,0.001867553990044246,16,5,2026-03-03
AIG/DUK,AIG,DUK,short_term_tilt,935.2430640789985,1.0601796065822788,-6.352556153354829,0.9999999999999997,16,5,2026-03-03
AIG/GILD,AIG,GILD,short_term_tilt,-159.9248496667606,-0.07174459014528607,-6.352556153354829,0.00011171085783826166,12,5,2026-03-03
AIG/JNJ,AIG,JNJ,short_term_tilt,264.8447788204179,0.1708086851152009,-6.352556153354829,0.9216490699213499,16,5,2026-03-03
TRV/DGX,TRV,DGX,short_term_tilt,-2455.967149389862,-1.8781499944165803,-6.352556153354829,1.3752421413435537e-06,14,5,2026-03-03
SLB/ACGL,SLB,ACGL,short_term_tilt,-1642.660151918323,-1.061626977491143,-6.352556153354829,8.498462607486024e-11,14,5,2026-03-03
ACGL/DOV,ACGL,DOV,short_term_tilt,-1984.439773872854,-1.0954481111136956,-6.352556153354829,3.3479747068666385e-10,16,5,2026-03-03
ACGL/YUM,ACGL,YUM,short_term_tilt,-1935.756553793933,-1.4313823403515307,-6.352556153354829,1.6504081919463048e-11,18,5,2026-03-03
CNP/AEE,CNP,AEE,short_term_tilt,-202.1375267229716,-0.3700029096941801,-6.352556153354829,1.641436077511069e-10,8,5,2026-03-03
NI/AEE,NI,AEE,short_term_tilt,-43.93234949059229,-0.17663863175577973,-6.352556153354829,4.015104960465523e-06,6,5,2026-03-03
AME/MAR,AME,MAR,short_term_tilt,-387.6349472279163,-0.7108463180747415,-6.352556153354829,1.4127277207603255e-10,8,5,2026-03-03
AME/SNA,AME,SNA,short_term_tilt,-572.3397565207594,-1.0874582169255236,-6.352556153354829,4.474342049903774e-10,6,5,2026-03-03
CINF/AWK,CINF,AWK,short_term_tilt,-1644.896663753876,-1.3873321723963825,-6.352556153354829,8.843928573324891e-10,12,5,2026-03-03
INCY/AWK,INCY,AWK,short_term_tilt,1823.667433362412,0.7034383382248431,-6.352556153354829,0.9999999995097454,24,5,2026-03-03
MDLZ/EW,MDLZ,EW,fast_rebalance,-1085.69535124904,-0.6686462501497572,-6.600099724755779,1.7769697820257768e-12,24,5,2026-03-03
AFL/SPG,AFL,SPG,fast_rebalance,-165.5652401744775,-0.08358631593055565,-6.600099724755779,0.0011586790396577984,16,5,2026-03-03
AIG/DUK,AIG,DUK,fast_rebalance,934.2494389203891,1.0579117810827008,-6.600099724755779,0.9999999999999997,16,5,2026-03-03
AIG/GILD,AIG,GILD,fast_rebalance,-160.5913560398776,-0.07203747142604441,-6.600099724755779,0.00010924603604947135,12,5,2026-03-03
AIG/JNJ,AIG,JNJ,fast_rebalance,1115.079273044084,0.8611217440161044,-6.600099724755779,0.9999999202513795,14,5,2026-03-03
TRV/DGX,TRV,DGX,fast_rebalance,-2424.317149389861,-1.8546588945041447,-6.600099724755779,1.351737930180053e-06,14,5,2026-03-03
SLB/ACGL,SLB,ACGL,fast_rebalance,-1696.712391679873,-1.0967623873640606,-6.600099724755779,1.3911066615140994e-10,14,5,2026-03-03
ACGL/DOV,ACGL,DOV,fast_rebalance,-2480.635297303226,-1.4107221404779973,-6.600099724755779,2.2890310339589436e-09,16,5,2026-03-03
ACGL/YUM,ACGL,YUM,fast_rebalance,-2144.3280010474,-1.6435071748145402,-6.600099724755779,3.0439331635418266e-10,18,5,2026-03-03
CNP/AEE,CNP,AEE,fast_rebalance,-203.9653710288468,-0.3729646795092765,-6.600099724755779,1.4900678767229957e-10,8,5,2026-03-03
NI/AEE,NI,AEE,fast_rebalance,-43.62852431797859,-0.17538689524130807,-6.600099724755779,4.153369542409447e-06,6,5,2026-03-03
AME/MAR,AME,MAR,fast_rebalance,-387.6349472279163,-0.7108463180747415,-6.600099724755779,1.4127277207603255e-10,8,5,2026-03-03
AME/SNA,AME,SNA,fast_rebalance,-274.9348975248218,-0.6539793479208472,-6.600099724755779,5.19846985335554e-10,4,5,2026-03-03
CINF/AWK,CINF,AWK,fast_rebalance,-1721.326359731155,-1.4567070325860667,-6.600099724755779,1.7010428734518304e-09,12,5,2026-03-03
INCY/AWK,INCY,AWK,fast_rebalance,1565.031786292566,0.604613304912751,-6.600099724755779,0.9999999969095823,22,5,2026-03-03
MDLZ/EW,MDLZ,EW,uniform_weights,-276.2430554936321,-0.19466122297475374,-6.667696536381404,1.219243765038761e-11,16,5,2026-03-03
AFL/SPG,AFL,SPG,uniform_weights,-934.3251295872578,-0.8280173310015075,-6.667696536381404,7.723260393478671e-14,12,5,2026-03-03
AIG/DUK,AIG,DUK,uniform_weights,-95.9184065179521,-0.09654465674049972,-6.667696536381404,3.64794394410394e-05,12,5,2026-03-03
AIG/GILD,AIG,GILD,uniform_weights,-207.6379780885237,-0.1354591653469098,-6.667696536381404,8.011414162355956e-07,14,5,2026-03-03
AIG/JNJ,AIG,JNJ,uniform_weights,939.4349733441541,0.7389482269009939,-6.667696536381404,0.9999999999999875,12,5,2026-03-03
TRV/DGX,TRV,DGX,uniform_weights,-294.8753438672263,-0.43636933701131375,-6.667696536381404,3.553563543936967e-05,2,5,2026-03-03
SLB/ACGL,SLB,ACGL,uniform_weights,-2572.00043511999,-1.8364550308551097,-6.667696536381404,3.0100074266566736e-07,8,5,2026-03-03
ACGL/DOV,ACGL,DOV,uniform_weights,244.9294638366936,0.16737130632211533,-6.667696536381404,0.9643263528156805,12,5,2026-03-03
ACGL/YUM,ACGL,YUM,uniform_weights,-661.6630823587386,-0.6129433355768998,-6.667696536381404,1.0535330529737268e-12,10,5,2026-03-03
CNP/AEE,CNP,AEE,uniform_weights,-132.4821606831807,-0.3211599187259947,-6.667696536381404,5.065610112581382e-10,8,5,2026-03-03
NI/AEE,NI,AEE,uniform_weights,234.5013333109882,0.7420243668503401,-6.667696536381404,0.9999999996998958,6,5,2026-03-03
AME/MAR,AME,MAR,uniform_weights,51.6070584444349,0.08976166072685067,-6.667696536381404,0.46312161612823216,4,5,2026-03-03
AME/SNA,AME,SNA,uniform_weights,0.0,-6.667696536381404,-6.667696536381404,1.5970401939234604e-209,0,5,2026-03-03
CINF/AWK,CINF,AWK,uniform_weights,-359.0134849023998,-0.10507744955146815,-6.667696536381404,3.860757962398474e-07,12,5,2026-03-03
INCY/AWK,INCY,AWK,uniform_weights,-3532.734161672632,-1.2142209048935955,-6.667696536381404,4.03724959797588e-13,24,5,2026-03-03
MDLZ/EW,MDLZ,EW,raw_momentum,849.6226804579082,0.7265723400938571,-6.675351734137247,0.9999999999999137,14,5,2026-03-03
AFL/SPG,AFL,SPG,raw_momentum,-873.7785486251144,-1.160634175155869,-6.675351734137247,3.700099743294734e-18,8,5,2026-03-03
AIG/DUK,AIG,DUK,raw_momentum,288.3071168814378,0.2720923503882942,-6.675351734137247,0.9998147127927954,12,5,2026-03-03
AIG/GILD,AIG,GILD,raw_momentum,-94.8734669878354,-0.1016600455508842,-6.675351734137247,3.950363584551989e-06,6,5,2026-03-03
AIG/JNJ,AIG,JNJ,raw_momentum,340.035997368279,0.34920408991868634,-6.675351734137247,0.999999812162839,8,5,2026-03-03
TRV/DGX,TRV,DGX,raw_momentum,-401.5153620552447,-0.5743690644371444,-6.675351734137247,6.393447591276905e-05,2,5,2026-03-03
SLB/ACGL,SLB,ACGL,raw_momentum,-1676.259385764678,-1.3919785940400218,-6.675351734137247,2.839682128139246e-05,6,5,2026-03-03
ACGL/DOV,ACGL,DOV,raw_momentum,-204.8591453293377,-0.15934893853374857,-6.675351734137247,0.0010290313644496709,12,5,2026-03-03
ACGL/YUM,ACGL,YUM,raw_momentum,412.8423364648459,0.6235275510365457,-6.675351734137247,0.9999775023720722,4,5,2026-03-03
CNP/AEE,CNP,AEE,raw_momentum,-121.1373193134498,-0.51422856665775,-6.675351734137247,0.0006791214749472217,2,5,2026-03-03
NI/AEE,NI,AEE,raw_momentum,235.4618128889283,0.7422861923140569,-6.675351734137247,0.9999999996628334,6,5,2026-03-03
AME/MAR,AME,MAR,raw_momentum,21.73252278268421,0.05857824220187974,-6.675351734137247,0.2585294991286214,2,5,2026-03-03
AME/SNA,AME,SNA,raw_momentum,0.0,-6.675351734137247,-6.675351734137247,1.5471488731351103e-209,0,5,2026-03-03
CINF/AWK,CINF,AWK,raw_momentum,-656.265258218536,-0.19412414697006813,-6.675351734137247,3.0899633620073277e-10,10,5,2026-03-03
INCY/AWK,INCY,AWK,raw_momentum,-824.4537694861829,-0.39596219953730544,-6.675351734137247,1.7716146979667767e-07,12,5,2026-03-03
MDLZ/EW,MDLZ,EW,sensitive_reversal,-2358.978679896232,-1.5714797273991576,-8.99775978122324,4.3829773325178656e-07,26,5,2026-03-03
AFL/SPG,AFL,SPG,sensitive_reversal,-24.16826184360411,-0.051073615684240216,-8.99775978122324,0.001044323588767496,12,5,2026-03-03
AIG/DUK,AIG,DUK,sensitive_reversal,368.5303796388723,0.508223593133064,-8.99775978122324,0.9999639943489385,14,5,2026-03-03
AIG/GILD,AIG,GILD,sensitive_reversal,-50.04645716419532,-0.04456314067568984,-8.99775978122324,0.0012099921521766866,14,5,2026-03-03
AIG/JNJ,AIG,JNJ,sensitive_reversal,35.18832027602343,0.027362666748809206,-8.99775978122324,0.06486560489607178,16,5,2026-03-03
TRV/DGX,TRV,DGX,sensitive_reversal,50.32984426509097,0.3482401513973742,-8.99775978122324,0.9889363627220343,2,5,2026-03-03
SLB/ACGL,SLB,ACGL,sensitive_reversal,-1050.164397611307,-0.9400814331129537,-8.99775978122324,2.496581346041145e-08,8,5,2026-03-03
ACGL/DOV,ACGL,DOV,sensitive_reversal,144.6180201479866,0.10268419169853137,-8.99775978122324,0.5821918097404661,16,5,2026-03-03
ACGL/YUM,ACGL,YUM,sensitive_reversal,-703.4781544397192,-0.8952270927416089,-8.99775978122324,2.080597921426199e-05,14,5,2026-03-03
CNP/AEE,CNP,AEE,sensitive_reversal,84.9868029515942,0.1709408300654504,-8.99775978122324,0.9351606178726466,8,5,2026-03-03
NI/AEE,NI,AEE,sensitive_reversal,-26.17086704695656,-0.10204713623610911,-8.99775978122324,1.0180088791334346e-05,12,5,2026-03-03
AME/MAR,AME,MAR,sensitive_reversal,-261.1164953805672,-0.5527606468083206,-8.99775978122324,2.1100624251307892e-09,4,5,2026-03-03
AME/SNA,AME,SNA,sensitive_reversal,-149.205328101669,-0.631114027812459,-8.99775978122324,4.782948353446849e-07,2,5,2026-03-03
CINF/AWK,CINF,AWK,sensitive_reversal,842.6393559356335,0.7801242392834227,-8.99775978122324,0.9999999999999362,16,5,2026-03-03
INCY/AWK,INCY,AWK,sensitive_reversal,-3912.49053895412,-1.6109050832458855,-8.99775978122324,1.6777346183222325e-09,26,5,2026-03-03
MDLZ/EW,MDLZ,EW,fast_strict,-703.8680112376089,-0.6067639176989637,-9.537325709978958,4.5877755873806584e-11,24,5,2026-03-03
AFL/SPG,AFL,SPG,fast_strict,158.5696210129271,0.10867108714840028,-9.537325709978958,0.6270753956090565,16,5,2026-03-03
AIG/DUK,AIG,DUK,fast_strict,608.5512624428361,0.8343869843492189,-9.537325709978958,0.9999999999544149,20,5,2026-03-03
AIG/GILD,AIG,GILD,fast_strict,-235.4512250880829,-0.11513963741846778,-9.537325709978958,5.974197082752133e-06,12,5,2026-03-03
AIG/JNJ,AIG,JNJ,fast_strict,828.4962788009854,0.8245174948899002,-9.537325709978958,0.9999999717898544,16,5,2026-03-03
TRV/DGX,TRV,DGX,fast_strict,-1665.306617629603,-1.726900014281026,-9.537325709978958,1.5308224795394437e-06,14,5,2026-03-03
SLB/ACGL,SLB,ACGL,fast_strict,-935.9056989033406,-0.9099835235461992,-9.537325709978958,3.4415764274982324e-09,14,5,2026-03-03
ACGL/DOV,ACGL,DOV,fast_strict,-1872.274403210999,-1.8540380967748873,-9.537325709978958,9.157086499002309e-14,16,5,2026-03-03
ACGL/YUM,ACGL,YUM,fast_strict,-1691.594557395769,-1.7467019820621843,-9.537325709978958,8.840686648239916e-10,18,5,2026-03-03
CNP/AEE,CNP,AEE,fast_strict,-33.3224180836396,-0.08842774092329818,-9.537325709978958,9.345427655811766e-05,8,5,2026-03-03
NI/AEE,NI,AEE,fast_strict,4.672358314316234,0.028960939911139568,-9.537325709978958,0.0756655906550487,8,5,2026-03-03
AME/MAR,AME,MAR,fast_strict,-399.1637089416354,-1.0293599535102962,-9.537325709978958,2.5810769209563034e-09,10,5,2026-03-03
AME/SNA,AME,SNA,fast_strict,-198.8805671919436,-0.6417164167832984,-9.537325709978958,5.437335458791827e-10,4,5,2026-03-03
CINF/AWK,CINF,AWK,fast_strict,-1305.511730896524,-1.7504352373902508,-9.537325709978958,2.347724830633219e-06,14,5,2026-03-03
INCY/AWK,INCY,AWK,fast_strict,-562.9862658218823,-0.35401766778350363,-9.537325709978958,9.32189420993102e-13,26,5,2026-03-03
MDLZ/EW,MDLZ,EW,vol_sized_conservative,1394.2101523571,0.46393250272845366,-9.63523536771467,0.997555193091032,18,5,2026-03-03
AFL/SPG,AFL,SPG,vol_sized_conservative,-472.3478733708396,-1.1708082788913,-9.63523536771467,8.702331123992469e-14,12,5,2026-03-03
AIG/DUK,AIG,DUK,vol_sized_conservative,-187.7422115741182,-0.46139333289111123,-9.63523536771467,3.6904766887273987e-11,14,5,2026-03-03
AIG/GILD,AIG,GILD,vol_sized_conservative,167.0515283356498,0.3769330117963877,-9.63523536771467,0.9999979750054405,12,5,2026-03-03
AIG/JNJ,AIG,JNJ,vol_sized_conservative,338.3831266522187,0.717321692973598,-9.63523536771467,0.9999999999999812,12,5,2026-03-03
TRV/DGX,TRV,DGX,vol_sized_conservative,-148.8740604751617,-0.6016918050918095,-9.63523536771467,0.00033016633881476586,2,5,2026-03-03
SLB/ACGL,SLB,ACGL,vol_sized_conservative,-319.3940312034947,-1.1001275280941345,-9.63523536771467,7.768691624149714e-05,8,5,2026-03-03
ACGL/DOV,ACGL,DOV,vol_sized_conservative,50.59925359798306,0.09347698287235452,-9.63523536771467,0.4858633816874343,14,5,2026-03-03
ACGL/YUM,ACGL,YUM,vol_sized_conservative,-228.3852455803385,-0.7206351675915709,-9.63523536771467,3.969824828034299e-07,10,5,2026-03-03
CNP/AEE,CNP,AEE,vol_sized_conservative,-50.28713781855833,-0.3276973653456381,-9.63523536771467,2.9141872227846574e-10,8,5,2026-03-03
NI/AEE,NI,AEE,vol_sized_conservative,75.2766411089337,0.6817442038543826,-9.63523536771467,0.9999999925240693,6,5,2026-03-03
AME/MAR,AME,MAR,vol_sized_conservative,15.59570127796013,0.10995369974659516,-9.63523536771467,0.5909163661642944,2,5,2026-03-03
AME/SNA,AME,SNA,vol_sized_conservative,-62.37574286636456,-0.7314366897717746,-9.63523536771467,1.2339863748189672e-06,2,5,2026-03-03
CINF/AWK,CINF,AWK,vol_sized_conservative,-101.4714002560204,-0.20585047958395283,-9.63523536771467,1.1412796627984528e-10,12,5,2026-03-03
INCY/AWK,INCY,AWK,vol_sized_conservative,-1489.165225534086,-1.572139273287492,-9.63523536771467,6.852852360355629e-11,22,5,2026-03-03
MDLZ/EW,MDLZ,EW,conservative,1393.921108342761,0.4705482397632209,-9.965196783782558,0.9968742502226432,20,5,2026-03-03
AFL/SPG,AFL,SPG,conservative,-45.85114936460633,-0.07013576082655557,-9.965196783782558,0.0033216240992417867,14,5,2026-03-03
AIG/DUK,AIG,DUK,conservative,33.96945270483049,0.09733869306153795,-9.965196783782558,0.5228601663860977,14,5,2026-03-03
AIG/GILD,AIG,GILD,conservative,-290.0447117262335,-0.6529519440808691,-9.965196783782558,1.6161251537779592e-15,14,5,2026-03-03
AIG/JNJ,AIG,JNJ,conservative,126.8263465465564,0.28767961631881367,-9.965196783782558,0.9999805665516036,12,5,2026-03-03
TRV/DGX,TRV,DGX,conservative,11.22377969762434,0.10255773360405254,-9.965196783782558,0.5467092465652617,2,5,2026-03-03
SLB/ACGL,SLB,ACGL,conservative,-446.8409895427166,-1.337894356061493,-9.965196783782558,4.33815449716906e-06,8,5,2026-03-03
ACGL/DOV,ACGL,DOV,conservative,71.88238529560954,0.23206856299522924,-9.965196783782558,0.9886128473567612,12,5,2026-03-03
ACGL/YUM,ACGL,YUM,conservative,-389.3584433325584,-1.1847985801633831,-9.965196783782558,9.792013116153568e-07,12,5,2026-03-03
CNP/AEE,CNP,AEE,conservative,-138.3235919921799,-1.065467999760996,-9.965196783782558,3.052098185246409e-08,8,5,2026-03-03
NI/AEE,NI,AEE,conservative,4.124878085917075,0.05285694820703131,-9.965196783782558,0.16220134567890532,8,5,2026-03-03
AME/MAR,AME,MAR,conservative,-28.6677232905655,-0.14078804629381167,-9.965196783782558,5.121757156402031e-10,4,5,2026-03-03
AME/SNA,AME,SNA,conservative,0.0,-9.965196783782558,-9.965196783782558,1.3234640755027093e-212,0,5,2026-03-03
CINF/AWK,CINF,AWK,conservative,-244.1597698601374,-0.6269328554095691,-9.965196783782558,1.0967324885434594e-17,16,5,2026-03-03
INCY/AWK,INCY,AWK,conservative,-1288.994255556679,-1.4019987290767622,-9.965196783782558,2.7152755075751105e-10,28,5,2026-03-03
MDLZ/EW,MDLZ,EW,kalman_aggressive,1657.490084428294,0.15044043458355996,-2.5726706276826263,0.9621213311733957,52,6,2026-04-10
AFL/SPG,AFL,SPG,kalman_aggressive,-8841.264258254458,-1.5481526850074023,-2.5726706276826263,1.5642471298692074e-07,50,6,2026-04-10
AIG/DUK,AIG,DUK,kalman_aggressive,828.4436720182503,0.19504838715579478,-2.5726706276826263,0.988483004286927,46,6,2026-04-10
AIG/GILD,AIG,GILD,kalman_aggressive,7558.552599459246,0.9491428281577292,-2.5726706276826263,1.0,54,6,2026-04-10
AIG/JNJ,AIG,JNJ,kalman_aggressive,2960.265420154926,0.5211699437865775,-2.5726706276826263,0.9999999948924088,48,6,2026-04-10
TRV/DGX,TRV,DGX,kalman_aggressive,-4408.515987387203,-1.1648342263850016,-2.5726706276826263,6.838360738025696e-20,46,6,2026-04-10
SLB/ACGL,SLB,ACGL,kalman_aggressive,-3995.873107656082,-0.48287551436238535,-2.5726706276826263,6.985307150636342e-29,48,6,2026-04-10
ACGL/DOV,ACGL,DOV,kalman_aggressive,-2346.570683581987,-0.5409748547763743,-2.5726706276826263,1.32259978679722e-39,52,6,2026-04-10
ACGL/YUM,ACGL,YUM,kalman_aggressive,-9332.379976051208,-1.5625491294267855,-2.5726706276826263,6.694657829400676e-18,54,6,2026-04-10
CNP/AEE,CNP,AEE,kalman_aggressive,-493.0622543322597,-0.19717133764295233,-2.5726706276826263,4.3715621662889585e-15,50,6,2026-04-10
NI/AEE,NI,AEE,kalman_aggressive,-2357.308095614526,-1.1971043383402369,-2.5726706276826263,3.093238112035818e-39,44,6,2026-04-10
AME/MAR,AME,MAR,kalman_aggressive,-4768.797602903784,-1.125395205620148,-2.5726706276826263,1.2195976744432251e-20,46,6,2026-04-10
AME/SNA,AME,SNA,kalman_aggressive,50.7092417510944,0.013950041761069717,-2.5726706276826263,0.04037927602848102,44,6,2026-04-10
CINF/AWK,CINF,AWK,kalman_aggressive,-2753.947518509292,-0.3958751470548637,-2.5726706276826263,1.7761327711736384e-20,44,6,2026-04-10
INCY/AWK,INCY,AWK,kalman_aggressive,-8048.034562450895,-0.7100055454460341,-2.5726706276826263,1.1200410086265433e-11,56,6,2026-04-10
MDLZ/EW,MDLZ,EW,aggressive,2190.344285716862,0.18817908727894142,-2.6458933821347235,0.9972341746577915,48,6,2026-04-10
AFL/SPG,AFL,SPG,aggressive,-11571.0301925374,-1.8105907760486475,-2.6458933821347235,6.52920060585922e-09,48,6,2026-04-10
AIG/DUK,AIG,DUK,aggressive,-2091.563236181315,-0.44915476353260475,-2.6458933821347235,2.933261402757623e-22,44,6,2026-04-10
AIG/GILD,AIG,GILD,aggressive,8270.165009740798,0.8458790033035619,-2.6458933821347235,1.0,54,6,2026-04-10
AIG/JNJ,AIG,JNJ,aggressive,2583.817609647218,0.4199260791226187,-2.6458933821347235,0.9999999994333224,44,6,2026-04-10
TRV/DGX,TRV,DGX,aggressive,-4845.137112147428,-0.9481796114039348,-2.6458933821347235,4.2796498954710843e-35,40,6,2026-04-10
SLB/ACGL,SLB,ACGL,aggressive,-14819.09304534006,-1.5513270529483232,-2.6458933821347235,4.34815475195901e-50,46,6,2026-04-10
ACGL/DOV,ACGL,DOV,aggressive,-4110.51384508715,-0.720777158509747,-2.6458933821347235,5.5062457919418393e-42,54,6,2026-04-10
ACGL/YUM,ACGL,YUM,aggressive,-4470.80993457549,-0.7912211278980975,-2.6458933821347235,5.084401294376898e-36,54,6,2026-04-10
CNP/AEE,CNP,AEE,aggressive,77.87536224005532,0.031590120263362234,-2.6458933821347235,0.08667651834917878,48,6,2026-04-10
NI/AEE,NI,AEE,aggressive,-2855.941238275963,-1.0070183507965174,-2.6458933821347235,2.125819445044185e-14,40,6,2026-04-10
AME/MAR,AME,MAR,aggressive,-8321.992318401462,-1.6013289588311055,-2.6458933821347235,1.732964356174218e-16,44,6,2026-04-10
AME/SNA,AME,SNA,aggressive,1037.108732888994,0.22426177887219528,-2.6458933821347235,0.9919394397207779,44,6,2026-04-10
CINF/AWK,CINF,AWK,aggressive,-6354.881414181893,-0.8258126323812054,-2.6458933821347235,4.447313497865994e-27,42,6,2026-04-10
INCY/AWK,INCY,AWK,aggressive,-3566.794344272924,-0.3575036031887953,-2.6458933821347235,5.710981668488255e-23,52,6,2026-04-10
MDLZ/EW,MDLZ,EW,trend_leverage,3139.0985269063,0.32993827947661025,-3.1022666480983743,0.9982341398106505,20,6,2026-04-10
AFL/SPG,AFL,SPG,trend_leverage,-12.26642080159513,-0.003822809945706616,-3.1022666480983743,0.01567042214481547,14,6,2026-04-10
AIG/DUK,AIG,DUK,trend_leverage,-951.8665077188091,-0.5533038550873737,-3.1022666480983743,1.5699650263464495e-17,16,6,2026-04-10
AIG/GILD,AIG,GILD,trend_leverage,1416.63694674564,0.5080457747722699,-3.1022666480983743,0.9999999998643576,14,6,2026-04-10
AIG/JNJ,AIG,JNJ,trend_leverage,709.2676446776518,0.31988256308227264,-3.1022666480983743,0.9999994647456822,16,6,2026-04-10
TRV/DGX,TRV,DGX,trend_leverage,-448.7587720820828,-0.4280556085957586,-3.1022666480983743,3.5687254746787e-05,2,6,2026-04-10
SLB/ACGL,SLB,ACGL,trend_leverage,-4133.692810520472,-1.8883337435025893,-3.1022666480983743,2.508895932778819e-07,8,6,2026-04-10
ACGL/DOV,ACGL,DOV,trend_leverage,291.393054589815,0.12664894296737836,-3.1022666480983743,0.8203509798561748,12,6,2026-04-10
ACGL/YUM,ACGL,YUM,trend_leverage,-1000.450093497761,-0.5974332239626119,-3.1022666480983743,1.1917388414439471e-12,10,6,2026-04-10
CNP/AEE,CNP,AEE,trend_leverage,-200.8611303111996,-0.31333375269003194,-3.1022666480983743,5.537595992321557e-10,8,6,2026-04-10
NI/AEE,NI,AEE,trend_leverage,354.6767532445266,0.7222440635186473,-3.1022666480983743,0.9999999996740361,6,6,2026-04-10
AME/MAR,AME,MAR,trend_leverage,68.96750664810503,0.07653896019017599,-3.1022666480983743,0.3816808709950604,4,6,2026-04-10
AME/SNA,AME,SNA,trend_leverage,0.0,-3.1022666480983743,-3.1022666480983743,1.9762087368941804e-197,0,6,2026-04-10
CINF/AWK,CINF,AWK,trend_leverage,-854.0419686474577,-0.40991899080905025,-3.1022666480983743,1.7133429505883416e-17,16,6,2026-04-10
INCY/AWK,INCY,AWK,trend_leverage,-6000.839823521797,-1.252051381838354,-3.1022666480983743,1.3777571929251667e-15,28,6,2026-04-10
MDLZ/EW,MDLZ,EW,crash_tolerant,1175.667943220564,0.16702643948482745,-3.179849172624764,0.9787441217918011,20,6,2026-04-10
AFL/SPG,AFL,SPG,crash_tolerant,-737.874690229188,-0.17034976667238255,-3.179849172624764,0.00010835145274650468,14,6,2026-04-10
AIG/DUK,AIG,DUK,crash_tolerant,-487.4389564415696,-0.18725110131148903,-3.179849172624764,3.9128075208871216e-08,16,6,2026-04-10
AIG/GILD,AIG,GILD,crash_tolerant,70.8973566444597,0.02324021716158942,-3.179849172624764,0.05909377743573206,14,6,2026-04-10
AIG/JNJ,AIG,JNJ,crash_tolerant,1603.336231785772,0.6089117139600747,-3.179849172624764,0.9999999999999526,14,6,2026-04-10
TRV/DGX,TRV,DGX,crash_tolerant,-596.3299118370062,-0.4262517010158961,-3.179849172624764,3.555555716701052e-05,2,6,2026-04-10
SLB/ACGL,SLB,ACGL,crash_tolerant,-5160.426508371105,-1.7870335881525659,-3.179849172624764,3.164724607460256e-07,8,6,2026-04-10
ACGL/DOV,ACGL,DOV,crash_tolerant,374.4876823146884,0.12258536810167771,-3.179849172624764,0.7905620095614967,12,6,2026-04-10
ACGL/YUM,ACGL,YUM,crash_tolerant,-1327.996421846557,-0.5957129947243386,-3.179849172624764,1.1186383453576102e-12,10,6,2026-04-10
CNP/AEE,CNP,AEE,crash_tolerant,-265.3327870404147,-0.31130652697497474,-3.179849172624764,6.038800219579976e-10,8,6,2026-04-10
NI/AEE,NI,AEE,crash_tolerant,471.3126820874137,0.7224077292150641,-3.179849172624764,0.9999999996927569,6,6,2026-04-10
AME/MAR,AME,MAR,crash_tolerant,98.97615866728376,0.08284647280916625,-3.179849172624764,0.429199473017027,4,6,2026-04-10
AME/SNA,AME,SNA,crash_tolerant,0.0,-3.179849172624764,-3.179849172624764,8.744146447833149e-199,0,6,2026-04-10
CINF/AWK,CINF,AWK,crash_tolerant,-1436.557249274317,-0.5245149554533374,-3.179849172624764,1.1667727312008677e-19,16,6,2026-04-10
INCY/AWK,INCY,AWK,crash_tolerant,-6287.280887646537,-0.9730103010055984,-3.179849172624764,3.7403379239307903e-17,28,6,2026-04-10
MDLZ/EW,MDLZ,EW,no_skip_month,423.7721301355622,0.19182398243463444,-3.237962635770571,0.9678458792795214,26,6,2026-04-10
AFL/SPG,AFL,SPG,no_skip_month,-600.383498180197,-0.2709543578855879,-3.237962635770571,4.0650908608745966e-05,16,6,2026-04-10
AIG/DUK,AIG,DUK,no_skip_month,-243.3247006202229,-0.17689984151156224,-3.237962635770571,3.339258895515346e-08,18,6,2026-04-10
AIG/GILD,AIG,GILD,no_skip_month,-29.34944827185939,-0.017555296278696786,-3.237962635770571,0.006671156517775307,16,6,2026-04-10
AIG/JNJ,AIG,JNJ,no_skip_month,1067.820579896864,0.7751738395021678,-3.237962635770571,1.0,18,6,2026-04-10
TRV/DGX,TRV,DGX,no_skip_month,-301.1876323271579,-0.43166000561781903,-3.237962635770571,3.588994677063223e-05,2,6,2026-04-10
SLB/ACGL,SLB,ACGL,no_skip_month,-1946.307055823061,-1.5193251053028158,-3.237962635770571,1.2761649877438983e-05,10,6,2026-04-10
ACGL/DOV,ACGL,DOV,no_skip_month,1670.223380968674,0.7601161819653882,-3.237962635770571,0.9999999999999997,24,6,2026-04-10
ACGL/YUM,ACGL,YUM,no_skip_month,-534.2154632347068,-0.5012730193052823,-3.237962635770571,1.1488578477443124e-10,14,6,2026-04-10
CNP/AEE,CNP,AEE,no_skip_month,-135.0037512654635,-0.3167652196987607,-3.237962635770571,4.366085421062569e-10,8,6,2026-04-10
NI/AEE,NI,AEE,no_skip_month,236.9366917253174,0.7224693016986129,-3.237962635770571,0.9999999996664549,6,6,2026-04-10
AME/MAR,AME,MAR,no_skip_month,101.0223863595852,0.15804310922291642,-3.237962635770571,0.8567287780006341,4,6,2026-04-10
AME/SNA,AME,SNA,no_skip_month,-187.6462065026958,-0.7776085445661536,-3.237962635770571,6.519549616039043e-07,2,6,2026-04-10
CINF/AWK,CINF,AWK,no_skip_month,-1254.290276143369,-0.3855397177817325,-3.237962635770571,3.612436503035499e-09,20,6,2026-04-10
INCY/AWK,INCY,AWK,no_skip_month,2361.000487582387,0.33431984274120796,-3.237962635770571,0.9999582336073671,32,6,2026-04-10
MDLZ/EW,MDLZ,EW,monthly_aligned_windows,-2041.969385316793,-0.36542422719706713,-3.303264327759073,1.1081875274747223e-09,32,6,2026-04-10
AFL/SPG,AFL,SPG,monthly_aligned_windows,-349.7377316868698,-0.09795014355868956,-3.303264327759073,7.158115116856382e-05,36,6,2026-04-10
AIG/DUK,AIG,DUK,monthly_aligned_windows,-2645.077633035918,-0.5577845107973962,-3.303264327759073,0.00037927002578177517,36,6,2026-04-10
AIG/GILD,AIG,GILD,monthly_aligned_windows,35.0694217150949,0.006622700878001274,-3.303264327759073,0.02813834784424871,36,6,2026-04-10
AIG/JNJ,AIG,JNJ,monthly_aligned_windows,-1068.853719097651,-0.2478447104668214,-3.303264327759073,6.143536783145042e-11,34,6,2026-04-10
TRV/DGX,TRV,DGX,monthly_aligned_windows,-2622.771267159691,-1.7578374640858194,-3.303264327759073,1.413628170599841e-19,34,6,2026-04-10
SLB/ACGL,SLB,ACGL,monthly_aligned_windows,-5363.031095798009,-1.6327531397197248,-3.303264327759073,1.3996523931259537e-23,34,6,2026-04-10
ACGL/DOV,ACGL,DOV,monthly_aligned_windows,893.5059408379668,0.3009015844534492,-3.303264327759073,0.9997466140237882,32,6,2026-04-10
ACGL/YUM,ACGL,YUM,monthly_aligned_windows,-5512.332584408909,-1.565271864546528,-3.303264327759073,9.424633333741268e-05,36,6,2026-04-10
CNP/AEE,CNP,AEE,monthly_aligned_windows,-2066.245469482329,-1.2203333398291887,-3.303264327759073,4.544603418325625e-07,36,6,2026-04-10
NI/AEE,NI,AEE,monthly_aligned_windows,-705.149348016424,-0.9132600694301483,-3.303264327759073,8.10319908375127e-24,32,6,2026-04-10
AME/MAR,AME,MAR,monthly_aligned_windows,-2956.024098647608,-0.8826531938728642,-3.303264327759073,7.11368900143243e-17,36,6,2026-04-10
AME/SNA,AME,SNA,monthly_aligned_windows,122.9364274702616,0.04523928279844508,-3.303264327759073,0.1457434576981153,36,6,2026-04-10
CINF/AWK,CINF,AWK,monthly_aligned_windows,-311.7870669941684,-0.10669484897931031,-3.303264327759073,9.95726604773137e-06,34,6,2026-04-10
INCY/AWK,INCY,AWK,monthly_aligned_windows,4436.148135063708,0.8173725806637341,-3.303264327759073,0.9999996974373,36,6,2026-04-10
MDLZ/EW,MDLZ,EW,let_profits_run,3649.554469793309,0.4789084186053203,-3.59915386266329,0.9999849627387445,16,6,2026-04-10
AFL/SPG,AFL,SPG,let_profits_run,-550.6927936364245,-0.2753989550544523,-3.59915386266329,0.00022261572181016175,12,6,2026-04-10
AIG/DUK,AIG,DUK,let_profits_run,-879.8310954722483,-0.6193725603171306,-3.59915386266329,7.557916135883998e-17,12,6,2026-04-10
AIG/GILD,AIG,GILD,let_profits_run,-697.9375253491521,-0.45940895684367394,-3.59915386266329,4.635343274973177e-12,14,6,2026-04-10
AIG/JNJ,AIG,JNJ,let_profits_run,217.1184700931219,0.09776959374549467,-3.59915386266329,0.54867698402356,18,6,2026-04-10
TRV/DGX,TRV,DGX,let_profits_run,-58.90752716587383,-0.2127279597095845,-3.59915386266329,8.055266010685623e-08,2,6,2026-04-10
SLB/ACGL,SLB,ACGL,let_profits_run,-1691.992345184267,-1.1293435531640441,-3.59915386266329,2.009907157450129e-09,6,6,2026-04-10
ACGL/DOV,ACGL,DOV,let_profits_run,-1918.255986717347,-0.881320438865413,-3.59915386266329,2.4705776897222174e-14,12,6,2026-04-10
ACGL/YUM,ACGL,YUM,let_profits_run,-635.4882993123534,-0.8585975789171161,-3.59915386266329,3.073457699834772e-12,6,6,2026-04-10
CNP/AEE,CNP,AEE,let_profits_run,-109.2805925471051,-0.7199697031036821,-3.59915386266329,0.0009829571114874124,2,6,2026-04-10
NI/AEE,NI,AEE,let_profits_run,134.1367458279259,0.8828252794590213,-3.59915386266329,0.9848677916831532,4,6,2026-04-10
AME/MAR,AME,MAR,let_profits_run,344.0984559295237,0.434457500261839,-3.59915386266329,0.9999745608809512,4,6,2026-04-10
AME/SNA,AME,SNA,let_profits_run,-1.47228579593525,-0.014100069728027971,-3.59915386266329,0.005832859661529806,2,6,2026-04-10
CINF/AWK,CINF,AWK,let_profits_run,-421.1545033251828,-0.27946188539927863,-3.59915386266329,3.473522885678634e-11,18,6,2026-04-10
INCY/AWK,INCY,AWK,let_profits_run,-131.0070448394133,-0.037575114048047316,-3.59915386266329,0.0016657906046771698,20,6,2026-04-10
MDLZ/EW,MDLZ,EW,weekly_aligned_windows,1279.534848619028,0.2711692990550297,-3.6283011816195407,0.9994399191051313,86,6,2026-04-10
AFL/SPG,AFL,SPG,weekly_aligned_windows,-5327.686154769213,-1.3608280597708258,-3.6283011816195407,3.445201437728967e-09,102,6,2026-04-10
AIG/DUK,AIG,DUK,weekly_aligned_windows,-2362.3831383257,-0.6789512475366747,-3.6283011816195407,1.3919675195412489e-11,90,6,2026-04-10
AIG/GILD,AIG,GILD,weekly_aligned_windows,-2001.225629601189,-0.4934271638303434,-3.6283011816195407,2.118370846305487e-27,98,6,2026-04-10
AIG/JNJ,AIG,JNJ,weekly_aligned_windows,-3529.731643399597,-0.9304068392623666,-3.6283011816195407,4.2233865756232035e-19,98,6,2026-04-10
TRV/DGX,TRV,DGX,weekly_aligned_windows,-2894.618360818351,-0.9367229322718547,-3.6283011816195407,3.289281563648879e-22,90,6,2026-04-10
SLB/ACGL,SLB,ACGL,weekly_aligned_windows,-3375.617883828478,-0.725215353119855,-3.6283011816195407,7.363507379882282e-49,92,6,2026-04-10
ACGL/DOV,ACGL,DOV,weekly_aligned_windows,-1636.614560017776,-0.4760770887455127,-3.6283011816195407,5.241778209884073e-32,92,6,2026-04-10
ACGL/YUM,ACGL,YUM,weekly_aligned_windows,-1913.868755258675,-0.5534645101483673,-3.6283011816195407,1.956897066346817e-22,100,6,2026-04-10
CNP/AEE,CNP,AEE,weekly_aligned_windows,-2850.320859849809,-1.086904140096513,-3.6283011816195407,2.5441292871133927e-06,92,6,2026-04-10
NI/AEE,NI,AEE,weekly_aligned_windows,-1979.943069733643,-1.3906632484063735,-3.6283011816195407,1.5239655199043157e-19,80,6,2026-04-10
AME/MAR,AME,MAR,weekly_aligned_windows,-2528.166013231655,-0.8385330223236763,-3.6283011816195407,9.692525601192526e-28,90,6,2026-04-10
AME/SNA,AME,SNA,weekly_aligned_windows,-2494.093766055955,-0.8342660319611803,-3.6283011816195407,1.112054304676399e-14,88,6,2026-04-10
CINF/AWK,CINF,AWK,weekly_aligned_windows,-3015.149109016081,-0.8426048012302338,-3.6283011816195407,1.245663018386721e-25,98,6,2026-04-10
INCY/AWK,INCY,AWK,weekly_aligned_windows,3490.394666232795,0.5945478298108243,-3.6283011816195407,1.0,88,6,2026-04-10
MDLZ/EW,MDLZ,EW,no_reversal_protection,1788.600194315672,0.28086607786893397,-4.078085107032001,0.9980879765708022,20,6,2026-04-10
AFL/SPG,AFL,SPG,no_reversal_protection,-676.9423268774633,-0.2812351489853,-4.078085107032001,1.3979519359306296e-06,14,6,2026-04-10
AIG/DUK,AIG,DUK,no_reversal_protection,-1819.611118899565,-1.0213465422829797,-4.078085107032001,1.3185387581461113e-11,16,6,2026-04-10
AIG/GILD,AIG,GILD,no_reversal_protection,44.76127343491578,0.023949134195594947,-4.078085107032001,0.05738528142725166,14,6,2026-04-10
AIG/JNJ,AIG,JNJ,no_reversal_protection,-32.98607567489216,-0.021234150071180565,-4.078085107032001,0.005683660138477367,14,6,2026-04-10
TRV/DGX,TRV,DGX,no_reversal_protection,-301.1876323271579,-0.43166000561781903,-4.078085107032001,3.588994677063223e-05,2,6,2026-04-10
SLB/ACGL,SLB,ACGL,no_reversal_protection,-1158.810071331721,-1.0058420599678142,-4.078085107032001,3.3197746654345014e-11,6,6,2026-04-10
ACGL/DOV,ACGL,DOV,no_reversal_protection,1350.537243404393,0.7762744359091548,-4.078085107032001,0.9999999987279623,10,6,2026-04-10
ACGL/YUM,ACGL,YUM,no_reversal_protection,-1007.487743653416,-0.7992878411899358,-4.078085107032001,1.8926687977412867e-16,10,6,2026-04-10
CNP/AEE,CNP,AEE,no_reversal_protection,-224.5488303421864,-0.3871017429227181,-4.078085107032001,3.339678167480595e-10,6,6,2026-04-10
NI/AEE,NI,AEE,no_reversal_protection,-164.2737991045595,-0.3773542110668066,-4.078085107032001,1.0679895011265233e-15,6,6,2026-04-10
AME/MAR,AME,MAR,no_reversal_protection,-83.7239780172032,-0.11698202615599453,-4.078085107032001,5.276123220584932e-07,4,6,2026-04-10
AME/SNA,AME,SNA,no_reversal_protection,0.0,-4.078085107032001,-4.078085107032001,8.871751819937388e-210,0,6,2026-04-10
CINF/AWK,CINF,AWK,no_reversal_protection,-1037.627546687424,-0.6899694108037266,-4.078085107032001,4.748936909870901e-26,16,6,2026-04-10
INCY/AWK,INCY,AWK,no_reversal_protection,-1293.55873411526,-0.34625260494823,-4.078085107032001,2.318035673910849e-15,24,6,2026-04-10
MDLZ/EW,MDLZ,EW,slow_rebalance,4584.491059788324,0.6857767344692969,-4.079461689046182,0.9995595692051731,16,6,2026-04-10
AFL/SPG,AFL,SPG,slow_rebalance,34.69710672314912,0.01831136619343345,-4.079461689046182,0.03800430210423775,16,6,2026-04-10
AIG/DUK,AIG,DUK,slow_rebalance,-641.7204920243126,-0.44526552021766264,-4.079461689046182,6.959325412767312e-21,14,6,2026-04-10
AIG/GILD,AIG,GILD,slow_rebalance,-1249.140616859155,-0.9168472562675142,-4.079461689046182,4.322862571855596e-21,14,6,2026-04-10
AIG/JNJ,AIG,JNJ,slow_rebalance,-1154.170378821654,-0.626753876510734,-4.079461689046182,4.04708709453893e-20,16,6,2026-04-10
TRV/DGX,TRV,DGX,slow_rebalance,24.21709519496477,0.07773258662250095,-4.079461689046182,0.4029032535085322,2,6,2026-04-10
SLB/ACGL,SLB,ACGL,slow_rebalance,-4575.815378161426,-2.260691518229528,-4.079461689046182,1.334832648385753e-15,10,6,2026-04-10
ACGL/DOV,ACGL,DOV,slow_rebalance,-1116.342624924082,-0.5346242724996879,-4.079461689046182,2.7646420876819308e-11,10,6,2026-04-10
ACGL/YUM,ACGL,YUM,slow_rebalance,-5.216035503104663,-0.010453063369640235,-4.079461689046182,0.011499978691135629,6,6,2026-04-10
CNP/AEE,CNP,AEE,slow_rebalance,2.050049875827597,0.015279443289702049,-4.079461689046182,0.04835297520746356,2,6,2026-04-10
NI/AEE,NI,AEE,slow_rebalance,152.9546913051494,0.9846881973111534,-4.079461689046182,0.9870062187499645,6,6,2026-04-10
AME/MAR,AME,MAR,slow_rebalance,191.1788856729609,0.30635924498344363,-4.079461689046182,0.9957092509222208,4,6,2026-04-10
AME/SNA,AME,SNA,slow_rebalance,56.21533384198202,0.9000003053638967,-4.079461689046182,0.9900047028909187,2,6,2026-04-10
CINF/AWK,CINF,AWK,slow_rebalance,-1005.819031032342,-0.7755947625474141,-4.079461689046182,6.194994621422441e-23,14,6,2026-04-10
INCY/AWK,INCY,AWK,slow_rebalance,761.3995509803613,0.2566270312457222,-4.079461689046182,0.9989324341310918,22,6,2026-04-10
MDLZ/EW,MDLZ,EW,entry_filter_kalman,4202.606468120463,0.6277650986762114,-4.134482589335441,0.9995349771984794,18,6,2026-04-10
AFL/SPG,AFL,SPG,entry_filter_kalman,-298.7336597612692,-0.14914019007705231,-4.134482589335441,0.0005076068708698841,12,6,2026-04-10
AIG/DUK,AIG,DUK,entry_filter_kalman,-91.68235163723489,-0.07330701280464706,-4.134482589335441,0.00017362522023901957,12,6,2026-04-10
AIG/GILD,AIG,GILD,entry_filter_kalman,935.1077925106504,0.5202708239808012,-4.134482589335441,0.9999999999737936,12,6,2026-04-10
AIG/JNJ,AIG,JNJ,entry_filter_kalman,-202.6433747214082,-0.1335577474045065,-4.134482589335441,2.1270383703393644e-06,14,6,2026-04-10
TRV/DGX,TRV,DGX,entry_filter_kalman,-855.8744562837794,-0.8130415341580687,-4.134482589335441,1.0074517291305533e-05,2,6,2026-04-10
SLB/ACGL,SLB,ACGL,entry_filter_kalman,-2774.842439137429,-1.8916369852308328,-4.134482589335441,2.2344182392522554e-07,8,6,2026-04-10
ACGL/DOV,ACGL,DOV,entry_filter_kalman,-429.8996263911147,-0.30508972606651885,-4.134482589335441,8.26063066078686e-05,12,6,2026-04-10
ACGL/YUM,ACGL,YUM,entry_filter_kalman,-1042.44918552533,-0.8975917279130907,-4.134482589335441,6.288554256128829e-13,10,6,2026-04-10
CNP/AEE,CNP,AEE,entry_filter_kalman,-156.4171059740673,-0.3683615108871831,-4.134482589335441,4.909749909919721e-10,6,6,2026-04-10
NI/AEE,NI,AEE,entry_filter_kalman,118.0634576058509,0.5412854485484121,-4.134482589335441,0.9999639509699512,6,6,2026-04-10
AME/MAR,AME,MAR,entry_filter_kalman,125.9785297344039,0.20673536144264823,-4.134482589335441,0.9511894360029939,4,6,2026-04-10
AME/SNA,AME,SNA,entry_filter_kalman,0.0,-4.134482589335441,-4.134482589335441,2.9411498250773875e-210,0,6,2026-04-10
CINF/AWK,CINF,AWK,entry_filter_kalman,-243.3778764321256,-0.16996801820996082,-4.134482589335441,8.570188760401045e-09,14,6,2026-04-10
INCY/AWK,INCY,AWK,entry_filter_kalman,-3996.097686690252,-1.2520206476358102,-4.134482589335441,2.483438530217161e-15,28,6,2026-04-10
MDLZ/EW,MDLZ,EW,entry_threshold_strong,4210.987938253733,0.6306177881176565,-4.135029088138568,0.9995384735572476,18,6,2026-04-10
AFL/SPG,AFL,SPG,entry_threshold_strong,-298.7336597612692,-0.14914019007705231,-4.135029088138568,0.0005076068708698841,12,6,2026-04-10
AIG/DUK,AIG,DUK,entry_threshold_strong,-90.71920595624431,-0.07287771704528263,-4.135029088138568,0.0001839993226228118,12,6,2026-04-10
AIG/GILD,AIG,GILD,entry_threshold_strong,898.9013480267126,0.5034175516678822,-4.135029088138568,0.9999999999588648,12,6,2026-04-10
AIG/JNJ,AIG,JNJ,entry_threshold_strong,-203.0032107933716,-0.133640484372421,-4.135029088138568,2.1394457093249916e-06,14,6,2026-04-10
TRV/DGX,TRV,DGX,entry_threshold_strong,-855.8744562837794,-0.8130415341580687,-4.135029088138568,1.0074517291305533e-05,2,6,2026-04-10
SLB/ACGL,SLB,ACGL,entry_threshold_strong,-2753.389982462018,-1.8893277506360948,-4.135029088138568,2.4027914516625065e-07,8,6,2026-04-10
ACGL/DOV,ACGL,DOV,entry_threshold_strong,-420.8334932597744,-0.29499511333267164,-4.135029088138568,9.898693258264933e-05,12,6,2026-04-10
ACGL/YUM,ACGL,YUM,entry_threshold_strong,-1033.623860687116,-0.8883031415559711,-4.135029088138568,7.49699709372763e-13,10,6,2026-04-10
CNP/AEE,CNP,AEE,entry_threshold_strong,-157.8967164442898,-0.3727629051599587,-4.135029088138568,5.267726367345089e-10,6,6,2026-04-10
NI/AEE,NI,AEE,entry_threshold_strong,114.7754860672247,0.5276942315825178,-4.135029088138568,0.9999581080718444,6,6,2026-04-10
AME/MAR,AME,MAR,entry_threshold_strong,119.5194598724618,0.19560156853978744,-4.135029088138568,0.9359755720373425,4,6,2026-04-10
AME/SNA,AME,SNA,entry_threshold_strong,0.0,-4.135029088138568,-4.135029088138568,2.9104577307311773e-210,0,6,2026-04-10
CINF/AWK,CINF,AWK,entry_threshold_strong,-237.9982285343522,-0.1666284887075147,-4.135029088138568,1.3072554597817955e-08,14,6,2026-04-10
INCY/AWK,INCY,AWK,entry_threshold_strong,-3968.525570245632,-1.2482487108861895,-4.135029088138568,3.0990743423504285e-15,28,6,2026-04-10
MDLZ/EW,MDLZ,EW,vol_weighted_sizing,2095.680628555,0.33057605926162903,-4.313026368359435,0.9982353142300803,20,6,2026-04-10
AFL/SPG,AFL,SPG,vol_weighted_sizing,-373.2990694102512,-0.17298230912850213,-4.313026368359435,9.662092593977668e-05,14,6,2026-04-10
AIG/DUK,AIG,DUK,vol_weighted_sizing,-245.0840099874167,-0.18803802631232797,-4.313026368359435,3.775164769618644e-08,16,6,2026-04-10
AIG/GILD,AIG,GILD,vol_weighted_sizing,35.54011021196038,0.023241167407323356,-4.313026368359435,0.059088240378022024,14,6,2026-04-10
AIG/JNJ,AIG,JNJ,vol_weighted_sizing,802.4963940055027,0.6073664627330921,-4.313026368359435,0.9999999999999515,14,6,2026-04-10
TRV/DGX,TRV,DGX,vol_weighted_sizing,-301.1876323271579,-0.43166000561781903,-4.313026368359435,3.588994677063223e-05,2,6,2026-04-10
SLB/ACGL,SLB,ACGL,vol_weighted_sizing,-2582.052103264438,-1.7880452540492098,-4.313026368359435,2.9673364615026394e-07,8,6,2026-04-10
ACGL/DOV,ACGL,DOV,vol_weighted_sizing,187.9188411573442,0.12287390403480009,-4.313026368359435,0.7925084256871893,12,6,2026-04-10
ACGL/YUM,ACGL,YUM,vol_weighted_sizing,-653.3194042953559,-0.585169964401022,-4.313026368359435,9.980671158890034e-13,10,6,2026-04-10
CNP/AEE,CNP,AEE,vol_weighted_sizing,-133.0608712207127,-0.31273016009279925,-4.313026368359435,4.98846972717573e-10,8,6,2026-04-10
NI/AEE,NI,AEE,vol_weighted_sizing,236.2969495179765,0.7228300960421215,-4.313026368359435,0.9999999996431619,6,6,2026-04-10
AME/MAR,AME,MAR,vol_weighted_sizing,48.09338447560015,0.08125437570008898,-4.313026368359435,0.4172149456482391,4,6,2026-04-10
AME/SNA,AME,SNA,vol_weighted_sizing,0.0,-4.313026368359435,-4.313026368359435,1.1659664444911619e-211,0,6,2026-04-10
CINF/AWK,CINF,AWK,vol_weighted_sizing,-710.5922904686893,-0.5191610751412311,-4.313026368359435,1.897030304181588e-19,16,6,2026-04-10
INCY/AWK,INCY,AWK,vol_weighted_sizing,-3151.748256114552,-0.9746932586095577,-4.313026368359435,3.7909674459515025e-17,28,6,2026-04-10
MDLZ/EW,MDLZ,EW,kalman_hedge,2093.006016432882,0.32925137633523605,-4.315440723589342,0.9982269631980418,20,6,2026-04-10
AFL/SPG,AFL,SPG,kalman_hedge,-372.0619276607356,-0.1724280470719126,-4.315440723589342,9.760108375938386e-05,14,6,2026-04-10
AIG/DUK,AIG,DUK,kalman_hedge,-245.1646717258164,-0.1873111035294627,-4.315440723589342,3.5754376918236096e-08,16,6,2026-04-10
AIG/GILD,AIG,GILD,kalman_hedge,54.48212987703664,0.035637580691784194,-4.315440723589342,0.10012411957533546,14,6,2026-04-10
AIG/JNJ,AIG,JNJ,kalman_hedge,801.382691221791,0.607384969758379,-4.315440723589342,0.9999999999999525,14,6,2026-04-10
TRV/DGX,TRV,DGX,kalman_hedge,-301.1876323271579,-0.43166000561781903,-4.315440723589342,3.588994677063223e-05,2,6,2026-04-10
SLB/ACGL,SLB,ACGL,kalman_hedge,-2605.174603465158,-1.792076204499567,-4.315440723589342,2.7538638580589324e-07,8,6,2026-04-10
ACGL/DOV,ACGL,DOV,kalman_hedge,185.3615566042688,0.12253701229431259,-4.315440723589342,0.7897217987927987,12,6,2026-04-10
ACGL/YUM,ACGL,YUM,kalman_hedge,-662.1447291335703,-0.5942939374018444,-4.315440723589342,8.929675836494287e-13,10,6,2026-04-10
CNP/AEE,CNP,AEE,kalman_hedge,-133.3411793126791,-0.3127775719674429,-4.315440723589342,4.708571499815607e-10,8,6,2026-04-10
NI/AEE,NI,AEE,kalman_hedge,238.8473746004923,0.7239051738401014,-4.315440723589342,0.999999999570522,6,6,2026-04-10
AME/MAR,AME,MAR,kalman_hedge,48.09338447560015,0.08125437570008898,-4.315440723589342,0.4172149456482391,4,6,2026-04-10
AME/SNA,AME,SNA,kalman_hedge,0.0,-4.315440723589342,-4.315440723589342,1.1190826925559302e-211,0,6,2026-04-10
CINF/AWK,CINF,AWK,kalman_hedge,-732.6641883175624,-0.5326614236976758,-4.315440723589342,7.287557657561342e-20,16,6,2026-04-10
INCY/AWK,INCY,AWK,kalman_hedge,-3173.381970358507,-0.9755885208560225,-4.315440723589342,3.4051599473628026e-17,28,6,2026-04-10
MDLZ/EW,MDLZ,EW,short_term_beta_neutral,735.0515757545937,0.31754066248773377,-4.354161745870661,0.9986805231261299,32,6,2026-04-10
AFL/SPG,AFL,SPG,short_term_beta_neutral,-572.2712051207589,-0.27732639695164457,-4.354161745870661,5.188765546789854e-08,16,6,2026-04-10
AIG/DUK,AIG,DUK,short_term_beta_neutral,1356.593278025535,1.0112237865795948,-4.354161745870661,0.9999999999999991,18,6,2026-04-10
AIG/GILD,AIG,GILD,short_term_beta_neutral,-1028.925840895375,-0.364337607657975,-4.354161745870661,2.3305760904219894e-08,18,6,2026-04-10
AIG/JNJ,AIG,JNJ,short_term_beta_neutral,16.50204793905255,0.008722627671998554,-4.354161745870661,0.030823093003932062,18,6,2026-04-10
TRV/DGX,TRV,DGX,short_term_beta_neutral,-3196.20979205507,-1.5311527387311827,-4.354161745870661,0.00040587713945808735,16,6,2026-04-10
SLB/ACGL,SLB,ACGL,short_term_beta_neutral,-697.3286644365616,-0.42557486679216033,-4.354161745870661,6.77138063882316e-11,14,6,2026-04-10
ACGL/DOV,ACGL,DOV,short_term_beta_neutral,-2376.641147914017,-1.2578850234584877,-4.354161745870661,5.184918359503783e-13,18,6,2026-04-10
ACGL/YUM,ACGL,YUM,short_term_beta_neutral,-2067.202048322849,-1.5378097781038549,-4.354161745870661,3.345311586627987e-12,18,6,2026-04-10
CNP/AEE,CNP,AEE,short_term_beta_neutral,97.19264307658034,0.11651151551439834,-4.354161745870661,0.7014458792739479,12,6,2026-04-10
NI/AEE,NI,AEE,short_term_beta_neutral,42.46614898315114,0.1685785123845671,-4.354161745870661,0.9720465099561294,6,6,2026-04-10
AME/MAR,AME,MAR,short_term_beta_neutral,-72.80829737024482,-0.11597853213383032,-4.354161745870661,1.7150570108499272e-05,8,6,2026-04-10
AME/SNA,AME,SNA,short_term_beta_neutral,-575.506575123838,-1.0623506506709874,-4.354161745870661,3.619710133460167e-15,8,6,2026-04-10
CINF/AWK,CINF,AWK,short_term_beta_neutral,-264.5868374712649,-0.06711664094757154,-4.354161745870661,0.001413910710506076,18,6,2026-04-10
INCY/AWK,INCY,AWK,short_term_beta_neutral,-1114.747764784929,-0.2128433149863038,-4.354161745870661,3.041194666709112e-12,34,6,2026-04-10
MDLZ/EW,MDLZ,EW,balanced,2657.637405274189,0.4243062769782477,-4.496624159692708,0.9980602452970314,20,6,2026-04-10
AFL/SPG,AFL,SPG,balanced,-1059.025577477961,-0.8850614185966799,-4.496624159692708,7.93591080640321e-15,12,6,2026-04-10
AIG/DUK,AIG,DUK,balanced,-82.71712166936418,-0.07297202724930141,-4.496624159692708,0.0001254192493095248,14,6,2026-04-10
AIG/GILD,AIG,GILD,balanced,1481.721246964939,0.9445553149216247,-4.496624159692708,0.9999999999960074,12,6,2026-04-10
AIG/JNJ,AIG,JNJ,balanced,802.4963940055027,0.6073664627330921,-4.496624159692708,0.9999999999999515,14,6,2026-04-10
TRV/DGX,TRV,DGX,balanced,-301.1876323271579,-0.43166000561781903,-4.496624159692708,3.588994677063223e-05,2,6,2026-04-10
SLB/ACGL,SLB,ACGL,balanced,-1879.162267052447,-1.498409626164525,-4.496624159692708,2.5009787292220167e-05,8,6,2026-04-10
ACGL/DOV,ACGL,DOV,balanced,157.4395190557713,0.10283830765559786,-4.496624159692708,0.6107664267772275,14,6,2026-04-10
ACGL/YUM,ACGL,YUM,balanced,-599.3079824818309,-0.6806186980578275,-4.496624159692708,3.238963377687499e-07,10,6,2026-04-10
CNP/AEE,CNP,AEE,balanced,-133.0608712207127,-0.31273016009279925,-4.496624159692708,4.98846972717573e-10,8,6,2026-04-10
NI/AEE,NI,AEE,balanced,235.3364699400364,0.7225836612280903,-4.496624159692708,0.9999999996825185,6,6,2026-04-10
AME/MAR,AME,MAR,balanced,46.933710086308,0.11562762843151143,-4.496624159692708,0.6415596223875893,2,6,2026-04-10
AME/SNA,AME,SNA,balanced,0.0,-4.496624159692708,-4.496624159692708,6.157069268263322e-213,0,6,2026-04-10
CINF/AWK,CINF,AWK,balanced,-654.8623253415259,-0.4493116940987497,-4.496624159692708,3.374749082136997e-20,14,6,2026-04-10
INCY/AWK,INCY,AWK,balanced,-4230.192122388677,-1.3696916090787101,-4.496624159692708,8.477224939536567e-14,26,6,2026-04-10
MDLZ/EW,MDLZ,EW,default,2709.460317610666,0.4328657054103912,-4.69806891189155,0.9980416073262476,18,6,2026-04-10
AFL/SPG,AFL,SPG,default,-1057.675803686138,-0.8854721932256181,-4.69806891189155,9.43898318051498e-15,12,6,2026-04-10
AIG/DUK,AIG,DUK,default,-308.1001519583826,-0.23714132666390464,-4.69806891189155,1.5315325015005883e-09,16,6,2026-04-10
AIG/GILD,AIG,GILD,default,332.8502704991677,0.26945394843743203,-4.69806891189155,0.9997234267067284,12,6,2026-04-10
AIG/JNJ,AIG,JNJ,default,809.0036998245241,0.6127393810318784,-4.69806891189155,0.9999999999999613,14,6,2026-04-10
TRV/DGX,TRV,DGX,default,-301.1876323271579,-0.43166000561781903,-4.69806891189155,3.588994677063223e-05,2,6,2026-04-10
SLB/ACGL,SLB,ACGL,default,-1710.970035130936,-1.3798629891497802,-4.69806891189155,2.9793916313377467e-05,8,6,2026-04-10
ACGL/DOV,ACGL,DOV,default,151.5161110689284,0.10024614818929216,-4.69806891189155,0.5836116907164204,14,6,2026-04-10
ACGL/YUM,ACGL,YUM,default,-599.3079824818309,-0.6806186980578275,-4.69806891189155,3.238963377687499e-07,10,6,2026-04-10
CNP/AEE,CNP,AEE,default,-132.9214700089923,-0.312420240181914,-4.69806891189155,5.336497236922876e-10,8,6,2026-04-10
NI/AEE,NI,AEE,default,235.3364699400364,0.7225836612280903,-4.69806891189155,0.9999999996825185,6,6,2026-04-10
AME/MAR,AME,MAR,default,46.933710086308,0.11562762843151143,-4.69806891189155,0.6415596223875893,2,6,2026-04-10
AME/SNA,AME,SNA,default,-187.6462065026958,-0.7776085445661536,-4.69806891189155,6.519549616039043e-07,2,6,2026-04-10
CINF/AWK,CINF,AWK,default,-873.6091081497032,-0.6042441840898264,-4.69806891189155,9.64407951059906e-22,14,6,2026-04-10
INCY/AWK,INCY,AWK,default,-4183.214444538737,-1.3538497606083915,-4.69806891189155,6.781647154182117e-14,26,6,2026-04-10
MDLZ/EW,MDLZ,EW,beta_neutral,4054.88641982187,0.6935611439660652,-4.982165481604175,0.9999921264422931,18,6,2026-04-10
AFL/SPG,AFL,SPG,beta_neutral,-1127.406518674946,-0.826366881771511,-4.982165481604175,5.784749921801435e-14,12,6,2026-04-10
AIG/DUK,AIG,DUK,beta_neutral,-497.0473747733067,-0.30672179261034993,-4.982165481604175,2.737684527714916e-11,16,6,2026-04-10
AIG/GILD,AIG,GILD,beta_neutral,556.8164994758913,0.3505530882401323,-4.982165481604175,0.9999997467408831,12,6,2026-04-10
AIG/JNJ,AIG,JNJ,beta_neutral,-310.9024846450168,-0.19911021442363147,-4.982165481604175,1.1253501909710202e-07,14,6,2026-04-10
TRV/DGX,TRV,DGX,beta_neutral,-428.7325647741371,-0.7077449025292871,-4.982165481604175,3.1444052615319174e-08,2,6,2026-04-10
SLB/ACGL,SLB,ACGL,beta_neutral,-1753.796380134003,-1.3893141695731062,-4.982165481604175,4.4453903551639615e-06,8,6,2026-04-10
ACGL/DOV,ACGL,DOV,beta_neutral,-866.8225958735545,-0.491238013386343,-4.982165481604175,3.047311209112932e-13,14,6,2026-04-10
ACGL/YUM,ACGL,YUM,beta_neutral,-496.3975429804195,-0.4797826824329918,-4.982165481604175,4.597549076860969e-09,10,6,2026-04-10
CNP/AEE,CNP,AEE,beta_neutral,-144.2930248782119,-0.2336402552171972,-4.982165481604175,6.808517009446271e-07,8,6,2026-04-10
NI/AEE,NI,AEE,beta_neutral,75.55036717987497,0.15468091666139036,-4.982165481604175,0.9485191388737706,6,6,2026-04-10
AME/MAR,AME,MAR,beta_neutral,1.01032415219845,0.0023785498852317197,-4.982165481604175,0.021592525487166586,2,6,2026-04-10
AME/SNA,AME,SNA,beta_neutral,-16.55755165260061,-0.06248419180079971,-4.982165481604175,0.00046257652658049305,2,6,2026-04-10
CINF/AWK,CINF,AWK,beta_neutral,-1648.43593285606,-0.9214994409564511,-4.982165481604175,3.1096943251640856e-21,14,6,2026-04-10
INCY/AWK,INCY,AWK,beta_neutral,-4588.041395270951,-1.1323797989402524,-4.982165481604175,2.026654835285302e-09,26,6,2026-04-10
MDLZ/EW,MDLZ,EW,crash_defensive,2555.662552517948,0.4155219386881597,-5.212152831844413,0.9972720402711656,20,6,2026-04-10
AFL/SPG,AFL,SPG,crash_defensive,-192.3033947732041,-0.18093791130636694,-5.212152831844413,8.217107563756347e-05,14,6,2026-04-10
AIG/DUK,AIG,DUK,crash_defensive,-394.4251907649562,-0.6442932795053504,-5.212152831844413,1.3915768887303518e-15,16,6,2026-04-10
AIG/GILD,AIG,GILD,crash_defensive,20.1689426514605,0.02640019101116578,-5.212152831844413,0.06799409932656858,14,6,2026-04-10
AIG/JNJ,AIG,JNJ,crash_defensive,382.5330300288986,0.5853174947160552,-5.212152831844413,0.99999999999989,14,6,2026-04-10
TRV/DGX,TRV,DGX,crash_defensive,-146.1835581086982,-0.42895714751772157,-5.212152831844413,3.57455333341426e-05,2,6,2026-04-10
SLB/ACGL,SLB,ACGL,crash_defensive,-1287.443526994538,-1.7873621440460898,-5.212152831844413,2.965128892807319e-07,8,6,2026-04-10
ACGL/DOV,ACGL,DOV,crash_defensive,88.76407961738329,0.1175488856006978,-5.212152831844413,0.7495153408982158,12,6,2026-04-10
ACGL/YUM,ACGL,YUM,crash_defensive,-328.8901840190775,-0.594340889660535,-5.212152831844413,1.1695515652323875e-12,10,6,2026-04-10
CNP/AEE,CNP,AEE,crash_defensive,-66.23719724768824,-0.31168873736269,-5.212152831844413,5.739560266430576e-10,8,6,2026-04-10
NI/AEE,NI,AEE,crash_defensive,101.3513660754694,0.6679861547433427,-5.212152831844413,0.9999999941600339,6,6,2026-04-10
AME/MAR,AME,MAR,crash_defensive,21.44415484350446,0.07215278022088405,-5.212152831844413,0.34891140674443244,4,6,2026-04-10
AME/SNA,AME,SNA,crash_defensive,0.0,-5.212152831844413,-5.212152831844413,1.0395558459639604e-216,0,6,2026-04-10
CINF/AWK,CINF,AWK,crash_defensive,-194.5433510360529,-0.29609458453508664,-5.212152831844413,2.9273000841788484e-13,16,6,2026-04-10
INCY/AWK,INCY,AWK,crash_defensive,-1780.7935271769,-1.274022041502248,-5.212152831844413,1.5181791115466136e-14,30,6,2026-04-10
MDLZ/EW,MDLZ,EW,beta_neutral_long_term,-749.9906725263488,-0.5088938609088206,-5.325504981967997,7.4217022171158655e-25,12,6,2026-04-10
AFL/SPG,AFL,SPG,beta_neutral_long_term,-117.1182980764305,-0.12239845681139676,-5.325504981967997,7.046456700138462e-09,6,6,2026-04-10
AIG/DUK,AIG,DUK,beta_neutral_long_term,-1083.111632655752,-0.9311929662991548,-5.325504981967997,6.804674725524148e-17,10,6,2026-04-10
AIG/GILD,AIG,GILD,beta_neutral_long_term,-1021.457895855475,-0.5721737759200001,-5.325504981967997,2.5789122542369066e-17,14,6,2026-04-10
AIG/JNJ,AIG,JNJ,beta_neutral_long_term,-579.5829768942081,-0.22702188063840248,-5.325504981967997,2.745478536629166e-10,16,6,2026-04-10
TRV/DGX,TRV,DGX,beta_neutral_long_term,-235.3377673883368,-0.5095716099816388,-5.325504981967997,6.058777740625982e-05,2,6,2026-04-10
SLB/ACGL,SLB,ACGL,beta_neutral_long_term,-917.1742160117133,-0.6367750967222345,-5.325504981967997,2.2890517727384057e-09,4,6,2026-04-10
ACGL/DOV,ACGL,DOV,beta_neutral_long_term,-1958.302538450542,-1.1792372170818253,-5.325504981967997,3.865390886351584e-16,8,6,2026-04-10
ACGL/YUM,ACGL,YUM,beta_neutral_long_term,-276.0478492590635,-0.24408775114561568,-5.325504981967997,4.860628632668117e-10,6,6,2026-04-10
CNP/AEE,CNP,AEE,beta_neutral_long_term,-125.2138570755391,-0.5522391591868713,-5.325504981967997,1.4097604255966368e-05,2,6,2026-04-10
NI/AEE,NI,AEE,beta_neutral_long_term,-65.45625803162412,-0.4875898561425906,-5.325504981967997,6.50187077035259e-06,4,6,2026-04-10
AME/MAR,AME,MAR,beta_neutral_long_term,163.1839676303196,0.2264087383016703,-5.325504981967997,0.9899855157297743,6,6,2026-04-10
AME/SNA,AME,SNA,beta_neutral_long_term,-630.6079659750044,-0.7199013024837199,-5.325504981967997,0.0016577738816885143,4,6,2026-04-10
CINF/AWK,CINF,AWK,beta_neutral_long_term,-6916.944962054303,-1.1662316713485958,-5.325504981967997,1.2548041633836074e-08,16,6,2026-04-10
INCY/AWK,INCY,AWK,beta_neutral_long_term,675.958873140608,0.16756769414027706,-5.325504981967997,0.9571570220210748,18,6,2026-04-10
MDLZ/EW,MDLZ,EW,raw_momentum_kalman,1026.71249019554,0.8670117387316987,-5.896628904437926,0.9999999999999611,12,6,2026-04-10
AFL/SPG,AFL,SPG,raw_momentum_kalman,-92.33960428685589,-0.04586214462207939,-5.896628904437926,0.0035254440875453113,10,6,2026-04-10
AIG/DUK,AIG,DUK,raw_momentum_kalman,-288.8862301115036,-0.26105979963917675,-5.896628904437926,2.4897396786950585e-11,14,6,2026-04-10
AIG/GILD,AIG,GILD,raw_momentum_kalman,-89.22709869142398,-0.09237864348662432,-5.896628904437926,7.605997150426803e-06,6,6,2026-04-10
AIG/JNJ,AIG,JNJ,raw_momentum_kalman,308.2167046112681,0.24558930318052952,-5.896628904437926,0.9998521516768165,12,6,2026-04-10
TRV/DGX,TRV,DGX,raw_momentum_kalman,-400.0579030992009,-0.55930463329198,-5.896628904437926,6.38950455527547e-05,2,6,2026-04-10
SLB/ACGL,SLB,ACGL,raw_momentum_kalman,-1680.009589251552,-1.355188402745981,-5.896628904437926,2.776209916098558e-05,6,6,2026-04-10
ACGL/DOV,ACGL,DOV,raw_momentum_kalman,-122.7459819198104,-0.09444583274673182,-5.896628904437926,0.0020095739487266074,10,6,2026-04-10
ACGL/YUM,ACGL,YUM,raw_momentum_kalman,412.8423364648459,0.606839573871028,-5.896628904437926,0.9999775855699862,4,6,2026-04-10
CNP/AEE,CNP,AEE,raw_momentum_kalman,-119.8188631923279,-0.49139692869680635,-5.896628904437926,0.0006530499816434313,2,6,2026-04-10
NI/AEE,NI,AEE,raw_momentum_kalman,238.3840470095077,0.7238456632444079,-5.896628904437926,0.9999999995575077,6,6,2026-04-10
AME/MAR,AME,MAR,raw_momentum_kalman,48.09338447560015,0.08125437570008898,-5.896628904437926,0.4172149456482391,4,6,2026-04-10
AME/SNA,AME,SNA,raw_momentum_kalman,0.0,-5.896628904437926,-5.896628904437926,4.2822635549458555e-219,0,6,2026-04-10
CINF/AWK,CINF,AWK,raw_momentum_kalman,-1424.611705017796,-0.40387967668559593,-5.896628904437926,3.6423692807918244e-10,14,6,2026-04-10
INCY/AWK,INCY,AWK,raw_momentum_kalman,-2048.144538538589,-0.8486026827679549,-5.896628904437926,3.3345381375230145e-10,20,6,2026-04-10
MDLZ/EW,MDLZ,EW,long_term_kalman,-565.8662126350664,-0.4678992937533815,-6.216139652599179,5.079266361667473e-16,10,6,2026-04-10
AFL/SPG,AFL,SPG,long_term_kalman,-309.1865522285053,-0.3245371968338299,-6.216139652599179,2.0715273199187556e-11,6,6,2026-04-10
AIG/DUK,AIG,DUK,long_term_kalman,-974.1954312298217,-1.037509190645902,-6.216139652599179,1.6263987571074954e-16,10,6,2026-04-10
AIG/GILD,AIG,GILD,long_term_kalman,-1128.959006787506,-0.7158332388039885,-6.216139652599179,6.816051234400486e-15,14,6,2026-04-10
AIG/JNJ,AIG,JNJ,long_term_kalman,-395.162140010512,-0.1945616122066258,-6.216139652599179,2.2245379028445384e-10,16,6,2026-04-10
TRV/DGX,TRV,DGX,long_term_kalman,-37.00191277854273,-0.13969460086205968,-6.216139652599179,2.088290136290352e-08,2,6,2026-04-10
SLB/ACGL,SLB,ACGL,long_term_kalman,-1238.272127524617,-0.8850115814247002,-6.216139652599179,5.2530336868178585e-08,4,6,2026-04-10
ACGL/DOV,ACGL,DOV,long_term_kalman,-1931.051290614909,-1.3213135553728657,-6.216139652599179,1.2053106794127508e-17,8,6,2026-04-10
ACGL/YUM,ACGL,YUM,long_term_kalman,-743.3157838578534,-0.8308504237655541,-6.216139652599179,6.591071160911927e-06,6,6,2026-04-10
CNP/AEE,CNP,AEE,long_term_kalman,-108.5724794718579,-0.7202948592847038,-6.216139652599179,0.0009681605057444912,2,6,2026-04-10
NI/AEE,NI,AEE,long_term_kalman,76.05246283968253,0.4933057941476674,-6.216139652599179,0.9949859117822664,4,6,2026-04-10
AME/MAR,AME,MAR,long_term_kalman,128.9549322765319,0.17330471022272487,-6.216139652599179,0.9199107975733127,6,6,2026-04-10
AME/SNA,AME,SNA,long_term_kalman,-655.2876293233764,-0.7990126796575105,-6.216139652599179,0.0024331356507105426,4,6,2026-04-10
CINF/AWK,CINF,AWK,long_term_kalman,-2568.235350276189,-0.5650767794115541,-6.216139652599179,6.047940308376234e-16,16,6,2026-04-10
INCY/AWK,INCY,AWK,long_term_kalman,63.50851456730265,0.019545629790357046,-6.216139652599179,0.04971016860788315,16,6,2026-04-10
MDLZ/EW,MDLZ,EW,long_term_tilt,-852.7810444929002,-0.6199608343598447,-6.249090681196577,1.1682994298431088e-21,12,6,2026-04-10
AFL/SPG,AFL,SPG,long_term_tilt,-62.57604511280562,-0.06926529219280349,-6.249090681196577,3.955871952393896e-05,6,6,2026-04-10
AIG/DUK,AIG,DUK,long_term_tilt,-887.9828391569409,-0.9016137393427374,-6.249090681196577,3.692334626418879e-18,10,6,2026-04-10
AIG/GILD,AIG,GILD,long_term_tilt,-1129.729758449374,-0.7162665204817982,-6.249090681196577,8.111406990653654e-15,14,6,2026-04-10
AIG/JNJ,AIG,JNJ,long_term_tilt,326.2246660073552,0.1516844628396598,-6.249090681196577,0.9025822500087242,16,6,2026-04-10
TRV/DGX,TRV,DGX,long_term_tilt,-37.00191277854273,-0.13969460086205968,-6.249090681196577,2.088290136290352e-08,2,6,2026-04-10
SLB/ACGL,SLB,ACGL,long_term_tilt,-1240.684551239677,-0.8852355477014893,-6.249090681196577,5.339603969014669e-08,4,6,2026-04-10
ACGL/DOV,ACGL,DOV,long_term_tilt,-1991.145896061628,-1.3554829130746624,-6.249090681196577,1.4817813842346244e-17,8,6,2026-04-10
ACGL/YUM,ACGL,YUM,long_term_tilt,-743.3157838578534,-0.8308504237655541,-6.249090681196577,6.591071160911927e-06,6,6,2026-04-10
CNP/AEE,CNP,AEE,long_term_tilt,-109.1625878254535,-0.7198245399816982,-6.249090681196577,0.0009853771273725276,2,6,2026-04-10
NI/AEE,NI,AEE,long_term_tilt,73.90034871664409,0.4813583779708783,-6.249090681196577,0.9946803877378088,4,6,2026-04-10
AME/MAR,AME,MAR,long_term_tilt,115.4136840148637,0.15628411520240212,-6.249090681196577,0.8718322497100466,6,6,2026-04-10
AME/SNA,AME,SNA,long_term_tilt,-643.618029472628,-0.782386553271613,-6.249090681196577,0.002218284319399337,4,6,2026-04-10
CINF/AWK,CINF,AWK,long_term_tilt,-1948.154189855801,-0.4968484263208632,-6.249090681196577,3.284537250107067e-12,14,6,2026-04-10
INCY/AWK,INCY,AWK,long_term_tilt,87.9331064921771,0.027505383310609595,-6.249090681196577,0.07115733119646077,18,6,2026-04-10
MDLZ/EW,MDLZ,EW,short_term_tilt,-625.4365321441423,-0.3445050021230451,-6.331960071549043,8.326630389915553e-14,26,6,2026-04-10
AFL/SPG,AFL,SPG,short_term_tilt,-128.5478468373608,-0.06297075857825529,-6.331960071549043,0.0019132553997954793,16,6,2026-04-10
AIG/DUK,AIG,DUK,short_term_tilt,709.4121612027238,0.7015554294545591,-6.331960071549043,0.9999999999976461,18,6,2026-04-10
AIG/GILD,AIG,GILD,short_term_tilt,-167.5278393527406,-0.07314945072277221,-6.331960071549043,8.55135315915536e-05,12,6,2026-04-10
AIG/JNJ,AIG,JNJ,short_term_tilt,269.1474020873775,0.16052121208836195,-6.331960071549043,0.9117099688842865,18,6,2026-04-10
TRV/DGX,TRV,DGX,short_term_tilt,-2808.007161908887,-2.074640937799651,-6.331960071549043,9.861708658460926e-07,16,6,2026-04-10
SLB/ACGL,SLB,ACGL,short_term_tilt,-1642.660151918323,-1.033133670061046,-6.331960071549043,8.593831313826554e-11,14,6,2026-04-10
ACGL/DOV,ACGL,DOV,short_term_tilt,-1984.439773872854,-1.0660389003734896,-6.331960071549043,3.279294190180228e-10,16,6,2026-04-10
ACGL/YUM,ACGL,YUM,short_term_tilt,-1935.756553793933,-1.3928302225024503,-6.331960071549043,1.6828547951376204e-11,18,6,2026-04-10
CNP/AEE,CNP,AEE,short_term_tilt,-202.2504803762788,-0.36011427272539787,-6.331960071549043,1.4593755248315948e-10,8,6,2026-04-10
NI/AEE,NI,AEE,short_term_tilt,-44.19959854944466,-0.17249173530358528,-6.331960071549043,4.349441212901232e-06,6,6,2026-04-10
AME/MAR,AME,MAR,short_term_tilt,-382.4660242886834,-0.6826028424891873,-6.331960071549043,1.7403372073174994e-10,8,6,2026-04-10
AME/SNA,AME,SNA,short_term_tilt,-571.9603596881044,-1.0578942294401807,-6.331960071549043,4.4967320558428277e-10,6,6,2026-04-10
CINF/AWK,CINF,AWK,short_term_tilt,-1700.254443252214,-1.3189490458804491,-6.331960071549043,1.908730942074226e-11,14,6,2026-04-10
INCY/AWK,INCY,AWK,short_term_tilt,1585.437433362412,0.55553527820252,-6.331960071549043,0.9999999972805736,26,6,2026-04-10
MDLZ/EW,MDLZ,EW,fast_rebalance,-655.5728878716411,-0.3773308727268013,-6.563831139991243,6.3340165916252784e-15,26,6,2026-04-10
AFL/SPG,AFL,SPG,fast_rebalance,-168.1619842625337,-0.08241338654396901,-6.563831139991243,0.001157007298387798,16,6,2026-04-10
AIG/DUK,AIG,DUK,fast_rebalance,709.4121612027238,0.7015554294545591,-6.563831139991243,0.9999999999976461,18,6,2026-04-10
AIG/GILD,AIG,GILD,fast_rebalance,-167.5278393527406,-0.07314945072277221,-6.563831139991243,8.55135315915536e-05,12,6,2026-04-10
AIG/JNJ,AIG,JNJ,fast_rebalance,1123.075083111409,0.7871346446575259,-6.563831139991243,0.999999998005624,16,6,2026-04-10
TRV/DGX,TRV,DGX,fast_rebalance,-2776.490135250404,-2.052093743393413,-6.563831139991243,9.768832124774191e-07,16,6,2026-04-10
SLB/ACGL,SLB,ACGL,fast_rebalance,-1696.712391679873,-1.0673175696198933,-6.563831139991243,1.406221379966803e-10,14,6,2026-04-10
ACGL/DOV,ACGL,DOV,fast_rebalance,-2480.635297303226,-1.3727349380624894,-6.563831139991243,2.230394399619399e-09,16,6,2026-04-10
ACGL/YUM,ACGL,YUM,fast_rebalance,-2144.3280010474,-1.599132270231062,-6.563831139991243,3.1036912258921567e-10,18,6,2026-04-10
CNP/AEE,CNP,AEE,fast_rebalance,-204.078324682154,-0.3629984091759007,-6.563831139991243,1.324470785925661e-10,8,6,2026-04-10
NI/AEE,NI,AEE,fast_rebalance,-43.58244531077861,-0.17079181963476944,-6.563831139991243,3.931334746261309e-06,6,6,2026-04-10
AME/MAR,AME,MAR,fast_rebalance,-382.4660242886834,-0.6826028424891873,-6.563831139991243,1.7403372073174994e-10,8,6,2026-04-10
AME/SNA,AME,SNA,fast_rebalance,-274.8131925102424,-0.6365259809441048,-6.563831139991243,5.123444988019822e-10,4,6,2026-04-10
CINF/AWK,CINF,AWK,fast_rebalance,-1780.454018980562,-1.3855127250587942,-6.563831139991243,4.046765833616924e-11,14,6,2026-04-10
INCY/AWK,INCY,AWK,fast_rebalance,1326.801786292565,0.4655582665217174,-6.563831139991243,0.999999945986476,24,6,2026-04-10
MDLZ/EW,MDLZ,EW,uniform_weights,-274.4451869052133,-0.18826986575527851,-6.903170354295926,1.4841472909548554e-11,16,6,2026-04-10
AFL/SPG,AFL,SPG,uniform_weights,-930.9533055833513,-0.8080759265080636,-6.903170354295926,7.316568710803337e-14,12,6,2026-04-10
AIG/DUK,AIG,DUK,uniform_weights,-453.4825252861455,-0.40163783227818733,-6.903170354295926,2.0594809590538693e-15,14,6,2026-04-10
AIG/GILD,AIG,GILD,uniform_weights,-211.4523747397022,-0.13451884953623652,-6.903170354295926,6.336446886013124e-07,14,6,2026-04-10
AIG/JNJ,AIG,JNJ,uniform_weights,794.3325319612507,0.605053229912339,-6.903170354295926,0.9999999999999417,14,6,2026-04-10
TRV/DGX,TRV,DGX,uniform_weights,-293.7546978636202,-0.4248479315160274,-6.903170354295926,3.5439234598778145e-05,2,6,2026-04-10
SLB/ACGL,SLB,ACGL,uniform_weights,-2572.00043511999,-1.7867445513906244,-6.903170354295926,3.0336075117882677e-07,8,6,2026-04-10
ACGL/DOV,ACGL,DOV,uniform_weights,244.9294638366936,0.1628979848673114,-6.903170354295926,0.9643516735463513,12,6,2026-04-10
ACGL/YUM,ACGL,YUM,uniform_weights,-661.6630823587386,-0.5965394524969527,-6.903170354295926,1.0546274946798816e-12,10,6,2026-04-10
CNP/AEE,CNP,AEE,uniform_weights,-132.8234651847476,-0.31261643610735934,-6.903170354295926,5.476952023545228e-10,8,6,2026-04-10
NI/AEE,NI,AEE,uniform_weights,234.221446973406,0.7216071711395687,-6.903170354295926,0.9999999997144822,6,6,2026-04-10
AME/MAR,AME,MAR,uniform_weights,51.45280686268319,0.08708478654388087,-6.903170354295926,0.461069731416038,4,6,2026-04-10
AME/SNA,AME,SNA,uniform_weights,0.0,-6.903170354295926,-6.903170354295926,2.422352764078358e-221,0,6,2026-04-10
CINF/AWK,CINF,AWK,uniform_weights,-939.705326880236,-0.26572114328616064,-6.903170354295926,5.6453131554725744e-11,14,6,2026-04-10
INCY/AWK,INCY,AWK,uniform_weights,-3532.734161672632,-1.181588988815329,-6.903170354295926,4.0511273384476237e-13,24,6,2026-04-10
MDLZ/EW,MDLZ,EW,raw_momentum,848.7957436129825,0.7067013657585911,-6.947545043530298,0.9999999999999143,14,6,2026-04-10
AFL/SPG,AFL,SPG,raw_momentum,-877.4578502152948,-1.1297415534396835,-6.947545043530298,5.1675636934105666e-18,8,6,2026-04-10
AIG/DUK,AIG,DUK,raw_momentum,-70.061705326486,-0.05870213277235535,-6.947545043530298,0.0005817312151102937,14,6,2026-04-10
AIG/GILD,AIG,GILD,raw_momentum,-100.6600876697747,-0.10529440040265461,-6.947545043530298,2.0874330089759696e-06,6,6,2026-04-10
AIG/JNJ,AIG,JNJ,raw_momentum,196.2239415229448,0.19474548632988983,-6.947545043530298,0.9965387228867328,10,6,2026-04-10
TRV/DGX,TRV,DGX,raw_momentum,-400.0579030992009,-0.55930463329198,-6.947545043530298,6.38950455527547e-05,2,6,2026-04-10
SLB/ACGL,SLB,ACGL,raw_momentum,-1676.259385764678,-1.3545035802659329,-6.947545043530298,2.843010997204954e-05,6,6,2026-04-10
ACGL/DOV,ACGL,DOV,raw_momentum,-204.8591453293377,-0.1550900730582516,-6.947545043530298,0.001027085713787733,12,6,2026-04-10
ACGL/YUM,ACGL,YUM,raw_momentum,412.8423364648459,0.606839573871028,-6.947545043530298,0.9999775855699862,4,6,2026-04-10
CNP/AEE,CNP,AEE,raw_momentum,-120.0957899816443,-0.49639340393125403,-6.947545043530298,0.0006671494251219476,2,6,2026-04-10
NI/AEE,NI,AEE,raw_momentum,235.1819265513461,0.7218747864576013,-6.947545043530298,0.9999999996798892,6,6,2026-04-10
AME/MAR,AME,MAR,raw_momentum,21.80271811164505,0.05723168040323517,-6.947545043530298,0.2599332112418722,2,6,2026-04-10
AME/SNA,AME,SNA,raw_momentum,0.0,-6.947545043530298,-6.947545043530298,2.0360168925185037e-221,0,6,2026-04-10
CINF/AWK,CINF,AWK,raw_momentum,-1238.401137265149,-0.3537940702756415,-6.947545043530298,2.5587833809065916e-10,12,6,2026-04-10
INCY/AWK,INCY,AWK,raw_momentum,-824.4537694861829,-0.3853741316236484,-6.947545043530298,1.7605274404784483e-07,12,6,2026-04-10
MDLZ/EW,MDLZ,EW,sensitive_reversal,-2358.116057718176,-1.5280213969065184,-7.012857747637585,4.298212356833024e-07,26,6,2026-04-10
AFL/SPG,AFL,SPG,sensitive_reversal,-24.63054295067977,-0.05055584839112439,-7.012857747637585,0.0009937099267584401,12,6,2026-04-10
AIG/DUK,AIG,DUK,sensitive_reversal,-1168.925813961824,-0.5365747625949774,-7.012857747637585,4.575792831763998e-08,16,6,2026-04-10
AIG/GILD,AIG,GILD,sensitive_reversal,-59.16861506482172,-0.051312376118221856,-7.012857747637585,0.0006800149649397074,14,6,2026-04-10
AIG/JNJ,AIG,JNJ,sensitive_reversal,-1993.982304959717,-0.9588302885777674,-7.012857747637585,7.316974949687264e-08,18,6,2026-04-10
TRV/DGX,TRV,DGX,sensitive_reversal,50.11748166666928,0.3388649454413546,-7.012857747637585,0.9889473403553946,2,6,2026-04-10
SLB/ACGL,SLB,ACGL,sensitive_reversal,-1050.164397611307,-0.9148736993804201,-7.012857747637585,2.4894822899278815e-08,8,6,2026-04-10
ACGL/DOV,ACGL,DOV,sensitive_reversal,144.6180201479866,0.0999399417392687,-7.012857747637585,0.5822530387404751,16,6,2026-04-10
ACGL/YUM,ACGL,YUM,sensitive_reversal,-703.4781544397192,-0.8712296350827856,-7.012857747637585,2.078223910785859e-05,14,6,2026-04-10
CNP/AEE,CNP,AEE,sensitive_reversal,88.40974359157747,0.17315032826338442,-7.012857747637585,0.9487505278831438,8,6,2026-04-10
NI/AEE,NI,AEE,sensitive_reversal,-26.91423835372659,-0.10251765889477983,-7.012857747637585,7.0330278607312386e-06,12,6,2026-04-10
AME/MAR,AME,MAR,sensitive_reversal,-260.958762199112,-0.5377753853192493,-7.012857747637585,2.1023657560723423e-09,4,6,2026-04-10
AME/SNA,AME,SNA,sensitive_reversal,-149.2345600560209,-0.6144713581843301,-7.012857747637585,4.709851699983594e-07,2,6,2026-04-10
CINF/AWK,CINF,AWK,sensitive_reversal,-468.4817746478061,-0.23352182641542554,-7.012857747637585,5.13047425229011e-10,18,6,2026-04-10
INCY/AWK,INCY,AWK,sensitive_reversal,-3288.380538954128,-1.2393650220026444,-7.012857747637585,5.994287638563122e-11,28,6,2026-04-10
MDLZ/EW,MDLZ,EW,fast_strict,-621.3658955626594,-0.5185864802044715,-9.426597594876348,8.747022041321414e-12,26,6,2026-04-10
AFL/SPG,AFL,SPG,fast_strict,152.3479997174808,0.10237058638287563,-9.426597594876348,0.5956032474410168,16,6,2026-04-10
AIG/DUK,AIG,DUK,fast_strict,437.8449982887984,0.534484809262651,-9.426597594876348,0.9999999982746629,22,6,2026-04-10
AIG/GILD,AIG,GILD,fast_strict,-237.1484494681914,-0.11298641666144701,-9.426597594876348,5.687990172499106e-06,12,6,2026-04-10
AIG/JNJ,AIG,JNJ,fast_strict,683.1181050652854,0.6478628659673193,-9.426597594876348,0.9999999858440979,18,6,2026-04-10
TRV/DGX,TRV,DGX,fast_strict,-1757.575819279148,-1.7756431659884941,-9.426597594876348,1.3611663327607049e-06,16,6,2026-04-10
SLB/ACGL,SLB,ACGL,fast_strict,-935.9056989033406,-0.8855880271340265,-9.426597594876348,3.4502570889785627e-09,14,6,2026-04-10
ACGL/DOV,ACGL,DOV,fast_strict,-1872.274403210999,-1.8038393783763256,-9.426597594876348,9.461202274005458e-14,16,6,2026-04-10
ACGL/YUM,ACGL,YUM,fast_strict,-1691.594557395769,-1.6994783797866047,-9.426597594876348,8.997529866755309e-10,18,6,2026-04-10
CNP/AEE,CNP,AEE,fast_strict,-39.54273753730041,-0.1018497329077899,-9.426597594876348,3.381955321576007e-05,8,6,2026-04-10
NI/AEE,NI,AEE,fast_strict,3.743380597893882,0.022599209734703703,-9.426597594876348,0.05880508456042364,8,6,2026-04-10
AME/MAR,AME,MAR,fast_strict,-401.2621445804273,-1.0043524660112184,-9.426597594876348,2.781361292334235e-09,10,6,2026-04-10
AME/SNA,AME,SNA,fast_strict,-198.7898217166628,-0.6246043611042753,-9.426597594876348,5.350575241604464e-10,4,6,2026-04-10
CINF/AWK,CINF,AWK,fast_strict,-1179.247534949334,-1.4869975650657905,-9.426597594876348,6.214353857809888e-07,16,6,2026-04-10
INCY/AWK,INCY,AWK,fast_strict,-83.24626582188364,-0.04623076514580631,-9.426597594876348,0.0009143543580784137,30,6,2026-04-10
MDLZ/EW,MDLZ,EW,vol_sized_conservative,1394.574692312626,0.45175290463214535,-9.897727310352304,0.9975547101346361,18,6,2026-04-10
AFL/SPG,AFL,SPG,vol_sized_conservative,-482.1468849345932,-1.1585123348398159,-9.897727310352304,5.1668718705461463e-14,12,6,2026-04-10
AIG/DUK,AIG,DUK,vol_sized_conservative,-340.4026714949704,-0.7515054853176101,-9.897727310352304,1.0535431369400233e-15,16,6,2026-04-10
AIG/GILD,AIG,GILD,vol_sized_conservative,180.9274326034841,0.39412727188964386,-9.897727310352304,0.9999996351639557,12,6,2026-04-10
AIG/JNJ,AIG,JNJ,vol_sized_conservative,284.5194883607854,0.5807239862950754,-9.897727310352304,0.9999999999998758,14,6,2026-04-10
TRV/DGX,TRV,DGX,vol_sized_conservative,-148.2782237755103,-0.5856716852597885,-9.897727310352304,0.000329092704611612,2,6,2026-04-10
SLB/ACGL,SLB,ACGL,vol_sized_conservative,-319.3940312034947,-1.0705915350421464,-9.897727310352304,7.771138487531483e-05,8,6,2026-04-10
ACGL/DOV,ACGL,DOV,vol_sized_conservative,50.59925359798306,0.09097881417021685,-9.897727310352304,0.4859141576431711,14,6,2026-04-10
ACGL/YUM,ACGL,YUM,vol_sized_conservative,-228.3852455803385,-0.7013386037302999,-9.897727310352304,3.962078984058761e-07,10,6,2026-04-10
CNP/AEE,CNP,AEE,vol_sized_conservative,-48.7409126066207,-0.3059221291733132,-9.897727310352304,6.382798943148632e-10,8,6,2026-04-10
NI/AEE,NI,AEE,vol_sized_conservative,74.81281329235436,0.6587424484369637,-9.897727310352304,0.9999999906334784,6,6,2026-04-10
AME/MAR,AME,MAR,vol_sized_conservative,15.62117126927296,0.10724274263487717,-9.897727310352304,0.5923225081426622,2,6,2026-04-10
AME/SNA,AME,SNA,vol_sized_conservative,-62.48336570981894,-0.713329680281312,-9.897727310352304,1.2502847626788598e-06,2,6,2026-04-10
CINF/AWK,CINF,AWK,vol_sized_conservative,-194.9661981949664,-0.3754984616713771,-9.897727310352304,2.6385168113744853e-17,14,6,2026-04-10
INCY/AWK,INCY,AWK,vol_sized_conservative,-1648.985225534087,-1.620103028468512,-9.897727310352304,3.866796974324378e-12,24,6,2026-04-10
MDLZ/EW,MDLZ,EW,conservative,1394.261605869262,0.45821236860446324,-10.273654500447886,0.9968710006553145,20,6,2026-04-10
AFL/SPG,AFL,SPG,conservative,-51.26737589251263,-0.07680447886379348,-10.273654500447886,0.0028016363583571358,14,6,2026-04-10
AIG/DUK,AIG,DUK,conservative,-119.2571203058013,-0.29836605004379274,-10.273654500447886,4.203389683127713e-09,16,6,2026-04-10
AIG/GILD,AIG,GILD,conservative,-285.7851250276699,-0.6242354297048777,-10.273654500447886,2.125455350280004e-15,14,6,2026-04-10
AIG/JNJ,AIG,JNJ,conservative,70.09156930378265,0.15315509094717256,-10.273654500447886,0.9340374702451627,14,6,2026-04-10
TRV/DGX,TRV,DGX,conservative,11.14452261224002,0.09949306259235943,-10.273654500447886,0.544784066274608,2,6,2026-04-10
SLB/ACGL,SLB,ACGL,conservative,-446.8409895427166,-1.3018955894881796,-10.273654500447886,4.355303881519384e-06,8,6,2026-04-10
ACGL/DOV,ACGL,DOV,conservative,71.88238529560954,0.2258654691977828,-10.273654500447886,0.9886253831705512,12,6,2026-04-10
ACGL/YUM,ACGL,YUM,conservative,-389.3584433325584,-1.1529659293283885,-10.273654500447886,9.79784929320118e-07,12,6,2026-04-10
CNP/AEE,CNP,AEE,conservative,-138.4664662142694,-1.0342513520830636,-10.273654500447886,2.5030381122954822e-08,8,6,2026-04-10
NI/AEE,NI,AEE,conservative,3.626517909799972,0.045390581634752916,-10.273654500447886,0.1297235487363253,8,6,2026-04-10
AME/MAR,AME,MAR,conservative,-28.73582715529864,-0.13732577771325438,-10.273654500447886,4.944467048744166e-10,4,6,2026-04-10
AME/SNA,AME,SNA,conservative,0.0,-10.273654500447886,-10.273654500447886,2.3470513106047054e-224,0,6,2026-04-10
CINF/AWK,CINF,AWK,conservative,-338.3977237128836,-0.8112513664692027,-10.273654500447886,5.891653993672724e-20,18,6,2026-04-10
INCY/AWK,INCY,AWK,conservative,-1234.034255556678,-1.3012157801669952,-10.273654500447886,1.389576599562792e-10,30,6,2026-04-10
