pair_key,s1,s2,param_set,pair_pnl,pair_sharpe,run_sharpe,dsr_pvalue,n_trades,window_idx,train_end
AMCR/INTU,AMCR,INTU,no_skip_month,-475.5889786328717,-0.25608951104591615,-1.1807262826233582,1.454842078852647e-12,14,1,2025-10-01
AMCR/UHS,AMCR,UHS,no_skip_month,-538.7204217326441,-0.45664482108510235,-1.1807262826233582,4.180199225695842e-09,12,1,2025-10-01
LRCX/TRMB,LRCX,TRMB,no_skip_month,3513.450172646869,1.3542326456046638,-1.1807262826233582,0.9997816694921746,6,1,2025-10-01
LRCX/HCA,LRCX,HCA,no_skip_month,-321.8394923863243,-0.1323600905008608,-1.1807262826233582,1.728077690174413e-05,4,1,2025-10-01
CSCO/REGN,CSCO,REGN,no_skip_month,4992.431161356253,1.2639412143804865,-1.1807262826233582,0.9999961900721851,20,1,2025-10-01
CSCO/LVS,CSCO,LVS,no_skip_month,1665.687885260312,1.2014441025692677,-1.1807262826233582,0.9999999945292304,6,1,2025-10-01
DVA/TYL,DVA,TYL,no_skip_month,-1527.459999999995,-1.392994806520307,-1.1807262826233582,7.798034078063385e-05,8,1,2025-10-01
DVA/MKTX,DVA,MKTX,no_skip_month,-2295.873529098624,-0.7408897406506798,-1.1807262826233582,1.760475541149328e-05,10,1,2025-10-01
AKAM/JKHY,AKAM,JKHY,no_skip_month,103.3500862018109,0.0932205882263103,-1.1807262826233582,0.4071712507212941,4,1,2025-10-01
AKAM/XYL,AKAM,XYL,no_skip_month,-2336.125959620864,-1.2116303370948047,-1.1807262826233582,0.0008933833029128716,8,1,2025-10-01
BWA/CDW,BWA,CDW,no_skip_month,802.8202843524093,0.5925307427838368,-1.1807262826233582,0.999999998474975,14,1,2025-10-01
BWA/FMC,BWA,FMC,no_skip_month,-2132.622006539447,-0.5361507101401021,-1.1807262826233582,0.0004015489562635359,10,1,2025-10-01
TRGP/IR,TRGP,IR,no_skip_month,-790.608176474085,-0.9483580633994062,-1.1807262826233582,7.552411838683943e-12,8,1,2025-10-01
TRGP/IQV,TRGP,IQV,no_skip_month,12295.53875538265,2.0320115713655187,-1.1807262826233582,0.9999700147134698,10,1,2025-10-01
ODFL/WYNN,ODFL,WYNN,no_skip_month,324.749417772045,0.23823754163720373,-1.1807262826233582,0.9920959356552981,8,1,2025-10-01
AMCR/INTU,AMCR,INTU,monthly_aligned_windows,-3507.805706622887,-1.1289445954240211,-1.364558623251153,8.574064249301896e-18,24,1,2025-10-01
AMCR/UHS,AMCR,UHS,monthly_aligned_windows,-2322.083689105529,-1.03787807023982,-1.364558623251153,4.983311905079859e-19,24,1,2025-10-01
LRCX/TRMB,LRCX,TRMB,monthly_aligned_windows,3250.979322207319,1.085468209969333,-1.364558623251153,0.9999973754071846,22,1,2025-10-01
LRCX/HCA,LRCX,HCA,monthly_aligned_windows,-2880.657782496824,-0.9911362399082493,-1.364558623251153,1.3768957817912564e-14,22,1,2025-10-01
CSCO/REGN,CSCO,REGN,monthly_aligned_windows,13728.20397010132,2.257382668141487,-1.364558623251153,0.9999990572169954,24,1,2025-10-01
CSCO/LVS,CSCO,LVS,monthly_aligned_windows,-3024.665037183561,-0.7243296187049878,-1.364558623251153,8.361967725868583e-24,24,1,2025-10-01
DVA/TYL,DVA,TYL,monthly_aligned_windows,-900.1999999999995,-0.5235944828624463,-1.364558623251153,1.9678709508177526e-21,20,1,2025-10-01
DVA/MKTX,DVA,MKTX,monthly_aligned_windows,-313.0724935150624,-0.11103875253528357,-1.364558623251153,3.3324483852912545e-06,22,1,2025-10-01
AKAM/JKHY,AKAM,JKHY,monthly_aligned_windows,-3066.362247669722,-0.7277412477410715,-1.364558623251153,7.195912356139794e-08,24,1,2025-10-01
AKAM/XYL,AKAM,XYL,monthly_aligned_windows,-2750.090147431282,-1.117669661929929,-1.364558623251153,1.054269456275216e-07,22,1,2025-10-01
BWA/CDW,BWA,CDW,monthly_aligned_windows,-2809.618133950055,-1.5401814010002528,-1.364558623251153,5.288854125677723e-22,24,1,2025-10-01
BWA/FMC,BWA,FMC,monthly_aligned_windows,582.1639309715113,0.23470671578270272,-1.364558623251153,0.9933506333552824,22,1,2025-10-01
TRGP/IR,TRGP,IR,monthly_aligned_windows,2084.435940944965,0.6219490061081666,-1.364558623251153,0.9999999998576413,22,1,2025-10-01
TRGP/IQV,TRGP,IQV,monthly_aligned_windows,4281.313423925256,1.2278103913501033,-1.364558623251153,0.9999999960346322,24,1,2025-10-01
ODFL/WYNN,ODFL,WYNN,monthly_aligned_windows,3138.965600006217,0.5378422603917135,-1.364558623251153,0.9996676128868204,24,1,2025-10-01
AMCR/INTU,AMCR,INTU,aggressive,-6319.013569167607,-0.8170216146667737,-1.606731861521703,5.259578220359252e-17,32,1,2025-10-01
AMCR/UHS,AMCR,UHS,aggressive,1259.556862866924,0.19098117222406646,-1.606731861521703,0.9128164708175028,24,1,2025-10-01
LRCX/TRMB,LRCX,TRMB,aggressive,2153.671453873827,0.2506440728876857,-1.606731861521703,0.9904251146549221,32,1,2025-10-01
LRCX/HCA,LRCX,HCA,aggressive,-3618.753969312544,-0.5534984784657112,-1.606731861521703,9.386211897600261e-22,28,1,2025-10-01
CSCO/REGN,CSCO,REGN,aggressive,-5725.565102435539,-0.9508632497073286,-1.606731861521703,1.4415084346846196e-31,36,1,2025-10-01
CSCO/LVS,CSCO,LVS,aggressive,-3222.76667360777,-0.5101664654519099,-1.606731861521703,1.8135278115913762e-32,32,1,2025-10-01
DVA/TYL,DVA,TYL,aggressive,-4771.030000000001,-1.1699459200432945,-1.606731861521703,2.3801827610328643e-28,28,1,2025-10-01
DVA/MKTX,DVA,MKTX,aggressive,1488.36134833462,0.1924518378004593,-1.606731861521703,0.9135487084641135,24,1,2025-10-01
AKAM/JKHY,AKAM,JKHY,aggressive,-4068.147155962755,-0.7693443953689418,-1.606731861521703,1.7518551434787142e-08,34,1,2025-10-01
AKAM/XYL,AKAM,XYL,aggressive,1278.001065965822,0.2697806279558268,-1.606731861521703,0.9993876902390807,28,1,2025-10-01
BWA/CDW,BWA,CDW,aggressive,13.03252904789133,0.002588449878922153,-1.606731861521703,0.021146551637544145,32,1,2025-10-01
BWA/FMC,BWA,FMC,aggressive,-5890.961731529936,-0.5694926755679689,-1.606731861521703,3.7717824931795975e-07,32,1,2025-10-01
TRGP/IR,TRGP,IR,aggressive,3875.112316302695,0.7437395686013922,-1.606731861521703,0.9999999999999811,34,1,2025-10-01
TRGP/IQV,TRGP,IQV,aggressive,2482.654440475231,0.2998592339177596,-1.606731861521703,0.9996961538741819,36,1,2025-10-01
ODFL/WYNN,ODFL,WYNN,aggressive,1354.330851719974,0.2583534556087958,-1.606731861521703,0.9982254502638939,34,1,2025-10-01
AMCR/INTU,AMCR,INTU,kalman_aggressive,-93.37910068354904,-0.020462860080378176,-1.6648691469730974,0.004834428645889849,32,1,2025-10-01
AMCR/UHS,AMCR,UHS,kalman_aggressive,3622.51935335855,0.725890731482487,-1.6648691469730974,0.9999990852910821,26,1,2025-10-01
LRCX/TRMB,LRCX,TRMB,kalman_aggressive,3306.563446072223,0.3928740239084871,-1.6648691469730974,0.9998421771666478,32,1,2025-10-01
LRCX/HCA,LRCX,HCA,kalman_aggressive,-4475.152315683775,-0.4754004564100463,-1.6648691469730974,2.8508438934898066e-11,28,1,2025-10-01
CSCO/REGN,CSCO,REGN,kalman_aggressive,-3401.667783768208,-0.5190853847260761,-1.6648691469730974,2.018601910688018e-07,38,1,2025-10-01
CSCO/LVS,CSCO,LVS,kalman_aggressive,-1959.468213850982,-0.4226146527811439,-1.6648691469730974,7.485611434829084e-27,36,1,2025-10-01
DVA/TYL,DVA,TYL,kalman_aggressive,-3648.90000000001,-1.0546093506660532,-1.6648691469730974,3.545328760901139e-27,28,1,2025-10-01
DVA/MKTX,DVA,MKTX,kalman_aggressive,-1475.203357165864,-0.20856901720801102,-1.6648691469730974,1.3213608620119276e-09,28,1,2025-10-01
AKAM/JKHY,AKAM,JKHY,kalman_aggressive,-689.1829945614985,-0.27610504852045786,-1.6648691469730974,6.871454874234433e-08,32,1,2025-10-01
AKAM/XYL,AKAM,XYL,kalman_aggressive,2513.669215743468,0.6415648307171812,-1.6648691469730974,0.999992127265791,28,1,2025-10-01
BWA/CDW,BWA,CDW,kalman_aggressive,-958.4831839241301,-0.22304689940739497,-1.6648691469730974,5.55059686197925e-14,34,1,2025-10-01
BWA/FMC,BWA,FMC,kalman_aggressive,-1360.637733723438,-0.16701026574829453,-1.6648691469730974,4.8259527143647605e-14,30,1,2025-10-01
TRGP/IR,TRGP,IR,kalman_aggressive,2217.622390794522,0.49191813279310653,-1.6648691469730974,0.9999999974911078,34,1,2025-10-01
TRGP/IQV,TRGP,IQV,kalman_aggressive,-6976.605827583026,-0.9784744694224409,-1.6648691469730974,1.6455852794913339e-13,38,1,2025-10-01
ODFL/WYNN,ODFL,WYNN,kalman_aggressive,-534.5924581819897,-0.12131554924337157,-1.6648691469730974,6.684568399682412e-06,36,1,2025-10-01
AMCR/INTU,AMCR,INTU,crash_tolerant,-626.8478590399174,-0.16747165512755455,-1.8771112240778869,1.8584711442905727e-13,12,1,2025-10-01
AMCR/UHS,AMCR,UHS,crash_tolerant,192.15284529427,0.09377750172799079,-1.8771112240778869,0.396621295063763,10,1,2025-10-01
LRCX/TRMB,LRCX,TRMB,crash_tolerant,3989.644813158493,1.9369209957132008,-1.8771112240778869,0.9999937011411028,2,1,2025-10-01
LRCX/HCA,LRCX,HCA,crash_tolerant,-333.2260199023981,-0.06957732257156508,-1.8771112240778869,0.00035876966644592123,4,1,2025-10-01
CSCO/REGN,CSCO,REGN,crash_tolerant,-1959.385097241761,-0.497152296943793,-1.8771112240778869,1.5383258020629808e-25,16,1,2025-10-01
CSCO/LVS,CSCO,LVS,crash_tolerant,3268.236824274964,1.1986368270417493,-1.8771112240778869,0.9999999945452663,6,1,2025-10-01
DVA/TYL,DVA,TYL,crash_tolerant,-123.4200000000007,-0.14436258814883784,-1.8771112240778869,3.790680644909302e-05,4,1,2025-10-01
DVA/MKTX,DVA,MKTX,crash_tolerant,1822.865095913533,0.610140726793789,-1.8771112240778869,0.9998863298973235,6,1,2025-10-01
AKAM/JKHY,AKAM,JKHY,crash_tolerant,1079.831973044516,0.5587327710486428,-1.8771112240778869,0.9930583908684603,2,1,2025-10-01
AKAM/XYL,AKAM,XYL,crash_tolerant,-1241.784876227353,-0.7198028331964942,-1.8771112240778869,8.293316114537612e-05,4,1,2025-10-01
BWA/CDW,BWA,CDW,crash_tolerant,1801.714971630876,0.6551738067493283,-1.8771112240778869,0.9999999999681399,12,1,2025-10-01
BWA/FMC,BWA,FMC,crash_tolerant,395.8010440375997,0.16780433874245226,-1.8771112240778869,0.8387082850165669,8,1,2025-10-01
TRGP/IR,TRGP,IR,crash_tolerant,-2404.805863211339,-1.061128406941353,-1.8771112240778869,3.3696823164904894e-16,8,1,2025-10-01
TRGP/IQV,TRGP,IQV,crash_tolerant,-2729.525647784937,-1.45734602756928,-1.8771112240778869,1.2748178910477615e-10,8,1,2025-10-01
ODFL/WYNN,ODFL,WYNN,crash_tolerant,412.8539321673554,0.15340739477118367,-1.8771112240778869,0.8222209889528679,6,1,2025-10-01
AMCR/INTU,AMCR,INTU,trend_leverage,65.50319272096726,0.02299510516465767,-2.609687185186729,0.06655938524262789,12,1,2025-10-01
AMCR/UHS,AMCR,UHS,trend_leverage,143.3424521550149,0.09371119198137318,-2.609687185186729,0.39607934416893203,10,1,2025-10-01
LRCX/TRMB,LRCX,TRMB,trend_leverage,2992.188609868871,1.9368556477929544,-2.609687185186729,0.9999937118019653,2,1,2025-10-01
LRCX/HCA,LRCX,HCA,trend_leverage,-565.1396035530164,-0.1576889685884414,-2.609687185186729,6.763576307495825e-06,4,1,2025-10-01
CSCO/REGN,CSCO,REGN,trend_leverage,-3404.920406878412,-0.8735916673649913,-2.609687185186729,6.112472555702106e-11,16,1,2025-10-01
CSCO/LVS,CSCO,LVS,trend_leverage,2447.527420554469,1.1992911121263086,-2.609687185186729,0.9999999948418219,6,1,2025-10-01
DVA/TYL,DVA,TYL,trend_leverage,-94.14000000000055,-0.14779470654635285,-2.609687185186729,3.227385663226015e-05,4,1,2025-10-01
DVA/MKTX,DVA,MKTX,trend_leverage,1364.078592606812,0.6093940909160434,-2.609687185186729,0.9998831278106509,6,1,2025-10-01
AKAM/JKHY,AKAM,JKHY,trend_leverage,801.360212858522,0.5579553096267581,-2.609687185186729,0.9930919368944194,2,1,2025-10-01
AKAM/XYL,AKAM,XYL,trend_leverage,-931.5667832941491,-0.7204697504772022,-2.609687185186729,8.179062599394917e-05,4,1,2025-10-01
BWA/CDW,BWA,CDW,trend_leverage,1359.297212605306,0.6619862378913708,-2.609687185186729,0.9999999999770448,12,1,2025-10-01
BWA/FMC,BWA,FMC,trend_leverage,882.0247213968514,0.4580097910882348,-2.609687185186729,0.9999837770877827,8,1,2025-10-01
TRGP/IR,TRGP,IR,trend_leverage,-1789.148024795631,-1.0581625691051915,-2.609687185186729,3.008186368530717e-16,8,1,2025-10-01
TRGP/IQV,TRGP,IQV,trend_leverage,-2038.226971754742,-1.462760544229489,-2.609687185186729,1.248166435985009e-10,8,1,2025-10-01
ODFL/WYNN,ODFL,WYNN,trend_leverage,314.4075975578078,0.15610573299701977,-2.609687185186729,0.8358267159447091,6,1,2025-10-01
AMCR/INTU,AMCR,INTU,long_term_kalman,2002.393985097843,0.48950490015168263,-2.6983322292249405,0.9999947221971528,6,1,2025-10-01
AMCR/UHS,AMCR,UHS,long_term_kalman,127.644761355044,0.12800588693035664,-2.6983322292249405,0.6291253211356176,6,1,2025-10-01
LRCX/TRMB,LRCX,TRMB,long_term_kalman,-931.6874091292752,-1.1723379455920586,-2.6983322292249405,0.0028102934690026364,2,1,2025-10-01
LRCX/HCA,LRCX,HCA,long_term_kalman,-1129.609599962275,-1.1217481807625262,-2.6983322292249405,0.0005348359967253033,2,1,2025-10-01
CSCO/REGN,CSCO,REGN,long_term_kalman,-3084.752926817955,-1.2468241213382185,-2.6983322292249405,3.7631817306848604e-08,8,1,2025-10-01
CSCO/LVS,CSCO,LVS,long_term_kalman,697.2630837375668,0.4020652759997491,-2.6983322292249405,0.99702134047703,2,1,2025-10-01
DVA/TYL,DVA,TYL,long_term_kalman,-452.3799999999991,-0.7195004494033137,-2.6983322292249405,1.3469529164460961e-12,4,1,2025-10-01
DVA/MKTX,DVA,MKTX,long_term_kalman,-685.3277106901489,-0.34473528741482456,-2.6983322292249405,2.8447807517835137e-08,4,1,2025-10-01
AKAM/JKHY,AKAM,JKHY,long_term_kalman,49.32510150011844,0.13797180233396003,-2.6983322292249405,0.716652119605662,4,1,2025-10-01
AKAM/XYL,AKAM,XYL,long_term_kalman,-296.5436053104703,-0.38912868402208006,-2.6983322292249405,1.8976018127956605e-08,6,1,2025-10-01
BWA/CDW,BWA,CDW,long_term_kalman,-71.31950577097587,-0.024918539064823136,-2.6983322292249405,0.005750914378967573,6,1,2025-10-01
BWA/FMC,BWA,FMC,long_term_kalman,1862.747162732615,1.5505843099204473,-2.6983322292249405,0.9999999999999999,4,1,2025-10-01
TRGP/IR,TRGP,IR,long_term_kalman,-6.804753722655505,-0.005142407001175346,-2.6983322292249405,0.013960308883252826,8,1,2025-10-01
TRGP/IQV,TRGP,IQV,long_term_kalman,2112.071659570048,0.7846644380339391,-2.6983322292249405,0.9999960530433829,12,1,2025-10-01
ODFL/WYNN,ODFL,WYNN,long_term_kalman,1621.95879016771,0.9612020701169699,-2.6983322292249405,0.9999999999981043,4,1,2025-10-01
AMCR/INTU,AMCR,INTU,weekly_aligned_windows,-6299.894384816016,-1.6944579152852715,-2.745980748918623,4.957358019045106e-09,66,1,2025-10-01
AMCR/UHS,AMCR,UHS,weekly_aligned_windows,-1292.218843476824,-0.4559586990039514,-2.745980748918623,1.3498997364948415e-21,58,1,2025-10-01
LRCX/TRMB,LRCX,TRMB,weekly_aligned_windows,116.380711347334,0.04003402226956001,-2.745980748918623,0.09803184595682218,70,1,2025-10-01
LRCX/HCA,LRCX,HCA,weekly_aligned_windows,-1462.154290073199,-0.2590478410634258,-2.745980748918623,2.916563616629896e-15,62,1,2025-10-01
CSCO/REGN,CSCO,REGN,weekly_aligned_windows,563.924274198982,0.12217698682592674,-2.745980748918623,0.581618641097527,64,1,2025-10-01
CSCO/LVS,CSCO,LVS,weekly_aligned_windows,762.4125154209245,0.23348274563882837,-2.745980748918623,0.9773895394539667,64,1,2025-10-01
DVA/TYL,DVA,TYL,weekly_aligned_windows,-3786.26999999999,-1.5218113939076574,-2.745980748918623,6.67180470485312e-38,54,1,2025-10-01
DVA/MKTX,DVA,MKTX,weekly_aligned_windows,-1247.455142847621,-0.26332281637807725,-2.745980748918623,5.17100021457324e-16,60,1,2025-10-01
AKAM/JKHY,AKAM,JKHY,weekly_aligned_windows,-2979.313458293806,-1.2937611009469117,-2.745980748918623,1.2875089425795522e-12,56,1,2025-10-01
AKAM/XYL,AKAM,XYL,weekly_aligned_windows,-3623.472085079723,-1.1770760266135727,-2.745980748918623,2.765461532747054e-09,54,1,2025-10-01
BWA/CDW,BWA,CDW,weekly_aligned_windows,-919.5629018202758,-0.39182965960800703,-2.745980748918623,6.679832681764976e-20,68,1,2025-10-01
BWA/FMC,BWA,FMC,weekly_aligned_windows,-3185.460736578408,-0.695545722327416,-2.745980748918623,5.822677618458085e-06,64,1,2025-10-01
TRGP/IR,TRGP,IR,weekly_aligned_windows,-350.1703154954984,-0.08495658320154213,-2.745980748918623,0.0001202958542410484,74,1,2025-10-01
TRGP/IQV,TRGP,IQV,weekly_aligned_windows,3167.703921090495,0.6863236587945389,-2.745980748918623,0.9999995768646288,66,1,2025-10-01
ODFL/WYNN,ODFL,WYNN,weekly_aligned_windows,4163.255356893784,1.096297340907769,-2.745980748918623,1.0,64,1,2025-10-01
AMCR/INTU,AMCR,INTU,no_reversal_protection,-772.9758664589787,-0.40063135211420803,-2.9379618507180845,8.181245978426888e-11,12,1,2025-10-01
AMCR/UHS,AMCR,UHS,no_reversal_protection,854.0265654607504,0.6410368210443615,-2.9379618507180845,0.9999999857313032,8,1,2025-10-01
LRCX/TRMB,LRCX,TRMB,no_reversal_protection,1994.732406579246,1.93671969662068,-2.9379618507180845,0.9999937326923912,2,1,2025-10-01
LRCX/HCA,LRCX,HCA,no_reversal_protection,-75.96185270160095,-0.03179937480442772,-2.9379618507180845,0.003236960623900668,4,1,2025-10-01
CSCO/REGN,CSCO,REGN,no_reversal_protection,160.1342958461004,0.03802460981872334,-2.9379618507180845,0.0786299956790589,16,1,2025-10-01
CSCO/LVS,CSCO,LVS,no_reversal_protection,1637.536463967981,1.1997061440744259,-2.9379618507180845,0.9999999947851125,6,1,2025-10-01
DVA/TYL,DVA,TYL,no_reversal_protection,-119.4,-0.2583377891290889,-2.9379618507180845,1.378740821334999e-07,4,1,2025-10-01
DVA/MKTX,DVA,MKTX,no_reversal_protection,761.133792270386,0.5055349601432907,-2.9379618507180845,0.9998068248413589,6,1,2025-10-01
AKAM/JKHY,AKAM,JKHY,no_reversal_protection,539.748452672529,0.5597204536561144,-2.9379618507180845,0.9930161006123894,2,1,2025-10-01
AKAM/XYL,AKAM,XYL,no_reversal_protection,-800.9720080210202,-0.9050528535976696,-2.9379618507180845,4.201229862339684e-05,4,1,2025-10-01
BWA/CDW,BWA,CDW,no_reversal_protection,771.0081686246524,0.530170217750297,-2.9379618507180845,0.9999999991970083,10,1,2025-10-01
BWA/FMC,BWA,FMC,no_reversal_protection,104.5465801891471,0.08998601253472802,-2.9379618507180845,0.375305238805355,8,1,2025-10-01
TRGP/IR,TRGP,IR,no_reversal_protection,-786.9517536435133,-0.5640716945477464,-2.9379618507180845,2.855183740911522e-18,6,1,2025-10-01
TRGP/IQV,TRGP,IQV,no_reversal_protection,-712.0294968356328,-0.5252142350705868,-2.9379618507180845,8.40991570546026e-15,6,1,2025-10-01
ODFL/WYNN,ODFL,WYNN,no_reversal_protection,529.7212629482559,0.36155244011186494,-2.9379618507180845,0.9999808149500715,6,1,2025-10-01
AMCR/INTU,AMCR,INTU,slow_rebalance,-880.9562200704386,-0.47793974810730644,-3.1097311443135283,3.607714310271828e-07,10,1,2025-10-01
AMCR/UHS,AMCR,UHS,slow_rebalance,877.1782095591534,0.9511444644032225,-3.1097311443135283,0.9999797784045679,10,1,2025-10-01
LRCX/TRMB,LRCX,TRMB,slow_rebalance,676.6372758280913,0.9789274371567646,-3.1097311443135283,0.9984220537555695,2,1,2025-10-01
LRCX/HCA,LRCX,HCA,slow_rebalance,948.1403703953745,0.585116394037567,-3.1097311443135283,0.9983019851883425,2,1,2025-10-01
CSCO/REGN,CSCO,REGN,slow_rebalance,-2186.286016533727,-0.8212937699706331,-3.1097311443135283,3.052437919736976e-12,12,1,2025-10-01
CSCO/LVS,CSCO,LVS,slow_rebalance,518.3740618450053,0.4795242267779682,-3.1097311443135283,0.9999829035655529,6,1,2025-10-01
DVA/TYL,DVA,TYL,slow_rebalance,-295.6500000000005,-1.0504132201946563,-3.1097311443135283,5.556865850887001e-05,4,1,2025-10-01
DVA/MKTX,DVA,MKTX,slow_rebalance,-1087.255883350168,-0.5107001579414613,-3.1097311443135283,3.323664823712629e-09,6,1,2025-10-01
AKAM/JKHY,AKAM,JKHY,slow_rebalance,-15.48694131815481,-0.06848173214063323,-3.1097311443135283,0.0008011713047037615,4,1,2025-10-01
AKAM/XYL,AKAM,XYL,slow_rebalance,309.911494952288,0.32202685787055096,-3.1097311443135283,0.9948391779050137,6,1,2025-10-01
BWA/CDW,BWA,CDW,slow_rebalance,870.0494830693654,0.2941832931242272,-3.1097311443135283,0.9944080159731541,10,1,2025-10-01
BWA/FMC,BWA,FMC,slow_rebalance,1311.09328849241,1.1752356828722348,-3.1097311443135283,0.999999999999323,6,1,2025-10-01
TRGP/IR,TRGP,IR,slow_rebalance,-226.5737253502261,-0.16439798880271403,-3.1097311443135283,1.6291526626261693e-08,6,1,2025-10-01
TRGP/IQV,TRGP,IQV,slow_rebalance,-1587.171071047371,-0.669698391905747,-3.1097311443135283,7.079755833291163e-06,10,1,2025-10-01
ODFL/WYNN,ODFL,WYNN,slow_rebalance,2040.524168638083,1.1967820641322466,-3.1097311443135283,0.9999999999992776,4,1,2025-10-01
AMCR/INTU,AMCR,INTU,short_term_beta_neutral,233.2126227317662,0.10327849969644698,-3.1485433016749074,0.47897200558750785,14,1,2025-10-01
AMCR/UHS,AMCR,UHS,short_term_beta_neutral,375.05798666724,0.19331346892993967,-3.1485433016749074,0.9266006080040471,12,1,2025-10-01
LRCX/TRMB,LRCX,TRMB,short_term_beta_neutral,1046.411684776177,0.601546824862124,-3.1485433016749074,0.9976601014146959,6,1,2025-10-01
LRCX/HCA,LRCX,HCA,short_term_beta_neutral,530.0575056046578,0.33519044574865825,-3.1485433016749074,0.9945449411226531,8,1,2025-10-01
CSCO/REGN,CSCO,REGN,short_term_beta_neutral,-807.0764310349412,-0.41365965558041123,-3.1485433016749074,3.3112520237798325e-15,14,1,2025-10-01
CSCO/LVS,CSCO,LVS,short_term_beta_neutral,-387.0595507428513,-0.2475391054480664,-3.1485433016749074,1.7447039726187108e-13,12,1,2025-10-01
DVA/TYL,DVA,TYL,short_term_beta_neutral,-731.510000000003,-0.8665956868625082,-3.1485433016749074,8.846419058590941e-19,8,1,2025-10-01
DVA/MKTX,DVA,MKTX,short_term_beta_neutral,245.8317964286516,0.1437444518274722,-3.1485433016749074,0.71833530539463,8,1,2025-10-01
AKAM/JKHY,AKAM,JKHY,short_term_beta_neutral,630.0481559005849,0.7105261631044889,-3.1485433016749074,0.9999999974272069,10,1,2025-10-01
AKAM/XYL,AKAM,XYL,short_term_beta_neutral,-1273.887384312132,-0.8957872479775818,-3.1485433016749074,9.309885045838455e-07,14,1,2025-10-01
BWA/CDW,BWA,CDW,short_term_beta_neutral,346.928403379702,0.3472042474568899,-3.1485433016749074,0.9996004111323114,12,1,2025-10-01
BWA/FMC,BWA,FMC,short_term_beta_neutral,2865.396376691691,1.1117843316343918,-3.1485433016749074,0.9999999983717368,12,1,2025-10-01
TRGP/IR,TRGP,IR,short_term_beta_neutral,-1304.259392400732,-0.9179234747643955,-3.1485433016749074,2.6968022691043777e-12,12,1,2025-10-01
TRGP/IQV,TRGP,IQV,short_term_beta_neutral,-2528.773990379552,-0.4624435103121477,-3.1485433016749074,3.2461677301358086e-06,14,1,2025-10-01
ODFL/WYNN,ODFL,WYNN,short_term_beta_neutral,-800.9097802845772,-0.4353487078274678,-3.1485433016749074,1.2867418455259175e-11,16,1,2025-10-01
AMCR/INTU,AMCR,INTU,let_profits_run,-709.3266550496537,-0.38074787483360273,-3.2516115436304243,8.254751756263985e-09,8,1,2025-10-01
AMCR/UHS,AMCR,UHS,let_profits_run,41.7831996584319,0.05698443403397956,-3.2516115436304243,0.13535180213731746,10,1,2025-10-01
LRCX/TRMB,LRCX,TRMB,let_profits_run,0.0,-3.2516115436304243,-3.2516115436304243,4.349467707502648e-149,0,1,2025-10-01
LRCX/HCA,LRCX,HCA,let_profits_run,198.8138222266866,0.09921716988492577,-3.2516115436304243,0.43088354202037094,4,1,2025-10-01
CSCO/REGN,CSCO,REGN,let_profits_run,-2651.028503411819,-0.9715290508727488,-3.2516115436304243,2.4537312355437677e-12,10,1,2025-10-01
CSCO/LVS,CSCO,LVS,let_profits_run,338.8808311080102,0.18325950928499685,-3.2516115436304243,0.8515863262008665,4,1,2025-10-01
DVA/TYL,DVA,TYL,let_profits_run,109.6200000000019,0.818665234364723,-3.2516115436304243,0.9760332596794228,2,1,2025-10-01
DVA/MKTX,DVA,MKTX,let_profits_run,-1257.382062289993,-0.589991546431002,-3.2516115436304243,7.931306358422114e-09,6,1,2025-10-01
AKAM/JKHY,AKAM,JKHY,let_profits_run,48.08125016349534,0.13572615270263957,-3.2516115436304243,0.7032475636112607,4,1,2025-10-01
AKAM/XYL,AKAM,XYL,let_profits_run,444.0742336668541,0.45001724582984354,-3.2516115436304243,0.9993948306595745,6,1,2025-10-01
BWA/CDW,BWA,CDW,let_profits_run,316.4124521088899,0.11016570523052953,-3.2516115436304243,0.5187166489381586,6,1,2025-10-01
BWA/FMC,BWA,FMC,let_profits_run,1967.220732386181,1.5871514963262456,-3.2516115436304243,0.9999999999999999,4,1,2025-10-01
TRGP/IR,TRGP,IR,let_profits_run,324.6715839435211,0.2513537392753111,-3.2516115436304243,0.9851801485858359,8,1,2025-10-01
TRGP/IQV,TRGP,IQV,let_profits_run,2114.727189738927,0.7387050476139784,-3.2516115436304243,0.9999996141074274,12,1,2025-10-01
ODFL/WYNN,ODFL,WYNN,let_profits_run,901.7525445486742,0.5140866467692051,-3.2516115436304243,0.9999999999065813,6,1,2025-10-01
AMCR/INTU,AMCR,INTU,entry_filter_kalman,570.13393964591,0.2837925566703128,-3.321782361385835,0.9333709448274061,10,1,2025-10-01
AMCR/UHS,AMCR,UHS,entry_filter_kalman,1056.491173868939,0.9034341274510109,-3.321782361385835,0.9999999476383156,8,1,2025-10-01
LRCX/TRMB,LRCX,TRMB,entry_filter_kalman,2336.448509057836,2.0576146591826068,-3.321782361385835,0.9999997265731062,2,1,2025-10-01
LRCX/HCA,LRCX,HCA,entry_filter_kalman,-378.4413506002315,-0.16048966391389205,-3.321782361385835,6.04755681315396e-06,4,1,2025-10-01
CSCO/REGN,CSCO,REGN,entry_filter_kalman,-2783.868584930096,-1.0593208102077838,-3.321782361385835,1.6970689327895912e-10,16,1,2025-10-01
CSCO/LVS,CSCO,LVS,entry_filter_kalman,68.8470751047767,0.040610011253377376,-3.321782361385835,0.11184195320635076,6,1,2025-10-01
DVA/TYL,DVA,TYL,entry_filter_kalman,-62.07999999999865,-0.14916131101630728,-3.321782361385835,3.0214338604841322e-05,4,1,2025-10-01
DVA/MKTX,DVA,MKTX,entry_filter_kalman,-733.4744342626165,-0.3513879772211327,-3.321782361385835,9.095857217275123e-10,6,1,2025-10-01
AKAM/JKHY,AKAM,JKHY,entry_filter_kalman,536.3341253439406,0.5691610096705928,-3.321782361385835,0.9937676680260265,2,1,2025-10-01
AKAM/XYL,AKAM,XYL,entry_filter_kalman,-613.9984690914104,-0.7260727930991205,-3.321782361385835,7.666197310237727e-05,4,1,2025-10-01
BWA/CDW,BWA,CDW,entry_filter_kalman,1966.982253802863,1.3555472472633665,-3.321782361385835,0.9999999999999748,10,1,2025-10-01
BWA/FMC,BWA,FMC,entry_filter_kalman,1065.032393755955,0.8420343071967812,-3.321782361385835,0.9999999977413221,8,1,2025-10-01
TRGP/IR,TRGP,IR,entry_filter_kalman,-784.7232093103958,-0.7802985013067032,-3.321782361385835,2.2650155225274527e-17,6,1,2025-10-01
TRGP/IQV,TRGP,IQV,entry_filter_kalman,-1985.098175798203,-0.9664927834703603,-3.321782361385835,0.0016242254074951231,6,1,2025-10-01
ODFL/WYNN,ODFL,WYNN,entry_filter_kalman,976.3922956367117,0.6525268150777737,-3.321782361385835,0.9999999944439307,6,1,2025-10-01
AMCR/INTU,AMCR,INTU,fast_rebalance,-339.4452378569143,-0.21065766891680696,-3.3381185690643407,9.196990609599118e-12,12,1,2025-10-01
AMCR/UHS,AMCR,UHS,fast_rebalance,-88.87537295350756,-0.06903443333285911,-3.3381185690643407,0.0005051001077476611,12,1,2025-10-01
LRCX/TRMB,LRCX,TRMB,fast_rebalance,1659.333590540442,1.9336941016889038,-3.3381185690643407,0.9999979121640667,4,1,2025-10-01
LRCX/HCA,LRCX,HCA,fast_rebalance,1667.14701720204,0.34890918033417745,-3.3381185690643407,0.9998850094734218,8,1,2025-10-01
CSCO/REGN,CSCO,REGN,fast_rebalance,83.52540828796737,0.05155630101320906,-3.3381185690643407,0.1573163149322625,12,1,2025-10-01
CSCO/LVS,CSCO,LVS,fast_rebalance,1049.19484132804,0.7348153271306186,-3.3381185690643407,0.9999999986559766,10,1,2025-10-01
DVA/TYL,DVA,TYL,fast_rebalance,-799.3200000000022,-1.2109528784379506,-3.3381185690643407,2.519879084883784e-08,8,1,2025-10-01
DVA/MKTX,DVA,MKTX,fast_rebalance,152.4920141954498,0.11382368181626612,-3.3381185690643407,0.5490466407067403,6,1,2025-10-01
AKAM/JKHY,AKAM,JKHY,fast_rebalance,-1666.021241293389,-1.0025171361778678,-3.3381185690643407,1.652638857924568e-09,8,1,2025-10-01
AKAM/XYL,AKAM,XYL,fast_rebalance,-460.5923827962943,-0.47518822545055167,-3.3381185690643407,1.2401846811877108e-06,12,1,2025-10-01
BWA/CDW,BWA,CDW,fast_rebalance,137.6198891914643,0.15020738889031604,-3.3381185690643407,0.748652622710118,10,1,2025-10-01
BWA/FMC,BWA,FMC,fast_rebalance,2310.832669686754,1.1583057815547704,-3.3381185690643407,0.9999965509461816,12,1,2025-10-01
TRGP/IR,TRGP,IR,fast_rebalance,-1926.462777144719,-1.3192620592612063,-3.3381185690643407,1.4700183485346808e-07,10,1,2025-10-01
TRGP/IQV,TRGP,IQV,fast_rebalance,-944.4437698244948,-0.7645806288505734,-3.3381185690643407,2.7925446881873726e-11,8,1,2025-10-01
ODFL/WYNN,ODFL,WYNN,fast_rebalance,765.1733963653884,0.417339848183638,-3.3381185690643407,0.9999999534205087,18,1,2025-10-01
AMCR/INTU,AMCR,INTU,beta_neutral_long_term,1147.450551765633,0.6205678079337275,-3.3593409363534112,0.9999999993333931,6,1,2025-10-01
AMCR/UHS,AMCR,UHS,beta_neutral_long_term,89.33446513063376,0.06670596313349646,-3.3593409363534112,0.23729397036034028,6,1,2025-10-01
LRCX/TRMB,LRCX,TRMB,beta_neutral_long_term,-1286.123526813817,-0.920318782785299,-3.3593409363534112,0.005357007501672964,2,1,2025-10-01
LRCX/HCA,LRCX,HCA,beta_neutral_long_term,-1155.740672251793,-1.1163680052196692,-3.3593409363534112,0.00025788668539487706,2,1,2025-10-01
CSCO/REGN,CSCO,REGN,beta_neutral_long_term,-2936.801363925101,-1.0132266437217041,-3.3593409363534112,2.2905500477859896e-11,8,1,2025-10-01
CSCO/LVS,CSCO,LVS,beta_neutral_long_term,1066.195718575275,0.7199996707404961,-3.3593409363534112,0.9939965486207456,4,1,2025-10-01
DVA/TYL,DVA,TYL,beta_neutral_long_term,-253.8099999999988,-0.38420457586199147,-3.3593409363534112,5.492017144556199e-10,4,1,2025-10-01
DVA/MKTX,DVA,MKTX,beta_neutral_long_term,-1298.551622153688,-0.5180831080941339,-3.3593409363534112,0.0001702393109564614,4,1,2025-10-01
AKAM/JKHY,AKAM,JKHY,beta_neutral_long_term,38.17277364242904,0.13397817168317636,-3.3593409363534112,0.7105598299797189,4,1,2025-10-01
AKAM/XYL,AKAM,XYL,beta_neutral_long_term,-676.7062245885797,-0.6403172430538484,-3.3593409363534112,9.588347676589831e-06,6,1,2025-10-01
BWA/CDW,BWA,CDW,beta_neutral_long_term,230.1242854928021,0.08755376203601978,-3.3593409363534112,0.32781869456138646,6,1,2025-10-01
BWA/FMC,BWA,FMC,beta_neutral_long_term,264.6400341154433,0.16743077689374034,-3.3593409363534112,0.855853817402465,6,1,2025-10-01
TRGP/IR,TRGP,IR,beta_neutral_long_term,-1064.190517318005,-0.3598232601607281,-3.3593409363534112,2.458678987677207e-19,8,1,2025-10-01
TRGP/IQV,TRGP,IQV,beta_neutral_long_term,-952.9811040232933,-0.2673786215891729,-3.3593409363534112,3.062168400117918e-09,12,1,2025-10-01
ODFL/WYNN,ODFL,WYNN,beta_neutral_long_term,982.3733105615406,0.5484732483018644,-3.3593409363534112,0.999957371753328,4,1,2025-10-01
AMCR/INTU,AMCR,INTU,entry_threshold_strong,572.2939767763489,0.28484836049812823,-3.368487958150051,0.9340673526627492,10,1,2025-10-01
AMCR/UHS,AMCR,UHS,entry_threshold_strong,1063.142197210714,0.8977865288373158,-3.368487958150051,0.9999999318303061,8,1,2025-10-01
LRCX/TRMB,LRCX,TRMB,entry_threshold_strong,2274.602406579246,2.049962029361314,-3.368487958150051,0.9999997232116828,2,1,2025-10-01
LRCX/HCA,LRCX,HCA,entry_threshold_strong,-377.7186307211809,-0.15875704531953044,-3.368487958150051,6.1221347231502265e-06,4,1,2025-10-01
CSCO/REGN,CSCO,REGN,entry_threshold_strong,-2787.021060588478,-1.0610225517902478,-3.368487958150051,1.7049998125056944e-10,16,1,2025-10-01
CSCO/LVS,CSCO,LVS,entry_threshold_strong,39.6804077326135,0.022953218719904658,-3.368487958150051,0.057125899919936725,6,1,2025-10-01
DVA/TYL,DVA,TYL,entry_threshold_strong,-62.07999999999865,-0.14916131101630728,-3.368487958150051,3.0214338604841322e-05,4,1,2025-10-01
DVA/MKTX,DVA,MKTX,entry_threshold_strong,-677.5134016319306,-0.3256508746396181,-3.368487958150051,1.2069430383673002e-09,6,1,2025-10-01
AKAM/JKHY,AKAM,JKHY,entry_threshold_strong,543.2241253439406,0.5690813859492262,-3.368487958150051,0.9936436625593585,2,1,2025-10-01
AKAM/XYL,AKAM,XYL,entry_threshold_strong,-616.5712626192775,-0.7180092935899585,-3.368487958150051,8.45214849607996e-05,4,1,2025-10-01
BWA/CDW,BWA,CDW,entry_threshold_strong,1945.373959418628,1.3419309499841499,-3.368487958150051,0.9999999999999702,10,1,2025-10-01
BWA/FMC,BWA,FMC,entry_threshold_strong,894.5965934020528,0.6767076254017792,-3.368487958150051,0.9999999603741561,8,1,2025-10-01
TRGP/IR,TRGP,IR,entry_threshold_strong,-777.3679837577369,-0.7742496261432114,-3.368487958150051,2.423774247972195e-17,6,1,2025-10-01
TRGP/IQV,TRGP,IQV,entry_threshold_strong,-741.9678238924688,-0.8462378583586617,-3.368487958150051,6.840920910799774e-11,6,1,2025-10-01
ODFL/WYNN,ODFL,WYNN,entry_threshold_strong,959.3041686380823,0.6434758388757573,-3.368487958150051,0.9999999939244629,6,1,2025-10-01
AMCR/INTU,AMCR,INTU,short_term_tilt,-339.2969746333615,-0.21057079570307888,-3.441859883115722,9.101203185104892e-12,12,1,2025-10-01
AMCR/UHS,AMCR,UHS,short_term_tilt,-589.1616334325513,-0.4863170565746994,-3.441859883115722,1.2076352767691883e-09,12,1,2025-10-01
LRCX/TRMB,LRCX,TRMB,short_term_tilt,1659.333590540442,1.9336941016889038,-3.441859883115722,0.9999979121640667,4,1,2025-10-01
LRCX/HCA,LRCX,HCA,short_term_tilt,1667.14701720204,0.34890918033417745,-3.441859883115722,0.9998850094734218,8,1,2025-10-01
CSCO/REGN,CSCO,REGN,short_term_tilt,83.52540828796737,0.05155630101320906,-3.441859883115722,0.1573163149322625,12,1,2025-10-01
CSCO/LVS,CSCO,LVS,short_term_tilt,1049.19484132804,0.7348153271306186,-3.441859883115722,0.9999999986559766,10,1,2025-10-01
DVA/TYL,DVA,TYL,short_term_tilt,-803.0500000000022,-1.2648624924438043,-3.441859883115722,1.7454483510285663e-07,8,1,2025-10-01
DVA/MKTX,DVA,MKTX,short_term_tilt,152.4920141954498,0.11382368181626612,-3.441859883115722,0.5490466407067403,6,1,2025-10-01
AKAM/JKHY,AKAM,JKHY,short_term_tilt,-1774.345845993998,-1.0629378556310212,-3.441859883115722,1.95221919551926e-09,10,1,2025-10-01
AKAM/XYL,AKAM,XYL,short_term_tilt,-459.8123827962943,-0.47459804545686224,-3.441859883115722,1.2609246074161317e-06,12,1,2025-10-01
BWA/CDW,BWA,CDW,short_term_tilt,137.6198891914643,0.15020738889031604,-3.441859883115722,0.748652622710118,10,1,2025-10-01
BWA/FMC,BWA,FMC,short_term_tilt,2308.393218262922,1.1568688806656893,-3.441859883115722,0.9999965728331762,12,1,2025-10-01
TRGP/IR,TRGP,IR,short_term_tilt,-1926.462777144719,-1.3192620592612063,-3.441859883115722,1.4700183485346808e-07,10,1,2025-10-01
TRGP/IQV,TRGP,IQV,short_term_tilt,-944.4437698244948,-0.7645806288505734,-3.441859883115722,2.7925446881873726e-11,8,1,2025-10-01
ODFL/WYNN,ODFL,WYNN,short_term_tilt,767.1388965938032,0.41837375246716013,-3.441859883115722,0.9999999563049355,18,1,2025-10-01
AMCR/INTU,AMCR,INTU,long_term_tilt,589.6047234220915,0.4988115576441032,-3.5145980696214796,0.9999991293783,6,1,2025-10-01
AMCR/UHS,AMCR,UHS,long_term_tilt,1271.987765410927,1.3196591403236404,-3.5145980696214796,0.9999986180345137,6,1,2025-10-01
LRCX/TRMB,LRCX,TRMB,long_term_tilt,-938.8621035124401,-1.1698277338788101,-3.5145980696214796,0.002815154214152553,2,1,2025-10-01
LRCX/HCA,LRCX,HCA,long_term_tilt,-1133.385602605142,-1.122210816664971,-3.5145980696214796,0.0006247202054466603,2,1,2025-10-01
CSCO/REGN,CSCO,REGN,long_term_tilt,-2417.4076286903,-0.9960159435977823,-3.5145980696214796,2.7766289849719562e-08,8,1,2025-10-01
CSCO/LVS,CSCO,LVS,long_term_tilt,62.37633168762,0.03602490507836322,-3.5145980696214796,0.09642058320431113,4,1,2025-10-01
DVA/TYL,DVA,TYL,long_term_tilt,-447.939999999999,-0.7148987143025688,-3.5145980696214796,1.4338808350238686e-12,4,1,2025-10-01
DVA/MKTX,DVA,MKTX,long_term_tilt,-654.5377106901474,-0.3331843421285312,-3.5145980696214796,2.99372981625911e-08,4,1,2025-10-01
AKAM/JKHY,AKAM,JKHY,long_term_tilt,-87.02361377892416,-0.2209938900458258,-3.5145980696214796,4.497335306449135e-07,4,1,2025-10-01
AKAM/XYL,AKAM,XYL,long_term_tilt,-299.2291923662025,-0.39072522039386914,-3.5145980696214796,1.9131896954600992e-08,6,1,2025-10-01
BWA/CDW,BWA,CDW,long_term_tilt,-61.14234954831875,-0.02146678577911182,-3.5145980696214796,0.006855510610498366,6,1,2025-10-01
BWA/FMC,BWA,FMC,long_term_tilt,1643.483147924565,1.3660544194112172,-3.5145980696214796,0.9999999999999977,6,1,2025-10-01
TRGP/IR,TRGP,IR,long_term_tilt,-1.578860121335651,-0.0012327055246192885,-3.5145980696214796,0.017370881745833098,8,1,2025-10-01
TRGP/IQV,TRGP,IQV,long_term_tilt,1889.445427450678,0.7194740026205663,-3.5145980696214796,0.999990105826713,12,1,2025-10-01
ODFL/WYNN,ODFL,WYNN,long_term_tilt,1414.001846357752,0.8911243636796304,-3.5145980696214796,0.9999999999919541,4,1,2025-10-01
AMCR/INTU,AMCR,INTU,default,-529.8262189128682,-0.3079822401501732,-3.7827602181376334,3.9525396544116e-08,10,1,2025-10-01
AMCR/UHS,AMCR,UHS,default,95.72952132397691,0.0937061050357151,-3.7827602181376334,0.39613565003100404,10,1,2025-10-01
LRCX/TRMB,LRCX,TRMB,default,1994.732406579246,1.93671969662068,-3.7827602181376334,0.9999937326923912,2,1,2025-10-01
LRCX/HCA,LRCX,HCA,default,188.4896869722907,0.08063153238195625,-3.7827602181376334,0.32169407074588685,2,1,2025-10-01
CSCO/REGN,CSCO,REGN,default,-2510.023660168816,-0.9748748185743908,-3.7827602181376334,3.7510539157455313e-10,16,1,2025-10-01
CSCO/LVS,CSCO,LVS,default,1632.120360306982,1.1994257471390288,-3.7827602181376334,0.9999999943796679,6,1,2025-10-01
DVA/TYL,DVA,TYL,default,-64.85999999999865,-0.15474133244982413,-3.7827602181376334,2.316133046599936e-05,4,1,2025-10-01
DVA/MKTX,DVA,MKTX,default,905.8973186284284,0.6085723762265091,-3.7827602181376334,0.9998765892136827,6,1,2025-10-01
AKAM/JKHY,AKAM,JKHY,default,484.0457485502305,0.5079624376494223,-3.7827602181376334,0.9911735283401031,2,1,2025-10-01
AKAM/XYL,AKAM,XYL,default,-620.4212626192775,-0.721306609451353,-3.7827602181376334,8.117458808527128e-05,4,1,2025-10-01
BWA/CDW,BWA,CDW,default,734.6061208948082,0.5430827659638239,-3.7827602181376334,0.9999999955689204,12,1,2025-10-01
BWA/FMC,BWA,FMC,default,925.2156669676891,0.7109935686322355,-3.7827602181376334,0.9999999734542838,8,1,2025-10-01
TRGP/IR,TRGP,IR,default,-780.2258866457843,-0.7766122726848781,-3.7827602181376334,2.3114034319197695e-17,6,1,2025-10-01
TRGP/IQV,TRGP,IQV,default,-744.3878238924688,-0.8415485844415515,-3.7827602181376334,7.760855155062101e-11,6,1,2025-10-01
ODFL/WYNN,ODFL,WYNN,default,212.4812629482551,0.15888874905484418,-3.7827602181376334,0.849198299872507,6,1,2025-10-01
AMCR/INTU,AMCR,INTU,beta_neutral,-372.9019305400138,-0.17631094518953522,-3.828983314656443,3.437739111743078e-12,10,1,2025-10-01
AMCR/UHS,AMCR,UHS,beta_neutral,50.60060599369599,0.032652760651337355,-3.828983314656443,0.07252500348250976,10,1,2025-10-01
LRCX/TRMB,LRCX,TRMB,beta_neutral,2607.939790040174,1.8265346766399315,-3.828983314656443,0.9999871053492324,2,1,2025-10-01
LRCX/HCA,LRCX,HCA,beta_neutral,188.4896869722907,0.08063153238195625,-3.828983314656443,0.32169407074588685,2,1,2025-10-01
CSCO/REGN,CSCO,REGN,beta_neutral,-3037.205574364784,-1.0764407144701873,-3.828983314656443,2.014007934434443e-11,16,1,2025-10-01
CSCO/LVS,CSCO,LVS,beta_neutral,1238.116860531878,0.8355365115603434,-3.828983314656443,0.9975990334001814,6,1,2025-10-01
DVA/TYL,DVA,TYL,beta_neutral,40.93000000000021,0.06686347508150424,-3.828983314656443,0.22301683842503184,4,1,2025-10-01
DVA/MKTX,DVA,MKTX,beta_neutral,165.1754721129662,0.15206188724817415,-3.828983314656443,0.7663604749321233,6,1,2025-10-01
AKAM/JKHY,AKAM,JKHY,beta_neutral,741.4343959501765,0.5264338473340896,-3.828983314656443,0.9897293271118708,2,1,2025-10-01
AKAM/XYL,AKAM,XYL,beta_neutral,-549.2582395242689,-0.4699108718671572,-3.828983314656443,0.0003386917231328559,4,1,2025-10-01
BWA/CDW,BWA,CDW,beta_neutral,-26.98238011361104,-0.01785719286620914,-3.828983314656443,0.0074332958270774884,12,1,2025-10-01
BWA/FMC,BWA,FMC,beta_neutral,2025.831137635585,1.2848906197864476,-3.828983314656443,0.9999999866137788,8,1,2025-10-01
TRGP/IR,TRGP,IR,beta_neutral,-1578.086559704906,-1.2053223223945964,-3.828983314656443,1.947766877633603e-12,6,1,2025-10-01
TRGP/IQV,TRGP,IQV,beta_neutral,-1894.239119462356,-0.9495987345409828,-3.828983314656443,0.0025696376362136873,6,1,2025-10-01
ODFL/WYNN,ODFL,WYNN,beta_neutral,-1733.100929061591,-1.764256228175454,-3.828983314656443,6.426356871127278e-07,8,1,2025-10-01
AMCR/INTU,AMCR,INTU,uniform_weights,-625.8035216650443,-0.3338361452672622,-3.890857134857854,1.5458269397504833e-09,12,1,2025-10-01
AMCR/UHS,AMCR,UHS,uniform_weights,900.6621864699764,0.7481903207563564,-3.890857134857854,0.9999999110647914,8,1,2025-10-01
LRCX/TRMB,LRCX,TRMB,uniform_weights,1994.732406579246,1.93671969662068,-3.890857134857854,0.9999937326923912,2,1,2025-10-01
LRCX/HCA,LRCX,HCA,uniform_weights,-164.0674797450423,-0.06875901733748935,-3.890857134857854,0.0003704755097723287,4,1,2025-10-01
CSCO/REGN,CSCO,REGN,uniform_weights,-2240.29653883424,-0.86555185981594,-3.890857134857854,6.104818305631695e-11,16,1,2025-10-01
CSCO/LVS,CSCO,LVS,uniform_weights,1632.120360306982,1.1994257471390288,-3.890857134857854,0.9999999943796679,6,1,2025-10-01
DVA/TYL,DVA,TYL,uniform_weights,-64.85999999999865,-0.15474133244982413,-3.890857134857854,2.316133046599936e-05,4,1,2025-10-01
DVA/MKTX,DVA,MKTX,uniform_weights,905.8973186284284,0.6085723762265091,-3.890857134857854,0.9998765892136827,6,1,2025-10-01
AKAM/JKHY,AKAM,JKHY,uniform_weights,539.748452672529,0.5597204536561144,-3.890857134857854,0.9930161006123894,2,1,2025-10-01
AKAM/XYL,AKAM,XYL,uniform_weights,-620.4212626192775,-0.721306609451353,-3.890857134857854,8.117458808527128e-05,4,1,2025-10-01
BWA/CDW,BWA,CDW,uniform_weights,733.6764184064997,0.5425548423422403,-3.890857134857854,0.9999999954402742,12,1,2025-10-01
BWA/FMC,BWA,FMC,uniform_weights,201.4717370222309,0.17123440326534756,-3.890857134857854,0.851464561484959,8,1,2025-10-01
TRGP/IR,TRGP,IR,uniform_weights,-569.6837421268074,-0.7301254358363849,-3.890857134857854,6.301468355989505e-11,4,1,2025-10-01
TRGP/IQV,TRGP,IQV,uniform_weights,-785.5378238924733,-1.0881558008508712,-3.890857134857854,2.314031959581655e-06,8,1,2025-10-01
ODFL/WYNN,ODFL,WYNN,uniform_weights,212.4812629482551,0.15888874905484418,-3.890857134857854,0.849198299872507,6,1,2025-10-01
AMCR/INTU,AMCR,INTU,sensitive_reversal,815.2570693691032,0.42328504014794993,-3.9265266438496433,0.9808819934217214,12,1,2025-10-01
AMCR/UHS,AMCR,UHS,sensitive_reversal,-93.79342453101361,-0.08239882625622817,-3.9265266438496433,0.00048153577118141436,10,1,2025-10-01
LRCX/TRMB,LRCX,TRMB,sensitive_reversal,1500.231520503296,1.8548658509956253,-3.9265266438496433,0.9999937696247491,4,1,2025-10-01
LRCX/HCA,LRCX,HCA,sensitive_reversal,188.4896869722907,0.08063153238195625,-3.9265266438496433,0.32169407074588685,2,1,2025-10-01
CSCO/REGN,CSCO,REGN,sensitive_reversal,-2369.437186176628,-0.9485936884068277,-3.9265266438496433,2.2950471215596083e-09,20,1,2025-10-01
CSCO/LVS,CSCO,LVS,sensitive_reversal,2102.514236139849,1.7636405890304023,-3.9265266438496433,0.9999999994520579,6,1,2025-10-01
DVA/TYL,DVA,TYL,sensitive_reversal,-36.76000000000062,-0.1753433605307735,-3.9265266438496433,2.069086694827882e-08,4,1,2025-10-01
DVA/MKTX,DVA,MKTX,sensitive_reversal,-1.143909486631514,-0.0008164748834107584,-3.9265266438496433,0.01800336917895192,10,1,2025-10-01
AKAM/JKHY,AKAM,JKHY,sensitive_reversal,267.3604144599519,0.2811909667653287,-3.9265266438496433,0.9335052079620697,2,1,2025-10-01
AKAM/XYL,AKAM,XYL,sensitive_reversal,-376.689036094589,-0.4617662188093708,-3.9265266438496433,0.00022848836220828902,6,1,2025-10-01
BWA/CDW,BWA,CDW,sensitive_reversal,497.1569482033397,0.41553764286958467,-3.9265266438496433,0.9999986982318387,14,1,2025-10-01
BWA/FMC,BWA,FMC,sensitive_reversal,1564.705755740003,1.6337691574231195,-3.9265266438496433,0.9999999997284011,10,1,2025-10-01
TRGP/IR,TRGP,IR,sensitive_reversal,-663.8529224436389,-0.7472898369604113,-3.9265266438496433,2.070143397330412e-12,6,1,2025-10-01
TRGP/IQV,TRGP,IQV,sensitive_reversal,-915.8878238924675,-1.1392345518905922,-3.9265266438496433,3.2605582068802925e-08,6,1,2025-10-01
ODFL/WYNN,ODFL,WYNN,sensitive_reversal,-410.4871530299926,-0.35042310209893274,-3.9265266438496433,1.7624415162231785e-07,10,1,2025-10-01
AMCR/INTU,AMCR,INTU,balanced,-529.4293328071424,-0.3077997859732376,-4.0020863955249,3.924319395738594e-08,10,1,2025-10-01
AMCR/UHS,AMCR,UHS,balanced,99.11843424812866,0.09716474099130305,-4.0020863955249,0.4217367278461251,10,1,2025-10-01
LRCX/TRMB,LRCX,TRMB,balanced,1994.732406579246,1.93671969662068,-4.0020863955249,0.9999937326923912,2,1,2025-10-01
LRCX/HCA,LRCX,HCA,balanced,-571.9265672060778,-0.23763413419910018,-4.0020863955249,1.4152418867162834e-06,4,1,2025-10-01
CSCO/REGN,CSCO,REGN,balanced,-2510.023660168816,-0.9748748185743908,-4.0020863955249,3.7510539157455313e-10,16,1,2025-10-01
CSCO/LVS,CSCO,LVS,balanced,1632.120360306982,1.1994257471390288,-4.0020863955249,0.9999999943796679,6,1,2025-10-01
DVA/TYL,DVA,TYL,balanced,-64.85999999999865,-0.15474133244982413,-4.0020863955249,2.316133046599936e-05,4,1,2025-10-01
DVA/MKTX,DVA,MKTX,balanced,905.8973186284284,0.6085723762265091,-4.0020863955249,0.9998765892136827,6,1,2025-10-01
AKAM/JKHY,AKAM,JKHY,balanced,484.0457485502305,0.5079624376494223,-4.0020863955249,0.9911735283401031,2,1,2025-10-01
AKAM/XYL,AKAM,XYL,balanced,-620.4212626192775,-0.721306609451353,-4.0020863955249,8.117458808527128e-05,4,1,2025-10-01
BWA/CDW,BWA,CDW,balanced,741.4085923261865,0.5484701331630549,-4.0020863955249,0.9999999963988273,12,1,2025-10-01
BWA/FMC,BWA,FMC,balanced,591.560503092239,0.4613676711139146,-4.0020863955249,0.9999857848979052,8,1,2025-10-01
TRGP/IR,TRGP,IR,balanced,-569.6837421268074,-0.7301254358363849,-4.0020863955249,6.301468355989505e-11,4,1,2025-10-01
TRGP/IQV,TRGP,IQV,balanced,-1358.017823892468,-1.4637826854229252,-4.0020863955249,1.1713589105480977e-10,8,1,2025-10-01
ODFL/WYNN,ODFL,WYNN,balanced,212.4812629482551,0.15888874905484418,-4.0020863955249,0.849198299872507,6,1,2025-10-01
AMCR/INTU,AMCR,INTU,kalman_hedge,-292.1606772308157,-0.15975420689536715,-4.007339867043581,4.720876789295926e-13,12,1,2025-10-01
AMCR/UHS,AMCR,UHS,kalman_hedge,94.85184347123436,0.09401549999005496,-4.007339867043581,0.3983281234959965,10,1,2025-10-01
LRCX/TRMB,LRCX,TRMB,kalman_hedge,2040.108509057836,1.9334683779604713,-4.007339867043581,0.9999939945264122,2,1,2025-10-01
LRCX/HCA,LRCX,HCA,kalman_hedge,-198.9377155915116,-0.08413823538563991,-4.007339867043581,0.00016662749004471482,4,1,2025-10-01
CSCO/REGN,CSCO,REGN,kalman_hedge,-2236.381116682201,-0.8634389332636545,-4.007339867043581,5.87161884302972e-11,16,1,2025-10-01
CSCO/LVS,CSCO,LVS,kalman_hedge,1605.401881103057,1.1816058533259237,-4.007339867043581,0.9999999846887289,6,1,2025-10-01
DVA/TYL,DVA,TYL,kalman_hedge,-64.85999999999865,-0.15474133244982413,-4.007339867043581,2.316133046599936e-05,4,1,2025-10-01
DVA/MKTX,DVA,MKTX,kalman_hedge,881.930316467734,0.5983061967862643,-4.007339867043581,0.9998786103641606,6,1,2025-10-01
AKAM/JKHY,AKAM,JKHY,kalman_hedge,523.2235203719889,0.5542449095648083,-4.007339867043581,0.993254768873813,2,1,2025-10-01
AKAM/XYL,AKAM,XYL,kalman_hedge,-616.9210413497435,-0.7288963320004789,-4.007339867043581,7.507189218116547e-05,4,1,2025-10-01
BWA/CDW,BWA,CDW,kalman_hedge,925.6769181955788,0.6769845393224568,-4.007339867043581,0.9999999999877572,12,1,2025-10-01
BWA/FMC,BWA,FMC,kalman_hedge,295.3656056536497,0.2605665026290512,-4.007339867043581,0.9898142601227301,8,1,2025-10-01
TRGP/IR,TRGP,IR,kalman_hedge,-1201.600767344844,-1.0641858404150804,-4.007339867043581,3.017096982863779e-16,8,1,2025-10-01
TRGP/IQV,TRGP,IQV,kalman_hedge,-2601.148175798203,-1.2537362097431106,-4.007339867043581,0.0021191821726844785,8,1,2025-10-01
ODFL/WYNN,ODFL,WYNN,kalman_hedge,216.4612629482561,0.16117011905044304,-4.007339867043581,0.8594159583292754,6,1,2025-10-01
AMCR/INTU,AMCR,INTU,vol_weighted_sizing,-290.3592695956258,-0.15875013645284977,-4.109778050868586,5.184305845956611e-13,12,1,2025-10-01
AMCR/UHS,AMCR,UHS,vol_weighted_sizing,99.14711713236018,0.09719128288700002,-4.109778050868586,0.4219373526988054,10,1,2025-10-01
LRCX/TRMB,LRCX,TRMB,vol_weighted_sizing,1994.732406579246,1.93671969662068,-4.109778050868586,0.9999937326923912,2,1,2025-10-01
LRCX/HCA,LRCX,HCA,vol_weighted_sizing,-164.0674797450423,-0.06875901733748935,-4.109778050868586,0.0003704755097723287,4,1,2025-10-01
CSCO/REGN,CSCO,REGN,vol_weighted_sizing,-2240.29653883424,-0.86555185981594,-4.109778050868586,6.104818305631695e-11,16,1,2025-10-01
CSCO/LVS,CSCO,LVS,vol_weighted_sizing,1632.120360306982,1.1994257471390288,-4.109778050868586,0.9999999943796679,6,1,2025-10-01
DVA/TYL,DVA,TYL,vol_weighted_sizing,-64.85999999999865,-0.15474133244982413,-4.109778050868586,2.316133046599936e-05,4,1,2025-10-01
DVA/MKTX,DVA,MKTX,vol_weighted_sizing,905.8973186284284,0.6085723762265091,-4.109778050868586,0.9998765892136827,6,1,2025-10-01
AKAM/JKHY,AKAM,JKHY,vol_weighted_sizing,539.748452672529,0.5597204536561144,-4.109778050868586,0.9930161006123894,2,1,2025-10-01
AKAM/XYL,AKAM,XYL,vol_weighted_sizing,-620.4212626192775,-0.721306609451353,-4.109778050868586,8.117458808527128e-05,4,1,2025-10-01
BWA/CDW,BWA,CDW,vol_weighted_sizing,907.4144735890703,0.6637919647425249,-4.109778050868586,0.9999999999799577,12,1,2025-10-01
BWA/FMC,BWA,FMC,vol_weighted_sizing,198.7186154025178,0.1687110065457138,-4.109778050868586,0.8420897360957658,8,1,2025-10-01
TRGP/IR,TRGP,IR,vol_weighted_sizing,-1197.103444680233,-1.061048124083148,-4.109778050868586,3.0761424781536135e-16,8,1,2025-10-01
TRGP/IQV,TRGP,IQV,vol_weighted_sizing,-1358.017823892468,-1.4637826854229252,-4.109778050868586,1.1713589105480977e-10,8,1,2025-10-01
ODFL/WYNN,ODFL,WYNN,vol_weighted_sizing,212.4812629482551,0.15888874905484418,-4.109778050868586,0.849198299872507,6,1,2025-10-01
AMCR/INTU,AMCR,INTU,raw_momentum,-596.2280993282784,-0.3585048212254776,-4.905375170414847,2.2157034024000914e-06,8,1,2025-10-01
AMCR/UHS,AMCR,UHS,raw_momentum,259.7115902477556,0.3940660429828509,-4.905375170414847,0.9991788810083537,8,1,2025-10-01
LRCX/TRMB,LRCX,TRMB,raw_momentum,1994.732406579246,1.93671969662068,-4.905375170414847,0.9999937326923912,2,1,2025-10-01
LRCX/HCA,LRCX,HCA,raw_momentum,188.4896869722907,0.08063153238195625,-4.905375170414847,0.32169407074588685,2,1,2025-10-01
CSCO/REGN,CSCO,REGN,raw_momentum,-3355.150849574185,-1.5876160419775283,-4.905375170414847,8.999879904486397e-05,10,1,2025-10-01
CSCO/LVS,CSCO,LVS,raw_momentum,-987.2388254858025,-0.7084344433354982,-4.905375170414847,2.765854231157922e-06,4,1,2025-10-01
DVA/TYL,DVA,TYL,raw_momentum,-62.07999999999865,-0.14916131101630728,-4.905375170414847,3.0214338604841322e-05,4,1,2025-10-01
DVA/MKTX,DVA,MKTX,raw_momentum,905.8973186284284,0.6085723762265091,-4.905375170414847,0.9998765892136827,6,1,2025-10-01
AKAM/JKHY,AKAM,JKHY,raw_momentum,272.5706817848653,0.28584192203006165,-4.905375170414847,0.937230292566687,2,1,2025-10-01
AKAM/XYL,AKAM,XYL,raw_momentum,-391.3752025999157,-1.228185437633806,-4.905375170414847,5.4218499042133235e-05,2,1,2025-10-01
BWA/CDW,BWA,CDW,raw_momentum,471.3862914862518,0.44057771978013416,-4.905375170414847,0.9999708797109474,6,1,2025-10-01
BWA/FMC,BWA,FMC,raw_momentum,526.3581527902095,0.7987901564672247,-4.905375170414847,0.9999998903814606,4,1,2025-10-01
TRGP/IR,TRGP,IR,raw_momentum,-529.6990671216674,-1.1047011624522878,-4.905375170414847,0.00030623903552863535,4,1,2025-10-01
TRGP/IQV,TRGP,IQV,raw_momentum,-1049.129999999997,-1.2356136145957424,-4.905375170414847,2.1101512302559054e-09,6,1,2025-10-01
ODFL/WYNN,ODFL,WYNN,raw_momentum,778.7718945963983,0.5659165799765474,-4.905375170414847,0.9999998806243293,6,1,2025-10-01
AMCR/INTU,AMCR,INTU,raw_momentum_kalman,-595.3868335883797,-0.3579801533165481,-4.999749666816875,2.1708853950951797e-06,8,1,2025-10-01
AMCR/UHS,AMCR,UHS,raw_momentum_kalman,288.4542038265379,0.44873270954316746,-4.999749666816875,0.9996708564595511,8,1,2025-10-01
LRCX/TRMB,LRCX,TRMB,raw_momentum_kalman,2040.108509057836,1.9334683779604713,-4.999749666816875,0.9999939945264122,2,1,2025-10-01
LRCX/HCA,LRCX,HCA,raw_momentum_kalman,188.4896869722907,0.08063153238195625,-4.999749666816875,0.32169407074588685,2,1,2025-10-01
CSCO/REGN,CSCO,REGN,raw_momentum_kalman,-4536.522236531878,-1.9732827665707635,-4.999749666816875,7.95125615071474e-06,14,1,2025-10-01
CSCO/LVS,CSCO,LVS,raw_momentum_kalman,-930.9919930234753,-0.6931541405558969,-4.999749666816875,6.485761450329477e-07,4,1,2025-10-01
DVA/TYL,DVA,TYL,raw_momentum_kalman,-62.07999999999865,-0.14916131101630728,-4.999749666816875,3.0214338604841322e-05,4,1,2025-10-01
DVA/MKTX,DVA,MKTX,raw_momentum_kalman,881.930316467734,0.5983061967862643,-4.999749666816875,0.9998786103641606,6,1,2025-10-01
AKAM/JKHY,AKAM,JKHY,raw_momentum_kalman,531.318452672529,0.5580652963142468,-4.999749666816875,0.9930871779589211,2,1,2025-10-01
AKAM/XYL,AKAM,XYL,raw_momentum_kalman,-392.3026303415825,-1.22396147243821,-4.999749666816875,5.966920584969072e-05,2,1,2025-10-01
BWA/CDW,BWA,CDW,raw_momentum_kalman,327.0249262774967,0.25609058993710715,-4.999749666816875,0.9970165121466237,8,1,2025-10-01
BWA/FMC,BWA,FMC,raw_momentum_kalman,526.0136974037592,0.8179186050254669,-4.999749666816875,0.9999998429090166,4,1,2025-10-01
TRGP/IR,TRGP,IR,raw_momentum_kalman,-805.4224908686751,-1.5303408292748302,-4.999749666816875,8.314458655727976e-05,6,1,2025-10-01
TRGP/IQV,TRGP,IQV,raw_momentum_kalman,-1044.029999999997,-1.2313268166028752,-4.999749666816875,1.925417220590604e-09,6,1,2025-10-01
ODFL/WYNN,ODFL,WYNN,raw_momentum_kalman,781.5518945963993,0.5687385470015052,-4.999749666816875,0.9999998849290388,6,1,2025-10-01
AMCR/INTU,AMCR,INTU,fast_strict,-331.5160560039887,-0.27451282618128214,-6.990704865610303,2.6337041800047366e-09,14,1,2025-10-01
AMCR/UHS,AMCR,UHS,fast_strict,239.3019103190871,0.2838897486146129,-6.990704865610303,0.997076840608924,12,1,2025-10-01
LRCX/TRMB,LRCX,TRMB,fast_strict,1245.39519290533,1.9357043144583443,-6.990704865610303,0.9999978876452034,4,1,2025-10-01
LRCX/HCA,LRCX,HCA,fast_strict,272.6203138532242,0.13499947828744788,-6.990704865610303,0.6799734765320253,10,1,2025-10-01
CSCO/REGN,CSCO,REGN,fast_strict,-469.1419915472372,-0.3884395941772555,-6.990704865610303,2.750611034156737e-20,14,1,2025-10-01
CSCO/LVS,CSCO,LVS,fast_strict,56.82772208842056,0.05802946054816081,-6.990704865610303,0.172546441543454,10,1,2025-10-01
DVA/TYL,DVA,TYL,fast_strict,-753.9600000000019,-1.7456947700631416,-6.990704865610303,2.5122007364198275e-05,10,1,2025-10-01
DVA/MKTX,DVA,MKTX,fast_strict,85.9095068367941,0.08652313655553182,-6.990704865610303,0.33355333521046593,6,1,2025-10-01
AKAM/JKHY,AKAM,JKHY,fast_strict,-1681.952778919922,-1.1133237742825715,-6.990704865610303,1.0380655909650248e-07,8,1,2025-10-01
AKAM/XYL,AKAM,XYL,fast_strict,-449.8061208684851,-0.6395415978482554,-6.990704865610303,3.9134509806001825e-06,12,1,2025-10-01
BWA/CDW,BWA,CDW,fast_strict,109.406038250899,0.1602607662845439,-6.990704865610303,0.7922283218248588,10,1,2025-10-01
BWA/FMC,BWA,FMC,fast_strict,1316.046264320818,1.3186901032480438,-6.990704865610303,0.9999999999999999,12,1,2025-10-01
TRGP/IR,TRGP,IR,fast_strict,-606.4940535288341,-0.8286630255894072,-6.990704865610303,3.5893109134861844e-14,10,1,2025-10-01
TRGP/IQV,TRGP,IQV,fast_strict,-1092.37511221943,-1.1493692687542152,-6.990704865610303,6.802319174903839e-10,8,1,2025-10-01
ODFL/WYNN,ODFL,WYNN,fast_strict,-1596.136875631331,-1.6683351517337097,-6.990704865610303,6.464525667048053e-17,20,1,2025-10-01
AMCR/INTU,AMCR,INTU,crash_defensive,-99.27561133874667,-0.1148714105181376,-7.62179524325242,5.813537853936579e-10,12,1,2025-10-01
AMCR/UHS,AMCR,UHS,crash_defensive,43.68615014081048,0.08710673138171841,-7.62179524325242,0.34792543144259414,10,1,2025-10-01
LRCX/TRMB,LRCX,TRMB,crash_defensive,997.2762032896239,1.936269830216635,-7.62179524325242,0.9999937919160783,2,1,2025-10-01
LRCX/HCA,LRCX,HCA,crash_defensive,-91.63058058476429,-0.07748419913483728,-7.62179524325242,0.00022922559798849425,4,1,2025-10-01
CSCO/REGN,CSCO,REGN,crash_defensive,-2389.695479215588,-1.130734521431489,-7.62179524325242,2.85733760152132e-05,16,1,2025-10-01
CSCO/LVS,CSCO,LVS,crash_defensive,811.8722632897213,1.1972509832925535,-7.62179524325242,0.9999999938230444,6,1,2025-10-01
DVA/TYL,DVA,TYL,crash_defensive,-34.9100000000002,-0.1732645195041389,-7.62179524325242,8.915866000012506e-06,4,1,2025-10-01
DVA/MKTX,DVA,MKTX,crash_defensive,449.9160446500451,0.6055799505847952,-7.62179524325242,0.9998686718717543,6,1,2025-10-01
AKAM/JKHY,AKAM,JKHY,crash_defensive,269.7066924865331,0.561675880520066,-7.62179524325242,0.9929335494089642,2,1,2025-10-01
AKAM/XYL,AKAM,XYL,crash_defensive,-305.4257419444057,-0.7171936294239912,-7.62179524325242,8.605114391143972e-05,4,1,2025-10-01
BWA/CDW,BWA,CDW,crash_defensive,452.6335739086607,0.6662836077813894,-7.62179524325242,0.999999999983622,12,1,2025-10-01
BWA/FMC,BWA,FMC,crash_defensive,102.0991665068968,0.17377115032973117,-7.62179524325242,0.8603756889310202,8,1,2025-10-01
TRGP/IR,TRGP,IR,crash_defensive,-593.1585236202358,-1.0629810452649564,-7.62179524325242,4.2944188604237367e-16,8,1,2025-10-01
TRGP/IQV,TRGP,IQV,crash_defensive,-669.5491478622704,-1.470913026485161,-7.62179524325242,1.2850408613918846e-10,8,1,2025-10-01
ODFL/WYNN,ODFL,WYNN,crash_defensive,98.76680134007444,0.14981917701900688,-7.62179524325242,0.8029159973754998,6,1,2025-10-01
AMCR/INTU,AMCR,INTU,vol_sized_conservative,-218.9594560802429,-0.34085553715254885,-10.800339486532607,2.6311010866644187e-07,10,1,2025-10-01
AMCR/UHS,AMCR,UHS,vol_sized_conservative,446.2669071579874,1.0498088931199994,-10.800339486532607,0.9999999777577705,8,1,2025-10-01
LRCX/TRMB,LRCX,TRMB,vol_sized_conservative,742.2176396573944,1.936666908919661,-10.800339486532607,0.9999937403780951,2,1,2025-10-01
LRCX/HCA,LRCX,HCA,vol_sized_conservative,80.46459047833514,0.09164827856454122,-10.800339486532607,0.395262910644518,2,1,2025-10-01
CSCO/REGN,CSCO,REGN,vol_sized_conservative,-1324.348039394245,-1.1656018292379462,-10.800339486532607,1.1922857519590692e-06,16,1,2025-10-01
CSCO/LVS,CSCO,LVS,vol_sized_conservative,518.2021671677242,1.0365424077378498,-10.800339486532607,0.9999999687251706,6,1,2025-10-01
DVA/TYL,DVA,TYL,vol_sized_conservative,-25.17000000000016,-0.17384385044995573,-10.800339486532607,8.06137021211203e-06,4,1,2025-10-01
DVA/MKTX,DVA,MKTX,vol_sized_conservative,315.076781867012,0.5818788901231957,-10.800339486532607,0.999846155238291,6,1,2025-10-01
AKAM/JKHY,AKAM,JKHY,vol_sized_conservative,182.3154749500859,0.5087077472551244,-10.800339486532607,0.9911003037477853,2,1,2025-10-01
AKAM/XYL,AKAM,XYL,vol_sized_conservative,-173.5927050200528,-0.5643465484445335,-10.800339486532607,0.00022830448390118854,4,1,2025-10-01
BWA/CDW,BWA,CDW,vol_sized_conservative,205.3503031304852,0.41782684158249894,-10.800339486532607,0.9999978611687157,12,1,2025-10-01
BWA/FMC,BWA,FMC,vol_sized_conservative,156.0747014876455,0.3455802229600017,-10.800339486532607,0.9992035711856091,8,1,2025-10-01
TRGP/IR,TRGP,IR,vol_sized_conservative,-283.9808585420798,-0.7711133231495355,-10.800339486532607,2.754311706912947e-17,6,1,2025-10-01
TRGP/IQV,TRGP,IQV,vol_sized_conservative,-267.5119788547232,-0.9329960992711422,-10.800339486532607,3.3405251927420435e-08,6,1,2025-10-01
ODFL/WYNN,ODFL,WYNN,vol_sized_conservative,-462.5291375691005,-1.6230685073676503,-10.800339486532607,1.3632301571820109e-09,8,1,2025-10-01
AMCR/INTU,AMCR,INTU,conservative,469.3910069843206,0.6451773715886808,-11.92206746233366,0.9986285944641293,12,1,2025-10-01
AMCR/UHS,AMCR,UHS,conservative,-60.23080242285197,-0.1617740756867245,-11.92206746233366,1.8662120261702213e-05,10,1,2025-10-01
LRCX/TRMB,LRCX,TRMB,conservative,638.353589024483,1.949503110915776,-11.92206746233366,0.9999998000090768,4,1,2025-10-01
LRCX/HCA,LRCX,HCA,conservative,-121.9632934313055,-0.1442134223720167,-11.92206746233366,1.2517393200523884e-05,4,1,2025-10-01
CSCO/REGN,CSCO,REGN,conservative,-927.8552343983469,-0.8493755861695363,-11.92206746233366,1.249705823129338e-06,16,1,2025-10-01
CSCO/LVS,CSCO,LVS,conservative,787.6246969791658,1.7642202478990976,-11.92206746233366,0.999999999455523,6,1,2025-10-01
DVA/TYL,DVA,TYL,conservative,-25.17000000000016,-0.17384385044995573,-11.92206746233366,8.06137021211203e-06,4,1,2025-10-01
DVA/MKTX,DVA,MKTX,conservative,154.0802293560375,0.30039447666931507,-11.92206746233366,0.9913826429695178,6,1,2025-10-01
AKAM/JKHY,AKAM,JKHY,conservative,253.996421664737,1.4361121673108064,-11.92206746233366,0.9998956815456644,2,1,2025-10-01
AKAM/XYL,AKAM,XYL,conservative,-123.6864043700732,-0.40856530185571416,-11.92206746233366,0.0002663792408321776,4,1,2025-10-01
BWA/CDW,BWA,CDW,conservative,674.735419320277,1.5566454295866894,-11.92206746233366,0.9999999999999831,12,1,2025-10-01
BWA/FMC,BWA,FMC,conservative,293.6054218195653,0.7182875610043111,-11.92206746233366,0.9999892346424321,8,1,2025-10-01
TRGP/IR,TRGP,IR,conservative,-398.0935842496019,-0.9838679827309618,-11.92206746233366,5.775841661503363e-15,8,1,2025-10-01
TRGP/IQV,TRGP,IQV,conservative,-562.3819788547231,-1.8897627116769091,-11.92206746233366,5.627902162264486e-07,8,1,2025-10-01
ODFL/WYNN,ODFL,WYNN,conservative,-462.5291375691005,-1.6230685073676503,-11.92206746233366,1.3632301571820109e-09,8,1,2025-10-01
AMCR/INTU,AMCR,INTU,kalman_aggressive,-1277.001738758407,-0.2587233036062639,-0.8337843071393714,8.613986744871829e-17,36,2,2025-11-07
AMCR/UHS,AMCR,UHS,kalman_aggressive,4457.209353358552,0.799694828624327,-0.8337843071393714,0.9999999906776983,30,2,2025-11-07
LRCX/TRMB,LRCX,TRMB,kalman_aggressive,6825.473446072227,0.7338233640957675,-0.8337843071393714,0.999999957531939,36,2,2025-11-07
LRCX/HCA,LRCX,HCA,kalman_aggressive,-3517.702315683778,-0.3449473277948733,-0.8337843071393714,4.7570054444198066e-11,32,2,2025-11-07
CSCO/REGN,CSCO,REGN,kalman_aggressive,-3694.831577994247,-0.5175057912811005,-0.8337843071393714,1.608761436026321e-08,42,2,2025-11-07
CSCO/LVS,CSCO,LVS,kalman_aggressive,-1960.107576815006,-0.4084001222188839,-0.8337843071393714,7.815552970633656e-27,36,2,2025-11-07
DVA/TYL,DVA,TYL,kalman_aggressive,-4692.920000000016,-1.0914505687670493,-0.8337843071393714,3.674241982445924e-24,30,2,2025-11-07
DVA/MKTX,DVA,MKTX,kalman_aggressive,-3029.163357165859,-0.40762297428880306,-0.8337843071393714,4.85236769079385e-16,32,2,2025-11-07
AKAM/JKHY,AKAM,JKHY,kalman_aggressive,-509.1929945615042,-0.1859393893220818,-0.8337843071393714,1.3138602261961738e-06,34,2,2025-11-07
AKAM/XYL,AKAM,XYL,kalman_aggressive,3796.289215743466,0.8876585883558006,-0.8337843071393714,0.9999994151896237,32,2,2025-11-07
BWA/CDW,BWA,CDW,kalman_aggressive,2082.61598118344,0.39848547554400315,-0.8337843071393714,0.9999744239589399,38,2,2025-11-07
BWA/FMC,BWA,FMC,kalman_aggressive,10470.70226627657,0.7735942917444639,-0.8337843071393714,0.9985787785296074,34,2,2025-11-07
TRGP/IR,TRGP,IR,kalman_aggressive,1893.944379597601,0.3816384526654626,-0.8337843071393714,0.9999996188120056,36,2,2025-11-07
TRGP/IQV,TRGP,IQV,kalman_aggressive,-7755.049741720295,-1.029152118702772,-0.8337843071393714,3.7063815288417414e-14,44,2,2025-11-07
ODFL/WYNN,ODFL,WYNN,kalman_aggressive,-1617.912458181991,-0.31234912163878364,-0.8337843071393714,4.271409788724626e-15,40,2,2025-11-07
AMCR/INTU,AMCR,INTU,monthly_aligned_windows,-3288.270315400857,-1.0193873099853172,-1.2638968075767614,1.766022481382765e-18,26,2,2025-11-07
AMCR/UHS,AMCR,UHS,monthly_aligned_windows,-1648.28368910553,-0.6333858478233976,-1.2638968075767614,1.7345294359020426e-20,26,2,2025-11-07
LRCX/TRMB,LRCX,TRMB,monthly_aligned_windows,4274.349322207321,1.2344072519070235,-1.2638968075767614,0.9999999546524658,26,2,2025-11-07
LRCX/HCA,LRCX,HCA,monthly_aligned_windows,-3310.152294952513,-1.0510130058225784,-1.2638968075767614,3.3196270045416924e-16,26,2,2025-11-07
CSCO/REGN,CSCO,REGN,monthly_aligned_windows,12445.81751066143,1.9366585125435798,-1.2638968075767614,0.9999996470853896,26,2,2025-11-07
CSCO/LVS,CSCO,LVS,monthly_aligned_windows,-3024.326941644756,-0.6994742985689623,-1.2638968075767614,8.682330343499403e-24,26,2,2025-11-07
DVA/TYL,DVA,TYL,monthly_aligned_windows,-1515.06,-0.7060282716749567,-1.2638968075767614,5.31082342937232e-19,24,2,2025-11-07
DVA/MKTX,DVA,MKTX,monthly_aligned_windows,-136.972493515063,-0.04679627560323149,-1.2638968075767614,0.0008106733627912229,24,2,2025-11-07
AKAM/JKHY,AKAM,JKHY,monthly_aligned_windows,-3427.172247669725,-0.769609152631971,-1.2638968075767614,3.0039700111259075e-08,26,2,2025-11-07
AKAM/XYL,AKAM,XYL,monthly_aligned_windows,-2108.940147431283,-0.7948633830608827,-1.2638968075767614,9.26695109463101e-10,26,2,2025-11-07
BWA/CDW,BWA,CDW,monthly_aligned_windows,-2747.738133950055,-1.4362538090430432,-1.2638968075767614,7.766588718565274e-23,26,2,2025-11-07
BWA/FMC,BWA,FMC,monthly_aligned_windows,2666.101701786196,0.8757708235352706,-1.2638968075767614,0.9999999999999749,26,2,2025-11-07
TRGP/IR,TRGP,IR,monthly_aligned_windows,1582.8643771827,0.45120416202744656,-1.2638968075767614,0.9999999961512445,24,2,2025-11-07
TRGP/IQV,TRGP,IQV,monthly_aligned_windows,4511.853549794219,1.2330245827837523,-1.2638968075767614,0.9999999984745592,26,2,2025-11-07
ODFL/WYNN,ODFL,WYNN,monthly_aligned_windows,3167.385600006217,0.5018320204938438,-1.2638968075767614,0.9998188527855981,26,2,2025-11-07
AMCR/INTU,AMCR,INTU,no_skip_month,-530.2499017569687,-0.2637431185921901,-1.34200389483953,7.736983250905406e-12,14,2,2025-11-07
AMCR/UHS,AMCR,UHS,no_skip_month,-698.1508798164757,-0.49455870408345465,-1.34200389483953,1.087992841896632e-12,14,2,2025-11-07
LRCX/TRMB,LRCX,TRMB,no_skip_month,3172.900172646871,1.1039455290234959,-1.34200389483953,0.9999710264902847,12,2,2025-11-07
LRCX/HCA,LRCX,HCA,no_skip_month,-321.8394923863243,-0.12786045124059314,-1.34200389483953,1.7214898416356577e-05,4,2,2025-11-07
CSCO/REGN,CSCO,REGN,no_skip_month,4989.252923821817,1.2199586162120273,-1.34200389483953,0.9999961748474531,20,2,2025-11-07
CSCO/LVS,CSCO,LVS,no_skip_month,1195.873368025535,0.7036917537860837,-1.34200389483953,0.9999762116945932,6,2,2025-11-07
DVA/TYL,DVA,TYL,no_skip_month,-1527.459999999995,-1.3452945875417404,-1.34200389483953,7.788292227007172e-05,8,2,2025-11-07
DVA/MKTX,DVA,MKTX,no_skip_month,-2295.873529098624,-0.715652183166561,-1.34200389483953,1.7549244595696054e-05,10,2,2025-11-07
AKAM/JKHY,AKAM,JKHY,no_skip_month,-260.7199137981913,-0.22038804823570324,-1.34200389483953,9.357144038453825e-09,6,2,2025-11-07
AKAM/XYL,AKAM,XYL,no_skip_month,-1672.585959620865,-0.7994304914886156,-1.34200389483953,9.700158606539217e-05,12,2,2025-11-07
BWA/CDW,BWA,CDW,no_skip_month,903.0602843524099,0.5802809785519198,-1.34200389483953,0.9999999972045167,14,2,2025-11-07
BWA/FMC,BWA,FMC,no_skip_month,-2143.732006539447,-0.5059606140306634,-1.34200389483953,0.00016119282260273495,14,2,2025-11-07
TRGP/IR,TRGP,IR,no_skip_month,-859.5369929632575,-0.9823914987312606,-1.34200389483953,1.4391309479289339e-11,10,2,2025-11-07
TRGP/IQV,TRGP,IQV,no_skip_month,12525.27773415645,1.9815187676644113,-1.34200389483953,0.9999777395739035,14,2,2025-11-07
ODFL/WYNN,ODFL,WYNN,no_skip_month,22.10941777204857,0.0138190239147164,-1.34200389483953,0.03405772948160658,10,2,2025-11-07
AMCR/INTU,AMCR,INTU,aggressive,-7264.148530827767,-0.8913479524528752,-1.3953143885683117,3.680530484246418e-17,36,2,2025-11-07
AMCR/UHS,AMCR,UHS,aggressive,2649.671440711236,0.3665968026332103,-1.3953143885683117,0.9998970884897194,28,2,2025-11-07
LRCX/TRMB,LRCX,TRMB,aggressive,5187.101453873831,0.535333876128606,-1.3953143885683117,0.9999998328374295,36,2,2025-11-07
LRCX/HCA,LRCX,HCA,aggressive,-2098.419856924323,-0.2646969644698143,-1.3953143885683117,2.873218294772773e-14,30,2,2025-11-07
CSCO/REGN,CSCO,REGN,aggressive,-9725.641342565172,-1.4178567075023694,-1.3953143885683117,3.352012969176617e-32,40,2,2025-11-07
CSCO/LVS,CSCO,LVS,aggressive,-4259.587764890582,-0.622975704546689,-1.3953143885683117,4.419400070176018e-39,32,2,2025-11-07
DVA/TYL,DVA,TYL,aggressive,-5479.180000000008,-1.0593598437300176,-1.3953143885683117,1.8896420790499563e-24,30,2,2025-11-07
DVA/MKTX,DVA,MKTX,aggressive,713.7113483346207,0.08711630824803081,-1.3953143885683117,0.37653032952696713,28,2,2025-11-07
AKAM/JKHY,AKAM,JKHY,aggressive,-3858.647155962758,-0.6919424699076484,-1.3953143885683117,8.575403255355117e-09,36,2,2025-11-07
AKAM/XYL,AKAM,XYL,aggressive,2653.741065965824,0.5141990594770813,-1.3953143885683117,0.9999988877643774,32,2,2025-11-07
BWA/CDW,BWA,CDW,aggressive,211.796412936551,0.03950768781949577,-1.3953143885683117,0.10392434111579629,38,2,2025-11-07
BWA/FMC,BWA,FMC,aggressive,-1269.502685692695,-0.11209347908047278,-1.3953143885683117,5.329850677927822e-10,36,2,2025-11-07
TRGP/IR,TRGP,IR,aggressive,3407.060116898698,0.592603179232502,-1.3953143885683117,0.9999999999991467,36,2,2025-11-07
TRGP/IQV,TRGP,IQV,aggressive,1297.975737962477,0.14801750133580568,-1.3953143885683117,0.8285541811678983,42,2,2025-11-07
ODFL/WYNN,ODFL,WYNN,aggressive,-153.1891482800279,-0.02556691718719374,-1.3953143885683117,0.004733310130423678,40,2,2025-11-07
AMCR/INTU,AMCR,INTU,long_term_kalman,2004.116309483665,0.47399945613122296,-1.485736562529203,0.9999947702365684,6,2,2025-11-07
AMCR/UHS,AMCR,UHS,long_term_kalman,167.364761355045,0.12873508207045947,-1.485736562529203,0.6709017799112702,8,2,2025-11-07
LRCX/TRMB,LRCX,TRMB,long_term_kalman,781.8125908707258,0.5440270895060372,-1.485736562529203,0.9999168981564468,4,2,2025-11-07
LRCX/HCA,LRCX,HCA,long_term_kalman,-1129.609599962275,-1.0834346957315946,-1.485736562529203,0.0005339070323634099,2,2,2025-11-07
CSCO/REGN,CSCO,REGN,long_term_kalman,-3083.418494785126,-1.2038009423802067,-1.485736562529203,3.698421601416363e-08,8,2,2025-11-07
CSCO/LVS,CSCO,LVS,long_term_kalman,697.4186139730346,0.3881889369337213,-1.485736562529203,0.9970172361182484,2,2,2025-11-07
DVA/TYL,DVA,TYL,long_term_kalman,-452.3799999999991,-0.6949943866771731,-1.485736562529203,1.3390792529093153e-12,4,2,2025-11-07
DVA/MKTX,DVA,MKTX,long_term_kalman,-685.3277106901489,-0.33301136304059775,-1.485736562529203,2.8179588647506527e-08,4,2,2025-11-07
AKAM/JKHY,AKAM,JKHY,long_term_kalman,49.32510150011844,0.13328136352244285,-1.485736562529203,0.7167523275810115,4,2,2025-11-07
AKAM/XYL,AKAM,XYL,long_term_kalman,-164.1136053104677,-0.16582697277430977,-1.485736562529203,3.6234480145698366e-09,8,2,2025-11-07
BWA/CDW,BWA,CDW,long_term_kalman,1058.200494229025,0.31930112582017395,-1.485736562529203,0.9991329686850938,8,2,2025-11-07
BWA/FMC,BWA,FMC,long_term_kalman,7592.227162732615,1.3293366050631585,-1.485736562529203,0.9850789618029923,6,2,2025-11-07
TRGP/IR,TRGP,IR,long_term_kalman,-2.722853541406721,-0.00199863784350139,-1.485736562529203,0.01657832602905271,8,2,2025-11-07
TRGP/IQV,TRGP,IQV,long_term_kalman,2710.0719527048,0.9117784533470554,-1.485736562529203,0.9999998773122399,16,2,2025-11-07
ODFL/WYNN,ODFL,WYNN,long_term_kalman,1174.968790167707,0.5725589093256749,-1.485736562529203,0.9999994711842995,6,2,2025-11-07
AMCR/INTU,AMCR,INTU,slow_rebalance,-879.6596468919608,-0.4616646064118785,-1.6235915410508048,3.5405029079648855e-07,10,2,2025-11-07
AMCR/UHS,AMCR,UHS,slow_rebalance,716.0050029723276,0.6027069558915099,-1.6235915410508048,0.9999998717916364,12,2,2025-11-07
LRCX/TRMB,LRCX,TRMB,slow_rebalance,2661.577275828092,1.3390736087752546,-1.6235915410508048,0.9999999215379511,4,2,2025-11-07
LRCX/HCA,LRCX,HCA,slow_rebalance,948.1403703953745,0.5652006350983378,-1.6235915410508048,0.9983063891223829,2,2,2025-11-07
CSCO/REGN,CSCO,REGN,slow_rebalance,-2185.759402026623,-0.7930120437644778,-1.6235915410508048,3.0946921985384147e-12,12,2,2025-11-07
CSCO/LVS,CSCO,LVS,slow_rebalance,56.05099151811356,0.03906172600342921,-1.6235915410508048,0.11581401231569943,6,2,2025-11-07
DVA/TYL,DVA,TYL,slow_rebalance,-295.6500000000005,-1.0145571385809924,-1.6235915410508048,5.5562875420340074e-05,4,2,2025-11-07
DVA/MKTX,DVA,MKTX,slow_rebalance,-1087.255883350168,-0.4933226852648834,-1.6235915410508048,3.298362617027919e-09,6,2,2025-11-07
AKAM/JKHY,AKAM,JKHY,slow_rebalance,-15.48694131815481,-0.06615377877798585,-1.6235915410508048,0.0007997332041481689,4,2,2025-11-07
AKAM/XYL,AKAM,XYL,slow_rebalance,386.2914949522896,0.33343994047809145,-1.6235915410508048,0.9993204393841548,10,2,2025-11-07
BWA/CDW,BWA,CDW,slow_rebalance,1097.026225351871,0.34961557518814623,-1.6235915410508048,0.999085553540845,10,2,2025-11-07
BWA/FMC,BWA,FMC,slow_rebalance,7798.243288492413,1.3092020686283425,-1.6235915410508048,0.9873705601695631,8,2,2025-11-07
TRGP/IR,TRGP,IR,slow_rebalance,-650.9331426716756,-0.42181758984321155,-1.6235915410508048,2.073640532939948e-19,8,2,2025-11-07
TRGP/IQV,TRGP,IQV,slow_rebalance,-1280.260843910402,-0.5140126642079503,-1.6235915410508048,6.282740568627975e-07,12,2,2025-11-07
ODFL/WYNN,ODFL,WYNN,slow_rebalance,2112.644168638083,0.9981018040613272,-1.6235915410508048,1.0,6,2,2025-11-07
AMCR/INTU,AMCR,INTU,let_profits_run,-708.0091869011812,-0.3676387772277726,-1.7841257921947744,7.99048168822638e-09,8,2,2025-11-07
AMCR/UHS,AMCR,UHS,let_profits_run,73.69319965843297,0.06773724822514564,-1.7841257921947744,0.227415403331094,12,2,2025-11-07
LRCX/TRMB,LRCX,TRMB,let_profits_run,1532.439999999998,1.383856002328239,-1.7841257921947744,0.9999999996420736,2,2,2025-11-07
LRCX/HCA,LRCX,HCA,let_profits_run,198.8138222266866,0.09584433677749646,-1.7841257921947744,0.4309469654440289,4,2,2025-11-07
CSCO/REGN,CSCO,REGN,let_profits_run,-2655.589945344615,-0.9403004682076902,-1.7841257921947744,2.685734740748888e-12,10,2,2025-11-07
CSCO/LVS,CSCO,LVS,let_profits_run,-112.7838028370704,-0.053551759318423695,-1.7841257921947744,0.0003147197164452201,4,2,2025-11-07
DVA/TYL,DVA,TYL,let_profits_run,109.6200000000019,0.7907655617800203,-1.7841257921947744,0.9760690617475076,2,2,2025-11-07
DVA/MKTX,DVA,MKTX,let_profits_run,-1257.382062289993,-0.5699094155336251,-1.7841257921947744,7.88080392180861e-09,6,2,2025-11-07
AKAM/JKHY,AKAM,JKHY,let_profits_run,48.08125016349534,0.13111206691358435,-1.7841257921947744,0.7033472754705685,4,2,2025-11-07
AKAM/XYL,AKAM,XYL,let_profits_run,582.4042336668567,0.492173558967969,-1.7841257921947744,0.9999875987992425,8,2,2025-11-07
BWA/CDW,BWA,CDW,let_profits_run,307.4924521088892,0.09981095499368559,-1.7841257921947744,0.4680630803728907,8,2,2025-11-07
BWA/FMC,BWA,FMC,let_profits_run,7498.550732386183,1.3080199544962678,-1.7841257921947744,0.9875255277947109,6,2,2025-11-07
TRGP/IR,TRGP,IR,let_profits_run,328.9146072514785,0.24785754436815893,-1.7841257921947744,0.9877250125170622,8,2,2025-11-07
TRGP/IQV,TRGP,IQV,let_profits_run,3150.031196887217,1.0070902897121334,-1.7841257921947744,0.999999992533653,16,2,2025-11-07
ODFL/WYNN,ODFL,WYNN,let_profits_run,239.1825445486737,0.10179060725961403,-1.7841257921947744,0.48270966614370897,8,2,2025-11-07
AMCR/INTU,AMCR,INTU,no_reversal_protection,-772.318961309464,-0.3874341357134116,-1.8362974807238,8.328353721941677e-11,12,2,2025-11-07
AMCR/UHS,AMCR,UHS,no_reversal_protection,734.6723508639485,0.47223950527522945,-1.8362974807238,0.9999999371101734,12,2,2025-11-07
LRCX/TRMB,LRCX,TRMB,no_reversal_protection,3030.472406579243,1.7823806948698442,-1.8362974807238,0.9999999999999968,6,2,2025-11-07
LRCX/HCA,LRCX,HCA,no_reversal_protection,-75.0288496437039,-0.03034313705213623,-1.8362974807238,0.003308057945244982,4,2,2025-11-07
CSCO/REGN,CSCO,REGN,no_reversal_protection,157.5881791140897,0.036154141438843324,-1.8362974807238,0.07696315257937422,16,2,2025-11-07
CSCO/LVS,CSCO,LVS,no_reversal_protection,1170.715782246555,0.7000456235807719,-1.8362974807238,0.9999734120827181,6,2,2025-11-07
DVA/TYL,DVA,TYL,no_reversal_protection,-118.71,-0.24822523001410662,-1.8362974807238,1.393085757334197e-07,4,2,2025-11-07
DVA/MKTX,DVA,MKTX,no_reversal_protection,757.0478190298202,0.4880786437912443,-1.8362974807238,0.9997893008238967,6,2,2025-11-07
AKAM/JKHY,AKAM,JKHY,no_reversal_protection,-290.2115473274708,-0.2503024818944765,-1.8362974807238,1.3245667726445597e-09,4,2,2025-11-07
AKAM/XYL,AKAM,XYL,no_reversal_protection,-141.3720080210219,-0.12854481203267887,-1.8362974807238,5.9738802371346925e-05,8,2,2025-11-07
BWA/CDW,BWA,CDW,no_reversal_protection,633.9568148319096,0.3804284487986126,-1.8362974807238,0.9999966891668738,12,2,2025-11-07
BWA/FMC,BWA,FMC,no_reversal_protection,5857.169371631649,0.9814235643528194,-1.8362974807238,0.9865457725254987,10,2,2025-11-07
TRGP/IR,TRGP,IR,no_reversal_protection,-782.4171712662185,-0.5422347539828024,-1.8362974807238,3.0899307067895627e-18,6,2,2025-11-07
TRGP/IQV,TRGP,IQV,no_reversal_protection,-3464.950405437211,-0.8488562949972079,-1.8362974807238,5.6602612279132795e-05,8,2,2025-11-07
ODFL/WYNN,ODFL,WYNN,no_reversal_protection,-551.606864050372,-0.2818063033923353,-1.8362974807238,1.2245938887738618e-10,8,2,2025-11-07
AMCR/INTU,AMCR,INTU,crash_tolerant,-624.6827783695752,-0.16149964796976643,-1.936822679084477,1.8611992681500554e-13,12,2,2025-11-07
AMCR/UHS,AMCR,UHS,crash_tolerant,-121.2092150849724,-0.047637470375057236,-1.936822679084477,0.0014087116552123004,12,2,2025-11-07
LRCX/TRMB,LRCX,TRMB,crash_tolerant,3312.094813158497,1.1276960982216182,-1.936822679084477,0.9999999994901994,8,2,2025-11-07
LRCX/HCA,LRCX,HCA,crash_tolerant,-338.1340910491183,-0.0684612063176341,-1.936822679084477,0.0003336231089695765,4,2,2025-11-07
CSCO/REGN,CSCO,REGN,crash_tolerant,-1937.173256148471,-0.47594364899295216,-1.936822679084477,2.0179672316772374e-25,16,2,2025-11-07
CSCO/LVS,CSCO,LVS,crash_tolerant,2336.623295398123,0.6982845272051006,-1.936822679084477,0.9999720522870248,6,2,2025-11-07
DVA/TYL,DVA,TYL,crash_tolerant,-124.0900000000007,-0.14010822531508982,-1.936822679084477,3.660298551587219e-05,4,2,2025-11-07
DVA/MKTX,DVA,MKTX,crash_tolerant,1823.955095913533,0.5897788941832304,-1.936822679084477,0.9998868857366745,6,2,2025-11-07
AKAM/JKHY,AKAM,JKHY,crash_tolerant,349.1919730445122,0.16876184141756737,-1.936822679084477,0.8014910388920793,4,2,2025-11-07
AKAM/XYL,AKAM,XYL,crash_tolerant,74.7651237726435,0.03452087973930296,-1.936822679084477,0.07828396888514845,8,2,2025-11-07
BWA/CDW,BWA,CDW,crash_tolerant,2010.344971630877,0.6393158163561214,-1.936822679084477,0.9999999999166713,12,2,2025-11-07
BWA/FMC,BWA,FMC,crash_tolerant,362.838690192817,0.1155581815717459,-1.936822679084477,0.5842892670965871,12,2,2025-11-07
TRGP/IR,TRGP,IR,crash_tolerant,-2396.486031093293,-1.0217698127961532,-1.936822679084477,2.9884032655162307e-16,8,2,2025-11-07
TRGP/IQV,TRGP,IQV,crash_tolerant,-3212.732416982225,-1.0389029840920034,-1.936822679084477,3.6027598373642826e-09,12,2,2025-11-07
ODFL/WYNN,ODFL,WYNN,crash_tolerant,-183.2560678326417,-0.05795805392103669,-1.936822679084477,0.001060153541811577,8,2,2025-11-07
AMCR/INTU,AMCR,INTU,weekly_aligned_windows,-6684.035918992689,-1.721554178180922,-2.1539800097767534,3.5070166029775813e-09,72,2,2025-11-07
AMCR/UHS,AMCR,UHS,weekly_aligned_windows,-371.8482326983781,-0.1185060759518118,-2.1539800097767534,5.027016741046517e-06,64,2,2025-11-07
LRCX/TRMB,LRCX,TRMB,weekly_aligned_windows,1843.790711347336,0.534995428614316,-2.1539800097767534,0.9999999999967308,74,2,2025-11-07
LRCX/HCA,LRCX,HCA,weekly_aligned_windows,-922.1942900732045,-0.15345516409190854,-2.1539800097767534,9.34525833985854e-10,68,2,2025-11-07
CSCO/REGN,CSCO,REGN,weekly_aligned_windows,139.6978372121957,0.02810450045205011,-2.1539800097767534,0.07782143538497147,70,2,2025-11-07
CSCO/LVS,CSCO,LVS,weekly_aligned_windows,991.8514779644642,0.2927676833846753,-2.1539800097767534,0.998230708255523,64,2,2025-11-07
DVA/TYL,DVA,TYL,weekly_aligned_windows,-4229.049999999992,-1.4192837613007512,-2.1539800097767534,1.1176634385762824e-40,58,2,2025-11-07
DVA/MKTX,DVA,MKTX,weekly_aligned_windows,-1298.20514284762,-0.256393943196965,-2.1539800097767534,1.407750019786371e-16,64,2,2025-11-07
AKAM/JKHY,AKAM,JKHY,weekly_aligned_windows,-4462.916049879645,-1.7808291810510384,-2.1539800097767534,1.1036608787090055e-13,66,2,2025-11-07
AKAM/XYL,AKAM,XYL,weekly_aligned_windows,-3011.212085079722,-0.9222993099721453,-2.1539800097767534,3.488601252729987e-10,58,2,2025-11-07
BWA/CDW,BWA,CDW,weekly_aligned_windows,-853.8429018202797,-0.3385541064995869,-2.1539800097767534,7.229944225897132e-18,76,2,2025-11-07
BWA/FMC,BWA,FMC,weekly_aligned_windows,2041.349263421592,0.2714101073507524,-2.1539800097767534,0.9871403133622922,72,2,2025-11-07
TRGP/IR,TRGP,IR,weekly_aligned_windows,-691.2807665870664,-0.15844002881456626,-2.1539800097767534,3.1636652316820095e-07,82,2,2025-11-07
TRGP/IQV,TRGP,IQV,weekly_aligned_windows,3417.225892761941,0.6979642041659889,-2.1539800097767534,0.9999999117256907,72,2,2025-11-07
ODFL/WYNN,ODFL,WYNN,weekly_aligned_windows,3527.63535689378,0.8584440919949035,-2.1539800097767534,1.0,70,2,2025-11-07
AMCR/INTU,AMCR,INTU,beta_neutral_long_term,1145.767966861536,0.5996791793460663,-2.477533049658258,0.9999999993429687,6,2,2025-11-07
AMCR/UHS,AMCR,UHS,beta_neutral_long_term,722.5444651306327,0.3537927300485892,-2.477533049658258,0.9999115031565777,8,2,2025-11-07
LRCX/TRMB,LRCX,TRMB,beta_neutral_long_term,1340.956473186184,0.5788041847164783,-2.477533049658258,0.9993255274430938,4,2,2025-11-07
LRCX/HCA,LRCX,HCA,beta_neutral_long_term,-1155.740672251793,-1.0782400108798225,-2.477533049658258,0.0002575446065571406,2,2,2025-11-07
CSCO/REGN,CSCO,REGN,beta_neutral_long_term,-2935.177159340182,-0.9783199472553038,-2.477533049658258,2.2576218163574193e-11,8,2,2025-11-07
CSCO/LVS,CSCO,LVS,beta_neutral_long_term,1067.247889950974,0.6955787739310629,-2.477533049658258,0.994031519489407,4,2,2025-11-07
DVA/TYL,DVA,TYL,beta_neutral_long_term,-253.8099999999988,-0.3711369376729381,-2.477533049658258,5.440776598925929e-10,4,2,2025-11-07
DVA/MKTX,DVA,MKTX,beta_neutral_long_term,-1298.551622153688,-0.5004539109223382,-2.477533049658258,0.00016948269934261853,4,2,2025-11-07
AKAM/JKHY,AKAM,JKHY,beta_neutral_long_term,38.17277364242904,0.12942351761015072,-2.477533049658258,0.7106620752126693,4,2,2025-11-07
AKAM/XYL,AKAM,XYL,beta_neutral_long_term,-691.3962245885788,-0.44605551362064516,-2.477533049658258,1.7508927977651226e-15,8,2,2025-11-07
BWA/CDW,BWA,CDW,beta_neutral_long_term,1304.0542854928,0.41804063972049804,-2.477533049658258,0.9999898655263135,8,2,2025-11-07
BWA/FMC,BWA,FMC,beta_neutral_long_term,1738.420034115446,0.6951702096069438,-2.477533049658258,0.9999991693644391,8,2,2025-11-07
TRGP/IR,TRGP,IR,beta_neutral_long_term,-1039.347512500166,-0.34061239489663514,-2.477533049658258,1.0419855562752183e-19,8,2,2025-11-07
TRGP/IQV,TRGP,IQV,beta_neutral_long_term,524.2830045171448,0.1329374103172704,-2.477533049658258,0.6878663205998934,16,2,2025-11-07
ODFL/WYNN,ODFL,WYNN,beta_neutral_long_term,385.0233105615422,0.1627753372175162,-2.477533049658258,0.8541612724203194,6,2,2025-11-07
AMCR/INTU,AMCR,INTU,trend_leverage,66.3806045304691,0.022547973896749316,-2.486109007702917,0.06759439269464688,12,2,2025-11-07
AMCR/UHS,AMCR,UHS,trend_leverage,-97.83754784498578,-0.051525001661273155,-2.486109007702917,0.0011178157129088848,12,2,2025-11-07
LRCX/TRMB,LRCX,TRMB,trend_leverage,2483.908609868875,1.1284586522555136,-2.486109007702917,0.9999999995060571,8,2,2025-11-07
LRCX/HCA,LRCX,HCA,trend_leverage,-565.1396035530164,-0.15232811386244613,-2.486109007702917,6.7323004298074076e-06,4,2,2025-11-07
CSCO/REGN,CSCO,REGN,trend_leverage,-3406.011727153542,-0.8439209795788847,-2.486109007702917,6.098683382998078e-11,16,2,2025-11-07
CSCO/LVS,CSCO,LVS,trend_leverage,1754.221267705372,0.6991171341736556,-2.486109007702917,0.9999725798135374,6,2,2025-11-07
DVA/TYL,DVA,TYL,trend_leverage,-94.14000000000055,-0.1427702784683006,-2.486109007702917,3.215523314630103e-05,4,2,2025-11-07
DVA/MKTX,DVA,MKTX,trend_leverage,1364.078592606812,0.588649710601127,-2.486109007702917,0.9998836743549125,6,2,2025-11-07
AKAM/JKHY,AKAM,JKHY,trend_leverage,262.9602128585188,0.16995185231324475,-2.486109007702917,0.8049764257221899,4,2,2025-11-07
AKAM/XYL,AKAM,XYL,trend_leverage,54.47321670584824,0.03355173466150622,-2.486109007702917,0.07549583840965217,8,2,2025-11-07
BWA/CDW,BWA,CDW,trend_leverage,1515.897212605307,0.6450698471983904,-2.486109007702917,0.9999999999328495,12,2,2025-11-07
BWA/FMC,BWA,FMC,trend_leverage,1829.004721396853,0.6677703286295507,-2.486109007702917,0.9999999947927468,12,2,2025-11-07
TRGP/IR,TRGP,IR,trend_leverage,-1798.910951305967,-1.0231369175472744,-2.486109007702917,3.183869514415799e-16,8,2,2025-11-07
TRGP/IQV,TRGP,IQV,trend_leverage,-1708.659007182951,-0.9045977844666744,-2.486109007702917,6.092473665849705e-17,12,2,2025-11-07
ODFL/WYNN,ODFL,WYNN,trend_leverage,-135.3324024421888,-0.057162148541861815,-2.486109007702917,0.001105586659921163,8,2,2025-11-07
AMCR/INTU,AMCR,INTU,long_term_tilt,588.8526661303015,0.48174654735420686,-2.5182696012684653,0.9999991205288269,6,2,2025-11-07
AMCR/UHS,AMCR,UHS,long_term_tilt,1744.707765410927,1.1392719160880533,-2.5182696012684653,0.999999995146014,8,2,2025-11-07
LRCX/TRMB,LRCX,TRMB,long_term_tilt,772.5278964875611,0.5359140049285406,-2.5182696012684653,0.999893911879952,4,2,2025-11-07
LRCX/HCA,LRCX,HCA,long_term_tilt,-1139.628782641496,-1.0838287732135248,-2.5182696012684653,0.0006073449075905306,2,2,2025-11-07
CSCO/REGN,CSCO,REGN,long_term_tilt,-2416.785587161666,-0.9616531806233785,-2.5182696012684653,2.7845825588654074e-08,8,2,2025-11-07
CSCO/LVS,CSCO,LVS,long_term_tilt,62.26792133118386,0.034718510491483376,-2.5182696012684653,0.09611087850724037,4,2,2025-11-07
DVA/TYL,DVA,TYL,long_term_tilt,-447.939999999999,-0.6905499933417135,-2.5182696012684653,1.4251926425124373e-12,4,2,2025-11-07
DVA/MKTX,DVA,MKTX,long_term_tilt,-654.5377106901474,-0.321853583799674,-2.5182696012684653,2.9654072947738582e-08,4,2,2025-11-07
AKAM/JKHY,AKAM,JKHY,long_term_tilt,-87.02361377892416,-0.21348021479585194,-2.5182696012684653,4.471359181054276e-07,4,2,2025-11-07
AKAM/XYL,AKAM,XYL,long_term_tilt,-251.0791923662021,-0.25497237556515584,-2.5182696012684653,4.991289620288037e-12,8,2,2025-11-07
BWA/CDW,BWA,CDW,long_term_tilt,1211.40765045168,0.362265450340894,-2.5182696012684653,0.9998015274079255,8,2,2025-11-07
BWA/FMC,BWA,FMC,long_term_tilt,3722.203147924569,1.803708206628501,-2.5182696012684653,0.9999999999999973,8,2,2025-11-07
TRGP/IR,TRGP,IR,long_term_tilt,19.67547223664712,0.014814281911978849,-2.5182696012684653,0.039935803846361896,8,2,2025-11-07
TRGP/IQV,TRGP,IQV,long_term_tilt,2520.597212861164,0.8658100121884763,-2.5182696012684653,0.999999662319482,16,2,2025-11-07
ODFL/WYNN,ODFL,WYNN,long_term_tilt,742.2118463577517,0.33257608796090987,-2.5182696012684653,0.999713586741455,6,2,2025-11-07
AMCR/INTU,AMCR,INTU,short_term_beta_neutral,232.8320174727928,0.09977333973062005,-3.1548626848978283,0.47904124718872987,14,2,2025-11-07
AMCR/UHS,AMCR,UHS,short_term_beta_neutral,29.72798666723992,0.013590154338912903,-3.1548626848978283,0.034917677803931194,18,2,2025-11-07
LRCX/TRMB,LRCX,TRMB,short_term_beta_neutral,1058.051684776177,0.3971932853266177,-3.1548626848978283,0.9993304819175869,12,2,2025-11-07
LRCX/HCA,LRCX,HCA,short_term_beta_neutral,530.0575056046578,0.32379140703594067,-3.1548626848978283,0.9945597963041894,8,2,2025-11-07
CSCO/REGN,CSCO,REGN,short_term_beta_neutral,-813.1778475381823,-0.4027059060146183,-3.1548626848978283,3.827353769536419e-15,14,2,2025-11-07
CSCO/LVS,CSCO,LVS,short_term_beta_neutral,-385.3219685989934,-0.23801233994531673,-3.1548626848978283,1.762273526871273e-13,12,2,2025-11-07
DVA/TYL,DVA,TYL,short_term_beta_neutral,-731.510000000003,-0.8370535598871651,-3.1548626848978283,9.37371426730428e-19,8,2,2025-11-07
DVA/MKTX,DVA,MKTX,short_term_beta_neutral,245.8317964286516,0.1388577380418918,-3.1548626848978283,0.7184357114761682,8,2,2025-11-07
AKAM/JKHY,AKAM,JKHY,short_term_beta_neutral,630.0481559005849,0.6863269368574527,-3.1548626848978283,0.9999999973916279,10,2,2025-11-07
AKAM/XYL,AKAM,XYL,short_term_beta_neutral,-1805.507384312129,-1.0692158986069404,-3.1548626848978283,1.2707276275224497e-09,18,2,2025-11-07
BWA/CDW,BWA,CDW,short_term_beta_neutral,-20.3515966202973,-0.015118306679354385,-3.1548626848978283,0.006674496734880057,14,2,2025-11-07
BWA/FMC,BWA,FMC,short_term_beta_neutral,2685.326376691695,0.8942080767667526,-3.1548626848978283,0.9999999855770695,16,2,2025-11-07
TRGP/IR,TRGP,IR,short_term_beta_neutral,-1282.517790322257,-0.8733158430418528,-3.1548626848978283,4.190358164584706e-12,12,2,2025-11-07
TRGP/IQV,TRGP,IQV,short_term_beta_neutral,-2852.153219922126,-0.49709353154247693,-3.1548626848978283,2.3329515219241813e-06,16,2,2025-11-07
ODFL/WYNN,ODFL,WYNN,short_term_beta_neutral,-962.2797802845787,-0.4881059249041015,-3.1548626848978283,8.39209771192693e-13,16,2,2025-11-07
AMCR/INTU,AMCR,INTU,entry_filter_kalman,569.7052214169995,0.2743843015050408,-3.1934428674407416,0.9336362047293083,10,2,2025-11-07
AMCR/UHS,AMCR,UHS,entry_filter_kalman,2007.091173868939,1.1974122579392108,-3.1934428674407416,0.999999999892389,10,2,2025-11-07
LRCX/TRMB,LRCX,TRMB,entry_filter_kalman,2012.508509057839,1.3977082962567369,-3.1934428674407416,0.9999999974766847,8,2,2025-11-07
LRCX/HCA,LRCX,HCA,entry_filter_kalman,-378.4413506002315,-0.15503357726034817,-3.1934428674407416,6.0189829885183105e-06,4,2,2025-11-07
CSCO/REGN,CSCO,REGN,entry_filter_kalman,-2782.410508461687,-1.0227481778659369,-3.1934428674407416,1.669852089912046e-10,16,2,2025-11-07
CSCO/LVS,CSCO,LVS,entry_filter_kalman,-392.3606865655547,-0.19955585590737063,-3.1934428674407416,7.459685999258068e-13,6,2,2025-11-07
DVA/TYL,DVA,TYL,entry_filter_kalman,-62.07999999999865,-0.1440904160659203,-3.1934428674407416,3.010166554504621e-05,4,2,2025-11-07
DVA/MKTX,DVA,MKTX,entry_filter_kalman,-733.4744342626165,-0.3394375954400489,-3.1934428674407416,9.010466387114001e-10,6,2,2025-11-07
AKAM/JKHY,AKAM,JKHY,entry_filter_kalman,179.3641253439386,0.17643426454461594,-3.1934428674407416,0.8245681819859405,4,2,2025-11-07
AKAM/XYL,AKAM,XYL,entry_filter_kalman,-316.3184690914089,-0.29360293377289887,-3.1934428674407416,1.5367708269507156e-06,6,2,2025-11-07
BWA/CDW,BWA,CDW,entry_filter_kalman,2060.412253802865,1.2341654367127368,-3.1934428674407416,0.9999999999999994,10,2,2025-11-07
BWA/FMC,BWA,FMC,entry_filter_kalman,1476.582393755956,0.8518756766042285,-3.1934428674407416,0.9999999970054252,10,2,2025-11-07
TRGP/IR,TRGP,IR,entry_filter_kalman,-783.8709455477299,-0.7516519272323268,-3.1934428674407416,2.1772032261109737e-17,6,2,2025-11-07
TRGP/IQV,TRGP,IQV,entry_filter_kalman,-1765.25384372349,-0.7773586540288899,-3.1934428674407416,0.00020246984204102706,10,2,2025-11-07
ODFL/WYNN,ODFL,WYNN,entry_filter_kalman,-64.8877043632865,-0.03322465607094308,-3.1934428674407416,0.0030020767993358915,8,2,2025-11-07
AMCR/INTU,AMCR,INTU,entry_threshold_strong,571.498433699073,0.2752583781994629,-3.2108742963209584,0.9342277501858658,10,2,2025-11-07
AMCR/UHS,AMCR,UHS,entry_threshold_strong,2015.170497929266,1.1942456651253188,-3.2108742963209584,0.9999999998954449,10,2,2025-11-07
LRCX/TRMB,LRCX,TRMB,entry_threshold_strong,1956.90240657925,1.3985903737437975,-3.2108742963209584,0.9999999983529629,8,2,2025-11-07
LRCX/HCA,LRCX,HCA,entry_threshold_strong,-377.7186307211809,-0.15335987293817213,-3.2108742963209584,6.093501017644821e-06,4,2,2025-11-07
CSCO/REGN,CSCO,REGN,entry_threshold_strong,-2786.530901460457,-1.024994499223241,-3.2108742963209584,1.7911383636874027e-10,16,2,2025-11-07
CSCO/LVS,CSCO,LVS,entry_threshold_strong,-425.6485034244503,-0.21320893679749722,-3.2108742963209584,1.4561218576745973e-13,6,2,2025-11-07
DVA/TYL,DVA,TYL,entry_threshold_strong,-62.07999999999865,-0.1440904160659203,-3.2108742963209584,3.010166554504621e-05,4,2,2025-11-07
DVA/MKTX,DVA,MKTX,entry_threshold_strong,-677.5134016319306,-0.31457651862033864,-3.2108742963209584,1.1954096219220425e-09,6,2,2025-11-07
AKAM/JKHY,AKAM,JKHY,entry_threshold_strong,185.0841253439386,0.17998881226340543,-3.2108742963209584,0.8329602152300153,4,2,2025-11-07
AKAM/XYL,AKAM,XYL,entry_threshold_strong,-318.8912626192761,-0.29299030319434455,-3.2108742963209584,1.8114948294923745e-06,6,2,2025-11-07
BWA/CDW,BWA,CDW,entry_threshold_strong,2038.803959418629,1.2221641060754593,-3.2108742963209584,0.9999999999999992,10,2,2025-11-07
BWA/FMC,BWA,FMC,entry_threshold_strong,1332.916884871219,0.7492640817469081,-3.2108742963209584,0.9999999958543788,10,2,2025-11-07
TRGP/IR,TRGP,IR,entry_threshold_strong,-773.9045399900658,-0.7488601121209193,-3.2108742963209584,2.389386452863356e-17,6,2,2025-11-07
TRGP/IQV,TRGP,IQV,entry_threshold_strong,-1765.470249611583,-0.778777115187317,-3.2108742963209584,0.00020900154768417622,10,2,2025-11-07
ODFL/WYNN,ODFL,WYNN,entry_threshold_strong,-83.19583136191807,-0.04269145189569708,-3.2108742963209584,0.001675940220567443,8,2,2025-11-07
AMCR/INTU,AMCR,INTU,fast_rebalance,-339.050354817946,-0.2035606834167063,-3.233359693594662,9.08063365339859e-12,12,2,2025-11-07
AMCR/UHS,AMCR,UHS,fast_rebalance,-812.6053729535039,-0.5574534159399364,-3.233359693594662,4.721601062944405e-13,16,2,2025-11-07
LRCX/TRMB,LRCX,TRMB,fast_rebalance,1964.393590540443,1.4767332522911332,-3.233359693594662,0.9999999996886382,8,2,2025-11-07
LRCX/HCA,LRCX,HCA,fast_rebalance,1667.14701720204,0.3370431781336978,-3.233359693594662,0.9998853366466107,8,2,2025-11-07
CSCO/REGN,CSCO,REGN,fast_rebalance,84.61094292525195,0.050445474090353326,-3.233359693594662,0.16044694249196279,12,2,2025-11-07
CSCO/LVS,CSCO,LVS,fast_rebalance,1044.980223402472,0.7070285861610022,-3.233359693594662,0.9999999985391408,10,2,2025-11-07
DVA/TYL,DVA,TYL,fast_rebalance,-799.3200000000022,-1.1695601662899053,-3.233359693594662,2.5418925984806923e-08,8,2,2025-11-07
DVA/MKTX,DVA,MKTX,fast_rebalance,152.4920141954498,0.10995426276706262,-3.233359693594662,0.5491325681032518,6,2,2025-11-07
AKAM/JKHY,AKAM,JKHY,fast_rebalance,-1666.021241293389,-0.96830868439126,-3.233359693594662,1.6681733993711065e-09,8,2,2025-11-07
AKAM/XYL,AKAM,XYL,fast_rebalance,-583.94238279629,-0.5206078693832938,-3.233359693594662,1.0659868362651854e-08,16,2,2025-11-07
BWA/CDW,BWA,CDW,fast_rebalance,306.0698891914678,0.2646394069550133,-3.233359693594662,0.9865362086737112,12,2,2025-11-07
BWA/FMC,BWA,FMC,fast_rebalance,2936.102669686753,1.2356689234526264,-3.233359693594662,0.9999999917896132,16,2,2025-11-07
TRGP/IR,TRGP,IR,fast_rebalance,-1917.13491246213,-1.2703837561287998,-3.233359693594662,1.695966881722653e-07,10,2,2025-11-07
TRGP/IQV,TRGP,IQV,fast_rebalance,-383.5117518082297,-0.2555380476969355,-3.233359693594662,1.7105684044700044e-12,10,2,2025-11-07
ODFL/WYNN,ODFL,WYNN,fast_rebalance,406.7233963653866,0.18844043295187388,-3.233359693594662,0.9338273568891818,18,2,2025-11-07
AMCR/INTU,AMCR,INTU,short_term_tilt,-338.9020915943931,-0.2034766591926872,-3.311448071318428,8.986077712825363e-12,12,2,2025-11-07
AMCR/UHS,AMCR,UHS,short_term_tilt,-1128.271633432547,-0.8073703333769628,-3.311448071318428,1.9618289106058093e-13,16,2,2025-11-07
LRCX/TRMB,LRCX,TRMB,short_term_tilt,1964.393590540443,1.4767332522911332,-3.311448071318428,0.9999999996886382,8,2,2025-11-07
LRCX/HCA,LRCX,HCA,short_term_tilt,1667.14701720204,0.3370431781336978,-3.311448071318428,0.9998853366466107,8,2,2025-11-07
CSCO/REGN,CSCO,REGN,short_term_tilt,84.61094292525195,0.050445474090353326,-3.311448071318428,0.16044694249196279,12,2,2025-11-07
CSCO/LVS,CSCO,LVS,short_term_tilt,1044.980223402472,0.7070285861610022,-3.311448071318428,0.9999999985391408,10,2,2025-11-07
DVA/TYL,DVA,TYL,short_term_tilt,-803.0500000000022,-1.2216053220552583,-3.311448071318428,1.755923086396914e-07,8,2,2025-11-07
DVA/MKTX,DVA,MKTX,short_term_tilt,152.4920141954498,0.10995426276706262,-3.311448071318428,0.5491325681032518,6,2,2025-11-07
AKAM/JKHY,AKAM,JKHY,short_term_tilt,-1774.345845993998,-1.0266506219949383,-3.311448071318428,1.971678940437983e-09,10,2,2025-11-07
AKAM/XYL,AKAM,XYL,short_term_tilt,-582.39238279629,-0.5192724122033422,-3.311448071318428,1.0735691251591978e-08,16,2,2025-11-07
BWA/CDW,BWA,CDW,short_term_tilt,306.0698891914678,0.2646394069550133,-3.311448071318428,0.9865362086737112,12,2,2025-11-07
BWA/FMC,BWA,FMC,short_term_tilt,2933.023218262922,1.2342636065622983,-3.311448071318428,0.9999999918129462,16,2,2025-11-07
TRGP/IR,TRGP,IR,short_term_tilt,-1917.13491246213,-1.2703837561287998,-3.311448071318428,1.695966881722653e-07,10,2,2025-11-07
TRGP/IQV,TRGP,IQV,short_term_tilt,-383.5117518082297,-0.2555380476969355,-3.311448071318428,1.7105684044700044e-12,10,2,2025-11-07
ODFL/WYNN,ODFL,WYNN,short_term_tilt,406.7233963653866,0.18844043295187388,-3.311448071318428,0.9338273568891818,18,2,2025-11-07
AMCR/INTU,AMCR,INTU,sensitive_reversal,813.9575867958837,0.40895062839675017,-3.5593119253232977,0.9809437729040442,12,2,2025-11-07
AMCR/UHS,AMCR,UHS,sensitive_reversal,-407.7088082635493,-0.29482466032345583,-3.5593119253232977,1.0515158383724222e-08,14,2,2025-11-07
LRCX/TRMB,LRCX,TRMB,sensitive_reversal,2847.751520503294,1.9848945390602677,-3.5593119253232977,0.9999999999993009,10,2,2025-11-07
LRCX/HCA,LRCX,HCA,sensitive_reversal,188.4896869722907,0.07789054249873302,-3.5593119253232977,0.32171551394660247,2,2,2025-11-07
CSCO/REGN,CSCO,REGN,sensitive_reversal,-2368.602324274666,-0.9162992220416973,-3.5593119253232977,2.403132188259572e-09,20,2,2025-11-07
CSCO/LVS,CSCO,LVS,sensitive_reversal,1641.360077239291,1.073592022929421,-3.5593119253232977,0.9999891412477925,6,2,2025-11-07
DVA/TYL,DVA,TYL,sensitive_reversal,-35.52000000000061,-0.1634056174941925,-3.5593119253232977,2.147044097916977e-08,4,2,2025-11-07
DVA/MKTX,DVA,MKTX,sensitive_reversal,-6.77092848582879,-0.004677146292829272,-3.5593119253232977,0.015430113052185203,10,2,2025-11-07
AKAM/JKHY,AKAM,JKHY,sensitive_reversal,-35.01958554004875,-0.034274362349546846,-3.5593119253232977,0.001762091473187109,4,2,2025-11-07
AKAM/XYL,AKAM,XYL,sensitive_reversal,-435.2090360945857,-0.4518688876170195,-3.5593119253232977,7.838097221361495e-06,10,2,2025-11-07
BWA/CDW,BWA,CDW,sensitive_reversal,495.6362286507633,0.40026478804779647,-3.5593119253232977,0.9999986158468085,14,2,2025-11-07
BWA/FMC,BWA,FMC,sensitive_reversal,1969.063738431737,1.2486364079550731,-3.5593119253232977,0.9999999845474907,12,2,2025-11-07
TRGP/IR,TRGP,IR,sensitive_reversal,-660.3272438159047,-0.7181523961803038,-3.5593119253232977,2.0278708961224964e-12,6,2,2025-11-07
TRGP/IQV,TRGP,IQV,sensitive_reversal,-1963.705215292675,-0.8727555339565645,-3.5593119253232977,0.00037448113415494336,10,2,2025-11-07
ODFL/WYNN,ODFL,WYNN,sensitive_reversal,-1161.997153029994,-0.7046476306100556,-3.5593119253232977,5.6780034977886196e-11,12,2,2025-11-07
AMCR/INTU,AMCR,INTU,default,-528.4592466036945,-0.29725673704671846,-3.688872502959058,3.8396210709942136e-08,10,2,2025-11-07
AMCR/UHS,AMCR,UHS,default,-59.70156575187065,-0.047101412164186465,-3.688872502959058,0.00145891729102416,12,2,2025-11-07
LRCX/TRMB,LRCX,TRMB,default,1597.592406579247,1.1174545995705725,-3.688872502959058,0.9999999990639443,8,2,2025-11-07
LRCX/HCA,LRCX,HCA,default,188.4896869722907,0.07789054249873302,-3.688872502959058,0.32171551394660247,2,2,2025-11-07
CSCO/REGN,CSCO,REGN,default,-2509.07938341106,-0.9411500234835929,-3.688872502959058,3.7910072269830365e-10,16,2,2025-11-07
CSCO/LVS,CSCO,LVS,default,1170.715782246555,0.7000456235807719,-3.688872502959058,0.9999734120827181,6,2,2025-11-07
DVA/TYL,DVA,TYL,default,-64.85999999999865,-0.14948070504206448,-3.688872502959058,2.3070430235260844e-05,4,2,2025-11-07
DVA/MKTX,DVA,MKTX,default,905.8973186284284,0.5878560463056223,-3.688872502959058,0.9998771640420766,6,2,2025-11-07
AKAM/JKHY,AKAM,JKHY,default,125.9057485502285,0.12264576738834741,-3.688872502959058,0.6095075468088754,4,2,2025-11-07
AKAM/XYL,AKAM,XYL,default,34.5587373807208,0.03201575693346287,-3.688872502959058,0.07121424922901032,8,2,2025-11-07
BWA/CDW,BWA,CDW,default,839.807253298923,0.541940197107068,-3.688872502959058,0.9999999941806561,12,2,2025-11-07
BWA/FMC,BWA,FMC,default,910.2346581476197,0.5458294834077475,-3.688872502959058,0.9999981822299296,12,2,2025-11-07
TRGP/IR,TRGP,IR,default,-777.9420521305254,-0.7481532128967511,-3.688872502959058,2.41221056049711e-17,6,2,2025-11-07
TRGP/IQV,TRGP,IQV,default,-1763.473515187086,-0.7778559700590683,-3.688872502959058,0.00020780770037773545,10,2,2025-11-07
ODFL/WYNN,ODFL,WYNN,default,-85.32873705174347,-0.05428852445794637,-3.688872502959058,0.0012900380528996947,8,2,2025-11-07
AMCR/INTU,AMCR,INTU,uniform_weights,-624.3797788389938,-0.32233986249757157,-3.721439133570387,1.5138073599409405e-09,12,2,2025-11-07
AMCR/UHS,AMCR,UHS,uniform_weights,689.6929886156836,0.49963980725244456,-3.721439133570387,0.9999996215053218,12,2,2025-11-07
LRCX/TRMB,LRCX,TRMB,uniform_weights,1659.772406579248,1.1330726021560904,-3.721439133570387,0.9999999995246985,8,2,2025-11-07
LRCX/HCA,LRCX,HCA,uniform_weights,-164.0674797450423,-0.06642163766423494,-3.721439133570387,0.00036982054508059777,4,2,2025-11-07
CSCO/REGN,CSCO,REGN,uniform_weights,-2242.774243767611,-0.8373734860705603,-3.721439133570387,6.604751287134985e-11,16,2,2025-11-07
CSCO/LVS,CSCO,LVS,uniform_weights,1170.038564779863,0.7005259899509374,-3.721439133570387,0.9999735150623347,6,2,2025-11-07
DVA/TYL,DVA,TYL,uniform_weights,-62.07999999999865,-0.1440904160659203,-3.721439133570387,3.010166554504621e-05,4,2,2025-11-07
DVA/MKTX,DVA,MKTX,uniform_weights,905.8973186284284,0.5878560463056223,-3.721439133570387,0.9998771640420766,6,2,2025-11-07
AKAM/JKHY,AKAM,JKHY,uniform_weights,181.6084526725268,0.17495808493346876,-3.721439133570387,0.8183273079471973,4,2,2025-11-07
AKAM/XYL,AKAM,XYL,uniform_weights,38.40873738072071,0.03562256647498007,-3.721439133570387,0.08155584954396938,8,2,2025-11-07
BWA/CDW,BWA,CDW,uniform_weights,836.6202412752622,0.5405167882501889,-3.721439133570387,0.999999993558415,12,2,2025-11-07
BWA/FMC,BWA,FMC,uniform_weights,187.3742716614917,0.1196469785892912,-3.721439133570387,0.612856547530451,12,2,2025-11-07
TRGP/IR,TRGP,IR,uniform_weights,-564.3077439407579,-0.7024873757317536,-3.721439133570387,6.369614476421289e-11,4,2,2025-11-07
TRGP/IQV,TRGP,IQV,uniform_weights,-1806.629138207152,-0.8183651575898919,-3.721439133570387,0.0004956829936224182,12,2,2025-11-07
ODFL/WYNN,ODFL,WYNN,uniform_weights,-96.02686405037298,-0.06117221425648453,-3.721439133570387,0.0008913308978006279,8,2,2025-11-07
AMCR/INTU,AMCR,INTU,balanced,-528.2100700788069,-0.29715733490758833,-3.771519152356394,3.8267514489506745e-08,10,2,2025-11-07
AMCR/UHS,AMCR,UHS,balanced,-59.54127882572297,-0.04698285102149143,-3.771519152356394,0.0014693608038152865,12,2,2025-11-07
LRCX/TRMB,LRCX,TRMB,balanced,1598.222406579247,1.1181949214696687,-3.771519152356394,0.9999999990501163,8,2,2025-11-07
LRCX/HCA,LRCX,HCA,balanced,-571.9265672060778,-0.22955446595963214,-3.771519152356394,1.405575778105753e-06,4,2,2025-11-07
CSCO/REGN,CSCO,REGN,balanced,-2509.621824341068,-0.9418103202739887,-3.771519152356394,3.9281195550994784e-10,16,2,2025-11-07
CSCO/LVS,CSCO,LVS,balanced,1173.066158642088,0.7038027178303957,-3.771519152356394,0.9999759724941113,6,2,2025-11-07
DVA/TYL,DVA,TYL,balanced,-62.07999999999865,-0.1440904160659203,-3.771519152356394,3.010166554504621e-05,4,2,2025-11-07
DVA/MKTX,DVA,MKTX,balanced,905.8973186284284,0.5878560463056223,-3.771519152356394,0.9998771640420766,6,2,2025-11-07
AKAM/JKHY,AKAM,JKHY,balanced,125.9057485502285,0.12264576738834741,-3.771519152356394,0.6095075468088754,4,2,2025-11-07
AKAM/XYL,AKAM,XYL,balanced,38.40873738072071,0.03562256647498007,-3.771519152356394,0.08155584954396938,8,2,2025-11-07
BWA/CDW,BWA,CDW,balanced,843.2245750225837,0.5451235713214166,-3.771519152356394,0.9999999946059329,12,2,2025-11-07
BWA/FMC,BWA,FMC,balanced,1217.155129253428,0.6694532629155033,-3.771519152356394,0.9999999952133678,12,2,2025-11-07
TRGP/IR,TRGP,IR,balanced,-564.3077439407579,-0.7024873757317536,-3.771519152356394,6.369614476421289e-11,4,2,2025-11-07
TRGP/IQV,TRGP,IQV,balanced,-2379.455769674939,-1.040149778563652,-3.771519152356394,0.0003871588619037156,12,2,2025-11-07
ODFL/WYNN,ODFL,WYNN,balanced,-96.02686405037298,-0.06117221425648453,-3.771519152356394,0.0008913308978006279,8,2,2025-11-07
AMCR/INTU,AMCR,INTU,beta_neutral,-371.9905792309537,-0.17019734207243256,-3.90522083197801,3.440243214319334e-12,10,2,2025-11-07
AMCR/UHS,AMCR,UHS,beta_neutral,-17.65939400630421,-0.009184458875005092,-3.90522083197801,0.011806597732639066,12,2,2025-11-07
LRCX/TRMB,LRCX,TRMB,beta_neutral,2110.069790040174,0.970042961383212,-3.90522083197801,0.9999991161529617,8,2,2025-11-07
LRCX/HCA,LRCX,HCA,beta_neutral,188.4896869722907,0.07789054249873302,-3.90522083197801,0.32171551394660247,2,2,2025-11-07
CSCO/REGN,CSCO,REGN,beta_neutral,-3038.683105096563,-1.040206302137848,-3.90522083197801,1.960561932202315e-11,16,2,2025-11-07
CSCO/LVS,CSCO,LVS,beta_neutral,1129.591360541329,0.7230541614001293,-3.90522083197801,0.9975430168330658,6,2,2025-11-07
DVA/TYL,DVA,TYL,beta_neutral,40.93000000000021,0.06459053428895425,-3.90522083197801,0.22302672120668626,4,2,2025-11-07
DVA/MKTX,DVA,MKTX,beta_neutral,165.1754721129662,0.14689236706545625,-3.90522083197801,0.7664622489667693,6,2,2025-11-07
AKAM/JKHY,AKAM,JKHY,beta_neutral,368.0643959501746,0.2481112869684404,-3.90522083197801,0.9231888369343001,4,2,2025-11-07
AKAM/XYL,AKAM,XYL,beta_neutral,-169.1482395242701,-0.11519238306995207,-3.90522083197801,0.00012019803708607795,8,2,2025-11-07
BWA/CDW,BWA,CDW,beta_neutral,-348.1823801136103,-0.19854280925157436,-3.90522083197801,2.0315666773442784e-10,12,2,2025-11-07
BWA/FMC,BWA,FMC,beta_neutral,1252.701137635583,0.59215286787116,-3.90522083197801,0.9996993021284125,12,2,2025-11-07
TRGP/IR,TRGP,IR,beta_neutral,-1572.863119360447,-1.163165427974546,-3.90522083197801,1.748761392867397e-12,6,2,2025-11-07
TRGP/IQV,TRGP,IQV,beta_neutral,-2797.129014131114,-1.2296314465322138,-3.90522083197801,0.0006516781892288546,10,2,2025-11-07
ODFL/WYNN,ODFL,WYNN,beta_neutral,-2622.970929061589,-1.949608594313991,-3.90522083197801,2.0287579123792566e-10,10,2,2025-11-07
AMCR/INTU,AMCR,INTU,kalman_hedge,-290.9161508225272,-0.15391681036797597,-3.930279311932,4.820420492081787e-13,12,2,2025-11-07
AMCR/UHS,AMCR,UHS,kalman_hedge,-59.90815652876501,-0.04756258826567412,-3.930279311932,0.0014019361916125066,12,2,2025-11-07
LRCX/TRMB,LRCX,TRMB,kalman_hedge,1708.718509057835,1.1191314827454495,-3.930279311932,0.9999999986834482,8,2,2025-11-07
LRCX/HCA,LRCX,HCA,kalman_hedge,-198.9377155915116,-0.08127803231275313,-3.930279311932,0.00016626043493790484,4,2,2025-11-07
CSCO/REGN,CSCO,REGN,kalman_hedge,-2235.061009744044,-0.8336130205554401,-3.930279311932,5.7411758429124466e-11,16,2,2025-11-07
CSCO/LVS,CSCO,LVS,kalman_hedge,1147.118512490346,0.6881415925079288,-3.930279311932,0.999965096685594,6,2,2025-11-07
DVA/TYL,DVA,TYL,kalman_hedge,-64.85999999999865,-0.14948070504206448,-3.930279311932,2.3070430235260844e-05,4,2,2025-11-07
DVA/MKTX,DVA,MKTX,kalman_hedge,881.930316467734,0.5779402908186636,-3.930279311932,0.999879191226841,6,2,2025-11-07
AKAM/JKHY,AKAM,JKHY,kalman_hedge,166.2535203719867,0.16326899140751838,-3.930279311932,0.7858763415054537,4,2,2025-11-07
AKAM/XYL,AKAM,XYL,kalman_hedge,38.05895865025468,0.035645679574043486,-3.930279311932,0.08170500760458965,8,2,2025-11-07
BWA/CDW,BWA,CDW,kalman_hedge,1022.56691819558,0.6539333273725179,-3.930279311932,0.9999999999499446,12,2,2025-11-07
BWA/FMC,BWA,FMC,kalman_hedge,241.4556056536508,0.15648983513179257,-3.930279311932,0.8177963761258447,12,2,2025-11-07
TRGP/IR,TRGP,IR,kalman_hedge,-1198.184191441923,-1.0244384335528685,-3.930279311932,2.575623159383058e-16,8,2,2025-11-07
TRGP/IQV,TRGP,IQV,kalman_hedge,-2379.239363786846,-1.0383196435563269,-3.930279311932,0.000377172406922626,12,2,2025-11-07
ODFL/WYNN,ODFL,WYNN,kalman_hedge,-75.23873705174037,-0.04769523716259872,-3.930279311932,0.0018147058192346567,8,2,2025-11-07
AMCR/INTU,AMCR,INTU,vol_weighted_sizing,-289.6605957292859,-0.1532578589978308,-3.9391318883874047,5.1879501116774e-13,12,2,2025-11-07
AMCR/UHS,AMCR,UHS,vol_weighted_sizing,-59.40259594149143,-0.046874315967662415,-3.9391318883874047,0.001478774414390063,12,2,2025-11-07
LRCX/TRMB,LRCX,TRMB,vol_weighted_sizing,1659.252406579248,1.1329296926106385,-3.9391318883874047,0.9999999995251221,8,2,2025-11-07
LRCX/HCA,LRCX,HCA,vol_weighted_sizing,-164.0674797450423,-0.06642163766423494,-3.9391318883874047,0.00036982054508059777,4,2,2025-11-07
CSCO/REGN,CSCO,REGN,vol_weighted_sizing,-2242.98298333722,-0.837436451523056,-3.9391318883874047,6.600601865249986e-11,16,2,2025-11-07
CSCO/LVS,CSCO,LVS,vol_weighted_sizing,1170.038564779863,0.7005259899509374,-3.9391318883874047,0.9999735150623347,6,2,2025-11-07
DVA/TYL,DVA,TYL,vol_weighted_sizing,-62.07999999999865,-0.1440904160659203,-3.9391318883874047,3.010166554504621e-05,4,2,2025-11-07
DVA/MKTX,DVA,MKTX,vol_weighted_sizing,905.8973186284284,0.5878560463056223,-3.9391318883874047,0.9998771640420766,6,2,2025-11-07
AKAM/JKHY,AKAM,JKHY,vol_weighted_sizing,181.6084526725268,0.17495808493346876,-3.9391318883874047,0.8183273079471973,4,2,2025-11-07
AKAM/XYL,AKAM,XYL,vol_weighted_sizing,36.21873738072071,0.03361211394553702,-3.9391318883874047,0.0756431787513278,8,2,2025-11-07
BWA/CDW,BWA,CDW,vol_weighted_sizing,1010.328296457833,0.6470323609639231,-3.9391318883874047,0.9999999999419028,12,2,2025-11-07
BWA/FMC,BWA,FMC,vol_weighted_sizing,185.2993507423655,0.11858380567454731,-3.9391318883874047,0.605560474777461,12,2,2025-11-07
TRGP/IR,TRGP,IR,vol_weighted_sizing,-1192.255298024719,-1.021735214111989,-3.9391318883874047,2.8540009129808585e-16,8,2,2025-11-07
TRGP/IQV,TRGP,IQV,vol_weighted_sizing,-2379.455769674939,-1.040149778563652,-3.9391318883874047,0.0003871588619037156,12,2,2025-11-07
ODFL/WYNN,ODFL,WYNN,vol_weighted_sizing,-91.68686405037192,-0.05845651399580401,-3.9391318883874047,0.0010317430979020013,8,2,2025-11-07
AMCR/INTU,AMCR,INTU,raw_momentum,-594.5679161502212,-0.34590547889626866,-4.821094708935809,2.158559238626276e-06,8,2,2025-11-07
AMCR/UHS,AMCR,UHS,raw_momentum,228.3915902477549,0.2622842377336864,-4.821094708935809,0.9922925845738189,8,2,2025-11-07
LRCX/TRMB,LRCX,TRMB,raw_momentum,1912.492406579247,1.7246457302616724,-4.821094708935809,0.9999989141864368,6,2,2025-11-07
LRCX/HCA,LRCX,HCA,raw_momentum,188.4896869722907,0.07789054249873302,-4.821094708935809,0.32171551394660247,2,2,2025-11-07
CSCO/REGN,CSCO,REGN,raw_momentum,-3355.709187062181,-1.5331399568426771,-4.821094708935809,8.997831382936476e-05,10,2,2025-11-07
CSCO/LVS,CSCO,LVS,raw_momentum,-1446.388060977084,-0.8536061261091252,-4.821094708935809,5.3261835642993015e-08,4,2,2025-11-07
DVA/TYL,DVA,TYL,raw_momentum,-62.07999999999865,-0.1440904160659203,-4.821094708935809,3.010166554504621e-05,4,2,2025-11-07
DVA/MKTX,DVA,MKTX,raw_momentum,905.8973186284284,0.5878560463056223,-4.821094708935809,0.9998771640420766,6,2,2025-11-07
AKAM/JKHY,AKAM,JKHY,raw_momentum,-85.56931821513678,-0.08332646988896515,-4.821094708935809,3.810604182102133e-05,4,2,2025-11-07
AKAM/XYL,AKAM,XYL,raw_momentum,-49.7752025999161,-0.0778605220325265,-4.821094708935809,0.0008213595845189862,4,2,2025-11-07
BWA/CDW,BWA,CDW,raw_momentum,471.3862914862518,0.42559007027319334,-4.821094708935809,0.9999709788316777,6,2,2025-11-07
BWA/FMC,BWA,FMC,raw_momentum,514.7781527902112,0.4302991050710833,-4.821094708935809,0.9982142950724422,8,2,2025-11-07
TRGP/IR,TRGP,IR,raw_momentum,-525.5800296917783,-1.06274014422956,-4.821094708935809,0.0002839095330789792,4,2,2025-11-07
TRGP/IQV,TRGP,IQV,raw_momentum,-984.9964466737053,-0.9464741949625748,-4.821094708935809,6.731263467310327e-13,8,2,2025-11-07
ODFL/WYNN,ODFL,WYNN,raw_momentum,411.6518945963966,0.2324337796298322,-4.821094708935809,0.9697033706812952,6,2,2025-11-07
AMCR/INTU,AMCR,INTU,raw_momentum_kalman,-593.7266504103225,-0.3453977448019292,-4.867152549702636,2.114586383175994e-06,8,2,2025-11-07
AMCR/UHS,AMCR,UHS,raw_momentum_kalman,258.6342038265373,0.3033067844041404,-4.867152549702636,0.9980080455420399,8,2,2025-11-07
LRCX/TRMB,LRCX,TRMB,raw_momentum_kalman,2165.568509057839,1.665406384788584,-4.867152549702636,0.9999999978568932,6,2,2025-11-07
LRCX/HCA,LRCX,HCA,raw_momentum_kalman,188.4896869722907,0.07789054249873302,-4.867152549702636,0.32171551394660247,2,2,2025-11-07
CSCO/REGN,CSCO,REGN,raw_momentum_kalman,-4537.697281996281,-1.9062864924900613,-4.867152549702636,7.92590675298536e-06,14,2,2025-11-07
CSCO/LVS,CSCO,LVS,raw_momentum_kalman,-1390.600968878613,-0.8422536846589901,-4.867152549702636,1.224676131010604e-08,4,2,2025-11-07
DVA/TYL,DVA,TYL,raw_momentum_kalman,-62.07999999999865,-0.1440904160659203,-4.867152549702636,3.010166554504621e-05,4,2,2025-11-07
DVA/MKTX,DVA,MKTX,raw_momentum_kalman,881.930316467734,0.5779402908186636,-4.867152549702636,0.999879191226841,6,2,2025-11-07
AKAM/JKHY,AKAM,JKHY,raw_momentum_kalman,177.8984526725269,0.17341237667033343,-4.867152549702636,0.8147990714295683,4,2,2025-11-07
AKAM/XYL,AKAM,XYL,raw_momentum_kalman,-50.7026303415829,-0.07918781820882635,-4.867152549702636,0.0007718085794783037,4,2,2025-11-07
BWA/CDW,BWA,CDW,raw_momentum_kalman,327.0249262774967,0.24738309338337464,-4.867152549702636,0.9970213811267826,8,2,2025-11-07
BWA/FMC,BWA,FMC,raw_momentum_kalman,472.563697403759,0.3940512405601945,-4.867152549702636,0.995566197968009,8,2,2025-11-07
TRGP/IR,TRGP,IR,raw_momentum_kalman,-803.2559808477226,-1.480413549334077,-4.867152549702636,7.867400856927252e-05,6,2,2025-11-07
TRGP/IQV,TRGP,IQV,raw_momentum_kalman,-1019.007320485743,-1.1165309699200727,-4.867152549702636,1.3541183040684182e-10,8,2,2025-11-07
ODFL/WYNN,ODFL,WYNN,raw_momentum_kalman,418.4918945963975,0.23741904893587987,-4.867152549702636,0.9742371230571343,6,2,2025-11-07
AMCR/INTU,AMCR,INTU,crash_defensive,-99.16049081181882,-0.11104333278139429,-6.479688439612329,5.687576827478552e-10,12,2,2025-11-07
AMCR/UHS,AMCR,UHS,crash_defensive,-34.58619716457841,-0.0553934826270162,-6.479688439612329,0.0008875402170282886,12,2,2025-11-07
LRCX/TRMB,LRCX,TRMB,crash_defensive,830.1662032896251,1.1397729087832336,-6.479688439612329,0.9999999996315799,8,2,2025-11-07
LRCX/HCA,LRCX,HCA,crash_defensive,-91.63058058476429,-0.07485020472407591,-6.479688439612329,0.00022876413888192797,4,2,2025-11-07
CSCO/REGN,CSCO,REGN,crash_defensive,-2388.667872983248,-1.0916881431248728,-6.479688439612329,2.8735135461685883e-05,16,2,2025-11-07
CSCO/LVS,CSCO,LVS,crash_defensive,587.6365370871106,0.7052811000009652,-6.479688439612329,0.9999763197221664,6,2,2025-11-07
DVA/TYL,DVA,TYL,crash_defensive,-32.13000000000019,-0.1566296226368505,-6.479688439612329,1.5534389343517608e-05,4,2,2025-11-07
DVA/MKTX,DVA,MKTX,crash_defensive,449.9160446500451,0.5849657686697025,-6.479688439612329,0.9998692818935219,6,2,2025-11-07
AKAM/JKHY,AKAM,JKHY,crash_defensive,90.63669248653207,0.1753000016892724,-6.479688439612329,0.8184828104083939,4,2,2025-11-07
AKAM/XYL,AKAM,XYL,crash_defensive,16.85425805559348,0.0315189214592062,-6.479688439612329,0.06984446080761772,8,2,2025-11-07
BWA/CDW,BWA,CDW,crash_defensive,495.489307441595,0.6391338759189604,-6.479688439612329,0.9999999998950674,12,2,2025-11-07
BWA/FMC,BWA,FMC,crash_defensive,90.87379266808426,0.116693907422029,-6.479688439612329,0.592297151723125,12,2,2025-11-07
TRGP/IR,TRGP,IR,crash_defensive,-594.680218237399,-1.025775604067787,-6.479688439612329,3.3295972037293606e-16,8,2,2025-11-07
TRGP/IQV,TRGP,IQV,crash_defensive,-1950.679544754136,-0.95597547247484,-6.479688439612329,0.003467148073071477,12,2,2025-11-07
ODFL/WYNN,ODFL,WYNN,crash_defensive,-49.52319865992433,-0.06396777322068763,-6.479688439612329,0.0007653165734441111,8,2,2025-11-07
AMCR/INTU,AMCR,INTU,fast_strict,-331.1324981511319,-0.2652673643175841,-6.614673925560249,2.602069491468237e-09,14,2,2025-11-07
AMCR/UHS,AMCR,UHS,fast_strict,-253.6880896809117,-0.2516685780749419,-6.614673925560249,6.00534772584227e-08,18,2,2025-11-07
LRCX/TRMB,LRCX,TRMB,fast_strict,1472.795192905331,1.4841573619176534,-6.614673925560249,0.9999999997521075,8,2,2025-11-07
LRCX/HCA,LRCX,HCA,fast_strict,272.6203138532242,0.13041009961740946,-6.614673925560249,0.680069673831163,10,2,2025-11-07
CSCO/REGN,CSCO,REGN,fast_strict,-470.597655498967,-0.3763110899665113,-6.614673925560249,2.884145183008531e-20,14,2,2025-11-07
CSCO/LVS,CSCO,LVS,fast_strict,56.2327960982349,0.055381662671246584,-6.614673925560249,0.16913725912056882,10,2,2025-11-07
DVA/TYL,DVA,TYL,fast_strict,-753.9600000000019,-1.6856684990198514,-6.614673925560249,2.5149013888270053e-05,10,2,2025-11-07
DVA/MKTX,DVA,MKTX,fast_strict,85.9095068367941,0.08358185639416371,-6.614673925560249,0.3335908139193552,6,2,2025-11-07
AKAM/JKHY,AKAM,JKHY,fast_strict,-1681.952778919922,-1.0753007239181054,-6.614673925560249,1.0447930143336207e-07,8,2,2025-11-07
AKAM/XYL,AKAM,XYL,fast_strict,-541.0961208684819,-0.6615148507101812,-6.614673925560249,3.021545209003498e-08,16,2,2025-11-07
BWA/CDW,BWA,CDW,fast_strict,16.86603825089975,0.020982381012333875,-6.614673925560249,0.05380581161633308,12,2,2025-11-07
BWA/FMC,BWA,FMC,fast_strict,1437.006264320819,1.1386789775458348,-6.614673925560249,0.9999999999984684,16,2,2025-11-07
TRGP/IR,TRGP,IR,fast_strict,-594.6604413471241,-0.7822316627942858,-6.614673925560249,6.182209449155548e-14,10,2,2025-11-07
TRGP/IQV,TRGP,IQV,fast_strict,-678.507483442901,-0.5928874914716459,-6.614673925560249,2.8377958862526267e-16,10,2,2025-11-07
ODFL/WYNN,ODFL,WYNN,fast_strict,-1857.646875631333,-1.4972569840730048,-6.614673925560249,4.524543492896144e-12,20,2,2025-11-07
AMCR/INTU,AMCR,INTU,vol_sized_conservative,-218.3242810789632,-0.32882563911793555,-10.2255598418754,2.540612462099905e-07,10,2,2025-11-07
AMCR/UHS,AMCR,UHS,vol_sized_conservative,319.676907157987,0.6316867579163581,-10.2255598418754,0.9999999973993967,12,2,2025-11-07
LRCX/TRMB,LRCX,TRMB,vol_sized_conservative,593.9776396573949,1.111426399662104,-10.2255598418754,0.9999999988476302,8,2,2025-11-07
LRCX/HCA,LRCX,HCA,vol_sized_conservative,80.46459047833514,0.08853276280061124,-10.2255598418754,0.39529978911621133,2,2,2025-11-07
CSCO/REGN,CSCO,REGN,vol_sized_conservative,-1322.466072683349,-1.1246481421466095,-10.2255598418754,1.184529952110818e-06,16,2,2025-11-07
CSCO/LVS,CSCO,LVS,vol_sized_conservative,342.1431359401076,0.5566679082079522,-10.2255598418754,0.9998324102347953,6,2,2025-11-07
DVA/TYL,DVA,TYL,vol_sized_conservative,-25.17000000000016,-0.1679336682761488,-10.2255598418754,8.022617128445845e-06,4,2,2025-11-07
DVA/MKTX,DVA,MKTX,vol_sized_conservative,315.076781867012,0.5620736099674929,-10.2255598418754,0.9998468941835188,6,2,2025-11-07
AKAM/JKHY,AKAM,JKHY,vol_sized_conservative,49.49547495008514,0.12833195547864626,-10.2255598418754,0.639105460276296,4,2,2025-11-07
AKAM/XYL,AKAM,XYL,vol_sized_conservative,70.91729497994652,0.1815716822192607,-10.2255598418754,0.9146392340465959,8,2,2025-11-07
BWA/CDW,BWA,CDW,vol_sized_conservative,159.0803031304856,0.29260004431522557,-10.2255598418754,0.9987316007478017,12,2,2025-11-07
BWA/FMC,BWA,FMC,vol_sized_conservative,152.0947014876452,0.2551464590079727,-10.2255598418754,0.9894503837290942,12,2,2025-11-07
TRGP/IR,TRGP,IR,vol_sized_conservative,-285.9451169031112,-0.7414949014129055,-10.2255598418754,2.2678983148477826e-17,6,2,2025-11-07
TRGP/IQV,TRGP,IQV,vol_sized_conservative,-95.01683907875534,-0.23726731868772954,-10.2255598418754,9.355461834485777e-10,8,2,2025-11-07
ODFL/WYNN,ODFL,WYNN,vol_sized_conservative,-743.3191375691006,-1.4600879282761594,-10.2255598418754,6.034952041993163e-07,10,2,2025-11-07
AMCR/INTU,AMCR,INTU,conservative,468.8059922673191,0.623438383028546,-10.972214551230076,0.998639792206348,12,2,2025-11-07
AMCR/UHS,AMCR,UHS,conservative,79.08919757714736,0.170476410438977,-10.972214551230076,0.8917385953047433,14,2,2025-11-07
LRCX/TRMB,LRCX,TRMB,conservative,1187.333589024484,1.8904811979610008,-10.972214551230076,0.9999976020933724,8,2,2025-11-07
LRCX/HCA,LRCX,HCA,conservative,-121.9632934313055,-0.1393107630300294,-10.972214551230076,1.2462142349547836e-05,4,2,2025-11-07
CSCO/REGN,CSCO,REGN,conservative,-927.4449735127737,-0.820197973157844,-10.972214551230076,1.2283283655699463e-06,16,2,2025-11-07
CSCO/LVS,CSCO,LVS,conservative,610.3549853646009,1.071223340153265,-10.972214551230076,0.9999889297277107,6,2,2025-11-07
DVA/TYL,DVA,TYL,conservative,-25.17000000000016,-0.1679336682761488,-10.972214551230076,8.022617128445845e-06,4,2,2025-11-07
DVA/MKTX,DVA,MKTX,conservative,154.0802293560375,0.2901796223730127,-10.972214551230076,0.9914043111027098,6,2,2025-11-07
AKAM/JKHY,AKAM,JKHY,conservative,121.1764216647362,0.5730448869403557,-10.972214551230076,0.9999635561808518,4,2,2025-11-07
AKAM/XYL,AKAM,XYL,conservative,-141.1964043700721,-0.39233298122279303,-10.972214551230076,8.844085325755767e-06,8,2,2025-11-07
BWA/CDW,BWA,CDW,conservative,631.1954193202771,1.2749617170305234,-10.972214551230076,0.9999999999992856,12,2,2025-11-07
BWA/FMC,BWA,FMC,conservative,49.57542181956559,0.09952275052584078,-10.972214551230076,0.47027496869520424,12,2,2025-11-07
TRGP/IR,TRGP,IR,conservative,-404.9948161127127,-0.9598289559397897,-10.972214551230076,4.916956457127254e-15,8,2,2025-11-07
TRGP/IQV,TRGP,IQV,conservative,-477.1160735032526,-1.165004219973718,-10.972214551230076,1.6776106547423673e-12,12,2,2025-11-07
ODFL/WYNN,ODFL,WYNN,conservative,-743.3191375691006,-1.4600879282761594,-10.972214551230076,6.034952041993163e-07,10,2,2025-11-07
AMCR/INTU,AMCR,INTU,kalman_aggressive,2230.135735826748,0.2859275561093066,-1.2327531555940814,0.9996252961546844,36,3,2025-12-17
AMCR/UHS,AMCR,UHS,kalman_aggressive,4856.759760920877,0.8368249463474209,-1.2327531555940814,0.9999999965621389,34,3,2025-12-17
LRCX/TRMB,LRCX,TRMB,kalman_aggressive,6780.937929156062,0.6919995265336424,-1.2327531555940814,0.9999999815743201,42,3,2025-12-17
LRCX/HCA,LRCX,HCA,kalman_aggressive,-3544.245723171773,-0.3200885622002656,-1.2327531555940814,1.7733669091100013e-11,36,3,2025-12-17
CSCO/REGN,CSCO,REGN,kalman_aggressive,-5041.299162746423,-0.663343208406201,-1.2327531555940814,8.372798018501112e-09,46,3,2025-12-17
CSCO/LVS,CSCO,LVS,kalman_aggressive,-4538.587956027822,-0.8400167640356508,-1.2327531555940814,4.789295775931238e-32,42,3,2025-12-17
DVA/TYL,DVA,TYL,kalman_aggressive,-5277.090000000004,-1.1622628823046568,-1.2327531555940814,1.779654843551166e-24,36,3,2025-12-17
DVA/MKTX,DVA,MKTX,kalman_aggressive,-5202.587404529465,-0.6581578514036583,-1.2327531555940814,3.522758015020714e-20,36,3,2025-12-17
AKAM/JKHY,AKAM,JKHY,kalman_aggressive,-2292.387421496612,-0.6294142720183638,-1.2327531555940814,6.47461329940081e-12,36,3,2025-12-17
AKAM/XYL,AKAM,XYL,kalman_aggressive,620.8862294255478,0.10960661478242274,-1.2327531555940814,0.5619377815407454,34,3,2025-12-17
BWA/CDW,BWA,CDW,kalman_aggressive,1232.149162688193,0.22267704107363887,-1.2327531555940814,0.9848938598043473,42,3,2025-12-17
BWA/FMC,BWA,FMC,kalman_aggressive,10503.15851628282,0.7336538793057419,-1.2327531555940814,0.9990215755241036,38,3,2025-12-17
TRGP/IR,TRGP,IR,kalman_aggressive,1490.445336652572,0.2682054566995766,-1.2327531555940814,0.9996415967642828,40,3,2025-12-17
TRGP/IQV,TRGP,IQV,kalman_aggressive,-10015.52380354062,-1.2583949106636738,-1.2327531555940814,1.920662173470947e-14,50,3,2025-12-17
ODFL/WYNN,ODFL,WYNN,kalman_aggressive,-4903.528847853398,-0.7725607519114625,-1.2327531555940814,5.077163191436662e-32,46,3,2025-12-17
AMCR/INTU,AMCR,INTU,monthly_aligned_windows,-3599.575118033073,-1.053160544303714,-1.630497085019686,1.517852299679916e-19,28,3,2025-12-17
AMCR/UHS,AMCR,UHS,monthly_aligned_windows,-1920.230379900524,-0.6636748271522896,-1.630497085019686,2.9641571772290705e-25,28,3,2025-12-17
LRCX/TRMB,LRCX,TRMB,monthly_aligned_windows,3798.699274254095,1.0151610263575832,-1.630497085019686,0.9999999974929283,28,3,2025-12-17
LRCX/HCA,LRCX,HCA,monthly_aligned_windows,-3909.443640136446,-1.1146651308985052,-1.630497085019686,4.773716534627376e-18,28,3,2025-12-17
CSCO/REGN,CSCO,REGN,monthly_aligned_windows,12333.04749238339,1.8535213172306224,-1.630497085019686,0.9999997011920589,28,3,2025-12-17
CSCO/LVS,CSCO,LVS,monthly_aligned_windows,-3585.681269564112,-0.7835435862874118,-1.630497085019686,2.8435196781230495e-24,28,3,2025-12-17
DVA/TYL,DVA,TYL,monthly_aligned_windows,-1340.950000000001,-0.5847126764916201,-1.630497085019686,5.278902132509328e-22,26,3,2025-12-17
DVA/MKTX,DVA,MKTX,monthly_aligned_windows,131.6025568336647,0.04343179459371263,-1.630497085019686,0.13149090516981177,26,3,2025-12-17
AKAM/JKHY,AKAM,JKHY,monthly_aligned_windows,-3633.172445016489,-0.7884526255779926,-1.630497085019686,3.262711091866457e-08,28,3,2025-12-17
AKAM/XYL,AKAM,XYL,monthly_aligned_windows,-3258.216291815446,-0.9826155225074513,-1.630497085019686,6.929141972447579e-11,28,3,2025-12-17
BWA/CDW,BWA,CDW,monthly_aligned_windows,-3138.750491624873,-1.5402548772716604,-1.630497085019686,4.013551270279572e-25,28,3,2025-12-17
BWA/FMC,BWA,FMC,monthly_aligned_windows,1591.2421504732,0.46668249816284896,-1.630497085019686,0.9999999985823301,28,3,2025-12-17
TRGP/IR,TRGP,IR,monthly_aligned_windows,848.7166714425161,0.22533313454855372,-1.630497085019686,0.9981864512152039,28,3,2025-12-17
TRGP/IQV,TRGP,IQV,monthly_aligned_windows,4444.56354979422,1.1753347259910987,-1.630497085019686,0.999999998501998,28,3,2025-12-17
ODFL/WYNN,ODFL,WYNN,monthly_aligned_windows,3200.368874593249,0.48781235543321366,-1.630497085019686,0.9998526646731896,28,3,2025-12-17
AMCR/INTU,AMCR,INTU,no_skip_month,-530.2358607336921,-0.2553322677655891,-1.7731176916700129,7.62953932644817e-12,14,3,2025-12-17
AMCR/UHS,AMCR,UHS,no_skip_month,-1154.682229021302,-0.7056425867863793,-1.7731176916700129,1.1604871772475034e-17,14,3,2025-12-17
LRCX/TRMB,LRCX,TRMB,no_skip_month,2597.568030002658,0.8550779886855115,-1.7731176916700129,0.9999870961956548,12,3,2025-12-17
LRCX/HCA,LRCX,HCA,no_skip_month,-345.7086286222111,-0.13218533622025133,-1.7731176916700129,1.2218502269288698e-05,4,3,2025-12-17
CSCO/REGN,CSCO,REGN,no_skip_month,5069.56683228594,1.1897372311888827,-1.7731176916700129,0.9999964168033226,20,3,2025-12-17
CSCO/LVS,CSCO,LVS,no_skip_month,1194.769910259468,0.6805506060326975,-1.7731176916700129,0.999976258942775,6,3,2025-12-17
DVA/TYL,DVA,TYL,no_skip_month,-1527.459999999995,-1.3021813193535865,-1.7731176916700129,7.779765122609288e-05,8,3,2025-12-17
DVA/MKTX,DVA,MKTX,no_skip_month,-2303.209096720897,-0.6950651530636915,-1.7731176916700129,1.8433052171731546e-05,12,3,2025-12-17
AKAM/JKHY,AKAM,JKHY,no_skip_month,-256.1674135111477,-0.2095930282903949,-1.7731176916700129,1.0607589963174543e-08,6,3,2025-12-17
AKAM/XYL,AKAM,XYL,no_skip_month,-3025.924092005771,-1.0853086467080149,-1.7731176916700129,6.811927002174971e-06,14,3,2025-12-17
BWA/CDW,BWA,CDW,no_skip_month,516.595491915042,0.3106735450289905,-1.7731176916700129,0.9997808916664884,16,3,2025-12-17
BWA/FMC,BWA,FMC,no_skip_month,-2111.003469980264,-0.4769582394147971,-1.7731176916700129,9.598920404038946e-05,16,3,2025-12-17
TRGP/IR,TRGP,IR,no_skip_month,-1449.791925457266,-1.2598672411730598,-1.7731176916700129,1.2511641053151703e-09,12,3,2025-12-17
TRGP/IQV,TRGP,IQV,no_skip_month,12525.27773415645,1.9175095322484625,-1.7731176916700129,0.9999776758227202,14,3,2025-12-17
ODFL/WYNN,ODFL,WYNN,no_skip_month,-841.6253482100485,-0.4352776112798895,-1.7731176916700129,2.6991855799194525e-12,12,3,2025-12-17
AMCR/INTU,AMCR,INTU,slow_rebalance,-879.8369083003724,-0.44693761920797037,-1.854439167528068,3.486074633514753e-07,10,3,2025-12-17
AMCR/UHS,AMCR,UHS,slow_rebalance,570.4052566321682,0.3893043661495777,-1.854439167528068,0.9999810616416597,12,3,2025-12-17
LRCX/TRMB,LRCX,TRMB,slow_rebalance,2361.197988947029,1.110753157635235,-1.854439167528068,0.9999999871425854,6,3,2025-12-17
LRCX/HCA,LRCX,HCA,slow_rebalance,956.6772247106749,0.549064188513339,-1.854439167528068,0.9983382355462935,2,3,2025-12-17
CSCO/REGN,CSCO,REGN,slow_rebalance,-2182.280618305258,-0.767189209660054,-1.854439167528068,3.1928935697161562e-12,12,3,2025-12-17
CSCO/LVS,CSCO,LVS,slow_rebalance,56.05099151811356,0.03781843532838354,-1.854439167528068,0.1158031477861024,6,3,2025-12-17
DVA/TYL,DVA,TYL,slow_rebalance,-295.6500000000005,-0.9821388635009931,-1.854439167528068,5.555735430921096e-05,4,3,2025-12-17
DVA/MKTX,DVA,MKTX,slow_rebalance,-1082.259332698788,-0.47594595431063225,-1.854439167528068,3.0328519051955947e-09,6,3,2025-12-17
AKAM/JKHY,AKAM,JKHY,slow_rebalance,-15.88426149057668,-0.06573046523891514,-1.854439167528068,0.0007365319174222496,4,3,2025-12-17
AKAM/XYL,AKAM,XYL,slow_rebalance,-979.3292044623706,-0.45505434961451174,-1.854439167528068,3.472215939403985e-06,12,3,2025-12-17
BWA/CDW,BWA,CDW,slow_rebalance,701.40204861996,0.2116277791453933,-1.854439167528068,0.9707040433514659,12,3,2025-12-17
BWA/FMC,BWA,FMC,slow_rebalance,7506.51142242161,1.2156197329118374,-1.854439167528068,0.9878809367715569,8,3,2025-12-17
TRGP/IR,TRGP,IR,slow_rebalance,-1050.556906544178,-0.5877386705234394,-1.854439167528068,4.6400751964647245e-25,10,3,2025-12-17
TRGP/IQV,TRGP,IQV,slow_rebalance,-47.54796264817867,-0.02890366070532949,-1.854439167528068,0.0032375123032892185,12,3,2025-12-17
ODFL/WYNN,ODFL,WYNN,slow_rebalance,2568.99168960506,1.0900714697082108,-1.854439167528068,1.0,8,3,2025-12-17
AMCR/INTU,AMCR,INTU,aggressive,-7264.175435527536,-0.8629122091656697,-1.9810108999183056,3.846116851146704e-17,36,3,2025-12-17
AMCR/UHS,AMCR,UHS,aggressive,2816.859565538307,0.3660522849174848,-1.9810108999183056,0.999951341778848,32,3,2025-12-17
LRCX/TRMB,LRCX,TRMB,aggressive,3718.035660407659,0.3609389819559531,-1.9810108999183056,0.9999845784922882,42,3,2025-12-17
LRCX/HCA,LRCX,HCA,aggressive,-2425.757088809363,-0.27429415477159036,-1.9810108999183056,1.726726759974485e-15,36,3,2025-12-17
CSCO/REGN,CSCO,REGN,aggressive,-11798.68750150568,-1.6202427405211337,-1.9810108999183056,6.827302198376797e-34,44,3,2025-12-17
CSCO/LVS,CSCO,LVS,aggressive,-5695.518737193653,-0.7559813106595095,-1.9810108999183056,7.62415633232332e-46,38,3,2025-12-17
DVA/TYL,DVA,TYL,aggressive,-6102.270000000009,-1.1315718398027232,-1.9810108999183056,5.11606252504554e-25,36,3,2025-12-17
DVA/MKTX,DVA,MKTX,aggressive,-1461.539442829735,-0.16794291986251955,-1.9810108999183056,4.988821006084213e-09,30,3,2025-12-17
AKAM/JKHY,AKAM,JKHY,aggressive,-6680.631898296067,-1.1686914902751255,-1.9810108999183056,1.048312343241396e-09,38,3,2025-12-17
AKAM/XYL,AKAM,XYL,aggressive,-2739.862069329096,-0.3986744715445496,-1.9810108999183056,3.188122742401023e-09,36,3,2025-12-17
BWA/CDW,BWA,CDW,aggressive,-222.929996652053,-0.038019814384652066,-1.9810108999183056,0.0017490867701460667,42,3,2025-12-17
BWA/FMC,BWA,FMC,aggressive,-595.9235857410904,-0.04883516711899157,-1.9810108999183056,0.00012981198514555367,38,3,2025-12-17
TRGP/IR,TRGP,IR,aggressive,2649.813914893571,0.41465722124338295,-1.9810108999183056,0.9999999878823402,40,3,2025-12-17
TRGP/IQV,TRGP,IQV,aggressive,-465.4742620375218,-0.05054069500400845,-1.9810108999183056,0.0016891684661789056,46,3,2025-12-17
ODFL/WYNN,ODFL,WYNN,aggressive,-3114.744723812257,-0.4718965789306853,-1.9810108999183056,3.197272048667887e-21,46,3,2025-12-17
AMCR/INTU,AMCR,INTU,let_profits_run,-708.0811070453095,-0.3559555338803545,-2.0250303644883023,7.907603445237187e-09,8,3,2025-12-17
AMCR/UHS,AMCR,UHS,let_profits_run,55.04758224136029,0.03417733577601302,-2.0250303644883023,0.08759710974659884,12,3,2025-12-17
LRCX/TRMB,LRCX,TRMB,let_profits_run,986.2446298754639,0.7307981342038746,-2.0250303644883023,0.9999999995656311,2,3,2025-12-17
LRCX/HCA,LRCX,HCA,let_profits_run,198.3574225816502,0.09273059386090833,-2.0250303644883023,0.43045342836218714,4,3,2025-12-17
CSCO/REGN,CSCO,REGN,let_profits_run,-2651.605722726325,-0.9096939765572019,-2.0250303644883023,2.7742380988267285e-12,10,3,2025-12-17
CSCO/LVS,CSCO,LVS,let_profits_run,-112.7838028370704,-0.051847258538603454,-2.0250303644883023,0.00031435350274815893,4,3,2025-12-17
DVA/TYL,DVA,TYL,let_profits_run,109.6200000000019,0.7655367474053137,-2.0250303644883023,0.9761003486487908,2,3,2025-12-17
DVA/MKTX,DVA,MKTX,let_profits_run,-1259.25984703673,-0.5536308161761614,-2.0250303644883023,8.066875695575992e-09,6,3,2025-12-17
AKAM/JKHY,AKAM,JKHY,let_profits_run,47.83169950278661,0.12625762887337932,-2.0250303644883023,0.6985481609561404,4,3,2025-12-17
AKAM/XYL,AKAM,XYL,let_profits_run,-760.5665817791587,-0.35541276224945273,-2.0250303644883023,1.2879145728371167e-07,8,3,2025-12-17
BWA/CDW,BWA,CDW,let_profits_run,-155.814371672388,-0.047815877198713615,-2.0250303644883023,0.0014848793429006306,8,3,2025-12-17
BWA/FMC,BWA,FMC,let_profits_run,7264.760906789119,1.2229193732910053,-2.0250303644883023,0.9880032995527251,8,3,2025-12-17
TRGP/IR,TRGP,IR,let_profits_run,328.6690299734182,0.23977884929245788,-2.0250303644883023,0.987652781973859,8,3,2025-12-17
TRGP/IQV,TRGP,IQV,let_profits_run,3150.031196887217,0.9749124413743306,-2.0250303644883023,0.9999999925091874,16,3,2025-12-17
ODFL/WYNN,ODFL,WYNN,let_profits_run,671.7508192308657,0.26116341157947337,-2.0250303644883023,0.9985011481594257,10,3,2025-12-17
AMCR/INTU,AMCR,INTU,long_term_kalman,423.2359783781174,0.33017984905695213,-2.1595761383726586,0.9998828197252917,6,3,2025-12-17
AMCR/UHS,AMCR,UHS,long_term_kalman,149.947094088218,0.08436415212242795,-2.1595761383726586,0.37703362222427994,8,3,2025-12-17
LRCX/TRMB,LRCX,TRMB,long_term_kalman,214.2956601315708,0.1286410375154914,-2.1595761383726586,0.6928561697223711,4,3,2025-12-17
LRCX/HCA,LRCX,HCA,long_term_kalman,-1127.825086668706,-1.0487984146781997,-2.1595761383726586,0.0005333459541419513,2,3,2025-12-17
CSCO/REGN,CSCO,REGN,long_term_kalman,-3080.751678848025,-1.1654495605325272,-2.1595761383726586,3.8107264101238605e-08,8,3,2025-12-17
CSCO/LVS,CSCO,LVS,long_term_kalman,697.4186139730346,0.37582631943448724,-2.1595761383726586,0.9970267184892547,2,3,2025-12-17
DVA/TYL,DVA,TYL,long_term_kalman,-447.939999999999,-0.66853087881863,-2.1595761383726586,1.4176001402466326e-12,4,3,2025-12-17
DVA/MKTX,DVA,MKTX,long_term_kalman,-689.3567839809295,-0.324821272355779,-2.1595761383726586,2.7692056181456462e-08,4,3,2025-12-17
AKAM/JKHY,AKAM,JKHY,long_term_kalman,49.07254146067841,0.1283541080298524,-2.1595761383726586,0.7120591363938246,4,3,2025-12-17
AKAM/XYL,AKAM,XYL,long_term_kalman,-1494.981100606779,-0.7416053701491468,-2.1595761383726586,0.00019134120781536334,8,3,2025-12-17
BWA/CDW,BWA,CDW,long_term_kalman,565.5565018281407,0.16221426244876574,-2.1595761383726586,0.8856093019233262,8,3,2025-12-17
BWA/FMC,BWA,FMC,long_term_kalman,6795.465568805676,1.1376134943175435,-2.1595761383726586,0.9870467992962564,8,3,2025-12-17
TRGP/IR,TRGP,IR,long_term_kalman,-2.777942943462449,-0.0019784810107759377,-2.1595761383726586,0.016531542868813698,8,3,2025-12-17
TRGP/IQV,TRGP,IQV,long_term_kalman,2714.431691353163,0.8842430558277337,-2.1595761383726586,0.9999998766975488,16,3,2025-12-17
ODFL/WYNN,ODFL,WYNN,long_term_kalman,1172.586082753483,0.5543084241899328,-2.1595761383726586,0.9999994742797501,6,3,2025-12-17
AMCR/INTU,AMCR,INTU,no_reversal_protection,-771.3981121907839,-0.37466231255382404,-2.2581780736472954,8.160634136846292e-11,12,3,2025-12-17
AMCR/UHS,AMCR,UHS,no_reversal_protection,280.5898125630353,0.15890210511212274,-2.2581780736472954,0.8704640180580205,12,3,2025-12-17
LRCX/TRMB,LRCX,TRMB,no_reversal_protection,2234.816578614705,1.1684055855363231,-2.2581780736472954,0.9999999999999998,8,3,2025-12-17
LRCX/HCA,LRCX,HCA,no_reversal_protection,-74.99408033006216,-0.02941194409820401,-2.2581780736472954,0.0032984312795148536,4,3,2025-12-17
CSCO/REGN,CSCO,REGN,no_reversal_protection,156.8185281753514,0.03487135725061466,-2.2581780736472954,0.0765854124211492,16,3,2025-12-17
CSCO/LVS,CSCO,LVS,no_reversal_protection,1170.715782246555,0.677722610573499,-2.2581780736472954,0.9999736520420246,6,3,2025-12-17
DVA/TYL,DVA,TYL,no_reversal_protection,-118.71,-0.24032269736048534,-2.2581780736472954,1.3846519727183399e-07,4,3,2025-12-17
DVA/MKTX,DVA,MKTX,no_reversal_protection,754.802955249685,0.47189702777587467,-2.2581780736472954,0.999800141634445,8,3,2025-12-17
AKAM/JKHY,AKAM,JKHY,no_reversal_protection,-287.7305272502632,-0.24008223475540338,-2.2581780736472954,1.338158057977873e-09,4,3,2025-12-17
AKAM/XYL,AKAM,XYL,no_reversal_protection,-1483.416925152736,-0.7106351810204149,-2.2581780736472954,9.458090711277048e-05,10,3,2025-12-17
BWA/CDW,BWA,CDW,no_reversal_protection,234.5020973042389,0.1324073288496794,-2.2581780736472954,0.7368911576395387,14,3,2025-12-17
BWA/FMC,BWA,FMC,no_reversal_protection,5890.756708144505,0.9503780547396127,-2.2581780736472954,0.987436221095442,12,3,2025-12-17
TRGP/IR,TRGP,IR,no_reversal_protection,-1367.692709558852,-0.8292808447313071,-2.2581780736472954,1.2613467350297499e-20,8,3,2025-12-17
TRGP/IQV,TRGP,IQV,no_reversal_protection,-3464.950405437211,-0.8217643630070133,-2.2581780736472954,5.65294570237338e-05,8,3,2025-12-17
ODFL/WYNN,ODFL,WYNN,no_reversal_protection,-1407.513243617843,-0.6241728667156705,-2.2581780736472954,2.451660375181285e-15,10,3,2025-12-17
AMCR/INTU,AMCR,INTU,long_term_tilt,2173.017816210327,0.49820086159727556,-2.279480696133283,0.9999953140396589,6,3,2025-12-17
AMCR/UHS,AMCR,UHS,long_term_tilt,1804.562578703267,1.0014365184131646,-2.279480696133283,0.9999999999742295,8,3,2025-12-17
LRCX/TRMB,LRCX,TRMB,long_term_tilt,397.0097919734525,0.24060805364281526,-2.279480696133283,0.9814396969802164,4,3,2025-12-17
LRCX/HCA,LRCX,HCA,long_term_tilt,-1137.83037707737,-1.0491789573874957,-2.279480696133283,0.0006066597162321488,2,3,2025-12-17
CSCO/REGN,CSCO,REGN,long_term_tilt,-2413.535550876806,-0.9305228324188781,-2.279480696133283,2.8327730938161765e-08,8,3,2025-12-17
CSCO/LVS,CSCO,LVS,long_term_tilt,64.95166513045478,0.035023091398577524,-2.279480696133283,0.10143403327522893,4,3,2025-12-17
DVA/TYL,DVA,TYL,long_term_tilt,-447.939999999999,-0.66853087881863,-2.279480696133283,1.4176001402466326e-12,4,3,2025-12-17
DVA/MKTX,DVA,MKTX,long_term_tilt,-689.3567839809295,-0.324821272355779,-2.279480696133283,2.7692056181456462e-08,4,3,2025-12-17
AKAM/JKHY,AKAM,JKHY,long_term_tilt,-87.08466489263216,-0.2068476934694324,-2.279480696133283,4.3439088958839986e-07,4,3,2025-12-17
AKAM/XYL,AKAM,XYL,long_term_tilt,-1595.696582026806,-0.7870340610463131,-2.279480696133283,0.0002639714682828645,8,3,2025-12-17
BWA/CDW,BWA,CDW,long_term_tilt,625.2378572259772,0.17767916341798148,-2.279480696133283,0.9319263244525952,8,3,2025-12-17
BWA/FMC,BWA,FMC,long_term_tilt,2677.852158993292,1.0662354074943616,-2.279480696133283,0.9999999999999594,10,3,2025-12-17
TRGP/IR,TRGP,IR,long_term_tilt,19.51278039435829,0.01422373495154366,-2.279480696133283,0.03969248952464517,8,3,2025-12-17
TRGP/IQV,TRGP,IQV,long_term_tilt,2571.517212861165,0.8547834320117196,-2.279480696133283,0.999999698162175,16,3,2025-12-17
ODFL/WYNN,ODFL,WYNN,long_term_tilt,940.1287590561222,0.404744834107524,-2.279480696133283,0.9999893558115233,8,3,2025-12-17
AMCR/INTU,AMCR,INTU,beta_neutral_long_term,-79.21747801033212,-0.01086873245279084,-2.2837754946016005,0.010583540706318928,6,3,2025-12-17
AMCR/UHS,AMCR,UHS,beta_neutral_long_term,1323.638117564741,0.5482015824896294,-2.2837754946016005,0.9999999968809544,8,3,2025-12-17
LRCX/TRMB,LRCX,TRMB,beta_neutral_long_term,933.812113346575,0.35274382563247647,-2.2837754946016005,0.9969798810815071,4,3,2025-12-17
LRCX/HCA,LRCX,HCA,beta_neutral_long_term,-1153.905484538559,-1.043774876129689,-2.2837754946016005,0.0002573943197600308,2,3,2025-12-17
CSCO/REGN,CSCO,REGN,beta_neutral_long_term,-2931.893928157171,-0.9469425398912044,-2.2837754946016005,2.324250991944511e-11,8,3,2025-12-17
CSCO/LVS,CSCO,LVS,beta_neutral_long_term,1067.83677470462,0.6738412199706066,-2.2837754946016005,0.9940615831205809,4,3,2025-12-17
DVA/TYL,DVA,TYL,beta_neutral_long_term,-253.8099999999988,-0.35931795467701166,-2.2837754946016005,5.39620734792683e-10,4,3,2025-12-17
DVA/MKTX,DVA,MKTX,beta_neutral_long_term,-1299.493728015645,-0.4849016700503568,-2.2837754946016005,0.00016982783910985896,4,3,2025-12-17
AKAM/JKHY,AKAM,JKHY,beta_neutral_long_term,37.9247494821951,0.12482306449408635,-2.2837754946016005,0.7072766158546185,4,3,2025-12-17
AKAM/XYL,AKAM,XYL,beta_neutral_long_term,-1871.625480106905,-0.8417322232535063,-2.2837754946016005,1.402892639037728e-07,8,3,2025-12-17
BWA/CDW,BWA,CDW,beta_neutral_long_term,577.3846560386678,0.17535125596407802,-2.2837754946016005,0.9555987162174301,8,3,2025-12-17
BWA/FMC,BWA,FMC,beta_neutral_long_term,696.4450870640915,0.24094172757347618,-2.2837754946016005,0.9844596555469405,10,3,2025-12-17
TRGP/IR,TRGP,IR,beta_neutral_long_term,-1039.382520914696,-0.32976846550122907,-2.2837754946016005,1.0503709719008353e-19,8,3,2025-12-17
TRGP/IQV,TRGP,IQV,beta_neutral_long_term,519.6730045171449,0.12757813893157866,-2.2837754946016005,0.6812777291494297,16,3,2025-12-17
ODFL/WYNN,ODFL,WYNN,beta_neutral_long_term,581.7964373905074,0.23699255569075903,-2.2837754946016005,0.9896669475079316,8,3,2025-12-17
AMCR/INTU,AMCR,INTU,crash_tolerant,-624.7481037136502,-0.15637382396592192,-2.448448385731093,1.838124815736559e-13,12,3,2025-12-17
AMCR/UHS,AMCR,UHS,crash_tolerant,-1029.041704043808,-0.3415019042381057,-2.448448385731093,1.0520678083805343e-12,12,3,2025-12-17
LRCX/TRMB,LRCX,TRMB,crash_tolerant,2172.670495240669,0.6582800676680793,-2.448448385731093,0.9999999993767226,8,3,2025-12-17
LRCX/HCA,LRCX,HCA,crash_tolerant,-332.8942715613857,-0.0651147761415813,-2.448448385731093,0.00035669394412840886,4,3,2025-12-17
CSCO/REGN,CSCO,REGN,crash_tolerant,-1944.362300748637,-0.45932269041875073,-2.448448385731093,2.313029852776841e-25,16,3,2025-12-17
CSCO/LVS,CSCO,LVS,crash_tolerant,2336.623295398123,0.6760178798276828,-2.448448385731093,0.999972303235923,6,3,2025-12-17
DVA/TYL,DVA,TYL,crash_tolerant,-124.0900000000007,-0.1356484318310407,-2.448448385731093,3.648837788588581e-05,4,3,2025-12-17
DVA/MKTX,DVA,MKTX,crash_tolerant,1831.617479385463,0.5703036934759851,-2.448448385731093,0.9998817563458007,8,3,2025-12-17
AKAM/JKHY,AKAM,JKHY,crash_tolerant,345.3775305049862,0.16203284764902287,-2.448448385731093,0.7978472226264339,4,3,2025-12-17
AKAM/XYL,AKAM,XYL,crash_tolerant,-2603.139427799723,-0.6261153869431512,-2.448448385731093,6.148500147365313e-05,10,3,2025-12-17
BWA/CDW,BWA,CDW,crash_tolerant,1232.309577394131,0.36691797722974,-2.448448385731093,0.9999918865446923,14,3,2025-12-17
BWA/FMC,BWA,FMC,crash_tolerant,429.4676057913211,0.12289189486811485,-2.448448385731093,0.6626614975602665,14,3,2025-12-17
TRGP/IR,TRGP,IR,crash_tolerant,-3556.255295077954,-1.2715211758583786,-2.448448385731093,5.217917157446834e-15,10,3,2025-12-17
TRGP/IQV,TRGP,IQV,crash_tolerant,-3212.732416982225,-1.0057005052262586,-2.448448385731093,3.6171574889667606e-09,12,3,2025-12-17
ODFL/WYNN,ODFL,WYNN,crash_tolerant,-1907.970224232696,-0.4989300936052524,-2.448448385731093,2.70731607363284e-12,10,3,2025-12-17
AMCR/INTU,AMCR,INTU,weekly_aligned_windows,-6948.309436921671,-1.7008469107854776,-2.4608622784106675,1.0354158745366964e-09,78,3,2025-12-17
AMCR/UHS,AMCR,UHS,weekly_aligned_windows,-1126.870123427069,-0.34214237180758783,-2.4608622784106675,2.4688322319414276e-16,70,3,2025-12-17
LRCX/TRMB,LRCX,TRMB,weekly_aligned_windows,1676.890199373624,0.4501082761592731,-2.4608622784106675,0.9999999997131055,78,3,2025-12-17
LRCX/HCA,LRCX,HCA,weekly_aligned_windows,-391.8528154204444,-0.06142398580752671,-2.4608622784106675,0.0001320338368028382,72,3,2025-12-17
CSCO/REGN,CSCO,REGN,weekly_aligned_windows,-987.0826627931324,-0.1907785863539653,-2.4608622784106675,4.3132029886105154e-14,78,3,2025-12-17
CSCO/LVS,CSCO,LVS,weekly_aligned_windows,115.2733707278855,0.03171766807004596,-2.4608622784106675,0.08171384277605331,72,3,2025-12-17
DVA/TYL,DVA,TYL,weekly_aligned_windows,-4811.579999999993,-1.518149134702893,-2.4608622784106675,3.460768885397025e-44,66,3,2025-12-17
DVA/MKTX,DVA,MKTX,weekly_aligned_windows,-1325.119951526579,-0.24914797387184723,-2.4608622784106675,1.0905273736941122e-16,70,3,2025-12-17
AKAM/JKHY,AKAM,JKHY,weekly_aligned_windows,-3938.782006727564,-1.439450587638164,-2.4608622784106675,1.3002548816874136e-16,72,3,2025-12-17
AKAM/XYL,AKAM,XYL,weekly_aligned_windows,-3251.330750492748,-0.9479704294337188,-2.4608622784106675,1.5476233424474437e-10,62,3,2025-12-17
BWA/CDW,BWA,CDW,weekly_aligned_windows,-1767.370367034747,-0.654469552198325,-2.4608622784106675,1.700360733751637e-39,84,3,2025-12-17
BWA/FMC,BWA,FMC,weekly_aligned_windows,1998.574311575734,0.2531450555869142,-2.4608622784106675,0.9867704436661553,76,3,2025-12-17
TRGP/IR,TRGP,IR,weekly_aligned_windows,-945.3536749781487,-0.2053774480224759,-2.4608622784106675,3.282944283645582e-09,88,3,2025-12-17
TRGP/IQV,TRGP,IQV,weekly_aligned_windows,3108.085892761938,0.6043470367274337,-2.4608622784106675,0.9999998739093109,82,3,2025-12-17
ODFL/WYNN,ODFL,WYNN,weekly_aligned_windows,2218.603116784697,0.4960213185030309,-2.4608622784106675,0.999999999890674,78,3,2025-12-17
AMCR/INTU,AMCR,INTU,trend_leverage,65.91716491020611,0.02168205452185074,-2.9473338756131957,0.06709949333744288,12,3,2025-12-17
AMCR/UHS,AMCR,UHS,trend_leverage,-776.5482066264245,-0.34573598125280264,-2.9473338756131957,8.681716360635995e-13,12,3,2025-12-17
LRCX/TRMB,LRCX,TRMB,trend_leverage,1636.917042522229,0.6645268015860978,-2.9473338756131957,0.999999999506744,8,3,2025-12-17
LRCX/HCA,LRCX,HCA,trend_leverage,-564.3497006944574,-0.14751482365138882,-2.9473338756131957,6.698800398977647e-06,4,3,2025-12-17
CSCO/REGN,CSCO,REGN,trend_leverage,-3402.126262783554,-0.8170904790671372,-2.9473338756131957,6.499340303360971e-11,16,3,2025-12-17
CSCO/LVS,CSCO,LVS,trend_leverage,1747.042457577679,0.6765821749629995,-2.9473338756131957,0.999972894655049,6,3,2025-12-17
DVA/TYL,DVA,TYL,trend_leverage,-91.36000000000053,-0.1347451066051257,-2.9473338756131957,3.815751744881313e-05,4,3,2025-12-17
DVA/MKTX,DVA,MKTX,trend_leverage,1360.607400698055,0.5708100426125201,-2.9473338756131957,0.9998860673226827,8,3,2025-12-17
AKAM/JKHY,AKAM,JKHY,trend_leverage,266.1347632405052,0.16631780230389223,-2.9473338756131957,0.810101002677643,4,3,2025-12-17
AKAM/XYL,AKAM,XYL,trend_leverage,-1953.800922662987,-0.6275568060660555,-2.9473338756131957,6.541712786083862e-05,10,3,2025-12-17
BWA/CDW,BWA,CDW,trend_leverage,477.4025060074723,0.18571139020598168,-2.9473338756131957,0.9451043155011148,14,3,2025-12-17
BWA/FMC,BWA,FMC,trend_leverage,1875.589749421288,0.6283449993400431,-2.9473338756131957,0.9999999987991898,14,3,2025-12-17
TRGP/IR,TRGP,IR,trend_leverage,-2134.916453773905,-0.9368822223852659,-2.9473338756131957,8.077912648485481e-22,10,3,2025-12-17
TRGP/IQV,TRGP,IQV,trend_leverage,-3561.316987999187,-1.0027976203063524,-2.9473338756131957,0.0003730675008912475,12,3,2025-12-17
ODFL/WYNN,ODFL,WYNN,trend_leverage,-1428.692456907864,-0.4986306293791414,-2.9473338756131957,2.901360967025699e-12,10,3,2025-12-17
AMCR/INTU,AMCR,INTU,short_term_beta_neutral,230.3407806128716,0.09557544204298074,-3.3296673154072214,0.47367064750084426,14,3,2025-12-17
AMCR/UHS,AMCR,UHS,short_term_beta_neutral,74.70622966962532,0.0305178140759154,-3.3296673154072214,0.07346898452377439,18,3,2025-12-17
LRCX/TRMB,LRCX,TRMB,short_term_beta_neutral,711.5249097711792,0.2460038649006199,-3.3296673154072214,0.9835846897507978,12,3,2025-12-17
LRCX/HCA,LRCX,HCA,short_term_beta_neutral,242.6511347809178,0.13886642759348944,-3.3296673154072214,0.7394651353764379,10,3,2025-12-17
CSCO/REGN,CSCO,REGN,short_term_beta_neutral,-809.5557446637274,-0.38856532862034426,-3.3296673154072214,3.613487706310842e-15,14,3,2025-12-17
CSCO/LVS,CSCO,LVS,short_term_beta_neutral,-385.3219685989934,-0.2304350891850146,-3.3296673154072214,1.7436254375462455e-13,12,3,2025-12-17
DVA/TYL,DVA,TYL,short_term_beta_neutral,-731.510000000003,-0.8103403351845483,-3.3296673154072214,9.857644952529815e-19,8,3,2025-12-17
DVA/MKTX,DVA,MKTX,short_term_beta_neutral,85.44330909324668,0.03952404295444946,-3.3296673154072214,0.11324154786868057,12,3,2025-12-17
AKAM/JKHY,AKAM,JKHY,short_term_beta_neutral,643.3483227753111,0.6733144775359139,-3.3296673154072214,0.9999999969190183,10,3,2025-12-17
AKAM/XYL,AKAM,XYL,short_term_beta_neutral,-2754.86522670106,-1.1558401242890792,-3.3296673154072214,6.34362044193618e-08,22,3,2025-12-17
BWA/CDW,BWA,CDW,short_term_beta_neutral,-148.9425060578174,-0.1007626262931095,-3.3296673154072214,1.0475671198047903e-06,14,3,2025-12-17
BWA/FMC,BWA,FMC,short_term_beta_neutral,2195.046617230718,0.6781891767722982,-3.3296673154072214,0.9999999711943057,16,3,2025-12-17
TRGP/IR,TRGP,IR,short_term_beta_neutral,-1235.627373820993,-0.7551591463209274,-3.3296673154072214,1.451169866791622e-14,14,3,2025-12-17
TRGP/IQV,TRGP,IQV,short_term_beta_neutral,-2852.153219922126,-0.4812568447147951,-3.3296673154072214,2.3143215494745444e-06,16,3,2025-12-17
ODFL/WYNN,ODFL,WYNN,short_term_beta_neutral,-968.1024926753851,-0.47187753384717085,-3.3296673154072214,9.674330261253984e-13,16,3,2025-12-17
AMCR/INTU,AMCR,INTU,fast_rebalance,-338.9406892805442,-0.19702292430916304,-3.474685367882826,8.835765698202401e-12,12,3,2025-12-17
AMCR/UHS,AMCR,UHS,fast_rebalance,-1165.432929726205,-0.7455927026639291,-3.474685367882826,2.5735593269841813e-15,16,3,2025-12-17
LRCX/TRMB,LRCX,TRMB,fast_rebalance,1632.858192389232,1.09786505139369,-3.474685367882826,0.9999999999647714,8,3,2025-12-17
LRCX/HCA,LRCX,HCA,fast_rebalance,1656.252317575684,0.3242727838270437,-3.474685367882826,0.999878056013761,10,3,2025-12-17
CSCO/REGN,CSCO,REGN,fast_rebalance,86.38943493659963,0.04991428573551838,-3.474685367882826,0.16595366077258455,12,3,2025-12-17
CSCO/LVS,CSCO,LVS,fast_rebalance,1044.980223402472,0.6844820609959887,-3.474685367882826,0.9999999985476548,10,3,2025-12-17
DVA/TYL,DVA,TYL,fast_rebalance,-799.3200000000022,-1.132141203115967,-3.474685367882826,2.561230383981906e-08,8,3,2025-12-17
DVA/MKTX,DVA,MKTX,fast_rebalance,147.482011760964,0.10314647226734439,-3.474685367882826,0.5212797271019384,8,3,2025-12-17
AKAM/JKHY,AKAM,JKHY,fast_rebalance,-1675.865379646091,-0.9453403258547277,-3.474685367882826,1.981708875275908e-09,8,3,2025-12-17
AKAM/XYL,AKAM,XYL,fast_rebalance,-2025.013733416345,-0.9423827224834925,-3.474685367882826,0.00010700299202543328,18,3,2025-12-17
BWA/CDW,BWA,CDW,fast_rebalance,-19.59149282883065,-0.01508222029036511,-3.474685367882826,0.007688853558341472,12,3,2025-12-17
BWA/FMC,BWA,FMC,fast_rebalance,2440.496963046344,0.9306768158086673,-3.474685367882826,0.9999999927883548,16,3,2025-12-17
TRGP/IR,TRGP,IR,fast_rebalance,-1613.286089102513,-0.9562978621350354,-3.474685367882826,2.544871920721801e-10,12,3,2025-12-17
TRGP/IQV,TRGP,IQV,fast_rebalance,-383.5117518082297,-0.24740258934222453,-3.474685367882826,1.7036075260335582e-12,10,3,2025-12-17
ODFL/WYNN,ODFL,WYNN,fast_rebalance,-217.0238588178286,-0.0915957874399402,-3.474685367882826,3.0390644488314918e-05,20,3,2025-12-17
AMCR/INTU,AMCR,INTU,entry_threshold_strong,571.7777198463164,0.2666334755430423,-3.5581196028866833,0.934396689308082,10,3,2025-12-17
AMCR/UHS,AMCR,UHS,entry_threshold_strong,2012.043189276915,1.1549129109587624,-3.5581196028866833,0.9999999998941398,10,3,2025-12-17
LRCX/TRMB,LRCX,TRMB,entry_threshold_strong,1391.121819780397,0.881800864678447,-3.5581196028866833,0.9999999999144152,8,3,2025-12-17
LRCX/HCA,LRCX,HCA,entry_threshold_strong,-377.1900864882048,-0.14851372842974184,-3.5581196028866833,6.062791224493279e-06,4,3,2025-12-17
CSCO/REGN,CSCO,REGN,entry_threshold_strong,-2782.173140272792,-0.9915350814217176,-3.5581196028866833,1.8388137397458234e-10,16,3,2025-12-17
CSCO/LVS,CSCO,LVS,entry_threshold_strong,-425.6485034244503,-0.2064216042387817,-3.5581196028866833,1.45153403817717e-13,6,3,2025-12-17
DVA/TYL,DVA,TYL,entry_threshold_strong,-62.07999999999865,-0.13950384550626446,-3.5581196028866833,3.000337758774112e-05,4,3,2025-12-17
DVA/MKTX,DVA,MKTX,entry_threshold_strong,-681.8080934090027,-0.30709594282295466,-3.5581196028866833,1.1613150266105355e-09,8,3,2025-12-17
AKAM/JKHY,AKAM,JKHY,entry_threshold_strong,186.577594961048,0.17544266740066922,-3.5581196028866833,0.8358157532021289,4,3,2025-12-17
AKAM/XYL,AKAM,XYL,entry_threshold_strong,-319.1927185520996,-0.2839279150048826,-3.5581196028866833,1.7919766890402355e-06,6,3,2025-12-17
BWA/CDW,BWA,CDW,entry_threshold_strong,1347.979265213087,0.7422115718183846,-3.5581196028866833,0.9999999999999161,12,3,2025-12-17
BWA/FMC,BWA,FMC,entry_threshold_strong,901.6396864443961,0.44116185756188747,-3.5581196028866833,0.9999973445000818,12,3,2025-12-17
TRGP/IR,TRGP,IR,entry_threshold_strong,-929.9972438138785,-0.6004066454497266,-3.5581196028866833,1.887641355672571e-22,8,3,2025-12-17
TRGP/IQV,TRGP,IQV,entry_threshold_strong,-1765.470249611583,-0.7539325552136035,-3.5581196028866833,0.00020847944447957453,10,3,2025-12-17
ODFL/WYNN,ODFL,WYNN,entry_threshold_strong,-956.293254724935,-0.42548388424817235,-3.5581196028866833,1.0212183595667217e-13,10,3,2025-12-17
AMCR/INTU,AMCR,INTU,entry_filter_kalman,569.8974558087762,0.2657357183897088,-3.5652560071615165,0.9337832422842465,10,3,2025-12-17
AMCR/UHS,AMCR,UHS,entry_filter_kalman,2005.5680321059,1.1589704116623558,-3.5652560071615165,0.9999999998905096,10,3,2025-12-17
LRCX/TRMB,LRCX,TRMB,entry_filter_kalman,1440.98965380558,0.8893327194222677,-3.5652560071615165,0.9999999998604502,8,3,2025-12-17
LRCX/HCA,LRCX,HCA,entry_filter_kalman,-377.909846099482,-0.15013381640728465,-3.5652560071615165,5.9887355322847e-06,4,3,2025-12-17
CSCO/REGN,CSCO,REGN,entry_filter_kalman,-2778.052747274021,-0.9893591973295331,-3.5652560071615165,1.7143231698209804e-10,16,3,2025-12-17
CSCO/LVS,CSCO,LVS,entry_filter_kalman,-392.3606865655547,-0.19320329402376257,-3.5652560071615165,7.436941450525467e-13,6,3,2025-12-17
DVA/TYL,DVA,TYL,entry_filter_kalman,-62.07999999999865,-0.13950384550626446,-3.5652560071615165,3.000337758774112e-05,4,3,2025-12-17
DVA/MKTX,DVA,MKTX,entry_filter_kalman,-709.6580934090042,-0.3163837110177031,-3.5652560071615165,1.0950545411668853e-09,8,3,2025-12-17
AKAM/JKHY,AKAM,JKHY,entry_filter_kalman,176.3811628728706,0.16908365791102362,-3.5652560071615165,0.8212213903053087,4,3,2025-12-17
AKAM/XYL,AKAM,XYL,entry_filter_kalman,-315.6922722843834,-0.2838459987705697,-3.5652560071615165,1.5622817097504228e-06,6,3,2025-12-17
BWA/CDW,BWA,CDW,entry_filter_kalman,1338.889560238673,0.7349866358299633,-3.5652560071615165,0.9999999999998821,12,3,2025-12-17
BWA/FMC,BWA,FMC,entry_filter_kalman,825.1880903418655,0.4078895351621881,-3.5652560071615165,0.9999846095698233,12,3,2025-12-17
TRGP/IR,TRGP,IR,entry_filter_kalman,-913.3220064960115,-0.5890949624647047,-3.5652560071615165,1.1698381800582863e-22,8,3,2025-12-17
TRGP/IQV,TRGP,IQV,entry_filter_kalman,-1765.25384372349,-0.7525595532615835,-3.5652560071615165,0.00020196350890697547,10,3,2025-12-17
ODFL/WYNN,ODFL,WYNN,entry_filter_kalman,-932.4732186448439,-0.4144006282762197,-3.5652560071615165,1.5478367296753312e-13,10,3,2025-12-17
AMCR/INTU,AMCR,INTU,short_term_tilt,-338.8520465891278,-0.1969728839567485,-3.6240028415968264,8.773998240974747e-12,12,3,2025-12-17
AMCR/UHS,AMCR,UHS,short_term_tilt,-1481.006561074779,-0.9853155961631462,-3.6240028415968264,4.952445500141736e-15,16,3,2025-12-17
LRCX/TRMB,LRCX,TRMB,short_term_tilt,1632.858192389232,1.09786505139369,-3.6240028415968264,0.9999999999647714,8,3,2025-12-17
LRCX/HCA,LRCX,HCA,short_term_tilt,1427.314813040373,0.2784906287975459,-3.6240028415968264,0.9994551193686696,12,3,2025-12-17
CSCO/REGN,CSCO,REGN,short_term_tilt,86.38943493659963,0.04991428573551838,-3.6240028415968264,0.16595366077258455,12,3,2025-12-17
CSCO/LVS,CSCO,LVS,short_term_tilt,1044.980223402472,0.6844820609959887,-3.6240028415968264,0.9999999985476548,10,3,2025-12-17
DVA/TYL,DVA,TYL,short_term_tilt,-803.0500000000022,-1.1825028505375277,-3.6240028415968264,1.7651014355004948e-07,8,3,2025-12-17
DVA/MKTX,DVA,MKTX,short_term_tilt,-500.2000355647298,-0.31154508511727813,-3.6240028415968264,7.5989709900729935e-06,10,3,2025-12-17
AKAM/JKHY,AKAM,JKHY,short_term_tilt,-1785.148149838504,-1.0024708172431027,-3.6240028415968264,2.3343166614978134e-09,10,3,2025-12-17
AKAM/XYL,AKAM,XYL,short_term_tilt,-2024.233733416345,-0.9421177999672219,-3.6240028415968264,0.00010725027339321463,18,3,2025-12-17
BWA/CDW,BWA,CDW,short_term_tilt,-16.98183653528525,-0.013090215808404792,-3.6240028415968264,0.00870127788423488,12,3,2025-12-17
BWA/FMC,BWA,FMC,short_term_tilt,2439.520832066316,0.9303849729295329,-3.6240028415968264,0.9999999927624013,16,3,2025-12-17
TRGP/IR,TRGP,IR,short_term_tilt,-1613.286089102513,-0.9562978621350354,-3.6240028415968264,2.544871920721801e-10,12,3,2025-12-17
TRGP/IQV,TRGP,IQV,short_term_tilt,-383.5117518082297,-0.24740258934222453,-3.6240028415968264,1.7036075260335582e-12,10,3,2025-12-17
ODFL/WYNN,ODFL,WYNN,short_term_tilt,-217.0238588178286,-0.0915957874399402,-3.6240028415968264,3.0390644488314918e-05,20,3,2025-12-17
AMCR/INTU,AMCR,INTU,sensitive_reversal,814.2523945215327,0.39607852126926507,-3.9216381413816936,0.9810107988716837,12,3,2025-12-17
AMCR/UHS,AMCR,UHS,sensitive_reversal,-755.4802408810936,-0.5075043327581444,-3.9216381413816936,4.253631138811444e-12,14,3,2025-12-17
LRCX/TRMB,LRCX,TRMB,sensitive_reversal,2515.335357058508,1.5834364538949108,-3.9216381413816936,0.9999999999999836,10,3,2025-12-17
LRCX/HCA,LRCX,HCA,sensitive_reversal,188.1261934485512,0.07539002173528805,-3.9216381413816936,0.32158384514058547,2,3,2025-12-17
CSCO/REGN,CSCO,REGN,sensitive_reversal,-2365.037484699484,-0.8864534267197878,-3.9216381413816936,2.449815538947481e-09,20,3,2025-12-17
CSCO/LVS,CSCO,LVS,sensitive_reversal,1641.360077239291,1.0392714019660114,-3.9216381413816936,0.9999892900085954,6,3,2025-12-17
DVA/TYL,DVA,TYL,sensitive_reversal,-35.52000000000061,-0.1582041035800163,-3.9216381413816936,2.1297767996419137e-08,4,3,2025-12-17
DVA/MKTX,DVA,MKTX,sensitive_reversal,-4.319361319152335,-0.0028924665385091646,-3.9216381413816936,0.01648081764556918,12,3,2025-12-17
AKAM/JKHY,AKAM,JKHY,sensitive_reversal,-43.75746228640799,-0.04177542268818254,-3.9216381413816936,0.000907490661035939,4,3,2025-12-17
AKAM/XYL,AKAM,XYL,sensitive_reversal,-1776.865865671554,-0.8813072247941508,-3.9216381413816936,0.0005077575339468611,10,3,2025-12-17
BWA/CDW,BWA,CDW,sensitive_reversal,21.38972485443537,0.016064313384292105,-3.9216381413816936,0.03955788485194704,16,3,2025-12-17
BWA/FMC,BWA,FMC,sensitive_reversal,2144.097880803551,1.2415725328852187,-3.9216381413816936,0.9999999992282602,14,3,2025-12-17
TRGP/IR,TRGP,IR,sensitive_reversal,-733.9327165849504,-0.7510831740065544,-3.9216381413816936,3.1444980930770285e-13,8,3,2025-12-17
TRGP/IQV,TRGP,IQV,sensitive_reversal,-1963.705215292675,-0.8448964975406873,-3.9216381413816936,0.00037360834150855266,10,3,2025-12-17
ODFL/WYNN,ODFL,WYNN,sensitive_reversal,-2028.669952316768,-1.0279899809967918,-3.9216381413816936,2.933254237582179e-11,14,3,2025-12-17
AMCR/INTU,AMCR,INTU,beta_neutral,-352.9781609213474,-0.15683706211407492,-4.127593006563752,5.413693917298342e-12,10,3,2025-12-17
AMCR/UHS,AMCR,UHS,beta_neutral,8.17968547299165,0.003731652387076188,-4.127593006563752,0.02232016101028996,12,3,2025-12-17
LRCX/TRMB,LRCX,TRMB,beta_neutral,1401.702498521053,0.5706365703409007,-4.127593006563752,0.9999985003797505,8,3,2025-12-17
LRCX/HCA,LRCX,HCA,beta_neutral,188.1261934485512,0.07539002173528805,-4.127593006563752,0.32158384514058547,2,3,2025-12-17
CSCO/REGN,CSCO,REGN,beta_neutral,-3033.947808780452,-1.0062850134622658,-4.127593006563752,2.035016666168721e-11,16,3,2025-12-17
CSCO/LVS,CSCO,LVS,beta_neutral,1129.591360541329,0.6999945912559721,-4.127593006563752,0.9975574312698776,6,3,2025-12-17
DVA/TYL,DVA,TYL,beta_neutral,40.93000000000021,0.06253466977717154,-4.127593006563752,0.22303535492831827,4,3,2025-12-17
DVA/MKTX,DVA,MKTX,beta_neutral,164.3274108612769,0.14156648845433345,-4.127593006563752,0.7633608752384782,8,3,2025-12-17
AKAM/JKHY,AKAM,JKHY,beta_neutral,369.7683560555076,0.2410795346848526,-4.127593006563752,0.9240617795862447,4,3,2025-12-17
AKAM/XYL,AKAM,XYL,beta_neutral,-1460.982477726275,-0.6435159965285504,-4.127593006563752,2.2882461554360477e-06,8,3,2025-12-17
BWA/CDW,BWA,CDW,beta_neutral,-862.8210204820975,-0.46648723857077795,-4.127593006563752,8.161994591197891e-18,14,3,2025-12-17
BWA/FMC,BWA,FMC,beta_neutral,1282.55916557147,0.5626090278402578,-4.127593006563752,0.9998532266416451,14,3,2025-12-17
TRGP/IR,TRGP,IR,beta_neutral,-754.9548597980246,-0.43264825952895086,-4.127593006563752,1.3012941809274912e-17,8,3,2025-12-17
TRGP/IQV,TRGP,IQV,beta_neutral,-2797.129014131114,-1.1902691424963492,-4.127593006563752,0.0006501841964027033,10,3,2025-12-17
ODFL/WYNN,ODFL,WYNN,beta_neutral,-3478.412220736654,-2.0420321182881325,-4.127593006563752,7.932931554924626e-09,12,3,2025-12-17
AMCR/INTU,AMCR,INTU,default,-528.2378138900023,-0.28767641292876756,-4.127892724849791,3.7706243394374174e-08,10,3,2025-12-17
AMCR/UHS,AMCR,UHS,default,-516.0675276777982,-0.34398578534977264,-4.127892724849791,1.0872359949723177e-12,12,3,2025-12-17
LRCX/TRMB,LRCX,TRMB,default,1026.743443144707,0.6366527217412439,-4.127892724849791,0.9999999987399306,8,3,2025-12-17
LRCX/HCA,LRCX,HCA,default,188.1261934485512,0.07539002173528805,-4.127892724849791,0.32158384514058547,2,3,2025-12-17
CSCO/REGN,CSCO,REGN,default,-2504.817116434,-0.9103162093304434,-4.127892724849791,3.8711869299997213e-10,16,3,2025-12-17
CSCO/LVS,CSCO,LVS,default,1170.715782246555,0.677722610573499,-4.127892724849791,0.9999736520420246,6,3,2025-12-17
DVA/TYL,DVA,TYL,default,-64.85999999999865,-0.14472252652444936,-4.127892724849791,2.2991146420552173e-05,4,3,2025-12-17
DVA/MKTX,DVA,MKTX,default,907.7982671320353,0.5713392642171635,-4.127892724849791,0.9998860984856682,8,3,2025-12-17
AKAM/JKHY,AKAM,JKHY,default,127.7230405470191,0.1203007078322176,-4.127892724849791,0.6181012743079649,4,3,2025-12-17
AKAM/XYL,AKAM,XYL,default,-1309.01463986635,-0.6299728740845193,-4.127892724849791,6.57172517516451e-05,8,3,2025-12-17
BWA/CDW,BWA,CDW,default,445.8736039641819,0.26974750338900955,-4.127892724849791,0.9985656876316101,14,3,2025-12-17
BWA/FMC,BWA,FMC,default,943.0501154179461,0.5121843988853729,-4.127892724849791,0.9999993619034385,14,3,2025-12-17
TRGP/IR,TRGP,IR,default,-1357.834066693766,-1.059101111532533,-4.127892724849791,4.174031454364538e-14,8,3,2025-12-17
TRGP/IQV,TRGP,IQV,default,-1763.473515187086,-0.7530409313095258,-4.127892724849791,0.0002072880110780729,10,3,2025-12-17
ODFL/WYNN,ODFL,WYNN,default,-936.9597102958371,-0.49317259301246225,-4.127892724849791,3.0640496259702027e-12,10,3,2025-12-17
AMCR/INTU,AMCR,INTU,uniform_weights,-624.2986135812655,-0.3120164383958363,-4.161262622031687,1.4946093776862114e-09,12,3,2025-12-17
AMCR/UHS,AMCR,UHS,uniform_weights,235.8867239316955,0.14718293102960867,-4.161262622031687,0.8148629720306508,12,3,2025-12-17
LRCX/TRMB,LRCX,TRMB,uniform_weights,1093.870344971623,0.6672540916857028,-4.161262622031687,0.99999999956776,8,3,2025-12-17
LRCX/HCA,LRCX,HCA,uniform_weights,-163.905071567465,-0.06434932877044591,-4.161262622031687,0.00036834003960282014,4,3,2025-12-17
CSCO/REGN,CSCO,REGN,uniform_weights,-2238.850281019877,-0.8099234148430455,-4.161262622031687,6.747013729048877e-11,16,3,2025-12-17
CSCO/LVS,CSCO,LVS,uniform_weights,1170.038564779863,0.6781876020700986,-4.161262622031687,0.9999737542116495,6,3,2025-12-17
DVA/TYL,DVA,TYL,uniform_weights,-62.07999999999865,-0.13950384550626446,-4.161262622031687,3.000337758774112e-05,4,3,2025-12-17
DVA/MKTX,DVA,MKTX,uniform_weights,907.7982671320353,0.5713392642171635,-4.161262622031687,0.9998860984856682,8,3,2025-12-17
AKAM/JKHY,AKAM,JKHY,uniform_weights,183.7158355511126,0.17113699622722,-4.161262622031687,0.8229861545341235,4,3,2025-12-17
AKAM/XYL,AKAM,XYL,uniform_weights,-1305.16463986635,-0.6283211422923496,-4.161262622031687,6.55885670942136e-05,8,3,2025-12-17
BWA/CDW,BWA,CDW,uniform_weights,441.3985956752276,0.2671587361064551,-4.161262622031687,0.9983690310359831,14,3,2025-12-17
BWA/FMC,BWA,FMC,uniform_weights,220.1852356708648,0.12628953683298344,-4.161262622031687,0.6852365916714567,14,3,2025-12-17
TRGP/IR,TRGP,IR,uniform_weights,-1144.180717534748,-1.0534822243218376,-4.161262622031687,5.306728725136655e-09,6,3,2025-12-17
TRGP/IQV,TRGP,IQV,uniform_weights,-1806.629138207152,-0.7922514039725744,-4.161262622031687,0.0004944958438555935,12,3,2025-12-17
ODFL/WYNN,ODFL,WYNN,uniform_weights,-942.5087050646764,-0.4956937138818894,-4.161262622031687,2.8576896559673754e-12,10,3,2025-12-17
AMCR/INTU,AMCR,INTU,balanced,-528.0243056693497,-0.2875798126151822,-4.171675869666092,3.7605121181570704e-08,10,3,2025-12-17
AMCR/UHS,AMCR,UHS,balanced,-512.0520314601627,-0.3416370126146506,-4.171675869666092,1.2746554387401192e-12,12,3,2025-12-17
LRCX/TRMB,LRCX,TRMB,balanced,1031.815093691518,0.6424958573203785,-4.171675869666092,0.9999999991573361,8,3,2025-12-17
LRCX/HCA,LRCX,HCA,balanced,-571.0951905055751,-0.22228782037325387,-4.171675869666092,1.3968083416123252e-06,4,3,2025-12-17
CSCO/REGN,CSCO,REGN,balanced,-2505.359557364008,-0.9109557447417838,-4.171675869666092,4.0111519837546306e-10,16,3,2025-12-17
CSCO/LVS,CSCO,LVS,balanced,1173.066158642088,0.6813594500405101,-4.171675869666092,0.9999761914431639,6,3,2025-12-17
DVA/TYL,DVA,TYL,balanced,-62.07999999999865,-0.13950384550626446,-4.171675869666092,3.000337758774112e-05,4,3,2025-12-17
DVA/MKTX,DVA,MKTX,balanced,907.7982671320353,0.5713392642171635,-4.171675869666092,0.9998860984856682,8,3,2025-12-17
AKAM/JKHY,AKAM,JKHY,balanced,127.7230405470191,0.1203007078322176,-4.171675869666092,0.6181012743079649,4,3,2025-12-17
AKAM/XYL,AKAM,XYL,balanced,-1305.16463986635,-0.6283211422923496,-4.171675869666092,6.55885670942136e-05,8,3,2025-12-17
BWA/CDW,BWA,CDW,balanced,154.1423312758153,0.09091968438134285,-4.171675869666092,0.423082808226763,14,3,2025-12-17
BWA/FMC,BWA,FMC,balanced,1250.356647367594,0.6290903308772752,-4.171675869666092,0.9999999988323784,14,3,2025-12-17
TRGP/IR,TRGP,IR,balanced,-783.9207175347458,-0.6321746970755107,-4.171675869666092,9.404169683629538e-17,6,3,2025-12-17
TRGP/IQV,TRGP,IQV,balanced,-2379.455769674939,-1.0069071272852521,-4.171675869666092,0.00038633594014301457,12,3,2025-12-17
ODFL/WYNN,ODFL,WYNN,balanced,-936.9597102958371,-0.49317259301246225,-4.171675869666092,3.0640496259702027e-12,10,3,2025-12-17
AMCR/INTU,AMCR,INTU,vol_weighted_sizing,-289.3919529875118,-0.1482348458097562,-4.363728654468032,5.206661017881169e-13,12,3,2025-12-17
AMCR/UHS,AMCR,UHS,vol_weighted_sizing,-511.4207248075167,-0.34125702593944596,-4.363728654468032,1.3032509927611206e-12,12,3,2025-12-17
LRCX/TRMB,LRCX,TRMB,vol_weighted_sizing,1094.220344971623,0.6676184539735487,-4.363728654468032,0.9999999995771072,8,3,2025-12-17
LRCX/HCA,LRCX,HCA,vol_weighted_sizing,-163.905071567465,-0.06434932877044591,-4.363728654468032,0.00036834003960282014,4,3,2025-12-17
CSCO/REGN,CSCO,REGN,vol_weighted_sizing,-2239.059020589486,-0.8099844321835786,-4.363728654468032,6.742808226399553e-11,16,3,2025-12-17
CSCO/LVS,CSCO,LVS,vol_weighted_sizing,1170.038564779863,0.6781876020700986,-4.363728654468032,0.9999737542116495,6,3,2025-12-17
DVA/TYL,DVA,TYL,vol_weighted_sizing,-62.07999999999865,-0.13950384550626446,-4.363728654468032,3.000337758774112e-05,4,3,2025-12-17
DVA/MKTX,DVA,MKTX,vol_weighted_sizing,907.7982671320353,0.5713392642171635,-4.363728654468032,0.9998860984856682,8,3,2025-12-17
AKAM/JKHY,AKAM,JKHY,vol_weighted_sizing,183.7158355511126,0.17113699622722,-4.363728654468032,0.8229861545341235,4,3,2025-12-17
AKAM/XYL,AKAM,XYL,vol_weighted_sizing,-1295.74463986635,-0.6277639650286087,-4.363728654468032,6.122217131797455e-05,10,3,2025-12-17
BWA/CDW,BWA,CDW,vol_weighted_sizing,615.3348370876936,0.3692993199669251,-4.363728654468032,0.9999928895385646,14,3,2025-12-17
BWA/FMC,BWA,FMC,vol_weighted_sizing,217.3587471716165,0.12492245083336692,-4.363728654468032,0.6763369082768828,14,3,2025-12-17
TRGP/IR,TRGP,IR,vol_weighted_sizing,-1772.140121475638,-1.27196464855246,-4.363728654468032,5.879542024610784e-15,10,3,2025-12-17
TRGP/IQV,TRGP,IQV,vol_weighted_sizing,-2379.455769674939,-1.0069071272852521,-4.363728654468032,0.00038633594014301457,12,3,2025-12-17
ODFL/WYNN,ODFL,WYNN,vol_weighted_sizing,-936.9597102958371,-0.49317259301246225,-4.363728654468032,3.0640496259702027e-12,10,3,2025-12-17
AMCR/INTU,AMCR,INTU,kalman_hedge,-290.5509824259784,-0.14882592150745358,-4.3863265034148196,4.855421570846237e-13,12,3,2025-12-17
AMCR/UHS,AMCR,UHS,kalman_hedge,-499.8234276889509,-0.334480236176006,-4.3863265034148196,9.859169340245558e-13,12,3,2025-12-17
LRCX/TRMB,LRCX,TRMB,kalman_hedge,1126.170590653669,0.6595836336389489,-4.3863265034148196,0.9999999985553997,8,3,2025-12-17
LRCX/HCA,LRCX,HCA,kalman_hedge,-198.677366528449,-0.07871707810698629,-4.3863265034148196,0.00016571884060748968,4,3,2025-12-17
CSCO/REGN,CSCO,REGN,kalman_hedge,-2231.13704699631,-0.8062804717137252,-4.3863265034148196,5.864283105606682e-11,16,3,2025-12-17
CSCO/LVS,CSCO,LVS,kalman_hedge,1147.118512490346,0.666199549325608,-4.3863265034148196,0.9999654040419733,6,3,2025-12-17
DVA/TYL,DVA,TYL,kalman_hedge,-64.85999999999865,-0.14472252652444936,-4.3863265034148196,2.2991146420552173e-05,4,3,2025-12-17
DVA/MKTX,DVA,MKTX,kalman_hedge,911.0882671320337,0.5718882641221145,-4.3863265034148196,0.999891740668725,8,3,2025-12-17
AKAM/JKHY,AKAM,JKHY,kalman_hedge,168.376035631368,0.1598885752051423,-4.3863265034148196,0.7917001091336686,4,3,2025-12-17
AKAM/XYL,AKAM,XYL,kalman_hedge,-1305.514193598633,-0.6302492635333681,-4.3863265034148196,7.131990922505523e-05,10,3,2025-12-17
BWA/CDW,BWA,CDW,kalman_hedge,623.7616305270719,0.37348964809394486,-4.3863265034148196,0.9999944171447213,14,3,2025-12-17
BWA/FMC,BWA,FMC,kalman_hedge,-8.897753791549746,-0.005019096812575455,-4.3863265034148196,0.014148749818267222,14,3,2025-12-17
TRGP/IR,TRGP,IR,kalman_hedge,-1761.228061277881,-1.2708827745289937,-4.3863265034148196,2.3990684217897077e-15,10,3,2025-12-17
TRGP/IQV,TRGP,IQV,kalman_hedge,-2379.239363786846,-1.0051359598455507,-4.3863265034148196,0.0003763719205816038,12,3,2025-12-17
ODFL/WYNN,ODFL,WYNN,kalman_hedge,-945.6678495788751,-0.4949355319556585,-4.3863265034148196,3.1256230870073347e-12,10,3,2025-12-17
AMCR/INTU,AMCR,INTU,raw_momentum,-594.5156493711008,-0.33486216370850547,-5.1407284768072685,2.1385001144030917e-06,8,3,2025-12-17
AMCR/UHS,AMCR,UHS,raw_momentum,228.3392935459951,0.25403603635214356,-5.1407284768072685,0.9923395185617736,8,3,2025-12-17
LRCX/TRMB,LRCX,TRMB,raw_momentum,1348.161104817374,1.028884713832609,-5.1407284768072685,0.9999999956066368,6,3,2025-12-17
LRCX/HCA,LRCX,HCA,raw_momentum,188.1261934485512,0.07539002173528805,-5.1407284768072685,0.32158384514058547,2,3,2025-12-17
CSCO/REGN,CSCO,REGN,raw_momentum,-3352.818826210894,-1.483740348181364,-5.1407284768072685,9.032469002430985e-05,10,3,2025-12-17
CSCO/LVS,CSCO,LVS,raw_momentum,-1446.388060977084,-0.8263617650026702,-5.1407284768072685,5.348278823350508e-08,4,3,2025-12-17
DVA/TYL,DVA,TYL,raw_momentum,-62.07999999999865,-0.13950384550626446,-5.1407284768072685,3.000337758774112e-05,4,3,2025-12-17
DVA/MKTX,DVA,MKTX,raw_momentum,901.7595768922451,0.568578833961146,-5.1407284768072685,0.9998786532225841,8,3,2025-12-17
AKAM/JKHY,AKAM,JKHY,raw_momentum,-83.58809775264848,-0.07869469331005598,-5.1407284768072685,4.3632617482651685e-05,4,3,2025-12-17
AKAM/XYL,AKAM,XYL,raw_momentum,-51.00262923010717,-0.07726759480675588,-5.1407284768072685,0.0007580703152766417,4,3,2025-12-17
BWA/CDW,BWA,CDW,raw_momentum,466.4741038841204,0.40646143071672175,-5.1407284768072685,0.9999664820211782,6,3,2025-12-17
BWA/FMC,BWA,FMC,raw_momentum,546.7151383916984,0.39154887692046036,-5.1407284768072685,0.9993549338159657,10,3,2025-12-17
TRGP/IR,TRGP,IR,raw_momentum,-1105.362220912116,-1.2743726479929407,-5.1407284768072685,7.446072685099714e-05,6,3,2025-12-17
TRGP/IQV,TRGP,IQV,raw_momentum,-984.9964466737053,-0.9162466576000421,-5.1407284768072685,6.749030976304067e-13,8,3,2025-12-17
ODFL/WYNN,ODFL,WYNN,raw_momentum,-440.9215700529201,-0.21212231549460217,-5.1407284768072685,6.478639483503043e-10,8,3,2025-12-17
AMCR/INTU,AMCR,INTU,raw_momentum_kalman,-593.728427284789,-0.3343774256742686,-5.223972117655155,2.0963709201339624e-06,8,3,2025-12-17
AMCR/UHS,AMCR,UHS,raw_momentum_kalman,260.4164064006335,0.2938538963851901,-5.223972117655155,0.9980042594668646,8,3,2025-12-17
LRCX/TRMB,LRCX,TRMB,raw_momentum_kalman,1586.882922027337,1.0614554746827602,-5.223972117655155,0.9999999999901763,6,3,2025-12-17
LRCX/HCA,LRCX,HCA,raw_momentum_kalman,188.1261934485512,0.07539002173528805,-5.223972117655155,0.32158384514058547,2,3,2025-12-17
CSCO/REGN,CSCO,REGN,raw_momentum_kalman,-4533.008236780088,-1.8443592419086643,-5.223972117655155,7.994929561815759e-06,14,3,2025-12-17
CSCO/LVS,CSCO,LVS,raw_momentum_kalman,-1390.600968878613,-0.8153736171609925,-5.223972117655155,1.2321382911912317e-08,4,3,2025-12-17
DVA/TYL,DVA,TYL,raw_momentum_kalman,-62.07999999999865,-0.13950384550626446,-5.223972117655155,3.000337758774112e-05,4,3,2025-12-17
DVA/MKTX,DVA,MKTX,raw_momentum_kalman,905.0495768922437,0.5691333925662566,-5.223972117655155,0.9998846460910804,8,3,2025-12-17
AKAM/JKHY,AKAM,JKHY,raw_momentum_kalman,168.376035631368,0.1598885752051423,-5.223972117655155,0.7917001091336686,4,3,2025-12-17
AKAM/XYL,AKAM,XYL,raw_momentum_kalman,-51.00262923010717,-0.07726759480675588,-5.223972117655155,0.0007580703152766417,4,3,2025-12-17
BWA/CDW,BWA,CDW,raw_momentum_kalman,330.1430295683653,0.2424804432556643,-5.223972117655155,0.9974438846447358,8,3,2025-12-17
BWA/FMC,BWA,FMC,raw_momentum_kalman,221.8088855133734,0.15166533803786403,-5.223972117655155,0.7969318036255953,10,3,2025-12-17
TRGP/IR,TRGP,IR,raw_momentum_kalman,-1366.214876052679,-1.5499684870396786,-5.223972117655155,3.485457514051513e-05,8,3,2025-12-17
TRGP/IQV,TRGP,IQV,raw_momentum_kalman,-1019.007320485743,-1.0808249845803384,-5.223972117655155,1.3654485891516807e-10,8,3,2025-12-17
ODFL/WYNN,ODFL,WYNN,raw_momentum_kalman,-452.8732524934412,-0.21810700423862187,-5.223972117655155,4.669610766081955e-10,8,3,2025-12-17
AMCR/INTU,AMCR,INTU,fast_strict,-331.2228843655097,-0.25688301277313136,-6.453975251852036,2.5813962522605964e-09,14,3,2025-12-17
AMCR/UHS,AMCR,UHS,fast_strict,-517.7613036200123,-0.47580552250096836,-6.453975251852036,1.2504863876879213e-11,18,3,2025-12-17
LRCX/TRMB,LRCX,TRMB,fast_strict,1225.68038002111,1.1033009450695412,-6.453975251852036,0.9999999999734545,8,3,2025-12-17
LRCX/HCA,LRCX,HCA,fast_strict,273.0755097399936,0.12664992962195207,-6.453975251852036,0.6826273494254775,12,3,2025-12-17
CSCO/REGN,CSCO,REGN,fast_strict,-468.4957070321423,-0.3630456961091588,-6.453975251852036,3.081470424596733e-20,14,3,2025-12-17
CSCO/LVS,CSCO,LVS,fast_strict,56.2327960982349,0.05361891650008591,-6.453975251852036,0.16913920279125338,10,3,2025-12-17
DVA/TYL,DVA,TYL,fast_strict,-753.9600000000019,-1.6314370127800777,-6.453975251852036,2.5172508910724365e-05,10,3,2025-12-17
DVA/MKTX,DVA,MKTX,fast_strict,83.94805352804696,0.079311537863484,-6.453975251852036,0.3210544464719644,8,3,2025-12-17
AKAM/JKHY,AKAM,JKHY,fast_strict,-1682.310757696031,-1.0408055573293544,-6.453975251852036,1.0511742605702717e-07,8,3,2025-12-17
AKAM/XYL,AKAM,XYL,fast_strict,-1615.900068211444,-1.0151210979851912,-6.453975251852036,0.0001633254459984569,18,3,2025-12-17
BWA/CDW,BWA,CDW,fast_strict,-233.1143994876223,-0.2543641943370687,-6.453975251852036,1.6920421922184654e-14,12,3,2025-12-17
BWA/FMC,BWA,FMC,fast_strict,1070.276593413227,0.7264258064383655,-6.453975251852036,0.9999997598259587,16,3,2025-12-17
TRGP/IR,TRGP,IR,fast_strict,-368.769141585627,-0.4014602850728869,-6.453975251852036,3.6996922577278063e-16,12,3,2025-12-17
TRGP/IQV,TRGP,IQV,fast_strict,-678.507483442901,-0.5739914617599617,-6.453975251852036,2.855337290524752e-16,10,3,2025-12-17
ODFL/WYNN,ODFL,WYNN,fast_strict,-2313.748506606456,-1.6414400164652538,-6.453975251852036,6.195085475241831e-13,22,3,2025-12-17
AMCR/INTU,AMCR,INTU,crash_defensive,-98.79608710477783,-0.10711379868390028,-6.853213280756929,6.157004110064926e-10,12,3,2025-12-17
AMCR/UHS,AMCR,UHS,crash_defensive,-260.3880342924372,-0.35143881800886617,-6.853213280756929,6.126287453559921e-13,12,3,2025-12-17
LRCX/TRMB,LRCX,TRMB,crash_defensive,547.6494493048273,0.6713286813193078,-6.853213280756929,0.9999999997071485,8,3,2025-12-17
LRCX/HCA,LRCX,HCA,crash_defensive,-91.51257116887197,-0.0724933255852697,-6.853213280756929,0.0002280443056164205,4,3,2025-12-17
CSCO/REGN,CSCO,REGN,crash_defensive,-2385.450564684453,-1.0562298108162327,-6.853213280756929,2.889577261123054e-05,16,3,2025-12-17
CSCO/LVS,CSCO,LVS,crash_defensive,587.6365370871106,0.6827905110823409,-6.853213280756929,0.9999765361424181,6,3,2025-12-17
DVA/TYL,DVA,TYL,crash_defensive,-32.13000000000019,-0.15164384269391507,-6.853213280756929,1.5476478372891344e-05,4,3,2025-12-17
DVA/MKTX,DVA,MKTX,crash_defensive,453.8991335660177,0.5713392642171635,-6.853213280756929,0.9998860984856682,8,3,2025-12-17
AKAM/JKHY,AKAM,JKHY,crash_defensive,91.67690786171966,0.17145006833781193,-6.853213280756929,0.8230766318713898,4,3,2025-12-17
AKAM/XYL,AKAM,XYL,crash_defensive,-643.3140258280848,-0.6286090831440436,-6.853213280756929,6.0999966103012345e-05,10,3,2025-12-17
BWA/CDW,BWA,CDW,crash_defensive,307.9939002615764,0.37218506051386524,-6.853213280756929,0.9999943511571848,14,3,2025-12-17
BWA/FMC,BWA,FMC,crash_defensive,110.2214824684682,0.12712839328184425,-6.853213280756929,0.6907959183934054,14,3,2025-12-17
TRGP/IR,TRGP,IR,crash_defensive,-885.1825437477428,-1.2762441106064344,-6.853213280756929,7.971317083509327e-15,10,3,2025-12-17
TRGP/IQV,TRGP,IQV,crash_defensive,-1950.679544754136,-0.9254424041324821,-6.853213280756929,0.0034598909941314783,12,3,2025-12-17
ODFL/WYNN,ODFL,WYNN,crash_defensive,-467.7915883126802,-0.49577446727999114,-6.853213280756929,3.3751734134406954e-12,10,3,2025-12-17
AMCR/INTU,AMCR,INTU,vol_sized_conservative,-218.5756128591344,-0.31875109625724735,-9.811992893530366,2.5682059548689225e-07,10,3,2025-12-17
AMCR/UHS,AMCR,UHS,vol_sized_conservative,189.5839722527149,0.3471032591722503,-9.811992893530366,0.9999671125667107,12,3,2025-12-17
LRCX/TRMB,LRCX,TRMB,vol_sized_conservative,392.1294660287789,0.652721302877122,-9.811992893530366,0.999999999076162,8,3,2025-12-17
LRCX/HCA,LRCX,HCA,vol_sized_conservative,80.31375333293511,0.08569524909393868,-9.811992893530366,0.3951919266131071,2,3,2025-12-17
CSCO/REGN,CSCO,REGN,vol_sized_conservative,-1320.559319927589,-1.0880696429206063,-9.811992893530366,1.2002366325416158e-06,16,3,2025-12-17
CSCO/LVS,CSCO,LVS,vol_sized_conservative,342.1431359401076,0.5389290419864832,-9.811992893530366,0.9998334417931366,6,3,2025-12-17
DVA/TYL,DVA,TYL,vol_sized_conservative,-25.17000000000016,-0.16258798736330354,-9.811992893530366,7.988839912937822e-06,4,3,2025-12-17
DVA/MKTX,DVA,MKTX,vol_sized_conservative,313.6245304177693,0.5436122991530774,-9.811992893530366,0.9998485353451163,8,3,2025-12-17
AKAM/JKHY,AKAM,JKHY,vol_sized_conservative,50.17134650306429,0.12578081042113595,-9.811992893530366,0.6470368433293547,4,3,2025-12-17
AKAM/XYL,AKAM,XYL,vol_sized_conservative,-422.442635345033,-0.5540616295425584,-9.811992893530366,4.1420086506426554e-05,8,3,2025-12-17
BWA/CDW,BWA,CDW,vol_sized_conservative,-20.34864575074374,-0.03524091836398141,-9.811992893530366,0.002273558418345581,14,3,2025-12-17
BWA/FMC,BWA,FMC,vol_sized_conservative,163.9432840482034,0.24795080612450737,-9.811992893530366,0.9916857567296015,14,3,2025-12-17
TRGP/IR,TRGP,IR,vol_sized_conservative,-500.4549552418907,-1.0535083575142132,-9.811992893530366,3.537648167419014e-14,8,3,2025-12-17
TRGP/IQV,TRGP,IQV,vol_sized_conservative,-753.879844381305,-0.698657881632304,-9.811992893530366,0.001117292804922695,8,3,2025-12-17
ODFL/WYNN,ODFL,WYNN,vol_sized_conservative,-1065.920773304932,-1.656227499547803,-9.811992893530366,1.5711810630983476e-07,12,3,2025-12-17
AMCR/INTU,AMCR,INTU,conservative,468.529934910265,0.6032269892455032,-10.229436446878449,0.9986456455854752,12,3,2025-12-17
AMCR/UHS,AMCR,UHS,conservative,-53.53364926093758,-0.10603217309718235,-10.229436446878449,2.3516649434975307e-05,14,3,2025-12-17
LRCX/TRMB,LRCX,TRMB,conservative,1061.896131959269,1.5541635560821825,-10.229436446878449,0.9999997615307193,8,3,2025-12-17
LRCX/HCA,LRCX,HCA,conservative,-121.7885997307064,-0.13490414070946755,-10.229436446878449,1.2406936710489703e-05,4,3,2025-12-17
CSCO/REGN,CSCO,REGN,conservative,-926.0055340900587,-0.7935311599225133,-10.229436446878449,1.2433145996131027e-06,16,3,2025-12-17
CSCO/LVS,CSCO,LVS,conservative,610.3549853646009,1.0369790990972532,-10.229436446878449,0.9999890809545285,6,3,2025-12-17
DVA/TYL,DVA,TYL,conservative,-25.17000000000016,-0.16258798736330354,-10.229436446878449,7.988839912937822e-06,4,3,2025-12-17
DVA/MKTX,DVA,MKTX,conservative,153.0446960823275,0.2801480147791478,-10.229436446878449,0.9912831937936943,8,3,2025-12-17
AKAM/JKHY,AKAM,JKHY,conservative,122.0093761735451,0.5582468428534569,-10.229436446878449,0.9999652690229118,4,3,2025-12-17
AKAM/XYL,AKAM,XYL,conservative,-634.7473134742951,-0.8517200054345335,-10.229436446878449,0.00043871295773952274,10,3,2025-12-17
BWA/CDW,BWA,CDW,conservative,446.0840663669169,0.8388569046896993,-10.229436446878449,0.999999999977966,14,3,2025-12-17
BWA/FMC,BWA,FMC,conservative,115.6795772298436,0.2077157003544108,-10.229436446878449,0.940306642155759,14,3,2025-12-17
TRGP/IR,TRGP,IR,conservative,-619.5192008899428,-1.2226380453002494,-10.229436446878449,4.1723590928210447e-14,10,3,2025-12-17
TRGP/IQV,TRGP,IQV,conservative,-1130.209078805802,-1.0460376321820268,-10.229436446878449,0.002633213281415938,12,3,2025-12-17
ODFL/WYNN,ODFL,WYNN,conservative,-1065.920773304932,-1.656227499547803,-10.229436446878449,1.5711810630983476e-07,12,3,2025-12-17
AMCR/INTU,AMCR,INTU,crash_tolerant,73378.74465712509,0.7462771677997896,0.4620052037648395,0.977534811300836,14,4,2026-01-28
AMCR/UHS,AMCR,UHS,crash_tolerant,-1029.041704043808,-0.3312784682212406,0.4620052037648395,1.0464852072775164e-12,12,4,2026-01-28
LRCX/TRMB,LRCX,TRMB,crash_tolerant,6146.54049524067,1.206504911469869,0.4620052037648395,0.9999999999821888,10,4,2026-01-28
LRCX/HCA,LRCX,HCA,crash_tolerant,950.5157284386155,0.1508557784405751,0.4620052037648395,0.8388216334425939,8,4,2026-01-28
CSCO/REGN,CSCO,REGN,crash_tolerant,-1948.084516623749,-0.44638680144215775,0.4620052037648395,2.3712179626376795e-25,16,4,2026-01-28
CSCO/LVS,CSCO,LVS,crash_tolerant,2334.809057205342,0.6552336574364591,0.4620052037648395,0.9999722817926754,6,4,2026-01-28
DVA/TYL,DVA,TYL,crash_tolerant,-124.0900000000007,-0.1315890856568964,0.4620052037648395,3.6387514747038135e-05,4,4,2026-01-28
DVA/MKTX,DVA,MKTX,crash_tolerant,2253.567479385464,0.6502424916177293,0.4620052037648395,0.9999816053223224,10,4,2026-01-28
AKAM/JKHY,AKAM,JKHY,crash_tolerant,345.3775305049862,0.15718378977343972,0.4620052037648395,0.7979288324597655,4,4,2026-01-28
AKAM/XYL,AKAM,XYL,crash_tolerant,-2528.639427799726,-0.5877211945908407,0.4620052037648395,4.5620120150258476e-05,10,4,2026-01-28
BWA/CDW,BWA,CDW,crash_tolerant,4762.039577394129,1.1446781537038668,0.4620052037648395,1.0,18,4,2026-01-28
BWA/FMC,BWA,FMC,crash_tolerant,-468.5948260222917,-0.11663056299576495,0.4620052037648395,3.3211233351304417e-06,16,4,2026-01-28
TRGP/IR,TRGP,IR,crash_tolerant,-3556.255295077954,-1.2332386938913462,0.4620052037648395,5.475244061850299e-15,10,4,2026-01-28
TRGP/IQV,TRGP,IQV,crash_tolerant,-3212.732416982225,-0.9754906100461741,0.4620052037648395,3.6298651964157554e-09,12,4,2026-01-28
ODFL/WYNN,ODFL,WYNN,crash_tolerant,2.929775767306182,0.000710369218015902,0.4620052037648395,0.019308460702778054,14,4,2026-01-28
AMCR/INTU,AMCR,INTU,let_profits_run,39850.23593423957,0.7635704102353145,0.4322164341244295,0.9776082443225991,10,4,2026-01-28
AMCR/UHS,AMCR,UHS,let_profits_run,55.04758224136029,0.03315462928933741,0.4322164341244295,0.08758956029175691,12,4,2026-01-28
LRCX/TRMB,LRCX,TRMB,let_profits_run,6171.644629875464,1.917643662213936,0.4322164341244295,0.999999999999978,4,4,2026-01-28
LRCX/HCA,LRCX,HCA,let_profits_run,198.3574225816502,0.08995568873670674,0.4322164341244295,0.4305022397835373,4,4,2026-01-28
CSCO/REGN,CSCO,REGN,let_profits_run,-2649.664014351118,-0.8816169933876816,0.4322164341244295,2.7154472275733497e-12,10,4,2026-01-28
CSCO/LVS,CSCO,LVS,let_profits_run,-112.28990381646,-0.050067149521891015,0.4322164341244295,0.000321590856161434,4,4,2026-01-28
DVA/TYL,DVA,TYL,let_profits_run,109.6200000000019,0.7425781571490209,0.4322164341244295,0.97612792384059,2,4,2026-01-28
DVA/MKTX,DVA,MKTX,let_profits_run,-1299.179847036731,-0.5086181825857461,0.4322164341244295,4.8634609699958944e-11,8,4,2026-01-28
AKAM/JKHY,AKAM,JKHY,let_profits_run,47.83169950278661,0.12247934250045127,0.4322164341244295,0.6986248811879168,4,4,2026-01-28
AKAM/XYL,AKAM,XYL,let_profits_run,-1137.45658177916,-0.5073269674011607,0.4322164341244295,3.435021707613491e-06,10,4,2026-01-28
BWA/CDW,BWA,CDW,let_profits_run,1765.535628327612,0.4945881229202205,0.4322164341244295,0.9999940701482821,10,4,2026-01-28
BWA/FMC,BWA,FMC,let_profits_run,7265.568953146691,1.17809380351479,0.4322164341244295,0.9888350664152835,8,4,2026-01-28
TRGP/IR,TRGP,IR,let_profits_run,-4.830970026582236,-0.003305473912756762,0.4322164341244295,0.015431134507317852,10,4,2026-01-28
TRGP/IQV,TRGP,IQV,let_profits_run,3150.031196887217,0.9456341521545615,0.4322164341244295,0.9999999924875334,16,4,2026-01-28
ODFL/WYNN,ODFL,WYNN,let_profits_run,1052.490819230866,0.38997060279680235,0.4322164341244295,0.9999992918563729,12,4,2026-01-28
AMCR/INTU,AMCR,INTU,long_term_kalman,41197.37048336407,0.7854690129614268,0.4106566490707476,0.9775265029693169,8,4,2026-01-28
AMCR/UHS,AMCR,UHS,long_term_kalman,149.947094088218,0.0818396217910551,0.4106566490707476,0.3770667821692816,8,4,2026-01-28
LRCX/TRMB,LRCX,TRMB,long_term_kalman,5453.655660131571,1.59916148540444,0.4106566490707476,0.9999999999999992,6,4,2026-01-28
LRCX/HCA,LRCX,HCA,long_term_kalman,-1127.825086668706,-1.0172833350633108,0.4106566490707476,0.000532628323363009,2,4,2026-01-28
CSCO/REGN,CSCO,REGN,long_term_kalman,-3084.190248856293,-1.1318746419790564,0.4106566490707476,4.0120231047324236e-08,8,4,2026-01-28
CSCO/LVS,CSCO,LVS,long_term_kalman,697.8988586762238,0.36476622595082875,0.4106566490707476,0.9970502146348081,2,4,2026-01-28
DVA/TYL,DVA,TYL,long_term_kalman,-447.939999999999,-0.648492111203978,0.4106566490707476,1.4109086189764172e-12,4,4,2026-01-28
DVA/MKTX,DVA,MKTX,long_term_kalman,-724.926783980931,-0.30142099250554516,0.4106566490707476,8.226924658009849e-10,6,4,2026-01-28
AKAM/JKHY,AKAM,JKHY,long_term_kalman,49.07254146067841,0.12451307626340845,0.4106566490707476,0.7121362995537395,4,4,2026-01-28
AKAM/XYL,AKAM,XYL,long_term_kalman,-1767.181100606781,-0.8325948719412571,0.4106566490707476,0.00017415661832969088,10,4,2026-01-28
BWA/CDW,BWA,CDW,long_term_kalman,2472.386501828141,0.6527571293839866,0.4106566490707476,0.9999999367945913,10,4,2026-01-28
BWA/FMC,BWA,FMC,long_term_kalman,6813.878788133405,1.103848421712187,0.4106566490707476,0.9877465050721081,8,4,2026-01-28
TRGP/IR,TRGP,IR,long_term_kalman,-329.9879429434628,-0.22072816428203904,0.4106566490707476,2.373910367192304e-13,10,4,2026-01-28
TRGP/IQV,TRGP,IQV,long_term_kalman,2714.431691353163,0.8577047078199629,0.4106566490707476,0.9999998766109623,16,4,2026-01-28
ODFL/WYNN,ODFL,WYNN,long_term_kalman,1172.586082753483,0.5377022222020235,0.4106566490707476,0.9999994768470873,6,4,2026-01-28
AMCR/INTU,AMCR,INTU,no_skip_month,37002.8818719312,0.7420148949475049,0.3961261052518499,0.9775387846582337,16,4,2026-01-28
AMCR/UHS,AMCR,UHS,no_skip_month,-955.0522290213008,-0.558917548615951,0.3961261052518499,2.5647469924069304e-17,16,4,2026-01-28
LRCX/TRMB,LRCX,TRMB,no_skip_month,4527.338030002658,1.2474856841612505,0.3961261052518499,0.9999999757820907,14,4,2026-01-28
LRCX/HCA,LRCX,HCA,no_skip_month,304.2013713777885,0.09450817477840034,0.3961261052518499,0.47490527125637155,8,4,2026-01-28
CSCO/REGN,CSCO,REGN,no_skip_month,5072.565570000028,1.1546069909703451,0.3961261052518499,0.9999963579568897,20,4,2026-01-28
CSCO/LVS,CSCO,LVS,no_skip_month,1195.640096872356,0.6613449577834065,0.3961261052518499,0.9999767783306619,6,4,2026-01-28
DVA/TYL,DVA,TYL,no_skip_month,-1527.459999999995,-1.2629640279440557,0.3961261052518499,7.772238859957824e-05,8,4,2026-01-28
DVA/MKTX,DVA,MKTX,no_skip_month,-2088.999096720896,-0.6045402102317308,0.3961261052518499,6.142583370400691e-06,14,4,2026-01-28
AKAM/JKHY,AKAM,JKHY,no_skip_month,-256.1674135111477,-0.20332024375734345,0.3961261052518499,1.0548942547417702e-08,6,4,2026-01-28
AKAM/XYL,AKAM,XYL,no_skip_month,-2988.184092005771,-1.037252522439677,0.3961261052518499,5.808215855697193e-06,14,4,2026-01-28
BWA/CDW,BWA,CDW,no_skip_month,2297.515491915044,1.108528816155011,0.3961261052518499,1.0,20,4,2026-01-28
BWA/FMC,BWA,FMC,no_skip_month,-2570.790865890336,-0.5530119075856516,0.3961261052518499,0.00014643226074499748,18,4,2026-01-28
TRGP/IR,TRGP,IR,no_skip_month,-1449.791925457266,-1.221939865438837,0.3961261052518499,1.270495412981888e-09,12,4,2026-01-28
TRGP/IQV,TRGP,IQV,no_skip_month,12525.27773415645,1.85932804374305,0.3961261052518499,0.9999776194297102,14,4,2026-01-28
ODFL/WYNN,ODFL,WYNN,no_skip_month,437.0546517899527,0.2073522503499374,0.3961261052518499,0.9605925005513973,16,4,2026-01-28
AMCR/INTU,AMCR,INTU,long_term_tilt,42677.93510040343,0.8169879391730042,0.3714170062023753,0.9783177952029355,8,4,2026-01-28
AMCR/UHS,AMCR,UHS,long_term_tilt,1804.562578703267,0.9713556842358987,0.3714170062023753,0.9999999999739821,8,4,2026-01-28
LRCX/TRMB,LRCX,TRMB,long_term_tilt,4429.599791973452,1.4475955052745944,0.3714170062023753,0.9999999999999991,8,4,2026-01-28
LRCX/HCA,LRCX,HCA,long_term_tilt,-1137.83037707737,-1.017652347502892,0.3714170062023753,0.0006058150036954444,2,4,2026-01-28
CSCO/REGN,CSCO,REGN,long_term_tilt,-2411.923082771372,-0.9019320205767707,0.3714170062023753,2.7919295786986535e-08,8,4,2026-01-28
CSCO/LVS,CSCO,LVS,long_term_tilt,61.2020525034302,0.032038717901533106,0.3714170062023753,0.09388163695335272,4,4,2026-01-28
DVA/TYL,DVA,TYL,long_term_tilt,-447.939999999999,-0.648492111203978,0.3714170062023753,1.4109086189764172e-12,4,4,2026-01-28
DVA/MKTX,DVA,MKTX,long_term_tilt,-724.926783980931,-0.30142099250554516,0.3714170062023753,8.226924658009849e-10,6,4,2026-01-28
AKAM/JKHY,AKAM,JKHY,long_term_tilt,-87.08466489263216,-0.20065709937639795,0.3714170062023753,4.3244477328216364e-07,4,4,2026-01-28
AKAM/XYL,AKAM,XYL,long_term_tilt,-1863.226582026808,-0.8734811162548742,0.3714170062023753,0.0002313074866436239,10,4,2026-01-28
BWA/CDW,BWA,CDW,long_term_tilt,2647.787857225975,0.6955376035747663,0.3714170062023753,0.9999999777152526,12,4,2026-01-28
BWA/FMC,BWA,FMC,long_term_tilt,2673.239713041652,0.9996736291840754,0.3714170062023753,0.9999999999999866,10,4,2026-01-28
TRGP/IR,TRGP,IR,long_term_tilt,-314.2772196056435,-0.21507905242557415,0.3714170062023753,9.096695120317102e-13,10,4,2026-01-28
TRGP/IQV,TRGP,IQV,long_term_tilt,2571.517212861165,0.8291342311585455,0.3714170062023753,0.9999996979944878,16,4,2026-01-28
ODFL/WYNN,ODFL,WYNN,long_term_tilt,940.1287590561222,0.3926259370694252,0.3714170062023753,0.9999893888934661,8,4,2026-01-28
AMCR/INTU,AMCR,INTU,trend_leverage,55553.2013379321,0.7534741881530148,0.3466876146541117,0.9775492424790673,14,4,2026-01-28
AMCR/UHS,AMCR,UHS,trend_leverage,-776.5482066264245,-0.33538567632879396,0.3466876146541117,8.635397110461316e-13,12,4,2026-01-28
LRCX/TRMB,LRCX,TRMB,trend_leverage,4550.627042522227,1.208901297807932,0.3466876146541117,0.999999999989398,10,4,2026-01-28
LRCX/HCA,LRCX,HCA,trend_leverage,403.9302993055421,0.08569738099738786,0.3466876146541117,0.4033225898729421,8,4,2026-01-28
CSCO/REGN,CSCO,REGN,trend_leverage,-3402.128697203287,-0.7923920538117433,0.3466876146541117,6.364175341136209e-11,16,4,2026-01-28
CSCO/LVS,CSCO,LVS,trend_leverage,1746.73714144915,0.6558335321064958,0.3466876146541117,0.9999729443761364,6,4,2026-01-28
DVA/TYL,DVA,TYL,trend_leverage,-91.36000000000053,-0.13071279663487917,0.3466876146541117,3.805278724925249e-05,4,4,2026-01-28
DVA/MKTX,DVA,MKTX,trend_leverage,1677.167400698056,0.6514277592968813,0.3466876146541117,0.9999829778535271,10,4,2026-01-28
AKAM/JKHY,AKAM,JKHY,trend_leverage,266.1347632405052,0.16134048454069308,0.3466876146541117,0.810182799691208,4,4,2026-01-28
AKAM/XYL,AKAM,XYL,trend_leverage,-1899.300922662987,-0.589526797751412,0.3466876146541117,4.88858418180321e-05,10,4,2026-01-28
BWA/CDW,BWA,CDW,trend_leverage,3119.332506007472,0.9857010782495781,0.3466876146541117,1.0,18,4,2026-01-28
BWA/FMC,BWA,FMC,trend_leverage,1197.520064357721,0.35681993143983387,0.3466876146541117,0.9999882854862286,16,4,2026-01-28
TRGP/IR,TRGP,IR,trend_leverage,-2134.916453773905,-0.9087538072984058,0.3466876146541117,8.720019198955346e-22,10,4,2026-01-28
TRGP/IQV,TRGP,IQV,trend_leverage,-3561.316987999187,-0.9726755900826652,0.3466876146541117,0.00037236700443536654,12,4,2026-01-28
ODFL/WYNN,ODFL,WYNN,trend_leverage,-0.1724569078642162,-5.5837790920654756e-05,0.3466876146541117,0.018494816089761976,14,4,2026-01-28
AMCR/INTU,AMCR,INTU,beta_neutral,60640.35632898047,0.746037660998015,0.3386247204402485,0.9775191212179222,12,4,2026-01-28
AMCR/UHS,AMCR,UHS,beta_neutral,318.7796854729897,0.13872221411303218,0.3386247204402485,0.7986131544114372,14,4,2026-01-28
LRCX/TRMB,LRCX,TRMB,beta_neutral,3298.412498521052,1.028858670615873,0.3386247204402485,0.9999999999784946,10,4,2026-01-28
LRCX/HCA,LRCX,HCA,beta_neutral,1107.586193448549,0.3279787079078204,0.3386247204402485,0.9993996561104078,6,4,2026-01-28
CSCO/REGN,CSCO,REGN,beta_neutral,-3039.345816595993,-0.9785546469912151,0.3386247204402485,2.1023744402933908e-11,16,4,2026-01-28
CSCO/LVS,CSCO,LVS,beta_neutral,1135.229911324155,0.6825652916507718,0.3386247204402485,0.9976634275833159,6,4,2026-01-28
DVA/TYL,DVA,TYL,beta_neutral,40.93000000000021,0.06066339224582495,0.3386247204402485,0.22304296231613818,4,4,2026-01-28
DVA/MKTX,DVA,MKTX,beta_neutral,638.92741086128,0.4653207840297238,0.3386247204402485,0.9999755173709369,10,4,2026-01-28
AKAM/JKHY,AKAM,JKHY,beta_neutral,369.7683560555076,0.2338640193947655,0.3386247204402485,0.9241319018584319,4,4,2026-01-28
AKAM/XYL,AKAM,XYL,beta_neutral,-1427.892477726275,-0.6077920056511077,0.3386247204402485,1.6329406291618845e-06,10,4,2026-01-28
BWA/CDW,BWA,CDW,beta_neutral,737.8689795179026,0.3325581915829506,0.3386247204402485,0.9998744246090274,18,4,2026-01-28
BWA/FMC,BWA,FMC,beta_neutral,829.303988478976,0.33002526125043485,0.3386247204402485,0.997988086672099,16,4,2026-01-28
TRGP/IR,TRGP,IR,beta_neutral,-754.9548597980246,-0.41969272404708563,0.3386247204402485,1.305197910780838e-17,8,4,2026-01-28
TRGP/IQV,TRGP,IQV,beta_neutral,-2797.129014131114,-1.15446008890715,0.3386247204402485,0.000648868921821409,10,4,2026-01-28
ODFL/WYNN,ODFL,WYNN,beta_neutral,-3012.322220736653,-1.635907735181924,0.3386247204402485,1.0648030383978558e-10,14,4,2026-01-28
AMCR/INTU,AMCR,INTU,weekly_aligned_windows,31934.57071782315,0.6412827858578971,0.3311010133886871,0.9781197784382643,82,4,2026-01-28
AMCR/UHS,AMCR,UHS,weekly_aligned_windows,36091.90520139892,0.7334776518939753,0.3311010133886871,0.9778949748378084,76,4,2026-01-28
LRCX/TRMB,LRCX,TRMB,weekly_aligned_windows,2468.970199373624,0.6014488782556131,0.3311010133886871,1.0,86,4,2026-01-28
LRCX/HCA,LRCX,HCA,weekly_aligned_windows,940.1071845795578,0.1367089859704047,0.3311010133886871,0.7509598668608611,80,4,2026-01-28
CSCO/REGN,CSCO,REGN,weekly_aligned_windows,-765.179284054148,-0.14028819938196413,0.3311010133886871,1.564217622238693e-10,82,4,2026-01-28
CSCO/LVS,CSCO,LVS,weekly_aligned_windows,-403.4064086459142,-0.10689695894416898,0.3311010133886871,1.5822959241617605e-06,78,4,2026-01-28
DVA/TYL,DVA,TYL,weekly_aligned_windows,-5363.269999999994,-1.569610167783633,0.3311010133886871,9.036964234311748e-49,72,4,2026-01-28
DVA/MKTX,DVA,MKTX,weekly_aligned_windows,-1002.239951526574,-0.17936403641548745,0.3311010133886871,7.546819132789352e-12,76,4,2026-01-28
AKAM/JKHY,AKAM,JKHY,weekly_aligned_windows,-4456.527076279493,-1.5199021042713825,0.3311010133886871,1.1046933069942738e-18,78,4,2026-01-28
AKAM/XYL,AKAM,XYL,weekly_aligned_windows,-2498.46075049275,-0.6747680625271408,0.3311010133886871,1.0576827743782414e-11,68,4,2026-01-28
BWA/CDW,BWA,CDW,weekly_aligned_windows,-191.0103670347499,-0.06341110908460187,0.3311010133886871,0.0003129221858767783,90,4,2026-01-28
BWA/FMC,BWA,FMC,weekly_aligned_windows,640.5243902851,0.07778275764963449,0.3311010133886871,0.31636123476515565,82,4,2026-01-28
TRGP/IR,TRGP,IR,weekly_aligned_windows,-1708.583674978149,-0.3508317928007755,0.3311010133886871,5.294565884421663e-15,96,4,2026-01-28
TRGP/IQV,TRGP,IQV,weekly_aligned_windows,2659.98589276194,0.4936011049351522,0.3311010133886871,0.9999993937281986,88,4,2026-01-28
ODFL/WYNN,ODFL,WYNN,weekly_aligned_windows,3882.033116784696,0.8295737404216488,0.3311010133886871,1.0,84,4,2026-01-28
AMCR/INTU,AMCR,INTU,kalman_aggressive,69786.34568082228,0.7285512256040255,0.283066551360573,0.9775803995817264,42,4,2026-01-28
AMCR/UHS,AMCR,UHS,kalman_aggressive,4199.341689297411,0.6961165785804497,0.283066551360573,0.9999999903992663,38,4,2026-01-28
LRCX/TRMB,LRCX,TRMB,kalman_aggressive,11140.98494812117,1.043566446380329,0.283066551360573,0.9999999999862322,46,4,2026-01-28
LRCX/HCA,LRCX,HCA,kalman_aggressive,-3399.878362629759,-0.2931319674703044,0.283066551360573,2.7528710415057753e-11,40,4,2026-01-28
CSCO/REGN,CSCO,REGN,kalman_aggressive,-5818.477926640927,-0.7315922425469858,0.283066551360573,3.6232813711494526e-10,50,4,2026-01-28
CSCO/LVS,CSCO,LVS,kalman_aggressive,-5374.096015522624,-0.9527365614378643,0.283066551360573,2.6169233801969247e-32,46,4,2026-01-28
DVA/TYL,DVA,TYL,kalman_aggressive,-5953.880000000014,-1.2705878670225639,0.283066551360573,1.2598901409577146e-25,36,4,2026-01-28
DVA/MKTX,DVA,MKTX,kalman_aggressive,-6515.982702547526,-0.791514306743143,0.283066551360573,2.9023153420252935e-21,40,4,2026-01-28
AKAM/JKHY,AKAM,JKHY,kalman_aggressive,-3320.100568852282,-0.9220215263067335,0.283066551360573,1.1734143994970775e-22,42,4,2026-01-28
AKAM/XYL,AKAM,XYL,kalman_aggressive,1727.329811221157,0.2815224402563024,0.283066551360573,0.9915597636417673,38,4,2026-01-28
BWA/CDW,BWA,CDW,kalman_aggressive,4115.561278565423,0.6760156608462334,0.283066551360573,0.9999999999823753,46,4,2026-01-28
BWA/FMC,BWA,FMC,kalman_aggressive,8361.310146285612,0.5636053973994386,0.283066551360573,0.9989236475781338,44,4,2026-01-28
TRGP/IR,TRGP,IR,kalman_aggressive,3009.534609257697,0.5106342020301641,0.283066551360573,0.9999999999964005,46,4,2026-01-28
TRGP/IQV,TRGP,IQV,kalman_aggressive,-9972.269741720293,-1.1674986248396593,0.283066551360573,2.2269221065967854e-16,54,4,2026-01-28
ODFL/WYNN,ODFL,WYNN,kalman_aggressive,-4582.530713749163,-0.7196384495088678,0.283066551360573,1.3073508252795878e-34,50,4,2026-01-28
AMCR/INTU,AMCR,INTU,fast_rebalance,37178.59723667177,0.736635494307036,0.2635631581862871,0.9773693289978244,16,4,2026-01-28
AMCR/UHS,AMCR,UHS,fast_rebalance,-1165.432929726205,-0.723234798767742,0.2635631581862871,2.5418628675466577e-15,18,4,2026-01-28
LRCX/TRMB,LRCX,TRMB,fast_rebalance,6114.458192389231,2.0965882126908983,0.2635631581862871,0.9999999999999952,14,4,2026-01-28
LRCX/HCA,LRCX,HCA,fast_rebalance,3195.002317575686,0.566335383357854,0.2635631581862871,0.9999998987910612,14,4,2026-01-28
CSCO/REGN,CSCO,REGN,fast_rebalance,372.6954646501765,0.18962310501739113,0.2635631581862871,0.9360785829106971,14,4,2026-01-28
CSCO/LVS,CSCO,LVS,fast_rebalance,1043.731254499532,0.662750056600101,0.2635631581862871,0.9999999984840293,10,4,2026-01-28
DVA/TYL,DVA,TYL,fast_rebalance,-799.3200000000022,-1.0980983312716603,0.2635631581862871,2.578351669188212e-08,8,4,2026-01-28
DVA/MKTX,DVA,MKTX,fast_rebalance,703.9220117609647,0.46013592614788923,0.2635631581862871,0.9992533865093414,8,4,2026-01-28
AKAM/JKHY,AKAM,JKHY,fast_rebalance,-1675.865379646091,-0.916956254646717,0.2635631581862871,1.995679986124349e-09,8,4,2026-01-28
AKAM/XYL,AKAM,XYL,fast_rebalance,-2025.013733416345,-0.9140880535493843,0.2635631581862871,0.00010678823282859989,18,4,2026-01-28
BWA/CDW,BWA,CDW,fast_rebalance,1306.46850717117,0.7618909108848473,0.2635631581862871,0.9999999999978774,18,4,2026-01-28
BWA/FMC,BWA,FMC,fast_rebalance,2014.379722810349,0.7357976050369573,0.2635631581862871,0.9999999913386246,18,4,2026-01-28
TRGP/IR,TRGP,IR,fast_rebalance,-1613.286089102513,-0.927582517714818,0.2635631581862871,2.5644262059219265e-10,12,4,2026-01-28
TRGP/IQV,TRGP,IQV,fast_rebalance,-383.5117518082297,-0.23999773780255274,0.2635631581862871,1.6974292830370025e-12,10,4,2026-01-28
ODFL/WYNN,ODFL,WYNN,fast_rebalance,135.1561411821714,0.05407219181708537,0.2635631581862871,0.18362406420997068,26,4,2026-01-28
AMCR/INTU,AMCR,INTU,no_reversal_protection,36510.75988411198,0.7370945015003103,0.2612377945377282,0.977532179064305,14,4,2026-01-28
AMCR/UHS,AMCR,UHS,no_reversal_protection,280.5898125630353,0.1541467572506102,0.2612377945377282,0.8705209283161259,12,4,2026-01-28
LRCX/TRMB,LRCX,TRMB,no_reversal_protection,4156.026578614705,1.5455745652987951,0.2612377945377282,0.9999999999999916,10,4,2026-01-28
LRCX/HCA,LRCX,HCA,no_reversal_protection,593.515919669936,0.18872545443679728,0.2612377945377282,0.9425942568508957,8,4,2026-01-28
CSCO/REGN,CSCO,REGN,no_reversal_protection,158.8596173577645,0.03426616644207705,0.2612377945377282,0.0779063803973615,16,4,2026-01-28
CSCO/LVS,CSCO,LVS,no_reversal_protection,1172.300336417221,0.6581721328442628,0.2612377945377282,0.9999741224753099,6,4,2026-01-28
DVA/TYL,DVA,TYL,no_reversal_protection,-118.71,-0.23312984420664434,0.2612377945377282,1.3772426355387317e-07,4,4,2026-01-28
DVA/MKTX,DVA,MKTX,no_reversal_protection,1158.042955249687,0.5986789236229128,0.2612377945377282,0.9999996787230534,10,4,2026-01-28
AKAM/JKHY,AKAM,JKHY,no_reversal_protection,-287.7305272502632,-0.23289658180326725,0.2612377945377282,1.3289409029830032e-09,4,4,2026-01-28
AKAM/XYL,AKAM,XYL,no_reversal_protection,-1723.486925152737,-0.785587110636903,0.2612377945377282,8.516848874297764e-05,10,4,2026-01-28
BWA/CDW,BWA,CDW,no_reversal_protection,2012.842097304239,0.929536269622737,0.2612377945377282,1.0,18,4,2026-01-28
BWA/FMC,BWA,FMC,no_reversal_protection,5434.47148552097,0.8413081093617388,0.2612377945377282,0.9888697021821962,14,4,2026-01-28
TRGP/IR,TRGP,IR,no_reversal_protection,-1367.692709558852,-0.8044009500375052,0.2612377945377282,1.299679622924844e-20,8,4,2026-01-28
TRGP/IQV,TRGP,IQV,no_reversal_protection,-3464.950405437211,-0.7971111382024008,0.2612377945377282,5.646473725139431e-05,8,4,2026-01-28
ODFL/WYNN,ODFL,WYNN,no_reversal_protection,-450.9332436178435,-0.1876592554235485,0.2612377945377282,1.3507715936581952e-10,14,4,2026-01-28
AMCR/INTU,AMCR,INTU,short_term_tilt,37144.37587936318,0.7366549002483461,0.2396408218293695,0.9773696642847284,16,4,2026-01-28
AMCR/UHS,AMCR,UHS,short_term_tilt,-1481.006561074779,-0.9557225929336527,0.2396408218293695,4.884937022479699e-15,18,4,2026-01-28
LRCX/TRMB,LRCX,TRMB,short_term_tilt,6114.458192389231,2.0965882126908983,0.2396408218293695,0.9999999999999952,14,4,2026-01-28
LRCX/HCA,LRCX,HCA,short_term_tilt,2966.064813040375,0.5241603739617093,0.2396408218293695,0.999999857931669,16,4,2026-01-28
CSCO/REGN,CSCO,REGN,short_term_tilt,372.6954646501765,0.18962310501739113,0.2396408218293695,0.9360785829106971,14,4,2026-01-28
CSCO/LVS,CSCO,LVS,short_term_tilt,1043.731254499532,0.662750056600101,0.2396408218293695,0.9999999984840293,10,4,2026-01-28
DVA/TYL,DVA,TYL,short_term_tilt,-803.0500000000022,-1.146929927087209,0.2396408218293695,1.7732098189527728e-07,8,4,2026-01-28
DVA/MKTX,DVA,MKTX,short_term_tilt,56.23996443527091,0.03296830101318912,0.2396408218293695,0.08015090838587391,10,4,2026-01-28
AKAM/JKHY,AKAM,JKHY,short_term_tilt,-1785.148149838504,-0.9723586783815598,0.2396408218293695,2.351777402638192e-09,10,4,2026-01-28
AKAM/XYL,AKAM,XYL,short_term_tilt,-2024.233733416345,-0.913831138821309,0.2396408218293695,0.00010703493748142514,18,4,2026-01-28
BWA/CDW,BWA,CDW,short_term_tilt,1304.898163464715,0.7628532727761853,0.2396408218293695,0.9999999999979325,18,4,2026-01-28
BWA/FMC,BWA,FMC,short_term_tilt,2010.791889398276,0.7347635526072394,0.2396408218293695,0.9999999910954787,18,4,2026-01-28
TRGP/IR,TRGP,IR,short_term_tilt,-1613.286089102513,-0.927582517714818,0.2396408218293695,2.5644262059219265e-10,12,4,2026-01-28
TRGP/IQV,TRGP,IQV,short_term_tilt,-383.5117518082297,-0.23999773780255274,0.2396408218293695,1.6974292830370025e-12,10,4,2026-01-28
ODFL/WYNN,ODFL,WYNN,short_term_tilt,138.9661411821713,0.05560247991342957,0.2396408218293695,0.1924352941372699,26,4,2026-01-28
AMCR/INTU,AMCR,INTU,aggressive,78558.36574047458,0.7119852771821616,0.2327803455858642,0.9780815171539083,40,4,2026-01-28
AMCR/UHS,AMCR,UHS,aggressive,2535.96095192027,0.3153074335463719,0.2327803455858642,0.9997722147055925,38,4,2026-01-28
LRCX/TRMB,LRCX,TRMB,aggressive,8910.765660407664,0.781147481286757,0.2327803455858642,0.9999999999989824,46,4,2026-01-28
LRCX/HCA,LRCX,HCA,aggressive,2593.092911190638,0.24911500214149404,0.2327803455858642,0.9983481684874601,40,4,2026-01-28
CSCO/REGN,CSCO,REGN,aggressive,-13254.70535304281,-1.694755198630756,0.2327803455858642,7.409865806362235e-37,48,4,2026-01-28
CSCO/LVS,CSCO,LVS,aggressive,-6978.781798715829,-0.8894766809064625,0.2327803455858642,1.6061643119178659e-46,42,4,2026-01-28
DVA/TYL,DVA,TYL,aggressive,-6349.780000000009,-1.0972514544374676,0.2327803455858642,2.939824169534266e-26,36,4,2026-01-28
DVA/MKTX,DVA,MKTX,aggressive,-1853.099442829738,-0.2000656359074627,0.2327803455858642,7.060807085871682e-11,36,4,2026-01-28
AKAM/JKHY,AKAM,JKHY,aggressive,-6929.331898296066,-1.1181723839687834,0.2327803455858642,3.613345691394131e-11,42,4,2026-01-28
AKAM/XYL,AKAM,XYL,aggressive,-2975.332069329095,-0.41561846660078405,0.2327803455858642,1.657521115928676e-09,40,4,2026-01-28
BWA/CDW,BWA,CDW,aggressive,4165.476987326998,0.6305116030171709,0.2327803455858642,0.9999999999993999,44,4,2026-01-28
BWA/FMC,BWA,FMC,aggressive,-3211.19972848056,-0.24943842756088966,0.2327803455858642,4.837072990208646e-15,42,4,2026-01-28
TRGP/IR,TRGP,IR,aggressive,5027.873914893569,0.7296350135508216,0.2327803455858642,1.0,44,4,2026-01-28
TRGP/IQV,TRGP,IQV,aggressive,-1351.724262037527,-0.13833615773541424,0.2327803455858642,1.8591193328174913e-05,50,4,2026-01-28
ODFL/WYNN,ODFL,WYNN,aggressive,-5038.074723812252,-0.7114362769425063,0.2327803455858642,4.2555262837498135e-28,50,4,2026-01-28
AMCR/INTU,AMCR,INTU,sensitive_reversal,37893.14099111091,0.7690223378078881,0.1636066151421458,0.9775721122574684,14,4,2026-01-28
AMCR/UHS,AMCR,UHS,sensitive_reversal,-559.8802408810951,-0.35949604355391895,0.1636066151421458,5.6944547991429234e-11,16,4,2026-01-28
LRCX/TRMB,LRCX,TRMB,sensitive_reversal,3413.765357058508,1.5704847624030036,0.1636066151421458,0.9999999999869101,14,4,2026-01-28
LRCX/HCA,LRCX,HCA,sensitive_reversal,1375.896193448551,0.4526408376635996,0.1636066151421458,0.9997378226765017,6,4,2026-01-28
CSCO/REGN,CSCO,REGN,sensitive_reversal,-2368.836646484799,-0.8612718301258677,0.1636066151421458,2.4901182307603753e-09,20,4,2026-01-28
CSCO/LVS,CSCO,LVS,sensitive_reversal,1638.493894973939,1.0065608868390397,0.1636066151421458,0.9999892815834607,6,4,2026-01-28
DVA/TYL,DVA,TYL,sensitive_reversal,-35.52000000000061,-0.15346964829452825,0.1636066151421458,2.1146428386210817e-08,4,4,2026-01-28
DVA/MKTX,DVA,MKTX,sensitive_reversal,680.5806386808479,0.4247368097163998,0.1636066151421458,0.9996322859054536,14,4,2026-01-28
AKAM/JKHY,AKAM,JKHY,sensitive_reversal,-43.75746228640799,-0.04052535188210531,0.1636066151421458,0.0009066185229019045,4,4,2026-01-28
AKAM/XYL,AKAM,XYL,sensitive_reversal,-1919.175865671555,-0.9062676910421283,0.1636066151421458,0.0003682312458630357,14,4,2026-01-28
BWA/CDW,BWA,CDW,sensitive_reversal,1299.009724854438,0.754152960224236,0.1636066151421458,1.0,22,4,2026-01-28
BWA/FMC,BWA,FMC,sensitive_reversal,1722.381010297426,0.9395160130129803,0.1636066151421458,0.9999999996649589,16,4,2026-01-28
TRGP/IR,TRGP,IR,sensitive_reversal,-733.9327165849504,-0.7285599253507695,0.1636066151421458,3.1794708922156663e-13,8,4,2026-01-28
TRGP/IQV,TRGP,IQV,sensitive_reversal,-1963.705215292675,-0.8195455885428923,0.1636066151421458,0.00037283947992591826,10,4,2026-01-28
ODFL/WYNN,ODFL,WYNN,sensitive_reversal,-1853.069952316767,-0.8927891705153983,0.1636066151421458,2.2376316199675682e-12,18,4,2026-01-28
AMCR/INTU,AMCR,INTU,short_term_beta_neutral,14196.64387788465,0.8477069030697569,0.1577408074650642,0.9807326611059298,18,4,2026-01-28
AMCR/UHS,AMCR,UHS,short_term_beta_neutral,21173.14622966963,0.7269600253758965,0.1577408074650642,0.9778278250273338,22,4,2026-01-28
LRCX/TRMB,LRCX,TRMB,short_term_beta_neutral,6068.974909771181,1.4035092849623443,0.1577408074650642,0.9999999999999999,18,4,2026-01-28
LRCX/HCA,LRCX,HCA,short_term_beta_neutral,2019.311134780916,0.5580790452998563,0.1577408074650642,0.9999999988824412,16,4,2026-01-28
CSCO/REGN,CSCO,REGN,short_term_beta_neutral,-514.1022729626086,-0.2235165091230556,0.1577408074650642,1.9149251090511334e-13,16,4,2026-01-28
CSCO/LVS,CSCO,LVS,short_term_beta_neutral,-920.4806819257303,-0.5268333742934243,0.1577408074650642,5.7857090670809905e-09,14,4,2026-01-28
DVA/TYL,DVA,TYL,short_term_beta_neutral,-731.510000000003,-0.7860315570383117,0.1577408074650642,1.0302798118726065e-18,8,4,2026-01-28
DVA/MKTX,DVA,MKTX,short_term_beta_neutral,742.2033090932464,0.3199344742459478,0.1577408074650642,0.9966588035600654,12,4,2026-01-28
AKAM/JKHY,AKAM,JKHY,short_term_beta_neutral,643.3483227753111,0.6531318321984472,0.1577408074650642,0.9999999968864335,10,4,2026-01-28
AKAM/XYL,AKAM,XYL,short_term_beta_neutral,-2618.78522670106,-1.0632252331461816,0.1577408074650642,4.2590790587229764e-08,22,4,2026-01-28
BWA/CDW,BWA,CDW,short_term_beta_neutral,1087.817493942182,0.5835238729869641,0.1577408074650642,0.9999976926408872,20,4,2026-01-28
BWA/FMC,BWA,FMC,short_term_beta_neutral,1773.945926982952,0.5269832964019892,0.1577408074650642,0.9999998718326515,18,4,2026-01-28
TRGP/IR,TRGP,IR,short_term_beta_neutral,-1235.627373820993,-0.7325131403367634,0.1577408074650642,1.4410580727123254e-14,14,4,2026-01-28
TRGP/IQV,TRGP,IQV,short_term_beta_neutral,-2852.153219922126,-0.4668433016051836,0.1577408074650642,2.297997824702721e-06,16,4,2026-01-28
ODFL/WYNN,ODFL,WYNN,short_term_beta_neutral,-871.6224926753857,-0.39058792986424185,0.1577408074650642,6.4182621031002e-14,22,4,2026-01-28
AMCR/INTU,AMCR,INTU,default,36481.16793824574,0.7418849988008097,0.1459011792311251,0.9775020008987118,12,4,2026-01-28
AMCR/UHS,AMCR,UHS,default,-320.4675276777998,-0.20423855827172288,0.1459011792311251,2.345204537575583e-09,14,4,2026-01-28
LRCX/TRMB,LRCX,TRMB,default,2947.953443144707,1.1912220674335883,0.1459011792311251,0.9999999999852585,10,4,2026-01-28
LRCX/HCA,LRCX,HCA,default,856.6361934485494,0.27652030674000055,0.1459011792311251,0.9944470363462341,6,4,2026-01-28
CSCO/REGN,CSCO,REGN,default,-2503.182140729339,-0.8827726330058874,0.1459011792311251,3.9454466904053877e-10,16,4,2026-01-28
CSCO/LVS,CSCO,LVS,default,1167.73148365038,0.6567343230798238,0.1459011792311251,0.9999734268995055,6,4,2026-01-28
DVA/TYL,DVA,TYL,default,-64.85999999999865,-0.14039159162803008,0.1459011792311251,2.292138648612466e-05,4,4,2026-01-28
DVA/MKTX,DVA,MKTX,default,1119.358267132037,0.6522302057043673,0.1459011792311251,0.9999829896107403,10,4,2026-01-28
AKAM/JKHY,AKAM,JKHY,default,127.7230405470191,0.11670070372642376,0.1459011792311251,0.6181647481341964,4,4,2026-01-28
AKAM/XYL,AKAM,XYL,default,-1298.45463986635,-0.6039355883434256,0.1459011792311251,5.4768600201152005e-05,10,4,2026-01-28
BWA/CDW,BWA,CDW,default,2213.533603964183,1.0754297999793756,0.1459011792311251,1.0,18,4,2026-01-28
BWA/FMC,BWA,FMC,default,488.5649903856923,0.23280863357768203,0.1459011792311251,0.992132596085862,16,4,2026-01-28
TRGP/IR,TRGP,IR,default,-1357.834066693766,-1.0272738281624219,0.1459011792311251,4.302241521132076e-14,8,4,2026-01-28
TRGP/IQV,TRGP,IQV,default,-1763.473515187086,-0.7304587213345072,0.1459011792311251,0.0002068301901984756,10,4,2026-01-28
ODFL/WYNN,ODFL,WYNN,default,-466.6797102958353,-0.22967667412608478,0.1459011792311251,2.1477983439655522e-10,12,4,2026-01-28
AMCR/INTU,AMCR,INTU,kalman_hedge,37041.60313412835,0.7466859799449591,0.1315563441357867,0.9775266592289404,14,4,2026-01-28
AMCR/UHS,AMCR,UHS,kalman_hedge,-499.8234276889509,-0.32446718659807144,0.1315563441357867,9.809037870599916e-13,12,4,2026-01-28
LRCX/TRMB,LRCX,TRMB,kalman_hedge,3034.130590653668,1.1960839844274673,0.1315563441357867,0.9999999999958994,10,4,2026-01-28
LRCX/HCA,LRCX,HCA,kalman_hedge,469.8326334715493,0.15045518188732293,0.1315563441357867,0.8386835824797649,8,4,2026-01-28
CSCO/REGN,CSCO,REGN,kalman_hedge,-2229.681076728578,-0.7813386519465984,0.1315563441357867,5.938887942597027e-11,16,4,2026-01-28
CSCO/LVS,CSCO,LVS,kalman_hedge,1148.660595555612,0.6470009457101539,0.1315563441357867,0.9999660064836243,6,4,2026-01-28
DVA/TYL,DVA,TYL,kalman_hedge,-64.85999999999865,-0.14039159162803008,0.1315563441357867,2.292138648612466e-05,4,4,2026-01-28
DVA/MKTX,DVA,MKTX,kalman_hedge,1118.048267132036,0.6502348733212544,0.1315563441357867,0.9999834404331024,10,4,2026-01-28
AKAM/JKHY,AKAM,JKHY,kalman_hedge,168.376035631368,0.15510370023870937,0.1315563441357867,0.791781534255182,4,4,2026-01-28
AKAM/XYL,AKAM,XYL,kalman_hedge,-1266.594193598633,-0.590839004400682,0.1315563441357867,5.2761147330605654e-05,10,4,2026-01-28
BWA/CDW,BWA,CDW,kalman_hedge,2385.311630527073,1.1512148344498803,0.1315563441357867,1.0,18,4,2026-01-28
BWA/FMC,BWA,FMC,kalman_hedge,-281.8518284571718,-0.1408823816395861,0.1315563441357867,3.928300344292971e-07,16,4,2026-01-28
TRGP/IR,TRGP,IR,kalman_hedge,-1761.228061277881,-1.2326197482892993,0.1315563441357867,2.5244434891567864e-15,10,4,2026-01-28
TRGP/IQV,TRGP,IQV,kalman_hedge,-2379.239363786846,-0.974943152862955,0.1315563441357867,0.00037566669600297756,12,4,2026-01-28
ODFL/WYNN,ODFL,WYNN,kalman_hedge,3.56215042112467,0.001724915077708164,0.1315563441357867,0.020430908809990066,14,4,2026-01-28
AMCR/INTU,AMCR,INTU,vol_weighted_sizing,36683.76216356682,0.7466700970198902,0.1273368950231737,0.9775294283746201,14,4,2026-01-28
AMCR/UHS,AMCR,UHS,vol_weighted_sizing,-511.4207248075167,-0.3310409272708761,0.1273368950231737,1.296224185178478e-12,12,4,2026-01-28
LRCX/TRMB,LRCX,TRMB,vol_weighted_sizing,3015.430344971623,1.2096545656539697,0.1273368950231737,0.9999999999916241,10,4,2026-01-28
LRCX/HCA,LRCX,HCA,vol_weighted_sizing,504.6049284325334,0.16056716360470474,0.1273368950231737,0.8747879333054154,8,4,2026-01-28
CSCO/REGN,CSCO,REGN,vol_weighted_sizing,-2237.379824191068,-0.7850315997481081,0.1273368950231737,6.617571683887052e-11,16,4,2026-01-28
CSCO/LVS,CSCO,LVS,vol_weighted_sizing,1167.73148365038,0.6567343230798238,0.1273368950231737,0.9999734268995055,6,4,2026-01-28
DVA/TYL,DVA,TYL,vol_weighted_sizing,-62.07999999999865,-0.13532910730990344,0.1273368950231737,2.9916885727728923e-05,4,4,2026-01-28
DVA/MKTX,DVA,MKTX,vol_weighted_sizing,1118.188267132039,0.6515455730964105,0.1273368950231737,0.9999829348579876,10,4,2026-01-28
AKAM/JKHY,AKAM,JKHY,vol_weighted_sizing,183.7158355511126,0.16601542490151003,0.1273368950231737,0.8230679379331478,4,4,2026-01-28
AKAM/XYL,AKAM,XYL,vol_weighted_sizing,-1259.03463986635,-0.5894325067039495,0.1273368950231737,4.548049738890028e-05,10,4,2026-01-28
BWA/CDW,BWA,CDW,vol_weighted_sizing,2382.834837087694,1.1519187633755665,0.1273368950231737,1.0,18,4,2026-01-28
BWA/FMC,BWA,FMC,vol_weighted_sizing,-233.6623450768071,-0.11650679341408293,0.1273368950231737,3.387083283995125e-06,16,4,2026-01-28
TRGP/IR,TRGP,IR,vol_weighted_sizing,-1772.140121475638,-1.2336686512362882,0.1273368950231737,6.1669267196465225e-15,10,4,2026-01-28
TRGP/IQV,TRGP,IQV,vol_weighted_sizing,-2379.455769674939,-0.9766607081843373,0.1273368950231737,0.00038561096006313944,12,4,2026-01-28
ODFL/WYNN,ODFL,WYNN,vol_weighted_sizing,13.70028970416161,0.0066827079298838275,0.1273368950231737,0.026722963277341145,14,4,2026-01-28
AMCR/INTU,AMCR,INTU,balanced,36445.4814464664,0.7418808649948392,0.125590382540332,0.9775022139975621,12,4,2026-01-28
AMCR/UHS,AMCR,UHS,balanced,-512.0520314601627,-0.3314095283064929,0.125590382540332,1.2677818445730965e-12,12,4,2026-01-28
LRCX/TRMB,LRCX,TRMB,balanced,2953.025093691518,1.19554207213455,0.125590382540332,0.9999999999845663,10,4,2026-01-28
LRCX/HCA,LRCX,HCA,balanced,97.41480949442325,0.030807816356866045,0.125590382540332,0.07718791483045577,8,4,2026-01-28
CSCO/REGN,CSCO,REGN,balanced,-2508.031221730968,-0.8846080444475322,0.125590382540332,4.0779364663022115e-10,16,4,2026-01-28
CSCO/LVS,CSCO,LVS,balanced,1170.759077512606,0.6598095077904339,0.125590382540332,0.9999758916248161,6,4,2026-01-28
DVA/TYL,DVA,TYL,balanced,-62.07999999999865,-0.13532910730990344,0.125590382540332,2.9916885727728923e-05,4,4,2026-01-28
DVA/MKTX,DVA,MKTX,balanced,1119.358267132037,0.6522302057043673,0.125590382540332,0.9999829896107403,10,4,2026-01-28
AKAM/JKHY,AKAM,JKHY,balanced,127.7230405470191,0.11670070372642376,0.125590382540332,0.6181647481341964,4,4,2026-01-28
AKAM/XYL,AKAM,XYL,balanced,-1404.434639866349,-0.6550997593319776,0.125590382540332,8.811064202106842e-05,10,4,2026-01-28
BWA/CDW,BWA,CDW,balanced,1921.642331275815,0.9171992756660422,0.125590382540332,1.0,18,4,2026-01-28
BWA/FMC,BWA,FMC,balanced,801.0810217569039,0.35816129386304696,0.125590382540332,0.9999892070325452,16,4,2026-01-28
TRGP/IR,TRGP,IR,balanced,-783.9207175347458,-0.6132290887171813,0.125590382540332,9.621298105564019e-17,6,4,2026-01-28
TRGP/IQV,TRGP,IQV,balanced,-2379.455769674939,-0.9766607081843373,0.125590382540332,0.00038561096006313944,12,4,2026-01-28
ODFL/WYNN,ODFL,WYNN,balanced,-466.6797102958353,-0.22967667412608478,0.125590382540332,2.1477983439655522e-10,12,4,2026-01-28
AMCR/INTU,AMCR,INTU,beta_neutral_long_term,13570.64409809905,0.7741548120010612,-0.5502644119455405,0.9938211496434523,8,4,2026-01-28
AMCR/UHS,AMCR,UHS,beta_neutral_long_term,1323.638117564741,0.5317787524577768,-0.5502644119455405,0.9999999968886677,8,4,2026-01-28
LRCX/TRMB,LRCX,TRMB,beta_neutral_long_term,5732.342113346574,1.3346534242460215,-0.5502644119455405,0.9999999999999908,8,4,2026-01-28
LRCX/HCA,LRCX,HCA,beta_neutral_long_term,-1153.905484538559,-1.012411997715534,-0.5502644119455405,0.0002571289870934614,2,4,2026-01-28
CSCO/REGN,CSCO,REGN,beta_neutral_long_term,-2934.046988772696,-0.9196855623081329,-0.5502644119455405,2.344232208779592e-11,8,4,2026-01-28
CSCO/LVS,CSCO,LVS,beta_neutral_long_term,1065.078320175872,0.6531419670913517,-0.5502644119455405,0.9940836842632294,4,4,2026-01-28
DVA/TYL,DVA,TYL,beta_neutral_long_term,-253.8099999999988,-0.34856065377090034,-0.5502644119455405,5.357087923112118e-10,4,4,2026-01-28
DVA/MKTX,DVA,MKTX,beta_neutral_long_term,-305.523728015646,-0.09534684727309296,-0.5502644119455405,2.1574156137400925e-09,6,4,2026-01-28
AKAM/JKHY,AKAM,JKHY,beta_neutral_long_term,37.9247494821951,0.12108771288964437,-0.5502644119455405,0.7073555318814055,4,4,2026-01-28
AKAM/XYL,AKAM,XYL,beta_neutral_long_term,-2159.595480106907,-0.9246354773786619,-0.5502644119455405,1.1445448733597589e-07,10,4,2026-01-28
BWA/CDW,BWA,CDW,beta_neutral_long_term,2561.374656038668,0.7155373491022656,-0.5502644119455405,0.9999999890751493,12,4,2026-01-28
BWA/FMC,BWA,FMC,beta_neutral_long_term,682.9695485353468,0.2237064066722398,-0.5502644119455405,0.9796760698234863,10,4,2026-01-28
TRGP/IR,TRGP,IR,beta_neutral_long_term,-1063.992520914699,-0.3213941790393118,-0.5502644119455405,2.2101409969698904e-20,10,4,2026-01-28
TRGP/IQV,TRGP,IQV,beta_neutral_long_term,519.6730045171449,0.12376033114036847,-0.5502644119455405,0.6813485294716064,16,4,2026-01-28
ODFL/WYNN,ODFL,WYNN,beta_neutral_long_term,581.7964373905074,0.22989941654199655,-0.5502644119455405,0.9896790092377257,8,4,2026-01-28
AMCR/INTU,AMCR,INTU,crash_defensive,18359.14666665966,0.7483998703936156,-0.5503457796862321,0.9775172700594476,14,4,2026-01-28
AMCR/UHS,AMCR,UHS,crash_defensive,-260.3880342924372,-0.34091762789105445,-0.5503457796862321,6.093653471744808e-13,12,4,2026-01-28
LRCX/TRMB,LRCX,TRMB,crash_defensive,1484.919449304827,1.209681061301161,-0.5503457796862321,0.9999999999954198,10,4,2026-01-28
LRCX/HCA,LRCX,HCA,crash_defensive,243.9974288311279,0.15673865380226143,-0.5503457796862321,0.8615357572690687,8,4,2026-01-28
CSCO/REGN,CSCO,REGN,crash_defensive,-2388.968300504522,-1.0263172704550518,-0.5503457796862321,2.9251505077132846e-05,16,4,2026-01-28
CSCO/LVS,CSCO,LVS,crash_defensive,585.0427323023371,0.6602619708661671,-0.5503457796862321,0.9999759884502133,6,4,2026-01-28
DVA/TYL,DVA,TYL,crash_defensive,-32.13000000000019,-0.14710574653839847,-0.5503457796862321,1.5425535718557747e-05,4,4,2026-01-28
DVA/MKTX,DVA,MKTX,crash_defensive,560.0691335660185,0.6526863252068513,-0.5503457796862321,0.9999830261750005,10,4,2026-01-28
AKAM/JKHY,AKAM,JKHY,crash_defensive,91.67690786171966,0.16631912569043622,-0.5503457796862321,0.8231584192535868,4,4,2026-01-28
AKAM/XYL,AKAM,XYL,crash_defensive,-624.3940258280848,-0.5895347002245219,-0.5503457796862321,4.4948959575145557e-05,10,4,2026-01-28
BWA/CDW,BWA,CDW,crash_defensive,1187.693900261576,1.1555659212569054,-0.5503457796862321,1.0,18,4,2026-01-28
BWA/FMC,BWA,FMC,crash_defensive,-115.8988509936237,-0.11588060845518505,-0.5503457796862321,3.6043538405885727e-06,16,4,2026-01-28
TRGP/IR,TRGP,IR,crash_defensive,-885.1825437477428,-1.2378176828865957,-0.5503457796862321,8.353243747413855e-15,10,4,2026-01-28
TRGP/IQV,TRGP,IQV,crash_defensive,-1950.679544754136,-0.8976596981929243,-0.5503457796862321,0.003453499308274537,12,4,2026-01-28
ODFL/WYNN,ODFL,WYNN,crash_defensive,-181.0215883126808,-0.17963766251990496,-0.5503457796862321,6.022103248385279e-09,14,4,2026-01-28
AMCR/INTU,AMCR,INTU,conservative,14359.54041215186,0.7775205357468478,-0.8666831139893074,0.9775939287035703,14,4,2026-01-28
AMCR/UHS,AMCR,UHS,conservative,-53.53364926093758,-0.10285919456650561,-0.8666831139893074,2.347143592887039e-05,14,4,2026-01-28
LRCX/TRMB,LRCX,TRMB,conservative,1744.826131959269,1.8236501515866175,-0.8666831139893074,0.9999999999613348,10,4,2026-01-28
LRCX/HCA,LRCX,HCA,conservative,231.0114002692935,0.2102443944610313,-0.8666831139893074,0.9620466633512181,8,4,2026-01-28
CSCO/REGN,CSCO,REGN,conservative,-922.4098171571713,-0.766664146862005,-0.8666831139893074,1.1956800456538937e-06,16,4,2026-01-28
CSCO/LVS,CSCO,LVS,conservative,614.2954346250281,1.0106849636935529,-0.8666831139893074,0.9999898505878526,6,4,2026-01-28
DVA/TYL,DVA,TYL,conservative,-25.17000000000016,-0.15772231282158677,-0.8666831139893074,7.95913832165273e-06,4,4,2026-01-28
DVA/MKTX,DVA,MKTX,conservative,354.6446960823272,0.6088252106115232,-0.8666831139893074,0.9998400875624706,10,4,2026-01-28
AKAM/JKHY,AKAM,JKHY,conservative,122.0093761735451,0.5415223733067344,-0.8666831139893074,0.9999653532782816,4,4,2026-01-28
AKAM/XYL,AKAM,XYL,conservative,-620.827313474295,-0.8047428071194435,-0.8666831139893074,0.00036593543888807233,10,4,2026-01-28
BWA/CDW,BWA,CDW,conservative,905.1240663669163,1.3336214428217286,-0.8666831139893074,1.0,20,4,2026-01-28
BWA/FMC,BWA,FMC,conservative,-46.81255511646411,-0.07862859281420134,-0.8666831139893074,3.413594695414981e-05,16,4,2026-01-28
TRGP/IR,TRGP,IR,conservative,-619.5192008899428,-1.1858442998115055,-0.8666831139893074,4.3437297193029155e-14,10,4,2026-01-28
TRGP/IQV,TRGP,IQV,conservative,-1130.209078805802,-1.0146061999058196,-0.8666831139893074,0.002628230846754813,12,4,2026-01-28
ODFL/WYNN,ODFL,WYNN,conservative,-1023.280773304932,-1.5153910620807118,-0.8666831139893074,4.534788971437202e-08,16,4,2026-01-28
AMCR/INTU,AMCR,INTU,vol_sized_conservative,13637.76445671167,0.7404268974221816,-0.9216400854717816,0.977509419160123,12,4,2026-01-28
AMCR/UHS,AMCR,UHS,vol_sized_conservative,259.5739722527149,0.45476516859825517,-0.9216400854717816,0.9999998362086006,14,4,2026-01-28
LRCX/TRMB,LRCX,TRMB,vol_sized_conservative,1075.059466028779,1.1972838402905075,-0.9216400854717816,0.9999999999962499,10,4,2026-01-28
LRCX/HCA,LRCX,HCA,vol_sized_conservative,316.4637533329347,0.27446721426546994,-0.9216400854717816,0.9933131397170755,4,4,2026-01-28
CSCO/REGN,CSCO,REGN,vol_sized_conservative,-1318.347680105505,-1.0528529641631388,-0.9216400854717816,1.143376086465335e-06,16,4,2026-01-28
CSCO/LVS,CSCO,LVS,vol_sized_conservative,341.7720984388748,0.5211927402345403,-0.9216400854717816,0.9998300048748171,6,4,2026-01-28
DVA/TYL,DVA,TYL,vol_sized_conservative,-25.17000000000016,-0.15772231282158677,-0.9216400854717816,7.95913832165273e-06,4,4,2026-01-28
DVA/MKTX,DVA,MKTX,vol_sized_conservative,260.5945304177689,0.410221037698959,-0.9216400854717816,0.9998725223283053,10,4,2026-01-28
AKAM/JKHY,AKAM,JKHY,vol_sized_conservative,50.17134650306429,0.12201679466463558,-0.9216400854717816,0.6471045094866352,4,4,2026-01-28
AKAM/XYL,AKAM,XYL,vol_sized_conservative,-418.5826353450329,-0.5305739744699678,-0.9216400854717816,3.362666504090171e-05,10,4,2026-01-28
BWA/CDW,BWA,CDW,vol_sized_conservative,641.4913542492563,0.8713531417059392,-0.9216400854717816,1.0,18,4,2026-01-28
BWA/FMC,BWA,FMC,vol_sized_conservative,-10.54672175231462,-0.013881984506001711,-0.9216400854717816,0.008464035690596278,16,4,2026-01-28
TRGP/IR,TRGP,IR,vol_sized_conservative,-500.4549552418907,-1.0218505614696352,-0.9216400854717816,3.6472455786989804e-14,8,4,2026-01-28
TRGP/IQV,TRGP,IQV,vol_sized_conservative,-753.879844381305,-0.6777127976534258,-0.9216400854717816,0.0011148243881542522,8,4,2026-01-28
ODFL/WYNN,ODFL,WYNN,vol_sized_conservative,-894.4707733049319,-1.3103632956007176,-0.9216400854717816,1.0984636478251137e-08,16,4,2026-01-28
AMCR/INTU,AMCR,INTU,monthly_aligned_windows,-3417.747639988971,-0.9652252521973761,-1.2824132307501503,3.394337908266812e-20,32,4,2026-01-28
AMCR/UHS,AMCR,UHS,monthly_aligned_windows,-2361.490379900525,-0.7847230535889586,-1.2824132307501503,3.0491984991673993e-26,32,4,2026-01-28
LRCX/TRMB,LRCX,TRMB,monthly_aligned_windows,6432.679274254093,1.465035753445675,-1.2824132307501503,0.9999999999999104,30,4,2026-01-28
LRCX/HCA,LRCX,HCA,monthly_aligned_windows,-3023.353640136444,-0.7562293369677413,-1.2824132307501503,9.863651963241372e-21,30,4,2026-01-28
CSCO/REGN,CSCO,REGN,monthly_aligned_windows,12318.46227588318,1.7952113970828432,-1.2824132307501503,0.9999996981180619,32,4,2026-01-28
CSCO/LVS,CSCO,LVS,monthly_aligned_windows,-3418.873542134194,-0.7209852429433068,-1.2824132307501503,3.3952412071773676e-25,30,4,2026-01-28
DVA/TYL,DVA,TYL,monthly_aligned_windows,-1733.400000000001,-0.7241122469952933,-1.2824132307501503,1.3814334313098615e-21,26,4,2026-01-28
DVA/MKTX,DVA,MKTX,monthly_aligned_windows,83.81255683366567,0.026240754574467926,-1.2824132307501503,0.06987672968654687,28,4,2026-01-28
AKAM/JKHY,AKAM,JKHY,monthly_aligned_windows,-3941.91244501649,-0.82687927951822,-1.2824132307501503,3.4251597535238864e-08,32,4,2026-01-28
AKAM/XYL,AKAM,XYL,monthly_aligned_windows,-3402.066291815446,-0.9838639222501255,-1.2824132307501503,3.41758872626461e-11,30,4,2026-01-28
BWA/CDW,BWA,CDW,monthly_aligned_windows,-1455.110491624873,-0.6038348069129569,-1.2824132307501503,1.1916348920006867e-22,32,4,2026-01-28
BWA/FMC,BWA,FMC,monthly_aligned_windows,1244.773897130069,0.3450960751668272,-1.2824132307501503,0.9999988284596295,30,4,2026-01-28
TRGP/IR,TRGP,IR,monthly_aligned_windows,1576.246671442516,0.4000060993803052,-1.2824132307501503,0.9999999965345394,30,4,2026-01-28
TRGP/IQV,TRGP,IQV,monthly_aligned_windows,4107.483549794217,1.0490327326297277,-1.2824132307501503,0.9999999989140554,32,4,2026-01-28
ODFL/WYNN,ODFL,WYNN,monthly_aligned_windows,4907.788874593247,0.7177001093480908,-1.2824132307501503,0.9999961295947473,30,4,2026-01-28
AMCR/INTU,AMCR,INTU,slow_rebalance,-605.1961212592611,-0.2627522922304305,-1.5347455238897194,1.1906074228927384e-14,12,4,2026-01-28
AMCR/UHS,AMCR,UHS,slow_rebalance,570.4052566321682,0.37764833265173303,-1.5347455238897194,0.9999811162302893,12,4,2026-01-28
LRCX/TRMB,LRCX,TRMB,slow_rebalance,4235.737988947028,1.499170932665477,-1.5347455238897194,0.999999999998872,8,4,2026-01-28
LRCX/HCA,LRCX,HCA,slow_rebalance,897.7272247106757,0.46952208395560974,-1.5347455238897194,0.9994398781519074,4,4,2026-01-28
CSCO/REGN,CSCO,REGN,slow_rebalance,-2181.210017078609,-0.7437395901220384,-1.5347455238897194,3.134864941941326e-12,12,4,2026-01-28
CSCO/LVS,CSCO,LVS,slow_rebalance,56.29309965148371,0.03683750126523525,-1.5347455238897194,0.11644388437336078,6,4,2026-01-28
DVA/TYL,DVA,TYL,slow_rebalance,-295.6500000000005,-0.9526419698020221,-1.5347455238897194,5.555212680149686e-05,4,4,2026-01-28
DVA/MKTX,DVA,MKTX,slow_rebalance,-705.2193326987879,-0.2811384706359777,-1.5347455238897194,4.925279282336235e-11,8,4,2026-01-28
AKAM/JKHY,AKAM,JKHY,slow_rebalance,-15.88426149057668,-0.06376355416043072,-1.5347455238897194,0.000735483168260642,4,4,2026-01-28
AKAM/XYL,AKAM,XYL,slow_rebalance,-1221.549204462372,-0.5404275624398489,-1.5347455238897194,7.56846473605288e-06,14,4,2026-01-28
BWA/CDW,BWA,CDW,slow_rebalance,2050.612048619962,0.5743724037615742,-1.5347455238897194,0.9999984649654355,16,4,2026-01-28
BWA/FMC,BWA,FMC,slow_rebalance,7686.065137674976,1.2055233253604938,-1.5347455238897194,0.9879891659550284,10,4,2026-01-28
TRGP/IR,TRGP,IR,slow_rebalance,-1050.556906544178,-0.5701283939700921,-1.5347455238897194,4.836615336769849e-25,10,4,2026-01-28
TRGP/IQV,TRGP,IQV,slow_rebalance,-47.54796264817867,-0.0280387622817547,-1.5347455238897194,0.0032353087826522864,12,4,2026-01-28
ODFL/WYNN,ODFL,WYNN,slow_rebalance,2949.731689605061,1.1893013971610218,-1.5347455238897194,1.0,10,4,2026-01-28
AMCR/INTU,AMCR,INTU,entry_filter_kalman,822.8654339372806,0.332886522232609,-2.7761505346538753,0.9836075509366586,12,4,2026-01-28
AMCR/UHS,AMCR,UHS,entry_filter_kalman,2005.5680321059,1.1241126837389275,-2.7761505346538753,0.9999999998890726,10,4,2026-01-28
LRCX/TRMB,LRCX,TRMB,entry_filter_kalman,3272.729653805579,1.3524023969214098,-2.7761505346538753,0.9999999999934384,10,4,2026-01-28
LRCX/HCA,LRCX,HCA,entry_filter_kalman,510.2001539005189,0.16311171012259934,-2.7761505346538753,0.8853384790169698,6,4,2026-01-28
CSCO/REGN,CSCO,REGN,entry_filter_kalman,-2780.436892475996,-0.9602815277421219,-2.7761505346538753,1.7887962245369397e-10,16,4,2026-01-28
CSCO/LVS,CSCO,LVS,entry_filter_kalman,-395.9263341592187,-0.1892908751766746,-2.7761505346538753,5.544564368133719e-13,6,4,2026-01-28
DVA/TYL,DVA,TYL,entry_filter_kalman,-62.07999999999865,-0.13532910730990344,-2.7761505346538753,2.9916885727728923e-05,4,4,2026-01-28
DVA/MKTX,DVA,MKTX,entry_filter_kalman,-533.7880934090049,-0.20988426330730692,-2.7761505346538753,2.607724256390731e-10,10,4,2026-01-28
AKAM/JKHY,AKAM,JKHY,entry_filter_kalman,176.3811628728706,0.16402354975779307,-2.7761505346538753,0.8213028767980852,4,4,2026-01-28
AKAM/XYL,AKAM,XYL,entry_filter_kalman,-303.862272284382,-0.26161872266248876,-2.7761505346538753,1.3827386427780306e-06,8,4,2026-01-28
BWA/CDW,BWA,CDW,entry_filter_kalman,3022.039560238673,1.3821521649920296,-2.7761505346538753,1.0,16,4,2026-01-28
BWA/FMC,BWA,FMC,entry_filter_kalman,390.6790424235867,0.1734187166760019,-2.7761505346538753,0.926688803410133,14,4,2026-01-28
TRGP/IR,TRGP,IR,entry_filter_kalman,-913.3220064960115,-0.5714439404920902,-2.7761505346538753,1.2049579495938536e-22,8,4,2026-01-28
TRGP/IQV,TRGP,IQV,entry_filter_kalman,-1765.25384372349,-0.729991841019498,-2.7761505346538753,0.00020151745006936078,10,4,2026-01-28
ODFL/WYNN,ODFL,WYNN,entry_filter_kalman,-145.5132186448436,-0.06047103125875198,-2.7761505346538753,0.00023658828391544446,12,4,2026-01-28
AMCR/INTU,AMCR,INTU,entry_threshold_strong,832.465697974821,0.3391229595080324,-2.7764025654375843,0.9848828386066993,12,4,2026-01-28
AMCR/UHS,AMCR,UHS,entry_threshold_strong,2012.043189276915,1.1201784536130202,-2.7764025654375843,0.9999999998927857,10,4,2026-01-28
LRCX/TRMB,LRCX,TRMB,entry_threshold_strong,3236.111819780396,1.3515342745898111,-2.7764025654375843,0.9999999999894224,10,4,2026-01-28
LRCX/HCA,LRCX,HCA,entry_threshold_strong,510.9199135117963,0.16233688798659682,-2.7764025654375843,0.8821393426931823,6,4,2026-01-28
CSCO/REGN,CSCO,REGN,entry_threshold_strong,-2780.453307836865,-0.9610606644814464,-2.7764025654375843,1.8130429368380023e-10,16,4,2026-01-28
CSCO/LVS,CSCO,LVS,entry_threshold_strong,-424.1909242637881,-0.1995369357689497,-2.7764025654375843,1.5966425733175944e-13,6,4,2026-01-28
DVA/TYL,DVA,TYL,entry_threshold_strong,-62.07999999999865,-0.13532910730990344,-2.7764025654375843,2.9916885727728923e-05,4,4,2026-01-28
DVA/MKTX,DVA,MKTX,entry_threshold_strong,-511.4880934090023,-0.2030708449381411,-2.7764025654375843,4.84916141938398e-10,10,4,2026-01-28
AKAM/JKHY,AKAM,JKHY,entry_threshold_strong,186.577594961048,0.1701922115593301,-2.7764025654375843,0.835897013685871,4,4,2026-01-28
AKAM/XYL,AKAM,XYL,entry_threshold_strong,-310.4827185520996,-0.2646035308310078,-2.7764025654375843,1.5276205673173216e-06,8,4,2026-01-28
BWA/CDW,BWA,CDW,entry_threshold_strong,3027.819265213087,1.3876423363126853,-2.7764025654375843,1.0,16,4,2026-01-28
BWA/FMC,BWA,FMC,entry_threshold_strong,248.1500007904224,0.1076718836440032,-2.7764025654375843,0.5806481143961142,14,4,2026-01-28
TRGP/IR,TRGP,IR,entry_threshold_strong,-929.9972438138785,-0.5824157714040206,-2.7764025654375843,1.9455807033499904e-22,8,4,2026-01-28
TRGP/IQV,TRGP,IQV,entry_threshold_strong,-1765.470249611583,-0.7313234917561402,-2.7764025654375843,0.00020801949639973085,10,4,2026-01-28
ODFL/WYNN,ODFL,WYNN,entry_threshold_strong,-161.3732547249356,-0.06725156735577552,-2.7764025654375843,0.00012644613913417014,12,4,2026-01-28
AMCR/INTU,AMCR,INTU,uniform_weights,-361.4076680867104,-0.15555758223748423,-3.3013545290580177,3.27146496191759e-13,14,4,2026-01-28
AMCR/UHS,AMCR,UHS,uniform_weights,235.8867239316955,0.14277835455372886,-3.3013545290580177,0.8149300229839394,12,4,2026-01-28
LRCX/TRMB,LRCX,TRMB,uniform_weights,2930.300344971622,1.2040432308570521,-3.3013545290580177,0.9999999999975898,10,4,2026-01-28
LRCX/HCA,LRCX,HCA,uniform_weights,473.4249284325358,0.1506476289678334,-3.3013545290580177,0.8378872615215377,8,4,2026-01-28
CSCO/REGN,CSCO,REGN,uniform_weights,-2237.379824191068,-0.7850315997481081,-3.3013545290580177,6.617571683887052e-11,16,4,2026-01-28
CSCO/LVS,CSCO,LVS,uniform_weights,1166.633899150367,0.6560456878965707,-3.3013545290580177,0.9999732331204025,6,4,2026-01-28
DVA/TYL,DVA,TYL,uniform_weights,-62.07999999999865,-0.13532910730990344,-3.3013545290580177,2.9916885727728923e-05,4,4,2026-01-28
DVA/MKTX,DVA,MKTX,uniform_weights,1078.118267132036,0.554020340367128,-3.3013545290580177,0.9999995037013415,10,4,2026-01-28
AKAM/JKHY,AKAM,JKHY,uniform_weights,183.7158355511126,0.16601542490151003,-3.3013545290580177,0.8230679379331478,4,4,2026-01-28
AKAM/XYL,AKAM,XYL,uniform_weights,-1294.60463986635,-0.6023364251602161,-3.3013545290580177,5.463929409246764e-05,10,4,2026-01-28
BWA/CDW,BWA,CDW,uniform_weights,2208.898595675228,1.0737549711747523,-3.3013545290580177,1.0,18,4,2026-01-28
BWA/FMC,BWA,FMC,uniform_weights,-238.4914241082716,-0.11878131059938438,-3.3013545290580177,2.735745150215529e-06,16,4,2026-01-28
TRGP/IR,TRGP,IR,uniform_weights,-1144.180717534748,-1.0218252201856286,-3.3013545290580177,5.361420242376949e-09,6,4,2026-01-28
TRGP/IQV,TRGP,IQV,uniform_weights,-1806.629138207152,-0.7684878789856756,-3.3013545290580177,0.0004934501628342449,12,4,2026-01-28
ODFL/WYNN,ODFL,WYNN,uniform_weights,-661.7487050646755,-0.3280323001880993,-3.3013545290580177,3.667300290269956e-12,12,4,2026-01-28
AMCR/INTU,AMCR,INTU,raw_momentum,-1101.082673054188,-0.564489950186977,-4.071363567585123,1.967821647062278e-05,10,4,2026-01-28
AMCR/UHS,AMCR,UHS,raw_momentum,410.7792935459973,0.33073316120873575,-4.071363567585123,0.9979902607227589,10,4,2026-01-28
LRCX/TRMB,LRCX,TRMB,raw_momentum,3184.591104817373,1.4404116364732498,-4.071363567585123,0.9999999986058637,8,4,2026-01-28
LRCX/HCA,LRCX,HCA,raw_momentum,825.4561934485519,0.266458002892106,-4.071363567585123,0.9928354296063435,6,4,2026-01-28
CSCO/REGN,CSCO,REGN,raw_momentum,-3353.391369468898,-1.4391428660951238,-4.071363567585123,8.984093702143387e-05,10,4,2026-01-28
CSCO/LVS,CSCO,LVS,raw_momentum,-1446.587905093509,-0.8015855054334122,-4.071363567585123,5.312611803826883e-08,4,4,2026-01-28
DVA/TYL,DVA,TYL,raw_momentum,-62.07999999999865,-0.13532910730990344,-4.071363567585123,2.9916885727728923e-05,4,4,2026-01-28
DVA/MKTX,DVA,MKTX,raw_momentum,1113.319576892247,0.6497933723309693,-4.071363567585123,0.9999818245032054,10,4,2026-01-28
AKAM/JKHY,AKAM,JKHY,raw_momentum,-83.58809775264848,-0.07633982532851231,-4.071363567585123,4.3544961523951864e-05,4,4,2026-01-28
AKAM/XYL,AKAM,XYL,raw_momentum,-40.44262923010723,-0.057377766317461394,-4.071363567585123,0.001400411824857475,6,4,2026-01-28
BWA/CDW,BWA,CDW,raw_momentum,2233.97410388412,1.3519498084943842,-4.071363567585123,0.9999999999997964,10,4,2026-01-28
BWA/FMC,BWA,FMC,raw_momentum,98.05896598101572,0.05785416315822707,-4.071363567585123,0.20546606112124083,12,4,2026-01-28
TRGP/IR,TRGP,IR,raw_momentum,-1105.362220912116,-1.2360032610917175,-4.071363567585123,7.446085147247314e-05,6,4,2026-01-28
TRGP/IQV,TRGP,IQV,raw_momentum,-984.9964466737053,-0.8887417853165716,-4.071363567585123,6.764734958878994e-13,8,4,2026-01-28
ODFL/WYNN,ODFL,WYNN,raw_momentum,29.35842994708173,0.013286776336847285,-4.071363567585123,0.03814202374407357,10,4,2026-01-28
AMCR/INTU,AMCR,INTU,raw_momentum_kalman,-1176.835450967876,-0.5916099756012563,-4.316868552631299,1.3947335808846093e-05,10,4,2026-01-28
AMCR/UHS,AMCR,UHS,raw_momentum_kalman,-432.4235935993661,-0.33101709828014114,-4.316868552631299,3.336539368594834e-11,10,4,2026-01-28
LRCX/TRMB,LRCX,TRMB,raw_momentum_kalman,3418.622922027336,1.4658182169260083,-4.316868552631299,0.9999999999629884,8,4,2026-01-28
LRCX/HCA,LRCX,HCA,raw_momentum_kalman,825.4561934485519,0.266458002892106,-4.316868552631299,0.9928354296063435,6,4,2026-01-28
CSCO/REGN,CSCO,REGN,raw_momentum_kalman,-4534.194121505509,-1.7882116708645575,-4.316868552631299,8.031259177431818e-06,14,4,2026-01-28
CSCO/LVS,CSCO,LVS,raw_momentum_kalman,-1390.83137338453,-0.7909586856418448,-4.316868552631299,1.2294957214001478e-08,4,4,2026-01-28
DVA/TYL,DVA,TYL,raw_momentum_kalman,-62.07999999999865,-0.13532910730990344,-4.316868552631299,2.9916885727728923e-05,4,4,2026-01-28
DVA/MKTX,DVA,MKTX,raw_momentum_kalman,1112.009576892246,0.6477972993013166,-4.316868552631299,0.9999823040135436,10,4,2026-01-28
AKAM/JKHY,AKAM,JKHY,raw_momentum_kalman,168.376035631368,0.15510370023870937,-4.316868552631299,0.791781534255182,4,4,2026-01-28
AKAM/XYL,AKAM,XYL,raw_momentum_kalman,-40.44262923010723,-0.057377766317461394,-4.316868552631299,0.001400411824857475,6,4,2026-01-28
BWA/CDW,BWA,CDW,raw_momentum_kalman,2091.533029568368,1.1511606911146572,-4.316868552631299,0.9999999999999998,12,4,2026-01-28
BWA/FMC,BWA,FMC,raw_momentum_kalman,-47.06962191655748,-0.027429245661872825,-4.316868552631299,0.003495441496720181,12,4,2026-01-28
TRGP/IR,TRGP,IR,raw_momentum_kalman,-1366.214876052679,-1.503163919753079,-4.316868552631299,3.488210233386633e-05,8,4,2026-01-28
TRGP/IQV,TRGP,IQV,raw_momentum_kalman,-1019.007320485743,-1.048339147594278,-4.316868552631299,1.3755048610420683e-10,8,4,2026-01-28
ODFL/WYNN,ODFL,WYNN,raw_momentum_kalman,11.94674750655952,0.005401649858516037,-4.316868552631299,0.02516143015251183,10,4,2026-01-28
AMCR/INTU,AMCR,INTU,fast_strict,374.8636291303906,0.25401032326953166,-4.721941694911455,0.9174580018612699,18,4,2026-01-28
AMCR/UHS,AMCR,UHS,fast_strict,-517.7613036200123,-0.4615555282904665,-4.721941694911455,1.2381343458111971e-11,20,4,2026-01-28
LRCX/TRMB,LRCX,TRMB,fast_strict,4138.810380021109,1.9808235548718378,-4.721941694911455,0.999999999999974,14,4,2026-01-28
LRCX/HCA,LRCX,HCA,fast_strict,657.4255097399948,0.26458100692014314,-4.721941694911455,0.9953055169966257,16,4,2026-01-28
CSCO/REGN,CSCO,REGN,fast_strict,-253.0839608499664,-0.17323503557793876,-4.721941694911455,2.633983460808711e-10,16,4,2026-01-28
CSCO/LVS,CSCO,LVS,fast_strict,57.33268042319199,0.05302243735464381,-4.721941694911455,0.17474902766608147,10,4,2026-01-28
DVA/TYL,DVA,TYL,fast_strict,-753.9600000000019,-1.582124178259727,-4.721941694911455,2.5193134225666878e-05,10,4,2026-01-28
DVA/MKTX,DVA,MKTX,fast_strict,499.0880535280467,0.4404661161842212,-4.721941694911455,0.9991211703526699,8,4,2026-01-28
AKAM/JKHY,AKAM,JKHY,fast_strict,-1682.310757696031,-1.0095326337007944,-4.721941694911455,1.0563798705780399e-07,8,4,2026-01-28
AKAM/XYL,AKAM,XYL,fast_strict,-1615.900068211444,-0.9846260189031859,-4.721941694911455,0.00016299589595209778,18,4,2026-01-28
BWA/CDW,BWA,CDW,fast_strict,804.0856005123783,0.6472892869780374,-4.721941694911455,0.9999999998108925,18,4,2026-01-28
BWA/FMC,BWA,FMC,fast_strict,753.6815189036556,0.4854090124852662,-4.721941694911455,0.9999917093356893,18,4,2026-01-28
TRGP/IR,TRGP,IR,fast_strict,-368.769141585627,-0.389439855386736,-4.721941694911455,3.6953368329160613e-16,12,4,2026-01-28
TRGP/IQV,TRGP,IQV,fast_strict,-678.507483442901,-0.5567941343518805,-4.721941694911455,2.8706836244742557e-16,10,4,2026-01-28
ODFL/WYNN,ODFL,WYNN,fast_strict,-2180.288506606456,-1.463563089162206,-4.721941694911455,2.7183795992912727e-14,30,4,2026-01-28
AMCR/INTU,AMCR,INTU,kalman_aggressive,79069.89675854791,0.7965146834927895,0.5338704585024847,0.9784509552612609,46,5,2026-03-09
AMCR/UHS,AMCR,UHS,kalman_aggressive,4066.883333568639,0.651074725588412,0.5338704585024847,0.9999999862428506,40,5,2026-03-09
LRCX/TRMB,LRCX,TRMB,kalman_aggressive,10036.68486501206,0.8601783848843201,0.5338704585024847,0.9999999999993355,52,5,2026-03-09
LRCX/HCA,LRCX,HCA,kalman_aggressive,-2471.057064849227,-0.20257546480462063,0.5338704585024847,4.651240955112445e-09,46,5,2026-03-09
CSCO/REGN,CSCO,REGN,kalman_aggressive,-7025.648031817233,-0.8404346535009929,0.5338704585024847,5.19645656624803e-10,54,5,2026-03-09
CSCO/LVS,CSCO,LVS,kalman_aggressive,-6948.623545373305,-1.0669083982870946,0.5338704585024847,1.9238087991480458e-25,50,5,2026-03-09
DVA/TYL,DVA,TYL,kalman_aggressive,1372.459999999994,0.121879756958542,0.5338704585024847,0.814546165052238,40,5,2026-03-09
DVA/MKTX,DVA,MKTX,kalman_aggressive,-8242.871350181595,-0.9058902062914163,0.5338704585024847,2.735870209473081e-26,44,5,2026-03-09
AKAM/JKHY,AKAM,JKHY,kalman_aggressive,704.9085120047569,0.11348395692349478,0.5338704585024847,0.7007894804363717,42,5,2026-03-09
AKAM/XYL,AKAM,XYL,kalman_aggressive,154.3713807165877,0.018242030813655694,0.5338704585024847,0.04977565544787679,42,5,2026-03-09
BWA/CDW,BWA,CDW,kalman_aggressive,7869.605671083327,0.7375585459361025,0.5338704585024847,0.9999007239755932,50,5,2026-03-09
BWA/FMC,BWA,FMC,kalman_aggressive,11429.29123229223,0.6811106988135297,0.5338704585024847,0.9999078509036825,48,5,2026-03-09
TRGP/IR,TRGP,IR,kalman_aggressive,5411.132722718494,0.7869918344147502,0.5338704585024847,1.0,48,5,2026-03-09
TRGP/IQV,TRGP,IQV,kalman_aggressive,-1073.423060309754,-0.10306081441535718,0.5338704585024847,8.787087442562774e-06,58,5,2026-03-09
ODFL/WYNN,ODFL,WYNN,kalman_aggressive,-1016.413652144583,-0.12611570828259258,0.5338704585024847,5.65421233480333e-07,54,5,2026-03-09
AMCR/INTU,AMCR,INTU,crash_tolerant,78774.1199339563,0.777357687968722,0.4685983648023186,0.9779508330118083,18,5,2026-03-09
AMCR/UHS,AMCR,UHS,crash_tolerant,-1019.923094260311,-0.31897417766533975,0.4685983648023186,1.1621172565147298e-12,12,5,2026-03-09
LRCX/TRMB,LRCX,TRMB,crash_tolerant,3608.766820311691,0.5835232784060316,0.4685983648023186,0.9999999999911726,14,5,2026-03-09
LRCX/HCA,LRCX,HCA,crash_tolerant,491.4770906705849,0.06903145868022265,0.4685983648023186,0.2910977880302252,8,5,2026-03-09
CSCO/REGN,CSCO,REGN,crash_tolerant,-1942.929780742434,-0.4329989873244715,0.4685983648023186,2.5057246132872085e-25,16,5,2026-03-09
CSCO/LVS,CSCO,LVS,crash_tolerant,125.2064424616065,0.026601882793806784,0.4685983648023186,0.08326285694147534,10,5,2026-03-09
DVA/TYL,DVA,TYL,crash_tolerant,2131.909999999997,0.34302355574171706,0.4685983648023186,0.9988224044252891,6,5,2026-03-09
DVA/MKTX,DVA,MKTX,crash_tolerant,2246.241655847242,0.6320254505495148,0.4685983648023186,0.999982020642163,10,5,2026-03-09
AKAM/JKHY,AKAM,JKHY,crash_tolerant,350.0181462289781,0.15458540506095547,0.4685983648023186,0.803759894755784,4,5,2026-03-09
AKAM/XYL,AKAM,XYL,crash_tolerant,-4895.32331154989,-0.797796583063711,0.4685983648023186,5.873502559841124e-07,12,5,2026-03-09
BWA/CDW,BWA,CDW,crash_tolerant,2325.707135498286,0.4956684664362027,0.4685983648023186,0.9999999996020474,22,5,2026-03-09
BWA/FMC,BWA,FMC,crash_tolerant,-466.2551222656325,-0.11277893169471323,0.4685983648023186,3.497236433467294e-06,16,5,2026-03-09
TRGP/IR,TRGP,IR,crash_tolerant,-3565.381690539776,-1.2002969853274053,0.4685983648023186,5.81439410236751e-15,10,5,2026-03-09
TRGP/IQV,TRGP,IQV,crash_tolerant,790.8661968174231,0.17320868612875157,0.4685983648023186,0.9256767782413857,16,5,2026-03-09
ODFL/WYNN,ODFL,WYNN,crash_tolerant,2778.100067941055,0.4581306441650077,0.4685983648023186,0.9999999867567669,16,5,2026-03-09
AMCR/INTU,AMCR,INTU,trend_leverage,59595.98709614758,0.7829747193088525,0.4271941024542601,0.9779459548882357,18,5,2026-03-09
AMCR/UHS,AMCR,UHS,trend_leverage,-764.920643758715,-0.3178066581548885,0.4271941024542601,1.3495699121110597e-12,12,5,2026-03-09
LRCX/TRMB,LRCX,TRMB,trend_leverage,2671.44366535997,0.5848389380803249,0.4271941024542601,0.9999999999931716,14,5,2026-03-09
LRCX/HCA,LRCX,HCA,trend_leverage,67.09010041338297,0.012598580721373182,0.4271941024542601,0.035439247129317765,8,5,2026-03-09
CSCO/REGN,CSCO,REGN,trend_leverage,-3395.933734408005,-0.7692068258460462,0.4271941024542601,6.47879449483589e-11,16,5,2026-03-09
CSCO/LVS,CSCO,LVS,trend_leverage,121.8584560347028,0.03477780581327222,0.4271941024542601,0.11704237032193887,10,5,2026-03-09
DVA/TYL,DVA,TYL,trend_leverage,1567.639999999998,0.34101930081703735,0.4271941024542601,0.9988198792948642,6,5,2026-03-09
DVA/MKTX,DVA,MKTX,trend_leverage,1702.326812149655,0.6389069776672432,0.4271941024542601,0.9999833445631454,10,5,2026-03-09
AKAM/JKHY,AKAM,JKHY,trend_leverage,258.0122681500502,0.15254350089518853,0.4271941024542601,0.7972759078548557,4,5,2026-03-09
AKAM/XYL,AKAM,XYL,trend_leverage,-3645.294342140037,-0.7974122619456407,0.4271941024542601,5.582660809012443e-07,12,5,2026-03-09
BWA/CDW,BWA,CDW,trend_leverage,7401.563796462338,0.9841004852971834,0.4271941024542601,0.9981444254231021,22,5,2026-03-09
BWA/FMC,BWA,FMC,trend_leverage,1201.437314012336,0.34709767612030556,0.4271941024542601,0.9999884319198239,16,5,2026-03-09
TRGP/IR,TRGP,IR,trend_leverage,-2119.149768385235,-0.8771477993298865,0.4271941024542601,7.735050463766566e-22,10,5,2026-03-09
TRGP/IQV,TRGP,IQV,trend_leverage,-3.845967759331415,-0.001256151727592597,0.4271941024542601,0.017383561010801848,16,5,2026-03-09
ODFL/WYNN,ODFL,WYNN,trend_leverage,2043.397301237209,0.4532300567877275,0.4271941024542601,0.9999999789316272,16,5,2026-03-09
AMCR/INTU,AMCR,INTU,let_profits_run,46118.17768433358,0.8500893970748992,0.4074172451661011,0.9798436055639747,12,5,2026-03-09
AMCR/UHS,AMCR,UHS,let_profits_run,-354.6049638718054,-0.20187642716244625,0.4074172451661011,4.732210557057047e-10,14,5,2026-03-09
LRCX/TRMB,LRCX,TRMB,let_profits_run,5651.073453901938,1.3588005269609844,0.4074172451661011,0.9999999999998632,6,5,2026-03-09
LRCX/HCA,LRCX,HCA,let_profits_run,197.1418942111774,0.08696701482878484,0.4074172451661011,0.4264020578769472,4,5,2026-03-09
CSCO/REGN,CSCO,REGN,let_profits_run,-2649.599887351704,-0.8534591507854019,0.4074172451661011,1.9547790521544603e-12,10,5,2026-03-09
CSCO/LVS,CSCO,LVS,let_profits_run,-1193.493087457176,-0.43891102973969104,0.4074172451661011,3.456838756618537e-18,8,5,2026-03-09
DVA/TYL,DVA,TYL,let_profits_run,109.6200000000019,0.7215685393812521,0.4074172451661011,0.9761524108287815,2,5,2026-03-09
DVA/MKTX,DVA,MKTX,let_profits_run,-1299.765640255325,-0.49179501841347945,0.4074172451661011,5.888512939099189e-11,8,5,2026-03-09
AKAM/JKHY,AKAM,JKHY,let_profits_run,-90.44763219841047,-0.1461445870924137,0.4074172451661011,7.373490985034007e-08,6,5,2026-03-09
AKAM/XYL,AKAM,XYL,let_profits_run,-3614.065475305627,-1.1866885017051243,0.4074172451661011,8.649192426266543e-07,14,5,2026-03-09
BWA/CDW,BWA,CDW,let_profits_run,47.84789928023906,0.012145680955930016,0.4074172451661011,0.03430561181857058,12,5,2026-03-09
BWA/FMC,BWA,FMC,let_profits_run,8049.349163972088,1.076069717540833,0.4074172451661011,0.9991242766121667,10,5,2026-03-09
TRGP/IR,TRGP,IR,let_profits_run,-1.869023145710798,-0.0012495409170316823,0.4074172451661011,0.017276571007167982,10,5,2026-03-09
TRGP/IQV,TRGP,IQV,let_profits_run,3271.72514351842,0.8828918723133189,0.4074172451661011,0.9999999999580464,18,5,2026-03-09
ODFL/WYNN,ODFL,WYNN,let_profits_run,1602.442088237897,0.4789153356107971,0.4074172451661011,0.9999999999729078,16,5,2026-03-09
AMCR/INTU,AMCR,INTU,long_term_tilt,47266.96970255553,0.8781816542730707,0.3968668627109614,0.9791576162816884,10,5,2026-03-09
AMCR/UHS,AMCR,UHS,long_term_tilt,1397.794292020374,0.7150677718052669,0.3968668627109614,0.9999999999805118,10,5,2026-03-09
LRCX/TRMB,LRCX,TRMB,long_term_tilt,3644.560971860627,1.0254035814745905,0.3968668627109614,0.9999999999999957,10,5,2026-03-09
LRCX/HCA,LRCX,HCA,long_term_tilt,-1137.032292663074,-0.9888136522978745,0.3968668627109614,0.0006071119688049974,2,5,2026-03-09
CSCO/REGN,CSCO,REGN,long_term_tilt,-2408.791791552188,-0.8760104354829377,0.3968668627109614,2.8360769820444895e-08,8,5,2026-03-09
CSCO/LVS,CSCO,LVS,long_term_tilt,435.9787988359496,0.21959235762975335,0.3968668627109614,0.9505089904122105,6,5,2026-03-09
DVA/TYL,DVA,TYL,long_term_tilt,-447.939999999999,-0.6301535990903168,0.3968668627109614,1.4049668703337948e-12,4,5,2026-03-09
DVA/MKTX,DVA,MKTX,long_term_tilt,-729.7689955617694,-0.29835936889947207,0.3968668627109614,9.501758011049278e-10,6,5,2026-03-09
AKAM/JKHY,AKAM,JKHY,long_term_tilt,-225.732730302844,-0.34785766887534547,0.3968668627109614,5.342908522696409e-13,6,5,2026-03-09
AKAM/XYL,AKAM,XYL,long_term_tilt,-3050.826442768084,-1.2976403730044859,0.3968668627109614,9.959716701080762e-05,14,5,2026-03-09
BWA/CDW,BWA,CDW,long_term_tilt,4615.740691397496,0.7631950880308653,0.3968668627109614,0.9999876375419025,12,5,2026-03-09
BWA/FMC,BWA,FMC,long_term_tilt,3445.39867995125,0.7170249671828914,0.3968668627109614,0.9999983086192797,12,5,2026-03-09
TRGP/IR,TRGP,IR,long_term_tilt,-311.0399347629881,-0.20780636859765061,0.3968668627109614,1.055378772329664e-12,10,5,2026-03-09
TRGP/IQV,TRGP,IQV,long_term_tilt,1990.337702978045,0.5837961691509616,0.3968668627109614,0.9999999477219257,18,5,2026-03-09
ODFL/WYNN,ODFL,WYNN,long_term_tilt,618.8515564085353,0.20906050195270345,0.3968668627109614,0.9902394864924728,12,5,2026-03-09
AMCR/INTU,AMCR,INTU,no_skip_month,39620.790722364,0.7707948097400183,0.3770151172194863,0.9779217766563533,20,5,2026-03-09
AMCR/UHS,AMCR,UHS,no_skip_month,-609.3401715260559,-0.24835412378314967,0.3770151172194863,3.789465358214039e-09,16,5,2026-03-09
LRCX/TRMB,LRCX,TRMB,no_skip_month,3292.986780001275,0.8117042922669393,0.3770151172194863,0.99999999980006,18,5,2026-03-09
LRCX/HCA,LRCX,HCA,no_skip_month,84.39570993965617,0.023411237173530674,0.3770151172194863,0.05879363549858945,8,5,2026-03-09
CSCO/REGN,CSCO,REGN,no_skip_month,5069.129381582916,1.1219691735553516,0.3770151172194863,0.999996295174013,20,5,2026-03-09
CSCO/LVS,CSCO,LVS,no_skip_month,125.5608257244353,0.05351966369821428,0.3770151172194863,0.2179959084522819,10,5,2026-03-09
DVA/TYL,DVA,TYL,no_skip_month,-433.3799999999965,-0.134801174001302,0.3770151172194863,0.0020270815730199215,10,5,2026-03-09
DVA/MKTX,DVA,MKTX,no_skip_month,-2108.301504057579,-0.5920425225033414,0.3770151172194863,6.292160246683369e-06,14,5,2026-03-09
AKAM/JKHY,AKAM,JKHY,no_skip_month,-1304.098144840238,-0.5250639472628814,0.3770151172194863,2.1651410580128116e-07,8,5,2026-03-09
AKAM/XYL,AKAM,XYL,no_skip_month,-4039.843401790103,-1.1182335508641092,0.3770151172194863,4.136182802824126e-08,18,5,2026-03-09
BWA/CDW,BWA,CDW,no_skip_month,1133.400787290246,0.4876208898278157,0.3770151172194863,0.9999999994687678,24,5,2026-03-09
BWA/FMC,BWA,FMC,no_skip_month,-2572.876312329798,-0.5378251486279302,0.3770151172194863,0.00014669324800317538,18,5,2026-03-09
TRGP/IR,TRGP,IR,no_skip_month,-1443.090515729671,-1.1847869857873135,0.3770151172194863,1.3185685753862134e-09,12,5,2026-03-09
TRGP/IQV,TRGP,IQV,no_skip_month,14447.47034133071,2.0434761585994288,0.3770151172194863,0.9999891790869612,18,5,2026-03-09
ODFL/WYNN,ODFL,WYNN,no_skip_month,1784.456539509486,0.5923791513406772,0.3770151172194863,0.9999999999427018,18,5,2026-03-09
AMCR/INTU,AMCR,INTU,long_term_kalman,47445.83046054665,0.8710728238669215,0.3764283252670253,0.9797589522078188,10,5,2026-03-09
AMCR/UHS,AMCR,UHS,long_term_kalman,-278.8999071912057,-0.1444456655224136,0.3764283252670253,1.2974197023149196e-08,10,5,2026-03-09
LRCX/TRMB,LRCX,TRMB,long_term_kalman,4898.849470268113,1.1296368935739518,0.3764283252670253,0.9999999999999296,8,5,2026-03-09
LRCX/HCA,LRCX,HCA,long_term_kalman,-1127.019543521566,-0.9884610445632154,0.3764283252670253,0.0005338873259670189,2,5,2026-03-09
CSCO/REGN,CSCO,REGN,long_term_kalman,-3080.41993820039,-1.0993659195850183,0.3764283252670253,4.081395651357634e-08,8,5,2026-03-09
CSCO/LVS,CSCO,LVS,long_term_kalman,-558.4007822075148,-0.2259217904333289,0.3764283252670253,6.89190223832813e-16,4,5,2026-03-09
DVA/TYL,DVA,TYL,long_term_kalman,-879.8499999999984,-0.9476402190667172,0.3764283252670253,2.100468397922022e-08,6,5,2026-03-09
DVA/MKTX,DVA,MKTX,long_term_kalman,-751.8687056729532,-0.30383562491481997,0.3764283252670253,7.627627323088876e-10,6,5,2026-03-09
AKAM/JKHY,AKAM,JKHY,long_term_kalman,-90.68072428942924,-0.14589272770073583,0.3764283252670253,7.059482517441399e-08,6,5,2026-03-09
AKAM/XYL,AKAM,XYL,long_term_kalman,-2987.83679198971,-1.270868289906746,0.3764283252670253,7.094761293234016e-05,14,5,2026-03-09
BWA/CDW,BWA,CDW,long_term_kalman,617.2201974413836,0.14801391531794617,0.3764283252670253,0.8693164767410942,12,5,2026-03-09
BWA/FMC,BWA,FMC,long_term_kalman,7823.731528690782,1.0315055309241263,0.3764283252670253,0.999104795824551,10,5,2026-03-09
TRGP/IR,TRGP,IR,long_term_kalman,-327.1006489926982,-0.21335856517856563,0.3764283252670253,2.6291433291764293e-13,10,5,2026-03-09
TRGP/IQV,TRGP,IQV,long_term_kalman,2246.112863386017,0.6522471861400132,0.3764283252670253,0.9999999833465405,18,5,2026-03-09
ODFL/WYNN,ODFL,WYNN,long_term_kalman,1031.823347586184,0.3652070374993049,0.3764283252670253,0.9999985583424815,10,5,2026-03-09
AMCR/INTU,AMCR,INTU,beta_neutral,62282.21236690509,0.7459784407985831,0.3308208232530645,0.9777083437663217,16,5,2026-03-09
AMCR/UHS,AMCR,UHS,beta_neutral,-528.197889746207,-0.18363605275059297,0.3308208232530645,7.553726376763881e-10,14,5,2026-03-09
LRCX/TRMB,LRCX,TRMB,beta_neutral,2314.444882031062,0.5967421873429264,0.3308208232530645,0.9999999992350159,14,5,2026-03-09
LRCX/HCA,LRCX,HCA,beta_neutral,886.9522370510667,0.23622102664574685,0.3308208232530645,0.9938208563709935,6,5,2026-03-09
CSCO/REGN,CSCO,REGN,beta_neutral,-3034.803918585503,-0.950213737275204,0.3308208232530645,2.1712276576612904e-11,16,5,2026-03-09
CSCO/LVS,CSCO,LVS,beta_neutral,813.2448797857629,0.46579771529020575,0.3308208232530645,0.9942761403591607,8,5,2026-03-09
DVA/TYL,DVA,TYL,beta_neutral,1135.009999999999,0.3730905146563162,0.3308208232530645,0.9991446394310483,6,5,2026-03-09
DVA/MKTX,DVA,MKTX,beta_neutral,639.0181479613,0.45243111437512634,0.3308208232530645,0.9999756708336025,10,5,2026-03-09
AKAM/JKHY,AKAM,JKHY,beta_neutral,371.6156736521677,0.22814374022916561,0.3308208232530645,0.9250403762842594,4,5,2026-03-09
AKAM/XYL,AKAM,XYL,beta_neutral,-2919.92313570661,-0.7426536277872723,0.3308208232530645,9.034614658854951e-07,12,5,2026-03-09
BWA/CDW,BWA,CDW,beta_neutral,-485.7646120629302,-0.19599349207322653,0.3308208232530645,7.872170473949262e-11,22,5,2026-03-09
BWA/FMC,BWA,FMC,beta_neutral,830.5013745034067,0.3213002203768486,0.3308208232530645,0.9980194869595773,16,5,2026-03-09
TRGP/IR,TRGP,IR,beta_neutral,-764.3881035497905,-0.4135149096990007,0.3308208232530645,9.603800940992643e-18,8,5,2026-03-09
TRGP/IQV,TRGP,IQV,beta_neutral,-843.8195047880715,-0.2904699491118161,0.3308208232530645,1.8685911953207336e-10,14,5,2026-03-09
ODFL/WYNN,ODFL,WYNN,beta_neutral,-579.0517248278852,-0.12972655670471014,0.3308208232530645,0.00015541958500380588,18,5,2026-03-09
AMCR/INTU,AMCR,INTU,aggressive,85822.24117823197,0.7549690843382945,0.3098340911864877,0.9784634440367797,44,5,2026-03-09
AMCR/UHS,AMCR,UHS,aggressive,1241.759474734375,0.13342271995553792,0.3098340911864877,0.784126596347128,40,5,2026-03-09
LRCX/TRMB,LRCX,TRMB,aggressive,6558.713847268232,0.5175798323582798,0.3098340911864877,0.999999999851472,50,5,2026-03-09
LRCX/HCA,LRCX,HCA,aggressive,406.0803186106068,0.03507064336004262,0.3098340911864877,0.09596091703259807,44,5,2026-03-09
CSCO/REGN,CSCO,REGN,aggressive,-16676.85364806622,-2.007223058263131,0.3098340911864877,1.5533741827898315e-39,52,5,2026-03-09
CSCO/LVS,CSCO,LVS,aggressive,-5913.598068981244,-0.7293036734692242,0.3098340911864877,1.5665227616601698e-47,44,5,2026-03-09
DVA/TYL,DVA,TYL,aggressive,-6449.660000000011,-0.6398169313773888,0.3098340911864877,3.2447752465106835e-07,40,5,2026-03-09
DVA/MKTX,DVA,MKTX,aggressive,-8285.385609432627,-0.6757717375595503,0.3098340911864877,9.826014416385879e-13,38,5,2026-03-09
AKAM/JKHY,AKAM,JKHY,aggressive,-6945.527172018095,-1.0883464683902284,0.3098340911864877,3.3206449973268457e-11,42,5,2026-03-09
AKAM/XYL,AKAM,XYL,aggressive,-6900.862166711894,-0.7731793003247284,0.3098340911864877,3.659797960264947e-12,44,5,2026-03-09
BWA/CDW,BWA,CDW,aggressive,7916.229411723948,0.6351544032848797,0.3098340911864877,0.9997855420472322,48,5,2026-03-09
BWA/FMC,BWA,FMC,aggressive,2882.314582606336,0.16764342837735308,0.3098340911864877,0.9032424313874651,46,5,2026-03-09
TRGP/IR,TRGP,IR,aggressive,7841.202356002169,0.969366730240913,0.3098340911864877,1.0,46,5,2026-03-09
TRGP/IQV,TRGP,IQV,aggressive,7181.307257302834,0.5997661510125826,0.3098340911864877,0.9999999999999958,54,5,2026-03-09
ODFL/WYNN,ODFL,WYNN,aggressive,-416.2192238036178,-0.04728062777464687,0.3098340911864877,0.0009102657823106887,52,5,2026-03-09
AMCR/INTU,AMCR,INTU,weekly_aligned_windows,34662.26837747406,0.675842182961652,0.304563138970977,0.978540636807616,88,5,2026-03-09
AMCR/UHS,AMCR,UHS,weekly_aligned_windows,35393.47086599264,0.6991271296054912,0.304563138970977,0.977948481753948,82,5,2026-03-09
LRCX/TRMB,LRCX,TRMB,weekly_aligned_windows,212.3510434126836,0.04513661157752062,0.304563138970977,0.13892101375600413,94,5,2026-03-09
LRCX/HCA,LRCX,HCA,weekly_aligned_windows,-376.7657689963386,-0.0511482789412271,0.304563138970977,0.00034477459303853327,86,5,2026-03-09
CSCO/REGN,CSCO,REGN,weekly_aligned_windows,-2418.000348354816,-0.40177345531212666,0.304563138970977,2.5860045968647263e-21,90,5,2026-03-09
CSCO/LVS,CSCO,LVS,weekly_aligned_windows,-1439.947633273807,-0.3333934614843338,0.304563138970977,2.0234915731909604e-27,84,5,2026-03-09
DVA/TYL,DVA,TYL,weekly_aligned_windows,-4467.159999999996,-0.7900823738360337,0.304563138970977,4.554142553039499e-05,80,5,2026-03-09
DVA/MKTX,DVA,MKTX,weekly_aligned_windows,-3032.682155408749,-0.5139799390196185,0.304563138970977,1.6595050993219058e-29,82,5,2026-03-09
AKAM/JKHY,AKAM,JKHY,weekly_aligned_windows,-6096.968109842834,-1.8992213944131553,0.304563138970977,4.718492954934355e-22,84,5,2026-03-09
AKAM/XYL,AKAM,XYL,weekly_aligned_windows,-2693.42526242483,-0.6602863543760006,0.304563138970977,1.1471873820100378e-13,74,5,2026-03-09
BWA/CDW,BWA,CDW,weekly_aligned_windows,-1972.642929922736,-0.5909602238231809,0.304563138970977,2.5275564240408944e-38,98,5,2026-03-09
BWA/FMC,BWA,FMC,weekly_aligned_windows,4058.863796331009,0.4223182303418026,0.304563138970977,0.9999198837896158,86,5,2026-03-09
TRGP/IR,TRGP,IR,weekly_aligned_windows,-1119.725652283921,-0.21155644922239042,0.304563138970977,2.3092818969216843e-10,100,5,2026-03-09
TRGP/IQV,TRGP,IQV,weekly_aligned_windows,5429.598687109326,0.8798848692599809,0.304563138970977,0.99999999999923,94,5,2026-03-09
ODFL/WYNN,ODFL,WYNN,weekly_aligned_windows,5994.46521557133,1.134599579212651,0.304563138970977,1.0,88,5,2026-03-09
AMCR/INTU,AMCR,INTU,no_reversal_protection,39130.87641690494,0.7663309712800426,0.2452639773866865,0.9779193638307534,18,5,2026-03-09
AMCR/UHS,AMCR,UHS,no_reversal_protection,294.7974354375874,0.1570310614817817,0.2452639773866865,0.8983650338946226,12,5,2026-03-09
LRCX/TRMB,LRCX,TRMB,no_reversal_protection,2924.884670341869,0.9178312339862735,0.2452639773866865,0.9999999999999999,14,5,2026-03-09
LRCX/HCA,LRCX,HCA,no_reversal_protection,-379.9470207380361,-0.10334669982938964,0.2452639773866865,1.4705499222395447e-05,8,5,2026-03-09
CSCO/REGN,CSCO,REGN,no_reversal_protection,158.1180867977745,0.03317898151922203,0.2452639773866865,0.07754047451763518,16,5,2026-03-09
CSCO/LVS,CSCO,LVS,no_reversal_protection,101.7161719678547,0.04374986106700951,0.2452639773866865,0.16162419760311042,10,5,2026-03-09
DVA/TYL,DVA,TYL,no_reversal_protection,962.1099999999988,0.3209561282633924,0.2452639773866865,0.9988659982565395,6,5,2026-03-09
DVA/MKTX,DVA,MKTX,no_reversal_protection,1156.839965066318,0.5829456238972993,0.2452639773866865,0.9999996943821137,10,5,2026-03-09
AKAM/JKHY,AKAM,JKHY,no_reversal_protection,-293.0795346176994,-0.23180012010099638,0.2452639773866865,1.4255696459919379e-09,4,5,2026-03-09
AKAM/XYL,AKAM,XYL,no_reversal_protection,-2850.313493634714,-0.938094004159843,0.2452639773866865,8.191054435833363e-07,12,5,2026-03-09
BWA/CDW,BWA,CDW,no_reversal_protection,831.8773020747495,0.34358775118395063,0.2452639773866865,0.9999979999604262,22,5,2026-03-09
BWA/FMC,BWA,FMC,no_reversal_protection,5435.445886650639,0.8175977196026207,0.2452639773866865,0.9888775572484283,14,5,2026-03-09
TRGP/IR,TRGP,IR,no_reversal_protection,-1361.80437216204,-0.780422615036636,0.2452639773866865,1.4518109438874896e-20,8,5,2026-03-09
TRGP/IQV,TRGP,IQV,no_reversal_protection,-1527.548870324664,-0.324031697780241,0.2452639773866865,1.382313257607572e-10,12,5,2026-03-09
ODFL/WYNN,ODFL,WYNN,no_reversal_protection,885.4807782756404,0.274579172100663,0.2452639773866865,0.9993518671441307,16,5,2026-03-09
AMCR/INTU,AMCR,INTU,fast_rebalance,40218.55828975711,0.7733825743501669,0.2449876020385547,0.9777198156930041,20,5,2026-03-09
AMCR/UHS,AMCR,UHS,fast_rebalance,-1168.091354222277,-0.500250729861345,0.2449876020385547,6.4897424489803e-10,18,5,2026-03-09
LRCX/TRMB,LRCX,TRMB,fast_rebalance,4742.84755847741,1.3060970673584882,0.2449876020385547,0.9999999999999994,18,5,2026-03-09
LRCX/HCA,LRCX,HCA,fast_rebalance,3338.007374936019,0.5594081652955941,0.2449876020385547,0.999999966459496,14,5,2026-03-09
CSCO/REGN,CSCO,REGN,fast_rebalance,374.4874802657207,0.18533069974406022,0.2449876020385547,0.9380230868601859,14,5,2026-03-09
CSCO/LVS,CSCO,LVS,fast_rebalance,1043.570288128648,0.6439273868420698,0.2449876020385547,0.9999999984818115,10,5,2026-03-09
DVA/TYL,DVA,TYL,fast_rebalance,-2529.130000000006,-1.4325715628039934,0.2449876020385547,4.294593688830305e-08,14,5,2026-03-09
DVA/MKTX,DVA,MKTX,fast_rebalance,-519.8137857687885,-0.26220981002608623,0.2449876020385547,3.760586721573028e-08,10,5,2026-03-09
AKAM/JKHY,AKAM,JKHY,fast_rebalance,-1950.097368812975,-1.0158511043966212,0.2449876020385547,1.3710114211817188e-09,10,5,2026-03-09
AKAM/XYL,AKAM,XYL,fast_rebalance,-2290.128854166832,-0.9895000198584951,0.2449876020385547,9.30673584590023e-05,20,5,2026-03-09
BWA/CDW,BWA,CDW,fast_rebalance,1141.559373132024,0.61695312551123,0.2449876020385547,0.9999999998440823,18,5,2026-03-09
BWA/FMC,BWA,FMC,fast_rebalance,1296.659964235665,0.44664848667723,0.2449876020385547,0.9999996024513971,20,5,2026-03-09
TRGP/IR,TRGP,IR,fast_rebalance,-1640.169474191267,-0.9102306312080954,0.2449876020385547,1.9815811107846914e-10,14,5,2026-03-09
TRGP/IQV,TRGP,IQV,fast_rebalance,1756.450343626854,0.6908111449821276,0.2449876020385547,0.9999999184072403,14,5,2026-03-09
ODFL/WYNN,ODFL,WYNN,fast_rebalance,1845.358093653947,0.5980177744442147,0.2449876020385547,0.999999999971162,28,5,2026-03-09
AMCR/INTU,AMCR,INTU,sensitive_reversal,40869.7267129507,0.8046657598022554,0.2161634456587089,0.9779270749536949,18,5,2026-03-09
AMCR/UHS,AMCR,UHS,sensitive_reversal,-748.4678976575301,-0.3300089724586726,0.2161634456587089,9.466104296004938e-09,16,5,2026-03-09
LRCX/TRMB,LRCX,TRMB,sensitive_reversal,3516.355670066125,1.2167080832518027,0.2161634456587089,0.9999999999901228,18,5,2026-03-09
LRCX/HCA,LRCX,HCA,sensitive_reversal,1492.279515552472,0.4386976889299743,0.2161634456587089,0.9999130652236631,6,5,2026-03-09
CSCO/REGN,CSCO,REGN,sensitive_reversal,-2365.402053796849,-0.836352484293824,0.2161634456587089,2.5325146743386466e-09,20,5,2026-03-09
CSCO/LVS,CSCO,LVS,sensitive_reversal,1794.065152926168,1.0662927760315308,0.2161634456587089,0.9999931010433573,8,5,2026-03-09
DVA/TYL,DVA,TYL,sensitive_reversal,1034.529999999996,0.3547231368698896,0.2161634456587089,0.9980469688245145,8,5,2026-03-09
DVA/MKTX,DVA,MKTX,sensitive_reversal,667.9057940119649,0.4058083599836379,0.2161634456587089,0.9995953162506447,14,5,2026-03-09
AKAM/JKHY,AKAM,JKHY,sensitive_reversal,-41.1810064769063,-0.03700430161083254,0.2161634456587089,0.0011026093176206109,4,5,2026-03-09
AKAM/XYL,AKAM,XYL,sensitive_reversal,-1703.813264189444,-0.7326273651695571,0.2161634456587089,3.76534603484768e-05,16,5,2026-03-09
BWA/CDW,BWA,CDW,sensitive_reversal,558.7195354311117,0.2625147686946218,0.2161634456587089,0.9988583890361632,26,5,2026-03-09
BWA/FMC,BWA,FMC,sensitive_reversal,1718.94958952521,0.910707309976921,0.2161634456587089,0.9999999996424422,16,5,2026-03-09
TRGP/IR,TRGP,IR,sensitive_reversal,-732.2650660328674,-0.7086093396900002,0.2161634456587089,3.0785658026194806e-13,8,5,2026-03-09
TRGP/IQV,TRGP,IQV,sensitive_reversal,-586.5332872263289,-0.20377076979009678,0.2161634456587089,1.853924690878553e-12,14,5,2026-03-09
ODFL/WYNN,ODFL,WYNN,sensitive_reversal,-1809.262022365732,-0.690737166235194,0.2161634456587089,1.804814853639638e-16,24,5,2026-03-09
AMCR/INTU,AMCR,INTU,balanced,39015.25812787934,0.77031771896174,0.211237401011362,0.9778898896206125,16,5,2026-03-09
AMCR/UHS,AMCR,UHS,balanced,-512.3011052300974,-0.3224543384801419,0.211237401011362,1.226263221500002e-12,12,5,2026-03-09
LRCX/TRMB,LRCX,TRMB,balanced,1724.617260997065,0.5760176902363883,0.211237401011362,0.99999999999096,14,5,2026-03-09
LRCX/HCA,LRCX,HCA,balanced,-129.0173432341728,-0.036409060196333165,0.211237401011362,0.002130202738078244,8,5,2026-03-09
CSCO/REGN,CSCO,REGN,balanced,-2503.924683222078,-0.8588520314174467,0.211237401011362,4.1520215740629824e-10,16,5,2026-03-09
CSCO/LVS,CSCO,LVS,balanced,1326.429198908245,0.7237043692307912,0.211237401011362,0.9999896687982601,8,5,2026-03-09
DVA/TYL,DVA,TYL,balanced,1018.74,0.340839458633626,0.211237401011362,0.998823094099896,6,5,2026-03-09
DVA/MKTX,DVA,MKTX,balanced,1115.145440980914,0.6336278070452058,0.211237401011362,0.9999833501249958,10,5,2026-03-09
AKAM/JKHY,AKAM,JKHY,balanced,129.6932248684931,0.11499348991840291,0.211237401011362,0.6272596985043692,4,5,2026-03-09
AKAM/XYL,AKAM,XYL,balanced,-2531.574061965307,-0.8440183999879634,0.211237401011362,8.360933017246101e-07,12,5,2026-03-09
BWA/CDW,BWA,CDW,balanced,4683.041079612211,0.9554081094784399,0.211237401011362,0.9982458768440597,22,5,2026-03-09
BWA/FMC,BWA,FMC,balanced,800.4608775627048,0.34773731130971103,0.211237401011362,0.9999889472471177,16,5,2026-03-09
TRGP/IR,TRGP,IR,balanced,-784.445531682978,-0.5976872824084152,0.211237401011362,1.2012824526803333e-16,6,5,2026-03-09
TRGP/IQV,TRGP,IQV,balanced,-473.55049417685,-0.16317551070089215,0.211237401011362,1.958323296889397e-12,16,5,2026-03-09
ODFL/WYNN,ODFL,WYNN,balanced,653.8385401240978,0.22482348241410063,0.211237401011362,0.994841215005244,16,5,2026-03-09
AMCR/INTU,AMCR,INTU,short_term_tilt,40149.22154426514,0.7734921105222664,0.2044941666707043,0.9777213175481412,20,5,2026-03-09
AMCR/UHS,AMCR,UHS,short_term_tilt,-1487.42581877186,-0.650532031258558,0.2044941666707043,1.348411701873325e-09,18,5,2026-03-09
LRCX/TRMB,LRCX,TRMB,short_term_tilt,4742.84755847741,1.3060970673584882,0.2044941666707043,0.9999999999999994,18,5,2026-03-09
LRCX/HCA,LRCX,HCA,short_term_tilt,3109.385988260356,0.5195995955953113,0.2044941666707043,0.9999999503578639,16,5,2026-03-09
CSCO/REGN,CSCO,REGN,short_term_tilt,374.4874802657207,0.18533069974406022,0.2044941666707043,0.9380230868601859,14,5,2026-03-09
CSCO/LVS,CSCO,LVS,short_term_tilt,96.15572065460145,0.04185648541584486,0.2044941666707043,0.149715471433354,12,5,2026-03-09
DVA/TYL,DVA,TYL,short_term_tilt,-2529.130000000006,-1.4325715628039934,0.2044941666707043,4.294593688830305e-08,14,5,2026-03-09
DVA/MKTX,DVA,MKTX,short_term_tilt,-1165.114443519719,-0.5476968808735977,0.2044941666707043,5.522525477528884e-10,12,5,2026-03-09
AKAM/JKHY,AKAM,JKHY,short_term_tilt,-2107.2675516408,-1.0880856077369616,0.2044941666707043,1.1911841218171867e-09,14,5,2026-03-09
AKAM/XYL,AKAM,XYL,short_term_tilt,-2287.988205329802,-0.9887884346964192,0.2044941666707043,9.35017985857438e-05,20,5,2026-03-09
BWA/CDW,BWA,CDW,short_term_tilt,1141.161262840636,0.6169838139467134,0.2044941666707043,0.999999999841846,18,5,2026-03-09
BWA/FMC,BWA,FMC,short_term_tilt,1296.17826180362,0.44661795108225405,0.2044941666707043,0.9999995982209454,20,5,2026-03-09
TRGP/IR,TRGP,IR,short_term_tilt,-1640.169474191267,-0.9102306312080954,0.2044941666707043,1.9815811107846914e-10,14,5,2026-03-09
TRGP/IQV,TRGP,IQV,short_term_tilt,1756.450343626854,0.6908111449821276,0.2044941666707043,0.9999999184072403,14,5,2026-03-09
ODFL/WYNN,ODFL,WYNN,short_term_tilt,1845.358093653947,0.5980177744442147,0.2044941666707043,0.999999999971162,28,5,2026-03-09
AMCR/INTU,AMCR,INTU,default,39050.94817160302,0.7702845696302744,0.1686265337639405,0.977889040481855,16,5,2026-03-09
AMCR/UHS,AMCR,UHS,default,33.7477088993042,0.014456913719906043,0.1686265337639405,0.039302880514179205,14,5,2026-03-09
LRCX/TRMB,LRCX,TRMB,default,1735.87377455163,0.5806927937676125,0.1686265337639405,0.9999999999931533,14,5,2026-03-09
LRCX/HCA,LRCX,HCA,default,629.7101042209474,0.18077850930912923,0.1686265337639405,0.9404667517991109,6,5,2026-03-09
CSCO/REGN,CSCO,REGN,default,-2499.075602220449,-0.8570674196312811,0.1686265337639405,4.016953496447318e-10,16,5,2026-03-09
CSCO/LVS,CSCO,LVS,default,1320.947319201013,0.7193131529184301,0.1686265337639405,0.999988423299753,8,5,2026-03-09
DVA/TYL,DVA,TYL,default,1015.96,0.33984844761701477,0.1686265337639405,0.9988260974303859,6,5,2026-03-09
DVA/MKTX,DVA,MKTX,default,1115.145440980914,0.6336278070452058,0.1686265337639405,0.9999833501249958,10,5,2026-03-09
AKAM/JKHY,AKAM,JKHY,default,129.6932248684931,0.11499348991840291,0.1686265337639405,0.6272596985043692,4,5,2026-03-09
AKAM/XYL,AKAM,XYL,default,-2425.446433488174,-0.8073418099753962,0.1686265337639405,5.718272946285472e-07,12,5,2026-03-09
BWA/CDW,BWA,CDW,default,1028.412181129173,0.44441807353151336,0.1686265337639405,0.999999994511826,22,5,2026-03-09
BWA/FMC,BWA,FMC,default,489.4716850681471,0.22670855769622447,0.1686265337639405,0.992333573740109,16,5,2026-03-09
TRGP/IR,TRGP,IR,default,-1357.508207855421,-0.9998705789642016,0.1686265337639405,4.819832262797934e-14,8,5,2026-03-09
TRGP/IQV,TRGP,IQV,default,139.4663305408289,0.04840752818869658,0.1686265337639405,0.20179652066990367,14,5,2026-03-09
ODFL/WYNN,ODFL,WYNN,default,629.8241786953788,0.21557254594821074,0.1686265337639405,0.9916447738290729,16,5,2026-03-09
AMCR/INTU,AMCR,INTU,kalman_hedge,39593.40498086503,0.7749946419003917,0.1290882072179137,0.9779066115332881,18,5,2026-03-09
AMCR/UHS,AMCR,UHS,kalman_hedge,-500.3126708032025,-0.3158398481088233,0.1290882072179137,9.392311406625905e-13,12,5,2026-03-09
LRCX/TRMB,LRCX,TRMB,kalman_hedge,1816.922893992511,0.5953524322962226,0.1290882072179137,0.9999999999961022,14,5,2026-03-09
LRCX/HCA,LRCX,HCA,kalman_hedge,243.2718497124309,0.06937439165478015,0.1290882072179137,0.29309938848643513,8,5,2026-03-09
CSCO/REGN,CSCO,REGN,kalman_hedge,-2225.900481984571,-0.7585630726269291,0.1290882072179137,6.047110149517589e-11,16,5,2026-03-09
CSCO/LVS,CSCO,LVS,kalman_hedge,25.76032379569813,0.010954897484196863,0.1290882072179137,0.037358898511219124,10,5,2026-03-09
DVA/TYL,DVA,TYL,kalman_hedge,1015.96,0.33984844761701477,0.1290882072179137,0.9988260974303859,6,5,2026-03-09
DVA/MKTX,DVA,MKTX,kalman_hedge,1115.005440980911,0.6323458906712642,0.1290882072179137,0.9999838428031993,10,5,2026-03-09
AKAM/JKHY,AKAM,JKHY,kalman_hedge,170.6771222445893,0.1525746226250256,0.1290882072179137,0.7978554899966742,4,5,2026-03-09
AKAM/XYL,AKAM,XYL,kalman_hedge,-2439.297512762179,-0.7898845487027998,0.1290882072179137,6.065970521450668e-07,12,5,2026-03-09
BWA/CDW,BWA,CDW,kalman_hedge,1202.349269058523,0.5182391870973349,0.1290882072179137,0.9999999999475876,22,5,2026-03-09
BWA/FMC,BWA,FMC,kalman_hedge,-283.8113130021544,-0.13780044236316896,0.1290882072179137,3.5865151440138825e-07,16,5,2026-03-09
TRGP/IR,TRGP,IR,kalman_hedge,-1761.073637476239,-1.1971420015031458,0.1290882072179137,2.407156155803682e-15,10,5,2026-03-09
TRGP/IQV,TRGP,IQV,kalman_hedge,-476.5736679183935,-0.16384529974029993,0.1290882072179137,1.7922635801499258e-12,16,5,2026-03-09
ODFL/WYNN,ODFL,WYNN,kalman_hedge,1326.251180886441,0.44579467923017335,0.1290882072179137,0.9999999633096895,16,5,2026-03-09
AMCR/INTU,AMCR,INTU,vol_weighted_sizing,39254.74570970453,0.7749834090276816,0.1273479334857402,0.9779154872160042,18,5,2026-03-09
AMCR/UHS,AMCR,UHS,vol_weighted_sizing,-511.6315947415376,-0.322068813528972,0.1273479334857402,1.2562746687576837e-12,12,5,2026-03-09
LRCX/TRMB,LRCX,TRMB,vol_weighted_sizing,1806.243929499206,0.6011873868629237,0.1273479334857402,0.999999999997126,14,5,2026-03-09
LRCX/HCA,LRCX,HCA,vol_weighted_sizing,277.6959619188883,0.07877014227571631,0.1273479334857402,0.36703371890935305,8,5,2026-03-09
CSCO/REGN,CSCO,REGN,vol_weighted_sizing,-2233.599229447062,-0.7621539591608133,0.1273479334857402,6.739273747653373e-11,16,5,2026-03-09
CSCO/LVS,CSCO,LVS,vol_weighted_sizing,109.1191989082454,0.04721630715062739,0.1273479334857402,0.1807134104357484,10,5,2026-03-09
DVA/TYL,DVA,TYL,vol_weighted_sizing,1018.74,0.340839458633626,0.1273479334857402,0.998823094099896,6,5,2026-03-09
DVA/MKTX,DVA,MKTX,vol_weighted_sizing,1115.145440980914,0.6336278070452058,0.1273479334857402,0.9999833501249958,10,5,2026-03-09
AKAM/JKHY,AKAM,JKHY,vol_weighted_sizing,177.9617561578557,0.15729295970404847,0.1273479334857402,0.8122970556449622,4,5,2026-03-09
AKAM/XYL,AKAM,XYL,vol_weighted_sizing,-2384.340817426569,-0.7964444413974708,0.1273479334857402,5.039582552117735e-07,12,5,2026-03-09
BWA/CDW,BWA,CDW,vol_weighted_sizing,1215.736179184656,0.5240000540897495,0.1273479334857402,0.9999999999645542,22,5,2026-03-09
BWA/FMC,BWA,FMC,vol_weighted_sizing,-234.3865448147882,-0.11356395167844414,0.1273479334857402,3.264413044336151e-06,16,5,2026-03-09
TRGP/IR,TRGP,IR,vol_weighted_sizing,-1773.894478049494,-1.2008276797283695,0.1273479334857402,7.776578886364755e-15,10,5,2026-03-09
TRGP/IQV,TRGP,IQV,vol_weighted_sizing,-473.3304941768486,-0.16316412418381462,0.1273479334857402,1.970444550948718e-12,16,5,2026-03-09
ODFL/WYNN,ODFL,WYNN,vol_weighted_sizing,1323.192385918971,0.4501168726520975,0.1273479334857402,0.999999970444968,16,5,2026-03-09
AMCR/INTU,AMCR,INTU,short_term_beta_neutral,17105.86621302691,0.9918858134757994,0.0556509514686718,0.982977570209369,22,5,2026-03-09
AMCR/UHS,AMCR,UHS,short_term_beta_neutral,19797.01676092945,0.6652280871224513,0.0556509514686718,0.9780800649389906,22,5,2026-03-09
LRCX/TRMB,LRCX,TRMB,short_term_beta_neutral,4111.060523171359,0.7645009054935338,0.0556509514686718,0.9999999999908998,22,5,2026-03-09
LRCX/HCA,LRCX,HCA,short_term_beta_neutral,1695.117839482098,0.4103470168773467,0.0556509514686718,0.9999995484094429,16,5,2026-03-09
CSCO/REGN,CSCO,REGN,short_term_beta_neutral,-511.5301136256694,-0.2162415795988907,0.0556509514686718,2.0034852627047756e-13,16,5,2026-03-09
CSCO/LVS,CSCO,LVS,short_term_beta_neutral,-2599.917160701401,-0.7101976036432426,0.0556509514686718,3.51423538345775e-05,16,5,2026-03-09
DVA/TYL,DVA,TYL,short_term_beta_neutral,-2442.520000000006,-1.305161447629347,0.0556509514686718,5.459953538079597e-10,14,5,2026-03-09
DVA/MKTX,DVA,MKTX,short_term_beta_neutral,-61.18993074412521,-0.022164067551221363,0.0556509514686718,0.004312057414488287,14,5,2026-03-09
AKAM/JKHY,AKAM,JKHY,short_term_beta_neutral,-45.83718315774092,-0.033803538420894265,0.0556509514686718,0.0017971465528747942,14,5,2026-03-09
AKAM/XYL,AKAM,XYL,short_term_beta_neutral,-2116.871623467661,-0.7374763338354734,0.0556509514686718,1.0292448753124486e-09,24,5,2026-03-09
BWA/CDW,BWA,CDW,short_term_beta_neutral,948.6669471174151,0.466000099205362,0.0556509514686718,0.9999865266108425,20,5,2026-03-09
BWA/FMC,BWA,FMC,short_term_beta_neutral,1032.035051632438,0.29248230867156405,0.0556509514686718,0.999856311115056,20,5,2026-03-09
TRGP/IR,TRGP,IR,short_term_beta_neutral,-1244.238693554631,-0.7164123565423481,0.0556509514686718,1.0643268374416737e-14,16,5,2026-03-09
TRGP/IQV,TRGP,IQV,short_term_beta_neutral,-703.4017747645057,-0.10704028100794832,0.0556509514686718,2.3770280621157643e-05,20,5,2026-03-09
ODFL/WYNN,ODFL,WYNN,short_term_beta_neutral,-335.7391786609139,-0.0874604212996559,0.0556509514686718,0.00025627642911620177,26,5,2026-03-09
AMCR/INTU,AMCR,INTU,beta_neutral_long_term,19006.85946168683,1.144527602180815,-0.3408636329881054,0.9846711589915783,10,5,2026-03-09
AMCR/UHS,AMCR,UHS,beta_neutral_long_term,2316.792921548451,0.8611365314192557,-0.3408636329881054,0.9999999999999913,10,5,2026-03-09
LRCX/TRMB,LRCX,TRMB,beta_neutral_long_term,3848.861192786675,0.759002588144167,-0.3408636329881054,0.9999999999435383,10,5,2026-03-09
LRCX/HCA,LRCX,HCA,beta_neutral_long_term,-1153.010436597293,-0.9837545253428668,-0.3408636329881054,0.0002580214620167445,2,5,2026-03-09
CSCO/REGN,CSCO,REGN,beta_neutral_long_term,-2929.671262732364,-0.8930698608274568,-0.3408636329881054,2.3732042726379602e-11,8,5,2026-03-09
CSCO/LVS,CSCO,LVS,beta_neutral_long_term,-1126.585201756886,-0.3424382165255559,-0.3408636329881054,5.889972805396852e-07,6,5,2026-03-09
DVA/TYL,DVA,TYL,beta_neutral_long_term,-684.0099999999982,-0.714651612812076,-0.3408636329881054,2.574793358884508e-09,6,5,2026-03-09
DVA/MKTX,DVA,MKTX,beta_neutral_long_term,-333.6710399264621,-0.10099371091228009,-0.3408636329881054,4.457192190771722e-10,6,5,2026-03-09
AKAM/JKHY,AKAM,JKHY,beta_neutral_long_term,-96.13374541950651,-0.17162308848499688,-0.3408636329881054,8.422673359990133e-09,6,5,2026-03-09
AKAM/XYL,AKAM,XYL,beta_neutral_long_term,-3423.448910512169,-1.336781602491209,-0.3408636329881054,2.991656366133412e-08,14,5,2026-03-09
BWA/CDW,BWA,CDW,beta_neutral_long_term,4947.848164112626,0.7868662809668202,-0.3408636329881054,0.9998822985176798,12,5,2026-03-09
BWA/FMC,BWA,FMC,beta_neutral_long_term,3290.58984189897,0.46001996519700256,-0.3408636329881054,0.9980964701484637,12,5,2026-03-09
TRGP/IR,TRGP,IR,beta_neutral_long_term,-1092.719489595462,-0.31944748796640443,-0.3408636329881054,5.379356296835173e-20,10,5,2026-03-09
TRGP/IQV,TRGP,IQV,beta_neutral_long_term,50.28401687782934,0.011279360941613793,-0.3408636329881054,0.03425840181003774,18,5,2026-03-09
ODFL/WYNN,ODFL,WYNN,beta_neutral_long_term,1356.941054136625,0.291965425358955,-0.3408636329881054,0.9999669241509623,12,5,2026-03-09
AMCR/INTU,AMCR,INTU,crash_defensive,19582.62425789988,0.7743469748857887,-0.5834458423891479,0.9778766928453612,18,5,2026-03-09
AMCR/UHS,AMCR,UHS,crash_defensive,-260.2912664776456,-0.3314373968294417,-0.5834458423891479,5.996551674664123e-13,12,5,2026-03-09
LRCX/TRMB,LRCX,TRMB,crash_defensive,903.2189487441467,0.6131505402509733,-0.5834458423891479,0.9999999999987976,14,5,2026-03-09
LRCX/HCA,LRCX,HCA,crash_defensive,135.7667401184134,0.07823865107168661,-0.5834458423891479,0.362599435240038,8,5,2026-03-09
CSCO/REGN,CSCO,REGN,crash_defensive,-2385.868541504183,-0.9967219997921842,-0.5834458423891479,2.9408384109282755e-05,16,5,2026-03-09
CSCO/LVS,CSCO,LVS,crash_defensive,74.0817482740967,0.06524880484955783,-0.5834458423891479,0.2938345978118304,10,5,2026-03-09
DVA/TYL,DVA,TYL,crash_defensive,480.9899999999992,0.34555500625488295,-0.5834458423891479,0.9988621192749333,6,5,2026-03-09
DVA/MKTX,DVA,MKTX,crash_defensive,557.9627204904571,0.6340726307249349,-0.5834458423891479,0.9999833861888224,10,5,2026-03-09
AKAM/JKHY,AKAM,JKHY,crash_defensive,84.76587807892793,0.15162225106810498,-0.5834458423891479,0.7946286558219031,4,5,2026-03-09
AKAM/XYL,AKAM,XYL,crash_defensive,-1166.317094890586,-0.7989647589981096,-0.5834458423891479,4.783080810336248e-07,12,5,2026-03-09
BWA/CDW,BWA,CDW,crash_defensive,624.415133073039,0.5422680448209045,-0.5834458423891479,0.9999999999915468,22,5,2026-03-09
BWA/FMC,BWA,FMC,crash_defensive,-116.4577937289587,-0.11322650002554764,-0.5834458423891479,3.4054685134631816e-06,16,5,2026-03-09
TRGP/IR,TRGP,IR,crash_defensive,-882.6365860907858,-1.202193092864669,-0.5834458423891479,9.521105576271734e-15,10,5,2026-03-09
TRGP/IQV,TRGP,IQV,crash_defensive,-1034.349160158576,-0.44101459947142346,-0.5834458423891479,0.00011088814133209844,16,5,2026-03-09
ODFL/WYNN,ODFL,WYNN,crash_defensive,-70.29773181345013,-0.05401813317319542,-0.5834458423891479,0.0005191610100042275,18,5,2026-03-09
AMCR/INTU,AMCR,INTU,conservative,15264.7997648469,0.8022755759953969,-0.8659163469818314,0.9779581254111702,18,5,2026-03-09
AMCR/UHS,AMCR,UHS,conservative,-53.96161975681591,-0.10081329410381555,-0.8659163469818314,2.197769941830675e-05,14,5,2026-03-09
LRCX/TRMB,LRCX,TRMB,conservative,1466.662718720859,1.2478428359551959,-0.8659163469818314,0.999999999999314,14,5,2026-03-09
LRCX/HCA,LRCX,HCA,conservative,151.4728454746455,0.12229122097212022,-0.8659163469818314,0.7052174118159134,8,5,2026-03-09
CSCO/REGN,CSCO,REGN,conservative,-920.9102640869414,-0.7443824374863887,-0.8659163469818314,1.2045930859083644e-06,16,5,2026-03-09
CSCO/LVS,CSCO,LVS,conservative,234.6332304722187,0.2907408131548127,-0.8659163469818314,0.9760699367604954,10,5,2026-03-09
DVA/TYL,DVA,TYL,conservative,650.5499999999997,0.641592972296764,-0.8659163469818314,0.997948732751742,6,5,2026-03-09
DVA/MKTX,DVA,MKTX,conservative,375.5065933162587,0.6077712857259274,-0.8659163469818314,0.999835308519532,10,5,2026-03-09
AKAM/JKHY,AKAM,JKHY,conservative,122.9124087718592,0.5297405274859842,-0.8659163469818314,0.9999670815164579,4,5,2026-03-09
AKAM/XYL,AKAM,XYL,conservative,-1025.561851075045,-0.9556034270405089,-0.8659163469818314,3.0615019291417822e-06,12,5,2026-03-09
BWA/CDW,BWA,CDW,conservative,476.0817484798442,0.5953820899029879,-0.8659163469818314,0.9999999990660499,24,5,2026-03-09
BWA/FMC,BWA,FMC,conservative,-45.8574616721761,-0.07490497425639457,-0.8659163469818314,3.983170141751322e-05,16,5,2026-03-09
TRGP/IR,TRGP,IR,conservative,-621.6060374332694,-1.152712788828943,-0.8659163469818314,8.011827452548453e-14,10,5,2026-03-09
TRGP/IQV,TRGP,IQV,conservative,20.9667414704619,0.030606964826079792,-0.8659163469818314,0.07647359345554419,16,5,2026-03-09
ODFL/WYNN,ODFL,WYNN,conservative,-824.4453094923097,-0.9560127409959805,-0.8659163469818314,4.828713190145128e-13,20,5,2026-03-09
AMCR/INTU,AMCR,INTU,vol_sized_conservative,14172.24559653748,0.7453243160034595,-0.8957500826667164,0.9777259083154659,16,5,2026-03-09
AMCR/UHS,AMCR,UHS,vol_sized_conservative,390.2553880948471,0.46069901611441405,-0.8957500826667164,0.9999670632727004,14,5,2026-03-09
LRCX/TRMB,LRCX,TRMB,vol_sized_conservative,759.5489654480829,0.7124087878537657,-0.8957500826667164,0.9999999999997204,14,5,2026-03-09
LRCX/HCA,LRCX,HCA,vol_sized_conservative,315.942878661188,0.2665811132944163,-0.8957500826667164,0.9933115088288202,4,5,2026-03-09
CSCO/REGN,CSCO,REGN,vol_sized_conservative,-1316.397887712356,-1.0223003969043918,-0.8957500826667164,1.1534677021941643e-06,16,5,2026-03-09
CSCO/LVS,CSCO,LVS,vol_sized_conservative,401.9010730559093,0.5940944600901281,-0.8957500826667164,0.9999477290223538,8,5,2026-03-09
DVA/TYL,DVA,TYL,vol_sized_conservative,359.6699999999994,0.34475614664223725,-0.8957500826667164,0.9988441676169805,6,5,2026-03-09
DVA/MKTX,DVA,MKTX,vol_sized_conservative,405.1451342115221,0.5431435730127193,-0.8957500826667164,0.9999993250947252,10,5,2026-03-09
AKAM/JKHY,AKAM,JKHY,vol_sized_conservative,50.90408044970604,0.1201338716646692,-0.8957500826667164,0.6554846399030492,4,5,2026-03-09
AKAM/XYL,AKAM,XYL,vol_sized_conservative,-824.7863817434861,-0.7591323538651161,-0.8957500826667164,4.229803787237116e-07,12,5,2026-03-09
BWA/CDW,BWA,CDW,vol_sized_conservative,327.7486114871393,0.39791918767179496,-0.8957500826667164,0.9999997691929757,22,5,2026-03-09
BWA/FMC,BWA,FMC,vol_sized_conservative,-11.37059486443911,-0.014554827594104479,-0.8957500826667164,0.007926160649850262,16,5,2026-03-09
TRGP/IR,TRGP,IR,vol_sized_conservative,-498.1655799691196,-0.9919668250330183,-0.8957500826667164,3.68735257644726e-14,8,5,2026-03-09
TRGP/IQV,TRGP,IQV,vol_sized_conservative,577.0799693724093,0.8556272540768111,-0.8957500826667164,0.9999999999999881,12,5,2026-03-09
ODFL/WYNN,ODFL,WYNN,vol_sized_conservative,-612.3861396612253,-0.6863438892204701,-0.8957500826667164,2.9151898252147425e-15,18,5,2026-03-09
AMCR/INTU,AMCR,INTU,monthly_aligned_windows,-643.2681728554951,-0.14543690312470872,-0.9092027652262736,5.7665536730093e-08,34,5,2026-03-09
AMCR/UHS,AMCR,UHS,monthly_aligned_windows,-2676.194731030716,-0.7404458870277674,-0.9092027652262736,3.3311325809644987e-26,34,5,2026-03-09
LRCX/TRMB,LRCX,TRMB,monthly_aligned_windows,6212.87863496071,1.2612093425506896,-0.9092027652262736,0.9999999999999997,32,5,2026-03-09
LRCX/HCA,LRCX,HCA,monthly_aligned_windows,-3328.909971975772,-0.732395299509814,-0.9092027652262736,1.6674277717192198e-21,32,5,2026-03-09
CSCO/REGN,CSCO,REGN,monthly_aligned_windows,11755.24768292935,1.6595600801536108,-0.9092027652262736,0.9999997634806898,34,5,2026-03-09
CSCO/LVS,CSCO,LVS,monthly_aligned_windows,-2787.377205685704,-0.5666577059181102,-0.9092027652262736,4.848862440040148e-28,32,5,2026-03-09
DVA/TYL,DVA,TYL,monthly_aligned_windows,2068.709999999995,0.3629853701826985,-0.9092027652262736,0.9999935971453168,28,5,2026-03-09
DVA/MKTX,DVA,MKTX,monthly_aligned_windows,-335.3632639674238,-0.09924484573286324,-0.9092027652262736,3.4262838247738776e-06,30,5,2026-03-09
AKAM/JKHY,AKAM,JKHY,monthly_aligned_windows,-4378.18424949362,-0.8874517840303829,-0.9092027652262736,3.494081083215324e-08,34,5,2026-03-09
AKAM/XYL,AKAM,XYL,monthly_aligned_windows,-3415.077515849479,-0.9598377744015706,-0.9092027652262736,3.67307285149465e-11,34,5,2026-03-09
BWA/CDW,BWA,CDW,monthly_aligned_windows,-2466.227477112443,-0.9336861187618397,-0.9092027652262736,1.953463829484427e-31,34,5,2026-03-09
BWA/FMC,BWA,FMC,monthly_aligned_windows,4001.475164439096,0.6901901700064601,-0.9092027652262736,0.9999999990723445,34,5,2026-03-09
TRGP/IR,TRGP,IR,monthly_aligned_windows,1946.72091935135,0.45115429063239026,-0.9092027652262736,0.9999999999858068,32,5,2026-03-09
TRGP/IQV,TRGP,IQV,monthly_aligned_windows,3345.750046771076,0.7933115822560658,-0.9092027652262736,0.9999999999459656,34,5,2026-03-09
ODFL/WYNN,ODFL,WYNN,monthly_aligned_windows,4535.920864672288,0.6292978912945205,-0.9092027652262736,0.9999958981133608,34,5,2026-03-09
AMCR/INTU,AMCR,INTU,slow_rebalance,1493.177099844243,0.44039763585636116,-1.4273891889853016,0.9999251229988189,14,5,2026-03-09
AMCR/UHS,AMCR,UHS,slow_rebalance,569.71914828202,0.3669165526808633,-1.4273891889853016,0.9999810862548549,12,5,2026-03-09
LRCX/TRMB,LRCX,TRMB,slow_rebalance,4080.264294570788,1.1396915752665753,-1.4273891889853016,0.999999999999935,10,5,2026-03-09
LRCX/HCA,LRCX,HCA,slow_rebalance,-284.971555911337,-0.10838552049731943,-1.4273891889853016,8.669524243897442e-05,4,5,2026-03-09
CSCO/REGN,CSCO,REGN,slow_rebalance,-2182.979927152575,-0.7241474361674474,-1.4273891889853016,3.4443025390086874e-12,12,5,2026-03-09
CSCO/LVS,CSCO,LVS,slow_rebalance,-947.4848028088902,-0.453892888287303,-1.4273891889853016,6.7259962188278994e-12,10,5,2026-03-09
DVA/TYL,DVA,TYL,slow_rebalance,-295.6500000000005,-0.9256524981747829,-1.4273891889853016,5.554720089733237e-05,4,5,2026-03-09
DVA/MKTX,DVA,MKTX,slow_rebalance,-705.9418942768142,-0.2740199052727354,-1.4273891889853016,4.600538443267438e-11,8,5,2026-03-09
AKAM/JKHY,AKAM,JKHY,slow_rebalance,-144.689755589479,-0.27865723317676133,-1.4273891889853016,1.813978540698678e-10,6,5,2026-03-09
AKAM/XYL,AKAM,XYL,slow_rebalance,-3405.273276784344,-1.1343498322801997,-1.4273891889853016,6.403157738501096e-07,16,5,2026-03-09
BWA/CDW,BWA,CDW,slow_rebalance,4432.379644444403,0.7825463089018209,-1.4273891889853016,0.9999698112408633,18,5,2026-03-09
BWA/FMC,BWA,FMC,slow_rebalance,7673.184846286991,1.1728850397956396,-1.4273891889853016,0.9880459634044212,10,5,2026-03-09
TRGP/IR,TRGP,IR,slow_rebalance,-1038.654128994666,-0.5499263940438125,-1.4273891889853016,4.902722088535349e-25,10,5,2026-03-09
TRGP/IQV,TRGP,IQV,slow_rebalance,-1159.003741699232,-0.3806792905985522,-1.4273891889853016,8.820521584356071e-11,14,5,2026-03-09
ODFL/WYNN,ODFL,WYNN,slow_rebalance,3659.221401915121,1.1684073127039034,-1.4273891889853016,1.0,14,5,2026-03-09
AMCR/INTU,AMCR,INTU,entry_threshold_strong,4111.612889194168,1.1497232572170673,-1.859295056042263,0.9999999897731014,14,5,2026-03-09
AMCR/UHS,AMCR,UHS,entry_threshold_strong,2010.318429285285,1.0882481556357242,-1.859295056042263,0.9999999998910605,10,5,2026-03-09
LRCX/TRMB,LRCX,TRMB,entry_threshold_strong,2287.735850373009,0.7123437200243139,-1.859295056042263,0.9999999998520831,14,5,2026-03-09
LRCX/HCA,LRCX,HCA,entry_threshold_strong,1378.430885772589,0.4112917459541487,-1.859295056042263,0.9999305198893913,6,5,2026-03-09
CSCO/REGN,CSCO,REGN,entry_threshold_strong,-2776.254764144968,-0.9331892044053662,-1.859295056042263,1.8546460206185143e-10,16,5,2026-03-09
CSCO/LVS,CSCO,LVS,entry_threshold_strong,-1429.319219840173,-0.5534642640919565,-1.859295056042263,8.02891670652105e-17,10,5,2026-03-09
DVA/TYL,DVA,TYL,entry_threshold_strong,754.8199999999999,0.2541051055898864,-1.859295056042263,0.9989198352103369,6,5,2026-03-09
DVA/MKTX,DVA,MKTX,entry_threshold_strong,-517.1651863789309,-0.1995937146268106,-1.859295056042263,3.953400401374204e-10,10,5,2026-03-09
AKAM/JKHY,AKAM,JKHY,entry_threshold_strong,188.1967130936438,0.16659127721269526,-1.859295056042263,0.83888933646658,4,5,2026-03-09
AKAM/XYL,AKAM,XYL,entry_threshold_strong,-1775.5257393437,-0.8445384811839727,-1.859295056042263,5.3235877874292135e-05,10,5,2026-03-09
BWA/CDW,BWA,CDW,entry_threshold_strong,4490.860735119916,0.9163243981150209,-1.859295056042263,0.9991176525278729,20,5,2026-03-09
BWA/FMC,BWA,FMC,entry_threshold_strong,243.5246545779387,0.10265763691728931,-1.859295056042263,0.5646399131470449,14,5,2026-03-09
TRGP/IR,TRGP,IR,entry_threshold_strong,-934.9664708448408,-0.569082324532636,-1.859295056042263,1.8376759728591035e-22,8,5,2026-03-09
TRGP/IQV,TRGP,IQV,entry_threshold_strong,-476.5436694591697,-0.16443066728997163,-1.859295056042263,4.645242202306146e-13,12,5,2026-03-09
ODFL/WYNN,ODFL,WYNN,entry_threshold_strong,207.6029260156297,0.0685860001027915,-1.859295056042263,0.2885584201171141,16,5,2026-03-09
AMCR/INTU,AMCR,INTU,entry_filter_kalman,3963.524481918211,1.1130518835679455,-1.8774652939604797,0.9999999911455134,14,5,2026-03-09
AMCR/UHS,AMCR,UHS,entry_filter_kalman,2002.614810544324,1.0912314931845286,-1.8774652939604797,0.9999999998880617,10,5,2026-03-09
LRCX/TRMB,LRCX,TRMB,entry_filter_kalman,2304.021053400598,0.7080807017145763,-1.8774652939604797,0.9999999998074215,14,5,2026-03-09
LRCX/HCA,LRCX,HCA,entry_filter_kalman,1377.725361643426,0.41345132449431504,-1.8774652939604797,0.9999379260604542,6,5,2026-03-09
CSCO/REGN,CSCO,REGN,entry_filter_kalman,-2776.238348784098,-0.9324316972447337,-1.8774652939604797,1.8297814138280195e-10,16,5,2026-03-09
CSCO/LVS,CSCO,LVS,entry_filter_kalman,-1444.7997184867,-0.5608831926273101,-1.8774652939604797,3.808078447377631e-16,10,5,2026-03-09
DVA/TYL,DVA,TYL,entry_filter_kalman,754.8199999999999,0.2541051055898864,-1.8774652939604797,0.9989198352103369,6,5,2026-03-09
DVA/MKTX,DVA,MKTX,entry_filter_kalman,-529.7679273072034,-0.2026434271836432,-1.8774652939604797,2.571208351788329e-10,10,5,2026-03-09
AKAM/JKHY,AKAM,JKHY,entry_filter_kalman,178.0036362484399,0.1606386179228172,-1.8774652939604797,0.8247441939949873,4,5,2026-03-09
AKAM/XYL,AKAM,XYL,entry_filter_kalman,-1854.549114322994,-0.84746535678544,-1.8774652939604797,0.00010025229124976193,10,5,2026-03-09
BWA/CDW,BWA,CDW,entry_filter_kalman,4494.357785130972,0.9165813649540967,-1.8774652939604797,0.9991274730883556,20,5,2026-03-09
BWA/FMC,BWA,FMC,entry_filter_kalman,390.4726125636182,0.1686105348382668,-1.8774652939604797,0.9270679690160949,14,5,2026-03-09
TRGP/IR,TRGP,IR,entry_filter_kalman,-918.3244379291314,-0.558503271990035,-1.8774652939604797,1.1133338703705593e-22,8,5,2026-03-09
TRGP/IQV,TRGP,IQV,entry_filter_kalman,-457.3098021341513,-0.15774962621676786,-1.8774652939604797,6.572725106967568e-13,12,5,2026-03-09
ODFL/WYNN,ODFL,WYNN,entry_filter_kalman,226.5987418509483,0.07409814104530554,-1.8774652939604797,0.32997773242777906,16,5,2026-03-09
AMCR/INTU,AMCR,INTU,uniform_weights,2450.99488051486,0.8505405204858351,-3.1727455020251085,0.9999841526411238,16,5,2026-03-09
AMCR/UHS,AMCR,UHS,uniform_weights,235.1491215444623,0.13842133854410285,-3.1727455020251085,0.813261893977691,12,5,2026-03-09
LRCX/TRMB,LRCX,TRMB,uniform_weights,1759.413116225399,0.6023596826570065,-3.1727455020251085,0.9999999999985006,14,5,2026-03-09
LRCX/HCA,LRCX,HCA,uniform_weights,263.2532657344163,0.07509012471031624,-3.1727455020251085,0.33743110134034215,8,5,2026-03-09
CSCO/REGN,CSCO,REGN,uniform_weights,-2233.599229447062,-0.7621539591608133,-3.1727455020251085,6.739273747653373e-11,16,5,2026-03-09
CSCO/LVS,CSCO,LVS,uniform_weights,172.0397347010019,0.0753780902391441,-3.1727455020251085,0.36435945263553865,10,5,2026-03-09
DVA/TYL,DVA,TYL,uniform_weights,971.5600000000002,0.3382342763460133,-3.1727455020251085,0.9988417609341846,6,5,2026-03-09
DVA/MKTX,DVA,MKTX,uniform_weights,1076.256455326902,0.5390566265407298,-3.1727455020251085,0.999999525501769,10,5,2026-03-09
AKAM/JKHY,AKAM,JKHY,uniform_weights,-199.5254634586016,-0.16747271159169105,-3.1727455020251085,1.358558889701287e-07,6,5,2026-03-09
AKAM/XYL,AKAM,XYL,uniform_weights,-2755.150534541138,-0.9840061737528335,-3.1727455020251085,4.388386275114034e-06,12,5,2026-03-09
BWA/CDW,BWA,CDW,uniform_weights,1077.654797262144,0.46880931125284014,-3.1727455020251085,0.9999999993396397,22,5,2026-03-09
BWA/FMC,BWA,FMC,uniform_weights,-238.2734818221754,-0.11535926088487934,-3.1727455020251085,2.7688484703359514e-06,16,5,2026-03-09
TRGP/IR,TRGP,IR,uniform_weights,-1142.414311064986,-0.9932387468771715,-3.1727455020251085,5.785585839332463e-09,6,5,2026-03-09
TRGP/IQV,TRGP,IQV,uniform_weights,-1751.632069260595,-0.6442863304445474,-3.1727455020251085,7.607926481175224e-06,14,5,2026-03-09
ODFL/WYNN,ODFL,WYNN,uniform_weights,-322.5198798826625,-0.1189610898430032,-3.1727455020251085,2.851930545726714e-06,16,5,2026-03-09
AMCR/INTU,AMCR,INTU,raw_momentum,1525.314969898236,0.47379905206727774,-3.6326128832005304,0.9998393455133127,14,5,2026-03-09
AMCR/UHS,AMCR,UHS,raw_momentum,246.6891766452835,0.18881868973851204,-3.6326128832005304,0.9387967303263783,10,5,2026-03-09
LRCX/TRMB,LRCX,TRMB,raw_momentum,2010.839687253816,0.737102855294896,-3.6326128832005304,0.9999999999960064,12,5,2026-03-09
LRCX/HCA,LRCX,HCA,raw_momentum,615.2674080364754,0.17764188982200094,-3.6326128832005304,0.9347674912114471,6,5,2026-03-09
CSCO/REGN,CSCO,REGN,raw_momentum,-3350.606612389091,-1.3980386370577103,-3.6326128832005304,9.017658428587538e-05,10,5,2026-03-09
CSCO/LVS,CSCO,LVS,raw_momentum,-1296.358026224216,-0.6955260903445107,-3.6326128832005304,1.3717692274568715e-08,6,5,2026-03-09
DVA/TYL,DVA,TYL,raw_momentum,-62.07999999999865,-0.13150804367787572,-3.6326128832005304,2.9840186976970798e-05,4,5,2026-03-09
DVA/MKTX,DVA,MKTX,raw_momentum,1115.145440980914,0.6336278070452058,-3.6326128832005304,0.9999833501249958,10,5,2026-03-09
AKAM/JKHY,AKAM,JKHY,raw_momentum,-88.88714326284929,-0.07947245940702191,-3.6326128832005304,3.07055823319772e-05,4,5,2026-03-09
AKAM/XYL,AKAM,XYL,raw_momentum,-43.34646837383934,-0.059784854827200175,-3.6326128832005304,0.0011634966620180924,6,5,2026-03-09
BWA/CDW,BWA,CDW,raw_momentum,1772.75472897397,1.0090461555936057,-3.6326128832005304,0.9999999999999803,12,5,2026-03-09
BWA/FMC,BWA,FMC,raw_momentum,99.79858238693123,0.057265869802793454,-3.6326128832005304,0.21198689296054335,12,5,2026-03-09
TRGP/IR,TRGP,IR,raw_momentum,-1108.341341108273,-1.2041896400183896,-3.6326128832005304,7.396556011630361e-05,6,5,2026-03-09
TRGP/IQV,TRGP,IQV,raw_momentum,-1739.990763432865,-1.2748506882305153,-3.6326128832005304,7.525413069595049e-15,10,5,2026-03-09
ODFL/WYNN,ODFL,WYNN,raw_momentum,617.6689614076621,0.23421545189984383,-3.6326128832005304,0.9905157280339574,12,5,2026-03-09
AMCR/INTU,AMCR,INTU,raw_momentum_kalman,1453.948005169955,0.44770341507836464,-3.7321242502315664,0.9997862731192328,14,5,2026-03-09
AMCR/UHS,AMCR,UHS,raw_momentum_kalman,-839.9187884038042,-0.37435219351345606,-3.7321242502315664,1.985941967555925e-10,12,5,2026-03-09
LRCX/TRMB,LRCX,TRMB,raw_momentum_kalman,2244.443589585095,0.7898483650334632,-3.7321242502315664,0.9999999999998206,12,5,2026-03-09
LRCX/HCA,LRCX,HCA,raw_momentum_kalman,615.2674080364754,0.17764188982200094,-3.7321242502315664,0.9347674912114471,6,5,2026-03-09
CSCO/REGN,CSCO,REGN,raw_momentum_kalman,-4529.676397755728,-1.7367304622655664,-3.7321242502315664,8.096165825936455e-06,14,5,2026-03-09
CSCO/LVS,CSCO,LVS,raw_momentum_kalman,-1255.201246067577,-0.6913639603513466,-3.7321242502315664,3.018729801337971e-09,6,5,2026-03-09
DVA/TYL,DVA,TYL,raw_momentum_kalman,-62.07999999999865,-0.13150804367787572,-3.7321242502315664,2.9840186976970798e-05,4,5,2026-03-09
DVA/MKTX,DVA,MKTX,raw_momentum_kalman,1115.005440980911,0.6323458906712642,-3.7321242502315664,0.9999838428031993,10,5,2026-03-09
AKAM/JKHY,AKAM,JKHY,raw_momentum_kalman,170.6771222445893,0.1525746226250256,-3.7321242502315664,0.7978554899966742,4,5,2026-03-09
AKAM/XYL,AKAM,XYL,raw_momentum_kalman,-41.50271935608043,-0.05724045702941082,-3.7321242502315664,0.001299660222539488,6,5,2026-03-09
BWA/CDW,BWA,CDW,raw_momentum_kalman,1552.076595729591,0.7669372319730725,-3.7321242502315664,0.9999999999756125,14,5,2026-03-09
BWA/FMC,BWA,FMC,raw_momentum_kalman,-49.92674779679407,-0.028259461029558654,-3.7321242502315664,0.0031243133208944318,12,5,2026-03-09
TRGP/IR,TRGP,IR,raw_momentum_kalman,-1364.656316763689,-1.460502101399859,-3.7321242502315664,3.565211720367738e-05,8,5,2026-03-09
TRGP/IQV,TRGP,IQV,raw_momentum_kalman,-1758.127771206516,-1.4171808866486555,-3.7321242502315664,1.811046533846867e-12,10,5,2026-03-09
ODFL/WYNN,ODFL,WYNN,raw_momentum_kalman,635.0462706179245,0.23861471967148878,-3.7321242502315664,0.9925505551093218,12,5,2026-03-09
AMCR/INTU,AMCR,INTU,fast_strict,2779.296736005476,1.146088349533426,-3.9859648210476664,0.9999997636785442,22,5,2026-03-09
AMCR/UHS,AMCR,UHS,fast_strict,-521.6744507009319,-0.3165112941093947,-3.9859648210476664,8.538170520328316e-09,20,5,2026-03-09
LRCX/TRMB,LRCX,TRMB,fast_strict,3397.50183950099,1.31886670586486,-3.9859648210476664,0.999999999999997,18,5,2026-03-09
LRCX/HCA,LRCX,HCA,fast_strict,758.3917602120613,0.27897007109407534,-3.9859648210476664,0.9982405800415532,16,5,2026-03-09
CSCO/REGN,CSCO,REGN,fast_strict,-251.0017168136703,-0.16711586784726964,-3.9859648210476664,3.094137779964482e-10,16,5,2026-03-09
CSCO/LVS,CSCO,LVS,fast_strict,53.84750425785117,0.048427862812750154,-3.9859648210476664,0.15772772980415362,10,5,2026-03-09
DVA/TYL,DVA,TYL,fast_strict,-1704.620000000002,-1.4368381660837057,-3.9859648210476664,6.504648122844414e-07,16,5,2026-03-09
DVA/MKTX,DVA,MKTX,fast_strict,-345.2360454057172,-0.2358176986608889,-3.9859648210476664,1.9496035450720596e-07,10,5,2026-03-09
AKAM/JKHY,AKAM,JKHY,fast_strict,-1878.651371926082,-1.081690785551321,-3.9859648210476664,9.431150415040324e-08,10,5,2026-03-09
AKAM/XYL,AKAM,XYL,fast_strict,-1804.824664083427,-1.0539429338286648,-3.9859648210476664,0.00014108989720227534,20,5,2026-03-09
BWA/CDW,BWA,CDW,fast_strict,693.1419482542758,0.5177353865179225,-3.9859648210476664,0.999999988460422,18,5,2026-03-09
BWA/FMC,BWA,FMC,fast_strict,237.2041636952569,0.14174590504188833,-3.9859648210476664,0.8060591929334692,20,5,2026-03-09
TRGP/IR,TRGP,IR,fast_strict,-366.0371345033776,-0.3760466149178765,-3.9859648210476664,3.248425306111547e-16,14,5,2026-03-09
TRGP/IQV,TRGP,IQV,fast_strict,879.5105921573055,0.4720419263320013,-3.9859648210476664,0.9999993479343412,14,5,2026-03-09
ODFL/WYNN,ODFL,WYNN,fast_strict,-1890.281542550058,-0.9465815599583302,-3.9859648210476664,6.576829327682392e-21,34,5,2026-03-09
AMCR/INTU,AMCR,INTU,kalman_aggressive,75618.1005577082,0.7453142650061507,0.4723886126706649,0.9781140604447873,52,6,2026-04-16
AMCR/UHS,AMCR,UHS,kalman_aggressive,2694.437321708622,0.38688323483017517,0.4723886126706649,0.9999944420476744,44,6,2026-04-16
LRCX/TRMB,LRCX,TRMB,kalman_aggressive,12065.25383366609,0.9434634264149525,0.4723886126706649,0.9999999999999992,56,6,2026-04-16
LRCX/HCA,LRCX,HCA,kalman_aggressive,-2090.263302720326,-0.1664783767426461,0.4723886126706649,5.590111190962804e-08,52,6,2026-04-16
CSCO/REGN,CSCO,REGN,kalman_aggressive,-7569.128001551916,-0.8907578271690296,0.4723886126706649,9.378209997083185e-11,58,6,2026-04-16
CSCO/LVS,CSCO,LVS,kalman_aggressive,-6422.512107136953,-0.9468025665963561,0.4723886126706649,2.325431317717936e-28,54,6,2026-04-16
DVA/TYL,DVA,TYL,kalman_aggressive,105.7699999999836,0.008914417798930256,0.4723886126706649,0.025751600105546665,44,6,2026-04-16
DVA/MKTX,DVA,MKTX,kalman_aggressive,-9099.695176889483,-0.9484003223886784,0.4723886126706649,2.110001028290283e-28,48,6,2026-04-16
AKAM/JKHY,AKAM,JKHY,kalman_aggressive,1992.572466248698,0.26352642429246204,0.4723886126706649,0.9992550157701993,46,6,2026-04-16
AKAM/XYL,AKAM,XYL,kalman_aggressive,3277.690906016965,0.36206471620193803,0.4723886126706649,0.9994940434220431,44,6,2026-04-16
BWA/CDW,BWA,CDW,kalman_aggressive,6332.148605119565,0.5618367901980623,0.4723886126706649,0.9999574335394482,56,6,2026-04-16
BWA/FMC,BWA,FMC,kalman_aggressive,9973.200285002244,0.5790401625956104,0.4723886126706649,0.9998950077680445,54,6,2026-04-16
TRGP/IR,TRGP,IR,kalman_aggressive,5709.280176006186,0.72359446086456,0.4723886126706649,1.0,52,6,2026-04-16
TRGP/IQV,TRGP,IQV,kalman_aggressive,-1360.107723182835,-0.12580153469366817,0.4723886126706649,7.754139933355346e-07,62,6,2026-04-16
ODFL/WYNN,ODFL,WYNN,kalman_aggressive,-2260.769566072756,-0.2763935182061372,0.4723886126706649,5.960894180384101e-16,60,6,2026-04-16
AMCR/INTU,AMCR,INTU,crash_tolerant,78763.57869322947,0.7564528892823091,0.4528575770010546,0.9779690184319846,18,6,2026-04-16
AMCR/UHS,AMCR,UHS,crash_tolerant,-1019.923094260311,-0.31044657202401915,0.4528575770010546,1.1571884363504154e-12,12,6,2026-04-16
LRCX/TRMB,LRCX,TRMB,crash_tolerant,3911.366820311695,0.6141841871979,0.4528575770010546,0.9999999999976734,16,6,2026-04-16
LRCX/HCA,LRCX,HCA,crash_tolerant,486.1068636066811,0.06647288802590516,0.4528575770010546,0.28553151564179924,8,6,2026-04-16
CSCO/REGN,CSCO,REGN,crash_tolerant,-2049.71389955541,-0.44422775694833166,0.4528575770010546,2.151035089784056e-25,18,6,2026-04-16
CSCO/LVS,CSCO,LVS,crash_tolerant,-888.2387834502076,-0.17444978034781125,0.4528575770010546,2.187233974852014e-14,14,6,2026-04-16
DVA/TYL,DVA,TYL,crash_tolerant,913.0399999999938,0.12725557714933888,0.4528575770010546,0.8576771599777917,10,6,2026-04-16
DVA/MKTX,DVA,MKTX,crash_tolerant,2246.241655847242,0.6151093477539604,0.4528575770010546,0.9999820774645211,10,6,2026-04-16
AKAM/JKHY,AKAM,JKHY,crash_tolerant,1922.088146228979,0.4979050009717481,0.4528575770010546,0.9999899403933451,6,6,2026-04-16
AKAM/XYL,AKAM,XYL,crash_tolerant,-2653.333311549889,-0.3905859149141429,0.4528575770010546,3.537086805738839e-13,16,6,2026-04-16
BWA/CDW,BWA,CDW,crash_tolerant,2394.747135498281,0.48674301968079636,0.4528575770010546,0.9999999998376213,24,6,2026-04-16
BWA/FMC,BWA,FMC,crash_tolerant,-472.8216103880297,-0.11128778561975645,0.4528575770010546,3.0126339968788283e-06,16,6,2026-04-16
TRGP/IR,TRGP,IR,crash_tolerant,-2246.181690539777,-0.6083599384782257,0.4528575770010546,1.1182747770694914e-18,12,6,2026-04-16
TRGP/IQV,TRGP,IQV,crash_tolerant,-739.9138031825764,-0.14107177790454736,0.4528575770010546,1.226098160971281e-07,20,6,2026-04-16
ODFL/WYNN,ODFL,WYNN,crash_tolerant,2679.190067941056,0.42660857558603915,0.4528575770010546,0.999999971703791,16,6,2026-04-16
AMCR/INTU,AMCR,INTU,trend_leverage,59586.52890089274,0.7618988779333017,0.4074669662875329,0.9779641537092112,18,6,2026-04-16
AMCR/UHS,AMCR,UHS,trend_leverage,-764.920643758715,-0.3093102896864836,0.4074669662875329,1.34381446133301e-12,12,6,2026-04-16
LRCX/TRMB,LRCX,TRMB,trend_leverage,2895.963665359971,0.615666101582318,0.4074669662875329,0.9999999999982468,16,6,2026-04-16
LRCX/HCA,LRCX,HCA,trend_leverage,69.59641141683846,0.012722117033037822,0.4074669662875329,0.036263792837915566,8,6,2026-04-16
CSCO/REGN,CSCO,REGN,trend_leverage,-3473.207119237883,-0.7654407399501254,0.4074669662875329,8.627431701291103e-11,18,6,2026-04-16
CSCO/LVS,CSCO,LVS,trend_leverage,-624.5655142814368,-0.16511339835202618,0.4074669662875329,1.4100377082297534e-13,14,6,2026-04-16
DVA/TYL,DVA,TYL,trend_leverage,660.8499999999954,0.12462611716726801,0.4074669662875329,0.8397401593586102,10,6,2026-04-16
DVA/MKTX,DVA,MKTX,trend_leverage,1702.326812149655,0.6218061201709962,0.4074669662875329,0.9999833959639088,10,6,2026-04-16
AKAM/JKHY,AKAM,JKHY,trend_leverage,1417.652268150051,0.4959114947760514,0.4074669662875329,0.9999894271907853,6,6,2026-04-16
AKAM/XYL,AKAM,XYL,trend_leverage,-1988.004342140039,-0.3932782977257336,0.4074669662875329,4.017549542285531e-13,16,6,2026-04-16
BWA/CDW,BWA,CDW,trend_leverage,7452.713796462336,0.9601377070397129,0.4074669662875329,0.998297522344303,24,6,2026-04-16
BWA/FMC,BWA,FMC,trend_leverage,1203.501951364018,0.33824221982322294,0.4074669662875329,0.9999887769961885,16,6,2026-04-16
TRGP/IR,TRGP,IR,trend_leverage,-1142.989768385236,-0.3915731362339045,0.4074669662875329,2.0249367382744823e-19,12,6,2026-04-16
TRGP/IQV,TRGP,IQV,trend_leverage,-1134.545967759329,-0.3161150278977175,0.4074669662875329,1.2875445662814413e-13,20,6,2026-04-16
ODFL/WYNN,ODFL,WYNN,trend_leverage,1970.947301237209,0.4221322033505268,0.4074669662875329,0.9999999554486247,16,6,2026-04-16
AMCR/INTU,AMCR,INTU,no_skip_month,39616.0198531124,0.750077033590578,0.3451962028375349,0.9779401738710827,20,6,2026-04-16
AMCR/UHS,AMCR,UHS,no_skip_month,-609.3401715260559,-0.241715525213806,0.3451962028375349,3.77272076575503e-09,16,6,2026-04-16
LRCX/TRMB,LRCX,TRMB,no_skip_month,3439.026780001276,0.8240569902401688,0.3451962028375349,0.9999999998207627,20,6,2026-04-16
LRCX/HCA,LRCX,HCA,no_skip_month,85.86408426573132,0.023185726498333135,0.3451962028375349,0.05987912382719988,8,6,2026-04-16
CSCO/REGN,CSCO,REGN,no_skip_month,4932.749867879606,1.0620778364615273,0.3451962028375349,0.9999964929264588,24,6,2026-04-16
CSCO/LVS,CSCO,LVS,no_skip_month,-367.9401769390989,-0.1453361357069071,0.3451962028375349,9.471401388017733e-12,14,6,2026-04-16
DVA/TYL,DVA,TYL,no_skip_month,-1013.87,-0.2772336432563492,0.3451962028375349,0.00014386279926578049,14,6,2026-04-16
DVA/MKTX,DVA,MKTX,no_skip_month,-2108.301504057579,-0.5761995213778235,0.3451962028375349,6.278524523451025e-06,14,6,2026-04-16
AKAM/JKHY,AKAM,JKHY,no_skip_month,-547.6881448402376,-0.18538973790035712,0.3451962028375349,2.0879836158560092e-11,10,6,2026-04-16
AKAM/XYL,AKAM,XYL,no_skip_month,-3035.513401790104,-0.7789175889358981,0.3451962028375349,4.671597276312438e-11,20,6,2026-04-16
BWA/CDW,BWA,CDW,no_skip_month,1166.570787290245,0.47909773144676954,0.3451962028375349,0.9999999997777803,26,6,2026-04-16
BWA/FMC,BWA,FMC,no_skip_month,-2573.998426848862,-0.5232467848899449,0.3451962028375349,0.00014590413724364983,18,6,2026-04-16
TRGP/IR,TRGP,IR,no_skip_month,-806.5105157296713,-0.5030064324023511,0.3451962028375349,3.446941932233791e-14,14,6,2026-04-16
TRGP/IQV,TRGP,IQV,no_skip_month,13709.51034133071,1.8626201065879162,0.3451962028375349,0.99999365034248,22,6,2026-04-16
ODFL/WYNN,ODFL,WYNN,no_skip_month,1737.346539509486,0.5570972474654279,0.3451962028375349,0.9999999999168204,18,6,2026-04-16
AMCR/INTU,AMCR,INTU,beta_neutral,62314.27100873536,0.7259565426818114,0.3119918588181426,0.9777278347863051,16,6,2026-04-16
AMCR/UHS,AMCR,UHS,beta_neutral,-528.197889746207,-0.17872791733825932,0.3119918588181426,7.534996255486371e-10,14,6,2026-04-16
LRCX/TRMB,LRCX,TRMB,beta_neutral,2203.484882031063,0.552459863229977,0.3119918588181426,0.9999999983549674,16,6,2026-04-16
LRCX/HCA,LRCX,HCA,beta_neutral,888.2554345387468,0.23026410681283563,0.3119918588181426,0.9939034775420266,6,6,2026-04-16
CSCO/REGN,CSCO,REGN,beta_neutral,-3505.766218632175,-1.0480782263043602,0.3119918588181426,1.4594267761438827e-11,18,6,2026-04-16
CSCO/LVS,CSCO,LVS,beta_neutral,539.5537890858757,0.2687524544584928,0.3119918588181426,0.9771031222934834,12,6,2026-04-16
DVA/TYL,DVA,TYL,beta_neutral,543.7599999999959,0.15520125815225,0.3119918588181426,0.9651555615083663,10,6,2026-04-16
DVA/MKTX,DVA,MKTX,beta_neutral,639.0181479613,0.44033084610279744,0.3119918588181426,0.9999757508507489,10,6,2026-04-16
AKAM/JKHY,AKAM,JKHY,beta_neutral,1165.725673652167,0.39842580788453724,0.3119918588181426,0.9999719292318463,6,6,2026-04-16
AKAM/XYL,AKAM,XYL,beta_neutral,-1211.96313570661,-0.2773801562064573,0.3119918588181426,3.3518716378873134e-14,16,6,2026-04-16
BWA/CDW,BWA,CDW,beta_neutral,-451.2946120629313,-0.17414998421900443,0.3119918588181426,6.262216789284517e-10,24,6,2026-04-16
BWA/FMC,BWA,FMC,beta_neutral,829.4325765860488,0.3122136794449697,0.3119918588181426,0.9980063652013641,16,6,2026-04-16
TRGP/IR,TRGP,IR,beta_neutral,-261.2081035497879,-0.11661175046168785,0.3119918588181426,9.294030747817833e-07,10,6,2026-04-16
TRGP/IQV,TRGP,IQV,beta_neutral,-1591.219504788073,-0.4982409715650263,0.3119918588181426,1.803883246495148e-09,18,6,2026-04-16
ODFL/WYNN,ODFL,WYNN,beta_neutral,-553.9217248278846,-0.12018123910897371,0.3119918588181426,0.00017599732093685435,18,6,2026-04-16
AMCR/INTU,AMCR,INTU,let_profits_run,45682.57474872001,0.819242729736193,0.2958874843944217,0.9799204662029436,14,6,2026-04-16
AMCR/UHS,AMCR,UHS,let_profits_run,-937.2649638718044,-0.4480927056388102,0.2958874843944217,3.7149573491485876e-21,16,6,2026-04-16
LRCX/TRMB,LRCX,TRMB,let_profits_run,6142.49345390194,1.3158729125650577,0.2958874843944217,0.9999999999999998,8,6,2026-04-16
LRCX/HCA,LRCX,HCA,let_profits_run,198.3558829724709,0.08518502742062481,0.2958874843944217,0.4315849113408119,6,6,2026-04-16
CSCO/REGN,CSCO,REGN,let_profits_run,-3131.762476614827,-0.9598739378329849,0.2958874843944217,1.224771407712297e-12,12,6,2026-04-16
CSCO/LVS,CSCO,LVS,let_profits_run,-1147.283322981655,-0.37300418286453363,0.2958874843944217,2.945837234958747e-23,8,6,2026-04-16
DVA/TYL,DVA,TYL,let_profits_run,-411.9199999999994,-0.26625514648171317,0.2958874843944217,3.323605122923247e-13,4,6,2026-04-16
DVA/MKTX,DVA,MKTX,let_profits_run,-1299.765640255325,-0.47864009384203,0.2958874843944217,5.864461269240162e-11,8,6,2026-04-16
AKAM/JKHY,AKAM,JKHY,let_profits_run,-1512.397632198411,-0.6404290534754004,0.2958874843944217,4.215943541867133e-08,8,6,2026-04-16
AKAM/XYL,AKAM,XYL,let_profits_run,-3192.015475305627,-0.9215798144581456,0.2958874843944217,4.507938571425358e-10,16,6,2026-04-16
BWA/CDW,BWA,CDW,let_profits_run,-719.352100719761,-0.17486738268713614,0.2958874843944217,1.4466958876620705e-07,14,6,2026-04-16
BWA/FMC,BWA,FMC,let_profits_run,8042.423535965973,1.0470536242114676,0.2958874843944217,0.9991331770994633,10,6,2026-04-16
TRGP/IR,TRGP,IR,let_profits_run,-984.7890231457094,-0.45984025174451704,0.2958874843944217,5.256879372421111e-16,12,6,2026-04-16
TRGP/IQV,TRGP,IQV,let_profits_run,3735.45514351842,0.9142275315438261,0.2958874843944217,0.9999999999999372,20,6,2026-04-16
ODFL/WYNN,ODFL,WYNN,let_profits_run,974.552088237897,0.27102833662539827,0.2958874843944217,0.9998951707807504,18,6,2026-04-16
AMCR/INTU,AMCR,INTU,long_term_tilt,46844.45875996437,0.8467322776570172,0.2818371557318194,0.9792395066317561,12,6,2026-04-16
AMCR/UHS,AMCR,UHS,long_term_tilt,808.5242920203748,0.3562452542197631,0.2818371557318194,0.9999871889641082,12,6,2026-04-16
LRCX/TRMB,LRCX,TRMB,long_term_tilt,4200.00097186063,1.1245659861664503,0.2818371557318194,0.9999999999999999,12,6,2026-04-16
LRCX/HCA,LRCX,HCA,long_term_tilt,-1136.332910930675,-0.9622816445066691,0.2818371557318194,0.0006038999741444246,2,6,2026-04-16
CSCO/REGN,CSCO,REGN,long_term_tilt,-2409.316245536081,-0.8525776040984053,0.2818371557318194,2.8924874247820084e-08,8,6,2026-04-16
CSCO/LVS,CSCO,LVS,long_term_tilt,32.92763994630661,0.013750822589539096,0.2818371557318194,0.04060276813764282,8,6,2026-04-16
DVA/TYL,DVA,TYL,long_term_tilt,-969.4800000000004,-0.5692715884919005,0.2818371557318194,7.892375464357299e-12,6,6,2026-04-16
DVA/MKTX,DVA,MKTX,long_term_tilt,-729.7689955617694,-0.2903832774634298,0.2818371557318194,9.44748460355365e-10,6,6,2026-04-16
AKAM/JKHY,AKAM,JKHY,long_term_tilt,-1768.362730302844,-0.8482161006275271,0.2818371557318194,1.6993735123620768e-05,8,6,2026-04-16
AKAM/XYL,AKAM,XYL,long_term_tilt,-3390.496442768084,-1.3176039608394334,0.2818371557318194,1.4265551793017003e-05,16,6,2026-04-16
BWA/CDW,BWA,CDW,long_term_tilt,4615.740691397496,0.7427539632262813,0.2818371557318194,0.9999876352525706,12,6,2026-04-16
BWA/FMC,BWA,FMC,long_term_tilt,3448.609850127969,0.698425793649592,0.2818371557318194,0.9999983141450841,12,6,2026-04-16
TRGP/IR,TRGP,IR,long_term_tilt,-1409.999934762988,-0.6939967185415274,0.2818371557318194,4.2697608546889894e-11,12,6,2026-04-16
TRGP/IQV,TRGP,IQV,long_term_tilt,2332.067702978046,0.6090647041160481,0.2818371557318194,0.9999999997844178,20,6,2026-04-16
ODFL/WYNN,ODFL,WYNN,long_term_tilt,-3.660046335446509,-0.001145707938650748,0.2818371557318194,0.01740868474959187,14,6,2026-04-16
AMCR/INTU,AMCR,INTU,long_term_kalman,47016.0551863112,0.8398033372916642,0.2787961907317472,0.9798329468496744,12,6,2026-04-16
AMCR/UHS,AMCR,UHS,long_term_kalman,-877.3599071912047,-0.3906638109867046,0.2787961907317472,6.536516156679754e-27,12,6,2026-04-16
LRCX/TRMB,LRCX,TRMB,long_term_kalman,5403.069470268115,1.1125295098383665,0.2787961907317472,0.9999999999999998,10,6,2026-04-16
LRCX/HCA,LRCX,HCA,long_term_kalman,-1126.344278400629,-0.9619314856492074,0.2787961907317472,0.0005309633025417944,2,6,2026-04-16
CSCO/REGN,CSCO,REGN,long_term_kalman,-3079.050297582087,-1.0693228640948196,0.2787961907317472,4.02510050096482e-08,8,6,2026-04-16
CSCO/LVS,CSCO,LVS,long_term_kalman,-561.1822307636775,-0.20162647971284156,0.2787961907317472,3.627656843829425e-15,6,6,2026-04-16
DVA/TYL,DVA,TYL,long_term_kalman,-1307.379999999999,-0.7945192114703661,0.2787961907317472,4.417163663774959e-10,8,6,2026-04-16
DVA/MKTX,DVA,MKTX,long_term_kalman,-751.8687056729532,-0.29571303335545474,0.2787961907317472,7.584006714229577e-10,6,6,2026-04-16
AKAM/JKHY,AKAM,JKHY,long_term_kalman,-1662.570724289429,-0.7880652399996554,0.2787961907317472,1.700073438500799e-05,8,6,2026-04-16
AKAM/XYL,AKAM,XYL,long_term_kalman,-3327.506791989711,-1.2931346570852222,0.2787961907317472,9.447972042788874e-06,16,6,2026-04-16
BWA/CDW,BWA,CDW,long_term_kalman,617.2201974413836,0.14405804992022797,0.2787961907317472,0.8693635119437612,12,6,2026-04-16
BWA/FMC,BWA,FMC,long_term_kalman,7818.221119042913,1.0039404469216635,0.2787961907317472,0.9991118621660156,10,6,2026-04-16
TRGP/IR,TRGP,IR,long_term_kalman,-1274.200648992698,-0.6168807567037992,0.2787961907317472,1.6784803949426339e-12,12,6,2026-04-16
TRGP/IQV,TRGP,IQV,long_term_kalman,2642.862863386018,0.6769985908764842,0.2787961907317472,0.9999999999759481,18,6,2026-04-16
ODFL/WYNN,ODFL,WYNN,long_term_kalman,836.3933475861841,0.27974133406968027,0.2787961907317472,0.9998801163402586,12,6,2026-04-16
AMCR/INTU,AMCR,INTU,weekly_aligned_windows,35408.00527344022,0.6712283123579613,0.250031526620413,0.9788100197085707,96,6,2026-04-16
AMCR/UHS,AMCR,UHS,weekly_aligned_windows,35634.22086599264,0.6846908359826264,0.250031526620413,0.9780906539982877,88,6,2026-04-16
LRCX/TRMB,LRCX,TRMB,weekly_aligned_windows,-37.53895658731915,-0.007299449353436721,0.250031526620413,0.012120477738175008,98,6,2026-04-16
LRCX/HCA,LRCX,HCA,weekly_aligned_windows,-1510.80977845343,-0.1950988466576435,0.250031526620413,3.211336236064133e-13,94,6,2026-04-16
CSCO/REGN,CSCO,REGN,weekly_aligned_windows,-4088.52838514222,-0.6474678939163768,0.250031526620413,4.695865157310512e-19,96,6,2026-04-16
CSCO/LVS,CSCO,LVS,weekly_aligned_windows,-1723.821047139229,-0.37381124924997194,0.250031526620413,3.268645728188987e-32,88,6,2026-04-16
DVA/TYL,DVA,TYL,weekly_aligned_windows,-4721.749999999998,-0.7775341987656487,0.250031526620413,1.1063089453774992e-05,86,6,2026-04-16
DVA/MKTX,DVA,MKTX,weekly_aligned_windows,-2313.34215540875,-0.3752655004362612,0.250031526620413,1.4448104726710944e-26,86,6,2026-04-16
AKAM/JKHY,AKAM,JKHY,weekly_aligned_windows,-4428.878109842833,-1.2067136317879852,0.250031526620413,4.3718399707971695e-29,90,6,2026-04-16
AKAM/XYL,AKAM,XYL,weekly_aligned_windows,-1694.085262424828,-0.38246479539657335,0.250031526620413,1.304266134673516e-13,78,6,2026-04-16
BWA/CDW,BWA,CDW,weekly_aligned_windows,-2221.544526087442,-0.6050486608359682,0.250031526620413,1.1332373080285453e-34,106,6,2026-04-16
BWA/FMC,BWA,FMC,weekly_aligned_windows,1591.513046886447,0.1586880427448199,0.250031526620413,0.9471618620328484,92,6,2026-04-16
TRGP/IR,TRGP,IR,weekly_aligned_windows,-1056.495652283922,-0.18430702574476832,0.250031526620413,1.050643212791177e-09,104,6,2026-04-16
TRGP/IQV,TRGP,IQV,weekly_aligned_windows,4892.168687109324,0.7547392323404248,0.250031526620413,0.9999999999994416,100,6,2026-04-16
ODFL/WYNN,ODFL,WYNN,weekly_aligned_windows,4655.325215571329,0.8382172190201104,0.250031526620413,1.0,96,6,2026-04-16
AMCR/INTU,AMCR,INTU,aggressive,80157.08874586504,0.6858092176422961,0.2309410849448104,0.9785487422849906,50,6,2026-04-16
AMCR/UHS,AMCR,UHS,aggressive,-378.9895798801481,-0.03749486832541602,0.2309410849448104,0.0015568650823704127,44,6,2026-04-16
LRCX/TRMB,LRCX,TRMB,aggressive,7710.705975220627,0.5620751645522488,0.2309410849448104,0.9999999999982134,56,6,2026-04-16
LRCX/HCA,LRCX,HCA,aggressive,3067.634105629691,0.25074356817685006,0.2309410849448104,0.9994042119288289,50,6,2026-04-16
CSCO/REGN,CSCO,REGN,aggressive,-18086.10720303831,-2.1054628565397304,0.2309410849448104,1.0289844449673958e-39,56,6,2026-04-16
CSCO/LVS,CSCO,LVS,aggressive,-6279.669826802494,-0.7329596863599827,0.2309410849448104,5.159182195658479e-51,48,6,2026-04-16
DVA/TYL,DVA,TYL,aggressive,-7982.700000000012,-0.7326031728694232,0.2309410849448104,1.8033559339170954e-08,44,6,2026-04-16
DVA/MKTX,DVA,MKTX,aggressive,-9335.055609432622,-0.7256204125310716,0.2309410849448104,4.070992882143674e-13,42,6,2026-04-16
AKAM/JKHY,AKAM,JKHY,aggressive,-6255.277172018095,-0.7433230740703708,0.2309410849448104,1.6272298883967962e-15,46,6,2026-04-16
AKAM/XYL,AKAM,XYL,aggressive,-3810.687553044847,-0.3926864668179268,0.2309410849448104,3.965579008026215e-15,46,6,2026-04-16
BWA/CDW,BWA,CDW,aggressive,5616.699411723952,0.42588004811333724,0.2309410849448104,0.999875672306943,54,6,2026-04-16
BWA/FMC,BWA,FMC,aggressive,771.9799962083925,0.043349551911902,0.2309410849448104,0.13986826392021667,52,6,2026-04-16
TRGP/IR,TRGP,IR,aggressive,9232.602356002173,0.987889667435951,0.2309410849448104,1.0,50,6,2026-04-16
TRGP/IQV,TRGP,IQV,aggressive,6173.537257302833,0.4812234237330781,0.2309410849448104,0.9999999999999697,60,6,2026-04-16
ODFL/WYNN,ODFL,WYNN,aggressive,-1121.279223803619,-0.11836517701733884,0.2309410849448104,1.188452969891813e-06,56,6,2026-04-16
AMCR/INTU,AMCR,INTU,no_reversal_protection,39141.26604330775,0.746018608234916,0.2213540368001551,0.9779391304534605,18,6,2026-04-16
AMCR/UHS,AMCR,UHS,no_reversal_protection,294.7974354375874,0.1528341569006332,0.2213540368001551,0.8984052890435852,12,6,2026-04-16
LRCX/TRMB,LRCX,TRMB,no_reversal_protection,3023.424670341869,0.814924987793292,0.2213540368001551,0.9999999999999978,16,6,2026-04-16
LRCX/HCA,LRCX,HCA,no_reversal_protection,-399.73978646097,-0.10568503194378155,0.2213540368001551,1.0010562864925249e-05,8,6,2026-04-16
CSCO/REGN,CSCO,REGN,no_reversal_protection,-609.8327040868664,-0.12314537415909452,0.2213540368001551,0.0001273085882537498,18,6,2026-04-16
CSCO/LVS,CSCO,LVS,no_reversal_protection,544.5380755969715,0.2030204728586867,0.2213540368001551,0.9443876905839489,12,6,2026-04-16
DVA/TYL,DVA,TYL,no_reversal_protection,381.6199999999957,0.11036823825113246,0.2213540368001551,0.711559896208352,10,6,2026-04-16
DVA/MKTX,DVA,MKTX,no_reversal_protection,1156.839965066318,0.5673466919277298,0.2213540368001551,0.9999996949827274,10,6,2026-04-16
AKAM/JKHY,AKAM,JKHY,no_reversal_protection,458.730465382301,0.2335601719505756,0.2213540368001551,0.9901154349000032,6,6,2026-04-16
AKAM/XYL,AKAM,XYL,no_reversal_protection,-2826.093493634715,-0.7920477109731531,0.2213540368001551,5.003294086628357e-11,16,6,2026-04-16
BWA/CDW,BWA,CDW,no_reversal_protection,390.9973020747499,0.14834347486426064,0.2213540368001551,0.8860867691718087,24,6,2026-04-16
BWA/FMC,BWA,FMC,no_reversal_protection,5448.299922976628,0.7963115125955685,0.2213540368001551,0.9888685951585631,14,6,2026-04-16
TRGP/IR,TRGP,IR,no_reversal_protection,-725.2243721620408,-0.35309246747408596,0.2213540368001551,7.343790220020421e-17,10,6,2026-04-16
TRGP/IQV,TRGP,IQV,no_reversal_protection,-783.9188703246634,-0.15548646734936156,0.2213540368001551,8.683998294559103e-20,14,6,2026-04-16
ODFL/WYNN,ODFL,WYNN,no_reversal_protection,837.3207782756405,0.25109741747751063,0.2213540368001551,0.9985848941245747,16,6,2026-04-16
AMCR/INTU,AMCR,INTU,balanced,39010.84300067861,0.7496171964439459,0.1876296817229334,0.9779084611855617,16,6,2026-04-16
AMCR/UHS,AMCR,UHS,balanced,-512.3011052300974,-0.3138336189883004,0.1876296817229334,1.2209427903829365e-12,12,6,2026-04-16
LRCX/TRMB,LRCX,TRMB,balanced,1870.857260997066,0.606816877566752,0.1876296817229334,0.9999999999976891,16,6,2026-04-16
LRCX/HCA,LRCX,HCA,balanced,-127.2363622204148,-0.034952494247703574,0.1876296817229334,0.002196964994789531,8,6,2026-04-16
CSCO/REGN,CSCO,REGN,balanced,-2502.477948113455,-0.8351048643681845,0.1876296817229334,4.191039060449067e-10,16,6,2026-04-16
CSCO/LVS,CSCO,LVS,balanced,843.6048597055884,0.41550106267817244,0.1876296817229334,0.999865930381234,12,6,2026-04-16
DVA/TYL,DVA,TYL,balanced,442.0199999999971,0.12822667879058391,0.1876296817229334,0.864562512853033,10,6,2026-04-16
DVA/MKTX,DVA,MKTX,balanced,1115.145440980914,0.6166686859549719,0.1876296817229334,0.9999834027877462,10,6,2026-04-16
AKAM/JKHY,AKAM,JKHY,balanced,881.5032248684934,0.47049372118726723,0.1876296817229334,0.9999818491320053,6,6,2026-04-16
AKAM/XYL,AKAM,XYL,balanced,-1450.274061965308,-0.43764160054460033,0.1876296817229334,4.344504885549885e-12,16,6,2026-04-16
BWA/CDW,BWA,CDW,balanced,4716.58107961221,0.9323830287472122,0.1876296817229334,0.9983921749965686,24,6,2026-04-16
BWA/FMC,BWA,FMC,balanced,797.8398863543625,0.3372804215785489,0.1876296817229334,0.9999881530940732,16,6,2026-04-16
TRGP/IR,TRGP,IR,balanced,-151.3255316829785,-0.09032884215621324,0.1876296817229334,1.0181625699317338e-05,8,6,2026-04-16
TRGP/IQV,TRGP,IQV,balanced,-1208.69049417685,-0.37938850494116577,0.1876296817229334,6.146925174027018e-11,20,6,2026-04-16
ODFL/WYNN,ODFL,WYNN,balanced,605.6785401240979,0.20111632201305366,0.1876296817229334,0.9878036784097325,16,6,2026-04-16
AMCR/INTU,AMCR,INTU,sensitive_reversal,40852.08854898225,0.7827685660508695,0.1789376837604546,0.9779508317703073,18,6,2026-04-16
AMCR/UHS,AMCR,UHS,sensitive_reversal,-748.4678976575301,-0.3211861157923789,0.1789376837604546,9.410662620700689e-09,16,6,2026-04-16
LRCX/TRMB,LRCX,TRMB,sensitive_reversal,3882.075670066125,1.2975830060452176,0.1789376837604546,0.9999999999971746,20,6,2026-04-16
LRCX/HCA,LRCX,HCA,sensitive_reversal,1493.096139419173,0.42724971803192013,0.1789376837604546,0.9999134265320946,6,6,2026-04-16
CSCO/REGN,CSCO,REGN,sensitive_reversal,-2938.872858424388,-0.9852306585745623,0.1789376837604546,2.274529556162748e-09,24,6,2026-04-16
CSCO/LVS,CSCO,LVS,sensitive_reversal,791.5138068253619,0.38679434479518804,0.1789376837604546,0.9998738098979636,14,6,2026-04-16
DVA/TYL,DVA,TYL,sensitive_reversal,388.0399999999933,0.11762626557587706,0.1789376837604546,0.7935910830995769,12,6,2026-04-16
DVA/MKTX,DVA,MKTX,sensitive_reversal,667.9057940119649,0.3949566772387211,0.1789376837604546,0.999596326768953,14,6,2026-04-16
AKAM/JKHY,AKAM,JKHY,sensitive_reversal,664.0989935230957,0.3732997872368738,0.1789376837604546,0.9996389507589541,8,6,2026-04-16
AKAM/XYL,AKAM,XYL,sensitive_reversal,-679.6532641894456,-0.25733355642633954,0.1789376837604546,4.030481234520557e-11,20,6,2026-04-16
BWA/CDW,BWA,CDW,sensitive_reversal,517.7395354311114,0.2253771742794507,0.1789376837604546,0.9951851347550106,28,6,2026-04-16
BWA/FMC,BWA,FMC,sensitive_reversal,1716.908039991641,0.8852970850613141,0.1789376837604546,0.9999999996439459,16,6,2026-04-16
TRGP/IR,TRGP,IR,sensitive_reversal,-836.0350660328687,-0.447746799200831,0.1789376837604546,3.163918083524481e-10,12,6,2026-04-16
TRGP/IQV,TRGP,IQV,sensitive_reversal,-251.4032872263276,-0.08252992189182283,0.1789376837604546,1.6399082115579182e-07,18,6,2026-04-16
ODFL/WYNN,ODFL,WYNN,sensitive_reversal,-1809.262022365732,-0.6722441656844445,0.1789376837604546,1.803265637971883e-16,24,6,2026-04-16
AMCR/INTU,AMCR,INTU,fast_rebalance,40206.74371414731,0.7524627164409659,0.1572667446770615,0.9777381693493193,20,6,2026-04-16
AMCR/UHS,AMCR,UHS,fast_rebalance,-1168.091354222277,-0.48686919616534746,0.1572667446770615,6.439177458043887e-10,18,6,2026-04-16
LRCX/TRMB,LRCX,TRMB,fast_rebalance,4742.84755847741,1.2709650924928158,0.1572667446770615,0.9999999999999994,18,6,2026-04-16
LRCX/HCA,LRCX,HCA,fast_rebalance,3334.741549321406,0.5439726415070592,0.1572667446770615,0.9999999660367428,16,6,2026-04-16
CSCO/REGN,CSCO,REGN,fast_rebalance,-106.3305258481696,-0.04863542840202172,0.1572667446770615,0.0004181488340280193,16,6,2026-04-16
CSCO/LVS,CSCO,LVS,fast_rebalance,-224.9954143508545,-0.12160823179150121,0.1572667446770615,1.2689058782372924e-06,14,6,2026-04-16
DVA/TYL,DVA,TYL,fast_rebalance,-2480.500000000006,-1.365985998593932,0.1572667446770615,3.766024849877055e-08,16,6,2026-04-16
DVA/MKTX,DVA,MKTX,fast_rebalance,-974.8737857687888,-0.42250404074395476,0.1572667446770615,2.202589440108021e-11,12,6,2026-04-16
AKAM/JKHY,AKAM,JKHY,fast_rebalance,-2491.377368812975,-1.177481423339026,0.1572667446770615,1.0590727570927174e-10,12,6,2026-04-16
AKAM/XYL,AKAM,XYL,fast_rebalance,-1265.968854166834,-0.4810376252360828,0.1572667446770615,2.7458612946504377e-08,24,6,2026-04-16
BWA/CDW,BWA,CDW,fast_rebalance,1141.559373132024,0.6004416194578499,0.1572667446770615,0.9999999998445783,18,6,2026-04-16
BWA/FMC,BWA,FMC,fast_rebalance,974.0255059238982,0.3225171224973985,0.1572667446770615,0.9999778204515103,22,6,2026-04-16
TRGP/IR,TRGP,IR,fast_rebalance,-1699.509474191268,-0.6580827429739861,0.1572667446770615,2.73384285672658e-16,18,6,2026-04-16
TRGP/IQV,TRGP,IQV,fast_rebalance,1156.990343626853,0.4077530143105053,0.1572667446770615,0.999999810797812,18,6,2026-04-16
ODFL/WYNN,ODFL,WYNN,fast_rebalance,1497.598093653946,0.46167976549983925,0.1572667446770615,0.9999999956054023,30,6,2026-04-16
AMCR/INTU,AMCR,INTU,default,39046.5330444023,0.7495849952789521,0.137157681881694,0.9779076167885072,16,6,2026-04-16
AMCR/UHS,AMCR,UHS,default,33.7477088993042,0.01407056587472675,0.137157681881694,0.03929608004770029,14,6,2026-04-16
LRCX/TRMB,LRCX,TRMB,default,1882.11377455163,0.6114277431702454,0.137157681881694,0.9999999999982097,16,6,2026-04-16
LRCX/HCA,LRCX,HCA,default,630.976528731227,0.17632248828990582,0.137157681881694,0.9411587276432124,6,6,2026-04-16
CSCO/REGN,CSCO,REGN,default,-2998.824638733241,-0.9772732141204881,0.137157681881694,2.974661868450651e-10,18,6,2026-04-16
CSCO/LVS,CSCO,LVS,default,838.5729799983559,0.4123739788524604,0.137157681881694,0.9998483605097177,12,6,2026-04-16
DVA/TYL,DVA,TYL,default,418.0300000000002,0.12151673473344962,0.137157681881694,0.8167267524791089,10,6,2026-04-16
DVA/MKTX,DVA,MKTX,default,1115.145440980914,0.6166686859549719,0.137157681881694,0.9999834027877462,10,6,2026-04-16
AKAM/JKHY,AKAM,JKHY,default,881.5032248684934,0.47049372118726723,0.137157681881694,0.9999818491320053,6,6,2026-04-16
AKAM/XYL,AKAM,XYL,default,-1344.146433488175,-0.4050734182588644,0.137157681881694,7.334836878227753e-13,16,6,2026-04-16
BWA/CDW,BWA,CDW,default,1061.30218112917,0.4379208195206374,0.137157681881694,0.9999999975756241,24,6,2026-04-16
BWA/FMC,BWA,FMC,default,489.4350726582965,0.22073453897012435,0.137157681881694,0.9923634548152425,16,6,2026-04-16
TRGP/IR,TRGP,IR,default,-724.3882078554213,-0.42267645556071654,0.137157681881694,3.523094445381545e-16,10,6,2026-04-16
TRGP/IQV,TRGP,IQV,default,-592.333669459171,-0.18729170488933833,0.137157681881694,3.000328263199164e-13,18,6,2026-04-16
ODFL/WYNN,ODFL,WYNN,default,582.7841786953791,0.1926511002594264,0.137157681881694,0.9813741018264588,16,6,2026-04-16
AMCR/INTU,AMCR,INTU,short_term_tilt,40137.40696865534,0.7525689374861164,0.1178895337265017,0.9777396622908205,20,6,2026-04-16
AMCR/UHS,AMCR,UHS,short_term_tilt,-1487.42581877186,-0.6331190229768865,0.1178895337265017,1.3364217949005775e-09,18,6,2026-04-16
LRCX/TRMB,LRCX,TRMB,short_term_tilt,4742.84755847741,1.2709650924928158,0.1178895337265017,0.9999999999999994,18,6,2026-04-16
LRCX/HCA,LRCX,HCA,short_term_tilt,3106.067843430678,0.5052224686424472,0.1178895337265017,0.9999999496205719,18,6,2026-04-16
CSCO/REGN,CSCO,REGN,short_term_tilt,-103.4660474701382,-0.04735279947627812,0.1178895337265017,0.000473147190210616,16,6,2026-04-16
CSCO/LVS,CSCO,LVS,short_term_tilt,-1172.72721780591,-0.46983675855000223,0.1178895337265017,1.3568423442548578e-14,16,6,2026-04-16
DVA/TYL,DVA,TYL,short_term_tilt,-2481.820000000007,-1.366771632063609,0.1178895337265017,3.78398258832547e-08,16,6,2026-04-16
DVA/MKTX,DVA,MKTX,short_term_tilt,-1613.54444351972,-0.6625579702747679,0.1178895337265017,7.524912303342661e-13,14,6,2026-04-16
AKAM/JKHY,AKAM,JKHY,short_term_tilt,-2648.547551640801,-1.2422686791830075,0.1178895337265017,8.418680750186616e-11,16,6,2026-04-16
AKAM/XYL,AKAM,XYL,short_term_tilt,-1263.828205329803,-0.4803095135365712,0.1178895337265017,2.7357538813902776e-08,24,6,2026-04-16
BWA/CDW,BWA,CDW,short_term_tilt,1141.161262840636,0.6004714841906951,0.1178895337265017,0.9999999998423492,18,6,2026-04-16
BWA/FMC,BWA,FMC,short_term_tilt,976.3153458414031,0.3234095368484367,0.1178895337265017,0.9999786346513388,22,6,2026-04-16
TRGP/IR,TRGP,IR,short_term_tilt,-1700.899474191268,-0.6591655131098193,0.1178895337265017,2.8689258666210625e-16,18,6,2026-04-16
TRGP/IQV,TRGP,IQV,short_term_tilt,1160.150343626853,0.4089302125486802,0.1178895337265017,0.9999998167901836,18,6,2026-04-16
ODFL/WYNN,ODFL,WYNN,short_term_tilt,1497.598093653946,0.46167976549983925,0.1178895337265017,0.9999999956054023,30,6,2026-04-16
AMCR/INTU,AMCR,INTU,kalman_hedge,39588.33486621067,0.7541568306650265,0.1068512164422638,0.9779250521756465,18,6,2026-04-16
AMCR/UHS,AMCR,UHS,kalman_hedge,-500.1778487425668,-0.3073176143585793,0.1068512164422638,9.398511842793428e-13,12,6,2026-04-16
LRCX/TRMB,LRCX,TRMB,kalman_hedge,1955.162893992512,0.6223436267617986,0.1068512164422638,0.9999999999988972,16,6,2026-04-16
LRCX/HCA,LRCX,HCA,kalman_hedge,244.6593675781901,0.0679162758038502,0.1068512164422638,0.2961936453601705,8,6,2026-04-16
CSCO/REGN,CSCO,REGN,kalman_hedge,-2277.876943443435,-0.7554367561790009,0.1068512164422638,8.036943441577329e-11,18,6,2026-04-16
CSCO/LVS,CSCO,LVS,kalman_hedge,-441.1128556922257,-0.17403151784504683,0.1068512164422638,1.198122694607137e-14,14,6,2026-04-16
DVA/TYL,DVA,TYL,kalman_hedge,418.0300000000002,0.12151673473344962,0.1068512164422638,0.8167267524791089,10,6,2026-04-16
DVA/MKTX,DVA,MKTX,kalman_hedge,1115.005440980911,0.6154211851334899,0.1068512164422638,0.99998389411651,10,6,2026-04-16
AKAM/JKHY,AKAM,JKHY,kalman_hedge,920.7571222445895,0.4915240743255162,0.1068512164422638,0.999988750197907,6,6,2026-04-16
AKAM/XYL,AKAM,XYL,kalman_hedge,-1345.567512762181,-0.3957154434857347,0.1068512164422638,8.05817849928616e-13,16,6,2026-04-16
BWA/CDW,BWA,CDW,kalman_hedge,1237.559269058522,0.509182068196586,0.1068512164422638,0.999999999980101,24,6,2026-04-16
BWA/FMC,BWA,FMC,kalman_hedge,-284.1628473877687,-0.13431124989132762,0.1068512164422638,3.507320068535128e-07,16,6,2026-04-16
TRGP/IR,TRGP,IR,kalman_hedge,-1134.873637476239,-0.6292715830209951,0.1068512164422638,1.7734900689627102e-19,12,6,2026-04-16
TRGP/IQV,TRGP,IQV,kalman_hedge,-1203.133667918392,-0.37744000796938276,0.1068512164422638,6.902677707570829e-11,20,6,2026-04-16
ODFL/WYNN,ODFL,WYNN,kalman_hedge,1282.501180886441,0.4164067666554079,0.1068512164422638,0.9999999271772422,16,6,2026-04-16
AMCR/INTU,AMCR,INTU,vol_weighted_sizing,39249.74238666015,0.7541466216528067,0.1047884386695048,0.9779338716708763,18,6,2026-04-16
AMCR/UHS,AMCR,UHS,vol_weighted_sizing,-511.6315947415376,-0.31345840911266754,0.1047884386695048,1.2508247915481289e-12,12,6,2026-04-16
LRCX/TRMB,LRCX,TRMB,vol_weighted_sizing,1950.923929499207,0.6306311594673191,0.1047884386695048,0.9999999999991855,16,6,2026-04-16
LRCX/HCA,LRCX,HCA,vol_weighted_sizing,279.4639642020197,0.07716536102434395,0.1047884386695048,0.37123182413406264,8,6,2026-04-16
CSCO/REGN,CSCO,REGN,vol_weighted_sizing,-2281.579456514879,-0.7572875650998042,0.1047884386695048,8.80126360761407e-11,18,6,2026-04-16
CSCO/LVS,CSCO,LVS,vol_weighted_sizing,-362.3701884145202,-0.14580966226729233,0.1047884386695048,8.490235017848657e-12,14,6,2026-04-16
DVA/TYL,DVA,TYL,vol_weighted_sizing,427.8000000000002,0.12445995545920482,0.1047884386695048,0.8398698627866183,10,6,2026-04-16
DVA/MKTX,DVA,MKTX,vol_weighted_sizing,1115.145440980914,0.6166686859549719,0.1047884386695048,0.9999834027877462,10,6,2026-04-16
AKAM/JKHY,AKAM,JKHY,vol_weighted_sizing,929.771756157856,0.49567554145682335,0.1047884386695048,0.9999885667193202,6,6,2026-04-16
AKAM/XYL,AKAM,XYL,vol_weighted_sizing,-1318.50081742657,-0.3990858172319908,0.1047884386695048,5.233492540382695e-13,16,6,2026-04-16
BWA/CDW,BWA,CDW,vol_weighted_sizing,1248.626179184654,0.5139220115911297,0.1047884386695048,0.9999999999859651,24,6,2026-04-16
BWA/FMC,BWA,FMC,vol_weighted_sizing,-234.8733039058994,-0.1107987065639871,0.1047884386695048,3.177348871746515e-06,16,6,2026-04-16
TRGP/IR,TRGP,IR,vol_weighted_sizing,-1140.774478049495,-0.6282329772422806,0.1047884386695048,3.823100031052984e-19,12,6,2026-04-16
TRGP/IQV,TRGP,IQV,vol_weighted_sizing,-1199.890494176847,-0.3773038942722507,0.1047884386695048,6.616220096863737e-11,20,6,2026-04-16
ODFL/WYNN,ODFL,WYNN,vol_weighted_sizing,1276.152385918972,0.419297184240444,0.1047884386695048,0.9999999378399668,16,6,2026-04-16
AMCR/INTU,AMCR,INTU,short_term_beta_neutral,16530.27289192785,0.9283256571924072,-0.0332864791065613,0.9831532098921488,24,6,2026-04-16
AMCR/UHS,AMCR,UHS,short_term_beta_neutral,19783.20018159902,0.6469503990104217,-0.0332864791065613,0.978106307773409,22,6,2026-04-16
LRCX/TRMB,LRCX,TRMB,short_term_beta_neutral,4111.060523171359,0.7440246502679225,-0.0332864791065613,0.9999999999909752,22,6,2026-04-16
LRCX/HCA,LRCX,HCA,short_term_beta_neutral,1693.534081077703,0.39904036381824315,-0.0332864791065613,0.9999995439751057,18,6,2026-04-16
CSCO/REGN,CSCO,REGN,short_term_beta_neutral,-989.9633935267811,-0.3927191547834687,-0.0332864791065613,1.7059413780437327e-17,18,6,2026-04-16
CSCO/LVS,CSCO,LVS,short_term_beta_neutral,-3683.027667096558,-0.9483575022163105,-0.0332864791065613,4.0540731835397236e-05,20,6,2026-04-16
DVA/TYL,DVA,TYL,short_term_beta_neutral,-2395.210000000007,-1.2445369624123819,-0.0332864791065613,4.6334042360726924e-10,16,6,2026-04-16
DVA/MKTX,DVA,MKTX,short_term_beta_neutral,-508.8199307441255,-0.16790853718583557,-0.0332864791065613,4.5746457206993586e-10,16,6,2026-04-16
AKAM/JKHY,AKAM,JKHY,short_term_beta_neutral,-718.2371831577411,-0.4248793376755795,-0.0332864791065613,6.777372629281747e-13,16,6,2026-04-16
AKAM/XYL,AKAM,XYL,short_term_beta_neutral,-897.7816234676626,-0.26402417210106177,-0.0332864791065613,1.3503051947153608e-11,28,6,2026-04-16
BWA/CDW,BWA,CDW,short_term_beta_neutral,948.6669471174151,0.45353633474831273,-0.0332864791065613,0.9999865858932727,20,6,2026-04-16
BWA/FMC,BWA,FMC,short_term_beta_neutral,483.8723592338835,0.1303710778375016,-0.0332864791065613,0.8073384581407212,22,6,2026-04-16
TRGP/IR,TRGP,IR,short_term_beta_neutral,-1424.138693554631,-0.5808304693816403,-0.0332864791065613,9.523973721403176e-22,20,6,2026-04-16
TRGP/IQV,TRGP,IQV,short_term_beta_neutral,-1000.98057432397,-0.14674932994528542,-0.0332864791065613,3.097582654141224e-06,23,6,2026-04-16
ODFL/WYNN,ODFL,WYNN,short_term_beta_neutral,-210.6791786609138,-0.052033235625930874,-0.0332864791065613,0.001230844342044977,28,6,2026-04-16
AMCR/INTU,AMCR,INTU,beta_neutral_long_term,18571.1406215742,1.0851975238368572,-0.4438338575688926,0.9851682235214464,12,6,2026-04-16
AMCR/UHS,AMCR,UHS,beta_neutral_long_term,2836.842921548451,0.9281332809989203,-0.4438338575688926,1.0,12,6,2026-04-16
LRCX/TRMB,LRCX,TRMB,beta_neutral_long_term,5540.361192786676,0.965927295032026,-0.4438338575688926,0.9999999999990486,12,6,2026-04-16
LRCX/HCA,LRCX,HCA,beta_neutral_long_term,-1158.632981366326,-0.9570602989888088,-0.4438338575688926,0.00024870966272250926,2,6,2026-04-16
CSCO/REGN,CSCO,REGN,beta_neutral_long_term,-2931.85145009049,-0.8703027432156173,-0.4438338575688926,2.393426460184312e-11,8,6,2026-04-16
CSCO/LVS,CSCO,LVS,beta_neutral_long_term,-828.9452086876297,-0.22546395939056882,-0.4438338575688926,1.897059305836505e-13,8,6,2026-04-16
DVA/TYL,DVA,TYL,beta_neutral_long_term,-1107.189999999999,-0.6774617777889875,-0.4438338575688926,2.3254517203262233e-11,8,6,2026-04-16
DVA/MKTX,DVA,MKTX,beta_neutral_long_term,-333.6710399264621,-0.09829464285336414,-0.4438338575688926,4.4362576514525953e-10,6,6,2026-04-16
AKAM/JKHY,AKAM,JKHY,beta_neutral_long_term,-3549.013745419507,-0.7950800937312545,-0.4438338575688926,0.0003732883225918578,8,6,2026-04-16
AKAM/XYL,AKAM,XYL,beta_neutral_long_term,-3350.768910512169,-1.1815509345738453,-0.4438338575688926,1.6056175258379336e-10,16,6,2026-04-16
BWA/CDW,BWA,CDW,beta_neutral_long_term,4947.848164112626,0.7657882045584979,-0.4438338575688926,0.9998823369233782,12,6,2026-04-16
BWA/FMC,BWA,FMC,beta_neutral_long_term,3287.086502431605,0.44722329085479945,-0.4438338575688926,0.9981000123689487,12,6,2026-04-16
TRGP/IR,TRGP,IR,beta_neutral_long_term,-1282.129489595461,-0.3515698832724552,-0.4438338575688926,2.076598274956382e-20,12,6,2026-04-16
TRGP/IQV,TRGP,IQV,beta_neutral_long_term,382.9040168778316,0.07944321187606634,-0.4438338575688926,0.3936979703136781,20,6,2026-04-16
ODFL/WYNN,ODFL,WYNN,beta_neutral_long_term,1598.171054136625,0.3291578110112558,-0.4438338575688926,0.99999720364276,14,6,2026-04-16
AMCR/INTU,AMCR,INTU,crash_defensive,19580.16930479271,0.7535273261997982,-0.6198236258104868,0.9778953676433115,18,6,2026-04-16
AMCR/UHS,AMCR,UHS,crash_defensive,-260.2912664776456,-0.32257631893118976,-0.6198236258104868,5.970829968251338e-13,12,6,2026-04-16
LRCX/TRMB,LRCX,TRMB,crash_defensive,974.0989487441476,0.6422151480632445,-0.6198236258104868,0.9999999999996496,16,6,2026-04-16
LRCX/HCA,LRCX,HCA,crash_defensive,136.4336822066921,0.07653311407886115,-0.6198236258104868,0.36583420556939034,8,6,2026-04-16
CSCO/REGN,CSCO,REGN,crash_defensive,-2405.898532225448,-0.9775089403148426,-0.6198236258104868,3.006230901319956e-05,18,6,2026-04-16
CSCO/LVS,CSCO,LVS,crash_defensive,-149.831847048732,-0.1226096470825427,-0.6198236258104868,7.576711917856878e-10,14,6,2026-04-16
DVA/TYL,DVA,TYL,crash_defensive,199.2799999999992,0.12308747242372542,-0.6198236258104868,0.8242609468350688,10,6,2026-04-16
DVA/MKTX,DVA,MKTX,crash_defensive,557.9627204904571,0.6171015673237648,-0.6198236258104868,0.9999834387540636,10,6,2026-04-16
AKAM/JKHY,AKAM,JKHY,crash_defensive,444.2758780789288,0.48769573654861403,-0.6198236258104868,0.9999865841508618,6,6,2026-04-16
AKAM/XYL,AKAM,XYL,crash_defensive,-649.8370948905865,-0.4035328523425885,-0.6198236258104868,5.966548772407641e-13,16,6,2026-04-16
BWA/CDW,BWA,CDW,crash_defensive,640.2551330730386,0.5313865450583061,-0.6198236258104868,0.9999999999966978,24,6,2026-04-16
BWA/FMC,BWA,FMC,crash_defensive,-115.2837835575691,-0.10899036800851407,-0.6198236258104868,3.829665827666617e-06,16,6,2026-04-16
TRGP/IR,TRGP,IR,crash_defensive,-576.0565860907855,-0.6434250310404575,-0.6198236258104868,2.042872535473221e-19,12,6,2026-04-16
TRGP/IQV,TRGP,IQV,crash_defensive,-1387.829160158576,-0.5621462993503576,-0.6198236258104868,0.0002228717682824176,20,6,2026-04-16
ODFL/WYNN,ODFL,WYNN,crash_defensive,-93.18773181345023,-0.06907440481927012,-0.6198236258104868,0.0001354720047344486,18,6,2026-04-16
AMCR/INTU,AMCR,INTU,monthly_aligned_windows,-330.9280934711579,-0.07223591431275285,-0.9172969965207216,7.501518689252763e-05,36,6,2026-04-16
AMCR/UHS,AMCR,UHS,monthly_aligned_windows,-1878.194731030716,-0.477706840098619,-0.9172969965207216,7.453107936500092e-23,36,6,2026-04-16
LRCX/TRMB,LRCX,TRMB,monthly_aligned_windows,5858.138634960707,1.1475773177052992,-0.9172969965207216,0.9999999999999999,36,6,2026-04-16
LRCX/HCA,LRCX,HCA,monthly_aligned_windows,-839.741770381102,-0.1601911946910887,-0.9172969965207216,7.629253248163367e-09,34,6,2026-04-16
CSCO/REGN,CSCO,REGN,monthly_aligned_windows,11070.68130252879,1.512133274679853,-0.9172969965207216,0.9999998347366398,36,6,2026-04-16
CSCO/LVS,CSCO,LVS,monthly_aligned_windows,-3390.971424222917,-0.6603255218319803,-0.9172969965207216,9.593833821041876e-28,34,6,2026-04-16
DVA/TYL,DVA,TYL,monthly_aligned_windows,1824.979999999996,0.30555522675687513,-0.9172969965207216,0.9999903963445573,32,6,2026-04-16
DVA/MKTX,DVA,MKTX,monthly_aligned_windows,-283.7132639674246,-0.07743592043092055,-0.9172969965207216,2.6765148796446537e-05,32,6,2026-04-16
AKAM/JKHY,AKAM,JKHY,monthly_aligned_windows,-5564.99424949362,-1.0191269585270541,-0.9172969965207216,6.582767807801515e-10,36,6,2026-04-16
AKAM/XYL,AKAM,XYL,monthly_aligned_windows,-2639.127515849482,-0.660245562567876,-0.9172969965207216,1.8450471609344324e-17,36,6,2026-04-16
BWA/CDW,BWA,CDW,monthly_aligned_windows,-2514.457477112443,-0.9110305795540736,-0.9172969965207216,4.405995746913606e-33,36,6,2026-04-16
BWA/FMC,BWA,FMC,monthly_aligned_windows,3857.303471123496,0.6445956727689951,-0.9172969965207216,0.9999999993472551,36,6,2026-04-16
TRGP/IR,TRGP,IR,monthly_aligned_windows,1887.190919351353,0.39573990416974036,-0.9172969965207216,0.9999999989359203,34,6,2026-04-16
TRGP/IQV,TRGP,IQV,monthly_aligned_windows,2626.370046771078,0.5943538276801703,-0.9172969965207216,0.9999999999622821,36,6,2026-04-16
ODFL/WYNN,ODFL,WYNN,monthly_aligned_windows,4667.680864672289,0.6300708115085056,-0.9172969965207216,0.999996848581125,36,6,2026-04-16
AMCR/INTU,AMCR,INTU,vol_sized_conservative,14171.74158208049,0.7253512387631241,-0.9494611068036196,0.9777454426372392,16,6,2026-04-16
AMCR/UHS,AMCR,UHS,vol_sized_conservative,390.2553880948471,0.4483772672432071,-0.9494611068036196,0.9999671821306971,14,6,2026-04-16
LRCX/TRMB,LRCX,TRMB,vol_sized_conservative,812.7089654480831,0.7401927285748684,-0.9494611068036196,0.9999999999998848,16,6,2026-04-16
LRCX/HCA,LRCX,HCA,vol_sized_conservative,316.1193283121553,0.2596177934536484,-0.9494611068036196,0.9933371564179739,4,6,2026-04-16
CSCO/REGN,CSCO,REGN,vol_sized_conservative,-1503.892007385788,-1.1190982185076348,-0.9494611068036196,1.0111535596334186e-06,18,6,2026-04-16
CSCO/LVS,CSCO,LVS,vol_sized_conservative,243.6572445246592,0.329254895173731,-0.9494611068036196,0.9986125551503553,12,6,2026-04-16
DVA/TYL,DVA,TYL,vol_sized_conservative,146.2399999999989,0.12167584593668362,-0.9494611068036196,0.8179348317279305,10,6,2026-04-16
DVA/MKTX,DVA,MKTX,vol_sized_conservative,405.1451342115221,0.5286121854479109,-0.9494611068036196,0.9999993265261728,10,6,2026-04-16
AKAM/JKHY,AKAM,JKHY,vol_sized_conservative,320.1040804497061,0.4655976695172499,-0.9494611068036196,0.9999781458097605,6,6,2026-04-16
AKAM/XYL,AKAM,XYL,vol_sized_conservative,-344.2963817434861,-0.28871061689903155,-0.9494611068036196,2.7373230033588065e-16,16,6,2026-04-16
BWA/CDW,BWA,CDW,vol_sized_conservative,340.1386114871389,0.39398198980748034,-0.9494611068036196,0.9999998949352104,24,6,2026-04-16
BWA/FMC,BWA,FMC,vol_sized_conservative,-7.047096137716437,-0.008776295335393767,-0.9494611068036196,0.011076813710092219,16,6,2026-04-16
TRGP/IR,TRGP,IR,vol_sized_conservative,-270.6255799691198,-0.4309478553253876,-0.9494611068036196,1.0286309670165655e-16,10,6,2026-04-16
TRGP/IQV,TRGP,IQV,vol_sized_conservative,317.7199693724094,0.3979630621573514,-0.9494611068036196,0.9999999946124078,16,6,2026-04-16
ODFL/WYNN,ODFL,WYNN,vol_sized_conservative,-630.3761396612254,-0.6804017832916553,-0.9494611068036196,1.0152073271476873e-15,18,6,2026-04-16
AMCR/INTU,AMCR,INTU,conservative,15283.12182191029,0.7811097909885233,-0.96055701896569,0.9779602783110858,18,6,2026-04-16
AMCR/UHS,AMCR,UHS,conservative,-53.96161975681591,-0.09811904807929503,-0.96055701896569,2.1943745321546278e-05,14,6,2026-04-16
LRCX/TRMB,LRCX,TRMB,conservative,1519.822718720859,1.2561114348257147,-0.96055701896569,0.9999999999994892,16,6,2026-04-16
LRCX/HCA,LRCX,HCA,conservative,151.9278747183227,0.1194016379210537,-0.96055701896569,0.7077533246493194,8,6,2026-04-16
CSCO/REGN,CSCO,REGN,conservative,-939.652259061399,-0.7388215953012853,-0.96055701896569,1.4196062205986935e-06,18,6,2026-04-16
CSCO/LVS,CSCO,LVS,conservative,74.84240468881887,0.08652147799660279,-0.96055701896569,0.45906606954890516,14,6,2026-04-16
DVA/TYL,DVA,TYL,conservative,282.8499999999997,0.2428782561043811,-0.96055701896569,0.9987022944681161,10,6,2026-04-16
DVA/MKTX,DVA,MKTX,conservative,375.5065933162587,0.5915062118157676,-0.96055701896569,0.9998357925439024,10,6,2026-04-16
AKAM/JKHY,AKAM,JKHY,conservative,-44.28759122814063,-0.05494325126148872,-0.96055701896569,3.723734595953037e-05,8,6,2026-04-16
AKAM/XYL,AKAM,XYL,conservative,-702.9918510750455,-0.5966939424006625,-0.96055701896569,2.2401629139657716e-09,16,6,2026-04-16
BWA/CDW,BWA,CDW,conservative,488.4717484798438,0.5821012573773634,-0.96055701896569,0.9999999996615225,26,6,2026-04-16
BWA/FMC,BWA,FMC,conservative,-43.88550611128881,-0.06972339396490769,-0.96055701896569,5.52479133778268e-05,16,6,2026-04-16
TRGP/IR,TRGP,IR,conservative,-659.3260374332701,-0.8463398681667942,-0.96055701896569,2.138033629700678e-12,14,6,2026-04-16
TRGP/IQV,TRGP,IQV,conservative,-270.743258529538,-0.3407143791899075,-0.96055701896569,1.3922586425687756e-12,20,6,2026-04-16
ODFL/WYNN,ODFL,WYNN,conservative,-824.4453094923097,-0.9303748666825855,-0.96055701896569,4.841109925906487e-13,20,6,2026-04-16
AMCR/INTU,AMCR,INTU,slow_rebalance,2210.633530040808,0.5458358441298253,-1.424227878218087,0.9999998072270956,16,6,2026-04-16
AMCR/UHS,AMCR,UHS,slow_rebalance,434.6091482820193,0.23645974862346575,-1.424227878218087,0.998538931345603,14,6,2026-04-16
LRCX/TRMB,LRCX,TRMB,slow_rebalance,4928.314294570791,1.18813776194006,-1.424227878218087,1.0,12,6,2026-04-16
LRCX/HCA,LRCX,HCA,slow_rebalance,-283.2234532019202,-0.10486179334257746,-1.424227878218087,8.891073130028816e-05,4,6,2026-04-16
CSCO/REGN,CSCO,REGN,slow_rebalance,-2650.347763201099,-0.8365531760278785,-1.424227878218087,3.997588847902587e-12,14,6,2026-04-16
CSCO/LVS,CSCO,LVS,slow_rebalance,-824.6778677260847,-0.3520581927353703,-1.424227878218087,5.859904436800345e-17,12,6,2026-04-16
DVA/TYL,DVA,TYL,slow_rebalance,-455.570000000001,-0.28978047208854085,-1.424227878218087,1.748879025542247e-12,6,6,2026-04-16
DVA/MKTX,DVA,MKTX,slow_rebalance,-705.9418942768142,-0.2666948751439451,-1.424227878218087,4.5763458159057246e-11,8,6,2026-04-16
AKAM/JKHY,AKAM,JKHY,slow_rebalance,-662.959755589479,-0.28887225886598367,-1.424227878218087,5.607126625594504e-11,8,6,2026-04-16
AKAM/XYL,AKAM,XYL,slow_rebalance,-2911.173276784343,-0.8578645880901078,-1.424227878218087,2.9963962425037196e-10,18,6,2026-04-16
BWA/CDW,BWA,CDW,slow_rebalance,3875.139644444404,0.6584955441571083,-1.424227878218087,0.9999792546987651,20,6,2026-04-16
BWA/FMC,BWA,FMC,slow_rebalance,7681.700205591218,1.140870213263382,-1.424227878218087,0.9880242809849991,10,6,2026-04-16
TRGP/IR,TRGP,IR,slow_rebalance,-1269.694128994665,-0.5055852471329486,-1.424227878218087,4.2075887569507815e-23,12,6,2026-04-16
TRGP/IQV,TRGP,IQV,slow_rebalance,-1065.123741699232,-0.3169879525836683,-1.424227878218087,5.2592473574579667e-14,16,6,2026-04-16
ODFL/WYNN,ODFL,WYNN,slow_rebalance,3079.341401915121,0.927849105706096,-1.424227878218087,1.0,14,6,2026-04-16
AMCR/INTU,AMCR,INTU,entry_threshold_strong,4102.168612991037,1.1185758483454633,-1.8203251096195008,0.9999999901806679,14,6,2026-04-16
AMCR/UHS,AMCR,UHS,entry_threshold_strong,2010.318429285285,1.0590339890017546,-1.8203251096195008,0.999999999889954,10,6,2026-04-16
LRCX/TRMB,LRCX,TRMB,entry_threshold_strong,2427.935850373011,0.7344987909770957,-1.8203251096195008,0.9999999999368424,16,6,2026-04-16
LRCX/HCA,LRCX,HCA,entry_threshold_strong,1379.630241316575,0.4007030164550601,-1.8203251096195008,0.9999309604874588,6,6,2026-04-16
CSCO/REGN,CSCO,REGN,entry_threshold_strong,-3244.31223265877,-1.037607301740249,-1.8203251096195008,1.0716223776810343e-10,18,6,2026-04-16
CSCO/LVS,CSCO,LVS,entry_threshold_strong,-1889.14054801288,-0.6878027079354714,-1.8203251096195008,7.157686123878359e-17,14,6,2026-04-16
DVA/TYL,DVA,TYL,entry_threshold_strong,1288.259999999999,0.394095124644949,-1.8203251096195008,0.9998806661026977,8,6,2026-04-16
DVA/MKTX,DVA,MKTX,entry_threshold_strong,-517.1651863789309,-0.1942589457616293,-1.8203251096195008,3.936111836814319e-10,10,6,2026-04-16
AKAM/JKHY,AKAM,JKHY,entry_threshold_strong,-393.4532869063556,-0.15647447646873444,-1.8203251096195008,2.0041828523236732e-12,6,6,2026-04-16
AKAM/XYL,AKAM,XYL,entry_threshold_strong,-517.9157393437004,-0.20721267549154115,-1.8203251096195008,4.038715358014881e-12,12,6,2026-04-16
BWA/CDW,BWA,CDW,entry_threshold_strong,4523.560735119915,0.8946173979868759,-1.8203251096195008,0.9991951880850504,22,6,2026-04-16
BWA/FMC,BWA,FMC,entry_threshold_strong,237.807195230578,0.09753597114736279,-1.8203251096195008,0.5446170672166708,14,6,2026-04-16
TRGP/IR,TRGP,IR,entry_threshold_strong,-1041.20647084484,-0.45705195012345246,-1.8203251096195008,2.5224066534206175e-19,10,6,2026-04-16
TRGP/IQV,TRGP,IQV,entry_threshold_strong,-232.313669459167,-0.07095085334469434,-1.8203251096195008,4.663686742744728e-06,16,6,2026-04-16
ODFL/WYNN,ODFL,WYNN,entry_threshold_strong,161.7529260156296,0.051654444117010805,-1.8203251096195008,0.18502877057407635,16,6,2026-04-16
AMCR/INTU,AMCR,INTU,entry_filter_kalman,3954.762971240997,1.0828439171496302,-1.840619342895248,0.9999999915246061,14,6,2026-04-16
AMCR/UHS,AMCR,UHS,entry_filter_kalman,2002.614810544324,1.0619365132596301,-1.840619342895248,0.999999999886895,10,6,2026-04-16
LRCX/TRMB,LRCX,TRMB,entry_filter_kalman,2437.781053400598,0.7280277840193647,-1.840619342895248,0.9999999999143258,16,6,2026-04-16
LRCX/HCA,LRCX,HCA,entry_filter_kalman,1369.868900275102,0.40027637296979646,-1.840619342895248,0.9999386407697824,6,6,2026-04-16
CSCO/REGN,CSCO,REGN,entry_filter_kalman,-3239.909224139392,-1.0354620011521036,-1.840619342895248,1.0019733655577483e-10,18,6,2026-04-16
CSCO/LVS,CSCO,LVS,entry_filter_kalman,-1898.054338916559,-0.69074654310198,-1.840619342895248,4.3635146157709404e-16,14,6,2026-04-16
DVA/TYL,DVA,TYL,entry_filter_kalman,1258.719999999998,0.38573941566376124,-1.840619342895248,0.9998722481522646,8,6,2026-04-16
DVA/MKTX,DVA,MKTX,entry_filter_kalman,-529.7679273072034,-0.19722711975605423,-1.840619342895248,2.559672823998168e-10,10,6,2026-04-16
AKAM/JKHY,AKAM,JKHY,entry_filter_kalman,-439.5263637515581,-0.1734447509589518,-1.840619342895248,3.1123463676289163e-13,6,6,2026-04-16
AKAM/XYL,AKAM,XYL,entry_filter_kalman,-596.1691143229934,-0.2309044665282809,-1.840619342895248,4.999111500414658e-12,12,6,2026-04-16
BWA/CDW,BWA,CDW,entry_filter_kalman,4528.357785130969,0.8950424722955901,-1.840619342895248,0.9992058299307202,22,6,2026-04-16
BWA/FMC,BWA,FMC,entry_filter_kalman,391.5383446901263,0.16463080427279198,-1.840619342895248,0.9284680047624397,14,6,2026-04-16
TRGP/IR,TRGP,IR,entry_filter_kalman,-1019.544437929132,-0.4498630204666243,-1.840619342895248,1.2992887449560936e-19,10,6,2026-04-16
TRGP/IQV,TRGP,IQV,entry_filter_kalman,-217.9398021341486,-0.0666049982749427,-1.840619342895248,8.858041849446835e-06,16,6,2026-04-16
ODFL/WYNN,ODFL,WYNN,entry_filter_kalman,185.1587418509484,0.058531232249541376,-1.840619342895248,0.22874989343811175,16,6,2026-04-16
AMCR/INTU,AMCR,INTU,uniform_weights,2445.390884563496,0.8278933721960688,-2.9657815728671286,0.9999844291674581,16,6,2026-04-16
AMCR/UHS,AMCR,UHS,uniform_weights,235.1491215444623,0.13472188618920153,-2.9657815728671286,0.8133153649028442,12,6,2026-04-16
LRCX/TRMB,LRCX,TRMB,uniform_weights,1899.8131162254,0.6316900085040247,-2.9657815728671286,0.999999999999603,16,6,2026-04-16
LRCX/HCA,LRCX,HCA,uniform_weights,265.0212680175478,0.07358621812930223,-2.9657815728671286,0.3415566399148262,8,6,2026-04-16
CSCO/REGN,CSCO,REGN,uniform_weights,-2694.850983526294,-0.8743757464971237,-2.9657815728671286,6.513606996792716e-11,18,6,2026-04-16
CSCO/LVS,CSCO,LVS,uniform_weights,-292.9167171657675,-0.11919424485473228,-2.9657815728671286,1.827735180254588e-09,14,6,2026-04-16
DVA/TYL,DVA,TYL,uniform_weights,397.6899999999988,0.12028754306385779,-2.9657815728671286,0.8064330173808154,10,6,2026-04-16
DVA/MKTX,DVA,MKTX,uniform_weights,1076.256455326902,0.5246348258295561,-2.9657815728671286,0.9999995265035557,10,6,2026-04-16
AKAM/JKHY,AKAM,JKHY,uniform_weights,519.4945365414001,0.2776729609775344,-2.9657815728671286,0.9979067996414199,8,6,2026-04-16
AKAM/XYL,AKAM,XYL,uniform_weights,-1719.720534541138,-0.5540220891825063,-2.9657815728671286,6.245892628307706e-10,16,6,2026-04-16
BWA/CDW,BWA,CDW,uniform_weights,1109.054797262143,0.4612592199949433,-2.9657815728671286,0.9999999997135642,24,6,2026-04-16
BWA/FMC,BWA,FMC,uniform_weights,-237.6750177969824,-0.11204519254262676,-2.9657815728671286,2.8217571517613364e-06,16,6,2026-04-16
TRGP/IR,TRGP,IR,uniform_weights,-538.8343110649861,-0.35542215871772936,-2.9657815728671286,1.999645390466472e-13,8,6,2026-04-16
TRGP/IQV,TRGP,IQV,uniform_weights,-1515.852069260596,-0.4891982720184046,-2.9657815728671286,7.2990591672658315e-09,18,6,2026-04-16
ODFL/WYNN,ODFL,WYNN,uniform_weights,-368.2998798826623,-0.1311332168046668,-2.9657815728671286,6.954922815677729e-07,16,6,2026-04-16
AMCR/INTU,AMCR,INTU,raw_momentum,1523.747268945008,0.46117985854762145,-3.285098394731648,0.9998446847735145,14,6,2026-04-16
AMCR/UHS,AMCR,UHS,raw_momentum,246.6891766452835,0.18377199805085664,-3.285098394731648,0.9388347135415852,10,6,2026-04-16
LRCX/TRMB,LRCX,TRMB,raw_momentum,2148.509687253817,0.7644726162416248,-3.285098394731648,0.9999999999978769,14,6,2026-04-16
LRCX/HCA,LRCX,HCA,raw_momentum,616.533832546755,0.1732721820286896,-3.285098394731648,0.93552557340904,6,6,2026-04-16
CSCO/REGN,CSCO,REGN,raw_momentum,-3348.661646738009,-1.3598908071840838,-3.285098394731648,9.15546512430026e-05,10,6,2026-04-16
CSCO/LVS,CSCO,LVS,raw_momentum,-1301.330817901157,-0.6482405934385551,-3.285098394731648,2.1616881199002824e-10,8,6,2026-04-16
DVA/TYL,DVA,TYL,raw_momentum,-635.9499999999999,-0.4062317301249402,-3.285098394731648,7.215757192465819e-11,8,6,2026-04-16
DVA/MKTX,DVA,MKTX,raw_momentum,1115.145440980914,0.6166686859549719,-3.285098394731648,0.9999834027877462,10,6,2026-04-16
AKAM/JKHY,AKAM,JKHY,raw_momentum,630.1328567371525,0.34573925265048433,-3.285098394731648,0.9995434603210439,6,6,2026-04-16
AKAM/XYL,AKAM,XYL,raw_momentum,1045.316146093933,0.8056558694619276,-3.285098394731648,0.999999999885214,10,6,2026-04-16
BWA/CDW,BWA,CDW,raw_momentum,1804.804728973968,0.969720076615123,-3.285098394731648,0.9999999999999986,14,6,2026-04-16
BWA/FMC,BWA,FMC,raw_momentum,737.474198063177,0.3708698689676506,-3.285098394731648,0.9999860173708263,12,6,2026-04-16
TRGP/IR,TRGP,IR,raw_momentum,-504.7613411082733,-0.37665454093948,-3.285098394731648,4.877901117455099e-10,8,6,2026-04-16
TRGP/IQV,TRGP,IQV,raw_momentum,-1796.830763432866,-1.2792222051911508,-3.285098394731648,8.710922551052913e-15,12,6,2026-04-16
ODFL/WYNN,ODFL,WYNN,raw_momentum,601.763387466218,0.2216190409580306,-3.285098394731648,0.987768403119274,12,6,2026-04-16
AMCR/INTU,AMCR,INTU,raw_momentum_kalman,1447.196327749282,0.4345726514599597,-3.467587704442206,0.9997860202972612,14,6,2026-04-16
AMCR/UHS,AMCR,UHS,raw_momentum_kalman,-839.9187884038042,-0.3643426164049855,-3.467587704442206,1.9746143695277727e-10,12,6,2026-04-16
LRCX/TRMB,LRCX,TRMB,raw_momentum_kalman,2376.843589585097,0.8124555219591368,-3.467587704442206,0.9999999999999014,14,6,2026-04-16
LRCX/HCA,LRCX,HCA,raw_momentum_kalman,616.533832546755,0.1732721820286896,-3.467587704442206,0.93552557340904,6,6,2026-04-16
CSCO/REGN,CSCO,REGN,raw_momentum_kalman,-4992.309489826471,-1.810465073269503,-3.467587704442206,3.0800577748971386e-06,16,6,2026-04-16
CSCO/LVS,CSCO,LVS,raw_momentum_kalman,-1253.910373529228,-0.6389582592306929,-3.467587704442206,1.9975492673455378e-11,8,6,2026-04-16
DVA/TYL,DVA,TYL,raw_momentum_kalman,-635.9499999999999,-0.4062317301249402,-3.467587704442206,7.215757192465819e-11,8,6,2026-04-16
DVA/MKTX,DVA,MKTX,raw_momentum_kalman,1115.005440980911,0.6154211851334899,-3.467587704442206,0.99998389411651,10,6,2026-04-16
AKAM/JKHY,AKAM,JKHY,raw_momentum_kalman,887.9671222445895,0.4857949837940012,-3.467587704442206,0.9999865840604028,6,6,2026-04-16
AKAM/XYL,AKAM,XYL,raw_momentum_kalman,1051.467280643921,0.8042021386349882,-3.467587704442206,0.9999999998691108,10,6,2026-04-16
BWA/CDW,BWA,CDW,raw_momentum_kalman,1585.79659572959,0.7449972118965248,-3.467587704442206,0.9999999999943858,16,6,2026-04-16
BWA/FMC,BWA,FMC,raw_momentum_kalman,-51.57745069395685,-0.028419511254623303,-3.467587704442206,0.002925123578497398,12,6,2026-04-16
TRGP/IR,TRGP,IR,raw_momentum_kalman,-761.8763167636882,-0.5658545563264633,-3.467587704442206,3.634149399338555e-10,10,6,2026-04-16
TRGP/IQV,TRGP,IQV,raw_momentum_kalman,-1759.957771206516,-1.3085539874800158,-3.467587704442206,2.3135431096959057e-14,12,6,2026-04-16
ODFL/WYNN,ODFL,WYNN,raw_momentum_kalman,635.0462706179245,0.23223657472442202,-3.467587704442206,0.9925589124908684,12,6,2026-04-16
AMCR/INTU,AMCR,INTU,fast_strict,2774.563036917528,1.1158640832689386,-4.129296368636374,0.9999997706110764,22,6,2026-04-16
AMCR/UHS,AMCR,UHS,fast_strict,-521.6744507009319,-0.30804958300412594,-4.129296368636374,8.489762121902408e-09,20,6,2026-04-16
LRCX/TRMB,LRCX,TRMB,fast_strict,3397.50183950099,1.2833867299707862,-4.129296368636374,0.999999999999997,18,6,2026-04-16
LRCX/HCA,LRCX,HCA,fast_strict,758.335613310669,0.27150971439069516,-4.129296368636374,0.9982401160594069,18,6,2026-04-16
CSCO/REGN,CSCO,REGN,fast_strict,-601.0852645829459,-0.3712289887229488,-4.129296368636374,5.827380752895519e-21,18,6,2026-04-16
CSCO/LVS,CSCO,LVS,fast_strict,-853.2110183624598,-0.6673656566600291,-4.129296368636374,7.769630972993462e-18,14,6,2026-04-16
DVA/TYL,DVA,TYL,fast_strict,-1669.910000000003,-1.3683271809555138,-4.129296368636374,5.794347752287091e-07,18,6,2026-04-16
DVA/MKTX,DVA,MKTX,fast_strict,-668.1560454057175,-0.39550189495187865,-4.129296368636374,1.6401549724579654e-10,12,6,2026-04-16
AKAM/JKHY,AKAM,JKHY,fast_strict,-2268.451371926082,-1.2147320328693443,-4.129296368636374,1.87938513757315e-08,12,6,2026-04-16
AKAM/XYL,AKAM,XYL,fast_strict,-1071.584664083429,-0.5533829463734334,-4.129296368636374,1.9842675275337912e-07,24,6,2026-04-16
BWA/CDW,BWA,CDW,fast_strict,693.1419482542758,0.5038852021691775,-4.129296368636374,0.9999999884961582,18,6,2026-04-16
BWA/FMC,BWA,FMC,fast_strict,10.89788358649548,0.006222632989957636,-4.129296368636374,0.026664881642953615,22,6,2026-04-16
TRGP/IR,TRGP,IR,fast_strict,-400.4171345033766,-0.24643813701336043,-4.129296368636374,2.2756115629665278e-12,18,6,2026-04-16
TRGP/IQV,TRGP,IQV,fast_strict,467.940592157306,0.23116990216766972,-4.129296368636374,0.9988197048429663,18,6,2026-04-16
ODFL/WYNN,ODFL,WYNN,fast_strict,-2145.791542550058,-1.0178239140891885,-4.129296368636374,9.811773123308388e-23,36,6,2026-04-16
