pair_key,s1,s2,param_set,pair_pnl,pair_sharpe,run_sharpe,dsr_pvalue,n_trades,window_idx,train_end
PFG/YUM,PFG,YUM,fast_signal,12351.4407724574,1.3236600951974897,1.503933330932624,0.999999999933729,60,1,2025-09-30
HAS/PFE,HAS,PFE,fast_signal,12469.08557948354,0.8894243869038488,1.503933330932624,0.9999998043298662,54,1,2025-09-30
FSLR/RSG,FSLR,RSG,fast_signal,21772.64656138951,0.8639489750710664,1.503933330932624,0.9999331559195348,60,1,2025-09-30
ALB/YUM,ALB,YUM,fast_signal,2668.513469887939,0.1643945061359233,1.503933330932624,0.8821257223998424,54,1,2025-09-30
HRL/MKC,HRL,MKC,fast_signal,-878.6583922692175,-0.14959048203493747,1.503933330932624,1.3933098649300067e-06,58,1,2025-09-30
AON/GEN,AON,GEN,fast_signal,5613.693245406873,0.5837324813415473,1.503933330932624,0.9992106935267762,66,1,2025-09-30
AON/MCK,AON,MCK,fast_signal,5309.8186673829,0.9680527774511497,1.503933330932624,0.9999999999999645,56,1,2025-09-30
CI/LVS,CI,LVS,fast_signal,-5770.523758477121,-0.36096121417423027,1.503933330932624,2.8010566851780082e-05,74,1,2025-09-30
CI/MTD,CI,MTD,fast_signal,15433.50716491881,1.1880958687429444,1.503933330932624,0.9999983399166044,48,1,2025-09-30
EFX/MMM,EFX,MMM,fast_signal,7376.353431471918,0.8577113450565962,1.503933330932624,0.9999999983389138,40,1,2025-09-30
CHD/HON,CHD,HON,fast_signal,-890.1574575301652,-0.12936532162179973,1.503933330932624,0.00047076004066632,76,1,2025-09-30
AKAM/YUM,AKAM,YUM,fast_signal,9554.864553807038,0.922809741142831,1.503933330932624,0.9999998882956033,50,1,2025-09-30
CL/WST,CL,WST,fast_signal,6770.795929035621,0.7883815244940411,1.503933330932624,0.9999999999961173,58,1,2025-09-30
BAX/IDXX,BAX,IDXX,fast_signal,9726.647207622122,1.1487066719499686,1.503933330932624,0.9999999999999997,64,1,2025-09-30
AVB/INCY,AVB,INCY,fast_signal,3435.565428024528,0.3510868446179731,1.503933330932624,0.999902869230229,66,1,2025-09-30
PFG/YUM,PFG,YUM,fast_signal_tight_stop,13234.6982118685,1.4172953791036127,1.455336541812576,0.9999999998908007,62,1,2025-09-30
HAS/PFE,HAS,PFE,fast_signal_tight_stop,13078.86017435783,0.98375528028518,1.455336541812576,0.9999982106049528,54,1,2025-09-30
FSLR/RSG,FSLR,RSG,fast_signal_tight_stop,14298.90514681521,0.5781216041112105,1.455336541812576,0.999137349756629,60,1,2025-09-30
ALB/YUM,ALB,YUM,fast_signal_tight_stop,486.9815010803086,0.028239191149201103,1.455336541812576,0.05685184652190313,56,1,2025-09-30
HRL/MKC,HRL,MKC,fast_signal_tight_stop,-1582.517097063688,-0.2997072760850789,1.455336541812576,1.484142112938376e-11,50,1,2025-09-30
AON/GEN,AON,GEN,fast_signal_tight_stop,3086.220309278171,0.4270147511857264,1.455336541812576,0.9999957158186437,62,1,2025-09-30
AON/MCK,AON,MCK,fast_signal_tight_stop,4743.689218781785,0.8590693569579385,1.455336541812576,0.9999999999998878,54,1,2025-09-30
CI/LVS,CI,LVS,fast_signal_tight_stop,647.0875921775732,0.042342048711623864,1.455336541812576,0.07128790856654353,62,1,2025-09-30
CI/MTD,CI,MTD,fast_signal_tight_stop,18636.90891747909,1.3644991825900474,1.455336541812576,0.999999553989351,48,1,2025-09-30
EFX/MMM,EFX,MMM,fast_signal_tight_stop,9863.735620042273,1.2020928618768114,1.455336541812576,0.9999997588661378,38,1,2025-09-30
CHD/HON,CHD,HON,fast_signal_tight_stop,-523.9568153437222,-0.07843838932622992,1.455336541812576,0.0020114124450226196,58,1,2025-09-30
AKAM/YUM,AKAM,YUM,fast_signal_tight_stop,9442.678577277382,0.9379227607153322,1.455336541812576,0.9999990173923418,50,1,2025-09-30
CL/WST,CL,WST,fast_signal_tight_stop,5879.280690094893,0.7004482099498599,1.455336541812576,0.9999999998701088,54,1,2025-09-30
BAX/IDXX,BAX,IDXX,fast_signal_tight_stop,5777.19335101643,0.7115376240306127,1.455336541812576,0.9999999999861449,56,1,2025-09-30
AVB/INCY,AVB,INCY,fast_signal_tight_stop,1845.58322220523,0.28375074626527846,1.455336541812576,0.9979183057079783,54,1,2025-09-30
PFG/YUM,PFG,YUM,vol_agnostic,10985.43113794358,0.9279540123423005,1.3221409595618696,0.9999996660573897,76,1,2025-09-30
HAS/PFE,HAS,PFE,vol_agnostic,2285.205077024315,0.16943221327018995,1.3221409595618696,0.8006767411592606,80,1,2025-09-30
FSLR/RSG,FSLR,RSG,vol_agnostic,8695.275195853726,0.37303230657030784,1.3221409595618696,0.9999876802879275,82,1,2025-09-30
ALB/YUM,ALB,YUM,vol_agnostic,18487.87685015101,0.8762691799690662,1.3221409595618696,0.9999999999999994,86,1,2025-09-30
HRL/MKC,HRL,MKC,vol_agnostic,2768.102042620167,0.3808376048382989,1.3221409595618696,0.9999965450364249,70,1,2025-09-30
AON/GEN,AON,GEN,vol_agnostic,17261.5400747765,1.4521986243804168,1.3221409595618696,0.9999999999854803,56,1,2025-09-30
AON/MCK,AON,MCK,vol_agnostic,1998.606010183882,0.19312577369444586,1.3221409595618696,0.8549065427305528,84,1,2025-09-30
CI/LVS,CI,LVS,vol_agnostic,-9657.089002319623,-0.5028064140594034,1.3221409595618696,3.4934740591524958e-09,74,1,2025-09-30
CI/MTD,CI,MTD,vol_agnostic,14994.74535912288,1.110798072577572,1.3221409595618696,0.999999975487183,86,1,2025-09-30
EFX/MMM,EFX,MMM,vol_agnostic,21680.91795819455,1.7647365786312699,1.3221409595618696,1.0,84,1,2025-09-30
CHD/HON,CHD,HON,vol_agnostic,2157.926459914632,0.22057318427261952,1.3221409595618696,0.9819064812400129,78,1,2025-09-30
AKAM/YUM,AKAM,YUM,vol_agnostic,2581.395329514066,0.22287521615966618,1.3221409595618696,0.9951785305653237,66,1,2025-09-30
CL/WST,CL,WST,vol_agnostic,10371.76683347615,0.6187727479396699,1.3221409595618696,0.9755285010824671,80,1,2025-09-30
BAX/IDXX,BAX,IDXX,vol_agnostic,9979.970316628724,0.8644137170703742,1.3221409595618696,0.9999999999969115,76,1,2025-09-30
AVB/INCY,AVB,INCY,vol_agnostic,2822.114991508259,0.1952852840853765,1.3221409595618696,0.9526622663186716,74,1,2025-09-30
PFG/YUM,PFG,YUM,static_threshold,7755.496476125154,0.6683495349393777,1.2483304067716976,0.9999925662792799,68,1,2025-09-30
HAS/PFE,HAS,PFE,static_threshold,8408.864792037724,0.5723575705344512,1.2483304067716976,0.9999223575759737,84,1,2025-09-30
FSLR/RSG,FSLR,RSG,static_threshold,16512.53212204042,0.726990902177878,1.2483304067716976,0.9999999998811906,70,1,2025-09-30
ALB/YUM,ALB,YUM,static_threshold,18441.28421181284,0.9107616155653304,1.2483304067716976,0.9999999999999472,90,1,2025-09-30
HRL/MKC,HRL,MKC,static_threshold,3763.38066329782,0.5328395234408624,1.2483304067716976,0.9999999999695275,84,1,2025-09-30
AON/GEN,AON,GEN,static_threshold,9864.779477568798,0.8753779566583572,1.2483304067716976,0.9999999684021187,66,1,2025-09-30
AON/MCK,AON,MCK,static_threshold,10431.24122275664,1.4758416108544696,1.2483304067716976,0.9999999999999999,84,1,2025-09-30
CI/LVS,CI,LVS,static_threshold,-2358.386193552587,-0.12297186217249377,1.2483304067716976,9.27303230834253e-05,76,1,2025-09-30
CI/MTD,CI,MTD,static_threshold,7221.481648438458,0.5952256903989361,1.2483304067716976,0.9998915294350165,76,1,2025-09-30
EFX/MMM,EFX,MMM,static_threshold,13056.50120038676,1.1155699527428546,1.2483304067716976,1.0,82,1,2025-09-30
CHD/HON,CHD,HON,static_threshold,9940.231243564222,1.069708992075809,1.2483304067716976,0.9999999997717876,76,1,2025-09-30
AKAM/YUM,AKAM,YUM,static_threshold,1587.910919870521,0.1544976213559684,1.2483304067716976,0.8683655409006876,66,1,2025-09-30
CL/WST,CL,WST,static_threshold,699.2075484173556,0.04156031651358124,1.2483304067716976,0.1491841428497302,72,1,2025-09-30
BAX/IDXX,BAX,IDXX,static_threshold,-288.5995237716743,-0.019968786076631953,1.2483304067716976,0.005153417171204721,72,1,2025-09-30
AVB/INCY,AVB,INCY,static_threshold,5867.741397277117,0.4371552141654744,1.2483304067716976,0.9999511771491274,78,1,2025-09-30
PFG/YUM,PFG,YUM,aggressive,12066.36573510957,0.7227833385296413,0.9637010645884514,0.9999870131891739,70,1,2025-09-30
HAS/PFE,HAS,PFE,aggressive,8557.261085401975,0.34604628216426975,0.9637010645884514,0.9988079399162356,84,1,2025-09-30
FSLR/RSG,FSLR,RSG,aggressive,32682.7566941775,0.7875697410034886,0.9637010645884514,0.9999981427741008,90,1,2025-09-30
ALB/YUM,ALB,YUM,aggressive,10040.07324480207,0.345561176405969,0.9637010645884514,0.9999877625181468,82,1,2025-09-30
HRL/MKC,HRL,MKC,aggressive,6700.980230817313,0.4254292354024198,0.9637010645884514,0.999958673556239,80,1,2025-09-30
AON/GEN,AON,GEN,aggressive,10747.96088664188,0.6043645312533176,0.9637010645884514,0.9999994005664808,72,1,2025-09-30
AON/MCK,AON,MCK,aggressive,-3543.469113915989,-0.2500527561864157,0.9637010645884514,1.0379022169004517e-16,76,1,2025-09-30
CI/LVS,CI,LVS,aggressive,-17827.4344624634,-0.6212226042637597,0.9637010645884514,5.289653879090097e-09,84,1,2025-09-30
CI/MTD,CI,MTD,aggressive,15051.72622960711,0.6877393252542091,0.9637010645884514,0.9999998121455121,84,1,2025-09-30
EFX/MMM,EFX,MMM,aggressive,3318.028950768917,0.21418390991471445,0.9637010645884514,0.9814651792648703,66,1,2025-09-30
CHD/HON,CHD,HON,aggressive,-1083.188182023756,-0.08585696993356881,0.9637010645884514,0.0003613332243809923,72,1,2025-09-30
AKAM/YUM,AKAM,YUM,aggressive,12762.7534476655,0.905520118664055,0.9637010645884514,1.0,62,1,2025-09-30
CL/WST,CL,WST,aggressive,23865.33463675497,1.738979818353776,0.9637010645884514,1.0,76,1,2025-09-30
BAX/IDXX,BAX,IDXX,aggressive,-3474.259342942998,-0.11827218802922072,0.9637010645884514,2.4249884274575097e-10,70,1,2025-09-30
AVB/INCY,AVB,INCY,aggressive,9251.381641518594,0.4513622537885592,0.9637010645884514,0.9999999156694341,96,1,2025-09-30
PFG/YUM,PFG,YUM,flash_hold,635.9846286612394,0.11784576989284158,0.839369555312844,0.5622508947577937,110,1,2025-09-30
HAS/PFE,HAS,PFE,flash_hold,4203.751164918947,0.5611612995474514,0.839369555312844,0.9999446489398421,118,1,2025-09-30
FSLR/RSG,FSLR,RSG,flash_hold,11224.3632811585,1.0313471111599801,0.839369555312844,0.9999999999998986,104,1,2025-09-30
ALB/YUM,ALB,YUM,flash_hold,-1256.207192928985,-0.1339266055792469,0.839369555312844,2.1999981792969244e-06,120,1,2025-09-30
HRL/MKC,HRL,MKC,flash_hold,-1663.616898809639,-0.3299331694956227,0.839369555312844,0.00013678702634476258,116,1,2025-09-30
AON/GEN,AON,GEN,flash_hold,-2026.698528741534,-0.30041945054296393,0.839369555312844,1.1096347858024417e-12,114,1,2025-09-30
AON/MCK,AON,MCK,flash_hold,1414.930844042056,0.3502647719697404,0.839369555312844,0.9999631873441923,100,1,2025-09-30
CI/LVS,CI,LVS,flash_hold,-1438.499667644818,-0.14125570642844396,0.839369555312844,3.845315690687489e-05,138,1,2025-09-30
CI/MTD,CI,MTD,flash_hold,8740.103328487563,1.198271532751545,0.839369555312844,0.9999999996148069,100,1,2025-09-30
EFX/MMM,EFX,MMM,flash_hold,7133.269153978808,1.290111638735636,0.839369555312844,1.0,108,1,2025-09-30
CHD/HON,CHD,HON,flash_hold,5557.816561815637,1.1295536440607608,0.839369555312844,0.999999999997572,108,1,2025-09-30
AKAM/YUM,AKAM,YUM,flash_hold,5679.730607764349,1.0686626370864878,0.839369555312844,0.9999999997822502,86,1,2025-09-30
CL/WST,CL,WST,flash_hold,7531.442780589419,0.903805326259326,0.839369555312844,0.9916851296802156,116,1,2025-09-30
BAX/IDXX,BAX,IDXX,flash_hold,2654.313609869546,0.5036348833060279,0.839369555312844,0.9999999997145034,100,1,2025-09-30
AVB/INCY,AVB,INCY,flash_hold,4404.302214429958,0.707434351801519,0.839369555312844,0.9999999982473393,118,1,2025-09-30
PFG/YUM,PFG,YUM,slow_signal,2028.052812051809,0.2044574065044365,0.7553390070776634,0.9055347500119342,28,1,2025-09-30
HAS/PFE,HAS,PFE,slow_signal,9005.612514347027,0.8785246776295461,0.7553390070776634,0.9999935096632055,38,1,2025-09-30
FSLR/RSG,FSLR,RSG,slow_signal,-9223.130678368667,-0.45736538996901943,0.7553390070776634,1.249027603314567e-09,42,1,2025-09-30
ALB/YUM,ALB,YUM,slow_signal,6420.707039874201,0.52886255233333,0.7553390070776634,0.9999894994392334,38,1,2025-09-30
HRL/MKC,HRL,MKC,slow_signal,3843.943756019782,0.9827387767688536,0.7553390070776634,0.9999999999995749,24,1,2025-09-30
AON/GEN,AON,GEN,slow_signal,10444.23663465233,1.2650357829590237,0.7553390070776634,0.9999994702507208,36,1,2025-09-30
AON/MCK,AON,MCK,slow_signal,9149.984319329325,1.8744061080907493,0.7553390070776634,0.9999998728015774,32,1,2025-09-30
CI/LVS,CI,LVS,slow_signal,-7524.540488344448,-0.5213593162737782,0.7553390070776634,0.0001341795950449652,40,1,2025-09-30
CI/MTD,CI,MTD,slow_signal,947.3483880768979,0.08880475402565888,0.7553390070776634,0.3765345188191737,40,1,2025-09-30
EFX/MMM,EFX,MMM,slow_signal,5892.454703335452,0.7779249603485044,0.7553390070776634,0.999994881124726,22,1,2025-09-30
CHD/HON,CHD,HON,slow_signal,5690.072880507278,0.9024730826371518,0.7553390070776634,0.9999209099986691,26,1,2025-09-30
AKAM/YUM,AKAM,YUM,slow_signal,6910.825444612336,0.880013527263,0.7553390070776634,0.9996674009484239,32,1,2025-09-30
CL/WST,CL,WST,slow_signal,11272.50444435006,1.7456860825793603,0.7553390070776634,0.9999999999105214,30,1,2025-09-30
BAX/IDXX,BAX,IDXX,slow_signal,-1918.832309786817,-0.16736565875332998,0.7553390070776634,1.6388280998256894e-10,32,1,2025-09-30
AVB/INCY,AVB,INCY,slow_signal,5414.80485769589,0.5553404896844417,0.7553390070776634,0.9998833154307717,28,1,2025-09-30
PFG/YUM,PFG,YUM,low_vol_specialist,2294.095261835004,0.21486543185533385,0.7139129674685211,0.9836128349578308,78,1,2025-09-30
HAS/PFE,HAS,PFE,low_vol_specialist,19738.96013813141,1.5748325666398155,0.7139129674685211,0.9999998263884573,86,1,2025-09-30
FSLR/RSG,FSLR,RSG,low_vol_specialist,15898.35532547486,0.596596547054713,0.7139129674685211,0.9999169736564221,98,1,2025-09-30
ALB/YUM,ALB,YUM,low_vol_specialist,-8223.33966836075,-0.4726989260084259,0.7139129674685211,5.9479354164622434e-18,84,1,2025-09-30
HRL/MKC,HRL,MKC,low_vol_specialist,10529.52703695631,1.1204036419404526,0.7139129674685211,0.9998431539940357,88,1,2025-09-30
AON/GEN,AON,GEN,low_vol_specialist,15302.0886212041,1.4488113572645631,0.7139129674685211,0.9999999999997136,84,1,2025-09-30
AON/MCK,AON,MCK,low_vol_specialist,-528.2694356904797,-0.07476465048203265,0.7139129674685211,0.00012996856413002698,86,1,2025-09-30
CI/LVS,CI,LVS,low_vol_specialist,-7158.771635290484,-0.48016260342946726,0.7139129674685211,1.1930132272880202e-11,102,1,2025-09-30
CI/MTD,CI,MTD,low_vol_specialist,8735.272249480266,0.6536085192297858,0.7139129674685211,0.9999965012926336,66,1,2025-09-30
EFX/MMM,EFX,MMM,low_vol_specialist,7372.509543308665,0.8090175426141706,0.7139129674685211,1.0,82,1,2025-09-30
CHD/HON,CHD,HON,low_vol_specialist,-6470.05235096787,-0.7568630255352893,0.7139129674685211,8.318140505703863e-20,84,1,2025-09-30
AKAM/YUM,AKAM,YUM,low_vol_specialist,6201.992436988613,0.6504233354505894,0.7139129674685211,0.9999995341580329,60,1,2025-09-30
CL/WST,CL,WST,low_vol_specialist,21371.6362790912,2.3073859050230596,0.7139129674685211,1.0,66,1,2025-09-30
BAX/IDXX,BAX,IDXX,low_vol_specialist,-16619.07384933963,-0.7315281382675342,0.7139129674685211,2.8310116363511723e-09,82,1,2025-09-30
AVB/INCY,AVB,INCY,low_vol_specialist,-3425.631817992813,-0.23893392978533656,0.7139129674685211,1.9851063531402084e-06,90,1,2025-09-30
PFG/YUM,PFG,YUM,balanced_plus,13144.68249345596,1.4605731145504008,0.6939982439495364,0.999999999625684,42,1,2025-09-30
HAS/PFE,HAS,PFE,balanced_plus,-6007.721600277825,-0.5174116421453219,0.6939982439495364,9.068709965488883e-11,50,1,2025-09-30
FSLR/RSG,FSLR,RSG,balanced_plus,6122.947511898727,0.27618806454814976,0.6939982439495364,0.9504613663070732,42,1,2025-09-30
ALB/YUM,ALB,YUM,balanced_plus,12466.91295810938,0.7769029547503289,0.6939982439495364,0.9999999995800144,46,1,2025-09-30
HRL/MKC,HRL,MKC,balanced_plus,-55.09752630943399,-0.00971418412722228,0.6939982439495364,0.011176858919800803,46,1,2025-09-30
AON/GEN,AON,GEN,balanced_plus,6066.744703687737,0.7061125138669999,0.6939982439495364,0.9999999915574856,42,1,2025-09-30
AON/MCK,AON,MCK,balanced_plus,687.2571451666054,0.12691914489003123,0.6939982439495364,0.6336667388769146,48,1,2025-09-30
CI/LVS,CI,LVS,balanced_plus,-7537.821240327174,-0.6619235757029781,0.6939982439495364,5.308171065751247e-13,54,1,2025-09-30
CI/MTD,CI,MTD,balanced_plus,12112.57172276521,0.8787765045383116,0.6939982439495364,0.9999998196694511,66,1,2025-09-30
EFX/MMM,EFX,MMM,balanced_plus,196.6228934503083,0.023760698614871477,0.6939982439495364,0.04633532218268627,38,1,2025-09-30
CHD/HON,CHD,HON,balanced_plus,2462.134042677193,0.3360416865296893,0.6939982439495364,0.9999647250638497,52,1,2025-09-30
AKAM/YUM,AKAM,YUM,balanced_plus,10754.5593851193,1.4291394248199036,0.6939982439495364,0.9999911013653383,40,1,2025-09-30
CL/WST,CL,WST,balanced_plus,10328.24962954765,1.3126847054212474,0.6939982439495364,0.9999999999998425,40,1,2025-09-30
BAX/IDXX,BAX,IDXX,balanced_plus,158.6874233472713,0.009054142585423239,0.6939982439495364,0.034080306410051754,52,1,2025-09-30
AVB/INCY,AVB,INCY,balanced_plus,989.6455192073345,0.1198503399519131,0.6939982439495364,0.581933837644847,60,1,2025-09-30
PFG/YUM,PFG,YUM,medium_signal_high_leverage,21712.52745030303,1.5882093369452925,0.6775221805643786,0.9999999997254582,44,1,2025-09-30
HAS/PFE,HAS,PFE,medium_signal_high_leverage,-4197.942165830104,-0.22901724361534123,0.6775221805643786,1.5792223998362725e-15,50,1,2025-09-30
FSLR/RSG,FSLR,RSG,medium_signal_high_leverage,-4119.377159625387,-0.11929039501089861,0.6775221805643786,3.2582036390952946e-07,52,1,2025-09-30
ALB/YUM,ALB,YUM,medium_signal_high_leverage,9129.87578143192,0.44295661459580354,0.6775221805643786,0.9999660197440459,40,1,2025-09-30
HRL/MKC,HRL,MKC,medium_signal_high_leverage,5816.120510128148,0.598714735190669,0.6775221805643786,0.9999999999922611,46,1,2025-09-30
AON/GEN,AON,GEN,medium_signal_high_leverage,16096.35811578407,0.9716030908714329,0.6775221805643786,0.9999999122382794,44,1,2025-09-30
AON/MCK,AON,MCK,medium_signal_high_leverage,810.0496829989056,0.10054624013134719,0.6775221805643786,0.443771522530757,46,1,2025-09-30
CI/LVS,CI,LVS,medium_signal_high_leverage,-14995.56558414423,-0.5851993138842726,0.6775221805643786,8.234920388192169e-07,46,1,2025-09-30
CI/MTD,CI,MTD,medium_signal_high_leverage,8360.314360437123,0.41512635830265854,0.6775221805643786,0.9994545461843473,56,1,2025-09-30
EFX/MMM,EFX,MMM,medium_signal_high_leverage,5854.059845896687,0.4377929353864583,0.6775221805643786,0.9999977023016926,38,1,2025-09-30
CHD/HON,CHD,HON,medium_signal_high_leverage,6818.308052093547,0.5847944918617434,0.6775221805643786,0.9999993277143382,48,1,2025-09-30
AKAM/YUM,AKAM,YUM,medium_signal_high_leverage,12469.6609471481,1.0876303111713834,0.6775221805643786,0.9999999999999999,36,1,2025-09-30
CL/WST,CL,WST,medium_signal_high_leverage,18291.00837970738,1.7039875031433005,0.6775221805643786,0.999999999973278,34,1,2025-09-30
BAX/IDXX,BAX,IDXX,medium_signal_high_leverage,-8896.55445888535,-0.3539018417880472,0.6775221805643786,6.2361827233299445e-06,42,1,2025-09-30
AVB/INCY,AVB,INCY,medium_signal_high_leverage,5460.911851745215,0.2980585770636552,0.6775221805643786,0.9982420858230865,52,1,2025-09-30
PFG/YUM,PFG,YUM,high_leverage,14804.88109563885,0.9321121973243491,0.642787736544372,0.9999747026537709,46,1,2025-09-30
HAS/PFE,HAS,PFE,high_leverage,-23638.59481872036,-1.3866834798380803,0.642787736544372,4.7264308675572804e-07,46,1,2025-09-30
FSLR/RSG,FSLR,RSG,high_leverage,19103.37844522735,0.5496469148236339,0.642787736544372,0.9987671671531131,50,1,2025-09-30
ALB/YUM,ALB,YUM,high_leverage,-2056.348098244045,-0.09142718520629259,0.642787736544372,7.109276922424267e-05,44,1,2025-09-30
HRL/MKC,HRL,MKC,high_leverage,4666.622985850589,0.5922387826195047,0.642787736544372,0.9999999994189674,44,1,2025-09-30
AON/GEN,AON,GEN,high_leverage,14344.16145041971,0.9180133803091391,0.642787736544372,0.9999992009804766,42,1,2025-09-30
AON/MCK,AON,MCK,high_leverage,4145.83261800941,0.5191465175289948,0.642787736544372,0.9999995211056156,46,1,2025-09-30
CI/LVS,CI,LVS,high_leverage,-8543.315927264432,-0.34006094909655377,0.642787736544372,7.741530129131734e-06,52,1,2025-09-30
CI/MTD,CI,MTD,high_leverage,9204.37408179643,0.4809419466981462,0.642787736544372,0.9997100472247143,58,1,2025-09-30
EFX/MMM,EFX,MMM,high_leverage,5475.821985229606,0.5102321341362822,0.642787736544372,0.9999968142614435,36,1,2025-09-30
CHD/HON,CHD,HON,high_leverage,1505.443758808314,0.16474246144641205,0.642787736544372,0.8923622621755465,36,1,2025-09-30
AKAM/YUM,AKAM,YUM,high_leverage,5912.740649747604,0.5133714598911115,0.642787736544372,0.9999999999876854,44,1,2025-09-30
CL/WST,CL,WST,high_leverage,21277.73574411461,1.86982104543186,0.642787736544372,0.9999999999999325,44,1,2025-09-30
BAX/IDXX,BAX,IDXX,high_leverage,-23.55103887201858,-0.0008792103317666247,0.642787736544372,0.016792888206968743,42,1,2025-09-30
AVB/INCY,AVB,INCY,high_leverage,7582.801495440468,0.5005837647268258,0.642787736544372,0.9999698864459677,54,1,2025-09-30
PFG/YUM,PFG,YUM,fast_reentry,16564.74296179551,1.8307193685797705,0.6125761527107356,0.9999999997402107,48,1,2025-09-30
HAS/PFE,HAS,PFE,fast_reentry,-7542.756561805659,-0.6456239011774245,0.6125761527107356,3.9172556063267966e-10,64,1,2025-09-30
FSLR/RSG,FSLR,RSG,fast_reentry,8507.706625221519,0.3503429623015022,0.6125761527107356,0.9921830327813906,56,1,2025-09-30
ALB/YUM,ALB,YUM,fast_reentry,3546.683200311603,0.22208615664170772,0.6125761527107356,0.9797339156114269,50,1,2025-09-30
HRL/MKC,HRL,MKC,fast_reentry,3061.22482997946,0.5660701453159808,0.6125761527107356,0.9999999996385275,48,1,2025-09-30
AON/GEN,AON,GEN,fast_reentry,7527.501937669656,1.0163671104407925,0.6125761527107356,0.9999999999500165,54,1,2025-09-30
AON/MCK,AON,MCK,fast_reentry,2884.504772831424,0.542510521698691,0.6125761527107356,0.9999997107618894,48,1,2025-09-30
CI/LVS,CI,LVS,fast_reentry,-6304.284099919478,-0.3566357010032232,0.6125761527107356,2.573688382961834e-06,60,1,2025-09-30
CI/MTD,CI,MTD,fast_reentry,7461.640344864089,0.5471819392312447,0.6125761527107356,0.9999835881059513,58,1,2025-09-30
EFX/MMM,EFX,MMM,fast_reentry,-933.4074029372332,-0.12457010113472262,0.6125761527107356,3.5683331284807104e-06,36,1,2025-09-30
CHD/HON,CHD,HON,fast_reentry,1946.150290211745,0.31252277602841816,0.6125761527107356,0.9986151988004734,38,1,2025-09-30
AKAM/YUM,AKAM,YUM,fast_reentry,1146.049792676701,0.18198253945230583,0.6125761527107356,0.936098063308595,44,1,2025-09-30
CL/WST,CL,WST,fast_reentry,14738.27045112846,1.9400573151966314,0.6125761527107356,0.9999999999999395,46,1,2025-09-30
BAX/IDXX,BAX,IDXX,fast_reentry,2171.682101491942,0.12280110683803643,0.6125761527107356,0.562627498057868,50,1,2025-09-30
AVB/INCY,AVB,INCY,fast_reentry,1259.861182959679,0.10854390308010546,0.6125761527107356,0.5022212280809506,56,1,2025-09-30
PFG/YUM,PFG,YUM,high_turnover,8697.051646625428,0.9695490451039477,0.5897234444239422,0.9999999995070911,66,1,2025-09-30
HAS/PFE,HAS,PFE,high_turnover,2503.500816525508,0.23143024556411868,0.5897234444239422,0.997022035526859,72,1,2025-09-30
FSLR/RSG,FSLR,RSG,high_turnover,21540.97769034622,0.9495809654745427,0.5897234444239422,0.9998491638707145,76,1,2025-09-30
ALB/YUM,ALB,YUM,high_turnover,-2324.902813494957,-0.1534340812040199,0.5897234444239422,5.731897532606567e-08,74,1,2025-09-30
HRL/MKC,HRL,MKC,high_turnover,3485.813290953693,0.3891670083947427,0.5897234444239422,0.9992281402663069,68,1,2025-09-30
AON/GEN,AON,GEN,high_turnover,1636.688539794747,0.20875143213697564,0.5897234444239422,0.9524817678522238,64,1,2025-09-30
AON/MCK,AON,MCK,high_turnover,-7444.564034786907,-0.7327410955713063,0.5897234444239422,1.0835434946148345e-10,76,1,2025-09-30
CI/LVS,CI,LVS,high_turnover,-10228.06810153543,-0.7104120143424201,0.5897234444239422,5.51860439878826e-05,70,1,2025-09-30
CI/MTD,CI,MTD,high_turnover,16831.20263083364,1.0973578694799668,0.5897234444239422,0.9999999490590675,78,1,2025-09-30
EFX/MMM,EFX,MMM,high_turnover,858.0825903414707,0.09829716208780133,0.5897234444239422,0.4109713025822267,62,1,2025-09-30
CHD/HON,CHD,HON,high_turnover,388.7515090598595,0.04856894685333637,0.5897234444239422,0.10650907899830747,66,1,2025-09-30
AKAM/YUM,AKAM,YUM,high_turnover,702.0282119706662,0.11269935231063358,0.5897234444239422,0.5357723284367801,56,1,2025-09-30
CL/WST,CL,WST,high_turnover,16913.94404296165,1.9821036783704438,0.5897234444239422,1.0,70,1,2025-09-30
BAX/IDXX,BAX,IDXX,high_turnover,4303.971246164103,0.41974976324199953,0.5897234444239422,0.9999999711709088,70,1,2025-09-30
AVB/INCY,AVB,INCY,high_turnover,-4010.095599015235,-0.4101071158862608,0.5897234444239422,7.228564329107281e-18,74,1,2025-09-30
PFG/YUM,PFG,YUM,long_z_short_v,5867.497305188806,0.7237998458233739,0.4745132570411774,0.9999994802235402,40,1,2025-09-30
HAS/PFE,HAS,PFE,long_z_short_v,6073.60260079736,0.7788549833451593,0.4745132570411774,0.9999999999998305,32,1,2025-09-30
FSLR/RSG,FSLR,RSG,long_z_short_v,4187.985812471751,0.21829431139153913,0.4745132570411774,0.8467066337454017,40,1,2025-09-30
ALB/YUM,ALB,YUM,long_z_short_v,4197.429973532674,0.3510890605046099,0.4745132570411774,0.9999406346553801,34,1,2025-09-30
HRL/MKC,HRL,MKC,long_z_short_v,402.8467613554672,0.07940913153565589,0.4745132570411774,0.28697745217164816,34,1,2025-09-30
AON/GEN,AON,GEN,long_z_short_v,627.040844688303,0.09187635059361948,0.4745132570411774,0.38175306357432065,40,1,2025-09-30
AON/MCK,AON,MCK,long_z_short_v,-590.3913183475734,-0.11936095998078905,0.4745132570411774,6.734493556932153e-06,38,1,2025-09-30
CI/LVS,CI,LVS,long_z_short_v,7320.248639212505,0.5346923126388378,0.4745132570411774,0.9997938282723016,26,1,2025-09-30
CI/MTD,CI,MTD,long_z_short_v,206.0294824566213,0.01851637199190728,0.4745132570411774,0.04526165319239367,42,1,2025-09-30
EFX/MMM,EFX,MMM,long_z_short_v,14054.13490367633,1.7594956959821841,0.4745132570411774,0.999999996201271,30,1,2025-09-30
CHD/HON,CHD,HON,long_z_short_v,-2302.764686357596,-0.32593107355549306,0.4745132570411774,2.2372605426255775e-05,42,1,2025-09-30
AKAM/YUM,AKAM,YUM,long_z_short_v,7018.231107426619,0.9206746707190174,0.4745132570411774,0.9991547651008784,28,1,2025-09-30
CL/WST,CL,WST,long_z_short_v,5851.327055712714,0.8679595901815319,0.4745132570411774,0.9999999987536501,28,1,2025-09-30
BAX/IDXX,BAX,IDXX,long_z_short_v,-9803.29327703701,-0.6151436902527467,0.4745132570411774,0.0006320638845718743,34,1,2025-09-30
AVB/INCY,AVB,INCY,long_z_short_v,1725.649623241715,0.21289262834136136,0.4745132570411774,0.9430455342463769,40,1,2025-09-30
PFG/YUM,PFG,YUM,stable_signal_quick_exit,13214.13356150593,1.5903241458450588,0.4644147748619877,0.999999999834111,32,1,2025-09-30
HAS/PFE,HAS,PFE,stable_signal_quick_exit,-3473.510062753784,-0.278326626243508,0.4644147748619877,1.1379584779336934e-05,40,1,2025-09-30
FSLR/RSG,FSLR,RSG,stable_signal_quick_exit,-1156.416355017063,-0.04728157545952878,0.4644147748619877,0.0008970413143727205,48,1,2025-09-30
ALB/YUM,ALB,YUM,stable_signal_quick_exit,17931.08027814719,1.087086566317867,0.4644147748619877,0.9999999999010413,44,1,2025-09-30
HRL/MKC,HRL,MKC,stable_signal_quick_exit,1845.505920687252,0.36588154264948597,0.4644147748619877,0.9999692227416408,38,1,2025-09-30
AON/GEN,AON,GEN,stable_signal_quick_exit,-1041.935488327314,-0.1267343218314995,0.4644147748619877,2.4593773415147627e-05,40,1,2025-09-30
AON/MCK,AON,MCK,stable_signal_quick_exit,1132.312834991772,0.2382373517758142,0.4644147748619877,0.9793331663844012,34,1,2025-09-30
CI/LVS,CI,LVS,stable_signal_quick_exit,-3275.597328490294,-0.3503255283513428,0.4644147748619877,4.6617205796236945e-09,34,1,2025-09-30
CI/MTD,CI,MTD,stable_signal_quick_exit,4798.590051835508,0.35387995880506257,0.4644147748619877,0.9988719481172843,50,1,2025-09-30
EFX/MMM,EFX,MMM,stable_signal_quick_exit,-4423.021760955236,-0.5367419924472248,0.4644147748619877,9.872292873672812e-14,34,1,2025-09-30
CHD/HON,CHD,HON,stable_signal_quick_exit,5252.659963974114,0.6517416565204943,0.4644147748619877,0.9999934687602051,38,1,2025-09-30
AKAM/YUM,AKAM,YUM,stable_signal_quick_exit,3740.745778744406,0.6404725368975617,0.4644147748619877,0.9999999932822571,28,1,2025-09-30
CL/WST,CL,WST,stable_signal_quick_exit,1751.889966811872,0.3175234146778072,0.4644147748619877,0.9988946818000264,28,1,2025-09-30
BAX/IDXX,BAX,IDXX,stable_signal_quick_exit,3689.571748578348,0.45556353093159596,0.4644147748619877,0.9999990995775475,40,1,2025-09-30
AVB/INCY,AVB,INCY,stable_signal_quick_exit,6930.819146053335,0.6813427201090749,0.4644147748619877,0.999978953892007,44,1,2025-09-30
PFG/YUM,PFG,YUM,short_z_long_v,-244.6450146503056,-0.02453893229151365,0.4545671411019749,0.0049325512258247,46,1,2025-09-30
HAS/PFE,HAS,PFE,short_z_long_v,-1123.59823913014,-0.09907188230925146,0.4545671411019749,0.0004936942030084212,50,1,2025-09-30
FSLR/RSG,FSLR,RSG,short_z_long_v,6238.680896733023,0.3129674736515458,0.4545671411019749,0.953209096094706,60,1,2025-09-30
ALB/YUM,ALB,YUM,short_z_long_v,9529.214903860673,0.6366712768408829,0.4545671411019749,0.9999999991196399,58,1,2025-09-30
HRL/MKC,HRL,MKC,short_z_long_v,463.7596910066232,0.09423970549042796,0.4545671411019749,0.3921303618645522,40,1,2025-09-30
AON/GEN,AON,GEN,short_z_long_v,7422.072255173538,0.8355684639898795,0.4545671411019749,0.9999999977841181,56,1,2025-09-30
AON/MCK,AON,MCK,short_z_long_v,7934.533837902734,1.2969792104891098,0.4545671411019749,0.9999999999999489,56,1,2025-09-30
CI/LVS,CI,LVS,short_z_long_v,-9556.116402491061,-0.5972609861579096,0.4545671411019749,6.478973218163704e-06,58,1,2025-09-30
CI/MTD,CI,MTD,short_z_long_v,12001.84897570829,1.0334024793433199,0.4545671411019749,0.9999999999998677,58,1,2025-09-30
EFX/MMM,EFX,MMM,short_z_long_v,5864.571193779789,0.6966902972326027,0.4545671411019749,0.9999999797072369,42,1,2025-09-30
CHD/HON,CHD,HON,short_z_long_v,5215.66119633676,0.8581349093610395,0.4545671411019749,0.9999574046488408,52,1,2025-09-30
AKAM/YUM,AKAM,YUM,short_z_long_v,2076.751578446915,0.2032229115569976,0.4545671411019749,0.9916011369564511,66,1,2025-09-30
CL/WST,CL,WST,short_z_long_v,2869.030754684998,0.1794229610928279,0.4545671411019749,0.7399927431946416,80,1,2025-09-30
BAX/IDXX,BAX,IDXX,short_z_long_v,-4780.338382286805,-0.40427121122021314,0.4545671411019749,9.53685874754291e-09,54,1,2025-09-30
AVB/INCY,AVB,INCY,short_z_long_v,4631.731772405514,0.4527693706182396,0.4545671411019749,0.9996785949077085,42,1,2025-09-30
PFG/YUM,PFG,YUM,high_vol_specialist,11031.01711327062,1.1659335048637263,0.447795092465554,0.9999999999835197,30,1,2025-09-30
HAS/PFE,HAS,PFE,high_vol_specialist,821.920676036063,0.06889309904037048,0.447795092465554,0.26313440496208446,42,1,2025-09-30
FSLR/RSG,FSLR,RSG,high_vol_specialist,-14807.38315614024,-0.7308116132565976,0.447795092465554,1.0393794953809442e-07,40,1,2025-09-30
ALB/YUM,ALB,YUM,high_vol_specialist,15693.45839975467,1.0737653822744933,0.447795092465554,0.9999999062431342,38,1,2025-09-30
HRL/MKC,HRL,MKC,high_vol_specialist,6926.246793073547,1.2536565927400187,0.447795092465554,1.0,30,1,2025-09-30
AON/GEN,AON,GEN,high_vol_specialist,5867.518240376073,0.5915769682958331,0.447795092465554,0.9999362249018487,28,1,2025-09-30
AON/MCK,AON,MCK,high_vol_specialist,11869.33595363927,2.1593047705119117,0.447795092465554,0.9999999999253304,40,1,2025-09-30
CI/LVS,CI,LVS,high_vol_specialist,-11016.12245950947,-0.5992281227456668,0.447795092465554,5.012037788551308e-08,46,1,2025-09-30
CI/MTD,CI,MTD,high_vol_specialist,5761.900533475989,0.5084327500343302,0.447795092465554,0.9990055638055196,42,1,2025-09-30
EFX/MMM,EFX,MMM,high_vol_specialist,14526.1352322456,1.5991675262179939,0.447795092465554,0.9999999999601765,28,1,2025-09-30
CHD/HON,CHD,HON,high_vol_specialist,5368.712469678029,0.8539287739632541,0.447795092465554,0.9999415601677253,32,1,2025-09-30
AKAM/YUM,AKAM,YUM,high_vol_specialist,7844.349066307776,0.7969481438313176,0.447795092465554,0.9999999018350663,34,1,2025-09-30
CL/WST,CL,WST,high_vol_specialist,-24332.13097488468,-0.8862477279923917,0.447795092465554,0.00010799576673526444,48,1,2025-09-30
BAX/IDXX,BAX,IDXX,high_vol_specialist,14838.39802002376,1.6748253696877407,0.447795092465554,0.9999959950178858,34,1,2025-09-30
AVB/INCY,AVB,INCY,high_vol_specialist,309.409305762106,0.033048868243416074,0.447795092465554,0.05065808321503255,26,1,2025-09-30
PFG/YUM,PFG,YUM,low_entry,17105.85688516566,1.6619799688708683,0.3834633282595174,0.9999999999999968,72,1,2025-09-30
HAS/PFE,HAS,PFE,low_entry,864.9387006649049,0.05278599044778194,0.3834633282595174,0.1467737868027565,90,1,2025-09-30
FSLR/RSG,FSLR,RSG,low_entry,12553.50508166533,0.5126002231586548,0.3834633282595174,0.9993551615511413,84,1,2025-09-30
ALB/YUM,ALB,YUM,low_entry,-6078.965435366832,-0.3151541982340846,0.3834633282595174,1.1166003836744704e-11,86,1,2025-09-30
HRL/MKC,HRL,MKC,low_entry,-1512.005218599849,-0.21711337970455588,0.3834633282595174,1.5946846602135e-10,74,1,2025-09-30
AON/GEN,AON,GEN,low_entry,11674.115411149,1.015624660611837,0.3834633282595174,0.9999999965342284,76,1,2025-09-30
AON/MCK,AON,MCK,low_entry,-5316.500025844738,-0.5551804840038963,0.3834633282595174,2.9905296093224175e-11,74,1,2025-09-30
CI/LVS,CI,LVS,low_entry,-5118.117724028602,-0.26876425871964665,0.3834633282595174,4.874197856593101e-06,104,1,2025-09-30
CI/MTD,CI,MTD,low_entry,2029.955482579006,0.15724935209944255,0.3834633282595174,0.7819269657907622,82,1,2025-09-30
EFX/MMM,EFX,MMM,low_entry,-289.5535558181864,-0.03056890935698972,0.3834633282595174,0.003741728712664812,76,1,2025-09-30
CHD/HON,CHD,HON,low_entry,2690.2089742145,0.2935239303118582,0.3834633282595174,0.9994634142336392,72,1,2025-09-30
AKAM/YUM,AKAM,YUM,low_entry,6550.88651899773,0.7153569174544036,0.3834633282595174,1.0,72,1,2025-09-30
CL/WST,CL,WST,low_entry,17123.0192502943,1.7529862983906064,0.3834633282595174,1.0,74,1,2025-09-30
BAX/IDXX,BAX,IDXX,low_entry,-7008.94253767571,-0.3381214579688273,0.3834633282595174,1.388491958245189e-12,88,1,2025-09-30
AVB/INCY,AVB,INCY,low_entry,1754.01381849739,0.13092629882918683,0.3834633282595174,0.6860255366585456,78,1,2025-09-30
PFG/YUM,PFG,YUM,high_entry,5940.180394645173,0.8950544957671904,0.3405258384018305,0.9999992387767411,22,1,2025-09-30
HAS/PFE,HAS,PFE,high_entry,13989.14799833683,2.4677879598739034,0.3405258384018305,0.9999999999999999,28,1,2025-09-30
FSLR/RSG,FSLR,RSG,high_entry,-3800.206982288433,-0.19849754658687896,0.3405258384018305,1.2648685442014894e-10,20,1,2025-09-30
ALB/YUM,ALB,YUM,high_entry,1288.857399502348,0.10508953694188744,0.3405258384018305,0.46966249945112226,18,1,2025-09-30
HRL/MKC,HRL,MKC,high_entry,2495.433983906896,0.735279626076453,0.3405258384018305,0.9999999284778781,18,1,2025-09-30
AON/GEN,AON,GEN,high_entry,6172.762467464447,1.1021880550433751,0.3405258384018305,0.9999564744077927,26,1,2025-09-30
AON/MCK,AON,MCK,high_entry,1260.498147820829,0.30332738655894365,0.3405258384018305,0.9914618021188739,28,1,2025-09-30
CI/LVS,CI,LVS,high_entry,-2771.757960656286,-0.4350520651812157,0.3405258384018305,1.016436332132245e-05,24,1,2025-09-30
CI/MTD,CI,MTD,high_entry,1791.05879268435,0.17167708747288113,0.3405258384018305,0.7950751705784477,24,1,2025-09-30
EFX/MMM,EFX,MMM,high_entry,4039.450433205519,1.1473647361984904,0.3405258384018305,0.9999998158908213,16,1,2025-09-30
CHD/HON,CHD,HON,high_entry,3730.462280818927,0.730930507888592,0.3405258384018305,0.9960446250616186,20,1,2025-09-30
AKAM/YUM,AKAM,YUM,high_entry,7227.147068475434,1.5496612251160145,0.3405258384018305,0.9999978949200354,18,1,2025-09-30
CL/WST,CL,WST,high_entry,13317.31861035351,1.886626958346183,0.3405258384018305,0.999999999966986,28,1,2025-09-30
BAX/IDXX,BAX,IDXX,high_entry,-11923.46442269949,-0.75096279292635,0.3405258384018305,0.001681482566065329,26,1,2025-09-30
AVB/INCY,AVB,INCY,high_entry,-3935.259644268238,-0.6479925889701692,0.3405258384018305,1.8130339301260275e-15,24,1,2025-09-30
PFG/YUM,PFG,YUM,quick_exit,12928.77927014839,1.6048683635234147,0.3330754173412748,0.9999999196222665,46,1,2025-09-30
HAS/PFE,HAS,PFE,quick_exit,-9206.636943243482,-0.9756463546645886,0.3330754173412748,4.96463501430182e-05,52,1,2025-09-30
FSLR/RSG,FSLR,RSG,quick_exit,-1137.65245831682,-0.05196404138983336,0.3330754173412748,0.0002959308354273521,52,1,2025-09-30
ALB/YUM,ALB,YUM,quick_exit,3068.23099887607,0.20461390431198434,0.3330754173412748,0.9861428162152314,50,1,2025-09-30
HRL/MKC,HRL,MKC,quick_exit,-2649.03444138049,-0.7199481274296042,0.3330754173412748,2.785111027450026e-20,38,1,2025-09-30
AON/GEN,AON,GEN,quick_exit,15752.64521018779,2.020349786818832,0.3330754173412748,0.9999999999789181,50,1,2025-09-30
AON/MCK,AON,MCK,quick_exit,4349.763619590703,0.7165521713939655,0.3330754173412748,0.9999999991801883,42,1,2025-09-30
CI/LVS,CI,LVS,quick_exit,-7880.713348676238,-0.7971350291613796,0.3330754173412748,1.728934471481872e-12,56,1,2025-09-30
CI/MTD,CI,MTD,quick_exit,6139.252989594114,0.49278332460691904,0.3330754173412748,0.9997817983258757,58,1,2025-09-30
EFX/MMM,EFX,MMM,quick_exit,1172.812052679065,0.1790411095380007,0.3330754173412748,0.8756546542433312,38,1,2025-09-30
CHD/HON,CHD,HON,quick_exit,3237.368117854538,0.5202798432662057,0.3330754173412748,0.9999016261551802,38,1,2025-09-30
AKAM/YUM,AKAM,YUM,quick_exit,2251.337093904632,0.36973709169332036,0.3330754173412748,0.9999954382969202,44,1,2025-09-30
CL/WST,CL,WST,quick_exit,14548.58691761108,1.7854285419910958,0.3330754173412748,0.9999999999999999,46,1,2025-09-30
BAX/IDXX,BAX,IDXX,quick_exit,-1401.877839741937,-0.08083583607802236,0.3330754173412748,4.9293929283528325e-09,48,1,2025-09-30
AVB/INCY,AVB,INCY,quick_exit,-114.054234750173,-0.010230428181997715,0.3330754173412748,0.012056506183172415,52,1,2025-09-30
PFG/YUM,PFG,YUM,default,9790.063419174518,0.9336295680961587,0.2932723300905156,0.9999762573737243,46,1,2025-09-30
HAS/PFE,HAS,PFE,default,-16929.62082674762,-1.4955732452821668,0.2932723300905156,3.111295943696226e-07,54,1,2025-09-30
FSLR/RSG,FSLR,RSG,default,10083.60458934264,0.4369920434461018,0.2932723300905156,0.9966807167616547,50,1,2025-09-30
ALB/YUM,ALB,YUM,default,-284.3798034871156,-0.019461824326530264,0.2932723300905156,0.006635995960793055,48,1,2025-09-30
HRL/MKC,HRL,MKC,default,1831.240381828887,0.4106061281731556,0.2932723300905156,0.999975546623408,44,1,2025-09-30
AON/GEN,AON,GEN,default,7650.782063860435,0.9795309974175116,0.2932723300905156,0.9999999899072916,42,1,2025-09-30
AON/MCK,AON,MCK,default,2668.011172439713,0.510168811160488,0.2932723300905156,0.9999992810346524,46,1,2025-09-30
CI/LVS,CI,LVS,default,-6206.017434846168,-0.4970900008802585,0.2932723300905156,3.4476168512327665e-12,52,1,2025-09-30
CI/MTD,CI,MTD,default,6017.857141312194,0.4780003820527408,0.2932723300905156,0.9996769765926593,58,1,2025-09-30
EFX/MMM,EFX,MMM,default,2916.7060612552,0.41618825163595075,0.2932723300905156,0.9999417733942628,38,1,2025-09-30
CHD/HON,CHD,HON,default,1015.802621180486,0.16789366905353362,0.2932723300905156,0.9044396696512382,36,1,2025-09-30
AKAM/YUM,AKAM,YUM,default,1890.91442909699,0.30718077396982335,0.2932723300905156,0.9998881909224159,44,1,2025-09-30
CL/WST,CL,WST,default,14023.25489986873,1.8717573156894138,0.2932723300905156,0.9999999999999396,44,1,2025-09-30
BAX/IDXX,BAX,IDXX,default,-666.9906857416601,-0.038392502647300625,0.2932723300905156,0.0001784284145930151,44,1,2025-09-30
AVB/INCY,AVB,INCY,default,5061.433678907173,0.5047345830932218,0.2932723300905156,0.9999643330799136,54,1,2025-09-30
PFG/YUM,PFG,YUM,slow_reentry,8412.555349059377,0.8043693557869626,0.2720938154157473,0.9999349563104272,40,1,2025-09-30
HAS/PFE,HAS,PFE,slow_reentry,-14469.28578917278,-1.3638751350975402,0.2720938154157473,1.047843394978649e-05,40,1,2025-09-30
FSLR/RSG,FSLR,RSG,slow_reentry,5196.836022656762,0.23804313318920794,0.2720938154157473,0.9222613493968012,44,1,2025-09-30
ALB/YUM,ALB,YUM,slow_reentry,4990.270718943713,0.3821285823925253,0.2720938154157473,0.9999949378298001,38,1,2025-09-30
HRL/MKC,HRL,MKC,slow_reentry,1467.023184253051,0.3466243819330202,0.2720938154157473,0.9997042908624464,42,1,2025-09-30
AON/GEN,AON,GEN,slow_reentry,7256.272654421353,1.1225135803368351,0.2720938154157473,0.9999999999999999,36,1,2025-09-30
AON/MCK,AON,MCK,slow_reentry,2703.598367387528,0.5144159329573913,0.2720938154157473,0.9999994149118998,46,1,2025-09-30
CI/LVS,CI,LVS,slow_reentry,-2884.991192422659,-0.3110835456576026,0.2720938154157473,3.355056609016286e-06,36,1,2025-09-30
CI/MTD,CI,MTD,slow_reentry,6944.687187758094,0.5507990787146597,0.2720938154157473,0.9998923512100902,56,1,2025-09-30
EFX/MMM,EFX,MMM,slow_reentry,-1202.649083701006,-0.16863828062797875,0.2720938154157473,1.6743905287067676e-07,36,1,2025-09-30
CHD/HON,CHD,HON,slow_reentry,1081.94832033697,0.17913292355635047,0.2720938154157473,0.9338255106251319,34,1,2025-09-30
AKAM/YUM,AKAM,YUM,slow_reentry,1433.30391341656,0.2526025295290737,0.2720938154157473,0.9965114168805939,42,1,2025-09-30
CL/WST,CL,WST,slow_reentry,14088.78349572863,1.8698026837968131,0.2720938154157473,0.9999999999999422,44,1,2025-09-30
BAX/IDXX,BAX,IDXX,slow_reentry,-153.8600711177282,-0.008860312158509076,0.2720938154157473,0.008437191795180142,42,1,2025-09-30
AVB/INCY,AVB,INCY,slow_reentry,2267.078212830144,0.22001195485012992,0.2720938154157473,0.9913258176845986,46,1,2025-09-30
PFG/YUM,PFG,YUM,vol_gated,13337.48231285743,1.486787204787748,0.2097558548578062,0.9999999998403118,50,1,2025-09-30
HAS/PFE,HAS,PFE,vol_gated,-10224.69058395289,-0.8486866673137601,0.2097558548578062,9.786725058315026e-10,56,1,2025-09-30
FSLR/RSG,FSLR,RSG,vol_gated,225.2196848759131,0.010105096863574097,0.2097558548578062,0.031282775422994416,58,1,2025-09-30
ALB/YUM,ALB,YUM,vol_gated,-6369.025762629336,-0.4279667946156913,0.2097558548578062,1.4936484535812938e-19,54,1,2025-09-30
HRL/MKC,HRL,MKC,vol_gated,63.50138789610673,0.01099890538187573,0.2097558548578062,0.029889708869476415,56,1,2025-09-30
AON/GEN,AON,GEN,vol_gated,5806.733598258623,0.6963156120630307,0.2097558548578062,0.9999999999956296,46,1,2025-09-30
AON/MCK,AON,MCK,vol_gated,974.7628070481815,0.16632410681250237,0.2097558548578062,0.8785759745417531,46,1,2025-09-30
CI/LVS,CI,LVS,vol_gated,-9236.989078741619,-0.8889503419369597,0.2097558548578062,3.335657751747096e-18,58,1,2025-09-30
CI/MTD,CI,MTD,vol_gated,6606.74151025038,0.4802922150467636,0.2097558548578062,0.9999610410677885,70,1,2025-09-30
EFX/MMM,EFX,MMM,vol_gated,-321.4727108829375,-0.042193056618108,0.2097558548578062,0.0036180558545323266,42,1,2025-09-30
CHD/HON,CHD,HON,vol_gated,2161.088297304777,0.29216711660291916,0.2097558548578062,0.9998143547188759,56,1,2025-09-30
AKAM/YUM,AKAM,YUM,vol_gated,12228.45811230602,1.9490159459877106,0.2097558548578062,0.9999999999960444,36,1,2025-09-30
CL/WST,CL,WST,vol_gated,15074.29481929435,1.9989823803971265,0.2097558548578062,0.9999999999999171,44,1,2025-09-30
BAX/IDXX,BAX,IDXX,vol_gated,653.435875814419,0.03808514444676048,0.2097558548578062,0.13522786289941152,46,1,2025-09-30
AVB/INCY,AVB,INCY,vol_gated,3731.876097557997,0.42740510490817174,0.2097558548578062,0.9999949102807525,62,1,2025-09-30
PFG/YUM,PFG,YUM,deep_dislocation,12027.728806008,1.2490121174188333,0.1665547501097193,0.9999965623552244,18,1,2025-09-30
HAS/PFE,HAS,PFE,deep_dislocation,16066.13843454666,2.004405131248612,0.1665547501097193,0.9999999999999999,22,1,2025-09-30
FSLR/RSG,FSLR,RSG,deep_dislocation,-11601.8848206306,-0.4009132601227035,0.1665547501097193,5.394250970680926e-09,22,1,2025-09-30
ALB/YUM,ALB,YUM,deep_dislocation,751.4786769470797,0.049797567082815436,0.1665547501097193,0.14397934964748071,16,1,2025-09-30
HRL/MKC,HRL,MKC,deep_dislocation,6341.41877471063,1.1353091563105346,0.1665547501097193,0.9999999796394291,14,1,2025-09-30
AON/GEN,AON,GEN,deep_dislocation,1277.131716375803,0.10331561167193211,0.1665547501097193,0.4708843977386472,24,1,2025-09-30
AON/MCK,AON,MCK,deep_dislocation,2332.422964384478,0.4443667354280677,0.1665547501097193,0.9967970996572044,20,1,2025-09-30
CI/LVS,CI,LVS,deep_dislocation,-7350.471561337446,-0.4952911470884151,0.1665547501097193,4.566964925182742e-12,14,1,2025-09-30
CI/MTD,CI,MTD,deep_dislocation,6170.908329555097,0.40421065390617417,0.1665547501097193,0.9897362776536534,24,1,2025-09-30
EFX/MMM,EFX,MMM,deep_dislocation,9084.075508683998,1.1314445764152734,0.1665547501097193,0.9999999999936302,18,1,2025-09-30
CHD/HON,CHD,HON,deep_dislocation,7453.006124207115,0.9508008036764511,0.1665547501097193,0.9965242750193744,14,1,2025-09-30
AKAM/YUM,AKAM,YUM,deep_dislocation,2104.587886488957,0.21553121889306903,0.1665547501097193,0.9841420801445577,16,1,2025-09-30
CL/WST,CL,WST,deep_dislocation,16138.02743371282,1.585090818436354,0.1665547501097193,0.9999999999465533,22,1,2025-09-30
BAX/IDXX,BAX,IDXX,deep_dislocation,-19672.4943316256,-0.8361124084772971,0.1665547501097193,0.0025607696856491096,18,1,2025-09-30
AVB/INCY,AVB,INCY,deep_dislocation,-7917.755482793788,-0.651960833489321,0.1665547501097193,9.045884172769798e-27,34,1,2025-09-30
PFG/YUM,PFG,YUM,tight_stop,12849.19100893376,1.598813702427361,0.0596842319074851,0.9999999162641758,46,1,2025-09-30
HAS/PFE,HAS,PFE,tight_stop,-9223.25414393703,-0.9790188869877995,0.0596842319074851,5.291328885926864e-05,52,1,2025-09-30
FSLR/RSG,FSLR,RSG,tight_stop,-2557.785864346135,-0.11855885923806748,0.0596842319074851,1.4282588274450263e-07,52,1,2025-09-30
ALB/YUM,ALB,YUM,tight_stop,-7707.893870274033,-0.5627559886221778,0.0596842319074851,1.4731177164516407e-13,52,1,2025-09-30
HRL/MKC,HRL,MKC,tight_stop,-1492.704952727445,-0.3951658388912758,0.0596842319074851,1.7023845714923182e-19,40,1,2025-09-30
AON/GEN,AON,GEN,tight_stop,13127.40030576722,1.8088639130580737,0.0596842319074851,0.9999999996693358,50,1,2025-09-30
AON/MCK,AON,MCK,tight_stop,4512.828044214244,0.7695946128714277,0.0596842319074851,0.9999999990479989,44,1,2025-09-30
CI/LVS,CI,LVS,tight_stop,-4831.048260051698,-0.4284402820505765,0.0596842319074851,1.774050322620357e-09,56,1,2025-09-30
CI/MTD,CI,MTD,tight_stop,6094.460517840385,0.48905056123172075,0.0596842319074851,0.9997690661792563,58,1,2025-09-30
EFX/MMM,EFX,MMM,tight_stop,766.5375821206437,0.12461537960138,0.0596842319074851,0.6117216863326558,38,1,2025-09-30
CHD/HON,CHD,HON,tight_stop,841.4262567675078,0.14059546001323686,0.0596842319074851,0.7718490070445716,36,1,2025-09-30
AKAM/YUM,AKAM,YUM,tight_stop,2111.793154966558,0.35060098264473444,0.0596842319074851,0.9999882719150193,44,1,2025-09-30
CL/WST,CL,WST,tight_stop,15292.97388770089,1.9601253796568836,0.0596842319074851,0.9999999999999991,46,1,2025-09-30
BAX/IDXX,BAX,IDXX,tight_stop,-981.0696747203767,-0.05715804998459567,0.0596842319074851,3.6719930671776886e-06,48,1,2025-09-30
AVB/INCY,AVB,INCY,tight_stop,-1804.3585062547,-0.1592151883915312,0.0596842319074851,9.663839633142733e-05,52,1,2025-09-30
PFG/YUM,PFG,YUM,vol_adaptive,12146.13397384288,1.346997634249894,-0.0033864816915414,0.999999999962374,54,1,2025-09-30
HAS/PFE,HAS,PFE,vol_adaptive,-10192.97123894005,-0.8523598086638458,-0.0033864816915414,7.569274947565641e-10,56,1,2025-09-30
FSLR/RSG,FSLR,RSG,vol_adaptive,186.0413854360258,0.008417595654316691,-0.0033864816915414,0.028610234394385998,58,1,2025-09-30
ALB/YUM,ALB,YUM,vol_adaptive,-5500.816395960963,-0.37209018284376627,-0.0033864816915414,6.046005011847917e-18,56,1,2025-09-30
HRL/MKC,HRL,MKC,vol_adaptive,414.8234716811348,0.07066571129221136,-0.0033864816915414,0.23509858516166066,56,1,2025-09-30
AON/GEN,AON,GEN,vol_adaptive,5544.260149325692,0.6383043327379986,-0.0033864816915414,0.9999999999980552,50,1,2025-09-30
AON/MCK,AON,MCK,vol_adaptive,1172.711411503144,0.19779701908942945,-0.0033864816915414,0.9622516279260053,48,1,2025-09-30
CI/LVS,CI,LVS,vol_adaptive,-9263.037944475975,-0.8570671172359927,-0.0033864816915414,3.187079538364146e-18,62,1,2025-09-30
CI/MTD,CI,MTD,vol_adaptive,5646.299393627876,0.4127524771201661,-0.0033864816915414,0.999810212456102,72,1,2025-09-30
EFX/MMM,EFX,MMM,vol_adaptive,1024.972021578013,0.1332463292163274,-0.0033864816915414,0.7113342121101311,46,1,2025-09-30
CHD/HON,CHD,HON,vol_adaptive,2104.216198766091,0.28426883272591685,-0.0033864816915414,0.9997505913713854,62,1,2025-09-30
AKAM/YUM,AKAM,YUM,vol_adaptive,11567.8403792712,1.7997060374822431,-0.0033864816915414,0.9999999999998209,40,1,2025-09-30
CL/WST,CL,WST,vol_adaptive,14996.511142737,2.000107250812719,-0.0033864816915414,0.9999999999999396,44,1,2025-09-30
BAX/IDXX,BAX,IDXX,vol_adaptive,-7268.512740377055,-0.3798326539349869,-0.0033864816915414,1.4778059219535073e-09,46,1,2025-09-30
AVB/INCY,AVB,INCY,vol_adaptive,1094.562943771851,0.11813430466861628,-0.0033864816915414,0.5699346106482934,64,1,2025-09-30
PFG/YUM,PFG,YUM,deep_entry_quick_exit,6516.543983095678,0.9890885502271629,-0.0921026733554015,0.9999992014305481,20,1,2025-09-30
HAS/PFE,HAS,PFE,deep_entry_quick_exit,9666.58490244411,2.1054986616624145,-0.0921026733554015,0.9999999999979132,22,1,2025-09-30
FSLR/RSG,FSLR,RSG,deep_entry_quick_exit,-11717.78348248524,-0.6109580991632022,-0.0921026733554015,3.466298907051719e-07,22,1,2025-09-30
ALB/YUM,ALB,YUM,deep_entry_quick_exit,-2180.317775023717,-0.22718441951707377,-0.0921026733554015,3.614358248980877e-10,16,1,2025-09-30
HRL/MKC,HRL,MKC,deep_entry_quick_exit,2025.172703807992,0.5753288845930355,-0.0921026733554015,0.9999999998786846,18,1,2025-09-30
AON/GEN,AON,GEN,deep_entry_quick_exit,3086.560310886205,0.6575473837956832,-0.0921026733554015,0.9999999991369426,22,1,2025-09-30
AON/MCK,AON,MCK,deep_entry_quick_exit,3745.127981337193,0.8426613027437113,-0.0921026733554015,0.9999512704023958,18,1,2025-09-30
CI/LVS,CI,LVS,deep_entry_quick_exit,-3770.643302344239,-0.8275610761923715,-0.0921026733554015,1.3810329997023073e-09,16,1,2025-09-30
CI/MTD,CI,MTD,deep_entry_quick_exit,2737.980498186802,0.2628547573920181,-0.0921026733554015,0.9499687029583096,26,1,2025-09-30
EFX/MMM,EFX,MMM,deep_entry_quick_exit,7912.439718205858,1.4085914945193014,-0.0921026733554015,0.9999999999969194,20,1,2025-09-30
CHD/HON,CHD,HON,deep_entry_quick_exit,6366.080797956311,1.1650335878948708,-0.0921026733554015,0.9987523158187962,14,1,2025-09-30
AKAM/YUM,AKAM,YUM,deep_entry_quick_exit,5461.254197643817,1.0753199294900089,-0.0921026733554015,0.9999999480398639,18,1,2025-09-30
CL/WST,CL,WST,deep_entry_quick_exit,9614.451545521657,1.351331052766365,-0.0921026733554015,0.9999999999934569,22,1,2025-09-30
BAX/IDXX,BAX,IDXX,deep_entry_quick_exit,-14810.35638634079,-0.9469309374461274,-0.0921026733554015,0.0030520454250074704,20,1,2025-09-30
AVB/INCY,AVB,INCY,deep_entry_quick_exit,-3371.90557027081,-0.5191630379701342,-0.0921026733554015,7.442147039327224e-21,28,1,2025-09-30
PFG/YUM,PFG,YUM,patient_hold,13010.36217514611,1.5906665675221048,-0.142591137432126,0.999999984899566,32,1,2025-09-30
HAS/PFE,HAS,PFE,patient_hold,-4816.941961819013,-0.4863865258372195,-0.142591137432126,1.4103355694578235e-07,32,1,2025-09-30
FSLR/RSG,FSLR,RSG,patient_hold,-9224.735196884918,-0.5305971510634789,-0.142591137432126,1.935787512227393e-06,30,1,2025-09-30
ALB/YUM,ALB,YUM,patient_hold,7428.193498754063,0.5860447115365638,-0.142591137432126,0.9999846495616729,28,1,2025-09-30
HRL/MKC,HRL,MKC,patient_hold,-509.6579946928159,-0.12311795843662345,-0.142591137432126,4.921080913696203e-05,22,1,2025-09-30
AON/GEN,AON,GEN,patient_hold,1889.290128968722,0.23797528244414526,-0.142591137432126,0.9201828186754166,30,1,2025-09-30
AON/MCK,AON,MCK,patient_hold,5447.920763456748,1.2763488606892337,-0.142591137432126,0.9999999898204075,42,1,2025-09-30
CI/LVS,CI,LVS,patient_hold,-16384.68220167515,-1.499540012927011,-0.142591137432126,8.71153555576914e-12,28,1,2025-09-30
CI/MTD,CI,MTD,patient_hold,7115.881492887359,0.6588097882918488,-0.142591137432126,0.9994298159855309,44,1,2025-09-30
EFX/MMM,EFX,MMM,patient_hold,7926.863000242347,1.0952607081643333,-0.142591137432126,0.9999993716691257,24,1,2025-09-30
CHD/HON,CHD,HON,patient_hold,7108.076079216889,1.1014200971447943,-0.142591137432126,0.9999854566879836,32,1,2025-09-30
AKAM/YUM,AKAM,YUM,patient_hold,3843.713074364818,0.5213882247548008,-0.142591137432126,0.9993110653387374,26,1,2025-09-30
CL/WST,CL,WST,patient_hold,12409.03080767535,1.7134894098103797,-0.142591137432126,0.9999999999997244,42,1,2025-09-30
BAX/IDXX,BAX,IDXX,patient_hold,-11655.53044439721,-0.7455713103577258,-0.142591137432126,0.0014358375857975215,28,1,2025-09-30
AVB/INCY,AVB,INCY,patient_hold,-6213.05711414791,-0.949185343947643,-0.142591137432126,9.135594107119794e-20,28,1,2025-09-30
PFG/YUM,PFG,YUM,no_leverage,4889.40186875049,0.9387699888501104,-0.2379161479863678,0.9999785684712957,46,1,2025-09-30
HAS/PFE,HAS,PFE,no_leverage,-8408.585922075683,-1.4963392291392121,-0.2379161479863678,3.4649703288960463e-07,54,1,2025-09-30
FSLR/RSG,FSLR,RSG,no_leverage,4983.254822168387,0.4363003545888578,-0.2379161479863678,0.9966490960748454,50,1,2025-09-30
ALB/YUM,ALB,YUM,no_leverage,-182.7372952476594,-0.0251674745170098,-0.2379161479863678,0.004825348607880367,48,1,2025-09-30
HRL/MKC,HRL,MKC,no_leverage,897.4841200795904,0.4058020421135302,-0.2379161479863678,0.9999692919671564,44,1,2025-09-30
AON/GEN,AON,GEN,no_leverage,3788.791846851287,0.9787497146212721,-0.2379161479863678,0.9999999903359584,42,1,2025-09-30
AON/MCK,AON,MCK,no_leverage,1349.310503058286,0.5221633801210285,-0.2379161479863678,0.9999995430466243,46,1,2025-09-30
CI/LVS,CI,LVS,no_leverage,-3069.359880520626,-0.49447610272418124,-0.2379161479863678,3.979643065996259e-12,52,1,2025-09-30
CI/MTD,CI,MTD,no_leverage,2966.562246750769,0.4815523010811896,-0.2379161479863678,0.9997516137344663,58,1,2025-09-30
EFX/MMM,EFX,MMM,no_leverage,1434.732196491944,0.41255517288419263,-0.2379161479863678,0.9999282007610748,38,1,2025-09-30
CHD/HON,CHD,HON,no_leverage,517.6558808704117,0.1716213233570769,-0.2379161479863678,0.9164204304342333,36,1,2025-09-30
AKAM/YUM,AKAM,YUM,no_leverage,935.3283171106079,0.30596436400237437,-0.2379161479863678,0.9998804266752922,44,1,2025-09-30
CL/WST,CL,WST,no_leverage,6919.886262247681,1.8694196674952661,-0.2379161479863678,0.9999999999999436,44,1,2025-09-30
BAX/IDXX,BAX,IDXX,no_leverage,-256.8972079533578,-0.03012335298863126,-0.2379161479863678,0.0006994382982078491,44,1,2025-09-30
AVB/INCY,AVB,INCY,no_leverage,2554.579211397734,0.512184402970159,-0.2379161479863678,0.9999627493781101,54,1,2025-09-30
PFG/YUM,PFG,YUM,symmetric_exit,500.3681268210664,0.05701868297641454,-0.2811924856744384,0.1912734223882543,36,1,2025-09-30
HAS/PFE,HAS,PFE,symmetric_exit,-10710.61432978389,-1.0205369558712372,-0.2811924856744384,1.272653398309103e-06,40,1,2025-09-30
FSLR/RSG,FSLR,RSG,symmetric_exit,8599.654254931822,0.4104469341959955,-0.2811924856744384,0.988628664593973,36,1,2025-09-30
ALB/YUM,ALB,YUM,symmetric_exit,4779.181290025967,0.38949636967838813,-0.2811924856744384,0.9998807610349049,30,1,2025-09-30
HRL/MKC,HRL,MKC,symmetric_exit,1384.843751543984,0.44115417403787877,-0.2811924856744384,0.9999819687685636,32,1,2025-09-30
AON/GEN,AON,GEN,symmetric_exit,2956.157762961978,0.4364989974464183,-0.2811924856744384,0.9998697433964596,38,1,2025-09-30
AON/MCK,AON,MCK,symmetric_exit,1801.189624526326,0.4154921371234601,-0.2811924856744384,0.9997000758302172,38,1,2025-09-30
CI/LVS,CI,LVS,symmetric_exit,-4747.612399216856,-0.4645239921748859,-0.2811924856744384,1.9006198468149013e-09,40,1,2025-09-30
CI/MTD,CI,MTD,symmetric_exit,3160.076471263594,0.29341324975295097,-0.2811924856744384,0.9723745724816256,40,1,2025-09-30
EFX/MMM,EFX,MMM,symmetric_exit,4903.574806786261,0.8790150688621858,-0.2811924856744384,0.9999318806336962,28,1,2025-09-30
CHD/HON,CHD,HON,symmetric_exit,4264.27193272924,0.8402169931736782,-0.2811924856744384,0.997227599134201,24,1,2025-09-30
AKAM/YUM,AKAM,YUM,symmetric_exit,4817.167347840706,1.069231939879941,-0.2811924856744384,0.9999969842714366,28,1,2025-09-30
CL/WST,CL,WST,symmetric_exit,6680.314554542038,1.008407436041234,-0.2811924856744384,0.999999999660181,38,1,2025-09-30
BAX/IDXX,BAX,IDXX,symmetric_exit,-10179.41176589212,-0.6527436861377952,-0.2811924856744384,0.0007925094378731058,36,1,2025-09-30
AVB/INCY,AVB,INCY,symmetric_exit,-7152.433087890365,-1.0000400012200847,-0.2811924856744384,2.943240696443438e-19,38,1,2025-09-30
PFG/YUM,PFG,YUM,conservative,3338.23006401792,1.2154521052149285,-0.6377281345174387,0.999575067528668,14,1,2025-09-30
HAS/PFE,HAS,PFE,conservative,4193.734262564305,1.6398195364450057,-0.6377281345174387,0.9999999999997669,30,1,2025-09-30
FSLR/RSG,FSLR,RSG,conservative,-5870.658031463687,-0.6805103477005042,-0.6377281345174387,2.2122094776190025e-05,22,1,2025-09-30
ALB/YUM,ALB,YUM,conservative,585.0003452771732,0.18180782037905208,-0.6377281345174387,0.9069839294832077,14,1,2025-09-30
HRL/MKC,HRL,MKC,conservative,937.6562145670327,0.7087846198600432,-0.6377281345174387,0.9999963805968051,16,1,2025-09-30
AON/GEN,AON,GEN,conservative,3959.855639907789,2.069724313928517,-0.6377281345174387,0.9999999999999624,26,1,2025-09-30
AON/MCK,AON,MCK,conservative,2551.151205258723,1.595651481781294,-0.6377281345174387,0.9999997676518626,24,1,2025-09-30
CI/LVS,CI,LVS,conservative,-4794.167847771957,-1.7356214517019735,-0.6377281345174387,5.941852722836277e-06,18,1,2025-09-30
CI/MTD,CI,MTD,conservative,1424.408351089709,0.28298840356491684,-0.6377281345174387,0.9580014619079452,24,1,2025-09-30
EFX/MMM,EFX,MMM,conservative,3664.396952576733,1.5054622040739227,-0.6377281345174387,0.9999999997709967,20,1,2025-09-30
CHD/HON,CHD,HON,conservative,3959.609977900287,1.3712374065926616,-0.6377281345174387,0.9996300945410009,22,1,2025-09-30
AKAM/YUM,AKAM,YUM,conservative,3224.15230519832,0.9855859771829457,-0.6377281345174387,0.9934934380260853,22,1,2025-09-30
CL/WST,CL,WST,conservative,5713.354669336764,1.9102536581011982,-0.6377281345174387,0.9999999810287798,20,1,2025-09-30
BAX/IDXX,BAX,IDXX,conservative,-7122.776876890147,-0.9292969343406544,-0.6377281345174387,0.002786539923037492,24,1,2025-09-30
AVB/INCY,AVB,INCY,conservative,-2174.968391124076,-0.7045310235624874,-0.6377281345174387,1.1783165341590491e-16,24,1,2025-09-30
PFG/YUM,PFG,YUM,conservative_no_leverage,3681.408651538563,0.969590696011771,-0.6382569813036542,0.999999998531749,26,1,2025-09-30
HAS/PFE,HAS,PFE,conservative_no_leverage,-1253.944118474322,-0.19934985276327827,-0.6382569813036542,7.707429341043068e-07,34,1,2025-09-30
FSLR/RSG,FSLR,RSG,conservative_no_leverage,-9435.240592410059,-1.0479469513979787,-0.6382569813036542,3.318255745247509e-05,28,1,2025-09-30
ALB/YUM,ALB,YUM,conservative_no_leverage,1635.765963955849,0.3029016299325578,-0.6382569813036542,0.9934798846617864,24,1,2025-09-30
HRL/MKC,HRL,MKC,conservative_no_leverage,1079.914448104111,0.5377876206096509,-0.6382569813036542,0.9999999844352615,20,1,2025-09-30
AON/GEN,AON,GEN,conservative_no_leverage,5424.82806753112,1.1752316731597778,-0.6382569813036542,0.9999846848401533,28,1,2025-09-30
AON/MCK,AON,MCK,conservative_no_leverage,3320.190312688383,1.8606877162606164,-0.6382569813036542,0.9999999806977187,32,1,2025-09-30
CI/LVS,CI,LVS,conservative_no_leverage,-5499.08443344677,-0.7675360125267978,-0.6382569813036542,4.850845117104492e-12,30,1,2025-09-30
CI/MTD,CI,MTD,conservative_no_leverage,3588.424457570825,0.7113744424974127,-0.6382569813036542,0.9990109027285681,34,1,2025-09-30
EFX/MMM,EFX,MMM,conservative_no_leverage,6460.41178824131,1.8431575362765003,-0.6382569813036542,0.9999997204426521,28,1,2025-09-30
CHD/HON,CHD,HON,conservative_no_leverage,3612.87811457426,1.2272652021948798,-0.6382569813036542,0.9998281438781129,26,1,2025-09-30
AKAM/YUM,AKAM,YUM,conservative_no_leverage,-578.0838342158646,-0.1487811348427974,-0.6382569813036542,0.0017343351966409893,22,1,2025-09-30
CL/WST,CL,WST,conservative_no_leverage,3223.534174819595,0.9301919392074022,-0.6382569813036542,0.9999999999573232,38,1,2025-09-30
BAX/IDXX,BAX,IDXX,conservative_no_leverage,-4873.117992909883,-0.5905084088828659,-0.6382569813036542,0.0001536209142126613,30,1,2025-09-30
AVB/INCY,AVB,INCY,conservative_no_leverage,126.3477634761171,0.03291998815801586,-0.6382569813036542,0.07388602709404331,36,1,2025-09-30
PFG/YUM,PFG,YUM,fast_signal,11628.0307724574,1.1940712325179794,1.6163562295130387,0.9999999999730286,64,2,2025-11-04
HAS/PFE,HAS,PFE,fast_signal,16724.66557948355,1.0889547089622502,1.6163562295130387,0.9999999858841235,56,2,2025-11-04
FSLR/RSG,FSLR,RSG,fast_signal,24218.7633671197,0.9178484122798649,1.6163562295130387,0.9999663793704657,68,2,2025-11-04
ALB/YUM,ALB,YUM,fast_signal,4159.423469887928,0.2243315420477762,1.6163562295130387,0.9941541310137014,62,2,2025-11-04
HRL/MKC,HRL,MKC,fast_signal,431.9334227885474,0.06576838204847342,1.6163562295130387,0.21642637044631863,70,2,2025-11-04
AON/GEN,AON,GEN,fast_signal,6586.495057388797,0.6586112277981077,1.6163562295130387,0.9997069323166241,66,2,2025-11-04
AON/MCK,AON,MCK,fast_signal,4331.769365616547,0.740486332088641,1.6163562295130387,0.9999999999991845,60,2,2025-11-04
CI/LVS,CI,LVS,fast_signal,-3872.318538874287,-0.22428490084909802,1.6163562295130387,5.5291654637248425e-05,80,2,2025-11-04
CI/MTD,CI,MTD,fast_signal,13410.66716491882,0.9749333408956091,1.6163562295130387,0.9999994234863423,50,2,2025-11-04
EFX/MMM,EFX,MMM,fast_signal,3119.523431471905,0.2741456105260597,1.6163562295130387,0.9784467975618619,48,2,2025-11-04
CHD/HON,CHD,HON,fast_signal,659.2025424698413,0.08926467751410466,1.6163562295130387,0.357378525192926,84,2,2025-11-04
AKAM/YUM,AKAM,YUM,fast_signal,11114.57455380706,1.020865214245455,1.6163562295130387,0.9999999546120543,56,2,2025-11-04
CL/WST,CL,WST,fast_signal,7726.354064071422,0.8635683699940965,1.6163562295130387,0.9999999999997331,60,2,2025-11-04
BAX/IDXX,BAX,IDXX,fast_signal,18998.48720762212,1.4263958269096202,1.6163562295130387,0.9998579608135861,68,2,2025-11-04
AVB/INCY,AVB,INCY,fast_signal,974.0154280245238,0.09446229666178975,1.6163562295130387,0.4197846530320117,74,2,2025-11-04
PFG/YUM,PFG,YUM,fast_signal_tight_stop,12517.5282118685,1.2846857117390131,1.5407550527745977,0.9999999999539749,66,2,2025-11-04
HAS/PFE,HAS,PFE,fast_signal_tight_stop,17310.3025896152,1.1820363615574023,1.5407550527745977,0.9999998318280474,56,2,2025-11-04
FSLR/RSG,FSLR,RSG,fast_signal_tight_stop,16762.50501650211,0.647769530114912,1.5407550527745977,0.9996495496582011,68,2,2025-11-04
ALB/YUM,ALB,YUM,fast_signal_tight_stop,3764.351501080309,0.19729737079096304,1.5407550527745977,0.9679478392604332,60,2,2025-11-04
HRL/MKC,HRL,MKC,fast_signal_tight_stop,458.932629232179,0.07750944845607437,1.5407550527745977,0.29435219471201757,60,2,2025-11-04
AON/GEN,AON,GEN,fast_signal_tight_stop,4048.050806991173,0.5360067712367015,1.5407550527745977,0.9999999837831495,62,2,2025-11-04
AON/MCK,AON,MCK,fast_signal_tight_stop,3758.662421378308,0.6389147429851629,1.5407550527745977,0.9999999999881963,58,2,2025-11-04
CI/LVS,CI,LVS,fast_signal_tight_stop,317.1312293326791,0.019446894746272033,1.5407550527745977,0.03474115847259589,68,2,2025-11-04
CI/MTD,CI,MTD,fast_signal_tight_stop,16623.72891747909,1.1520427718515762,1.5407550527745977,0.9999998530541312,50,2,2025-11-04
EFX/MMM,EFX,MMM,fast_signal_tight_stop,3799.495620042266,0.3517722112680906,1.5407550527745977,0.9933252241217024,44,2,2025-11-04
CHD/HON,CHD,HON,fast_signal_tight_stop,647.1731846562775,0.08955411012763431,1.5407550527745977,0.35487533557366446,68,2,2025-11-04
AKAM/YUM,AKAM,YUM,fast_signal_tight_stop,10992.6785772774,1.0376071683365307,1.5407550527745977,0.9999995686094777,56,2,2025-11-04
CL/WST,CL,WST,fast_signal_tight_stop,6821.489953364247,0.7799604082092942,1.5407550527745977,0.9999999999920367,56,2,2025-11-04
BAX/IDXX,BAX,IDXX,fast_signal_tight_stop,14961.03474445906,1.1484293628623428,1.5407550527745977,0.9997930439002208,60,2,2025-11-04
AVB/INCY,AVB,INCY,fast_signal_tight_stop,-1101.686777794764,-0.15636706146655865,1.5407550527745977,1.1746980314946837e-07,62,2,2025-11-04
PFG/YUM,PFG,YUM,vol_agnostic,9460.171137943566,0.7308389054749937,1.252066656770002,0.9999997901385086,88,2,2025-11-04
HAS/PFE,HAS,PFE,vol_agnostic,3260.182559500849,0.21530378262817326,1.252066656770002,0.9296127938827562,86,2,2025-11-04
FSLR/RSG,FSLR,RSG,vol_agnostic,13456.74920112537,0.5251178142779528,1.252066656770002,0.9999999996894712,96,2,2025-11-04
ALB/YUM,ALB,YUM,vol_agnostic,12977.20854097227,0.5332831307360402,1.252066656770002,0.999999993512345,100,2,2025-11-04
HRL/MKC,HRL,MKC,vol_agnostic,6040.763675860417,0.713443354111483,1.252066656770002,0.999999999999923,74,2,2025-11-04
AON/GEN,AON,GEN,vol_agnostic,18772.11761897042,1.4624548573070417,1.252066656770002,0.9999999999997721,62,2,2025-11-04
AON/MCK,AON,MCK,vol_agnostic,-3017.401900581566,-0.26711859199955673,1.252066656770002,2.2866507602514804e-16,92,2,2025-11-04
CI/LVS,CI,LVS,vol_agnostic,-12251.45888626,-0.5713783607237625,1.252066656770002,1.9908755099720084e-11,82,2,2025-11-04
CI/MTD,CI,MTD,vol_agnostic,16855.32535912287,1.1100655257344931,1.252066656770002,0.9999999997172623,98,2,2025-11-04
EFX/MMM,EFX,MMM,vol_agnostic,13751.5260000292,0.9402849160041928,1.252066656770002,0.9999999992389361,94,2,2025-11-04
CHD/HON,CHD,HON,vol_agnostic,8564.200096903747,0.7715328207580153,1.252066656770002,0.9999999999989778,92,2,2025-11-04
AKAM/YUM,AKAM,YUM,vol_agnostic,4534.375329514085,0.3627359519322185,1.252066656770002,0.99999994065835,74,2,2025-11-04
CL/WST,CL,WST,vol_agnostic,16159.84900746887,0.9096050717922841,1.252066656770002,0.9906536986954778,90,2,2025-11-04
BAX/IDXX,BAX,IDXX,vol_agnostic,9622.96031662873,0.7751291982979326,1.252066656770002,0.99999999999987,86,2,2025-11-04
AVB/INCY,AVB,INCY,vol_agnostic,1594.041927431984,0.10336992312498594,1.252066656770002,0.4877868748167703,86,2,2025-11-04
PFG/YUM,PFG,YUM,static_threshold,4635.608374028768,0.3674957355926709,0.995018276060468,0.9995118843288734,78,2,2025-11-04
HAS/PFE,HAS,PFE,static_threshold,9333.512605152575,0.5736897386086606,0.995018276060468,0.9999753857012076,90,2,2025-11-04
FSLR/RSG,FSLR,RSG,static_threshold,21344.08375384472,0.8555201172732251,0.995018276060468,0.999999999999952,84,2,2025-11-04
ALB/YUM,ALB,YUM,static_threshold,16687.84045698271,0.7420798722170029,0.995018276060468,0.9999999999999881,100,2,2025-11-04
HRL/MKC,HRL,MKC,static_threshold,7361.699216394894,0.8897809569888195,0.995018276060468,0.9999999999999987,88,2,2025-11-04
AON/GEN,AON,GEN,static_threshold,8093.59283086416,0.6598949943000375,0.995018276060468,0.9999999369387697,78,2,2025-11-04
AON/MCK,AON,MCK,static_threshold,8981.490212335772,1.1617994019705695,0.995018276060468,0.9999999999999993,92,2,2025-11-04
CI/LVS,CI,LVS,static_threshold,-5980.146007451873,-0.2809710265437516,0.995018276060468,8.646932147304918e-08,84,2,2025-11-04
CI/MTD,CI,MTD,static_threshold,6052.891648438441,0.4323961908983333,0.995018276060468,0.9998054059369842,90,2,2025-11-04
EFX/MMM,EFX,MMM,static_threshold,5349.801362790303,0.38143893041827914,0.995018276060468,0.9998187696931462,92,2,2025-11-04
CHD/HON,CHD,HON,static_threshold,14566.30866311066,1.3889102717202282,0.995018276060468,0.9999999999998749,88,2,2025-11-04
AKAM/YUM,AKAM,YUM,static_threshold,2267.000919870534,0.20829801281445118,0.995018276060468,0.9938448238315802,72,2,2025-11-04
CL/WST,CL,WST,static_threshold,10262.84484640332,0.5263988149438494,0.995018276060468,0.9877140434626734,84,2,2025-11-04
BAX/IDXX,BAX,IDXX,static_threshold,-13159.22029836183,-0.6858876507713356,0.995018276060468,1.1599942449171262e-10,84,2,2025-11-04
AVB/INCY,AVB,INCY,static_threshold,4213.939808105826,0.29637577706567647,0.995018276060468,0.9969380581875933,90,2,2025-11-04
PFG/YUM,PFG,YUM,high_turnover,6188.752210357022,0.6355547258536184,0.948097094019179,0.999999995773408,74,2,2025-11-04
HAS/PFE,HAS,PFE,high_turnover,-3646.451125056148,-0.29370564425986284,0.948097094019179,1.479346179573508e-06,76,2,2025-11-04
FSLR/RSG,FSLR,RSG,high_turnover,27770.27088153673,1.1414525730318987,0.948097094019179,0.9999763399426917,86,2,2025-11-04
ALB/YUM,ALB,YUM,high_turnover,3356.271616105933,0.1934268357234825,0.948097094019179,0.9392282306281236,84,2,2025-11-04
HRL/MKC,HRL,MKC,high_turnover,11053.16892194229,1.0952959606165233,0.948097094019179,0.9999422511028071,82,2,2025-11-04
AON/GEN,AON,GEN,high_turnover,-480.0475565463991,-0.0577149730381528,0.948097094019179,0.00048653337080059665,68,2,2025-11-04
AON/MCK,AON,MCK,high_turnover,-5614.723649893516,-0.5106118515253305,0.948097094019179,2.8935044033382363e-12,80,2,2025-11-04
CI/LVS,CI,LVS,high_turnover,-5756.53475134944,-0.3583370616831185,0.948097094019179,2.2282531028617967e-05,80,2,2025-11-04
CI/MTD,CI,MTD,high_turnover,15717.51263083363,0.9582099150715473,0.948097094019179,0.9999999874504756,88,2,2025-11-04
EFX/MMM,EFX,MMM,high_turnover,-6689.087511160784,-0.5941016700910042,0.948097094019179,5.565910807020017e-10,70,2,2025-11-04
CHD/HON,CHD,HON,high_turnover,3694.885073854673,0.42762013227538637,0.948097094019179,0.9999997619780815,80,2,2025-11-04
AKAM/YUM,AKAM,YUM,high_turnover,2660.838211970672,0.38195167064922914,0.948097094019179,0.9999999665690799,62,2,2025-11-04
CL/WST,CL,WST,high_turnover,23284.03432266215,1.9553786346727624,0.948097094019179,0.9999974895949699,76,2,2025-11-04
BAX/IDXX,BAX,IDXX,high_turnover,13172.00427895099,0.919358265222823,0.948097094019179,0.9999956015603342,74,2,2025-11-04
AVB/INCY,AVB,INCY,high_turnover,-6148.258946814362,-0.6043840126014973,0.948097094019179,2.18652208339483e-21,84,2,2025-11-04
PFG/YUM,PFG,YUM,low_vol_specialist,-1144.693745398731,-0.09967598792950473,0.9276148197295552,0.00011423933878844761,88,2,2025-11-04
HAS/PFE,HAS,PFE,low_vol_specialist,19682.5943377637,1.4043099975627424,0.9276148197295552,0.9999999819298662,98,2,2025-11-04
FSLR/RSG,FSLR,RSG,low_vol_specialist,19202.51198604073,0.6804853628256409,0.9276148197295552,0.9999861055526801,104,2,2025-11-04
ALB/YUM,ALB,YUM,low_vol_specialist,-5334.265259533704,-0.27076671909207334,0.9276148197295552,2.0032027675768175e-12,96,2,2025-11-04
HRL/MKC,HRL,MKC,low_vol_specialist,15016.63307377372,1.4357557219722472,0.9276148197295552,0.9999812237018953,94,2,2025-11-04
AON/GEN,AON,GEN,low_vol_specialist,12788.50637021941,1.124535698177742,0.9276148197295552,0.9999999999999919,100,2,2025-11-04
AON/MCK,AON,MCK,low_vol_specialist,-1971.582925194564,-0.2515305820763185,0.9276148197295552,1.5115206342690866e-13,98,2,2025-11-04
CI/LVS,CI,LVS,low_vol_specialist,-3468.68849032601,-0.2088530502228188,0.9276148197295552,7.505379762287178e-08,114,2,2025-11-04
CI/MTD,CI,MTD,low_vol_specialist,12380.53224948027,0.8541759394547598,0.9276148197295552,0.9999999545033748,76,2,2025-11-04
EFX/MMM,EFX,MMM,low_vol_specialist,1526.92954330865,0.1289208196732041,0.9276148197295552,0.6537679949467483,94,2,2025-11-04
CHD/HON,CHD,HON,low_vol_specialist,-5446.472350967864,-0.6126677463739458,0.9276148197295552,2.112629244325403e-19,88,2,2025-11-04
AKAM/YUM,AKAM,YUM,low_vol_specialist,7100.436253413747,0.6723599518134465,0.9276148197295552,0.9999999867784045,68,2,2025-11-04
CL/WST,CL,WST,low_vol_specialist,28834.29314516672,2.2925844434697353,0.9276148197295552,0.9999996666635447,74,2,2025-11-04
BAX/IDXX,BAX,IDXX,low_vol_specialist,-7881.146285270366,-0.30922899442542495,0.9276148197295552,2.076221566017222e-12,92,2,2025-11-04
AVB/INCY,AVB,INCY,low_vol_specialist,-6622.647436444947,-0.4197505764355234,0.9276148197295552,1.8304209013363343e-09,98,2,2025-11-04
PFG/YUM,PFG,YUM,flash_hold,-698.2816413025848,-0.12025568012898552,0.9165464743066628,1.7672744822233948e-06,122,2,2025-11-04
HAS/PFE,HAS,PFE,flash_hold,1995.788500941979,0.24216547962619484,0.9165464743066628,0.9768293655638999,132,2,2025-11-04
FSLR/RSG,FSLR,RSG,flash_hold,13498.53530488283,1.1541162294021095,0.9165464743066628,0.9999999999999997,116,2,2025-11-04
ALB/YUM,ALB,YUM,flash_hold,1327.033451463803,0.12316770604898983,0.9165464743066628,0.6398396126906283,134,2,2025-11-04
HRL/MKC,HRL,MKC,flash_hold,1290.432076851573,0.23053287961616736,0.9165464743066628,0.9986295638538226,128,2,2025-11-04
AON/GEN,AON,GEN,flash_hold,-2579.479997163081,-0.36309500044183707,0.9165464743066628,1.0287503463954411e-14,126,2,2025-11-04
AON/MCK,AON,MCK,flash_hold,2833.065297200514,0.6284789818830354,0.9165464743066628,0.9999999999867795,106,2,2025-11-04
CI/LVS,CI,LVS,flash_hold,3374.157076518416,0.2948792035017272,0.9165464743066628,0.9999600657051944,152,2,2025-11-04
CI/MTD,CI,MTD,flash_hold,9597.533328487561,1.1947872688523746,0.9165464743066628,0.9999999999952259,112,2,2025-11-04
EFX/MMM,EFX,MMM,flash_hold,4948.08982136044,0.7395978052307711,0.9165464743066628,0.9999999747019024,120,2,2025-11-04
CHD/HON,CHD,HON,flash_hold,6011.600615074542,1.0703094867789928,0.9165464743066628,0.9999999999975417,124,2,2025-11-04
AKAM/YUM,AKAM,YUM,flash_hold,5945.170604914629,1.066414979795991,0.9165464743066628,0.999999999940179,94,2,2025-11-04
CL/WST,CL,WST,flash_hold,10301.96320021046,1.0859585091471466,0.9165464743066628,0.9984555362228715,124,2,2025-11-04
BAX/IDXX,BAX,IDXX,flash_hold,-1357.897824327355,-0.1754009780120452,0.9165464743066628,4.7039364779039555e-12,106,2,2025-11-04
AVB/INCY,AVB,INCY,flash_hold,3336.072116780919,0.5104090760669769,0.9165464743066628,0.9999999909484664,134,2,2025-11-04
PFG/YUM,PFG,YUM,aggressive,9433.404709986618,0.5195963996186932,0.8543241962672359,0.999966687183905,82,2,2025-11-04
HAS/PFE,HAS,PFE,aggressive,3570.251801413309,0.13076319770257075,0.8543241962672359,0.6790169572059188,94,2,2025-11-04
FSLR/RSG,FSLR,RSG,aggressive,35374.51356280607,0.7980783616339324,0.8543241962672359,0.9999996655224468,100,2,2025-11-04
ALB/YUM,ALB,YUM,aggressive,14717.27117994491,0.4386270223304074,0.8543241962672359,0.9999999988573923,92,2,2025-11-04
HRL/MKC,HRL,MKC,aggressive,16549.75860441237,0.9437541031294371,0.8543241962672359,0.9999992073183296,92,2,2025-11-04
AON/GEN,AON,GEN,aggressive,9833.871956682196,0.521976400486155,0.8543241962672359,0.9999987264803741,74,2,2025-11-04
AON/MCK,AON,MCK,aggressive,-2747.402616927275,-0.1873537105891971,0.8543241962672359,8.368466583492802e-16,80,2,2025-11-04
CI/LVS,CI,LVS,aggressive,-12170.45773591913,-0.38865855577988934,0.8543241962672359,1.157330096232592e-08,98,2,2025-11-04
CI/MTD,CI,MTD,aggressive,15373.09622960712,0.6622639255765849,0.8543241962672359,0.9999999024518658,90,2,2025-11-04
EFX/MMM,EFX,MMM,aggressive,-7381.061049231093,-0.36158247099933705,0.8543241962672359,2.0342420167202265e-15,78,2,2025-11-04
CHD/HON,CHD,HON,aggressive,4554.228719347928,0.3298602591389657,0.8543241962672359,0.9998741461413865,86,2,2025-11-04
AKAM/YUM,AKAM,YUM,aggressive,16834.38344766551,1.0976715123349292,0.8543241962672359,1.0,70,2,2025-11-04
CL/WST,CL,WST,aggressive,28216.77314718901,1.8938870772539453,0.8543241962672359,1.0,82,2,2025-11-04
BAX/IDXX,BAX,IDXX,aggressive,-17332.05934294301,-0.49438266699273553,0.8543241962672359,1.2862961110306249e-09,74,2,2025-11-04
AVB/INCY,AVB,INCY,aggressive,1474.421641518667,0.06545600345806275,0.8543241962672359,0.2073598175362022,110,2,2025-11-04
PFG/YUM,PFG,YUM,slow_signal,41.29281205179632,0.003889838120641455,0.8130114831101989,0.02192244078249721,34,2,2025-11-04
HAS/PFE,HAS,PFE,slow_signal,8595.902514347024,0.7263712245262901,0.8130114831101989,0.9999976468860973,42,2,2025-11-04
FSLR/RSG,FSLR,RSG,slow_signal,-8245.902820199306,-0.39010516816889096,0.8130114831101989,6.076900936940827e-11,48,2,2025-11-04
ALB/YUM,ALB,YUM,slow_signal,14167.80703987421,1.0054298172110097,0.8130114831101989,0.9999999999799714,44,2,2025-11-04
HRL/MKC,HRL,MKC,slow_signal,3840.5402467025,0.9508790077871576,0.8130114831101989,0.9999999999995737,24,2,2025-11-04
AON/GEN,AON,GEN,slow_signal,6879.308975341532,0.7786689044444891,0.8130114831101989,0.9999999395038792,42,2,2025-11-04
AON/MCK,AON,MCK,slow_signal,9534.041544188814,1.879652984801614,0.8130114831101989,0.9999998848566894,34,2,2025-11-04
CI/LVS,CI,LVS,slow_signal,-12587.22849163049,-0.760166128694481,0.8130114831101989,4.71899966786649e-06,48,2,2025-11-04
CI/MTD,CI,MTD,slow_signal,2001.658388076898,0.16345457277079575,0.8130114831101989,0.8079903782113645,50,2,2025-11-04
EFX/MMM,EFX,MMM,slow_signal,8563.974703335456,1.0438305049306438,0.8130114831101989,0.999999250345995,24,2,2025-11-04
CHD/HON,CHD,HON,slow_signal,10135.12288050728,1.3183279996287667,0.8130114831101989,0.999999761754951,38,2,2025-11-04
AKAM/YUM,AKAM,YUM,slow_signal,6613.63544461233,0.814265894200762,0.8130114831101989,0.9996813599420119,34,2,2025-11-04
CL/WST,CL,WST,slow_signal,18755.15232808883,1.8050942226107387,0.8130114831101989,0.9997519260822991,36,2,2025-11-04
BAX/IDXX,BAX,IDXX,slow_signal,-3349.238524811552,-0.2793983280443995,0.8130114831101989,2.1480623784177495e-08,36,2,2025-11-04
AVB/INCY,AVB,INCY,slow_signal,2334.544059073633,0.2228018590494678,0.8130114831101989,0.9924591130601222,36,2,2025-11-04
PFG/YUM,PFG,YUM,high_leverage,13286.56464116725,0.7735325310194208,0.8102481373507093,0.9999864008247712,56,2,2025-11-04
HAS/PFE,HAS,PFE,high_leverage,-24242.0768950393,-1.2509646734019486,0.8102481373507093,2.6815870181133214e-09,50,2,2025-11-04
FSLR/RSG,FSLR,RSG,high_leverage,27237.95900978594,0.7285021353275732,0.8102481373507093,0.9998827963253227,58,2,2025-11-04
ALB/YUM,ALB,YUM,high_leverage,6049.062132915699,0.23361349819026989,0.8102481373507093,0.9901927268759144,50,2,2025-11-04
HRL/MKC,HRL,MKC,high_leverage,9533.114438763776,0.952282691409329,0.8102481373507093,0.9999999946514788,48,2,2025-11-04
AON/GEN,AON,GEN,high_leverage,12533.66060419062,0.7536329065934166,0.8102481373507093,0.9999992655570512,44,2,2025-11-04
AON/MCK,AON,MCK,high_leverage,167.0075450765135,0.01766089332778994,0.8102481373507093,0.041874339735110434,54,2,2025-11-04
CI/LVS,CI,LVS,high_leverage,1614.086379278429,0.05404330351722744,0.8102481373507093,0.13102685586912366,62,2,2025-11-04
CI/MTD,CI,MTD,high_leverage,11296.23651468117,0.5472493816637354,0.8102481373507093,0.9999658289092238,64,2,2025-11-04
EFX/MMM,EFX,MMM,high_leverage,-6199.685323032711,-0.4082024907031928,0.8102481373507093,2.8035291363787e-14,44,2,2025-11-04
CHD/HON,CHD,HON,high_leverage,4805.951551617685,0.491414136093711,0.8102481373507093,0.9998898008562579,44,2,2025-11-04
AKAM/YUM,AKAM,YUM,high_leverage,9940.979994653811,0.7830922181213389,0.8102481373507093,1.0,48,2,2025-11-04
CL/WST,CL,WST,high_leverage,24057.82711371638,1.9399583074568993,0.8102481373507093,0.9999999999999996,48,2,2025-11-04
BAX/IDXX,BAX,IDXX,high_leverage,1594.149523711357,0.05686304785821902,0.8102481373507093,0.23927765559981184,48,2,2025-11-04
AVB/INCY,AVB,INCY,high_leverage,3076.814066269173,0.1875848005827665,0.8102481373507093,0.975093537523131,66,2,2025-11-04
PFG/YUM,PFG,YUM,fast_reentry,15467.74296179551,1.5725867169991141,0.7501028864974943,0.9999999999939453,56,2,2025-11-04
HAS/PFE,HAS,PFE,fast_reentry,-9947.557256085729,-0.7626789782346409,0.7501028864974943,1.2693293553154465e-11,70,2,2025-11-04
FSLR/RSG,FSLR,RSG,fast_reentry,13817.33495926839,0.5323088903339828,0.7501028864974943,0.9997072091699857,64,2,2025-11-04
ALB/YUM,ALB,YUM,fast_reentry,7043.933200311605,0.39262021291206434,0.7501028864974943,0.9999986223427171,56,2,2025-11-04
HRL/MKC,HRL,MKC,fast_reentry,6188.476008479161,0.9205768381979565,0.7501028864974943,0.9999999996244304,52,2,2025-11-04
AON/GEN,AON,GEN,fast_reentry,6360.393088197261,0.7865333869516155,0.7501028864974943,0.9999999999442936,58,2,2025-11-04
AON/MCK,AON,MCK,fast_reentry,290.8244283026825,0.04645447531908728,0.7501028864974943,0.1273474289065143,56,2,2025-11-04
CI/LVS,CI,LVS,fast_reentry,-5194.933482423341,-0.27187024025291784,0.7501028864974943,2.7291833357123296e-06,70,2,2025-11-04
CI/MTD,CI,MTD,fast_reentry,8828.120344864097,0.6045774056592841,0.7501028864974943,0.9999981136792075,64,2,2025-11-04
EFX/MMM,EFX,MMM,fast_reentry,-4973.657402937238,-0.4846381220821581,0.7501028864974943,4.8479048960050765e-14,44,2,2025-11-04
CHD/HON,CHD,HON,fast_reentry,4069.400290211754,0.6129802548206874,0.7501028864974943,0.9999468591155726,46,2,2025-11-04
AKAM/YUM,AKAM,YUM,fast_reentry,3765.43287436447,0.5287134538499032,0.7501028864974943,0.9999999999763122,48,2,2025-11-04
CL/WST,CL,WST,fast_reentry,16509.83812092609,2.001829945409163,0.7501028864974943,0.9999999999999994,50,2,2025-11-04
BAX/IDXX,BAX,IDXX,fast_reentry,3247.437363787025,0.17553701306430375,0.7501028864974943,0.7450861683796668,56,2,2025-11-04
AVB/INCY,AVB,INCY,fast_reentry,2624.061182959689,0.21401926629103515,0.7501028864974943,0.9907566718426198,70,2,2025-11-04
PFG/YUM,PFG,YUM,low_entry,14758.90688516567,1.3117812165940812,0.7142342365356562,1.0,86,2,2025-11-04
HAS/PFE,HAS,PFE,low_entry,630.1887006649158,0.035475774077998234,0.7142342365356562,0.08623774378017152,98,2,2025-11-04
FSLR/RSG,FSLR,RSG,low_entry,17925.61139597748,0.6847741847383364,0.7142342365356562,0.999963107925015,100,2,2025-11-04
ALB/YUM,ALB,YUM,low_entry,-920.6254353668346,-0.041800835239771184,0.7142342365356562,0.001897109180965608,100,2,2025-11-04
HRL/MKC,HRL,MKC,low_entry,2680.049641932967,0.3228228472098286,0.7142342365356562,0.9999495612542093,82,2,2025-11-04
AON/GEN,AON,GEN,low_entry,11346.51570865069,0.9294913663113413,0.7142342365356562,0.999999998961871,80,2,2025-11-04
AON/MCK,AON,MCK,low_entry,-7426.196185852758,-0.6762732702960823,0.7142342365356562,6.363007647305938e-13,86,2,2025-11-04
CI/LVS,CI,LVS,low_entry,-7281.367938924901,-0.3488048583903218,0.7142342365356562,1.856870825850944e-07,114,2,2025-11-04
CI/MTD,CI,MTD,low_entry,5219.305482579002,0.3729478020102943,0.7142342365356562,0.9994056055712671,92,2,2025-11-04
EFX/MMM,EFX,MMM,low_entry,-5153.313555818189,-0.4249648380576259,0.7142342365356562,2.8062410740166996e-18,90,2,2025-11-04
CHD/HON,CHD,HON,low_entry,8676.618974214507,0.8340475732984294,0.7142342365356562,0.9999999999978514,86,2,2025-11-04
AKAM/YUM,AKAM,YUM,low_entry,8378.226518997746,0.8335093844224272,0.7142342365356562,1.0,80,2,2025-11-04
CL/WST,CL,WST,low_entry,21939.42514802188,1.6751047035375044,0.7142342365356562,0.9999999837515305,82,2,2025-11-04
BAX/IDXX,BAX,IDXX,low_entry,1798.942102843583,0.07665124874862776,0.7142342365356562,0.32130421307632756,94,2,2025-11-04
AVB/INCY,AVB,INCY,low_entry,1777.075111639923,0.12535194081549764,0.7142342365356562,0.6738378736728363,94,2,2025-11-04
PFG/YUM,PFG,YUM,balanced_plus,12220.36249345595,1.247948507374762,0.6883465682594301,0.999999999990013,50,2,2025-11-04
HAS/PFE,HAS,PFE,balanced_plus,-5652.751617807156,-0.42925907193002255,0.6883465682594301,1.1057875483235402e-15,56,2,2025-11-04
FSLR/RSG,FSLR,RSG,balanced_plus,12471.3762596471,0.5229027815159005,0.6883465682594301,0.9980083653657502,52,2,2025-11-04
ALB/YUM,ALB,YUM,balanced_plus,17772.79295810938,1.0022283223980666,0.6883465682594301,0.9999999999991794,50,2,2025-11-04
HRL/MKC,HRL,MKC,balanced_plus,3886.935284022058,0.5538602108765659,0.6883465682594301,0.9999999974373006,52,2,2025-11-04
AON/GEN,AON,GEN,balanced_plus,4671.438737687644,0.510221056031477,0.6883465682594301,0.9999999010698253,44,2,2025-11-04
AON/MCK,AON,MCK,balanced_plus,1184.333433626897,0.21051592721512302,0.6883465682594301,0.9669889167583934,52,2,2025-11-04
CI/LVS,CI,LVS,balanced_plus,-1144.737296640262,-0.08072519932293108,0.6883465682594301,0.0007025804234033886,60,2,2025-11-04
CI/MTD,CI,MTD,balanced_plus,10672.07172276523,0.7342329133827424,0.6883465682594301,0.9999996553856946,70,2,2025-11-04
EFX/MMM,EFX,MMM,balanced_plus,-6721.457106549704,-0.6243592006594065,0.6883465682594301,5.425230343695384e-10,46,2,2025-11-04
CHD/HON,CHD,HON,balanced_plus,6086.544042677202,0.7583561230921111,0.6883465682594301,0.999999972654724,64,2,2025-11-04
AKAM/YUM,AKAM,YUM,balanced_plus,8437.33938511931,1.0057391716479989,0.6883465682594301,0.9999995850998961,48,2,2025-11-04
CL/WST,CL,WST,balanced_plus,12134.7513127802,1.4229906222006792,0.6883465682594301,0.9999999999999989,44,2,2025-11-04
BAX/IDXX,BAX,IDXX,balanced_plus,-8590.747644469258,-0.40455705792100477,0.6883465682594301,1.3903478153062708e-09,56,2,2025-11-04
AVB/INCY,AVB,INCY,balanced_plus,-656.4744807926636,-0.07620205866400641,0.6883465682594301,0.00010835166474340658,68,2,2025-11-04
PFG/YUM,PFG,YUM,short_z_long_v,-948.190183732442,-0.08999188417716714,0.6085256763338964,8.335205773678098e-05,50,2,2025-11-04
HAS/PFE,HAS,PFE,short_z_long_v,-4748.198408755383,-0.3777143864675973,0.6085256763338964,1.5194102149757634e-07,52,2,2025-11-04
FSLR/RSG,FSLR,RSG,short_z_long_v,10934.8349478869,0.5080051944060245,0.6085256763338964,0.9946509333744946,68,2,2025-11-04
ALB/YUM,ALB,YUM,short_z_long_v,10275.47490386066,0.6212317424631247,0.6085256763338964,0.9999999999568667,66,2,2025-11-04
HRL/MKC,HRL,MKC,short_z_long_v,1919.444060691527,0.35188259873268934,0.6085256763338964,0.9999944874103062,50,2,2025-11-04
AON/GEN,AON,GEN,short_z_long_v,8040.229840899664,0.8326428566149329,0.6085256763338964,0.9999999999135626,60,2,2025-11-04
AON/MCK,AON,MCK,short_z_long_v,7020.707420373332,1.0860578870182942,0.6085256763338964,0.9999999999999524,60,2,2025-11-04
CI/LVS,CI,LVS,short_z_long_v,-3232.78943395549,-0.17682644958614024,0.6085256763338964,9.987326306332164e-05,62,2,2025-11-04
CI/MTD,CI,MTD,short_z_long_v,10938.71897570827,0.8173209953807744,0.6085256763338964,0.9999999999999998,72,2,2025-11-04
EFX/MMM,EFX,MMM,short_z_long_v,-910.2389774993085,-0.08420201411271772,0.6085256763338964,0.00011206428387958826,50,2,2025-11-04
CHD/HON,CHD,HON,short_z_long_v,9010.561196336766,1.3111033837075567,0.6085256763338964,0.9999988988183147,66,2,2025-11-04
AKAM/YUM,AKAM,YUM,short_z_long_v,1876.931578446917,0.17658942453509308,0.6085256763338964,0.9696912342230042,70,2,2025-11-04
CL/WST,CL,WST,short_z_long_v,10159.47300113299,0.5542396915408281,0.6085256763338964,0.9869734270580992,88,2,2025-11-04
BAX/IDXX,BAX,IDXX,short_z_long_v,-652.5283822867905,-0.04078491261065934,0.6085256763338964,0.0028956367771113493,64,2,2025-11-04
AVB/INCY,AVB,INCY,short_z_long_v,2633.591772405523,0.23974655128036299,0.6085256763338964,0.9912664900857657,52,2,2025-11-04
PFG/YUM,PFG,YUM,medium_signal_high_leverage,17876.09590256565,1.2016083115520138,0.595688761200021,0.9999999999909378,52,2,2025-11-04
HAS/PFE,HAS,PFE,medium_signal_high_leverage,-2734.248432753548,-0.1313631790829009,0.595688761200021,2.545453751447725e-10,56,2,2025-11-04
FSLR/RSG,FSLR,RSG,medium_signal_high_leverage,4238.637664547865,0.11396235753757557,0.595688761200021,0.5572273130062669,60,2,2025-11-04
ALB/YUM,ALB,YUM,medium_signal_high_leverage,1115.580787896242,0.0454618783530171,0.595688761200021,0.13180472548201672,46,2,2025-11-04
HRL/MKC,HRL,MKC,medium_signal_high_leverage,11365.34455228484,0.9825701836894052,0.595688761200021,0.9999999999998167,52,2,2025-11-04
AON/GEN,AON,GEN,medium_signal_high_leverage,15675.39877993036,0.8872955767645355,0.595688761200021,0.9999999717525039,46,2,2025-11-04
AON/MCK,AON,MCK,medium_signal_high_leverage,1563.469847879453,0.1862389436996101,0.595688761200021,0.9195400052992699,50,2,2025-11-04
CI/LVS,CI,LVS,medium_signal_high_leverage,-8332.767846381814,-0.28019707550452955,0.595688761200021,3.5840505880995505e-06,52,2,2025-11-04
CI/MTD,CI,MTD,medium_signal_high_leverage,6216.297688588403,0.2920340375766744,0.595688761200021,0.9936034442957712,60,2,2025-11-04
EFX/MMM,EFX,MMM,medium_signal_high_leverage,-4686.482781886345,-0.27441053945306904,0.595688761200021,6.2731760334231e-09,46,2,2025-11-04
CHD/HON,CHD,HON,medium_signal_high_leverage,11932.406310594,0.9363023137588592,0.595688761200021,0.9999999937627692,60,2,2025-11-04
AKAM/YUM,AKAM,YUM,medium_signal_high_leverage,8902.250794341913,0.6959651787686256,0.595688761200021,0.9999999999999973,44,2,2025-11-04
CL/WST,CL,WST,medium_signal_high_leverage,21061.27575693853,1.7886502401983464,0.595688761200021,0.999999999999737,38,2,2025-11-04
BAX/IDXX,BAX,IDXX,medium_signal_high_leverage,-9146.967495307406,-0.34854386874125787,0.595688761200021,4.728906603256357e-06,46,2,2025-11-04
AVB/INCY,AVB,INCY,medium_signal_high_leverage,1745.659565369693,0.0863449318389913,0.595688761200021,0.35378368583773323,56,2,2025-11-04
PFG/YUM,PFG,YUM,stable_signal_quick_exit,13500.46356150594,1.5250175232451608,0.5172341896198182,0.9999999999886113,38,2,2025-11-04
HAS/PFE,HAS,PFE,stable_signal_quick_exit,-3130.937475746271,-0.22349642258479388,0.5172341896198182,1.197847670122775e-06,46,2,2025-11-04
FSLR/RSG,FSLR,RSG,stable_signal_quick_exit,3720.84994779694,0.1447360160681463,0.5172341896198182,0.732527190043083,58,2,2025-11-04
ALB/YUM,ALB,YUM,stable_signal_quick_exit,21542.0202781472,1.2226519856346447,0.5172341896198182,0.9999999999928005,46,2,2025-11-04
HRL/MKC,HRL,MKC,stable_signal_quick_exit,4719.712688310041,0.7380338880207243,0.5172341896198182,0.9999999921257808,44,2,2025-11-04
AON/GEN,AON,GEN,stable_signal_quick_exit,-2386.607574249384,-0.271651910480196,0.5172341896198182,1.468016677303998e-08,42,2,2025-11-04
AON/MCK,AON,MCK,stable_signal_quick_exit,1488.565779859102,0.30221529295674326,0.5172341896198182,0.9980022860432176,36,2,2025-11-04
CI/LVS,CI,LVS,stable_signal_quick_exit,-3531.909204032459,-0.30923205255531916,0.5172341896198182,5.055912823983584e-10,42,2,2025-11-04
CI/MTD,CI,MTD,stable_signal_quick_exit,1086.290051835508,0.07507610823479645,0.5172341896198182,0.2834508111051923,54,2,2025-11-04
EFX/MMM,EFX,MMM,stable_signal_quick_exit,-10130.62176095524,-0.959310175765452,0.5172341896198182,1.2957215588785833e-10,40,2,2025-11-04
CHD/HON,CHD,HON,stable_signal_quick_exit,9635.956856733048,1.0515780759237623,0.5172341896198182,0.9999999883739903,48,2,2025-11-04
AKAM/YUM,AKAM,YUM,stable_signal_quick_exit,4389.255778744406,0.709540268680711,0.5172341896198182,0.9999999995553928,32,2,2025-11-04
CL/WST,CL,WST,stable_signal_quick_exit,3613.413451596568,0.579121882125957,0.5172341896198182,0.9999997967953672,32,2,2025-11-04
BAX/IDXX,BAX,IDXX,stable_signal_quick_exit,3526.491748578348,0.40413160921049984,0.5172341896198182,0.9999988055999326,44,2,2025-11-04
AVB/INCY,AVB,INCY,stable_signal_quick_exit,5049.493477246661,0.47341871942005365,0.5172341896198182,0.9999748438486368,50,2,2025-11-04
PFG/YUM,PFG,YUM,long_z_short_v,4806.347305188801,0.5341780832338466,0.5156272548349548,0.9999985222503986,48,2,2025-11-04
HAS/PFE,HAS,PFE,long_z_short_v,6773.385595389323,0.6988419263369887,0.5156272548349548,0.9999997574972049,36,2,2025-11-04
FSLR/RSG,FSLR,RSG,long_z_short_v,4427.000208060723,0.22019407945441904,0.5156272548349548,0.8649786910550008,44,2,2025-11-04
ALB/YUM,ALB,YUM,long_z_short_v,9478.309973532669,0.6628182530659406,0.5156272548349548,0.9999999999427479,42,2,2025-11-04
HRL/MKC,HRL,MKC,long_z_short_v,178.5731161233371,0.034046665423792026,0.5156272548349548,0.07673766109460069,36,2,2025-11-04
AON/GEN,AON,GEN,long_z_short_v,619.0624748656392,0.0879412615274945,0.5156272548349548,0.3742857506528895,40,2,2025-11-04
AON/MCK,AON,MCK,long_z_short_v,-235.9116650674941,-0.04605089466263058,0.5156272548349548,0.0011648650233411753,40,2,2025-11-04
CI/LVS,CI,LVS,long_z_short_v,2331.67455851256,0.1470556478439632,0.5156272548349548,0.8582471541236347,34,2,2025-11-04
CI/MTD,CI,MTD,long_z_short_v,-1698.460517543369,-0.14355137718980848,0.5156272548349548,1.3410576699523478e-07,44,2,2025-11-04
EFX/MMM,EFX,MMM,long_z_short_v,15960.75720266716,1.8406964110659354,0.5156272548349548,0.9999999998585268,36,2,2025-11-04
CHD/HON,CHD,HON,long_z_short_v,86.29696262800428,0.01069733876767365,0.5156272548349548,0.02779487608765903,48,2,2025-11-04
AKAM/YUM,AKAM,YUM,long_z_short_v,8484.311107426623,1.013201297952902,0.5156272548349548,0.9998131392762039,30,2,2025-11-04
CL/WST,CL,WST,long_z_short_v,9467.535515190853,1.2681805271349464,0.5156272548349548,0.999999999999354,32,2,2025-11-04
BAX/IDXX,BAX,IDXX,long_z_short_v,-11272.83327703701,-0.680813350890415,0.5156272548349548,0.0008799403458200986,36,2,2025-11-04
AVB/INCY,AVB,INCY,long_z_short_v,923.5496232417204,0.10242462904090555,0.5156272548349548,0.48262654286361384,46,2,2025-11-04
PFG/YUM,PFG,YUM,quick_exit,11978.31305200246,1.340753762673023,0.4961848400037684,0.9999999981899114,56,2,2025-11-04
HAS/PFE,HAS,PFE,quick_exit,-11719.05694324347,-1.0816476475734427,0.4961848400037684,2.719867997876487e-06,56,2,2025-11-04
FSLR/RSG,FSLR,RSG,quick_exit,4092.021923497264,0.17359422188969081,0.4961848400037684,0.8219044557051445,60,2,2025-11-04
ALB/YUM,ALB,YUM,quick_exit,6504.730998876072,0.38290157154840876,0.4961848400037684,0.9999998173647647,56,2,2025-11-04
HRL/MKC,HRL,MKC,quick_exit,443.0857405230654,0.08330323117221278,0.4961848400037684,0.3055453471101829,42,2,2025-11-04
AON/GEN,AON,GEN,quick_exit,13240.43936323767,1.594665424661211,0.4961848400037684,0.9999999999981848,56,2,2025-11-04
AON/MCK,AON,MCK,quick_exit,1803.201833185519,0.2597028518923542,0.4961848400037684,0.9967785715580252,50,2,2025-11-04
CI/LVS,CI,LVS,quick_exit,-4694.108553052083,-0.33474181827377164,0.4961848400037684,5.022989113007682e-07,64,2,2025-11-04
CI/MTD,CI,MTD,quick_exit,7517.592989594119,0.5597398695623417,0.4961848400037684,0.9999736156484589,64,2,2025-11-04
EFX/MMM,EFX,MMM,quick_exit,-5600.997947320935,-0.6008836932556634,0.4961848400037684,1.3665746114361595e-10,46,2,2025-11-04
CHD/HON,CHD,HON,quick_exit,6559.698117854536,0.8895531722420487,0.4961848400037684,0.9999995131339203,46,2,2025-11-04
AKAM/YUM,AKAM,YUM,quick_exit,4833.517093904641,0.6998603151841867,0.4961848400037684,0.9999999999992424,48,2,2025-11-04
CL/WST,CL,WST,quick_exit,16395.12263841665,1.8661806156107847,0.4961848400037684,1.0,50,2,2025-11-04
BAX/IDXX,BAX,IDXX,quick_exit,-334.3378397419365,-0.018423537079263513,0.4961848400037684,0.0030001491038065663,54,2,2025-11-04
AVB/INCY,AVB,INCY,quick_exit,2216.735765249841,0.18848773113486478,0.4961848400037684,0.9501887104653604,64,2,2025-11-04
PFG/YUM,PFG,YUM,high_vol_specialist,9196.127113270619,0.8922852655901576,0.486579961341685,0.999999999999624,36,2,2025-11-04
HAS/PFE,HAS,PFE,high_vol_specialist,394.508852407027,0.029477653538434543,0.486579961341685,0.08071917992512717,46,2,2025-11-04
FSLR/RSG,FSLR,RSG,high_vol_specialist,-13922.34616341154,-0.6557170034365484,0.486579961341685,2.246144103290614e-08,46,2,2025-11-04
ALB/YUM,ALB,YUM,high_vol_specialist,23888.08839975467,1.4553484695160024,0.486579961341685,0.9999999991872779,44,2,2025-11-04
HRL/MKC,HRL,MKC,high_vol_specialist,6199.903877352161,1.072565108639226,0.486579961341685,1.0,34,2,2025-11-04
AON/GEN,AON,GEN,high_vol_specialist,5790.924751721256,0.5410351245859231,0.486579961341685,0.9999685757029945,36,2,2025-11-04
AON/MCK,AON,MCK,high_vol_specialist,12197.82876933944,2.1434979081102417,0.486579961341685,0.9999999999402275,42,2,2025-11-04
CI/LVS,CI,LVS,high_vol_specialist,-11289.29769735251,-0.5659541043856006,0.486579961341685,5.795955601390547e-09,54,2,2025-11-04
CI/MTD,CI,MTD,high_vol_specialist,4061.800533475975,0.310073869634799,0.486579961341685,0.993700187570545,54,2,2025-11-04
EFX/MMM,EFX,MMM,high_vol_specialist,7718.855232245603,0.6762109685947827,0.486579961341685,0.9999736373049255,36,2,2025-11-04
CHD/HON,CHD,HON,high_vol_specialist,9771.212469678045,1.2771286410137566,0.486579961341685,0.9999998463445626,44,2,2025-11-04
AKAM/YUM,AKAM,YUM,high_vol_specialist,7402.535443119372,0.7209650609870855,0.486579961341685,0.9999999390344312,36,2,2025-11-04
CL/WST,CL,WST,high_vol_specialist,-17010.57490085248,-0.5768984129615019,0.486579961341685,2.993737121971339e-06,56,2,2025-11-04
BAX/IDXX,BAX,IDXX,high_vol_specialist,15653.74802002376,1.631278282099069,0.486579961341685,0.9999995001911267,42,2,2025-11-04
AVB/INCY,AVB,INCY,high_vol_specialist,-2736.910694237888,-0.27153182885838717,0.486579961341685,0.00032662991323841734,34,2,2025-11-04
PFG/YUM,PFG,YUM,vol_gated,11062.04231285741,1.1377420403638039,0.4056890027151038,0.9999999999937719,58,2,2025-11-04
HAS/PFE,HAS,PFE,vol_gated,-9289.569845615026,-0.682660177938355,0.4056890027151038,5.6246991443106887e-14,62,2,2025-11-04
FSLR/RSG,FSLR,RSG,vol_gated,6463.572674625773,0.27021269680901056,0.4056890027151038,0.9677397878029556,68,2,2025-11-04
ALB/YUM,ALB,YUM,vol_gated,-10656.03576262933,-0.6184398566156559,0.4056890027151038,1.3730579235558412e-25,64,2,2025-11-04
HRL/MKC,HRL,MKC,vol_gated,4396.347690759796,0.6097504670421972,0.4056890027151038,0.9999999999028554,62,2,2025-11-04
AON/GEN,AON,GEN,vol_gated,4529.037161106285,0.5085452390602658,0.4056890027151038,0.9999999998768,50,2,2025-11-04
AON/MCK,AON,MCK,vol_gated,1352.863716449281,0.22288457530856298,0.4056890027151038,0.9902816564985988,48,2,2025-11-04
CI/LVS,CI,LVS,vol_gated,-5003.788561372342,-0.36305042093083123,0.4056890027151038,1.4639830188356518e-07,64,2,2025-11-04
CI/MTD,CI,MTD,vol_gated,6329.501510250392,0.43445811594989425,0.4056890027151038,0.9999446525241018,74,2,2025-11-04
EFX/MMM,EFX,MMM,vol_gated,-6023.472710882943,-0.5993275555548119,0.4056890027151038,9.401860894225383e-09,48,2,2025-11-04
CHD/HON,CHD,HON,vol_gated,6382.113423114719,0.7338474120265863,0.4056890027151038,0.999999999732011,68,2,2025-11-04
AKAM/YUM,AKAM,YUM,vol_gated,11352.90811230603,1.6435149661140656,0.4056890027151038,0.9999999999997962,42,2,2025-11-04
CL/WST,CL,WST,vol_gated,16823.53333926628,2.055981450820407,0.4056890027151038,0.9999999999999992,48,2,2025-11-04
BAX/IDXX,BAX,IDXX,vol_gated,9301.395875814422,0.4636340146710318,0.4056890027151038,0.9790144640858521,50,2,2025-11-04
AVB/INCY,AVB,INCY,vol_gated,1854.096097557991,0.1838623247488501,0.4056890027151038,0.9028336454677229,64,2,2025-11-04
PFG/YUM,PFG,YUM,high_entry,3418.410394645178,0.47620128159114267,0.3859754712390279,0.9999995618300563,28,2,2025-11-04
HAS/PFE,HAS,PFE,high_entry,12875.86799833682,1.6548772886343912,0.3859754712390279,0.9999985056016051,32,2,2025-11-04
FSLR/RSG,FSLR,RSG,high_entry,-2839.253276609435,-0.1413186420718829,0.3859754712390279,4.2432457331539633e-10,26,2,2025-11-04
ALB/YUM,ALB,YUM,high_entry,4884.89739950235,0.3631615222924566,0.3859754712390279,0.999897502604289,20,2,2025-11-04
HRL/MKC,HRL,MKC,high_entry,1775.607979179082,0.4903382282086929,0.3859754712390279,0.999998748926162,20,2,2025-11-04
AON/GEN,AON,GEN,high_entry,3891.146766222091,0.6386815118790726,0.3859754712390279,0.9999898717179994,28,2,2025-11-04
AON/MCK,AON,MCK,high_entry,1259.095504993248,0.29361600274969696,0.3859754712390279,0.99142882828421,28,2,2025-11-04
CI/LVS,CI,LVS,high_entry,841.1604989550613,0.10084685826500864,0.3859754712390279,0.4638655036675022,32,2,2025-11-04
CI/MTD,CI,MTD,high_entry,-227.0312073156506,-0.019660900625081506,0.3859754712390279,0.0052014527896622744,30,2,2025-11-04
EFX/MMM,EFX,MMM,high_entry,6658.130433205523,1.5218208470421029,0.3859754712390279,0.9999999921721932,18,2,2025-11-04
CHD/HON,CHD,HON,high_entry,5823.58228081893,1.0565228512677352,0.3859754712390279,0.9982619279756512,28,2,2025-11-04
AKAM/YUM,AKAM,YUM,high_entry,7227.147068475434,1.5002556989903666,0.3859754712390279,0.9999978764141308,18,2,2025-11-04
CL/WST,CL,WST,high_entry,15060.06889698687,1.953872300357641,0.3859754712390279,0.9999999999995676,32,2,2025-11-04
BAX/IDXX,BAX,IDXX,high_entry,-12093.92525204482,-0.7293895446039751,0.3859754712390279,0.001343799142346514,30,2,2025-11-04
AVB/INCY,AVB,INCY,high_entry,-4616.519644268235,-0.7300727264675646,0.3859754712390279,8.946722637683249e-15,30,2,2025-11-04
PFG/YUM,PFG,YUM,default,8846.74341917451,0.7828522414523897,0.3635809672724551,0.9999870034537566,56,2,2025-11-04
HAS/PFE,HAS,PFE,default,-17342.4148432366,-1.3558335137195119,0.3635809672724551,2.1939247177876618e-09,58,2,2025-11-04
FSLR/RSG,FSLR,RSG,default,15265.75375848091,0.6174478069695727,0.3635809672724551,0.999774096352636,58,2,2025-11-04
ALB/YUM,ALB,YUM,default,3163.210196512887,0.19038696304986996,0.3635809672724551,0.9433232660830346,54,2,2025-11-04
HRL/MKC,HRL,MKC,default,4911.051141952214,0.8324473167861406,0.3635809672724551,0.9999996754596852,48,2,2025-11-04
AON/GEN,AON,GEN,default,6420.789889356452,0.7589915019090258,0.3635809672724551,0.9999999973583119,46,2,2025-11-04
AON/MCK,AON,MCK,default,134.5609451376622,0.02184971010863148,0.3635809672724551,0.05014189524038582,54,2,2025-11-04
CI/LVS,CI,LVS,default,-6444.879689586795,-0.45216259791741226,0.3635809672724551,1.4788841996460344e-13,60,2,2025-11-04
CI/MTD,CI,MTD,default,7395.037141312201,0.546128825950339,0.3635809672724551,0.9999587800357873,64,2,2025-11-04
EFX/MMM,EFX,MMM,default,-2758.683938744808,-0.2885325217758713,0.3635809672724551,1.0124938418660752e-14,44,2,2025-11-04
CHD/HON,CHD,HON,default,3109.232621180489,0.48160367228999973,0.3635809672724551,0.9998669711638465,44,2,2025-11-04
AKAM/YUM,AKAM,YUM,default,4464.704429096998,0.6409253549654235,0.3635809672724551,0.9999999999990321,48,2,2025-11-04
CL/WST,CL,WST,default,15773.18094157746,1.9392789069541214,0.3635809672724551,0.9999999999999994,48,2,2025-11-04
BAX/IDXX,BAX,IDXX,default,380.4193142583401,0.020932210620696882,0.3635809672724551,0.06778753369602153,50,2,2025-11-04
AVB/INCY,AVB,INCY,default,2198.503678907184,0.2032852018346833,0.3635809672724551,0.9888257878510927,66,2,2025-11-04
PFG/YUM,PFG,YUM,slow_reentry,5754.142403784278,0.5142227815462873,0.271773025168103,0.9997431354345735,48,2,2025-11-04
HAS/PFE,HAS,PFE,slow_reentry,-18051.11394517777,-1.5251733893286037,0.271773025168103,1.1263251157278193e-06,42,2,2025-11-04
FSLR/RSG,FSLR,RSG,slow_reentry,10394.57678025849,0.4433172564977886,0.271773025168103,0.9966084516579455,52,2,2025-11-04
ALB/YUM,ALB,YUM,slow_reentry,8419.21406359559,0.5558662906315687,0.271773025168103,0.9999999999441248,44,2,2025-11-04
HRL/MKC,HRL,MKC,slow_reentry,3926.570862465341,0.6776786263078012,0.271773025168103,0.9999992579347657,46,2,2025-11-04
AON/GEN,AON,GEN,slow_reentry,5907.110457404602,0.8393658212836583,0.271773025168103,0.9999999999999998,38,2,2025-11-04
AON/MCK,AON,MCK,slow_reentry,-449.734223145254,-0.07346341479013038,0.271773025168103,0.00015457011309956284,52,2,2025-11-04
CI/LVS,CI,LVS,slow_reentry,-1135.129915942878,-0.10664432859524056,0.271773025168103,0.00025150774755344405,42,2,2025-11-04
CI/MTD,CI,MTD,slow_reentry,8297.280804970558,0.6121458719169246,0.271773025168103,0.9999845632596647,62,2,2025-11-04
EFX/MMM,EFX,MMM,slow_reentry,-7814.991804215128,-0.8036016483234324,0.271773025168103,1.4748992115301494e-10,44,2,2025-11-04
CHD/HON,CHD,HON,slow_reentry,3160.054129486748,0.49048168023691685,0.271773025168103,0.9998423702469887,42,2,2025-11-04
AKAM/YUM,AKAM,YUM,slow_reentry,3029.053276403001,0.4746125905498293,0.271773025168103,0.9999999870467766,44,2,2025-11-04
CL/WST,CL,WST,slow_reentry,15815.18543533668,1.935820110145547,0.271773025168103,0.9999999999999994,48,2,2025-11-04
BAX/IDXX,BAX,IDXX,slow_reentry,898.6987204586144,0.049479619502413856,0.271773025168103,0.19798988656464112,48,2,2025-11-04
AVB/INCY,AVB,INCY,slow_reentry,1550.774160856609,0.14431412710377498,0.271773025168103,0.8357490177305626,56,2,2025-11-04
PFG/YUM,PFG,YUM,deep_dislocation,8244.188806007995,0.788706458755485,0.1790152324047734,0.999999586906262,24,2,2025-11-04
HAS/PFE,HAS,PFE,deep_dislocation,10588.26843454666,0.9884029753892559,0.1790152324047734,0.9998960081175641,26,2,2025-11-04
FSLR/RSG,FSLR,RSG,deep_dislocation,-9492.151512646808,-0.31253010897952077,0.1790152324047734,5.1896574026152164e-11,28,2,2025-11-04
ALB/YUM,ALB,YUM,deep_dislocation,6138.088676947082,0.36108339559514974,0.1790152324047734,0.9990069401880127,18,2,2025-11-04
HRL/MKC,HRL,MKC,deep_dislocation,5267.293690523946,0.8882394175133316,0.1790152324047734,0.9999999910601557,16,2,2025-11-04
AON/GEN,AON,GEN,deep_dislocation,994.3441405252361,0.0752130673591683,0.1790152324047734,0.31244570983749886,26,2,2025-11-04
AON/MCK,AON,MCK,deep_dislocation,2333.368266528204,0.4302706029981627,0.1790152324047734,0.9968312835146236,20,2,2025-11-04
CI/LVS,CI,LVS,deep_dislocation,-5746.626916004901,-0.3296487497763931,0.1790152324047734,3.3498345997921195e-13,24,2,2025-11-04
CI/MTD,CI,MTD,deep_dislocation,3116.648329555086,0.1836350067027936,0.1790152324047734,0.8562227604283568,30,2,2025-11-04
EFX/MMM,EFX,MMM,deep_dislocation,12984.44722754354,1.4356683649097617,0.1790152324047734,0.9999999999999384,20,2,2025-11-04
CHD/HON,CHD,HON,deep_dislocation,12397.00612420712,1.2761618703500983,0.1790152324047734,0.9998936178031308,22,2,2025-11-04
AKAM/YUM,AKAM,YUM,deep_dislocation,2104.587886488957,0.20872069724611125,0.1790152324047734,0.9841580170307825,16,2,2025-11-04
CL/WST,CL,WST,deep_dislocation,18923.10450448408,1.69458070707618,0.1790152324047734,0.9999999999994162,26,2,2025-11-04
BAX/IDXX,BAX,IDXX,deep_dislocation,-19931.49350228025,-0.8110341004368574,0.1790152324047734,0.0020721044294151826,22,2,2025-11-04
AVB/INCY,AVB,INCY,deep_dislocation,-11469.58548279377,-0.8038217762240959,0.1790152324047734,1.4692156559307992e-25,38,2,2025-11-04
PFG/YUM,PFG,YUM,vol_adaptive,9906.933891446572,1.0157192708214633,0.1673298115399062,0.9999999999982248,62,2,2025-11-04
HAS/PFE,HAS,PFE,vol_adaptive,-9282.510433854242,-0.6877259071962323,0.1673298115399062,4.423588348434694e-14,62,2,2025-11-04
FSLR/RSG,FSLR,RSG,vol_adaptive,6323.087915013438,0.2666425524549559,0.1673298115399062,0.9664392479707311,68,2,2025-11-04
ALB/YUM,ALB,YUM,vol_adaptive,-15517.71639596096,-0.8575606409080051,0.1673298115399062,1.101414708578957e-27,68,2,2025-11-04
HRL/MKC,HRL,MKC,vol_adaptive,4676.198688619445,0.644711862222178,0.1673298115399062,0.9999999999886019,62,2,2025-11-04
AON/GEN,AON,GEN,vol_adaptive,4241.216860570377,0.4592800146725877,0.1673298115399062,0.9999999992732893,54,2,2025-11-04
AON/MCK,AON,MCK,vol_adaptive,1522.496938162,0.2478511574627115,0.1673298115399062,0.9973258641736716,50,2,2025-11-04
CI/LVS,CI,LVS,vol_adaptive,-5065.906685125914,-0.3604798146142999,0.1673298115399062,1.0389373559255791e-07,68,2,2025-11-04
CI/MTD,CI,MTD,vol_adaptive,5367.639393627883,0.3708382759876468,0.1673298115399062,0.9996808155821615,76,2,2025-11-04
EFX/MMM,EFX,MMM,vol_adaptive,-5643.346230690129,-0.5558510036914959,0.1673298115399062,3.0395528544498702e-09,54,2,2025-11-04
CHD/HON,CHD,HON,vol_adaptive,6911.646198766091,0.8015427338092054,0.1673298115399062,0.9999999998361534,74,2,2025-11-04
AKAM/YUM,AKAM,YUM,vol_adaptive,10861.19037927121,1.5125540219959175,0.1673298115399062,0.9999999999999984,48,2,2025-11-04
CL/WST,CL,WST,vol_adaptive,16706.27964764732,2.0561865318920387,0.1673298115399062,0.9999999999999994,48,2,2025-11-04
BAX/IDXX,BAX,IDXX,vol_adaptive,1253.780874789551,0.05740533916242589,0.1673298115399062,0.2138128033814541,50,2,2025-11-04
AVB/INCY,AVB,INCY,vol_adaptive,2701.602943771856,0.27555925972332485,0.1673298115399062,0.9970540541646641,72,2,2025-11-04
PFG/YUM,PFG,YUM,tight_stop,11920.36100893375,1.340496447239355,0.0947956030348613,0.9999999979136193,56,2,2025-11-04
HAS/PFE,HAS,PFE,tight_stop,-11703.76414393702,-1.08498430335223,0.0947956030348613,3.1595160955752396e-06,56,2,2025-11-04
FSLR/RSG,FSLR,RSG,tight_stop,2560.175454533039,0.11028011393495923,0.0947956030348613,0.5335418966291469,60,2,2025-11-04
ALB/YUM,ALB,YUM,tight_stop,-4323.223870274031,-0.2748503628117709,0.0947956030348613,2.528544059301907e-10,58,2,2025-11-04
HRL/MKC,HRL,MKC,tight_stop,1539.365458230734,0.288565275503981,0.0947956030348613,0.9990802702751098,44,2,2025-11-04
AON/GEN,AON,GEN,tight_stop,10661.26747917483,1.3755057370040331,0.0947956030348613,0.9999999999665945,56,2,2025-11-04
AON/MCK,AON,MCK,tight_stop,1992.402301868771,0.29561595195152884,0.0947956030348613,0.9993585146509182,52,2,2025-11-04
CI/LVS,CI,LVS,tight_stop,-7093.487804023097,-0.5523926940792588,0.0947956030348613,1.404470634667762e-12,64,2,2025-11-04
CI/MTD,CI,MTD,tight_stop,7433.390517840394,0.554484322307855,0.0947956030348613,0.9999704743476889,64,2,2025-11-04
EFX/MMM,EFX,MMM,tight_stop,-5911.592417879356,-0.6590049077270187,0.0947956030348613,3.0520536659072973e-09,46,2,2025-11-04
CHD/HON,CHD,HON,tight_stop,2899.146256767512,0.45410530457949805,0.0947956030348613,0.9998358274094665,44,2,2025-11-04
AKAM/YUM,AKAM,YUM,tight_stop,4651.437309555939,0.6813982987648667,0.0947956030348613,0.999999999999034,48,2,2025-11-04
CL/WST,CL,WST,tight_stop,17085.83025857642,2.027817873197485,0.0947956030348613,1.0,50,2,2025-11-04
BAX/IDXX,BAX,IDXX,tight_stop,59.73032527962357,0.0033266000686146017,0.0947956030348613,0.023171562539414204,54,2,2025-11-04
AVB/INCY,AVB,INCY,tight_stop,-1142.928506254692,-0.09563077562064866,0.0947956030348613,0.00043058467491596266,64,2,2025-11-04
PFG/YUM,PFG,YUM,deep_entry_quick_exit,4041.263983095683,0.5675842336353908,-0.0824728161832866,0.9999997715805079,26,2,2025-11-04
HAS/PFE,HAS,PFE,deep_entry_quick_exit,9273.544902444113,1.3321832166614962,-0.0824728161832866,0.9999437677383582,26,2,2025-11-04
FSLR/RSG,FSLR,RSG,deep_entry_quick_exit,-10334.18789840756,-0.5136212201512833,-0.0824728161832866,3.4769034501540863e-08,28,2,2025-11-04
ALB/YUM,ALB,YUM,deep_entry_quick_exit,1346.512224976284,0.12392079076154393,-0.0824728161832866,0.6307854415192995,18,2,2025-11-04
HRL/MKC,HRL,MKC,deep_entry_quick_exit,1324.636816918794,0.3538725291863379,-0.0824728161832866,0.9999983334319497,20,2,2025-11-04
AON/GEN,AON,GEN,deep_entry_quick_exit,1813.876403118315,0.3563204667828952,-0.0824728161832866,0.9999535618101435,24,2,2025-11-04
AON/MCK,AON,MCK,deep_entry_quick_exit,3737.957750253702,0.8152815488401391,-0.0824728161832866,0.9999515108026094,18,2,2025-11-04
CI/LVS,CI,LVS,deep_entry_quick_exit,-8621.803970099842,-1.027615390548705,-0.0824728161832866,1.8117413042391913e-15,24,2,2025-11-04
CI/MTD,CI,MTD,deep_entry_quick_exit,778.9804981868059,0.06766965336120334,-0.0824728161832866,0.2559638356508494,32,2,2025-11-04
EFX/MMM,EFX,MMM,deep_entry_quick_exit,10478.27971820586,1.6721672857438081,-0.0824728161832866,0.9999999999999624,22,2,2025-11-04
CHD/HON,CHD,HON,deep_entry_quick_exit,9601.760797956314,1.4449151913257365,-0.0824728161832866,0.9999665420089853,22,2,2025-11-04
AKAM/YUM,AKAM,YUM,deep_entry_quick_exit,5461.254197643817,1.0411978274205766,-0.0824728161832866,0.9999999476034566,18,2,2025-11-04
CL/WST,CL,WST,deep_entry_quick_exit,11426.39622117456,1.4744480359166798,-0.0824728161832866,0.9999999999999304,26,2,2025-11-04
BAX/IDXX,BAX,IDXX,deep_entry_quick_exit,-14966.26259598781,-0.9163572194818786,-0.0824728161832866,0.0024919708328756183,24,2,2025-11-04
AVB/INCY,AVB,INCY,deep_entry_quick_exit,-2541.405570270811,-0.36220683224788225,-0.0824728161832866,3.9486878609384823e-19,34,2,2025-11-04
PFG/YUM,PFG,YUM,no_leverage,4435.321868750485,0.7913239930362446,-0.1613896674694792,0.9999883590768712,56,2,2025-11-04
HAS/PFE,HAS,PFE,no_leverage,-8603.425922075681,-1.3578967645000286,-0.1613896674694792,2.763907348782225e-09,58,2,2025-11-04
FSLR/RSG,FSLR,RSG,no_leverage,7519.623912109235,0.6150419567042262,-0.1613896674694792,0.9997611527511083,58,2,2025-11-04
ALB/YUM,ALB,YUM,no_leverage,1490.982704752341,0.18117461906678922,-0.1613896674694792,0.9216410202367625,54,2,2025-11-04
HRL/MKC,HRL,MKC,no_leverage,2391.300981357668,0.8233936563129772,-0.1613896674694792,0.9999997775999532,48,2,2025-11-04
AON/GEN,AON,GEN,no_leverage,3190.707558308769,0.7625132057005757,-0.1613896674694792,0.9999999972742531,46,2,2025-11-04
AON/MCK,AON,MCK,no_leverage,100.468263447704,0.03309399216854152,-0.1613896674694792,0.0788469852521465,54,2,2025-11-04
CI/LVS,CI,LVS,no_leverage,-3165.7246419703,-0.44799747056000444,-0.1613896674694792,2.061926217897913e-13,60,2,2025-11-04
CI/MTD,CI,MTD,no_leverage,3647.422246750772,0.5513416985453995,-0.1613896674694792,0.9999702323979547,64,2,2025-11-04
EFX/MMM,EFX,MMM,no_leverage,-1353.207803508057,-0.2864376094465023,-0.1613896674694792,8.512536893328031e-15,44,2,2025-11-04
CHD/HON,CHD,HON,no_leverage,1533.625880870416,0.477192484316041,-0.1613896674694792,0.9998511641755431,44,2,2025-11-04
AKAM/YUM,AKAM,YUM,no_leverage,2191.618317110612,0.6348534610726365,-0.1613896674694792,0.9999999999986264,48,2,2025-11-04
CL/WST,CL,WST,no_leverage,7773.650463698645,1.9362012151894987,-0.1613896674694792,0.9999999999999994,48,2,2025-11-04
BAX/IDXX,BAX,IDXX,no_leverage,267.1527920466424,0.029947679776850027,-0.1613896674694792,0.10166429725332832,50,2,2025-11-04
AVB/INCY,AVB,INCY,no_leverage,1157.969211397738,0.21564724561273255,-0.1613896674694792,0.993957385858361,66,2,2025-11-04
PFG/YUM,PFG,YUM,symmetric_exit,-1886.547152245469,-0.1988552761147725,-0.2141204674585426,9.088282449612246e-09,44,2,2025-11-04
HAS/PFE,HAS,PFE,symmetric_exit,-11094.26229949994,-0.929383599957578,-0.2141204674585426,6.2803380682594455e-09,44,2,2025-11-04
FSLR/RSG,FSLR,RSG,symmetric_exit,11796.83158278854,0.5267366692412794,-0.2141204674585426,0.9975687129565967,42,2,2025-11-04
ALB/YUM,ALB,YUM,symmetric_exit,5788.357932732324,0.41237265326471223,-0.2141204674585426,0.9999930270166703,36,2,2025-11-04
HRL/MKC,HRL,MKC,symmetric_exit,3336.257644290594,0.68389822837992,-0.2141204674585426,0.9999395334816218,34,2,2025-11-04
AON/GEN,AON,GEN,symmetric_exit,1813.873366789014,0.2445435732032475,-0.2141204674585426,0.9918226047276459,42,2,2025-11-04
AON/MCK,AON,MCK,symmetric_exit,-102.678343133673,-0.020652466756309443,-0.2141204674585426,0.005383933848237138,44,2,2025-11-04
CI/LVS,CI,LVS,symmetric_exit,-5003.254927345644,-0.41406974317434714,-0.2141204674585426,4.0738034332375066e-11,48,2,2025-11-04
CI/MTD,CI,MTD,symmetric_exit,1184.43570913783,0.10011616346847148,-0.2141204674585426,0.46851686204039644,46,2,2025-11-04
EFX/MMM,EFX,MMM,symmetric_exit,7451.69080901611,1.1978455509650001,-0.2141204674585426,0.9999946195091085,30,2,2025-11-04
CHD/HON,CHD,HON,symmetric_exit,6296.108005528675,1.1514750117932018,-0.2141204674585426,0.9987875135143258,32,2,2025-11-04
AKAM/YUM,AKAM,YUM,symmetric_exit,3764.056232339075,0.7930530922525331,-0.2141204674585426,0.9999989537078421,32,2,2025-11-04
CL/WST,CL,WST,symmetric_exit,8343.788989272449,1.1510001147138031,-0.2141204674585426,0.9999999999973419,42,2,2025-11-04
BAX/IDXX,BAX,IDXX,symmetric_exit,-9362.670892671644,-0.5725225178883034,-0.2141204674585426,0.0003645898589706537,42,2,2025-11-04
AVB/INCY,AVB,INCY,symmetric_exit,-7585.440089103723,-1.0206342264375068,-0.2141204674585426,2.5205253734014448e-19,46,2,2025-11-04
PFG/YUM,PFG,YUM,patient_hold,11273.05217514611,1.2586254910027657,-0.2701829702052565,0.9999999996177392,42,2,2025-11-04
HAS/PFE,HAS,PFE,patient_hold,-8329.250430224753,-0.747731609437009,-0.2701829702052565,1.461852924754058e-07,34,2,2025-11-04
FSLR/RSG,FSLR,RSG,patient_hold,-8997.036618423675,-0.49274570677324414,-0.2701829702052565,5.525916767842297e-07,34,2,2025-11-04
ALB/YUM,ALB,YUM,patient_hold,10114.21349875408,0.6936005204226141,-0.2701829702052565,0.9999998040453574,34,2,2025-11-04
HRL/MKC,HRL,MKC,patient_hold,-1204.483440281288,-0.276057894158307,-0.2701829702052565,5.5305093733219073e-08,26,2,2025-11-04
AON/GEN,AON,GEN,patient_hold,892.7545804554493,0.10430065639985256,-0.2701829702052565,0.49651821292021564,32,2,2025-11-04
AON/MCK,AON,MCK,patient_hold,5998.750157478569,1.3342018697886118,-0.2701829702052565,0.9999999979558573,48,2,2025-11-04
CI/LVS,CI,LVS,patient_hold,-13071.718028873,-1.03457673343682,-0.2701829702052565,1.6560331593598035e-15,36,2,2025-11-04
CI/MTD,CI,MTD,patient_hold,4378.321492887358,0.37298718347125887,-0.2701829702052565,0.9951333173470345,50,2,2025-11-04
EFX/MMM,EFX,MMM,patient_hold,2481.78300024233,0.2569528923108523,-0.2701829702052565,0.954478866254805,30,2,2025-11-04
CHD/HON,CHD,HON,patient_hold,8749.736079216898,1.1840568090482861,-0.2701829702052565,0.9999995463341875,36,2,2025-11-04
AKAM/YUM,AKAM,YUM,patient_hold,4023.053074364823,0.5181652381637143,-0.2701829702052565,0.9995816098423579,30,2,2025-11-04
CL/WST,CL,WST,patient_hold,15005.97537190613,1.8829015424351634,-0.2701829702052565,0.9999999999999996,48,2,2025-11-04
BAX/IDXX,BAX,IDXX,patient_hold,-10575.85044439721,-0.645090513613162,-0.2701829702052565,0.0007146391996077442,36,2,2025-11-04
AVB/INCY,AVB,INCY,patient_hold,-8799.957114147903,-1.0888543953155143,-0.2701829702052565,9.923381460477663e-17,34,2,2025-11-04
PFG/YUM,PFG,YUM,conservative,2399.750064017913,0.7664431825488544,-0.6333753556293344,0.9999505262341792,20,2,2025-11-04
HAS/PFE,HAS,PFE,conservative,2447.654262564307,0.7097588647615548,-0.6333753556293344,0.9994758549314872,32,2,2025-11-04
FSLR/RSG,FSLR,RSG,conservative,-5751.104240491004,-0.6347769779592268,-0.6333753556293344,8.999121342383174e-06,26,2,2025-11-04
ALB/YUM,ALB,YUM,conservative,3096.560345277177,0.7555609675326689,-0.6333753556293344,0.9999997659302107,18,2,2025-11-04
HRL/MKC,HRL,MKC,conservative,590.82504279866,0.41162596771366017,-0.6333753556293344,0.9999861295087022,18,2,2025-11-04
AON/GEN,AON,GEN,conservative,3920.273809178529,1.9849143519376953,-0.6333753556293344,0.9999999999999609,28,2,2025-11-04
AON/MCK,AON,MCK,conservative,2620.135561901428,1.5762320224277317,-0.6333753556293344,0.9999998449108595,26,2,2025-11-04
CI/LVS,CI,LVS,conservative,-4938.857177794904,-1.4451500460216866,-0.6333753556293344,6.523798507972649e-08,26,2,2025-11-04
CI/MTD,CI,MTD,conservative,-320.4416489102916,-0.05858798578978715,-0.6333753556293344,0.00021091276630505666,28,2,2025-11-04
EFX/MMM,EFX,MMM,conservative,4095.656952576735,1.5936897231145406,-0.6333753556293344,0.9999999999563969,22,2,2025-11-04
CHD/HON,CHD,HON,conservative,4781.869977900291,1.4138372513177928,-0.6333753556293344,0.9999822312493241,26,2,2025-11-04
AKAM/YUM,AKAM,YUM,conservative,3701.242305198321,1.0773109134023813,-0.6333753556293344,0.9949778004265004,24,2,2025-11-04
CL/WST,CL,WST,conservative,7011.157788812138,2.0731759145162605,-0.6333753556293344,0.9999999999319744,26,2,2025-11-04
BAX/IDXX,BAX,IDXX,conservative,-7205.776876890147,-0.9002495527611607,-0.6333753556293344,0.0022680566258521354,28,2,2025-11-04
AVB/INCY,AVB,INCY,conservative,-1918.378391124073,-0.5720131693205484,-0.6333753556293344,3.5128342881466577e-16,32,2,2025-11-04
PFG/YUM,PFG,YUM,conservative_no_leverage,2560.798651538563,0.6031381836190772,-0.902857267562838,0.999999999983655,34,2,2025-11-04
HAS/PFE,HAS,PFE,conservative_no_leverage,-2994.89411847432,-0.43686892230868773,-0.902857267562838,1.703630118542629e-08,36,2,2025-11-04
FSLR/RSG,FSLR,RSG,conservative_no_leverage,-9329.091397467897,-0.9875933329422337,-0.902857267562838,1.717284121178773e-05,32,2,2025-11-04
ALB/YUM,ALB,YUM,conservative_no_leverage,2202.575963955853,0.34679345722396904,-0.902857267562838,0.9995183001023218,28,2,2025-11-04
HRL/MKC,HRL,MKC,conservative_no_leverage,735.8698052110495,0.3472813086479984,-0.902857267562838,0.9999915889698959,22,2,2025-11-04
AON/GEN,AON,GEN,conservative_no_leverage,4663.419073394489,0.9457555308693801,-0.902857267562838,0.9999908875673552,32,2,2025-11-04
AON/MCK,AON,MCK,conservative_no_leverage,3757.006827520799,1.9738858503316639,-0.902857267562838,0.9999999977121293,40,2,2025-11-04
CI/LVS,CI,LVS,conservative_no_leverage,-4585.132871374808,-0.5833434633402393,-0.902857267562838,3.113351705262764e-13,38,2,2025-11-04
CI/MTD,CI,MTD,conservative_no_leverage,2264.314457570825,0.41122104627377354,-0.902857267562838,0.9955434532262966,40,2,2025-11-04
EFX/MMM,EFX,MMM,conservative_no_leverage,3702.801788241308,0.7816327297899812,-0.902857267562838,0.9995916161845203,34,2,2025-11-04
CHD/HON,CHD,HON,conservative_no_leverage,4428.908114574258,1.2925355560701985,-0.902857267562838,0.9999926412840219,30,2,2025-11-04
AKAM/YUM,AKAM,YUM,conservative_no_leverage,-714.653834215868,-0.1779061636785095,-0.902857267562838,0.0013328126620215516,24,2,2025-11-04
CL/WST,CL,WST,conservative_no_leverage,4501.647460351849,1.1752130248640291,-0.902857267562838,0.9999999999999768,44,2,2025-11-04
BAX/IDXX,BAX,IDXX,conservative_no_leverage,-5524.647992909877,-0.6403340277766456,-0.902857267562838,0.00017843007549741245,40,2,2025-11-04
AVB/INCY,AVB,INCY,conservative_no_leverage,-1156.272236523879,-0.2553896731997207,-0.902857267562838,2.382691273345247e-13,42,2,2025-11-04
PFG/YUM,PFG,YUM,fast_signal,7354.594330556068,0.7083216429330534,1.713932754025894,0.9999999999959427,68,3,2025-12-10
HAS/PFE,HAS,PFE,fast_signal,15224.05085566776,0.9582884223702753,1.713932754025894,0.9999999900926163,64,3,2025-12-10
FSLR/RSG,FSLR,RSG,fast_signal,25148.1200328559,0.9247117327116149,1.713932754025894,0.9999732336402414,70,3,2025-12-10
ALB/YUM,ALB,YUM,fast_signal,12428.12707501537,0.6273488040766948,1.713932754025894,0.9999999999947718,66,3,2025-12-10
HRL/MKC,HRL,MKC,fast_signal,-1746.671035568435,-0.24799423628407274,1.713932754025894,5.237765912434881e-11,74,3,2025-12-10
AON/GEN,AON,GEN,fast_signal,7887.689412412621,0.750785670475757,1.713932754025894,0.9999218422040708,72,3,2025-12-10
AON/MCK,AON,MCK,fast_signal,3043.856623040181,0.45563778009520706,1.713932754025894,0.999999988748645,66,3,2025-12-10
CI/LVS,CI,LVS,fast_signal,-3345.360092051593,-0.18414710154358657,1.713932754025894,7.441648625739748e-05,86,3,2025-12-10
CI/MTD,CI,MTD,fast_signal,13217.54600646181,0.9332113939329121,1.713932754025894,0.9999994022287487,52,3,2025-12-10
EFX/MMM,EFX,MMM,fast_signal,3888.838623276782,0.319922186208828,1.713932754025894,0.9945459597014134,56,3,2025-12-10
CHD/HON,CHD,HON,fast_signal,2850.979081503956,0.36347206572654733,1.713932754025894,0.9999944803179072,90,3,2025-12-10
AKAM/YUM,AKAM,YUM,fast_signal,20765.00105844377,1.387925969463582,1.713932754025894,0.9999967488671623,60,3,2025-12-10
CL/WST,CL,WST,fast_signal,7265.709069357814,0.7476528855152452,1.713932754025894,0.9999999999955677,68,3,2025-12-10
BAX/IDXX,BAX,IDXX,fast_signal,19871.10817567444,1.4468986226388696,1.713932754025894,0.9998778962072773,70,3,2025-12-10
AVB/INCY,AVB,INCY,fast_signal,689.0040553235597,0.06266174744671117,1.713932754025894,0.21368008753272566,78,3,2025-12-10
PFG/YUM,PFG,YUM,fast_signal_tight_stop,9607.698930141356,0.9354663554513567,1.5863077977575837,0.9999999999917404,70,3,2025-12-10
HAS/PFE,HAS,PFE,fast_signal_tight_stop,19485.71518254304,1.2773352013286263,1.5863077977575837,0.9999998789087761,62,3,2025-12-10
FSLR/RSG,FSLR,RSG,fast_signal_tight_stop,17694.09854285629,0.6619130714112731,1.5863077977575837,0.9997334089671037,70,3,2025-12-10
ALB/YUM,ALB,YUM,fast_signal_tight_stop,9070.503711065805,0.44975308556071525,1.5863077977575837,0.9999999023569976,64,3,2025-12-10
HRL/MKC,HRL,MKC,fast_signal_tight_stop,-1810.454685917701,-0.2421513817440779,1.5863077977575837,3.07400988959143e-11,66,3,2025-12-10
AON/GEN,AON,GEN,fast_signal_tight_stop,7038.959753766395,0.850902040688512,1.5863077977575837,0.9999999999999962,70,3,2025-12-10
AON/MCK,AON,MCK,fast_signal_tight_stop,2414.098247853259,0.3587696403291889,1.5863077977575837,0.9999961969324892,66,3,2025-12-10
CI/LVS,CI,LVS,fast_signal_tight_stop,-249.5347301750407,-0.01454692130443015,1.5863077977575837,0.010897932643268684,72,3,2025-12-10
CI/MTD,CI,MTD,fast_signal_tight_stop,16410.67758813787,1.1014878137109525,1.5863077977575837,0.9999998633024526,52,3,2025-12-10
EFX/MMM,EFX,MMM,fast_signal_tight_stop,5283.232706453391,0.4575351118321595,1.5863077977575837,0.9991182790054856,54,3,2025-12-10
CHD/HON,CHD,HON,fast_signal_tight_stop,2832.747239295211,0.369982056432008,1.5863077977575837,0.9999951870164491,72,3,2025-12-10
AKAM/YUM,AKAM,YUM,fast_signal_tight_stop,13174.99936011725,1.1745619753676757,1.5863077977575837,0.9999998671063023,60,3,2025-12-10
CL/WST,CL,WST,fast_signal_tight_stop,5094.541470687633,0.538242824613927,1.5863077977575837,0.9999999907216608,62,3,2025-12-10
BAX/IDXX,BAX,IDXX,fast_signal_tight_stop,15897.04374812961,1.178734134616664,1.5863077977575837,0.9998093638788252,62,3,2025-12-10
AVB/INCY,AVB,INCY,fast_signal_tight_stop,-1416.987909507007,-0.18163806873418545,1.5863077977575837,4.321577956784169e-09,66,3,2025-12-10
PFG/YUM,PFG,YUM,vol_agnostic,6099.561537459708,0.4495138263683712,1.244325834893068,0.9999820905780737,96,3,2025-12-10
HAS/PFE,HAS,PFE,vol_agnostic,1758.929278416666,0.10982204443549787,1.244325834893068,0.5541843537834766,86,3,2025-12-10
FSLR/RSG,FSLR,RSG,vol_agnostic,12618.13615957644,0.466754831889889,1.244325834893068,0.999999998408703,102,3,2025-12-10
ALB/YUM,ALB,YUM,vol_agnostic,16273.94001100679,0.579606977777966,1.244325834893068,0.9999999999658981,108,3,2025-12-10
HRL/MKC,HRL,MKC,vol_agnostic,4987.613357616592,0.49866121275259095,1.244325834893068,0.9999999983160662,82,3,2025-12-10
AON/GEN,AON,GEN,vol_agnostic,19059.50229033737,1.4344172087101708,1.244325834893068,0.9999999999998815,64,3,2025-12-10
AON/MCK,AON,MCK,vol_agnostic,-2866.428971112561,-0.24167385129385507,1.244325834893068,6.948886946916187e-16,104,3,2025-12-10
CI/LVS,CI,LVS,vol_agnostic,-9464.831416728295,-0.425153258357747,1.244325834893068,1.7393086931117787e-10,86,3,2025-12-10
CI/MTD,CI,MTD,vol_agnostic,17231.39651050819,1.101473989450944,1.244325834893068,0.999999999765228,100,3,2025-12-10
EFX/MMM,EFX,MMM,vol_agnostic,15656.31277133524,1.0150217972277327,1.244325834893068,0.9999999999637071,102,3,2025-12-10
CHD/HON,CHD,HON,vol_agnostic,8711.56683288066,0.7489474509342318,1.244325834893068,0.9999999999998096,92,3,2025-12-10
AKAM/YUM,AKAM,YUM,vol_agnostic,10912.11740699779,0.6648166553528406,1.244325834893068,0.999999987929638,78,3,2025-12-10
CL/WST,CL,WST,vol_agnostic,14122.69576485102,0.7586949977307137,1.244325834893068,0.9905598379458609,100,3,2025-12-10
BAX/IDXX,BAX,IDXX,vol_agnostic,10499.61103371046,0.8178217264879873,1.244325834893068,0.9999999999999254,88,3,2025-12-10
AVB/INCY,AVB,INCY,vol_agnostic,694.3525383075125,0.041712375505361825,1.244325834893068,0.10405578056329384,94,3,2025-12-10
PFG/YUM,PFG,YUM,aggressive,4675.911810429897,0.24537369237361797,0.96411060308858,0.9857924330914337,86,3,2025-12-10
HAS/PFE,HAS,PFE,aggressive,5031.83426137135,0.17403985578494538,0.96411060308858,0.9002970476925385,102,3,2025-12-10
FSLR/RSG,FSLR,RSG,aggressive,35296.36362873227,0.7726354146633343,0.96411060308858,0.9999996586151181,100,3,2025-12-10
ALB/YUM,ALB,YUM,aggressive,22250.2709625775,0.6491167572771145,0.96411060308858,1.0,94,3,2025-12-10
HRL/MKC,HRL,MKC,aggressive,16142.64235432645,0.851530250449404,0.96411060308858,0.9999998516326729,96,3,2025-12-10
AON/GEN,AON,GEN,aggressive,11960.43265415697,0.6106217491802116,0.96411060308858,0.9999999334267538,78,3,2025-12-10
AON/MCK,AON,MCK,aggressive,-7930.041036895913,-0.4982630250468213,0.96411060308858,2.5499175380412847e-13,90,3,2025-12-10
CI/LVS,CI,LVS,aggressive,-6815.409475159135,-0.199963670915014,0.96411060308858,9.992036552283092e-07,100,3,2025-12-10
CI/MTD,CI,MTD,aggressive,15062.95774540672,0.6302638101428694,0.96411060308858,0.9999998787497257,94,3,2025-12-10
EFX/MMM,EFX,MMM,aggressive,-1460.896296842953,-0.06718351035894393,0.96411060308858,0.0001365792922533984,90,3,2025-12-10
CHD/HON,CHD,HON,aggressive,5223.275443116399,0.36225581161941844,0.96411060308858,0.9999834664055032,88,3,2025-12-10
AKAM/YUM,AKAM,YUM,aggressive,26443.90598351007,1.2015650840969767,0.96411060308858,0.999998232404164,74,3,2025-12-10
CL/WST,CL,WST,aggressive,28510.6703467682,1.8284936178243731,0.96411060308858,1.0,88,3,2025-12-10
BAX/IDXX,BAX,IDXX,aggressive,-19314.25619231241,-0.5307457484481716,0.96411060308858,2.1124508476763102e-09,76,3,2025-12-10
AVB/INCY,AVB,INCY,aggressive,2826.48194704062,0.11969333028464747,0.96411060308858,0.6499779672170046,114,3,2025-12-10
PFG/YUM,PFG,YUM,static_threshold,829.9310654729761,0.0627382822709768,0.935145258384244,0.21896838378434752,84,3,2025-12-10
HAS/PFE,HAS,PFE,static_threshold,9236.155552296268,0.5474012038606307,0.935145258384244,0.9999778719830809,92,3,2025-12-10
FSLR/RSG,FSLR,RSG,static_threshold,23242.25188158504,0.8885344324743352,0.935145258384244,0.999999999999998,96,3,2025-12-10
ALB/YUM,ALB,YUM,static_threshold,16244.98021534311,0.6246558822609513,0.935145258384244,0.9999999999929352,114,3,2025-12-10
HRL/MKC,HRL,MKC,static_threshold,6312.630562413453,0.6468533909510487,0.935145258384244,0.9999999999981573,96,3,2025-12-10
AON/GEN,AON,GEN,static_threshold,5529.083797033179,0.4267437617088889,0.935145258384244,0.99998632675474,88,3,2025-12-10
AON/MCK,AON,MCK,static_threshold,7499.449804272634,0.8987186071290647,0.935145258384244,0.9999999999999993,100,3,2025-12-10
CI/LVS,CI,LVS,static_threshold,-3249.861069216006,-0.14737159852014942,0.935145258384244,1.1167060290965132e-05,88,3,2025-12-10
CI/MTD,CI,MTD,static_threshold,6392.582739606935,0.4439664009260909,0.935145258384244,0.9998829167760266,92,3,2025-12-10
EFX/MMM,EFX,MMM,static_threshold,5332.26542965829,0.3653813614437611,0.935145258384244,0.999830458404941,98,3,2025-12-10
CHD/HON,CHD,HON,static_threshold,17024.44501633122,1.5629884332459107,0.935145258384244,0.9999999999999949,94,3,2025-12-10
AKAM/YUM,AKAM,YUM,static_threshold,8455.065719835242,0.5657144771672199,0.935145258384244,0.9999993156480073,78,3,2025-12-10
CL/WST,CL,WST,static_threshold,7182.478555447352,0.35237230469917435,0.935145258384244,0.9703749879205644,94,3,2025-12-10
BAX/IDXX,BAX,IDXX,static_threshold,-12032.89947850334,-0.6111989143813623,0.935145258384244,3.154553812167599e-11,86,3,2025-12-10
AVB/INCY,AVB,INCY,static_threshold,2643.764817642629,0.17119045492455234,0.935145258384244,0.8867787140746248,98,3,2025-12-10
PFG/YUM,PFG,YUM,high_leverage,11752.6063695317,0.6582322371029442,0.8622012518376401,0.9999762979794447,58,3,2025-12-10
HAS/PFE,HAS,PFE,high_leverage,-23268.87851325689,-1.1335112174909243,0.8622012518376401,2.370477637941884e-10,52,3,2025-12-10
FSLR/RSG,FSLR,RSG,high_leverage,29076.6373433586,0.7527780253246136,0.8622012518376401,0.999919044316413,58,3,2025-12-10
ALB/YUM,ALB,YUM,high_leverage,11442.80687366023,0.42221663687445515,0.8622012518376401,0.9999996113514638,52,3,2025-12-10
HRL/MKC,HRL,MKC,high_leverage,7256.080945289397,0.6201798198528945,0.8622012518376401,0.9999997122238624,50,3,2025-12-10
AON/GEN,AON,GEN,high_leverage,13032.83118511514,0.7538861446822687,0.8622012518376401,0.9999995770810863,46,3,2025-12-10
AON/MCK,AON,MCK,high_leverage,-4419.531002683953,-0.4159095980553455,0.8622012518376401,3.285242857542315e-18,62,3,2025-12-10
CI/LVS,CI,LVS,high_leverage,1620.478944463911,0.05255769880408189,0.8622012518376401,0.13153036800267787,62,3,2025-12-10
CI/MTD,CI,MTD,high_leverage,11299.89562622796,0.530569865756789,0.8622012518376401,0.9999654084947762,64,3,2025-12-10
EFX/MMM,EFX,MMM,high_leverage,-5239.629299818082,-0.3211113955829837,0.8622012518376401,5.735516385027585e-16,52,3,2025-12-10
CHD/HON,CHD,HON,high_leverage,6968.423623863653,0.6391825464644758,0.8622012518376401,0.999996097502156,44,3,2025-12-10
AKAM/YUM,AKAM,YUM,high_leverage,19335.47115484641,0.97062717850395,0.8622012518376401,0.9999656090370205,52,3,2025-12-10
CL/WST,CL,WST,high_leverage,24120.38435663097,1.88273648625937,0.8622012518376401,0.9999999999999994,50,3,2025-12-10
BAX/IDXX,BAX,IDXX,high_leverage,1617.833163033501,0.0559772352861064,0.8622012518376401,0.24387667565184695,48,3,2025-12-10
AVB/INCY,AVB,INCY,high_leverage,622.549780012987,0.03615308973456656,0.8622012518376401,0.06978791504278,66,3,2025-12-10
PFG/YUM,PFG,YUM,fast_reentry,14465.8830434659,1.412447002776534,0.8535045491635439,0.9999999999971735,58,3,2025-12-10
HAS/PFE,HAS,PFE,fast_reentry,-6547.56931991823,-0.46855860031048685,0.8535045491635439,6.750947296258204e-16,74,3,2025-12-10
FSLR/RSG,FSLR,RSG,fast_reentry,13789.38852480389,0.5146069636098072,0.8535045491635439,0.9996922280230608,64,3,2025-12-10
ALB/YUM,ALB,YUM,fast_reentry,10556.96118936835,0.5633254233293989,0.8535045491635439,0.9999999998941049,58,3,2025-12-10
HRL/MKC,HRL,MKC,fast_reentry,6322.258490469826,0.7931153016801472,0.8535045491635439,0.9999999973624168,56,3,2025-12-10
AON/GEN,AON,GEN,fast_reentry,6681.918696228595,0.7903947858339232,0.8535045491635439,0.9999999999883382,60,3,2025-12-10
AON/MCK,AON,MCK,fast_reentry,-2666.164127061377,-0.3809763652105333,0.8535045491635439,4.803402583368256e-17,64,3,2025-12-10
CI/LVS,CI,LVS,fast_reentry,-4349.798267076596,-0.21114512826608758,0.8535045491635439,4.293208770432619e-06,70,3,2025-12-10
CI/MTD,CI,MTD,fast_reentry,8838.56060358714,0.5868818083632148,0.8535045491635439,0.9999981387941287,64,3,2025-12-10
EFX/MMM,EFX,MMM,fast_reentry,-3992.043704848353,-0.3627601465162053,0.8535045491635439,4.690065312934881e-16,52,3,2025-12-10
CHD/HON,CHD,HON,fast_reentry,5511.322958908289,0.7501985279165861,0.8535045491635439,0.9999974567144253,46,3,2025-12-10
AKAM/YUM,AKAM,YUM,fast_reentry,8977.353108453677,0.7394293315430386,0.8535045491635439,0.9997463685790156,52,3,2025-12-10
CL/WST,CL,WST,fast_reentry,16551.73304170687,1.942632019052623,0.8535045491635439,0.9999999999999994,52,3,2025-12-10
BAX/IDXX,BAX,IDXX,fast_reentry,3273.8734534853,0.1716411053691571,0.8535045491635439,0.7483919516758238,56,3,2025-12-10
AVB/INCY,AVB,INCY,fast_reentry,1043.221254938266,0.08140642303384478,0.8535045491635439,0.320294347663296,70,3,2025-12-10
PFG/YUM,PFG,YUM,high_turnover,3791.344368220544,0.3696370915128702,0.8493657984354773,0.9999903357613985,78,3,2025-12-10
HAS/PFE,HAS,PFE,high_turnover,-2332.450190793592,-0.17597169188739947,0.8493657984354773,1.203249572916085e-05,86,3,2025-12-10
FSLR/RSG,FSLR,RSG,high_turnover,28626.72652195031,1.1418637578062032,0.8493657984354773,0.9999809599353393,88,3,2025-12-10
ALB/YUM,ALB,YUM,high_turnover,6835.699116738902,0.37454420096211005,0.8493657984354773,0.9999816462463351,88,3,2025-12-10
HRL/MKC,HRL,MKC,high_turnover,9204.333677549927,0.8446977881334367,0.8493657984354773,0.999981456862118,84,3,2025-12-10
AON/GEN,AON,GEN,high_turnover,-946.0759530553235,-0.10850213060815041,0.8493657984354773,5.472915169342409e-06,70,3,2025-12-10
AON/MCK,AON,MCK,high_turnover,-6283.361185176321,-0.5419494476926334,0.8493657984354773,1.2004454713433736e-12,90,3,2025-12-10
CI/LVS,CI,LVS,high_turnover,-6704.931518398403,-0.3767319458456459,0.8493657984354773,2.65309327641791e-06,86,3,2025-12-10
CI/MTD,CI,MTD,high_turnover,16054.82547128912,0.9472469087093166,0.8493657984354773,0.9999999895232161,94,3,2025-12-10
EFX/MMM,EFX,MMM,high_turnover,-4160.133682669011,-0.3480924721783046,0.8493657984354773,2.853039496386643e-10,80,3,2025-12-10
CHD/HON,CHD,HON,high_turnover,6968.136080062021,0.7919947212533555,0.8493657984354773,0.9999999996944614,88,3,2025-12-10
AKAM/YUM,AKAM,YUM,high_turnover,-4.819687500244981,-0.0006067752047168918,0.8493657984354773,0.0174452102825008,68,3,2025-12-10
CL/WST,CL,WST,high_turnover,19738.14835734112,1.5469020220080332,0.8493657984354773,0.9999994300720988,80,3,2025-12-10
BAX/IDXX,BAX,IDXX,high_turnover,13160.81573030203,0.8919736645270583,0.8493657984354773,0.9999955954915476,74,3,2025-12-10
AVB/INCY,AVB,INCY,high_turnover,-7740.170099540741,-0.7245538637529052,0.8493657984354773,1.8013205945539105e-23,86,3,2025-12-10
PFG/YUM,PFG,YUM,short_z_long_v,-948.4355675157458,-0.08726123074875236,0.8070119024155817,8.343986864198966e-05,50,3,2025-12-10
HAS/PFE,HAS,PFE,short_z_long_v,-2831.527713416308,-0.2103631915338398,0.8070119024155817,2.645226575839222e-06,58,3,2025-12-10
FSLR/RSG,FSLR,RSG,short_z_long_v,10978.00003179113,0.49460900470773905,0.8070119024155817,0.9947489124573459,68,3,2025-12-10
ALB/YUM,ALB,YUM,short_z_long_v,13792.89658241598,0.7971375609981393,0.8070119024155817,0.9999999999999811,68,3,2025-12-10
HRL/MKC,HRL,MKC,short_z_long_v,29.41837832526437,0.0041582844688868165,0.8070119024155817,0.022298465658157636,56,3,2025-12-10
AON/GEN,AON,GEN,short_z_long_v,12464.63465653381,1.2067770152529034,0.8070119024155817,0.9999999999999638,70,3,2025-12-10
AON/MCK,AON,MCK,short_z_long_v,6132.874123192179,0.8430459560032204,0.8070119024155817,0.9999999999999906,70,3,2025-12-10
CI/LVS,CI,LVS,short_z_long_v,-3232.794104804232,-0.17141150747683195,0.8070119024155817,9.96897472825064e-05,62,3,2025-12-10
CI/MTD,CI,MTD,short_z_long_v,10754.01025198456,0.7774972926484292,0.8070119024155817,0.9999999999999998,74,3,2025-12-10
EFX/MMM,EFX,MMM,short_z_long_v,3150.213535951149,0.2681681472091121,0.8070119024155817,0.9894490337707635,60,3,2025-12-10
CHD/HON,CHD,HON,short_z_long_v,8357.467219667977,1.1764133025968455,0.8070119024155817,0.9999991226486914,66,3,2025-12-10
AKAM/YUM,AKAM,YUM,short_z_long_v,10005.65518095166,0.6989719949332084,0.8070119024155817,0.99999850851529,74,3,2025-12-10
CL/WST,CL,WST,short_z_long_v,10194.01649017939,0.5392750162127193,0.8070119024155817,0.9872520557554815,88,3,2025-12-10
BAX/IDXX,BAX,IDXX,short_z_long_v,-647.9428003194835,-0.03925596700658846,0.8070119024155817,0.002941987886459326,64,3,2025-12-10
AVB/INCY,AVB,INCY,short_z_long_v,1038.023573189553,0.09012445398696332,0.8070119024155817,0.39540741606162055,52,3,2025-12-10
PFG/YUM,PFG,YUM,low_entry,14729.18836660221,1.2563156848819261,0.8057282646935637,1.0,90,3,2025-12-10
HAS/PFE,HAS,PFE,low_entry,4931.919123679485,0.24864016168982278,0.8057282646935637,0.9940492464192463,104,3,2025-12-10
FSLR/RSG,FSLR,RSG,low_entry,16026.50841694152,0.5898398867238817,0.8057282646935637,0.9999264038385007,102,3,2025-12-10
ALB/YUM,ALB,YUM,low_entry,634.0418344780201,0.026842500312635527,0.8057282646935637,0.06073575429981178,104,3,2025-12-10
HRL/MKC,HRL,MKC,low_entry,3065.668945522207,0.31128073919836696,0.8057282646935637,0.9998874045829037,90,3,2025-12-10
AON/GEN,AON,GEN,low_entry,14159.92502177567,1.1067140414617513,0.8057282646935637,0.9999999999325963,86,3,2025-12-10
AON/MCK,AON,MCK,low_entry,-10603.97335489988,-0.9109544833816349,0.8057282646935637,8.651450792474126e-13,96,3,2025-12-10
CI/LVS,CI,LVS,low_entry,-7843.18922129258,-0.3518894054668942,0.8057282646935637,4.818160134043071e-08,114,3,2025-12-10
CI/MTD,CI,MTD,low_entry,4509.145580900182,0.31118353893661693,0.8057282646935637,0.9976650963587936,96,3,2025-12-10
EFX/MMM,EFX,MMM,low_entry,-584.3015960525945,-0.04428796603264712,0.8057282646935637,0.0008616935391474291,102,3,2025-12-10
CHD/HON,CHD,HON,low_entry,8860.47901074739,0.8088225704477002,0.8057282646935637,0.9999999999995859,86,3,2025-12-10
AKAM/YUM,AKAM,YUM,low_entry,15522.81980010873,1.075814909192498,0.8057282646935637,0.9999994283210438,86,3,2025-12-10
CL/WST,CL,WST,low_entry,22639.45211238271,1.6733942178541688,0.8057282646935637,0.9999999852835854,86,3,2025-12-10
BAX/IDXX,BAX,IDXX,low_entry,22.5406181154176,0.0009209317061554712,0.8057282646935637,0.019036091967011105,96,3,2025-12-10
AVB/INCY,AVB,INCY,low_entry,-1035.003454812912,-0.06983340894844457,0.8057282646935637,0.0006298502757659876,96,3,2025-12-10
PFG/YUM,PFG,YUM,flash_hold,-2481.429798338031,-0.40255743112933223,0.7984623060644551,1.3148028888229774e-13,134,3,2025-12-10
HAS/PFE,HAS,PFE,flash_hold,3941.875684622924,0.4463369667452414,0.7984623060644551,0.9999521391275499,144,3,2025-12-10
FSLR/RSG,FSLR,RSG,flash_hold,12976.05530488283,1.0683089818451612,0.7984623060644551,0.9999999999999997,120,3,2025-12-10
ALB/YUM,ALB,YUM,flash_hold,2313.297432729997,0.19784255899605266,0.7984623060644551,0.9689536819093724,146,3,2025-12-10
HRL/MKC,HRL,MKC,flash_hold,472.8326567626869,0.08020371757443061,0.7984623060644551,0.29596351836273016,136,3,2025-12-10
AON/GEN,AON,GEN,flash_hold,-1123.155786154791,-0.15179215495460277,0.7984623060644551,5.781227810883966e-08,134,3,2025-12-10
AON/MCK,AON,MCK,flash_hold,1440.9895438265,0.29661402190095965,0.7984623060644551,0.9999470544142713,118,3,2025-12-10
CI/LVS,CI,LVS,flash_hold,3358.31136479376,0.2800487649591421,0.7984623060644551,0.9999483037472684,156,3,2025-12-10
CI/MTD,CI,MTD,flash_hold,9501.266286273854,1.1451851743520898,0.7984623060644551,0.9999999999960524,118,3,2025-12-10
EFX/MMM,EFX,MMM,flash_hold,5567.580654643552,0.7902094614705897,0.7984623060644551,0.9999999974862478,134,3,2025-12-10
CHD/HON,CHD,HON,flash_hold,6281.877375764115,1.04145930792107,0.7984623060644551,0.9999999999999482,130,3,2025-12-10
AKAM/YUM,AKAM,YUM,flash_hold,5882.079790173115,0.9742745622418713,0.7984623060644551,0.9999999999960284,100,3,2025-12-10
CL/WST,CL,WST,flash_hold,9258.67125871149,0.9326129990787511,0.7984623060644551,0.9985025412577234,134,3,2025-12-10
BAX/IDXX,BAX,IDXX,flash_hold,-1478.248859781338,-0.18430710112426568,0.7984623060644551,1.6394199999607827e-12,108,3,2025-12-10
AVB/INCY,AVB,INCY,flash_hold,2588.902116780921,0.35985167100080906,0.7984623060644551,0.9999989989901042,140,3,2025-12-10
PFG/YUM,PFG,YUM,slow_signal,-964.3186513215287,-0.08764323153282076,0.7810358412180303,7.91880758068099e-05,36,3,2025-12-10
HAS/PFE,HAS,PFE,slow_signal,6638.536495922075,0.5527169709770491,0.7810358412180303,0.9999889142354078,40,3,2025-12-10
FSLR/RSG,FSLR,RSG,slow_signal,-8227.974957287015,-0.37795416269725274,0.7810358412180303,6.242267630851696e-11,48,3,2025-12-10
ALB/YUM,ALB,YUM,slow_signal,17543.9733899139,1.1851704634467493,0.7810358412180303,0.9999999999994392,46,3,2025-12-10
HRL/MKC,HRL,MKC,slow_signal,2027.60669542695,0.34321626402991956,0.7810358412180303,0.9983164848711661,30,3,2025-12-10
AON/GEN,AON,GEN,slow_signal,7205.905247741304,0.7836430454283104,0.7810358412180303,0.9999999676847872,44,3,2025-12-10
AON/MCK,AON,MCK,slow_signal,9585.9976842408,1.8371108543871073,0.7810358412180303,0.9999998985423746,36,3,2025-12-10
CI/LVS,CI,LVS,slow_signal,-12567.2626596821,-0.7370118888787168,0.7810358412180303,4.795623564217399e-06,48,3,2025-12-10
CI/MTD,CI,MTD,slow_signal,2006.316909680497,0.15885588951614146,0.7810358412180303,0.8090572041557041,50,3,2025-12-10
EFX/MMM,EFX,MMM,slow_signal,7882.525205585209,0.9199860165774949,0.7810358412180303,0.9999996633685438,26,3,2025-12-10
CHD/HON,CHD,HON,slow_signal,10269.04118944219,1.2546110576824288,0.7810358412180303,0.9999999630807312,38,3,2025-12-10
AKAM/YUM,AKAM,YUM,slow_signal,11757.99995695454,0.9243093205003946,0.7810358412180303,0.9998361962960315,38,3,2025-12-10
CL/WST,CL,WST,slow_signal,19410.92635068296,1.8116880209460076,0.7810358412180303,0.9997593927848584,38,3,2025-12-10
BAX/IDXX,BAX,IDXX,slow_signal,-3382.925305607623,-0.2747865241441924,0.7810358412180303,2.3669944446433458e-08,36,3,2025-12-10
AVB/INCY,AVB,INCY,slow_signal,747.6233625130271,0.06802308256423617,0.7810358412180303,0.20888610474824354,36,3,2025-12-10
PFG/YUM,PFG,YUM,low_vol_specialist,-4473.988142269317,-0.3672701052287791,0.7658702702159013,4.0058126334573393e-10,100,3,2025-12-10
HAS/PFE,HAS,PFE,low_vol_specialist,18703.75739252371,1.246181753173912,0.7658702702159013,0.9999999981187558,100,3,2025-12-10
FSLR/RSG,FSLR,RSG,low_vol_specialist,22386.13817953947,0.7597319946470906,0.7658702702159013,0.9999966691364852,112,3,2025-12-10
ALB/YUM,ALB,YUM,low_vol_specialist,-9154.220889873865,-0.3713785827455801,0.7658702702159013,8.202445929731906e-21,110,3,2025-12-10
HRL/MKC,HRL,MKC,low_vol_specialist,13854.25708868618,1.2042757843887284,0.7658702702159013,0.9999976018999083,102,3,2025-12-10
AON/GEN,AON,GEN,low_vol_specialist,15031.17698724972,1.2516645358052232,0.7658702702159013,0.9999999999999998,106,3,2025-12-10
AON/MCK,AON,MCK,low_vol_specialist,-5583.307402639333,-0.659928699069367,0.7658702702159013,3.255468955686288e-32,108,3,2025-12-10
CI/LVS,CI,LVS,low_vol_specialist,648.5801860658985,0.034964414117031196,0.7658702702159013,0.08159233922818399,118,3,2025-12-10
CI/MTD,CI,MTD,low_vol_specialist,12619.38882781963,0.843604856315538,0.7658702702159013,0.9999999627764726,80,3,2025-12-10
EFX/MMM,EFX,MMM,low_vol_specialist,2484.232963691904,0.1995520597335774,0.7658702702159013,0.930113395784994,102,3,2025-12-10
CHD/HON,CHD,HON,low_vol_specialist,-4999.807736211031,-0.48860429840716835,0.7658702702159013,4.862603123585311e-10,94,3,2025-12-10
AKAM/YUM,AKAM,YUM,low_vol_specialist,7003.252040780035,0.6072478338286702,0.7658702702159013,0.9999999975402669,74,3,2025-12-10
CL/WST,CL,WST,low_vol_specialist,28566.32829209846,2.171279615390184,0.7658702702159013,0.9999998444439451,82,3,2025-12-10
BAX/IDXX,BAX,IDXX,low_vol_specialist,-9705.949299387888,-0.36625692514918273,0.7658702702159013,2.761902449581571e-12,94,3,2025-12-10
AVB/INCY,AVB,INCY,low_vol_specialist,-8258.294399313101,-0.49623762368226315,0.7658702702159013,1.040727310007021e-10,108,3,2025-12-10
PFG/YUM,PFG,YUM,balanced_plus,9243.968081629198,0.8927184799263599,0.6488550116479942,0.9999999999986448,54,3,2025-12-10
HAS/PFE,HAS,PFE,balanced_plus,-6902.937984769106,-0.4985938787644753,0.6488550116479942,3.671546800471354e-15,60,3,2025-12-10
FSLR/RSG,FSLR,RSG,balanced_plus,12471.3762596471,0.507348445239029,0.6488550116479942,0.9980168786604202,52,3,2025-12-10
ALB/YUM,ALB,YUM,balanced_plus,21291.85481502862,1.151004208908841,0.6488550116479942,0.999999999999825,52,3,2025-12-10
HRL/MKC,HRL,MKC,balanced_plus,3988.412168183209,0.5464297038694893,0.6488550116479942,0.9999999986994568,54,3,2025-12-10
AON/GEN,AON,GEN,balanced_plus,6001.571670442668,0.6262680089095634,0.6488550116479942,0.9999999981520882,48,3,2025-12-10
AON/MCK,AON,MCK,balanced_plus,-1084.078502079784,-0.1690595431004404,0.6488550116479942,3.738222391754321e-08,60,3,2025-12-10
CI/LVS,CI,LVS,balanced_plus,-621.7045424880689,-0.03954041453327433,0.6488550116479942,0.0030731408141697358,62,3,2025-12-10
CI/MTD,CI,MTD,balanced_plus,10694.7891502866,0.7138842127326636,0.6488550116479942,0.9999996613161223,70,3,2025-12-10
EFX/MMM,EFX,MMM,balanced_plus,-7763.879661245919,-0.6791740609615632,0.6488550116479942,1.5422437946358235e-10,52,3,2025-12-10
CHD/HON,CHD,HON,balanced_plus,6498.311527731955,0.7724915105537995,0.6488550116479942,0.9999999903434666,66,3,2025-12-10
AKAM/YUM,AKAM,YUM,balanced_plus,13643.45617461707,1.0546597433664369,0.6488550116479942,0.9999370646765898,52,3,2025-12-10
CL/WST,CL,WST,balanced_plus,12755.8790574384,1.4463911823576727,0.6488550116479942,0.9999999999999993,48,3,2025-12-10
BAX/IDXX,BAX,IDXX,balanced_plus,-9918.613168264848,-0.4480613021678835,0.6488550116479942,6.349219862515627e-09,58,3,2025-12-10
AVB/INCY,AVB,INCY,balanced_plus,-2252.514480792655,-0.24705707023891157,0.6488550116479942,5.378319916046677e-13,68,3,2025-12-10
PFG/YUM,PFG,YUM,medium_signal_high_leverage,13326.60196120355,0.8468329660910372,0.6443002335409403,0.9999999999985649,56,3,2025-12-10
HAS/PFE,HAS,PFE,medium_signal_high_leverage,-3635.888333969724,-0.16717315832341215,0.6443002335409403,8.661529255597605e-14,58,3,2025-12-10
FSLR/RSG,FSLR,RSG,medium_signal_high_leverage,6000.977664547866,0.15627226247950357,0.6443002335409403,0.7887011408634685,60,3,2025-12-10
ALB/YUM,ALB,YUM,medium_signal_high_leverage,6451.958529421407,0.25111684008436164,0.6443002335409403,0.9830589147473215,48,3,2025-12-10
HRL/MKC,HRL,MKC,medium_signal_high_leverage,8573.428517582372,0.6639679246340627,0.6443002335409403,0.9999999986638709,54,3,2025-12-10
AON/GEN,AON,GEN,medium_signal_high_leverage,16184.10453881537,0.8830807404393953,0.6443002335409403,0.9999999840808186,48,3,2025-12-10
AON/MCK,AON,MCK,medium_signal_high_leverage,-1790.03456725632,-0.18396214681001127,0.6443002335409403,2.8445917247735553e-09,58,3,2025-12-10
CI/LVS,CI,LVS,medium_signal_high_leverage,-8292.003472597642,-0.2705601093687097,0.6443002335409403,3.6508119850847147e-06,52,3,2025-12-10
CI/MTD,CI,MTD,medium_signal_high_leverage,6201.30415035081,0.28285896449519393,0.6443002335409403,0.9935374646271148,60,3,2025-12-10
EFX/MMM,EFX,MMM,medium_signal_high_leverage,-3730.147928848013,-0.21109769771806183,0.6443002335409403,1.7705105900126011e-09,54,3,2025-12-10
CHD/HON,CHD,HON,medium_signal_high_leverage,13803.83961050882,1.0089005554446013,0.6443002335409403,0.9999999997171343,62,3,2025-12-10
AKAM/YUM,AKAM,YUM,medium_signal_high_leverage,18138.88161974206,0.9156480179168356,0.6443002335409403,0.9999733778376694,48,3,2025-12-10
CL/WST,CL,WST,medium_signal_high_leverage,21993.81601003132,1.8060726892722394,0.6443002335409403,0.9999999999998037,42,3,2025-12-10
BAX/IDXX,BAX,IDXX,medium_signal_high_leverage,-9148.426642902734,-0.3382143694385606,0.6443002335409403,4.698117791908385e-06,46,3,2025-12-10
AVB/INCY,AVB,INCY,medium_signal_high_leverage,1752.227757144852,0.08408352206604165,0.6443002335409403,0.3561908525198497,56,3,2025-12-10
PFG/YUM,PFG,YUM,long_z_short_v,2031.923258295177,0.21183412984623207,0.637543148952437,0.9721028046676513,56,3,2025-12-10
HAS/PFE,HAS,PFE,long_z_short_v,9884.165937118414,0.9459731385235424,0.637543148952437,0.9999999992946824,38,3,2025-12-10
FSLR/RSG,FSLR,RSG,long_z_short_v,5249.801803969402,0.25286877371550914,0.637543148952437,0.9116122453826521,46,3,2025-12-10
ALB/YUM,ALB,YUM,long_z_short_v,14983.59607844948,0.9711814727585923,0.637543148952437,0.9999999999999908,48,3,2025-12-10
HRL/MKC,HRL,MKC,long_z_short_v,-3143.620214085185,-0.495580426234351,0.637543148952437,4.514087167126811e-15,40,3,2025-12-10
AON/GEN,AON,GEN,long_z_short_v,645.9363695559314,0.08332903596041959,0.637543148952437,0.35759683073039705,44,3,2025-12-10
AON/MCK,AON,MCK,long_z_short_v,-2568.197712472482,-0.44462802544379304,0.637543148952437,2.1490278704489788e-16,44,3,2025-12-10
CI/LVS,CI,LVS,long_z_short_v,2320.571335457026,0.14205413204336054,0.637543148952437,0.8547039923311499,34,3,2025-12-10
CI/MTD,CI,MTD,long_z_short_v,-1663.377357526268,-0.13631932879413866,0.637543148952437,1.7401038287235864e-07,46,3,2025-12-10
EFX/MMM,EFX,MMM,long_z_short_v,16450.57072643633,1.7957916696758114,0.637543148952437,0.9999999999839762,38,3,2025-12-10
CHD/HON,CHD,HON,long_z_short_v,2930.403667591178,0.3356343274110736,0.637543148952437,0.9998884867440331,54,3,2025-12-10
AKAM/YUM,AKAM,YUM,long_z_short_v,15416.16410628019,1.1850031802589114,0.637543148952437,0.9999327644138947,36,3,2025-12-10
CL/WST,CL,WST,long_z_short_v,6799.694728631672,0.8012628147715176,0.637543148952437,0.9999999999440136,38,3,2025-12-10
BAX/IDXX,BAX,IDXX,long_z_short_v,-10437.46103242465,-0.6103076614539625,0.637543148952437,0.0006340474208461187,38,3,2025-12-10
AVB/INCY,AVB,INCY,long_z_short_v,647.8856610294033,0.06702295025752675,0.637543148952437,0.25191562697636616,50,3,2025-12-10
PFG/YUM,PFG,YUM,high_vol_specialist,8195.045509183154,0.7655132838995814,0.5460658593847932,0.9999999999997419,38,3,2025-12-10
HAS/PFE,HAS,PFE,high_vol_specialist,380.4846494495687,0.027578306100594183,0.5460658593847932,0.07725927058287638,46,3,2025-12-10
FSLR/RSG,FSLR,RSG,high_vol_specialist,-12782.89616341154,-0.582721214600317,0.5460658593847932,8.034035195164883e-09,46,3,2025-12-10
ALB/YUM,ALB,YUM,high_vol_specialist,27363.54353876052,1.5952764889006015,0.5460658593847932,0.9999999996786115,46,3,2025-12-10
HRL/MKC,HRL,MKC,high_vol_specialist,5332.436470216579,0.7147474510691649,0.5460658593847932,0.9999999997699043,42,3,2025-12-10
AON/GEN,AON,GEN,high_vol_specialist,6123.703373630786,0.5509452792226616,0.5460658593847932,0.9999830224984801,38,3,2025-12-10
AON/MCK,AON,MCK,high_vol_specialist,12080.61966529616,2.0082427354232357,0.5460658593847932,0.9999999999932434,44,3,2025-12-10
CI/LVS,CI,LVS,high_vol_specialist,-11283.95864595747,-0.548876638610556,0.5460658593847932,5.740713619610588e-09,54,3,2025-12-10
CI/MTD,CI,MTD,high_vol_specialist,4049.819468048637,0.2999847978101266,0.5460658593847932,0.9935422062596925,54,3,2025-12-10
EFX/MMM,EFX,MMM,high_vol_specialist,7707.506739018094,0.6419680827981027,0.5460658593847932,0.9999843219064658,40,3,2025-12-10
CHD/HON,CHD,HON,high_vol_specialist,9918.359140534032,1.2157486414510597,0.5460658593847932,0.9999999779622549,44,3,2025-12-10
AKAM/YUM,AKAM,YUM,high_vol_specialist,13429.10668112136,0.9387147587510141,0.5460658593847932,0.9999980848591413,40,3,2025-12-10
CL/WST,CL,WST,high_vol_specialist,-17019.59090741919,-0.5598025279202211,0.5460658593847932,2.881858250073136e-06,56,3,2025-12-10
BAX/IDXX,BAX,IDXX,high_vol_specialist,15652.8188448167,1.5822155655574839,0.5460658593847932,0.99999949541412,42,3,2025-12-10
AVB/INCY,AVB,INCY,high_vol_specialist,-4317.650694237882,-0.4077860519948527,0.5460658593847932,0.0001306127336198582,34,3,2025-12-10
PFG/YUM,PFG,YUM,stable_signal_quick_exit,10584.77071167526,1.1245804263202233,0.4823226745551338,0.9999999999993989,42,3,2025-12-10
HAS/PFE,HAS,PFE,stable_signal_quick_exit,-3602.620118786765,-0.24568844011678723,0.4823226745551338,5.466442887964401e-07,48,3,2025-12-10
FSLR/RSG,FSLR,RSG,stable_signal_quick_exit,3746.362074155331,0.1413706160551225,0.4823226745551338,0.7371411479966982,58,3,2025-12-10
ALB/YUM,ALB,YUM,stable_signal_quick_exit,25027.74856716722,1.3615577720783578,0.4823226745551338,0.9999999999977986,48,3,2025-12-10
HRL/MKC,HRL,MKC,stable_signal_quick_exit,2918.032245330957,0.3982020048641247,0.4823226745551338,0.9999585021751286,46,3,2025-12-10
AON/GEN,AON,GEN,stable_signal_quick_exit,-2055.556326831659,-0.22435461010096214,0.4823226745551338,6.363282863611158e-08,44,3,2025-12-10
AON/MCK,AON,MCK,stable_signal_quick_exit,586.9691916785059,0.09099710546124896,0.4823226745551338,0.4094387020230685,42,3,2025-12-10
CI/LVS,CI,LVS,stable_signal_quick_exit,-3509.080503785455,-0.2980965134011667,0.4823226745551338,5.637577798415243e-10,42,3,2025-12-10
CI/MTD,CI,MTD,stable_signal_quick_exit,1125.925094849805,0.07546616304907902,0.4823226745551338,0.30175515998596436,56,3,2025-12-10
EFX/MMM,EFX,MMM,stable_signal_quick_exit,-11412.97376706687,-1.0374619344131475,0.4823226745551338,1.7050501846196054e-10,42,3,2025-12-10
CHD/HON,CHD,HON,stable_signal_quick_exit,10830.98278153042,1.108874180863163,0.4823226745551338,0.9999999990493289,50,3,2025-12-10
AKAM/YUM,AKAM,YUM,stable_signal_quick_exit,9490.747757767549,0.8290056023341127,0.4823226745551338,0.9992594905787817,36,3,2025-12-10
CL/WST,CL,WST,stable_signal_quick_exit,3618.289817714108,0.5620340963430414,0.4823226745551338,0.9999998010452399,34,3,2025-12-10
BAX/IDXX,BAX,IDXX,stable_signal_quick_exit,3527.417333554928,0.39213983985130185,0.4823226745551338,0.9999988066739215,44,3,2025-12-10
AVB/INCY,AVB,INCY,stable_signal_quick_exit,3449.888861106968,0.30827365801210627,0.4823226745551338,0.9998268785046005,50,3,2025-12-10
PFG/YUM,PFG,YUM,quick_exit,10994.86125973886,1.1810049598670755,0.4330937086557148,0.9999999990802739,58,3,2025-12-10
HAS/PFE,HAS,PFE,quick_exit,-9057.030613847557,-0.7598347666376609,0.4330937086557148,2.410488152084951e-08,62,3,2025-12-10
FSLR/RSG,FSLR,RSG,quick_exit,4104.28075934574,0.16884842922980836,0.4330937086557148,0.8233676315564309,60,3,2025-12-10
ALB/YUM,ALB,YUM,quick_exit,9827.16807033685,0.556160061468183,0.4330937086557148,0.9999999995471883,58,3,2025-12-10
HRL/MKC,HRL,MKC,quick_exit,-986.9819808801894,-0.15198464676144802,0.4330937086557148,2.0760434711675143e-05,44,3,2025-12-10
AON/GEN,AON,GEN,quick_exit,13569.3224216767,1.5643455729441613,0.4330937086557148,0.9999999999994039,58,3,2025-12-10
AON/MCK,AON,MCK,quick_exit,-368.2190997793032,-0.047790155837902845,0.4330937086557148,0.0012266927457142234,58,3,2025-12-10
CI/LVS,CI,LVS,quick_exit,-4699.765899444185,-0.3247669650783305,0.4330937086557148,5.037132760579248e-07,64,3,2025-12-10
CI/MTD,CI,MTD,quick_exit,7545.135882572851,0.5442134409921483,0.4330937086557148,0.9999748379955746,64,3,2025-12-10
EFX/MMM,EFX,MMM,quick_exit,-4878.169177868113,-0.4896854283158073,0.4330937086557148,1.3664119397924226e-12,54,3,2025-12-10
CHD/HON,CHD,HON,quick_exit,6588.951631308442,0.8655068023792979,0.4330937086557148,0.9999994952421468,46,3,2025-12-10
AKAM/YUM,AKAM,YUM,quick_exit,2890.679174893537,0.37742422621363314,0.4330937086557148,0.9999950479384961,52,3,2025-12-10
CL/WST,CL,WST,quick_exit,16396.05250543759,1.8091635806550974,0.4330937086557148,1.0,52,3,2025-12-10
BAX/IDXX,BAX,IDXX,quick_exit,-323.1878054282436,-0.01727931771470558,0.4330937086557148,0.0032246998524966116,54,3,2025-12-10
AVB/INCY,AVB,INCY,quick_exit,640.8746413217398,0.05207345066374341,0.4330937086557148,0.13853511547817604,64,3,2025-12-10
PFG/YUM,PFG,YUM,default,7867.587707135791,0.6707136621653802,0.4163982486403877,0.9999787257712186,58,3,2025-12-10
HAS/PFE,HAS,PFE,default,-15883.22400920903,-1.1841353036415023,0.4163982486403877,2.755014060245388e-10,58,3,2025-12-10
FSLR/RSG,FSLR,RSG,default,15280.74128641501,0.5993404813489276,0.4163982486403877,0.9997772792880586,58,3,2025-12-10
ALB/YUM,ALB,YUM,default,6595.170177592916,0.379401647740775,0.4163982486403877,0.9999937263269082,56,3,2025-12-10
HRL/MKC,HRL,MKC,default,3461.879059882774,0.4940971477530711,0.4163982486403877,0.9999848083749472,50,3,2025-12-10
AON/GEN,AON,GEN,default,6754.844536576073,0.7654777045752036,0.4163982486403877,0.9999999990716607,48,3,2025-12-10
AON/MCK,AON,MCK,default,-2769.358567640649,-0.4012906295016199,0.4163982486403877,1.6268050612373305e-17,62,3,2025-12-10
CI/LVS,CI,LVS,default,-6457.261359076581,-0.43888412479149913,0.4163982486403877,1.4263013282616092e-13,60,3,2025-12-10
CI/MTD,CI,MTD,default,7394.48050402229,0.5295147365626701,0.4163982486403877,0.9999587297963389,64,3,2025-12-10
EFX/MMM,EFX,MMM,default,-1786.182842806189,-0.17354776061696922,0.4163982486403877,5.021895702399078e-12,52,3,2025-12-10
CHD/HON,CHD,HON,default,4531.455732031225,0.6328279887827167,0.4163982486403877,0.999994879097597,44,3,2025-12-10
AKAM/YUM,AKAM,YUM,default,9536.676674409873,0.8041368264188613,0.4163982486403877,0.9997510872578927,52,3,2025-12-10
CL/WST,CL,WST,default,15760.32974483959,1.8799453004442332,0.4163982486403877,0.9999999999999994,50,3,2025-12-10
BAX/IDXX,BAX,IDXX,default,382.9855022236295,0.020443163070210008,0.4163982486403877,0.0682229559197399,50,3,2025-12-10
AVB/INCY,AVB,INCY,default,637.9393596472746,0.05624658973617025,0.4163982486403877,0.1410879038762361,66,3,2025-12-10
PFG/YUM,PFG,YUM,high_entry,2440.787648310971,0.32490433866598206,0.3997880271318144,0.9999911685643619,30,3,2025-12-10
HAS/PFE,HAS,PFE,high_entry,13342.7311249488,1.6337846721023361,0.3997880271318144,0.9999993481164028,34,3,2025-12-10
FSLR/RSG,FSLR,RSG,high_entry,-2819.873276609434,-0.13623271599879477,0.3997880271318144,4.612761097305232e-10,26,3,2025-12-10
ALB/YUM,ALB,YUM,high_entry,8312.415040650827,0.5873278500352682,0.3997880271318144,0.9999908900368435,22,3,2025-12-10
HRL/MKC,HRL,MKC,high_entry,-586.5520208209246,-0.12126724503832804,0.3997880271318144,1.1120684933966751e-07,22,3,2025-12-10
AON/GEN,AON,GEN,high_entry,4219.782891075704,0.657204053263566,0.3997880271318144,0.9999959527459479,30,3,2025-12-10
AON/MCK,AON,MCK,high_entry,-622.4483811693344,-0.13033730970071586,0.3997880271318144,5.722366245344983e-07,30,3,2025-12-10
CI/LVS,CI,LVS,high_entry,313.648892083992,0.03068847169430282,0.3997880271318144,0.06543417355294223,32,3,2025-12-10
CI/MTD,CI,MTD,high_entry,-246.4320627371198,-0.0207082545942977,0.3997880271318144,0.004619884931898184,30,3,2025-12-10
EFX/MMM,EFX,MMM,high_entry,7816.206427126275,1.581628209614277,0.3997880271318144,0.9999999999502848,22,3,2025-12-10
CHD/HON,CHD,HON,high_entry,5972.868636398116,0.990083690761384,0.3997880271318144,0.9995345688951178,28,3,2025-12-10
AKAM/YUM,AKAM,YUM,high_entry,12294.97881317416,1.1557750037815149,0.3997880271318144,0.9973429803545694,22,3,2025-12-10
CL/WST,CL,WST,high_entry,15064.82993861903,1.8955606320036438,0.3997880271318144,0.999999999999562,32,3,2025-12-10
BAX/IDXX,BAX,IDXX,high_entry,-12091.59212913825,-0.70754653016378,0.3997880271318144,0.001340650321894369,30,3,2025-12-10
AVB/INCY,AVB,INCY,high_entry,-6169.93964426823,-0.9048789039863999,0.3997880271318144,3.1050146261795414e-15,30,3,2025-12-10
PFG/YUM,PFG,YUM,slow_reentry,4774.783137621438,0.4110328171658248,0.3260525023578725,0.9991946602858683,50,3,2025-12-10
HAS/PFE,HAS,PFE,slow_reentry,-15245.00616853844,-1.2187254861966033,0.3260525023578725,1.2925535723899114e-07,44,3,2025-12-10
FSLR/RSG,FSLR,RSG,slow_reentry,10409.03656326347,0.4298217127451085,0.3260525023578725,0.9965708742761301,52,3,2025-12-10
ALB/YUM,ALB,YUM,slow_reentry,11857.17421592385,0.7463395269115091,0.3260525023578725,0.9999999999999838,46,3,2025-12-10
HRL/MKC,HRL,MKC,slow_reentry,2499.652111820571,0.3619124874790192,0.3260525023578725,0.9997276997293654,48,3,2025-12-10
AON/GEN,AON,GEN,slow_reentry,6231.800937674242,0.8432514649135266,0.3260525023578725,1.0,40,3,2025-12-10
AON/MCK,AON,MCK,slow_reentry,-3279.28881445866,-0.4785010276677246,0.3260525023578725,7.190248286177173e-19,60,3,2025-12-10
CI/LVS,CI,LVS,slow_reentry,-1132.334331406514,-0.10305517324279251,0.3260525023578725,0.0002549729335902651,42,3,2025-12-10
CI/MTD,CI,MTD,slow_reentry,8396.726625417794,0.5988148809778774,0.3260525023578725,0.9999867982208118,62,3,2025-12-10
EFX/MMM,EFX,MMM,slow_reentry,-8804.859842235604,-0.8488534367746494,0.3260525023578725,3.3619993436029776e-11,50,3,2025-12-10
CHD/HON,CHD,HON,slow_reentry,4583.644387464519,0.641552585866523,0.3260525023578725,0.9999931379650628,42,3,2025-12-10
AKAM/YUM,AKAM,YUM,slow_reentry,8086.093218075272,0.7047244596446595,0.3260525023578725,0.9994769888983185,48,3,2025-12-10
CL/WST,CL,WST,slow_reentry,15853.66151422037,1.8781567388543317,0.3260525023578725,0.9999999999999994,50,3,2025-12-10
BAX/IDXX,BAX,IDXX,slow_reentry,897.9956811828201,0.04796671481647183,0.3260525023578725,0.19769588610513822,48,3,2025-12-10
AVB/INCY,AVB,INCY,slow_reentry,-13.03812023716239,-0.0011570652982990043,0.3260525023578725,0.017235681901138042,56,3,2025-12-10
PFG/YUM,PFG,YUM,deep_dislocation,6769.621618993035,0.6185209217253491,0.3128678468060906,0.9999997515967537,26,3,2025-12-10
HAS/PFE,HAS,PFE,deep_dislocation,12852.99930398607,1.1221615961589166,0.3128678468060906,0.9999791537485239,28,3,2025-12-10
FSLR/RSG,FSLR,RSG,deep_dislocation,-7808.851512646806,-0.24884085820769503,0.3128678468060906,1.4053548570601522e-12,28,3,2025-12-10
ALB/YUM,ALB,YUM,deep_dislocation,11264.48640883629,0.6247529350720888,0.3128678468060906,0.999996630283082,20,3,2025-12-10
HRL/MKC,HRL,MKC,deep_dislocation,4086.083690523939,0.5077738403782979,0.3128678468060906,0.9996194913533245,20,3,2025-12-10
AON/GEN,AON,GEN,deep_dislocation,1483.653751653886,0.10773433407823987,0.3128678468060906,0.5374204979029927,28,3,2025-12-10
AON/MCK,AON,MCK,deep_dislocation,-1789.69255376832,-0.2819378826020277,0.3128678468060906,3.320940964917817e-10,22,3,2025-12-10
CI/LVS,CI,LVS,deep_dislocation,-4527.210811815359,-0.2271606045358855,0.3128678468060906,5.086464866698478e-11,24,3,2025-12-10
CI/MTD,CI,MTD,deep_dislocation,3073.085077862378,0.1755380062164445,0.3128678468060906,0.8489630239986397,30,3,2025-12-10
EFX/MMM,EFX,MMM,deep_dislocation,12857.2692079703,1.3525930300855955,0.3128678468060906,0.9999999999999903,22,3,2025-12-10
CHD/HON,CHD,HON,deep_dislocation,12617.5235797781,1.2049992095075055,0.3128678468060906,0.9999751094449748,22,3,2025-12-10
AKAM/YUM,AKAM,YUM,deep_dislocation,11015.416675912,0.6248301451845661,0.3128678468060906,0.9997004073899767,20,3,2025-12-10
CL/WST,CL,WST,deep_dislocation,18934.71455116259,1.643248525506851,0.3128678468060906,0.9999999999993276,26,3,2025-12-10
BAX/IDXX,BAX,IDXX,deep_dislocation,-19933.10674653927,-0.7869336701764398,0.3128678468060906,0.002067573839352912,22,3,2025-12-10
AVB/INCY,AVB,INCY,deep_dislocation,-12632.6354827938,-0.8546617905422299,0.3128678468060906,1.7150889856479977e-25,40,3,2025-12-10
PFG/YUM,PFG,YUM,vol_adaptive,7160.99458913176,0.6952317467950073,0.2986342786396953,0.9999999999992134,66,3,2025-12-10
HAS/PFE,HAS,PFE,vol_adaptive,-10337.86746185366,-0.7279271842856199,0.2986342786396953,1.8153011076057713e-14,66,3,2025-12-10
FSLR/RSG,FSLR,RSG,vol_adaptive,6319.750420781536,0.2584874282198404,0.2986342786396953,0.9664145979071127,68,3,2025-12-10
ALB/YUM,ALB,YUM,vol_adaptive,-7960.169215186985,-0.4309044349588393,0.2986342786396953,6.3743577324930916e-24,68,3,2025-12-10
HRL/MKC,HRL,MKC,vol_adaptive,2890.515285939171,0.35558227832356576,0.2986342786396953,0.9999662663125009,64,3,2025-12-10
AON/GEN,AON,GEN,vol_adaptive,6046.60527134782,0.6221066245517435,0.2986342786396953,0.9999999999999368,58,3,2025-12-10
AON/MCK,AON,MCK,vol_adaptive,-1522.117892004168,-0.21706804958221407,0.2986342786396953,8.101379952403373e-08,60,3,2025-12-10
CI/LVS,CI,LVS,vol_adaptive,-724.8227911109107,-0.04870896266695549,0.2986342786396953,0.0019771459454231205,70,3,2025-12-10
CI/MTD,CI,MTD,vol_adaptive,5212.092467277484,0.34917382059545443,0.2986342786396953,0.9995683958745163,80,3,2025-12-10
EFX/MMM,EFX,MMM,vol_adaptive,-4566.835862245402,-0.41873490920784023,0.2986342786396953,2.2345055893396832e-10,62,3,2025-12-10
CHD/HON,CHD,HON,vol_adaptive,8129.35220256706,0.8812290867526109,0.2986342786396953,0.9999999999948043,76,3,2025-12-10
AKAM/YUM,AKAM,YUM,vol_adaptive,15894.10191713399,1.3325934957833294,0.2986342786396953,0.9998179806060783,52,3,2025-12-10
CL/WST,CL,WST,vol_adaptive,16240.78937636628,1.9050471273166178,0.2986342786396953,0.9999999999999999,52,3,2025-12-10
BAX/IDXX,BAX,IDXX,vol_adaptive,1285.004917857594,0.05704175271839816,0.2986342786396953,0.22145475024313704,50,3,2025-12-10
AVB/INCY,AVB,INCY,vol_adaptive,1144.112943771862,0.11101179088275881,0.2986342786396953,0.5706575574849001,72,3,2025-12-10
PFG/YUM,PFG,YUM,vol_gated,8336.798098582442,0.8118579533844732,0.2542988142762217,0.9999999999988511,62,3,2025-12-10
HAS/PFE,HAS,PFE,vol_gated,-10355.01448613394,-0.723197479776118,0.2542988142762217,2.647568921145324e-14,66,3,2025-12-10
FSLR/RSG,FSLR,RSG,vol_gated,6478.614232547376,0.2627710523744738,0.2542988142762217,0.9681242928494754,68,3,2025-12-10
ALB/YUM,ALB,YUM,vol_gated,-20858.84423849953,-1.0305237868457775,0.2542988142762217,5.0363771441246865e-24,66,3,2025-12-10
HRL/MKC,HRL,MKC,vol_gated,2615.281867322205,0.3237868320534744,0.2542988142762217,0.9998494002678366,64,3,2025-12-10
AON/GEN,AON,GEN,vol_gated,6307.846025080766,0.6719562181349757,0.2542988142762217,0.9999999999999,54,3,2025-12-10
AON/MCK,AON,MCK,vol_gated,-1157.772299082012,-0.16762247749838588,0.2542988142762217,1.35333022334006e-06,58,3,2025-12-10
CI/LVS,CI,LVS,vol_gated,-665.2405258037529,-0.045541289587541625,0.2542988142762217,0.00223103060554042,66,3,2025-12-10
CI/MTD,CI,MTD,vol_gated,6181.577782461862,0.41155333150258794,0.2542988142762217,0.9999290304905625,78,3,2025-12-10
EFX/MMM,EFX,MMM,vol_gated,-6345.071614597245,-0.5960807026179742,0.2542988142762217,2.212236782657612e-09,54,3,2025-12-10
CHD/HON,CHD,HON,vol_gated,7587.747561389065,0.816212711561753,0.2542988142762217,0.9999999999913597,70,3,2025-12-10
AKAM/YUM,AKAM,YUM,vol_gated,16404.55773216586,1.3922811203653158,0.2542988142762217,0.9997117425778707,46,3,2025-12-10
CL/WST,CL,WST,vol_gated,16747.91775982628,1.9575868404465318,0.2542988142762217,0.9999999999999998,52,3,2025-12-10
BAX/IDXX,BAX,IDXX,vol_gated,9305.860618941875,0.4500216678965804,0.2542988142762217,0.9791025242044721,50,3,2025-12-10
AVB/INCY,AVB,INCY,vol_gated,1852.775999336346,0.17825544622279102,0.2542988142762217,0.902527602420242,64,3,2025-12-10
PFG/YUM,PFG,YUM,tight_stop,10965.0946828946,1.1831226234628167,0.0050970110675002,0.9999999988994878,58,3,2025-12-10
HAS/PFE,HAS,PFE,tight_stop,-9113.522403127086,-0.769558371749366,0.0050970110675002,3.609328840838839e-08,62,3,2025-12-10
FSLR/RSG,FSLR,RSG,tight_stop,2585.590095293091,0.10782552584919278,0.0050970110675002,0.5387304738225548,60,3,2025-12-10
ALB/YUM,ALB,YUM,tight_stop,-3636.01920263493,-0.2237651707124031,0.0050970110675002,3.5374743755326492e-09,60,3,2025-12-10
HRL/MKC,HRL,MKC,tight_stop,140.6105880931846,0.021751333106558666,0.0050970110675002,0.048027533295439774,46,3,2025-12-10
AON/GEN,AON,GEN,tight_stop,10978.93070947252,1.3552009695267924,0.0050970110675002,0.9999999999892368,58,3,2025-12-10
AON/MCK,AON,MCK,tight_stop,-789.4996982052344,-0.10656737383640061,0.0050970110675002,2.9273875874110994e-05,60,3,2025-12-10
CI/LVS,CI,LVS,tight_stop,-7123.768282731314,-0.5375971084681486,0.0050970110675002,1.283291094701974e-12,64,3,2025-12-10
CI/MTD,CI,MTD,tight_stop,7400.621808246001,0.5356037192745179,0.0050970110675002,0.9999689392914543,64,3,2025-12-10
EFX/MMM,EFX,MMM,tight_stop,-5185.219639851759,-0.5410456170041951,0.0050970110675002,3.972106388365922e-11,54,3,2025-12-10
CHD/HON,CHD,HON,tight_stop,4173.169538084427,0.6160842117333113,0.0050970110675002,0.9999712607037411,44,3,2025-12-10
AKAM/YUM,AKAM,YUM,tight_stop,2756.736258149298,0.3647459604253416,0.0050970110675002,0.9999921758779935,52,3,2025-12-10
CL/WST,CL,WST,tight_stop,17107.96982904433,1.9657467861933615,0.0050970110675002,1.0,52,3,2025-12-10
BAX/IDXX,BAX,IDXX,tight_stop,89.74364728858563,0.00484861884175724,0.0050970110675002,0.026125583730248158,54,3,2025-12-10
AVB/INCY,AVB,INCY,tight_stop,-2692.838346750282,-0.21570879077029842,0.0050970110675002,1.3938705200553034e-05,64,3,2025-12-10
PFG/YUM,PFG,YUM,deep_entry_quick_exit,3072.076343486829,0.4124949816153383,-0.0206860942518215,0.9999992391519916,28,3,2025-12-10
HAS/PFE,HAS,PFE,deep_entry_quick_exit,12228.68871698187,1.6519917976642429,-0.0206860942518215,0.9999887210747609,28,3,2025-12-10
FSLR/RSG,FSLR,RSG,deep_entry_quick_exit,-10328.31789840756,-0.49805366948029794,-0.0206860942518215,3.437923033480977e-08,28,3,2025-12-10
ALB/YUM,ALB,YUM,deep_entry_quick_exit,4709.137823909654,0.40795967377326603,-0.0206860942518215,0.9997201685234299,20,3,2025-12-10
HRL/MKC,HRL,MKC,deep_entry_quick_exit,-990.7131830812118,-0.20235457050323274,-0.0206860942518215,3.6182891558635386e-10,22,3,2025-12-10
AON/GEN,AON,GEN,deep_entry_quick_exit,2132.607510871885,0.39438782039970827,-0.0206860942518215,0.9999971750427659,26,3,2025-12-10
AON/MCK,AON,MCK,deep_entry_quick_exit,1059.733380779258,0.20705850244885,-0.0206860942518215,0.9747948784106379,20,3,2025-12-10
CI/LVS,CI,LVS,deep_entry_quick_exit,-8634.696598456234,-0.9978567674559398,-0.0206860942518215,1.8250863467715644e-15,24,3,2025-12-10
CI/MTD,CI,MTD,deep_entry_quick_exit,804.3854746000444,0.06778402776370669,-0.0206860942518215,0.2695165785207657,32,3,2025-12-10
EFX/MMM,EFX,MMM,deep_entry_quick_exit,10381.37995071327,1.5782510406543373,-0.0206860942518215,0.9999999999999939,24,3,2025-12-10
CHD/HON,CHD,HON,deep_entry_quick_exit,9747.076045756807,1.3666134056749684,-0.0206860942518215,0.9999928555566453,22,3,2025-12-10
AKAM/YUM,AKAM,YUM,deep_entry_quick_exit,10397.61026413755,0.974746384118527,-0.0206860942518215,0.998366501790027,22,3,2025-12-10
CL/WST,CL,WST,deep_entry_quick_exit,11437.11059603163,1.4316138874309259,-0.0206860942518215,0.9999999999999305,26,3,2025-12-10
BAX/IDXX,BAX,IDXX,deep_entry_quick_exit,-14967.83297230054,-0.8891453920754692,-0.0206860942518215,0.00248655595168444,24,3,2025-12-10
AVB/INCY,AVB,INCY,deep_entry_quick_exit,-4069.745570270807,-0.5428328825254255,-0.0206860942518215,1.0229688827418254e-21,34,3,2025-12-10
PFG/YUM,PFG,YUM,patient_hold,10307.84976226686,1.106060789444538,-0.0707575079611992,0.9999999998379221,44,3,2025-12-10
HAS/PFE,HAS,PFE,patient_hold,-6858.372377903932,-0.588570227154728,-0.0707575079611992,6.604414199547048e-09,36,3,2025-12-10
FSLR/RSG,FSLR,RSG,patient_hold,-7911.686618423672,-0.4191939619726185,-0.0707575079611992,9.441346157742247e-08,34,3,2025-12-10
ALB/YUM,ALB,YUM,patient_hold,13451.33926756834,0.8803055327268738,-0.0707575079611992,0.9999999541061116,36,3,2025-12-10
HRL/MKC,HRL,MKC,patient_hold,-543.1634402813006,-0.0994828743687333,-0.0707575079611992,0.00012924174131474916,32,3,2025-12-10
AON/GEN,AON,GEN,patient_hold,1210.079577829816,0.13569839939037184,-0.0707575079611992,0.6931929341776502,34,3,2025-12-10
AON/MCK,AON,MCK,patient_hold,5031.259633453372,1.0016307549979802,-0.0707575079611992,0.9999999989314141,54,3,2025-12-10
CI/LVS,CI,LVS,patient_hold,-13573.15475270214,-0.9636043016527467,-0.0707575079611992,5.7386554288099805e-18,36,3,2025-12-10
CI/MTD,CI,MTD,patient_hold,4387.205885613711,0.36265201508270994,-0.0707575079611992,0.9951748109089418,50,3,2025-12-10
EFX/MMM,EFX,MMM,patient_hold,3081.630360958779,0.30374935402015374,-0.0707575079611992,0.9825754922241221,32,3,2025-12-10
CHD/HON,CHD,HON,patient_hold,8896.25441779959,1.1296446536475913,-0.0707575079611992,0.9999999160654202,36,3,2025-12-10
AKAM/YUM,AKAM,YUM,patient_hold,10373.08022139105,0.8470626827691047,-0.0707575079611992,0.9998720435018404,34,3,2025-12-10
CL/WST,CL,WST,patient_hold,15003.62719837656,1.8265236061990822,-0.0707575079611992,0.9999999999999996,48,3,2025-12-10
BAX/IDXX,BAX,IDXX,patient_hold,-10575.20353500529,-0.6258464907891964,-0.0707575079611992,0.0007124817103507192,36,3,2025-12-10
AVB/INCY,AVB,INCY,patient_hold,-8799.957114147903,-1.0563527204133,-0.0707575079611992,1.0166672006908434e-16,34,3,2025-12-10
PFG/YUM,PFG,YUM,no_leverage,3964.077751977687,0.6812074666348774,-0.10921035105834,0.9999816286433869,58,3,2025-12-10
HAS/PFE,HAS,PFE,no_leverage,-7881.855940511786,-1.1881384384311393,-0.10921035105834,3.768486866845893e-10,58,3,2025-12-10
FSLR/RSG,FSLR,RSG,no_leverage,7512.41167630374,0.5959695815457499,-0.10921035105834,0.9997624697286072,58,3,2025-12-10
ALB/YUM,ALB,YUM,no_leverage,3181.7863659589,0.3696938933380248,-0.10921035105834,0.9999883580303429,56,3,2025-12-10
HRL/MKC,HRL,MKC,no_leverage,1690.529909647969,0.4917024064376824,-0.10921035105834,0.9999866541849161,50,3,2025-12-10
AON/GEN,AON,GEN,no_leverage,3347.699439275729,0.7676535975313188,-0.10921035105834,0.999999999006005,48,3,2025-12-10
AON/MCK,AON,MCK,no_leverage,-1304.473201412268,-0.3857433434332215,-0.10921035105834,7.006885351620614e-17,62,3,2025-12-10
CI/LVS,CI,LVS,no_leverage,-3166.23641535678,-0.434688059495187,-0.10921035105834,1.9902070204068978e-13,60,3,2025-12-10
CI/MTD,CI,MTD,no_leverage,3645.212116413065,0.5324378267083775,-0.10921035105834,0.9999681235018545,64,3,2025-12-10
EFX/MMM,EFX,MMM,no_leverage,-858.9215456717702,-0.16979381011549183,-0.10921035105834,9.604697110618954e-12,52,3,2025-12-10
CHD/HON,CHD,HON,no_leverage,2262.00945452808,0.6358582086572138,-0.10921035105834,0.9999932987769763,44,3,2025-12-10
AKAM/YUM,AKAM,YUM,no_leverage,4670.823246897266,0.8032241999040907,-0.10921035105834,0.9997859279430916,52,3,2025-12-10
CL/WST,CL,WST,no_leverage,7800.551283051151,1.8816932989253967,-0.10921035105834,0.9999999999999996,50,3,2025-12-10
BAX/IDXX,BAX,IDXX,no_leverage,265.7375386289347,0.028901302282920406,-0.10921035105834,0.10095914670047323,50,3,2025-12-10
AVB/INCY,AVB,INCY,no_leverage,390.2509658191436,0.06937736761017498,-0.10921035105834,0.2155942217986777,66,3,2025-12-10
PFG/YUM,PFG,YUM,symmetric_exit,-2851.796560398428,-0.28928353089900427,-0.2006180604924205,1.687303159829167e-09,46,3,2025-12-10
HAS/PFE,HAS,PFE,symmetric_exit,-11314.39267059621,-0.9103427059063364,-0.2006180604924205,3.425479535960126e-09,46,3,2025-12-10
FSLR/RSG,FSLR,RSG,symmetric_exit,11796.83158278854,0.5110680495687039,-0.2006180604924205,0.9975786440409674,42,3,2025-12-10
ALB/YUM,ALB,YUM,symmetric_exit,9116.824475778001,0.6189315019231808,-0.2006180604924205,0.9999995173938886,38,3,2025-12-10
HRL/MKC,HRL,MKC,symmetric_exit,1593.84669512734,0.2704457613665061,-0.2006180604924205,0.9922312651274671,36,3,2025-12-10
AON/GEN,AON,GEN,symmetric_exit,2129.653184480903,0.27467403092518144,-0.2006180604924205,0.9981220496994538,44,3,2025-12-10
AON/MCK,AON,MCK,symmetric_exit,-2572.634100865546,-0.4636402166981232,-0.2006180604924205,1.7655298834008287e-17,52,3,2025-12-10
CI/LVS,CI,LVS,symmetric_exit,-5008.379884276841,-0.40225892883960285,-0.2006180604924205,4.036191424152018e-11,48,3,2025-12-10
CI/MTD,CI,MTD,symmetric_exit,1184.026455961941,0.09725139331235709,-0.2006180604924205,0.4692903792045017,46,3,2025-12-10
EFX/MMM,EFX,MMM,symmetric_exit,7416.745321898724,1.0897746520955482,-0.2006180604924205,0.9999996688391058,34,3,2025-12-10
CHD/HON,CHD,HON,symmetric_exit,6436.077738393814,1.077296253286471,-0.2006180604924205,0.9996869589599409,32,3,2025-12-10
AKAM/YUM,AKAM,YUM,symmetric_exit,8663.826564214098,0.8367132808797973,-0.2006180604924205,0.9975488185452093,36,3,2025-12-10
CL/WST,CL,WST,symmetric_exit,8353.87205346837,1.1176625961251523,-0.2006180604924205,0.9999999999972458,44,3,2025-12-10
BAX/IDXX,BAX,IDXX,symmetric_exit,-9359.791962791822,-0.5553221854841169,-0.2006180604924205,0.00036311048057849316,42,3,2025-12-10
AVB/INCY,AVB,INCY,symmetric_exit,-9100.320089103718,-1.1513566767177494,-0.2006180604924205,3.6304868389201764e-20,46,3,2025-12-10
PFG/YUM,PFG,YUM,conservative_no_leverage,2103.136585926715,0.4748680316753497,-0.5834620771799915,0.9999999999538488,36,3,2025-12-10
HAS/PFE,HAS,PFE,conservative_no_leverage,-1863.070620941252,-0.25995747458231006,-0.5834620771799915,1.4573334113217547e-08,38,3,2025-12-10
FSLR/RSG,FSLR,RSG,conservative_no_leverage,-9592.369747962273,-0.9716169701715035,-0.5834620771799915,1.0679952370215589e-05,32,3,2025-12-10
ALB/YUM,ALB,YUM,conservative_no_leverage,3863.333290710774,0.5764120811365754,-0.5834620771799915,0.9999997050339066,30,3,2025-12-10
HRL/MKC,HRL,MKC,conservative_no_leverage,1564.212563286833,0.583127250886481,-0.5834620771799915,0.999999999996174,28,3,2025-12-10
AON/GEN,AON,GEN,conservative_no_leverage,6449.309440578024,1.1663694417120862,-0.5834620771799915,0.9999997436643827,36,3,2025-12-10
AON/MCK,AON,MCK,conservative_no_leverage,3088.558665141339,1.4301433232409524,-0.5834620771799915,0.9999999998348434,44,3,2025-12-10
CI/LVS,CI,LVS,conservative_no_leverage,-4204.599953711745,-0.49017749893083135,-0.5834620771799915,3.9597354162714306e-14,38,3,2025-12-10
CI/MTD,CI,MTD,conservative_no_leverage,2245.681021015693,0.39463857707343364,-0.5834620771799915,0.9951891244880204,40,3,2025-12-10
EFX/MMM,EFX,MMM,conservative_no_leverage,3706.564385949744,0.7403891124936446,-0.5834620771799915,0.999760001357398,38,3,2025-12-10
CHD/HON,CHD,HON,conservative_no_leverage,4506.020649931117,1.2300984057303792,-0.5834620771799915,0.9999987337027982,30,3,2025-12-10
AKAM/YUM,AKAM,YUM,conservative_no_leverage,3491.777639475463,0.5663789567473068,-0.5834620771799915,0.9999270566665017,28,3,2025-12-10
CL/WST,CL,WST,conservative_no_leverage,4527.802628827213,1.1414433032132603,-0.5834620771799915,0.9999999999999744,44,3,2025-12-10
BAX/IDXX,BAX,IDXX,conservative_no_leverage,-5529.978416545149,-0.6217346497762151,-0.5834620771799915,0.00017672720125301244,40,3,2025-12-10
AVB/INCY,AVB,INCY,conservative_no_leverage,-1164.369875036067,-0.24895060505618816,-0.5834620771799915,2.0538432204148502e-13,42,3,2025-12-10
PFG/YUM,PFG,YUM,conservative,1922.541044127971,0.5848058752062869,-0.728800618106934,0.9999658633368185,22,3,2025-12-10
HAS/PFE,HAS,PFE,conservative,3568.672913528009,0.9798154821058387,-0.728800618106934,0.9999211267517106,34,3,2025-12-10
FSLR/RSG,FSLR,RSG,conservative,-5751.104240491004,-0.6158855063591108,-0.728800618106934,8.974276176731457e-06,26,3,2025-12-10
ALB/YUM,ALB,YUM,conservative,4053.050826333782,0.8892713112006535,-0.728800618106934,0.9999999947615293,22,3,2025-12-10
HRL/MKC,HRL,MKC,conservative,-753.04418638713,-0.3564700140893704,-0.728800618106934,1.880600080313524e-08,22,3,2025-12-10
AON/GEN,AON,GEN,conservative,4076.991464921022,1.9103581888211996,-0.728800618106934,0.9999999999999996,30,3,2025-12-10
AON/MCK,AON,MCK,conservative,2660.831397926137,1.5533803630197336,-0.728800618106934,0.9999998464050396,28,3,2025-12-10
CI/LVS,CI,LVS,conservative,-4576.761402146381,-1.013786432511798,-0.728800618106934,4.950777167141927e-12,26,3,2025-12-10
CI/MTD,CI,MTD,conservative,-290.5934550704885,-0.05161354725287226,-0.728800618106934,0.00034843742990055087,28,3,2025-12-10
EFX/MMM,EFX,MMM,conservative,4149.783181479476,1.5307201785955833,-0.728800618106934,0.9999999999894162,26,3,2025-12-10
CHD/HON,CHD,HON,conservative,4772.271994178755,1.373693423260578,-0.728800618106934,0.9999834291675903,26,3,2025-12-10
AKAM/YUM,AKAM,YUM,conservative,2764.679677271207,0.7295860183545126,-0.728800618106934,0.997906611235244,28,3,2025-12-10
CL/WST,CL,WST,conservative,7023.732370005774,2.0116026425054456,-0.728800618106934,0.9999999999267059,26,3,2025-12-10
BAX/IDXX,BAX,IDXX,conservative,-7205.074170063353,-0.8733635285954334,-0.728800618106934,0.002263211053532895,28,3,2025-12-10
AVB/INCY,AVB,INCY,conservative,-2674.958391124071,-0.7446834006768053,-0.728800618106934,1.5116869176792779e-18,32,3,2025-12-10
PFG/YUM,PFG,YUM,fast_signal,7924.710326548759,0.727578212089236,1.6912635097608666,0.9999999999995718,76,4,2026-01-16
HAS/PFE,HAS,PFE,fast_signal,16487.20603064131,0.9881649424366051,1.6912635097608666,0.9999999979682367,70,4,2026-01-16
FSLR/RSG,FSLR,RSG,fast_signal,23675.02128944848,0.8326650324901461,1.6912635097608666,0.999980590116831,72,4,2026-01-16
ALB/YUM,ALB,YUM,fast_signal,14936.57519248497,0.7188216472752108,1.6912635097608666,0.9999999999999319,74,4,2026-01-16
HRL/MKC,HRL,MKC,fast_signal,-4407.214038192791,-0.6135416784357378,1.6912635097608666,3.78173028158067e-23,76,4,2026-01-16
AON/GEN,AON,GEN,fast_signal,5592.422242561905,0.49836795574968806,1.6912635097608666,0.9996096119318749,76,4,2026-01-16
AON/MCK,AON,MCK,fast_signal,3340.57002121504,0.4610053942830958,1.6912635097608666,0.9999999990899564,74,4,2026-01-16
CI/LVS,CI,LVS,fast_signal,-6027.70492269488,-0.3180523131456323,1.6912635097608666,4.73363004861956e-06,90,4,2026-01-16
CI/MTD,CI,MTD,fast_signal,13837.11096223203,0.9302470247485904,1.6912635097608666,0.9999998047113045,58,4,2026-01-16
EFX/MMM,EFX,MMM,fast_signal,2514.927247433536,0.18487523210424617,1.6912635097608666,0.9154586694989773,66,4,2026-01-16
CHD/HON,CHD,HON,fast_signal,3579.738173878872,0.4393304659789854,1.6912635097608666,0.9999994943925473,102,4,2026-01-16
AKAM/YUM,AKAM,YUM,fast_signal,21558.61939047497,1.3892912135992488,1.6912635097608666,0.9999980939446503,64,4,2026-01-16
CL/WST,CL,WST,fast_signal,10761.98652635062,0.9742765134636057,1.6912635097608666,0.9999999999999992,72,4,2026-01-16
BAX/IDXX,BAX,IDXX,fast_signal,20165.4584628109,1.3900314479431906,1.6912635097608666,0.999953104681341,80,4,2026-01-16
AVB/INCY,AVB,INCY,fast_signal,7948.236640516287,0.6312427634065776,1.6912635097608666,0.9999999999997324,84,4,2026-01-16
PFG/YUM,PFG,YUM,fast_signal_tight_stop,9220.914342871749,0.8615778375957605,1.4945281017773524,0.999999999997802,76,4,2026-01-16
HAS/PFE,HAS,PFE,fast_signal_tight_stop,21457.43720881626,1.3376338768490825,1.4945281017773524,0.9999999680337868,68,4,2026-01-16
FSLR/RSG,FSLR,RSG,fast_signal_tight_stop,16294.48631026364,0.5826293706753618,1.4945281017773524,0.9997344358150471,72,4,2026-01-16
ALB/YUM,ALB,YUM,fast_signal_tight_stop,7893.101462996849,0.3766531857494719,1.4945281017773524,0.9999990255161647,68,4,2026-01-16
HRL/MKC,HRL,MKC,fast_signal_tight_stop,-2825.074556721624,-0.3626733359446057,1.4945281017773524,2.3672056444972495e-15,70,4,2026-01-16
AON/GEN,AON,GEN,fast_signal_tight_stop,3574.622548198381,0.4008265826359386,1.4945281017773524,0.9999993014062986,72,4,2026-01-16
AON/MCK,AON,MCK,fast_signal_tight_stop,3721.567354501918,0.49727469105385563,1.4945281017773524,0.9999999999757195,70,4,2026-01-16
CI/LVS,CI,LVS,fast_signal_tight_stop,-946.2880282940314,-0.05311154753105033,1.4945281017773524,0.002923886027741787,76,4,2026-01-16
CI/MTD,CI,MTD,fast_signal_tight_stop,17007.14888253349,1.0917322142413626,1.4945281017773524,0.9999999467454361,58,4,2026-01-16
EFX/MMM,EFX,MMM,fast_signal_tight_stop,3468.964158049375,0.26665822456668953,1.4945281017773524,0.9892834073181026,60,4,2026-01-16
CHD/HON,CHD,HON,fast_signal_tight_stop,3193.197516187206,0.40205245906116227,1.4945281017773524,0.9999985577374362,82,4,2026-01-16
AKAM/YUM,AKAM,YUM,fast_signal_tight_stop,13989.24159124331,1.19065105962444,1.4945281017773524,0.9999999594436089,64,4,2026-01-16
CL/WST,CL,WST,fast_signal_tight_stop,3655.659377565496,0.35823990244358167,1.4945281017773524,0.999995183855456,66,4,2026-01-16
BAX/IDXX,BAX,IDXX,fast_signal_tight_stop,16194.80504134909,1.136046451627447,1.4945281017773524,0.9999228371861516,72,4,2026-01-16
AVB/INCY,AVB,INCY,fast_signal_tight_stop,6048.68606504852,0.6180860544641622,1.4945281017773524,0.9999999999911788,72,4,2026-01-16
PFG/YUM,PFG,YUM,vol_agnostic,4663.321537459711,0.32995585639928365,1.4321872576457204,0.9996042775279098,106,4,2026-01-16
HAS/PFE,HAS,PFE,vol_agnostic,3481.119278416663,0.2008776697108269,1.4321872576457204,0.9396755967460243,94,4,2026-01-16
FSLR/RSG,FSLR,RSG,vol_agnostic,21208.5648910883,0.7308289169247553,1.4321872576457204,1.0,110,4,2026-01-16
ALB/YUM,ALB,YUM,vol_agnostic,19360.98853575774,0.6538479926571018,1.4321872576457204,0.9999999999999277,120,4,2026-01-16
HRL/MKC,HRL,MKC,vol_agnostic,5356.634418988793,0.5092712162719315,1.4321872576457204,0.9999999998421082,88,4,2026-01-16
AON/GEN,AON,GEN,vol_agnostic,19513.70229033737,1.3873397813666501,1.4321872576457204,0.9999999999999892,68,4,2026-01-16
AON/MCK,AON,MCK,vol_agnostic,-484.8689711125553,-0.038842417305126664,1.4321872576457204,0.0008658807286036698,116,4,2026-01-16
CI/LVS,CI,LVS,vol_agnostic,-13595.11141672829,-0.5821755059383433,1.4321872576457204,1.4377340322468803e-12,90,4,2026-01-16
CI/MTD,CI,MTD,vol_agnostic,17384.71651050819,1.0681594808565753,1.4321872576457204,0.9999999998941259,106,4,2026-01-16
EFX/MMM,EFX,MMM,vol_agnostic,13966.65277133523,0.84311899704509,1.4321872576457204,0.9999999999831137,110,4,2026-01-16
CHD/HON,CHD,HON,vol_agnostic,10352.15683288066,0.8589471951216683,1.4321872576457204,0.9999999999999887,102,4,2026-01-16
AKAM/YUM,AKAM,YUM,vol_agnostic,16495.32740699781,0.9491949400656247,1.4321872576457204,0.9999999978858091,84,4,2026-01-16
CL/WST,CL,WST,vol_agnostic,13292.20355919551,0.6811421215344384,1.4321872576457204,0.991148376148544,106,4,2026-01-16
BAX/IDXX,BAX,IDXX,vol_agnostic,14048.81103371047,1.008735151009837,1.4321872576457204,0.9999999999999993,96,4,2026-01-16
AVB/INCY,AVB,INCY,vol_agnostic,5878.203551922768,0.3295123575355055,1.4321872576457204,0.9999916863141709,102,4,2026-01-16
PFG/YUM,PFG,YUM,fast_reentry,15045.91304346591,1.4180193867356217,1.1406307345146338,0.9999999999984379,64,4,2026-01-16
HAS/PFE,HAS,PFE,fast_reentry,-3061.499319918244,-0.2034379080479413,1.1406307345146338,1.5563494695982371e-15,84,4,2026-01-16
FSLR/RSG,FSLR,RSG,fast_reentry,16238.27332960587,0.5674158181142368,1.1406307345146338,0.9999427793322432,68,4,2026-01-16
ALB/YUM,ALB,YUM,fast_reentry,16191.70489648807,0.7800970724186492,1.1406307345146338,0.9999999999999999,70,4,2026-01-16
HRL/MKC,HRL,MKC,fast_reentry,6710.024355285833,0.816650445132307,1.1406307345146338,0.9999999984822217,56,4,2026-01-16
AON/GEN,AON,GEN,fast_reentry,7175.788696228598,0.7602723460848168,1.1406307345146338,0.9999999999995556,66,4,2026-01-16
AON/MCK,AON,MCK,fast_reentry,1080.53587293863,0.13760758227017472,1.1406307345146338,0.7847158648325567,68,4,2026-01-16
CI/LVS,CI,LVS,fast_reentry,-8881.838267076604,-0.4120147393523059,1.1406307345146338,2.6479632980320763e-08,80,4,2026-01-16
CI/MTD,CI,MTD,fast_reentry,9014.71060358715,0.5755197370312971,1.1406307345146338,0.9999988586515077,70,4,2026-01-16
EFX/MMM,EFX,MMM,fast_reentry,-7535.32370484835,-0.6351711622397749,1.1406307345146338,7.379791000323856e-16,56,4,2026-01-16
CHD/HON,CHD,HON,fast_reentry,7439.942958908283,0.966839432232348,1.1406307345146338,0.9999991167828735,58,4,2026-01-16
AKAM/YUM,AKAM,YUM,fast_reentry,14293.93929452394,1.0918639125913225,1.1406307345146338,0.9999330098473954,58,4,2026-01-16
CL/WST,CL,WST,fast_reentry,15764.21304170689,1.664610438123119,1.1406307345146338,1.0,58,4,2026-01-16
BAX/IDXX,BAX,IDXX,fast_reentry,6657.43345348531,0.33156433383989714,1.1406307345146338,0.9352785765452861,64,4,2026-01-16
AVB/INCY,AVB,INCY,fast_reentry,6847.717975403819,0.4745367653786403,1.1406307345146338,0.9999999947868257,78,4,2026-01-16
PFG/YUM,PFG,YUM,aggressive,4501.821810429871,0.2277805357743705,1.133809566118967,0.9809481806568182,92,4,2026-01-16
HAS/PFE,HAS,PFE,aggressive,6454.973159100438,0.21124669510909938,1.133809566118967,0.9755228500328064,108,4,2026-01-16
FSLR/RSG,FSLR,RSG,aggressive,42795.6128744224,0.8731449503008986,1.133809566118967,0.9999999863909501,112,4,2026-01-16
ALB/YUM,ALB,YUM,aggressive,31157.4986529017,0.852084688713052,1.133809566118967,1.0,108,4,2026-01-16
HRL/MKC,HRL,MKC,aggressive,17770.79222405516,0.9046339566926984,1.133809566118967,0.9999999061066421,100,4,2026-01-16
AON/GEN,AON,GEN,aggressive,11657.304552342,0.5543062829108065,1.133809566118967,0.9999999555906589,84,4,2026-01-16
AON/MCK,AON,MCK,aggressive,-1330.341036895901,-0.07746455983380725,1.133809566118967,4.703412561650557e-06,98,4,2026-01-16
CI/LVS,CI,LVS,aggressive,-15784.48947515915,-0.4390857774048769,1.133809566118967,7.860063618587292e-11,104,4,2026-01-16
CI/MTD,CI,MTD,aggressive,15350.87774540674,0.6107196856011322,1.133809566118967,0.999999949305778,108,4,2026-01-16
EFX/MMM,EFX,MMM,aggressive,-8368.875569580889,-0.34788953413338,1.133809566118967,1.1676334175922455e-17,98,4,2026-01-16
CHD/HON,CHD,HON,aggressive,5876.46275168148,0.3878422921794795,1.133809566118967,0.9999972427088097,100,4,2026-01-16
AKAM/YUM,AKAM,YUM,aggressive,36623.41598351006,1.5499722818715855,1.133809566118967,0.999999762630904,82,4,2026-01-16
CL/WST,CL,WST,aggressive,27923.15034676825,1.642068416059945,1.133809566118967,1.0,98,4,2026-01-16
BAX/IDXX,BAX,IDXX,aggressive,-16116.24076264558,-0.4193532531135722,1.133809566118967,1.1627262524717148e-11,88,4,2026-01-16
AVB/INCY,AVB,INCY,aggressive,12122.88968977569,0.4581423746430013,1.133809566118967,0.9999999996479062,124,4,2026-01-16
PFG/YUM,PFG,YUM,low_entry,14891.58783964877,1.2186846933974558,1.072272710893248,1.0,96,4,2026-01-16
HAS/PFE,HAS,PFE,low_entry,6455.435408876901,0.30672540003166754,1.072272710893248,0.9996782996834889,114,4,2026-01-16
FSLR/RSG,FSLR,RSG,low_entry,17639.77011492893,0.603709561515048,1.072272710893248,0.9999842736352613,112,4,2026-01-16
ALB/YUM,ALB,YUM,low_entry,7248.809487567227,0.2837266189786119,1.072272710893248,0.9998971105524833,118,4,2026-01-16
HRL/MKC,HRL,MKC,low_entry,4932.405515493425,0.4749907857636289,1.072272710893248,0.9999999952419633,94,4,2026-01-16
AON/GEN,AON,GEN,low_entry,14661.19240397463,1.072362805171317,1.072272710893248,0.9999999999952079,92,4,2026-01-16
AON/MCK,AON,MCK,low_entry,-6555.929431203574,-0.5285446132118243,1.072272710893248,1.1976927798861069e-15,102,4,2026-01-16
CI/LVS,CI,LVS,low_entry,-12563.7263662485,-0.5397871809266883,1.072272710893248,7.558487514564343e-10,124,4,2026-01-16
CI/MTD,CI,MTD,low_entry,5022.417199722318,0.3283778666461566,1.072272710893248,0.9991759735531942,106,4,2026-01-16
EFX/MMM,EFX,MMM,low_entry,-1314.927159482361,-0.09214738682666035,1.072272710893248,9.274059063755685e-06,112,4,2026-01-16
CHD/HON,CHD,HON,low_entry,10201.07610027875,0.8964223249115295,1.072272710893248,0.9999999999999442,98,4,2026-01-16
AKAM/YUM,AKAM,YUM,low_entry,20867.97985520698,1.3593440834569206,1.072272710893248,0.9999998950290376,92,4,2026-01-16
CL/WST,CL,WST,low_entry,22680.99642878781,1.5731253827141816,1.072272710893248,0.9999999982182188,96,4,2026-01-16
BAX/IDXX,BAX,IDXX,low_entry,2015.957013205183,0.07868708409615158,1.072272710893248,0.36250637378118966,104,4,2026-01-16
AVB/INCY,AVB,INCY,low_entry,5772.679751332331,0.3501745579432529,1.072272710893248,0.9999999317682513,106,4,2026-01-16
PFG/YUM,PFG,YUM,static_threshold,-1028.827596573556,-0.07482543784348043,1.0669121700683164,0.00012524443310999264,92,4,2026-01-16
HAS/PFE,HAS,PFE,static_threshold,9727.669260938997,0.5400831502460769,1.0669121700683164,0.9999930901227265,98,4,2026-01-16
FSLR/RSG,FSLR,RSG,static_threshold,31745.39624202071,1.1407585155391917,1.0669121700683164,1.0,106,4,2026-01-16
ALB/YUM,ALB,YUM,static_threshold,15424.55590121496,0.5685886407585412,1.0669121700683164,0.9999999999726638,126,4,2026-01-16
HRL/MKC,HRL,MKC,static_threshold,7787.121633897794,0.75635109382146,1.0669121700683164,0.999999999999996,100,4,2026-01-16
AON/GEN,AON,GEN,static_threshold,5290.147610123679,0.38642971309920515,1.0669121700683164,0.9999726523506657,94,4,2026-01-16
AON/MCK,AON,MCK,static_threshold,10315.60498222217,1.103571312506674,1.0669121700683164,1.0,112,4,2026-01-16
CI/LVS,CI,LVS,static_threshold,-6070.460440752851,-0.2645160459626732,1.0669121700683164,5.1965743028311684e-08,96,4,2026-01-16
CI/MTD,CI,MTD,static_threshold,5472.28645583906,0.3658721318165522,1.0669121700683164,0.9995082546514795,98,4,2026-01-16
EFX/MMM,EFX,MMM,static_threshold,4971.133522927462,0.31838849617933823,1.0669121700683164,0.9996296227594568,108,4,2026-01-16
CHD/HON,CHD,HON,static_threshold,17107.15750717258,1.521966958083031,1.0669121700683164,0.9999999999999962,100,4,2026-01-16
AKAM/YUM,AKAM,YUM,static_threshold,13296.15330451441,0.8409292776394135,1.0669121700683164,0.9999997925127737,86,4,2026-01-16
CL/WST,CL,WST,static_threshold,6346.880587203967,0.29739914901908004,1.0669121700683164,0.9582220419833127,100,4,2026-01-16
BAX/IDXX,BAX,IDXX,static_threshold,-8620.490423432439,-0.41581192779311216,1.0669121700683164,7.267812960426103e-14,96,4,2026-01-16
AVB/INCY,AVB,INCY,static_threshold,5420.798813340346,0.3287943995044438,1.0669121700683164,0.9998053998749641,104,4,2026-01-16
PFG/YUM,PFG,YUM,high_leverage,11543.13636953171,0.6257003661749787,1.0525406075424135,0.9999762400804857,62,4,2026-01-16
HAS/PFE,HAS,PFE,high_leverage,-17734.9885132569,-0.7947961718026432,1.0525406075424135,1.0104941560938717e-13,56,4,2026-01-16
FSLR/RSG,FSLR,RSG,high_leverage,40858.86519071642,0.9937386777571988,1.0525406075424135,0.9999933083461727,66,4,2026-01-16
ALB/YUM,ALB,YUM,high_leverage,5646.878802513262,0.19529395292179993,1.0525406075424135,0.9720767274686088,62,4,2026-01-16
HRL/MKC,HRL,MKC,high_leverage,7262.092272161612,0.6032557997246211,1.0525406075424135,0.9999997137366965,50,4,2026-01-16
AON/GEN,AON,GEN,high_leverage,13682.60118511514,0.7420598277948925,1.0525406075424135,0.999999901494061,50,4,2026-01-16
AON/MCK,AON,MCK,high_leverage,1369.488997316068,0.11455547911683472,1.0525406075424135,0.6268018993315987,66,4,2026-01-16
CI/LVS,CI,LVS,high_leverage,-3364.001055536075,-0.1038261194804694,1.0525406075424135,0.0002442893941893858,66,4,2026-01-16
CI/MTD,CI,MTD,high_leverage,11571.58562622796,0.5213471412416827,1.0525406075424135,0.9999778147048848,70,4,2026-01-16
EFX/MMM,EFX,MMM,high_leverage,-10624.11929981807,-0.6014601725959947,1.0525406075424135,2.4584859342824732e-15,56,4,2026-01-16
CHD/HON,CHD,HON,high_leverage,9382.913623863646,0.8220015597315071,1.0525406075424135,0.9999987664683326,54,4,2026-01-16
AKAM/YUM,AKAM,YUM,high_leverage,27524.12115484645,1.2888549634262985,1.0525406075424135,0.9999919911700511,58,4,2026-01-16
CL/WST,CL,WST,high_leverage,22907.91452509457,1.6030488919198846,1.0525406075424135,1.0,56,4,2026-01-16
BAX/IDXX,BAX,IDXX,high_leverage,6849.463163033502,0.22497202112082196,1.0525406075424135,0.8555770827990974,56,4,2026-01-16
AVB/INCY,AVB,INCY,high_leverage,4407.085995708151,0.23614396022088074,1.0525406075424135,0.9990021430460423,72,4,2026-01-16
PFG/YUM,PFG,YUM,high_turnover,3419.284368220538,0.32259476552906713,0.9099473860018272,0.9999471749238551,84,4,2026-01-16
HAS/PFE,HAS,PFE,high_turnover,-1358.696354053134,-0.09569397040061883,0.9099473860018272,0.00017598430130890487,90,4,2026-01-16
FSLR/RSG,FSLR,RSG,high_turnover,26863.62204104449,0.9956527671607693,0.9099473860018272,0.9999931063325935,100,4,2026-01-16
ALB/YUM,ALB,YUM,high_turnover,6673.225612204941,0.34447342701661476,0.9099473860018272,0.9999714416931285,96,4,2026-01-16
HRL/MKC,HRL,MKC,high_turnover,7373.209070947901,0.6484533906124811,0.9099473860018272,0.9999876156903802,88,4,2026-01-16
AON/GEN,AON,GEN,high_turnover,-1707.435953055312,-0.18198155087260953,0.9099473860018272,9.083808171848287e-10,78,4,2026-01-16
AON/MCK,AON,MCK,high_turnover,-4140.871185176315,-0.33613536269641614,0.9099473860018272,2.3781685493951846e-13,94,4,2026-01-16
CI/LVS,CI,LVS,high_turnover,-6093.399863687745,-0.3273139389244887,0.9099473860018272,2.5308813332142804e-06,92,4,2026-01-16
CI/MTD,CI,MTD,high_turnover,16125.99216266987,0.9089355957552319,0.9099473860018272,0.9999999962018922,106,4,2026-01-16
EFX/MMM,EFX,MMM,high_turnover,-5162.243682669014,-0.4083260631577774,0.9099473860018272,2.8412338219553578e-11,88,4,2026-01-16
CHD/HON,CHD,HON,high_turnover,8283.60608006201,0.898061791794003,0.9099473860018272,0.9999999999470646,102,4,2026-01-16
AKAM/YUM,AKAM,YUM,high_turnover,4015.570312499754,0.45656174563827545,0.9099473860018272,0.9999999952607592,74,4,2026-01-16
CL/WST,CL,WST,high_turnover,19148.45835734114,1.4367558894152623,0.9099473860018272,0.9999997363807807,88,4,2026-01-16
BAX/IDXX,BAX,IDXX,high_turnover,16241.03573030203,1.0168236739534176,0.9099473860018272,0.9999995154202661,84,4,2026-01-16
AVB/INCY,AVB,INCY,high_turnover,-5988.537924192663,-0.5127509853488551,0.9099473860018272,3.0719663551994304e-22,90,4,2026-01-16
PFG/YUM,PFG,YUM,medium_signal_high_leverage,13114.26196120356,0.8088093502299231,0.8499944523523767,0.9999999999986764,58,4,2026-01-16
HAS/PFE,HAS,PFE,medium_signal_high_leverage,-9250.048333969728,-0.4054433447217984,0.8499944523523767,1.776507177577369e-19,60,4,2026-01-16
FSLR/RSG,FSLR,RSG,medium_signal_high_leverage,19985.42585342909,0.48607642440840326,0.8499944523523767,0.9995058912727466,70,4,2026-01-16
ALB/YUM,ALB,YUM,medium_signal_high_leverage,14655.21907458118,0.5303781702627125,0.8499944523523767,0.9999966167272776,56,4,2026-01-16
HRL/MKC,HRL,MKC,medium_signal_high_leverage,8576.517403266584,0.6454376196250966,0.8499944523523767,0.9999999986771874,56,4,2026-01-16
AON/GEN,AON,GEN,medium_signal_high_leverage,16529.05453881536,0.8509061237679562,0.8499944523523767,0.9999999957744433,52,4,2026-01-16
AON/MCK,AON,MCK,medium_signal_high_leverage,3287.505432743676,0.2996693055312294,0.8499944523523767,0.9998536520973713,62,4,2026-01-16
CI/LVS,CI,LVS,medium_signal_high_leverage,-13426.20347259763,-0.4171430396451156,0.8499944523523767,1.7447987834442926e-07,56,4,2026-01-16
CI/MTD,CI,MTD,medium_signal_high_leverage,5400.094150350833,0.23731188974421463,0.8499944523523767,0.9823745133012622,66,4,2026-01-16
EFX/MMM,EFX,MMM,medium_signal_high_leverage,-9006.747928847992,-0.4747456172076973,0.8499944523523767,1.5606768367811663e-12,58,4,2026-01-16
CHD/HON,CHD,HON,medium_signal_high_leverage,16188.87964490466,1.137829934067669,0.8499944523523767,0.9999999998968315,72,4,2026-01-16
AKAM/YUM,AKAM,YUM,medium_signal_high_leverage,26897.01161974205,1.2603288486074742,0.8499944523523767,0.9999952138284622,54,4,2026-01-16
CL/WST,CL,WST,medium_signal_high_leverage,20768.58601003135,1.5205444228335558,0.8499944523523767,1.0,48,4,2026-01-16
BAX/IDXX,BAX,IDXX,medium_signal_high_leverage,-8074.11952517076,-0.28821941818842095,0.8499944523523767,4.948918617458651e-07,54,4,2026-01-16
AVB/INCY,AVB,INCY,medium_signal_high_leverage,7310.797346258401,0.31996300802647454,0.8499944523523767,0.9998635487568526,62,4,2026-01-16
PFG/YUM,PFG,YUM,flash_hold,-4485.593496155878,-0.6934764150996152,0.8041759364552636,1.0681833172808166e-14,144,4,2026-01-16
HAS/PFE,HAS,PFE,flash_hold,5310.515163219275,0.5715128100923823,0.8041759364552636,0.9999987945194516,156,4,2026-01-16
FSLR/RSG,FSLR,RSG,flash_hold,13445.83080486881,1.022343724234297,0.8041759364552636,1.0,132,4,2026-01-16
ALB/YUM,ALB,YUM,flash_hold,1739.166105346822,0.13966966512996826,0.8041759364552636,0.7996068467266567,162,4,2026-01-16
HRL/MKC,HRL,MKC,flash_hold,-372.3131621023526,-0.05981057740324724,0.8041759364552636,0.002066884696492884,144,4,2026-01-16
AON/GEN,AON,GEN,flash_hold,-747.5578647156883,-0.0970487485335288,0.8041759364552636,9.358566481221815e-06,144,4,2026-01-16
AON/MCK,AON,MCK,flash_hold,2810.3295438265,0.5321436612419406,0.8041759364552636,0.9999999999993171,128,4,2026-01-16
CI/LVS,CI,LVS,flash_hold,808.4713647937699,0.06452512098861887,0.8041759364552636,0.21789152902333975,170,4,2026-01-16
CI/MTD,CI,MTD,flash_hold,9627.950531612712,1.1074070670304605,0.8041759364552636,0.9999999999991613,126,4,2026-01-16
EFX/MMM,EFX,MMM,flash_hold,5825.477039430225,0.7702654186746566,0.8041759364552636,0.9999999998139788,148,4,2026-01-16
CHD/HON,CHD,HON,flash_hold,6663.601815528225,1.0593175315351475,0.8041759364552636,0.9999999999999907,144,4,2026-01-16
AKAM/YUM,AKAM,YUM,flash_hold,7693.396396652135,1.1756993761421932,0.8041759364552636,0.9999999999999677,110,4,2026-01-16
CL/WST,CL,WST,flash_hold,7828.762112181933,0.7621012999149192,0.8041759364552636,0.9979562949765505,140,4,2026-01-16
BAX/IDXX,BAX,IDXX,flash_hold,189.7141579201457,0.022033256936377622,0.8041759364552636,0.0625252678823921,122,4,2026-01-16
AVB/INCY,AVB,INCY,flash_hold,5590.512849901053,0.6884119085221493,0.8041759364552636,0.9999999999999809,148,4,2026-01-16
PFG/YUM,PFG,YUM,low_vol_specialist,-5281.522205631909,-0.42006257216646,0.7767232389481844,4.495036912336303e-11,104,4,2026-01-16
HAS/PFE,HAS,PFE,low_vol_specialist,23409.06636143605,1.4420531752469834,0.7767232389481844,0.9999999999772016,110,4,2026-01-16
FSLR/RSG,FSLR,RSG,low_vol_specialist,19167.82248441199,0.6047587442103015,0.7767232389481844,0.9999964903141124,122,4,2026-01-16
ALB/YUM,ALB,YUM,low_vol_specialist,-11007.70475196398,-0.4243463217822562,0.7767232389481844,3.71332591606911e-24,124,4,2026-01-16
HRL/MKC,HRL,MKC,low_vol_specialist,14965.19223070563,1.2895493913300309,0.7767232389481844,0.9999971150460372,110,4,2026-01-16
AON/GEN,AON,GEN,low_vol_specialist,15960.39780377761,1.2529249831093698,0.7767232389481844,1.0,112,4,2026-01-16
AON/MCK,AON,MCK,low_vol_specialist,-3548.47934901391,-0.38448048520466527,0.7767232389481844,5.352472022616733e-19,114,4,2026-01-16
CI/LVS,CI,LVS,low_vol_specialist,-6298.607218492334,-0.3230795917511712,0.7767232389481844,3.884904005551972e-12,126,4,2026-01-16
CI/MTD,CI,MTD,low_vol_specialist,11935.4788878824,0.7703807892702749,0.7767232389481844,0.9999999553362114,86,4,2026-01-16
EFX/MMM,EFX,MMM,low_vol_specialist,3066.982668632389,0.23586580660135625,0.7767232389481844,0.9781912578767865,110,4,2026-01-16
CHD/HON,CHD,HON,low_vol_specialist,-5327.168482814627,-0.5045556408473056,0.7767232389481844,2.2799241909936467e-10,100,4,2026-01-16
AKAM/YUM,AKAM,YUM,low_vol_specialist,11097.03765589033,0.898112016158403,0.7767232389481844,0.9999999999687298,78,4,2026-01-16
CL/WST,CL,WST,low_vol_specialist,25956.74296598761,1.887106504507064,0.7767232389481844,0.9999999397337537,88,4,2026-01-16
BAX/IDXX,BAX,IDXX,low_vol_specialist,-7567.666683301713,-0.273935521957201,0.7767232389481844,6.637144231502907e-13,106,4,2026-01-16
AVB/INCY,AVB,INCY,low_vol_specialist,-1982.551075405707,-0.10765110766947776,0.7767232389481844,5.5603655985916116e-05,116,4,2026-01-16
PFG/YUM,PFG,YUM,short_z_long_v,1.914432484258668,0.00017009710551458746,0.7152500081540365,0.018139749311807563,54,4,2026-01-16
HAS/PFE,HAS,PFE,short_z_long_v,-5259.506724137849,-0.37149659402558977,0.7152500081540365,2.6845161204653442e-08,64,4,2026-01-16
FSLR/RSG,FSLR,RSG,short_z_long_v,9895.30556104782,0.43140525223162535,0.7152500081540365,0.9925476777927992,70,4,2026-01-16
ALB/YUM,ALB,YUM,short_z_long_v,13788.98455875446,0.7742373393346715,0.7152500081540365,0.9999999999999803,68,4,2026-01-16
HRL/MKC,HRL,MKC,short_z_long_v,-351.8972654205819,-0.048234173682820444,0.7152500081540365,0.0008178172274569891,58,4,2026-01-16
AON/GEN,AON,GEN,short_z_long_v,10653.72465653381,0.963355691550988,0.7152500081540365,0.9999999999999684,74,4,2026-01-16
AON/MCK,AON,MCK,short_z_long_v,9403.23412319218,1.1516770994570404,0.7152500081540365,1.0,80,4,2026-01-16
CI/LVS,CI,LVS,short_z_long_v,-7024.63410480425,-0.3571390411078067,0.7152500081540365,4.377211795016341e-06,66,4,2026-01-16
CI/MTD,CI,MTD,short_z_long_v,10548.34025198457,0.722900853886115,0.7152500081540365,1.0,86,4,2026-01-16
EFX/MMM,EFX,MMM,short_z_long_v,3231.173535951135,0.2486648416092886,0.7152500081540365,0.9882276748804026,66,4,2026-01-16
CHD/HON,CHD,HON,short_z_long_v,8235.117219667976,1.1121124484681892,0.7152500081540365,0.9999995309087331,74,4,2026-01-16
AKAM/YUM,AKAM,YUM,short_z_long_v,10007.23768692617,0.6794476472362315,0.7152500081540365,0.9999985017447932,74,4,2026-01-16
CL/WST,CL,WST,short_z_long_v,7849.916490179403,0.4005015294936536,0.7152500081540365,0.976625681678791,92,4,2026-01-16
BAX/IDXX,BAX,IDXX,short_z_long_v,-546.0228003194825,-0.03207941842554885,0.7152500081540365,0.003903501089759752,70,4,2026-01-16
AVB/INCY,AVB,INCY,short_z_long_v,6216.305589539358,0.48224573381945257,0.7152500081540365,0.9999953786480622,56,4,2026-01-16
PFG/YUM,PFG,YUM,quick_exit,10862.15125973886,1.1268869515743487,0.646574110286887,0.9999999994220233,62,4,2026-01-16
HAS/PFE,HAS,PFE,quick_exit,-2746.170613847558,-0.2094484315383383,0.646574110286887,1.7940639860838883e-14,70,4,2026-01-16
FSLR/RSG,FSLR,RSG,quick_exit,6506.880004394631,0.24919388320709374,0.646574110286887,0.9684737583951897,64,4,2026-01-16
ALB/YUM,ALB,YUM,quick_exit,5298.633183543479,0.2852546095529725,0.646574110286887,0.9999824092079328,66,4,2026-01-16
HRL/MKC,HRL,MKC,quick_exit,-987.9144217503335,-0.14786692215977615,0.646574110286887,2.057200560924715e-05,44,4,2026-01-16
AON/GEN,AON,GEN,quick_exit,13819.51078331372,1.4665847307046247,0.646574110286887,0.9999999999999922,64,4,2026-01-16
AON/MCK,AON,MCK,quick_exit,3286.190900220703,0.38703879583587464,0.646574110286887,0.999999736382026,62,4,2026-01-16
CI/LVS,CI,LVS,quick_exit,-7033.675899444197,-0.4634738906232343,0.646574110286887,2.5097582134370984e-08,70,4,2026-01-16
CI/MTD,CI,MTD,quick_exit,7712.245882572858,0.5341564524818053,0.646574110286887,0.999983616857701,70,4,2026-01-16
EFX/MMM,EFX,MMM,quick_exit,-4970.5391778681,-0.46988639617993777,0.646574110286887,7.774418389730752e-14,60,4,2026-01-16
CHD/HON,CHD,HON,quick_exit,7019.401631308436,0.8906177666906279,0.646574110286887,0.9999996331371198,52,4,2026-01-16
AKAM/YUM,AKAM,YUM,quick_exit,8056.189174893548,0.9193577731588412,0.646574110286887,0.9999999999999798,58,4,2026-01-16
CL/WST,CL,WST,quick_exit,15639.29250543761,1.5712037125740939,0.646574110286887,1.0,58,4,2026-01-16
BAX/IDXX,BAX,IDXX,quick_exit,2985.382194571764,0.15167524680870048,0.646574110286887,0.7121679934868979,62,4,2026-01-16
AVB/INCY,AVB,INCY,quick_exit,3020.576201927875,0.2289941492288122,0.646574110286887,0.9942611955464788,70,4,2026-01-16
PFG/YUM,PFG,YUM,stable_signal_quick_exit,10937.67071167526,1.1252657035443,0.6285095629561573,0.9999999999995497,44,4,2026-01-16
HAS/PFE,HAS,PFE,stable_signal_quick_exit,-6918.124738910162,-0.45094726896722104,0.6285095629561573,1.6210961710178035e-07,50,4,2026-01-16
FSLR/RSG,FSLR,RSG,stable_signal_quick_exit,9014.624197613191,0.3205057052975054,0.6285095629561573,0.9952578319080657,64,4,2026-01-16
ALB/YUM,ALB,YUM,stable_signal_quick_exit,25644.04177468466,1.3294975277746783,0.6285095629561573,0.9999999999996849,54,4,2026-01-16
HRL/MKC,HRL,MKC,stable_signal_quick_exit,2857.470646661297,0.37904622442495267,0.6285095629561573,0.9999482299404758,46,4,2026-01-16
AON/GEN,AON,GEN,stable_signal_quick_exit,-4477.795722909845,-0.460761092138938,0.6285095629561573,6.068129775231327e-12,46,4,2026-01-16
AON/MCK,AON,MCK,stable_signal_quick_exit,4259.469191678512,0.5829463890928506,0.6285095629561573,0.9999999999094165,46,4,2026-01-16
CI/LVS,CI,LVS,stable_signal_quick_exit,-6443.100503785467,-0.524002448642802,0.6285095629561573,6.59650878963233e-14,46,4,2026-01-16
CI/MTD,CI,MTD,stable_signal_quick_exit,85.04509484981384,0.005485019492766934,0.6285095629561573,0.0238984194041117,62,4,2026-01-16
EFX/MMM,EFX,MMM,stable_signal_quick_exit,-12935.14642435609,-1.1099531067406812,0.6285095629561573,3.451337600792966e-11,46,4,2026-01-16
CHD/HON,CHD,HON,stable_signal_quick_exit,11259.42278153042,1.1161445054845354,0.6285095629561573,0.9999999993394936,56,4,2026-01-16
AKAM/YUM,AKAM,YUM,stable_signal_quick_exit,13258.26775776756,1.0987320055863836,0.6285095629561573,0.9995833406915536,40,4,2026-01-16
CL/WST,CL,WST,stable_signal_quick_exit,2865.551262444205,0.38318719986555255,0.6285095629561573,0.9999995454159989,40,4,2026-01-16
BAX/IDXX,BAX,IDXX,stable_signal_quick_exit,5582.371714401221,0.5370717611012107,0.6285095629561573,0.9999999997756799,50,4,2026-01-16
AVB/INCY,AVB,INCY,stable_signal_quick_exit,11189.630048087,0.8488330586892024,0.6285095629561573,0.999999986065944,56,4,2026-01-16
PFG/YUM,PFG,YUM,slow_signal,-962.424219206705,-0.08504151076773452,0.620388650326987,7.979910903377296e-05,36,4,2026-01-16
HAS/PFE,HAS,PFE,slow_signal,3564.339933603244,0.27722117617303843,0.620388650326987,0.9990098903258361,44,4,2026-01-16
FSLR/RSG,FSLR,RSG,slow_signal,-10444.44550585587,-0.45866692407324533,0.620388650326987,3.729571896123965e-10,50,4,2026-01-16
ALB/YUM,ALB,YUM,slow_signal,17483.92447309513,1.1492240548281356,0.620388650326987,0.9999999999993792,46,4,2026-01-16
HRL/MKC,HRL,MKC,slow_signal,2216.861911360588,0.3648390220926321,0.620388650326987,0.9991736823566968,32,4,2026-01-16
AON/GEN,AON,GEN,slow_signal,6130.292092034975,0.6226094885933977,0.620388650326987,0.9999999944170632,48,4,2026-01-16
AON/MCK,AON,MCK,slow_signal,11010.66583612523,1.9252401290589658,0.620388650326987,0.9999999974440399,46,4,2026-01-16
CI/LVS,CI,LVS,slow_signal,-12548.65480018894,-0.7156411683233465,0.620388650326987,4.837325346187128e-06,48,4,2026-01-16
CI/MTD,CI,MTD,slow_signal,2013.590741224724,0.15504866416370736,0.620388650326987,0.8115089396266577,52,4,2026-01-16
EFX/MMM,EFX,MMM,slow_signal,8044.541433919956,0.8196174063027395,0.620388650326987,0.9999999994138039,34,4,2026-01-16
CHD/HON,CHD,HON,slow_signal,10254.59156262375,1.2183375485874477,0.620388650326987,0.9999999612937867,38,4,2026-01-16
AKAM/YUM,AKAM,YUM,slow_signal,11740.06042372825,0.8992501779811026,0.620388650326987,0.9998381273816301,38,4,2026-01-16
CL/WST,CL,WST,slow_signal,17986.37755461094,1.6085082565060986,0.620388650326987,0.9998590455388516,40,4,2026-01-16
BAX/IDXX,BAX,IDXX,slow_signal,-3357.317182231804,-0.2656841324628704,0.620388650326987,2.183506262844676e-08,38,4,2026-01-16
AVB/INCY,AVB,INCY,slow_signal,756.1178160705176,0.06691922665333971,0.620388650326987,0.21423035747549773,36,4,2026-01-16
PFG/YUM,PFG,YUM,balanced_plus,8593.498081629208,0.8037088439449621,0.5455778521193224,0.9999999999989477,58,4,2026-01-16
HAS/PFE,HAS,PFE,balanced_plus,-10526.17891672377,-0.7246177650684353,0.5455778521193224,2.3586921278227294e-13,62,4,2026-01-16
FSLR/RSG,FSLR,RSG,balanced_plus,12751.26290927402,0.48156515359225277,0.5455778521193224,0.9988917918718984,62,4,2026-01-16
ALB/YUM,ALB,YUM,balanced_plus,20118.76275881125,1.0272202861437656,0.5455778521193224,0.9999999999999807,62,4,2026-01-16
HRL/MKC,HRL,MKC,balanced_plus,3985.232445854046,0.5306558354656993,0.5455778521193224,0.9999999986631716,54,4,2026-01-16
AON/GEN,AON,GEN,balanced_plus,4862.49167044266,0.47522205296733516,0.5455778521193224,0.9999999580912824,52,4,2026-01-16
AON/MCK,AON,MCK,balanced_plus,2224.371497920214,0.30822318242583224,0.5455778521193224,0.9999236237363005,64,4,2026-01-16
CI/LVS,CI,LVS,balanced_plus,-5921.794542488083,-0.3570552536274502,0.5455778521193224,2.2488957140202134e-08,66,4,2026-01-16
CI/MTD,CI,MTD,balanced_plus,10569.29915028662,0.6797333694369557,0.5455778521193224,0.9999997202567351,80,4,2026-01-16
EFX/MMM,EFX,MMM,balanced_plus,-9965.13966124591,-0.8195244761883363,0.5455778521193224,3.083028287218402e-11,58,4,2026-01-16
CHD/HON,CHD,HON,balanced_plus,7102.144065816339,0.8044581555760069,0.5455778521193224,0.9999999976130691,76,4,2026-01-16
AKAM/YUM,AKAM,YUM,balanced_plus,17733.78617461707,1.2879067738324288,0.5455778521193224,0.9999786276603967,56,4,2026-01-16
CL/WST,CL,WST,balanced_plus,12001.06905743842,1.233049805068842,0.5455778521193224,1.0,54,4,2026-01-16
BAX/IDXX,BAX,IDXX,balanced_plus,-7223.113168264842,-0.3150250753619823,0.5455778521193224,2.5230409262990236e-12,70,4,2026-01-16
AVB/INCY,AVB,INCY,balanced_plus,-1748.61252746834,-0.17602612491145095,0.5455778521193224,3.28860724325143e-09,72,4,2026-01-16
PFG/YUM,PFG,YUM,default,7736.807707135796,0.6385882222473305,0.4989432397267972,0.9999787517785029,62,4,2026-01-16
HAS/PFE,HAS,PFE,default,-13810.20400920904,-0.9644371836414998,0.4989432397267972,2.6167150701297174e-12,64,4,2026-01-16
FSLR/RSG,FSLR,RSG,default,17665.7201079843,0.6477007126876145,0.4989432397267972,0.9999523618986732,62,4,2026-01-16
ALB/YUM,ALB,YUM,default,1052.810886224892,0.05740945419026422,0.4989432397267972,0.1909993706941694,66,4,2026-01-16
HRL/MKC,HRL,MKC,default,3466.942794335182,0.48091093040209354,0.4989432397267972,0.999985065956766,50,4,2026-01-16
AON/GEN,AON,GEN,default,7003.53453657607,0.7322994907289591,0.4989432397267972,0.9999999998834409,54,4,2026-01-16
AON/MCK,AON,MCK,default,874.091432359357,0.11312760818259592,0.4989432397267972,0.6155817063841845,66,4,2026-01-16
CI/LVS,CI,LVS,default,-9515.061359076588,-0.6165972292412117,0.4989432397267972,1.2174391521393697e-16,66,4,2026-01-16
CI/MTD,CI,MTD,default,7567.760504022295,0.5206262700646572,0.4989432397267972,0.9999725972530265,70,4,2026-01-16
EFX/MMM,EFX,MMM,default,-5259.842842806186,-0.4722082264492761,0.4989432397267972,1.1333195654368104e-15,56,4,2026-01-16
CHD/HON,CHD,HON,default,6049.815732031212,0.8081955641703306,0.4989432397267972,0.9999982101564475,54,4,2026-01-16
AKAM/YUM,AKAM,YUM,default,14665.70667440988,1.1482545879618107,0.4989432397267972,0.9999318874251094,58,4,2026-01-16
CL/WST,CL,WST,default,15024.27674758934,1.6159900345761755,0.4989432397267972,1.0,56,4,2026-01-16
BAX/IDXX,BAX,IDXX,default,3634.455502223638,0.18445272257711515,0.4989432397267972,0.7919647020726177,58,4,2026-01-16
AVB/INCY,AVB,INCY,default,3005.961954602451,0.24570082518045744,0.4989432397267972,0.9994014166839202,72,4,2026-01-16
PFG/YUM,PFG,YUM,high_vol_specialist,8197.635370279948,0.7442736848412748,0.4818354938285411,0.999999999999733,40,4,2026-01-16
HAS/PFE,HAS,PFE,high_vol_specialist,-797.9000126916944,-0.05409597267867504,0.4818354938285411,0.0001344535337812137,50,4,2026-01-16
FSLR/RSG,FSLR,RSG,high_vol_specialist,-14525.98237988671,-0.6346986988814806,0.4818354938285411,9.534359624718211e-09,48,4,2026-01-16
ALB/YUM,ALB,YUM,high_vol_specialist,27334.75503255239,1.549283485489681,0.4818354938285411,0.9999999996795991,46,4,2026-01-16
HRL/MKC,HRL,MKC,high_vol_specialist,6985.585309800739,0.8877450284643605,0.4818354938285411,0.9999999999989528,42,4,2026-01-16
AON/GEN,AON,GEN,high_vol_specialist,6086.933373630789,0.5194387689872396,0.4818354938285411,0.9999869931561002,40,4,2026-01-16
AON/MCK,AON,MCK,high_vol_specialist,15053.24966529616,2.165899361633818,0.4818354938285411,0.9999999999999805,52,4,2026-01-16
CI/LVS,CI,LVS,high_vol_specialist,-13130.30864595747,-0.6143041469135165,0.4818354938285411,1.808643663935199e-09,56,4,2026-01-16
CI/MTD,CI,MTD,high_vol_specialist,4004.019468048645,0.2847010620701966,0.4818354938285411,0.9931201433457195,58,4,2026-01-16
EFX/MMM,EFX,MMM,high_vol_specialist,5164.410650543125,0.4043755673626347,0.4818354938285411,0.9997518226158638,44,4,2026-01-16
CHD/HON,CHD,HON,high_vol_specialist,9785.55914053403,1.16149263428148,0.4818354938285411,0.9999999823535096,48,4,2026-01-16
AKAM/YUM,AKAM,YUM,high_vol_specialist,13431.53668112136,0.9125585613368415,0.4818354938285411,0.999998070706536,40,4,2026-01-16
CL/WST,CL,WST,high_vol_specialist,-19330.67090741918,-0.6163141265236026,0.4818354938285411,6.829224203365105e-06,60,4,2026-01-16
BAX/IDXX,BAX,IDXX,high_vol_specialist,15861.5988448167,1.5483752945224276,0.4818354938285411,0.9999996309085419,48,4,2026-01-16
AVB/INCY,AVB,INCY,high_vol_specialist,-1049.616819589845,-0.08940458864440319,0.4818354938285411,0.0012226990025651743,36,4,2026-01-16
PFG/YUM,PFG,YUM,slow_reentry,4645.103137621443,0.38715189016366663,0.4627624043510039,0.9990655667762238,54,4,2026-01-16
HAS/PFE,HAS,PFE,slow_reentry,-12839.24616853845,-0.9571565026353808,0.4627624043510039,2.624229270684711e-09,50,4,2026-01-16
FSLR/RSG,FSLR,RSG,slow_reentry,12764.28743912135,0.4908257271096649,0.4627624043510039,0.9992000473725436,56,4,2026-01-16
ALB/YUM,ALB,YUM,slow_reentry,6320.735170207585,0.375307761351926,0.4627624043510039,0.9999998487857318,54,4,2026-01-16
HRL/MKC,HRL,MKC,slow_reentry,2497.807457686711,0.3514903170918246,0.4627624043510039,0.9997262409928528,48,4,2026-01-16
AON/GEN,AON,GEN,slow_reentry,5113.01093767424,0.63424011514077,0.4627624043510039,0.9999999999999624,44,4,2026-01-16
AON/MCK,AON,MCK,slow_reentry,351.0011855413459,0.04571409647113359,0.4627624043510039,0.13038720282445732,64,4,2026-01-16
CI/LVS,CI,LVS,slow_reentry,-3183.364331406512,-0.27435020847143105,0.4627624043510039,5.139317055243878e-07,46,4,2026-01-16
CI/MTD,CI,MTD,slow_reentry,8533.6766254178,0.5847233484441041,0.4627624043510039,0.9999911423723582,68,4,2026-01-16
EFX/MMM,EFX,MMM,slow_reentry,-10447.25984223559,-0.9633204335132249,0.4627624043510039,3.046373687904596e-11,54,4,2026-01-16
CHD/HON,CHD,HON,slow_reentry,5541.194387464516,0.7436492266894718,0.4627624043510039,0.9999969549092314,50,4,2026-01-16
AKAM/YUM,AKAM,YUM,slow_reentry,13200.21321807528,1.0651820385938644,0.4627624043510039,0.9998512861784483,54,4,2026-01-16
CL/WST,CL,WST,slow_reentry,16473.35151422039,1.8056599314744224,0.4627624043510039,1.0,54,4,2026-01-16
BAX/IDXX,BAX,IDXX,slow_reentry,4146.615681182829,0.21061937343454412,0.4627624043510039,0.8362015378914001,56,4,2026-01-16
AVB/INCY,AVB,INCY,slow_reentry,2350.041856554613,0.1932786899241315,0.4627624043510039,0.9884396161274176,62,4,2026-01-16
PFG/YUM,PFG,YUM,long_z_short_v,1717.341470346856,0.17121761860616508,0.3863853655819635,0.9126304151877827,62,4,2026-01-16
HAS/PFE,HAS,PFE,long_z_short_v,5619.885937118408,0.5012156576789929,0.3863853655819635,0.9999994266692066,40,4,2026-01-16
FSLR/RSG,FSLR,RSG,long_z_short_v,7925.239088642682,0.35734232555042655,0.3863853655819635,0.9754616851048967,50,4,2026-01-16
ALB/YUM,ALB,YUM,long_z_short_v,13545.41166646355,0.8305934940409648,0.3863853655819635,0.9999999999999978,52,4,2026-01-16
HRL/MKC,HRL,MKC,long_z_short_v,-3508.825892141874,-0.5359847418006273,0.3863853655819635,3.4008576654199002e-15,42,4,2026-01-16
AON/GEN,AON,GEN,long_z_short_v,-891.9736304440676,-0.10828978668882949,0.3863853655819635,3.515921396340859e-06,44,4,2026-01-16
AON/MCK,AON,MCK,long_z_short_v,-1332.357712472481,-0.20326289089365937,0.3863853655819635,3.412271883917229e-08,48,4,2026-01-16
CI/LVS,CI,LVS,long_z_short_v,664.5613354570288,0.039288123649362704,0.3863853655819635,0.07924411141623161,36,4,2026-01-16
CI/MTD,CI,MTD,long_z_short_v,-1663.377357526268,-0.1324955823816318,0.3863853655819635,1.7348730055054722e-07,48,4,2026-01-16
EFX/MMM,EFX,MMM,long_z_short_v,12521.26072643633,1.2768782642233312,0.3863853655819635,0.9999999999996966,38,4,2026-01-16
CHD/HON,CHD,HON,long_z_short_v,2930.403667591178,0.3262164280765996,0.3863853655819635,0.999888725141403,54,4,2026-01-16
AKAM/YUM,AKAM,YUM,long_z_short_v,16240.15410628018,1.196336963730848,0.3863853655819635,0.9999571872142198,40,4,2026-01-16
CL/WST,CL,WST,long_z_short_v,5635.004728631667,0.6281495947068508,0.3863853655819635,0.999999999687522,42,4,2026-01-16
BAX/IDXX,BAX,IDXX,long_z_short_v,-13266.09103242466,-0.7403857047871228,0.3863853655819635,0.0008530177232262918,42,4,2026-01-16
AVB/INCY,AVB,INCY,long_z_short_v,3246.644334224603,0.2922592140892715,0.3863853655819635,0.9995296599028549,50,4,2026-01-16
PFG/YUM,PFG,YUM,vol_adaptive,6374.032842838853,0.5985650211438367,0.3494659262360866,0.999999999998699,68,4,2026-01-16
HAS/PFE,HAS,PFE,vol_adaptive,-13876.50517075472,-0.9328194841362863,0.3494659262360866,1.1253534264997298e-13,68,4,2026-01-16
FSLR/RSG,FSLR,RSG,vol_adaptive,9905.720087265938,0.3727447779544494,0.3494659262360866,0.9975123310043946,78,4,2026-01-16
ALB/YUM,ALB,YUM,vol_adaptive,-4666.32871950461,-0.23902327976760077,0.3494659262360866,4.654757900870208e-15,76,4,2026-01-16
HRL/MKC,HRL,MKC,vol_adaptive,2898.332193886615,0.3464259080596719,0.3494659262360866,0.9999675423117697,66,4,2026-01-16
AON/GEN,AON,GEN,vol_adaptive,4725.698360244924,0.4575279718428276,0.3494659262360866,0.9999999998845913,62,4,2026-01-16
AON/MCK,AON,MCK,vol_adaptive,1600.892107995829,0.20590006207693995,0.3494659262360866,0.991509579751018,66,4,2026-01-16
CI/LVS,CI,LVS,vol_adaptive,-4391.762791110917,-0.2810790025658389,0.3494659262360866,1.2807833742496426e-07,74,4,2026-01-16
CI/MTD,CI,MTD,vol_adaptive,6298.052467277483,0.4030788475847298,0.3494659262360866,0.9999470595647532,88,4,2026-01-16
EFX/MMM,EFX,MMM,vol_adaptive,-7964.849983316406,-0.6786107809270798,0.3494659262360866,2.5337564382994475e-11,66,4,2026-01-16
CHD/HON,CHD,HON,vol_adaptive,9061.845008528428,0.9441375377416417,0.3494659262360866,0.9999999999982188,86,4,2026-01-16
AKAM/YUM,AKAM,YUM,vol_adaptive,19902.731917134,1.561419921068076,0.3494659262360866,0.99993959013995,56,4,2026-01-16
CL/WST,CL,WST,vol_adaptive,14957.89937636629,1.6138967912009996,0.3494659262360866,1.0,60,4,2026-01-16
BAX/IDXX,BAX,IDXX,vol_adaptive,2051.134917857597,0.0864296254012165,0.3494659262360866,0.4200320777395064,60,4,2026-01-16
AVB/INCY,AVB,INCY,vol_adaptive,4218.15723318242,0.3592865937404269,0.3494659262360866,0.9999956717434658,78,4,2026-01-16
PFG/YUM,PFG,YUM,high_entry,2440.787648310971,0.3157877695569895,0.3311153850818903,0.999991175345824,30,4,2026-01-16
HAS/PFE,HAS,PFE,high_entry,11516.01112494879,1.3400020411005487,0.3311153850818903,0.9999995138776084,36,4,2026-01-16
FSLR/RSG,FSLR,RSG,high_entry,665.9933008418857,0.030592664735613246,0.3311153850818903,0.09866801239028228,32,4,2026-01-16
ALB/YUM,ALB,YUM,high_entry,9218.628444995236,0.6161752778430988,0.3311153850818903,0.9999972687161082,26,4,2026-01-16
HRL/MKC,HRL,MKC,high_entry,-584.3533406824881,-0.11738770690890576,0.3311153850818903,1.1795671166140321e-07,22,4,2026-01-16
AON/GEN,AON,GEN,high_entry,4186.392891075707,0.5924050529371645,0.3311153850818903,0.9999991597270236,32,4,2026-01-16
AON/MCK,AON,MCK,high_entry,-622.4483811693344,-0.1266813807290149,0.3311153850818903,5.708474272114553e-07,30,4,2026-01-16
CI/LVS,CI,LVS,high_entry,-1420.251107916007,-0.13315550313208518,0.3311153850818903,2.0849362600252683e-05,36,4,2026-01-16
CI/MTD,CI,MTD,high_entry,231.7679372628868,0.018798442254697706,0.3311153850818903,0.05014766616404477,32,4,2026-01-16
EFX/MMM,EFX,MMM,high_entry,6382.656427126271,1.0462113141628657,0.3311153850818903,0.9999999999999963,26,4,2026-01-16
CHD/HON,CHD,HON,high_entry,5551.418636398113,0.8904199722029068,0.3311153850818903,0.9995882274509738,30,4,2026-01-16
AKAM/YUM,AKAM,YUM,high_entry,14559.64881317415,1.2836866009032777,0.3311153850818903,0.9986280869334129,24,4,2026-01-16
CL/WST,CL,WST,high_entry,13710.06993861904,1.6276775396155208,0.3311153850818903,0.9999999999999843,34,4,2026-01-16
BAX/IDXX,BAX,IDXX,high_entry,-11868.82823264222,-0.6735996551481179,0.3311153850818903,0.001206566071156956,34,4,2026-01-16
AVB/INCY,AVB,INCY,high_entry,-7753.964509496976,-1.0697402458976175,0.3311153850818903,1.2939742268898222e-15,32,4,2026-01-16
PFG/YUM,PFG,YUM,tight_stop,10832.9989832599,1.1291389061938073,0.2401293995948692,0.9999999992952403,62,4,2026-01-16
HAS/PFE,HAS,PFE,tight_stop,-2955.524186989252,-0.2273791159478121,0.2401293995948692,5.715127699461942e-15,70,4,2026-01-16
FSLR/RSG,FSLR,RSG,tight_stop,4899.14767537148,0.19038034642776888,0.2401293995948692,0.8988985321072873,64,4,2026-01-16
ALB/YUM,ALB,YUM,tight_stop,-8041.841569022571,-0.46953789230750215,0.2401293995948692,4.508714818857021e-15,68,4,2026-01-16
HRL/MKC,HRL,MKC,tight_stop,139.2962994635618,0.020945003053943,0.2401293995948692,0.04760325332919591,46,4,2026-01-16
AON/GEN,AON,GEN,tight_stop,11233.77398615874,1.2707827559803566,0.2401293995948692,0.9999999999998193,64,4,2026-01-16
AON/MCK,AON,MCK,tight_stop,2773.610301794766,0.33904691872020876,0.2401293995948692,0.9999948940260858,64,4,2026-01-16
CI/LVS,CI,LVS,tight_stop,-10126.16353004298,-0.726104033958823,0.2401293995948692,3.784410636184001e-15,70,4,2026-01-16
CI/MTD,CI,MTD,tight_stop,7558.531808246009,0.5255652390174199,0.2401293995948692,0.999979225962404,70,4,2026-01-16
EFX/MMM,EFX,MMM,tight_stop,-5268.479639851752,-0.517288366001005,0.2401293995948692,2.39281270677138e-12,60,4,2026-01-16
CHD/HON,CHD,HON,tight_stop,4592.669538084427,0.6540776551429056,0.2401293995948692,0.9999803972587263,50,4,2026-01-16
AKAM/YUM,AKAM,YUM,tight_stop,7795.32518439344,0.9033462604619397,0.2401293995948692,0.9999999999999825,58,4,2026-01-16
CL/WST,CL,WST,tight_stop,16373.34982904435,1.7093295594919788,0.2401293995948692,1.0,58,4,2026-01-16
BAX/IDXX,BAX,IDXX,tight_stop,3302.485855303011,0.16966483164766463,0.2401293995948692,0.7597726618924983,62,4,2026-01-16
AVB/INCY,AVB,INCY,tight_stop,-355.216736992521,-0.026619002067332583,0.2401293995948692,0.0053232589935690005,70,4,2026-01-16
PFG/YUM,PFG,YUM,vol_gated,7558.618098582445,0.7119679401589482,0.2179695686523923,0.999999999998996,64,4,2026-01-16
HAS/PFE,HAS,PFE,vol_gated,-13871.01448613394,-0.925603687504363,0.2179695686523923,1.5776816788160467e-13,68,4,2026-01-16
FSLR/RSG,FSLR,RSG,vol_gated,10039.06712421186,0.37516114633814174,0.2179695686523923,0.9974403851531247,78,4,2026-01-16
ALB/YUM,ALB,YUM,vol_gated,-22982.60548168796,-1.0986757668259308,0.2179695686523923,1.5775403601971346e-23,70,4,2026-01-16
HRL/MKC,HRL,MKC,vol_gated,2617.606607271039,0.3149918256545142,0.2179695686523923,0.9998519767384748,64,4,2026-01-16
AON/GEN,AON,GEN,vol_gated,4984.911961879568,0.4987398349085036,0.2179695686523923,0.9999999999792875,58,4,2026-01-16
AON/MCK,AON,MCK,vol_gated,1936.787700917984,0.2526360251311794,0.2179695686523923,0.9995271493130924,64,4,2026-01-16
CI/LVS,CI,LVS,vol_gated,-4315.38052580377,-0.28119245871469845,0.2179695686523923,1.5485406174219338e-07,70,4,2026-01-16
CI/MTD,CI,MTD,vol_gated,7235.447782461857,0.4603625929220445,0.2179695686523923,0.9999892582964,86,4,2026-01-16
EFX/MMM,EFX,MMM,vol_gated,-9735.911614597237,-0.8486459709566097,0.2179695686523923,3.8849200483768525e-10,58,4,2026-01-16
CHD/HON,CHD,HON,vol_gated,8212.807561389058,0.849946396285276,0.2179695686523923,0.9999999999967333,78,4,2026-01-16
AKAM/YUM,AKAM,YUM,vol_gated,20385.52773216587,1.6184069348016155,0.2179695686523923,0.9998986742163071,50,4,2026-01-16
CL/WST,CL,WST,vol_gated,15477.67775982629,1.6657004269980598,0.2179695686523923,1.0,60,4,2026-01-16
BAX/IDXX,BAX,IDXX,vol_gated,10045.02061894188,0.45933249063628384,0.2179695686523923,0.9856389235256026,60,4,2026-01-16
AVB/INCY,AVB,INCY,vol_gated,4896.476165284465,0.41459533582709535,0.2179695686523923,0.9999973183525658,70,4,2026-01-16
PFG/YUM,PFG,YUM,deep_dislocation,6772.278099246197,0.6012858653113599,0.1950277952849551,0.9999997529882761,26,4,2026-01-16
HAS/PFE,HAS,PFE,deep_dislocation,14098.47726661326,1.0837429686868805,0.1950277952849551,0.9999992995614051,30,4,2026-01-16
FSLR/RSG,FSLR,RSG,deep_dislocation,-4758.325616635496,-0.14309853093013153,0.1950277952849551,2.0423894990064784e-12,34,4,2026-01-16
ALB/YUM,ALB,YUM,deep_dislocation,12143.93424739411,0.6348281313584927,0.1950277952849551,0.9999992499585703,22,4,2026-01-16
HRL/MKC,HRL,MKC,deep_dislocation,6278.810363606764,0.7160052297210563,0.1950277952849551,0.999993787305338,22,4,2026-01-16
AON/GEN,AON,GEN,deep_dislocation,-801.0733818433991,-0.05526948617001042,0.1950277952849551,9.908184228369603e-05,28,4,2026-01-16
AON/MCK,AON,MCK,deep_dislocation,958.1974462316803,0.12780780355603988,0.1950277952849551,0.7164909927194844,22,4,2026-01-16
CI/LVS,CI,LVS,deep_dislocation,-7264.043759812081,-0.3458120258824662,0.1950277952849551,4.8495135989208394e-15,26,4,2026-01-16
CI/MTD,CI,MTD,deep_dislocation,3807.904177767609,0.20992227147215023,0.1950277952849551,0.9288886294019374,32,4,2026-01-16
EFX/MMM,EFX,MMM,deep_dislocation,4636.294100685003,0.38671530074672145,0.1950277952849551,0.9999664569341982,24,4,2026-01-16
CHD/HON,CHD,HON,deep_dislocation,11978.51047336721,1.1078878606794456,0.1950277952849551,0.9999787080957948,24,4,2026-01-16
AKAM/YUM,AKAM,YUM,deep_dislocation,13946.43437878607,0.7601795049646198,0.1950277952849551,0.9997891117831484,22,4,2026-01-16
CL/WST,CL,WST,deep_dislocation,16921.16275216904,1.383852840287388,0.1950277952849551,0.9999999999999789,28,4,2026-01-16
BAX/IDXX,BAX,IDXX,deep_dislocation,-19608.70538704888,-0.7507831915589549,0.1950277952849551,0.0018978011678371218,26,4,2026-01-16
AVB/INCY,AVB,INCY,deep_dislocation,-16883.60892382655,-1.0410173796748694,0.1950277952849551,9.336257592475611e-26,42,4,2026-01-16
PFG/YUM,PFG,YUM,no_leverage,3899.93775197769,0.6489744219472718,-0.0357833536931773,0.999981705290648,62,4,2026-01-16
HAS/PFE,HAS,PFE,no_leverage,-6872.475940511789,-0.9714988687358593,-0.0357833536931773,4.352222735863608e-12,64,4,2026-01-16
FSLR/RSG,FSLR,RSG,no_leverage,8659.537727933774,0.6433604085161742,-0.0357833536931773,0.9999459630358996,62,4,2026-01-16
ALB/YUM,ALB,YUM,no_leverage,460.0998961082217,0.050785653478070056,-0.0357833536931773,0.15531837790173764,66,4,2026-01-16
HRL/MKC,HRL,MKC,no_leverage,1691.345533440605,0.47798628277821675,-0.0357833536931773,0.9999866366615875,50,4,2026-01-16
AON/GEN,AON,GEN,no_leverage,3473.69943927573,0.7362761909275979,-0.0357833536931773,0.9999999998751807,54,4,2026-01-16
AON/MCK,AON,MCK,no_leverage,469.9367985877316,0.1242108527127309,-0.0357833536931773,0.6984837876273214,66,4,2026-01-16
CI/LVS,CI,LVS,no_leverage,-4655.616415356783,-0.6097613472273149,-0.0357833536931773,1.9851203153520189e-16,66,4,2026-01-16
CI/MTD,CI,MTD,no_leverage,3714.912116413069,0.5213559141126499,-0.0357833536931773,0.9999781989354217,70,4,2026-01-16
EFX/MMM,EFX,MMM,no_leverage,-2551.591545671772,-0.4665106587568456,-0.0357833536931773,8.654495347174736e-16,56,4,2026-01-16
CHD/HON,CHD,HON,no_leverage,3002.799454528074,0.807995053474686,-0.0357833536931773,0.9999974378027009,54,4,2026-01-16
AKAM/YUM,AKAM,YUM,no_leverage,7164.653246897273,1.1448527159667086,-0.0357833536931773,0.9999415731468998,58,4,2026-01-16
CL/WST,CL,WST,no_leverage,7436.766696932908,1.6214269510975514,-0.0357833536931773,1.0,56,4,2026-01-16
BAX/IDXX,BAX,IDXX,no_leverage,1835.632633426557,0.18989259306191705,-0.0357833536931773,0.8037423078706967,58,4,2026-01-16
AVB/INCY,AVB,INCY,no_leverage,1531.089786315496,0.25275733626889735,-0.0357833536931773,0.999577922818248,72,4,2026-01-16
PFG/YUM,PFG,YUM,patient_hold,9843.439762266862,1.0241063054534685,-0.0632879746547732,0.9999999998786642,46,4,2026-01-16
HAS/PFE,HAS,PFE,patient_hold,-4289.572377903925,-0.3504587905298214,-0.0632879746547732,2.9669436399968826e-13,38,4,2026-01-16
FSLR/RSG,FSLR,RSG,patient_hold,-8599.398582573152,-0.43426530298465077,-0.0632879746547732,6.59022404975995e-08,38,4,2026-01-16
ALB/YUM,ALB,YUM,patient_hold,17332.01830611113,1.0627674062536026,-0.0632879746547732,0.999999996587755,42,4,2026-01-16
HRL/MKC,HRL,MKC,patient_hold,-543.2967780691247,-0.09674158813314938,-0.0632879746547732,0.00012854092353694065,32,4,2026-01-16
AON/GEN,AON,GEN,patient_hold,1192.314151137978,0.12560526887158527,-0.0632879746547732,0.6639524535658076,36,4,2026-01-16
AON/MCK,AON,MCK,patient_hold,6784.697311181727,1.2580157360212432,-0.0632879746547732,0.9999999999943379,58,4,2026-01-16
CI/LVS,CI,LVS,patient_hold,-18416.94475270214,-1.2341827927106894,-0.0632879746547732,8.44759821917591e-20,40,4,2026-01-16
CI/MTD,CI,MTD,patient_hold,3542.565885613718,0.28157663067527866,-0.0632879746547732,0.9848953847181964,56,4,2026-01-16
EFX/MMM,EFX,MMM,patient_hold,5808.994272483811,0.5456787281976061,-0.0632879746547732,0.999353525007688,38,4,2026-01-16
CHD/HON,CHD,HON,patient_hold,8771.064417799585,1.0785886425956717,-0.0632879746547732,0.9999999316557919,40,4,2026-01-16
AKAM/YUM,AKAM,YUM,patient_hold,12309.91022139105,0.9665037533519804,-0.0632879746547732,0.9999009585085341,36,4,2026-01-16
CL/WST,CL,WST,patient_hold,12779.74719837656,1.457596934241336,-0.0632879746547732,1.0,52,4,2026-01-16
BAX/IDXX,BAX,IDXX,patient_hold,-9581.093535005282,-0.548897496534419,-0.0632879746547732,0.000429825033970197,44,4,2026-01-16
AVB/INCY,AVB,INCY,patient_hold,-11567.95423830259,-1.2402402740664622,-0.0632879746547732,3.3759248238485504e-17,36,4,2026-01-16
PFG/YUM,PFG,YUM,symmetric_exit,-3314.536560398424,-0.32619965703263926,-0.1830502821796937,1.8674146210895674e-09,48,4,2026-01-16
HAS/PFE,HAS,PFE,symmetric_exit,-13096.79267059621,-1.015704960718081,-0.1830502821796937,5.73089003888058e-09,48,4,2026-01-16
FSLR/RSG,FSLR,RSG,symmetric_exit,15226.12301917606,0.6307207102132064,-0.1830502821796937,0.9992966334051947,48,4,2026-01-16
ALB/YUM,ALB,YUM,symmetric_exit,7300.085873568847,0.46701895597135806,-0.1830502821796937,0.9999994374962126,46,4,2026-01-16
HRL/MKC,HRL,MKC,symmetric_exit,1594.046096233462,0.2628936784624112,-0.1830502821796937,0.9922540745030481,36,4,2026-01-16
AON/GEN,AON,GEN,symmetric_exit,-201.7668155191004,-0.02430951408528504,-0.1830502821796937,0.005226183032436805,46,4,2026-01-16
AON/MCK,AON,MCK,symmetric_exit,946.5358991344538,0.14738108551805937,-0.1830502821796937,0.8281424340214096,56,4,2026-01-16
CI/LVS,CI,LVS,symmetric_exit,-7503.519884276848,-0.5734151937889829,-0.1830502821796937,1.573532168947403e-13,52,4,2026-01-16
CI/MTD,CI,MTD,symmetric_exit,1645.676455961948,0.13055017769773683,-0.1830502821796937,0.6980361535675267,48,4,2026-01-16
EFX/MMM,EFX,MMM,symmetric_exit,4870.705321898738,0.6327853603361725,-0.1830502821796937,0.9999999926067578,40,4,2026-01-16
CHD/HON,CHD,HON,symmetric_exit,6511.087738393807,1.0519801144683354,-0.1830502821796937,0.9997382080401557,38,4,2026-01-16
AKAM/YUM,AKAM,YUM,symmetric_exit,12432.04656421411,1.1152358045712516,-0.1830502821796937,0.998986681290995,42,4,2026-01-16
CL/WST,CL,WST,symmetric_exit,7091.312053468386,0.8639165845454299,-0.1830502821796937,0.9999999999999833,48,4,2026-01-16
BAX/IDXX,BAX,IDXX,symmetric_exit,-5915.821962791817,-0.332991984563597,-0.1830502821796937,4.534802837571615e-06,48,4,2026-01-16
AVB/INCY,AVB,INCY,symmetric_exit,-8892.983332178477,-1.0270506164105673,-0.1830502821796937,8.184817143396363e-22,50,4,2026-01-16
PFG/YUM,PFG,YUM,deep_entry_quick_exit,3072.076343486829,0.4009178308728178,-0.2083022479397673,0.9999992390029303,28,4,2026-01-16
HAS/PFE,HAS,PFE,deep_entry_quick_exit,10430.64871698186,1.3339761475160965,-0.2083022479397673,0.999991970480468,30,4,2026-01-16
FSLR/RSG,FSLR,RSG,deep_entry_quick_exit,-6754.725292259349,-0.3100004529326497,-0.2083022479397673,1.4190383710072898e-11,34,4,2026-01-16
ALB/YUM,ALB,YUM,deep_entry_quick_exit,3401.28893448829,0.28323305872680304,-0.2083022479397673,0.9957118896940432,22,4,2026-01-16
HRL/MKC,HRL,MKC,deep_entry_quick_exit,-992.4604834040761,-0.19700610618664544,-0.2083022479397673,3.5003246107272895e-10,22,4,2026-01-16
AON/GEN,AON,GEN,deep_entry_quick_exit,637.1975108718854,0.10773627593049734,-0.2083022479397673,0.5709171630467555,26,4,2026-01-16
AON/MCK,AON,MCK,deep_entry_quick_exit,3711.013380779263,0.629372997361698,-0.2083022479397673,0.9999996790838234,22,4,2026-01-16
CI/LVS,CI,LVS,deep_entry_quick_exit,-10643.67659845621,-1.1682125816567586,-0.2083022479397673,1.886791943362582e-16,28,4,2026-01-16
CI/MTD,CI,MTD,deep_entry_quick_exit,1284.285474600051,0.10447470492094633,-0.2083022479397673,0.5381194998713259,34,4,2026-01-16
EFX/MMM,EFX,MMM,deep_entry_quick_exit,5510.249950713267,0.6826437937651085,-0.2083022479397673,0.9999999927615676,26,4,2026-01-16
CHD/HON,CHD,HON,deep_entry_quick_exit,9336.976045756805,1.2682231937787154,-0.2083022479397673,0.9999938812346904,24,4,2026-01-16
AKAM/YUM,AKAM,YUM,deep_entry_quick_exit,12324.33026413755,1.1070340141963881,-0.2083022479397673,0.9987775651871112,24,4,2026-01-16
CL/WST,CL,WST,deep_entry_quick_exit,10094.8659494796,1.1954322272913942,-0.2083022479397673,0.9999999999999962,28,4,2026-01-16
BAX/IDXX,BAX,IDXX,deep_entry_quick_exit,-14749.02297230054,-0.8497554933441969,-0.2083022479397673,0.0023109878853276103,28,4,2026-01-16
AVB/INCY,AVB,INCY,deep_entry_quick_exit,-6846.942447642106,-0.8003020299868804,-0.2083022479397673,1.804962927509318e-20,36,4,2026-01-16
PFG/YUM,PFG,YUM,conservative_no_leverage,1873.256585926717,0.41011906354906286,-0.4375113837138789,0.9999999998206672,38,4,2026-01-16
HAS/PFE,HAS,PFE,conservative_no_leverage,131.6793790587481,0.017474725792368317,-0.4375113837138789,0.045184485900724256,42,4,2026-01-16
FSLR/RSG,FSLR,RSG,conservative_no_leverage,-9621.257229662537,-0.9407991656282599,-0.4375113837138789,7.936862016920125e-06,34,4,2026-01-16
ALB/YUM,ALB,YUM,conservative_no_leverage,5227.820521249158,0.7262632592692145,-0.4375113837138789,0.999999998996962,34,4,2026-01-16
HRL/MKC,HRL,MKC,conservative_no_leverage,1739.100722412434,0.6279770502727049,-0.4375113837138789,0.9999999999990826,28,4,2026-01-16
AON/GEN,AON,GEN,conservative_no_leverage,6440.559440578026,1.1072753596476208,-0.4375113837138789,0.9999998952658231,38,4,2026-01-16
AON/MCK,AON,MCK,conservative_no_leverage,4173.778665141344,1.7553956461756106,-0.4375113837138789,0.999999999999354,50,4,2026-01-16
CI/LVS,CI,LVS,conservative_no_leverage,-5086.399953711743,-0.5685440984518542,-0.4375113837138789,2.19108084672735e-15,40,4,2026-01-16
CI/MTD,CI,MTD,conservative_no_leverage,1818.431021015696,0.3069213128363906,-0.4375113837138789,0.9871948763551895,46,4,2026-01-16
EFX/MMM,EFX,MMM,conservative_no_leverage,2874.304385949743,0.5325901898659922,-0.4375113837138789,0.9996293746802588,42,4,2026-01-16
CHD/HON,CHD,HON,conservative_no_leverage,4444.910649931115,1.1745139070544155,-0.4375113837138789,0.9999989604156116,34,4,2026-01-16
AKAM/YUM,AKAM,YUM,conservative_no_leverage,4445.737639475464,0.693467720879828,-0.4375113837138789,0.9999408169526571,30,4,2026-01-16
CL/WST,CL,WST,conservative_no_leverage,3435.792357591987,0.8103662051248391,-0.4375113837138789,0.9999999999999828,48,4,2026-01-16
BAX/IDXX,BAX,IDXX,conservative_no_leverage,-4159.298416545148,-0.445482089725887,-0.4375113837138789,1.742380715570382e-05,42,4,2026-01-16
AVB/INCY,AVB,INCY,conservative_no_leverage,385.8122388648769,0.07358198077919909,-0.4375113837138789,0.2998649133264148,44,4,2026-01-16
PFG/YUM,PFG,YUM,conservative,1922.541044127971,0.5683818516717537,-0.7494257733041687,0.9999659059864712,22,4,2026-01-16
HAS/PFE,HAS,PFE,conservative,4841.77291352801,1.231148438423067,-0.7494257733041687,0.9999926847938403,36,4,2026-01-16
FSLR/RSG,FSLR,RSG,conservative,-5313.753659329662,-0.547682915391948,-0.7494257733041687,3.0074532816966006e-06,30,4,2026-01-16
ALB/YUM,ALB,YUM,conservative,3392.11702349081,0.7119974365719036,-0.7494257733041687,0.9999999955636426,24,4,2026-01-16
HRL/MKC,HRL,MKC,conservative,-750.637618727599,-0.34520472547999304,-0.7494257733041687,1.839982990163524e-08,22,4,2026-01-16
AON/GEN,AON,GEN,conservative,3510.991464921023,1.4506300447775407,-0.7494257733041687,0.9999999999986412,32,4,2026-01-16
AON/MCK,AON,MCK,conservative,3084.191397926143,1.667891539095163,-0.7494257733041687,0.999999983819869,30,4,2026-01-16
CI/LVS,CI,LVS,conservative,-3902.111402146381,-0.8186230174797432,-0.7494257733041687,4.0974018678751914e-13,30,4,2026-01-16
CI/MTD,CI,MTD,conservative,-717.8434550704849,-0.12244420190638458,-0.7494257733041687,2.89606677534646e-07,32,4,2026-01-16
EFX/MMM,EFX,MMM,conservative,4084.203181479476,1.300349939585962,-0.7494257733041687,0.9999999999999947,32,4,2026-01-16
CHD/HON,CHD,HON,conservative,4711.161994178752,1.3119862091167145,-0.7494257733041687,0.9999861024617648,30,4,2026-01-16
AKAM/YUM,AKAM,YUM,conservative,3722.079677271208,0.9283244470041071,-0.7494257733041687,0.9988549257792338,30,4,2026-01-16
CL/WST,CL,WST,conservative,6872.442370005771,1.9085668623401162,-0.7494257733041687,0.9999999999380674,28,4,2026-01-16
BAX/IDXX,BAX,IDXX,conservative,-7101.734170063351,-0.8348566350960779,-0.7494257733041687,0.0020972995018837958,32,4,2026-01-16
AVB/INCY,AVB,INCY,conservative,-4045.287743883458,-0.9814603806343482,-0.7494257733041687,4.4274513471025444e-18,34,4,2026-01-16
PFG/YUM,PFG,YUM,fast_signal,6230.528927363858,0.5385404089309703,1.763582978931361,0.9999999999991513,80,5,2026-02-24
HAS/PFE,HAS,PFE,fast_signal,16330.50249745741,0.9474143827200388,1.763582978931361,0.9999999986634804,74,5,2026-02-24
FSLR/RSG,FSLR,RSG,fast_signal,30535.94672584315,1.0189691552181033,1.763582978931361,0.9999969922358276,78,5,2026-02-24
ALB/YUM,ALB,YUM,fast_signal,20206.29091418887,0.8967748961361439,1.763582978931361,0.9999999999999998,78,5,2026-02-24
HRL/MKC,HRL,MKC,fast_signal,-9582.7033817595,-1.0529481139825088,1.763582978931361,1.359363359438006e-12,78,5,2026-02-24
AON/GEN,AON,GEN,fast_signal,4836.113216916189,0.3954261261800515,1.763582978931361,0.999161034259254,88,5,2026-02-24
AON/MCK,AON,MCK,fast_signal,4779.830383264339,0.628116433106705,1.763582978931361,0.9999999999999969,78,5,2026-02-24
CI/LVS,CI,LVS,fast_signal,675.4809727259544,0.030012652725028857,1.763582978931361,0.05794737107934426,92,5,2026-02-24
CI/MTD,CI,MTD,fast_signal,11465.6753732675,0.7381710578695477,1.763582978931361,0.9999999268788647,60,5,2026-02-24
EFX/MMM,EFX,MMM,fast_signal,1375.104426092204,0.09787055194428414,1.763582978931361,0.512314307045809,68,5,2026-02-24
CHD/HON,CHD,HON,fast_signal,5778.670880116226,0.6699869938752725,1.763582978931361,0.9999999915067763,104,5,2026-02-24
AKAM/YUM,AKAM,YUM,fast_signal,22867.95938745917,1.357414989710556,1.763582978931361,0.9999998658240785,72,5,2026-02-24
CL/WST,CL,WST,fast_signal,9226.069821618526,0.7757319499905894,1.763582978931361,0.9999999999999376,76,5,2026-02-24
BAX/IDXX,BAX,IDXX,fast_signal,22129.57265560074,1.4609697711774066,1.763582978931361,0.9999713968240833,82,5,2026-02-24
AVB/INCY,AVB,INCY,fast_signal,11865.28481926839,0.7841013363098767,1.763582978931361,0.9999999999967307,88,5,2026-02-24
PFG/YUM,PFG,YUM,vol_agnostic,2466.047362866292,0.16496051540500858,1.6940499463114782,0.9039274990569615,116,5,2026-02-24
HAS/PFE,HAS,PFE,vol_agnostic,10708.54890873767,0.5602952198392541,1.6940499463114782,0.9999991458725703,102,5,2026-02-24
FSLR/RSG,FSLR,RSG,vol_agnostic,25447.24337939362,0.8168879723441639,1.6940499463114782,1.0,120,5,2026-02-24
ALB/YUM,ALB,YUM,vol_agnostic,10931.55923425293,0.3389821767286982,1.6940499463114782,0.9999919782818583,130,5,2026-02-24
HRL/MKC,HRL,MKC,vol_agnostic,4689.29583228295,0.3654277722660183,1.6940499463114782,0.9999699897881994,96,5,2026-02-24
AON/GEN,AON,GEN,vol_agnostic,19190.2188643298,1.151584226697326,1.6940499463114782,0.999999999999992,78,5,2026-02-24
AON/MCK,AON,MCK,vol_agnostic,13895.02457390816,0.7356464020167109,1.6940499463114782,0.9999365883786387,128,5,2026-02-24
CI/LVS,CI,LVS,vol_agnostic,-4591.277185250969,-0.17388854568859424,1.6940499463114782,2.3567367477719712e-06,96,5,2026-02-24
CI/MTD,CI,MTD,vol_agnostic,21466.6750848927,1.2291321171814658,1.6940499463114782,0.9999999999991139,120,5,2026-02-24
EFX/MMM,EFX,MMM,vol_agnostic,22124.50614399502,1.2110304123340896,1.6940499463114782,1.0,118,5,2026-02-24
CHD/HON,CHD,HON,vol_agnostic,15767.95083952114,1.1958677745051824,1.6940499463114782,1.0,114,5,2026-02-24
AKAM/YUM,AKAM,YUM,vol_agnostic,17264.88078933926,0.7682156742769327,1.6940499463114782,0.9999999997944371,98,5,2026-02-24
CL/WST,CL,WST,vol_agnostic,8867.763115140722,0.4138011007455174,1.6940499463114782,0.9838718852302268,112,5,2026-02-24
BAX/IDXX,BAX,IDXX,vol_agnostic,7898.060106601457,0.4968503585779823,1.6940499463114782,0.9999999999999252,104,5,2026-02-24
AVB/INCY,AVB,INCY,vol_agnostic,14597.70067505945,0.7117704156341496,1.6940499463114782,0.9999999999999993,110,5,2026-02-24
PFG/YUM,PFG,YUM,low_entry,14850.54148957647,1.164386747352553,1.559593961300512,1.0,102,5,2026-02-24
HAS/PFE,HAS,PFE,low_entry,13304.55321232215,0.5990610879624272,1.559593961300512,0.9999999948451505,124,5,2026-02-24
FSLR/RSG,FSLR,RSG,low_entry,27669.44827799435,0.8954772197074937,1.559593961300512,0.9999998087553611,120,5,2026-02-24
ALB/YUM,ALB,YUM,low_entry,15375.73071438028,0.5531576864304389,1.559593961300512,0.9999999999999998,126,5,2026-02-24
HRL/MKC,HRL,MKC,low_entry,4453.864592197776,0.3929801670145824,1.559593961300512,0.9999998088221262,100,5,2026-02-24
AON/GEN,AON,GEN,low_entry,21244.12638124098,1.286373414227551,1.559593961300512,0.9999999999999961,108,5,2026-02-24
AON/MCK,AON,MCK,low_entry,6752.669601619612,0.36221313740266253,1.559593961300512,0.9997632083953296,110,5,2026-02-24
CI/LVS,CI,LVS,low_entry,1578.822897218999,0.06003916609524454,1.559593961300512,0.19376066975914508,128,5,2026-02-24
CI/MTD,CI,MTD,low_entry,5090.140320072318,0.3183726195518178,1.559593961300512,0.9992613013657646,112,5,2026-02-24
EFX/MMM,EFX,MMM,low_entry,947.1211421306343,0.06299420424817237,1.559593961300512,0.24731957840780455,116,5,2026-02-24
CHD/HON,CHD,HON,low_entry,14326.01684174668,1.1609244676158508,1.559593961300512,1.0,106,5,2026-02-24
AKAM/YUM,AKAM,YUM,low_entry,8853.02745411738,0.5981041856842925,1.559593961300512,0.9999999937532564,102,5,2026-02-24
CL/WST,CL,WST,low_entry,17401.667452796,1.0868868433701933,1.559593961300512,0.9999999999543712,104,5,2026-02-24
BAX/IDXX,BAX,IDXX,low_entry,347.4660899634036,0.012978669882743633,1.559593961300512,0.038914790233192026,110,5,2026-02-24
AVB/INCY,AVB,INCY,low_entry,13997.31172441292,0.7315874554571766,1.559593961300512,1.0,114,5,2026-02-24
PFG/YUM,PFG,YUM,aggressive,6943.160965078814,0.3281729845741401,1.4805936129954993,0.999577045168555,98,5,2026-02-24
HAS/PFE,HAS,PFE,aggressive,17045.1088074088,0.5254963215067192,1.4805936129954993,0.9999998823647913,116,5,2026-02-24
FSLR/RSG,FSLR,RSG,aggressive,53203.36653560956,1.0329178464007776,1.4805936129954993,0.9999999991921066,120,5,2026-02-24
ALB/YUM,ALB,YUM,aggressive,39919.50967410974,0.9998737926517058,1.4805936129954993,1.0,116,5,2026-02-24
HRL/MKC,HRL,MKC,aggressive,14338.34772951053,0.6237434349057558,1.4805936129954993,0.9999999542642919,110,5,2026-02-24
AON/GEN,AON,GEN,aggressive,19257.59836070031,0.7466174696078369,1.4805936129954993,0.9999999999980999,98,5,2026-02-24
AON/MCK,AON,MCK,aggressive,20008.01882974378,0.719348802984598,1.4805936129954993,0.9997315894706882,108,5,2026-02-24
CI/LVS,CI,LVS,aggressive,-526.8614417519575,-0.013025463237521948,1.4805936129954993,0.00968714712510908,108,5,2026-02-24
CI/MTD,CI,MTD,aggressive,15495.90062247789,0.5887755159031288,1.4805936129954993,0.9999999705501849,114,5,2026-02-24
EFX/MMM,EFX,MMM,aggressive,-8405.379412469596,-0.3365118895404317,1.4805936129954993,8.881482950250503e-18,100,5,2026-02-24
CHD/HON,CHD,HON,aggressive,12445.39836254877,0.7405438393385013,1.4805936129954993,0.9999999999969372,108,5,2026-02-24
AKAM/YUM,AKAM,YUM,aggressive,26616.49251431596,0.962512549310719,1.4805936129954993,0.9999999894966043,94,5,2026-02-24
CL/WST,CL,WST,aggressive,19600.18080604275,0.9821170372116389,1.4805936129954993,1.0,106,5,2026-02-24
BAX/IDXX,BAX,IDXX,aggressive,-20182.88674861971,-0.49940784511244324,1.4805936129954993,9.49305384864347e-11,92,5,2026-02-24
AVB/INCY,AVB,INCY,aggressive,25207.78227473797,0.8216210677447149,1.4805936129954993,1.0,132,5,2026-02-24
PFG/YUM,PFG,YUM,fast_signal_tight_stop,7558.002514315442,0.6649820815954133,1.47360118786423,0.9999999999995566,80,5,2026-02-24
HAS/PFE,HAS,PFE,fast_signal_tight_stop,21319.89811332005,1.2854426665571532,1.47360118786423,0.9999999776554738,72,5,2026-02-24
FSLR/RSG,FSLR,RSG,fast_signal_tight_stop,23932.90631026365,0.8111844880939493,1.47360118786423,0.9999754882313114,78,5,2026-02-24
ALB/YUM,ALB,YUM,fast_signal_tight_stop,13061.38673238031,0.5763096866025511,1.47360118786423,0.9999999999811432,72,5,2026-02-24
HRL/MKC,HRL,MKC,fast_signal_tight_stop,-7488.382144071775,-0.7850075544701312,1.47360118786423,7.52968552485529e-15,70,5,2026-02-24
AON/GEN,AON,GEN,fast_signal_tight_stop,2813.971928807963,0.28140403553945514,1.47360118786423,0.9994306791632888,80,5,2026-02-24
AON/MCK,AON,MCK,fast_signal_tight_stop,5330.941451289797,0.6776455843474112,1.47360118786423,0.9999999999999997,76,5,2026-02-24
CI/LVS,CI,LVS,fast_signal_tight_stop,-3026.23391944939,-0.16421943986260099,1.47360118786423,0.000158432079370406,80,5,2026-02-24
CI/MTD,CI,MTD,fast_signal_tight_stop,14724.23888253349,0.906374752343786,1.47360118786423,0.9999999818526262,60,5,2026-02-24
EFX/MMM,EFX,MMM,fast_signal_tight_stop,2351.763194676565,0.17485423012018733,1.47360118786423,0.9057628347764658,62,5,2026-02-24
CHD/HON,CHD,HON,fast_signal_tight_stop,5306.282294752923,0.630742185948965,1.47360118786423,0.9999999636660187,84,5,2026-02-24
AKAM/YUM,AKAM,YUM,fast_signal_tight_stop,12021.89297548713,0.9729760256877201,1.47360118786423,0.9999999883225817,66,5,2026-02-24
CL/WST,CL,WST,fast_signal_tight_stop,1199.39301870529,0.1092635856254205,1.47360118786423,0.6075647293179113,70,5,2026-02-24
BAX/IDXX,BAX,IDXX,fast_signal_tight_stop,18096.66504134909,1.2170308954736409,1.47360118786423,0.9999522181815209,74,5,2026-02-24
AVB/INCY,AVB,INCY,fast_signal_tight_stop,9829.02606504853,0.777841404899638,1.47360118786423,0.9999999860818615,76,5,2026-02-24
PFG/YUM,PFG,YUM,fast_reentry,15363.72947106091,1.3845564571880697,1.4521093912615248,0.9999999999997107,70,5,2026-02-24
HAS/PFE,HAS,PFE,fast_reentry,-2157.239100643832,-0.12911087239143038,1.4521093912615248,4.043524813006972e-09,94,5,2026-02-24
FSLR/RSG,FSLR,RSG,fast_reentry,19494.61040891131,0.6626331004322039,1.4521093912615248,0.9999854368575002,72,5,2026-02-24
ALB/YUM,ALB,YUM,fast_reentry,22924.66840515738,1.0069333716035216,1.4521093912615248,1.0,76,5,2026-02-24
HRL/MKC,HRL,MKC,fast_reentry,5841.03503436765,0.6880660907911484,1.4521093912615248,0.9999999973259572,58,5,2026-02-24
AON/GEN,AON,GEN,fast_reentry,8016.202808555685,0.6663748054178387,1.4521093912615248,0.9999999952296316,76,5,2026-02-24
AON/MCK,AON,MCK,fast_reentry,11989.2556116324,0.7702385799359236,1.4521093912615248,0.999043352151498,76,5,2026-02-24
CI/LVS,CI,LVS,fast_reentry,3224.627949119031,0.13189415733216084,1.4521093912615248,0.8217494327708257,82,5,2026-02-24
CI/MTD,CI,MTD,fast_reentry,7801.595569083111,0.4796613111675497,1.4521093912615248,0.9999949846036662,74,5,2026-02-24
EFX/MMM,EFX,MMM,fast_reentry,-8588.68987456556,-0.7025702415503181,1.4521093912615248,1.2246468835652968e-15,58,5,2026-02-24
CHD/HON,CHD,HON,fast_reentry,11598.20353929871,1.3386007552220525,1.4521093912615248,0.9999999855739409,62,5,2026-02-24
AKAM/YUM,AKAM,YUM,fast_reentry,8724.058482582795,0.8057240599378301,1.4521093912615248,1.0,68,5,2026-02-24
CL/WST,CL,WST,fast_reentry,15086.19934599249,1.368066027554337,1.4521093912615248,1.0,66,5,2026-02-24
BAX/IDXX,BAX,IDXX,fast_reentry,8501.353922432458,0.4091554569386534,1.4521093912615248,0.9617266596302565,66,5,2026-02-24
AVB/INCY,AVB,INCY,fast_reentry,5491.325841302181,0.36880186367287837,1.4521093912615248,0.9999998609198315,80,5,2026-02-24
PFG/YUM,PFG,YUM,static_threshold,-3189.797197118301,-0.22087416421555847,1.3742971174426195,1.0588177282588612e-09,102,5,2026-02-24
HAS/PFE,HAS,PFE,static_threshold,11152.55959731404,0.6170480701180758,1.3742971174426195,0.9999987470935574,106,5,2026-02-24
FSLR/RSG,FSLR,RSG,static_threshold,40693.56376624189,1.3876453089167706,1.3742971174426195,1.0,116,5,2026-02-24
ALB/YUM,ALB,YUM,static_threshold,8571.114449718038,0.2832039973364844,1.3742971174426195,0.9998843141765309,134,5,2026-02-24
HRL/MKC,HRL,MKC,static_threshold,7027.219241776916,0.5652505450197955,1.3742971174426195,0.9999999860563135,108,5,2026-02-24
AON/GEN,AON,GEN,static_threshold,5198.497618659141,0.32310368959649666,1.3742971174426195,0.9998972376787356,104,5,2026-02-24
AON/MCK,AON,MCK,static_threshold,24115.2461264867,1.4680657950142413,1.3742971174426195,0.9996145555903894,124,5,2026-02-24
CI/LVS,CI,LVS,static_threshold,-922.0991215834438,-0.03636172747283351,1.3742971174426195,0.003013776665177471,102,5,2026-02-24
CI/MTD,CI,MTD,static_threshold,6717.979441937334,0.41500161330911045,1.3742971174426195,0.9999595892786421,110,5,2026-02-24
EFX/MMM,EFX,MMM,static_threshold,10755.55838980529,0.6352274701076356,1.3742971174426195,0.999999999618174,118,5,2026-02-24
CHD/HON,CHD,HON,static_threshold,23265.41890909883,1.884984733705794,1.3742971174426195,1.0,114,5,2026-02-24
AKAM/YUM,AKAM,YUM,static_threshold,13310.07225802396,0.6415634696917675,1.3742971174426195,0.999999993930652,102,5,2026-02-24
CL/WST,CL,WST,static_threshold,6504.458366051003,0.2797942581768607,1.3742971174426195,0.9682560593893077,112,5,2026-02-24
BAX/IDXX,BAX,IDXX,static_threshold,-10288.00933343317,-0.4673837516072895,1.3742971174426195,1.2540751643275969e-14,108,5,2026-02-24
AVB/INCY,AVB,INCY,static_threshold,16028.40634814597,0.8327165843547757,1.3742971174426195,0.9999999999999962,114,5,2026-02-24
PFG/YUM,PFG,YUM,flash_hold,-4897.209196642151,-0.7090806966687481,1.2833715509440673,2.1319914268517376e-16,158,5,2026-02-24
HAS/PFE,HAS,PFE,flash_hold,9746.747365392914,0.9759198019970692,1.2833715509440673,0.9999999997305652,168,5,2026-02-24
FSLR/RSG,FSLR,RSG,flash_hold,16828.62580486882,1.2047256973730682,1.2833715509440673,1.0,144,5,2026-02-24
ALB/YUM,ALB,YUM,flash_hold,2159.992532365094,0.15375921325095107,1.2833715509440673,0.8899876533543652,174,5,2026-02-24
HRL/MKC,HRL,MKC,flash_hold,-855.944771265692,-0.12684834545918403,1.2833715509440673,0.00016171783352202662,154,5,2026-02-24
AON/GEN,AON,GEN,flash_hold,-445.4962223751052,-0.05301344522565995,1.2833715509440673,0.0004748520824543128,158,5,2026-02-24
AON/MCK,AON,MCK,flash_hold,9616.485068566613,1.1477019034538294,1.2833715509440673,0.9999461778460582,140,5,2026-02-24
CI/LVS,CI,LVS,flash_hold,6615.731268074264,0.4756459727546608,1.2833715509440673,0.9999999999998044,178,5,2026-02-24
CI/MTD,CI,MTD,flash_hold,11360.72628627385,1.2377778399875152,1.2833715509440673,0.9999999999999807,140,5,2026-02-24
EFX/MMM,EFX,MMM,flash_hold,7045.747131639811,0.8713509376967452,1.2833715509440673,0.9999999999989179,154,5,2026-02-24
CHD/HON,CHD,HON,flash_hold,8281.062312097982,1.2245749621271969,1.2833715509440673,1.0,154,5,2026-02-24
AKAM/YUM,AKAM,YUM,flash_hold,9964.573582437084,1.0796338255945288,1.2833715509440673,0.9999999990349301,126,5,2026-02-24
CL/WST,CL,WST,flash_hold,5055.734161295291,0.4625699511082727,1.2833715509440673,0.9945267758113844,148,5,2026-02-24
BAX/IDXX,BAX,IDXX,flash_hold,-106.4274272856121,-0.011758210894434323,1.2833715509440673,0.007656612295120758,128,5,2026-02-24
AVB/INCY,AVB,INCY,flash_hold,8497.99970895983,0.9208350866814546,1.2833715509440673,1.0,154,5,2026-02-24
PFG/YUM,PFG,YUM,low_vol_specialist,-4968.482255204795,-0.37953348578428386,1.2498703123599393,5.600231924735267e-11,112,5,2026-02-24
HAS/PFE,HAS,PFE,low_vol_specialist,29625.30865433056,1.6857340246053591,1.2498703123599393,0.9999999999998531,118,5,2026-02-24
FSLR/RSG,FSLR,RSG,low_vol_specialist,27862.82185334407,0.8439424147546221,1.2498703123599393,0.9999999149232642,132,5,2026-02-24
ALB/YUM,ALB,YUM,low_vol_specialist,613.8103086305218,0.02155133000234546,1.2498703123599393,0.0531887469286814,134,5,2026-02-24
HRL/MKC,HRL,MKC,low_vol_specialist,14232.31820305857,1.133982252865886,1.2498703123599393,0.9999996916297061,120,5,2026-02-24
AON/GEN,AON,GEN,low_vol_specialist,15837.77366057641,1.1111277497860643,1.2498703123599393,1.0,124,5,2026-02-24
AON/MCK,AON,MCK,low_vol_specialist,9226.66576751672,0.574357925480025,1.2498703123599393,0.9997014710178728,124,5,2026-02-24
CI/LVS,CI,LVS,low_vol_specialist,-6716.815113768333,-0.33315075652901116,1.2498703123599393,9.383927706017296e-13,130,5,2026-02-24
CI/MTD,CI,MTD,low_vol_specialist,12559.66131294625,0.7677275566194962,1.2498703123599393,0.9999999904771395,96,5,2026-02-24
EFX/MMM,EFX,MMM,low_vol_specialist,4239.339310527212,0.3074139899806543,1.2498703123599393,0.998268542276321,118,5,2026-02-24
CHD/HON,CHD,HON,low_vol_specialist,-1615.083149110744,-0.13987929533795443,1.2498703123599393,6.605034493952471e-06,112,5,2026-02-24
AKAM/YUM,AKAM,YUM,low_vol_specialist,12608.6868184642,0.6992900807464283,1.2498703123599393,0.9999999355545608,90,5,2026-02-24
CL/WST,CL,WST,low_vol_specialist,21689.08731994181,1.2856245709781013,1.2498703123599393,0.9999999999768604,102,5,2026-02-24
BAX/IDXX,BAX,IDXX,low_vol_specialist,-8174.865029949326,-0.28531650764823024,1.2498703123599393,3.6290361957375856e-13,112,5,2026-02-24
AVB/INCY,AVB,INCY,low_vol_specialist,4975.585762856112,0.2377176163345237,1.2498703123599393,0.999724169910325,126,5,2026-02-24
PFG/YUM,PFG,YUM,high_vol_specialist,7907.492233507312,0.6708947155329265,1.181934668582747,0.9999999999999715,44,5,2026-02-24
HAS/PFE,HAS,PFE,high_vol_specialist,15116.3012488153,1.0358142254647627,1.181934668582747,1.0,58,5,2026-02-24
FSLR/RSG,FSLR,RSG,high_vol_specialist,-4858.484245263378,-0.1957726856018646,1.181934668582747,1.7601004274713658e-13,56,5,2026-02-24
ALB/YUM,ALB,YUM,high_vol_specialist,34265.27088431882,1.7183679385576127,1.181934668582747,0.9999999999976653,52,5,2026-02-24
HRL/MKC,HRL,MKC,high_vol_specialist,6966.722000941279,0.8308893640198305,1.181934668582747,0.9999999999997361,44,5,2026-02-24
AON/GEN,AON,GEN,high_vol_specialist,8462.081513767846,0.6139126598851844,1.181934668582747,0.9999999369431811,50,5,2026-02-24
AON/MCK,AON,MCK,high_vol_specialist,20218.77754012166,2.464362525512903,1.181934668582747,0.9999999999999326,60,5,2026-02-24
CI/LVS,CI,LVS,high_vol_specialist,-1379.675627943208,-0.05615603413552598,1.181934668582747,0.00116758589781303,62,5,2026-02-24
CI/MTD,CI,MTD,high_vol_specialist,7652.580552115386,0.5017572059399389,1.181934668582747,0.999983998477667,70,5,2026-02-24
EFX/MMM,EFX,MMM,high_vol_specialist,9443.797602522074,0.6674155272867021,1.181934668582747,0.9999998116539136,50,5,2026-02-24
CHD/HON,CHD,HON,high_vol_specialist,15007.54119709701,1.5479151216246094,1.181934668582747,0.9999999999836219,58,5,2026-02-24
AKAM/YUM,AKAM,YUM,high_vol_specialist,6005.872383245314,0.35189817711196053,1.181934668582747,0.9999901738374677,52,5,2026-02-24
CL/WST,CL,WST,high_vol_specialist,-17984.73924679964,-0.5516586624081097,1.181934668582747,2.1060605791053627e-06,66,5,2026-02-24
BAX/IDXX,BAX,IDXX,high_vol_specialist,12665.22424089486,1.0430157433016654,1.181934668582747,0.9999999995679336,56,5,2026-02-24
AVB/INCY,AVB,INCY,high_vol_specialist,8666.87980119773,0.5774398216124268,1.181934668582747,0.9999999899036601,46,5,2026-02-24
PFG/YUM,PFG,YUM,slow_signal,71.07750656085818,0.005911510025558925,1.1696182427022863,0.02482216476559601,42,5,2026-02-24
HAS/PFE,HAS,PFE,slow_signal,7961.111144459341,0.57145141255459,1.1696182427022863,0.9999998258548126,50,5,2026-02-24
FSLR/RSG,FSLR,RSG,slow_signal,-2918.515505855874,-0.11957543394115208,1.1696182427022863,1.4830775559221647e-09,56,5,2026-02-24
ALB/YUM,ALB,YUM,slow_signal,24082.83661488548,1.374411526805861,1.1696182427022863,0.9999999999999969,52,5,2026-02-24
HRL/MKC,HRL,MKC,slow_signal,6949.027674903382,0.9501964118762517,1.1696182427022863,0.9999999993852196,38,5,2026-02-24
AON/GEN,AON,GEN,slow_signal,8124.059554723312,0.6780769707152184,1.1696182427022863,0.9999999999295165,58,5,2026-02-24
AON/MCK,AON,MCK,slow_signal,15531.1039304107,2.21457377493019,1.1696182427022863,0.9999999986204979,54,5,2026-02-24
CI/LVS,CI,LVS,slow_signal,-3593.28736861677,-0.1742662134608398,1.1696182427022863,7.478231996527265e-05,54,5,2026-02-24
CI/MTD,CI,MTD,slow_signal,3281.750741224714,0.2298470356834137,1.1696182427022863,0.9743069028224276,62,5,2026-02-24
EFX/MMM,EFX,MMM,slow_signal,10080.33158918132,0.9320106531077639,1.1696182427022863,0.9999999999969919,40,5,2026-02-24
CHD/HON,CHD,HON,slow_signal,14665.85373329763,1.5192542629466852,1.1696182427022863,0.999999999951114,46,5,2026-02-24
AKAM/YUM,AKAM,YUM,slow_signal,464.71065945921,0.02901952255493345,1.1696182427022863,0.05981547796258789,50,5,2026-02-24
CL/WST,CL,WST,slow_signal,17319.18608949805,1.3772998365516582,1.1696182427022863,0.999990706918686,48,5,2026-02-24
BAX/IDXX,BAX,IDXX,slow_signal,-4437.946389000706,-0.32045953141674693,1.1696182427022863,9.285788562669253e-09,46,5,2026-02-24
AVB/INCY,AVB,INCY,slow_signal,10048.61781607054,0.6952837901270136,1.1696182427022863,0.9999999442535819,46,5,2026-02-24
PFG/YUM,PFG,YUM,high_leverage,9803.010205370401,0.5133153355930314,1.1252145008899104,0.9999409655650353,66,5,2026-02-24
HAS/PFE,HAS,PFE,high_leverage,-16292.75381180183,-0.6967788877429416,1.1252145008899104,5.84906668909679e-15,60,5,2026-02-24
FSLR/RSG,FSLR,RSG,high_leverage,44463.99483222223,1.0498564706257167,1.1252145008899104,0.999995775792418,70,5,2026-02-24
ALB/YUM,ALB,YUM,high_leverage,-3029.761782496248,-0.09535670370060091,1.1252145008899104,1.9619223990622175e-05,68,5,2026-02-24
HRL/MKC,HRL,MKC,high_leverage,5979.839141559085,0.4785506614730507,1.1252145008899104,0.9999985054010949,52,5,2026-02-24
AON/GEN,AON,GEN,high_leverage,11418.56077160999,0.51214549018286,1.1252145008899104,0.999999629482748,58,5,2026-02-24
AON/MCK,AON,MCK,high_leverage,2149.618465351874,0.15293207482888882,1.1252145008899104,0.8912482192768896,74,5,2026-02-24
CI/LVS,CI,LVS,high_leverage,11213.61171940324,0.3047729538411197,1.1252145008899104,0.9999999859679546,70,5,2026-02-24
CI/MTD,CI,MTD,high_leverage,9909.045626227973,0.42863667949596607,1.1252145008899104,0.9999127053264631,74,5,2026-02-24
EFX/MMM,EFX,MMM,high_leverage,-12275.15443743004,-0.6713288504434523,1.1252145008899104,5.546775825169189e-15,58,5,2026-02-24
CHD/HON,CHD,HON,high_leverage,15840.68485863917,1.2258015126903437,1.1252145008899104,0.9999999880670553,58,5,2026-02-24
AKAM/YUM,AKAM,YUM,high_leverage,31688.0499389939,1.3671784870573453,1.1252145008899104,0.9999991588631271,66,5,2026-02-24
CL/WST,CL,WST,high_leverage,21849.22934319958,1.3041329088342544,1.1252145008899104,1.0,64,5,2026-02-24
BAX/IDXX,BAX,IDXX,high_leverage,9743.670210384884,0.3090737125267459,1.1252145008899104,0.9294054199124077,58,5,2026-02-24
AVB/INCY,AVB,INCY,high_leverage,5742.891831283054,0.28779242403797933,1.1252145008899104,0.9999728035769708,74,5,2026-02-24
PFG/YUM,PFG,YUM,medium_signal_high_leverage,13236.26067236604,0.7686247625656912,1.0255772600354922,0.9999999999999356,64,5,2026-02-24
HAS/PFE,HAS,PFE,medium_signal_high_leverage,-1997.824288391399,-0.08088318298774828,1.0255772600354922,5.078573085533952e-06,70,5,2026-02-24
FSLR/RSG,FSLR,RSG,medium_signal_high_leverage,31619.35959615757,0.721243791360054,1.0255772600354922,0.9999880187308127,78,5,2026-02-24
ALB/YUM,ALB,YUM,medium_signal_high_leverage,18244.47573321171,0.5761900616828648,1.0255772600354922,0.9999999781511235,64,5,2026-02-24
HRL/MKC,HRL,MKC,medium_signal_high_leverage,1663.054348120502,0.10623759387271862,1.0255772600354922,0.5754321039811623,56,5,2026-02-24
AON/GEN,AON,GEN,medium_signal_high_leverage,14361.89951485803,0.61253128680179,1.0255772600354922,0.999999994680684,62,5,2026-02-24
AON/MCK,AON,MCK,medium_signal_high_leverage,22819.02454237718,0.9924434598919138,1.0255772600354922,0.9980322475547648,70,5,2026-02-24
CI/LVS,CI,LVS,medium_signal_high_leverage,2300.441831072625,0.06299846138614545,1.0255772600354922,0.20607516761190398,62,5,2026-02-24
CI/MTD,CI,MTD,medium_signal_high_leverage,3676.743608323709,0.15539552894771969,1.0255772600354922,0.8551398478098422,70,5,2026-02-24
EFX/MMM,EFX,MMM,medium_signal_high_leverage,-19425.26108601113,-0.8039795184516051,1.0255772600354922,2.0702423354395915e-10,60,5,2026-02-24
CHD/HON,CHD,HON,medium_signal_high_leverage,22524.83106521541,1.452081164632207,1.0255772600354922,0.9999999999992718,76,5,2026-02-24
AKAM/YUM,AKAM,YUM,medium_signal_high_leverage,14509.81327434165,0.5868208518955063,1.0255772600354922,0.9999986300384067,62,5,2026-02-24
CL/WST,CL,WST,medium_signal_high_leverage,19708.86425833248,1.2221175828466928,1.0255772600354922,1.0,56,5,2026-02-24
BAX/IDXX,BAX,IDXX,medium_signal_high_leverage,-5137.719839908983,-0.17682857191094437,1.0255772600354922,2.683415153230246e-13,56,5,2026-02-24
AVB/INCY,AVB,INCY,medium_signal_high_leverage,9425.796930495835,0.38264205614655633,1.0255772600354922,0.9999972402904335,68,5,2026-02-24
PFG/YUM,PFG,YUM,high_turnover,3505.106633733425,0.29582272519354336,0.987179473761633,0.9999514489892259,88,5,2026-02-24
HAS/PFE,HAS,PFE,high_turnover,2050.881003968141,0.13429541169880818,0.987179473761633,0.8129887128798408,98,5,2026-02-24
FSLR/RSG,FSLR,RSG,high_turnover,31507.90828686909,1.12551027203923,0.987179473761633,0.9999979180806626,108,5,2026-02-24
ALB/YUM,ALB,YUM,high_turnover,11964.54280006562,0.5574430659627088,0.987179473761633,0.9999999999891566,106,5,2026-02-24
HRL/MKC,HRL,MKC,high_turnover,2125.675856909047,0.16254193523806637,0.987179473761633,0.9306934503256623,94,5,2026-02-24
AON/GEN,AON,GEN,high_turnover,-6405.860875018846,-0.5960304887056741,0.987179473761633,1.768441021466931e-30,88,5,2026-02-24
AON/MCK,AON,MCK,high_turnover,9820.469652161883,0.5418696737193931,0.987179473761633,0.9999470199796915,106,5,2026-02-24
CI/LVS,CI,LVS,high_turnover,-7158.5258726331,-0.3654419909035848,0.987179473761633,7.370436284830906e-07,96,5,2026-02-24
CI/MTD,CI,MTD,high_turnover,15242.11974045892,0.829068020871303,0.987179473761633,0.9999999968576244,110,5,2026-02-24
EFX/MMM,EFX,MMM,high_turnover,-4058.518556348206,-0.3039211935535748,0.987179473761633,9.029124577440629e-11,92,5,2026-02-24
CHD/HON,CHD,HON,high_turnover,12038.4495685449,1.1890717279094751,0.987179473761633,0.9999999999998089,108,5,2026-02-24
AKAM/YUM,AKAM,YUM,high_turnover,-4731.257284099775,-0.4130005580462436,0.987179473761633,1.1639114105188883e-18,82,5,2026-02-24
CL/WST,CL,WST,high_turnover,19896.21199099228,1.390788259482849,0.987179473761633,0.9999999698330663,96,5,2026-02-24
BAX/IDXX,BAX,IDXX,high_turnover,18103.05356870995,1.09254774033269,0.987179473761633,0.9999997131202892,86,5,2026-02-24
AVB/INCY,AVB,INCY,high_turnover,-8642.016381510068,-0.692403512502119,0.987179473761633,6.329366581533683e-28,98,5,2026-02-24
PFG/YUM,PFG,YUM,short_z_long_v,-2223.973434286837,-0.18320524940064603,0.965234612084064,1.6250160237584776e-07,64,5,2026-02-24
HAS/PFE,HAS,PFE,short_z_long_v,-1171.144660464211,-0.07629434071118685,0.965234612084064,0.00033126554402233713,70,5,2026-02-24
FSLR/RSG,FSLR,RSG,short_z_long_v,13879.5043754967,0.5550700156930394,0.965234612084064,0.9989113292428888,80,5,2026-02-24
ALB/YUM,ALB,YUM,short_z_long_v,17067.84492541459,0.8693580367073589,0.965234612084064,0.9999999999999996,66,5,2026-02-24
HRL/MKC,HRL,MKC,short_z_long_v,-4825.640878637022,-0.5358590018308129,0.965234612084064,1.5037561492478837e-15,58,5,2026-02-24
AON/GEN,AON,GEN,short_z_long_v,9900.352421592683,0.8240845773304971,0.965234612084064,0.9999999999999258,82,5,2026-02-24
AON/MCK,AON,MCK,short_z_long_v,12040.96307452244,1.3849833494902721,0.965234612084064,1.0,90,5,2026-02-24
CI/LVS,CI,LVS,short_z_long_v,-6798.397317062401,-0.3269983972548625,0.965234612084064,2.8117277255269453e-06,76,5,2026-02-24
CI/MTD,CI,MTD,short_z_long_v,11470.77025198457,0.7278323159122901,0.965234612084064,1.0,98,5,2026-02-24
EFX/MMM,EFX,MMM,short_z_long_v,5911.47355919919,0.4239336235545142,0.965234612084064,0.9999601114410458,72,5,2026-02-24
CHD/HON,CHD,HON,short_z_long_v,12697.05333662674,1.4491532798157984,0.965234612084064,0.9999999995521627,82,5,2026-02-24
AKAM/YUM,AKAM,YUM,short_z_long_v,9400.724540219946,0.5893027873734351,0.965234612084064,0.9999998896121729,84,5,2026-02-24
CL/WST,CL,WST,short_z_long_v,6444.409370874614,0.31584081052722596,0.965234612084064,0.9619959486971408,96,5,2026-02-24
BAX/IDXX,BAX,IDXX,short_z_long_v,-1035.12422127253,-0.05700025749839278,0.965234612084064,0.0010302661677263796,80,5,2026-02-24
AVB/INCY,AVB,INCY,short_z_long_v,17334.90029258628,1.091826678864356,0.965234612084064,0.9999999985403442,68,5,2026-02-24
PFG/YUM,PFG,YUM,balanced_plus,11584.3576620708,1.0191322177197528,0.957187755408988,0.9999999999999714,64,5,2026-02-24
HAS/PFE,HAS,PFE,balanced_plus,-5017.279171032338,-0.3189221843285597,0.957187755408988,3.2241034504421655e-18,70,5,2026-02-24
FSLR/RSG,FSLR,RSG,balanced_plus,17310.30225528451,0.6142216333872302,0.957187755408988,0.9998800913365031,66,5,2026-02-24
ALB/YUM,ALB,YUM,balanced_plus,25015.40354076622,1.1798830218381982,0.957187755408988,0.9999999999999994,64,5,2026-02-24
HRL/MKC,HRL,MKC,balanced_plus,1806.041010249364,0.18941439860839684,0.957187755408988,0.9384499845809848,58,5,2026-02-24
AON/GEN,AON,GEN,balanced_plus,4862.447157366498,0.37199609778686815,0.957187755408988,0.999996475047194,62,5,2026-02-24
AON/MCK,AON,MCK,balanced_plus,12149.70127493657,0.842792017102737,0.957187755408988,0.9970251052673135,70,5,2026-02-24
CI/LVS,CI,LVS,balanced_plus,3395.978109522222,0.1719895695007792,0.957187755408988,0.9820658365088888,70,5,2026-02-24
CI/MTD,CI,MTD,balanced_plus,8799.812170040988,0.5453779036837112,0.957187755408988,0.999998459942873,82,5,2026-02-24
EFX/MMM,EFX,MMM,balanced_plus,-12243.77949765111,-0.9327491794990449,0.957187755408988,2.299516013779111e-12,58,5,2026-02-24
CHD/HON,CHD,HON,balanced_plus,10959.01046786125,1.117595929793776,0.957187755408988,0.9999999999892287,80,5,2026-02-24
AKAM/YUM,AKAM,YUM,balanced_plus,18893.62772174252,1.2814707770695688,0.957187755408988,0.9999957407381265,62,5,2026-02-24
CL/WST,CL,WST,balanced_plus,11348.89315315771,1.0114995877165323,0.957187755408988,1.0,62,5,2026-02-24
BAX/IDXX,BAX,IDXX,balanced_plus,-5356.007044520788,-0.2260789808275797,0.957187755408988,4.8923943476362456e-17,72,5,2026-02-24
AVB/INCY,AVB,INCY,balanced_plus,-2659.333000441299,-0.24434984135964108,0.957187755408988,1.140770988001305e-12,78,5,2026-02-24
PFG/YUM,PFG,YUM,stable_signal_quick_exit,12500.92158510703,1.2258083603431882,0.8004587102805506,0.9999999999999452,50,5,2026-02-24
HAS/PFE,HAS,PFE,stable_signal_quick_exit,-3137.782908476706,-0.19171917708825975,0.8004587102805506,4.71025691714942e-07,56,5,2026-02-24
FSLR/RSG,FSLR,RSG,stable_signal_quick_exit,14530.68850964719,0.49270197102600155,0.8004587102805506,0.9998514898631338,70,5,2026-02-24
ALB/YUM,ALB,YUM,stable_signal_quick_exit,30666.12163882744,1.4348459119586288,0.8004587102805506,0.9999999999999991,58,5,2026-02-24
HRL/MKC,HRL,MKC,stable_signal_quick_exit,4663.135653005137,0.47198982644005905,0.8004587102805506,0.9999054884389957,52,5,2026-02-24
AON/GEN,AON,GEN,stable_signal_quick_exit,-5884.38530494302,-0.4737346325733867,0.8004587102805506,2.0781616117192966e-11,54,5,2026-02-24
AON/MCK,AON,MCK,stable_signal_quick_exit,7842.959725823236,0.9437300841186729,0.8004587102805506,0.9999999999998896,52,5,2026-02-24
CI/LVS,CI,LVS,stable_signal_quick_exit,3169.849305186078,0.19758383933222598,0.8004587102805506,0.996554560547419,50,5,2026-02-24
CI/MTD,CI,MTD,stable_signal_quick_exit,-898.5676125210739,-0.05603391561336141,0.8004587102805506,0.0005098853357676595,66,5,2026-02-24
EFX/MMM,EFX,MMM,stable_signal_quick_exit,-13956.97482798485,-1.159164106323577,0.8004587102805506,3.879064200725172e-11,48,5,2026-02-24
CHD/HON,CHD,HON,stable_signal_quick_exit,15422.79638885219,1.4109792525646845,0.8004587102805506,0.9999999999920081,60,5,2026-02-24
AKAM/YUM,AKAM,YUM,stable_signal_quick_exit,-1553.099295053508,-0.14575578262850172,0.8004587102805506,1.222125608672788e-09,48,5,2026-02-24
CL/WST,CL,WST,stable_signal_quick_exit,2201.070965772305,0.2399015604039284,0.8004587102805506,0.9962728630529736,48,5,2026-02-24
BAX/IDXX,BAX,IDXX,stable_signal_quick_exit,7374.71611845886,0.6743200801293139,0.8004587102805506,0.9999999999972421,52,5,2026-02-24
AVB/INCY,AVB,INCY,stable_signal_quick_exit,8370.386661287772,0.607664803494198,0.8004587102805506,0.9999999931860296,60,5,2026-02-24
PFG/YUM,PFG,YUM,long_z_short_v,2063.225022757691,0.19659066016111723,0.7808061688144458,0.9697855950479264,64,5,2026-02-24
HAS/PFE,HAS,PFE,long_z_short_v,7814.395995272176,0.6534590334535835,0.7808061688144458,0.999999999104953,44,5,2026-02-24
FSLR/RSG,FSLR,RSG,long_z_short_v,8867.609755791127,0.38900408183068713,0.7808061688144458,0.983209613680234,52,5,2026-02-24
ALB/YUM,ALB,YUM,long_z_short_v,15172.73408886739,0.8803331973624415,0.7808061688144458,1.0,56,5,2026-02-24
HRL/MKC,HRL,MKC,long_z_short_v,-2471.305665012171,-0.2735821413762991,0.7808061688144458,1.6824176690750216e-15,46,5,2026-02-24
AON/GEN,AON,GEN,long_z_short_v,1511.12384479091,0.14339401173749802,0.7808061688144458,0.8539453228210131,56,5,2026-02-24
AON/MCK,AON,MCK,long_z_short_v,11179.62697657899,0.7892480790937811,0.7808061688144458,0.997815895585741,54,5,2026-02-24
CI/LVS,CI,LVS,long_z_short_v,2554.072237450589,0.1450937031092382,0.7808061688144458,0.9089392446190849,40,5,2026-02-24
CI/MTD,CI,MTD,long_z_short_v,-5516.908490082023,-0.41419238117075763,0.7808061688144458,5.217792907769518e-12,52,5,2026-02-24
EFX/MMM,EFX,MMM,long_z_short_v,11477.24211072169,1.128492435449031,0.7808061688144458,0.9999999999998923,40,5,2026-02-24
CHD/HON,CHD,HON,long_z_short_v,5071.913715877702,0.5239530444269779,0.7808061688144458,0.9999998054461675,56,5,2026-02-24
AKAM/YUM,AKAM,YUM,long_z_short_v,13923.57999050846,0.896045752968721,0.7808061688144458,0.9999965901923644,48,5,2026-02-24
CL/WST,CL,WST,long_z_short_v,7949.947237992726,0.6848279714281674,0.7808061688144458,0.9999999999740349,50,5,2026-02-24
BAX/IDXX,BAX,IDXX,long_z_short_v,-11436.16720881152,-0.615448286879428,0.7808061688144458,0.0004068173151748568,44,5,2026-02-24
AVB/INCY,AVB,INCY,long_z_short_v,9037.696772564235,0.6523447083818861,0.7808061688144458,0.9999999998265814,56,5,2026-02-24
PFG/YUM,PFG,YUM,quick_exit,9756.512701197267,0.9735922941325384,0.7182276171435091,0.9999999997453687,66,5,2026-02-24
HAS/PFE,HAS,PFE,quick_exit,2834.513187343036,0.19868996441143175,0.7182276171435091,0.9146083834352614,78,5,2026-02-24
FSLR/RSG,FSLR,RSG,quick_exit,9675.801726347236,0.35925012026787734,0.7182276171435091,0.9962583207740147,68,5,2026-02-24
ALB/YUM,ALB,YUM,quick_exit,2462.68792923151,0.12286276220173081,0.7182276171435091,0.7419468681773742,72,5,2026-02-24
HRL/MKC,HRL,MKC,quick_exit,-1790.78515751957,-0.25759972203957604,0.7182276171435091,1.0405477811670398e-06,46,5,2026-02-24
AON/GEN,AON,GEN,quick_exit,11705.35989283018,0.9574591230879678,0.7182276171435091,0.9999999999872337,74,5,2026-02-24
AON/MCK,AON,MCK,quick_exit,3734.907532357703,0.3842308259091503,0.7182276171435091,0.9999999532476029,70,5,2026-02-24
CI/LVS,CI,LVS,quick_exit,-3333.627958351702,-0.20665340566602358,0.7182276171435091,2.986453067351547e-06,72,5,2026-02-24
CI/MTD,CI,MTD,quick_exit,6797.775882572856,0.45244472588031975,0.7182276171435091,0.9999516894336428,74,5,2026-02-24
EFX/MMM,EFX,MMM,quick_exit,-6002.669255434115,-0.5476841867217336,0.7182276171435091,3.6180990993172345e-13,62,5,2026-02-24
CHD/HON,CHD,HON,quick_exit,11108.08859088738,1.262607218040174,0.7182276171435091,0.9999999942738372,56,5,2026-02-24
AKAM/YUM,AKAM,YUM,quick_exit,10144.23194583256,1.0191320835582751,0.7182276171435091,1.0,66,5,2026-02-24
CL/WST,CL,WST,quick_exit,13454.99361990862,1.188144812574615,0.7182276171435091,1.0,66,5,2026-02-24
BAX/IDXX,BAX,IDXX,quick_exit,4801.386132824269,0.23568053727807745,0.7182276171435091,0.8770584486717159,64,5,2026-02-24
AVB/INCY,AVB,INCY,quick_exit,1772.415405985013,0.12975103659773699,0.7182276171435091,0.7786352936144176,72,5,2026-02-24
PFG/YUM,PFG,YUM,high_entry,3842.34182441727,0.4770425218878881,0.6546937059927783,0.999999898590162,32,5,2026-02-24
HAS/PFE,HAS,PFE,high_entry,13746.05832686331,1.4626219705727719,0.6546937059927783,0.9999999798735911,40,5,2026-02-24
FSLR/RSG,FSLR,RSG,high_entry,1821.563300841876,0.08134929381647105,0.6546937059927783,0.4063203494914177,34,5,2026-02-24
ALB/YUM,ALB,YUM,high_entry,12268.39375229498,0.7260878383594884,0.6546937059927783,0.9999999421764206,30,5,2026-02-24
HRL/MKC,HRL,MKC,high_entry,-1375.801117053989,-0.2633823470897705,0.6546937059927783,8.70591907989757e-12,24,5,2026-02-24
AON/GEN,AON,GEN,high_entry,5072.031558670817,0.5355761202271161,0.6546937059927783,0.9999997561630019,40,5,2026-02-24
AON/MCK,AON,MCK,high_entry,11385.83183573752,0.847180330853151,0.6546937059927783,0.9945491309638012,36,5,2026-02-24
CI/LVS,CI,LVS,high_entry,8280.68409677361,0.56713363715778,0.6546937059927783,0.9999999539478218,40,5,2026-02-24
CI/MTD,CI,MTD,high_entry,-850.3230704316884,-0.06598684407221192,0.6546937059927783,7.319945593532795e-05,36,5,2026-02-24
EFX/MMM,EFX,MMM,high_entry,3955.573343120843,0.6073333981721812,0.6546937059927783,0.9999999999994833,28,5,2026-02-24
CHD/HON,CHD,HON,high_entry,8804.203588113203,1.2226919619670518,0.6546937059927783,0.9999762836122126,34,5,2026-02-24
AKAM/YUM,AKAM,YUM,high_entry,6894.674116421757,0.5040496418113469,0.6546937059927783,0.9997822253953367,32,5,2026-02-24
CL/WST,CL,WST,high_entry,13064.15346823275,1.3078755724156605,0.6546937059927783,0.9999999999999991,42,5,2026-02-24
BAX/IDXX,BAX,IDXX,high_entry,-10059.63157115044,-0.5504375904986214,0.6546937059927783,0.0005331815657681815,36,5,2026-02-24
AVB/INCY,AVB,INCY,high_entry,-9000.429044012853,-1.1789876611593522,0.6546937059927783,3.483747584377093e-16,34,5,2026-02-24
PFG/YUM,PFG,YUM,slow_reentry,3558.911915581471,0.28684912607499696,0.6104703310454878,0.9944745062305276,58,5,2026-02-24
HAS/PFE,HAS,PFE,slow_reentry,-11951.90093934135,-0.8426960405792946,0.6104703310454878,1.484229464152581e-10,56,5,2026-02-24
FSLR/RSG,FSLR,RSG,slow_reentry,15892.74679032221,0.593132712462237,0.6104703310454878,0.9997602931777241,60,5,2026-02-24
ALB/YUM,ALB,YUM,slow_reentry,4607.790415907437,0.2637867914454319,0.6104703310454878,0.9997819650042832,56,5,2026-02-24
HRL/MKC,HRL,MKC,slow_reentry,1718.537894781854,0.23305662381648454,0.6104703310454878,0.9921275245031553,50,5,2026-02-24
AON/GEN,AON,GEN,slow_reentry,2456.381965123987,0.26330096096764594,0.6104703310454878,0.9956692722396958,50,5,2026-02-24
AON/MCK,AON,MCK,slow_reentry,9858.267934704141,0.6626418858242101,0.6104703310454878,0.9991769803246568,70,5,2026-02-24
CI/LVS,CI,LVS,slow_reentry,5891.248895806016,0.3801196063612721,0.6104703310454878,0.9999999972736573,48,5,2026-02-24
CI/MTD,CI,MTD,slow_reentry,7475.44662541781,0.4924703113047734,0.6104703310454878,0.999974623154929,72,5,2026-02-24
EFX/MMM,EFX,MMM,slow_reentry,-11475.64201781914,-1.0228623353542954,0.6104703310454878,3.2198678751411614e-11,56,5,2026-02-24
CHD/HON,CHD,HON,slow_reentry,9541.0064014778,1.1403849187567567,0.6104703310454878,0.9999999557279986,54,5,2026-02-24
AKAM/YUM,AKAM,YUM,slow_reentry,8782.158417237877,0.9082649425949915,0.6104703310454878,0.9999999999999994,62,5,2026-02-24
CL/WST,CL,WST,slow_reentry,14078.67686684997,1.3598709308163446,0.6104703310454878,1.0,60,5,2026-02-24
BAX/IDXX,BAX,IDXX,slow_reentry,5948.165945593191,0.2920099399042684,0.6104703310454878,0.9201224002490426,58,5,2026-02-24
AVB/INCY,AVB,INCY,slow_reentry,1095.286464662729,0.08694633843420388,0.6104703310454878,0.40555096675807006,64,5,2026-02-24
PFG/YUM,PFG,YUM,vol_adaptive,7827.219806634431,0.6895097204406941,0.5899593586860468,0.9999999999999842,74,5,2026-02-24
HAS/PFE,HAS,PFE,vol_adaptive,-8327.475225068833,-0.5206472940694349,0.5899593586860468,1.276552123909086e-18,76,5,2026-02-24
FSLR/RSG,FSLR,RSG,vol_adaptive,12975.59280699353,0.4650991166646745,0.5899593586860468,0.9996631513463845,82,5,2026-02-24
ALB/YUM,ALB,YUM,vol_adaptive,-1573.573165543528,-0.07393780161993611,0.5899593586860468,7.276945971558459e-05,80,5,2026-02-24
HRL/MKC,HRL,MKC,vol_adaptive,-1470.495493172837,-0.14877295815406913,0.5899593586860468,3.065894499498492e-08,66,5,2026-02-24
AON/GEN,AON,GEN,vol_adaptive,4422.833758799539,0.33837141580031704,0.5899593586860468,0.9999960203340366,72,5,2026-02-24
AON/MCK,AON,MCK,vol_adaptive,13754.05413320152,0.9192040882550341,0.5899593586860468,0.9989901180626445,74,5,2026-02-24
CI/LVS,CI,LVS,vol_adaptive,5901.831525519168,0.31301490854960284,0.5899593586860468,0.9999999738125881,80,5,2026-02-24
CI/MTD,CI,MTD,vol_adaptive,5245.152467277491,0.3231505772538664,0.5899593586860468,0.9996042079660912,92,5,2026-02-24
EFX/MMM,EFX,MMM,vol_adaptive,-14491.01638907291,-0.9640364360786077,0.5899593586860468,1.934663054530544e-09,68,5,2026-02-24
CHD/HON,CHD,HON,vol_adaptive,13090.78689015793,1.2554200654054402,0.5899593586860468,0.9999999999999873,90,5,2026-02-24
AKAM/YUM,AKAM,YUM,vol_adaptive,13437.18803692803,0.8919019696499203,0.5899593586860468,0.9999967137105156,66,5,2026-02-24
CL/WST,CL,WST,vol_adaptive,14294.93560915817,1.3272101568277554,0.5899593586860468,1.0,68,5,2026-02-24
BAX/IDXX,BAX,IDXX,vol_adaptive,3886.589808513209,0.158557681302817,0.5899593586860468,0.7967580968504948,62,5,2026-02-24
AVB/INCY,AVB,INCY,vol_adaptive,3350.042069085715,0.2653905604068014,0.5899593586860468,0.9995038755768161,84,5,2026-02-24
PFG/YUM,PFG,YUM,default,6653.86242927947,0.5303738268488963,0.5224777785526589,0.9999513155916003,66,5,2026-02-24
HAS/PFE,HAS,PFE,default,-11811.8568176141,-0.770503627039223,0.5224777785526589,7.72565564494104e-15,70,5,2026-02-24
FSLR/RSG,FSLR,RSG,default,20756.84150130213,0.7387339903770452,0.5224777785526589,0.9999826355491659,66,5,2026-02-24
ALB/YUM,ALB,YUM,default,-4264.461198074699,-0.21227739096358583,0.5224777785526589,3.0407566396318025e-10,72,5,2026-02-24
HRL/MKC,HRL,MKC,default,2689.09327676329,0.3595159605242993,0.5224777785526589,0.9998751460999376,52,5,2026-02-24
AON/GEN,AON,GEN,default,5603.915008733356,0.4577114108465407,0.5224777785526589,0.9999997887763012,62,5,2026-02-24
AON/MCK,AON,MCK,default,1413.415517996841,0.15732234022085828,0.5224777785526589,0.9069100648202526,74,5,2026-02-24
CI/LVS,CI,LVS,default,822.2325502600743,0.04429217441620794,0.5224777785526589,0.1155575049512641,68,5,2026-02-24
CI/MTD,CI,MTD,default,6488.85807660464,0.4292186950536549,0.5224777785526589,0.9998978129817775,74,5,2026-02-24
EFX/MMM,EFX,MMM,default,-6261.189170808065,-0.5438597851876471,0.5224777785526589,3.864916978119173e-15,58,5,2026-02-24
CHD/HON,CHD,HON,default,10047.43880420496,1.1969800921553762,0.5224777785526589,0.9999999738429686,58,5,2026-02-24
AKAM/YUM,AKAM,YUM,default,10198.45405282654,1.0056319841809176,0.5224777785526589,1.0,66,5,2026-02-24
CL/WST,CL,WST,default,14391.50793558443,1.3357512528714919,0.5224777785526589,1.0,64,5,2026-02-24
BAX/IDXX,BAX,IDXX,default,5419.694069361753,0.2658527156273479,0.5224777785526589,0.9034926848931385,60,5,2026-02-24
AVB/INCY,AVB,INCY,default,1767.07939484066,0.13939890562717075,0.5224777785526589,0.8722964862411029,74,5,2026-02-24
PFG/YUM,PFG,YUM,tight_stop,9763.390041141603,0.9792592585629413,0.4422814580541343,0.9999999996903515,66,5,2026-02-24
HAS/PFE,HAS,PFE,tight_stop,2511.842716878315,0.17782556524263307,0.4422814580541343,0.8712414733676761,78,5,2026-02-24
FSLR/RSG,FSLR,RSG,tight_stop,8002.797675371485,0.30159153166105107,0.4422814580541343,0.9894948736568726,68,5,2026-02-24
ALB/YUM,ALB,YUM,tight_stop,-10796.44331084279,-0.581186428600892,0.4422814580541343,1.3049727279991584e-18,74,5,2026-02-24
HRL/MKC,HRL,MKC,tight_stop,-645.4664319488529,-0.09330596480007287,0.4422814580541343,0.00012506077117721776,48,5,2026-02-24
AON/GEN,AON,GEN,tight_stop,9136.509839867293,0.7835350286506321,0.4422814580541343,0.9999999996767887,74,5,2026-02-24
AON/MCK,AON,MCK,tight_stop,3273.966106570537,0.34834324434944447,0.4422814580541343,0.9999994884282948,72,5,2026-02-24
CI/LVS,CI,LVS,tight_stop,164.4067175737327,0.009528400631757104,0.4422814580541343,0.02705734684208858,72,5,2026-02-24
CI/MTD,CI,MTD,tight_stop,6658.331808246003,0.44507725519196606,0.4422814580541343,0.9999385266166466,74,5,2026-02-24
EFX/MMM,EFX,MMM,tight_stop,-6289.993424059849,-0.5957780844277376,0.4422814580541343,8.333616612625433e-12,62,5,2026-02-24
CHD/HON,CHD,HON,tight_stop,8571.720602950702,1.0775608563660326,0.4422814580541343,0.9999996992840366,54,5,2026-02-24
AKAM/YUM,AKAM,YUM,tight_stop,9790.884325190762,1.000238262456814,0.4422814580541343,1.0,66,5,2026-02-24
CL/WST,CL,WST,tight_stop,14230.58270666187,1.3020657339723547,0.4422814580541343,1.0,66,5,2026-02-24
BAX/IDXX,BAX,IDXX,tight_stop,5077.897526029239,0.2520845723300154,0.4422814580541343,0.8924860789072451,64,5,2026-02-24
AVB/INCY,AVB,INCY,tight_stop,-1582.696736992519,-0.11458993928708514,0.4422814580541343,0.00010429042508368674,72,5,2026-02-24
PFG/YUM,PFG,YUM,deep_dislocation,8865.552845660775,0.7550283980559993,0.4004659180035371,0.9999999034755697,28,5,2026-02-24
HAS/PFE,HAS,PFE,deep_dislocation,17415.68838744597,1.225726031978248,0.4004659180035371,0.9999999755233634,34,5,2026-02-24
FSLR/RSG,FSLR,RSG,deep_dislocation,-3053.665616635486,-0.08925183848891784,0.4004659180035371,3.048221819963578e-08,36,5,2026-02-24
ALB/YUM,ALB,YUM,deep_dislocation,21753.37022098279,0.9532693910979221,0.4004659180035371,0.9999999996393445,28,5,2026-02-24
HRL/MKC,HRL,MKC,deep_dislocation,8356.233338064085,0.851177583170326,0.4004659180035371,0.9999999427008005,26,5,2026-02-24
AON/GEN,AON,GEN,deep_dislocation,-5072.87782734764,-0.32547858932765117,0.4004659180035371,1.5383259614896822e-21,36,5,2026-02-24
AON/MCK,AON,MCK,deep_dislocation,6310.754912227637,0.6703563025445165,0.4004659180035371,0.9999995921120467,28,5,2026-02-24
CI/LVS,CI,LVS,deep_dislocation,-8377.227253792253,-0.386398700699117,0.4004659180035371,3.9294802864165396e-16,28,5,2026-02-24
CI/MTD,CI,MTD,deep_dislocation,2265.634177767621,0.11947042284600219,0.4004659180035371,0.6524129700264791,36,5,2026-02-24
EFX/MMM,EFX,MMM,deep_dislocation,3107.735691192541,0.2486795354185706,0.4004659180035371,0.9958630560936681,26,5,2026-02-24
CHD/HON,CHD,HON,deep_dislocation,15178.20808020036,1.271705110857847,0.4004659180035371,0.9999976733794064,26,5,2026-02-24
AKAM/YUM,AKAM,YUM,deep_dislocation,2497.434348145693,0.1152444837649989,0.4004659180035371,0.6785030199677573,30,5,2026-02-24
CL/WST,CL,WST,deep_dislocation,15952.47136669052,1.0919814095464215,0.4004659180035371,0.9999999999999934,36,5,2026-02-24
BAX/IDXX,BAX,IDXX,deep_dislocation,-16917.88538704889,-0.6244328255694466,0.4004659180035371,0.0010084665298963132,28,5,2026-02-24
AVB/INCY,AVB,INCY,deep_dislocation,-6810.788923826532,-0.3375776144935368,0.4004659180035371,1.2206469626640625e-08,46,5,2026-02-24
PFG/YUM,PFG,YUM,vol_gated,8975.82037386471,0.7957282454975586,0.3944333098642805,0.9999999999999789,70,5,2026-02-24
HAS/PFE,HAS,PFE,vol_gated,-8385.412423872953,-0.5221280187710142,0.3944333098642805,2.436157764476273e-18,76,5,2026-02-24
FSLR/RSG,FSLR,RSG,vol_gated,12952.64016529944,0.4624843504906733,0.3944333098642805,0.9996106561105852,82,5,2026-02-24
ALB/YUM,ALB,YUM,vol_gated,-19884.1878914245,-0.8808733937609329,0.3944333098642805,2.1160068664890325e-23,74,5,2026-02-24
HRL/MKC,HRL,MKC,vol_gated,-1663.729334959466,-0.1688745315565145,0.3944333098642805,4.371730030489755e-09,66,5,2026-02-24
AON/GEN,AON,GEN,vol_gated,4631.80038522985,0.3644915713888509,0.3944333098642805,0.9999989827258987,68,5,2026-02-24
AON/MCK,AON,MCK,vol_gated,13219.19494686491,0.9009651550729976,0.3944333098642805,0.9989323469669988,70,5,2026-02-24
CI/LVS,CI,LVS,vol_gated,3114.396943365598,0.16997616656168027,0.3944333098642805,0.9780654691351002,74,5,2026-02-24
CI/MTD,CI,MTD,vol_gated,6087.12737153086,0.37443540531017655,0.3944333098642805,0.9999256459432071,90,5,2026-02-24
EFX/MMM,EFX,MMM,vol_gated,-16113.6640712036,-1.0949975450779434,0.3944333098642805,1.0256490193045244e-08,60,5,2026-02-24
CHD/HON,CHD,HON,vol_gated,11949.8159949481,1.133520844511512,0.3944333098642805,0.9999999999999896,82,5,2026-02-24
AKAM/YUM,AKAM,YUM,vol_gated,12762.76680871372,0.8651205058182213,0.3944333098642805,0.9999929136906387,58,5,2026-02-24
CL/WST,CL,WST,vol_gated,14835.98513500234,1.3802398298560579,0.3944333098642805,1.0,68,5,2026-02-24
BAX/IDXX,BAX,IDXX,vol_gated,11787.28382847282,0.5220737509339104,0.3944333098642805,0.9908406715623458,62,5,2026-02-24
AVB/INCY,AVB,INCY,vol_gated,3666.725301249781,0.3000023540360796,0.3944333098642805,0.999709591696993,72,5,2026-02-24
PFG/YUM,PFG,YUM,patient_hold,12078.05856716053,1.2088636563598794,0.2701326241397812,0.9999999999297412,50,5,2026-02-24
HAS/PFE,HAS,PFE,patient_hold,1151.430244993961,0.08603022886292429,0.2701326241397812,0.4327317973856137,46,5,2026-02-24
FSLR/RSG,FSLR,RSG,patient_hold,-8604.058582573152,-0.4228900748212445,0.2701326241397812,6.551130860993383e-08,38,5,2026-02-24
ALB/YUM,ALB,YUM,patient_hold,23704.37068772158,1.2877936396449328,0.2701326241397812,0.9999999999800442,48,5,2026-02-24
HRL/MKC,HRL,MKC,patient_hold,818.7090140100727,0.1296580267570454,0.2701326241397812,0.7890974093250267,36,5,2026-02-24
AON/GEN,AON,GEN,patient_hold,-1677.157296422627,-0.16376712233249208,0.2701326241397812,6.371729577199838e-13,42,5,2026-02-24
AON/MCK,AON,MCK,patient_hold,9518.805390829231,1.4651578438180894,0.2701326241397812,0.9999999992904877,62,5,2026-02-24
CI/LVS,CI,LVS,patient_hold,-9325.767480799232,-0.5129758242905604,0.2701326241397812,7.467020577166129e-10,44,5,2026-02-24
CI/MTD,CI,MTD,patient_hold,175.0358856137229,0.013183049500182316,0.2701326241397812,0.03803692068534643,58,5,2026-02-24
EFX/MMM,EFX,MMM,patient_hold,6948.899458663791,0.60867316852063,0.2701326241397812,0.9998731617023441,40,5,2026-02-24
CHD/HON,CHD,HON,patient_hold,12587.41879973601,1.3781596911287761,0.2701326241397812,0.9999999993181997,44,5,2026-02-24
AKAM/YUM,AKAM,YUM,patient_hold,4955.348940140157,0.334538228841774,0.2701326241397812,0.9999035677047986,44,5,2026-02-24
CL/WST,CL,WST,patient_hold,12179.27278806664,1.1866192926315606,0.2701326241397812,1.0,60,5,2026-02-24
BAX/IDXX,BAX,IDXX,patient_hold,-7004.803270594917,-0.3862432447209481,0.2701326241397812,4.379357093567813e-05,46,5,2026-02-24
AVB/INCY,AVB,INCY,patient_hold,-10273.90423830256,-0.9626946481613945,0.2701326241397812,1.9859580709921304e-20,44,5,2026-02-24
PFG/YUM,PFG,YUM,deep_entry_quick_exit,4439.407892338957,0.5562540613407149,0.2564606105323888,0.9999999439822793,30,5,2026-02-24
HAS/PFE,HAS,PFE,deep_entry_quick_exit,13784.84668218217,1.570555801928498,0.2564606105323888,0.9999998335458246,36,5,2026-02-24
FSLR/RSG,FSLR,RSG,deep_entry_quick_exit,-5648.265292259342,-0.2519300607390387,0.2564606105323888,5.819442538235148e-13,36,5,2026-02-24
ALB/YUM,ALB,YUM,deep_entry_quick_exit,9692.787489359796,0.6694077180626214,0.2564606105323888,0.9999999671647434,28,5,2026-02-24
HRL/MKC,HRL,MKC,deep_entry_quick_exit,358.3295165959239,0.06210377082946065,0.2564606105323888,0.2464469179429582,26,5,2026-02-24
AON/GEN,AON,GEN,deep_entry_quick_exit,6699.707911766274,0.6040838491956528,0.2564606105323888,0.9999943978752713,32,5,2026-02-24
AON/MCK,AON,MCK,deep_entry_quick_exit,7197.993191277942,1.0275302420250267,0.2564606105323888,0.9999999952589349,28,5,2026-02-24
CI/LVS,CI,LVS,deep_entry_quick_exit,-11134.61858579228,-1.1865321900715173,0.2564606105323888,1.5616738135739193e-16,30,5,2026-02-24
CI/MTD,CI,MTD,deep_entry_quick_exit,1965.065474600049,0.15062804470114052,0.2564606105323888,0.8085941488522201,38,5,2026-02-24
EFX/MMM,EFX,MMM,deep_entry_quick_exit,4517.206763443998,0.5373145967516416,0.2564606105323888,0.9999999237746502,28,5,2026-02-24
CHD/HON,CHD,HON,deep_entry_quick_exit,11417.20298988802,1.4130706360540004,0.2564606105323888,0.9999993549695424,26,5,2026-02-24
AKAM/YUM,AKAM,YUM,deep_entry_quick_exit,4844.752500069565,0.36123411053682,0.2564606105323888,0.9993897394890933,32,5,2026-02-24
CL/WST,CL,WST,deep_entry_quick_exit,9477.475680636622,0.9527701341494552,0.2564606105323888,0.999999999999995,36,5,2026-02-24
BAX/IDXX,BAX,IDXX,deep_entry_quick_exit,-12982.41297230054,-0.7211666656661566,0.2564606105323888,0.0014059337472365034,30,5,2026-02-24
AVB/INCY,AVB,INCY,deep_entry_quick_exit,105.7075523578851,0.009141611868554627,0.2564606105323888,0.02728128629163968,40,5,2026-02-24
PFG/YUM,PFG,YUM,symmetric_exit,-3410.271097515214,-0.325939095411552,0.1509465512210656,1.6945741957665752e-09,52,5,2026-02-24
HAS/PFE,HAS,PFE,symmetric_exit,-7721.536100112879,-0.5509804434467689,0.1509465512210656,2.598345533059795e-13,56,5,2026-02-24
FSLR/RSG,FSLR,RSG,symmetric_exit,16335.80301917606,0.6578403861921919,0.1509465512210656,0.999476266626144,50,5,2026-02-24
ALB/YUM,ALB,YUM,symmetric_exit,10297.67734494978,0.5897221337947449,0.1509465512210656,0.9999999965424824,50,5,2026-02-24
HRL/MKC,HRL,MKC,symmetric_exit,821.7678900913243,0.1300546326333203,0.1509465512210656,0.7570661844143032,38,5,2026-02-24
AON/GEN,AON,GEN,symmetric_exit,-1597.847452168764,-0.14339613778778088,0.1509465512210656,6.7228228329627114e-06,54,5,2026-02-24
AON/MCK,AON,MCK,symmetric_exit,11922.08246366516,0.8609648755882549,0.1509465512210656,0.9975591330589376,60,5,2026-02-24
CI/LVS,CI,LVS,symmetric_exit,1734.847203913764,0.10521813829961049,0.1509465512210656,0.5908344817505821,56,5,2026-02-24
CI/MTD,CI,MTD,symmetric_exit,591.2594757163206,0.044958118960563724,0.1509465512210656,0.1503592778893882,52,5,2026-02-24
EFX/MMM,EFX,MMM,symmetric_exit,2989.144552326055,0.3680975529795875,0.1509465512210656,0.99999969410185,44,5,2026-02-24
CHD/HON,CHD,HON,symmetric_exit,10187.9784934565,1.398456908115744,0.1509465512210656,0.9999935637490317,42,5,2026-02-24
AKAM/YUM,AKAM,YUM,symmetric_exit,5530.798482081102,0.41150901904500625,0.1509465512210656,0.9997097765131996,50,5,2026-02-24
CL/WST,CL,WST,symmetric_exit,6484.603902647021,0.665840137488174,0.1509465512210656,0.9999999999971938,56,5,2026-02-24
BAX/IDXX,BAX,IDXX,symmetric_exit,-4162.336666989029,-0.22606085498402537,0.1509465512210656,3.849685856739307e-09,50,5,2026-02-24
AVB/INCY,AVB,INCY,symmetric_exit,-10102.85500608084,-1.1172223797880123,0.1509465512210656,1.9841364050353781e-22,52,5,2026-02-24
PFG/YUM,PFG,YUM,conservative_no_leverage,1631.128611266719,0.3467132626828746,-0.0038502182858738,0.9999999978003378,40,5,2026-02-24
HAS/PFE,HAS,PFE,conservative_no_leverage,3932.306623989855,0.4736420132574714,-0.0038502182858738,0.999850966203344,50,5,2026-02-24
FSLR/RSG,FSLR,RSG,conservative_no_leverage,-9471.687229662537,-0.9012739739563886,-0.0038502182858738,7.3221583926219016e-06,36,5,2026-02-24
ALB/YUM,ALB,YUM,conservative_no_leverage,8375.563759590445,1.008879381748449,-0.0038502182858738,0.9999999999998294,40,5,2026-02-24
HRL/MKC,HRL,MKC,conservative_no_leverage,1713.561022825776,0.5726315069190204,-0.0038502182858738,0.9999999999999039,30,5,2026-02-24
AON/GEN,AON,GEN,conservative_no_leverage,5533.583573986112,0.891850134943111,-0.0038502182858738,0.9999999366065123,46,5,2026-02-24
AON/MCK,AON,MCK,conservative_no_leverage,5506.990807021799,1.865492220424525,-0.0038502182858738,0.9999999902827531,54,5,2026-02-24
CI/LVS,CI,LVS,conservative_no_leverage,-950.7803432707487,-0.09799684782681416,-0.0038502182858738,0.00011156498397622146,42,5,2026-02-24
CI/MTD,CI,MTD,conservative_no_leverage,919.5457737040425,0.14540538205363254,-0.0038502182858738,0.7851190736847045,52,5,2026-02-24
EFX/MMM,EFX,MMM,conservative_no_leverage,3700.801022140681,0.6220243775068232,-0.0038502182858738,0.9999787135016283,44,5,2026-02-24
CHD/HON,CHD,HON,conservative_no_leverage,6404.243541796961,1.5182294125588596,-0.0038502182858738,0.9999999715556693,38,5,2026-02-24
AKAM/YUM,AKAM,YUM,conservative_no_leverage,1905.993675492633,0.2525102070831816,-0.0038502182858738,0.9993376666334848,38,5,2026-02-24
CL/WST,CL,WST,conservative_no_leverage,3575.969429876804,0.7118728911260873,-0.0038502182858738,0.9999999999995187,56,5,2026-02-24
BAX/IDXX,BAX,IDXX,conservative_no_leverage,-2930.174498896275,-0.30268456604918303,-0.0038502182858738,2.9120885382889876e-07,46,5,2026-02-24
AVB/INCY,AVB,INCY,conservative_no_leverage,2086.142238864883,0.34579294089789636,-0.0038502182858738,0.9999935992431135,52,5,2026-02-24
PFG/YUM,PFG,YUM,no_leverage,3370.3236007825,0.5420388531909089,-0.0136298837720418,0.999959624051931,66,5,2026-02-24
HAS/PFE,HAS,PFE,no_leverage,-5902.369060263678,-0.7801209247796697,-0.0136298837720418,1.5692629019158444e-14,70,5,2026-02-24
FSLR/RSG,FSLR,RSG,no_leverage,10174.87557020683,0.7335592285789099,-0.0136298837720418,0.9999802803292929,66,5,2026-02-24
ALB/YUM,ALB,YUM,no_leverage,-2128.513685469466,-0.21480773422589305,-0.0136298837720418,2.1571242174070727e-10,72,5,2026-02-24
HRL/MKC,HRL,MKC,no_leverage,1305.021999729899,0.35550193267226654,-0.0136298837720418,0.9998691427898797,52,5,2026-02-24
AON/GEN,AON,GEN,no_leverage,2782.831911377794,0.4627824342259963,-0.0136298837720418,0.9999998360897882,62,5,2026-02-24
AON/MCK,AON,MCK,no_leverage,676.8510964026054,0.15420983581170875,-0.0136298837720418,0.895319102312068,74,5,2026-02-24
CI/LVS,CI,LVS,no_leverage,402.6594248129895,0.04401541396495237,-0.0136298837720418,0.11466479557024795,68,5,2026-02-24
CI/MTD,CI,MTD,no_leverage,3192.126058301166,0.43105813949057886,-0.0136298837720418,0.999916957167623,74,5,2026-02-24
EFX/MMM,EFX,MMM,no_leverage,-3034.292548243259,-0.5361852415524699,-0.0136298837720418,2.6751936441546205e-15,58,5,2026-02-24
CHD/HON,CHD,HON,no_leverage,4946.592267857875,1.1890398614772577,-0.0136298837720418,0.9999999543417076,58,5,2026-02-24
AKAM/YUM,AKAM,YUM,no_leverage,4995.65624581361,1.0017094337918906,-0.0136298837720418,1.0,66,5,2026-02-24
CL/WST,CL,WST,no_leverage,7161.13188356822,1.3487780702331065,-0.0136298837720418,1.0,64,5,2026-02-24
BAX/IDXX,BAX,IDXX,no_leverage,2706.287402718864,0.27060641333157126,-0.0136298837720418,0.9082759356846466,60,5,2026-02-24
AVB/INCY,AVB,INCY,no_leverage,937.4532505817585,0.14940198319858763,-0.0136298837720418,0.9195700150711303,74,5,2026-02-24
PFG/YUM,PFG,YUM,conservative,2585.457049931081,0.7321236503427431,-0.6413330399061365,0.9999844357367642,24,5,2026-02-24
HAS/PFE,HAS,PFE,conservative,6905.179685570166,1.5232109724018088,-0.6413330399061365,0.9999999567535531,42,5,2026-02-24
FSLR/RSG,FSLR,RSG,conservative,-5313.753659329662,-0.5331209211477892,-0.6413330399061365,2.9999109722001592e-06,30,5,2026-02-24
ALB/YUM,ALB,YUM,conservative,6502.515178842173,1.054764661649105,-0.6413330399061365,0.9999999994700697,30,5,2026-02-24
HRL/MKC,HRL,MKC,conservative,-82.4545267482755,-0.03212403497086984,-0.6413330399061365,0.0019196138039328768,26,5,2026-02-24
AON/GEN,AON,GEN,conservative,2096.182158043029,0.7202657045806329,-0.6413330399061365,0.9999993629640096,38,5,2026-02-24
AON/MCK,AON,MCK,conservative,4390.695742705142,1.7605489965473273,-0.6413330399061365,0.9999949471308739,34,5,2026-02-24
CI/LVS,CI,LVS,conservative,-4155.570231302212,-0.8463881344399743,-0.6413330399061365,3.838750449189527e-13,32,5,2026-02-24
CI/MTD,CI,MTD,conservative,-1146.603455070487,-0.1871681981695074,-0.6413330399061365,1.20039686402715e-09,36,5,2026-02-24
EFX/MMM,EFX,MMM,conservative,3592.976324734246,1.0886193046871866,-0.6413330399061365,0.9999999999999972,34,5,2026-02-24
CHD/HON,CHD,HON,conservative,6587.580089245452,1.6026841005386263,-0.6413330399061365,0.9999997078070789,34,5,2026-02-24
AKAM/YUM,AKAM,YUM,conservative,-205.9266971161669,-0.039093277831030976,-0.6413330399061365,0.0025396943218340766,38,5,2026-02-24
CL/WST,CL,WST,conservative,6285.154938589112,1.4285770513738651,-0.6413330399061365,0.9999999999988799,36,5,2026-02-24
BAX/IDXX,BAX,IDXX,conservative,-6236.924170063353,-0.7069363342158081,-0.6413330399061365,0.001247816741520439,34,5,2026-02-24
AVB/INCY,AVB,INCY,conservative,-4230.347743883459,-0.9973687774158783,-0.6413330399061365,5.509278515049295e-18,36,5,2026-02-24
PFG/YUM,PFG,YUM,vol_agnostic,3238.452735654495,0.20061887644207826,1.7072045980838002,0.9787188113439037,126,6,2026-03-31
HAS/PFE,HAS,PFE,vol_agnostic,7359.220944037412,0.37123342414963184,1.7072045980838002,0.999895618185892,114,6,2026-03-31
FSLR/RSG,FSLR,RSG,vol_agnostic,30594.6053526867,0.9011163769848114,1.7072045980838002,1.0,124,6,2026-03-31
ALB/YUM,ALB,YUM,vol_agnostic,9490.652522377168,0.2766174541345486,1.7072045980838002,0.9997744821736344,140,6,2026-03-31
HRL/MKC,HRL,MKC,vol_agnostic,1331.982657421987,0.09761518477814451,1.7072045980838002,0.5317887828129715,98,6,2026-03-31
AON/GEN,AON,GEN,vol_agnostic,16026.90205825433,0.9174308115260835,1.7072045980838002,0.9999999999999698,80,6,2026-03-31
AON/MCK,AON,MCK,vol_agnostic,13875.03853077657,0.7165933842002278,1.7072045980838002,0.9999365785280708,130,6,2026-03-31
CI/LVS,CI,LVS,vol_agnostic,-700.5319644586634,-0.025350246298162824,1.7072045980838002,0.004942347931255783,102,6,2026-03-31
CI/MTD,CI,MTD,vol_agnostic,26661.60933624212,1.4221853078322044,1.7072045980838002,0.9999999999999958,130,6,2026-03-31
EFX/MMM,EFX,MMM,vol_agnostic,24234.11410770541,1.2179018751585013,1.7072045980838002,1.0,124,6,2026-03-31
CHD/HON,CHD,HON,vol_agnostic,17881.16916060301,1.284072063439385,1.7072045980838002,1.0,120,6,2026-03-31
AKAM/YUM,AKAM,YUM,vol_agnostic,17143.1870807399,0.7180205151590162,1.7072045980838002,0.9999999999862428,102,6,2026-03-31
CL/WST,CL,WST,vol_agnostic,8705.691851245756,0.38470765498633747,1.7072045980838002,0.985581211740854,122,6,2026-03-31
BAX/IDXX,BAX,IDXX,vol_agnostic,10437.76523334628,0.620170797147327,1.7072045980838002,1.0,110,6,2026-03-31
AVB/INCY,AVB,INCY,vol_agnostic,15440.64496751732,0.7324412998544588,1.7072045980838002,0.9999999999999998,116,6,2026-03-31
PFG/YUM,PFG,YUM,fast_signal,7433.954749047976,0.6015621831050484,1.673304423375254,0.9999999999999958,88,6,2026-03-31
HAS/PFE,HAS,PFE,fast_signal,14580.7089195531,0.8210027223733242,1.673304423375254,0.9999999991841936,80,6,2026-03-31
FSLR/RSG,FSLR,RSG,fast_signal,27034.61672584316,0.8675023424853633,1.673304423375254,0.9999967048154885,84,6,2026-03-31
ALB/YUM,ALB,YUM,fast_signal,27901.03245385061,1.1272607685631129,1.673304423375254,1.0,88,6,2026-03-31
HRL/MKC,HRL,MKC,fast_signal,-14674.21306114438,-1.3953286024197968,1.673304423375254,4.311374934892728e-17,84,6,2026-03-31
AON/GEN,AON,GEN,fast_signal,4278.561158673611,0.3253844764714279,1.673304423375254,0.9981630605467473,94,6,2026-03-31
AON/MCK,AON,MCK,fast_signal,3492.910246082554,0.36789983925418096,1.673304423375254,0.9999995388032453,84,6,2026-03-31
CI/LVS,CI,LVS,fast_signal,1875.280823703706,0.08048095197621416,1.673304423375254,0.3544097299593477,100,6,2026-03-31
CI/MTD,CI,MTD,fast_signal,14109.68196128845,0.8436796328540559,1.673304423375254,0.9999999943555888,62,6,2026-03-31
EFX/MMM,EFX,MMM,fast_signal,4737.691180453614,0.30823130199787097,1.673304423375254,0.9991398603766303,74,6,2026-03-31
CHD/HON,CHD,HON,fast_signal,8151.073009497969,0.8627690166610905,1.673304423375254,0.999999999932923,110,6,2026-03-31
AKAM/YUM,AKAM,YUM,fast_signal,17756.28938745917,0.9945520528909451,1.673304423375254,0.9999999813455704,76,6,2026-03-31
CL/WST,CL,WST,fast_signal,12878.94982161851,1.0022692290048167,1.673304423375254,1.0,84,6,2026-03-31
BAX/IDXX,BAX,IDXX,fast_signal,17509.8501684059,1.0816602833355324,1.673304423375254,0.9999935364160653,90,6,2026-03-31
AVB/INCY,AVB,INCY,fast_signal,12205.30932266705,0.7746068590586644,1.673304423375254,0.9999999999992059,96,6,2026-03-31
PFG/YUM,PFG,YUM,low_entry,11682.33985026324,0.8576133530698302,1.500021383519772,1.0,110,6,2026-03-31
HAS/PFE,HAS,PFE,low_entry,11147.82426915047,0.4810343185218835,1.500021383519772,0.9999999523911486,130,6,2026-03-31
FSLR/RSG,FSLR,RSG,low_entry,35209.48339587311,1.0499332217530788,1.500021383519772,0.9999999956857246,128,6,2026-03-31
ALB/YUM,ALB,YUM,low_entry,16011.29669103712,0.5481030895318384,1.500021383519772,0.9999999999999999,134,6,2026-03-31
HRL/MKC,HRL,MKC,low_entry,-1381.144080703469,-0.11160873478964461,1.500021383519772,3.818911765530231e-06,102,6,2026-03-31
AON/GEN,AON,GEN,low_entry,17883.5291592755,1.0314850274576979,1.500021383519772,0.9999999999999952,112,6,2026-03-31
AON/MCK,AON,MCK,low_entry,8202.382550394828,0.42675974650130666,1.500021383519772,0.9998929146578818,114,6,2026-03-31
CI/LVS,CI,LVS,low_entry,7578.807389240925,0.27652397269438117,1.500021383519772,0.9999992045797852,134,6,2026-03-31
CI/MTD,CI,MTD,low_entry,8669.20857609725,0.5036628739667299,1.500021383519772,0.9999996118416902,118,6,2026-03-31
EFX/MMM,EFX,MMM,low_entry,-1347.872072120754,-0.0822403506417027,1.500021383519772,1.810157540860665e-05,124,6,2026-03-31
CHD/HON,CHD,HON,low_entry,14408.9223189864,1.1318409642948042,1.500021383519772,1.0,114,6,2026-03-31
AKAM/YUM,AKAM,YUM,low_entry,9537.567454117396,0.601103077974657,1.500021383519772,0.9999999990865568,104,6,2026-03-31
CL/WST,CL,WST,low_entry,17646.08734413773,1.0251970331884066,1.500021383519772,0.9999999999990834,112,6,2026-03-31
BAX/IDXX,BAX,IDXX,low_entry,-901.5685225419693,-0.03274825569653162,1.500021383519772,0.0012956661930504476,112,6,2026-03-31
AVB/INCY,AVB,INCY,low_entry,14424.50919938568,0.7285769821881863,1.500021383519772,1.0,122,6,2026-03-31
PFG/YUM,PFG,YUM,aggressive,1708.27793017508,0.07564681222710701,1.4540790574926596,0.3495974775727032,108,6,2026-03-31
HAS/PFE,HAS,PFE,aggressive,15522.28338660907,0.46297157986504406,1.4540790574926596,0.9999995610078027,122,6,2026-03-31
FSLR/RSG,FSLR,RSG,aggressive,62588.76202414964,1.1226755455186066,1.4540790574926596,0.9999999999794028,124,6,2026-03-31
ALB/YUM,ALB,YUM,aggressive,42504.98289131762,1.0003558948429712,1.4540790574926596,1.0,128,6,2026-03-31
HRL/MKC,HRL,MKC,aggressive,8467.972809152394,0.341164997696741,1.4540790574926596,0.9999915559919467,116,6,2026-03-31
AON/GEN,AON,GEN,aggressive,14310.59900400101,0.5288036923174727,1.4540790574926596,0.9999999994627574,100,6,2026-03-31
AON/MCK,AON,MCK,aggressive,21589.30473616092,0.7348688463400045,1.4540790574926596,0.9998812047201678,116,6,2026-03-31
CI/LVS,CI,LVS,aggressive,6775.146049728299,0.1600455515871872,1.4540790574926596,0.9571296826607009,112,6,2026-03-31
CI/MTD,CI,MTD,aggressive,21257.46958719009,0.751464118261872,1.4540790574926596,0.9999999999351429,118,6,2026-03-31
EFX/MMM,EFX,MMM,aggressive,-10017.47024974937,-0.3719830062999839,1.4540790574926596,1.497705693081302e-20,106,6,2026-03-31
CHD/HON,CHD,HON,aggressive,17021.94391900089,0.949116211128125,1.4540790574926596,0.9999999999999938,116,6,2026-03-31
AKAM/YUM,AKAM,YUM,aggressive,19359.80352601396,0.6606512558778991,1.4540790574926596,0.9999999896905243,98,6,2026-03-31
CL/WST,CL,WST,aggressive,20206.53955329884,0.9137532358424495,1.4540790574926596,1.0,116,6,2026-03-31
BAX/IDXX,BAX,IDXX,aggressive,-21023.5370314573,-0.5045999181579371,1.4540790574926596,1.1038505893138363e-10,98,6,2026-03-31
AVB/INCY,AVB,INCY,aggressive,28225.86881643292,0.8865166419404719,1.4540790574926596,1.0,140,6,2026-03-31
PFG/YUM,PFG,YUM,static_threshold,-1242.092063528861,-0.07985703926921901,1.4210463081421765,5.776813648031304e-05,114,6,2026-03-31
HAS/PFE,HAS,PFE,static_threshold,7050.886413370474,0.36934708086946916,1.4210463081421765,0.9998210349657881,118,6,2026-03-31
FSLR/RSG,FSLR,RSG,static_threshold,45750.02349822888,1.4248867926435644,1.4210463081421765,1.0,120,6,2026-03-31
ALB/YUM,ALB,YUM,static_threshold,12266.81729632514,0.3790371017609937,1.4210463081421765,0.9999999636663387,144,6,2026-03-31
HRL/MKC,HRL,MKC,static_threshold,3025.763328761301,0.2250672746981499,1.4210463081421765,0.9928752094372535,110,6,2026-03-31
AON/GEN,AON,GEN,static_threshold,5029.739012735465,0.29848046070715173,1.4210463081421765,0.9998079336386424,110,6,2026-03-31
AON/MCK,AON,MCK,static_threshold,25166.67509411831,1.4567334096038145,1.4210463081421765,0.9998015325950519,130,6,2026-03-31
CI/LVS,CI,LVS,static_threshold,-19.47905795178485,-0.000737656882121753,1.4210463081421765,0.017332502631559017,108,6,2026-03-31
CI/MTD,CI,MTD,static_threshold,6192.174724124961,0.34929474859370824,1.4210463081421765,0.9999327759368833,122,6,2026-03-31
EFX/MMM,EFX,MMM,static_threshold,11952.08298259076,0.6329074793387754,1.4210463081421765,0.9999999999956429,126,6,2026-03-31
CHD/HON,CHD,HON,static_threshold,26918.59629148152,2.075768604355273,1.4210463081421765,1.0,124,6,2026-03-31
AKAM/YUM,AKAM,YUM,static_threshold,13515.92533179447,0.6181147017535615,1.4210463081421765,0.9999999985769688,110,6,2026-03-31
CL/WST,CL,WST,static_threshold,6529.078055343636,0.26767825449594085,1.4210463081421765,0.9703009125020673,120,6,2026-03-31
BAX/IDXX,BAX,IDXX,static_threshold,-7662.158248717556,-0.3318631762174858,1.4210463081421765,9.882645437976302e-17,116,6,2026-03-31
AVB/INCY,AVB,INCY,static_threshold,16821.87280610236,0.8505501027935172,1.4210463081421765,0.9999999999999987,116,6,2026-03-31
PFG/YUM,PFG,YUM,fast_signal_tight_stop,9228.67385125178,0.7624471105855266,1.3717477284025008,0.9999999999999948,88,6,2026-03-31
HAS/PFE,HAS,PFE,fast_signal_tight_stop,19630.52868719297,1.1484101392425212,1.3717477284025008,0.9999999854964927,78,6,2026-03-31
FSLR/RSG,FSLR,RSG,fast_signal_tight_stop,20562.42631026365,0.6703630478993551,1.3717477284025008,0.9999632535770633,84,6,2026-03-31
ALB/YUM,ALB,YUM,fast_signal_tight_stop,15070.90953536046,0.6229372003902673,1.3717477284025008,0.9999999999994016,80,6,2026-03-31
HRL/MKC,HRL,MKC,fast_signal_tight_stop,-12615.77733760856,-1.1586376933375784,1.3717477284025008,1.335035652253463e-18,76,6,2026-03-31
AON/GEN,AON,GEN,fast_signal_tight_stop,4351.986657811717,0.3898059056557303,1.3717477284025008,0.9999997203260228,88,6,2026-03-31
AON/MCK,AON,MCK,fast_signal_tight_stop,4097.55052526203,0.4265189215724872,1.3717477284025008,0.9999999974197937,82,6,2026-03-31
CI/LVS,CI,LVS,fast_signal_tight_stop,2061.790555058227,0.10630828400928921,1.3717477284025008,0.6427290043066349,88,6,2026-03-31
CI/MTD,CI,MTD,fast_signal_tight_stop,17247.84890146263,0.9934720760399298,1.3717477284025008,0.9999999981724028,62,6,2026-03-31
EFX/MMM,EFX,MMM,fast_signal_tight_stop,5543.028287951478,0.3757799948462385,1.3717477284025008,0.9998332691423801,68,6,2026-03-31
CHD/HON,CHD,HON,fast_signal_tight_stop,7734.268448644993,0.8403175345461684,1.3717477284025008,0.9999999996233198,92,6,2026-03-31
AKAM/YUM,AKAM,YUM,fast_signal_tight_stop,7064.762975487129,0.5279611076447298,1.3717477284025008,0.9999999974228475,70,6,2026-03-31
CL/WST,CL,WST,fast_signal_tight_stop,2033.167287031036,0.16670234411086024,1.3717477284025008,0.9409520226707334,78,6,2026-03-31
BAX/IDXX,BAX,IDXX,fast_signal_tight_stop,13627.87762467967,0.8584650984459143,1.3717477284025008,0.9999877859732509,82,6,2026-03-31
AVB/INCY,AVB,INCY,fast_signal_tight_stop,10587.71393175204,0.8033892278329012,1.3717477284025008,0.9999999953683856,82,6,2026-03-31
PFG/YUM,PFG,YUM,fast_reentry,12830.62027450989,1.0751602777248435,1.2665799313761863,0.9999999999999932,76,6,2026-03-31
HAS/PFE,HAS,PFE,fast_reentry,-2157.119100643833,-0.1258478040241439,1.2665799313761863,4.041494307643356e-09,94,6,2026-03-31
FSLR/RSG,FSLR,RSG,fast_reentry,16414.05040891131,0.5381567998299934,1.2665799313761863,0.9999581571930096,74,6,2026-03-31
ALB/YUM,ALB,YUM,fast_reentry,21549.41950920027,0.8991451122033429,1.2665799313761863,1.0,82,6,2026-03-31
HRL/MKC,HRL,MKC,fast_reentry,210.9150343676556,0.02191458528922273,1.2665799313761863,0.05324971133036579,60,6,2026-03-31
AON/GEN,AON,GEN,fast_reentry,6647.833645280738,0.5298097572672906,1.2665799313761863,0.9999999593421423,80,6,2026-03-31
AON/MCK,AON,MCK,fast_reentry,12120.76488578818,0.7521195632000426,1.2665799313761863,0.9989401683838552,78,6,2026-03-31
CI/LVS,CI,LVS,fast_reentry,6191.330772305277,0.24433323899979406,1.2665799313761863,0.9999550301080355,88,6,2026-03-31
CI/MTD,CI,MTD,fast_reentry,7791.68268371504,0.4667798082314346,1.2665799313761863,0.9999948677986537,76,6,2026-03-31
EFX/MMM,EFX,MMM,fast_reentry,-6156.825273388122,-0.4783761294691927,1.2665799313761863,1.767851227298259e-17,60,6,2026-03-31
CHD/HON,CHD,HON,fast_reentry,14587.08320842255,1.556966604589564,1.2665799313761863,0.9999999994583578,66,6,2026-03-31
AKAM/YUM,AKAM,YUM,fast_reentry,7240.308482582803,0.6258972853035665,1.2665799313761863,0.999999999999835,70,6,2026-03-31
CL/WST,CL,WST,fast_reentry,12376.1593459925,1.037251115694074,1.2665799313761863,1.0,72,6,2026-03-31
BAX/IDXX,BAX,IDXX,fast_reentry,8501.171890064503,0.3988138028934169,1.2665799313761863,0.9617797710053081,66,6,2026-03-31
AVB/INCY,AVB,INCY,fast_reentry,6511.075825307909,0.41882340743853147,1.2665799313761863,0.9999999938037435,86,6,2026-03-31
PFG/YUM,PFG,YUM,flash_hold,-3380.398139367174,-0.46168559146271154,1.170328038141735,7.253029510855299e-17,170,6,2026-03-31
HAS/PFE,HAS,PFE,flash_hold,8124.074245115025,0.771004117317195,1.170328038141735,0.9999999995626222,180,6,2026-03-31
FSLR/RSG,FSLR,RSG,flash_hold,15684.23580486882,1.0755212029827537,1.170328038141735,1.0,154,6,2026-03-31
ALB/YUM,ALB,YUM,flash_hold,542.9523436206437,0.035970661842554784,1.170328038141735,0.09818684415692236,190,6,2026-03-31
HRL/MKC,HRL,MKC,flash_hold,-2335.246554291344,-0.3218413593010746,1.170328038141735,6.934671898616849e-07,162,6,2026-03-31
AON/GEN,AON,GEN,flash_hold,-1790.230959250905,-0.20097575738722392,1.170328038141735,1.0542050614820573e-10,164,6,2026-03-31
AON/MCK,AON,MCK,flash_hold,10831.02783119171,1.200308372776785,1.170328038141735,0.9999903924492511,152,6,2026-03-31
CI/LVS,CI,LVS,flash_hold,6876.332035918849,0.4758625278560123,1.170328038141735,0.99999999999994,190,6,2026-03-31
CI/MTD,CI,MTD,flash_hold,12001.94004968563,1.2241379016112195,1.170328038141735,0.9999999999999996,148,6,2026-03-31
EFX/MMM,EFX,MMM,flash_hold,8093.788520751739,0.8983569145517794,1.170328038141735,0.9999999999999967,164,6,2026-03-31
CHD/HON,CHD,HON,flash_hold,10913.13203827046,1.516924623307584,1.170328038141735,1.0,168,6,2026-03-31
AKAM/YUM,AKAM,YUM,flash_hold,10816.39161327996,1.0864461913427916,1.170328038141735,0.9999999999757031,134,6,2026-03-31
CL/WST,CL,WST,flash_hold,4599.91416129529,0.4007513223035969,1.170328038141735,0.9935154630981051,162,6,2026-03-31
BAX/IDXX,BAX,IDXX,flash_hold,-2004.929266462982,-0.2080909043832627,1.170328038141735,1.9724921149048863e-13,138,6,2026-03-31
AVB/INCY,AVB,INCY,flash_hold,9148.020981665994,0.9560801851694153,1.170328038141735,1.0,162,6,2026-03-31
PFG/YUM,PFG,YUM,slow_signal,3006.318891661193,0.23627730429081495,1.1076256573388634,0.9848840963416641,48,6,2026-03-31
HAS/PFE,HAS,PFE,slow_signal,7381.231144459342,0.5095286811346551,1.1076256573388634,0.9999998103894373,52,6,2026-03-31
FSLR/RSG,FSLR,RSG,slow_signal,-5925.685505855869,-0.233351407253026,1.1076256573388634,4.772763737822323e-14,58,6,2026-03-31
ALB/YUM,ALB,YUM,slow_signal,24099.14081949632,1.3403859319660976,1.1076256573388634,0.999999999999997,52,6,2026-03-31
HRL/MKC,HRL,MKC,slow_signal,6949.027674903382,0.9261512338158223,1.1076256573388634,0.9999999993900208,38,6,2026-03-31
AON/GEN,AON,GEN,slow_signal,8124.098827976205,0.6609501160327124,1.1076256573388634,0.9999999999285849,58,6,2026-03-31
AON/MCK,AON,MCK,slow_signal,15546.44817970399,2.15988015553886,1.1076256573388634,0.9999999986267439,54,6,2026-03-31
CI/LVS,CI,LVS,slow_signal,-1890.155898076452,-0.08728212362618708,1.1076256573388634,0.0005805337788303553,58,6,2026-03-31
CI/MTD,CI,MTD,slow_signal,3262.607541211881,0.22272901324697283,1.1076256573388634,0.9733397413015822,64,6,2026-03-31
EFX/MMM,EFX,MMM,slow_signal,10099.29058929353,0.9095076013714908,1.1076256573388634,0.9999999999968662,40,6,2026-03-31
CHD/HON,CHD,HON,slow_signal,14669.84406104784,1.4815568818661657,1.1076256573388634,0.9999999999514008,46,6,2026-03-31
AKAM/YUM,AKAM,YUM,slow_signal,464.71065945921,0.0282877008666048,1.1076256573388634,0.05981089237851797,50,6,2026-03-31
CL/WST,CL,WST,slow_signal,17319.18608949805,1.3423142388943605,1.1076256573388634,0.9999907050801072,48,6,2026-03-31
BAX/IDXX,BAX,IDXX,slow_signal,-5624.935040457716,-0.3928572558554564,1.1076256573388634,6.728683383912177e-08,48,6,2026-03-31
AVB/INCY,AVB,INCY,slow_signal,10044.74251685895,0.6775311003094673,1.1076256573388634,0.9999999438797127,46,6,2026-03-31
PFG/YUM,PFG,YUM,high_vol_specialist,9749.446702572804,0.7883164167229808,1.1016570820457274,0.9999999999999989,46,6,2026-03-31
HAS/PFE,HAS,PFE,high_vol_specialist,15117.26540329663,1.0098391578182784,1.1016570820457274,1.0,58,6,2026-03-31
FSLR/RSG,FSLR,RSG,high_vol_specialist,-7917.164245263381,-0.30663499605296524,1.1016570820457274,1.0373421095916495e-13,58,6,2026-03-31
ALB/YUM,ALB,YUM,high_vol_specialist,34254.20083578546,1.6745716717397567,1.1016570820457274,0.9999999999975736,52,6,2026-03-31
HRL/MKC,HRL,MKC,high_vol_specialist,6966.722000941279,0.8098803802657885,1.1016570820457274,0.9999999999997368,44,6,2026-03-31
AON/GEN,AON,GEN,high_vol_specialist,8462.150816729683,0.5984136774738343,1.1016570820457274,0.9999999372254051,50,6,2026-03-31
AON/MCK,AON,MCK,high_vol_specialist,20208.72906957338,2.4005906942503317,1.1016570820457274,0.9999999999999288,60,6,2026-03-31
CI/LVS,CI,LVS,high_vol_specialist,-3143.966988558448,-0.12414557327334953,1.1016570820457274,3.7243520768892164e-05,64,6,2026-03-31
CI/MTD,CI,MTD,high_vol_specialist,7657.809821608301,0.48929246263143156,1.1016570820457274,0.9999839871108077,72,6,2026-03-31
EFX/MMM,EFX,MMM,high_vol_specialist,9400.881314203973,0.6482979251492221,1.1016570820457274,0.999999810705987,50,6,2026-03-31
CHD/HON,CHD,HON,high_vol_specialist,14991.15420597646,1.5073857893455054,1.1016570820457274,0.9999999999836446,58,6,2026-03-31
AKAM/YUM,AKAM,YUM,high_vol_specialist,6006.102383245316,0.3430487422339959,1.1016570820457274,0.9999901951380022,52,6,2026-03-31
CL/WST,CL,WST,high_vol_specialist,-17981.61616505494,-0.5376400219688585,1.1016570820457274,2.099821181905425e-06,66,6,2026-03-31
BAX/IDXX,BAX,IDXX,high_vol_specialist,12664.56232261233,1.0165773733175356,1.1016570820457274,0.999999999562751,56,6,2026-03-31
AVB/INCY,AVB,INCY,high_vol_specialist,8958.940155530363,0.5784508979971832,1.1016570820457274,0.9999999928999038,48,6,2026-03-31
PFG/YUM,PFG,YUM,short_z_long_v,-1991.917666879114,-0.15723739919269655,1.0653074062887529,3.998546496586553e-07,72,6,2026-03-31
HAS/PFE,HAS,PFE,short_z_long_v,-1171.25322751402,-0.07437869638207861,1.0653074062887529,0.0003307601991423474,70,6,2026-03-31
FSLR/RSG,FSLR,RSG,short_z_long_v,22151.6677339588,0.8028290754129306,1.0653074062887529,0.9999591702159574,84,6,2026-03-31
ALB/YUM,ALB,YUM,short_z_long_v,17065.85797749168,0.8473163530816213,1.0653074062887529,0.9999999999999996,66,6,2026-03-31
HRL/MKC,HRL,MKC,short_z_long_v,-4826.122066405629,-0.5223777736738697,1.0653074062887529,1.513896202085068e-15,58,6,2026-03-31
AON/GEN,AON,GEN,short_z_long_v,9899.679149537904,0.803201464352698,1.0653074062887529,0.9999999999999263,82,6,2026-03-31
AON/MCK,AON,MCK,short_z_long_v,12033.99857424423,1.3496315810681505,1.0653074062887529,1.0,90,6,2026-03-31
CI/LVS,CI,LVS,short_z_long_v,-5286.913758228013,-0.24529209732937524,1.0653074062887529,7.153603323596216e-06,80,6,2026-03-31
CI/MTD,CI,MTD,short_z_long_v,11455.2572221353,0.708366129010791,1.0653074062887529,1.0,100,6,2026-03-31
EFX/MMM,EFX,MMM,short_z_long_v,5871.373135089879,0.4103899060274248,1.0653074062887529,0.9999556453148475,72,6,2026-03-31
CHD/HON,CHD,HON,short_z_long_v,12700.11637775271,1.4126393057364512,1.0653074062887529,0.9999999995628619,82,6,2026-03-31
AKAM/YUM,AKAM,YUM,short_z_long_v,9406.494540219946,0.5747922643063474,1.0653074062887529,0.9999998889308696,84,6,2026-03-31
CL/WST,CL,WST,short_z_long_v,8958.282718060362,0.4220219398347181,1.0653074062887529,0.98627883022759,98,6,2026-03-31
BAX/IDXX,BAX,IDXX,short_z_long_v,-1033.537499413319,-0.05547887822763764,1.0653074062887529,0.0010338214781613576,80,6,2026-03-31
AVB/INCY,AVB,INCY,short_z_long_v,17382.52804437051,1.0611247990358235,1.0653074062887529,0.9999999990317712,72,6,2026-03-31
PFG/YUM,PFG,YUM,low_vol_specialist,-7243.251469781081,-0.5149115510920372,1.0555626424433444,4.5520870781476895e-14,122,6,2026-03-31
HAS/PFE,HAS,PFE,low_vol_specialist,26558.15651517095,1.4446551227118036,1.0555626424433444,0.9999999999999818,134,6,2026-03-31
FSLR/RSG,FSLR,RSG,low_vol_specialist,33192.89697973311,0.9290600812987626,1.0555626424433444,0.9999999977700956,140,6,2026-03-31
ALB/YUM,ALB,YUM,low_vol_specialist,-278.0475985434327,-0.009061187000205816,1.0555626424433444,0.010519527519962038,148,6,2026-03-31
HRL/MKC,HRL,MKC,low_vol_specialist,13218.32795489605,0.96753244863524,1.0555626424433444,0.9999999903766426,126,6,2026-03-31
AON/GEN,AON,GEN,low_vol_specialist,16351.4905667899,1.1013456683972283,1.0555626424433444,1.0,130,6,2026-03-31
AON/MCK,AON,MCK,low_vol_specialist,9750.75854855082,0.5714142745250574,1.0555626424433444,0.9998881926555014,130,6,2026-03-31
CI/LVS,CI,LVS,low_vol_specialist,-6901.586302184015,-0.3293015969459225,1.0555626424433444,4.214559929722587e-13,136,6,2026-03-31
CI/MTD,CI,MTD,low_vol_specialist,13225.84729859108,0.742832636539985,1.0555626424433444,0.9999999996186347,104,6,2026-03-31
EFX/MMM,EFX,MMM,low_vol_specialist,2891.006500427358,0.18061977498483012,1.0555626424433444,0.9459760927233328,126,6,2026-03-31
CHD/HON,CHD,HON,low_vol_specialist,1582.581148883252,0.1339554345732474,1.0555626424433444,0.8141711164657812,126,6,2026-03-31
AKAM/YUM,AKAM,YUM,low_vol_specialist,8644.266428762334,0.44677435777839863,1.0555626424433444,0.9999999175949407,94,6,2026-03-31
CL/WST,CL,WST,low_vol_specialist,17074.80030984593,0.9707994272642667,1.0555626424433444,0.9999999999926568,110,6,2026-03-31
BAX/IDXX,BAX,IDXX,low_vol_specialist,-13491.51941628899,-0.452000142709692,1.0555626424433444,7.518258016636899e-13,124,6,2026-03-31
AVB/INCY,AVB,INCY,low_vol_specialist,6095.602754399629,0.2816358566172696,1.0555626424433444,0.9999973972113041,132,6,2026-03-31
PFG/YUM,PFG,YUM,medium_signal_high_leverage,10626.1090336053,0.5848449032514729,1.0213004970126929,0.9999999999996952,68,6,2026-03-31
HAS/PFE,HAS,PFE,medium_signal_high_leverage,-1997.72626720394,-0.07881802960124311,1.0213004970126929,5.108477147706116e-06,72,6,2026-03-31
FSLR/RSG,FSLR,RSG,medium_signal_high_leverage,42515.26555590842,0.8907486029030467,1.0213004970126929,0.9999996065922061,78,6,2026-03-31
ALB/YUM,ALB,YUM,medium_signal_high_leverage,17848.71119376324,0.5385867772862156,1.0213004970126929,0.9999999705098045,70,6,2026-03-31
HRL/MKC,HRL,MKC,medium_signal_high_leverage,-4282.482095386356,-0.2483471131362489,1.0213004970126929,1.261597150837766e-12,58,6,2026-03-31
AON/GEN,AON,GEN,medium_signal_high_leverage,6780.367108383541,0.2616557374675634,1.0213004970126929,0.9987200110458034,64,6,2026-03-31
AON/MCK,AON,MCK,medium_signal_high_leverage,23259.23238578531,0.9821462148391358,1.0213004970126929,0.9981848444580754,74,6,2026-03-31
CI/LVS,CI,LVS,medium_signal_high_leverage,9085.934770430305,0.23739694221935936,1.0213004970126929,0.9999692522930721,66,6,2026-03-31
CI/MTD,CI,MTD,medium_signal_high_leverage,5012.080647507432,0.2056821196889251,1.0213004970126929,0.9693759087435334,74,6,2026-03-31
EFX/MMM,EFX,MMM,medium_signal_high_leverage,-15765.8117022897,-0.6251118790628386,1.0213004970126929,7.433758019108136e-12,62,6,2026-03-31
CHD/HON,CHD,HON,medium_signal_high_leverage,30184.61246043252,1.7260020724982776,1.0213004970126929,0.9999999999999997,82,6,2026-03-31
AKAM/YUM,AKAM,YUM,medium_signal_high_leverage,11321.20603633757,0.4237290816663134,1.0213004970126929,0.9999979747351463,64,6,2026-03-31
CL/WST,CL,WST,medium_signal_high_leverage,14828.82347986225,0.8498198279267144,1.0213004970126929,1.0,66,6,2026-03-31
BAX/IDXX,BAX,IDXX,medium_signal_high_leverage,-5155.421882039885,-0.1729554970182426,1.0213004970126929,3.071760400512331e-13,56,6,2026-03-31
AVB/INCY,AVB,INCY,medium_signal_high_leverage,10864.26730242729,0.4258564478022605,1.0213004970126929,0.9999997056115104,72,6,2026-03-31
PFG/YUM,PFG,YUM,balanced_plus,9937.082165934215,0.8302551943649497,0.9631706681209208,0.999999999999989,68,6,2026-03-31
HAS/PFE,HAS,PFE,balanced_plus,-5011.135803060321,-0.3105134084387957,0.9631706681209208,3.2719656458162825e-18,72,6,2026-03-31
FSLR/RSG,FSLR,RSG,balanced_plus,24221.44476200843,0.7902738683063668,0.9631706681209208,0.9999949533510082,66,6,2026-03-31
ALB/YUM,ALB,YUM,balanced_plus,26561.56981102456,1.1920332706936305,0.9631706681209208,1.0,72,6,2026-03-31
HRL/MKC,HRL,MKC,balanced_plus,-2115.395521882455,-0.1980091663173705,0.9631706681209208,7.237654050184346e-10,62,6,2026-03-31
AON/GEN,AON,GEN,balanced_plus,5375.087571298925,0.38851594381993104,0.9631706681209208,0.9999994608923208,68,6,2026-03-31
AON/MCK,AON,MCK,balanced_plus,14612.66768528888,0.9689879699914488,0.9631706681209208,0.9979504763142562,76,6,2026-03-31
CI/LVS,CI,LVS,balanced_plus,7687.040773507322,0.36856146138591306,0.9631706681209208,0.9999999998644291,74,6,2026-03-31
CI/MTD,CI,MTD,balanced_plus,8764.195465888839,0.5299303748142248,0.9631706681209208,0.9999985128125609,84,6,2026-03-31
EFX/MMM,EFX,MMM,balanced_plus,-15074.00486084402,-1.0748961278604332,0.9631706681209208,1.8892499165908373e-13,60,6,2026-03-31
CHD/HON,CHD,HON,balanced_plus,13752.06348929474,1.3402062764712297,0.9631706681209208,0.999999999998008,86,6,2026-03-31
AKAM/YUM,AKAM,YUM,balanced_plus,16351.25772174253,1.0640006882787232,0.9631706681209208,0.9999979466159682,66,6,2026-03-31
CL/WST,CL,WST,balanced_plus,8266.047553906774,0.6872434469886556,0.9631706681209208,0.9999999999999989,74,6,2026-03-31
BAX/IDXX,BAX,IDXX,balanced_plus,-5356.538447618431,-0.22039834176985207,0.9631706681209208,4.864312598666782e-17,72,6,2026-03-31
AVB/INCY,AVB,INCY,balanced_plus,-1021.817071578391,-0.08949374351523344,0.9631706681209208,1.9785329146381935e-05,86,6,2026-03-31
PFG/YUM,PFG,YUM,high_leverage,6052.834769029271,0.29798402317112843,0.9500521069402088,0.9978508364942927,72,6,2026-03-31
HAS/PFE,HAS,PFE,high_leverage,-16292.96585405643,-0.6791800552422176,0.9500521069402088,5.908019813183895e-15,60,6,2026-03-31
FSLR/RSG,FSLR,RSG,high_leverage,39796.05775441351,0.9050392329231102,0.9500521069402088,0.9999950292788962,72,6,2026-03-31
ALB/YUM,ALB,YUM,high_leverage,-3465.863544646712,-0.10435807522564036,0.9500521069402088,6.211590224361942e-06,74,6,2026-03-31
HRL/MKC,HRL,MKC,high_leverage,-2570.435230571613,-0.1804791308801088,0.9500521069402088,1.1558174306321225e-07,54,6,2026-03-31
AON/GEN,AON,GEN,high_leverage,6928.960129198429,0.29556049022979924,0.9500521069402088,0.9996290068670642,60,6,2026-03-31
AON/MCK,AON,MCK,high_leverage,2148.285152269184,0.1490291565070169,0.9500521069402088,0.8910629741204477,76,6,2026-03-31
CI/LVS,CI,LVS,high_leverage,13363.16333260659,0.35174806698495914,0.9500521069402088,0.999999999911615,74,6,2026-03-31
CI/MTD,CI,MTD,high_leverage,9905.782040948234,0.4176483381742564,0.9500521069402088,0.9999138842739203,76,6,2026-03-31
EFX/MMM,EFX,MMM,high_leverage,-8616.517787900906,-0.4469822833347472,0.9500521069402088,4.569275279607823e-17,60,6,2026-03-31
CHD/HON,CHD,HON,high_leverage,20374.18230944211,1.4540873712265319,0.9500521069402088,0.9999999995959674,62,6,2026-03-31
AKAM/YUM,AKAM,YUM,high_leverage,29444.24993899391,1.2123065922298437,0.9500521069402088,0.999999658441057,68,6,2026-03-31
CL/WST,CL,WST,high_leverage,19603.90934319959,1.0996156181079368,0.9500521069402088,1.0,72,6,2026-03-31
BAX/IDXX,BAX,IDXX,high_leverage,9759.731680996209,0.30175115003811487,0.9500521069402088,0.9297217715387619,58,6,2026-03-31
AVB/INCY,AVB,INCY,high_leverage,7297.141628019297,0.35432076937631407,0.9500521069402088,0.9999987969578733,78,6,2026-03-31
PFG/YUM,PFG,YUM,stable_signal_quick_exit,10956.89178078736,1.0188694852804494,0.8274516270024975,0.999999999999986,54,6,2026-03-31
HAS/PFE,HAS,PFE,stable_signal_quick_exit,-3705.068072374102,-0.2186161920794791,0.8274516270024975,1.583180849854977e-07,58,6,2026-03-31
FSLR/RSG,FSLR,RSG,stable_signal_quick_exit,21152.80850964719,0.6654167811456952,0.8274516270024975,0.9999962100881757,70,6,2026-03-31
ALB/YUM,ALB,YUM,stable_signal_quick_exit,31893.72201902507,1.4247126935844274,0.8274516270024975,0.9999999999999999,62,6,2026-03-31
HRL/MKC,HRL,MKC,stable_signal_quick_exit,-749.2263398690957,-0.06890607756193369,0.8274516270024975,8.218945088690004e-05,54,6,2026-03-31
AON/GEN,AON,GEN,stable_signal_quick_exit,-7201.985304943023,-0.5573033711227663,0.8274516270024975,1.973432280954177e-12,58,6,2026-03-31
AON/MCK,AON,MCK,stable_signal_quick_exit,8143.357628845514,0.9450632903019537,0.8274516270024975,0.9999999999999671,56,6,2026-03-31
CI/LVS,CI,LVS,stable_signal_quick_exit,6339.409543517375,0.3765119210373623,0.8274516270024975,0.9999999761908411,54,6,2026-03-31
CI/MTD,CI,MTD,stable_signal_quick_exit,-928.9366472592728,-0.05644401498227607,0.8274516270024975,0.00044581407994032394,68,6,2026-03-31
EFX/MMM,EFX,MMM,stable_signal_quick_exit,-11632.5852676098,-0.9188026915890252,0.8274516270024975,8.615300266954223e-13,50,6,2026-03-31
CHD/HON,CHD,HON,stable_signal_quick_exit,17741.05271518596,1.559109682356741,0.8274516270024975,0.9999999999983867,64,6,2026-03-31
AKAM/YUM,AKAM,YUM,stable_signal_quick_exit,-2975.869295053501,-0.2620217460379814,0.8274516270024975,2.350667255893539e-16,50,6,2026-03-31
CL/WST,CL,WST,stable_signal_quick_exit,3236.610965772303,0.3084045052321164,0.8274516270024975,0.9999763707348096,56,6,2026-03-31
BAX/IDXX,BAX,IDXX,stable_signal_quick_exit,6222.503376766284,0.5478488317426644,0.8274516270024975,0.9999999999920715,54,6,2026-03-31
AVB/INCY,AVB,INCY,stable_signal_quick_exit,8717.772871544868,0.6040748250059188,0.8274516270024975,0.9999999982955183,68,6,2026-03-31
PFG/YUM,PFG,YUM,long_z_short_v,4617.708195592601,0.41452109929422093,0.7726591174028584,0.9999991606871932,70,6,2026-03-31
HAS/PFE,HAS,PFE,long_z_short_v,6183.055995272172,0.4830523787487425,0.7726591174028584,0.999999976059639,50,6,2026-03-31
FSLR/RSG,FSLR,RSG,long_z_short_v,7614.479755791127,0.31535220605948366,0.7726591174028584,0.9756284892339122,58,6,2026-03-31
ALB/YUM,ALB,YUM,long_z_short_v,18457.09102670856,0.942847924285858,0.7726591174028584,1.0,64,6,2026-03-31
HRL/MKC,HRL,MKC,long_z_short_v,-6172.745665012171,-0.6141526931583303,0.7726591174028584,1.2971894463229176e-19,48,6,2026-03-31
AON/GEN,AON,GEN,long_z_short_v,-942.8961552090768,-0.07616140572559132,0.7726591174028584,0.00012692041124550907,60,6,2026-03-31
AON/MCK,AON,MCK,long_z_short_v,12162.77050107265,0.8134189422356456,0.7726591174028584,0.9987830929322609,58,6,2026-03-31
CI/LVS,CI,LVS,long_z_short_v,6293.293989743801,0.33427911718760844,0.7726591174028584,0.9999943729213122,44,6,2026-03-31
CI/MTD,CI,MTD,long_z_short_v,-3647.482646924126,-0.2450398994402752,0.7726591174028584,1.3970122334525276e-10,58,6,2026-03-31
EFX/MMM,EFX,MMM,long_z_short_v,13678.85177365703,1.1938009540712797,0.7726591174028584,0.9999999999999906,44,6,2026-03-31
CHD/HON,CHD,HON,long_z_short_v,6799.72366036506,0.6536782210163459,0.7726591174028584,0.9999999971000307,64,6,2026-03-31
AKAM/YUM,AKAM,YUM,long_z_short_v,13476.63999050846,0.8112762996912737,0.7726591174028584,0.9999993489023686,50,6,2026-03-31
CL/WST,CL,WST,long_z_short_v,9558.287237992721,0.7506602071696803,0.7726591174028584,0.9999999999999533,56,6,2026-03-31
BAX/IDXX,BAX,IDXX,long_z_short_v,-16269.50852415374,-0.8375043051377056,0.7726591174028584,0.0007121512888069563,52,6,2026-03-31
AVB/INCY,AVB,INCY,long_z_short_v,10248.28131973376,0.7158385054375697,0.7726591174028584,0.9999999999586812,58,6,2026-03-31
PFG/YUM,PFG,YUM,high_turnover,2136.808077427186,0.17149631267983959,0.6927789372425762,0.959069560751812,98,6,2026-03-31
HAS/PFE,HAS,PFE,high_turnover,573.8810039681521,0.035931661229412756,0.6927789372425762,0.08987370257215055,106,6,2026-03-31
FSLR/RSG,FSLR,RSG,high_turnover,30024.2493032794,1.0315988431181307,0.6927789372425762,0.9999983120967453,114,6,2026-03-31
ALB/YUM,ALB,YUM,high_turnover,10525.14858654257,0.44653822985299974,0.6927789372425762,0.9999999983899097,118,6,2026-03-31
HRL/MKC,HRL,MKC,high_turnover,-3486.583640949497,-0.2445011197430213,0.6927789372425762,2.20501176929539e-06,102,6,2026-03-31
AON/GEN,AON,GEN,high_turnover,-7277.840875018849,-0.6259672091642384,0.6927789372425762,3.1227634100020285e-31,94,6,2026-03-31
AON/MCK,AON,MCK,high_turnover,7882.843670152831,0.40559557081754355,0.6927789372425762,0.9999646979679547,120,6,2026-03-31
CI/LVS,CI,LVS,high_turnover,-7604.971645459964,-0.37181773945429974,0.6927789372425762,3.275267816463305e-07,100,6,2026-03-31
CI/MTD,CI,MTD,high_turnover,12235.97338095021,0.6431923971852356,0.6927789372425762,0.99999999337975,116,6,2026-03-31
EFX/MMM,EFX,MMM,high_turnover,-5528.479708543114,-0.3858134438971453,0.6927789372425762,4.472676283504185e-13,96,6,2026-03-31
CHD/HON,CHD,HON,high_turnover,13038.63297999946,1.2249068147705506,0.6927789372425762,0.9999999999999885,116,6,2026-03-31
AKAM/YUM,AKAM,YUM,high_turnover,-4751.896242579654,-0.40314847214402205,0.6927789372425762,9.175475242206304e-19,88,6,2026-03-31
CL/WST,CL,WST,high_turnover,18236.93199099229,1.18258814532596,0.6927789372425762,0.9999999986511342,106,6,2026-03-31
BAX/IDXX,BAX,IDXX,high_turnover,20520.4632872354,1.1738470166574448,0.6927789372425762,0.9999999351484089,94,6,2026-03-31
AVB/INCY,AVB,INCY,high_turnover,-7028.337122967473,-0.5334960297694222,0.6927789372425762,1.5105543831895237e-26,108,6,2026-03-31
PFG/YUM,PFG,YUM,quick_exit,7405.003592265624,0.6847521212139571,0.5888283115580653,0.9999999999656143,72,6,2026-03-31
HAS/PFE,HAS,PFE,quick_exit,2834.513187343036,0.19367860801225403,0.5888283115580653,0.9146567886679355,78,6,2026-03-31
FSLR/RSG,FSLR,RSG,quick_exit,6763.772093195545,0.24210141258265083,0.5888283115580653,0.973688021453349,70,6,2026-03-31
ALB/YUM,ALB,YUM,quick_exit,2195.364585772613,0.10478846215514251,0.5888283115580653,0.606318362183846,78,6,2026-03-31
HRL/MKC,HRL,MKC,quick_exit,-4331.850320024934,-0.5724921608962017,0.5888283115580653,8.28355255606286e-09,50,6,2026-03-31
AON/GEN,AON,GEN,quick_exit,10403.28095276498,0.817321782174278,0.5888283115580653,0.9999999999860422,78,6,2026-03-31
AON/MCK,AON,MCK,quick_exit,3752.284670905009,0.376170533022239,0.5888283115580653,0.9999999592174532,72,6,2026-03-31
CI/LVS,CI,LVS,quick_exit,-2066.5267104774,-0.12316810880522094,0.5888283115580653,5.112843837471137e-05,76,6,2026-03-31
CI/MTD,CI,MTD,quick_exit,6795.339136307611,0.4407038633576654,0.5888283115580653,0.9999511222694137,76,6,2026-03-31
EFX/MMM,EFX,MMM,quick_exit,-3697.42196683979,-0.3189148279323741,0.5888283115580653,1.5097594142660267e-15,64,6,2026-03-31
CHD/HON,CHD,HON,quick_exit,13950.57646131596,1.4755406711688452,0.5888283115580653,0.9999999997268081,60,6,2026-03-31
AKAM/YUM,AKAM,YUM,quick_exit,8739.200668391299,0.8194846182082006,0.5888283115580653,0.9999999999999974,68,6,2026-03-31
CL/WST,CL,WST,quick_exit,11397.52361990863,0.9471148003549148,0.5888283115580653,1.0,72,6,2026-03-31
BAX/IDXX,BAX,IDXX,quick_exit,4801.164375414484,0.22972736067863092,0.5888283115580653,0.8771115160675158,64,6,2026-03-31
AVB/INCY,AVB,INCY,quick_exit,2756.658064312867,0.19302266832533652,0.5888283115580653,0.9842010677879908,78,6,2026-03-31
PFG/YUM,PFG,YUM,vol_adaptive,8122.327035932187,0.6722945083006187,0.543269576541816,0.9999999999999974,82,6,2026-03-31
HAS/PFE,HAS,PFE,vol_adaptive,-8327.475225068833,-0.5075038716542091,0.543269576541816,1.292722267551026e-18,78,6,2026-03-31
FSLR/RSG,FSLR,RSG,vol_adaptive,19693.00280699353,0.6502942113584392,0.543269576541816,0.9999940239693336,84,6,2026-03-31
ALB/YUM,ALB,YUM,vol_adaptive,-867.9366699239092,-0.0387262622325473,0.543269576541816,0.0012937324263009747,90,6,2026-03-31
HRL/MKC,HRL,MKC,vol_adaptive,-4161.125371093237,-0.3775012995585718,0.543269576541816,7.117420741932262e-17,72,6,2026-03-31
AON/GEN,AON,GEN,vol_adaptive,1236.780871326079,0.08555138815453514,0.543269576541816,0.42648617628412167,76,6,2026-03-31
AON/MCK,AON,MCK,vol_adaptive,13027.0263756613,0.8286927930374632,0.543269576541816,0.9994077769925419,80,6,2026-03-31
CI/LVS,CI,LVS,vol_adaptive,10096.96599239704,0.506704201224814,0.543269576541816,0.9999999999998361,84,6,2026-03-31
CI/MTD,CI,MTD,vol_adaptive,5215.306933105829,0.31314636255228406,0.543269576541816,0.9995756937899319,94,6,2026-03-31
EFX/MMM,EFX,MMM,vol_adaptive,-14499.49333014578,-0.9392914251687201,0.543269576541816,1.9877030195432055e-09,68,6,2026-03-31
CHD/HON,CHD,HON,vol_adaptive,13164.32294620152,1.2177256968713401,0.543269576541816,0.9999999999999967,96,6,2026-03-31
AKAM/YUM,AKAM,YUM,vol_adaptive,9323.848036928031,0.5824967377109936,0.543269576541816,0.9999973677775807,68,6,2026-03-31
CL/WST,CL,WST,vol_adaptive,11452.62742465569,0.9937068119696678,0.543269576541816,1.0,80,6,2026-03-31
BAX/IDXX,BAX,IDXX,vol_adaptive,4955.504275245026,0.19671918946156802,0.543269576541816,0.8944517451517953,64,6,2026-03-31
AVB/INCY,AVB,INCY,vol_adaptive,4243.297843769772,0.31857749574396504,0.543269576541816,0.9999922362965507,94,6,2026-03-31
PFG/YUM,PFG,YUM,high_entry,3047.440145767864,0.36553062641710476,0.5091491932453774,0.9999994883029846,34,6,2026-03-31
HAS/PFE,HAS,PFE,high_entry,13746.04849161427,1.425416839299534,0.5091491932453774,0.9999999803723377,40,6,2026-03-31
FSLR/RSG,FSLR,RSG,high_entry,-1067.856699158126,-0.045770721759550805,0.5091491932453774,0.0001347036976958182,36,6,2026-03-31
ALB/YUM,ALB,YUM,high_entry,10798.30768857671,0.608042540848367,0.5091491932453774,0.9999999787315639,32,6,2026-03-31
HRL/MKC,HRL,MKC,high_entry,-1376.585081167781,-0.2568445911203582,0.5091491932453774,8.635747005253546e-12,24,6,2026-03-31
AON/GEN,AON,GEN,high_entry,3777.451558670813,0.37973027580828617,0.5091491932453774,0.9999989622005679,44,6,2026-03-31
AON/MCK,AON,MCK,high_entry,11380.297064589,0.8259338237906227,0.5091491932453774,0.9945577241373026,36,6,2026-03-31
CI/LVS,CI,LVS,high_entry,10142.06106679251,0.6715842121829725,0.5091491932453774,0.9999999722534586,42,6,2026-03-31
CI/MTD,CI,MTD,high_entry,-823.3487543635283,-0.06236489252404518,0.5091491932453774,9.099312424065342e-05,38,6,2026-03-31
EFX/MMM,EFX,MMM,high_entry,3978.337413018507,0.59494777816561,0.5091491932453774,0.9999999999995365,28,6,2026-03-31
CHD/HON,CHD,HON,high_entry,8796.917486750968,1.1884723073810037,0.5091491932453774,0.9999750492471836,34,6,2026-03-31
AKAM/YUM,AKAM,YUM,high_entry,6894.674116421757,0.49132604601033336,0.5091491932453774,0.9997826863666116,32,6,2026-03-31
CL/WST,CL,WST,high_entry,11792.51346823275,1.1289403337535464,0.5091491932453774,0.9999999999999997,44,6,2026-03-31
BAX/IDXX,BAX,IDXX,high_entry,-10060.29278193715,-0.5365862125984858,0.5091491932453774,0.0005320528131692377,36,6,2026-03-31
AVB/INCY,AVB,INCY,high_entry,-9000.975578863174,-1.148884672202024,0.5091491932453774,3.5875301045384116e-16,34,6,2026-03-31
PFG/YUM,PFG,YUM,slow_reentry,317.5471316546923,0.02423271730610348,0.3714708852292808,0.06291639904610241,62,6,2026-03-31
HAS/PFE,HAS,PFE,slow_reentry,-11951.90093934135,-0.821386915689277,0.3714708852292808,1.493728333009338e-10,56,6,2026-03-31
FSLR/RSG,FSLR,RSG,slow_reentry,13003.32679032221,0.46782000756632786,0.3714708852292808,0.9993752800668668,62,6,2026-03-31
ALB/YUM,ALB,YUM,slow_reentry,3533.437287101852,0.1929075908950541,0.3714708852292808,0.9860613495843824,60,6,2026-03-31
HRL/MKC,HRL,MKC,slow_reentry,-3572.642105218142,-0.4213652650678102,0.3714708852292808,3.9600229266591885e-11,52,6,2026-03-31
AON/GEN,AON,GEN,slow_reentry,1170.152636830265,0.11938022370559945,0.3714708852292808,0.6926527594278393,52,6,2026-03-31
AON/MCK,AON,MCK,slow_reentry,9856.598136924062,0.646220843320071,0.3714708852292808,0.9991792387910541,72,6,2026-03-31
CI/LVS,CI,LVS,slow_reentry,5365.559077512401,0.3349656871993126,0.3714708852292808,0.9999999931730924,50,6,2026-03-31
CI/MTD,CI,MTD,slow_reentry,7484.949492380825,0.4806143111279803,0.3714708852292808,0.9999748782514472,74,6,2026-03-31
EFX/MMM,EFX,MMM,slow_reentry,-9225.043237483027,-0.7785873623501232,0.3714708852292808,8.745060873417319e-13,58,6,2026-03-31
CHD/HON,CHD,HON,slow_reentry,12362.780868403,1.3695298275261818,0.3714708852292808,0.9999999978851895,58,6,2026-03-31
AKAM/YUM,AKAM,YUM,slow_reentry,7392.148417237885,0.7126658866919107,0.3714708852292808,0.9999999999998735,64,6,2026-03-31
CL/WST,CL,WST,slow_reentry,11689.98720799393,1.0691396747865876,0.3714708852292808,1.0,66,6,2026-03-31
BAX/IDXX,BAX,IDXX,slow_reentry,5947.208997559222,0.28459381408148865,0.3714708852292808,0.9201609970338445,58,6,2026-03-31
AVB/INCY,AVB,INCY,slow_reentry,2064.844857607381,0.15629797827903594,0.3714708852292808,0.9490267908530918,70,6,2026-03-31
PFG/YUM,PFG,YUM,default,4338.284558247389,0.32650036303749047,0.3683363126779675,0.998956664869091,72,6,2026-03-31
HAS/PFE,HAS,PFE,default,-11805.84740442982,-0.7506221021675833,0.3683363126779675,7.750826598667544e-15,70,6,2026-03-31
FSLR/RSG,FSLR,RSG,default,17877.44150130213,0.6139444570056333,0.3683363126779675,0.999965206703306,68,6,2026-03-31
ALB/YUM,ALB,YUM,default,-4530.202020652091,-0.21591600926646856,0.3683363126779675,7.370063728247601e-11,78,6,2026-03-31
HRL/MKC,HRL,MKC,default,-2582.55310593865,-0.3013305987066711,0.3683363126779675,6.080503665905069e-10,54,6,2026-03-31
AON/GEN,AON,GEN,default,4321.267382084962,0.3392310860231982,0.3683363126779675,0.9999866340831609,66,6,2026-03-31
AON/MCK,AON,MCK,default,1427.20759340043,0.15492112930987464,0.3683363126779675,0.9124239995991457,76,6,2026-03-31
CI/LVS,CI,LVS,default,2163.917890853831,0.11251058148854319,0.3683363126779675,0.6794628941269393,72,6,2026-03-31
CI/MTD,CI,MTD,default,6464.227509433305,0.4167240799101994,0.3683363126779675,0.9998931001610655,76,6,2026-03-31
EFX/MMM,EFX,MMM,default,-3967.826775131125,-0.3272143157949198,0.3683363126779675,1.74770177586072e-16,60,6,2026-03-31
CHD/HON,CHD,HON,default,12853.92699779057,1.418546651330733,0.3683363126779675,0.9999999985827429,62,6,2026-03-31
AKAM/YUM,AKAM,YUM,default,8815.72405282654,0.813530981330007,0.3683363126779675,0.9999999999999998,68,6,2026-03-31
CL/WST,CL,WST,default,13007.79793558443,1.1376436854950358,0.3683363126779675,1.0,72,6,2026-03-31
BAX/IDXX,BAX,IDXX,default,5418.696691827403,0.2590940070332519,0.3683363126779675,0.9035240325447395,60,6,2026-03-31
AVB/INCY,AVB,INCY,default,2743.109015035567,0.2063764332522269,0.3683363126779675,0.997391659592759,80,6,2026-03-31
PFG/YUM,PFG,YUM,vol_gated,8340.851966893671,0.698101748245108,0.3459247990268547,0.9999999999999931,76,6,2026-03-31
HAS/PFE,HAS,PFE,vol_gated,-8385.412423872953,-0.508947138401625,0.3459247990268547,2.4658986380230757e-18,78,6,2026-03-31
FSLR/RSG,FSLR,RSG,vol_gated,19572.76016529943,0.6450805993243607,0.3459247990268547,0.9999921013902613,84,6,2026-03-31
ALB/YUM,ALB,YUM,vol_gated,-19177.11760285777,-0.809455755932338,0.3459247990268547,2.1716265230731975e-25,84,6,2026-03-31
HRL/MKC,HRL,MKC,vol_gated,-4325.591515962162,-0.3943026845612347,0.3459247990268547,9.533907632039168e-17,72,6,2026-03-31
AON/GEN,AON,GEN,vol_gated,1492.267497756389,0.10596224438726533,0.3459247990268547,0.606956231159319,72,6,2026-03-31
AON/MCK,AON,MCK,vol_gated,12495.70395610985,0.8102077376982292,0.3459247990268547,0.9993780503510602,76,6,2026-03-31
CI/LVS,CI,LVS,vol_gated,7250.53904739039,0.37404025642539923,0.3459247990268547,0.9999999989450823,78,6,2026-03-31
CI/MTD,CI,MTD,vol_gated,6074.980849450054,0.3642053893542556,0.3459247990268547,0.99992319652366,92,6,2026-03-31
EFX/MMM,EFX,MMM,vol_gated,-16122.2395036579,-1.0682096199279463,0.3459247990268547,9.832624326202882e-09,60,6,2026-03-31
CHD/HON,CHD,HON,vol_gated,12007.49703695894,1.0993196444127045,0.3459247990268547,0.9999999999999971,88,6,2026-03-31
AKAM/YUM,AKAM,YUM,vol_gated,8709.046808713723,0.5554460326794578,0.3459247990268547,0.9999941227130567,60,6,2026-03-31
CL/WST,CL,WST,vol_gated,12030.90513500236,1.047068468851751,0.3459247990268547,1.0,80,6,2026-03-31
BAX/IDXX,BAX,IDXX,vol_gated,12843.63711478162,0.5533720268127037,0.3459247990268547,0.9927382356549531,64,6,2026-03-31
AVB/INCY,AVB,INCY,vol_gated,4571.835149480654,0.3537421508233657,0.3459247990268547,0.9999908544346732,78,6,2026-03-31
PFG/YUM,PFG,YUM,tight_stop,7456.908183028908,0.694020223267337,0.3174347901072538,0.9999999999616728,72,6,2026-03-31
HAS/PFE,HAS,PFE,tight_stop,2511.654017866282,0.17332794083269368,0.3174347901072538,0.8712652940058394,78,6,2026-03-31
FSLR/RSG,FSLR,RSG,tight_stop,5141.947675371481,0.18682487687645305,0.3174347901072538,0.9135773717099169,70,6,2026-03-31
ALB/YUM,ALB,YUM,tight_stop,-11073.77188037902,-0.5692904493189213,0.3174347901072538,9.156885152374798e-20,80,6,2026-03-31
HRL/MKC,HRL,MKC,tight_stop,-3139.296431948844,-0.4175005408546436,0.3174347901072538,6.634531530220216e-09,52,6,2026-03-31
AON/GEN,AON,GEN,tight_stop,7857.809839867289,0.6467641565448875,0.3174347901072538,0.9999999992763613,78,6,2026-03-31
AON/MCK,AON,MCK,tight_stop,3258.009020725184,0.33784470546441003,0.3174347901072538,0.9999994277244089,74,6,2026-03-31
CI/LVS,CI,LVS,tight_stop,1482.111107840686,0.08277186315529032,0.3174347901072538,0.3876126700921377,76,6,2026-03-31
CI/MTD,CI,MTD,tight_stop,6661.252647152118,0.4337499524555744,0.3174347901072538,0.9999385375738835,76,6,2026-03-31
EFX/MMM,EFX,MMM,tight_stop,-4052.23585524804,-0.36273424789893827,0.3174347901072538,1.8355068125260624e-14,64,6,2026-03-31
CHD/HON,CHD,HON,tight_stop,11364.08484172986,1.316490077889804,0.3174347901072538,0.9999999818386195,58,6,2026-03-31
AKAM/YUM,AKAM,YUM,tight_stop,8410.244325190775,0.8021743445592837,0.3174347901072538,0.9999999999999971,68,6,2026-03-31
CL/WST,CL,WST,tight_stop,12209.85270666188,1.0499980047125224,0.3174347901072538,1.0,72,6,2026-03-31
BAX/IDXX,BAX,IDXX,tight_stop,5076.241139143052,0.24564993286656453,0.3174347901072538,0.8924781199461955,64,6,2026-03-31
AVB/INCY,AVB,INCY,tight_stop,-631.015518522594,-0.04375040661315059,0.3174347901072538,0.0020694417156184993,78,6,2026-03-31
PFG/YUM,PFG,YUM,deep_dislocation,7684.807361090803,0.6316600343963883,0.2234638221828921,0.9999999345099873,30,6,2026-03-31
HAS/PFE,HAS,PFE,deep_dislocation,17415.68838744597,1.1946373976977038,0.2234638221828921,0.9999999759614709,34,6,2026-03-31
FSLR/RSG,FSLR,RSG,deep_dislocation,-7368.26561663549,-0.20685145626033422,0.2234638221828921,4.3992967172781616e-14,38,6,2026-03-31
ALB/YUM,ALB,YUM,deep_dislocation,19583.71867707517,0.8125427992164608,0.2234638221828921,0.9999999998191399,30,6,2026-03-31
HRL/MKC,HRL,MKC,deep_dislocation,8356.233338064085,0.8296528043890572,0.2234638221828921,0.99999994318088,26,6,2026-03-31
AON/GEN,AON,GEN,deep_dislocation,-9231.692082152587,-0.5538661867418532,0.2234638221828921,8.751587625801682e-21,38,6,2026-03-31
AON/MCK,AON,MCK,deep_dislocation,6310.160238538043,0.6537550032789256,0.2234638221828921,0.9999995935579086,28,6,2026-03-31
CI/LVS,CI,LVS,deep_dislocation,-8381.48087533164,-0.37671870730963203,0.2234638221828921,3.862062728996628e-16,28,6,2026-03-31
CI/MTD,CI,MTD,deep_dislocation,2254.332341055574,0.11590315516323242,0.2234638221828921,0.6491288008604694,38,6,2026-03-31
EFX/MMM,EFX,MMM,deep_dislocation,3100.215109814798,0.24183844969126142,0.2234638221828921,0.9957618786074155,26,6,2026-03-31
CHD/HON,CHD,HON,deep_dislocation,15164.9386426402,1.2400417172516285,0.2234638221828921,0.9999977321112888,26,6,2026-03-31
AKAM/YUM,AKAM,YUM,deep_dislocation,5925.21434814569,0.2619357791037105,0.2234638221828921,0.9988261301527968,32,6,2026-03-31
CL/WST,CL,WST,deep_dislocation,12157.47136669052,0.764785645595119,0.2234638221828921,0.9999999999999978,40,6,2026-03-31
BAX/IDXX,BAX,IDXX,deep_dislocation,-16917.53193314336,-0.608655789933961,0.2234638221828921,0.001006634340388549,28,6,2026-03-31
AVB/INCY,AVB,INCY,deep_dislocation,-6814.774658021133,-0.32930953909785676,0.2234638221828921,1.2054613053746798e-08,46,6,2026-03-31
PFG/YUM,PFG,YUM,patient_hold,12082.84492210102,1.1789636652622852,0.1859275594232831,0.9999999999291855,50,6,2026-03-31
HAS/PFE,HAS,PFE,patient_hold,1149.340244993961,0.08371110426751288,0.1859275594232831,0.43172492099502535,46,6,2026-03-31
FSLR/RSG,FSLR,RSG,patient_hold,-11436.73858257315,-0.5383283235965381,0.1859275594232831,4.424422425852436e-07,40,6,2026-03-31
ALB/YUM,ALB,YUM,patient_hold,23640.19696544221,1.22484049175879,0.1859275594232831,0.9999999999966589,52,6,2026-03-31
HRL/MKC,HRL,MKC,patient_hold,-953.7133897249523,-0.13542835081891655,0.1859275594232831,3.7365498073759713e-06,38,6,2026-03-31
AON/GEN,AON,GEN,patient_hold,-1677.157296422627,-0.15963679000987432,0.1859275594232831,6.363958132117732e-13,42,6,2026-03-31
AON/MCK,AON,MCK,patient_hold,9474.032726294101,1.4186651387040883,0.1859275594232831,0.9999999993322248,62,6,2026-03-31
CI/LVS,CI,LVS,patient_hold,-9356.189753429999,-0.5018038301550062,0.1859275594232831,7.252004256595996e-10,44,6,2026-03-31
CI/MTD,CI,MTD,patient_hold,171.5297911381303,0.0125880940360101,0.1859275594232831,0.037498323487479154,60,6,2026-03-31
EFX/MMM,EFX,MMM,patient_hold,6960.591642120398,0.5952963132042992,0.1859275594232831,0.9998784645799901,40,6,2026-03-31
CHD/HON,CHD,HON,patient_hold,12584.95558322075,1.3427682146485092,0.1859275594232831,0.9999999993286363,44,6,2026-03-31
AKAM/YUM,AKAM,YUM,patient_hold,4956.308940140156,0.32615979214047724,0.1859275594232831,0.9999038700060049,44,6,2026-03-31
CL/WST,CL,WST,patient_hold,12416.87278806664,1.1589176772430494,0.1859275594232831,1.0,62,6,2026-03-31
BAX/IDXX,BAX,IDXX,patient_hold,-7005.412653576408,-0.37652732736749617,0.1859275594232831,4.366331451507521e-05,46,6,2026-03-31
AVB/INCY,AVB,INCY,patient_hold,-8984.576352189059,-0.8113133828551048,0.1859275594232831,1.49240209710106e-21,48,6,2026-03-31
PFG/YUM,PFG,YUM,deep_entry_quick_exit,3673.086103268578,0.44441625067489887,0.1223760094918274,0.9999998945930895,32,6,2026-03-31
HAS/PFE,HAS,PFE,deep_entry_quick_exit,13785.59416110937,1.5306407751639308,0.1223760094918274,0.9999998376791007,36,6,2026-03-31
FSLR/RSG,FSLR,RSG,deep_entry_quick_exit,-8472.585292259344,-0.36301294418577346,0.1223760094918274,1.1658437660828998e-10,38,6,2026-03-31
ALB/YUM,ALB,YUM,deep_entry_quick_exit,8262.145795605657,0.5389559676094087,0.1223760094918274,0.9999999290820193,30,6,2026-03-31
HRL/MKC,HRL,MKC,deep_entry_quick_exit,358.3295165959239,0.060537604059906484,0.1223760094918274,0.24645368782728155,26,6,2026-03-31
AON/GEN,AON,GEN,deep_entry_quick_exit,5432.887911766272,0.4696260799902159,0.1223760094918274,0.9999961252223177,36,6,2026-03-31
AON/MCK,AON,MCK,deep_entry_quick_exit,7202.866931128037,1.002405244298126,0.1223760094918274,0.9999999953122176,28,6,2026-03-31
CI/LVS,CI,LVS,deep_entry_quick_exit,-11136.00133324342,-1.1566624546500712,0.1223760094918274,1.5752917718800804e-16,30,6,2026-03-31
CI/MTD,CI,MTD,deep_entry_quick_exit,1967.784129674744,0.14697341154002638,0.1223760094918274,0.8091463259670819,40,6,2026-03-31
EFX/MMM,EFX,MMM,deep_entry_quick_exit,4507.730129220533,0.5230670867458211,0.1223760094918274,0.9999999244638265,28,6,2026-03-31
CHD/HON,CHD,HON,deep_entry_quick_exit,11412.0586400892,1.3770372709397547,0.1223760094918274,0.9999993590347943,26,6,2026-03-31
AKAM/YUM,AKAM,YUM,deep_entry_quick_exit,7096.022500069571,0.5058146255078773,0.1223760094918274,0.9998835894754378,34,6,2026-03-31
CL/WST,CL,WST,deep_entry_quick_exit,8237.99568063662,0.7926351520071812,0.1223760094918274,0.9999999999999893,38,6,2026-03-31
BAX/IDXX,BAX,IDXX,deep_entry_quick_exit,-12978.87096419357,-0.7027707974057525,0.1223760094918274,0.0014036419543957907,30,6,2026-03-31
AVB/INCY,AVB,INCY,deep_entry_quick_exit,95.75042968827756,0.008072293546718477,0.1223760094918274,0.026235789657780628,40,6,2026-03-31
PFG/YUM,PFG,YUM,symmetric_exit,-4178.835313276458,-0.38732875127596317,0.0694681546825415,2.4566795356954127e-09,54,6,2026-03-31
HAS/PFE,HAS,PFE,symmetric_exit,-7721.248522242882,-0.537054549169528,0.0694681546825415,2.608593821246179e-13,56,6,2026-03-31
FSLR/RSG,FSLR,RSG,symmetric_exit,13524.50301917606,0.524416597078266,0.0694681546825415,0.999032364059139,52,6,2026-03-31
ALB/YUM,ALB,YUM,symmetric_exit,10879.66105153746,0.6013542607691175,0.0694681546825415,0.9999999983529045,54,6,2026-03-31
HRL/MKC,HRL,MKC,symmetric_exit,-2696.872109908683,-0.3610621646411672,0.0694681546825415,1.8316189179478136e-08,40,6,2026-03-31
AON/GEN,AON,GEN,symmetric_exit,-2870.215523519376,-0.24710808814252505,0.0694681546825415,4.9290517603554084e-08,58,6,2026-03-31
AON/MCK,AON,MCK,symmetric_exit,11918.05889280416,0.8394868144734358,0.0694681546825415,0.9975636226905463,62,6,2026-03-31
CI/LVS,CI,LVS,symmetric_exit,2932.699175486297,0.17265882245898836,0.0694681546825415,0.9827054850810417,58,6,2026-03-31
CI/MTD,CI,MTD,symmetric_exit,574.4920673493716,0.04255311732317106,0.0694681546825415,0.14371015779483592,54,6,2026-03-31
EFX/MMM,EFX,MMM,symmetric_exit,5195.241304653346,0.5950170997692728,0.0694681546825415,0.9999999998857616,46,6,2026-03-31
CHD/HON,CHD,HON,symmetric_exit,10991.9668022478,1.4620886719764892,0.0694681546825415,0.9999947596037781,46,6,2026-03-31
AKAM/YUM,AKAM,YUM,symmetric_exit,5889.098482081107,0.42661066117711666,0.0694681546825415,0.999768850089065,52,6,2026-03-31
CL/WST,CL,WST,symmetric_exit,5888.433902647017,0.5771894650782031,0.0694681546825415,0.9999999999812234,62,6,2026-03-31
BAX/IDXX,BAX,IDXX,symmetric_exit,-4163.584649219648,-0.22042845451452628,0.0694681546825415,3.8447844111969275e-09,50,6,2026-03-31
AVB/INCY,AVB,INCY,symmetric_exit,-9531.762898158839,-1.0179386953154477,0.0694681546825415,2.463096422472796e-23,54,6,2026-03-31
PFG/YUM,PFG,YUM,conservative_no_leverage,1628.439943160231,0.33733219407288995,-0.0052197084783823,0.9999999976689001,40,6,2026-03-31
HAS/PFE,HAS,PFE,conservative_no_leverage,3932.306623989855,0.4616873511698829,-0.0052197084783823,0.9998515129271,50,6,2026-03-31
FSLR/RSG,FSLR,RSG,conservative_no_leverage,-6323.177229662536,-0.5379483988337268,-0.0052197084783823,7.991672995943093e-08,36,6,2026-03-31
ALB/YUM,ALB,YUM,conservative_no_leverage,7668.020851618223,0.8795612677127093,-0.0052197084783823,0.9999999999998869,42,6,2026-03-31
HRL/MKC,HRL,MKC,conservative_no_leverage,2001.79624551546,0.6275247105771001,-0.0052197084783823,0.9999999999999994,32,6,2026-03-31
AON/GEN,AON,GEN,conservative_no_leverage,5533.583573986112,0.8692907055854208,-0.0052197084783823,0.9999999371432171,46,6,2026-03-31
AON/MCK,AON,MCK,conservative_no_leverage,5529.154481375639,1.8250485342492366,-0.0052197084783823,0.9999999905573036,54,6,2026-03-31
CI/LVS,CI,LVS,conservative_no_leverage,-956.6133592893086,-0.09609991456020087,-0.0052197084783823,0.00010896333365478023,42,6,2026-03-31
CI/MTD,CI,MTD,conservative_no_leverage,923.355897259361,0.1425758257972033,-0.0052197084783823,0.7890661397016623,54,6,2026-03-31
EFX/MMM,EFX,MMM,conservative_no_leverage,3714.932374707278,0.608939425730758,-0.0052197084783823,0.9999806568715057,44,6,2026-03-31
CHD/HON,CHD,HON,conservative_no_leverage,6390.026312727317,1.4769612767260454,-0.0052197084783823,0.9999999670148692,38,6,2026-03-31
AKAM/YUM,AKAM,YUM,conservative_no_leverage,1905.993675492633,0.24614080399932403,-0.0052197084783823,0.999338664780414,38,6,2026-03-31
CL/WST,CL,WST,conservative_no_leverage,3026.969429876807,0.5679041265062164,-0.0052197084783823,0.9999999999853173,60,6,2026-03-31
BAX/IDXX,BAX,IDXX,conservative_no_leverage,-3478.123843640492,-0.3490181365321662,-0.0052197084783823,1.8959147492948644e-06,48,6,2026-03-31
AVB/INCY,AVB,INCY,conservative_no_leverage,2090.096209070891,0.33770877859337095,-0.0052197084783823,0.9999938636878201,52,6,2026-03-31
PFG/YUM,PFG,YUM,no_leverage,2257.169456387857,0.3430036555299011,-0.1760328815152871,0.999332643298892,72,6,2026-03-31
HAS/PFE,HAS,PFE,no_leverage,-5901.7071090734,-0.760319115778244,-0.1760328815152871,1.5888449498676204e-14,70,6,2026-03-31
FSLR/RSG,FSLR,RSG,no_leverage,8788.755570206831,0.6117045549163339,-0.1760328815152871,0.9999610634058916,68,6,2026-03-31
ALB/YUM,ALB,YUM,no_leverage,-2269.211006757789,-0.21927519704060036,-0.1760328815152871,4.754624973036691e-11,78,6,2026-03-31
HRL/MKC,HRL,MKC,no_leverage,-1247.053560967473,-0.2970856752112793,-0.1760328815152871,5.641713670529993e-10,54,6,2026-03-31
AON/GEN,AON,GEN,no_leverage,2154.517937939523,0.34455417360947876,-0.1760328815152871,0.999990027192754,66,6,2026-03-31
AON/MCK,AON,MCK,no_leverage,679.1680528533589,0.15091190766218515,-0.1760328815152871,0.8976612949908087,76,6,2026-03-31
CI/LVS,CI,LVS,no_leverage,1054.866729374438,0.11125768107783436,-0.1760328815152871,0.6675937236550015,72,6,2026-03-31
CI/MTD,CI,MTD,no_leverage,3165.722614421796,0.41717120114175255,-0.1760328815152871,0.999913921370209,76,6,2026-03-31
EFX/MMM,EFX,MMM,no_leverage,-1910.004846087322,-0.32086541470934604,-0.1760328815152871,1.5918987106849617e-16,60,6,2026-03-31
CHD/HON,CHD,HON,no_leverage,6292.436649531754,1.4082296129935892,-0.1760328815152871,0.9999999976819428,62,6,2026-03-31
AKAM/YUM,AKAM,YUM,no_leverage,4321.716245813615,0.8117982958396482,-0.1760328815152871,0.9999999999999999,68,6,2026-03-31
CL/WST,CL,WST,no_leverage,6493.43188356822,1.1535670864958196,-0.1760328815152871,1.0,72,6,2026-03-31
BAX/IDXX,BAX,IDXX,no_leverage,2702.276587084794,0.2634035241316371,-0.1760328815152871,0.9080638031723711,60,6,2026-03-31
AVB/INCY,AVB,INCY,no_leverage,1392.285562553767,0.21190691829645844,-0.1760328815152871,0.9981673522326946,80,6,2026-03-31
PFG/YUM,PFG,YUM,conservative,2585.655681235548,0.7133465356840039,-0.7547475240870044,0.999984332798393,24,6,2026-03-31
HAS/PFE,HAS,PFE,conservative,6904.959685570163,1.484438603068992,-0.7547475240870044,0.9999999576584649,42,6,2026-03-31
FSLR/RSG,FSLR,RSG,conservative,-6686.853659329666,-0.6427016026650995,-0.7547475240870044,6.168381659832172e-06,32,6,2026-03-31
ALB/YUM,ALB,YUM,conservative,6427.960298887789,0.9849511083393419,-0.7547475240870044,0.9999999998980218,32,6,2026-03-31
HRL/MKC,HRL,MKC,conservative,-81.31761872760183,-0.030875701626567862,-0.7547475240870044,0.0019886287973660127,26,6,2026-03-31
AON/GEN,AON,GEN,conservative,2096.182158043029,0.7020657840582805,-0.7547475240870044,0.9999993680719288,38,6,2026-03-31
AON/MCK,AON,MCK,conservative,4416.3242669185,1.7098784510430416,-0.7547475240870044,0.9999926917343542,34,6,2026-03-31
CI/LVS,CI,LVS,conservative,-4128.268887219591,-0.8194957088403148,-0.7547475240870044,3.8442344169964313e-13,32,6,2026-03-31
CI/MTD,CI,MTD,conservative,-1146.267441613886,-0.1827001021805317,-0.7547475240870044,1.197403535129537e-09,38,6,2026-03-31
EFX/MMM,EFX,MMM,conservative,3580.543681434382,1.0584026022698734,-0.7547475240870044,0.9999999999999972,34,6,2026-03-31
CHD/HON,CHD,HON,conservative,6602.253819562115,1.5613545345880218,-0.7547475240870044,0.9999996881841918,34,6,2026-03-31
AKAM/YUM,AKAM,YUM,conservative,-205.9266971161669,-0.03810741102998941,-0.7547475240870044,0.002537997389638743,38,6,2026-03-31
CL/WST,CL,WST,conservative,6285.154938589112,1.3922690641179865,-0.7547475240870044,0.9999999999988759,36,6,2026-03-31
BAX/IDXX,BAX,IDXX,conservative,-6236.749943997489,-0.6890336734266392,-0.7547475240870044,0.0012459149463624729,34,6,2026-03-31
AVB/INCY,AVB,INCY,conservative,-4225.296780257976,-0.9715266256259468,-0.7547475240870044,5.4736779168778284e-18,36,6,2026-03-31
