pair_key,s1,s2,param_set,pair_pnl,pair_sharpe,run_sharpe,dsr_pvalue,n_trades,window_idx,train_end
HAS/YUM,HAS,YUM,fast_signal,1582.729363136032,0.15751104305806057,0.7236909672233551,0.7472281253206239,60,1,2025-10-29
TXT/YUM,TXT,YUM,fast_signal,-1987.643777863307,-0.2725558898031931,0.7236909672233551,2.1091813329710196e-14,52,1,2025-10-29
CSCO/PAYC,CSCO,PAYC,fast_signal,10010.33952621731,0.8977883961273252,0.7236909672233551,0.999999947530727,58,1,2025-10-29
HAS/PFE,HAS,PFE,fast_signal,13405.45092653059,0.9355491457551421,0.7236909672233551,0.9999999910229972,52,1,2025-10-29
EXR/WY,EXR,WY,fast_signal,1203.80667522765,0.15795842062210366,0.7236909672233551,0.8386868150643358,66,1,2025-10-29
EVRG/PCG,EVRG,PCG,fast_signal,3560.970410187478,0.47024349633613854,0.7236909672233551,0.999982998975375,66,1,2025-10-29
ATO/PCG,ATO,PCG,fast_signal,6110.721092222521,0.7307215040266826,0.7236909672233551,0.9999999980837171,56,1,2025-10-29
CINF/FMC,CINF,FMC,fast_signal,4218.171943501315,0.3652929271618579,0.7236909672233551,0.9999970539038735,60,1,2025-10-29
HRL/MKC,HRL,MKC,fast_signal,-1081.093255941272,-0.19328563159953202,0.7236909672233551,3.1880053996136526e-08,60,1,2025-10-29
AKAM/KEYS,AKAM,KEYS,fast_signal,25.82999999998674,0.0034822883983858985,0.7236909672233551,0.021162436366266014,42,1,2025-10-29
BSX/WMB,BSX,WMB,fast_signal,-5889.957239109861,-0.617120358423479,0.7236909672233551,3.321042750716231e-17,70,1,2025-10-29
FSLR/RSG,FSLR,RSG,fast_signal,18758.42320448754,0.8567294507483615,0.7236909672233551,0.9994519966297836,54,1,2025-10-29
CDNS/PTC,CDNS,PTC,fast_signal,1883.489999999987,0.21805900947561715,0.7236909672233551,0.9912985586281665,52,1,2025-10-29
AME/WMT,AME,WMT,fast_signal,1873.445718357199,0.29310917891539595,0.7236909672233551,0.9983686922833994,64,1,2025-10-29
AON/GEN,AON,GEN,fast_signal,3384.745917012247,0.3702438219552943,0.7236909672233551,0.9900303899659604,62,1,2025-10-29
HAS/YUM,HAS,YUM,vol_gated,9023.408707698209,0.8312690977339544,0.3425462131804698,0.9999845154139557,54,1,2025-10-29
TXT/YUM,TXT,YUM,vol_gated,2104.563541250646,0.29547791611872065,0.3425462131804698,0.9986415204611157,52,1,2025-10-29
CSCO/PAYC,CSCO,PAYC,vol_gated,930.0105983921271,0.0903963511624226,0.3425462131804698,0.3622043304931243,42,1,2025-10-29
HAS/PFE,HAS,PFE,vol_gated,-2703.530952250898,-0.21159289251099017,0.3425462131804698,1.5471705830447445e-14,56,1,2025-10-29
EXR/WY,EXR,WY,vol_gated,6604.902230092554,0.7821668316543813,0.3425462131804698,0.9999999996231589,46,1,2025-10-29
EVRG/PCG,EVRG,PCG,vol_gated,-1203.832785657494,-0.16170112160749847,0.3425462131804698,1.2534419761976274e-08,52,1,2025-10-29
ATO/PCG,ATO,PCG,vol_gated,-8437.355641116796,-1.0883623859172271,0.3425462131804698,5.014107833231546e-28,50,1,2025-10-29
CINF/FMC,CINF,FMC,vol_gated,1671.314646722679,0.14555763590576867,0.3425462131804698,0.7726254766681191,46,1,2025-10-29
HRL/MKC,HRL,MKC,vol_gated,148.4890909741398,0.027104165644091367,0.3425462131804698,0.058907128406736786,52,1,2025-10-29
AKAM/KEYS,AKAM,KEYS,vol_gated,14598.23999999999,1.8014280052105032,0.3425462131804698,0.9999997186920826,46,1,2025-10-29
BSX/WMB,BSX,WMB,vol_gated,-1456.809937915369,-0.1634127060157712,0.3425462131804698,1.4792145226849047e-10,66,1,2025-10-29
FSLR/RSG,FSLR,RSG,vol_gated,6622.563344410382,0.2931350954089057,0.3425462131804698,0.9731601005497086,58,1,2025-10-29
CDNS/PTC,CDNS,PTC,vol_gated,943.100000000009,0.0996683772430815,0.3425462131804698,0.4303026615107372,62,1,2025-10-29
AME/WMT,AME,WMT,vol_gated,9726.77168601748,1.1267980960525243,0.3425462131804698,0.9999996399087768,54,1,2025-10-29
AON/GEN,AON,GEN,vol_gated,45.36169805918234,0.004723667258238587,0.3425462131804698,0.02267043504869061,46,1,2025-10-29
HAS/YUM,HAS,YUM,stable_signal_quick_exit,17155.78308288033,1.990828831414327,0.3071268504733516,0.9999998191049139,38,1,2025-10-29
TXT/YUM,TXT,YUM,stable_signal_quick_exit,5874.346181072857,0.8231838284348381,0.3071268504733516,0.9999999999999013,38,1,2025-10-29
CSCO/PAYC,CSCO,PAYC,stable_signal_quick_exit,8674.88095952275,0.8776406323828916,0.3071268504733516,0.9999996986627547,54,1,2025-10-29
HAS/PFE,HAS,PFE,stable_signal_quick_exit,4261.20967531655,0.3079149777508066,0.3071268504733516,0.9850126666430314,42,1,2025-10-29
EXR/WY,EXR,WY,stable_signal_quick_exit,789.7816638371856,0.12416755724429934,0.3071268504733516,0.6251084456952781,36,1,2025-10-29
EVRG/PCG,EVRG,PCG,stable_signal_quick_exit,-6345.737585465677,-0.8999023402565098,0.3071268504733516,8.401802917771891e-14,32,1,2025-10-29
ATO/PCG,ATO,PCG,stable_signal_quick_exit,-1666.278529726462,-0.25795941526190824,0.3071268504733516,3.0151166525630187e-15,30,1,2025-10-29
CINF/FMC,CINF,FMC,stable_signal_quick_exit,-1013.453883759873,-0.09921969165262885,0.3071268504733516,0.00013523231231147507,34,1,2025-10-29
HRL/MKC,HRL,MKC,stable_signal_quick_exit,2442.315385826781,0.5084922768575112,0.3071268504733516,0.9999998725074605,36,1,2025-10-29
AKAM/KEYS,AKAM,KEYS,stable_signal_quick_exit,7787.710000000025,0.6714011783604706,0.3071268504733516,0.9952897109541077,36,1,2025-10-29
BSX/WMB,BSX,WMB,stable_signal_quick_exit,-3206.16005503575,-0.3972109530126044,0.3071268504733516,2.1582826687633133e-12,38,1,2025-10-29
FSLR/RSG,FSLR,RSG,stable_signal_quick_exit,2772.63796158901,0.11319328468402418,0.3071268504733516,0.5314604888577428,52,1,2025-10-29
CDNS/PTC,CDNS,PTC,stable_signal_quick_exit,-2860.440000000029,-0.3216203398046778,0.3071268504733516,3.8919405580374654e-07,42,1,2025-10-29
AME/WMT,AME,WMT,stable_signal_quick_exit,7345.650889895381,1.0727471563355193,0.3071268504733516,0.9999999999835416,34,1,2025-10-29
AON/GEN,AON,GEN,stable_signal_quick_exit,-4833.872354972648,-0.5152345862881659,0.3071268504733516,1.841304518338271e-11,34,1,2025-10-29
HAS/YUM,HAS,YUM,static_threshold,11622.76053970055,1.188398370446292,0.3041188635942052,1.0,70,1,2025-10-29
TXT/YUM,TXT,YUM,static_threshold,1596.434415151937,0.15572034976389096,0.3041188635942052,0.8182075980929704,74,1,2025-10-29
CSCO/PAYC,CSCO,PAYC,static_threshold,11246.44639435859,1.0414824845890964,0.3041188635942052,0.9999999991056396,74,1,2025-10-29
HAS/PFE,HAS,PFE,static_threshold,3798.031538956564,0.25762782931024875,0.3041188635942052,0.973258485425179,72,1,2025-10-29
EXR/WY,EXR,WY,static_threshold,2225.090029528247,0.25721473380859877,0.3041188635942052,0.9982421479160695,60,1,2025-10-29
EVRG/PCG,EVRG,PCG,static_threshold,-15903.58226992455,-1.5172521226300477,0.3041188635942052,1.4325395309077255e-28,74,1,2025-10-29
ATO/PCG,ATO,PCG,static_threshold,-10859.80566163297,-1.028004826933869,0.3041188635942052,1.1205102385279201e-24,76,1,2025-10-29
CINF/FMC,CINF,FMC,static_threshold,7233.948329985506,0.4915686696751526,0.3041188635942052,0.999999998628431,66,1,2025-10-29
HRL/MKC,HRL,MKC,static_threshold,2009.543339793461,0.3238905917150246,0.3041188635942052,0.9998969704853071,70,1,2025-10-29
AKAM/KEYS,AKAM,KEYS,static_threshold,-6227.219999999967,-0.47586899590889886,0.3041188635942052,3.0848733839932375e-10,60,1,2025-10-29
BSX/WMB,BSX,WMB,static_threshold,5979.976344602554,0.6810741324463027,0.3041188635942052,0.9999999999996247,80,1,2025-10-29
FSLR/RSG,FSLR,RSG,static_threshold,27241.01436280132,1.24874308262755,0.3041188635942052,0.9999999999999923,72,1,2025-10-29
CDNS/PTC,CDNS,PTC,static_threshold,1116.070000000002,0.12453680748656762,0.3041188635942052,0.6355040025430435,56,1,2025-10-29
AME/WMT,AME,WMT,static_threshold,-7838.71855352774,-0.7235556485691768,0.3041188635942052,1.1099557454996744e-25,78,1,2025-10-29
AON/GEN,AON,GEN,static_threshold,6750.661729016788,0.5911641373022767,0.3041188635942052,0.9999998910958272,74,1,2025-10-29
HAS/YUM,HAS,YUM,vol_adaptive,9092.01554921156,0.9289372385254558,0.2304992445744257,0.9998367975509962,54,1,2025-10-29
TXT/YUM,TXT,YUM,vol_adaptive,1966.940790639501,0.2717652361700163,0.2304992445744257,0.9965985473291445,54,1,2025-10-29
CSCO/PAYC,CSCO,PAYC,vol_adaptive,3044.320238717832,0.29262408229484776,0.2304992445744257,0.996550172321516,46,1,2025-10-29
HAS/PFE,HAS,PFE,vol_adaptive,-3855.776478596174,-0.29800120806014696,0.2304992445744257,2.593228374414128e-18,58,1,2025-10-29
EXR/WY,EXR,WY,vol_adaptive,9404.71909252401,1.1338956834307763,0.2304992445744257,0.9999999996669732,48,1,2025-10-29
EVRG/PCG,EVRG,PCG,vol_adaptive,-1965.390517176459,-0.26266296193294086,0.2304992445744257,8.499467684919658e-13,54,1,2025-10-29
ATO/PCG,ATO,PCG,vol_adaptive,-8612.97326697615,-1.117097670501082,0.2304992445744257,1.1914935784787958e-27,50,1,2025-10-29
CINF/FMC,CINF,FMC,vol_adaptive,1645.266161485551,0.1440127616754935,0.2304992445744257,0.763365385274088,46,1,2025-10-29
HRL/MKC,HRL,MKC,vol_adaptive,-72.02390030188508,-0.01317716611059393,0.2304992445744257,0.00924800206385661,54,1,2025-10-29
AKAM/KEYS,AKAM,KEYS,vol_adaptive,14484.84,1.7991517138499986,0.2304992445744257,0.999999735671376,46,1,2025-10-29
BSX/WMB,BSX,WMB,vol_adaptive,-1459.778708978244,-0.16455318753650425,0.2304992445744257,1.20584114906577e-10,66,1,2025-10-29
FSLR/RSG,FSLR,RSG,vol_adaptive,6641.102359986719,0.2953576974611214,0.2304992445744257,0.9743506001861857,58,1,2025-10-29
CDNS/PTC,CDNS,PTC,vol_adaptive,-184.6200000000044,-0.01939390758359915,0.2304992445744257,0.007515329587087796,62,1,2025-10-29
AME/WMT,AME,WMT,vol_adaptive,5806.774384734966,0.6853044058766099,0.2304992445744257,0.9999350766840374,54,1,2025-10-29
AON/GEN,AON,GEN,vol_adaptive,-1783.366590938473,-0.18315093505662072,0.2304992445744257,9.476905615804642e-08,48,1,2025-10-29
HAS/YUM,HAS,YUM,medium_signal_high_leverage,16847.99266529865,1.3483370679300883,0.1486305682461309,0.9999999985344373,44,1,2025-10-29
TXT/YUM,TXT,YUM,medium_signal_high_leverage,1351.360041665572,0.11614326765864175,0.1486305682461309,0.5593065619908648,42,1,2025-10-29
CSCO/PAYC,CSCO,PAYC,medium_signal_high_leverage,13396.85404315099,0.9345278924398174,0.1486305682461309,0.9999992686553504,44,1,2025-10-29
HAS/PFE,HAS,PFE,medium_signal_high_leverage,7778.3545919385,0.4230008230153148,0.1486305682461309,0.9917523950193815,50,1,2025-10-29
EXR/WY,EXR,WY,medium_signal_high_leverage,2525.572512625108,0.20246629974349034,0.1486305682461309,0.9689780158600985,42,1,2025-10-29
EVRG/PCG,EVRG,PCG,medium_signal_high_leverage,-20133.94376701155,-1.5630925934178495,0.1486305682461309,2.655545127199655e-23,46,1,2025-10-29
ATO/PCG,ATO,PCG,medium_signal_high_leverage,-4734.433232057653,-0.3613941500789603,0.1486305682461309,2.43974183042649e-16,38,1,2025-10-29
CINF/FMC,CINF,FMC,medium_signal_high_leverage,-12149.53670724987,-0.668437229004619,0.1486305682461309,1.7999121004888937e-14,40,1,2025-10-29
HRL/MKC,HRL,MKC,medium_signal_high_leverage,2553.310421854651,0.2881014336542249,0.1486305682461309,0.9990057653222968,44,1,2025-10-29
AKAM/KEYS,AKAM,KEYS,medium_signal_high_leverage,18644.10999999998,1.5788832005934823,0.1486305682461309,0.999997507020237,32,1,2025-10-29
BSX/WMB,BSX,WMB,medium_signal_high_leverage,-2670.276631532226,-0.2456964801996561,0.1486305682461309,1.5485014255860967e-14,56,1,2025-10-29
FSLR/RSG,FSLR,RSG,medium_signal_high_leverage,2705.416940935079,0.07822831099678285,0.1486305682461309,0.30892202106675615,54,1,2025-10-29
CDNS/PTC,CDNS,PTC,medium_signal_high_leverage,-4236.110000000001,-0.3229056750389154,0.1486305682461309,4.6565308397272163e-07,38,1,2025-10-29
AME/WMT,AME,WMT,medium_signal_high_leverage,1691.033873356328,0.12796037946301506,0.1486305682461309,0.6202846662601693,52,1,2025-10-29
AON/GEN,AON,GEN,medium_signal_high_leverage,8703.298291535582,0.6357397054672607,0.1486305682461309,0.999970345867441,40,1,2025-10-29
HAS/YUM,HAS,YUM,low_vol_specialist,13979.50826366381,1.8283073649096178,0.0336229028602481,1.0,82,1,2025-10-29
TXT/YUM,TXT,YUM,low_vol_specialist,-192.3484412913567,-0.019003549984970173,0.0336229028602481,0.0061207163327385355,88,1,2025-10-29
CSCO/PAYC,CSCO,PAYC,low_vol_specialist,-7829.251872138795,-0.762629228616804,0.0336229028602481,2.6191960872697764e-23,92,1,2025-10-29
HAS/PFE,HAS,PFE,low_vol_specialist,21496.08340184667,1.744122619723434,0.0336229028602481,0.9999996166640011,90,1,2025-10-29
EXR/WY,EXR,WY,low_vol_specialist,5876.244787657231,0.7122999868469971,0.0336229028602481,1.0,98,1,2025-10-29
EVRG/PCG,EVRG,PCG,low_vol_specialist,-15784.48396588116,-1.5462137935581581,0.0336229028602481,5.356847116609914e-14,110,1,2025-10-29
ATO/PCG,ATO,PCG,low_vol_specialist,-4231.709772436984,-0.4131174304254194,0.0336229028602481,1.289028179504403e-16,110,1,2025-10-29
CINF/FMC,CINF,FMC,low_vol_specialist,-6772.685959519163,-0.5296391244654605,0.0336229028602481,2.1967691222712992e-16,94,1,2025-10-29
HRL/MKC,HRL,MKC,low_vol_specialist,13572.57239355679,1.4842500742303395,0.0336229028602481,0.9998482709393676,74,1,2025-10-29
AKAM/KEYS,AKAM,KEYS,low_vol_specialist,-17147.75,-1.1593075060006395,0.0336229028602481,2.2278474464293132e-07,66,1,2025-10-29
BSX/WMB,BSX,WMB,low_vol_specialist,6660.519705019973,0.70235335303095,0.0336229028602481,0.9999999999998916,98,1,2025-10-29
FSLR/RSG,FSLR,RSG,low_vol_specialist,20589.29264371857,0.8243336655371022,0.0336229028602481,0.9999809084055917,80,1,2025-10-29
CDNS/PTC,CDNS,PTC,low_vol_specialist,161.0399999999881,0.015152309851973503,0.0336229028602481,0.03656491937740325,66,1,2025-10-29
AME/WMT,AME,WMT,low_vol_specialist,-2225.111535980862,-0.26803434818281574,0.0336229028602481,3.3782907316527517e-16,86,1,2025-10-29
AON/GEN,AON,GEN,low_vol_specialist,-2486.118883399105,-0.2678939753537969,0.0336229028602481,1.7342981483985395e-10,82,1,2025-10-29
HAS/YUM,HAS,YUM,deep_entry_quick_exit,11517.89140005586,2.5425181004579973,-0.0427861377527376,0.9999999999075584,18,1,2025-10-29
TXT/YUM,TXT,YUM,deep_entry_quick_exit,404.7191399819051,0.06261018438657749,-0.0427861377527376,0.1761206595515376,24,1,2025-10-29
CSCO/PAYC,CSCO,PAYC,deep_entry_quick_exit,6229.125893405956,0.8864118521891168,-0.0427861377527376,0.998522262795132,16,1,2025-10-29
HAS/PFE,HAS,PFE,deep_entry_quick_exit,8202.245145646628,1.2024007513350234,-0.0427861377527376,0.9999246597363568,20,1,2025-10-29
EXR/WY,EXR,WY,deep_entry_quick_exit,2738.769671363835,0.5948724855793065,-0.0427861377527376,0.9999999762399701,12,1,2025-10-29
EVRG/PCG,EVRG,PCG,deep_entry_quick_exit,-6320.489454520459,-0.9353813132374887,-0.0427861377527376,3.838423501129052e-12,28,1,2025-10-29
ATO/PCG,ATO,PCG,deep_entry_quick_exit,-3848.503283119503,-0.7348625203331217,-0.0427861377527376,4.02743419658836e-09,26,1,2025-10-29
CINF/FMC,CINF,FMC,deep_entry_quick_exit,-3061.466780297917,-0.37687403659297486,-0.0427861377527376,2.7536409063222214e-14,26,1,2025-10-29
HRL/MKC,HRL,MKC,deep_entry_quick_exit,126.3271415942029,0.04211881988365425,-0.0427861377527376,0.09238596985179337,14,1,2025-10-29
AKAM/KEYS,AKAM,KEYS,deep_entry_quick_exit,5366.029999999984,0.9267844135365552,-0.0427861377527376,0.9951016170291472,10,1,2025-10-29
BSX/WMB,BSX,WMB,deep_entry_quick_exit,1205.731999728965,0.249788871482781,-0.0427861377527376,0.9784016832572374,28,1,2025-10-29
FSLR/RSG,FSLR,RSG,deep_entry_quick_exit,-13828.044331315,-0.7428379650791079,-0.0427861377527376,2.791600578915837e-06,22,1,2025-10-29
CDNS/PTC,CDNS,PTC,deep_entry_quick_exit,13574.28999999998,1.581429797879559,-0.0427861377527376,0.9999896192440112,18,1,2025-10-29
AME/WMT,AME,WMT,deep_entry_quick_exit,5681.944147241992,1.148034901063201,-0.0427861377527376,0.9999999999458027,18,1,2025-10-29
AON/GEN,AON,GEN,deep_entry_quick_exit,-4364.088689456616,-0.6847274011144091,-0.0427861377527376,2.158208957112015e-06,18,1,2025-10-29
HAS/YUM,HAS,YUM,vol_agnostic,9058.46001512916,0.6335673941613069,-0.0967633287545906,0.9999992401259785,76,1,2025-10-29
TXT/YUM,TXT,YUM,vol_agnostic,-4856.856872889382,-0.4894423148756315,-0.0967633287545906,3.28788277807664e-18,64,1,2025-10-29
CSCO/PAYC,CSCO,PAYC,vol_agnostic,9069.792822975589,0.8216302452849079,-0.0967633287545906,0.9999999997570247,74,1,2025-10-29
HAS/PFE,HAS,PFE,vol_agnostic,-251.716432608825,-0.018344617284387216,-0.0967633287545906,0.005452588548653982,70,1,2025-10-29
EXR/WY,EXR,WY,vol_agnostic,10794.41321814924,1.0184250343696823,-0.0967633287545906,1.0,66,1,2025-10-29
EVRG/PCG,EVRG,PCG,vol_agnostic,-25941.1305148491,-2.0854779175747544,-0.0967633287545906,1.6562297612803698e-20,58,1,2025-10-29
ATO/PCG,ATO,PCG,vol_agnostic,-9643.883599733734,-0.8473350597518265,-0.0967633287545906,9.582518480766697e-29,56,1,2025-10-29
CINF/FMC,CINF,FMC,vol_agnostic,859.0821576149174,0.05576844650707372,-0.0967633287545906,0.1466280506220929,54,1,2025-10-29
HRL/MKC,HRL,MKC,vol_agnostic,424.9413783871432,0.06446023135091901,-0.0967633287545906,0.19898669746059217,62,1,2025-10-29
AKAM/KEYS,AKAM,KEYS,vol_agnostic,-4719.089999999976,-0.36598946922484893,-0.0967633287545906,1.2160907945645274e-11,54,1,2025-10-29
BSX/WMB,BSX,WMB,vol_agnostic,573.0926168591083,0.0531552230318818,-0.0967633287545906,0.1535440059511458,76,1,2025-10-29
FSLR/RSG,FSLR,RSG,vol_agnostic,20664.70522571274,0.9271468003317679,-0.0967633287545906,0.9999999999999711,80,1,2025-10-29
CDNS/PTC,CDNS,PTC,vol_agnostic,-469.4400000000188,-0.050078034328431165,-0.0967633287545906,0.0018585537950442227,48,1,2025-10-29
AME/WMT,AME,WMT,vol_agnostic,-8533.324410028283,-0.7771615415597525,-0.0967633287545906,1.7042681370798397e-28,76,1,2025-10-29
AON/GEN,AON,GEN,vol_agnostic,21034.61550411975,1.8119339485799593,-0.0967633287545906,0.9999999999978519,58,1,2025-10-29
HAS/YUM,HAS,YUM,fast_reentry,6734.161874059107,0.6086768473428467,-0.1045697814319194,0.9956444354112013,42,1,2025-10-29
TXT/YUM,TXT,YUM,fast_reentry,-5228.899101477726,-0.7115927836810799,-0.1045697814319194,8.370824300276078e-27,54,1,2025-10-29
CSCO/PAYC,CSCO,PAYC,fast_reentry,4924.705805435176,0.5411843406097046,-0.1045697814319194,0.9999966841613387,52,1,2025-10-29
HAS/PFE,HAS,PFE,fast_reentry,-13344.91646534946,-1.1126491020021225,-0.1045697814319194,3.0146130445696957e-09,58,1,2025-10-29
EXR/WY,EXR,WY,fast_reentry,1165.662863216961,0.17593146058308992,-0.1045697814319194,0.910481467406562,46,1,2025-10-29
EVRG/PCG,EVRG,PCG,fast_reentry,-3247.039916455998,-0.3635771709021695,-0.1045697814319194,7.889970350126877e-14,58,1,2025-10-29
ATO/PCG,ATO,PCG,fast_reentry,3224.842219814213,0.38009394293715937,-0.1045697814319194,0.9999016817334694,66,1,2025-10-29
CINF/FMC,CINF,FMC,fast_reentry,-8953.60633994801,-0.8504883046116594,-0.1045697814319194,7.706678374209446e-11,52,1,2025-10-29
HRL/MKC,HRL,MKC,fast_reentry,1153.964716710393,0.23181508920026414,-0.1045697814319194,0.9856064612932167,46,1,2025-10-29
AKAM/KEYS,AKAM,KEYS,fast_reentry,7321.259999999991,0.8975450022825758,-0.1045697814319194,0.9999986658521826,32,1,2025-10-29
BSX/WMB,BSX,WMB,fast_reentry,-23.97401013498074,-0.0026425076140502934,-0.1045697814319194,0.01550552931399478,60,1,2025-10-29
FSLR/RSG,FSLR,RSG,fast_reentry,15201.83718546517,0.6526344427052378,-0.1045697814319194,0.9997985117294417,60,1,2025-10-29
CDNS/PTC,CDNS,PTC,fast_reentry,-2369.48,-0.2665562068392221,-0.1045697814319194,1.0028571142031473e-06,44,1,2025-10-29
AME/WMT,AME,WMT,fast_reentry,4073.889499286814,0.6360617302975955,-0.1045697814319194,0.9999999880116341,52,1,2025-10-29
AON/GEN,AON,GEN,fast_reentry,9084.976557719603,1.0415134399697383,-0.1045697814319194,0.999994822956661,48,1,2025-10-29
HAS/YUM,HAS,YUM,fast_signal_tight_stop,-3673.39574993562,-0.43950921741037774,-0.1175574284550625,3.8638483982398196e-09,50,1,2025-10-29
TXT/YUM,TXT,YUM,fast_signal_tight_stop,618.2477157152196,0.09586170007293122,-0.1175574284550625,0.4179971895363118,48,1,2025-10-29
CSCO/PAYC,CSCO,PAYC,fast_signal_tight_stop,541.9826625552887,0.05169906910898205,-0.1175574284550625,0.13217111665348963,48,1,2025-10-29
HAS/PFE,HAS,PFE,fast_signal_tight_stop,11730.32070609881,0.876998785434695,-0.1175574284550625,0.9999999461199529,52,1,2025-10-29
EXR/WY,EXR,WY,fast_signal_tight_stop,2942.948349606484,0.4510003363940396,-0.1175574284550625,0.9999999942225046,62,1,2025-10-29
EVRG/PCG,EVRG,PCG,fast_signal_tight_stop,387.5988706972937,0.061967613155109645,-0.1175574284550625,0.20918624826981158,50,1,2025-10-29
ATO/PCG,ATO,PCG,fast_signal_tight_stop,9555.507246303412,1.2449020998052096,-0.1175574284550625,0.9999999994097284,50,1,2025-10-29
CINF/FMC,CINF,FMC,fast_signal_tight_stop,-4080.744005701634,-0.45738825521329946,-0.1175574284550625,2.6174095007477476e-15,48,1,2025-10-29
HRL/MKC,HRL,MKC,fast_signal_tight_stop,-1607.811969475415,-0.3219395201116871,-0.1175574284550625,6.795664752571759e-12,50,1,2025-10-29
AKAM/KEYS,AKAM,KEYS,fast_signal_tight_stop,-8719.380000000034,-0.9292209792908723,-0.1175574284550625,2.459546451236372e-06,42,1,2025-10-29
BSX/WMB,BSX,WMB,fast_signal_tight_stop,-5566.968353704678,-0.6646550744640931,-0.1175574284550625,6.893681045285911e-14,54,1,2025-10-29
FSLR/RSG,FSLR,RSG,fast_signal_tight_stop,15423.59393667844,0.7334628913384337,-0.1175574284550625,0.9989098927945343,52,1,2025-10-29
CDNS/PTC,CDNS,PTC,fast_signal_tight_stop,806.4600000000073,0.10203758580684008,-0.1175574284550625,0.4443332877702143,48,1,2025-10-29
AME/WMT,AME,WMT,fast_signal_tight_stop,-1649.556341004481,-0.23004995549322727,-0.1175574284550625,1.2623667164098783e-13,66,1,2025-10-29
AON/GEN,AON,GEN,fast_signal_tight_stop,2756.283006238738,0.45790241941931376,-0.1175574284550625,0.99999147256578,50,1,2025-10-29
HAS/YUM,HAS,YUM,aggressive,29007.38343946338,1.713620264860016,-0.1254346108820077,0.9999995064958174,74,1,2025-10-29
TXT/YUM,TXT,YUM,aggressive,-2461.580659699055,-0.17427354674762421,-0.1254346108820077,5.4626377358030987e-08,82,1,2025-10-29
CSCO/PAYC,CSCO,PAYC,aggressive,3367.248992873641,0.20076628796171897,-0.1254346108820077,0.948994126228109,72,1,2025-10-29
HAS/PFE,HAS,PFE,aggressive,7538.316907016522,0.3080262708400634,-0.1254346108820077,0.996904070952334,82,1,2025-10-29
EXR/WY,EXR,WY,aggressive,810.4204560626949,0.05807153089496507,-0.1254346108820077,0.16406308364504557,62,1,2025-10-29
EVRG/PCG,EVRG,PCG,aggressive,-35612.16972964037,-2.0217035079850376,-0.1254346108820077,1.3865327255655183e-22,62,1,2025-10-29
ATO/PCG,ATO,PCG,aggressive,-14758.96656936716,-0.9624332666487495,-0.1254346108820077,4.96936865765789e-24,66,1,2025-10-29
CINF/FMC,CINF,FMC,aggressive,-11133.98093936928,-0.5308839414381173,-0.1254346108820077,1.012924816175724e-15,62,1,2025-10-29
HRL/MKC,HRL,MKC,aggressive,7382.867310950906,0.5127724826857567,-0.1254346108820077,0.9999665032507222,76,1,2025-10-29
AKAM/KEYS,AKAM,KEYS,aggressive,23988.26000000005,1.7618715578410789,-0.1254346108820077,0.999999999642492,56,1,2025-10-29
BSX/WMB,BSX,WMB,aggressive,-13367.45711434289,-0.800543520804951,-0.1254346108820077,7.18805690046507e-29,94,1,2025-10-29
FSLR/RSG,FSLR,RSG,aggressive,20575.41515465926,0.5295246168947292,-0.1254346108820077,0.9999376439182871,84,1,2025-10-29
CDNS/PTC,CDNS,PTC,aggressive,-6901.290000000003,-0.44154972416336075,-0.1254346108820077,2.3374762027196398e-11,74,1,2025-10-29
AME/WMT,AME,WMT,aggressive,-4318.125546201329,-0.27081468283264876,-0.1254346108820077,9.240474997407735e-18,88,1,2025-10-29
AON/GEN,AON,GEN,aggressive,7578.915455303426,0.4743378359778955,-0.1254346108820077,0.9999799692943364,68,1,2025-10-29
HAS/YUM,HAS,YUM,low_entry,10909.79077140496,0.7809694412378979,-0.1313203742897587,0.9999625361829696,78,1,2025-10-29
TXT/YUM,TXT,YUM,low_entry,1328.99853782229,0.15977814229899823,-0.1313203742897587,0.823482816467523,74,1,2025-10-29
CSCO/PAYC,CSCO,PAYC,low_entry,-2789.921402893482,-0.23847248512500446,-0.1313203742897587,9.370316745750441e-08,78,1,2025-10-29
HAS/PFE,HAS,PFE,low_entry,4928.150533030916,0.31400995648378677,-0.1313203742897587,0.9962804872509528,86,1,2025-10-29
EXR/WY,EXR,WY,low_entry,3532.784240253709,0.4460521830980183,-0.1313203742897587,0.9999999991807943,80,1,2025-10-29
EVRG/PCG,EVRG,PCG,low_entry,-18459.94264144217,-1.6407460308086896,-0.1313203742897587,2.374285450591693e-15,90,1,2025-10-29
ATO/PCG,ATO,PCG,low_entry,-8221.185054197322,-0.7496852871949373,-0.1313203742897587,7.423373958765932e-27,84,1,2025-10-29
CINF/FMC,CINF,FMC,low_entry,-3555.499227087124,-0.28512571897721256,-0.1313203742897587,8.222184357292218e-10,78,1,2025-10-29
HRL/MKC,HRL,MKC,low_entry,-1644.957514139877,-0.24273762019219394,-0.1313203742897587,2.0579232887399356e-11,72,1,2025-10-29
AKAM/KEYS,AKAM,KEYS,low_entry,16105.67000000002,1.7696641301564187,-0.1313203742897587,0.9999999988812648,50,1,2025-10-29
BSX/WMB,BSX,WMB,low_entry,-5207.62861075961,-0.5050092906857675,-0.1313203742897587,2.6849939311750816e-20,90,1,2025-10-29
FSLR/RSG,FSLR,RSG,low_entry,12137.50529456453,0.4962180809371102,-0.1313203742897587,0.9996329549522702,96,1,2025-10-29
CDNS/PTC,CDNS,PTC,low_entry,-1881.050000000023,-0.18666261468159268,-0.1313203742897587,1.2402165913591152e-06,76,1,2025-10-29
AME/WMT,AME,WMT,low_entry,-3267.941294525777,-0.3215136747423515,-0.1313203742897587,1.841920482231616e-21,84,1,2025-10-29
AON/GEN,AON,GEN,low_entry,13445.98191098265,1.2672760477734684,-0.1313203742897587,0.9999999908595734,62,1,2025-10-29
HAS/YUM,HAS,YUM,high_entry,8425.630763593716,2.156712608329416,-0.3097395264826848,0.9999999340936021,16,1,2025-10-29
TXT/YUM,TXT,YUM,high_entry,-2357.693443923808,-0.4514880524468242,-0.3097395264826848,1.490617713251519e-12,24,1,2025-10-29
CSCO/PAYC,CSCO,PAYC,high_entry,5890.322578601802,0.8318192518333756,-0.3097395264826848,0.9985954811421279,14,1,2025-10-29
HAS/PFE,HAS,PFE,high_entry,10060.50832471314,1.3749860118549857,-0.3097395264826848,0.9999956769035925,28,1,2025-10-29
EXR/WY,EXR,WY,high_entry,1177.657798968994,0.24629186435067035,-0.3097395264826848,0.997675487913709,18,1,2025-10-29
EVRG/PCG,EVRG,PCG,high_entry,-2685.981038817473,-0.3697167979726762,-0.3097395264826848,2.659278080859589e-12,36,1,2025-10-29
ATO/PCG,ATO,PCG,high_entry,-8738.429702099653,-1.5609452577820222,-0.3097395264826848,6.979854250208899e-09,36,1,2025-10-29
CINF/FMC,CINF,FMC,high_entry,-5742.928579369558,-0.6452279199875749,-0.3097395264826848,1.095240783427808e-18,30,1,2025-10-29
HRL/MKC,HRL,MKC,high_entry,2369.474863709236,0.9099738836663842,-0.3097395264826848,0.9999993070179769,12,1,2025-10-29
AKAM/KEYS,AKAM,KEYS,high_entry,7037.989999999987,1.1473928059505727,-0.3097395264826848,0.9985570391815264,18,1,2025-10-29
BSX/WMB,BSX,WMB,high_entry,57.65941969085043,0.012285402765356206,-0.3097395264826848,0.0330490664778972,26,1,2025-10-29
FSLR/RSG,FSLR,RSG,high_entry,-6226.567174912639,-0.3408155495286349,-0.3097395264826848,4.183760156657807e-08,20,1,2025-10-29
CDNS/PTC,CDNS,PTC,high_entry,7201.239999999983,1.0299606369338168,-0.3097395264826848,0.9999922093625769,18,1,2025-10-29
AME/WMT,AME,WMT,high_entry,-1012.897051483696,-0.36257345732350493,-0.3097395264826848,1.2283264752213897e-09,18,1,2025-10-29
AON/GEN,AON,GEN,high_entry,-96.2735920930636,-0.013164247428924986,-0.3097395264826848,0.008486187496461028,22,1,2025-10-29
HAS/YUM,HAS,YUM,high_turnover,4643.458356817805,0.5799749167989853,-0.3389848156567549,0.9999999995127624,76,1,2025-10-29
TXT/YUM,TXT,YUM,high_turnover,334.9650684019856,0.03636338198507481,-0.3389848156567549,0.0887972503644412,70,1,2025-10-29
CSCO/PAYC,CSCO,PAYC,high_turnover,-4694.12651141899,-0.4607319686711276,-0.3389848156567549,9.76184043652522e-20,74,1,2025-10-29
HAS/PFE,HAS,PFE,high_turnover,-869.6893890594993,-0.07701421229028446,-0.3389848156567549,0.0008326961891759987,66,1,2025-10-29
EXR/WY,EXR,WY,high_turnover,4114.613669818683,0.5625406126276542,-0.3389848156567549,0.9999999999997243,70,1,2025-10-29
EVRG/PCG,EVRG,PCG,high_turnover,-4550.703168402422,-0.7200923172856145,-0.3389848156567549,6.05417093381345e-14,58,1,2025-10-29
ATO/PCG,ATO,PCG,high_turnover,-426.7660832272431,-0.061916204606162574,-0.3389848156567549,0.00018104268906676268,62,1,2025-10-29
CINF/FMC,CINF,FMC,high_turnover,2713.402038304535,0.20544518058343839,-0.3389848156567549,0.9687992243202891,70,1,2025-10-29
HRL/MKC,HRL,MKC,high_turnover,8134.206741149263,0.9310285277613375,-0.3389848156567549,0.9996768716432765,72,1,2025-10-29
AKAM/KEYS,AKAM,KEYS,high_turnover,2862.359999999977,0.44608564101027876,-0.3389848156567549,0.9999998722660607,62,1,2025-10-29
BSX/WMB,BSX,WMB,high_turnover,2065.906236380861,0.20958753792248072,-0.3389848156567549,0.9282317720655606,78,1,2025-10-29
FSLR/RSG,FSLR,RSG,high_turnover,18534.8819744766,0.87794645354246,-0.3389848156567549,0.9994428298685222,72,1,2025-10-29
CDNS/PTC,CDNS,PTC,high_turnover,-15904.71000000002,-1.2402351292686487,-0.3389848156567549,2.0973027017563226e-05,70,1,2025-10-29
AME/WMT,AME,WMT,high_turnover,-8232.704356392289,-1.051478942471375,-0.3389848156567549,5.033089226737062e-13,76,1,2025-10-29
AON/GEN,AON,GEN,high_turnover,1067.29501818584,0.13460377932785172,-0.3389848156567549,0.6841557264304603,62,1,2025-10-29
HAS/YUM,HAS,YUM,deep_dislocation,15323.2357739195,2.1800391705530715,-0.3720000039886654,0.9999999999968349,18,1,2025-10-29
TXT/YUM,TXT,YUM,deep_dislocation,-1430.505869407092,-0.15048828418717258,-0.3720000039886654,2.4884452924492516e-06,24,1,2025-10-29
CSCO/PAYC,CSCO,PAYC,deep_dislocation,6512.945418624142,0.6018578783299989,-0.3720000039886654,0.9992381363118478,14,1,2025-10-29
HAS/PFE,HAS,PFE,deep_dislocation,-525.8392619257775,-0.03514094433186597,-0.3720000039886654,0.00041083787138205776,20,1,2025-10-29
EXR/WY,EXR,WY,deep_dislocation,229.7492306234226,0.029354107129540622,-0.3720000039886654,0.05893201068588517,12,1,2025-10-29
EVRG/PCG,EVRG,PCG,deep_dislocation,-13066.04025291628,-0.9900942424385732,-0.3720000039886654,3.0489614615783357e-28,28,1,2025-10-29
ATO/PCG,ATO,PCG,deep_dislocation,-3545.149338090283,-0.29062019526240934,-0.3720000039886654,1.0125749480496733e-12,26,1,2025-10-29
CINF/FMC,CINF,FMC,deep_dislocation,-21125.92312170602,-1.381466201161379,-0.3720000039886654,7.372308144506907e-24,32,1,2025-10-29
HRL/MKC,HRL,MKC,deep_dislocation,2856.739607706506,0.6015122046377385,-0.3720000039886654,0.9999779417940076,10,1,2025-10-29
AKAM/KEYS,AKAM,KEYS,deep_dislocation,11497.55999999997,1.1809012048022487,-0.3720000039886654,0.9993142215159918,8,1,2025-10-29
BSX/WMB,BSX,WMB,deep_dislocation,-966.5495974269111,-0.10282206812421565,-0.3720000039886654,3.8765922903576125e-05,28,1,2025-10-29
FSLR/RSG,FSLR,RSG,deep_dislocation,-14574.3527320114,-0.5280704995266623,-0.3720000039886654,2.39690057465026e-07,22,1,2025-10-29
CDNS/PTC,CDNS,PTC,deep_dislocation,18235.33999999997,1.4443121479178156,-0.3720000039886654,0.9999869223214821,16,1,2025-10-29
AME/WMT,AME,WMT,deep_dislocation,5187.708260366619,0.8723045146959426,-0.3720000039886654,0.9999999999997029,16,1,2025-10-29
AON/GEN,AON,GEN,deep_dislocation,618.1815449371502,0.05680181981119358,-0.3720000039886654,0.19929614336569906,22,1,2025-10-29
HAS/YUM,HAS,YUM,long_z_short_v,1915.914351279865,0.3233952896536614,-0.4055553045083535,0.9998102304387392,40,1,2025-10-29
TXT/YUM,TXT,YUM,long_z_short_v,-4100.814856623374,-0.581606727803131,-0.4055553045083535,9.575630390734665e-18,34,1,2025-10-29
CSCO/PAYC,CSCO,PAYC,long_z_short_v,6506.676104895521,1.0075938881109086,-0.4055553045083535,0.9999999999951554,38,1,2025-10-29
HAS/PFE,HAS,PFE,long_z_short_v,8433.347399799994,0.9255085499738974,-0.4055553045083535,0.9999999868805661,28,1,2025-10-29
EXR/WY,EXR,WY,long_z_short_v,3612.04786079294,0.5691125648077978,-0.4055553045083535,0.9999999999820343,32,1,2025-10-29
EVRG/PCG,EVRG,PCG,long_z_short_v,-18580.71423137571,-2.1700105267969425,-0.4055553045083535,3.1123967379341615e-21,34,1,2025-10-29
ATO/PCG,ATO,PCG,long_z_short_v,-10244.78458551931,-1.109954370023601,-0.4055553045083535,3.2720640476797944e-25,30,1,2025-10-29
CINF/FMC,CINF,FMC,long_z_short_v,11729.38513547204,1.0091769593483213,-0.4055553045083535,0.9999999999999827,42,1,2025-10-29
HRL/MKC,HRL,MKC,long_z_short_v,1176.930059968215,0.23476322683041345,-0.4055553045083535,0.9884386796511188,30,1,2025-10-29
AKAM/KEYS,AKAM,KEYS,long_z_short_v,9520.509999999967,1.2669143898700537,-0.4055553045083535,0.9999898459822837,24,1,2025-10-29
BSX/WMB,BSX,WMB,long_z_short_v,22.06629116777958,0.0027591830551226475,-0.4055553045083535,0.021017940789908,48,1,2025-10-29
FSLR/RSG,FSLR,RSG,long_z_short_v,-3239.490118094905,-0.1976851934409305,-0.4055553045083535,3.1390431868489207e-13,26,1,2025-10-29
CDNS/PTC,CDNS,PTC,long_z_short_v,7005.179999999971,0.8438255109484881,-0.4055553045083535,0.9999999985176357,30,1,2025-10-29
AME/WMT,AME,WMT,long_z_short_v,1211.777191439965,0.16663853266076809,-0.4055553045083535,0.8122394132523916,42,1,2025-10-29
AON/GEN,AON,GEN,long_z_short_v,-5851.269410605495,-0.7399619653080443,-0.4055553045083535,2.1724270215047917e-12,30,1,2025-10-29
HAS/YUM,HAS,YUM,high_leverage,8401.586046480323,0.5179571958663483,-0.4501073458425614,0.9919342737433254,40,1,2025-10-29
TXT/YUM,TXT,YUM,high_leverage,-5325.543087200224,-0.46191403346031557,-0.4501073458425614,1.8078615723190097e-18,50,1,2025-10-29
CSCO/PAYC,CSCO,PAYC,high_leverage,7701.6193616933,0.5679277393502604,-0.4501073458425614,0.9999983632609635,52,1,2025-10-29
HAS/PFE,HAS,PFE,high_leverage,-19640.88699950939,-1.0762051697704649,-0.4501073458425614,1.4762679358903373e-10,46,1,2025-10-29
EXR/WY,EXR,WY,high_leverage,3397.403432486208,0.268021956575951,-0.4501073458425614,0.9996719784744195,46,1,2025-10-29
EVRG/PCG,EVRG,PCG,high_leverage,-16546.21134628627,-1.2550378255347627,-0.4501073458425614,2.3685220083235303e-21,46,1,2025-10-29
ATO/PCG,ATO,PCG,high_leverage,-8212.260944944028,-0.6702749900759791,-0.4501073458425614,5.957455096181556e-20,40,1,2025-10-29
CINF/FMC,CINF,FMC,high_leverage,-9389.13823736785,-0.5355412535735691,-0.4501073458425614,5.791339779811785e-12,38,1,2025-10-29
HRL/MKC,HRL,MKC,high_leverage,2374.517628988682,0.3150826259775067,-0.4501073458425614,0.9997467758304238,44,1,2025-10-29
AKAM/KEYS,AKAM,KEYS,high_leverage,7352.259999999981,0.6876992202810563,-0.4501073458425614,0.9999467894713632,28,1,2025-10-29
BSX/WMB,BSX,WMB,high_leverage,-75.78211361672129,-0.005323619676709056,-0.4501073458425614,0.01336901133419311,56,1,2025-10-29
FSLR/RSG,FSLR,RSG,high_leverage,23164.59891682039,0.694294273015059,-0.4501073458425614,0.9997584764989961,54,1,2025-10-29
CDNS/PTC,CDNS,PTC,high_leverage,-7278.649999999999,-0.5803812503781405,-0.4501073458425614,4.827857812254862e-08,38,1,2025-10-29
AME/WMT,AME,WMT,high_leverage,3908.455929985223,0.422608537183027,-0.4501073458425614,0.9999768782864799,44,1,2025-10-29
AON/GEN,AON,GEN,high_leverage,3897.450818768726,0.330936958401629,-0.4501073458425614,0.987344976734613,36,1,2025-10-29
HAS/YUM,HAS,YUM,slow_reentry,5287.802701530774,0.4877062930386786,-0.487580194546079,0.9895740940963114,36,1,2025-10-29
TXT/YUM,TXT,YUM,slow_reentry,-1715.804746271384,-0.2526256900246414,-0.487580194546079,2.791307346646676e-11,46,1,2025-10-29
CSCO/PAYC,CSCO,PAYC,slow_reentry,13826.05673435316,1.6445319378533438,-0.487580194546079,0.999993048882225,46,1,2025-10-29
HAS/PFE,HAS,PFE,slow_reentry,-15450.90440448026,-1.3727441277481487,-0.487580194546079,4.927495134856445e-07,36,1,2025-10-29
EXR/WY,EXR,WY,slow_reentry,825.6920256249996,0.10382130452809823,-0.487580194546079,0.4595788559358597,42,1,2025-10-29
EVRG/PCG,EVRG,PCG,slow_reentry,-2375.324360004505,-0.3413533706788889,-0.487580194546079,5.821303272595244e-11,36,1,2025-10-29
ATO/PCG,ATO,PCG,slow_reentry,-3220.230427547718,-0.5360781003521663,-0.487580194546079,8.804085011384021e-15,36,1,2025-10-29
CINF/FMC,CINF,FMC,slow_reentry,-5563.857727247265,-0.5670444354309414,-0.487580194546079,1.5860522300927416e-08,34,1,2025-10-29
HRL/MKC,HRL,MKC,slow_reentry,-630.7798121131283,-0.14959632322180644,-0.487580194546079,5.7055600790542e-07,42,1,2025-10-29
AKAM/KEYS,AKAM,KEYS,slow_reentry,3427.4,0.4863797417260373,-0.487580194546079,0.999743921349276,26,1,2025-10-29
BSX/WMB,BSX,WMB,slow_reentry,5403.680553366876,0.6401211047367432,-0.487580194546079,0.9998119946173332,48,1,2025-10-29
FSLR/RSG,FSLR,RSG,slow_reentry,8652.303558267533,0.3961621480984547,-0.487580194546079,0.9930239879213965,46,1,2025-10-29
CDNS/PTC,CDNS,PTC,slow_reentry,-3733.630000000013,-0.4396899583041957,-0.487580194546079,1.730831373221619e-07,40,1,2025-10-29
AME/WMT,AME,WMT,slow_reentry,1116.207077873984,0.19292630376632336,-0.487580194546079,0.9196801917829152,40,1,2025-10-29
AON/GEN,AON,GEN,slow_reentry,-648.7572606152552,-0.08608276236737371,-0.487580194546079,8.155590920527695e-06,32,1,2025-10-29
HAS/YUM,HAS,YUM,balanced_plus,8911.128013855636,1.1318762420405093,-0.4896114328109484,0.9999999898255676,50,1,2025-10-29
TXT/YUM,TXT,YUM,balanced_plus,-2613.3778976858,-0.3219625101537662,-0.4896114328109484,7.806435255944869e-18,54,1,2025-10-29
CSCO/PAYC,CSCO,PAYC,balanced_plus,1883.876828516009,0.1839521091110683,-0.4896114328109484,0.9006710538600244,46,1,2025-10-29
HAS/PFE,HAS,PFE,balanced_plus,-6055.030136218885,-0.4969881886192572,-0.4896114328109484,3.581347368392295e-14,52,1,2025-10-29
EXR/WY,EXR,WY,balanced_plus,1357.511162789096,0.19458554045788354,-0.4896114328109484,0.9569786291664703,42,1,2025-10-29
EVRG/PCG,EVRG,PCG,balanced_plus,-4845.906112360104,-0.6172809439309768,-0.4896114328109484,5.057372176442349e-15,52,1,2025-10-29
ATO/PCG,ATO,PCG,balanced_plus,-8339.974728969257,-1.1258187579741565,-0.4896114328109484,2.0935220667020305e-22,52,1,2025-10-29
CINF/FMC,CINF,FMC,balanced_plus,-3024.446520515739,-0.2863859477066844,-0.4896114328109484,8.385773618036623e-08,40,1,2025-10-29
HRL/MKC,HRL,MKC,balanced_plus,472.6669913122062,0.0957684523881115,-0.4896114328109484,0.40777573100957504,40,1,2025-10-29
AKAM/KEYS,AKAM,KEYS,balanced_plus,10008.70999999999,1.2963059876219851,-0.4896114328109484,0.9999981756265154,38,1,2025-10-29
BSX/WMB,BSX,WMB,balanced_plus,1536.862526653646,0.19699562003559584,-0.4896114328109484,0.9374079006234829,62,1,2025-10-29
FSLR/RSG,FSLR,RSG,balanced_plus,3272.824349577636,0.15191554803730453,-0.4896114328109484,0.7217351923148813,48,1,2025-10-29
CDNS/PTC,CDNS,PTC,balanced_plus,2463.029999999966,0.27578106010546893,-0.4896114328109484,0.9989409207552109,46,1,2025-10-29
AME/WMT,AME,WMT,balanced_plus,-3247.417221239394,-0.3897394238227857,-0.4896114328109484,6.883773740386996e-21,54,1,2025-10-29
AON/GEN,AON,GEN,balanced_plus,3502.325296429665,0.43689839255256774,-0.4896114328109484,0.9999997878397598,42,1,2025-10-29
HAS/YUM,HAS,YUM,symmetric_exit,6179.403739080703,1.137828166943567,-0.4962027410780594,0.999999999989943,30,1,2025-10-29
TXT/YUM,TXT,YUM,symmetric_exit,223.2981218905043,0.038486401123255236,-0.4962027410780594,0.08976041259843248,36,1,2025-10-29
CSCO/PAYC,CSCO,PAYC,symmetric_exit,6546.568839302539,0.8474779882819223,-0.4962027410780594,0.9998456345749991,30,1,2025-10-29
HAS/PFE,HAS,PFE,symmetric_exit,-14695.32019425473,-1.2444727569645615,-0.4962027410780594,9.253314903301622e-09,42,1,2025-10-29
EXR/WY,EXR,WY,symmetric_exit,1135.474437193444,0.21327450001325754,-0.4962027410780594,0.9815835654610979,40,1,2025-10-29
EVRG/PCG,EVRG,PCG,symmetric_exit,2147.657462307737,0.2833853447662703,-0.4962027410780594,0.9902969175809344,46,1,2025-10-29
ATO/PCG,ATO,PCG,symmetric_exit,-7865.796653353253,-1.323647826126721,-0.4962027410780594,4.088613726934751e-11,50,1,2025-10-29
CINF/FMC,CINF,FMC,symmetric_exit,-2319.391670826668,-0.22815450889116495,-0.4962027410780594,7.328255053880856e-07,38,1,2025-10-29
HRL/MKC,HRL,MKC,symmetric_exit,-287.0096342646143,-0.09130046695556389,-0.4962027410780594,0.00017858124448923214,30,1,2025-10-29
AKAM/KEYS,AKAM,KEYS,symmetric_exit,6550.979999999987,0.9991854536573972,-0.4962027410780594,0.9995288533489214,20,1,2025-10-29
BSX/WMB,BSX,WMB,symmetric_exit,3340.407564989288,0.6398132935409838,-0.4962027410780594,0.9999999019004574,38,1,2025-10-29
FSLR/RSG,FSLR,RSG,symmetric_exit,9634.464580677062,0.47251127273040416,-0.4962027410780594,0.9928390437883821,38,1,2025-10-29
CDNS/PTC,CDNS,PTC,symmetric_exit,1122.469999999981,0.1481342684168066,-0.4962027410780594,0.8241432091150583,36,1,2025-10-29
AME/WMT,AME,WMT,symmetric_exit,-4276.480032454975,-0.8187762819813303,-0.4962027410780594,1.230440097184264e-15,34,1,2025-10-29
AON/GEN,AON,GEN,symmetric_exit,291.9697169343742,0.038119302706240796,-0.4962027410780594,0.09894161471011281,34,1,2025-10-29
HAS/YUM,HAS,YUM,default,6391.698345356172,0.5868773946784688,-0.6096290222994124,0.994450964282305,40,1,2025-10-29
TXT/YUM,TXT,YUM,default,-3809.865906404826,-0.5464158698350298,-0.6096290222994124,9.905892705976972e-22,48,1,2025-10-29
CSCO/PAYC,CSCO,PAYC,default,5375.927591426616,0.5953252251012079,-0.6096290222994124,0.9999973598238584,52,1,2025-10-29
HAS/PFE,HAS,PFE,default,-15285.14749388555,-1.261360564294188,-0.6096290222994124,1.2486294904546748e-09,50,1,2025-10-29
EXR/WY,EXR,WY,default,1473.846065224889,0.17791147217245204,-0.6096290222994124,0.9440967436040683,46,1,2025-10-29
EVRG/PCG,EVRG,PCG,default,-6822.608640451075,-0.8610398052311367,-0.6096290222994124,1.568589408604021e-14,54,1,2025-10-29
ATO/PCG,ATO,PCG,default,-4769.101498939548,-0.6566522637606343,-0.6096290222994124,4.412346791493924e-16,48,1,2025-10-29
CINF/FMC,CINF,FMC,default,-105.2783869982964,-0.009433241175253715,-0.6096290222994124,0.011721427828531783,42,1,2025-10-29
HRL/MKC,HRL,MKC,default,289.6097743696173,0.0670683911905259,-0.6096290222994124,0.2192081376846432,44,1,2025-10-29
AKAM/KEYS,AKAM,KEYS,default,3622.369999999991,0.4993975205152086,-0.6096290222994124,0.9999048842458533,34,1,2025-10-29
BSX/WMB,BSX,WMB,default,529.3177029295671,0.05757229812685944,-0.6096290222994124,0.18482303170861136,58,1,2025-10-29
FSLR/RSG,FSLR,RSG,default,12950.6683542998,0.5711928030953624,-0.6096290222994124,0.9993729397332819,54,1,2025-10-29
CDNS/PTC,CDNS,PTC,default,-3965.109999999994,-0.46207543413228686,-0.6096290222994124,6.396198275861444e-08,42,1,2025-10-29
AME/WMT,AME,WMT,default,92.53823243511306,0.01604863255708542,-0.6096290222994124,0.03892056428416431,44,1,2025-10-29
AON/GEN,AON,GEN,default,2663.621766792775,0.35645261972190373,-0.6096290222994124,0.9863407728711316,38,1,2025-10-29
HAS/YUM,HAS,YUM,quick_exit,3503.201095778108,0.3309025459341371,-0.6676757838979992,0.9639960227385161,44,1,2025-10-29
TXT/YUM,TXT,YUM,quick_exit,-1081.092492316882,-0.19854889778019896,-0.6676757838979992,2.1928169116712627e-08,52,1,2025-10-29
CSCO/PAYC,CSCO,PAYC,quick_exit,9683.664625583093,1.1757421039243003,-0.6676757838979992,0.99999603118009,46,1,2025-10-29
HAS/PFE,HAS,PFE,quick_exit,-3475.65540634763,-0.4835824448396224,-0.6676757838979992,8.275948200070694e-14,46,1,2025-10-29
EXR/WY,EXR,WY,quick_exit,6806.27583994077,0.9591138821210765,-0.6676757838979992,0.9999990446635357,44,1,2025-10-29
EVRG/PCG,EVRG,PCG,quick_exit,-3854.855384887322,-0.5581401355599848,-0.6676757838979992,2.0466381295326651e-13,58,1,2025-10-29
ATO/PCG,ATO,PCG,quick_exit,-2678.591854882072,-0.3772237283704573,-0.6676757838979992,2.4871175563430146e-12,56,1,2025-10-29
CINF/FMC,CINF,FMC,quick_exit,-7539.763981085447,-1.1241846307247034,-0.6676757838979992,2.686942335648415e-16,44,1,2025-10-29
HRL/MKC,HRL,MKC,quick_exit,-1152.202876837763,-0.3016429551978348,-0.6676757838979992,2.3020561093140785e-11,40,1,2025-10-29
AKAM/KEYS,AKAM,KEYS,quick_exit,-2479.29,-0.49773889892375917,-0.6676757838979992,1.3027509219346916e-17,34,1,2025-10-29
BSX/WMB,BSX,WMB,quick_exit,5455.48573748981,0.6485877379401632,-0.6676757838979992,0.9998817124090659,60,1,2025-10-29
FSLR/RSG,FSLR,RSG,quick_exit,-452.3249130643403,-0.02196941743277009,-0.6676757838979992,0.004050701381510387,48,1,2025-10-29
CDNS/PTC,CDNS,PTC,quick_exit,-5613.240000000001,-0.6321633360395181,-0.6676757838979992,1.7438490754778807e-09,46,1,2025-10-29
AME/WMT,AME,WMT,quick_exit,-2622.228116001229,-0.5319533080091928,-0.6676757838979992,8.30300598784693e-17,44,1,2025-10-29
AON/GEN,AON,GEN,quick_exit,3717.36790381645,0.5765071580307377,-0.6676757838979992,0.9999998497840115,44,1,2025-10-29
HAS/YUM,HAS,YUM,tight_stop,4135.067199535735,0.39303491941900975,-0.8235675713442405,0.9790261068488866,44,1,2025-10-29
TXT/YUM,TXT,YUM,tight_stop,-1365.575629927658,-0.24358937292130664,-0.8235675713442405,5.966074325375807e-10,52,1,2025-10-29
CSCO/PAYC,CSCO,PAYC,tight_stop,7715.599373143732,0.9910827078844496,-0.8235675713442405,0.9999829638059183,46,1,2025-10-29
HAS/PFE,HAS,PFE,tight_stop,-11071.31283458471,-1.107404695686893,-0.8235675713442405,4.891352973116536e-06,48,1,2025-10-29
EXR/WY,EXR,WY,tight_stop,5186.99200796352,0.7886502986139767,-0.8235675713442405,0.9999872617595835,44,1,2025-10-29
EVRG/PCG,EVRG,PCG,tight_stop,-7139.128531857352,-1.030941198536911,-0.8235675713442405,4.878044063194436e-12,58,1,2025-10-29
ATO/PCG,ATO,PCG,tight_stop,-1372.130069889229,-0.19223484246965,-0.8235675713442405,2.1015039682623825e-08,54,1,2025-10-29
CINF/FMC,CINF,FMC,tight_stop,-5703.644503965446,-0.7659079527004117,-0.8235675713442405,1.570347225249788e-14,44,1,2025-10-29
HRL/MKC,HRL,MKC,tight_stop,-698.0469770254028,-0.175134127114785,-0.8235675713442405,5.555078228619494e-08,42,1,2025-10-29
AKAM/KEYS,AKAM,KEYS,tight_stop,-1371.650000000011,-0.2841530869351763,-0.8235675713442405,2.0060693167644027e-14,34,1,2025-10-29
BSX/WMB,BSX,WMB,tight_stop,6084.149361428374,0.7291858639875786,-0.8235675713442405,0.999933336748443,60,1,2025-10-29
FSLR/RSG,FSLR,RSG,tight_stop,-1841.679499932167,-0.0903912630212007,-0.8235675713442405,3.6904686528838516e-06,48,1,2025-10-29
CDNS/PTC,CDNS,PTC,tight_stop,-3896.960000000002,-0.4683308154925712,-0.8235675713442405,1.040562697543076e-07,44,1,2025-10-29
AME/WMT,AME,WMT,tight_stop,-923.6920543501496,-0.18155316496911164,-0.8235675713442405,2.888365563318978e-08,46,1,2025-10-29
AON/GEN,AON,GEN,tight_stop,3444.688948039799,0.5370274760591518,-0.8235675713442405,0.9999997929838718,44,1,2025-10-29
HAS/YUM,HAS,YUM,flash_hold,8168.37078924713,1.6289112619847743,-0.8273841956877561,1.0,104,1,2025-10-29
TXT/YUM,TXT,YUM,flash_hold,243.606594883483,0.05018712270703857,-0.8273841956877561,0.1314127252852837,102,1,2025-10-29
CSCO/PAYC,CSCO,PAYC,flash_hold,-3471.849296350341,-0.6399145294546369,-0.8273841956877561,9.243027262659925e-24,106,1,2025-10-29
HAS/PFE,HAS,PFE,flash_hold,1816.529580171817,0.23785829773992725,-0.8273841956877561,0.9654323542843565,118,1,2025-10-29
EXR/WY,EXR,WY,flash_hold,3608.473232427602,0.8341262968295422,-0.8273841956877561,1.0,130,1,2025-10-29
EVRG/PCG,EVRG,PCG,flash_hold,-8484.372390076313,-1.469855582451626,-0.8273841956877561,4.213745892095027e-20,144,1,2025-10-29
ATO/PCG,ATO,PCG,flash_hold,-674.494073777078,-0.13281961209754492,-0.8273841956877561,2.659387279703676e-06,132,1,2025-10-29
CINF/FMC,CINF,FMC,flash_hold,-567.3097625490241,-0.08688633798987046,-0.8273841956877561,0.00012012645749491173,118,1,2025-10-29
HRL/MKC,HRL,MKC,flash_hold,987.8967787947503,0.1972265587882765,-0.8273841956877561,0.9823774212624141,116,1,2025-10-29
AKAM/KEYS,AKAM,KEYS,flash_hold,1479.60000000002,0.2710214783314299,-0.8273841956877561,0.9556365835120185,82,1,2025-10-29
BSX/WMB,BSX,WMB,flash_hold,-2850.312758174201,-0.4887847979106669,-0.8273841956877561,9.754214859665763e-27,136,1,2025-10-29
FSLR/RSG,FSLR,RSG,flash_hold,12032.90694764031,1.1479125866512463,-0.8273841956877561,0.9999999999999708,96,1,2025-10-29
CDNS/PTC,CDNS,PTC,flash_hold,-5967.719999999988,-0.8147614351516362,-0.8273841956877561,7.908477634291339e-09,102,1,2025-10-29
AME/WMT,AME,WMT,flash_hold,-1302.044336743369,-0.23953388583888954,-0.8273841956877561,1.32734906024203e-14,120,1,2025-10-29
AON/GEN,AON,GEN,flash_hold,-1518.688880089268,-0.23448377122496272,-0.8273841956877561,3.4620079087916996e-10,116,1,2025-10-29
HAS/YUM,HAS,YUM,no_leverage,3244.002489757975,0.595182312061842,-1.2299463417839172,0.994814599471123,40,1,2025-10-29
TXT/YUM,TXT,YUM,no_leverage,-1880.122514620632,-0.5380258685681928,-1.2299463417839172,1.7286719708212126e-21,48,1,2025-10-29
CSCO/PAYC,CSCO,PAYC,no_leverage,2685.718917139785,0.593827311447191,-1.2299463417839172,0.9999974575108891,52,1,2025-10-29
HAS/PFE,HAS,PFE,no_leverage,-7623.228699067091,-1.2546779497364353,-1.2299463417839172,1.37377582000604e-09,50,1,2025-10-29
EXR/WY,EXR,WY,no_leverage,745.2244461149849,0.17959881992586602,-1.2299463417839172,0.9482046107180462,46,1,2025-10-29
EVRG/PCG,EVRG,PCG,no_leverage,-3418.920519663845,-0.8618269573958085,-1.2299463417839172,1.3986732445853773e-14,54,1,2025-10-29
ATO/PCG,ATO,PCG,no_leverage,-2366.488785299464,-0.6511717798443998,-1.2299463417839172,4.1605147077373505e-16,48,1,2025-10-29
CINF/FMC,CINF,FMC,no_leverage,-23.13875120365537,-0.0041415124688300034,-1.2299463417839172,0.014939196384249958,42,1,2025-10-29
HRL/MKC,HRL,MKC,no_leverage,130.2758437220582,0.06031482065645651,-1.2299463417839172,0.18283419680682278,44,1,2025-10-29
AKAM/KEYS,AKAM,KEYS,no_leverage,1842.549999999991,0.5062359650421738,-1.2299463417839172,0.9999046688937148,34,1,2025-10-29
BSX/WMB,BSX,WMB,no_leverage,264.7789642259979,0.057614255081139286,-1.2299463417839172,0.18499398765939734,58,1,2025-10-29
FSLR/RSG,FSLR,RSG,no_leverage,6423.749390618804,0.5666197939018157,-1.2299463417839172,0.9993096657628904,54,1,2025-10-29
CDNS/PTC,CDNS,PTC,no_leverage,-1977.229999999998,-0.46037687667418153,-1.2299463417839172,7.05866217846965e-08,42,1,2025-10-29
AME/WMT,AME,WMT,no_leverage,53.00178511128797,0.018359075777486883,-1.2299463417839172,0.04310479841024215,44,1,2025-10-29
AON/GEN,AON,GEN,no_leverage,1364.181588109914,0.36338504705223523,-1.2299463417839172,0.9876585389756497,38,1,2025-10-29
HAS/YUM,HAS,YUM,high_vol_specialist,8120.039654796041,1.4002983453332511,-1.3653525052842297,0.9999999999999997,34,1,2025-10-29
TXT/YUM,TXT,YUM,high_vol_specialist,-6807.415633424522,-0.9042046808289946,-1.3653525052842297,9.720867221318444e-18,34,1,2025-10-29
CSCO/PAYC,CSCO,PAYC,high_vol_specialist,7437.723213695241,0.9013522186815485,-1.3653525052842297,0.9999897041426632,30,1,2025-10-29
HAS/PFE,HAS,PFE,high_vol_specialist,107.0312585819265,0.00849161305071788,-1.3653525052842297,0.029119311992368724,40,1,2025-10-29
EXR/WY,EXR,WY,high_vol_specialist,6177.817742996691,0.9637211779409681,-1.3653525052842297,1.0,28,1,2025-10-29
EVRG/PCG,EVRG,PCG,high_vol_specialist,-13833.35655604072,-1.1579285196345381,-1.3653525052842297,1.4959853295359377e-25,46,1,2025-10-29
ATO/PCG,ATO,PCG,high_vol_specialist,-4915.820598787288,-0.46782619182246094,-1.3653525052842297,3.1845142624910844e-26,48,1,2025-10-29
CINF/FMC,CINF,FMC,high_vol_specialist,-9509.991651193837,-0.9062838508408428,-1.3653525052842297,3.111157449805859e-28,22,1,2025-10-29
HRL/MKC,HRL,MKC,high_vol_specialist,4313.366474738026,0.8569569177406863,-1.3653525052842297,1.0,26,1,2025-10-29
AKAM/KEYS,AKAM,KEYS,high_vol_specialist,-13340.16000000001,-1.154576763345419,-1.3653525052842297,2.2652006831678465e-05,30,1,2025-10-29
BSX/WMB,BSX,WMB,high_vol_specialist,3423.037087736442,0.4951019212414861,-1.3653525052842297,0.9999999991505168,34,1,2025-10-29
FSLR/RSG,FSLR,RSG,high_vol_specialist,-15452.29213848887,-0.8463081961819432,-1.3653525052842297,1.0232720301217042e-06,42,1,2025-10-29
CDNS/PTC,CDNS,PTC,high_vol_specialist,1102.159999999973,0.14793749631857767,-1.3653525052842297,0.7922503154432439,32,1,2025-10-29
AME/WMT,AME,WMT,high_vol_specialist,-8422.75309076889,-1.0376464590702152,-1.3653525052842297,1.0830154478658737e-11,36,1,2025-10-29
AON/GEN,AON,GEN,high_vol_specialist,7912.983462731414,0.7938520604227084,-1.3653525052842297,0.9999992690811786,32,1,2025-10-29
HAS/YUM,HAS,YUM,short_z_long_v,4232.401724390162,0.47089132315476484,-1.478196216450257,0.9996072997938352,44,1,2025-10-29
TXT/YUM,TXT,YUM,short_z_long_v,-13379.78013523744,-1.6557451013285138,-1.478196216450257,1.4266722771403998e-09,50,1,2025-10-29
CSCO/PAYC,CSCO,PAYC,short_z_long_v,-5072.283275125909,-0.5285947378812167,-1.478196216450257,2.7601403758043523e-07,42,1,2025-10-29
HAS/PFE,HAS,PFE,short_z_long_v,-1652.812555437828,-0.14774935474471143,-1.478196216450257,4.44821148554995e-05,44,1,2025-10-29
EXR/WY,EXR,WY,short_z_long_v,6005.085146463769,0.898452062806558,-1.478196216450257,1.0,50,1,2025-10-29
EVRG/PCG,EVRG,PCG,short_z_long_v,-1742.340122827168,-0.21000283295347608,-1.478196216450257,6.509185111935705e-09,60,1,2025-10-29
ATO/PCG,ATO,PCG,short_z_long_v,-10439.13225285397,-1.2316811548107613,-1.478196216450257,1.356633018935972e-20,70,1,2025-10-29
CINF/FMC,CINF,FMC,short_z_long_v,-18505.79918410938,-0.8975977167464985,-1.478196216450257,0.0008590577214097137,36,1,2025-10-29
HRL/MKC,HRL,MKC,short_z_long_v,757.2810529922705,0.1628579455329515,-1.478196216450257,0.8601492336570749,44,1,2025-10-29
AKAM/KEYS,AKAM,KEYS,short_z_long_v,-7742.029999999998,-0.6627777943318623,-1.478196216450257,2.531175517728207e-07,52,1,2025-10-29
BSX/WMB,BSX,WMB,short_z_long_v,-5068.982522032117,-0.5767907741075502,-1.478196216450257,4.107597173122333e-18,58,1,2025-10-29
FSLR/RSG,FSLR,RSG,short_z_long_v,7894.591292755323,0.41195252876330357,-1.478196216450257,0.9850475723758125,60,1,2025-10-29
CDNS/PTC,CDNS,PTC,short_z_long_v,1347.790000000013,0.1874895981730076,-1.478196216450257,0.9305716647092989,48,1,2025-10-29
AME/WMT,AME,WMT,short_z_long_v,-11628.11670280255,-1.431971559607851,-1.478196216450257,4.6400472318429565e-11,48,1,2025-10-29
AON/GEN,AON,GEN,short_z_long_v,11065.49694718159,1.2715621349779445,-1.478196216450257,0.9999999873855497,48,1,2025-10-29
HAS/YUM,HAS,YUM,slow_signal,2458.393597129171,0.46613831435128156,-1.5179738277732178,0.9999999756256316,38,1,2025-10-29
TXT/YUM,TXT,YUM,slow_signal,-6537.710570174645,-0.9677077101519307,-1.5179738277732178,2.13885347077256e-15,34,1,2025-10-29
CSCO/PAYC,CSCO,PAYC,slow_signal,7765.554203380667,0.9277478340523743,-1.5179738277732178,0.999985136738606,32,1,2025-10-29
HAS/PFE,HAS,PFE,slow_signal,11048.04315724814,1.0073273322072163,-1.5179738277732178,0.9999991978081867,36,1,2025-10-29
EXR/WY,EXR,WY,slow_signal,4216.013731215559,0.799890387137428,-1.5179738277732178,0.999999999999635,26,1,2025-10-29
EVRG/PCG,EVRG,PCG,slow_signal,-12847.52427354887,-1.177931194063685,-1.5179738277732178,3.964216431239162e-22,48,1,2025-10-29
ATO/PCG,ATO,PCG,slow_signal,-13110.85649969295,-1.4672541274395576,-1.5179738277732178,1.8896226199387636e-27,50,1,2025-10-29
CINF/FMC,CINF,FMC,slow_signal,-4084.45046643866,-0.5714293254128221,-1.5179738277732178,3.644949335202093e-18,28,1,2025-10-29
HRL/MKC,HRL,MKC,slow_signal,2217.997443265322,0.6274574655406598,-1.5179738277732178,0.9999999996614882,20,1,2025-10-29
AKAM/KEYS,AKAM,KEYS,slow_signal,-10454.07999999999,-0.9162146419553492,-1.5179738277732178,1.2962882809514707e-05,26,1,2025-10-29
BSX/WMB,BSX,WMB,slow_signal,-1629.288148078229,-0.31344397505362026,-1.5179738277732178,6.549179787322523e-11,30,1,2025-10-29
FSLR/RSG,FSLR,RSG,slow_signal,-10506.5637714622,-0.5842779521711109,-1.5179738277732178,1.1330008201229668e-07,42,1,2025-10-29
CDNS/PTC,CDNS,PTC,slow_signal,-2514.730000000033,-0.3635492557357346,-1.5179738277732178,1.6611192318808385e-06,32,1,2025-10-29
AME/WMT,AME,WMT,slow_signal,-3622.661707896226,-0.4591461295019475,-1.5179738277732178,6.341507859530023e-15,32,1,2025-10-29
AON/GEN,AON,GEN,slow_signal,1290.722480564397,0.13536833908798926,-1.5179738277732178,0.6924977634330008,34,1,2025-10-29
HAS/YUM,HAS,YUM,patient_hold,6403.645820543074,1.2349794942797043,-1.5340328686661198,0.9999999999942559,24,1,2025-10-29
TXT/YUM,TXT,YUM,patient_hold,-7145.596307816061,-1.059200910373494,-1.5340328686661198,2.5058350550339818e-20,32,1,2025-10-29
CSCO/PAYC,CSCO,PAYC,patient_hold,-2734.00907663125,-0.1838007346160184,-1.5340328686661198,4.3376686905684896e-11,22,1,2025-10-29
HAS/PFE,HAS,PFE,patient_hold,-5121.3928144197,-0.4920903736936906,-1.5340328686661198,1.6583091480197794e-09,30,1,2025-10-29
EXR/WY,EXR,WY,patient_hold,300.7634247568899,0.061897310064476414,-1.5340328686661198,0.1749730951509037,18,1,2025-10-29
EVRG/PCG,EVRG,PCG,patient_hold,-7910.703373771485,-0.8800552021325931,-1.5340328686661198,8.897983375056733e-22,40,1,2025-10-29
ATO/PCG,ATO,PCG,patient_hold,-3615.9434640629,-0.43037598818872536,-1.5340328686661198,9.479120434602097e-19,38,1,2025-10-29
CINF/FMC,CINF,FMC,patient_hold,-3095.647512130169,-0.3304802148661478,-1.5340328686661198,5.722337978575665e-07,22,1,2025-10-29
HRL/MKC,HRL,MKC,patient_hold,-244.8338491874683,-0.05900290568728349,-1.5340328686661198,0.0010972750157374922,22,1,2025-10-29
AKAM/KEYS,AKAM,KEYS,patient_hold,3672.609999999984,0.5473239262107973,-1.5340328686661198,0.9997235556822478,22,1,2025-10-29
BSX/WMB,BSX,WMB,patient_hold,2236.428767149069,0.3799319830765983,-1.5340328686661198,0.9997451294415736,34,1,2025-10-29
FSLR/RSG,FSLR,RSG,patient_hold,-9013.035020946967,-0.5348744157330908,-1.5340328686661198,1.6911862294470931e-06,30,1,2025-10-29
CDNS/PTC,CDNS,PTC,patient_hold,-1622.620000000029,-0.2345043100353348,-1.5340328686661198,1.4803929657638823e-05,26,1,2025-10-29
AME/WMT,AME,WMT,patient_hold,-2158.33338649577,-0.39357142325522215,-1.5340328686661198,1.7333360648020417e-12,30,1,2025-10-29
AON/GEN,AON,GEN,patient_hold,442.1425691901586,0.06363205155392501,-1.5340328686661198,0.23499520512967653,28,1,2025-10-29
HAS/YUM,HAS,YUM,conservative_no_leverage,3386.367519441381,1.4719746935763236,-1.7530761109928334,0.9999999999976192,26,1,2025-10-29
TXT/YUM,TXT,YUM,conservative_no_leverage,-2375.375015055432,-0.7625545678069319,-1.7530761109928334,5.04620403201212e-16,28,1,2025-10-29
CSCO/PAYC,CSCO,PAYC,conservative_no_leverage,5615.144356413542,1.5332783546083497,-1.7530761109928334,0.9996575988469291,30,1,2025-10-29
HAS/PFE,HAS,PFE,conservative_no_leverage,-800.1622262641176,-0.12260342790892514,-1.7530761109928334,5.5460227963506835e-06,30,1,2025-10-29
EXR/WY,EXR,WY,conservative_no_leverage,1498.188388585758,0.5038490019903834,-1.7530761109928334,0.9999999999830915,24,1,2025-10-29
EVRG/PCG,EVRG,PCG,conservative_no_leverage,-6434.679097397423,-1.3933968905365741,-1.7530761109928334,1.435762656428575e-27,32,1,2025-10-29
ATO/PCG,ATO,PCG,conservative_no_leverage,-3087.035667921839,-0.7181368082057947,-1.7530761109928334,2.772354725967897e-22,32,1,2025-10-29
CINF/FMC,CINF,FMC,conservative_no_leverage,-3516.667719450887,-0.6853188626433712,-1.7530761109928334,1.2059095692736376e-24,26,1,2025-10-29
HRL/MKC,HRL,MKC,conservative_no_leverage,1057.718829882897,0.5297994983642157,-1.7530761109928334,0.9999999803981585,20,1,2025-10-29
AKAM/KEYS,AKAM,KEYS,conservative_no_leverage,1974.52999999999,0.5814793368588392,-1.7530761109928334,0.9996937727210287,20,1,2025-10-29
BSX/WMB,BSX,WMB,conservative_no_leverage,1419.748421879157,0.5091491198554722,-1.7530761109928334,0.9999945516266228,28,1,2025-10-29
FSLR/RSG,FSLR,RSG,conservative_no_leverage,-9414.639777369299,-1.0528067489470339,-1.7530761109928334,2.852895964878557e-05,28,1,2025-10-29
CDNS/PTC,CDNS,PTC,conservative_no_leverage,134.0799999999913,0.03372560008992796,-1.7530761109928334,0.0614736202694185,28,1,2025-10-29
AME/WMT,AME,WMT,conservative_no_leverage,1123.37116040876,0.5076612029868223,-1.7530761109928334,0.9999999988898173,24,1,2025-10-29
AON/GEN,AON,GEN,conservative_no_leverage,2415.306582203087,0.6619176305866884,-1.7530761109928334,0.9986396626511983,28,1,2025-10-29
HAS/YUM,HAS,YUM,conservative,2440.651256446181,1.57519410797522,-2.144322660051601,0.9999846554647968,14,1,2025-10-29
TXT/YUM,TXT,YUM,conservative,-164.7873482932557,-0.08451762603031562,-2.144322660051601,0.0002999988828586313,22,1,2025-10-29
CSCO/PAYC,CSCO,PAYC,conservative,-2374.741299053281,-0.3290395830652311,-2.144322660051601,4.665632179883097e-06,16,1,2025-10-29
HAS/PFE,HAS,PFE,conservative,499.6712478381355,0.15063376880902374,-2.144322660051601,0.7135265542748829,28,1,2025-10-29
EXR/WY,EXR,WY,conservative,512.9089676912895,0.29160992447162426,-2.144322660051601,0.9992728472029919,20,1,2025-10-29
EVRG/PCG,EVRG,PCG,conservative,-650.4262754960162,-0.23552061512395447,-2.144322660051601,1.0827690854172612e-07,34,1,2025-10-29
ATO/PCG,ATO,PCG,conservative,-1956.387045268061,-0.8018734180036902,-2.144322660051601,5.979035731169566e-08,34,1,2025-10-29
CINF/FMC,CINF,FMC,conservative,-4181.014417437613,-1.6200340131792557,-2.144322660051601,1.0318554652297703e-07,24,1,2025-10-29
HRL/MKC,HRL,MKC,conservative,23.92280794578642,0.020361245235480444,-2.144322660051601,0.03827708118886203,14,1,2025-10-29
AKAM/KEYS,AKAM,KEYS,conservative,451.3399999999948,0.3004029061946469,-2.144322660051601,0.9979368585915973,16,1,2025-10-29
BSX/WMB,BSX,WMB,conservative,1412.491932485558,1.0206950788905136,-2.144322660051601,0.9999999788433717,18,1,2025-10-29
FSLR/RSG,FSLR,RSG,conservative,-5779.969129752808,-0.684168670048521,-2.144322660051601,1.9241031914359e-05,22,1,2025-10-29
CDNS/PTC,CDNS,PTC,conservative,1492.739999999983,0.4319724771988566,-2.144322660051601,0.9999939885965287,26,1,2025-10-29
AME/WMT,AME,WMT,conservative,-13.0424578320646,-0.008567835466587905,-2.144322660051601,0.012218168840754122,18,1,2025-10-29
AON/GEN,AON,GEN,conservative,2704.235433207079,1.7839300481847522,-2.144322660051601,0.9999999992049362,20,1,2025-10-29
HAS/YUM,HAS,YUM,fast_signal,-199.2403644167862,-0.018772541317245282,0.5314559351194829,0.005187479796192633,64,2,2025-12-04
TXT/YUM,TXT,YUM,fast_signal,-2339.570035716381,-0.3006240562893074,0.5314559351194829,4.722089049567803e-16,56,2,2025-12-04
CSCO/PAYC,CSCO,PAYC,fast_signal,7086.627534214715,0.5834476490215812,0.5314559351194829,0.9999997570569066,60,2,2025-12-04
HAS/PFE,HAS,PFE,fast_signal,13060.37239791082,0.8874987399039723,0.5314559351194829,0.9999999851452623,56,2,2025-12-04
EXR/WY,EXR,WY,fast_signal,1261.77933287522,0.1575027936526607,0.5314559351194829,0.8603164023518719,68,2,2025-12-04
EVRG/PCG,EVRG,PCG,fast_signal,4636.576264001037,0.5827374186701897,0.5314559351194829,0.9999994917311308,68,2,2025-12-04
ATO/PCG,ATO,PCG,fast_signal,8080.426465894982,0.9219214709723562,0.5314559351194829,0.9999999999699066,64,2,2025-12-04
CINF/FMC,CINF,FMC,fast_signal,1889.228164916098,0.15462229070003003,0.5314559351194829,0.8522551919582511,64,2,2025-12-04
HRL/MKC,HRL,MKC,fast_signal,-3368.095218080204,-0.5529442298316445,0.5314559351194829,1.0738367612165897e-19,64,2,2025-12-04
AKAM/KEYS,AKAM,KEYS,fast_signal,-2004.200000000017,-0.2540954550579641,0.5314559351194829,2.027843366722077e-08,46,2,2025-12-04
BSX/WMB,BSX,WMB,fast_signal,-6191.716280134146,-0.6013097788068364,0.5314559351194829,5.171693375254428e-19,80,2,2025-12-04
FSLR/RSG,FSLR,RSG,fast_signal,18797.88878953231,0.8286948831148018,0.5314559351194829,0.9994522664669478,56,2,2025-12-04
CDNS/PTC,CDNS,PTC,fast_signal,2132.429999999992,0.23834807874298392,0.5314559351194829,0.9982197567905641,54,2,2025-12-04
AME/WMT,AME,WMT,fast_signal,2749.828265861004,0.4029054808588809,0.5314559351194829,0.9999957547639503,70,2,2025-12-04
AON/GEN,AON,GEN,fast_signal,5511.901811913369,0.5682210129888664,0.5314559351194829,0.9993552742965625,68,2,2025-12-04
HAS/YUM,HAS,YUM,vol_gated,8648.946263629674,0.7607866812498159,0.3876196617345221,0.9999915525479267,58,2,2025-12-04
TXT/YUM,TXT,YUM,vol_gated,1756.735765609387,0.23148652627414096,0.3876196617345221,0.9869518858096518,56,2,2025-12-04
CSCO/PAYC,CSCO,PAYC,vol_gated,-1775.547250112101,-0.16127457904208978,0.3876196617345221,1.2966363647416378e-05,44,2,2025-12-04
HAS/PFE,HAS,PFE,vol_gated,-3455.759284781398,-0.25855434391135573,0.3876196617345221,1.1734765328660797e-16,60,2,2025-12-04
EXR/WY,EXR,WY,vol_gated,8590.714403789503,0.9322049494918195,0.3876196617345221,0.999999999997184,50,2,2025-12-04
EVRG/PCG,EVRG,PCG,vol_gated,-228.6288942968749,-0.0289588901241832,0.3876196617345221,0.0029698901896572268,58,2,2025-12-04
ATO/PCG,ATO,PCG,vol_gated,-7777.540694161245,-0.9663010921928639,0.3876196617345221,2.4542811112585986e-29,54,2,2025-12-04
CINF/FMC,CINF,FMC,vol_gated,-572.543915549446,-0.04759836713215528,0.3876196617345221,0.0016541053983771619,50,2,2025-12-04
HRL/MKC,HRL,MKC,vol_gated,3737.673474011504,0.5530048476609811,0.3876196617345221,0.9999999954122754,56,2,2025-12-04
AKAM/KEYS,AKAM,KEYS,vol_gated,15268.49,1.7540857937676446,0.3876196617345221,0.9999999635238096,48,2,2025-12-04
BSX/WMB,BSX,WMB,vol_gated,-1707.943226636207,-0.17903264124078336,0.3876196617345221,1.2559672477282134e-11,70,2,2025-12-04
FSLR/RSG,FSLR,RSG,vol_gated,7707.7170866671,0.3299118387971377,0.3876196617345221,0.9869400738642068,60,2,2025-12-04
CDNS/PTC,CDNS,PTC,vol_gated,193.1900000000046,0.018688700390679065,0.3876196617345221,0.04113320627224883,70,2,2025-12-04
AME/WMT,AME,WMT,vol_gated,11217.94794180076,1.2407197619725505,0.3876196617345221,0.9999999150747886,56,2,2025-12-04
AON/GEN,AON,GEN,vol_gated,1494.729789361892,0.14939817442970196,0.3876196617345221,0.7772809569471573,50,2,2025-12-04
HAS/YUM,HAS,YUM,static_threshold,7497.309298527414,0.7223163136411459,0.3278242209750818,1.0,76,2,2025-12-04
TXT/YUM,TXT,YUM,static_threshold,3686.816182632861,0.34355816223039254,0.3278242209750818,0.9999795242537567,82,2,2025-12-04
CSCO/PAYC,CSCO,PAYC,static_threshold,7702.748651228889,0.6243442574261351,0.3278242209750818,0.999999999226286,84,2,2025-12-04
HAS/PFE,HAS,PFE,static_threshold,4673.872400712832,0.3029535585535771,0.3278242209750818,0.9924549470590076,74,2,2025-12-04
EXR/WY,EXR,WY,static_threshold,4177.524714877685,0.4379939375242839,0.3278242209750818,0.9999999998819388,62,2,2025-12-04
EVRG/PCG,EVRG,PCG,static_threshold,-16103.08211517902,-1.4568587339285326,0.3278242209750818,2.284392971834435e-30,80,2,2025-12-04
ATO/PCG,ATO,PCG,static_threshold,-11718.43482663225,-1.0622697809927697,0.3278242209750818,1.689191218533747e-25,82,2,2025-12-04
CINF/FMC,CINF,FMC,static_threshold,4790.138856398006,0.3035994724160034,0.3278242209750818,0.9999528399819254,72,2,2025-12-04
HRL/MKC,HRL,MKC,static_threshold,6072.455921052089,0.7531626645976152,0.3278242209750818,0.9999999999999988,78,2,2025-12-04
AKAM/KEYS,AKAM,KEYS,static_threshold,-7167.709999999974,-0.39604997649947077,0.3278242209750818,2.2121107411986317e-07,74,2,2025-12-04
BSX/WMB,BSX,WMB,static_threshold,6869.753477599699,0.7278118654895585,0.3278242209750818,0.9999999999999987,84,2,2025-12-04
FSLR/RSG,FSLR,RSG,static_threshold,26314.51513039399,1.1258079919015258,0.3278242209750818,0.9999999999999996,82,2,2025-12-04
CDNS/PTC,CDNS,PTC,static_threshold,3624.060000000005,0.3784038979369531,0.3278242209750818,0.9999994882347069,62,2,2025-12-04
AME/WMT,AME,WMT,static_threshold,-8219.634329198932,-0.6532162834087554,0.3278242209750818,9.111599438712431e-29,86,2,2025-12-04
AON/GEN,AON,GEN,static_threshold,12079.27606144925,0.988088210422661,0.3278242209750818,0.9999999999667578,80,2,2025-12-04
HAS/YUM,HAS,YUM,fast_reentry,7413.033596589739,0.6445521245799904,0.2354358298445791,0.9970141995814147,44,2,2025-12-04
TXT/YUM,TXT,YUM,fast_reentry,-4307.970949107006,-0.5607285326253237,0.2354358298445791,2.6367755261366856e-25,58,2,2025-12-04
CSCO/PAYC,CSCO,PAYC,fast_reentry,603.7632453324782,0.058828599350775924,0.2354358298445791,0.16226683670758618,56,2,2025-12-04
HAS/PFE,HAS,PFE,fast_reentry,-10209.4401712807,-0.7945197156292892,0.2354358298445791,1.9203462456358537e-11,62,2,2025-12-04
EXR/WY,EXR,WY,fast_reentry,-592.1229524113444,-0.08592361501416411,0.2354358298445791,0.0001755918785872402,46,2,2025-12-04
EVRG/PCG,EVRG,PCG,fast_reentry,-4131.874599446475,-0.43921512416572084,0.2354358298445791,3.501339668895874e-16,66,2,2025-12-04
ATO/PCG,ATO,PCG,fast_reentry,2427.99829671047,0.27195676466062163,0.2354358298445791,0.9961955429666101,72,2,2025-12-04
CINF/FMC,CINF,FMC,fast_reentry,10611.16839255943,0.34113666833295847,0.2354358298445791,0.9887609492079611,60,2,2025-12-04
HRL/MKC,HRL,MKC,fast_reentry,5033.002561654664,0.7831508402558384,0.2354358298445791,0.9999999993268017,50,2,2025-12-04
AKAM/KEYS,AKAM,KEYS,fast_reentry,2102.309999999988,0.22042294273760799,0.2354358298445791,0.9801055595457981,38,2,2025-12-04
BSX/WMB,BSX,WMB,fast_reentry,1557.940100037928,0.15616823283816378,0.2354358298445791,0.7911225278660156,68,2,2025-12-04
FSLR/RSG,FSLR,RSG,fast_reentry,16230.68412003631,0.6741971785156218,0.2354358298445791,0.9998611574588958,62,2,2025-12-04
CDNS/PTC,CDNS,PTC,fast_reentry,-680.3399999999979,-0.07227724939928407,0.2354358298445791,0.0006964234711215031,48,2,2025-12-04
AME/WMT,AME,WMT,fast_reentry,3092.131963169849,0.37034439778788886,0.2354358298445791,0.9984895294661215,56,2,2025-12-04
AON/GEN,AON,GEN,fast_reentry,9063.388259237683,1.0072819086716118,0.2354358298445791,0.999994817233386,50,2,2025-12-04
HAS/YUM,HAS,YUM,low_entry,9636.872710845404,0.6634535183582193,0.1828366959213945,0.9999423732764569,80,2,2025-12-04
TXT/YUM,TXT,YUM,low_entry,3894.316731528555,0.4453025900388638,0.1828366959213945,0.9999998614298472,80,2,2025-12-04
CSCO/PAYC,CSCO,PAYC,low_entry,-7110.451143828339,-0.5567171730918826,0.1828366959213945,2.696484635648073e-12,82,2,2025-12-04
HAS/PFE,HAS,PFE,low_entry,9069.85253591642,0.5140183403286037,0.1828366959213945,0.999995956368808,92,2,2025-12-04
EXR/WY,EXR,WY,low_entry,1561.452395223026,0.18942113282158474,0.1828366959213945,0.958936019129988,78,2,2025-12-04
EVRG/PCG,EVRG,PCG,low_entry,-17745.71083113588,-1.4922634420489702,0.1828366959213945,6.575640778023937e-17,98,2,2025-12-04
ATO/PCG,ATO,PCG,low_entry,-8028.307158576416,-0.6978428039784791,0.1828366959213945,3.4748288335833617e-28,94,2,2025-12-04
CINF/FMC,CINF,FMC,low_entry,13455.96514427826,0.4212743536602571,0.1828366959213945,0.9927418025696837,88,2,2025-12-04
HRL/MKC,HRL,MKC,low_entry,3530.630443083913,0.42053092274165477,0.1828366959213945,0.999999966805162,78,2,2025-12-04
AKAM/KEYS,AKAM,KEYS,low_entry,6764.880000000017,0.6288168441848138,0.1828366959213945,0.9999999784328991,58,2,2025-12-04
BSX/WMB,BSX,WMB,low_entry,-1720.806635812573,-0.15083087811540244,0.1828366959213945,5.026809682197066e-08,98,2,2025-12-04
FSLR/RSG,FSLR,RSG,low_entry,13265.02856990173,0.5235806161911007,0.1828366959213945,0.9998032554249022,98,2,2025-12-04
CDNS/PTC,CDNS,PTC,low_entry,-1910.630000000013,-0.17153924211073523,0.1828366959213945,7.240631623035396e-07,82,2,2025-12-04
AME/WMT,AME,WMT,low_entry,-4223.39759461598,-0.3614369007634078,0.1828366959213945,4.766211555974056e-25,88,2,2025-12-04
AON/GEN,AON,GEN,low_entry,15829.90188076983,1.4278967263405855,0.1828366959213945,0.9999999973034646,68,2,2025-12-04
HAS/YUM,HAS,YUM,stable_signal_quick_exit,17845.98056409053,1.9824008445764847,0.1655662928546697,0.9999999080633772,40,2,2025-12-04
TXT/YUM,TXT,YUM,stable_signal_quick_exit,5529.71964582666,0.7273960876820765,0.1655662928546697,0.9999999999998287,42,2,2025-12-04
CSCO/PAYC,CSCO,PAYC,stable_signal_quick_exit,5469.233201283621,0.5073846791814209,0.1655662928546697,0.9999988749369456,56,2,2025-12-04
HAS/PFE,HAS,PFE,stable_signal_quick_exit,4126.297684087303,0.2845623039878758,0.1655662928546697,0.9828859989493218,44,2,2025-12-04
EXR/WY,EXR,WY,stable_signal_quick_exit,1610.133006379423,0.22706725810285222,0.1655662928546697,0.9933988237834688,36,2,2025-12-04
EVRG/PCG,EVRG,PCG,stable_signal_quick_exit,-4272.703271656224,-0.5689214711918698,0.1655662928546697,5.558347509275513e-17,34,2,2025-12-04
ATO/PCG,ATO,PCG,stable_signal_quick_exit,-901.8446527066044,-0.13395142731696016,0.1655662928546697,1.2884914509554757e-08,34,2,2025-12-04
CINF/FMC,CINF,FMC,stable_signal_quick_exit,-3235.225359298034,-0.30127979172312125,0.1655662928546697,3.877102572225531e-08,38,2,2025-12-04
HRL/MKC,HRL,MKC,stable_signal_quick_exit,5256.524622262167,0.8629937881247346,0.1655662928546697,0.9999999676744958,38,2,2025-12-04
AKAM/KEYS,AKAM,KEYS,stable_signal_quick_exit,-635.5999999999699,-0.04900368839193823,0.1655662928546697,0.00035361045185820577,42,2,2025-12-04
BSX/WMB,BSX,WMB,stable_signal_quick_exit,-1447.732541977144,-0.1700872596350529,0.1655662928546697,8.476472052245459e-10,40,2,2025-12-04
FSLR/RSG,FSLR,RSG,stable_signal_quick_exit,2292.339657616757,0.09003629089783076,0.1655662928546697,0.3985484069948856,54,2,2025-12-04
CDNS/PTC,CDNS,PTC,stable_signal_quick_exit,-4293.190000000025,-0.44042588709427277,0.1655662928546697,3.2145555157053676e-09,48,2,2025-12-04
AME/WMT,AME,WMT,stable_signal_quick_exit,10867.20934263162,1.4185717676869116,0.1655662928546697,0.9999999999999827,38,2,2025-12-04
AON/GEN,AON,GEN,stable_signal_quick_exit,-4830.62938831811,-0.498953164063287,0.1655662928546697,1.8136709025814347e-11,36,2,2025-12-04
HAS/YUM,HAS,YUM,vol_agnostic,3318.457756797311,0.251997984681057,0.1405255521412005,0.9597629158542356,80,2,2025-12-04
TXT/YUM,TXT,YUM,vol_agnostic,-3673.799989135139,-0.3533014365772265,0.1405255521412005,3.034882019120512e-15,70,2,2025-12-04
CSCO/PAYC,CSCO,PAYC,vol_agnostic,6447.316049535713,0.5332842447168606,0.1405255521412005,0.9999999953981215,80,2,2025-12-04
HAS/PFE,HAS,PFE,vol_agnostic,-183.7967263399096,-0.012781130139918249,0.1405255521412005,0.0078869646733516,72,2,2025-12-04
EXR/WY,EXR,WY,vol_agnostic,13094.96087997755,1.1481220758723925,0.1405255521412005,1.0,68,2,2025-12-04
EVRG/PCG,EVRG,PCG,vol_agnostic,-24903.28735313919,-1.9096164290621618,0.1405255521412005,4.157466362601923e-22,64,2,2025-12-04
ATO/PCG,ATO,PCG,vol_agnostic,-10774.78625057959,-0.9080136197613379,0.1405255521412005,1.6954249743603173e-30,58,2,2025-12-04
CINF/FMC,CINF,FMC,vol_agnostic,14451.17885835568,0.4355997149798348,0.1405255521412005,0.9966126999336368,58,2,2025-12-04
HRL/MKC,HRL,MKC,vol_agnostic,4379.350324274205,0.5263266530365848,0.1405255521412005,0.9999999999978434,70,2,2025-12-04
AKAM/KEYS,AKAM,KEYS,vol_agnostic,-5633.519999999966,-0.32043935652051847,0.1405255521412005,8.246625714149167e-07,62,2,2025-12-04
BSX/WMB,BSX,WMB,vol_agnostic,1936.598272554578,0.1666133516651671,0.1405255521412005,0.8563563337244166,82,2,2025-12-04
FSLR/RSG,FSLR,RSG,vol_agnostic,19621.71500112956,0.8274147133190655,0.1405255521412005,0.9999999999999925,88,2,2025-12-04
CDNS/PTC,CDNS,PTC,vol_agnostic,1975.889999999987,0.19890700184757998,0.1405255521412005,0.9766276973460676,54,2,2025-12-04
AME/WMT,AME,WMT,vol_agnostic,-8838.272244177948,-0.6997251177994457,0.1405255521412005,1.8227121357569755e-31,84,2,2025-12-04
AON/GEN,AON,GEN,vol_agnostic,22847.78492649011,1.8960259554878667,0.1405255521412005,0.9999999999992887,60,2,2025-12-04
HAS/YUM,HAS,YUM,vol_adaptive,8087.283448791455,0.722467305333797,0.111656172391536,0.9999887952177348,58,2,2025-12-04
TXT/YUM,TXT,YUM,vol_adaptive,1629.425890582021,0.21174893859852675,0.111656172391536,0.9727871472708054,58,2,2025-12-04
CSCO/PAYC,CSCO,PAYC,vol_adaptive,324.7371681524442,0.02919324728259095,0.111656172391536,0.06259489755632697,48,2,2025-12-04
HAS/PFE,HAS,PFE,vol_adaptive,-4041.537904267949,-0.2957682820818278,0.111656172391536,1.0084082523846356e-18,62,2,2025-12-04
EXR/WY,EXR,WY,vol_adaptive,8533.93141376076,0.9268654179513629,0.111656172391536,0.9999999999987114,52,2,2025-12-04
EVRG/PCG,EVRG,PCG,vol_adaptive,-670.8018020469281,-0.08453585010894965,0.111656172391536,2.83584741150995e-05,60,2,2025-12-04
ATO/PCG,ATO,PCG,vol_adaptive,-7949.295278729591,-0.9935712813351185,0.111656172391536,7.060456834231864e-29,54,2,2025-12-04
CINF/FMC,CINF,FMC,vol_adaptive,-566.1072797846791,-0.04731953300732515,0.111656172391536,0.0016874668922618606,50,2,2025-12-04
HRL/MKC,HRL,MKC,vol_adaptive,3482.570535394579,0.517288723107902,0.111656172391536,0.9999999911701241,58,2,2025-12-04
AKAM/KEYS,AKAM,KEYS,vol_adaptive,10245.92000000001,1.0939254010083042,0.111656172391536,0.9999997349204695,50,2,2025-12-04
BSX/WMB,BSX,WMB,vol_adaptive,-1692.684413372489,-0.17852503476883108,0.111656172391536,1.2691537591192826e-11,70,2,2025-12-04
FSLR/RSG,FSLR,RSG,vol_adaptive,7685.830113302242,0.33121900484390576,0.111656172391536,0.9874795701753016,60,2,2025-12-04
CDNS/PTC,CDNS,PTC,vol_adaptive,-907.9900000000289,-0.08761869380703556,0.111656172391536,0.00015213165977678164,70,2,2025-12-04
AME/WMT,AME,WMT,vol_adaptive,7254.72630016926,0.8176927470001006,0.111656172391536,0.9999896115188556,56,2,2025-12-04
AON/GEN,AON,GEN,vol_adaptive,-336.4338869624553,-0.03319220661439703,0.111656172391536,0.0026807809649652442,52,2,2025-12-04
HAS/YUM,HAS,YUM,medium_signal_high_leverage,17842.25828313991,1.3280800498878405,0.0524503696997764,0.9999999999035362,46,2,2025-12-04
TXT/YUM,TXT,YUM,medium_signal_high_leverage,2705.790197943825,0.2397224641467288,0.0524503696997764,0.9917558502737117,46,2,2025-12-04
CSCO/PAYC,CSCO,PAYC,medium_signal_high_leverage,8596.17472795075,0.5471919788184167,0.0524503696997764,0.999999016807951,46,2,2025-12-04
HAS/PFE,HAS,PFE,medium_signal_high_leverage,8234.671734342213,0.4255419052330268,0.0524503696997764,0.9941438885124374,52,2,2025-12-04
EXR/WY,EXR,WY,medium_signal_high_leverage,4909.395622294212,0.36161405781461703,0.0524503696997764,0.9999997184657785,44,2,2025-12-04
EVRG/PCG,EVRG,PCG,medium_signal_high_leverage,-20244.53845503648,-1.4737003866266347,0.0524503696997764,5.412510027598878e-26,50,2,2025-12-04
ATO/PCG,ATO,PCG,medium_signal_high_leverage,-5950.118749472205,-0.4288332118224616,0.0524503696997764,2.1493565351838122e-19,44,2,2025-12-04
CINF/FMC,CINF,FMC,medium_signal_high_leverage,-17266.78796227432,-0.8766153834643118,0.0524503696997764,1.466690864302253e-17,44,2,2025-12-04
HRL/MKC,HRL,MKC,medium_signal_high_leverage,7895.44471280163,0.7381035387715219,0.0524503696997764,0.9999999999704332,48,2,2025-12-04
AKAM/KEYS,AKAM,KEYS,medium_signal_high_leverage,12320.70000000003,0.8914382085350421,0.0524503696997764,0.9999980723448513,36,2,2025-12-04
BSX/WMB,BSX,WMB,medium_signal_high_leverage,1290.460967985241,0.10625885737010367,0.0524503696997764,0.5103222466767946,60,2,2025-12-04
FSLR/RSG,FSLR,RSG,medium_signal_high_leverage,4321.215876138829,0.12060884134269458,0.0524503696997764,0.596338712321757,56,2,2025-12-04
CDNS/PTC,CDNS,PTC,medium_signal_high_leverage,-4225.920000000011,-0.28566052825452426,0.0524503696997764,6.610860291048821e-08,44,2,2025-12-04
AME/WMT,AME,WMT,medium_signal_high_leverage,-987.4913680282007,-0.0630956028531416,0.0524503696997764,0.00011963762298736449,54,2,2025-12-04
AON/GEN,AON,GEN,medium_signal_high_leverage,8716.894407841704,0.6158032307205631,0.0524503696997764,0.999970274335076,42,2,2025-12-04
HAS/YUM,HAS,YUM,fast_signal_tight_stop,-6244.541008412786,-0.7098836092910864,-0.0245117091608733,3.155067353968566e-07,54,2,2025-12-04
TXT/YUM,TXT,YUM,fast_signal_tight_stop,416.8577664406316,0.06203671899240222,-0.0245117091608733,0.21796413686091737,52,2,2025-12-04
CSCO/PAYC,CSCO,PAYC,fast_signal_tight_stop,-1634.839017140829,-0.1455616638439931,-0.0245117091608733,1.3019092607969868e-05,48,2,2025-12-04
HAS/PFE,HAS,PFE,fast_signal_tight_stop,17326.12983702751,1.2642793474769707,-0.0245117091608733,0.9999997939303374,54,2,2025-12-04
EXR/WY,EXR,WY,fast_signal_tight_stop,3804.642136519071,0.5586508754773745,-0.0245117091608733,0.9999999999961071,64,2,2025-12-04
EVRG/PCG,EVRG,PCG,fast_signal_tight_stop,1441.112647950479,0.21762481208678328,-0.0245117091608733,0.936718737006348,52,2,2025-12-04
ATO/PCG,ATO,PCG,fast_signal_tight_stop,11348.90168352097,1.4105929864919395,-0.0245117091608733,0.9999999998980856,56,2,2025-12-04
CINF/FMC,CINF,FMC,fast_signal_tight_stop,-6382.693852994011,-0.6668408018413347,-0.0245117091608733,1.847150217702293e-19,52,2,2025-12-04
HRL/MKC,HRL,MKC,fast_signal_tight_stop,-1380.078868751267,-0.23976098318172184,-0.0245117091608733,1.2858770378702997e-08,56,2,2025-12-04
AKAM/KEYS,AKAM,KEYS,fast_signal_tight_stop,-9742.120000000044,-0.9923008410164582,-0.0245117091608733,2.803448034291626e-06,44,2,2025-12-04
BSX/WMB,BSX,WMB,fast_signal_tight_stop,-3864.998860431377,-0.4323617784979984,-0.0245117091608733,5.135814987841097e-16,62,2,2025-12-04
FSLR/RSG,FSLR,RSG,fast_signal_tight_stop,15436.26961195232,0.7073159025192665,-0.0245117091608733,0.9988756935842638,54,2,2025-12-04
CDNS/PTC,CDNS,PTC,fast_signal_tight_stop,999.1299999999892,0.12186404514106484,-0.0245117091608733,0.65447703908984,50,2,2025-12-04
AME/WMT,AME,WMT,fast_signal_tight_stop,-1275.829179604745,-0.1697022204036399,-0.0245117091608733,2.530661956308889e-10,70,2,2025-12-04
AON/GEN,AON,GEN,fast_signal_tight_stop,4816.017067365397,0.7346184963660181,-0.0245117091608733,0.9999999995816883,56,2,2025-12-04
HAS/YUM,HAS,YUM,aggressive,29949.78397631674,1.6784094455755443,-0.0926177781671773,0.9999998291842725,76,2,2025-12-04
TXT/YUM,TXT,YUM,aggressive,-2048.370843742771,-0.13750850159363423,-0.0926177781671773,7.820457617403229e-07,88,2,2025-12-04
CSCO/PAYC,CSCO,PAYC,aggressive,-1493.027266102132,-0.08210368653585987,-0.0926177781671773,0.0002028138614087149,76,2,2025-12-04
HAS/PFE,HAS,PFE,aggressive,10237.70789159174,0.39397224586041696,-0.0926177781671773,0.9998790715200848,90,2,2025-12-04
EXR/WY,EXR,WY,aggressive,3100.52164672586,0.2067727407355181,-0.0926177781671773,0.9791404458770834,64,2,2025-12-04
EVRG/PCG,EVRG,PCG,aggressive,-34160.06965383577,-1.8421632178352079,-0.0926177781671773,1.6717505589718793e-24,68,2,2025-12-04
ATO/PCG,ATO,PCG,aggressive,-14748.06882244395,-0.9133467516808977,-0.0926177781671773,1.0312933847764283e-25,76,2,2025-12-04
CINF/FMC,CINF,FMC,aggressive,-18392.48093936927,-0.8055059192736109,-0.0926177781671773,4.286697198054281e-22,68,2,2025-12-04
HRL/MKC,HRL,MKC,aggressive,12618.95147033252,0.7981192710868715,-0.0926177781671773,0.9999978559106493,80,2,2025-12-04
AKAM/KEYS,AKAM,KEYS,aggressive,18693.27000000006,0.8527095263450668,-0.0926177781671773,0.9999945103448262,64,2,2025-12-04
BSX/WMB,BSX,WMB,aggressive,-9308.287114342915,-0.5098826652504383,-0.0926177781671773,4.800982391460152e-26,104,2,2025-12-04
FSLR/RSG,FSLR,RSG,aggressive,22174.79942558006,0.5519846487035986,-0.0926177781671773,0.9999669459365172,86,2,2025-12-04
CDNS/PTC,CDNS,PTC,aggressive,-5838.640000000012,-0.3399220610382632,-0.0926177781671773,4.077670408977814e-11,82,2,2025-12-04
AME/WMT,AME,WMT,aggressive,-4725.787434656272,-0.2592535645505384,-0.0926177781671773,4.992839957386578e-18,92,2,2025-12-04
AON/GEN,AON,GEN,aggressive,9016.259163034254,0.5447976030575464,-0.0926177781671773,0.9999972337152988,72,2,2025-12-04
HAS/YUM,HAS,YUM,deep_entry_quick_exit,12202.29929888496,2.504259565171273,-0.10132588705806,0.9999999999965978,20,2,2025-12-04
TXT/YUM,TXT,YUM,deep_entry_quick_exit,1746.508936071127,0.25833144129488067,-0.10132588705806,0.9982811664474164,26,2,2025-12-04
CSCO/PAYC,CSCO,PAYC,deep_entry_quick_exit,3557.314787363953,0.4555235013263443,-0.10132588705806,0.9995847475740894,20,2,2025-12-04
HAS/PFE,HAS,PFE,deep_entry_quick_exit,9540.183411511493,1.3401675786406018,-0.10132588705806,0.999963131426917,22,2,2025-12-04
EXR/WY,EXR,WY,deep_entry_quick_exit,4301.082279370416,0.7793724600175734,-0.10132588705806,0.9999999999993562,14,2,2025-12-04
EVRG/PCG,EVRG,PCG,deep_entry_quick_exit,-6934.785547618852,-0.9892968007293279,-0.10132588705806,5.222817600616494e-12,30,2,2025-12-04
ATO/PCG,ATO,PCG,deep_entry_quick_exit,-3853.526108541877,-0.7124502464344984,-0.10132588705806,4.042581038333391e-09,28,2,2025-12-04
CINF/FMC,CINF,FMC,deep_entry_quick_exit,-5259.626780297917,-0.6100471585034714,-0.10132588705806,1.002418151911664e-17,30,2,2025-12-04
HRL/MKC,HRL,MKC,deep_entry_quick_exit,-574.8128584057956,-0.17845369353002008,-0.10132588705806,3.031981882111152e-06,18,2,2025-12-04
AKAM/KEYS,AKAM,KEYS,deep_entry_quick_exit,2175.919999999987,0.3015014748632449,-0.10132588705806,0.9863548798614622,12,2,2025-12-04
BSX/WMB,BSX,WMB,deep_entry_quick_exit,1205.281999728969,0.24180479344581673,-0.10132588705806,0.9783764410018883,28,2,2025-12-04
FSLR/RSG,FSLR,RSG,deep_entry_quick_exit,-14290.084331315,-0.7352106188899697,-0.10132588705806,1.9071296849678292e-06,24,2,2025-12-04
CDNS/PTC,CDNS,PTC,deep_entry_quick_exit,16018.62999999998,1.7491201103326173,-0.10132588705806,0.9999969613990535,24,2,2025-12-04
AME/WMT,AME,WMT,deep_entry_quick_exit,7831.864147241993,1.4519531559325989,-0.10132588705806,0.9999999999993823,20,2,2025-12-04
AON/GEN,AON,GEN,deep_entry_quick_exit,-4369.918600594833,-0.6641267663645826,-0.10132588705806,2.158858975894988e-06,20,2,2025-12-04
HAS/YUM,HAS,YUM,high_entry,9120.248619101629,2.138671461553138,-0.1017955041773835,0.9999999968758886,18,2,2025-12-04
TXT/YUM,TXT,YUM,high_entry,-1387.817473993538,-0.25287694975005587,-0.1017955041773835,8.038852435271671e-10,26,2,2025-12-04
CSCO/PAYC,CSCO,PAYC,high_entry,3256.188884383359,0.4134439732984134,-0.1017955041773835,0.9995099658740666,18,2,2025-12-04
HAS/PFE,HAS,PFE,high_entry,10985.83518262483,1.4495344881380383,-0.1017955041773835,0.9999972645287529,30,2,2025-12-04
EXR/WY,EXR,WY,high_entry,2721.495535973889,0.47980158983132815,-0.1017955041773835,0.9999999998986172,20,2,2025-12-04
EVRG/PCG,EVRG,PCG,high_entry,-1520.160102734671,-0.20076623616478415,-0.1017955041773835,1.62382885270124e-09,38,2,2025-12-04
ATO/PCG,ATO,PCG,high_entry,-8753.54200517538,-1.5121677527811,-0.1017955041773835,7.119884829242478e-09,38,2,2025-12-04
CINF/FMC,CINF,FMC,high_entry,-7929.783276335451,-0.8428977272419406,-0.1017955041773835,3.015741043956184e-19,34,2,2025-12-04
HRL/MKC,HRL,MKC,high_entry,1679.327790749356,0.5929437436232659,-0.1017955041773835,0.9999987710173944,16,2,2025-12-04
AKAM/KEYS,AKAM,KEYS,high_entry,7717.70999999999,1.1416811780729699,-0.1017955041773835,0.9996391761268267,20,2,2025-12-04
BSX/WMB,BSX,WMB,high_entry,2584.3392651661,0.48576977244249986,-0.1017955041773835,0.9999931570715538,28,2,2025-12-04
FSLR/RSG,FSLR,RSG,high_entry,-5179.277174912639,-0.27365635812611533,-0.1017955041773835,3.777376864564834e-09,22,2,2025-12-04
CDNS/PTC,CDNS,PTC,high_entry,9651.939999999984,1.270822149646856,-0.1017955041773835,0.9999987182325754,24,2,2025-12-04
AME/WMT,AME,WMT,high_entry,450.47570181336,0.13813395499203293,-0.1017955041773835,0.7462200620345587,20,2,2025-12-04
AON/GEN,AON,GEN,high_entry,-91.30829341659569,-0.01208006622128222,-0.1017955041773835,0.008840235933497462,24,2,2025-12-04
HAS/YUM,HAS,YUM,low_vol_specialist,12175.17864016388,1.4869537709224643,-0.2178322752504746,1.0,90,2,2025-12-04
TXT/YUM,TXT,YUM,low_vol_specialist,343.1786651789216,0.03173830588461757,-0.2178322752504746,0.07799049870607203,100,2,2025-12-04
CSCO/PAYC,CSCO,PAYC,low_vol_specialist,-11550.5761838439,-1.0277705558921586,-0.2178322752504746,1.0659139211209464e-25,98,2,2025-12-04
HAS/PFE,HAS,PFE,low_vol_specialist,22190.99057171144,1.6668684770879723,-0.2178322752504746,0.9999999626321318,94,2,2025-12-04
EXR/WY,EXR,WY,low_vol_specialist,4971.09447421388,0.5096915243484497,-0.2178322752504746,0.9999995382199102,106,2,2025-12-04
EVRG/PCG,EVRG,PCG,low_vol_specialist,-16226.17263018271,-1.529909583094941,-0.2178322752504746,3.917155611902637e-14,116,2,2025-12-04
ATO/PCG,ATO,PCG,low_vol_specialist,-2776.099863008544,-0.25982412502297736,-0.2178322752504746,9.23464978911472e-12,124,2,2025-12-04
CINF/FMC,CINF,FMC,low_vol_specialist,-10561.18575711842,-0.7439853548503479,-0.2178322752504746,4.7556929941689697e-23,104,2,2025-12-04
HRL/MKC,HRL,MKC,low_vol_specialist,16575.01546016989,1.6208470312182166,-0.2178322752504746,0.9999845437497444,82,2,2025-12-04
AKAM/KEYS,AKAM,KEYS,low_vol_specialist,-24160.57999999998,-1.5134574499131621,-0.2178322752504746,1.0665751472997679e-07,78,2,2025-12-04
BSX/WMB,BSX,WMB,low_vol_specialist,7663.971868169164,0.72197679552576,-0.2178322752504746,0.9999999999999999,110,2,2025-12-04
FSLR/RSG,FSLR,RSG,low_vol_specialist,18958.71848224432,0.7257782708859699,-0.2178322752504746,0.9999778156882194,88,2,2025-12-04
CDNS/PTC,CDNS,PTC,low_vol_specialist,-1278.540000000007,-0.11175488991012462,-0.2178322752504746,9.813808149977698e-06,72,2,2025-12-04
AME/WMT,AME,WMT,low_vol_specialist,-1663.704591850951,-0.18074282605837164,-0.2178322752504746,7.406306914287873e-10,96,2,2025-12-04
AON/GEN,AON,GEN,low_vol_specialist,-680.5442229986654,-0.06937342602915395,-0.2178322752504746,0.00019263268351858573,86,2,2025-12-04
HAS/YUM,HAS,YUM,high_turnover,4504.577681972513,0.5446186333496461,-0.2674991274952182,0.9999999993893225,78,2,2025-12-04
TXT/YUM,TXT,YUM,high_turnover,-1061.209701144842,-0.10993999868135058,-0.2674991274952182,4.580226827455594e-06,76,2,2025-12-04
CSCO/PAYC,CSCO,PAYC,high_turnover,-7484.100693104983,-0.6874302027818986,-0.2674991274952182,7.964647786176205e-22,76,2,2025-12-04
HAS/PFE,HAS,PFE,high_turnover,-222.2456889180521,-0.018413893306166936,-0.2674991274952182,0.008225973944772444,76,2,2025-12-04
EXR/WY,EXR,WY,high_turnover,4890.557198761686,0.6423971776630403,-0.2674991274952182,0.9999999999999997,72,2,2025-12-04
EVRG/PCG,EVRG,PCG,high_turnover,-2983.605617507812,-0.4455270416260744,-0.2674991274952182,9.681239948395978e-18,62,2,2025-12-04
ATO/PCG,ATO,PCG,high_turnover,1509.159200089172,0.2088167230550276,-0.2674991274952182,0.9277777861777596,72,2,2025-12-04
CINF/FMC,CINF,FMC,high_turnover,1887.535423628483,0.13722748616500324,-0.2674991274952182,0.7467227597334155,76,2,2025-12-04
HRL/MKC,HRL,MKC,high_turnover,11621.35674114927,1.1978208165987718,-0.2674991274952182,0.9999510476950761,76,2,2025-12-04
AKAM/KEYS,AKAM,KEYS,high_turnover,-3082.110000000014,-0.38045680831388295,-0.2674991274952182,5.589394264749086e-13,68,2,2025-12-04
BSX/WMB,BSX,WMB,high_turnover,6781.31623638086,0.6386298093158268,-0.2674991274952182,0.9999987213487086,88,2,2025-12-04
FSLR/RSG,FSLR,RSG,high_turnover,19602.0319744766,0.8975135127452184,-0.2674991274952182,0.9995540263576957,74,2,2025-12-04
CDNS/PTC,CDNS,PTC,high_turnover,-19320.71000000004,-1.4094930084225312,-0.2674991274952182,9.37640350763129e-06,74,2,2025-12-04
AME/WMT,AME,WMT,high_turnover,-5529.004356392292,-0.648892867551534,-0.2674991274952182,7.788264893054438e-16,80,2,2025-12-04
AON/GEN,AON,GEN,high_turnover,2882.288145585493,0.3477273619005787,-0.2674991274952182,0.9999050821956248,68,2,2025-12-04
HAS/YUM,HAS,YUM,flash_hold,7695.726483131033,1.4586311672712549,-0.3398365960237008,1.0,112,2,2025-12-04
TXT/YUM,TXT,YUM,flash_hold,201.2709184775815,0.039440564941875984,-0.3398365960237008,0.09602597674431612,114,2,2025-12-04
CSCO/PAYC,CSCO,PAYC,flash_hold,-2512.850028058252,-0.3797413840967739,-0.3398365960237008,1.448106116374749e-11,114,2,2025-12-04
HAS/PFE,HAS,PFE,flash_hold,4175.08567156621,0.508152214151349,-0.3398365960237008,0.9999674700683966,132,2,2025-12-04
EXR/WY,EXR,WY,flash_hold,4403.431696352643,0.9742009961477056,-0.3398365960237008,1.0,134,2,2025-12-04
EVRG/PCG,EVRG,PCG,flash_hold,-8444.701486877657,-1.4055956936257898,-0.3398365960237008,1.1022731785789964e-20,156,2,2025-12-04
ATO/PCG,ATO,PCG,flash_hold,372.5031151963155,0.06985412993168659,-0.3398365960237008,0.24570141771434495,148,2,2025-12-04
CINF/FMC,CINF,FMC,flash_hold,9668.597483664656,0.6084591388142,-0.3398365960237008,0.9938049367262181,132,2,2025-12-04
HRL/MKC,HRL,MKC,flash_hold,1710.295532992716,0.3073814010712675,-0.3398365960237008,0.9999735189776595,122,2,2025-12-04
AKAM/KEYS,AKAM,KEYS,flash_hold,-4555.149999999983,-0.6984717467078987,-0.3398365960237008,2.6850549379510407e-14,94,2,2025-12-04
BSX/WMB,BSX,WMB,flash_hold,-975.465070135127,-0.1524390783608323,-0.3398365960237008,1.99012441019015e-08,152,2,2025-12-04
FSLR/RSG,FSLR,RSG,flash_hold,11654.52694764031,1.0678700463749868,-0.3398365960237008,0.9999999999999789,102,2,2025-12-04
CDNS/PTC,CDNS,PTC,flash_hold,-5121.979999999992,-0.674776646400974,-0.3398365960237008,1.239291404315346e-09,110,2,2025-12-04
AME/WMT,AME,WMT,flash_hold,-1822.675019882331,-0.2956667105233067,-0.3398365960237008,7.601797990797751e-20,128,2,2025-12-04
AON/GEN,AON,GEN,flash_hold,-274.9743573063961,-0.04085258405038887,-0.3398365960237008,0.0014888605683253352,124,2,2025-12-04
HAS/YUM,HAS,YUM,deep_dislocation,16242.22933516859,2.011088835449316,-0.4701558555654317,0.9999999999999986,20,2,2025-12-04
TXT/YUM,TXT,YUM,deep_dislocation,17.22388746882825,0.0017353456339145288,-0.4701558555654317,0.019536160945522407,26,2,2025-12-04
CSCO/PAYC,CSCO,PAYC,deep_dislocation,2620.060037824234,0.2189803546946616,-0.4701558555654317,0.9953816906124311,18,2,2025-12-04
HAS/PFE,HAS,PFE,deep_dislocation,-718.312379644872,-0.04614361253012853,-0.4701558555654317,5.3354368650799684e-05,22,2,2025-12-04
EXR/WY,EXR,WY,deep_dislocation,3040.197167573892,0.3239939447910238,-0.4701558555654317,0.9999912859409674,14,2,2025-12-04
EVRG/PCG,EVRG,PCG,deep_dislocation,-13970.30003476326,-1.0224852690666826,-0.4701558555654317,3.450052939202386e-28,30,2,2025-12-04
ATO/PCG,ATO,PCG,deep_dislocation,-4216.074825099953,-0.3339480852704388,-0.4701558555654317,2.2806123961551702e-14,28,2,2025-12-04
CINF/FMC,CINF,FMC,deep_dislocation,-26676.33991072422,-1.5270260802458449,-0.4701558555654317,1.303245449846833e-30,38,2,2025-12-04
HRL/MKC,HRL,MKC,deep_dislocation,1827.019607706508,0.35994517719572927,-0.4701558555654317,0.9998478463068078,14,2,2025-12-04
AKAM/KEYS,AKAM,KEYS,deep_dislocation,6807.389999999985,0.5825541139118757,-0.4701558555654317,0.9995689273011313,10,2,2025-12-04
BSX/WMB,BSX,WMB,deep_dislocation,-966.5495974269111,-0.09957346025989088,-0.4701558555654317,3.8686330894811966e-05,28,2,2025-12-04
FSLR/RSG,FSLR,RSG,deep_dislocation,-12987.4527320114,-0.45451881847746783,-0.4701558555654317,5.642667693694202e-08,24,2,2025-12-04
CDNS/PTC,CDNS,PTC,deep_dislocation,21840.64999999998,1.6208510613589886,-0.4701558555654317,0.9999960497836515,22,2,2025-12-04
AME/WMT,AME,WMT,deep_dislocation,7355.118260366611,1.1255222610653615,-0.4701558555654317,0.9999999999999994,18,2,2025-12-04
AON/GEN,AON,GEN,deep_dislocation,634.9081121323586,0.056499864972692666,-0.4701558555654317,0.2075000667585068,24,2,2025-12-04
HAS/YUM,HAS,YUM,long_z_short_v,210.4746810020151,0.032660607498749314,-0.5042227577485255,0.07364375891807515,44,2,2025-12-04
TXT/YUM,TXT,YUM,long_z_short_v,-1757.516920431386,-0.23517202567268028,-0.5042227577485255,8.284841630418198e-14,40,2,2025-12-04
CSCO/PAYC,CSCO,PAYC,long_z_short_v,3364.632226176416,0.44995944677357946,-0.5042227577485255,0.9999972017409986,40,2,2025-12-04
HAS/PFE,HAS,PFE,long_z_short_v,11421.51801996324,1.1610407169933388,-0.5042227577485255,0.9999999999060222,30,2,2025-12-04
EXR/WY,EXR,WY,long_z_short_v,5807.165623983781,0.7916821649497113,-0.5042227577485255,1.0,34,2,2025-12-04
EVRG/PCG,EVRG,PCG,long_z_short_v,-17566.45946292835,-1.9747761961959853,-0.5042227577485255,7.12712451649838e-22,36,2,2025-12-04
ATO/PCG,ATO,PCG,long_z_short_v,-10204.43050904154,-1.0700677275323494,-0.5042227577485255,3.414587510332563e-25,30,2,2025-12-04
CINF/FMC,CINF,FMC,long_z_short_v,9555.266131405562,0.7530421329178072,-0.5042227577485255,0.9999999999999994,48,2,2025-12-04
HRL/MKC,HRL,MKC,long_z_short_v,274.449468869167,0.05175657473754748,-0.5042227577485255,0.1415309750961244,34,2,2025-12-04
AKAM/KEYS,AKAM,KEYS,long_z_short_v,2351.459999999972,0.25919072841066965,-0.5042227577485255,0.996787668905253,28,2,2025-12-04
BSX/WMB,BSX,WMB,long_z_short_v,23.79746652855465,0.002881187746836368,-0.5042227577485255,0.021262108972375647,50,2,2025-12-04
FSLR/RSG,FSLR,RSG,long_z_short_v,-3687.113610329488,-0.21485668860024676,-0.5042227577485255,4.7556203555275295e-12,30,2,2025-12-04
CDNS/PTC,CDNS,PTC,long_z_short_v,8628.549999999967,0.9776285801559578,-0.5042227577485255,0.9999999998486412,34,2,2025-12-04
AME/WMT,AME,WMT,long_z_short_v,2321.372998837872,0.30237018443201624,-0.5042227577485255,0.9944107809802796,46,2,2025-12-04
AON/GEN,AON,GEN,long_z_short_v,-4785.280722478514,-0.5716620769955727,-0.5042227577485255,7.370295697369742e-15,34,2,2025-12-04
HAS/YUM,HAS,YUM,balanced_plus,5241.326321833303,0.5891255701454502,-0.5588190289911337,0.9999999138603878,50,2,2025-12-04
TXT/YUM,TXT,YUM,balanced_plus,-2929.222368134832,-0.3415948496227548,-0.5588190289911337,4.044915079658755e-19,58,2,2025-12-04
CSCO/PAYC,CSCO,PAYC,balanced_plus,-723.9915171464872,-0.0661615055368903,-0.5588190289911337,0.0006024345885050456,48,2,2025-12-04
HAS/PFE,HAS,PFE,balanced_plus,-6374.369935878469,-0.4956108378421157,-0.5588190289911337,6.879543954863869e-15,56,2,2025-12-04
EXR/WY,EXR,WY,balanced_plus,2886.072537516314,0.374405264764869,-0.5588190289911337,0.9999998617985897,44,2,2025-12-04
EVRG/PCG,EVRG,PCG,balanced_plus,-4600.541938172015,-0.5569102801355148,-0.5588190289911337,1.0270599784289868e-15,56,2,2025-12-04
ATO/PCG,ATO,PCG,balanced_plus,-7767.337434598943,-1.0104180658627246,-0.5588190289911337,2.1210294140353028e-23,56,2,2025-12-04
CINF/FMC,CINF,FMC,balanced_plus,-5179.126583037556,-0.4674934352995758,-0.5588190289911337,8.313481267394982e-10,44,2,2025-12-04
HRL/MKC,HRL,MKC,balanced_plus,3941.460758878711,0.6329225351907187,-0.5588190289911337,0.9999999783289962,42,2,2025-12-04
AKAM/KEYS,AKAM,KEYS,balanced_plus,9696.449999999997,1.1552282131254452,-0.5588190289911337,0.9999998367102388,42,2,2025-12-04
BSX/WMB,BSX,WMB,balanced_plus,4007.174663456195,0.4700630181798384,-0.5588190289911337,0.9999998868462533,68,2,2025-12-04
FSLR/RSG,FSLR,RSG,balanced_plus,3272.824349577636,0.1471156299263286,-0.5588190289911337,0.7218247174616409,48,2,2025-12-04
CDNS/PTC,CDNS,PTC,balanced_plus,4125.91999999996,0.4437785831309162,-0.5588190289911337,0.9999994379486223,54,2,2025-12-04
AME/WMT,AME,WMT,balanced_plus,-6938.860271557883,-0.7231437339505452,-0.5588190289911337,3.9346471775570357e-19,54,2,2025-12-04
AON/GEN,AON,GEN,balanced_plus,4423.606773901438,0.5317626654580426,-0.5588190289911337,0.9999999957184552,46,2,2025-12-04
HAS/YUM,HAS,YUM,slow_reentry,5976.087515855774,0.5299641612884194,-0.5623677488950212,0.9933144026222209,38,2,2025-12-04
TXT/YUM,TXT,YUM,slow_reentry,-1200.542273896746,-0.1689789100904355,-0.5623677488950212,3.788736177967763e-08,50,2,2025-12-04
CSCO/PAYC,CSCO,PAYC,slow_reentry,11201.00309702455,1.2246082054461815,-0.5623677488950212,0.9999984469891331,48,2,2025-12-04
HAS/PFE,HAS,PFE,slow_reentry,-14358.51325056912,-1.219289013922141,-0.5623677488950212,1.4080058169794232e-07,38,2,2025-12-04
EXR/WY,EXR,WY,slow_reentry,1276.537642638741,0.14648370746700937,-0.5623677488950212,0.8368306040319685,42,2,2025-12-04
EVRG/PCG,EVRG,PCG,slow_reentry,-2134.499964279307,-0.290053701361486,-0.5623677488950212,5.1785974759228693e-11,40,2,2025-12-04
ATO/PCG,ATO,PCG,slow_reentry,-4029.883293414169,-0.6294529828804926,-0.5623677488950212,3.021126883713528e-15,40,2,2025-12-04
CINF/FMC,CINF,FMC,slow_reentry,-7868.671599914623,-0.7469977616615847,-0.5623677488950212,9.264292139360653e-10,36,2,2025-12-04
HRL/MKC,HRL,MKC,slow_reentry,3180.369678156673,0.5501166874969512,-0.5623677488950212,0.9999995656593688,46,2,2025-12-04
AKAM/KEYS,AKAM,KEYS,slow_reentry,-676.189999999996,-0.08075206173483612,-0.5623677488950212,0.0005694208850266743,30,2,2025-12-04
BSX/WMB,BSX,WMB,slow_reentry,4435.326681068804,0.48862123367564003,-0.5623677488950212,0.9995701609911997,54,2,2025-12-04
FSLR/RSG,FSLR,RSG,slow_reentry,9688.470075272235,0.4290017352893581,-0.5623677488950212,0.9959732677476921,48,2,2025-12-04
CDNS/PTC,CDNS,PTC,slow_reentry,-1359.160000000011,-0.14981494568698625,-0.5623677488950212,3.4485641084753364e-05,46,2,2025-12-04
AME/WMT,AME,WMT,slow_reentry,-664.23374355531,-0.08545244705373459,-0.5623677488950212,1.873939431802185e-05,42,2,2025-12-04
AON/GEN,AON,GEN,slow_reentry,-659.4579925683037,-0.08480262484107987,-0.5623677488950212,6.76176090752992e-06,34,2,2025-12-04
HAS/YUM,HAS,YUM,high_leverage,9317.026467472922,0.5445378082975022,-0.5765878919411456,0.9952221593085281,42,2,2025-12-04
TXT/YUM,TXT,YUM,high_leverage,-4539.758505101552,-0.37773992242918625,-0.5765878919411456,1.7446188666262049e-16,54,2,2025-12-04
CSCO/PAYC,CSCO,PAYC,high_leverage,3099.542244480539,0.20856145897931935,-0.5765878919411456,0.9848700763994954,54,2,2025-12-04
HAS/PFE,HAS,PFE,high_leverage,-21212.65752561168,-1.110046602028919,-0.5765878919411456,8.199713443591745e-11,48,2,2025-12-04
EXR/WY,EXR,WY,high_leverage,5567.960005438763,0.40634256550473985,-0.5765878919411456,0.9999999764890145,48,2,2025-12-04
EVRG/PCG,EVRG,PCG,high_leverage,-19158.29953489357,-1.3826190976314703,-0.5765878919411456,2.9514205385407655e-22,50,2,2025-12-04
ATO/PCG,ATO,PCG,high_leverage,-10464.12193568838,-0.811726943193778,-0.5765878919411456,1.2288017299783945e-21,44,2,2025-12-04
CINF/FMC,CINF,FMC,high_leverage,-14270.83143044453,-0.7523505620059125,-0.5765878919411456,7.313984372659027e-15,42,2,2025-12-04
HRL/MKC,HRL,MKC,high_leverage,8019.014076188357,0.8353893851456671,-0.5765878919411456,0.9999999998325502,48,2,2025-12-04
AKAM/KEYS,AKAM,KEYS,high_leverage,1263.510000000012,0.09994311062255921,-0.5765878919411456,0.4610697340064325,32,2,2025-12-04
BSX/WMB,BSX,WMB,high_leverage,1979.943111395897,0.12766746803410678,-0.5765878919411456,0.6502943564366609,62,2,2025-12-04
FSLR/RSG,FSLR,RSG,high_leverage,24732.69891682038,0.716737829604077,-0.5765878919411456,0.999829320567279,56,2,2025-12-04
CDNS/PTC,CDNS,PTC,high_leverage,-3712.929999999987,-0.2769578294181543,-0.5765878919411456,7.674197779637996e-07,44,2,2025-12-04
AME/WMT,AME,WMT,high_leverage,1318.551196222198,0.10961011094041981,-0.5765878919411456,0.5318493611748798,46,2,2025-12-04
AON/GEN,AON,GEN,high_leverage,3863.216735236266,0.3177979094919758,-0.5765878919411456,0.986772509961534,38,2,2025-12-04
HAS/YUM,HAS,YUM,symmetric_exit,6864.233179460237,1.1898430188518971,-0.6189883218217112,0.9999999999991126,32,2,2025-12-04
TXT/YUM,TXT,YUM,symmetric_exit,755.3663033133407,0.1239902252075872,-0.6189883218217112,0.642084237607615,40,2,2025-12-04
CSCO/PAYC,CSCO,PAYC,symmetric_exit,3916.807187565426,0.4626817776087147,-0.6189883218217112,0.999942283336164,34,2,2025-12-04
HAS/PFE,HAS,PFE,symmetric_exit,-15473.15383399231,-1.2601233229029736,-0.6189883218217112,7.4910864780441e-09,44,2,2025-12-04
EXR/WY,EXR,WY,symmetric_exit,2665.386655129771,0.4335614508517603,-0.6189883218217112,0.9999999714568857,42,2,2025-12-04
EVRG/PCG,EVRG,PCG,symmetric_exit,1935.979973775244,0.24305363289518697,-0.6189883218217112,0.9792965708151822,50,2,2025-12-04
ATO/PCG,ATO,PCG,symmetric_exit,-8150.486110382555,-1.3258796736869585,-0.6189883218217112,4.605509244417079e-11,54,2,2025-12-04
CINF/FMC,CINF,FMC,symmetric_exit,-4479.691670826669,-0.4194832682282346,-0.6189883218217112,4.741417049904386e-09,42,2,2025-12-04
HRL/MKC,HRL,MKC,symmetric_exit,3190.381109643046,0.6591740344694833,-0.6189883218217112,0.9999468095168939,34,2,2025-12-04
AKAM/KEYS,AKAM,KEYS,symmetric_exit,2441.389999999992,0.30718548175546423,-0.6189883218217112,0.9937443238511449,24,2,2025-12-04
BSX/WMB,BSX,WMB,symmetric_exit,2327.007564989281,0.41977825809932146,-0.6189883218217112,0.9999770935585843,42,2,2025-12-04
FSLR/RSG,FSLR,RSG,symmetric_exit,10694.31458067706,0.5069314854904073,-0.6189883218217112,0.9951707569676062,40,2,2025-12-04
CDNS/PTC,CDNS,PTC,symmetric_exit,2742.049999999982,0.3385553598790447,-0.6189883218217112,0.9999849544623122,40,2,2025-12-04
AME/WMT,AME,WMT,symmetric_exit,-6020.840032454976,-0.8234778269597259,-0.6189883218217112,3.946641612178463e-11,36,2,2025-12-04
AON/GEN,AON,GEN,symmetric_exit,290.5045593201157,0.03671588468950685,-0.6189883218217112,0.09819596455363677,36,2,2025-12-04
HAS/YUM,HAS,YUM,default,7056.52868825956,0.6232539028863745,-0.7538037873849822,0.9961802935486973,42,2,2025-12-04
TXT/YUM,TXT,YUM,default,-3294.232766964008,-0.4524326427619106,-0.7538037873849822,3.395994159919453e-20,52,2,2025-12-04
CSCO/PAYC,CSCO,PAYC,default,2293.561182244541,0.2318566871500446,-0.7538037873849822,0.994702060999087,54,2,2025-12-04
HAS/PFE,HAS,PFE,default,-15501.7379748866,-1.230838128836026,-0.7538037873849822,6.884958697718665e-10,50,2,2025-12-04
EXR/WY,EXR,WY,default,1590.461252100257,0.17879464925059607,-0.7538037873849822,0.9578865496258733,46,2,2025-12-04
EVRG/PCG,EVRG,PCG,default,-8273.271851068344,-1.003771562729709,-0.7538037873849822,1.5913977498568926e-14,58,2,2025-12-04
ATO/PCG,ATO,PCG,default,-5047.158637786291,-0.6725685770493538,-0.7538037873849822,4.045009322120562e-16,52,2,2025-12-04
CINF/FMC,CINF,FMC,default,-2243.912239093696,-0.19202133876762145,-0.7538037873849822,7.409067816267451e-07,46,2,2025-12-04
HRL/MKC,HRL,MKC,default,4069.117765024182,0.6971011974345455,-0.7538037873849822,0.9999999248178655,48,2,2025-12-04
AKAM/KEYS,AKAM,KEYS,default,-448.2000000000055,-0.05247315868259329,-0.7538037873849822,0.0016790035753762866,38,2,2025-12-04
BSX/WMB,BSX,WMB,default,38.46113668426597,0.0039126895031574484,-0.7538037873849822,0.022311755695324065,64,2,2025-12-04
FSLR/RSG,FSLR,RSG,default,13966.1148713045,0.5957575016474623,-0.7538037873849822,0.9995859712420163,56,2,2025-12-04
CDNS/PTC,CDNS,PTC,default,-2357.629999999993,-0.25921976200081503,-0.7538037873849822,9.862341548779287e-07,46,2,2025-12-04
AME/WMT,AME,WMT,default,-1633.235650535214,-0.21207868830418905,-0.7538037873849822,3.1595223102340283e-12,46,2,2025-12-04
AON/GEN,AON,GEN,default,2681.36040094024,0.34750066929824264,-0.7538037873849822,0.9867807270786819,40,2,2025-12-04
HAS/YUM,HAS,YUM,quick_exit,3362.802170261295,0.3076466002270949,-0.8645175445901929,0.9590689245406258,46,2,2025-12-04
TXT/YUM,TXT,YUM,quick_exit,-1072.933074874928,-0.18937833125869175,-0.8645175445901929,2.4432249287408225e-08,56,2,2025-12-04
CSCO/PAYC,CSCO,PAYC,quick_exit,6952.518069999744,0.773788753109858,-0.8645175445901929,0.9999983904787071,48,2,2025-12-04
HAS/PFE,HAS,PFE,quick_exit,-2514.315687051619,-0.30670275458464463,-0.8645175445901929,3.0500579764906245e-11,52,2,2025-12-04
EXR/WY,EXR,WY,quick_exit,7578.92800351733,1.0256418745445615,-0.8645175445901929,0.9999993601734674,46,2,2025-12-04
EVRG/PCG,EVRG,PCG,quick_exit,-5261.395072373868,-0.7311923611741339,-0.8645175445901929,5.455174747047061e-13,64,2,2025-12-04
ATO/PCG,ATO,PCG,quick_exit,-2953.020136575526,-0.40220027101714767,-0.8645175445901929,9.178021485697038e-13,60,2,2025-12-04
CINF/FMC,CINF,FMC,quick_exit,-9684.673981085452,-1.3471710560134806,-0.8645175445901929,3.355319798823165e-17,48,2,2025-12-04
HRL/MKC,HRL,MKC,quick_exit,2635.894660799503,0.4824961699564605,-0.8645175445901929,0.9999946896377926,44,2,2025-12-04
AKAM/KEYS,AKAM,KEYS,quick_exit,-6550.159999999993,-0.9961526064594745,-0.8645175445901929,4.677307473459951e-11,38,2,2025-12-04
BSX/WMB,BSX,WMB,quick_exit,4972.129641079892,0.5488075115746333,-0.8645175445901929,0.9998715774824736,66,2,2025-12-04
FSLR/RSG,FSLR,RSG,quick_exit,-897.4349130643332,-0.041840754011893765,-0.8645175445901929,0.0006831086131529845,50,2,2025-12-04
CDNS/PTC,CDNS,PTC,quick_exit,-7791.209999999999,-0.8078064549857216,-0.8645175445901929,3.3785553413003556e-11,50,2,2025-12-04
AME/WMT,AME,WMT,quick_exit,-1898.868675247636,-0.36694081830224384,-0.8645175445901929,2.303829365289888e-14,46,2,2025-12-04
AON/GEN,AON,GEN,quick_exit,3733.03366391801,0.5599928966006328,-0.8645175445901929,0.9999998537409635,46,2,2025-12-04
HAS/YUM,HAS,YUM,tight_stop,3988.994394002184,0.3672259254312732,-0.9451137847881848,0.9765220083456235,46,2,2025-12-04
TXT/YUM,TXT,YUM,tight_stop,-1356.104883868491,-0.23264585699129908,-0.9451137847881848,6.650363985343831e-10,56,2,2025-12-04
CSCO/PAYC,CSCO,PAYC,tight_stop,4990.140368905868,0.5847278620313334,-0.9451137847881848,0.999989630524204,48,2,2025-12-04
HAS/PFE,HAS,PFE,tight_stop,-10124.04712653329,-0.9289875681056756,-0.9451137847881848,3.2709585246282965e-07,54,2,2025-12-04
EXR/WY,EXR,WY,tight_stop,5967.125259424701,0.8685635401209272,-0.9451137847881848,0.9999911676715061,46,2,2025-12-04
EVRG/PCG,EVRG,PCG,tight_stop,-7340.523334158301,-1.0116699071638664,-0.9451137847881848,1.3628118096554581e-12,66,2,2025-12-04
ATO/PCG,ATO,PCG,tight_stop,-1650.085130618085,-0.22355129151167802,-0.9451137847881848,1.4939973632713993e-09,58,2,2025-12-04
CINF/FMC,CINF,FMC,tight_stop,-7839.08392628129,-0.9888802392631378,-0.9451137847881848,1.2386972207046797e-15,48,2,2025-12-04
HRL/MKC,HRL,MKC,tight_stop,3061.528106343564,0.5498406251396604,-0.9451137847881848,0.9999988624054671,46,2,2025-12-04
AKAM/KEYS,AKAM,KEYS,tight_stop,-5424.370000000004,-0.8424617445339766,-0.9451137847881848,3.058414102572525e-11,38,2,2025-12-04
BSX/WMB,BSX,WMB,tight_stop,5602.747731561512,0.6232639863711136,-0.9451137847881848,0.99994302436594,66,2,2025-12-04
FSLR/RSG,FSLR,RSG,tight_stop,-793.3294999321729,-0.0376322041448842,-0.9451137847881848,0.0009757201444698921,50,2,2025-12-04
CDNS/PTC,CDNS,PTC,tight_stop,-6079.689999999999,-0.6685093891802966,-0.9451137847881848,1.3808840528007932e-09,48,2,2025-12-04
AME/WMT,AME,WMT,tight_stop,-205.254866005344,-0.03849911313205822,-0.9451137847881848,0.001976434341352567,48,2,2025-12-04
AON/GEN,AON,GEN,tight_stop,3440.989944636539,0.5194008915011489,-0.9451137847881848,0.9999997924111,46,2,2025-12-04
HAS/YUM,HAS,YUM,short_z_long_v,4884.520967657882,0.5203005286814623,-1.0816387694364644,0.9997122496533266,46,2,2025-12-04
TXT/YUM,TXT,YUM,short_z_long_v,-11433.61886704466,-1.3471237915968277,-1.0816387694364644,1.6736606286083252e-10,56,2,2025-12-04
CSCO/PAYC,CSCO,PAYC,short_z_long_v,-6696.850531375523,-0.6514610489536787,-1.0816387694364644,4.4947676705453656e-08,44,2,2025-12-04
HAS/PFE,HAS,PFE,short_z_long_v,64.13168406336513,0.00534766152051256,-1.0816387694364644,0.022605127348815604,50,2,2025-12-04
EXR/WY,EXR,WY,short_z_long_v,6660.378215783607,0.7915204153642438,-1.0816387694364644,0.9999999912671335,52,2,2025-12-04
EVRG/PCG,EVRG,PCG,short_z_long_v,-163.5041944290558,-0.018670404738099944,-1.0816387694364644,0.006553528194088844,64,2,2025-12-04
ATO/PCG,ATO,PCG,short_z_long_v,-9032.514505519432,-1.0194596008942458,-1.0816387694364644,9.111513696506003e-22,80,2,2025-12-04
CINF/FMC,CINF,FMC,short_z_long_v,-19520.40029629265,-0.9115134776982107,-1.0816387694364644,0.0008936450682846699,40,2,2025-12-04
HRL/MKC,HRL,MKC,short_z_long_v,1550.316297415216,0.27829084739008797,-1.0816387694364644,0.9998278359935302,52,2,2025-12-04
AKAM/KEYS,AKAM,KEYS,short_z_long_v,-2814.280000000017,-0.18180162706631184,-1.0816387694364644,2.1034991877986516e-05,56,2,2025-12-04
BSX/WMB,BSX,WMB,short_z_long_v,-5080.715924499752,-0.5586381877470357,-1.0816387694364644,4.36372188103169e-18,60,2,2025-12-04
FSLR/RSG,FSLR,RSG,short_z_long_v,7954.178278967835,0.40135781939020365,-1.0816387694364644,0.9855952677005541,60,2,2025-12-04
CDNS/PTC,CDNS,PTC,short_z_long_v,3619.920000000015,0.4668419016149188,-1.0816387694364644,0.9999963957734985,52,2,2025-12-04
AME/WMT,AME,WMT,short_z_long_v,-15136.172257502,-1.6264208293585223,-1.0816387694364644,5.110963134872249e-12,48,2,2025-12-04
AON/GEN,AON,GEN,short_z_long_v,15612.39487201856,1.6684243673144608,-1.0816387694364644,0.9999999992574234,56,2,2025-12-04
HAS/YUM,HAS,YUM,high_vol_specialist,8701.170530151638,1.3594610176366058,-1.2525300962965211,1.0,36,2,2025-12-04
TXT/YUM,TXT,YUM,high_vol_specialist,-3247.450080232072,-0.36272940885200433,-1.2525300962965211,1.2466435951140613e-09,36,2,2025-12-04
CSCO/PAYC,CSCO,PAYC,high_vol_specialist,5511.203826643474,0.6056673741538737,-1.2525300962965211,0.9999983379406708,32,2,2025-12-04
HAS/PFE,HAS,PFE,high_vol_specialist,-133.3776055651433,-0.010228224221855445,-1.2525300962965211,0.00914951430110777,40,2,2025-12-04
EXR/WY,EXR,WY,high_vol_specialist,8940.55660048661,1.2380255077494542,-1.2525300962965211,1.0,32,2,2025-12-04
EVRG/PCG,EVRG,PCG,high_vol_specialist,-12760.28491359816,-1.0279012637007574,-1.2525300962965211,2.1944414123961612e-26,48,2,2025-12-04
ATO/PCG,ATO,PCG,high_vol_specialist,-5966.700335353848,-0.5431237401410505,-1.2525300962965211,1.922881385858376e-30,50,2,2025-12-04
CINF/FMC,CINF,FMC,high_vol_specialist,-17173.68788216966,-1.4271514799047145,-1.2525300962965211,5.655489369707338e-36,24,2,2025-12-04
HRL/MKC,HRL,MKC,high_vol_specialist,4718.856817660287,0.7919325190816606,-1.2525300962965211,1.0,36,2,2025-12-04
AKAM/KEYS,AKAM,KEYS,high_vol_specialist,-10347.71,-0.6531408743894741,-1.2525300962965211,2.6677269752637576e-06,36,2,2025-12-04
BSX/WMB,BSX,WMB,high_vol_specialist,3426.475261709423,0.4798638261988173,-1.2525300962965211,0.9999999991704895,36,2,2025-12-04
FSLR/RSG,FSLR,RSG,high_vol_specialist,-14428.68740571567,-0.7632352369244007,-1.2525300962965211,5.541789344117717e-07,44,2,2025-12-04
CDNS/PTC,CDNS,PTC,high_vol_specialist,3408.37999999997,0.4258489112016798,-1.2525300962965211,0.9999989206988118,38,2,2025-12-04
AME/WMT,AME,WMT,high_vol_specialist,-11971.2582776957,-1.2844448117844691,-1.2525300962965211,2.3002005789023503e-12,36,2,2025-12-04
AON/GEN,AON,GEN,high_vol_specialist,9158.716312889841,0.8802212161064632,-1.2525300962965211,0.9999997921715602,36,2,2025-12-04
HAS/YUM,HAS,YUM,slow_signal,3097.322731196246,0.5537673529990795,-1.3784636866108648,0.9999999999258703,40,2,2025-12-04
TXT/YUM,TXT,YUM,slow_signal,-4192.121107582578,-0.5892585516906803,-1.3784636866108648,9.053897751024093e-19,40,2,2025-12-04
CSCO/PAYC,CSCO,PAYC,slow_signal,4774.771350909345,0.5186958304090791,-1.3784636866108648,0.9999910617421985,34,2,2025-12-04
HAS/PFE,HAS,PFE,slow_signal,9189.023549584403,0.8233346060224233,-1.3784636866108648,0.9999977033601168,34,2,2025-12-04
EXR/WY,EXR,WY,slow_signal,6004.938039941425,0.9649386795782534,-1.3784636866108648,1.0,28,2,2025-12-04
EVRG/PCG,EVRG,PCG,slow_signal,-10801.40356681319,-0.9507475344910123,-1.3784636866108648,4.841994045482257e-24,52,2,2025-12-04
ATO/PCG,ATO,PCG,slow_signal,-12500.58687538803,-1.3507683243151947,-1.3784636866108648,4.215063143446121e-28,54,2,2025-12-04
CINF/FMC,CINF,FMC,slow_signal,-6264.813646729358,-0.7511918570667333,-1.3784636866108648,4.332225935778616e-24,34,2,2025-12-04
HRL/MKC,HRL,MKC,slow_signal,2761.279919182683,0.6310592983976216,-1.3784636866108648,0.9999999998915462,26,2,2025-12-04
AKAM/KEYS,AKAM,KEYS,slow_signal,-11998.14999999999,-0.7630807621541889,-1.3784636866108648,4.069865091991386e-06,34,2,2025-12-04
BSX/WMB,BSX,WMB,slow_signal,-1632.79268137929,-0.30463714718144563,-1.3784636866108648,5.906089302021281e-11,30,2,2025-12-04
FSLR/RSG,FSLR,RSG,slow_signal,-10950.8203023,-0.5842081087756167,-1.3784636866108648,8.737826040105108e-08,44,2,2025-12-04
CDNS/PTC,CDNS,PTC,slow_signal,-198.0500000000301,-0.026505497003847148,-1.3784636866108648,0.00575719399582416,38,2,2025-12-04
AME/WMT,AME,WMT,slow_signal,-2247.304511339621,-0.2716421030902329,-1.3784636866108648,4.037501492578783e-17,34,2,2025-12-04
AON/GEN,AON,GEN,slow_signal,1301.085613402382,0.13235039026536782,-1.3784636866108648,0.7008217459642025,36,2,2025-12-04
HAS/YUM,HAS,YUM,no_leverage,3571.498548846846,0.6301484330615459,-1.385652332153965,0.9964176761774561,42,2,2025-12-04
TXT/YUM,TXT,YUM,no_leverage,-1618.454172477366,-0.44330649047986287,-1.385652332153965,7.76203852920682e-20,52,2,2025-12-04
CSCO/PAYC,CSCO,PAYC,no_leverage,1146.51922702826,0.23151716421222907,-1.385652332153965,0.9946308656563577,54,2,2025-12-04
HAS/PFE,HAS,PFE,no_leverage,-7733.190700397618,-1.2254297109628438,-1.385652332153965,7.340142814936859e-10,50,2,2025-12-04
EXR/WY,EXR,WY,no_leverage,803.934620401315,0.18037387459988108,-1.385652332153965,0.9612222734062061,46,2,2025-12-04
EVRG/PCG,EVRG,PCG,no_leverage,-4146.452365926572,-1.004797540456543,-1.385652332153965,1.3533932501424884e-14,58,2,2025-12-04
ATO/PCG,ATO,PCG,no_leverage,-2508.690493083652,-0.6683745750469532,-1.385652332153965,3.548177893232178e-16,52,2,2025-12-04
CINF/FMC,CINF,FMC,no_leverage,-1093.820346494499,-0.18693133210225088,-1.385652332153965,9.368349163144016e-07,46,2,2025-12-04
HRL/MKC,HRL,MKC,no_leverage,2023.681014421883,0.6928078445735152,-1.385652332153965,0.9999999220925513,48,2,2025-12-04
AKAM/KEYS,AKAM,KEYS,no_leverage,-192.7100000000066,-0.04498421087634824,-1.385652332153965,0.0023775562197285867,38,2,2025-12-04
BSX/WMB,BSX,WMB,no_leverage,20.03104675689247,0.004075395774367545,-1.385652332153965,0.02250710161880466,64,2,2025-12-04
FSLR/RSG,FSLR,RSG,no_leverage,6953.276657225835,0.5930204643302428,-1.385652332153965,0.9995535058678726,56,2,2025-12-04
CDNS/PTC,CDNS,PTC,no_leverage,-1175.199999999998,-0.25792329698577693,-1.385652332153965,1.0518347655850713e-06,46,2,2025-12-04
AME/WMT,AME,WMT,no_leverage,-808.1608048738356,-0.21000048006902672,-1.385652332153965,3.918460603166444e-12,46,2,2025-12-04
AON/GEN,AON,GEN,no_leverage,1355.482281037908,0.3498178338581731,-1.385652332153965,0.9872180138862515,40,2,2025-12-04
HAS/YUM,HAS,YUM,patient_hold,7001.761410566344,1.2025461073078252,-1.7043560558248645,0.999999999999985,26,2,2025-12-04
TXT/YUM,TXT,YUM,patient_hold,-6642.857357108474,-0.9415786637546758,-1.7043560558248645,6.130892714036709e-21,36,2,2025-12-04
CSCO/PAYC,CSCO,PAYC,patient_hold,-5228.711949989526,-0.33590258821107855,-1.7043560558248645,1.7323206412792478e-06,26,2,2025-12-04
HAS/PFE,HAS,PFE,patient_hold,-5237.031577836187,-0.48449605534343804,-1.7043560558248645,1.329801198960977e-09,32,2,2025-12-04
EXR/WY,EXR,WY,patient_hold,2095.902036069776,0.3568426005966131,-1.7043560558248645,0.9999993604873922,20,2,2025-12-04
EVRG/PCG,EVRG,PCG,patient_hold,-8632.20284553579,-0.9182874290102749,-1.7043560558248645,1.1063628426736478e-22,42,2,2025-12-04
ATO/PCG,ATO,PCG,patient_hold,-5072.385030951364,-0.5746617854088857,-1.7043560558248645,1.8224100268652215e-22,42,2,2025-12-04
CINF/FMC,CINF,FMC,patient_hold,-5394.160402022547,-0.5228885002378878,-1.7043560558248645,4.558834542684805e-09,26,2,2025-12-04
HRL/MKC,HRL,MKC,patient_hold,156.946150812516,0.030302478240830034,-1.7043560558248645,0.06261900290183117,30,2,2025-12-04
AKAM/KEYS,AKAM,KEYS,patient_hold,-4112.860000000002,-0.4942007868296992,-1.7043560558248645,2.2071536198049572e-06,28,2,2025-12-04
BSX/WMB,BSX,WMB,patient_hold,4614.438767149074,0.719024457958333,-1.7043560558248645,0.9999999980749906,38,2,2025-12-04
FSLR/RSG,FSLR,RSG,patient_hold,-7996.535020946966,-0.4582443453074116,-1.7043560558248645,4.0215156369003633e-07,32,2,2025-12-04
CDNS/PTC,CDNS,PTC,patient_hold,-71.68000000002712,-0.00965633781798542,-1.7043560558248645,0.011969368378141004,30,2,2025-12-04
AME/WMT,AME,WMT,patient_hold,-3836.313386495771,-0.5196097254958773,-1.7043560558248645,3.3384613015344555e-13,32,2,2025-12-04
AON/GEN,AON,GEN,patient_hold,437.2140061612754,0.06098267840921691,-1.7043560558248645,0.23134872396230705,30,2,2025-12-04
HAS/YUM,HAS,YUM,conservative_no_leverage,3697.494956867943,1.3946708434612236,-1.9211129787218897,0.9999999999999966,28,2,2025-12-04
TXT/YUM,TXT,YUM,conservative_no_leverage,-2113.835122538382,-0.647979948747361,-1.9211129787218897,4.111345732823106e-16,32,2,2025-12-04
CSCO/PAYC,CSCO,PAYC,conservative_no_leverage,4023.520429049311,0.9593665078515189,-1.9211129787218897,0.9999788286006478,34,2,2025-12-04
HAS/PFE,HAS,PFE,conservative_no_leverage,-901.5017450319078,-0.13327131063985515,-1.9211129787218897,2.266304662741549e-06,32,2,2025-12-04
EXR/WY,EXR,WY,conservative_no_leverage,2761.486402200121,0.8073804779809747,-1.9211129787218897,1.0,26,2,2025-12-04
EVRG/PCG,EVRG,PCG,conservative_no_leverage,-6801.950538823032,-1.4084522636699144,-1.9211129787218897,1.5441444858026397e-28,34,2,2025-12-04
ATO/PCG,ATO,PCG,conservative_no_leverage,-3618.162231358604,-0.7994430399052862,-1.9211129787218897,6.578805326065866e-24,34,2,2025-12-04
CINF/FMC,CINF,FMC,conservative_no_leverage,-6955.587988027432,-1.161659324730524,-1.9211129787218897,1.8967433867366504e-34,28,2,2025-12-04
HRL/MKC,HRL,MKC,conservative_no_leverage,998.9917699096393,0.4092667399941499,-1.9211129787218897,0.999999955039065,26,2,2025-12-04
AKAM/KEYS,AKAM,KEYS,conservative_no_leverage,312.969999999994,0.07419141657073587,-1.9211129787218897,0.2645582329175966,24,2,2025-12-04
BSX/WMB,BSX,WMB,conservative_no_leverage,1417.673225519814,0.4922165441075213,-1.9211129787218897,0.9999944473877718,30,2,2025-12-04
FSLR/RSG,FSLR,RSG,conservative_no_leverage,-9637.569777369295,-1.0320157204201599,-1.9211129787218897,1.9750484824132e-05,30,2,2025-12-04
CDNS/PTC,CDNS,PTC,conservative_no_leverage,928.2899999999919,0.21936239892181994,-1.9211129787218897,0.995904910552926,32,2,2025-12-04
AME/WMT,AME,WMT,conservative_no_leverage,586.2211604087579,0.17187787157841358,-1.9211129787218897,0.8222754970924606,28,2,2025-12-04
AON/GEN,AON,GEN,conservative_no_leverage,3986.59289695269,0.9363596373569111,-1.9211129787218897,0.9999611114474244,32,2,2025-12-04
HAS/YUM,HAS,YUM,conservative,2379.163818485292,1.480749668262739,-2.3301238681220062,0.9999855539274054,16,2,2025-12-04
TXT/YUM,TXT,YUM,conservative,-48.37467076367875,-0.023966127629236892,-2.3301238681220062,0.005673414206442874,24,2,2025-12-04
CSCO/PAYC,CSCO,PAYC,conservative,-3454.605778907642,-0.4587518540914083,-2.3301238681220062,6.767914369509976e-05,20,2,2025-12-04
HAS/PFE,HAS,PFE,conservative,815.7680651227299,0.23744453352070544,-2.3301238681220062,0.9297398872486946,30,2,2025-12-04
EXR/WY,EXR,WY,conservative,895.2659717360726,0.47652224324487163,-2.3301238681220062,0.9999957628407984,22,2,2025-12-04
EVRG/PCG,EVRG,PCG,conservative,-652.3448398769706,-0.22877563574706547,-2.3301238681220062,1.0575686360808414e-07,34,2,2025-12-04
ATO/PCG,ATO,PCG,conservative,-1962.199546836189,-0.7783651808524024,-2.3301238681220062,6.056042373945581e-08,36,2,2025-12-04
CINF/FMC,CINF,FMC,conservative,-4586.854417437611,-1.6358440385079984,-2.3301238681220062,7.665748034644079e-09,28,2,2025-12-04
HRL/MKC,HRL,MKC,conservative,-514.7271920542157,-0.39266400367125126,-2.3301238681220062,3.2913977210336696e-06,20,2,2025-12-04
AKAM/KEYS,AKAM,KEYS,conservative,-1966.409999999999,-0.7533223790283534,-2.3301238681220062,2.0942457028324697e-06,22,2,2025-12-04
BSX/WMB,BSX,WMB,conservative,1412.491932485558,0.9883203659290948,-2.3301238681220062,0.9999999787753971,20,2,2025-12-04
FSLR/RSG,FSLR,RSG,conservative,-5258.669129752808,-0.6009632474054947,-2.3301238681220062,9.113600010993756e-06,24,2,2025-12-04
CDNS/PTC,CDNS,PTC,conservative,1583.999999999984,0.44367755007224874,-2.3301238681220062,0.9999944950472763,30,2,2025-12-04
AME/WMT,AME,WMT,conservative,345.3675421679316,0.2111488326164285,-2.3301238681220062,0.9810576093633229,20,2,2025-12-04
AON/GEN,AON,GEN,conservative,2696.225618274334,1.7231479745398897,-2.3301238681220062,0.9999999991656943,22,2,2025-12-04
HAS/YUM,HAS,YUM,aggressive,34447.07838829522,1.7737203945187023,0.3799472699564503,0.999999992361257,84,3,2026-01-12
TXT/YUM,TXT,YUM,aggressive,-2621.138501605696,-0.1633142544840368,0.3799472699564503,4.705474747387773e-08,100,3,2026-01-12
CSCO/PAYC,CSCO,PAYC,aggressive,4855.696907422655,0.2504843983168707,0.3799472699564503,0.9955870172007866,86,3,2026-01-12
HAS/PFE,HAS,PFE,aggressive,12479.310502034,0.45361838011155753,0.3799472699564503,0.9999916706817723,96,3,2026-01-12
EXR/WY,EXR,WY,aggressive,10200.101178887,0.5915565938333313,0.3799472699564503,1.0,72,3,2026-01-12
EVRG/PCG,EVRG,PCG,aggressive,-36136.24030866866,-1.8607294309891287,0.3799472699564503,5.469360234152827e-26,72,3,2026-01-12
ATO/PCG,ATO,PCG,aggressive,-14614.24238480675,-0.8678064467391445,0.3799472699564503,6.138880657423271e-27,78,3,2026-01-12
CINF/FMC,CINF,FMC,aggressive,6492.193542843432,0.12739386113426598,0.3799472699564503,0.8459261919211765,80,3,2026-01-12
HRL/MKC,HRL,MKC,aggressive,10023.13868771917,0.5887394159681709,0.3799472699564503,0.9999990509084764,84,3,2026-01-12
AKAM/KEYS,AKAM,KEYS,aggressive,15946.68000000005,0.6763935979387382,0.3799472699564503,0.9999962480401031,68,3,2026-01-12
BSX/WMB,BSX,WMB,aggressive,-9550.52214617096,-0.5086204529902468,0.3799472699564503,9.327083508432687e-27,106,3,2026-01-12
FSLR/RSG,FSLR,RSG,aggressive,33033.80508557733,0.7648241098792735,0.3799472699564503,0.9999995905846393,100,3,2026-01-12
CDNS/PTC,CDNS,PTC,aggressive,-5331.330000000075,-0.28240435365073463,0.3799472699564503,1.8001903097825335e-10,90,3,2026-01-12
AME/WMT,AME,WMT,aggressive,-5687.977868168604,-0.297359930776572,0.3799472699564503,1.0489599624835226e-21,98,3,2026-01-12
AON/GEN,AON,GEN,aggressive,9285.8434360485,0.5168039898711887,0.3799472699564503,0.9999992139877777,78,3,2026-01-12
HAS/YUM,HAS,YUM,vol_gated,7070.510267289229,0.5943220949429696,0.3766676937094692,0.9999955083310715,60,3,2026-01-12
TXT/YUM,TXT,YUM,vol_gated,1356.311282526407,0.16122214081862757,0.3766676937094692,0.8751642992431112,68,3,2026-01-12
CSCO/PAYC,CSCO,PAYC,vol_gated,3955.510688192553,0.32919700896586535,0.3766676937094692,0.9996637076617785,52,3,2026-01-12
HAS/PFE,HAS,PFE,vol_gated,-6351.835101228642,-0.45172002414004986,0.3766676937094692,2.108203149247134e-17,62,3,2026-01-12
EXR/WY,EXR,WY,vol_gated,12096.31972543662,1.1222339335753388,0.3766676937094692,0.9999999999999999,58,3,2026-01-12
EVRG/PCG,EVRG,PCG,vol_gated,-229.2537114571387,-0.028184136610985455,0.3766676937094692,0.0029489796378300986,58,3,2026-01-12
ATO/PCG,ATO,PCG,vol_gated,-7778.011726503451,-0.9377874838734312,0.3766676937094692,2.9783620713764634e-29,54,3,2026-01-12
CINF/FMC,CINF,FMC,vol_gated,-6793.059896802511,-0.508148992761105,0.3766676937094692,2.2950747823890028e-14,58,3,2026-01-12
HRL/MKC,HRL,MKC,vol_gated,1395.63751086566,0.18341258271172947,0.3766676937094692,0.9392351141762642,56,3,2026-01-12
AKAM/KEYS,AKAM,KEYS,vol_gated,15659.02,1.7416130386818234,0.3766676937094692,0.9999999668912041,52,3,2026-01-12
BSX/WMB,BSX,WMB,vol_gated,-277.4832387770621,-0.027562868704648042,0.3766676937094692,0.002784942690506457,74,3,2026-01-12
FSLR/RSG,FSLR,RSG,vol_gated,11075.27834579822,0.4368142145340381,0.3766676937094692,0.9986500879839129,70,3,2026-01-12
CDNS/PTC,CDNS,PTC,vol_gated,2429.530000000003,0.21995905257754794,0.3766676937094692,0.9902952613286055,72,3,2026-01-12
AME/WMT,AME,WMT,vol_gated,11252.88834892986,1.1754366860046876,0.3766676937094692,0.9999999697519082,60,3,2026-01-12
AON/GEN,AON,GEN,vol_gated,499.7801239886603,0.04675062604713004,0.3766676937094692,0.1357087520112658,54,3,2026-01-12
HAS/YUM,HAS,YUM,fast_signal,-3301.748828656783,-0.2907453465204812,0.2812231448844274,8.816420299524274e-15,70,3,2026-01-12
TXT/YUM,TXT,YUM,fast_signal,-3498.799834099234,-0.4167900344784945,0.2812231448844274,3.008563459729307e-20,68,3,2026-01-12
CSCO/PAYC,CSCO,PAYC,fast_signal,8778.479676802368,0.6887764640781733,0.2812231448844274,0.9999999845635913,68,3,2026-01-12
HAS/PFE,HAS,PFE,fast_signal,14912.01752053903,0.9619282582801721,0.2812231448844274,0.9999999964681585,62,3,2026-01-12
EXR/WY,EXR,WY,fast_signal,3948.002267719691,0.4283216935571507,0.2812231448844274,0.9999999999627447,76,3,2026-01-12
EVRG/PCG,EVRG,PCG,fast_signal,3245.382869989273,0.382920449971114,0.2812231448844274,0.9999511464557662,74,3,2026-01-12
ATO/PCG,ATO,PCG,fast_signal,6874.079790286026,0.7533876608490782,0.2812231448844274,0.9999999998908895,68,3,2026-01-12
CINF/FMC,CINF,FMC,fast_signal,-2802.347260859948,-0.1997323770472044,0.2812231448844274,1.1035511999390787e-07,72,3,2026-01-12
HRL/MKC,HRL,MKC,fast_signal,-3826.575664523682,-0.6087195179069891,0.2812231448844274,5.316054484215065e-21,66,3,2026-01-12
AKAM/KEYS,AKAM,KEYS,fast_signal,-3545.80000000001,-0.4253604096037953,0.2812231448844274,5.474960866518579e-11,52,3,2026-01-12
BSX/WMB,BSX,WMB,fast_signal,-4957.334364515071,-0.45297836291481913,0.2812231448844274,1.6775903670017187e-19,86,3,2026-01-12
FSLR/RSG,FSLR,RSG,fast_signal,17987.70982521465,0.7542142346571449,0.2812231448844274,0.9995975375858892,58,3,2026-01-12
CDNS/PTC,CDNS,PTC,fast_signal,-1267.980000000014,-0.12973479762678675,0.2812231448844274,4.59862223771187e-05,62,3,2026-01-12
AME/WMT,AME,WMT,fast_signal,5260.072160145024,0.6930324444209912,0.2812231448844274,0.9999999999998267,76,3,2026-01-12
AON/GEN,AON,GEN,fast_signal,3791.210471650676,0.36369536768405675,0.2812231448844274,0.995920712552801,72,3,2026-01-12
HAS/YUM,HAS,YUM,fast_reentry,8390.703596589745,0.6900119364623997,0.2746401328961517,0.9985592438233816,46,3,2026-01-12
TXT/YUM,TXT,YUM,fast_reentry,-6932.756829193424,-0.841069411874126,0.2746401328961517,6.653917094063266e-32,66,3,2026-01-12
CSCO/PAYC,CSCO,PAYC,fast_reentry,1603.527004887594,0.14878637498887531,0.2746401328961517,0.8525502527207818,62,3,2026-01-12
HAS/PFE,HAS,PFE,fast_reentry,-6121.545541748763,-0.4435557099831173,0.2746401328961517,5.805644540651346e-17,72,3,2026-01-12
EXR/WY,EXR,WY,fast_reentry,-1684.25175215557,-0.22990497896970516,0.2746401328961517,1.549429399473113e-08,50,3,2026-01-12
EVRG/PCG,EVRG,PCG,fast_reentry,-3648.469120554511,-0.3699288168254127,0.2746401328961517,2.5381063924883383e-15,66,3,2026-01-12
ATO/PCG,ATO,PCG,fast_reentry,2431.367378109477,0.26427519490685686,0.2746401328961517,0.9962610205814857,72,3,2026-01-12
CINF/FMC,CINF,FMC,fast_reentry,3447.894324928623,0.10648601963305096,0.2746401328961517,0.596231318419374,68,3,2026-01-12
HRL/MKC,HRL,MKC,fast_reentry,2694.536117313078,0.36925448593293725,0.2746401328961517,0.9999309915354421,50,3,2026-01-12
AKAM/KEYS,AKAM,KEYS,fast_reentry,2482.809999999999,0.2521366671220965,0.2746401328961517,0.9948390400247592,42,3,2026-01-12
BSX/WMB,BSX,WMB,fast_reentry,5263.110057469345,0.47879223047431074,0.2746401328961517,0.9999783273382009,76,3,2026-01-12
FSLR/RSG,FSLR,RSG,fast_reentry,22413.52756713473,0.876029302835826,0.2746401328961517,0.9999877659816427,70,3,2026-01-12
CDNS/PTC,CDNS,PTC,fast_reentry,-66.01999999999953,-0.00656986289943905,0.2746401328961517,0.013371333355756068,50,3,2026-01-12
AME/WMT,AME,WMT,fast_reentry,2653.121548926952,0.30047255751616797,0.2746401328961517,0.9946095648837477,60,3,2026-01-12
AON/GEN,AON,GEN,fast_reentry,9853.278259237697,0.9881169486812774,0.2746401328961517,0.9999996910822212,56,3,2026-01-12
HAS/YUM,HAS,YUM,static_threshold,7057.638992275906,0.6322947980756473,0.2607719959977956,1.0,80,3,2026-01-12
TXT/YUM,TXT,YUM,static_threshold,3519.728312995692,0.3080455405429758,0.2607719959977956,0.9999263059847675,88,3,2026-01-12
CSCO/PAYC,CSCO,PAYC,static_threshold,8452.652473925622,0.6466270659578467,0.2607719959977956,0.9999999999394086,92,3,2026-01-12
HAS/PFE,HAS,PFE,static_threshold,4140.737897077087,0.2528222509841963,0.2607719959977956,0.982980162537744,78,3,2026-01-12
EXR/WY,EXR,WY,static_threshold,7678.133304790248,0.7077739929576033,0.2607719959977956,1.0,72,3,2026-01-12
EVRG/PCG,EVRG,PCG,static_threshold,-15118.7137798167,-1.2820830702349546,0.2607719959977956,1.1942474064124264e-32,88,3,2026-01-12
ATO/PCG,ATO,PCG,static_threshold,-12825.70693938977,-1.1058497596043717,0.2607719959977956,3.4347364610915604e-27,90,3,2026-01-12
CINF/FMC,CINF,FMC,static_threshold,-3438.825180802178,-0.20294541364030774,0.2607719959977956,7.859593997150187e-08,80,3,2026-01-12
HRL/MKC,HRL,MKC,static_threshold,5861.439902100276,0.6435368760068914,0.2607719959977956,0.9999999999933181,82,3,2026-01-12
AKAM/KEYS,AKAM,KEYS,static_threshold,-8164.209999999963,-0.4354882312972131,0.2607719959977956,1.5061618212594814e-07,76,3,2026-01-12
BSX/WMB,BSX,WMB,static_threshold,8262.644932755407,0.7938602370678118,0.2607719959977956,1.0,92,3,2026-01-12
FSLR/RSG,FSLR,RSG,static_threshold,30917.23792186139,1.2549376510676704,0.2607719959977956,1.0,90,3,2026-01-12
CDNS/PTC,CDNS,PTC,static_threshold,1259.329999999993,0.11686059954247711,0.2607719959977956,0.6299275991511779,72,3,2026-01-12
AME/WMT,AME,WMT,static_threshold,-6994.917216624793,-0.5253531801125605,0.2607719959977956,8.274585315412e-28,92,3,2026-01-12
AON/GEN,AON,GEN,static_threshold,12141.97023894783,0.9349182005328681,0.2607719959977956,0.999999999994242,86,3,2026-01-12
HAS/YUM,HAS,YUM,vol_agnostic,757.4535699526423,0.05363304153685628,0.1476731330948112,0.18330165665977066,88,3,2026-01-12
TXT/YUM,TXT,YUM,vol_agnostic,-6296.897170498805,-0.5745069249917734,0.1476731330948112,2.474515056240867e-22,78,3,2026-01-12
CSCO/PAYC,CSCO,PAYC,vol_agnostic,9105.634473162856,0.704389568010052,0.1476731330948112,0.9999999999964052,88,3,2026-01-12
HAS/PFE,HAS,PFE,vol_agnostic,1858.183273660095,0.11986847681725878,0.1476731330948112,0.6169364176421419,78,3,2026-01-12
EXR/WY,EXR,WY,vol_agnostic,16592.14671101146,1.3170619051709092,0.1476731330948112,1.0,78,3,2026-01-12
EVRG/PCG,EVRG,PCG,vol_agnostic,-24739.33576579303,-1.7969670814493202,0.1476731330948112,5.828045737863588e-24,70,3,2026-01-12
ATO/PCG,ATO,PCG,vol_agnostic,-11403.80394476572,-0.9168724605690511,0.1476731330948112,3.392611544649145e-32,62,3,2026-01-12
CINF/FMC,CINF,FMC,vol_agnostic,8295.436792935416,0.24002869201760865,0.1476731330948112,0.9956227405673405,66,3,2026-01-12
HRL/MKC,HRL,MKC,vol_agnostic,3106.610340132757,0.3340239748587376,0.1476731330948112,0.9999863063277605,76,3,2026-01-12
AKAM/KEYS,AKAM,KEYS,vol_agnostic,-7352.759999999955,-0.39874694222001567,0.1476731330948112,2.6632461309022714e-07,66,3,2026-01-12
BSX/WMB,BSX,WMB,vol_agnostic,7226.312050072905,0.5680268891418372,0.1476731330948112,0.9999999903214749,92,3,2026-01-12
FSLR/RSG,FSLR,RSG,vol_agnostic,26305.36610338352,1.0325521168922431,0.1476731330948112,1.0,96,3,2026-01-12
CDNS/PTC,CDNS,PTC,vol_agnostic,-1250.78000000001,-0.11318603610575244,0.1476731330948112,3.550327185538741e-05,62,3,2026-01-12
AME/WMT,AME,WMT,vol_agnostic,-9095.827624356969,-0.6932031210635347,0.1476731330948112,2.2128539843487544e-32,86,3,2026-01-12
AON/GEN,AON,GEN,vol_agnostic,23566.58670438864,1.8371599563438903,0.1476731330948112,0.9999999999999638,64,3,2026-01-12
HAS/YUM,HAS,YUM,vol_adaptive,6527.325784794537,0.557420558967906,0.0972795304695585,0.9999940140039579,60,3,2026-01-12
TXT/YUM,TXT,YUM,vol_adaptive,1231.924030866008,0.1449465654376681,0.0972795304695585,0.801563204342477,70,3,2026-01-12
CSCO/PAYC,CSCO,PAYC,vol_adaptive,5970.541600486905,0.493000439021098,0.0972795304695585,0.9999959565229415,56,3,2026-01-12
HAS/PFE,HAS,PFE,vol_adaptive,-6899.58236656826,-0.48052463597736966,0.0972795304695585,8.533627207464939e-19,64,3,2026-01-12
EXR/WY,EXR,WY,vol_adaptive,12018.69844277654,1.1175323335702727,0.0972795304695585,1.0,60,3,2026-01-12
EVRG/PCG,EVRG,PCG,vol_adaptive,-673.9546695265544,-0.0824439495326588,0.0972795304695585,2.7150057931165523e-05,60,3,2026-01-12
ATO/PCG,ATO,PCG,vol_adaptive,-7949.456595521503,-0.9641858920619175,0.0972795304695585,8.519002574020575e-29,54,3,2026-01-12
CINF/FMC,CINF,FMC,vol_adaptive,-6735.103124215026,-0.5067726078101615,0.0972795304695585,3.2359236941495e-14,58,3,2026-01-12
HRL/MKC,HRL,MKC,vol_adaptive,1161.30969799663,0.15339979805003567,0.0972795304695585,0.8449888936502554,58,3,2026-01-12
AKAM/KEYS,AKAM,KEYS,vol_adaptive,10621.35000000001,1.0984209974485748,0.0972795304695585,0.9999997734015418,54,3,2026-01-12
BSX/WMB,BSX,WMB,vol_adaptive,591.539943349303,0.05881560395597835,0.0972795304695585,0.21001044447001105,76,3,2026-01-12
FSLR/RSG,FSLR,RSG,vol_adaptive,11032.67521561119,0.4383224950476243,0.0972795304695585,0.9987268576162257,70,3,2026-01-12
CDNS/PTC,CDNS,PTC,vol_adaptive,-509.4800000000232,-0.04505495481900295,0.0972795304695585,0.0016161973994900654,74,3,2026-01-12
AME/WMT,AME,WMT,vol_adaptive,7293.948846663536,0.7763216109204134,0.0972795304695585,0.9999943043802387,60,3,2026-01-12
AON/GEN,AON,GEN,vol_adaptive,-1316.645052111048,-0.12181713812581972,0.0972795304695585,2.865355214739064e-06,56,3,2026-01-12
HAS/YUM,HAS,YUM,low_entry,8184.225850940985,0.5321777973990969,-0.0773484313712252,0.999919027384846,88,3,2026-01-12
TXT/YUM,TXT,YUM,low_entry,2591.924120912967,0.27632383824873646,-0.0773484313712252,0.9990988949483081,90,3,2026-01-12
CSCO/PAYC,CSCO,PAYC,low_entry,-4083.347874811907,-0.3041627794817568,-0.0773484313712252,3.516805389489765e-10,92,3,2026-01-12
HAS/PFE,HAS,PFE,low_entry,11184.01240224721,0.5984241951912931,-0.0773484313712252,0.9999997744942453,102,3,2026-01-12
EXR/WY,EXR,WY,low_entry,-594.9646301861644,-0.06231944181959762,-0.0773484313712252,0.0005389157924476737,94,3,2026-01-12
EVRG/PCG,EVRG,PCG,low_entry,-18821.33829379675,-1.5262305661397975,-0.0773484313712252,3.803754232521637e-17,98,3,2026-01-12
ATO/PCG,ATO,PCG,low_entry,-9205.3607557157,-0.7944291796690817,-0.0773484313712252,5.209672285529251e-27,100,3,2026-01-12
CINF/FMC,CINF,FMC,low_entry,7536.975847996006,0.2278557331940251,-0.0773484313712252,0.991253636869776,98,3,2026-01-12
HRL/MKC,HRL,MKC,low_entry,-325.0919991061423,-0.035193139330987715,-0.0773484313712252,0.002610711772690813,86,3,2026-01-12
AKAM/KEYS,AKAM,KEYS,low_entry,5023.21000000002,0.43391325647326007,-0.0773484313712252,0.9999991726125292,62,3,2026-01-12
BSX/WMB,BSX,WMB,low_entry,-3552.232705915953,-0.2828386526642431,-0.0773484313712252,2.0860063891117975e-14,106,3,2026-01-12
FSLR/RSG,FSLR,RSG,low_entry,16256.63756028586,0.5987427454856387,-0.0773484313712252,0.9999796222747169,110,3,2026-01-12
CDNS/PTC,CDNS,PTC,low_entry,-3735.800000000016,-0.3051452960433233,-0.0773484313712252,8.073276912360156e-11,90,3,2026-01-12
AME/WMT,AME,WMT,low_entry,-5220.721518318041,-0.4287150206756462,-0.0773484313712252,1.5877037325595763e-28,92,3,2026-01-12
AON/GEN,AON,GEN,low_entry,16516.73614880936,1.3824346650723567,-0.0773484313712252,0.9999999998788816,74,3,2026-01-12
HAS/YUM,HAS,YUM,low_vol_specialist,10669.03330425608,1.217950647894412,-0.0879334399070561,1.0,100,3,2026-01-12
TXT/YUM,TXT,YUM,low_vol_specialist,-454.3059239013091,-0.039490461774297915,-0.0879334399070561,0.0013917026456236657,108,3,2026-01-12
CSCO/PAYC,CSCO,PAYC,low_vol_specialist,-11326.78978529659,-0.9162343808489832,-0.0879334399070561,1.89030178894603e-30,108,3,2026-01-12
HAS/PFE,HAS,PFE,low_vol_specialist,25812.60550100534,1.7969981469830543,-0.0879334399070561,0.999999997972325,104,3,2026-01-12
EXR/WY,EXR,WY,low_vol_specialist,3996.206507400144,0.3932365555605886,-0.0879334399070561,0.9999800071992252,114,3,2026-01-12
EVRG/PCG,EVRG,PCG,low_vol_specialist,-15156.29039962796,-1.344793607627642,-0.0879334399070561,6.372503314903483e-16,122,3,2026-01-12
ATO/PCG,ATO,PCG,low_vol_specialist,-2056.461378332787,-0.17990224133203583,-0.0879334399070561,1.1353748549265772e-08,136,3,2026-01-12
CINF/FMC,CINF,FMC,low_vol_specialist,-10756.36836899929,-0.7212973466035515,-0.0879334399070561,8.74730512568148e-24,118,3,2026-01-12
HRL/MKC,HRL,MKC,low_vol_specialist,16129.52388482652,1.4811729483900802,-0.0879334399070561,0.9999954314044344,92,3,2026-01-12
AKAM/KEYS,AKAM,KEYS,low_vol_specialist,-23470.73999999999,-1.3990359415668636,-0.0879334399070561,2.672782566487912e-08,84,3,2026-01-12
BSX/WMB,BSX,WMB,low_vol_specialist,10493.68954985875,0.9157716194823612,-0.0879334399070561,1.0,120,3,2026-01-12
FSLR/RSG,FSLR,RSG,low_vol_specialist,19009.63733032684,0.685986988292699,-0.0879334399070561,0.999988514894387,94,3,2026-01-12
CDNS/PTC,CDNS,PTC,low_vol_specialist,-2311.600000000014,-0.18595168810280743,-0.0879334399070561,3.4099419169285806e-08,82,3,2026-01-12
AME/WMT,AME,WMT,low_vol_specialist,-412.0457195955519,-0.041120198728565205,-0.0879334399070561,0.0013284185088699846,106,3,2026-01-12
AON/GEN,AON,GEN,low_vol_specialist,2101.306627773868,0.2042489028366645,-0.0879334399070561,0.9513163234776245,92,3,2026-01-12
HAS/YUM,HAS,YUM,medium_signal_high_leverage,13078.1782831399,0.9062451540068495,-0.0922702295056453,0.9999999999919372,52,3,2026-01-12
TXT/YUM,TXT,YUM,medium_signal_high_leverage,1978.390630906904,0.16194068250326027,-0.0922702295056453,0.8780538342780226,50,3,2026-01-12
CSCO/PAYC,CSCO,PAYC,medium_signal_high_leverage,14053.51058315567,0.8332977726702548,-0.0922702295056453,0.9999999877947584,52,3,2026-01-12
HAS/PFE,HAS,PFE,medium_signal_high_leverage,3976.027154955642,0.1950259729003055,-0.0922702295056453,0.8809437508746234,54,3,2026-01-12
EXR/WY,EXR,WY,medium_signal_high_leverage,3406.345111052795,0.2415162987142776,-0.0922702295056453,0.9982952751488118,50,3,2026-01-12
EVRG/PCG,EVRG,PCG,medium_signal_high_leverage,-20074.58505001648,-1.3942283848085932,-0.0922702295056453,1.2614308798503588e-27,50,3,2026-01-12
ATO/PCG,ATO,PCG,medium_signal_high_leverage,-4460.347315802563,-0.30585816031685276,-0.0922702295056453,1.029084247192373e-15,44,3,2026-01-12
CINF/FMC,CINF,FMC,medium_signal_high_leverage,-26442.12559579836,-1.225614954452917,-0.0922702295056453,5.365792600554536e-22,52,3,2026-01-12
HRL/MKC,HRL,MKC,medium_signal_high_leverage,4421.947839781953,0.37076483198233773,-0.0922702295056453,0.9999789575808329,48,3,2026-01-12
AKAM/KEYS,AKAM,KEYS,medium_signal_high_leverage,12886.66000000004,0.9030216510572873,-0.0922702295056453,0.999998387527292,40,3,2026-01-12
BSX/WMB,BSX,WMB,medium_signal_high_leverage,-1542.636292744121,-0.12058738343120437,-0.0922702295056453,8.766321157779174e-07,64,3,2026-01-12
FSLR/RSG,FSLR,RSG,medium_signal_high_leverage,15721.81285337113,0.4104825910837129,-0.0922702295056453,0.9979064950232659,66,3,2026-01-12
CDNS/PTC,CDNS,PTC,medium_signal_high_leverage,-3623.370000000004,-0.22336820203660346,-0.0922702295056453,2.012939475592569e-07,48,3,2026-01-12
AME/WMT,AME,WMT,medium_signal_high_leverage,-2826.266162225467,-0.17329595361434438,-0.0922702295056453,1.8455420779863525e-11,56,3,2026-01-12
AON/GEN,AON,GEN,medium_signal_high_leverage,9474.694407841711,0.6184976418185925,-0.0922702295056453,0.9999933310278828,46,3,2026-01-12
HAS/YUM,HAS,YUM,stable_signal_quick_exit,18825.10255703543,1.9186856468033997,-0.1427415739931843,0.9999999965618381,46,3,2026-01-12
TXT/YUM,TXT,YUM,stable_signal_quick_exit,2981.955464176445,0.3660850217978185,-0.1427415739931843,0.9999954172791353,48,3,2026-01-12
CSCO/PAYC,CSCO,PAYC,stable_signal_quick_exit,5522.435570230256,0.49740762092610186,-0.1427415739931843,0.9999990837533032,60,3,2026-01-12
HAS/PFE,HAS,PFE,stable_signal_quick_exit,1541.974977557083,0.10165280261824496,-0.1427415739931843,0.4993775080640333,46,3,2026-01-12
EXR/WY,EXR,WY,stable_signal_quick_exit,596.462850368916,0.08075169972255004,-0.1427415739931843,0.32754371962662454,42,3,2026-01-12
EVRG/PCG,EVRG,PCG,stable_signal_quick_exit,-4268.201372319804,-0.5525503189697388,-0.1427415739931843,6.584348810474118e-17,34,3,2026-01-12
ATO/PCG,ATO,PCG,stable_signal_quick_exit,-903.7479247388001,-0.13049542597736968,-0.1427415739931843,1.169613896118554e-08,34,3,2026-01-12
CINF/FMC,CINF,FMC,stable_signal_quick_exit,-9265.608971436992,-0.8697771684147904,-0.1427415739931843,4.763309339993258e-10,42,3,2026-01-12
HRL/MKC,HRL,MKC,stable_signal_quick_exit,2866.352180097917,0.4117358405753622,-0.1427415739931843,0.9999449974331721,38,3,2026-01-12
AKAM/KEYS,AKAM,KEYS,stable_signal_quick_exit,-2360.209999999965,-0.1713441854823162,-0.1427415739931843,8.324490440175529e-10,44,3,2026-01-12
BSX/WMB,BSX,WMB,stable_signal_quick_exit,787.5919510258136,0.08646222133899378,-0.1427415739931843,0.3949141620040387,42,3,2026-01-12
FSLR/RSG,FSLR,RSG,stable_signal_quick_exit,5185.408475707381,0.19502705697523798,-0.1427415739931843,0.9113589908950244,60,3,2026-01-12
CDNS/PTC,CDNS,PTC,stable_signal_quick_exit,-2763.350000000026,-0.2704369342773874,-0.1427415739931843,7.105167872550171e-08,50,3,2026-01-12
AME/WMT,AME,WMT,stable_signal_quick_exit,9633.486410251791,1.198378876716649,-0.1427415739931843,0.9999999999999876,40,3,2026-01-12
AON/GEN,AON,GEN,stable_signal_quick_exit,-6859.751991669717,-0.6672894537111722,-0.1427415739931843,1.6205495749472088e-12,38,3,2026-01-12
HAS/YUM,HAS,YUM,high_turnover,3103.1816537808,0.3467471508792785,-0.2132770714586241,0.999999512246491,86,3,2026-01-12
TXT/YUM,TXT,YUM,high_turnover,-416.1222870490134,-0.04141294869685339,-0.2132770714586241,0.0012577074851896108,80,3,2026-01-12
CSCO/PAYC,CSCO,PAYC,high_turnover,-3435.930783678181,-0.29435752303885804,-0.2132770714586241,1.4842611223159093e-17,84,3,2026-01-12
HAS/PFE,HAS,PFE,high_turnover,412.2319130950964,0.03220592271187889,-0.2132770714586241,0.06839165829544518,80,3,2026-01-12
EXR/WY,EXR,WY,high_turnover,10226.13581427049,1.1308022902133188,-0.2132770714586241,1.0,82,3,2026-01-12
EVRG/PCG,EVRG,PCG,high_turnover,-3601.666033398185,-0.5152502302546073,-0.2132770714586241,1.9302350719080026e-17,68,3,2026-01-12
ATO/PCG,ATO,PCG,high_turnover,1539.263624352158,0.20436333585417898,-0.2132770714586241,0.9324861591950533,76,3,2026-01-12
CINF/FMC,CINF,FMC,high_turnover,-917.0849061239869,-0.06293950390225127,-0.2132770714586241,0.0006502215529619943,84,3,2026-01-12
HRL/MKC,HRL,MKC,high_turnover,8807.837724332223,0.8412917397349767,-0.2132770714586241,0.9999848082858184,78,3,2026-01-12
AKAM/KEYS,AKAM,KEYS,high_turnover,-2713.71000000001,-0.3242790831170665,-0.2132770714586241,1.7608884879216607e-12,72,3,2026-01-12
BSX/WMB,BSX,WMB,high_turnover,6326.847354157842,0.5350168544502207,-0.2132770714586241,0.9999989540026671,100,3,2026-01-12
FSLR/RSG,FSLR,RSG,high_turnover,17969.89323442799,0.7605349856629771,-0.2132770714586241,0.9997378952426001,86,3,2026-01-12
CDNS/PTC,CDNS,PTC,high_turnover,-18010.36000000005,-1.2424331620347229,-0.2132770714586241,2.506261086203934e-06,78,3,2026-01-12
AME/WMT,AME,WMT,high_turnover,-4143.705963137731,-0.4394622488872934,-0.2132770714586241,1.0906979172364071e-17,90,3,2026-01-12
AON/GEN,AON,GEN,high_turnover,2096.947927950881,0.23325959841178015,-0.2132770714586241,0.9902975527464652,74,3,2026-01-12
HAS/YUM,HAS,YUM,flash_hold,9707.936483131032,1.6468053304138095,-0.2519675469375163,1.0,122,3,2026-01-12
TXT/YUM,TXT,YUM,flash_hold,-184.9269183415181,-0.03387116021793656,-0.2519675469375163,0.0026661358983556317,126,3,2026-01-12
CSCO/PAYC,CSCO,PAYC,flash_hold,-2622.809247981297,-0.36900158743821143,-0.2519675469375163,1.929534328713642e-12,128,3,2026-01-12
HAS/PFE,HAS,PFE,flash_hold,5018.87231793074,0.5828239079191934,-0.2519675469375163,0.9999959568347228,142,3,2026-01-12
EXR/WY,EXR,WY,flash_hold,5159.840864007096,1.0154863188863847,-0.2519675469375163,1.0,150,3,2026-01-12
EVRG/PCG,EVRG,PCG,flash_hold,-8476.01399709587,-1.3386435934296927,-0.2519675469375163,3.681426979715618e-22,168,3,2026-01-12
ATO/PCG,ATO,PCG,flash_hold,1378.368537610684,0.24423525729431814,-0.2519675469375163,0.9953197600137755,162,3,2026-01-12
CINF/FMC,CINF,FMC,flash_hold,8043.753737032705,0.4820635525994438,-0.2519675469375163,0.9952709011436306,150,3,2026-01-12
HRL/MKC,HRL,MKC,flash_hold,1443.30296348356,0.2471069727652877,-0.2519675469375163,0.9996954199638286,130,3,2026-01-12
AKAM/KEYS,AKAM,KEYS,flash_hold,-5129.509999999982,-0.7559276059394422,-0.2519675469375163,3.198727378368492e-14,100,3,2026-01-12
BSX/WMB,BSX,WMB,flash_hold,1034.743983421498,0.15161688593263586,-0.2519675469375163,0.8210525739176129,162,3,2026-01-12
FSLR/RSG,FSLR,RSG,flash_hold,12565.91582537586,1.055767973589365,-0.2519675469375163,0.9999999999999999,114,3,2026-01-12
CDNS/PTC,CDNS,PTC,flash_hold,-7144.709999999985,-0.8833966725478989,-0.2519675469375163,2.10743908051576e-09,120,3,2026-01-12
AME/WMT,AME,WMT,flash_hold,-678.9372795326933,-0.10331939438969603,-0.2519675469375163,1.8473360699085607e-06,140,3,2026-01-12
AON/GEN,AON,GEN,flash_hold,38.23564269360048,0.005424926251859583,-0.2519675469375163,0.023924315760879965,132,3,2026-01-12
HAS/YUM,HAS,YUM,deep_entry_quick_exit,12202.29929888496,2.4280682484241933,-0.3608232839994225,0.9999999999963339,20,3,2026-01-12
TXT/YUM,TXT,YUM,deep_entry_quick_exit,1748.110550219266,0.25089429405372937,-0.3608232839994225,0.9983060829425313,26,3,2026-01-12
CSCO/PAYC,CSCO,PAYC,deep_entry_quick_exit,3692.019031070481,0.4586551209001324,-0.3608232839994225,0.999600512375794,22,3,2026-01-12
HAS/PFE,HAS,PFE,deep_entry_quick_exit,9362.453411511491,1.2192377160825512,-0.3608232839994225,0.999988663359222,24,3,2026-01-12
EXR/WY,EXR,WY,deep_entry_quick_exit,3970.691477535776,0.6954841893025837,-0.3608232839994225,0.9999999999987743,16,3,2026-01-12
EVRG/PCG,EVRG,PCG,deep_entry_quick_exit,-6933.840861372984,-0.9597302707469506,-0.3608232839994225,5.281108608950263e-12,30,3,2026-01-12
ATO/PCG,ATO,PCG,deep_entry_quick_exit,-3852.422568470392,-0.6911663700203113,-0.3608232839994225,4.090977297045908e-09,28,3,2026-01-12
CINF/FMC,CINF,FMC,deep_entry_quick_exit,-10469.03051037457,-1.0728479824022494,-0.3608232839994225,9.714264643053242e-22,34,3,2026-01-12
HRL/MKC,HRL,MKC,deep_entry_quick_exit,-2878.281203994299,-0.6435041075620804,-0.3608232839994225,1.3196174355900775e-08,18,3,2026-01-12
AKAM/KEYS,AKAM,KEYS,deep_entry_quick_exit,2175.919999999987,0.292539204099126,-0.3608232839994225,0.9863827755465888,12,3,2026-01-12
BSX/WMB,BSX,WMB,deep_entry_quick_exit,1203.533499601934,0.2343005274302173,-0.3608232839994225,0.9782075952863615,28,3,2026-01-12
FSLR/RSG,FSLR,RSG,deep_entry_quick_exit,-11789.14826784154,-0.5764986197380002,-0.3608232839994225,1.36442555762455e-07,30,3,2026-01-12
CDNS/PTC,CDNS,PTC,deep_entry_quick_exit,15090.06999999998,1.5737919030105945,-0.3608232839994225,0.9999984655276023,24,3,2026-01-12
AME/WMT,AME,WMT,deep_entry_quick_exit,7841.390181938228,1.4102295190892298,-0.3608232839994225,0.9999999999993693,20,3,2026-01-12
AON/GEN,AON,GEN,deep_entry_quick_exit,-5545.44575979291,-0.7730097103028583,-0.3608232839994225,5.154825022045018e-07,20,3,2026-01-12
HAS/YUM,HAS,YUM,fast_signal_tight_stop,-8584.79063178297,-0.9043644268522532,-0.4032323398706221,1.3751788139083338e-07,60,3,2026-01-12
TXT/YUM,TXT,YUM,fast_signal_tight_stop,-2320.664710546942,-0.32277412284566687,-0.4032323398706221,6.54330195253667e-15,54,3,2026-01-12
CSCO/PAYC,CSCO,PAYC,fast_signal_tight_stop,70.77402822675504,0.005985215427547105,-0.4032323398706221,0.023875339024196664,56,3,2026-01-12
HAS/PFE,HAS,PFE,fast_signal_tight_stop,19152.64427393092,1.328134879988224,-0.4032323398706221,0.9999999390516245,60,3,2026-01-12
EXR/WY,EXR,WY,fast_signal_tight_stop,3645.466915879745,0.5005334286238973,-0.4032323398706221,0.9999999999878354,70,3,2026-01-12
EVRG/PCG,EVRG,PCG,fast_signal_tight_stop,364.6080483195408,0.05110707231089315,-0.4032323398706221,0.16666694528340892,58,3,2026-01-12
ATO/PCG,ATO,PCG,fast_signal_tight_stop,9897.763915369946,1.1805135756586063,-0.4032323398706221,0.9999999999021899,60,3,2026-01-12
CINF/FMC,CINF,FMC,fast_signal_tight_stop,-5285.907505643356,-0.48481017854813424,-0.4032323398706221,1.003389421814978e-15,60,3,2026-01-12
HRL/MKC,HRL,MKC,fast_signal_tight_stop,-3682.100915555407,-0.5554731541103776,-0.4032323398706221,7.793520659271444e-16,56,3,2026-01-12
AKAM/KEYS,AKAM,KEYS,fast_signal_tight_stop,-11205.14000000002,-1.0927015186301123,-0.4032323398706221,2.2983467523395186e-06,50,3,2026-01-12
BSX/WMB,BSX,WMB,fast_signal_tight_stop,-6674.369679535775,-0.6917126228691582,-0.4032323398706221,4.595261417608167e-17,66,3,2026-01-12
FSLR/RSG,FSLR,RSG,fast_signal_tight_stop,14604.57386569123,0.636603209819869,-0.4032323398706221,0.9990687511403635,56,3,2026-01-12
CDNS/PTC,CDNS,PTC,fast_signal_tight_stop,-2737.669999999993,-0.30364938598701136,-0.4032323398706221,5.943416798478619e-07,56,3,2026-01-12
AME/WMT,AME,WMT,fast_signal_tight_stop,-23.89246389163759,-0.0028940824543884315,-0.4032323398706221,0.015232967673126933,78,3,2026-01-12
AON/GEN,AON,GEN,fast_signal_tight_stop,1994.341012239965,0.2738157823036404,-0.4032323398706221,0.9981055527971789,58,3,2026-01-12
HAS/YUM,HAS,YUM,high_leverage,8704.583476591943,0.4783890902694325,-0.4592300581699884,0.9954833512573739,48,3,2026-01-12
TXT/YUM,TXT,YUM,high_leverage,-8278.454163089238,-0.6464142782780228,-0.4592300581699884,6.152243271107387e-25,62,3,2026-01-12
CSCO/PAYC,CSCO,PAYC,high_leverage,4515.718017172976,0.2895812256530871,-0.4592300581699884,0.9997860848641489,58,3,2026-01-12
HAS/PFE,HAS,PFE,high_leverage,-15177.78987561351,-0.7388374494930677,-0.4592300581699884,1.8043214377168854e-14,52,3,2026-01-12
EXR/WY,EXR,WY,high_leverage,6155.706049011584,0.41436231406481605,-0.4592300581699884,0.9999999990971997,56,3,2026-01-12
EVRG/PCG,EVRG,PCG,high_leverage,-18985.07079290839,-1.3097683258372244,-0.4592300581699884,1.8553243272146067e-23,50,3,2026-01-12
ATO/PCG,ATO,PCG,high_leverage,-9366.441689035964,-0.6911449689702838,-0.4592300581699884,1.5743850741475728e-22,44,3,2026-01-12
CINF/FMC,CINF,FMC,high_leverage,-21341.79667044844,-1.0333943641948098,-0.4592300581699884,1.7118929351015616e-18,48,3,2026-01-12
HRL/MKC,HRL,MKC,high_leverage,4684.97704692342,0.4334733194194695,-0.4592300581699884,0.9999951774587158,48,3,2026-01-12
AKAM/KEYS,AKAM,KEYS,high_leverage,1807.72000000003,0.13848129838769083,-0.4592300581699884,0.7613544788487344,36,3,2026-01-12
BSX/WMB,BSX,WMB,high_leverage,5543.665788134626,0.34327923785075276,-0.4592300581699884,0.9989561367315223,66,3,2026-01-12
FSLR/RSG,FSLR,RSG,high_leverage,33538.94118538742,0.9149902430897211,-0.4592300581699884,0.9999797272712777,64,3,2026-01-12
CDNS/PTC,CDNS,PTC,high_leverage,-2850.829999999999,-0.19921855406141525,-0.4592300581699884,3.0778956034076008e-06,46,3,2026-01-12
AME/WMT,AME,WMT,high_leverage,-678.5775447123415,-0.053592477179119496,-0.4592300581699884,0.0003441619588514026,48,3,2026-01-12
AON/GEN,AON,GEN,high_leverage,4885.947515495362,0.3662685102381687,-0.4592300581699884,0.9971204541805986,42,3,2026-01-12
HAS/YUM,HAS,YUM,high_entry,9120.248619101629,2.07401343032902,-0.4663502414603354,0.9999999967684683,18,3,2026-01-12
TXT/YUM,TXT,YUM,high_entry,-1392.193347190915,-0.2462391876469054,-0.4663502414603354,7.621300065302207e-10,26,3,2026-01-12
CSCO/PAYC,CSCO,PAYC,high_entry,3392.578335292063,0.41799227598374317,-0.4663502414603354,0.9995379333932465,20,3,2026-01-12
HAS/PFE,HAS,PFE,high_entry,9791.04601855019,1.2199652732784427,-0.4663502414603354,0.9999982642536863,32,3,2026-01-12
EXR/WY,EXR,WY,high_entry,1832.89460210919,0.3087993398598932,-0.4663502414603354,0.9999914428784209,24,3,2026-01-12
EVRG/PCG,EVRG,PCG,high_entry,-1522.194556250363,-0.19510367490963104,-0.4663502414603354,1.5821547642111557e-09,38,3,2026-01-12
ATO/PCG,ATO,PCG,high_entry,-8752.623991403743,-1.4670670150717793,-0.4663502414603354,7.16663584572571e-09,38,3,2026-01-12
CINF/FMC,CINF,FMC,high_entry,-14753.25175991968,-1.3923492021029706,-0.4663502414603354,7.4424020828783255e-22,40,3,2026-01-12
HRL/MKC,HRL,MKC,high_entry,-626.1948465827488,-0.14952185315587355,-0.4663502414603354,1.2792702371180272e-09,16,3,2026-01-12
AKAM/KEYS,AKAM,KEYS,high_entry,7709.82999999999,1.1066684652462806,-0.4663502414603354,0.9996377227975035,20,3,2026-01-12
BSX/WMB,BSX,WMB,high_entry,2138.296503190735,0.41161043183227314,-0.4663502414603354,0.9998979260858841,26,3,2026-01-12
FSLR/RSG,FSLR,RSG,high_entry,-2833.78409887273,-0.14221155719414103,-0.4663502414603354,2.92174913451227e-10,28,3,2026-01-12
CDNS/PTC,CDNS,PTC,high_entry,8714.59999999998,1.089548495697727,-0.4663502414603354,0.9999995106395584,24,3,2026-01-12
AME/WMT,AME,WMT,high_entry,-765.4693746685416,-0.20586970225184625,-0.4663502414603354,7.457412337818303e-09,22,3,2026-01-12
AON/GEN,AON,GEN,high_entry,190.6351282367859,0.023114148728208585,-0.4663502414603354,0.05862442990616894,26,3,2026-01-12
HAS/YUM,HAS,YUM,slow_reentry,6917.887515855778,0.5806495419797888,-0.5040415857359803,0.9967614748273651,40,3,2026-01-12
TXT/YUM,TXT,YUM,slow_reentry,-3734.062963216095,-0.48795968339736906,-0.5040415857359803,2.6100132480890576e-21,58,3,2026-01-12
CSCO/PAYC,CSCO,PAYC,slow_reentry,12167.77406286273,1.263129264477958,-0.5040415857359803,0.9999994528897832,52,3,2026-01-12
HAS/PFE,HAS,PFE,slow_reentry,-11933.11325056912,-0.9486811382767668,-0.5040415857359803,3.4180378324935368e-09,42,3,2026-01-12
EXR/WY,EXR,WY,slow_reentry,324.0716964262192,0.03592859112176463,-0.5040415857359803,0.07477395423623136,48,3,2026-01-12
EVRG/PCG,EVRG,PCG,slow_reentry,-2132.062417429308,-0.28113685048953924,-0.5040415857359803,5.2180050786213056e-11,40,3,2026-01-12
ATO/PCG,ATO,PCG,slow_reentry,-4030.869623146816,-0.6108974568175883,-0.5040415857359803,3.0858050558141203e-15,40,3,2026-01-12
CINF/FMC,CINF,FMC,slow_reentry,-10675.39804942694,-0.9293725670105351,-0.5040415857359803,1.4596081175993473e-11,40,3,2026-01-12
HRL/MKC,HRL,MKC,slow_reentry,921.7960482320746,0.13867730298046155,-0.5040415857359803,0.765889446158416,46,3,2026-01-12
AKAM/KEYS,AKAM,KEYS,slow_reentry,-308.4499999999916,-0.03566322981159074,-0.5040415857359803,0.003480610761198629,34,3,2026-01-12
BSX/WMB,BSX,WMB,slow_reentry,6855.864974185144,0.723026635098612,-0.5040415857359803,0.999984954062468,58,3,2026-01-12
FSLR/RSG,FSLR,RSG,slow_reentry,15674.35051507311,0.6516058284804578,-0.5040415857359803,0.9997416920399538,56,3,2026-01-12
CDNS/PTC,CDNS,PTC,slow_reentry,-760.3400000000127,-0.07848241254725087,-0.5040415857359803,0.00046839852414254596,48,3,2026-01-12
AME/WMT,AME,WMT,slow_reentry,-2024.290278461412,-0.24681490561870859,-0.5040415857359803,2.085172931644347e-12,44,3,2026-01-12
AON/GEN,AON,GEN,slow_reentry,-1418.537992568296,-0.1671462267075234,-0.5040415857359803,1.4973277697299677e-10,38,3,2026-01-12
HAS/YUM,HAS,YUM,quick_exit,4298.7021702613,0.37176143229338066,-0.5519387457343233,0.9839352920975882,48,3,2026-01-12
TXT/YUM,TXT,YUM,quick_exit,-2088.555478615449,-0.3297033265697132,-0.5519387457343233,8.712944344148807e-14,62,3,2026-01-12
CSCO/PAYC,CSCO,PAYC,quick_exit,7906.856409359394,0.835166620230422,-0.5519387457343233,0.9999995168591703,52,3,2026-01-12
HAS/PFE,HAS,PFE,quick_exit,4092.42431294838,0.4388112713977593,-0.5519387457343233,0.9999664518618767,60,3,2026-01-12
EXR/WY,EXR,WY,quick_exit,5943.629024761645,0.7622568826600459,-0.5519387457343233,0.9999997696628294,54,3,2026-01-12
EVRG/PCG,EVRG,PCG,quick_exit,-5258.540165777124,-0.7091713244502048,-0.5519387457343233,5.457169020663657e-13,64,3,2026-01-12
ATO/PCG,ATO,PCG,quick_exit,-2955.204323799966,-0.39052805070969043,-0.5519387457343233,9.037819164450714e-13,60,3,2026-01-12
CINF/FMC,CINF,FMC,quick_exit,-9612.328168986085,-1.2252591824972425,-0.5519387457343233,5.236694008789295e-21,56,3,2026-01-12
HRL/MKC,HRL,MKC,quick_exit,405.6496091228069,0.06399915050083502,-0.5519387457343233,0.21589258783947202,44,3,2026-01-12
AKAM/KEYS,AKAM,KEYS,quick_exit,-6186.51999999999,-0.9094653061330101,-0.5519387457343233,1.7799010858719216e-11,42,3,2026-01-12
BSX/WMB,BSX,WMB,quick_exit,7004.462124354123,0.7397883954183694,-0.5519387457343233,0.9999930306137493,72,3,2026-01-12
FSLR/RSG,FSLR,RSG,quick_exit,5036.795739881636,0.21972733954615958,-0.5519387457343233,0.9254898272667693,58,3,2026-01-12
CDNS/PTC,CDNS,PTC,quick_exit,-6304.749999999998,-0.6222792818788191,-0.5519387457343233,3.0557057995506254e-11,52,3,2026-01-12
AME/WMT,AME,WMT,quick_exit,-3085.948820497925,-0.5560646642522925,-0.5519387457343233,1.9602679304772593e-19,48,3,2026-01-12
AON/GEN,AON,GEN,quick_exit,4291.433663918014,0.5714575402936931,-0.5519387457343233,0.9999999935328233,52,3,2026-01-12
HAS/YUM,HAS,YUM,tight_stop,4917.85439400219,0.4279746788217397,-0.6285610723764115,0.990025383332501,48,3,2026-01-12
TXT/YUM,TXT,YUM,tight_stop,-4128.332836820255,-0.6443702434447145,-0.6285610723764115,3.2954723113871247e-21,64,3,2026-01-12
CSCO/PAYC,CSCO,PAYC,tight_stop,5938.406275741117,0.6589871257991217,-0.6285610723764115,0.9999971746347841,52,3,2026-01-12
HAS/PFE,HAS,PFE,tight_stop,-3546.726935927976,-0.2976098805307397,-0.6285610723764115,1.6762239598363584e-14,62,3,2026-01-12
EXR/WY,EXR,WY,tight_stop,6328.921858149066,0.820701252370405,-0.6285610723764115,0.9999997366194778,54,3,2026-01-12
EVRG/PCG,EVRG,PCG,tight_stop,-7340.669364432861,-0.9815727447785928,-0.6285610723764115,1.3747272968798137e-12,66,3,2026-01-12
ATO/PCG,ATO,PCG,tight_stop,-1650.718064522404,-0.21700216077869486,-0.6285610723764115,1.476472940161332e-09,58,3,2026-01-12
CINF/FMC,CINF,FMC,tight_stop,-7764.614318518868,-0.9064374083753175,-0.6285610723764115,5.6259140520196254e-18,56,3,2026-01-12
HRL/MKC,HRL,MKC,tight_stop,838.9474219977255,0.1305073566191564,-0.6285610723764115,0.7146238484675193,46,3,2026-01-12
AKAM/KEYS,AKAM,KEYS,tight_stop,-5060.960000000001,-0.7597463751310608,-0.6285610723764115,8.718698697557807e-12,42,3,2026-01-12
BSX/WMB,BSX,WMB,tight_stop,7615.139484759251,0.8102424452698704,-0.6285610723764115,0.9999954744627922,72,3,2026-01-12
FSLR/RSG,FSLR,RSG,tight_stop,5103.81521391581,0.22635805387229993,-0.6285610723764115,0.9304677061022786,58,3,2026-01-12
CDNS/PTC,CDNS,PTC,tight_stop,-4604.749999999998,-0.48110027770894115,-0.6285610723764115,2.384528554409838e-09,50,3,2026-01-12
AME/WMT,AME,WMT,tight_stop,-1377.68730850043,-0.241550612952484,-0.6285610723764115,1.1251866867409212e-11,50,3,2026-01-12
AON/GEN,AON,GEN,tight_stop,3993.355469543024,0.5348759246873641,-0.6285610723764115,0.9999999885497288,52,3,2026-01-12
HAS/YUM,HAS,YUM,default,7985.388688259566,0.6681033975943133,-0.6990901360210109,0.9980599704971739,44,3,2026-01-12
TXT/YUM,TXT,YUM,default,-5803.957127658689,-0.7422688973301959,-0.6990901360210109,1.1780788851194078e-27,60,3,2026-01-12
CSCO/PAYC,CSCO,PAYC,default,3246.060882719617,0.31263242842616223,-0.6990901360210109,0.9999079015798173,58,3,2026-01-12
HAS/PFE,HAS,PFE,default,-13097.7279748866,-0.9784132596794614,-0.6990901360210109,9.030974812499218e-12,54,3,2026-01-12
EXR/WY,EXR,WY,default,1976.557969757539,0.20427073262270914,-0.6990901360210109,0.99364716165758,54,3,2026-01-12
EVRG/PCG,EVRG,PCG,default,-8271.354811851443,-0.9736571639818639,-0.6990901360210109,1.5945580070789864e-14,58,3,2026-01-12
ATO/PCG,ATO,PCG,default,-5047.297732555324,-0.6526123929827562,-0.6990901360210109,4.080498760283144e-16,52,3,2026-01-12
CINF/FMC,CINF,FMC,default,-8155.376662000686,-0.6299444859252069,-0.6990901360210109,5.588388089102443e-14,54,3,2026-01-12
HRL/MKC,HRL,MKC,default,1834.318032262966,0.27426062951183056,-0.6990901360210109,0.99688977165984,48,3,2026-01-12
AKAM/KEYS,AKAM,KEYS,default,-81.15000000000146,-0.00919930791021082,-0.6990901360210109,0.011746938422323794,42,3,2026-01-12
BSX/WMB,BSX,WMB,default,2432.793137589763,0.23739170960894335,-0.6990901360210109,0.971672975737629,68,3,2026-01-12
FSLR/RSG,FSLR,RSG,default,19883.7282297315,0.7989472816479581,-0.6990901360210109,0.9999624855995707,64,3,2026-01-12
CDNS/PTC,CDNS,PTC,default,-1769.429999999994,-0.18237209758553516,-0.6990901360210109,5.103568846554072e-06,48,3,2026-01-12
AME/WMT,AME,WMT,default,-2981.090637221623,-0.3666885147208947,-0.6990901360210109,1.5284096733203947e-16,48,3,2026-01-12
AON/GEN,AON,GEN,default,3227.80040094025,0.3791499781131396,-0.6990901360210109,0.9958831072413307,46,3,2026-01-12
HAS/YUM,HAS,YUM,deep_dislocation,16247.56423538429,1.9507434463437991,-0.7254736373411158,0.9999999999999983,20,3,2026-01-12
TXT/YUM,TXT,YUM,deep_dislocation,13.45005905260587,0.0013147604668770918,-0.7254736373411158,0.01917973265562764,26,3,2026-01-12
CSCO/PAYC,CSCO,PAYC,deep_dislocation,2611.254653758932,0.2122186726682487,-0.7254736373411158,0.9953585604612537,18,3,2026-01-12
HAS/PFE,HAS,PFE,deep_dislocation,1472.712333436915,0.0882091247058254,-0.7254736373411158,0.4234862283774474,24,3,2026-01-12
EXR/WY,EXR,WY,deep_dislocation,3495.695568866558,0.320113345498262,-0.7254736373411158,0.9999989259078498,18,3,2026-01-12
EVRG/PCG,EVRG,PCG,deep_dislocation,-13965.71507982783,-0.9918319622358198,-0.7254736373411158,3.8022313811411715e-28,30,3,2026-01-12
ATO/PCG,ATO,PCG,deep_dislocation,-4214.754511214634,-0.32397532638739057,-0.7254736373411158,2.2789579554367972e-14,28,3,2026-01-12
CINF/FMC,CINF,FMC,deep_dislocation,-36880.90693507082,-1.9344437569560236,-0.7254736373411158,6.4958498260432726e-34,44,3,2026-01-12
HRL/MKC,HRL,MKC,deep_dislocation,-1737.38567001773,-0.24988395381000333,-0.7254736373411158,1.4468558341056124e-08,16,3,2026-01-12
AKAM/KEYS,AKAM,KEYS,deep_dislocation,6815.659999999985,0.5662824754601519,-0.7254736373411158,0.9995759242753073,10,3,2026-01-12
BSX/WMB,BSX,WMB,deep_dislocation,-965.8657215707531,-0.09655584460394387,-0.7254736373411158,3.883586550759144e-05,28,3,2026-01-12
FSLR/RSG,FSLR,RSG,deep_dislocation,-11619.57961532751,-0.3835647757071541,-0.7254736373411158,1.60371717724264e-09,30,3,2026-01-12
CDNS/PTC,CDNS,PTC,deep_dislocation,20468.06999999999,1.4513060865724974,-0.7254736373411158,0.9999979793789415,22,3,2026-01-12
AME/WMT,AME,WMT,deep_dislocation,7366.246852634062,1.0930615672717032,-0.7254736373411158,0.9999999999999994,18,3,2026-01-12
AON/GEN,AON,GEN,deep_dislocation,-1078.558553013601,-0.0893108707154296,-0.7254736373411158,6.309402528656496e-07,24,3,2026-01-12
HAS/YUM,HAS,YUM,long_z_short_v,-3104.498850599452,-0.42389404117297486,-0.7324114755936716,6.975755467261053e-18,48,3,2026-01-12
TXT/YUM,TXT,YUM,long_z_short_v,-3967.620940388957,-0.5009097808960641,-0.7324114755936716,3.235364523448826e-20,42,3,2026-01-12
CSCO/PAYC,CSCO,PAYC,long_z_short_v,4975.350733218453,0.6093759512078574,-0.7324114755936716,0.9999999990007699,44,3,2026-01-12
HAS/PFE,HAS,PFE,long_z_short_v,7392.468491051161,0.700154946675138,-0.7324114755936716,0.9999999954885678,32,3,2026-01-12
EXR/WY,EXR,WY,long_z_short_v,4747.273941283913,0.6202530522955038,-0.7324114755936716,0.9999999999999997,38,3,2026-01-12
EVRG/PCG,EVRG,PCG,long_z_short_v,-15630.10130726332,-1.6664302280086198,-0.7324114755936716,3.7417330101531845e-24,38,3,2026-01-12
ATO/PCG,ATO,PCG,long_z_short_v,-8312.811419062795,-0.8349541714129185,-0.7324114755936716,6.258404172099955e-27,34,3,2026-01-12
CINF/FMC,CINF,FMC,long_z_short_v,9574.089358334964,0.7317789547742851,-0.7324114755936716,0.9999999999999994,48,3,2026-01-12
HRL/MKC,HRL,MKC,long_z_short_v,-1994.476423366162,-0.3210883787456305,-0.7324114755936716,5.98057692669678e-13,34,3,2026-01-12
AKAM/KEYS,AKAM,KEYS,long_z_short_v,-1.870000000029677,-0.00018453904115038082,-0.7324114755936716,0.017831793469907507,32,3,2026-01-12
BSX/WMB,BSX,WMB,long_z_short_v,-1100.384376857105,-0.12293037999036421,-0.7324114755936716,5.009754159338093e-08,52,3,2026-01-12
FSLR/RSG,FSLR,RSG,long_z_short_v,-1397.940110096952,-0.07542836201006842,-0.7324114755936716,7.991737634836747e-08,34,3,2026-01-12
CDNS/PTC,CDNS,PTC,long_z_short_v,6544.709999999975,0.6660896127407256,-0.7324114755936716,0.9999999999832149,40,3,2026-01-12
AME/WMT,AME,WMT,long_z_short_v,4570.689793371319,0.5517147063550137,-0.7324114755936716,0.9999963233413376,48,3,2026-01-12
AON/GEN,AON,GEN,long_z_short_v,-5937.768000099562,-0.6650492178397212,-0.7324114755936716,3.1278192485573968e-15,34,3,2026-01-12
HAS/YUM,HAS,YUM,balanced_plus,2656.626321833299,0.2800855599639128,-0.7385696186640337,0.9996330611718307,54,3,2026-01-12
TXT/YUM,TXT,YUM,balanced_plus,-3449.605726906679,-0.37525392136688585,-0.7385696186640337,4.506913076524562e-21,64,3,2026-01-12
CSCO/PAYC,CSCO,PAYC,balanced_plus,3295.366383111357,0.28144340002346174,-0.7385696186640337,0.9970358918690116,56,3,2026-01-12
HAS/PFE,HAS,PFE,balanced_plus,-9136.157659065535,-0.6753147293891523,-0.7385696186640337,1.9612452948926995e-13,58,3,2026-01-12
EXR/WY,EXR,WY,balanced_plus,1893.814340246532,0.23583514217914292,-0.7385696186640337,0.9975573559729899,50,3,2026-01-12
EVRG/PCG,EVRG,PCG,balanced_plus,-4598.325885419827,-0.5401126785944547,-0.7385696186640337,1.034862214426021e-15,56,3,2026-01-12
ATO/PCG,ATO,PCG,balanced_plus,-7766.484137716203,-0.9802392631567511,-0.7385696186640337,2.3329181795987295e-23,56,3,2026-01-12
CINF/FMC,CINF,FMC,balanced_plus,-10305.11858348136,-0.7925006972779386,-0.7385696186640337,2.1906218925137268e-14,52,3,2026-01-12
HRL/MKC,HRL,MKC,balanced_plus,3490.834834498698,0.5414503477192717,-0.7385696186640337,0.9999999547039238,44,3,2026-01-12
AKAM/KEYS,AKAM,KEYS,balanced_plus,10060.32,1.1605327936013372,-0.7385696186640337,0.9999998491114522,46,3,2026-01-12
BSX/WMB,BSX,WMB,balanced_plus,5888.20569002619,0.642521406307305,-0.7385696186640337,0.9999999999958321,74,3,2026-01-12
FSLR/RSG,FSLR,RSG,balanced_plus,3380.539897782964,0.14137082164621778,-0.7385696186640337,0.7229321749872895,58,3,2026-01-12
CDNS/PTC,CDNS,PTC,balanced_plus,4701.699999999959,0.4746784400258418,-0.7385696186640337,0.9999999517316851,56,3,2026-01-12
AME/WMT,AME,WMT,balanced_plus,-8207.700546320411,-0.8153566985336045,-0.7385696186640337,6.539399800308551e-19,58,3,2026-01-12
AON/GEN,AON,GEN,balanced_plus,3671.746773901446,0.4071763501551773,-0.7385696186640337,0.9999998383385238,50,3,2026-01-12
HAS/YUM,HAS,YUM,symmetric_exit,7777.22670669411,1.2005202408783424,-0.9462252306697664,0.9999999999999774,34,3,2026-01-12
TXT/YUM,TXT,YUM,symmetric_exit,-232.0449301318217,-0.0346562486315349,-0.9462252306697664,0.0024537671476741376,44,3,2026-01-12
CSCO/PAYC,CSCO,PAYC,symmetric_exit,3989.439808495262,0.4556152950873727,-0.9462252306697664,0.9999502695536631,38,3,2026-01-12
HAS/PFE,HAS,PFE,symmetric_exit,-16622.07381039015,-1.3017283774486728,-0.9462252306697664,6.004922712140395e-09,46,3,2026-01-12
EXR/WY,EXR,WY,symmetric_exit,1861.394931012157,0.28856282294012775,-0.9462252306697664,0.9999132228442875,50,3,2026-01-12
EVRG/PCG,EVRG,PCG,symmetric_exit,1925.09431876152,0.23471424900620666,-0.9462252306697664,0.9786156916156419,50,3,2026-01-12
ATO/PCG,ATO,PCG,symmetric_exit,-8208.13697984839,-1.2835849784122348,-0.9462252306697664,1.9932722527496486e-11,54,3,2026-01-12
CINF/FMC,CINF,FMC,symmetric_exit,-10263.88207564693,-0.8748755261057554,-0.9462252306697664,3.0506753088505726e-12,46,3,2026-01-12
HRL/MKC,HRL,MKC,symmetric_exit,932.4510188232753,0.16096875222010146,-0.9462252306697664,0.8635195512340159,34,3,2026-01-12
AKAM/KEYS,AKAM,KEYS,symmetric_exit,2441.789999999992,0.29814026717047726,-0.9462252306697664,0.9937610946768397,26,3,2026-01-12
BSX/WMB,BSX,WMB,symmetric_exit,2121.230988866406,0.3309973359797473,-0.9462252306697664,0.9990701512994843,46,3,2026-01-12
FSLR/RSG,FSLR,RSG,symmetric_exit,11725.39830415554,0.5322712105801783,-0.9462252306697664,0.9969797872233825,44,3,2026-01-12
CDNS/PTC,CDNS,PTC,symmetric_exit,3315.319999999988,0.38042523838204073,-0.9462252306697664,0.9999989262436217,42,3,2026-01-12
AME/WMT,AME,WMT,symmetric_exit,-7198.146121181529,-0.9374366234679776,-0.9462252306697664,2.4950794918939756e-11,38,3,2026-01-12
AON/GEN,AON,GEN,symmetric_exit,-1674.476111289739,-0.19630771656723284,-0.9462252306697664,5.99559208075083e-08,38,3,2026-01-12
HAS/YUM,HAS,YUM,no_leverage,4034.788548846849,0.6742939383579695,-1.3380671696942967,0.998184421487505,44,3,2026-01-12
TXT/YUM,TXT,YUM,no_leverage,-2879.957477774388,-0.7345219327292783,-1.3380671696942967,1.6524374305455122e-27,60,3,2026-01-12
CSCO/PAYC,CSCO,PAYC,no_leverage,1627.921139141346,0.3131793033471618,-1.3380671696942967,0.9999113696270662,58,3,2026-01-12
HAS/PFE,HAS,PFE,no_leverage,-6525.250700397618,-0.972759692664311,-1.3380671696942967,9.536384450454184e-12,54,3,2026-01-12
EXR/WY,EXR,WY,no_leverage,993.9605619369868,0.2049857416888471,-1.3380671696942967,0.9939713186742047,54,3,2026-01-12
EVRG/PCG,EVRG,PCG,no_leverage,-4145.187503921215,-0.9745726640774321,-1.3380671696942967,1.360036796858004e-14,58,3,2026-01-12
ATO/PCG,ATO,PCG,no_leverage,-2507.972383655265,-0.648340695195634,-1.3380671696942967,3.6082339263198653e-16,52,3,2026-01-12
CINF/FMC,CINF,FMC,no_leverage,-4050.044203536859,-0.6244824140038681,-1.3380671696942967,5.803632548676566e-14,54,3,2026-01-12
HRL/MKC,HRL,MKC,no_leverage,905.4220761861864,0.2702419133793423,-1.3380671696942967,0.9963922420532708,48,3,2026-01-12
AKAM/KEYS,AKAM,KEYS,no_leverage,-10.89000000000465,-0.0024614909452375937,-1.3380671696942967,0.016065641919965158,42,3,2026-01-12
BSX/WMB,BSX,WMB,no_leverage,1217.537581366867,0.23753849285012282,-1.3380671696942967,0.9719043630385347,68,3,2026-01-12
FSLR/RSG,FSLR,RSG,no_leverage,9934.14044318532,0.797828498107197,-1.3380671696942967,0.9999598269680993,64,3,2026-01-12
CDNS/PTC,CDNS,PTC,no_leverage,-881.0999999999985,-0.1812978794077569,-1.3380671696942967,5.4358933848223695e-06,48,3,2026-01-12
AME/WMT,AME,WMT,no_leverage,-1484.421088536649,-0.3646207914114087,-1.3380671696942967,1.608984340347618e-16,48,3,2026-01-12
AON/GEN,AON,GEN,no_leverage,1634.232281037911,0.38262157237686645,-1.3380671696942967,0.9960789878235446,46,3,2026-01-12
HAS/YUM,HAS,YUM,short_z_long_v,3821.837745708328,0.3912720322170554,-1.3873297641369282,0.9997143529314483,48,3,2026-01-12
TXT/YUM,TXT,YUM,short_z_long_v,-10248.86903227753,-1.1575281178833705,-1.3873297641369282,2.4239525439288503e-11,60,3,2026-01-12
CSCO/PAYC,CSCO,PAYC,short_z_long_v,-6689.180256228708,-0.6326797759033014,-1.3873297641369282,3.989776600166873e-08,44,3,2026-01-12
HAS/PFE,HAS,PFE,short_z_long_v,-2317.709663194177,-0.18387857204885324,-1.3873297641369282,6.131637272141201e-06,54,3,2026-01-12
EXR/WY,EXR,WY,short_z_long_v,4987.202147294594,0.5666456911322184,-1.3873297641369282,0.9999996932838088,56,3,2026-01-12
EVRG/PCG,EVRG,PCG,short_z_long_v,1083.100077366739,0.11630629950266945,-1.3873297641369282,0.6111623706085607,66,3,2026-01-12
ATO/PCG,ATO,PCG,short_z_long_v,-8670.063801869195,-0.9305423953086611,-1.3873297641369282,1.3025872859200716e-22,82,3,2026-01-12
CINF/FMC,CINF,FMC,short_z_long_v,-25320.08978292845,-1.1219572727689324,-1.3873297641369282,0.000911610144006966,48,3,2026-01-12
HRL/MKC,HRL,MKC,short_z_long_v,-634.2787673731302,-0.09913036679705627,-1.3873297641369282,1.982287037251418e-05,52,3,2026-01-12
AKAM/KEYS,AKAM,KEYS,short_z_long_v,-2821.010000000018,-0.17693988829408,-1.3873297641369282,2.0374915935503338e-05,56,3,2026-01-12
BSX/WMB,BSX,WMB,short_z_long_v,-5707.00136140671,-0.5728838905814274,-1.3873297641369282,2.1958629971839788e-21,70,3,2026-01-12
FSLR/RSG,FSLR,RSG,short_z_long_v,4769.214459823146,0.23125516212776798,-1.3873297641369282,0.9170712084754756,60,3,2026-01-12
CDNS/PTC,CDNS,PTC,short_z_long_v,3575.210000000015,0.44841216607408735,-1.3873297641369282,0.9999959780608043,52,3,2026-01-12
AME/WMT,AME,WMT,short_z_long_v,-15145.00545625593,-1.5787005543008283,-1.3873297641369282,5.7337328861367854e-12,48,3,2026-01-12
AON/GEN,AON,GEN,short_z_long_v,14252.33830700976,1.4152144002153622,-1.3873297641369282,0.9999999999660143,60,3,2026-01-12
HAS/YUM,HAS,YUM,high_vol_specialist,8701.543751475467,1.3188318157195797,-1.4103940894520768,1.0,36,3,2026-01-12
TXT/YUM,TXT,YUM,high_vol_specialist,-3241.045014204638,-0.35133970812349163,-1.4103940894520768,1.2647724673147124e-09,36,3,2026-01-12
CSCO/PAYC,CSCO,PAYC,high_vol_specialist,5515.489103443702,0.5880927447511485,-1.4103940894520768,0.9999983427075353,32,3,2026-01-12
HAS/PFE,HAS,PFE,high_vol_specialist,-1209.738541821343,-0.08707289611935186,-1.4103940894520768,1.980613840474756e-06,44,3,2026-01-12
EXR/WY,EXR,WY,high_vol_specialist,10795.07333444822,1.3372983325763772,-1.4103940894520768,1.0,34,3,2026-01-12
EVRG/PCG,EVRG,PCG,high_vol_specialist,-12756.96166683943,-0.9973229558603013,-1.4103940894520768,2.2944943141525826e-26,48,3,2026-01-12
ATO/PCG,ATO,PCG,high_vol_specialist,-5290.388499614694,-0.46157717770896317,-1.4103940894520768,4.378173367733119e-28,50,3,2026-01-12
CINF/FMC,CINF,FMC,high_vol_specialist,-24105.34959072268,-1.8399249830134143,-1.4103940894520768,6.831246223271675e-40,32,3,2026-01-12
HRL/MKC,HRL,MKC,high_vol_specialist,4364.5438189459,0.6278699072481965,-1.4103940894520768,0.9999999995771954,38,3,2026-01-12
AKAM/KEYS,AKAM,KEYS,high_vol_specialist,-10347.45,-0.6337696579435252,-1.4103940894520768,2.6578080927052938e-06,36,3,2026-01-12
BSX/WMB,BSX,WMB,high_vol_specialist,3903.37992173084,0.4851466867798548,-1.4103940894520768,0.9999999971822773,42,3,2026-01-12
FSLR/RSG,FSLR,RSG,high_vol_specialist,-16942.95545393709,-0.8607449483423204,-1.4103940894520768,7.564931033668392e-07,46,3,2026-01-12
CDNS/PTC,CDNS,PTC,high_vol_specialist,2529.259999999969,0.30133698434199224,-1.4103940894520768,0.9998841040457207,38,3,2026-01-12
AME/WMT,AME,WMT,high_vol_specialist,-11957.40088446399,-1.245761762679586,-1.4103940894520768,2.305769117234725e-12,36,3,2026-01-12
AON/GEN,AON,GEN,high_vol_specialist,9414.904794656584,0.8540771554969135,-1.4103940894520768,0.9999999386495232,38,3,2026-01-12
HAS/YUM,HAS,YUM,slow_signal,3584.155839739667,0.6175772639814187,-1.5187740097964662,0.9999999999973774,42,3,2026-01-12
TXT/YUM,TXT,YUM,slow_signal,-4195.441050262751,-0.5722445390189833,-1.5187740097964662,9.20428063761292e-19,40,3,2026-01-12
CSCO/PAYC,CSCO,PAYC,slow_signal,4767.302500617718,0.5023722144253885,-1.5187740097964662,0.9999910471488108,34,3,2026-01-12
HAS/PFE,HAS,PFE,slow_signal,6422.084402950744,0.5383747224869048,-1.5187740097964662,0.9999961973994039,38,3,2026-01-12
EXR/WY,EXR,WY,slow_signal,8857.416416652155,1.2537010138566989,-1.5187740097964662,1.0,30,3,2026-01-12
EVRG/PCG,EVRG,PCG,slow_signal,-10806.63476372022,-0.9227879171361172,-1.5187740097964662,5.401698191367285e-24,52,3,2026-01-12
ATO/PCG,ATO,PCG,slow_signal,-12500.3468884973,-1.310369181973629,-1.5187740097964662,4.847522196558746e-28,54,3,2026-01-12
CINF/FMC,CINF,FMC,slow_signal,-8697.601473861387,-0.9429222207982,-1.5187740097964662,1.101490302724351e-27,38,3,2026-01-12
HRL/MKC,HRL,MKC,slow_signal,770.4239436909975,0.14438202215938653,-1.5187740097964662,0.7714117086687906,28,3,2026-01-12
AKAM/KEYS,AKAM,KEYS,slow_signal,-13944.45999999998,-0.8449913230740381,-1.5187740097964662,2.2837395333500397e-06,34,3,2026-01-12
BSX/WMB,BSX,WMB,slow_signal,-103.3078106858558,-0.01717668199817636,-1.5187740097964662,0.007226778888985082,34,3,2026-01-12
FSLR/RSG,FSLR,RSG,slow_signal,-12034.39055956423,-0.6200969719081222,-1.5187740097964662,1.6290446441943635e-07,46,3,2026-01-12
CDNS/PTC,CDNS,PTC,slow_signal,-1077.170000000031,-0.13715293947625543,-1.5187740097964662,4.7734420532935495e-05,38,3,2026-01-12
AME/WMT,AME,WMT,slow_signal,-2260.717927216453,-0.26490688938873347,-1.5187740097964662,3.613949102003614e-17,34,3,2026-01-12
AON/GEN,AON,GEN,slow_signal,647.2317128517782,0.06169308193692311,-1.5187740097964662,0.20237278484335863,40,3,2026-01-12
HAS/YUM,HAS,YUM,patient_hold,7895.891410566348,1.2152852313276266,-1.6526868045570773,0.9999999999999994,28,3,2026-01-12
TXT/YUM,TXT,YUM,patient_hold,-8508.867560160126,-1.1330055661767107,-1.6526868045570773,4.363878445180232e-23,38,3,2026-01-12
CSCO/PAYC,CSCO,PAYC,patient_hold,-5594.996168561424,-0.3486000989099461,-1.6526868045570773,3.5293795606300545e-06,28,3,2026-01-12
HAS/PFE,HAS,PFE,patient_hold,-1327.461577836181,-0.1158947217782017,-1.6526868045570773,2.1674782400562837e-11,34,3,2026-01-12
EXR/WY,EXR,WY,patient_hold,4034.508599432186,0.5945406522878175,-1.6526868045570773,0.9999999999999913,28,3,2026-01-12
EVRG/PCG,EVRG,PCG,patient_hold,-8182.155471330282,-0.8321221170547556,-1.6526868045570773,1.4796581443666652e-23,42,3,2026-01-12
ATO/PCG,ATO,PCG,patient_hold,-4145.213190925259,-0.4472017251124177,-1.6526868045570773,3.999692166482867e-21,42,3,2026-01-12
CINF/FMC,CINF,FMC,patient_hold,-8393.115058878418,-0.7523606283241787,-1.6526868045570773,5.497610070853018e-11,32,3,2026-01-12
HRL/MKC,HRL,MKC,patient_hold,-273.8078433995024,-0.05102309777639407,-1.6526868045570773,0.0014767228990495177,32,3,2026-01-12
AKAM/KEYS,AKAM,KEYS,patient_hold,-6042.98000000001,-0.6626751475947473,-1.6526868045570773,1.2919317151090226e-07,28,3,2026-01-12
BSX/WMB,BSX,WMB,patient_hold,3077.986397609825,0.43153516849120677,-1.6526868045570773,0.9999855524945058,42,3,2026-01-12
FSLR/RSG,FSLR,RSG,patient_hold,-9641.04438781103,-0.5272502821912943,-1.6526868045570773,1.004438088816949e-06,36,3,2026-01-12
CDNS/PTC,CDNS,PTC,patient_hold,484.4399999999723,0.06040175165091742,-1.6526868045570773,0.1832874572257681,32,3,2026-01-12
AME/WMT,AME,WMT,patient_hold,-2435.959457659652,-0.3150841482941729,-1.6526868045570773,1.5641367757979169e-13,36,3,2026-01-12
AON/GEN,AON,GEN,patient_hold,708.8140061612748,0.09070074756853055,-1.6526868045570773,0.42910762612633907,32,3,2026-01-12
HAS/YUM,HAS,YUM,conservative_no_leverage,4158.974956867945,1.3775513216206237,-1.8853448142326985,0.9999999999999982,30,3,2026-01-12
TXT/YUM,TXT,YUM,conservative_no_leverage,-3069.608983328021,-0.8769588253490266,-1.8853448142326985,5.2486714504107395e-19,34,3,2026-01-12
CSCO/PAYC,CSCO,PAYC,conservative_no_leverage,3835.903372347903,0.8857344608543372,-1.8853448142326985,0.999980037107588,36,3,2026-01-12
HAS/PFE,HAS,PFE,conservative_no_leverage,1816.469565111644,0.2536265692218,-1.8853448142326985,0.970993351248456,36,3,2026-01-12
EXR/WY,EXR,WY,conservative_no_leverage,3404.065006070179,0.8746762659650748,-1.8853448142326985,1.0,32,3,2026-01-12
EVRG/PCG,EVRG,PCG,conservative_no_leverage,-6571.26481398533,-1.3005216215527486,-1.8853448142326985,3.40709155266204e-30,34,3,2026-01-12
ATO/PCG,ATO,PCG,conservative_no_leverage,-2850.739344715662,-0.600945470487689,-1.8853448142326985,1.2080127051819808e-23,34,3,2026-01-12
CINF/FMC,CINF,FMC,conservative_no_leverage,-9238.632086768248,-1.4359986041567212,-1.8853448142326985,5.3928925931376236e-37,34,3,2026-01-12
HRL/MKC,HRL,MKC,conservative_no_leverage,1696.635775317035,0.6381418838468178,-1.8853448142326985,0.999999999999046,28,3,2026-01-12
AKAM/KEYS,AKAM,KEYS,conservative_no_leverage,308.8899999999938,0.0709869976449325,-1.8853448142326985,0.2577962992040828,24,3,2026-01-12
BSX/WMB,BSX,WMB,conservative_no_leverage,549.7908196883709,0.16864455656408522,-1.8853448142326985,0.8671939810806091,32,3,2026-01-12
FSLR/RSG,FSLR,RSG,conservative_no_leverage,-10195.74621090115,-1.054219388366742,-1.8853448142326985,1.976433929321924e-05,32,3,2026-01-12
CDNS/PTC,CDNS,PTC,conservative_no_leverage,486.2199999999912,0.10974623689211924,-1.8853448142326985,0.5767265240403765,32,3,2026-01-12
AME/WMT,AME,WMT,conservative_no_leverage,588.4000026680233,0.16743539697979862,-1.8853448142326985,0.824741261499037,28,3,2026-01-12
AON/GEN,AON,GEN,conservative_no_leverage,4124.90611172619,0.9003729548380899,-1.8853448142326985,0.9999878989539559,34,3,2026-01-12
HAS/YUM,HAS,YUM,conservative,2839.503818485295,1.3530062758962798,-2.2250231149291673,0.9999983096588152,18,3,2026-01-12
TXT/YUM,TXT,YUM,conservative,-46.98519579039453,-0.02259068044631448,-2.2250231149291673,0.005866763693627754,24,3,2026-01-12
CSCO/PAYC,CSCO,PAYC,conservative,-3389.246496600989,-0.43661851037089655,-2.2250231149291673,5.9402730501353335e-05,22,3,2026-01-12
HAS/PFE,HAS,PFE,conservative,2838.448065122735,0.748542021135236,-2.2250231149291673,0.9998868022445956,32,3,2026-01-12
EXR/WY,EXR,WY,conservative,1993.206179890462,0.7887055348643073,-2.2250231149291673,0.9999997179746307,26,3,2026-01-12
EVRG/PCG,EVRG,PCG,conservative,-652.9071422147362,-0.22216689667110323,-2.2250231149291673,1.047980039712217e-07,34,3,2026-01-12
ATO/PCG,ATO,PCG,conservative,-1958.053004893626,-0.7544399409289908,-2.2250231149291673,6.076484904800036e-08,36,3,2026-01-12
CINF/FMC,CINF,FMC,conservative,-4374.359203459044,-1.4762972295738663,-2.2250231149291673,1.0343381746667068e-09,32,3,2026-01-12
HRL/MKC,HRL,MKC,conservative,-1630.403259000276,-0.8226918242684058,-2.2250231149291673,5.0585284394243824e-06,20,3,2026-01-12
AKAM/KEYS,AKAM,KEYS,conservative,-1966.409999999999,-0.7308888635891249,-2.2250231149291673,2.088832110943589e-06,22,3,2026-01-12
BSX/WMB,BSX,WMB,conservative,783.4481220449759,0.39093834717367665,-2.2250231149291673,0.994273377453394,22,3,2026-01-12
FSLR/RSG,FSLR,RSG,conservative,-6098.042575818265,-0.6646985927403166,-2.2250231149291673,1.0436536112539189e-05,28,3,2026-01-12
CDNS/PTC,CDNS,PTC,conservative,1742.699999999987,0.44927733036071177,-2.2250231149291673,0.9999992093499014,32,3,2026-01-12
AME/WMT,AME,WMT,conservative,520.0331034730941,0.3059443000262562,-2.2250231149291673,0.9998752760251218,22,3,2026-01-12
AON/GEN,AON,GEN,conservative,2295.005618274339,1.1572355911905194,-2.2250231149291673,0.9999999849061254,24,3,2026-01-12
HAS/YUM,HAS,YUM,fast_reentry,10865.38875387287,0.8242008664931484,0.6902720812880928,0.9997458882637466,52,4,2026-02-18
TXT/YUM,TXT,YUM,fast_reentry,-3834.487800578171,-0.43391519876115314,0.6902720812880928,3.1315269193073734e-22,72,4,2026-02-18
CSCO/PAYC,CSCO,PAYC,fast_reentry,-1207.342995112407,-0.09522726065600698,0.6902720812880928,0.00015394702002169075,70,4,2026-02-18
HAS/PFE,HAS,PFE,fast_reentry,1136.197483367763,0.07519712387998348,0.6902720812880928,0.3347146474257616,82,4,2026-02-18
EXR/WY,EXR,WY,fast_reentry,-537.4317521555572,-0.0681612163770547,0.6902720812880928,0.0003582703769911938,58,4,2026-02-18
EVRG/PCG,EVRG,PCG,fast_reentry,-3648.479072911336,-0.35954869282970486,0.6902720812880928,2.5311480215083175e-15,66,4,2026-02-18
ATO/PCG,ATO,PCG,fast_reentry,6120.606252878874,0.6182841432284429,0.6902720812880928,0.9999999995762928,78,4,2026-02-18
CINF/FMC,CINF,FMC,fast_reentry,18580.72308840496,0.5083229015521766,0.6902720812880928,0.9980462807071705,72,4,2026-02-18
HRL/MKC,HRL,MKC,fast_reentry,2694.753091070947,0.3589143410969069,0.6902720812880928,0.9999312279187802,50,4,2026-02-18
AKAM/KEYS,AKAM,KEYS,fast_reentry,-3884.710000000003,-0.3260302591255747,0.6902720812880928,1.206530716912997e-09,52,4,2026-02-18
BSX/WMB,BSX,WMB,fast_reentry,6803.230057469336,0.5781052096111341,0.6902720812880928,0.9999995778007453,80,4,2026-02-18
FSLR/RSG,FSLR,RSG,fast_reentry,25757.99756713475,0.9750922845938456,0.6902720812880928,0.9999944314128071,74,4,2026-02-18
CDNS/PTC,CDNS,PTC,fast_reentry,-903.8100000000013,-0.08329535737426916,0.6902720812880928,0.0002584090918686139,54,4,2026-02-18
AME/WMT,AME,WMT,fast_reentry,4528.071548926946,0.45124670813934215,0.6902720812880928,0.9999860796151233,64,4,2026-02-18
AON/GEN,AON,GEN,fast_reentry,10542.69100683302,0.8637399326044767,0.6902720812880928,0.9999999597621606,66,4,2026-02-18
HAS/YUM,HAS,YUM,aggressive,47199.14856719162,2.1119506478741856,0.685484421484186,0.9999999999926282,92,4,2026-02-18
TXT/YUM,TXT,YUM,aggressive,2491.620592203501,0.14600944510803945,0.685484421484186,0.8226548773237976,106,4,2026-02-18
CSCO/PAYC,CSCO,PAYC,aggressive,-2488.472586030804,-0.09164867888640686,0.685484421484186,0.0001497388241738777,102,4,2026-02-18
HAS/PFE,HAS,PFE,aggressive,20789.14576768835,0.7140553166129866,0.685484421484186,0.9999999949955658,104,4,2026-02-18
EXR/WY,EXR,WY,aggressive,14270.63896963613,0.781808703054435,0.685484421484186,1.0,86,4,2026-02-18
EVRG/PCG,EVRG,PCG,aggressive,-34697.4974086994,-1.636524833188925,0.685484421484186,6.944264636795139e-26,76,4,2026-02-18
ATO/PCG,ATO,PCG,aggressive,-12683.1786881216,-0.7202296951501547,0.685484421484186,2.1311807785504333e-28,82,4,2026-02-18
CINF/FMC,CINF,FMC,aggressive,25833.48298234402,0.44520176822863994,0.685484421484186,0.9996122463659488,92,4,2026-02-18
HRL/MKC,HRL,MKC,aggressive,4246.923958873382,0.21590997620925836,0.685484421484186,0.9904659665847755,90,4,2026-02-18
AKAM/KEYS,AKAM,KEYS,aggressive,8662.330000000064,0.33013578389942777,0.685484421484186,0.9999887335403711,84,4,2026-02-18
BSX/WMB,BSX,WMB,aggressive,-18649.26936267034,-0.7652824518017397,0.685484421484186,6.808480061462155e-16,116,4,2026-02-18
FSLR/RSG,FSLR,RSG,aggressive,43675.08220474774,0.9715472983126608,0.685484421484186,0.9999999678524805,106,4,2026-02-18
CDNS/PTC,CDNS,PTC,aggressive,-4513.020000000097,-0.2241893106521948,0.685484421484186,3.3563270732672407e-09,100,4,2026-02-18
AME/WMT,AME,WMT,aggressive,-2353.676632428418,-0.11013363644733183,0.685484421484186,1.0328272055749084e-06,110,4,2026-02-18
AON/GEN,AON,GEN,aggressive,16410.27070238596,0.7405671590005133,0.685484421484186,0.9999999999703653,92,4,2026-02-18
HAS/YUM,HAS,YUM,vol_gated,9417.941670969367,0.7413804099541965,0.5337233432973019,0.9999990766862933,66,4,2026-02-18
TXT/YUM,TXT,YUM,vol_gated,4465.691282526396,0.4964637090831659,0.5337233432973019,0.9999999997556398,74,4,2026-02-18
CSCO/PAYC,CSCO,PAYC,vol_gated,-6151.179311807446,-0.42214776997937387,0.5337233432973019,1.7120858815227322e-12,58,4,2026-02-18
HAS/PFE,HAS,PFE,vol_gated,-905.0839224491356,-0.05975096960512105,0.5337233432973019,0.00010201170139344222,70,4,2026-02-18
EXR/WY,EXR,WY,vol_gated,14855.46972543664,1.29984801320552,0.5337233432973019,1.0,72,4,2026-02-18
EVRG/PCG,EVRG,PCG,vol_gated,-544.6937114571338,-0.06500337352096247,0.5337233432973019,0.00012127557447219373,60,4,2026-02-18
ATO/PCG,ATO,PCG,vol_gated,-6516.541726503446,-0.7429771699643911,0.5337233432973019,2.038715895428814e-33,58,4,2026-02-18
CINF/FMC,CINF,FMC,vol_gated,8065.190103197497,0.3988670492763566,0.5337233432973019,0.9999974735594012,62,4,2026-02-18
HRL/MKC,HRL,MKC,vol_gated,-2919.802489134344,-0.317141544617958,0.5337233432973019,1.7828481831449631e-12,58,4,2026-02-18
AKAM/KEYS,AKAM,KEYS,vol_gated,15666.67000000001,1.0794692264461447,0.5337233432973019,0.9999997184557606,66,4,2026-02-18
BSX/WMB,BSX,WMB,vol_gated,-6294.463238777069,-0.44753175749836055,0.5337233432973019,1.988747220290504e-14,78,4,2026-02-18
FSLR/RSG,FSLR,RSG,vol_gated,14955.69769699909,0.5670818040245722,0.5337233432973019,0.9998130592178893,72,4,2026-02-18
CDNS/PTC,CDNS,PTC,vol_gated,3325.589999999999,0.2849687453070762,0.5337233432973019,0.9998199515242633,76,4,2026-02-18
AME/WMT,AME,WMT,vol_gated,12423.70834892986,1.1505591465732674,0.5337233432973019,0.999999999659318,68,4,2026-02-18
AON/GEN,AON,GEN,vol_gated,175.6206313764287,0.01331156516797608,0.5337233432973019,0.035024469580687174,64,4,2026-02-18
HAS/YUM,HAS,YUM,low_entry,5749.266860320478,0.3331016053646601,0.5201264137134219,0.9991937395657925,96,4,2026-02-18
TXT/YUM,TXT,YUM,low_entry,5632.88431242876,0.5665404220162218,0.5201264137134219,0.9999999999987713,96,4,2026-02-18
CSCO/PAYC,CSCO,PAYC,low_entry,1610.321380023875,0.09076968573116655,0.5201264137134219,0.425725481646083,108,4,2026-02-18
HAS/PFE,HAS,PFE,low_entry,18349.8905574294,0.9236650531681395,0.5201264137134219,0.9999999995239004,112,4,2026-02-18
EXR/WY,EXR,WY,low_entry,-1179.333988349556,-0.11714345618684915,0.5201264137134219,9.44261524554075e-06,108,4,2026-02-18
EVRG/PCG,EVRG,PCG,low_entry,-16923.30829379675,-1.257734397640693,0.5201264137134219,1.784449310916992e-18,102,4,2026-02-18
ATO/PCG,ATO,PCG,low_entry,-7058.03075571569,-0.578280606765154,0.5201264137134219,1.9930363928083265e-27,106,4,2026-02-18
CINF/FMC,CINF,FMC,low_entry,23000.91584799602,0.6111234733786665,0.5201264137134219,0.9990482544095922,106,4,2026-02-18
HRL/MKC,HRL,MKC,low_entry,493.3349401964849,0.049002192018749766,0.5201264137134219,0.1450251491727116,90,4,2026-02-18
AKAM/KEYS,AKAM,KEYS,low_entry,-693.3799999999628,-0.050934198566635364,0.5201264137134219,0.0009080050475796812,76,4,2026-02-18
BSX/WMB,BSX,WMB,low_entry,-2560.872705915952,-0.18676303991012605,0.5201264137134219,5.171802675148311e-10,112,4,2026-02-18
FSLR/RSG,FSLR,RSG,low_entry,24364.14756028587,0.8520722188175732,0.5201264137134219,0.9999995750078,116,4,2026-02-18
CDNS/PTC,CDNS,PTC,low_entry,-1561.620000000028,-0.11892301042739752,0.5201264137134219,9.362206516420568e-06,100,4,2026-02-18
AME/WMT,AME,WMT,low_entry,-4245.801518318036,-0.31365617089934433,0.5201264137134219,4.8457669628339916e-20,102,4,2026-02-18
AON/GEN,AON,GEN,low_entry,22435.49865035027,1.544591982381369,0.5201264137134219,0.999999999999885,90,4,2026-02-18
HAS/YUM,HAS,YUM,low_vol_specialist,15552.30525483362,1.4731309073793544,0.5145647892414905,1.0,112,4,2026-02-18
TXT/YUM,TXT,YUM,low_vol_specialist,2596.904076098678,0.21497818551364664,0.5145647892414905,0.9725734155197227,114,4,2026-02-18
CSCO/PAYC,CSCO,PAYC,low_vol_specialist,-16421.2097852966,-1.128835695367903,0.5145647892414905,5.165823800129445e-31,122,4,2026-02-18
HAS/PFE,HAS,PFE,low_vol_specialist,30895.14293785897,1.9972328676522146,0.5145647892414905,0.9999999999366991,110,4,2026-02-18
EXR/WY,EXR,WY,low_vol_specialist,7143.416472849026,0.665997739835179,0.5145647892414905,0.9999999998470255,122,4,2026-02-18
EVRG/PCG,EVRG,PCG,low_vol_specialist,-11755.73399179551,-0.9423789532345584,0.5145647892414905,1.5654558107762515e-17,128,4,2026-02-18
ATO/PCG,ATO,PCG,low_vol_specialist,1690.048621667212,0.13842599650436155,0.5145647892414905,0.7900347385989868,140,4,2026-02-18
CINF/FMC,CINF,FMC,low_vol_specialist,-1938.047510630195,-0.09143048701253086,0.5145647892414905,0.0012368018095780676,126,4,2026-02-18
HRL/MKC,HRL,MKC,low_vol_specialist,16255.45912093946,1.3858057564767863,0.5145647892414905,0.9999993336802042,98,4,2026-02-18
AKAM/KEYS,AKAM,KEYS,low_vol_specialist,-24017.93999999998,-1.3267254431363036,0.5145647892414905,8.685768528010642e-10,96,4,2026-02-18
BSX/WMB,BSX,WMB,low_vol_specialist,8714.058387678853,0.6746038384361676,0.5145647892414905,1.0,130,4,2026-02-18
FSLR/RSG,FSLR,RSG,low_vol_specialist,25912.82733032684,0.8984719484488274,0.5145647892414905,0.9999988861007423,100,4,2026-02-18
CDNS/PTC,CDNS,PTC,low_vol_specialist,-876.1600000000135,-0.06639401522735072,0.5145647892414905,0.00022777106107263847,92,4,2026-02-18
AME/WMT,AME,WMT,low_vol_specialist,2982.234280404441,0.26283779861637896,0.5145647892414905,0.9987163276424083,114,4,2026-02-18
AON/GEN,AON,GEN,low_vol_specialist,5935.689637730822,0.4499507034282082,0.5145647892414905,0.9999987177734132,108,4,2026-02-18
HAS/YUM,HAS,YUM,static_threshold,9201.421498003803,0.7360668742140143,0.4874270978152516,1.0,92,4,2026-02-18
TXT/YUM,TXT,YUM,static_threshold,844.6783129956862,0.06428111923532409,0.4874270978152516,0.2383470762222915,98,4,2026-02-18
CSCO/PAYC,CSCO,PAYC,static_threshold,-1646.087526074379,-0.1024907498373323,0.4874270978152516,1.748468640430628e-05,104,4,2026-02-18
HAS/PFE,HAS,PFE,static_threshold,11840.54017146385,0.6731313409644228,0.4874270978152516,0.9999986670194724,92,4,2026-02-18
EXR/WY,EXR,WY,static_threshold,6491.643304790246,0.5756299358936713,0.4874270978152516,1.0,76,4,2026-02-18
EVRG/PCG,EVRG,PCG,static_threshold,-14768.7617234592,-1.1306985999681594,0.4874270978152516,4.2587450840058746e-27,96,4,2026-02-18
ATO/PCG,ATO,PCG,static_threshold,-11965.29942784934,-0.9869338726154725,0.4874270978152516,3.4172899830403765e-28,98,4,2026-02-18
CINF/FMC,CINF,FMC,static_threshold,9433.719848787168,0.3964221644870948,0.4874270978152516,0.9999999074332564,92,4,2026-02-18
HRL/MKC,HRL,MKC,static_threshold,3337.620537080305,0.30328734361004217,0.4874270978152516,0.999223862406146,92,4,2026-02-18
AKAM/KEYS,AKAM,KEYS,static_threshold,-1860.49999999996,-0.08521792909998897,0.4874270978152516,0.00023347375022438513,86,4,2026-02-18
BSX/WMB,BSX,WMB,static_threshold,6192.394932755386,0.5383721128566266,0.4874270978152516,0.9999999999968037,104,4,2026-02-18
FSLR/RSG,FSLR,RSG,static_threshold,38261.67792186141,1.468671090915742,0.4874270978152516,1.0,96,4,2026-02-18
CDNS/PTC,CDNS,PTC,static_threshold,708.0899999999888,0.0615410665707826,0.4874270978152516,0.20480379607660104,78,4,2026-02-18
AME/WMT,AME,WMT,static_threshold,-5740.067069621084,-0.395523694818125,0.4874270978152516,2.6991269605499003e-22,102,4,2026-02-18
AON/GEN,AON,GEN,static_threshold,12139.62714454989,0.7975381179092329,0.4874270978152516,0.9999999999986338,96,4,2026-02-18
HAS/YUM,HAS,YUM,fast_signal,-4153.293660262224,-0.3541296544066038,0.2949090202313969,2.4912721092851788e-15,72,4,2026-02-18
TXT/YUM,TXT,YUM,fast_signal,-644.2299990464403,-0.07196861739768665,0.2949090202313969,7.260719517420525e-05,72,4,2026-02-18
CSCO/PAYC,CSCO,PAYC,fast_signal,9810.617875122396,0.7058755338666639,0.2949090202313969,0.9999999995805312,74,4,2026-02-18
HAS/PFE,HAS,PFE,fast_signal,14734.68153939852,0.9203606947078713,0.2949090202313969,0.9999999976187022,66,4,2026-02-18
EXR/WY,EXR,WY,fast_signal,4304.831671764497,0.4469733646531116,0.2949090202313969,0.999999999998817,86,4,2026-02-18
EVRG/PCG,EVRG,PCG,fast_signal,-1143.501346245415,-0.12620439199134958,0.2949090202313969,1.3576145277078722e-06,82,4,2026-02-18
ATO/PCG,ATO,PCG,fast_signal,4466.823599272259,0.4671415741063537,0.2949090202313969,0.9999999005097924,78,4,2026-02-18
CINF/FMC,CINF,FMC,fast_signal,9601.877214437933,0.5851607664411298,0.2949090202313969,1.0,76,4,2026-02-18
HRL/MKC,HRL,MKC,fast_signal,-9445.065183709972,-1.1688577102617992,0.2949090202313969,1.937078077473944e-12,70,4,2026-02-18
AKAM/KEYS,AKAM,KEYS,fast_signal,-6798.189999999997,-0.6534805029360309,0.2949090202313969,3.348202031048189e-18,64,4,2026-02-18
BSX/WMB,BSX,WMB,fast_signal,-6463.10466457977,-0.5572744124638931,0.2949090202313969,1.7346386317962933e-22,92,4,2026-02-18
FSLR/RSG,FSLR,RSG,fast_signal,24399.29050542629,0.9682642027097283,0.2949090202313969,0.9999207256834458,64,4,2026-02-18
CDNS/PTC,CDNS,PTC,fast_signal,-405.0199999999945,-0.03954688487484063,0.2949090202313969,0.002656166526816957,72,4,2026-02-18
AME/WMT,AME,WMT,fast_signal,5412.804983761062,0.6731517378082569,0.2949090202313969,0.9999999999999832,80,4,2026-02-18
AON/GEN,AON,GEN,fast_signal,1430.198400738709,0.12505662092019518,0.2949090202313969,0.668759909848573,82,4,2026-02-18
HAS/YUM,HAS,YUM,flash_hold,11040.29348386659,1.7160328027729386,0.2653793387305505,1.0,134,4,2026-02-18
TXT/YUM,TXT,YUM,flash_hold,1321.073081658475,0.23006512607929847,0.2653793387305505,0.9944470895318036,132,4,2026-02-18
CSCO/PAYC,CSCO,PAYC,flash_hold,568.800752018707,0.062415650495693524,0.2653793387305505,0.20745928220433313,142,4,2026-02-18
HAS/PFE,HAS,PFE,flash_hold,8962.996919390469,0.9746200867933968,0.2653793387305505,0.9999999947699043,154,4,2026-02-18
EXR/WY,EXR,WY,flash_hold,6890.87427338007,1.2684684642484463,0.2653793387305505,1.0,166,4,2026-02-18
EVRG/PCG,EVRG,PCG,flash_hold,-9906.643592867009,-1.4950853342010673,0.2653793387305505,1.002862420151177e-22,182,4,2026-02-18
ATO/PCG,ATO,PCG,flash_hold,1124.377418161298,0.19053426759821962,0.2653793387305505,0.9638212041623769,174,4,2026-02-18
CINF/FMC,CINF,FMC,flash_hold,15844.76373703271,0.8453251531375006,0.2653793387305505,0.9990596283629738,168,4,2026-02-18
HRL/MKC,HRL,MKC,flash_hold,44.06296348356386,0.007003091433041746,0.2653793387305505,0.023875976700463573,142,4,2026-02-18
AKAM/KEYS,AKAM,KEYS,flash_hold,-2329.379999999966,-0.2653364410177625,0.2653793387305505,2.0665839363447722e-08,114,4,2026-02-18
BSX/WMB,BSX,WMB,flash_hold,-1606.116016578498,-0.20840504933550374,0.2653793387305505,5.3338588455977284e-12,176,4,2026-02-18
FSLR/RSG,FSLR,RSG,flash_hold,14768.90582537587,1.1707566475832887,0.2653793387305505,1.0,124,4,2026-02-18
CDNS/PTC,CDNS,PTC,flash_hold,-5845.989999999987,-0.6827220201126302,0.2653793387305505,2.1554724639320818e-11,134,4,2026-02-18
AME/WMT,AME,WMT,flash_hold,-1019.887279532692,-0.1446914049235622,0.2653793387305505,5.037213555291844e-09,152,4,2026-02-18
AON/GEN,AON,GEN,flash_hold,493.0805248487993,0.06388749918160946,0.2653793387305505,0.2381491443281767,148,4,2026-02-18
HAS/YUM,HAS,YUM,vol_agnostic,4596.616969877956,0.29072904263718746,0.258527475497342,0.9948998932559665,98,4,2026-02-18
TXT/YUM,TXT,YUM,vol_agnostic,-8918.617170498812,-0.703025706984559,0.258527475497342,8.763082206761256e-27,88,4,2026-02-18
CSCO/PAYC,CSCO,PAYC,vol_agnostic,1149.354473162858,0.07165603590064891,0.258527475497342,0.2839503681630521,100,4,2026-02-18
HAS/PFE,HAS,PFE,vol_agnostic,8435.464538999957,0.5005770296792521,0.258527475497342,0.9999598594661289,88,4,2026-02-18
EXR/WY,EXR,WY,vol_agnostic,16687.52671101144,1.2737886248457857,0.258527475497342,1.0,86,4,2026-02-18
EVRG/PCG,EVRG,PCG,vol_agnostic,-23779.56576579303,-1.596684162858291,0.258527475497342,7.577143114702168e-25,74,4,2026-02-18
ATO/PCG,ATO,PCG,vol_agnostic,-10202.99394476571,-0.7870302784867588,0.258527475497342,4.513381804921078e-32,70,4,2026-02-18
CINF/FMC,CINF,FMC,vol_agnostic,21408.59679293541,0.5492071648989147,0.258527475497342,0.999630871642457,78,4,2026-02-18
HRL/MKC,HRL,MKC,vol_agnostic,641.9849920880436,0.057594440896820545,0.258527475497342,0.19856090825977807,86,4,2026-02-18
AKAM/KEYS,AKAM,KEYS,vol_agnostic,-11356.29999999994,-0.5652424360659011,0.258527475497342,1.2171121452599615e-08,74,4,2026-02-18
BSX/WMB,BSX,WMB,vol_agnostic,-2231.677949927078,-0.13382467440467138,0.258527475497342,2.1487757128459168e-09,104,4,2026-02-18
FSLR/RSG,FSLR,RSG,vol_agnostic,34414.56610338353,1.2791596842608872,0.258527475497342,1.0,104,4,2026-02-18
CDNS/PTC,CDNS,PTC,vol_agnostic,1941.429999999979,0.16348419139830292,0.258527475497342,0.9242616844958882,70,4,2026-02-18
AME/WMT,AME,WMT,vol_agnostic,-7869.827624356971,-0.5500766849793535,0.258527475497342,3.076615218944423e-29,96,4,2026-02-18
AON/GEN,AON,GEN,vol_agnostic,23255.95825204866,1.5487792869011363,0.258527475497342,0.9999999999999986,74,4,2026-02-18
HAS/YUM,HAS,YUM,vol_adaptive,8843.518186037323,0.7068015047572622,0.1793541147887616,0.9999987175580546,66,4,2026-02-18
TXT/YUM,TXT,YUM,vol_adaptive,4298.964219175929,0.47388954794683114,0.1793541147887616,0.9999999993443165,76,4,2026-02-18
CSCO/PAYC,CSCO,PAYC,vol_adaptive,-4007.578399513101,-0.2744335532337389,0.1793541147887616,8.026398021760682e-11,62,4,2026-02-18
HAS/PFE,HAS,PFE,vol_adaptive,-1515.497055433092,-0.09825403214565158,0.1793541147887616,6.734495404877532e-07,72,4,2026-02-18
EXR/WY,EXR,WY,vol_adaptive,14742.20590627558,1.2935463149448485,0.1793541147887616,1.0,74,4,2026-02-18
EVRG/PCG,EVRG,PCG,vol_adaptive,-983.2945742401989,-0.11677284099460432,0.1793541147887616,4.947300037040839e-07,62,4,2026-02-18
ATO/PCG,ATO,PCG,vol_adaptive,-6710.044094089574,-0.7699489315757251,0.1793541147887616,6.313176055505697e-33,58,4,2026-02-18
CINF/FMC,CINF,FMC,vol_adaptive,7962.412742425704,0.39726940970471364,0.1793541147887616,0.9999976663545851,62,4,2026-02-18
HRL/MKC,HRL,MKC,vol_adaptive,-3128.692066573937,-0.34463312909338367,0.1793541147887616,1.1924752493674648e-12,60,4,2026-02-18
AKAM/KEYS,AKAM,KEYS,vol_adaptive,2800.840000000001,0.23962503756756592,0.1793541147887616,0.9945489769454977,64,4,2026-02-18
BSX/WMB,BSX,WMB,vol_adaptive,-5353.180056650701,-0.38293680866555957,0.1793541147887616,2.9969789537111123e-16,80,4,2026-02-18
FSLR/RSG,FSLR,RSG,vol_adaptive,14859.09934252769,0.5676440162621458,0.1793541147887616,0.99982299987869,72,4,2026-02-18
CDNS/PTC,CDNS,PTC,vol_adaptive,439.7599999999766,0.036571900660835675,0.1793541147887616,0.09026838347169092,80,4,2026-02-18
AME/WMT,AME,WMT,vol_adaptive,8444.508846663539,0.7963140524354911,0.1793541147887616,0.9999998506659472,68,4,2026-02-18
AON/GEN,AON,GEN,vol_adaptive,-1647.741417372474,-0.12436415635647709,0.1793541147887616,3.2403763962131625e-06,66,4,2026-02-18
HAS/YUM,HAS,YUM,stable_signal_quick_exit,17986.14295256005,1.7694996296907919,0.1686425324472986,0.9999999978964746,48,4,2026-02-18
TXT/YUM,TXT,YUM,stable_signal_quick_exit,3949.869140038642,0.46796829756911035,0.1686425324472986,0.9999999961059045,52,4,2026-02-18
CSCO/PAYC,CSCO,PAYC,stable_signal_quick_exit,4344.752221474359,0.26953409256097594,0.1686425324472986,0.9991718507374163,68,4,2026-02-18
HAS/PFE,HAS,PFE,stable_signal_quick_exit,5093.714054943444,0.31534655916834853,0.1686425324472986,0.9955998994430224,52,4,2026-02-18
EXR/WY,EXR,WY,stable_signal_quick_exit,1033.641878885659,0.12932413888459957,0.1686425324472986,0.747476113477193,52,4,2026-02-18
EVRG/PCG,EVRG,PCG,stable_signal_quick_exit,-4269.265110723106,-0.5372550750195438,0.1686425324472986,6.768365421366965e-17,34,4,2026-02-18
ATO/PCG,ATO,PCG,stable_signal_quick_exit,1031.750216659117,0.13997217785539431,0.1686425324472986,0.7496614034883747,38,4,2026-02-18
CINF/FMC,CINF,FMC,stable_signal_quick_exit,-5213.264469617965,-0.40410697092103093,0.1686425324472986,2.4769940849327514e-07,46,4,2026-02-18
HRL/MKC,HRL,MKC,stable_signal_quick_exit,3140.78216605646,0.34874610362434016,0.1686425324472986,0.9977611760718188,44,4,2026-02-18
AKAM/KEYS,AKAM,KEYS,stable_signal_quick_exit,-3525.559999999964,-0.2328882296561576,0.1686425324472986,3.594112642141717e-12,52,4,2026-02-18
BSX/WMB,BSX,WMB,stable_signal_quick_exit,1944.511270907595,0.19659749639435622,0.1686425324472986,0.9270835602347697,46,4,2026-02-18
FSLR/RSG,FSLR,RSG,stable_signal_quick_exit,11293.18160173957,0.4037268754568595,0.1686425324472986,0.9990233216537887,64,4,2026-02-18
CDNS/PTC,CDNS,PTC,stable_signal_quick_exit,-1848.360000000029,-0.17075181765851316,0.1686425324472986,2.089321530120946e-06,54,4,2026-02-18
AME/WMT,AME,WMT,stable_signal_quick_exit,11422.94550574147,1.236473847502966,0.1686425324472986,1.0,44,4,2026-02-18
AON/GEN,AON,GEN,stable_signal_quick_exit,-8251.922642160182,-0.6527945637386399,0.1686425324472986,2.752355097510616e-13,46,4,2026-02-18
HAS/YUM,HAS,YUM,medium_signal_high_leverage,16496.30465407683,1.0214784838756554,-0.0359255433600904,0.9999999999997247,54,4,2026-02-18
TXT/YUM,TXT,YUM,medium_signal_high_leverage,5806.128887943118,0.4445673001146201,-0.0359255433600904,0.9999999927620903,56,4,2026-02-18
CSCO/PAYC,CSCO,PAYC,medium_signal_high_leverage,-719.5411461676185,-0.034946719211050546,-0.0359255433600904,0.0023006129321097983,58,4,2026-02-18
HAS/PFE,HAS,PFE,medium_signal_high_leverage,5530.862122223069,0.24577473018687337,-0.0359255433600904,0.9679599214717581,64,4,2026-02-18
EXR/WY,EXR,WY,medium_signal_high_leverage,3529.322415696216,0.24021855315089444,-0.0359255433600904,0.9988935277047544,58,4,2026-02-18
EVRG/PCG,EVRG,PCG,medium_signal_high_leverage,-20389.00711101694,-1.3836999443593032,-0.0359255433600904,1.5148378304869012e-27,52,4,2026-02-18
ATO/PCG,ATO,PCG,medium_signal_high_leverage,-2614.264899755229,-0.17203061814255483,-0.0359255433600904,2.429593719327942e-09,48,4,2026-02-18
CINF/FMC,CINF,FMC,medium_signal_high_leverage,-4765.898022469744,-0.15463223477897955,-0.0359255433600904,0.00021800126749677235,56,4,2026-02-18
HRL/MKC,HRL,MKC,medium_signal_high_leverage,-1895.300463984573,-0.13537062326560306,-0.0359255433600904,3.0961205196536383e-07,50,4,2026-02-18
AKAM/KEYS,AKAM,KEYS,medium_signal_high_leverage,2249.55999999997,0.12493464901966468,-0.0359255433600904,0.6990137992296221,48,4,2026-02-18
BSX/WMB,BSX,WMB,medium_signal_high_leverage,-13033.91642169506,-0.6738125073523237,-0.0359255433600904,5.114180642144548e-10,70,4,2026-02-18
FSLR/RSG,FSLR,RSG,medium_signal_high_leverage,27580.2404206452,0.6858657985548571,-0.0359255433600904,0.9999543923453511,72,4,2026-02-18
CDNS/PTC,CDNS,PTC,medium_signal_high_leverage,-2212.890000000006,-0.12887598693416366,-0.0359255433600904,1.296057955592142e-05,54,4,2026-02-18
AME/WMT,AME,WMT,medium_signal_high_leverage,-979.1385434634558,-0.05492016502664076,-0.0359255433600904,0.00029256096082221853,62,4,2026-02-18
AON/GEN,AON,GEN,medium_signal_high_leverage,9325.937648599323,0.4936658008942909,-0.0359255433600904,0.9999955491986455,56,4,2026-02-18
HAS/YUM,HAS,YUM,deep_entry_quick_exit,12008.94062310229,2.1583534426560433,-0.1269891538693812,0.9999999999999915,24,4,2026-02-18
TXT/YUM,TXT,YUM,deep_entry_quick_exit,1790.560550219261,0.2497707654491908,-0.1269891538693812,0.9987539614969835,28,4,2026-02-18
CSCO/PAYC,CSCO,PAYC,deep_entry_quick_exit,-5260.410968929524,-0.46398976149708604,-0.1269891538693812,1.780962939824316e-07,28,4,2026-02-18
HAS/PFE,HAS,PFE,deep_entry_quick_exit,12685.00619062385,1.4751394623087049,-0.1269891538693812,0.999999769414967,30,4,2026-02-18
EXR/WY,EXR,WY,deep_entry_quick_exit,2825.55147753578,0.46520587135322666,-0.1269891538693812,0.99999999787396,20,4,2026-02-18
EVRG/PCG,EVRG,PCG,deep_entry_quick_exit,-6933.840861372984,-0.9327171168884218,-0.1269891538693812,5.3044962155432816e-12,30,4,2026-02-18
ATO/PCG,ATO,PCG,deep_entry_quick_exit,-3241.302568470389,-0.5593716180791837,-0.1269891538693812,3.3063124783266614e-10,30,4,2026-02-18
CINF/FMC,CINF,FMC,deep_entry_quick_exit,-10469.03051037457,-1.0426245264009812,-0.1269891538693812,1.000902954662713e-21,34,4,2026-02-18
HRL/MKC,HRL,MKC,deep_entry_quick_exit,-2879.820304652655,-0.6258519138451677,-0.1269891538693812,1.330125204278127e-08,18,4,2026-02-18
AKAM/KEYS,AKAM,KEYS,deep_entry_quick_exit,8280.589999999995,0.6647714190326335,-0.1269891538693812,0.9999162447307824,18,4,2026-02-18
BSX/WMB,BSX,WMB,deep_entry_quick_exit,1683.933499601929,0.31632237184563855,-0.1269891538693812,0.9985915250796079,30,4,2026-02-18
FSLR/RSG,FSLR,RSG,deep_entry_quick_exit,-9604.248267841527,-0.4548084985179105,-0.1269891538693812,1.1030897218496177e-08,32,4,2026-02-18
CDNS/PTC,CDNS,PTC,deep_entry_quick_exit,13759.21999999998,1.3711189544935054,-0.1269891538693812,0.9999993159308997,26,4,2026-02-18
AME/WMT,AME,WMT,deep_entry_quick_exit,9602.860181938233,1.367416325660763,-0.1269891538693812,0.9999999999996904,24,4,2026-02-18
AON/GEN,AON,GEN,deep_entry_quick_exit,434.1432868102365,0.03746387221629614,-0.1269891538693812,0.084905413975154,26,4,2026-02-18
HAS/YUM,HAS,YUM,slow_reentry,9252.907340425052,0.7185056857953891,-0.1442418009888188,0.9993754206698502,46,4,2026-02-18
TXT/YUM,TXT,YUM,slow_reentry,-752.4554294561767,-0.09150051387538274,-0.1442418009888188,2.8849182331120503e-05,64,4,2026-02-18
CSCO/PAYC,CSCO,PAYC,slow_reentry,11327.45792449904,0.9956594142944483,-0.1442418009888188,0.999999992826228,58,4,2026-02-18
HAS/PFE,HAS,PFE,slow_reentry,-9563.02895783083,-0.7092112601295225,-0.1442418009888188,1.0653587797545941e-11,50,4,2026-02-18
EXR/WY,EXR,WY,slow_reentry,413.4542957036228,0.043700400031395775,-0.1442418009888188,0.10436336352077119,56,4,2026-02-18
EVRG/PCG,EVRG,PCG,slow_reentry,-2131.664683662922,-0.27317839071719124,-0.1442418009888188,5.1891761068146315e-11,40,4,2026-02-18
ATO/PCG,ATO,PCG,slow_reentry,-497.2150522512716,-0.06767114273698883,-0.1442418009888188,7.206064749384483e-05,46,4,2026-02-18
CINF/FMC,CINF,FMC,slow_reentry,-7103.825002216638,-0.5239127452025018,-0.1442418009888188,1.1121592980170629e-08,44,4,2026-02-18
HRL/MKC,HRL,MKC,slow_reentry,917.1926421933335,0.13409494300736371,-0.1442418009888188,0.7616530187696264,46,4,2026-02-18
AKAM/KEYS,AKAM,KEYS,slow_reentry,357.4200000000023,0.02635806110557031,-0.1442418009888188,0.05043960319370619,42,4,2026-02-18
BSX/WMB,BSX,WMB,slow_reentry,7327.366943981598,0.749491200822194,-0.1442418009888188,0.9999910106683276,60,4,2026-02-18
FSLR/RSG,FSLR,RSG,slow_reentry,18863.57051507312,0.7594038065782109,-0.1442418009888188,0.9998966728453107,60,4,2026-02-18
CDNS/PTC,CDNS,PTC,slow_reentry,-2081.880000000012,-0.20576785793578714,-0.1442418009888188,1.5978112213672084e-06,50,4,2026-02-18
AME/WMT,AME,WMT,slow_reentry,-256.0838791366423,-0.027334768549940748,-0.1442418009888188,0.0033375291184562254,48,4,2026-02-18
AON/GEN,AON,GEN,slow_reentry,-3967.191590498456,-0.4128313277221445,-0.1442418009888188,1.2213214812993841e-17,44,4,2026-02-18
HAS/YUM,HAS,YUM,high_turnover,4370.165120990282,0.4514760498661166,-0.2305164773066949,0.999999999897034,90,4,2026-02-18
TXT/YUM,TXT,YUM,high_turnover,1897.929117183613,0.17989394404249998,-0.2305164773066949,0.9181892750334733,86,4,2026-02-18
CSCO/PAYC,CSCO,PAYC,high_turnover,-4075.541340881529,-0.30852942389879123,-0.2305164773066949,3.934615381239789e-16,90,4,2026-02-18
HAS/PFE,HAS,PFE,high_turnover,4468.668011538209,0.31995143382874686,-0.2305164773066949,0.9999757803823919,88,4,2026-02-18
EXR/WY,EXR,WY,high_turnover,12319.20836882239,1.263916258032293,-0.2305164773066949,1.0,96,4,2026-02-18
EVRG/PCG,EVRG,PCG,high_turnover,-5030.553521463477,-0.6882583721854227,-0.2305164773066949,2.124144989021804e-16,74,4,2026-02-18
ATO/PCG,ATO,PCG,high_turnover,-125.9128799517357,-0.01595227617015183,-0.2305164773066949,0.006404069793130977,80,4,2026-02-18
CINF/FMC,CINF,FMC,high_turnover,15298.26645541216,0.7142015096570394,-0.2305164773066949,0.9999991843125863,90,4,2026-02-18
HRL/MKC,HRL,MKC,high_turnover,2727.941425781744,0.2246488092921517,-0.2305164773066949,0.9937513843176676,86,4,2026-02-18
AKAM/KEYS,AKAM,KEYS,high_turnover,-7826.42999999999,-0.7805000146680563,-0.2305164773066949,5.2453246995847377e-20,80,4,2026-02-18
BSX/WMB,BSX,WMB,high_turnover,-3466.070644977221,-0.22664530107405062,-0.2305164773066949,5.967533798701244e-17,108,4,2026-02-18
FSLR/RSG,FSLR,RSG,high_turnover,22307.28608806815,0.9072424097078986,-0.2305164773066949,0.9999218229074273,94,4,2026-02-18
CDNS/PTC,CDNS,PTC,high_turnover,-17284.24000000004,-1.1461838679376886,-0.2305164773066949,1.0117569488123962e-06,86,4,2026-02-18
AME/WMT,AME,WMT,high_turnover,-6670.877481780102,-0.6557366270312585,-0.2305164773066949,1.2852096372760443e-19,98,4,2026-02-18
AON/GEN,AON,GEN,high_turnover,-2421.83343658553,-0.2466193698483009,-0.2305164773066949,3.501476453539725e-13,84,4,2026-02-18
HAS/YUM,HAS,YUM,long_z_short_v,-3927.969162363803,-0.5158949051234029,-0.307684264916734,3.394123101709707e-21,50,4,2026-02-18
TXT/YUM,TXT,YUM,long_z_short_v,-3042.97094038898,-0.3704716819382833,-0.307684264916734,1.1902571623459145e-19,46,4,2026-02-18
CSCO/PAYC,CSCO,PAYC,long_z_short_v,5883.389129947022,0.6186374053938352,-0.307684264916734,0.9999999999730121,50,4,2026-02-18
HAS/PFE,HAS,PFE,long_z_short_v,9495.313898418444,0.8426917144139966,-0.307684264916734,0.9999999999794974,36,4,2026-02-18
EXR/WY,EXR,WY,long_z_short_v,4044.297714868831,0.49928550680818695,-0.307684264916734,0.9999999999996463,46,4,2026-02-18
EVRG/PCG,EVRG,PCG,long_z_short_v,-18202.67068537278,-1.8516555450044851,-0.307684264916734,4.4511066057658505e-25,42,4,2026-02-18
ATO/PCG,ATO,PCG,long_z_short_v,-7146.779584485676,-0.6917733581103509,-0.307684264916734,8.522472307380679e-28,38,4,2026-02-18
CINF/FMC,CINF,FMC,long_z_short_v,18781.57196647922,0.9681107530196013,-0.307684264916734,0.99997860557166,54,4,2026-02-18
HRL/MKC,HRL,MKC,long_z_short_v,-2803.485216952027,-0.33809185414603127,-0.307684264916734,1.2657477747248612e-16,40,4,2026-02-18
AKAM/KEYS,AKAM,KEYS,long_z_short_v,-2463.030000000032,-0.22527741287887507,-0.307684264916734,6.443634135138389e-07,34,4,2026-02-18
BSX/WMB,BSX,WMB,long_z_short_v,1817.385623142886,0.18332533731085887,-0.307684264916734,0.900944708400505,56,4,2026-02-18
FSLR/RSG,FSLR,RSG,long_z_short_v,539.559889903049,0.028156943658643952,-0.307684264916734,0.0970932914832936,36,4,2026-02-18
CDNS/PTC,CDNS,PTC,long_z_short_v,7485.339999999987,0.7377490019222763,-0.307684264916734,0.9999999999949561,44,4,2026-02-18
AME/WMT,AME,WMT,long_z_short_v,7291.790952910802,0.781522416973336,-0.307684264916734,0.9999999988422662,52,4,2026-02-18
AON/GEN,AON,GEN,long_z_short_v,-3575.954364286918,-0.32819872779174397,-0.307684264916734,2.1458947666476156e-11,46,4,2026-02-18
HAS/YUM,HAS,YUM,default,10291.482569211,0.79791162134722,-0.3114829721909299,0.9995946319604295,50,4,2026-02-18
TXT/YUM,TXT,YUM,default,-2828.4477650651,-0.3378448701488781,-0.3114829721909299,6.867061522836169e-17,66,4,2026-02-18
CSCO/PAYC,CSCO,PAYC,default,-896.8202912592242,-0.07647815509889175,-0.3114829721909299,0.00038317626241007006,66,4,2026-02-18
HAS/PFE,HAS,PFE,default,-10033.52463759928,-0.6930826098578216,-0.3114829721909299,1.8127081335828265e-15,62,4,2026-02-18
EXR/WY,EXR,WY,default,2043.511903918063,0.20229596531945424,-0.3114829721909299,0.9950777405603157,62,4,2026-02-18
EVRG/PCG,EVRG,PCG,default,-8260.260347095602,-0.9461418428577101,-0.3114829721909299,1.5807598898175867e-14,58,4,2026-02-18
ATO/PCG,ATO,PCG,default,-1545.87450515206,-0.1835653145897312,-0.3114829721909299,5.02100707909439e-09,58,4,2026-02-18
CINF/FMC,CINF,FMC,default,6115.864137029956,0.3140915329038001,-0.3114829721909299,0.9999888111622213,58,4,2026-02-18
HRL/MKC,HRL,MKC,default,1827.283410562577,0.26584064817115644,-0.3114829721909299,0.9968026830754171,48,4,2026-02-18
AKAM/KEYS,AKAM,KEYS,default,-6927.470000000008,-0.646515960385363,-0.3114829721909299,2.4405143158745023e-10,50,4,2026-02-18
BSX/WMB,BSX,WMB,default,2900.072233135464,0.2748029695431386,-0.3114829721909299,0.9911006234111494,70,4,2026-02-18
FSLR/RSG,FSLR,RSG,default,23023.19739602854,0.8965926064128433,-0.3114829721909299,0.9999827044638304,68,4,2026-02-18
CDNS/PTC,CDNS,PTC,default,-3099.079999999978,-0.306423286368502,-0.3114829721909299,5.281969135526049e-08,50,4,2026-02-18
AME/WMT,AME,WMT,default,-1210.410219275576,-0.1305838384628348,-0.3114829721909299,3.937383750628324e-07,52,4,2026-02-18
AON/GEN,AON,GEN,default,970.3789423647925,0.08904620576100465,-0.3114829721909299,0.4257364991042821,56,4,2026-02-18
HAS/YUM,HAS,YUM,fast_signal_tight_stop,-9396.532483242774,-0.957765062169322,-0.3277535731353071,1.6297414142821237e-07,62,4,2026-02-18
TXT/YUM,TXT,YUM,fast_signal_tight_stop,450.3410776334495,0.05821251450204064,-0.3277535731353071,0.21066618193784825,58,4,2026-02-18
CSCO/PAYC,CSCO,PAYC,fast_signal_tight_stop,1047.244053350762,0.08089005344429177,-0.3277535731353071,0.3483705965587405,62,4,2026-02-18
HAS/PFE,HAS,PFE,fast_signal_tight_stop,18965.50986345422,1.2729274864962743,-0.3277535731353071,0.9999999573063202,64,4,2026-02-18
EXR/WY,EXR,WY,fast_signal_tight_stop,2810.166603987424,0.3668609471176174,-0.3277535731353071,0.9999999394560114,80,4,2026-02-18
EVRG/PCG,EVRG,PCG,fast_signal_tight_stop,-3878.856154499969,-0.5028589422017054,-0.3277535731353071,3.0268319029588103e-19,66,4,2026-02-18
ATO/PCG,ATO,PCG,fast_signal_tight_stop,8323.05043124056,0.9515151294691668,-0.3277535731353071,0.9999999998581521,68,4,2026-02-18
CINF/FMC,CINF,FMC,fast_signal_tight_stop,6247.12222423704,0.4619943027948158,-0.3277535731353071,0.9999999999978552,66,4,2026-02-18
HRL/MKC,HRL,MKC,fast_signal_tight_stop,-8750.86259141712,-1.060363041145926,-0.3277535731353071,4.818097582963641e-13,60,4,2026-02-18
AKAM/KEYS,AKAM,KEYS,fast_signal_tight_stop,-15610.30000000004,-1.3177168838340532,-0.3277535731353071,1.4919880656511777e-08,60,4,2026-02-18
BSX/WMB,BSX,WMB,fast_signal_tight_stop,-5878.524431000856,-0.5652229115030925,-0.3277535731353071,4.1938916048855653e-19,72,4,2026-02-18
FSLR/RSG,FSLR,RSG,fast_signal_tight_stop,21595.81478674922,0.889957022906864,-0.3277535731353071,0.9998618995287271,62,4,2026-02-18
CDNS/PTC,CDNS,PTC,fast_signal_tight_stop,-1948.879999999981,-0.20632020540978832,-0.3277535731353071,3.258879334967879e-06,66,4,2026-02-18
AME/WMT,AME,WMT,fast_signal_tight_stop,-907.663042006759,-0.10192843049030026,-0.3277535731353071,2.0496584137935253e-06,80,4,2026-02-18
AON/GEN,AON,GEN,fast_signal_tight_stop,-381.5618908643642,-0.045198223550962646,-0.3277535731353071,0.0009401813543779707,64,4,2026-02-18
HAS/YUM,HAS,YUM,quick_exit,6651.984100032436,0.530651480947248,-0.3687884842063048,0.9980122725940347,54,4,2026-02-18
TXT/YUM,TXT,YUM,quick_exit,886.4245213845397,0.12784663552209555,-0.3687884842063048,0.7254356494116826,68,4,2026-02-18
CSCO/PAYC,CSCO,PAYC,quick_exit,3707.816409359395,0.33949056593409416,-0.3687884842063048,0.999944551126515,60,4,2026-02-18
HAS/PFE,HAS,PFE,quick_exit,10205.18520693622,0.9533012632264796,-0.3687884842063048,0.9999999999921646,68,4,2026-02-18
EXR/WY,EXR,WY,quick_exit,6034.984685138995,0.7330750081502837,-0.3687884842063048,0.9999999444511525,62,4,2026-02-18
EVRG/PCG,EVRG,PCG,quick_exit,-5258.540165777124,-0.6892423234560655,-0.3687884842063048,5.450549775598346e-13,64,4,2026-02-18
ATO/PCG,ATO,PCG,quick_exit,-1391.994650939682,-0.16975653975492414,-0.3687884842063048,8.493050032002937e-08,68,4,2026-02-18
CINF/FMC,CINF,FMC,quick_exit,-6030.458168986072,-0.5762055715246559,-0.3687884842063048,1.4581981987457722e-06,60,4,2026-02-18
HRL/MKC,HRL,MKC,quick_exit,405.6496091228069,0.062204078727229155,-0.3687884842063048,0.21590199791398412,44,4,2026-02-18
AKAM/KEYS,AKAM,KEYS,quick_exit,-11606.62999999998,-1.3137960939663555,-0.3687884842063048,2.6014786718333356e-17,50,4,2026-02-18
BSX/WMB,BSX,WMB,quick_exit,9266.58212435412,0.9308348756017353,-0.3687884842063048,0.9999995546126137,74,4,2026-02-18
FSLR/RSG,FSLR,RSG,quick_exit,8229.02573988165,0.34744157879836096,-0.3687884842063048,0.9914589217935086,62,4,2026-02-18
CDNS/PTC,CDNS,PTC,quick_exit,-7626.059999999998,-0.7214684226686903,-0.3687884842063048,5.1066860602959854e-12,54,4,2026-02-18
AME/WMT,AME,WMT,quick_exit,-4821.478820497912,-0.763491572026296,-0.3687884842063048,1.6934355286483235e-23,56,4,2026-02-18
AON/GEN,AON,GEN,quick_exit,2903.016655948052,0.28192090716707713,-0.3687884842063048,0.9994809639912892,60,4,2026-02-18
HAS/YUM,HAS,YUM,high_leverage,12118.96644369494,0.6129701652414522,-0.4380766027716021,0.9993885930071914,50,4,2026-02-18
TXT/YUM,TXT,YUM,high_leverage,-3497.13679973808,-0.25376373797771523,-0.4380766027716021,2.4080089806362453e-12,68,4,2026-02-18
CSCO/PAYC,CSCO,PAYC,high_leverage,-8097.446225852867,-0.40792566178212286,-0.4380766027716021,2.250666461703325e-11,68,4,2026-02-18
HAS/PFE,HAS,PFE,high_leverage,-12617.01229170205,-0.5806944945275166,-0.4380766027716021,4.542764537850616e-17,56,4,2026-02-18
EXR/WY,EXR,WY,high_leverage,6285.912633900414,0.40503932801275744,-0.4380766027716021,0.9999999995812245,64,4,2026-02-18
EVRG/PCG,EVRG,PCG,high_leverage,-18989.28152825047,-1.272914638152664,-0.4380766027716021,1.8747255049295466e-23,50,4,2026-02-18
ATO/PCG,ATO,PCG,high_leverage,-4152.507946597507,-0.285295345199122,-0.4380766027716021,7.702986302479682e-14,50,4,2026-02-18
CINF/FMC,CINF,FMC,high_leverage,-16105.04240516708,-0.6889164365740029,-0.4380766027716021,3.3239653336633356e-13,52,4,2026-02-18
HRL/MKC,HRL,MKC,high_leverage,4679.825250702704,0.4207262457191195,-0.4380766027716021,0.9999950073110497,48,4,2026-02-18
AKAM/KEYS,AKAM,KEYS,high_leverage,-6423.729999999982,-0.39833075063199735,-0.4380766027716021,6.510205392283129e-10,44,4,2026-02-18
BSX/WMB,BSX,WMB,high_leverage,255.5772871985405,0.014375138124114712,-0.4380766027716021,0.038902192886300625,68,4,2026-02-18
FSLR/RSG,FSLR,RSG,high_leverage,38256.24974293003,1.0109559075895889,-0.4380766027716021,0.9999896337284638,68,4,2026-02-18
CDNS/PTC,CDNS,PTC,high_leverage,-4805.909999999989,-0.32138736468270224,-0.4380766027716021,4.613234997511067e-08,48,4,2026-02-18
AME/WMT,AME,WMT,high_leverage,1882.398854612416,0.13135289732785074,-0.4380766027716021,0.7257924701314619,52,4,2026-02-18
AON/GEN,AON,GEN,high_leverage,2810.898914401162,0.16549339109873662,-0.4380766027716021,0.8733105375206437,50,4,2026-02-18
HAS/YUM,HAS,YUM,balanced_plus,1856.064547464015,0.18907811086747597,-0.4581516914995727,0.975871752493257,56,4,2026-02-18
TXT/YUM,TXT,YUM,balanced_plus,-3193.565726906685,-0.33722433452776923,-0.4581516914995727,3.2065673932423874e-20,68,4,2026-02-18
CSCO/PAYC,CSCO,PAYC,balanced_plus,5365.431771388992,0.42064484042938494,-0.4581516914995727,0.9999886137184419,60,4,2026-02-18
HAS/PFE,HAS,PFE,balanced_plus,-4059.089416501925,-0.27762054405225184,-0.4581516914995727,1.2742192507780085e-17,66,4,2026-02-18
EXR/WY,EXR,WY,balanced_plus,3555.791867784984,0.42190955539148417,-0.4581516914995727,0.9999999998621524,54,4,2026-02-18
EVRG/PCG,EVRG,PCG,balanced_plus,-4898.322156314573,-0.5586348368592278,-0.4581516914995727,8.3545451929187405e-16,58,4,2026-02-18
ATO/PCG,ATO,PCG,balanced_plus,-6567.02410662167,-0.7839446904321359,-0.4581516914995727,5.2780606328133144e-27,60,4,2026-02-18
CINF/FMC,CINF,FMC,balanced_plus,-1223.5290985028,-0.06615131139468274,-0.4581516914995727,0.0028197757916593974,56,4,2026-02-18
HRL/MKC,HRL,MKC,balanced_plus,1445.521429332066,0.17270608123631195,-0.4581516914995727,0.8843664924593934,48,4,2026-02-18
AKAM/KEYS,AKAM,KEYS,balanced_plus,4219.489999999993,0.4015264032873287,-0.4581516914995727,0.9999992603172203,56,4,2026-02-18
BSX/WMB,BSX,WMB,balanced_plus,-537.094309973807,-0.04205628080691034,-0.4581516914995727,0.00033732989457582724,76,4,2026-02-18
FSLR/RSG,FSLR,RSG,balanced_plus,8484.693905946058,0.33647908979605645,-0.4581516914995727,0.9928834580425225,60,4,2026-02-18
CDNS/PTC,CDNS,PTC,balanced_plus,5818.369999999948,0.5485154607320001,-0.4581516914995727,0.9999999994293454,62,4,2026-02-18
AME/WMT,AME,WMT,balanced_plus,-6965.532966820264,-0.6257056983865096,-0.4581516914995727,8.060897791240866e-21,64,4,2026-02-18
AON/GEN,AON,GEN,balanced_plus,3676.118131879636,0.31662072053179047,-0.4581516914995727,0.9999544575944646,60,4,2026-02-18
HAS/YUM,HAS,YUM,tight_stop,7253.368469112369,0.5823451783877026,-0.4752983630879114,0.9985631107939348,54,4,2026-02-18
TXT/YUM,TXT,YUM,tight_stop,-1155.132836820266,-0.16496073596946256,-0.4752983630879114,8.430548868881162e-08,70,4,2026-02-18
CSCO/PAYC,CSCO,PAYC,tight_stop,1764.136275741118,0.16816071715171363,-0.4752983630879114,0.9295358358218981,60,4,2026-02-18
HAS/PFE,HAS,PFE,tight_stop,2533.080791187171,0.19263341199435272,-0.4752983630879114,0.8897469800945654,70,4,2026-02-18
EXR/WY,EXR,WY,tight_stop,6420.291858149045,0.7883459477322063,-0.4752983630879114,0.9999999370373815,62,4,2026-02-18
EVRG/PCG,EVRG,PCG,tight_stop,-7340.669364432861,-0.9539403408991718,-0.4752983630879114,1.374854688403759e-12,66,4,2026-02-18
ATO/PCG,ATO,PCG,tight_stop,-100.2380645224093,-0.012176355006237653,-0.4752983630879114,0.009126027430671,66,4,2026-02-18
CINF/FMC,CINF,FMC,tight_stop,-4204.95431851885,-0.38148824709045126,-0.4752983630879114,1.1518892575935743e-06,60,4,2026-02-18
HRL/MKC,HRL,MKC,tight_stop,838.9474219977255,0.12684665725360886,-0.4752983630879114,0.714695479306955,46,4,2026-02-18
AKAM/KEYS,AKAM,KEYS,tight_stop,-10455.60999999999,-1.2010028241208377,-0.4752983630879114,2.887590623442256e-17,50,4,2026-02-18
BSX/WMB,BSX,WMB,tight_stop,8432.279484759249,0.8693493921962456,-0.4752983630879114,0.9999979686353789,74,4,2026-02-18
FSLR/RSG,FSLR,RSG,tight_stop,8279.085213915812,0.35534221353772655,-0.4752983630879114,0.9913458764469011,62,4,2026-02-18
CDNS/PTC,CDNS,PTC,tight_stop,-5917.309999999999,-0.5916918138720042,-0.4752983630879114,2.874410240478317e-10,52,4,2026-02-18
AME/WMT,AME,WMT,tight_stop,-3106.307308500433,-0.4813063489583941,-0.4752983630879114,1.0189104012793723e-20,58,4,2026-02-18
AON/GEN,AON,GEN,tight_stop,2611.600649005502,0.2551893785105044,-0.4752983630879114,0.998318868037856,60,4,2026-02-18
HAS/YUM,HAS,YUM,high_entry,8933.626615543639,1.799287889753074,-0.5375770249552416,0.9999999999899946,22,4,2026-02-18
TXT/YUM,TXT,YUM,high_entry,-1350.77334719092,-0.23219849387930597,-0.5375770249552416,1.1536555616039377e-09,28,4,2026-02-18
CSCO/PAYC,CSCO,PAYC,high_entry,-5523.841664707938,-0.4858351655612755,-0.5375770249552416,2.0528036424139443e-07,26,4,2026-02-18
HAS/PFE,HAS,PFE,high_entry,11925.73903807913,1.3572343295312728,-0.5375770249552416,0.9999999179111903,36,4,2026-02-18
EXR/WY,EXR,WY,high_entry,1832.89460210919,0.30013500247367053,-0.5375770249552416,0.9999914403450588,26,4,2026-02-18
EVRG/PCG,EVRG,PCG,high_entry,-1522.14488339008,-0.18962438131091638,-0.5375770249552416,1.5768648344392166e-09,38,4,2026-02-18
ATO/PCG,ATO,PCG,high_entry,-8149.613514971998,-1.3153285202557998,-0.5375770249552416,2.6226501659980646e-09,40,4,2026-02-18
CINF/FMC,CINF,FMC,high_entry,-14753.25175991968,-1.3530075522555063,-0.5375770249552416,7.874333273546533e-22,40,4,2026-02-18
HRL/MKC,HRL,MKC,high_entry,-626.1948465827488,-0.1453277165152191,-0.5375770249552416,1.271726862210872e-09,16,4,2026-02-18
AKAM/KEYS,AKAM,KEYS,high_entry,6211.939999999985,0.6983149294571425,-0.5375770249552416,0.9999965737309312,28,4,2026-02-18
BSX/WMB,BSX,WMB,high_entry,2616.33650319073,0.4860972141449034,-0.5375770249552416,0.9999886351439039,28,4,2026-02-18
FSLR/RSG,FSLR,RSG,high_entry,-660.6940988727229,-0.03211040496400901,-0.5375770249552416,0.000839454963308692,30,4,2026-02-18
CDNS/PTC,CDNS,PTC,high_entry,7384.539999999982,0.8764131776113403,-0.5375770249552416,0.9999998337373521,26,4,2026-02-18
AME/WMT,AME,WMT,high_entry,1806.100625331458,0.358326744869513,-0.5375770249552416,0.9999391971556792,24,4,2026-02-18
AON/GEN,AON,GEN,high_entry,987.3932542381942,0.09695591237772386,-0.5375770249552416,0.4847709711797064,34,4,2026-02-18
HAS/YUM,HAS,YUM,deep_dislocation,20586.35179619841,1.8805972719584603,-0.7090649025927497,0.9999999983256667,24,4,2026-02-18
TXT/YUM,TXT,YUM,deep_dislocation,437.4737471482058,0.04089132940885985,-0.7090649025927497,0.10792096218659286,28,4,2026-02-18
CSCO/PAYC,CSCO,PAYC,deep_dislocation,1075.784653758913,0.07112506726622372,-0.7090649025927497,0.24488737970445695,24,4,2026-02-18
HAS/PFE,HAS,PFE,deep_dislocation,5909.822287522067,0.3278526822977019,-0.7090649025927497,0.9675476810167204,28,4,2026-02-18
EXR/WY,EXR,WY,deep_dislocation,1841.315568866564,0.1607665007936367,-0.7090649025927497,0.9232507962129055,22,4,2026-02-18
EVRG/PCG,EVRG,PCG,deep_dislocation,-13964.91858674651,-0.9638747826355494,-0.7090649025927497,4.091800958059293e-28,30,4,2026-02-18
ATO/PCG,ATO,PCG,deep_dislocation,-3334.565130575902,-0.2481479317165786,-0.7090649025927497,3.982138678084317e-12,30,4,2026-02-18
CINF/FMC,CINF,FMC,deep_dislocation,-36879.42258818211,-1.8793756320779424,-0.7090649025927497,7.789026652538365e-34,44,4,2026-02-18
HRL/MKC,HRL,MKC,deep_dislocation,-1737.444179988381,-0.24288057839091404,-0.7090649025927497,1.4377468240226429e-08,16,4,2026-02-18
AKAM/KEYS,AKAM,KEYS,deep_dislocation,2644.810000000009,0.1844003076452928,-0.7090649025927497,0.9489731017563696,16,4,2026-02-18
BSX/WMB,BSX,WMB,deep_dislocation,-6284.015721570748,-0.5198928170123385,-0.7090649025927497,3.023219682900839e-19,30,4,2026-02-18
FSLR/RSG,FSLR,RSG,deep_dislocation,-8443.753241666647,-0.26998070945560204,-0.7090649025927497,4.5475226533856425e-12,32,4,2026-02-18
CDNS/PTC,CDNS,PTC,deep_dislocation,19268.60999999998,1.264044691098573,-0.7090649025927497,0.9999998249576258,26,4,2026-02-18
AME/WMT,AME,WMT,deep_dislocation,9908.886852634063,1.0870568850261684,-0.7090649025927497,0.9999999999874193,22,4,2026-02-18
AON/GEN,AON,GEN,deep_dislocation,-5095.406724090899,-0.3884160039350353,-0.7090649025927497,2.1996182793547182e-16,32,4,2026-02-18
HAS/YUM,HAS,YUM,symmetric_exit,10078.8393606502,1.3079284669257505,-0.8786895673140244,0.9999999999999943,40,4,2026-02-18
TXT/YUM,TXT,YUM,symmetric_exit,2699.640258626893,0.37196678228928,-0.8786895673140244,0.9999967711100807,50,4,2026-02-18
CSCO/PAYC,CSCO,PAYC,symmetric_exit,-5981.617496159902,-0.5080756857547449,-0.8786895673140244,1.6037035704806442e-08,46,4,2026-02-18
HAS/PFE,HAS,PFE,symmetric_exit,-11447.51210627834,-0.8289200844886584,-0.8786895673140244,5.336790543106306e-12,54,4,2026-02-18
EXR/WY,EXR,WY,symmetric_exit,739.1242560581866,0.1087290896006343,-0.8786895673140244,0.5863846403233596,54,4,2026-02-18
EVRG/PCG,EVRG,PCG,symmetric_exit,1926.728322302968,0.22861248463548728,-0.8786895673140244,0.9789680543851231,50,4,2026-02-18
ATO/PCG,ATO,PCG,symmetric_exit,-6356.482456906315,-0.9416114416347828,-0.8786895673140244,1.727933853768887e-13,58,4,2026-02-18
CINF/FMC,CINF,FMC,symmetric_exit,-7412.486748908374,-0.5857297890802015,-0.8786895673140244,1.0271188265926272e-11,48,4,2026-02-18
HRL/MKC,HRL,MKC,symmetric_exit,935.0558311951863,0.157085765234157,-0.8786895673140244,0.8658538442919457,34,4,2026-02-18
AKAM/KEYS,AKAM,KEYS,symmetric_exit,-3990.829999999994,-0.3988297077281773,-0.8786895673140244,3.386438628085155e-08,34,4,2026-02-18
BSX/WMB,BSX,WMB,symmetric_exit,3247.038340209578,0.44733604176927333,-0.8786895673140244,0.9999980795245462,50,4,2026-02-18
FSLR/RSG,FSLR,RSG,symmetric_exit,13824.97635524498,0.6084863622617369,-0.8786895673140244,0.9983655818517948,46,4,2026-02-18
CDNS/PTC,CDNS,PTC,symmetric_exit,1997.58,0.21912067070541064,-0.8786895673140244,0.9976581122807103,44,4,2026-02-18
AME/WMT,AME,WMT,symmetric_exit,-5177.951603514602,-0.6011741593926591,-0.8786895673140244,2.1738133404225898e-12,42,4,2026-02-18
AON/GEN,AON,GEN,symmetric_exit,-4438.660344636342,-0.40926453461716555,-0.8786895673140244,1.1402117648360363e-09,46,4,2026-02-18
HAS/YUM,HAS,YUM,no_leverage,5222.973399419012,0.8087026209584994,-0.9017316106496878,0.9996321902609973,50,4,2026-02-18
TXT/YUM,TXT,YUM,no_leverage,-1400.233747231768,-0.3334299125204594,-0.9017316106496878,1.1954363134162284e-16,66,4,2026-02-18
CSCO/PAYC,CSCO,PAYC,no_leverage,-452.8302595789924,-0.07706996851706883,-0.9017316106496878,0.0003680691135666009,66,4,2026-02-18
HAS/PFE,HAS,PFE,no_leverage,-4990.427604675853,-0.6875124745935737,-0.9017316106496878,2.0110082945413265e-15,62,4,2026-02-18
EXR/WY,EXR,WY,no_leverage,1023.474068597356,0.20222028669509698,-0.9017316106496878,0.9950392661200527,62,4,2026-02-18
EVRG/PCG,EVRG,PCG,no_leverage,-4142.816511997353,-0.9469654837950199,-0.9017316106496878,1.3609748090342739e-14,58,4,2026-02-18
ATO/PCG,ATO,PCG,no_leverage,-754.6211389500334,-0.17891532262462442,-0.9017316106496878,8.195417697587532e-09,58,4,2026-02-18
CINF/FMC,CINF,FMC,no_leverage,3096.071037127841,0.3170520574808692,-0.9017316106496878,0.9999890335279802,58,4,2026-02-18
HRL/MKC,HRL,MKC,no_leverage,902.5276688505139,0.26202995499018716,-0.9017316106496878,0.996316550442455,48,4,2026-02-18
AKAM/KEYS,AKAM,KEYS,no_leverage,-3441.930000000005,-0.6409151109026863,-0.9017316106496878,3.118376803368979e-10,50,4,2026-02-18
BSX/WMB,BSX,WMB,no_leverage,1458.348033475273,0.27625977532567986,-0.9017316106496878,0.9914800285659684,70,4,2026-02-18
FSLR/RSG,FSLR,RSG,no_leverage,11516.02563005412,0.8961476294918846,-0.9017316106496878,0.9999816220144996,68,4,2026-02-18
CDNS/PTC,CDNS,PTC,no_leverage,-1523.859999999998,-0.30036501948423455,-0.9017316106496878,6.836051730399209e-08,50,4,2026-02-18
AME/WMT,AME,WMT,no_leverage,-618.6559723167861,-0.1331789190904166,-0.9017316106496878,2.873225406396779e-07,52,4,2026-02-18
AON/GEN,AON,GEN,no_leverage,506.8237376145911,0.09268856411024654,-0.9017316106496878,0.45335658859779626,56,4,2026-02-18
HAS/YUM,HAS,YUM,high_vol_specialist,11045.03467661813,1.3770566879795194,-0.9622549323535176,0.9999999999986589,38,4,2026-02-18
TXT/YUM,TXT,YUM,high_vol_specialist,-823.181531682066,-0.0832268430744802,-0.9622549323535176,0.00013705588621689256,42,4,2026-02-18
CSCO/PAYC,CSCO,PAYC,high_vol_specialist,-3852.41869089031,-0.31740088937329175,-0.9622549323535176,1.758277402039819e-08,38,4,2026-02-18
HAS/PFE,HAS,PFE,high_vol_specialist,15944.65782352508,1.2432340757672486,-0.9622549323535176,1.0,48,4,2026-02-18
EXR/WY,EXR,WY,high_vol_specialist,9774.649576369102,1.14931811317552,-0.9622549323535176,1.0,38,4,2026-02-18
EVRG/PCG,EVRG,PCG,high_vol_specialist,-12812.9279637951,-0.964921916659455,-0.9622549323535176,3.210556544138106e-26,48,4,2026-02-18
ATO/PCG,ATO,PCG,high_vol_specialist,-4697.992167795563,-0.39402423023055705,-0.9622549323535176,6.373488692775215e-25,52,4,2026-02-18
CINF/FMC,CINF,FMC,high_vol_specialist,-22053.48577547157,-1.4570612917565258,-0.9622549323535176,2.95343431649012e-20,40,4,2026-02-18
HRL/MKC,HRL,MKC,high_vol_specialist,4389.503170624101,0.6082137761640738,-0.9622549323535176,0.999999999465497,38,4,2026-02-18
AKAM/KEYS,AKAM,KEYS,high_vol_specialist,-13908.48999999999,-0.7828215404021799,-0.9622549323535176,4.771135759344288e-07,42,4,2026-02-18
BSX/WMB,BSX,WMB,high_vol_specialist,815.4850679804374,0.08386561336268211,-0.9622549323535176,0.37874554188586346,46,4,2026-02-18
FSLR/RSG,FSLR,RSG,high_vol_specialist,-9476.116168371504,-0.4445699080604063,-0.9622549323535176,2.3846196305675927e-10,52,4,2026-02-18
CDNS/PTC,CDNS,PTC,high_vol_specialist,1313.169999999968,0.14777538420064087,-0.9622549323535176,0.8617133326932066,40,4,2026-02-18
AME/WMT,AME,WMT,high_vol_specialist,-9895.677709701838,-0.906839840915201,-0.9622549323535176,9.676732860044679e-17,42,4,2026-02-18
AON/GEN,AON,GEN,high_vol_specialist,11542.33588138571,0.9054525388559563,-0.9622549323535176,0.9999999995173628,48,4,2026-02-18
HAS/YUM,HAS,YUM,short_z_long_v,2032.495936608911,0.19992028373657678,-1.0325857488409629,0.9953372785178141,52,4,2026-02-18
TXT/YUM,TXT,YUM,short_z_long_v,-7426.61903227753,-0.7906691269219077,-1.0325857488409629,3.312166351297455e-14,66,4,2026-02-18
CSCO/PAYC,CSCO,PAYC,short_z_long_v,-2736.700256228692,-0.22296978222625904,-1.0325857488409629,6.140209615291438e-07,52,4,2026-02-18
HAS/PFE,HAS,PFE,short_z_long_v,1497.428724542274,0.10986095917609134,-1.0325857488409629,0.5978184591245462,62,4,2026-02-18
EXR/WY,EXR,WY,short_z_long_v,5730.422147294594,0.6127504546004637,-1.0325857488409629,0.9999999844597549,70,4,2026-02-18
EVRG/PCG,EVRG,PCG,short_z_long_v,1083.379206719973,0.11307253733655942,-1.0325857488409629,0.6114405027199958,66,4,2026-02-18
ATO/PCG,ATO,PCG,short_z_long_v,-8668.485475248783,-0.9042443493494102,-1.0325857488409629,1.3273361213477795e-22,82,4,2026-02-18
CINF/FMC,CINF,FMC,short_z_long_v,-18300.12978292844,-0.7516789176205728,-1.0325857488409629,0.0001000536765362039,56,4,2026-02-18
HRL/MKC,HRL,MKC,short_z_long_v,-4931.831797999371,-0.6260400226006809,-1.0325857488409629,4.151329609717335e-15,54,4,2026-02-18
AKAM/KEYS,AKAM,KEYS,short_z_long_v,-7921.400000000013,-0.46274510154700205,-1.0325857488409629,1.1565507170034357e-06,62,4,2026-02-18
BSX/WMB,BSX,WMB,short_z_long_v,-4634.041361406722,-0.43362172858656167,-1.0325857488409629,7.206396616651524e-22,76,4,2026-02-18
FSLR/RSG,FSLR,RSG,short_z_long_v,11443.87445982316,0.5213705706107684,-1.0325857488409629,0.9974671736726418,68,4,2026-02-18
CDNS/PTC,CDNS,PTC,short_z_long_v,2764.350000000019,0.32916080392753233,-1.0325857488409629,0.9999103624224875,56,4,2026-02-18
AME/WMT,AME,WMT,short_z_long_v,-13986.34545625593,-1.3749960168877793,-1.0325857488409629,1.2829762227600865e-13,52,4,2026-02-18
AON/GEN,AON,GEN,short_z_long_v,13608.25069429722,1.2492353758154608,-1.0325857488409629,0.999999999998064,68,4,2026-02-18
HAS/YUM,HAS,YUM,slow_signal,1798.658892040681,0.2918512134701794,-1.065858421773905,0.9999503664447447,46,4,2026-02-18
TXT/YUM,TXT,YUM,slow_signal,-2005.711050262754,-0.25623892938777343,-1.065858421773905,3.342465164307075e-15,46,4,2026-02-18
CSCO/PAYC,CSCO,PAYC,slow_signal,2368.692500617729,0.1648237957869181,-1.065858421773905,0.9262926998659806,40,4,2026-02-18
HAS/PFE,HAS,PFE,slow_signal,10307.47218155317,0.8026355434848677,-1.065858421773905,0.9999999562357456,44,4,2026-02-18
EXR/WY,EXR,WY,slow_signal,9574.806416652164,1.2473743461880955,-1.065858421773905,1.0,38,4,2026-02-18
EVRG/PCG,EVRG,PCG,slow_signal,-10806.63476372022,-0.8968214397373583,-1.065858421773905,5.715295241032936e-24,52,4,2026-02-18
ATO/PCG,ATO,PCG,slow_signal,-11920.7168884973,-1.2101994287420685,-1.065858421773905,1.0562340122032171e-28,56,4,2026-02-18
CINF/FMC,CINF,FMC,slow_signal,-6357.111473861389,-0.551577252798402,-1.065858421773905,3.31922436996276e-09,46,4,2026-02-18
HRL/MKC,HRL,MKC,slow_signal,4326.843943691008,0.7136158035866419,-1.065858421773905,0.9999998524785603,32,4,2026-02-18
AKAM/KEYS,AKAM,KEYS,slow_signal,-19324.72999999999,-1.0820045811481434,-1.065858421773905,3.306996925433527e-07,40,4,2026-02-18
BSX/WMB,BSX,WMB,slow_signal,637.9321893141323,0.09277216877829461,-1.065858421773905,0.44808784613362385,40,4,2026-02-18
FSLR/RSG,FSLR,RSG,slow_signal,-6302.840559564223,-0.3041312571754004,-1.065858421773905,1.526261785897482e-12,50,4,2026-02-18
CDNS/PTC,CDNS,PTC,slow_signal,-2338.020000000032,-0.2832603190340301,-1.065858421773905,3.8703477316000505e-07,40,4,2026-02-18
AME/WMT,AME,WMT,slow_signal,504.6420727835507,0.05198295536000492,-1.065858421773905,0.18257633153691316,40,4,2026-02-18
AON/GEN,AON,GEN,slow_signal,2433.490250157485,0.20076037084623433,-1.065858421773905,0.9793082858213371,50,4,2026-02-18
HAS/YUM,HAS,YUM,patient_hold,4557.309641099395,0.5655868570631843,-1.392229459124748,0.9999362653938038,30,4,2026-02-18
TXT/YUM,TXT,YUM,patient_hold,-6073.171201115247,-0.7488843333055419,-1.392229459124748,6.596897492383638e-23,44,4,2026-02-18
CSCO/PAYC,CSCO,PAYC,patient_hold,-4327.027807511904,-0.2476320286791477,-1.392229459124748,4.069319635732394e-09,36,4,2026-02-18
HAS/PFE,HAS,PFE,patient_hold,3695.776781606659,0.2960672682201779,-1.392229459124748,0.9678159327398563,42,4,2026-02-18
EXR/WY,EXR,WY,patient_hold,3470.081083953482,0.4843487511548835,-1.392229459124748,0.9999999999984593,34,4,2026-02-18
EVRG/PCG,EVRG,PCG,patient_hold,-8182.332224594742,-0.8087311829649138,-1.392229459124748,1.4954512566876504e-23,42,4,2026-02-18
ATO/PCG,ATO,PCG,patient_hold,-4812.636138148808,-0.5028649428752346,-1.392229459124748,7.327121643282902e-23,44,4,2026-02-18
CINF/FMC,CINF,FMC,patient_hold,-37.22864438452871,-0.0021993180676089345,-1.392229459124748,0.016826019836216462,34,4,2026-02-18
HRL/MKC,HRL,MKC,patient_hold,-273.8078433995024,-0.049591991274641686,-1.392229459124748,0.0014753849111584071,32,4,2026-02-18
AKAM/KEYS,AKAM,KEYS,patient_hold,-9859.32,-0.9195412537228467,-1.392229459124748,5.4008431073102424e-11,36,4,2026-02-18
BSX/WMB,BSX,WMB,patient_hold,-1912.85428064995,-0.2174771173924538,-1.392229459124748,1.9572364258924337e-14,46,4,2026-02-18
FSLR/RSG,FSLR,RSG,patient_hold,-8630.504387811028,-0.4577373391658547,-1.392229459124748,2.75124035955508e-07,36,4,2026-02-18
CDNS/PTC,CDNS,PTC,patient_hold,-775.5000000000282,-0.09204997266051478,-1.392229459124748,0.00023137232992995307,34,4,2026-02-18
AME/WMT,AME,WMT,patient_hold,-382.4094576596572,-0.04333232590531046,-1.392229459124748,0.001055444606696943,44,4,2026-02-18
AON/GEN,AON,GEN,patient_hold,-1828.176677870372,-0.21507460599091976,-1.392229459124748,4.321349206017038e-15,38,4,2026-02-18
HAS/YUM,HAS,YUM,conservative_no_leverage,5296.848742093817,1.4089342168344265,-1.5968487642440825,0.9999999994500823,32,4,2026-02-18
TXT/YUM,TXT,YUM,conservative_no_leverage,-1819.398983328021,-0.4771114086469669,-1.5968487642440825,2.5400041722965427e-16,40,4,2026-02-18
CSCO/PAYC,CSCO,PAYC,conservative_no_leverage,4422.500163826849,0.8506716906110752,-1.5968487642440825,0.9999996482187061,42,4,2026-02-18
HAS/PFE,HAS,PFE,conservative_no_leverage,5014.008149277229,0.6482582536777984,-1.5968487642440825,0.9999415843263814,44,4,2026-02-18
EXR/WY,EXR,WY,conservative_no_leverage,3781.505006070184,0.9002634068166284,-1.5968487642440825,1.0,40,4,2026-02-18
EVRG/PCG,EVRG,PCG,conservative_no_leverage,-6570.448720725697,-1.263627763820256,-1.5968487642440825,3.706264159049993e-30,34,4,2026-02-18
ATO/PCG,ATO,PCG,conservative_no_leverage,-2913.369242000482,-0.5934844252746108,-1.5968487642440825,5.4865117193869314e-24,40,4,2026-02-18
CINF/FMC,CINF,FMC,conservative_no_leverage,-7937.322086768243,-1.0690806077722912,-1.5968487642440825,8.08521585901766e-18,38,4,2026-02-18
HRL/MKC,HRL,MKC,conservative_no_leverage,1696.793760680789,0.6202535325286825,-1.5968487642440825,0.9999999999990279,28,4,2026-02-18
AKAM/KEYS,AKAM,KEYS,conservative_no_leverage,-2170.660000000003,-0.3932155545733618,-1.5968487642440825,4.6516483165678216e-10,30,4,2026-02-18
BSX/WMB,BSX,WMB,conservative_no_leverage,-2179.589180311631,-0.5231551473416354,-1.5968487642440825,2.1041259085308e-33,36,4,2026-02-18
FSLR/RSG,FSLR,RSG,conservative_no_leverage,-9672.61621090115,-0.9699421398850716,-1.5968487642440825,1.4891348977694275e-05,32,4,2026-02-18
CDNS/PTC,CDNS,PTC,conservative_no_leverage,18.25999999998953,0.0039684923292048835,-1.5968487642440825,0.02122123704287911,34,4,2026-02-18
AME/WMT,AME,WMT,conservative_no_leverage,1087.790002668023,0.2616353169957576,-1.5968487642440825,0.9889812607016705,36,4,2026-02-18
AON/GEN,AON,GEN,conservative_no_leverage,3254.261693864558,0.6546711380740714,-1.5968487642440825,0.9999813930764443,42,4,2026-02-18
HAS/YUM,HAS,YUM,conservative,2435.608427492686,1.0931597932076238,-1.9097333541171309,0.9999995567988317,20,4,2026-02-18
TXT/YUM,TXT,YUM,conservative,977.5748042096052,0.41052992685220724,-1.9097333541171309,0.9999965397468619,28,4,2026-02-18
CSCO/PAYC,CSCO,PAYC,conservative,-2172.506496600986,-0.2561030197518152,-1.9097333541171309,2.3238894651128642e-08,28,4,2026-02-18
HAS/PFE,HAS,PFE,conservative,4867.105224712828,1.1139567689292174,-1.9097333541171309,0.9999996067248874,38,4,2026-02-18
EXR/WY,EXR,WY,conservative,1435.096179890461,0.5301432037735598,-1.9097333541171309,0.9999997732702424,30,4,2026-02-18
EVRG/PCG,EVRG,PCG,conservative,-652.9071422147362,-0.2159344001449832,-1.9097333541171309,1.041888368743596e-07,34,4,2026-02-18
ATO/PCG,ATO,PCG,conservative,-1660.013004893624,-0.6146154734934365,-1.9097333541171309,4.308964843534947e-09,38,4,2026-02-18
CINF/FMC,CINF,FMC,conservative,-4374.359203459044,-1.4345455102278408,-1.9097333541171309,1.055099730871611e-09,32,4,2026-02-18
HRL/MKC,HRL,MKC,conservative,-1630.403259000276,-0.7995573646716723,-1.9097333541171309,5.042231200263238e-06,20,4,2026-02-18
AKAM/KEYS,AKAM,KEYS,conservative,-3204.660000000005,-0.9322547187330439,-1.9097333541171309,1.9605981234276395e-09,28,4,2026-02-18
BSX/WMB,BSX,WMB,conservative,1519.948122044972,0.5891661412927756,-1.9097333541171309,0.9999908813167234,26,4,2026-02-18
FSLR/RSG,FSLR,RSG,conservative,-5572.342575818264,-0.5890189199575753,-1.9097333541171309,5.135644017430918e-06,28,4,2026-02-18
CDNS/PTC,CDNS,PTC,conservative,1742.699999999987,0.4366663144081262,-1.9097333541171309,0.9999992084074335,32,4,2026-02-18
AME/WMT,AME,WMT,conservative,1784.563103473097,0.7503854063684522,-1.9097333541171309,0.9999907464594064,24,4,2026-02-18
AON/GEN,AON,GEN,conservative,919.0360313713333,0.3687172374962057,-1.9097333541171309,0.9978972592713737,30,4,2026-02-18
HAS/YUM,HAS,YUM,aggressive,45471.69275316611,1.9921295363907887,0.6291256005584536,0.9999999999889786,94,5,2026-03-25
TXT/YUM,TXT,YUM,aggressive,2829.381171372162,0.1581351487939137,0.6291256005584536,0.8928508763188692,114,5,2026-03-25
CSCO/PAYC,CSCO,PAYC,aggressive,3739.445790196191,0.13131476349522436,0.6291256005584536,0.782921151536568,106,5,2026-03-25
HAS/PFE,HAS,PFE,aggressive,19390.9914624755,0.6453879743284219,0.6291256005584536,0.9999999909687829,108,5,2026-03-25
EXR/WY,EXR,WY,aggressive,11046.15775497955,0.559294143310105,0.6291256005584536,1.0,92,5,2026-03-25
EVRG/PCG,EVRG,PCG,aggressive,-35882.79814807867,-1.6395803094938735,0.6291256005584536,1.9441395253271155e-26,78,5,2026-03-25
ATO/PCG,ATO,PCG,aggressive,-15534.24400210429,-0.8353013089081478,0.6291256005584536,1.8196497574441496e-30,84,5,2026-03-25
CINF/FMC,CINF,FMC,aggressive,31847.62023069174,0.521334831893743,0.6291256005584536,0.9998069188574371,102,5,2026-03-25
HRL/MKC,HRL,MKC,aggressive,-3227.312182295918,-0.1526894311576951,0.6291256005584536,1.1477532052267688e-05,94,5,2026-03-25
AKAM/KEYS,AKAM,KEYS,aggressive,7340.280000000075,0.27277453399256385,0.6291256005584536,0.9999216254641575,86,5,2026-03-25
BSX/WMB,BSX,WMB,aggressive,-21169.0647481751,-0.8167707631876528,0.6291256005584536,7.645078166742618e-17,130,5,2026-03-25
FSLR/RSG,FSLR,RSG,aggressive,52093.19648366397,1.0748621863850247,0.6291256005584536,0.9999999987372484,110,5,2026-03-25
CDNS/PTC,CDNS,PTC,aggressive,-5044.090000000066,-0.24334964748066823,0.6291256005584536,4.624104444816079e-10,104,5,2026-03-25
AME/WMT,AME,WMT,aggressive,-3468.963707875443,-0.1580232029945325,0.6291256005584536,9.866169705816064e-10,114,5,2026-03-25
AON/GEN,AON,GEN,aggressive,16380.66182531539,0.7213869626487713,0.6291256005584536,0.9999999999705186,94,5,2026-03-25
HAS/YUM,HAS,YUM,static_threshold,9720.668515741885,0.7511108836921818,0.5419979600117351,1.0,96,5,2026-03-25
TXT/YUM,TXT,YUM,static_threshold,1342.018380059276,0.0967753537121117,0.5419979600117351,0.5043656449724243,108,5,2026-03-25
CSCO/PAYC,CSCO,PAYC,static_threshold,-4317.252719512633,-0.2430377471862093,0.5419979600117351,1.061787907499011e-10,114,5,2026-03-25
HAS/PFE,HAS,PFE,static_threshold,11427.15793812289,0.6105358517452274,0.5419979600117351,0.9999993308627237,102,5,2026-03-25
EXR/WY,EXR,WY,static_threshold,7631.042784828709,0.6409363899144631,0.5419979600117351,1.0,84,5,2026-03-25
EVRG/PCG,EVRG,PCG,static_threshold,-12880.61719260789,-0.9447249385522953,0.5419979600117351,3.985956575976629e-27,100,5,2026-03-25
ATO/PCG,ATO,PCG,static_threshold,-12746.90386530363,-1.0038779058028489,0.5419979600117351,8.010310743122858e-30,100,5,2026-03-25
CINF/FMC,CINF,FMC,static_threshold,12054.61208476018,0.48312636747019677,0.5419979600117351,0.9999999915385017,96,5,2026-03-25
HRL/MKC,HRL,MKC,static_threshold,630.37001237595,0.052578168620235885,0.5419979600117351,0.17700134605171813,94,5,2026-03-25
AKAM/KEYS,AKAM,KEYS,static_threshold,-510.1199999999626,-0.022025241913049276,0.5419979600117351,0.005825811984365636,88,5,2026-03-25
BSX/WMB,BSX,WMB,static_threshold,4922.020479243589,0.313295913908327,0.5419979600117351,0.9919694601492098,108,5,2026-03-25
FSLR/RSG,FSLR,RSG,static_threshold,43199.60750898925,1.5121620308516277,0.5419979600117351,1.0,102,5,2026-03-25
CDNS/PTC,CDNS,PTC,static_threshold,2539.959999999975,0.20521646565030946,0.5419979600117351,0.9931527846190779,88,5,2026-03-25
AME/WMT,AME,WMT,static_threshold,-6158.397213797231,-0.40367364559710206,0.5419979600117351,2.192398727880424e-23,110,5,2026-03-25
AON/GEN,AON,GEN,static_threshold,13269.94449843388,0.8410061582102246,0.5419979600117351,0.9999999999998203,100,5,2026-03-25
HAS/YUM,HAS,YUM,fast_reentry,10180.10080327532,0.7493293151310011,0.5059831083335032,0.9997016335174275,54,5,2026-03-25
TXT/YUM,TXT,YUM,fast_reentry,-3105.457760573612,-0.3403706446721249,0.5059831083335032,1.3682395562130815e-18,74,5,2026-03-25
CSCO/PAYC,CSCO,PAYC,fast_reentry,-1212.66338601237,-0.09316181883775353,0.5059831083335032,0.00014872295351329212,72,5,2026-03-25
HAS/PFE,HAS,PFE,fast_reentry,1136.197483367763,0.07320000500104455,0.5059831083335032,0.3347307994629737,82,5,2026-03-25
EXR/WY,EXR,WY,fast_reentry,-5589.170803059284,-0.6051496220073581,0.5059831083335032,1.126405503923887e-19,68,5,2026-03-25
EVRG/PCG,EVRG,PCG,fast_reentry,-4367.934157947229,-0.4180247395071376,0.5059831083335032,5.0481207765235005e-17,68,5,2026-03-25
ATO/PCG,ATO,PCG,fast_reentry,5014.464336211519,0.4793528539249298,0.5059831083335032,0.9999999806614649,80,5,2026-03-25
CINF/FMC,CINF,FMC,fast_reentry,21658.8175088623,0.5629344711602584,0.5059831083335032,0.9987900817003599,78,5,2026-03-25
HRL/MKC,HRL,MKC,fast_reentry,-1435.653882686928,-0.17037578785208796,0.5059831083335032,3.2027212528826175e-07,52,5,2026-03-25
AKAM/KEYS,AKAM,KEYS,fast_reentry,-4746.72999999999,-0.38656105398823043,0.5059831083335032,1.9311797706431726e-10,54,5,2026-03-25
BSX/WMB,BSX,WMB,fast_reentry,10060.91976936243,0.7775197590065198,0.5059831083335032,0.9999999998738544,82,5,2026-03-25
FSLR/RSG,FSLR,RSG,fast_reentry,22855.55756713474,0.832874649136771,0.5059831083335032,0.9999924458356915,76,5,2026-03-25
CDNS/PTC,CDNS,PTC,fast_reentry,-1540.809999999998,-0.13780821922534528,0.5059831083335032,1.2857196508407493e-05,56,5,2026-03-25
AME/WMT,AME,WMT,fast_reentry,4531.245409113149,0.43963660707774715,0.5059831083335032,0.9999866705852437,64,5,2026-03-25
AON/GEN,AON,GEN,fast_reentry,10542.69100683302,0.8407353322874284,0.5059831083335032,0.9999999601215274,68,5,2026-03-25
HAS/YUM,HAS,YUM,low_entry,6540.196565564373,0.3659847091560047,0.4951526528702601,0.9997613582295034,100,5,2026-03-25
TXT/YUM,TXT,YUM,low_entry,6372.244513259035,0.6217080266819766,0.4951526528702601,0.9999999999999901,98,5,2026-03-25
CSCO/PAYC,CSCO,PAYC,low_entry,5643.990287444925,0.30295029551689656,0.4951526528702601,0.9999921499424883,112,5,2026-03-25
HAS/PFE,HAS,PFE,low_entry,18625.63062776895,0.9013674884992184,0.4951526528702601,0.9999999998089334,118,5,2026-03-25
EXR/WY,EXR,WY,low_entry,-5742.464498827575,-0.5071370034015625,0.4951526528702601,1.246690001376881e-21,112,5,2026-03-25
EVRG/PCG,EVRG,PCG,low_entry,-17647.28568061258,-1.2751970734434166,0.4951526528702601,2.209651424175819e-18,104,5,2026-03-25
ATO/PCG,ATO,PCG,low_entry,-8849.744284045499,-0.6976692316737059,0.4951526528702601,2.8655007222146483e-28,108,5,2026-03-25
CINF/FMC,CINF,FMC,low_entry,26083.80261519335,0.659204514287556,0.4951526528702601,0.9994321638723702,112,5,2026-03-25
HRL/MKC,HRL,MKC,low_entry,-4845.985512755326,-0.4403306283016429,0.4951526528702601,4.875893100893708e-18,92,5,2026-03-25
AKAM/KEYS,AKAM,KEYS,low_entry,-1551.14999999995,-0.11064492298098902,0.4951526528702601,1.10030789019032e-05,78,5,2026-03-25
BSX/WMB,BSX,WMB,low_entry,-713.7150666719579,-0.047639079896980074,0.4951526528702601,0.0007605621243578517,126,5,2026-03-25
FSLR/RSG,FSLR,RSG,low_entry,29787.81548621545,0.9643400566416127,0.4951526528702601,0.9999999836830833,120,5,2026-03-25
CDNS/PTC,CDNS,PTC,low_entry,-2207.370000000024,-0.1632951404461647,0.4951526528702601,2.619364635031942e-07,102,5,2026-03-25
AME/WMT,AME,WMT,low_entry,-4955.637796333449,-0.3555933645505754,0.4951526528702601,9.895434486777266e-23,106,5,2026-03-25
AON/GEN,AON,GEN,low_entry,22435.8448009268,1.5032754865827465,0.4951526528702601,0.9999999999998862,92,5,2026-03-25
HAS/YUM,HAS,YUM,vol_gated,9628.361142773167,0.7337196428229934,0.4122857542662647,0.9999992957096573,70,5,2026-03-25
TXT/YUM,TXT,YUM,vol_gated,2870.623958989057,0.3063134446194118,0.4122857542662647,0.9999621058190016,78,5,2026-03-25
CSCO/PAYC,CSCO,PAYC,vol_gated,-6177.049967209662,-0.41260713895472756,0.4122857542662647,1.7751914346398712e-12,60,5,2026-03-25
HAS/PFE,HAS,PFE,vol_gated,-894.6967642906238,-0.05751603371252572,0.4122857542662647,0.00010973463134507071,70,5,2026-03-25
EXR/WY,EXR,WY,vol_gated,13000.69330610114,1.103466617029649,0.4122857542662647,1.0,76,5,2026-03-25
EVRG/PCG,EVRG,PCG,vol_gated,-1265.177579935444,-0.14650387472599644,0.4122857542662647,1.016074857890559e-08,62,5,2026-03-25
ATO/PCG,ATO,PCG,vol_gated,-8277.320493118477,-0.8756089838113887,0.4122857542662647,7.796762070209279e-36,60,5,2026-03-25
CINF/FMC,CINF,FMC,vol_gated,10916.637799865,0.49424556937247,0.4122857542662647,0.9999999089452016,68,5,2026-03-25
HRL/MKC,HRL,MKC,vol_gated,-7105.936712964799,-0.6955298422416282,0.4122857542662647,7.049912806376909e-16,62,5,2026-03-25
AKAM/KEYS,AKAM,KEYS,vol_gated,13887.70000000003,0.9264467110379351,0.4122857542662647,0.9999998010277144,68,5,2026-03-25
BSX/WMB,BSX,WMB,vol_gated,-5484.562644793318,-0.37519687431891163,0.4122857542662647,2.606181100164509e-16,82,5,2026-03-25
FSLR/RSG,FSLR,RSG,vol_gated,21738.59519410878,0.758854312391612,0.4122857542662647,0.9999939177853683,74,5,2026-03-25
CDNS/PTC,CDNS,PTC,vol_gated,2283.58000000001,0.18869608137587426,0.4122857542662647,0.9769547238142602,80,5,2026-03-25
AME/WMT,AME,WMT,vol_gated,12419.3242041737,1.1201061872535234,0.4122857542662647,0.9999999996865201,68,5,2026-03-25
AON/GEN,AON,GEN,vol_gated,-1712.672201109555,-0.11930355438710756,0.4122857542662647,2.402051637710055e-06,66,5,2026-03-25
HAS/YUM,HAS,YUM,low_vol_specialist,16932.40774886989,1.5365529969141505,0.3391059751884386,1.0,118,5,2026-03-25
TXT/YUM,TXT,YUM,low_vol_specialist,1594.792571393662,0.129070364834951,0.3391059751884386,0.7322358029683584,116,5,2026-03-25
CSCO/PAYC,CSCO,PAYC,low_vol_specialist,-20896.66719913297,-1.3156011475412088,0.3391059751884386,1.6755127883003024e-34,126,5,2026-03-25
HAS/PFE,HAS,PFE,low_vol_specialist,30837.93850677494,1.8712062991825347,0.3391059751884386,0.9999999999977305,124,5,2026-03-25
EXR/WY,EXR,WY,low_vol_specialist,1874.075324089878,0.16013351678872415,0.3391059751884386,0.8798286522372287,134,5,2026-03-25
EVRG/PCG,EVRG,PCG,low_vol_specialist,-10325.00244063016,-0.7900523930947795,0.3391059751884386,3.661986348110861e-19,134,5,2026-03-25
ATO/PCG,ATO,PCG,low_vol_specialist,2523.255309171966,0.19629266853733673,0.3391059751884386,0.979440974290618,146,5,2026-03-25
CINF/FMC,CINF,FMC,low_vol_specialist,-2323.678974763044,-0.1020646384401412,0.3391059751884386,0.000618734795057654,132,5,2026-03-25
HRL/MKC,HRL,MKC,low_vol_specialist,15082.15727870243,1.1879986316985283,0.3391059751884386,0.9999999618957249,106,5,2026-03-25
AKAM/KEYS,AKAM,KEYS,low_vol_specialist,-24179.22999999995,-1.250395962150653,0.3391059751884386,3.062850801950015e-11,102,5,2026-03-25
BSX/WMB,BSX,WMB,low_vol_specialist,8062.230121972175,0.5885074248166977,0.3391059751884386,0.9999999999999999,140,5,2026-03-25
FSLR/RSG,FSLR,RSG,low_vol_specialist,29031.03761379595,0.9294852870361943,0.3391059751884386,0.9999999121615777,108,5,2026-03-25
CDNS/PTC,CDNS,PTC,low_vol_specialist,-898.2000000000057,-0.06493381573863301,0.3391059751884386,0.0002181461085524484,100,5,2026-03-25
AME/WMT,AME,WMT,low_vol_specialist,289.4859098574834,0.023463930460757485,0.3391059751884386,0.05727548844570054,120,5,2026-03-25
AON/GEN,AON,GEN,low_vol_specialist,6242.752768735913,0.4545039301284884,0.3391059751884386,0.9999995687172306,110,5,2026-03-25
HAS/YUM,HAS,YUM,stable_signal_quick_exit,18201.69299911613,1.7253039399451184,0.2870784938899764,0.9999999988946353,52,5,2026-03-25
TXT/YUM,TXT,YUM,stable_signal_quick_exit,5089.965517736167,0.5813485788927505,0.2870784938899764,0.9999999999980591,56,5,2026-03-25
CSCO/PAYC,CSCO,PAYC,stable_signal_quick_exit,4337.454703376901,0.261527368602746,0.2870784938899764,0.9991378076698931,70,5,2026-03-25
HAS/PFE,HAS,PFE,stable_signal_quick_exit,4558.435700095018,0.27220093995177946,0.2870784938899764,0.9914054707235452,54,5,2026-03-25
EXR/WY,EXR,WY,stable_signal_quick_exit,1954.573459579902,0.23090417435095936,0.2870784938899764,0.9985868824638813,58,5,2026-03-25
EVRG/PCG,EVRG,PCG,stable_signal_quick_exit,-4273.380895233186,-0.5230513263140055,0.2870784938899764,6.586399472092509e-17,34,5,2026-03-25
ATO/PCG,ATO,PCG,stable_signal_quick_exit,-49.96480903962106,-0.006299918277324287,0.2870784938899764,0.012055928845359568,40,5,2026-03-25
CINF/FMC,CINF,FMC,stable_signal_quick_exit,-892.1517286985709,-0.06408077609990111,0.2870784938899764,0.0008399267388704932,50,5,2026-03-25
HRL/MKC,HRL,MKC,stable_signal_quick_exit,-618.1375768455746,-0.0608589951192775,0.2870784938899764,0.00019884786365703555,46,5,2026-03-25
AKAM/KEYS,AKAM,KEYS,stable_signal_quick_exit,-5264.149999999943,-0.33665277068291916,0.2870784938899764,7.135965404590327e-13,54,5,2026-03-25
BSX/WMB,BSX,WMB,stable_signal_quick_exit,4184.803856554327,0.40139805346732427,0.2870784938899764,0.999559612962853,48,5,2026-03-25
FSLR/RSG,FSLR,RSG,stable_signal_quick_exit,17993.60006980783,0.5962189444200127,0.2870784938899764,0.9999828575262754,66,5,2026-03-25
CDNS/PTC,CDNS,PTC,stable_signal_quick_exit,-1624.480000000029,-0.14513849269854281,0.2870784938899764,5.5992423616398745e-06,58,5,2026-03-25
AME/WMT,AME,WMT,stable_signal_quick_exit,11441.69816864281,1.2035463460101832,0.2870784938899764,1.0,44,5,2026-03-25
AON/GEN,AON,GEN,stable_signal_quick_exit,-8259.832239374678,-0.6356044066748592,0.2870784938899764,2.762956445868605e-13,48,5,2026-03-25
HAS/YUM,HAS,YUM,flash_hold,12360.92870773168,1.8445615594003344,0.2764798948400026,1.0,144,5,2026-03-25
TXT/YUM,TXT,YUM,flash_hold,1730.072911620591,0.2803480752402658,0.2764798948400026,0.9998229715784358,146,5,2026-03-25
CSCO/PAYC,CSCO,PAYC,flash_hold,3134.910363455057,0.31692342214871416,0.2764798948400026,0.999997835174585,152,5,2026-03-25
HAS/PFE,HAS,PFE,flash_hold,9574.750732461776,0.9784946349426893,0.2764798948400026,0.9999999995870038,166,5,2026-03-25
EXR/WY,EXR,WY,flash_hold,4424.962051970375,0.7492330471466415,0.2764798948400026,1.0,170,5,2026-03-25
EVRG/PCG,EVRG,PCG,flash_hold,-9830.497648417288,-1.432970529906033,0.2764798948400026,2.083221319200375e-23,188,5,2026-03-25
ATO/PCG,ATO,PCG,flash_hold,1183.287634530745,0.19275880219044336,0.2764798948400026,0.9740811410073029,184,5,2026-03-25
CINF/FMC,CINF,FMC,flash_hold,16211.82092621564,0.8180199981180574,0.2764798948400026,0.9995365383448561,178,5,2026-03-25
HRL/MKC,HRL,MKC,flash_hold,-1065.90751045302,-0.15679934506587223,0.2764798948400026,3.777130597834158e-05,148,5,2026-03-25
AKAM/KEYS,AKAM,KEYS,flash_hold,-864.0999999999553,-0.0939189600548127,0.2764798948400026,5.394898849933982e-05,120,5,2026-03-25
BSX/WMB,BSX,WMB,flash_hold,-350.3980293038702,-0.04246181547531763,0.2764798948400026,0.001064655190226144,186,5,2026-03-25
FSLR/RSG,FSLR,RSG,flash_hold,12941.17219903671,0.9829505399594934,0.2764798948400026,1.0,130,5,2026-03-25
CDNS/PTC,CDNS,PTC,flash_hold,-5308.399999999981,-0.5976401273707089,0.2764798948400026,2.1430080200942206e-12,144,5,2026-03-25
AME/WMT,AME,WMT,flash_hold,-1829.344773739418,-0.2425470108991379,0.2764798948400026,4.9008803724426615e-17,156,5,2026-03-25
AON/GEN,AON,GEN,flash_hold,687.5485053470568,0.08540607074871635,0.2764798948400026,0.411776104077654,152,5,2026-03-25
HAS/YUM,HAS,YUM,vol_agnostic,5097.113332813062,0.3124262195602554,0.2713427417691521,0.9977550921070617,102,5,2026-03-25
TXT/YUM,TXT,YUM,vol_agnostic,-8316.13128316116,-0.6208612659021961,0.2713427417691521,1.3405917403612097e-27,96,5,2026-03-25
CSCO/PAYC,CSCO,PAYC,vol_agnostic,245.2961029536737,0.013936721541953594,0.2713427417691521,0.03634630391998257,108,5,2026-03-25
HAS/PFE,HAS,PFE,vol_agnostic,7616.975074168291,0.42930324332153735,0.2713427417691521,0.9999152454458315,96,5,2026-03-25
EXR/WY,EXR,WY,vol_agnostic,11213.81377358579,0.7725438236094639,0.2713427417691521,1.0,90,5,2026-03-25
EVRG/PCG,EVRG,PCG,vol_agnostic,-22113.21833950892,-1.42748169678696,0.2713427417691521,3.6932322674220926e-26,78,5,2026-03-25
ATO/PCG,ATO,PCG,vol_agnostic,-10973.57452908301,-0.8107013272732391,0.2713427417691521,8.127082057999912e-34,72,5,2026-03-25
CINF/FMC,CINF,FMC,vol_agnostic,24438.3694114133,0.5977183664867213,0.2713427417691521,0.9997815875331141,84,5,2026-03-25
HRL/MKC,HRL,MKC,vol_agnostic,-1329.957617469522,-0.1115204999179473,0.2713427417691521,2.584611232610774e-06,88,5,2026-03-25
AKAM/KEYS,AKAM,KEYS,vol_agnostic,-8175.249999999934,-0.3793076846978422,0.2713427417691521,7.511752852889982e-09,78,5,2026-03-25
BSX/WMB,BSX,WMB,vol_agnostic,1045.595410314362,0.05967406833752732,0.2713427417691521,0.2373465628567173,108,5,2026-03-25
FSLR/RSG,FSLR,RSG,vol_agnostic,35666.15610338354,1.1990025259983228,0.2713427417691521,1.0,110,5,2026-03-25
CDNS/PTC,CDNS,PTC,vol_agnostic,3781.719999999968,0.29842516595636104,0.2713427417691521,0.9999911400251236,78,5,2026-03-25
AME/WMT,AME,WMT,vol_agnostic,-9551.090165091162,-0.6235351402484796,0.2713427417691521,2.1806417553977353e-33,100,5,2026-03-25
AON/GEN,AON,GEN,vol_agnostic,23255.36106477917,1.5074946749082334,0.2713427417691521,0.9999999999999986,76,5,2026-03-25
HAS/YUM,HAS,YUM,vol_adaptive,9066.63840331566,0.7006153362793406,0.0853640606105892,0.999999054373618,70,5,2026-03-25
TXT/YUM,TXT,YUM,vol_adaptive,2738.27472518996,0.2895048079978712,0.0853640606105892,0.9998988224912606,80,5,2026-03-25
CSCO/PAYC,CSCO,PAYC,vol_adaptive,-3978.340701901837,-0.26496627864640726,0.0853640606105892,9.442608167711951e-11,64,5,2026-03-25
HAS/PFE,HAS,PFE,vol_adaptive,-1521.925969664519,-0.0959460285723306,0.0853640606105892,6.421485011971814e-07,72,5,2026-03-25
EXR/WY,EXR,WY,vol_adaptive,14536.96588890563,1.218313089489656,0.0853640606105892,1.0,78,5,2026-03-25
EVRG/PCG,EVRG,PCG,vol_adaptive,-1692.720322521696,-0.19483067225132972,0.0853640606105892,3.148550502695128e-11,64,5,2026-03-25
ATO/PCG,ATO,PCG,vol_adaptive,-8448.006226231662,-0.8995306834727287,0.0853640606105892,2.430103948021377e-35,60,5,2026-03-25
CINF/FMC,CINF,FMC,vol_adaptive,10782.14405376196,0.49246603551218177,0.0853640606105892,0.9999999122572873,68,5,2026-03-25
HRL/MKC,HRL,MKC,vol_adaptive,-7242.913142139984,-0.718410006798084,0.0853640606105892,4.720754645226683e-16,64,5,2026-03-25
AKAM/KEYS,AKAM,KEYS,vol_adaptive,1953.050000000009,0.16201254067420393,0.0853640606105892,0.9106065108830301,66,5,2026-03-25
BSX/WMB,BSX,WMB,vol_adaptive,-6375.36439411134,-0.43946900993705845,0.0853640606105892,4.484093179825026e-15,84,5,2026-03-25
FSLR/RSG,FSLR,RSG,vol_adaptive,21530.60057488389,0.7572148990578763,0.0853640606105892,0.9999937653956756,74,5,2026-03-25
CDNS/PTC,CDNS,PTC,vol_adaptive,-589.6100000000115,-0.04726935009950519,0.0853640606105892,0.0011883300896581544,84,5,2026-03-25
AME/WMT,AME,WMT,vol_adaptive,8452.212387105954,0.7756242508157392,0.0853640606105892,0.999999860009607,68,5,2026-03-25
AON/GEN,AON,GEN,vol_adaptive,-3489.336581539755,-0.24235163617009364,0.0853640606105892,8.152883860377986e-11,68,5,2026-03-25
HAS/YUM,HAS,YUM,fast_signal,-4035.466160483113,-0.3326585710880186,0.0351133247502956,1.5369633204865659e-15,78,5,2026-03-25
TXT/YUM,TXT,YUM,fast_signal,-81.37319957719296,-0.008478795314488571,0.0351133247502956,0.010817807082400873,78,5,2026-03-25
CSCO/PAYC,CSCO,PAYC,fast_signal,9224.687338302423,0.6361173198936753,0.0351133247502956,0.9999999996683944,78,5,2026-03-25
HAS/PFE,HAS,PFE,fast_signal,13572.06410951198,0.8226018544215281,0.0351133247502956,0.999999998296882,68,5,2026-03-25
EXR/WY,EXR,WY,fast_signal,-915.2525083928444,-0.08397487465833055,0.0351133247502956,5.853411543324017e-05,96,5,2026-03-25
EVRG/PCG,EVRG,PCG,fast_signal,-1809.566137435441,-0.19235092185691804,0.0351133247502956,1.9315070488739524e-09,86,5,2026-03-25
ATO/PCG,ATO,PCG,fast_signal,3098.491750626803,0.31070753916619964,0.0351133247502956,0.9999242122626187,80,5,2026-03-25
CINF/FMC,CINF,FMC,fast_signal,11139.36975777137,0.6049334429889466,0.0351133247502956,1.0,86,5,2026-03-25
HRL/MKC,HRL,MKC,fast_signal,-14153.83196449213,-1.5386244629561605,0.0351133247502956,3.9286888284992077e-16,74,5,2026-03-25
AKAM/KEYS,AKAM,KEYS,fast_signal,-5025.319999999992,-0.46060586157790384,0.0351133247502956,6.657577098172026e-17,66,5,2026-03-25
BSX/WMB,BSX,WMB,fast_signal,-5079.801430635706,-0.40626610165383786,0.0351133247502956,1.362842900123048e-20,98,5,2026-03-25
FSLR/RSG,FSLR,RSG,fast_signal,21255.33050542629,0.8092041954700038,0.0351133247502956,0.9999103768067154,68,5,2026-03-25
CDNS/PTC,CDNS,PTC,fast_signal,-833.799999999972,-0.07809878421811535,0.0351133247502956,0.0003247142759690381,78,5,2026-03-25
AME/WMT,AME,WMT,fast_signal,4292.237495317856,0.510169432456529,0.0351133247502956,0.9999999999705573,84,5,2026-03-25
AON/GEN,AON,GEN,fast_signal,2195.028400738711,0.1819959786151989,0.0351133247502956,0.9096513854966313,86,5,2026-03-25
HAS/YUM,HAS,YUM,medium_signal_high_leverage,15488.67415972206,0.9282473739366549,0.008772818046142,0.9999999999998249,56,5,2026-03-25
TXT/YUM,TXT,YUM,medium_signal_high_leverage,7249.042078739429,0.5246318803475835,0.008772818046142,0.9999999999947211,60,5,2026-03-25
CSCO/PAYC,CSCO,PAYC,medium_signal_high_leverage,-1582.794567391537,-0.07565704806316817,0.008772818046142,0.00012162151320875249,56,5,2026-03-25
HAS/PFE,HAS,PFE,medium_signal_high_leverage,5535.998034855602,0.23899641248663686,0.008772818046142,0.9678295580655247,64,5,2026-03-25
EXR/WY,EXR,WY,medium_signal_high_leverage,2921.595978180731,0.16839043093683315,0.008772818046142,0.9594167838675942,64,5,2026-03-25
EVRG/PCG,EVRG,PCG,medium_signal_high_leverage,-21082.20570829515,-1.388147761343589,0.008772818046142,1.7870616756909987e-27,54,5,2026-03-25
ATO/PCG,ATO,PCG,medium_signal_high_leverage,-5171.673577195132,-0.3195237474081612,0.008772818046142,1.4299535689218698e-17,50,5,2026-03-25
CINF/FMC,CINF,FMC,medium_signal_high_leverage,547.3947104475819,0.016373516956143076,0.008772818046142,0.03482178290779007,62,5,2026-03-25
HRL/MKC,HRL,MKC,medium_signal_high_leverage,-7920.437799618421,-0.5198505566553273,0.008772818046142,1.296459459748404e-15,52,5,2026-03-25
AKAM/KEYS,AKAM,KEYS,medium_signal_high_leverage,-378.3699999999526,-0.02025627967234657,0.008772818046142,0.00577135504322833,50,5,2026-03-25
BSX/WMB,BSX,WMB,medium_signal_high_leverage,-6138.133345465149,-0.2884954278104299,0.008772818046142,7.059101048600154e-17,74,5,2026-03-25
FSLR/RSG,FSLR,RSG,medium_signal_high_leverage,37704.95555791116,0.8661213142904153,0.008772818046142,0.9999979660803383,74,5,2026-03-25
CDNS/PTC,CDNS,PTC,medium_signal_high_leverage,-3754.549999999983,-0.21023006777358966,0.008772818046142,1.0250756030335742e-07,58,5,2026-03-25
AME/WMT,AME,WMT,medium_signal_high_leverage,-964.0613378159051,-0.052544198250714394,0.008772818046142,0.00032051983346517026,62,5,2026-03-25
AON/GEN,AON,GEN,medium_signal_high_leverage,6620.101428590615,0.3203537350981136,0.008772818046142,0.9995193621035854,58,5,2026-03-25
HAS/YUM,HAS,YUM,long_z_short_v,-3427.198756907991,-0.4297016227974692,-0.0797508961439567,1.2260737733716709e-19,54,5,2026-03-25
TXT/YUM,TXT,YUM,long_z_short_v,-2487.466883225954,-0.2805624589722906,-0.0797508961439567,4.124523763159874e-17,52,5,2026-03-25
CSCO/PAYC,CSCO,PAYC,long_z_short_v,8841.183657841222,0.8160260159792129,-0.0797508961439567,0.9999999999999822,58,5,2026-03-25
HAS/PFE,HAS,PFE,long_z_short_v,9756.428609377659,0.8169645571039942,-0.0797508961439567,0.9999999999974913,40,5,2026-03-25
EXR/WY,EXR,WY,long_z_short_v,6876.066919574042,0.789001697014853,-0.0797508961439567,1.0,50,5,2026-03-25
EVRG/PCG,EVRG,PCG,long_z_short_v,-16536.52878257102,-1.6108317370022385,-0.0797508961439567,1.0074486691254166e-26,44,5,2026-03-25
ATO/PCG,ATO,PCG,long_z_short_v,-5872.775130636603,-0.5382559182719562,-0.0797508961439567,1.1320945332228604e-26,40,5,2026-03-25
CINF/FMC,CINF,FMC,long_z_short_v,25961.53762551329,1.2406667774279168,-0.0797508961439567,0.9999962298090957,58,5,2026-03-25
HRL/MKC,HRL,MKC,long_z_short_v,-5348.385423263596,-0.5731496021902639,-0.0797508961439567,3.5222243685052844e-19,42,5,2026-03-25
AKAM/KEYS,AKAM,KEYS,long_z_short_v,-2437.390000000016,-0.21083764701703644,-0.0797508961439567,5.471191722083169e-07,38,5,2026-03-25
BSX/WMB,BSX,WMB,long_z_short_v,5488.05037765253,0.4904922736736414,-0.0797508961439567,0.9999819582173518,56,5,2026-03-25
FSLR/RSG,FSLR,RSG,long_z_short_v,-2724.111640444846,-0.13439282935478591,-0.0797508961439567,2.4294400177795915e-13,40,5,2026-03-25
CDNS/PTC,CDNS,PTC,long_z_short_v,7091.799999999998,0.6608165807868125,-0.0797508961439567,0.9999999999981154,50,5,2026-03-25
AME/WMT,AME,WMT,long_z_short_v,6218.086280416558,0.639375330152225,-0.0797508961439567,0.9999999929325476,54,5,2026-03-25
AON/GEN,AON,GEN,long_z_short_v,-4682.839774551048,-0.3793980173519155,-0.0797508961439567,2.413811746405281e-14,50,5,2026-03-25
HAS/YUM,HAS,YUM,deep_entry_quick_exit,12019.58373905316,2.0997618882825546,-0.2303746354628306,0.9999999999999901,24,5,2026-03-25
TXT/YUM,TXT,YUM,deep_entry_quick_exit,1781.874140536596,0.2418818837620803,-0.2303746354628306,0.9986729036297612,28,5,2026-03-25
CSCO/PAYC,CSCO,PAYC,deep_entry_quick_exit,-5246.438569328335,-0.4500570495108775,-0.2303746354628306,1.8473016376265382e-07,28,5,2026-03-25
HAS/PFE,HAS,PFE,deep_entry_quick_exit,12685.00619062385,1.4356366631207012,-0.2303746354628306,0.9999997751903175,30,5,2026-03-25
EXR/WY,EXR,WY,deep_entry_quick_exit,2491.746235965557,0.39858383705686007,-0.2303746354628306,0.9999999692607588,22,5,2026-03-25
EVRG/PCG,EVRG,PCG,deep_entry_quick_exit,-6934.370661139159,-0.9079858806677412,-0.2303746354628306,5.332792223053283e-12,30,5,2026-03-25
ATO/PCG,ATO,PCG,deep_entry_quick_exit,-3823.529019651855,-0.6316577807408296,-0.2303746354628306,4.965075023279179e-10,30,5,2026-03-25
CINF/FMC,CINF,FMC,deep_entry_quick_exit,-10465.69492258824,-1.0146629775085112,-0.2303746354628306,9.989558746417056e-22,36,5,2026-03-25
HRL/MKC,HRL,MKC,deep_entry_quick_exit,-2878.281203994299,-0.608791728162602,-0.2303746354628306,1.3116873321211485e-08,18,5,2026-03-25
AKAM/KEYS,AKAM,KEYS,deep_entry_quick_exit,9644.969999999994,0.6897208197084741,-0.2303746354628306,0.999995573128333,20,5,2026-03-25
BSX/WMB,BSX,WMB,deep_entry_quick_exit,1683.581779633107,0.3078080175485637,-0.2303746354628306,0.9985896286046091,30,5,2026-03-25
FSLR/RSG,FSLR,RSG,deep_entry_quick_exit,-12376.48826784153,-0.5620322993855915,-0.2303746354628306,5.804522284090731e-08,34,5,2026-03-25
CDNS/PTC,CDNS,PTC,deep_entry_quick_exit,13150.66999999998,1.270851756986197,-0.2303746354628306,0.9999994568500211,28,5,2026-03-25
AME/WMT,AME,WMT,deep_entry_quick_exit,9601.232282973893,1.3301745159282206,-0.2303746354628306,0.9999999999996533,24,5,2026-03-25
AON/GEN,AON,GEN,deep_entry_quick_exit,434.1432868102365,0.03646890611828931,-0.2303746354628306,0.08490120391856004,28,5,2026-03-25
HAS/YUM,HAS,YUM,slow_reentry,8562.757307685564,0.6456309205230135,-0.2921618230494839,0.9992165006201612,48,5,2026-03-25
TXT/YUM,TXT,YUM,slow_reentry,-55.13976999945498,-0.006494414046742965,-0.2921618230494839,0.012511770839594965,66,5,2026-03-25
CSCO/PAYC,CSCO,PAYC,slow_reentry,11345.7854540128,0.9701791588015001,-0.2921618230494839,0.9999999924719022,60,5,2026-03-25
HAS/PFE,HAS,PFE,slow_reentry,-9562.496895234706,-0.6902913736111914,-0.2921618230494839,1.0711181337105835e-11,50,5,2026-03-25
EXR/WY,EXR,WY,slow_reentry,-1389.128122193642,-0.1398091278865208,-0.2921618230494839,3.44838081687275e-05,60,5,2026-03-25
EVRG/PCG,EVRG,PCG,slow_reentry,-2820.351821656016,-0.35054837399339933,-0.2921618230494839,8.43982298952919e-12,42,5,2026-03-25
ATO/PCG,ATO,PCG,slow_reentry,-1544.366774505741,-0.19551839640572286,-0.2921618230494839,1.5043757193601078e-11,48,5,2026-03-25
CINF/FMC,CINF,FMC,slow_reentry,-4170.061061758875,-0.27127019645629524,-0.2921618230494839,6.026984990225998e-08,50,5,2026-03-25
HRL/MKC,HRL,MKC,slow_reentry,-3020.217357806665,-0.3906100322409788,-0.2921618230494839,3.8892926228326916e-10,48,5,2026-03-25
AKAM/KEYS,AKAM,KEYS,slow_reentry,-1345.539999999991,-0.09601245524299734,-0.2921618230494839,0.0007039000159981127,44,5,2026-03-25
BSX/WMB,BSX,WMB,slow_reentry,10426.50781771863,0.9509067261301947,-0.2921618230494839,0.9999999643967861,62,5,2026-03-25
FSLR/RSG,FSLR,RSG,slow_reentry,16104.35051507312,0.6240194423748584,-0.2921618230494839,0.9998218346660829,62,5,2026-03-25
CDNS/PTC,CDNS,PTC,slow_reentry,-2690.430000000008,-0.2580300720589103,-0.2921618230494839,2.2055829914884244e-07,52,5,2026-03-25
AME/WMT,AME,WMT,slow_reentry,-250.5413670340313,-0.026059110630979716,-0.2921618230494839,0.003465490740645189,48,5,2026-03-25
AON/GEN,AON,GEN,slow_reentry,-3967.191590498456,-0.4018602529263019,-0.2921618230494839,1.2287386300232637e-17,46,5,2026-03-25
HAS/YUM,HAS,YUM,high_turnover,5177.995846208139,0.5134097448792326,-0.4044556970878691,0.9999999999970316,96,5,2026-03-25
TXT/YUM,TXT,YUM,high_turnover,820.1579438155384,0.07364924581330234,-0.4044556970878691,0.32185430086202776,94,5,2026-03-25
CSCO/PAYC,CSCO,PAYC,high_turnover,-6749.421433090816,-0.46576838155295985,-0.4044556970878691,6.4477726135842715e-22,96,5,2026-03-25
HAS/PFE,HAS,PFE,high_turnover,3475.20162019467,0.23781152598602498,-0.4044556970878691,0.9988005875575199,92,5,2026-03-25
EXR/WY,EXR,WY,high_turnover,9928.015226265412,0.9752834095046001,-0.4044556970878691,1.0,102,5,2026-03-25
EVRG/PCG,EVRG,PCG,high_turnover,-5986.527407058858,-0.7765146207587815,-0.4044556970878691,5.377337905107152e-17,78,5,2026-03-25
ATO/PCG,ATO,PCG,high_turnover,-1528.71512315604,-0.18284565356493426,-0.4044556970878691,5.9786202970810816e-12,84,5,2026-03-25
CINF/FMC,CINF,FMC,high_turnover,22311.62618072366,0.9501233197411643,-0.4044556970878691,0.9999999745098302,100,5,2026-03-25
HRL/MKC,HRL,MKC,high_turnover,-3138.750682709684,-0.238035603691232,-0.4044556970878691,3.872603344431521e-06,92,5,2026-03-25
AKAM/KEYS,AKAM,KEYS,high_turnover,-8635.47999999999,-0.8354846200455336,-0.4044556970878691,5.3037002288261405e-20,82,5,2026-03-25
BSX/WMB,BSX,WMB,high_turnover,-489.2835353988612,-0.030026928820422565,-0.4044556970878691,0.0017219857036253963,114,5,2026-03-25
FSLR/RSG,FSLR,RSG,high_turnover,19546.47377060576,0.7650900294117136,-0.4044556970878691,0.999890708360352,96,5,2026-03-25
CDNS/PTC,CDNS,PTC,high_turnover,-18244.58000000003,-1.1717750372450353,-0.4044556970878691,9.783605044975405e-07,90,5,2026-03-25
AME/WMT,AME,WMT,high_turnover,-6652.269907687892,-0.636867606674965,-0.4044556970878691,1.207575313585026e-19,100,5,2026-03-25
AON/GEN,AON,GEN,high_turnover,-2012.570253442467,-0.19263635546658925,-0.4044556970878691,3.0756071387989457e-10,88,5,2026-03-25
HAS/YUM,HAS,YUM,default,9637.678263393935,0.7254008978093717,-0.4265024428197893,0.9995213521779337,52,5,2026-03-25
TXT/YUM,TXT,YUM,default,-2127.079482051803,-0.24603996217677757,-0.4265024428197893,5.887936706905601e-13,68,5,2026-03-25
CSCO/PAYC,CSCO,PAYC,default,-914.6209784754178,-0.07597954194079934,-0.4265024428197893,0.0003491123017268372,68,5,2026-03-25
HAS/PFE,HAS,PFE,default,-10033.52463759928,-0.6746419647288174,-0.4265024428197893,1.8399816706203335e-15,62,5,2026-03-25
EXR/WY,EXR,WY,default,265.2739473391302,0.025075552273982032,-0.4265024428197893,0.05397556839190091,66,5,2026-03-25
EVRG/PCG,EVRG,PCG,default,-8943.858363803323,-0.9944517206469333,-0.4265024428197893,1.676400164510781e-14,60,5,2026-03-25
ATO/PCG,ATO,PCG,default,-2586.905033476081,-0.288985994426894,-0.4265024428197893,3.796112569371669e-13,60,5,2026-03-25
CINF/FMC,CINF,FMC,default,9038.385053142738,0.41993757109086743,-0.4265024428197893,0.9999998935775806,64,5,2026-03-25
HRL/MKC,HRL,MKC,default,-2074.606589437422,-0.2675745243530317,-0.4265024428197893,5.701209975274089e-09,50,5,2026-03-25
AKAM/KEYS,AKAM,KEYS,default,-7742.559999999996,-0.7009572212505036,-0.4265024428197893,1.699674421511799e-10,52,5,2026-03-25
BSX/WMB,BSX,WMB,default,5970.094019644399,0.5107283190807073,-0.4265024428197893,0.9999959113523723,72,5,2026-03-25
FSLR/RSG,FSLR,RSG,default,20290.01739602854,0.7611567703686019,-0.4265024428197893,0.999974917304792,70,5,2026-03-25
CDNS/PTC,CDNS,PTC,default,-3697.019999999974,-0.35474953475915916,-0.4265024428197893,1.2277142605114988e-08,52,5,2026-03-25
AME/WMT,AME,WMT,default,-1233.186216020798,-0.1293719744188359,-0.4265024428197893,3.06137250450722e-07,52,5,2026-03-25
AON/GEN,AON,GEN,default,970.3789423647925,0.08668125617368948,-0.4265024428197893,0.42576921680857555,58,5,2026-03-25
HAS/YUM,HAS,YUM,quick_exit,5970.925725117771,0.4625507539243821,-0.459939398105969,0.9970152409920217,56,5,2026-03-25
TXT/YUM,TXT,YUM,quick_exit,1588.833577929583,0.22174194372439268,-0.459939398105969,0.9937442935706186,70,5,2026-03-25
CSCO/PAYC,CSCO,PAYC,quick_exit,3684.085930332786,0.32858030354737,-0.459939398105969,0.9999399390182434,62,5,2026-03-25
HAS/PFE,HAS,PFE,quick_exit,10205.18520693622,0.9278955441454912,-0.459939398105969,0.9999999999922417,68,5,2026-03-25
EXR/WY,EXR,WY,quick_exit,4265.071711348719,0.4900082928667025,-0.459939398105969,0.9999999163394839,66,5,2026-03-25
EVRG/PCG,EVRG,PCG,quick_exit,-5503.780613050717,-0.7016933737358915,-0.459939398105969,6.601722124049768e-13,66,5,2026-03-25
ATO/PCG,ATO,PCG,quick_exit,-2256.429237534277,-0.26425572237259726,-0.459939398105969,7.21422369619151e-11,70,5,2026-03-25
CINF/FMC,CINF,FMC,quick_exit,-4499.425489428403,-0.35523784452016044,-0.459939398105969,5.43804286077383e-08,66,5,2026-03-25
HRL/MKC,HRL,MKC,quick_exit,-1348.630390877195,-0.1889514613595904,-0.459939398105969,1.0325943664936692e-06,46,5,2026-03-25
AKAM/KEYS,AKAM,KEYS,quick_exit,-10918.94999999998,-1.0285470656083768,-0.459939398105969,3.554707480444854e-12,52,5,2026-03-25
BSX/WMB,BSX,WMB,quick_exit,11295.67707308712,1.0459377875419797,-0.459939398105969,0.9999999894151551,76,5,2026-03-25
FSLR/RSG,FSLR,RSG,quick_exit,5495.845739881648,0.22319962416860809,-0.459939398105969,0.9462601959121186,64,5,2026-03-25
CDNS/PTC,CDNS,PTC,quick_exit,-8223.999999999995,-0.7552888839440056,-0.459939398105969,3.2312216702937286e-12,56,5,2026-03-25
AME/WMT,AME,WMT,quick_exit,-4829.784726816893,-0.7446069886607711,-0.459939398105969,1.541953579151386e-23,56,5,2026-03-25
AON/GEN,AON,GEN,quick_exit,2903.016655948052,0.2744314095834763,-0.459939398105969,0.999481753925179,62,5,2026-03-25
HAS/YUM,HAS,YUM,fast_signal_tight_stop,-9761.571472820106,-0.9617539267803159,-0.5139744141458523,1.2907926990933223e-07,66,5,2026-03-25
TXT/YUM,TXT,YUM,fast_signal_tight_stop,1011.278718563424,0.12055339561086612,-0.5139744141458523,0.6770673449280163,64,5,2026-03-25
CSCO/PAYC,CSCO,PAYC,fast_signal_tight_stop,474.3130940078863,0.035065428540253615,-0.5139744141458523,0.08730995930299612,66,5,2026-03-25
HAS/PFE,HAS,PFE,fast_signal_tight_stop,17842.88358708479,1.1611958118864216,-0.5139744141458523,0.9999999685399562,66,5,2026-03-25
EXR/WY,EXR,WY,fast_signal_tight_stop,1038.511807197301,0.12701787810481827,-0.5139744141458523,0.7557615679571641,84,5,2026-03-25
EVRG/PCG,EVRG,PCG,fast_signal_tight_stop,-4528.558423148888,-0.5636911294234949,-0.5139744141458523,6.570942276003766e-20,70,5,2026-03-25
ATO/PCG,ATO,PCG,fast_signal_tight_stop,7539.476409500641,0.8265617652719213,-0.5139744141458523,0.9999999998301476,70,5,2026-03-25
CINF/FMC,CINF,FMC,fast_signal_tight_stop,4909.972255534518,0.32393186185197853,-0.5139744141458523,0.9999996465102913,74,5,2026-03-25
HRL/MKC,HRL,MKC,fast_signal_tight_stop,-13209.32259141712,-1.4143826872656395,-0.5139744141458523,1.9199452074235604e-16,66,5,2026-03-25
AKAM/KEYS,AKAM,KEYS,fast_signal_tight_stop,-13893.57000000004,-1.1239591204207737,-0.5139744141458523,2.7633442402602955e-09,62,5,2026-03-25
BSX/WMB,BSX,WMB,fast_signal_tight_stop,-3929.516049452715,-0.3484607404838723,-0.5139744141458523,6.230280559904919e-18,78,5,2026-03-25
FSLR/RSG,FSLR,RSG,fast_signal_tight_stop,18550.75478674922,0.7332910594413614,-0.5139744141458523,0.9998283459719807,66,5,2026-03-25
CDNS/PTC,CDNS,PTC,fast_signal_tight_stop,-2367.329999999959,-0.2400542471243634,-0.5139744141458523,6.946201425954464e-07,72,5,2026-03-25
AME/WMT,AME,WMT,fast_signal_tight_stop,-1990.81285098824,-0.2145312434419144,-0.5139744141458523,1.0736350160359913e-13,84,5,2026-03-25
AON/GEN,AON,GEN,fast_signal_tight_stop,2211.015215461625,0.23848673989543434,-0.5139744141458523,0.9959622764791577,70,5,2026-03-25
HAS/YUM,HAS,YUM,balanced_plus,3564.354645185396,0.3490909208103146,-0.5329437658405455,0.9999950752588533,60,5,2026-03-25
TXT/YUM,TXT,YUM,balanced_plus,-4723.593158023905,-0.480192583047205,-0.5329437658405455,9.620557341046304e-24,72,5,2026-03-25
CSCO/PAYC,CSCO,PAYC,balanced_plus,5326.42353641798,0.4068944488849775,-0.5329437658405455,0.999987317201131,62,5,2026-03-25
HAS/PFE,HAS,PFE,balanced_plus,-4078.812306926175,-0.27161727267679453,-0.5329437658405455,1.2413174576259078e-17,66,5,2026-03-25
EXR/WY,EXR,WY,balanced_plus,-1352.92087720449,-0.1395709755482539,-0.5329437658405455,1.9193947881090109e-07,62,5,2026-03-25
EVRG/PCG,EVRG,PCG,balanced_plus,-5323.987227133674,-0.5834789268379389,-0.5329437658405455,1.7776056992291712e-16,60,5,2026-03-25
ATO/PCG,ATO,PCG,balanced_plus,-8237.078399916969,-0.9133742882247412,-0.5329437658405455,3.443539459370385e-29,62,5,2026-03-25
CINF/FMC,CINF,FMC,balanced_plus,348.5265768910331,0.016466993063573996,-0.5329437658405455,0.03468098215415881,60,5,2026-03-25
HRL/MKC,HRL,MKC,balanced_plus,-3572.348751385304,-0.3846649633047849,-0.5329437658405455,6.649949089475759e-13,50,5,2026-03-25
AKAM/KEYS,AKAM,KEYS,balanced_plus,3438.240000000016,0.31752950594707047,-0.5329437658405455,0.9999848226254641,58,5,2026-03-25
BSX/WMB,BSX,WMB,balanced_plus,-864.0964528019622,-0.0644773336245837,-0.5329437658405455,1.4730890189935601e-05,78,5,2026-03-25
FSLR/RSG,FSLR,RSG,balanced_plus,14841.74814072073,0.5429284138768453,-0.5329437658405455,0.9998531091395723,62,5,2026-03-25
CDNS/PTC,CDNS,PTC,balanced_plus,4904.589999999969,0.44580813965559135,-0.5329437658405455,0.9999999927473047,66,5,2026-03-25
AME/WMT,AME,WMT,balanced_plus,-6948.839773532756,-0.6084567307614673,-0.5329437658405455,7.890426232485013e-21,64,5,2026-03-25
AON/GEN,AON,GEN,balanced_plus,5363.295387694391,0.442599605038789,-0.5329437658405455,0.9999999631444686,64,5,2026-03-25
HAS/YUM,HAS,YUM,tight_stop,6595.054390191324,0.5140104420018701,-0.5382760997265956,0.998002049530301,56,5,2026-03-25
TXT/YUM,TXT,YUM,tight_stop,-463.1362548221932,-0.06395018723001265,-0.5382760997265956,0.00028562379873423743,72,5,2026-03-25
CSCO/PAYC,CSCO,PAYC,tight_stop,1757.520207356107,0.16320030699378643,-0.5382760997265956,0.928066255991898,62,5,2026-03-25
HAS/PFE,HAS,PFE,tight_stop,2533.472367947617,0.18754661199232647,-0.5382760997265956,0.8898642984188981,70,5,2026-03-25
EXR/WY,EXR,WY,tight_stop,4652.033480644923,0.5398704019404827,-0.5382760997265956,0.9999999405239987,66,5,2026-03-25
EVRG/PCG,EVRG,PCG,tight_stop,-7582.988827387675,-0.9583494256164863,-0.5382760997265956,1.5714164014308035e-12,68,5,2026-03-25
ATO/PCG,ATO,PCG,tight_stop,-963.862225288327,-0.11246186679552247,-0.5382760997265956,4.7818499747852875e-06,68,5,2026-03-25
CINF/FMC,CINF,FMC,tight_stop,-1143.862048451675,-0.08550364905151685,-0.5382760997265956,0.0002589974191507964,66,5,2026-03-25
HRL/MKC,HRL,MKC,tight_stop,-908.4825780022816,-0.12575939165640493,-0.5382760997265956,1.3772286590967864e-05,48,5,2026-03-25
AKAM/KEYS,AKAM,KEYS,tight_stop,-11265.68999999998,-1.2532440277167856,-0.5382760997265956,4.0715141581357497e-17,52,5,2026-03-25
BSX/WMB,BSX,WMB,tight_stop,11490.60498391355,1.0578560436020623,-0.5382760997265956,0.9999999928419818,76,5,2026-03-25
FSLR/RSG,FSLR,RSG,tight_stop,5558.925213915811,0.22943481502014945,-0.5382760997265956,0.949543281267696,64,5,2026-03-25
CDNS/PTC,CDNS,PTC,tight_stop,-6510.909999999994,-0.6318287244917136,-0.5382760997265956,1.597489471876832e-10,54,5,2026-03-25
AME/WMT,AME,WMT,tight_stop,-3109.721395666194,-0.4690967754999689,-0.5382760997265956,9.791885443046625e-21,58,5,2026-03-25
AON/GEN,AON,GEN,tight_stop,2611.600649005502,0.2484104019539375,-0.5382760997265956,0.9983210683782539,62,5,2026-03-25
HAS/YUM,HAS,YUM,high_leverage,12115.78948733323,0.5963228531528846,-0.5695349244850247,0.9993856263026147,50,5,2026-03-25
TXT/YUM,TXT,YUM,high_leverage,-3490.349929906968,-0.24640118249331763,-0.5695349244850247,2.5980791646591002e-12,68,5,2026-03-25
CSCO/PAYC,CSCO,PAYC,high_leverage,-7842.268234015891,-0.387311687398582,-0.5695349244850247,3.988000203088464e-11,68,5,2026-03-25
HAS/PFE,HAS,PFE,high_leverage,-12627.99380662,-0.56550511837092,-0.5695349244850247,4.830629722378614e-17,56,5,2026-03-25
EXR/WY,EXR,WY,high_leverage,1722.808062891065,0.10206774941794401,-0.5695349244850247,0.5554094168042918,68,5,2026-03-25
EVRG/PCG,EVRG,PCG,high_leverage,-20002.65829382521,-1.3019547714025297,-0.5695349244850247,2.1478432058612763e-23,52,5,2026-03-25
ATO/PCG,ATO,PCG,high_leverage,-5685.325381363789,-0.3707932060950384,-0.5695349244850247,1.0816979924270947e-17,52,5,2026-03-25
CINF/FMC,CINF,FMC,high_leverage,-11631.39359741438,-0.4437453394051664,-0.5695349244850247,7.535761117942281e-13,58,5,2026-03-25
HRL/MKC,HRL,MKC,high_leverage,-1036.033757829309,-0.08383918491613881,-0.5695349244850247,0.00011087726287243853,50,5,2026-03-25
AKAM/KEYS,AKAM,KEYS,high_leverage,-8886.15999999994,-0.5315647172861501,-0.5695349244850247,9.292564270672023e-11,46,5,2026-03-25
BSX/WMB,BSX,WMB,high_leverage,4728.120521629676,0.24426758481774838,-0.5695349244850247,0.9922317847888003,70,5,2026-03-25
FSLR/RSG,FSLR,RSG,high_leverage,34244.34411013979,0.8716910286098886,-0.5695349244850247,0.9999871755483266,70,5,2026-03-25
CDNS/PTC,CDNS,PTC,high_leverage,-5703.289999999983,-0.3701057336943584,-0.5695349244850247,1.1838180271134033e-08,50,5,2026-03-25
AME/WMT,AME,WMT,high_leverage,1885.675290241402,0.1280080758456804,-0.5695349244850247,0.7266708115543858,52,5,2026-03-25
AON/GEN,AON,GEN,high_leverage,2819.633436298525,0.16155888703312613,-0.5695349244850247,0.874911124900295,52,5,2026-03-25
HAS/YUM,HAS,YUM,high_entry,8924.898035675724,1.750465376638015,-0.7221046211487677,0.9999999999899256,22,5,2026-03-25
TXT/YUM,TXT,YUM,high_entry,-1261.757036648095,-0.2109968882876292,-0.7221046211487677,2.9211588697982763e-09,28,5,2026-03-25
CSCO/PAYC,CSCO,PAYC,high_entry,-5521.474862398391,-0.4723145545515173,-0.7221046211487677,2.1194813923561144e-07,26,5,2026-03-25
HAS/PFE,HAS,PFE,high_entry,11928.11412320858,1.3212069676268121,-0.7221046211487677,0.9999999199848812,36,5,2026-03-25
EXR/WY,EXR,WY,high_entry,1145.458696396548,0.18137182098093083,-0.7221046211487677,0.9776576863521653,30,5,2026-03-25
EVRG/PCG,EVRG,PCG,high_entry,-1523.727445726059,-0.1847535570544123,-0.7221046211487677,1.5484475970358134e-09,38,5,2026-03-25
ATO/PCG,ATO,PCG,high_entry,-8908.053077643875,-1.320514567157188,-0.7221046211487677,4.99224994897046e-11,42,5,2026-03-25
CINF/FMC,CINF,FMC,high_entry,-14754.53721423927,-1.3170209334049139,-0.7221046211487677,8.168761773922736e-22,42,5,2026-03-25
HRL/MKC,HRL,MKC,high_entry,-627.073640168629,-0.14163862741963437,-0.7221046211487677,1.2393439594067414e-09,16,5,2026-03-25
AKAM/KEYS,AKAM,KEYS,high_entry,4534.439999999993,0.48928528014340883,-0.7221046211487677,0.9999933013292125,30,5,2026-03-25
BSX/WMB,BSX,WMB,high_entry,2694.883601560612,0.48733635863226,-0.7221046211487677,0.9999916627094185,28,5,2026-03-25
FSLR/RSG,FSLR,RSG,high_entry,-3393.874098872725,-0.15809052625891154,-0.7221046211487677,5.953946923346265e-11,32,5,2026-03-25
CDNS/PTC,CDNS,PTC,high_entry,6796.749999999987,0.7811695573806408,-0.7221046211487677,0.99999988215723,28,5,2026-03-25
AME/WMT,AME,WMT,high_entry,1807.807651291257,0.3493048606908734,-0.7221046211487677,0.9999399209619306,24,5,2026-03-25
AON/GEN,AON,GEN,high_entry,991.443012172105,0.09478824283876876,-0.7221046211487677,0.48813594642711566,36,5,2026-03-25
HAS/YUM,HAS,YUM,deep_dislocation,20660.67427439343,1.8295618519268158,-0.825777713242035,0.9999999982890196,24,5,2026-03-25
TXT/YUM,TXT,YUM,deep_dislocation,442.2079128255027,0.04011066059861753,-0.825777713242035,0.10916034932194246,28,5,2026-03-25
CSCO/PAYC,CSCO,PAYC,deep_dislocation,2133.784861380371,0.13731260860372732,-0.825777713242035,0.8623794963482942,26,5,2026-03-25
HAS/PFE,HAS,PFE,deep_dislocation,5906.454416095261,0.3179326946602221,-0.825777713242035,0.9671912501117347,28,5,2026-03-25
EXR/WY,EXR,WY,deep_dislocation,46.00090807689412,0.0036189290133903152,-0.825777713242035,0.021512747725917856,26,5,2026-03-25
EVRG/PCG,EVRG,PCG,deep_dislocation,-14007.50188559625,-0.9382315177978419,-0.825777713242035,3.7256701419629423e-28,30,5,2026-03-25
ATO/PCG,ATO,PCG,deep_dislocation,-4466.410863355041,-0.31391163901395347,-0.825777713242035,4.998292387683219e-15,32,5,2026-03-25
CINF/FMC,CINF,FMC,deep_dislocation,-36984.21629306462,-1.828729658625641,-0.825777713242035,9.54062224600582e-34,46,5,2026-03-25
HRL/MKC,HRL,MKC,deep_dislocation,-1750.766311165596,-0.23740594268322535,-0.825777713242035,1.398192225749565e-08,16,5,2026-03-25
AKAM/KEYS,AKAM,KEYS,deep_dislocation,182.4499999999553,0.012204811049705921,-0.825777713242035,0.03163714580962129,18,5,2026-03-25
BSX/WMB,BSX,WMB,deep_dislocation,-3792.800909322697,-0.29804724938959126,-0.825777713242035,1.0161794180998452e-14,32,5,2026-03-25
FSLR/RSG,FSLR,RSG,deep_dislocation,-12484.66483487746,-0.38173827563745766,-0.825777713242035,9.073607422330178e-10,34,5,2026-03-25
CDNS/PTC,CDNS,PTC,deep_dislocation,18510.27,1.1727902675592903,-0.825777713242035,0.9999998592723534,28,5,2026-03-25
AME/WMT,AME,WMT,deep_dislocation,9942.385283066375,1.0577522115793951,-0.825777713242035,0.9999999999865261,22,5,2026-03-25
AON/GEN,AON,GEN,deep_dislocation,-5089.54949587181,-0.37628404434633306,-0.825777713242035,2.0629147952338826e-16,34,5,2026-03-25
HAS/YUM,HAS,YUM,short_z_long_v,2033.150546641058,0.19466805676453244,-0.9414989420474492,0.9953666926422023,52,5,2026-03-25
TXT/YUM,TXT,YUM,short_z_long_v,-7405.257530641854,-0.768162185862363,-0.9414989420474492,3.095415589029002e-14,66,5,2026-03-25
CSCO/PAYC,CSCO,PAYC,short_z_long_v,-2742.347449672656,-0.21751047216786992,-0.9414989420474492,6.297011206873529e-07,52,5,2026-03-25
HAS/PFE,HAS,PFE,short_z_long_v,1496.774873589044,0.10689572613221376,-0.9414989420474492,0.5974526680231554,62,5,2026-03-25
EXR/WY,EXR,WY,short_z_long_v,5569.670597836629,0.5792733336137584,-0.9414989420474492,0.9999999748993329,70,5,2026-03-25
EVRG/PCG,EVRG,PCG,short_z_long_v,1086.882537067602,0.11042326064808988,-0.9414989420474492,0.614244919830118,66,5,2026-03-25
ATO/PCG,ATO,PCG,short_z_long_v,-9610.037130156965,-0.9481042602325765,-0.9414989420474492,1.9493694586629254e-24,84,5,2026-03-25
CINF/FMC,CINF,FMC,short_z_long_v,-17571.90576265832,-0.6711751711282551,-0.9414989420474492,1.3744340263351255e-05,64,5,2026-03-25
HRL/MKC,HRL,MKC,short_z_long_v,-4931.649224479496,-0.6092621723019483,-0.9414989420474492,4.179871783117067e-15,54,5,2026-03-25
AKAM/KEYS,AKAM,KEYS,short_z_long_v,-7923.390000000013,-0.4505576329043063,-0.9414989420474492,1.14873921185002e-06,62,5,2026-03-25
BSX/WMB,BSX,WMB,short_z_long_v,-3570.56118427158,-0.3166368677089136,-0.9414989420474492,3.8098416013359288e-19,80,5,2026-03-25
FSLR/RSG,FSLR,RSG,short_z_long_v,14348.00445982316,0.5850710811659939,-0.9414989420474492,0.9996671092308255,70,5,2026-03-25
CDNS/PTC,CDNS,PTC,short_z_long_v,2464.380000000025,0.28236664834805875,-0.9414989420474492,0.9996185142124331,60,5,2026-03-25
AME/WMT,AME,WMT,short_z_long_v,-13957.75098458299,-1.3368215780457942,-0.9414989420474492,1.269239994295611e-13,52,5,2026-03-25
AON/GEN,AON,GEN,short_z_long_v,13608.25069429722,1.2158601874025905,-0.9414989420474492,0.9999999999980388,68,5,2026-03-25
HAS/YUM,HAS,YUM,high_vol_specialist,11038.67965533563,1.3399594193591433,-0.943936076761508,0.9999999999986218,38,5,2026-03-25
TXT/YUM,TXT,YUM,high_vol_specialist,-822.5364579759907,-0.08097370128385756,-0.943936076761508,0.00013696382989348424,42,5,2026-03-25
CSCO/PAYC,CSCO,PAYC,high_vol_specialist,-3862.502654093972,-0.3101761925110056,-0.943936076761508,1.620417919553098e-08,38,5,2026-03-25
HAS/PFE,HAS,PFE,high_vol_specialist,16924.78551470621,1.2517744134512583,-0.943936076761508,1.0,48,5,2026-03-25
EXR/WY,EXR,WY,high_vol_specialist,8267.672682690523,0.8916926419932819,-0.943936076761508,1.0,40,5,2026-03-25
EVRG/PCG,EVRG,PCG,high_vol_specialist,-12806.91300983879,-0.9387766034143304,-0.943936076761508,3.3883496355976067e-26,48,5,2026-03-25
ATO/PCG,ATO,PCG,high_vol_specialist,-5247.907595306873,-0.4266516950974888,-0.943936076761508,1.87670699230397e-27,52,5,2026-03-25
CINF/FMC,CINF,FMC,high_vol_specialist,-17644.82444824756,-1.0472918680080556,-0.943936076761508,5.938521205416909e-23,44,5,2026-03-25
HRL/MKC,HRL,MKC,high_vol_specialist,4389.503170624101,0.5920380392237181,-0.943936076761508,0.9999999994667534,38,5,2026-03-25
AKAM/KEYS,AKAM,KEYS,high_vol_specialist,-15521.22999999998,-0.8480319559219576,-0.943936076761508,4.7413091492941194e-07,44,5,2026-03-25
BSX/WMB,BSX,WMB,high_vol_specialist,2599.819697020889,0.2464570933647394,-0.943936076761508,0.9982971026359448,50,5,2026-03-25
FSLR/RSG,FSLR,RSG,high_vol_specialist,-12115.15616837151,-0.5459466204611308,-0.943936076761508,1.8122412691902007e-09,54,5,2026-03-25
CDNS/PTC,CDNS,PTC,high_vol_specialist,734.9999999999723,0.0802089606812665,-0.943936076761508,0.35576983977751797,42,5,2026-03-25
AME/WMT,AME,WMT,high_vol_specialist,-9899.247853528263,-0.8831576952354929,-0.943936076761508,9.400724409873041e-17,42,5,2026-03-25
AON/GEN,AON,GEN,high_vol_specialist,11542.33588138572,0.8814155342615684,-0.943936076761508,0.9999999995188051,48,5,2026-03-25
HAS/YUM,HAS,YUM,slow_signal,1804.253853179882,0.2850246071242941,-1.0064606299549022,0.9999536707531094,46,5,2026-03-25
TXT/YUM,TXT,YUM,slow_signal,-2002.603869165422,-0.24899137662630957,-1.0064606299549022,3.4606365752356635e-15,46,5,2026-03-25
CSCO/PAYC,CSCO,PAYC,slow_signal,2387.78258005034,0.16161018595504104,-1.0064606299549022,0.9296569360260545,40,5,2026-03-25
HAS/PFE,HAS,PFE,slow_signal,9798.682322095001,0.7341055103402211,-1.0064606299549022,0.9999999694393856,46,5,2026-03-25
EXR/WY,EXR,WY,slow_signal,10784.94383558418,1.3285116062289202,-1.0064606299549022,1.0,42,5,2026-03-25
EVRG/PCG,EVRG,PCG,slow_signal,-10801.35633171316,-0.8725625765846623,-1.0064606299549022,5.764222699473543e-24,52,5,2026-03-25
ATO/PCG,ATO,PCG,slow_signal,-12483.30635310956,-1.2263612824947998,-1.0064606299549022,6.599323337671706e-29,56,5,2026-03-25
CINF/FMC,CINF,FMC,slow_signal,-5500.188281621536,-0.4439258592864725,-1.0064606299549022,1.735198991376349e-09,48,5,2026-03-25
HRL/MKC,HRL,MKC,slow_signal,5676.668707578069,0.873925737897497,-1.0064606299549022,0.9999999968921611,32,5,2026-03-25
AKAM/KEYS,AKAM,KEYS,slow_signal,-18661.88999999999,-0.9770306488396324,-1.0064606299549022,6.338755193169741e-08,42,5,2026-03-25
BSX/WMB,BSX,WMB,slow_signal,2993.959425480183,0.3842614583390153,-1.0064606299549022,0.9999999891692615,42,5,2026-03-25
FSLR/RSG,FSLR,RSG,slow_signal,-8931.86055956423,-0.4136829582320408,-1.0064606299549022,1.552253718721783e-10,52,5,2026-03-25
CDNS/PTC,CDNS,PTC,slow_signal,-2909.920000000028,-0.3417424911023975,-1.0064606299549022,9.940216627490242e-08,42,5,2026-03-25
AME/WMT,AME,WMT,slow_signal,519.9725809592401,0.052153940841104855,-1.0064606299549022,0.1914671025109972,40,5,2026-03-25
AON/GEN,AON,GEN,slow_signal,2432.923275635192,0.19538225593850697,-1.0064606299549022,0.9792848145911803,50,5,2026-03-25
HAS/YUM,HAS,YUM,no_leverage,4894.48696904166,0.7356044789332293,-1.021052093569754,0.9995673037707908,52,5,2026-03-25
TXT/YUM,TXT,YUM,no_leverage,-1060.605236231067,-0.2447562943255041,-1.021052093569754,6.867560525986667e-13,68,5,2026-03-25
CSCO/PAYC,CSCO,PAYC,no_leverage,-470.0046143415987,-0.07795001255071586,-1.021052093569754,0.0003116486376698013,68,5,2026-03-25
HAS/PFE,HAS,PFE,no_leverage,-4990.427604675853,-0.6692205698482829,-1.021052093569754,2.0404264803846006e-15,62,5,2026-03-25
EXR/WY,EXR,WY,no_leverage,135.9619387622934,0.02567119280715907,-1.021052093569754,0.055305562221451936,66,5,2026-03-25
EVRG/PCG,EVRG,PCG,no_leverage,-4482.323693535344,-0.9945862825021727,-1.021052093569754,1.4572252530287888e-14,60,5,2026-03-25
ATO/PCG,ATO,PCG,no_leverage,-1281.301766289392,-0.28588206413442324,-1.021052093569754,5.211353859981619e-13,60,5,2026-03-25
CINF/FMC,CINF,FMC,no_leverage,4546.342018866029,0.421601499720613,-1.021052093569754,0.9999998802840591,64,5,2026-03-25
HRL/MKC,HRL,MKC,no_leverage,-1035.742331149488,-0.2669814051093607,-1.021052093569754,6.0662296491912315e-09,50,5,2026-03-25
AKAM/KEYS,AKAM,KEYS,no_leverage,-3846.969999999998,-0.6949366549271688,-1.021052093569754,2.1694761875006147e-10,52,5,2026-03-25
BSX/WMB,BSX,WMB,no_leverage,2990.584073492367,0.5116604444368367,-1.021052093569754,0.9999960502453203,72,5,2026-03-25
FSLR/RSG,FSLR,RSG,no_leverage,10155.94563005412,0.7613931504173084,-1.021052093569754,0.9999734290652419,70,5,2026-03-25
CDNS/PTC,CDNS,PTC,no_leverage,-1807.149999999996,-0.3460756110767645,-1.021052093569754,1.760841805936131e-08,52,5,2026-03-25
AME/WMT,AME,WMT,no_leverage,-610.4640572122594,-0.12799252286430784,-1.021052093569754,3.4402728712313545e-07,52,5,2026-03-25
AON/GEN,AON,GEN,no_leverage,507.7458238392791,0.09039109601625653,-1.021052093569754,0.4546709361612539,58,5,2026-03-25
HAS/YUM,HAS,YUM,symmetric_exit,9419.19891265638,1.1824268034473835,-1.0487342323347435,0.9999999999999981,42,5,2026-03-25
TXT/YUM,TXT,YUM,symmetric_exit,2782.204675219,0.3730951748572842,-1.0487342323347435,0.9999982254397154,50,5,2026-03-25
CSCO/PAYC,CSCO,PAYC,symmetric_exit,-6838.482509037283,-0.5688370334277514,-1.0487342323347435,1.8909356360589425e-08,46,5,2026-03-25
HAS/PFE,HAS,PFE,symmetric_exit,-11452.26163506009,-0.8071742204516282,-1.0487342323347435,5.403531298957274e-12,54,5,2026-03-25
EXR/WY,EXR,WY,symmetric_exit,413.3962338768312,0.059146625661972284,-1.0487342323347435,0.20132610762318243,58,5,2026-03-25
EVRG/PCG,EVRG,PCG,symmetric_exit,1499.39155300049,0.1727631587025222,-1.0487342323347435,0.91060168718839,52,5,2026-03-25
ATO/PCG,ATO,PCG,symmetric_exit,-7113.927015186257,-0.9776464696628328,-1.0487342323347435,2.7570181709145997e-15,60,5,2026-03-25
CINF/FMC,CINF,FMC,symmetric_exit,-6386.451039785905,-0.47190332000267354,-1.0487342323347435,1.0355012799308035e-11,52,5,2026-03-25
HRL/MKC,HRL,MKC,symmetric_exit,-2870.444168804813,-0.4181625370421393,-1.0487342323347435,7.173853167613134e-08,36,5,2026-03-25
AKAM/KEYS,AKAM,KEYS,symmetric_exit,-4778.009999999986,-0.46325815896868905,-1.0487342323347435,1.9449874839067226e-08,36,5,2026-03-25
BSX/WMB,BSX,WMB,symmetric_exit,5760.48090350133,0.7365838426961125,-1.0487342323347435,0.9999999999875079,52,5,2026-03-25
FSLR/RSG,FSLR,RSG,symmetric_exit,11150.35635524497,0.471809476018834,-1.0487342323347435,0.996810253408442,48,5,2026-03-25
CDNS/PTC,CDNS,PTC,symmetric_exit,1430.330000000004,0.15209525520381123,-1.0487342323347435,0.92284938929587,46,5,2026-03-25
AME/WMT,AME,WMT,symmetric_exit,-5169.530168572202,-0.5841436535238871,-1.0487342323347435,2.2545966060269056e-12,42,5,2026-03-25
AON/GEN,AON,GEN,symmetric_exit,-4428.993405691635,-0.39780596634154086,-1.0487342323347435,1.1500606829634188e-09,48,5,2026-03-25
HAS/YUM,HAS,YUM,patient_hold,4549.106876662765,0.5484962536880724,-1.420165244167414,0.9999313747045949,30,5,2026-03-25
TXT/YUM,TXT,YUM,patient_hold,-6065.310969282329,-0.726751023962049,-1.420165244167414,7.341896747599663e-23,44,5,2026-03-25
CSCO/PAYC,CSCO,PAYC,patient_hold,-3878.697867888527,-0.21693770588540298,-1.420165244167414,8.77865148570805e-10,36,5,2026-03-25
HAS/PFE,HAS,PFE,patient_hold,3740.406111095915,0.29125208800393354,-1.420165244167414,0.9693195544543347,42,5,2026-03-25
EXR/WY,EXR,WY,patient_hold,6028.849163930024,0.7027160757186179,-1.420165244167414,1.0,42,5,2026-03-25
EVRG/PCG,EVRG,PCG,patient_hold,-8185.921627012413,-0.7868392098404697,-1.420165244167414,1.4810377454927208e-23,42,5,2026-03-25
ATO/PCG,ATO,PCG,patient_hold,-5037.85309963104,-0.5115527816598383,-1.420165244167414,2.905818520719239e-23,46,5,2026-03-25
CINF/FMC,CINF,FMC,patient_hold,1148.513499758469,0.06355388881532914,-1.420165244167414,0.18267371022337275,38,5,2026-03-25
HRL/MKC,HRL,MKC,patient_hold,-2387.560140592685,-0.3970795280779534,-1.420165244167414,2.917615674194823e-11,34,5,2026-03-25
AKAM/KEYS,AKAM,KEYS,patient_hold,-11504.67000000001,-1.033854402871781,-1.420165244167414,2.543389672396123e-11,38,5,2026-03-25
BSX/WMB,BSX,WMB,patient_hold,-1933.38231119593,-0.21344661784940053,-1.420165244167414,1.3571151645459274e-14,46,5,2026-03-25
FSLR/RSG,FSLR,RSG,patient_hold,-11235.62742431635,-0.5700507949820663,-1.420165244167414,1.1876740027104466e-06,38,5,2026-03-25
CDNS/PTC,CDNS,PTC,patient_hold,-773.1700000000292,-0.08907148123608756,-1.420165244167414,0.00023927548220945209,34,5,2026-03-25
AME/WMT,AME,WMT,patient_hold,-372.4426571904175,-0.040987537593225154,-1.420165244167414,0.0011580346015601557,44,5,2026-03-25
AON/GEN,AON,GEN,patient_hold,-1829.09783765332,-0.20900251684527416,-1.420165244167414,4.652987061413071e-15,38,5,2026-03-25
HAS/YUM,HAS,YUM,conservative_no_leverage,5301.844196937624,1.3714505726792114,-1.4961931085294915,0.9999999994284156,32,5,2026-03-25
TXT/YUM,TXT,YUM,conservative_no_leverage,-1840.584967419424,-0.4691596746211754,-1.4961931085294915,1.897076795541611e-16,40,5,2026-03-25
CSCO/PAYC,CSCO,PAYC,conservative_no_leverage,4400.136786697111,0.8248306580886794,-1.4961931085294915,0.9999996570675962,42,5,2026-03-25
HAS/PFE,HAS,PFE,conservative_no_leverage,5518.393371499451,0.6816137823827108,-1.4961931085294915,0.9999782647642939,44,5,2026-03-25
EXR/WY,EXR,WY,conservative_no_leverage,3189.514043366145,0.6936345492906857,-1.4961931085294915,1.0,42,5,2026-03-25
EVRG/PCG,EVRG,PCG,conservative_no_leverage,-6574.190793214523,-1.2305415055479736,-1.4961931085294915,3.824066180067303e-30,34,5,2026-03-25
ATO/PCG,ATO,PCG,conservative_no_leverage,-3195.011678855959,-0.629618589821329,-1.4961931085294915,7.389452017724862e-25,40,5,2026-03-25
CINF/FMC,CINF,FMC,conservative_no_leverage,-7932.504026434048,-1.0396935998304788,-1.4961931085294915,8.562115299107224e-18,40,5,2026-03-25
HRL/MKC,HRL,MKC,conservative_no_leverage,1699.184614724008,0.604318396968191,-1.4961931085294915,0.9999999999990051,30,5,2026-03-25
AKAM/KEYS,AKAM,KEYS,conservative_no_leverage,-2993.469999999999,-0.523529362473565,-1.4961931085294915,9.43174346324369e-11,32,5,2026-03-25
BSX/WMB,BSX,WMB,conservative_no_leverage,-2182.922264241279,-0.5098708525946594,-1.4961931085294915,2.2430853760122863e-33,36,5,2026-03-25
FSLR/RSG,FSLR,RSG,conservative_no_leverage,-6509.936210901149,-0.5841843631437212,-1.4961931085294915,2.024855364782536e-07,34,5,2026-03-25
CDNS/PTC,CDNS,PTC,conservative_no_leverage,14.05999999998949,0.0029738594202041026,-1.4961931085294915,0.02042153456660381,34,5,2026-03-25
AME/WMT,AME,WMT,conservative_no_leverage,1427.392520154735,0.3325841576643959,-1.4961931085294915,0.9985081778214271,36,5,2026-03-25
AON/GEN,AON,GEN,conservative_no_leverage,3254.261693864558,0.6372559408371281,-1.4961931085294915,0.9999815180611799,42,5,2026-03-25
HAS/YUM,HAS,YUM,conservative,2439.111561342856,1.0638760314633249,-1.982386655756852,0.9999995494852845,20,5,2026-03-25
TXT/YUM,TXT,YUM,conservative,978.2617396576402,0.3989194023886488,-1.982386655756852,0.9999963033834404,28,5,2026-03-25
CSCO/PAYC,CSCO,PAYC,conservative,-2202.652134243024,-0.2521627051406185,-1.982386655756852,2.8159451009837337e-08,28,5,2026-03-25
HAS/PFE,HAS,PFE,conservative,4864.206615791531,1.0839693349775201,-1.982386655756852,0.9999996068630698,38,5,2026-03-25
EXR/WY,EXR,WY,conservative,1272.919995253847,0.4570871391293337,-1.982386655756852,0.9999996654599244,32,5,2026-03-25
EVRG/PCG,EVRG,PCG,conservative,-653.0960251039718,-0.21023554316124085,-1.982386655756852,1.0381908897482558e-07,34,5,2026-03-25
ATO/PCG,ATO,PCG,conservative,-1648.873751012013,-0.5939087492558203,-1.982386655756852,3.827820153718202e-09,40,5,2026-03-25
CINF/FMC,CINF,FMC,conservative,-3127.96033073732,-0.797956396137968,-1.982386655756852,6.016903346660733e-13,36,5,2026-03-25
HRL/MKC,HRL,MKC,conservative,-1629.57477441213,-0.7778928661391796,-1.982386655756852,5.022002895988753e-06,20,5,2026-03-25
AKAM/KEYS,AKAM,KEYS,conservative,-4030.950000000001,-1.1177759824021505,-1.982386655756852,2.1044545400927667e-09,30,5,2026-03-25
BSX/WMB,BSX,WMB,conservative,1511.050610618349,0.5705326280272135,-1.982386655756852,0.9999902653127126,26,5,2026-03-25
FSLR/RSG,FSLR,RSG,conservative,-6920.18621804179,-0.6996752157861484,-1.982386655756852,8.573623922649742e-06,30,5,2026-03-25
CDNS/PTC,CDNS,PTC,conservative,1742.699999999987,0.42506092125892275,-1.982386655756852,0.9999992075795239,32,5,2026-03-25
AME/WMT,AME,WMT,conservative,1781.056833578318,0.728568778110371,-1.982386655756852,0.9999906157068569,24,5,2026-03-25
AON/GEN,AON,GEN,conservative,919.0360313713333,0.3589197957956173,-1.982386655756852,0.9979024785394128,30,5,2026-03-25
HAS/YUM,HAS,YUM,aggressive,53170.57479550867,2.1391218880628347,0.9554908971233336,0.9999999999999681,106,6,2026-04-30
TXT/YUM,TXT,YUM,aggressive,10151.25329367002,0.522449019651252,0.9554908971233336,0.9999999999168183,122,6,2026-04-30
CSCO/PAYC,CSCO,PAYC,aggressive,18451.9142139703,0.5836098982455361,0.9554908971233336,0.9999999999301789,114,6,2026-04-30
HAS/PFE,HAS,PFE,aggressive,24141.39057759895,0.7354051446616808,0.9554908971233336,0.9999999999399769,118,6,2026-04-30
EXR/WY,EXR,WY,aggressive,18415.04433778278,0.8822617879949631,0.9554908971233336,1.0,100,6,2026-04-30
EVRG/PCG,EVRG,PCG,aggressive,-39343.32893715234,-1.6950556865025381,0.9554908971233336,1.0088842651540859e-28,80,6,2026-04-30
ATO/PCG,ATO,PCG,aggressive,-17616.90323032792,-0.8776183518011765,0.9554908971233336,1.1574581605693395e-32,92,6,2026-04-30
CINF/FMC,CINF,FMC,aggressive,36041.08582595046,0.5606329078427862,0.9554908971233336,0.9999042118186166,112,6,2026-04-30
HRL/MKC,HRL,MKC,aggressive,2695.562721352901,0.11550535510130132,0.9554908971233336,0.6938137562288543,104,6,2026-04-30
AKAM/KEYS,AKAM,KEYS,aggressive,308.4900000000198,0.010299274322695026,0.9554908971233336,0.028760053941416574,96,6,2026-04-30
BSX/WMB,BSX,WMB,aggressive,-19285.71058791834,-0.6942890366113943,0.9554908971233336,1.226847657662376e-19,136,6,2026-04-30
FSLR/RSG,FSLR,RSG,aggressive,63085.59883297054,1.2387556369379953,0.9554908971233336,0.9999999999287376,122,6,2026-04-30
CDNS/PTC,CDNS,PTC,aggressive,-3147.13000000007,-0.14098375009223987,0.9554908971233336,7.097315579685193e-07,114,6,2026-04-30
AME/WMT,AME,WMT,aggressive,-2172.429948061199,-0.09320210693452187,0.9554908971233336,4.5883425652320945e-06,126,6,2026-04-30
AON/GEN,AON,GEN,aggressive,18572.83692532574,0.742024500110699,0.9554908971233336,0.9999999999998868,100,6,2026-04-30
HAS/YUM,HAS,YUM,fast_reentry,14729.65080327532,0.9972324478556541,0.7003383617771458,0.9999798460613514,62,6,2026-04-30
TXT/YUM,TXT,YUM,fast_reentry,1499.522239426409,0.14722335271901546,0.7003383617771458,0.8720234172988515,82,6,2026-04-30
CSCO/PAYC,CSCO,PAYC,fast_reentry,5046.440321062458,0.34081838094194034,0.7003383617771458,0.9999998443199973,76,6,2026-04-30
HAS/PFE,HAS,PFE,fast_reentry,2062.54748336776,0.12501066651892867,0.7003383617771458,0.7046208712141525,88,6,2026-04-30
EXR/WY,EXR,WY,fast_reentry,-6397.870803059286,-0.6659587548970404,0.7003383617771458,6.211077804923195e-21,70,6,2026-04-30
EVRG/PCG,EVRG,PCG,fast_reentry,-6206.298551846816,-0.5412773454495667,0.7003383617771458,4.895510892340475e-21,76,6,2026-04-30
ATO/PCG,ATO,PCG,fast_reentry,2543.486809095731,0.22717505491520668,0.7003383617771458,0.9950149121844359,86,6,2026-04-30
CINF/FMC,CINF,FMC,fast_reentry,23452.23508526533,0.5837735484461645,0.7003383617771458,0.9991641577215903,86,6,2026-04-30
HRL/MKC,HRL,MKC,fast_reentry,-2123.652646325929,-0.21276821325492182,0.7003383617771458,4.078395987926429e-10,58,6,2026-04-30
AKAM/KEYS,AKAM,KEYS,fast_reentry,-8050.579999999984,-0.5574487980560242,0.7003383617771458,5.991427680327423e-16,62,6,2026-04-30
BSX/WMB,BSX,WMB,fast_reentry,16302.34976936242,1.1088933008661466,0.7003383617771458,0.9999999999999972,88,6,2026-04-30
FSLR/RSG,FSLR,RSG,fast_reentry,23874.86271025195,0.8400187317199119,0.7003383617771458,0.9999954727916782,82,6,2026-04-30
CDNS/PTC,CDNS,PTC,fast_reentry,-410.7400000000162,-0.03524038596569022,0.7003383617771458,0.0028148317486346645,62,6,2026-04-30
AME/WMT,AME,WMT,fast_reentry,3032.295409113153,0.2760295156382435,0.7003383617771458,0.9984923929061897,70,6,2026-04-30
AON/GEN,AON,GEN,fast_reentry,12444.95845906234,0.8599668862974216,0.7003383617771458,0.9999999999510231,74,6,2026-04-30
HAS/YUM,HAS,YUM,low_entry,9697.226565564359,0.5122662664944972,0.6990886358677497,0.9999967083904966,112,6,2026-04-30
TXT/YUM,TXT,YUM,low_entry,11007.69451325905,0.9782332352130171,0.6990886358677497,1.0,106,6,2026-04-30
CSCO/PAYC,CSCO,PAYC,low_entry,14061.03996055146,0.6812576842936451,0.6990886358677497,0.9999999999999888,120,6,2026-04-30
HAS/PFE,HAS,PFE,low_entry,21543.08062776896,0.9812826719107252,0.6990886358677497,0.999999999995145,126,6,2026-04-30
EXR/WY,EXR,WY,low_entry,-2697.674498827567,-0.2249206453919585,0.6990886358677497,1.4990801795328787e-11,120,6,2026-04-30
EVRG/PCG,EVRG,PCG,low_entry,-19506.21163895755,-1.3205916694134172,0.6990886358677497,1.7864729301619876e-20,112,6,2026-04-30
ATO/PCG,ATO,PCG,low_entry,-11568.41555552325,-0.8665496201110232,0.6990886358677497,8.620858837145247e-30,114,6,2026-04-30
CINF/FMC,CINF,FMC,low_entry,27867.31238151977,0.6753281633049163,0.6990886358677497,0.999620968449542,120,6,2026-04-30
HRL/MKC,HRL,MKC,low_entry,-3297.955422041148,-0.2566643863118467,0.6990886358677497,7.662442470781946e-13,100,6,2026-04-30
AKAM/KEYS,AKAM,KEYS,low_entry,-13384.76999999994,-0.6913018267891916,0.6990886358677497,3.0671202760273576e-12,90,6,2026-04-30
BSX/WMB,BSX,WMB,low_entry,4500.824933328041,0.2705396817193479,0.6990886358677497,0.9997903758112034,136,6,2026-04-30
FSLR/RSG,FSLR,RSG,low_entry,36643.97511709353,1.1298042012418377,0.6990886358677497,0.9999999989530248,132,6,2026-04-30
CDNS/PTC,CDNS,PTC,low_entry,159.8399999999747,0.010787486917754392,0.6990886358677497,0.031109072638549538,114,6,2026-04-30
AME/WMT,AME,WMT,low_entry,-4563.795024836921,-0.31063145413290083,0.6990886358677497,3.417325919006629e-21,122,6,2026-04-30
AON/GEN,AON,GEN,low_entry,21532.47132745943,1.2837112038927303,0.6990886358677497,1.0,100,6,2026-04-30
HAS/YUM,HAS,YUM,static_threshold,16491.29223357783,1.1477027623443525,0.6427977660874863,1.0,106,6,2026-04-30
TXT/YUM,TXT,YUM,static_threshold,6510.884997274036,0.4429661040580914,0.6427977660874863,0.9999999531596506,116,6,2026-04-30
CSCO/PAYC,CSCO,PAYC,static_threshold,1140.117326169027,0.05969300942924142,0.6427977660874863,0.22414088839106389,120,6,2026-04-30
HAS/PFE,HAS,PFE,static_threshold,11125.90989813755,0.5486493638666987,0.6427977660874863,0.9999996212250556,108,6,2026-04-30
EXR/WY,EXR,WY,static_threshold,6373.384463397149,0.5172332433810266,0.6427977660874863,1.0,86,6,2026-04-30
EVRG/PCG,EVRG,PCG,static_threshold,-14593.93527149216,-1.0047150179004691,0.6427977660874863,7.991265066321584e-30,104,6,2026-04-30
ATO/PCG,ATO,PCG,static_threshold,-13847.39134443039,-1.0180016595065493,0.6427977660874863,2.4187812838108783e-32,106,6,2026-04-30
CINF/FMC,CINF,FMC,static_threshold,10081.5938290036,0.36224914481977377,0.6427977660874863,0.9999999970660821,108,6,2026-04-30
HRL/MKC,HRL,MKC,static_threshold,3727.675142233438,0.2857058673734327,0.6427977660874863,0.9995597804900733,100,6,2026-04-30
AKAM/KEYS,AKAM,KEYS,static_threshold,-8601.979999999965,-0.32619600546451094,0.6427977660874863,4.69722083042577e-10,92,6,2026-04-30
BSX/WMB,BSX,WMB,static_threshold,10252.19079887495,0.5673543924991621,0.6427977660874863,0.9999920531732674,116,6,2026-04-30
FSLR/RSG,FSLR,RSG,static_threshold,45446.19139788883,1.53017930538947,0.6427977660874863,1.0,110,6,2026-04-30
CDNS/PTC,CDNS,PTC,static_threshold,1816.689999999974,0.13464571570509407,0.6427977660874863,0.8325810924683396,96,6,2026-04-30
AME/WMT,AME,WMT,static_threshold,-8693.888863093118,-0.5506892994535246,0.6427977660874863,9.673621497415384e-29,116,6,2026-04-30
AON/GEN,AON,GEN,static_threshold,16066.18115538246,0.9240897871326457,0.6427977660874863,1.0,108,6,2026-04-30
HAS/YUM,HAS,YUM,vol_agnostic,11382.88333281306,0.6462025154801272,0.5112204540890545,0.9999995807911415,112,6,2026-04-30
TXT/YUM,TXT,YUM,vol_agnostic,-3756.292888862141,-0.2624215315522346,0.5112204540890545,3.4781957187302364e-15,104,6,2026-04-30
CSCO/PAYC,CSCO,PAYC,vol_agnostic,9447.674073676397,0.4824239814328765,0.5112204540890545,0.99999999989212,116,6,2026-04-30
HAS/PFE,HAS,PFE,vol_agnostic,7551.368067461544,0.3894866606285144,0.5112204540890545,0.999920509400228,104,6,2026-04-30
EXR/WY,EXR,WY,vol_agnostic,13915.61636722204,0.9189969428166462,0.5112204540890545,1.0,94,6,2026-04-30
EVRG/PCG,EVRG,PCG,vol_agnostic,-24027.55213889723,-1.467273386597571,0.5112204540890545,2.589865591199927e-28,82,6,2026-04-30
ATO/PCG,ATO,PCG,vol_agnostic,-14581.71662044395,-1.0235779133153449,0.5112204540890545,8.533778019884315e-39,76,6,2026-04-30
CINF/FMC,CINF,FMC,vol_agnostic,26621.16874099931,0.6218625734411553,0.5112204540890545,0.9998782502031974,92,6,2026-04-30
HRL/MKC,HRL,MKC,vol_agnostic,1465.329515629929,0.10804482617815828,0.5112204540890545,0.6177626159103852,92,6,2026-04-30
AKAM/KEYS,AKAM,KEYS,vol_agnostic,-9209.929999999938,-0.40413349567782314,0.5112204540890545,1.0029415518595094e-09,86,6,2026-04-30
BSX/WMB,BSX,WMB,vol_agnostic,6262.048340809475,0.3159240254254202,0.5112204540890545,0.9991922773935862,114,6,2026-04-30
FSLR/RSG,FSLR,RSG,vol_agnostic,38190.04762000527,1.238087548397177,0.5112204540890545,1.0,118,6,2026-04-30
CDNS/PTC,CDNS,PTC,vol_agnostic,3010.339999999965,0.21617467470571974,0.5112204540890545,0.9976620513227958,86,6,2026-04-30
AME/WMT,AME,WMT,vol_agnostic,-11811.96737617046,-0.7373526910518108,0.5112204540890545,2.4964110146188993e-36,108,6,2026-04-30
AON/GEN,AON,GEN,vol_agnostic,22646.11607266784,1.3033769146199679,0.5112204540890545,1.0,80,6,2026-04-30
HAS/YUM,HAS,YUM,vol_gated,12749.75457336605,0.8951833158503759,0.480981104138347,0.999999960516801,82,6,2026-04-30
TXT/YUM,TXT,YUM,vol_gated,7527.306524990854,0.7223196840190305,0.480981104138347,1.0,84,6,2026-04-30
CSCO/PAYC,CSCO,PAYC,vol_gated,30.81622128893946,0.0018516095503037005,0.480981104138347,0.019898191925815545,64,6,2026-04-30
HAS/PFE,HAS,PFE,vol_gated,-777.5845860499248,-0.04510347914991662,0.480981104138347,0.00043302869018735693,78,6,2026-04-30
EXR/WY,EXR,WY,vol_gated,13903.35648736027,1.1443287051495457,0.480981104138347,1.0,80,6,2026-04-30
EVRG/PCG,EVRG,PCG,vol_gated,-5085.407620585544,-0.5185650638571867,0.480981104138347,1.915563641491161e-20,64,6,2026-04-30
ATO/PCG,ATO,PCG,vol_gated,-11242.86695831557,-1.0606089014615687,0.480981104138347,1.0990401547162537e-37,64,6,2026-04-30
CINF/FMC,CINF,FMC,vol_gated,7685.253695266334,0.3256158904517902,0.480981104138347,0.9999996599512991,74,6,2026-04-30
HRL/MKC,HRL,MKC,vol_gated,-1937.474560306645,-0.15665918219173927,0.480981104138347,5.562744251745642e-09,70,6,2026-04-30
AKAM/KEYS,AKAM,KEYS,vol_gated,2220.410000000036,0.11316593603729831,0.480981104138347,0.638306273150495,76,6,2026-04-30
BSX/WMB,BSX,WMB,vol_gated,-3571.652373875316,-0.22199344148933853,0.480981104138347,1.3928685084201166e-14,88,6,2026-04-30
FSLR/RSG,FSLR,RSG,vol_gated,27088.7471997759,0.8994702127015142,0.480981104138347,0.9999992688717819,82,6,2026-04-30
CDNS/PTC,CDNS,PTC,vol_gated,4713.230000000002,0.37002283952867343,0.480981104138347,0.9999997618781286,86,6,2026-04-30
AME/WMT,AME,WMT,vol_gated,11770.76952872571,0.9960128018397115,0.480981104138347,0.9999999999368994,76,6,2026-04-30
AON/GEN,AON,GEN,vol_gated,-655.1757892199726,-0.043546166012212464,0.480981104138347,0.0010300667395992003,68,6,2026-04-30
HAS/YUM,HAS,YUM,stable_signal_quick_exit,22331.35299911613,1.9264996840729873,0.469691672184553,0.9999999999932474,58,6,2026-04-30
TXT/YUM,TXT,YUM,stable_signal_quick_exit,9587.20551773618,0.9948869785646757,0.469691672184553,1.0,62,6,2026-04-30
CSCO/PAYC,CSCO,PAYC,stable_signal_quick_exit,11919.51605750841,0.6545802049325993,0.469691672184553,0.9999999964899873,76,6,2026-04-30
HAS/PFE,HAS,PFE,stable_signal_quick_exit,4558.435700095018,0.2653345791538313,0.469691672184553,0.9914173997799547,54,6,2026-04-30
EXR/WY,EXR,WY,stable_signal_quick_exit,3596.233459579911,0.4055959117738346,0.469691672184553,0.9999999998632914,60,6,2026-04-30
EVRG/PCG,EVRG,PCG,stable_signal_quick_exit,-6858.150086970326,-0.7819337635214362,0.469691672184553,2.3500835982402727e-17,38,6,2026-04-30
ATO/PCG,ATO,PCG,stable_signal_quick_exit,-2928.216760630124,-0.341463323157538,0.469691672184553,1.106639510407663e-21,44,6,2026-04-30
CINF/FMC,CINF,FMC,stable_signal_quick_exit,-3026.308969901333,-0.18966815492822356,0.469691672184553,7.010383366080405e-07,54,6,2026-04-30
HRL/MKC,HRL,MKC,stable_signal_quick_exit,1742.667797769252,0.15937888354129393,0.469691672184553,0.8906852369860505,48,6,2026-04-30
AKAM/KEYS,AKAM,KEYS,stable_signal_quick_exit,-8567.379999999946,-0.5130236847662759,0.469691672184553,2.3649329447357555e-13,56,6,2026-04-30
BSX/WMB,BSX,WMB,stable_signal_quick_exit,4883.323856554332,0.4016563392533951,0.469691672184553,0.9999643382899377,50,6,2026-04-30
FSLR/RSG,FSLR,RSG,stable_signal_quick_exit,22948.59916741682,0.7363183820942941,0.469691672184553,0.9999971019606781,72,6,2026-04-30
CDNS/PTC,CDNS,PTC,stable_signal_quick_exit,-1156.730000000042,-0.09934455793188807,0.469691672184553,5.592515322013387e-05,62,6,2026-04-30
AME/WMT,AME,WMT,stable_signal_quick_exit,9946.412620791662,0.9757091394519217,0.469691672184553,1.0,50,6,2026-04-30
AON/GEN,AON,GEN,stable_signal_quick_exit,-8360.812239374676,-0.5968951340049379,0.469691672184553,3.7766252843183335e-15,50,6,2026-04-30
HAS/YUM,HAS,YUM,low_vol_specialist,21713.18402880467,1.7995631037762034,0.3740047975970659,1.0,126,6,2026-04-30
TXT/YUM,TXT,YUM,low_vol_specialist,6701.447265771756,0.5033646459744124,0.3740047975970659,0.999999721190936,124,6,2026-04-30
CSCO/PAYC,CSCO,PAYC,low_vol_specialist,-15982.34136187597,-0.9144750535565961,0.3740047975970659,1.779030556223399e-31,132,6,2026-04-30
HAS/PFE,HAS,PFE,low_vol_specialist,31882.96482202408,1.7686043546854744,0.3740047975970659,0.9999999999999849,134,6,2026-04-30
EXR/WY,EXR,WY,low_vol_specialist,4246.869262108738,0.3457216314606656,0.3740047975970659,0.9999367955900853,144,6,2026-04-30
EVRG/PCG,EVRG,PCG,low_vol_specialist,-14619.90263926414,-1.0668935156338588,0.3740047975970659,1.4665437504997255e-19,150,6,2026-04-30
ATO/PCG,ATO,PCG,low_vol_specialist,1639.692792605324,0.11903170409697737,0.3740047975970659,0.7092196256530283,160,6,2026-04-30
CINF/FMC,CINF,FMC,low_vol_specialist,-1693.047483382383,-0.06704458664265205,0.3740047975970659,0.0011763500485715544,144,6,2026-04-30
HRL/MKC,HRL,MKC,low_vol_specialist,14727.47242079582,1.0656251010708484,0.3740047975970659,0.9999999987288609,114,6,2026-04-30
AKAM/KEYS,AKAM,KEYS,low_vol_specialist,-33867.18999999994,-1.4442564433968645,0.3740047975970659,4.673863274216965e-12,112,6,2026-04-30
BSX/WMB,BSX,WMB,low_vol_specialist,7052.862073924711,0.4590054959492754,0.3740047975970659,0.9999999999994146,152,6,2026-04-30
FSLR/RSG,FSLR,RSG,low_vol_specialist,36642.85087706543,1.1235987966640313,0.3740047975970659,0.9999999923869267,116,6,2026-04-30
CDNS/PTC,CDNS,PTC,low_vol_specialist,-4000.500000000029,-0.27510483870668,0.3740047975970659,5.7446343121384506e-12,108,6,2026-04-30
AME/WMT,AME,WMT,low_vol_specialist,-642.8705178645123,-0.049396963162355166,0.3740047975970659,0.0006696267735119381,130,6,2026-04-30
AON/GEN,AON,GEN,low_vol_specialist,6428.480629009307,0.4307754963635868,0.3740047975970659,0.9999998590384225,126,6,2026-04-30
HAS/YUM,HAS,YUM,flash_hold,14589.02925646312,1.9882858421027434,0.3627156738499905,1.0,152,6,2026-04-30
TXT/YUM,TXT,YUM,flash_hold,3653.444745939585,0.556209624964857,0.3627156738499905,0.9999999999998802,156,6,2026-04-30
CSCO/PAYC,CSCO,PAYC,flash_hold,7055.427276659669,0.6548952545152119,0.3627156738499905,0.9999999999999992,162,6,2026-04-30
HAS/PFE,HAS,PFE,flash_hold,8586.003636442358,0.8100329131699784,0.3627156738499905,0.9999999998895706,184,6,2026-04-30
EXR/WY,EXR,WY,flash_hold,4815.443389949878,0.7839420906785132,0.3627156738499905,1.0,180,6,2026-04-30
EVRG/PCG,EVRG,PCG,flash_hold,-11896.44997009124,-1.6225387431758291,0.3627156738499905,7.632469166763158e-26,204,6,2026-04-30
ATO/PCG,ATO,PCG,flash_hold,1652.856029508041,0.24738429310029483,0.3627156738499905,0.9990252183003657,198,6,2026-04-30
CINF/FMC,CINF,FMC,flash_hold,18184.8590629364,0.8750616333532272,0.3627156738499905,0.9997409648510795,194,6,2026-04-30
HRL/MKC,HRL,MKC,flash_hold,-382.7250958091233,-0.05181524537157395,0.3627156738499905,0.0015403000362768202,160,6,2026-04-30
AKAM/KEYS,AKAM,KEYS,flash_hold,-7840.619999999951,-0.6832164216134599,0.3627156738499905,4.951260097365214e-14,136,6,2026-04-30
BSX/WMB,BSX,WMB,flash_hold,2255.481352932936,0.2489729922189376,0.3627156738499905,0.9990898913453234,198,6,2026-04-30
FSLR/RSG,FSLR,RSG,flash_hold,16965.51418004037,1.2154887047353125,0.3627156738499905,1.0,140,6,2026-04-30
CDNS/PTC,CDNS,PTC,flash_hold,-5302.129999999988,-0.5703341582736824,0.3627156738499905,2.388421602207507e-13,156,6,2026-04-30
AME/WMT,AME,WMT,flash_hold,-1877.077511684862,-0.2356041566291787,0.3627156738499905,6.216151161584695e-17,170,6,2026-04-30
AON/GEN,AON,GEN,flash_hold,-1044.738000186497,-0.12117793231508897,0.3627156738499905,7.866260363068597e-07,164,6,2026-04-30
HAS/YUM,HAS,YUM,vol_adaptive,12135.07430463808,0.8641092466511465,0.2464761199596897,0.9999999426684355,82,6,2026-04-30
TXT/YUM,TXT,YUM,vol_adaptive,7321.336889271942,0.6986867428868503,0.2464761199596897,1.0,86,6,2026-04-30
CSCO/PAYC,CSCO,PAYC,vol_adaptive,2128.670565185733,0.1279712784510207,0.2464761199596897,0.7585440420316423,68,6,2026-04-30
HAS/PFE,HAS,PFE,vol_adaptive,-1396.698222374907,-0.07984386242147129,0.2464761199596897,6.804721330260868e-06,80,6,2026-04-30
EXR/WY,EXR,WY,vol_adaptive,14631.65577261394,1.1794493104312265,0.2464761199596897,1.0,84,6,2026-04-30
EVRG/PCG,EVRG,PCG,vol_adaptive,-4747.823077130703,-0.4815303552057555,0.2464761199596897,1.0861938410981483e-20,68,6,2026-04-30
ATO/PCG,ATO,PCG,vol_adaptive,-11161.97260805674,-1.061511140328997,0.2464761199596897,1.5815119047851678e-37,64,6,2026-04-30
CINF/FMC,CINF,FMC,vol_adaptive,7621.587890256283,0.32569611579899227,0.2464761199596897,0.9999996641098523,74,6,2026-04-30
HRL/MKC,HRL,MKC,vol_adaptive,-2152.47265894532,-0.17642720992432093,0.2464761199596897,6.909549437448263e-10,72,6,2026-04-30
AKAM/KEYS,AKAM,KEYS,vol_adaptive,-8145.039999999988,-0.47627160194821855,0.2464761199596897,1.9938005138855827e-10,74,6,2026-04-30
BSX/WMB,BSX,WMB,vol_adaptive,-2723.813525155992,-0.1721916341570474,0.2464761199596897,1.13624427667101e-12,90,6,2026-04-30
FSLR/RSG,FSLR,RSG,vol_adaptive,26831.45129849915,0.8971866226161409,0.2464761199596897,0.9999992476998589,82,6,2026-04-30
CDNS/PTC,CDNS,PTC,vol_adaptive,2485.369999999983,0.18911955462039337,0.2464761199596897,0.9811794076605482,92,6,2026-04-30
AME/WMT,AME,WMT,vol_adaptive,7823.135252928496,0.6735800583865525,0.2464761199596897,0.9999998946542081,76,6,2026-04-30
AON/GEN,AON,GEN,vol_adaptive,-2467.996463738697,-0.16357626773478273,0.2464761199596897,2.7466845836215057e-08,70,6,2026-04-30
HAS/YUM,HAS,YUM,medium_signal_high_leverage,22117.7451559492,1.1928025696186833,0.1890354647714761,0.9999999999999998,64,6,2026-04-30
TXT/YUM,TXT,YUM,medium_signal_high_leverage,13941.18361360778,0.9102175586175606,0.1890354647714761,1.0,68,6,2026-04-30
CSCO/PAYC,CSCO,PAYC,medium_signal_high_leverage,5159.686551148858,0.22170110210110516,0.1890354647714761,0.9914330238899829,58,6,2026-04-30
HAS/PFE,HAS,PFE,medium_signal_high_leverage,5733.846348895975,0.22384606672939772,0.1890354647714761,0.9694056583547394,72,6,2026-04-30
EXR/WY,EXR,WY,medium_signal_high_leverage,1313.608105487762,0.07322779327717277,0.1890354647714761,0.3111246699950046,66,6,2026-04-30
EVRG/PCG,EVRG,PCG,medium_signal_high_leverage,-24651.14845348362,-1.4726981744757037,0.1890354647714761,1.0852257646294234e-31,56,6,2026-04-30
ATO/PCG,ATO,PCG,medium_signal_high_leverage,-9513.335775522475,-0.5356425669022561,0.1890354647714761,1.5427988077241443e-27,54,6,2026-04-30
CINF/FMC,CINF,FMC,medium_signal_high_leverage,3862.559869969526,0.10549805517633999,0.1890354647714761,0.6242679869790396,70,6,2026-04-30
HRL/MKC,HRL,MKC,medium_signal_high_leverage,-3908.36989345081,-0.2116593782152319,0.1890354647714761,9.284964008029485e-12,58,6,2026-04-30
AKAM/KEYS,AKAM,KEYS,medium_signal_high_leverage,-3546.839999999943,-0.17339530653758706,0.1890354647714761,2.9174040246839423e-08,54,6,2026-04-30
BSX/WMB,BSX,WMB,medium_signal_high_leverage,-1292.561922468794,-0.05369523265931305,0.1890354647714761,0.00018049518642925742,78,6,2026-04-30
FSLR/RSG,FSLR,RSG,medium_signal_high_leverage,41412.46678804252,0.9170336045721659,0.1890354647714761,0.9999991882053527,80,6,2026-04-30
CDNS/PTC,CDNS,PTC,medium_signal_high_leverage,-2067.39000000001,-0.11133730630935418,0.1890354647714761,2.0982675923121297e-05,64,6,2026-04-30
AME/WMT,AME,WMT,medium_signal_high_leverage,-3149.753420907535,-0.1630317173080115,0.1890354647714761,3.329730438283029e-10,68,6,2026-04-30
AON/GEN,AON,GEN,medium_signal_high_leverage,2384.776787281752,0.10733107219292434,0.1890354647714761,0.6079518529035639,60,6,2026-04-30
HAS/YUM,HAS,YUM,long_z_short_v,-3427.198756907991,-0.41885765987402546,0.0654396889661379,1.227479166329102e-19,54,6,2026-04-30
TXT/YUM,TXT,YUM,long_z_short_v,152.8031167740501,0.016244312913532923,0.0654396889661379,0.04415528832963524,56,6,2026-04-30
CSCO/PAYC,CSCO,PAYC,long_z_short_v,9609.21470891075,0.8571301099514029,0.0654396889661379,0.9999999999999963,58,6,2026-04-30
HAS/PFE,HAS,PFE,long_z_short_v,9003.118609377643,0.6664129781363711,0.0654396889661379,0.9999999999515696,46,6,2026-04-30
EXR/WY,EXR,WY,long_z_short_v,6876.066919574042,0.7690570169626638,0.0654396889661379,1.0,50,6,2026-04-30
EVRG/PCG,EVRG,PCG,long_z_short_v,-16457.37652960919,-1.484044360814898,0.0654396889661379,7.93391794544254e-30,48,6,2026-04-30
ATO/PCG,ATO,PCG,long_z_short_v,-9117.973139873184,-0.7580223073369463,0.0654396889661379,1.313725289905327e-31,42,6,2026-04-30
CINF/FMC,CINF,FMC,long_z_short_v,32236.92347850795,1.3884747588298758,0.0654396889661379,0.999999909263352,62,6,2026-04-30
HRL/MKC,HRL,MKC,long_z_short_v,-4881.658581016478,-0.503166543846364,0.0654396889661379,5.596594821120228e-20,42,6,2026-04-30
AKAM/KEYS,AKAM,KEYS,long_z_short_v,-3064.310000000009,-0.23719824376590454,0.0654396889661379,1.1108793698684866e-08,42,6,2026-04-30
BSX/WMB,BSX,WMB,long_z_short_v,5488.05037765253,0.4781115426131457,0.0654396889661379,0.9999820405490966,56,6,2026-04-30
FSLR/RSG,FSLR,RSG,long_z_short_v,2488.299920978375,0.11374787309317708,0.0654396889661379,0.6108466781123219,44,6,2026-04-30
CDNS/PTC,CDNS,PTC,long_z_short_v,7533.719999999985,0.6745286466918851,0.0654396889661379,0.9999999999995837,54,6,2026-04-30
AME/WMT,AME,WMT,long_z_short_v,5795.496280416557,0.5797771010866611,0.0654396889661379,0.9999999818419103,56,6,2026-04-30
AON/GEN,AON,GEN,long_z_short_v,-5889.719774551051,-0.45939347015570586,0.0654396889661379,1.4034636914931305e-15,50,6,2026-04-30
HAS/YUM,HAS,YUM,fast_signal,-3618.770400794416,-0.2841112075923338,-0.081140154538393,2.8392140489377147e-15,82,6,2026-04-30
TXT/YUM,TXT,YUM,fast_signal,2466.161377467054,0.24025694763917144,-0.081140154538393,0.9946170143080385,82,6,2026-04-30
CSCO/PAYC,CSCO,PAYC,fast_signal,11514.34552026096,0.7501902667238058,-0.081140154538393,0.9999999999955447,80,6,2026-04-30
HAS/PFE,HAS,PFE,fast_signal,13360.11280297135,0.7535641496093582,-0.081140154538393,0.9999999997899834,76,6,2026-04-30
EXR/WY,EXR,WY,fast_signal,-1026.154849961928,-0.09080184620620108,-0.081140154538393,2.673638056872372e-05,100,6,2026-04-30
EVRG/PCG,EVRG,PCG,fast_signal,-1829.820288691658,-0.18079413054052448,-0.081140154538393,5.50036247467838e-09,90,6,2026-04-30
ATO/PCG,ATO,PCG,fast_signal,5375.801832825725,0.49049593067425507,-0.081140154538393,0.9999999996676919,90,6,2026-04-30
CINF/FMC,CINF,FMC,fast_signal,6923.181409956889,0.3416133015809671,-0.081140154538393,0.9999999699889972,98,6,2026-04-30
HRL/MKC,HRL,MKC,fast_signal,-16863.34166552517,-1.6160398409278256,-0.081140154538393,9.765828964880776e-19,82,6,2026-04-30
AKAM/KEYS,AKAM,KEYS,fast_signal,-19334.41,-1.1502616968096857,-0.081140154538393,4.626159093660204e-08,78,6,2026-04-30
BSX/WMB,BSX,WMB,fast_signal,-1280.937257747114,-0.09296250583252805,-0.081140154538393,2.0819250244636707e-05,100,6,2026-04-30
FSLR/RSG,FSLR,RSG,fast_signal,26708.59673487303,0.9608400502682135,-0.081140154538393,0.9999810513151467,76,6,2026-04-30
CDNS/PTC,CDNS,PTC,fast_signal,884.2100000000255,0.07833554819350831,-0.081140154538393,0.355812348280114,82,6,2026-04-30
AME/WMT,AME,WMT,fast_signal,2735.102414818524,0.2975418069986533,-0.081140154538393,0.9999659728211976,90,6,2026-04-30
AON/GEN,AON,GEN,fast_signal,1355.260473072892,0.10547900210287187,-0.081140154538393,0.5864149600773865,92,6,2026-04-30
HAS/YUM,HAS,YUM,high_leverage,18482.67806593079,0.843568494271129,-0.1491259186206807,0.9999653048581431,58,6,2026-04-30
TXT/YUM,TXT,YUM,high_leverage,2944.445338862333,0.18932701645626956,-0.1491259186206807,0.9790408296399188,76,6,2026-04-30
CSCO/PAYC,CSCO,PAYC,high_leverage,-1236.029769855439,-0.05732009403507173,-0.1491259186206807,0.00041829113517010823,74,6,2026-04-30
HAS/PFE,HAS,PFE,high_leverage,-11373.94453802647,-0.4806299346213275,-0.1491259186206807,1.8732576741146493e-19,62,6,2026-04-30
EXR/WY,EXR,WY,high_leverage,4191.456607693704,0.23692932611112769,-0.1491259186206807,0.9997512443700305,72,6,2026-04-30
EVRG/PCG,EVRG,PCG,high_leverage,-23702.15701692058,-1.4239482773381231,-0.1491259186206807,2.172550422074917e-26,58,6,2026-04-30
ATO/PCG,ATO,PCG,high_leverage,-11152.25429236783,-0.6809436860643024,-0.1491259186206807,4.1186573516473796e-27,56,6,2026-04-30
CINF/FMC,CINF,FMC,high_leverage,2789.365755726976,0.0796541099269682,-0.1491259186206807,0.3540361896980915,64,6,2026-04-30
HRL/MKC,HRL,MKC,high_leverage,-284.0767816379721,-0.01842781401395521,-0.1491259186206807,0.005989982177142426,54,6,2026-04-30
AKAM/KEYS,AKAM,KEYS,high_leverage,-10437.91999999993,-0.5540575043402332,-0.1491259186206807,1.888137461214341e-13,54,6,2026-04-30
BSX/WMB,BSX,WMB,high_leverage,12043.08782062139,0.5510169495635314,-0.1491259186206807,0.9999999984788204,74,6,2026-04-30
FSLR/RSG,FSLR,RSG,high_leverage,35523.15562142988,0.8750202110529919,-0.1491259186206807,0.9999918908227908,76,6,2026-04-30
CDNS/PTC,CDNS,PTC,high_leverage,-4052.560000000076,-0.252726133551304,-0.1491259186206807,1.1170355838997164e-07,56,6,2026-04-30
AME/WMT,AME,WMT,high_leverage,-162.4210058079243,-0.01036679538150319,-0.1491259186206807,0.009566594854595248,58,6,2026-04-30
AON/GEN,AON,GEN,high_leverage,1553.717308042505,0.07671928885541192,-0.1491259186206807,0.35915287675041396,58,6,2026-04-30
HAS/YUM,HAS,YUM,default,13904.72307051976,0.9677774410592207,-0.1622665047922719,0.9999596054691892,60,6,2026-04-30
TXT/YUM,TXT,YUM,default,2214.993276204588,0.22997752857344914,-0.1622665047922719,0.9970452200674238,76,6,2026-04-30
CSCO/PAYC,CSCO,PAYC,default,5016.884298916773,0.3652920578919705,-0.1622665047922719,0.9999997909554972,72,6,2026-04-30
HAS/PFE,HAS,PFE,default,-9161.217326089416,-0.5803744189978295,-0.1622665047922719,6.4568167233852476e-18,68,6,2026-04-30
EXR/WY,EXR,WY,default,-771.0813813200857,-0.07051886865879367,-0.1622665047922719,0.000508055744104511,68,6,2026-04-30
EVRG/PCG,EVRG,PCG,default,-11059.19611366934,-1.1163091282649058,-0.1622665047922719,5.155846669338761e-17,66,6,2026-04-30
ATO/PCG,ATO,PCG,default,-5708.520798096775,-0.5936036039041522,-0.1622665047922719,2.1164824834937213e-20,64,6,2026-04-30
CINF/FMC,CINF,FMC,default,8810.341547086176,0.38493484578359927,-0.1622665047922719,0.9999999681196199,70,6,2026-04-30
HRL/MKC,HRL,MKC,default,-1895.513663911786,-0.20503385694120851,-0.1622665047922719,1.3110324178990605e-09,54,6,2026-04-30
AKAM/KEYS,AKAM,KEYS,default,-8717.32,-0.6981839438456174,-0.1622665047922719,4.2744598090307085e-13,60,6,2026-04-30
BSX/WMB,BSX,WMB,default,10935.02828474955,0.8202598400025762,-0.1622665047922719,0.9999999999077268,78,6,2026-04-30
FSLR/RSG,FSLR,RSG,default,21264.74781916691,0.7718453060642808,-0.1622665047922719,0.9999852751933439,76,6,2026-04-30
CDNS/PTC,CDNS,PTC,default,-2581.149999999992,-0.23773490886796822,-0.1622665047922719,1.6161538032349065e-07,58,6,2026-04-30
AME/WMT,AME,WMT,default,-2634.925862889605,-0.25958459400231304,-0.1622665047922719,9.43884876687903e-13,58,6,2026-04-30
AON/GEN,AON,GEN,default,2770.503924597954,0.21207331771848123,-0.1622665047922719,0.9806275237083578,64,6,2026-04-30
HAS/YUM,HAS,YUM,high_turnover,10438.9094257872,0.9005811885369929,-0.1685163752624447,1.0,108,6,2026-04-30
TXT/YUM,TXT,YUM,high_turnover,5191.892604273406,0.4312381811261658,-0.1685163752624447,0.9999972568117831,102,6,2026-04-30
CSCO/PAYC,CSCO,PAYC,high_turnover,-2478.518393168504,-0.15272281071622976,-0.1685163752624447,3.2423962069955704e-08,102,6,2026-04-30
HAS/PFE,HAS,PFE,high_turnover,2519.143119291546,0.1578774881241966,-0.1685163752624447,0.9290265865307547,102,6,2026-04-30
EXR/WY,EXR,WY,high_turnover,10519.50668987287,0.9893279208160696,-0.1685163752624447,1.0,110,6,2026-04-30
EVRG/PCG,EVRG,PCG,high_turnover,-6725.80725772465,-0.7672442405569253,-0.1685163752624447,1.1526232930314578e-19,88,6,2026-04-30
ATO/PCG,ATO,PCG,high_turnover,639.0650845644896,0.06928989306136403,-0.1685163752624447,0.30537321054881617,92,6,2026-04-30
CINF/FMC,CINF,FMC,high_turnover,18643.86282569847,0.748023233011302,-0.1685163752624447,0.9999999952702537,106,6,2026-04-30
HRL/MKC,HRL,MKC,high_turnover,-4127.542672793914,-0.3019829658734264,-0.1685163752624447,8.858267801992199e-07,98,6,2026-04-30
AKAM/KEYS,AKAM,KEYS,high_turnover,-22055.14999999999,-1.3604421996302403,-0.1685163752624447,2.570444851309316e-07,92,6,2026-04-30
BSX/WMB,BSX,WMB,high_turnover,5666.429717092042,0.31511303158430193,-0.1685163752624447,0.997587364234661,120,6,2026-04-30
FSLR/RSG,FSLR,RSG,high_turnover,27406.09603845162,1.0096419990380094,-0.1685163752624447,0.999990081178769,108,6,2026-04-30
CDNS/PTC,CDNS,PTC,high_turnover,-15272.58000000005,-0.939572452182305,-0.1685163752624447,1.5288525747239116e-07,98,6,2026-04-30
AME/WMT,AME,WMT,high_turnover,-7239.825455421987,-0.6597351839149992,-0.1685163752624447,7.641644903694585e-21,110,6,2026-04-30
AON/GEN,AON,GEN,high_turnover,-1656.823644272071,-0.14445571860462858,-0.1685163752624447,5.8113229453665085e-08,92,6,2026-04-30
HAS/YUM,HAS,YUM,slow_reentry,9584.087307685555,0.6808799292619288,-0.2470858092202088,0.9997122259921354,56,6,2026-04-30
TXT/YUM,TXT,YUM,slow_reentry,4309.738538060143,0.45364126269957944,-0.2470858092202088,0.9999999997164101,74,6,2026-04-30
CSCO/PAYC,CSCO,PAYC,slow_reentry,17295.77348563698,1.2874980836970376,-0.2470858092202088,0.9999999999947176,64,6,2026-04-30
HAS/PFE,HAS,PFE,slow_reentry,-10477.70282782335,-0.7191312976438438,-0.2470858092202088,2.6269259366999512e-12,54,6,2026-04-30
EXR/WY,EXR,WY,slow_reentry,-1393.913620713754,-0.13673941321484015,-0.2470858092202088,3.373972029989632e-05,62,6,2026-04-30
EVRG/PCG,EVRG,PCG,slow_reentry,-5121.921238926091,-0.586417829280624,-0.2470858092202088,8.355757463945995e-14,46,6,2026-04-30
ATO/PCG,ATO,PCG,slow_reentry,-3280.057841753654,-0.3813828287814077,-0.2470858092202088,1.8274376861653934e-19,52,6,2026-04-30
CINF/FMC,CINF,FMC,slow_reentry,-5351.25568328899,-0.33761533711803726,-0.2470858092202088,5.582904643955297e-09,52,6,2026-04-30
HRL/MKC,HRL,MKC,slow_reentry,-5376.266680198194,-0.5994787253087435,-0.2470858092202088,4.01889145272778e-15,50,6,2026-04-30
AKAM/KEYS,AKAM,KEYS,slow_reentry,-2348.169999999994,-0.15322051962582842,-0.2470858092202088,6.497823708272205e-05,52,6,2026-04-30
BSX/WMB,BSX,WMB,slow_reentry,13622.38046325617,1.108252197753384,-0.2470858092202088,0.9999999992909037,66,6,2026-04-30
FSLR/RSG,FSLR,RSG,slow_reentry,17060.91737968633,0.6382867470606645,-0.2470858092202088,0.9998887665101398,68,6,2026-04-30
CDNS/PTC,CDNS,PTC,slow_reentry,-1597.570000000026,-0.14687096323884283,-0.2470858092202088,8.845114498140514e-06,58,6,2026-04-30
AME/WMT,AME,WMT,slow_reentry,-2480.938873079142,-0.2424915521784226,-0.2470858092202088,2.738651080130026e-11,52,6,2026-04-30
AON/GEN,AON,GEN,slow_reentry,-5900.851590498451,-0.5375755983144109,-0.2470858092202088,1.5544119457988143e-20,50,6,2026-04-30
HAS/YUM,HAS,YUM,balanced_plus,8509.571421467277,0.7411725369612605,-0.2582880334464063,0.9999999999977092,70,6,2026-04-30
TXT/YUM,TXT,YUM,balanced_plus,-383.433031231245,-0.035580925441409096,-0.2582880334464063,0.001446275114483289,80,6,2026-04-30
CSCO/PAYC,CSCO,PAYC,balanced_plus,11591.73009090246,0.7803659155036183,-0.2582880334464063,0.999999999903942,66,6,2026-04-30
HAS/PFE,HAS,PFE,balanced_plus,-6270.785293755393,-0.38236094044296626,-0.2582880334464063,1.0635430924147239e-20,72,6,2026-04-30
EXR/WY,EXR,WY,balanced_plus,-131.1290092906618,-0.012900073152100474,-0.2582880334464063,0.008355102267051603,68,6,2026-04-30
EVRG/PCG,EVRG,PCG,balanced_plus,-9684.326973445146,-0.9723145542856645,-0.2582880334464063,1.7296621720640548e-18,66,6,2026-04-30
ATO/PCG,ATO,PCG,balanced_plus,-9908.826949284052,-0.9986655603649098,-0.2582880334464063,9.592841798524981e-31,68,6,2026-04-30
CINF/FMC,CINF,FMC,balanced_plus,2440.413059030019,0.10521061921167393,-0.2582880334464063,0.6211427742608441,68,6,2026-04-30
HRL/MKC,HRL,MKC,balanced_plus,-3499.175185313795,-0.33069903459333483,-0.2582880334464063,1.1974862198178192e-15,60,6,2026-04-30
AKAM/KEYS,AKAM,KEYS,balanced_plus,2118.750000000026,0.1714598287451813,-0.2582880334464063,0.9528939066067459,64,6,2026-04-30
BSX/WMB,BSX,WMB,balanced_plus,2981.488326405968,0.20182720543284915,-0.2582880334464063,0.9293277213929734,86,6,2026-04-30
FSLR/RSG,FSLR,RSG,balanced_plus,16272.03937732618,0.5744866836998092,-0.2582880334464063,0.9999294363804158,68,6,2026-04-30
CDNS/PTC,CDNS,PTC,balanced_plus,5332.019999999957,0.4664697034447929,-0.2582880334464063,0.9999999987992431,70,6,2026-04-30
AME/WMT,AME,WMT,balanced_plus,-8360.302910555956,-0.6942784686773696,-0.2582880334464063,8.389023226680829e-22,72,6,2026-04-30
AON/GEN,AON,GEN,balanced_plus,6329.405823480474,0.49598357959514916,-0.2582880334464063,0.9999999987948472,66,6,2026-04-30
HAS/YUM,HAS,YUM,quick_exit,10244.31177832323,0.7312202972580433,-0.2607834130625147,0.999870815566224,64,6,2026-04-30
TXT/YUM,TXT,YUM,quick_exit,5904.527642001531,0.7157061884271888,-0.2607834130625147,1.0,78,6,2026-04-30
CSCO/PAYC,CSCO,PAYC,quick_exit,7982.205521257317,0.6060923005593291,-0.2607834130625147,0.9999999998856562,68,6,2026-04-30
HAS/PFE,HAS,PFE,quick_exit,12423.44012881806,1.0495723093581248,-0.2607834130625147,0.9999999999999831,74,6,2026-04-30
EXR/WY,EXR,WY,quick_exit,3220.950371087785,0.3567073927117348,-0.2607834130625147,0.9999992537557607,68,6,2026-04-30
EVRG/PCG,EVRG,PCG,quick_exit,-10143.2254319057,-1.1670119616762413,-0.2607834130625147,6.968230494743555e-14,78,6,2026-04-30
ATO/PCG,ATO,PCG,quick_exit,-5690.33445418687,-0.6247234746141402,-0.2607834130625147,1.220339430561911e-16,76,6,2026-04-30
CINF/FMC,CINF,FMC,quick_exit,-5115.930986544759,-0.3793904996900493,-0.2607834130625147,8.137784054414773e-09,72,6,2026-04-30
HRL/MKC,HRL,MKC,quick_exit,-1568.473521915486,-0.19662071887307717,-0.2607834130625147,5.723274565740882e-08,50,6,2026-04-30
AKAM/KEYS,AKAM,KEYS,quick_exit,-11900.66999999998,-0.984969664833247,-0.2607834130625147,6.053775009836874e-15,60,6,2026-04-30
BSX/WMB,BSX,WMB,quick_exit,16228.78098323114,1.297738781422493,-0.2607834130625147,0.9999999999786975,82,6,2026-04-30
FSLR/RSG,FSLR,RSG,quick_exit,6377.615921527897,0.25047922150818613,-0.2607834130625147,0.9723996986217441,70,6,2026-04-30
CDNS/PTC,CDNS,PTC,quick_exit,-7149.050000000025,-0.6318430147891205,-0.2607834130625147,1.5934847602318741e-12,62,6,2026-04-30
AME/WMT,AME,WMT,quick_exit,-5169.080978269204,-0.7481006847488106,-0.2607834130625147,1.3742184559693624e-26,64,6,2026-04-30
AON/GEN,AON,GEN,quick_exit,2474.016140373693,0.20397906075401376,-0.2607834130625147,0.9903862693525495,70,6,2026-04-30
HAS/YUM,HAS,YUM,tight_stop,10856.23650722199,0.7786075489808066,-0.2928392086160865,0.9998952930122513,64,6,2026-04-30
TXT/YUM,TXT,YUM,tight_stop,3863.908764403104,0.46408451773682313,-0.2928392086160865,0.9999999999704696,80,6,2026-04-30
CSCO/PAYC,CSCO,PAYC,tight_stop,6034.481642059494,0.4720528596147024,-0.2928392086160865,0.9999999939302815,68,6,2026-04-30
HAS/PFE,HAS,PFE,tight_stop,4783.006523395879,0.33368115347634725,-0.2928392086160865,0.9939817306999494,76,6,2026-04-30
EXR/WY,EXR,WY,tight_stop,3630.784803637533,0.40533418891862144,-0.2928392086160865,0.9999997794623804,68,6,2026-04-30
EVRG/PCG,EVRG,PCG,tight_stop,-10239.26106449637,-1.162117652381174,-0.2928392086160865,1.3298418308846416e-14,80,6,2026-04-30
ATO/PCG,ATO,PCG,tight_stop,-4387.985379686717,-0.4795925173498792,-0.2928392086160865,5.34044316668429e-16,74,6,2026-04-30
CINF/FMC,CINF,FMC,tight_stop,-1763.895102163523,-0.12415449786329634,-0.2928392086160865,2.765301755735899e-05,72,6,2026-04-30
HRL/MKC,HRL,MKC,tight_stop,-1125.372540680641,-0.13947609661413587,-0.2928392086160865,1.362768628849887e-06,52,6,2026-04-30
AKAM/KEYS,AKAM,KEYS,tight_stop,-12257.25999999999,-1.1547140312143322,-0.2928392086160865,3.42137497302846e-19,60,6,2026-04-30
BSX/WMB,BSX,WMB,tight_stop,16443.01097068201,1.3084772321752691,-0.2928392086160865,0.9999999999866697,82,6,2026-04-30
FSLR/RSG,FSLR,RSG,tight_stop,6512.406517162794,0.25926375608420016,-0.2928392086160865,0.9746747453012674,70,6,2026-04-30
CDNS/PTC,CDNS,PTC,tight_stop,-5419.800000000013,-0.5044307601590188,-0.2928392086160865,1.4998258348669661e-10,60,6,2026-04-30
AME/WMT,AME,WMT,tight_stop,-3437.848475973455,-0.4870754087541754,-0.2928392086160865,2.079661655761304e-23,66,6,2026-04-30
AON/GEN,AON,GEN,tight_stop,2554.258051187103,0.2111769180110665,-0.2928392086160865,0.9932868060031588,70,6,2026-04-30
HAS/YUM,HAS,YUM,fast_signal_tight_stop,-9393.784716928263,-0.8739899047179455,-0.4562097936526528,1.6945823014193408e-08,70,6,2026-04-30
TXT/YUM,TXT,YUM,fast_signal_tight_stop,3458.542749198783,0.3825989041943944,-0.4562097936526528,0.9999608585347236,68,6,2026-04-30
CSCO/PAYC,CSCO,PAYC,fast_signal_tight_stop,1915.318569945467,0.13591956327939603,-0.4562097936526528,0.8249180388033779,70,6,2026-04-30
HAS/PFE,HAS,PFE,fast_signal_tight_stop,14485.6572566585,0.8716205580467156,-0.4562097936526528,0.9999999983160636,72,6,2026-04-30
EXR/WY,EXR,WY,fast_signal_tight_stop,1118.059832722901,0.12934435000197125,-0.4562097936526528,0.7929356168961577,90,6,2026-04-30
EVRG/PCG,EVRG,PCG,fast_signal_tight_stop,-3646.772000961991,-0.4122297752286261,-0.4562097936526528,2.3534937517101956e-18,80,6,2026-04-30
ATO/PCG,ATO,PCG,fast_signal_tight_stop,9178.086054108542,0.9186182657915836,-0.4562097936526528,0.9999999999997244,78,6,2026-04-30
CINF/FMC,CINF,FMC,fast_signal_tight_stop,2819.339081475582,0.16433785209391852,-0.4562097936526528,0.9383326213736657,80,6,2026-04-30
HRL/MKC,HRL,MKC,fast_signal_tight_stop,-16118.23966010948,-1.5343288399831325,-0.4562097936526528,4.350464471438445e-19,72,6,2026-04-30
AKAM/KEYS,AKAM,KEYS,fast_signal_tight_stop,-18284.35000000003,-1.309157043998075,-0.4562097936526528,6.890721708050694e-12,72,6,2026-04-30
BSX/WMB,BSX,WMB,fast_signal_tight_stop,-243.0296439642871,-0.019365253289284904,-0.4562097936526528,0.005567671315285995,80,6,2026-04-30
FSLR/RSG,FSLR,RSG,fast_signal_tight_stop,23862.61095726782,0.8919123221597065,-0.4562097936526528,0.9999672647241337,74,6,2026-04-30
CDNS/PTC,CDNS,PTC,fast_signal_tight_stop,-661.4599999999609,-0.06325276512415766,-0.4562097936526528,0.0006965033785730321,76,6,2026-04-30
AME/WMT,AME,WMT,fast_signal_tight_stop,-3514.951004308576,-0.3516632152291075,-0.4562097936526528,2.7653218409949764e-23,90,6,2026-04-30
AON/GEN,AON,GEN,fast_signal_tight_stop,1337.7702312681,0.13373597500670814,-0.4562097936526528,0.7984013361935165,74,6,2026-04-30
HAS/YUM,HAS,YUM,deep_entry_quick_exit,12016.54061370168,1.7856565967814033,-0.5241693544136559,1.0,28,6,2026-04-30
TXT/YUM,TXT,YUM,deep_entry_quick_exit,1764.277714903679,0.2343445197643026,-0.5241693544136559,0.9985321208722496,28,6,2026-04-30
CSCO/PAYC,CSCO,PAYC,deep_entry_quick_exit,-3786.300558541122,-0.30650880548661885,-0.5241693544136559,1.2007398026893542e-07,30,6,2026-04-30
HAS/PFE,HAS,PFE,deep_entry_quick_exit,12654.33158294118,1.4000324067908356,-0.5241693544136559,0.9999997869688836,30,6,2026-04-30
EXR/WY,EXR,WY,deep_entry_quick_exit,2485.480192049498,0.3886138392927703,-0.5241693544136559,0.9999999690104753,22,6,2026-04-30
EVRG/PCG,EVRG,PCG,deep_entry_quick_exit,-8258.1657378481,-1.0121666157032547,-0.5241693544136559,3.5709678087871654e-13,34,6,2026-04-30
ATO/PCG,ATO,PCG,deep_entry_quick_exit,-5852.996060997513,-0.8824520769291215,-0.5241693544136559,1.1004150317671734e-10,34,6,2026-04-30
CINF/FMC,CINF,FMC,deep_entry_quick_exit,-20742.45897059973,-1.9140291659221444,-0.5241693544136559,4.90821612871155e-22,40,6,2026-04-30
HRL/MKC,HRL,MKC,deep_entry_quick_exit,-2869.139064111634,-0.5930710018383736,-0.5241693544136559,1.2730135376106159e-08,18,6,2026-04-30
AKAM/KEYS,AKAM,KEYS,deep_entry_quick_exit,9000.679999999984,0.5987528257495603,-0.5241693544136559,0.9999988577710965,22,6,2026-04-30
BSX/WMB,BSX,WMB,deep_entry_quick_exit,145.2664688850323,0.02494258328683084,-0.5241693544136559,0.06613502962267559,32,6,2026-04-30
FSLR/RSG,FSLR,RSG,deep_entry_quick_exit,-10273.81734455166,-0.454000913816988,-0.5241693544136559,5.2549399334350254e-09,36,6,2026-04-30
CDNS/PTC,CDNS,PTC,deep_entry_quick_exit,13153.08999999998,1.229041978086191,-0.5241693544136559,0.9999996766470819,30,6,2026-04-30
AME/WMT,AME,WMT,deep_entry_quick_exit,8777.753727232075,1.140526812232855,-0.5241693544136559,0.9999999999999893,26,6,2026-04-30
AON/GEN,AON,GEN,deep_entry_quick_exit,1818.928355182707,0.1332139514215516,-0.5241693544136559,0.8185721077348014,32,6,2026-04-30
HAS/YUM,HAS,YUM,short_z_long_v,7814.038523242785,0.6592502000361433,-0.5887985640651765,0.9999956107504473,62,6,2026-04-30
TXT/YUM,TXT,YUM,short_z_long_v,-4872.834958382775,-0.46824155543165197,-0.5887985640651765,6.604695568299869e-19,70,6,2026-04-30
CSCO/PAYC,CSCO,PAYC,short_z_long_v,-247.5517489511957,-0.018557380296813395,-0.5887985640651765,0.006759199484929071,56,6,2026-04-30
HAS/PFE,HAS,PFE,short_z_long_v,1490.083196238701,0.10375930082502256,-0.5887985640651765,0.5934546453769444,62,6,2026-04-30
EXR/WY,EXR,WY,short_z_long_v,5571.221184134893,0.5648540162739523,-0.5887985640651765,0.9999999751155392,72,6,2026-04-30
EVRG/PCG,EVRG,PCG,short_z_long_v,901.5328540316154,0.08315007558630291,-0.5887985640651765,0.40839747906420226,74,6,2026-04-30
ATO/PCG,ATO,PCG,short_z_long_v,-10403.49608752523,-0.9955088378456513,-0.5887985640651765,1.0602167483884327e-24,84,6,2026-04-30
CINF/FMC,CINF,FMC,short_z_long_v,-18035.68995141082,-0.656628073530496,-0.5887985640651765,5.68957508849912e-06,72,6,2026-04-30
HRL/MKC,HRL,MKC,short_z_long_v,-5281.459488506428,-0.5807137372877582,-0.5887985640651765,7.114333038314855e-19,60,6,2026-04-30
AKAM/KEYS,AKAM,KEYS,short_z_long_v,-8518.000000000005,-0.4582297812579928,-0.5887985640651765,3.1998830880942394e-07,64,6,2026-04-30
BSX/WMB,BSX,WMB,short_z_long_v,681.7830539693132,0.05041366639936942,-0.5887985640651765,0.1687629625576656,90,6,2026-04-30
FSLR/RSG,FSLR,RSG,short_z_long_v,20866.32934913864,0.8105788938361793,-0.5887985640651765,0.99996537303062,80,6,2026-04-30
CDNS/PTC,CDNS,PTC,short_z_long_v,4111.450000000021,0.4415094883411284,-0.5887985640651765,0.9999997521938845,64,6,2026-04-30
AME/WMT,AME,WMT,short_z_long_v,-15591.82254981086,-1.4399857215710787,-0.5887985640651765,1.1031504889827393e-13,58,6,2026-04-30
AON/GEN,AON,GEN,short_z_long_v,14830.42327284383,1.2375901707028145,-0.5887985640651765,0.9999999999999566,70,6,2026-04-30
HAS/YUM,HAS,YUM,no_leverage,7000.344385046392,0.9730967513268752,-0.7457052487013273,0.9999604559483334,60,6,2026-04-30
TXT/YUM,TXT,YUM,no_leverage,1093.778975283006,0.22680339527388943,-0.7457052487013273,0.9964402060796212,76,6,2026-04-30
CSCO/PAYC,CSCO,PAYC,no_leverage,2473.256567647928,0.35966954781230803,-0.7457052487013273,0.999999700333113,72,6,2026-04-30
HAS/PFE,HAS,PFE,no_leverage,-4556.646479585452,-0.5758586391590823,-0.7457052487013273,7.541767593589032e-18,68,6,2026-04-30
EXR/WY,EXR,WY,no_leverage,-368.8540612933493,-0.067309197653912,-0.7457052487013273,0.0006057281197236549,68,6,2026-04-30
EVRG/PCG,EVRG,PCG,no_leverage,-5533.601807120445,-1.1153834768043596,-0.7457052487013273,4.680757108284248e-17,66,6,2026-04-30
ATO/PCG,ATO,PCG,no_leverage,-2818.792516728751,-0.5855522856720493,-0.7457052487013273,2.817887899028335e-20,64,6,2026-04-30
CINF/FMC,CINF,FMC,no_leverage,4423.860445024517,0.38586472353021933,-0.7457052487013273,0.9999999629305354,70,6,2026-04-30
HRL/MKC,HRL,MKC,no_leverage,-945.1656521156078,-0.20463593866952953,-0.7457052487013273,1.4367655533388314e-09,54,6,2026-04-30
AKAM/KEYS,AKAM,KEYS,no_leverage,-4338.44,-0.6940918439322158,-0.7457052487013273,5.879478934262799e-13,60,6,2026-04-30
BSX/WMB,BSX,WMB,no_leverage,5458.914572184792,0.8194232385855278,-0.7457052487013273,0.9999999999070489,78,6,2026-04-30
FSLR/RSG,FSLR,RSG,no_leverage,10605.10505495947,0.7682875235519868,-0.7457052487013273,0.9999827619814385,76,6,2026-04-30
CDNS/PTC,CDNS,PTC,no_leverage,-1276.360000000004,-0.23447223776768283,-0.7457052487013273,2.0095065412027942e-07,58,6,2026-04-30
AME/WMT,AME,WMT,no_leverage,-1317.589500035767,-0.25926651797049977,-0.7457052487013273,8.341346862283211e-13,58,6,2026-04-30
AON/GEN,AON,GEN,no_leverage,1405.49671067616,0.2147276240445116,-0.7457052487013273,0.9821254966504861,64,6,2026-04-30
HAS/YUM,HAS,YUM,high_entry,8936.081833253815,1.4511237500036331,-0.8415495547394354,0.9999999999999563,26,6,2026-04-30
TXT/YUM,TXT,YUM,high_entry,1842.71847942701,0.2717609441950007,-0.8415495547394354,0.9995115292859161,32,6,2026-04-30
CSCO/PAYC,CSCO,PAYC,high_entry,-4098.920861920692,-0.3310840055869641,-0.8415495547394354,1.1261052969813813e-07,28,6,2026-04-30
HAS/PFE,HAS,PFE,high_entry,14984.39894311061,1.5195060844441555,-0.8415495547394354,0.9999999990308451,40,6,2026-04-30
EXR/WY,EXR,WY,high_entry,1002.729007442515,0.1552167188989438,-0.8415495547394354,0.9319827944480414,30,6,2026-04-30
EVRG/PCG,EVRG,PCG,high_entry,-1649.547227845207,-0.18132684467830307,-0.8415495547394354,1.3799963276948273e-09,44,6,2026-04-30
ATO/PCG,ATO,PCG,high_entry,-11873.69260444396,-1.5813750760141203,-0.8415495547394354,1.3735186843872082e-13,46,6,2026-04-30
CINF/FMC,CINF,FMC,high_entry,-24537.47184943019,-2.098340321414978,-0.8415495547394354,5.386331457472383e-22,46,6,2026-04-30
HRL/MKC,HRL,MKC,high_entry,821.3603634484031,0.14106190328253007,-0.8415495547394354,0.7701684612170134,20,6,2026-04-30
AKAM/KEYS,AKAM,KEYS,high_entry,3907.289999999989,0.37193970903103873,-0.8415495547394354,0.9999541875349011,32,6,2026-04-30
BSX/WMB,BSX,WMB,high_entry,1174.002748372303,0.19967631539356814,-0.8415495547394354,0.9705593480839585,30,6,2026-04-30
FSLR/RSG,FSLR,RSG,high_entry,-2534.204622113781,-0.11520088805814502,-0.8415495547394354,1.4303126338000989e-09,34,6,2026-04-30
CDNS/PTC,CDNS,PTC,high_entry,6596.299999999981,0.730615359676828,-0.8415495547394354,0.9999999469258404,30,6,2026-04-30
AME/WMT,AME,WMT,high_entry,1002.344873528136,0.17582288373575763,-0.8415495547394354,0.9743201000936027,26,6,2026-04-30
AON/GEN,AON,GEN,high_entry,1922.212631050482,0.17349376581080375,-0.8415495547394354,0.9274150813624216,38,6,2026-04-30
HAS/YUM,HAS,YUM,high_vol_specialist,15417.65965533564,1.5869768486993163,-0.900780200252882,0.9999999999999998,46,6,2026-04-30
TXT/YUM,TXT,YUM,high_vol_specialist,2231.603542024018,0.20649290270129048,-0.900780200252882,0.989014461736803,46,6,2026-04-30
CSCO/PAYC,CSCO,PAYC,high_vol_specialist,-3861.13109758743,-0.3022595165725973,-0.900780200252882,1.6186861807513232e-08,38,6,2026-04-30
HAS/PFE,HAS,PFE,high_vol_specialist,17494.93551470621,1.245590819441617,-0.900780200252882,1.0,50,6,2026-04-30
EXR/WY,EXR,WY,high_vol_specialist,8267.096958366797,0.8690683896528695,-0.900780200252882,1.0,40,6,2026-04-30
EVRG/PCG,EVRG,PCG,high_vol_specialist,-15523.80882721968,-1.0666221090490395,-0.900780200252882,1.3191924476281694e-28,50,6,2026-04-30
ATO/PCG,ATO,PCG,high_vol_specialist,-4608.817727994081,-0.36435252212529873,-0.900780200252882,2.55260908796104e-24,54,6,2026-04-30
CINF/FMC,CINF,FMC,high_vol_specialist,-25124.59660717255,-1.3866105603990313,-0.900780200252882,2.4009923112270933e-27,50,6,2026-04-30
HRL/MKC,HRL,MKC,high_vol_specialist,3852.415988857811,0.5037584240297909,-0.900780200252882,0.9999999950274612,40,6,2026-04-30
AKAM/KEYS,AKAM,KEYS,high_vol_specialist,-16120.23999999998,-0.8353255288326971,-0.900780200252882,1.2453041841759767e-07,46,6,2026-04-30
BSX/WMB,BSX,WMB,high_vol_specialist,7339.719697020899,0.5555962054998083,-0.900780200252882,0.9999999999999996,56,6,2026-04-30
FSLR/RSG,FSLR,RSG,high_vol_specialist,-9937.97834016212,-0.4338930245979028,-0.900780200252882,7.386394850861067e-11,58,6,2026-04-30
CDNS/PTC,CDNS,PTC,high_vol_specialist,-1984.300000000032,-0.19737606298803434,-0.900780200252882,3.0177569042883497e-07,44,6,2026-04-30
AME/WMT,AME,WMT,high_vol_specialist,-9899.247853528263,-0.8608194594833868,-0.900780200252882,9.62387806555511e-17,42,6,2026-04-30
AON/GEN,AON,GEN,high_vol_specialist,11509.28588138571,0.8521551699655685,-0.900780200252882,0.9999999996416308,50,6,2026-04-30
HAS/YUM,HAS,YUM,slow_signal,6364.728783174223,0.8176894165993126,-0.9331090940513322,1.0,52,6,2026-04-30
TXT/YUM,TXT,YUM,slow_signal,1026.04050182103,0.11759252956713875,-0.9331090940513322,0.6751871373136132,50,6,2026-04-30
CSCO/PAYC,CSCO,PAYC,slow_signal,3896.546677623071,0.2564580154097522,-0.9331090940513322,0.999041336375735,42,6,2026-04-30
HAS/PFE,HAS,PFE,slow_signal,9798.382944967685,0.7161439753996998,-0.9331090940513322,0.9999999688842927,46,6,2026-04-30
EXR/WY,EXR,WY,slow_signal,10752.76146313859,1.2931114323131399,-0.9331090940513322,1.0,42,6,2026-04-30
EVRG/PCG,EVRG,PCG,slow_signal,-14547.03715507851,-1.2633808180109733,-0.9331090940513322,1.4297403003734445e-16,58,6,2026-04-30
ATO/PCG,ATO,PCG,slow_signal,-12486.1925092296,-1.1961667711608943,-0.9331090940513322,7.564081572113093e-29,56,6,2026-04-30
CINF/FMC,CINF,FMC,slow_signal,-11803.60083076703,-0.8602040406373324,-0.9331090940513322,1.5513156016717703e-13,52,6,2026-04-30
HRL/MKC,HRL,MKC,slow_signal,5493.851921141177,0.8239180944727195,-0.9331090940513322,0.9999999969545489,32,6,2026-04-30
AKAM/KEYS,AKAM,KEYS,slow_signal,-19227.40999999999,-0.958836912350608,-0.9331090940513322,1.515895798380468e-08,44,6,2026-04-30
BSX/WMB,BSX,WMB,slow_signal,6532.951643210605,0.63071710855912,-0.9331090940513322,0.9999999999999732,46,6,2026-04-30
FSLR/RSG,FSLR,RSG,slow_signal,-7598.164828751638,-0.34128666380774336,-0.9331090940513322,6.28601931235721e-12,54,6,2026-04-30
CDNS/PTC,CDNS,PTC,slow_signal,-3131.290000000039,-0.35368893332442436,-0.9331090940513322,4.2176272146007735e-08,44,6,2026-04-30
AME/WMT,AME,WMT,slow_signal,509.189997272686,0.04982140292090583,-0.9331090940513322,0.18547923226616325,40,6,2026-04-30
AON/GEN,AON,GEN,slow_signal,2794.080970007209,0.2186967165805492,-0.9331090940513322,0.9942106714024198,52,6,2026-04-30
HAS/YUM,HAS,YUM,deep_dislocation,20704.18427439342,1.653565029957786,-1.0587050390754384,0.9999999999895025,28,6,2026-04-30
TXT/YUM,TXT,YUM,deep_dislocation,442.2079128255027,0.039099136800502254,-1.0587050390754384,0.10915726100111911,28,6,2026-04-30
CSCO/PAYC,CSCO,PAYC,deep_dislocation,4177.041514623679,0.251306800507814,-1.0587050390754384,0.999797245297171,28,6,2026-04-30
HAS/PFE,HAS,PFE,deep_dislocation,5906.454416095261,0.3099119050569782,-1.0587050390754384,0.9672306106047727,28,6,2026-04-30
EXR/WY,EXR,WY,deep_dislocation,-163.5890919230842,-0.012541914328053867,-1.0587050390754384,0.009193305903480704,26,6,2026-04-30
EVRG/PCG,EVRG,PCG,deep_dislocation,-17229.58750715037,-1.0945343410088628,-1.0587050390754384,6.1556790361791915e-30,32,6,2026-04-30
ATO/PCG,ATO,PCG,deep_dislocation,-7713.720448170523,-0.48530683070230585,-1.0587050390754384,1.3926140512521845e-21,38,6,2026-04-30
CINF/FMC,CINF,FMC,deep_dislocation,-46721.27285872209,-2.1310246403695894,-1.0587050390754384,6.92507486808636e-37,52,6,2026-04-30
HRL/MKC,HRL,MKC,deep_dislocation,-1748.984901514308,-0.2312738116374591,-1.0587050390754384,1.3764491786322044e-08,16,6,2026-04-30
AKAM/KEYS,AKAM,KEYS,deep_dislocation,-699.5900000000547,-0.04190421202056365,-1.0587050390754384,0.0017715354464587537,20,6,2026-04-30
BSX/WMB,BSX,WMB,deep_dislocation,-2039.930909322716,-0.1440157262767213,-1.0587050390754384,2.029770863474797e-07,34,6,2026-04-30
FSLR/RSG,FSLR,RSG,deep_dislocation,-9532.416251976123,-0.28300322422714663,-1.0587050390754384,6.1554028612937266e-12,36,6,2026-04-30
CDNS/PTC,CDNS,PTC,deep_dislocation,18581.53999999999,1.1365741985650322,-1.0587050390754384,0.9999999178230989,30,6,2026-04-30
AME/WMT,AME,WMT,deep_dislocation,8792.20528306637,0.8679639079328019,-1.0587050390754384,0.9999999999993913,24,6,2026-04-30
AON/GEN,AON,GEN,deep_dislocation,-9878.791300542733,-0.6765366285056787,-1.0587050390754384,1.1971531684137885e-14,36,6,2026-04-30
HAS/YUM,HAS,YUM,symmetric_exit,13023.68455676063,1.4177800339447875,-1.1150385861918264,1.0,50,6,2026-04-30
TXT/YUM,TXT,YUM,symmetric_exit,6909.354670101106,0.8328948481596505,-1.1150385861918264,1.0,56,6,2026-04-30
CSCO/PAYC,CSCO,PAYC,symmetric_exit,-5425.332102151252,-0.42637246616405355,-1.1150385861918264,8.438828406640614e-09,48,6,2026-04-30
HAS/PFE,HAS,PFE,symmetric_exit,-10591.93246317684,-0.7043187387356037,-1.1150385861918264,6.643717060829939e-14,60,6,2026-04-30
EXR/WY,EXR,WY,symmetric_exit,281.5866227353442,0.03932773704763816,-1.1150385861918264,0.1055089067923991,58,6,2026-04-30
EVRG/PCG,EVRG,PCG,symmetric_exit,-2291.730744571175,-0.23454420374908974,-1.1150385861918264,6.485462547043823e-11,54,6,2026-04-30
ATO/PCG,ATO,PCG,symmetric_exit,-10423.36534543433,-1.2996226355246288,-1.1150385861918264,8.494926696124125e-18,64,6,2026-04-30
CINF/FMC,CINF,FMC,symmetric_exit,-12737.72839542038,-0.8588034722083405,-1.1150385861918264,2.573144725632595e-16,56,6,2026-04-30
HRL/MKC,HRL,MKC,symmetric_exit,-1005.8640850524,-0.12514575433596645,-1.1150385861918264,5.344332339689967e-06,40,6,2026-04-30
AKAM/KEYS,AKAM,KEYS,symmetric_exit,-12142.10999999998,-0.8189621218446361,-1.1150385861918264,9.337023505598834e-07,40,6,2026-04-30
BSX/WMB,BSX,WMB,symmetric_exit,6380.199439184445,0.735196497518827,-1.1150385861918264,0.9999999999997621,56,6,2026-04-30
FSLR/RSG,FSLR,RSG,symmetric_exit,11951.43851309824,0.49329077014710104,-1.1150385861918264,0.9976661352134234,52,6,2026-04-30
CDNS/PTC,CDNS,PTC,symmetric_exit,1615.529999999997,0.1649966770265447,-1.1150385861918264,0.9669379678636598,50,6,2026-04-30
AME/WMT,AME,WMT,symmetric_exit,-6755.944833457819,-0.7347180355868154,-1.1150385861918264,1.4539410226468329e-12,46,6,2026-04-30
AON/GEN,AON,GEN,symmetric_exit,-1164.71041873134,-0.09196257067811343,-1.1150385861918264,2.850942403559628e-05,56,6,2026-04-30
HAS/YUM,HAS,YUM,patient_hold,7399.136876662767,0.7765610654299504,-1.1436424424029858,0.9999998692427566,36,6,2026-04-30
TXT/YUM,TXT,YUM,patient_hold,-1965.41096928231,-0.21469165576371957,-1.1436424424029858,2.5406629936459836e-10,50,6,2026-04-30
CSCO/PAYC,CSCO,PAYC,patient_hold,-2526.701048780791,-0.13580197969880828,-1.1436424424029858,8.747296673184165e-12,38,6,2026-04-30
HAS/PFE,HAS,PFE,patient_hold,6720.766111095922,0.49423593600442645,-1.1436424424029858,0.9977070459200279,46,6,2026-04-30
EXR/WY,EXR,WY,patient_hold,5891.529163930038,0.6691695191606327,-1.1436424424029858,1.0,42,6,2026-04-30
EVRG/PCG,EVRG,PCG,patient_hold,-9723.252053944421,-0.8653193455187583,-1.1436424424029858,2.7070103187158556e-26,46,6,2026-04-30
ATO/PCG,ATO,PCG,patient_hold,-6729.13255439777,-0.6243050559557836,-1.1436424424029858,7.354311534092546e-27,50,6,2026-04-30
CINF/FMC,CINF,FMC,patient_hold,-2521.829962066843,-0.13308914104878522,-1.1436424424029858,0.0007334997932443773,40,6,2026-04-30
HRL/MKC,HRL,MKC,patient_hold,-1406.978258104903,-0.18543080922254995,-1.1436424424029858,1.6943030337746138e-09,38,6,2026-04-30
AKAM/KEYS,AKAM,KEYS,patient_hold,-12090.77,-0.9893801409371756,-1.1436424424029858,2.331326694095169e-13,40,6,2026-04-30
BSX/WMB,BSX,WMB,patient_hold,1797.087688804073,0.1672857516683564,-1.1436424424029858,0.9358220877518115,50,6,2026-04-30
FSLR/RSG,FSLR,RSG,patient_hold,-10439.81519442967,-0.5155653248542433,-1.1436424424029858,5.638601878424843e-07,42,6,2026-04-30
CDNS/PTC,CDNS,PTC,patient_hold,-1211.270000000035,-0.1341786773396974,-1.1436424424029858,2.613614584798328e-05,38,6,2026-04-30
AME/WMT,AME,WMT,patient_hold,-2067.102657190413,-0.21427626530992083,-1.1436424424029858,2.131560632143725e-10,46,6,2026-04-30
AON/GEN,AON,GEN,patient_hold,1138.062162346692,0.11261494507742523,-1.1436424424029858,0.6330655249490886,44,6,2026-04-30
HAS/YUM,HAS,YUM,conservative_no_leverage,7631.584196937631,1.6865803542744957,-1.3668858542494642,0.9999999999999577,38,6,2026-04-30
TXT/YUM,TXT,YUM,conservative_no_leverage,-941.6749674194193,-0.2284307292379202,-1.3668858542494642,2.146594610775137e-10,44,6,2026-04-30
CSCO/PAYC,CSCO,PAYC,conservative_no_leverage,5100.231736033259,0.8945581819490267,-1.3668858542494642,0.999999963139458,44,6,2026-04-30
HAS/PFE,HAS,PFE,conservative_no_leverage,7054.713371499454,0.8316763796829263,-1.3668858542494642,0.999996876190088,48,6,2026-04-30
EXR/WY,EXR,WY,conservative_no_leverage,3189.514043366145,0.6761100795380428,-1.3668858542494642,1.0,42,6,2026-04-30
EVRG/PCG,EVRG,PCG,conservative_no_leverage,-6546.584003992193,-1.1352529161424532,-1.3668858542494642,2.0074345922102392e-33,38,6,2026-04-30
ATO/PCG,ATO,PCG,conservative_no_leverage,-3532.68991444466,-0.6708023821449706,-1.3668858542494642,4.448873148486325e-26,42,6,2026-04-30
CINF/FMC,CINF,FMC,conservative_no_leverage,-9827.626545755904,-1.2167744855061136,-1.3668858542494642,1.0962112206727021e-19,42,6,2026-04-30
HRL/MKC,HRL,MKC,conservative_no_leverage,1946.501678414852,0.5306648782132798,-1.3668858542494642,0.9999977224492496,34,6,2026-04-30
AKAM/KEYS,AKAM,KEYS,conservative_no_leverage,-3296.419999999998,-0.5244583429443249,-1.3668858542494642,8.606277494966661e-13,34,6,2026-04-30
BSX/WMB,BSX,WMB,conservative_no_leverage,-831.232264241275,-0.15786247414147608,-1.3668858542494642,1.159669894584695e-07,42,6,2026-04-30
FSLR/RSG,FSLR,RSG,conservative_no_leverage,-5487.111738922934,-0.4780038166828596,-1.3668858542494642,4.599505267068462e-08,36,6,2026-04-30
CDNS/PTC,CDNS,PTC,conservative_no_leverage,-1787.770000000009,-0.3474784821249196,-1.3668858542494642,1.5518262438576544e-07,36,6,2026-04-30
AME/WMT,AME,WMT,conservative_no_leverage,551.5925201547348,0.12023139954176289,-1.3668858542494642,0.6959666902558882,38,6,2026-04-30
AON/GEN,AON,GEN,conservative_no_leverage,2940.311693864556,0.5591600213004044,-1.3668858542494642,0.9999659560767841,44,6,2026-04-30
HAS/YUM,HAS,YUM,conservative,3205.373841796107,1.1458883119567895,-2.1418918029736043,0.999999998379798,24,6,2026-04-30
TXT/YUM,TXT,YUM,conservative,977.1618818737882,0.38882612598135563,-2.1418918029736043,0.9999962852731025,28,6,2026-04-30
CSCO/PAYC,CSCO,PAYC,conservative,-2605.706247532971,-0.2902467692770315,-2.1418918029736043,2.723564581712785e-07,30,6,2026-04-30
HAS/PFE,HAS,PFE,conservative,6197.307928973432,1.2634481688316646,-2.1418918029736043,0.9999999935142992,42,6,2026-04-30
EXR/WY,EXR,WY,conservative,1269.093342533722,0.4445346295358024,-2.1418918029736043,0.9999996648406921,32,6,2026-04-30
EVRG/PCG,EVRG,PCG,conservative,-2271.424107757612,-0.7354202681295385,-2.1418918029736043,8.389553506047734e-08,40,6,2026-04-30
ATO/PCG,ATO,PCG,conservative,-2642.014347676025,-0.8599913386611612,-2.1418918029736043,2.1169165108677846e-09,44,6,2026-04-30
CINF/FMC,CINF,FMC,conservative,-5024.429380176803,-1.1172129092454022,-2.1418918029736043,2.0259087742078267e-14,38,6,2026-04-30
HRL/MKC,HRL,MKC,conservative,-2480.804238217951,-0.8700841666654356,-2.1418918029736043,1.9977516365506837e-07,24,6,2026-04-30
AKAM/KEYS,AKAM,KEYS,conservative,-4320.220000000004,-0.9979503959783169,-2.1418918029736043,1.877405796901295e-12,32,6,2026-04-30
BSX/WMB,BSX,WMB,conservative,2207.553904194745,0.7041189006750975,-2.1418918029736043,0.9999998805582833,32,6,2026-04-30
FSLR/RSG,FSLR,RSG,conservative,-6493.313670109394,-0.6393892751131157,-2.1418918029736043,5.552810410078221e-06,32,6,2026-04-30
CDNS/PTC,CDNS,PTC,conservative,1323.109999999986,0.3114582028194716,-2.1418918029736043,0.9999975273458585,34,6,2026-04-30
AME/WMT,AME,WMT,conservative,1711.323558462542,0.6407603074063852,-2.1418918029736043,0.9999983502840224,28,6,2026-04-30
AON/GEN,AON,GEN,conservative,607.0191696190923,0.22802861390209947,-2.1418918029736043,0.9728402623269436,32,6,2026-04-30
