pair_key,s1,s2,param_set,pair_pnl,pair_sharpe,run_sharpe,dsr_pvalue,n_trades,window_idx,train_end
HAS/YUM,HAS,YUM,deep_dislocation,15498.35798781179,1.9700015426446886,1.0674497031408792,0.9999999999999745,20,1,2025-11-06
CSCO/PAYC,CSCO,PAYC,deep_dislocation,3977.30658820209,0.3434905097455171,1.0674497031408792,0.9992271768588724,16,1,2025-11-06
UNP/VLTO,UNP,VLTO,deep_dislocation,1491.112930435098,0.19511550195498018,1.0674497031408792,0.9135152749922134,20,1,2025-11-06
CME/DE,CME,DE,deep_dislocation,4912.810894438349,0.5506489417312185,1.0674497031408792,0.9999976563429057,22,1,2025-11-06
EXR/WY,EXR,WY,deep_dislocation,-793.2233791127104,-0.11020596373642114,1.0674497031408792,5.4414845491261785e-05,12,1,2025-11-06
BSX/PFE,BSX,PFE,deep_dislocation,8476.88805524762,0.7056465520531477,1.0674497031408792,0.9999999825947529,30,1,2025-11-06
AIG/CFG,AIG,CFG,deep_dislocation,-8467.480023403466,-0.679736972760345,1.0674497031408792,9.061110820406037e-19,24,1,2025-11-06
AKAM/KEYS,AKAM,KEYS,deep_dislocation,11873.94999999998,1.1788610140066051,1.0674497031408792,0.9992916979610534,8,1,2025-11-06
TXT/YUM,TXT,YUM,deep_dislocation,-1083.187502336288,-0.11073819556205552,1.0674497031408792,3.055272484225081e-05,26,1,2025-11-06
BIIB/HCA,BIIB,HCA,deep_dislocation,3629.658987426023,0.3642272359673634,1.0674497031408792,0.9999015967144009,14,1,2025-11-06
RTX/SNA,RTX,SNA,deep_dislocation,948.2774021550667,0.18390707584923743,1.0674497031408792,0.8827288761092247,12,1,2025-11-06
ATO/PCG,ATO,PCG,deep_dislocation,-3541.938475651848,-0.281921079105905,1.0674497031408792,2.8575703628786723e-12,26,1,2025-11-06
AIG/L,AIG,L,deep_dislocation,3970.05309745134,0.7228080140951014,1.0674497031408792,0.9999999976239218,16,1,2025-11-06
AON/KKR,AON,KKR,deep_dislocation,7102.018982316539,0.689253811568842,1.0674497031408792,0.9999976442206859,16,1,2025-11-06
CDNS/PTC,CDNS,PTC,deep_dislocation,20217.53999999999,1.53114745698093,1.0674497031408792,0.9999908317386734,18,1,2025-11-06
HAS/YUM,HAS,YUM,deep_entry_quick_exit,11502.29948594147,2.5092717358742984,1.0399032618605313,0.9999999999403486,20,1,2025-11-06
CSCO/PAYC,CSCO,PAYC,deep_entry_quick_exit,4481.760502814092,0.6043345974869577,1.0399032618605313,0.9992900229688573,18,1,2025-11-06
UNP/VLTO,UNP,VLTO,deep_entry_quick_exit,2677.923153591723,0.5561586047873711,1.0399032618605313,0.999922799205246,18,1,2025-11-06
CME/DE,CME,DE,deep_entry_quick_exit,3250.455459131256,0.5496555301910094,1.0399032618605313,0.999997362443119,22,1,2025-11-06
EXR/WY,EXR,WY,deep_entry_quick_exit,2164.587949061652,0.5466501208809078,1.0399032618605313,0.9999994043754417,12,1,2025-11-06
BSX/PFE,BSX,PFE,deep_entry_quick_exit,4463.503987307993,0.46953210810629176,1.0399032618605313,0.9994483192365665,28,1,2025-11-06
AIG/CFG,AIG,CFG,deep_entry_quick_exit,2393.154111972288,0.32010037787141155,1.0399032618605313,0.9969541347234665,24,1,2025-11-06
AKAM/KEYS,AKAM,KEYS,deep_entry_quick_exit,5388.389999999984,0.9248737115000258,1.0399032618605313,0.9952018233493056,10,1,2025-11-06
TXT/YUM,TXT,YUM,deep_entry_quick_exit,663.273646739055,0.10108986454921742,1.0399032618605313,0.44197530827346954,26,1,2025-11-06
BIIB/HCA,BIIB,HCA,deep_entry_quick_exit,-39.12132746477391,-0.006077197195733071,1.0399032618605313,0.013715646325991824,18,1,2025-11-06
RTX/SNA,RTX,SNA,deep_entry_quick_exit,1348.740780446216,0.4166435962202377,1.0399032618605313,0.9985228727733119,14,1,2025-11-06
ATO/PCG,ATO,PCG,deep_entry_quick_exit,-3876.053730063585,-0.7337021912497547,1.0399032618605313,2.6991566442110974e-09,26,1,2025-11-06
AIG/L,AIG,L,deep_entry_quick_exit,830.1471421288065,0.24134436407833493,1.0399032618605313,0.9882123149044403,16,1,2025-11-06
AON/KKR,AON,KKR,deep_entry_quick_exit,2601.771895240937,0.4235520285226226,1.0399032618605313,0.9998486966347446,16,1,2025-11-06
CDNS/PTC,CDNS,PTC,deep_entry_quick_exit,14653.79999999999,1.665173832182271,1.0399032618605313,0.9999922639210505,20,1,2025-11-06
HAS/YUM,HAS,YUM,long_z_short_v,1846.002247163886,0.30330010468196167,1.0331755297821457,0.9995252966663021,42,1,2025-11-06
CSCO/PAYC,CSCO,PAYC,long_z_short_v,4304.257174627919,0.5918879020271166,1.0331755297821457,0.9999997101601442,38,1,2025-11-06
UNP/VLTO,UNP,VLTO,long_z_short_v,5078.955841479258,0.8781358425510458,1.0331755297821457,0.9999999999841868,46,1,2025-11-06
CME/DE,CME,DE,long_z_short_v,11416.94184527798,1.5379384668829383,1.0331755297821457,0.9999999995027855,38,1,2025-11-06
EXR/WY,EXR,WY,long_z_short_v,6213.44146410309,0.9063479178105525,1.0331755297821457,1.0,36,1,2025-11-06
BSX/PFE,BSX,PFE,long_z_short_v,14587.23721053616,1.385432013351218,1.0331755297821457,0.9999999969209363,32,1,2025-11-06
AIG/CFG,AIG,CFG,long_z_short_v,943.438029183139,0.12553442337256138,1.0331755297821457,0.6141491501953014,38,1,2025-11-06
AKAM/KEYS,AKAM,KEYS,long_z_short_v,9827.969999999967,1.270869801342902,1.0331755297821457,0.9999896471155163,24,1,2025-11-06
TXT/YUM,TXT,YUM,long_z_short_v,-4048.427971548941,-0.5552140066634276,1.0331755297821457,3.2723692288575293e-18,36,1,2025-11-06
BIIB/HCA,BIIB,HCA,long_z_short_v,2250.956008314247,0.30444326797296856,1.0331755297821457,0.9991764977414201,28,1,2025-11-06
RTX/SNA,RTX,SNA,long_z_short_v,8582.108570621387,1.5747950014942613,1.0331755297821457,0.9998514239894526,32,1,2025-11-06
ATO/PCG,ATO,PCG,long_z_short_v,-10599.79313352888,-1.114912049034516,1.0331755297821457,3.706025987055859e-25,30,1,2025-11-06
AIG/L,AIG,L,long_z_short_v,981.192224350089,0.2169433198525308,1.0331755297821457,0.9845210585167377,28,1,2025-11-06
AON/KKR,AON,KKR,long_z_short_v,2769.104389686569,0.22148186477638288,1.0331755297821457,0.994872222808767,36,1,2025-11-06
CDNS/PTC,CDNS,PTC,long_z_short_v,7095.989999999983,0.8290029757667163,1.0331755297821457,0.9999999972510603,30,1,2025-11-06
HAS/YUM,HAS,YUM,stable_signal_quick_exit,18736.63599252138,2.119217901170839,0.9678130619508324,0.9999999632080966,42,1,2025-11-06
CSCO/PAYC,CSCO,PAYC,stable_signal_quick_exit,7466.187894485288,0.7269231384133501,0.9678130619508324,0.9999995458031945,52,1,2025-11-06
UNP/VLTO,UNP,VLTO,stable_signal_quick_exit,1381.535502535867,0.2271851473569764,0.9678130619508324,0.9594205247876676,44,1,2025-11-06
CME/DE,CME,DE,stable_signal_quick_exit,11178.89575460193,1.4004726912276044,0.9678130619508324,0.9999999999990269,44,1,2025-11-06
EXR/WY,EXR,WY,stable_signal_quick_exit,2280.141542098277,0.34064998057119744,0.9678130619508324,0.9999869777142668,38,1,2025-11-06
BSX/PFE,BSX,PFE,stable_signal_quick_exit,6339.2209689925,0.6031270429180388,0.9678130619508324,0.9999913461742449,44,1,2025-11-06
AIG/CFG,AIG,CFG,stable_signal_quick_exit,-5806.996387945203,-0.7457762260332854,0.9678130619508324,8.36796188222803e-10,42,1,2025-11-06
AKAM/KEYS,AKAM,KEYS,stable_signal_quick_exit,5871.28000000001,0.5089751416768061,0.9678130619508324,0.9903644777124868,36,1,2025-11-06
TXT/YUM,TXT,YUM,stable_signal_quick_exit,6203.823488324755,0.860425428127217,0.9678130619508324,0.9999999999999749,40,1,2025-11-06
BIIB/HCA,BIIB,HCA,stable_signal_quick_exit,4699.003728925218,0.5276919184488713,0.9678130619508324,0.9999999990237193,44,1,2025-11-06
RTX/SNA,RTX,SNA,stable_signal_quick_exit,5108.762683110233,0.9696725081134416,0.9678130619508324,0.999999999999739,36,1,2025-11-06
ATO/PCG,ATO,PCG,stable_signal_quick_exit,-1669.55003034184,-0.2578377140472979,0.9678130619508324,2.88389581934489e-15,32,1,2025-11-06
AIG/L,AIG,L,stable_signal_quick_exit,-715.5658004555996,-0.13521762421844027,0.9678130619508324,0.00017401250788166665,44,1,2025-11-06
AON/KKR,AON,KKR,stable_signal_quick_exit,823.0868116185256,0.08365012994054159,0.9678130619508324,0.3066804069474229,38,1,2025-11-06
CDNS/PTC,CDNS,PTC,stable_signal_quick_exit,-2058.730000000032,-0.22790544512273408,0.9678130619508324,3.387031593791712e-06,44,1,2025-11-06
HAS/YUM,HAS,YUM,vol_adaptive,9021.09760748927,0.8857395446691281,0.8529768806383741,0.9999120157642674,58,1,2025-11-06
CSCO/PAYC,CSCO,PAYC,vol_adaptive,1926.489657857182,0.1771309369984586,0.8529768806383741,0.8916210527026988,44,1,2025-11-06
UNP/VLTO,UNP,VLTO,vol_adaptive,1146.107799156546,0.18263233360572406,0.8529768806383741,0.886595373401307,60,1,2025-11-06
CME/DE,CME,DE,vol_adaptive,6277.004669606777,0.7183885933632319,0.8529768806383741,0.9999999999995535,56,1,2025-11-06
EXR/WY,EXR,WY,vol_adaptive,9756.930586146686,1.1378619234837966,0.8529768806383741,0.9999999993605988,48,1,2025-11-06
BSX/PFE,BSX,PFE,vol_adaptive,1708.891820861781,0.16190542193591634,0.8529768806383741,0.8540543141649626,54,1,2025-11-06
AIG/CFG,AIG,CFG,vol_adaptive,6837.606429734939,0.853853915794473,0.8529768806383741,0.9999999999999992,54,1,2025-11-06
AKAM/KEYS,AKAM,KEYS,vol_adaptive,12819.06000000001,1.55480581310841,0.8529768806383741,0.9999997867056126,46,1,2025-11-06
TXT/YUM,TXT,YUM,vol_adaptive,2349.063153433841,0.3150059653956805,0.8529768806383741,0.999528466377069,56,1,2025-11-06
BIIB/HCA,BIIB,HCA,vol_adaptive,5122.120068536775,0.4970710520032723,0.8529768806383741,0.9999999885404779,70,1,2025-11-06
RTX/SNA,RTX,SNA,vol_adaptive,2435.768654365905,0.3877061640472812,0.8529768806383741,0.9999962835502915,44,1,2025-11-06
ATO/PCG,ATO,PCG,vol_adaptive,-5969.844620799669,-0.7695182030791611,0.8529768806383741,6.0279392486631725e-27,50,1,2025-11-06
AIG/L,AIG,L,vol_adaptive,351.8921786093017,0.0615467747631831,0.8529768806383741,0.1675757788555482,50,1,2025-11-06
AON/KKR,AON,KKR,vol_adaptive,2255.602923834213,0.18596021924401532,0.8529768806383741,0.9448727743512539,60,1,2025-11-06
CDNS/PTC,CDNS,PTC,vol_adaptive,771.8299999999963,0.07845300640779711,0.8529768806383741,0.2740173239969541,64,1,2025-11-06
HAS/YUM,HAS,YUM,vol_gated,8866.922837501334,0.7934437437466885,0.8464108852804522,0.9999924866659052,58,1,2025-11-06
CSCO/PAYC,CSCO,PAYC,vol_gated,-210.3819240031571,-0.019673511392316236,0.8464108852804522,0.007433316513891771,40,1,2025-11-06
UNP/VLTO,UNP,VLTO,vol_gated,1141.34568355803,0.1818470959545011,0.8464108852804522,0.8840544737552047,60,1,2025-11-06
CME/DE,CME,DE,vol_gated,6255.461971532973,0.7469420953008938,0.8464108852804522,0.9999999999962415,54,1,2025-11-06
EXR/WY,EXR,WY,vol_gated,6782.696638464988,0.7840539987989926,0.8464108852804522,0.9999999992796302,46,1,2025-11-06
BSX/PFE,BSX,PFE,vol_gated,2059.652126132879,0.19551776723233766,0.8464108852804522,0.953682205964023,52,1,2025-11-06
AIG/CFG,AIG,CFG,vol_gated,4010.611334446888,0.535298683672938,0.8464108852804522,0.999999998323214,52,1,2025-11-06
AKAM/KEYS,AKAM,KEYS,vol_gated,13838.68,1.6970352911310318,0.8464108852804522,0.9999995561931666,44,1,2025-11-06
TXT/YUM,TXT,YUM,vol_gated,2449.578451283119,0.3361833677810869,0.8464108852804522,0.9997890243647869,54,1,2025-11-06
BIIB/HCA,BIIB,HCA,vol_gated,5111.138265317377,0.4968053450303826,0.8464108852804522,0.999999988488315,70,1,2025-11-06
RTX/SNA,RTX,SNA,vol_gated,3599.991828258905,0.5879758911908961,0.8464108852804522,0.9999999290650344,42,1,2025-11-06
ATO/PCG,ATO,PCG,vol_gated,-5521.079304818863,-0.7122036502784151,0.8464108852804522,2.785440311852125e-27,48,1,2025-11-06
AIG/L,AIG,L,vol_gated,1485.300779740634,0.27239927775447853,0.8464108852804522,0.9995471224021704,52,1,2025-11-06
AON/KKR,AON,KKR,vol_gated,3998.000706673563,0.347470256174175,0.8464108852804522,0.9999976318862832,52,1,2025-11-06
CDNS/PTC,CDNS,PTC,vol_gated,1856.919999999995,0.19125156984462188,0.8464108852804522,0.9509239838438766,64,1,2025-11-06
HAS/YUM,HAS,YUM,aggressive,30567.02640999322,1.7096267944941044,0.5642055619704675,0.9999998250457001,76,1,2025-11-06
CSCO/PAYC,CSCO,PAYC,aggressive,892.8977521977971,0.04899633416530104,0.5642055619704675,0.12352495816787978,72,1,2025-11-06
UNP/VLTO,UNP,VLTO,aggressive,-5570.422779772384,-0.49456734602831676,0.5642055619704675,4.924592345828141e-23,72,1,2025-11-06
CME/DE,CME,DE,aggressive,10951.65833166735,0.748712924616754,0.5642055619704675,0.9999999999999986,70,1,2025-11-06
EXR/WY,EXR,WY,aggressive,2799.765723676435,0.18955468512490892,0.5642055619704675,0.943123714986989,72,1,2025-11-06
BSX/PFE,BSX,PFE,aggressive,12957.74692973303,0.6188935959641123,0.5642055619704675,0.9999999999984983,80,1,2025-11-06
AIG/CFG,AIG,CFG,aggressive,-5072.116500990859,-0.3194269505448333,0.5642055619704675,8.855831698493122e-13,88,1,2025-11-06
AKAM/KEYS,AKAM,KEYS,aggressive,17573.49000000002,1.187498355041506,0.5642055619704675,0.9999999999457407,58,1,2025-11-06
TXT/YUM,TXT,YUM,aggressive,-1259.709800652325,-0.08489138138166105,0.5642055619704675,8.35689292208008e-05,86,1,2025-11-06
BIIB/HCA,BIIB,HCA,aggressive,17180.5260945236,0.9778165371002754,0.5642055619704675,1.0,92,1,2025-11-06
RTX/SNA,RTX,SNA,aggressive,851.4773190796134,0.06251980662039164,0.5642055619704675,0.21071028952401144,80,1,2025-11-06
ATO/PCG,ATO,PCG,aggressive,-14332.17567158631,-0.9031098370941606,0.5642055619704675,1.7903195868959055e-24,66,1,2025-11-06
AIG/L,AIG,L,aggressive,3693.289129850728,0.3691463536154252,0.5642055619704675,0.9999997345632233,78,1,2025-11-06
AON/KKR,AON,KKR,aggressive,-3235.310050194887,-0.1581871546956191,0.5642055619704675,1.6139257431093359e-06,72,1,2025-11-06
CDNS/PTC,CDNS,PTC,aggressive,-5719.229999999965,-0.3477049058436006,0.5642055619704675,6.969892839542253e-10,76,1,2025-11-06
HAS/YUM,HAS,YUM,static_threshold,9535.53417825545,0.9522668077986229,0.495731592208136,1.0,70,1,2025-11-06
CSCO/PAYC,CSCO,PAYC,static_threshold,8401.846152395992,0.7328026902962864,0.495731592208136,0.9999999957677951,74,1,2025-11-06
UNP/VLTO,UNP,VLTO,static_threshold,8468.39406295606,1.050370646698338,0.495731592208136,0.9999999999753574,78,1,2025-11-06
CME/DE,CME,DE,static_threshold,20213.11227189731,1.52734022883897,0.495731592208136,0.999999999999894,104,1,2025-11-06
EXR/WY,EXR,WY,static_threshold,3799.310977128061,0.44543802222323453,0.495731592208136,0.999999999444833,58,1,2025-11-06
BSX/PFE,BSX,PFE,static_threshold,7667.157186734834,0.592537427990793,0.495731592208136,0.9999999861980567,70,1,2025-11-06
AIG/CFG,AIG,CFG,static_threshold,-2917.064923986213,-0.2945313782475655,0.495731592208136,1.157420004843591e-13,70,1,2025-11-06
AKAM/KEYS,AKAM,KEYS,static_threshold,-9730.429999999977,-0.7303541383871027,0.495731592208136,1.7510645721172626e-08,62,1,2025-11-06
TXT/YUM,TXT,YUM,static_threshold,3725.709621267211,0.3545297993207003,0.495731592208136,0.9999764269309634,76,1,2025-11-06
BIIB/HCA,BIIB,HCA,static_threshold,4068.632893879759,0.37751024170378006,0.495731592208136,0.9999997017639094,82,1,2025-11-06
RTX/SNA,RTX,SNA,static_threshold,10686.26898123117,0.9856634801150134,0.495731592208136,0.9999884325554813,76,1,2025-11-06
ATO/PCG,ATO,PCG,static_threshold,-11163.15490245635,-1.0429863507248966,0.495731592208136,1.0461832451689797e-24,76,1,2025-11-06
AIG/L,AIG,L,static_threshold,-289.9143635539929,-0.05452121331876752,0.495731592208136,0.0005800496079419288,76,1,2025-11-06
AON/KKR,AON,KKR,static_threshold,-6292.116039315724,-0.39477644950101987,0.495731592208136,3.4553691893295227e-10,78,1,2025-11-06
CDNS/PTC,CDNS,PTC,static_threshold,2001.16999999999,0.21794309710257062,0.495731592208136,0.9888146233850303,58,1,2025-11-06
HAS/YUM,HAS,YUM,vol_agnostic,8525.434161521795,0.579636172914868,0.4557365888604038,0.9999991253855414,76,1,2025-11-06
CSCO/PAYC,CSCO,PAYC,vol_agnostic,9274.2425725084,0.7962418460808852,0.4557365888604038,0.9999999997547998,74,1,2025-11-06
UNP/VLTO,UNP,VLTO,vol_agnostic,412.0411482000191,0.05430148647998099,0.4557365888604038,0.157578663788779,76,1,2025-11-06
CME/DE,CME,DE,vol_agnostic,14291.4889812834,1.1985706721012475,0.4557365888604038,0.9999999999999676,94,1,2025-11-06
EXR/WY,EXR,WY,vol_agnostic,12422.86397333868,1.161271390675304,0.4557365888604038,1.0,64,1,2025-11-06
BSX/PFE,BSX,PFE,vol_agnostic,11441.36257959174,0.8410668824065418,0.4557365888604038,0.9999999999983574,64,1,2025-11-06
AIG/CFG,AIG,CFG,vol_agnostic,-5546.797486516025,-0.5178833777471282,0.4557365888604038,9.093888786380092e-25,66,1,2025-11-06
AKAM/KEYS,AKAM,KEYS,vol_agnostic,-8128.399999999979,-0.6148365897001056,0.4557365888604038,6.018739094575909e-09,56,1,2025-11-06
TXT/YUM,TXT,YUM,vol_agnostic,-4358.098171713165,-0.42271861210485623,0.4557365888604038,1.144744840459891e-16,68,1,2025-11-06
BIIB/HCA,BIIB,HCA,vol_agnostic,13788.55876477212,1.0934862337515796,0.4557365888604038,1.0,88,1,2025-11-06
RTX/SNA,RTX,SNA,vol_agnostic,7403.556182765661,0.6667387488977086,0.4557365888604038,0.9999921832673171,70,1,2025-11-06
ATO/PCG,ATO,PCG,vol_agnostic,-9871.64841926744,-0.8488824683068885,0.4557365888604038,8.913917242789534e-29,56,1,2025-11-06
AIG/L,AIG,L,vol_agnostic,-5331.25435339204,-0.9339942208815256,0.4557365888604038,1.8190190802648373e-36,66,1,2025-11-06
AON/KKR,AON,KKR,vol_agnostic,3633.222259916378,0.21150171229048711,0.4557365888604038,0.9819914562308298,78,1,2025-11-06
CDNS/PTC,CDNS,PTC,vol_agnostic,310.3099999999891,0.03204832046209502,0.4557365888604038,0.0645318246313156,50,1,2025-11-06
HAS/YUM,HAS,YUM,medium_signal_high_leverage,16819.22847703174,1.3027947895007017,0.2008594582553991,0.9999999997791318,46,1,2025-11-06
CSCO/PAYC,CSCO,PAYC,medium_signal_high_leverage,11785.0880953082,0.798630540526903,0.2008594582553991,0.9999993893093906,42,1,2025-11-06
UNP/VLTO,UNP,VLTO,medium_signal_high_leverage,4950.390485936257,0.49314494789546937,0.2008594582553991,0.9999404467882597,42,1,2025-11-06
CME/DE,CME,DE,medium_signal_high_leverage,9102.651518801282,0.738742416098942,0.2008594582553991,0.9999999999897765,52,1,2025-11-06
EXR/WY,EXR,WY,medium_signal_high_leverage,2181.574914725913,0.17527616094167262,0.2008594582553991,0.9070005110173442,42,1,2025-11-06
BSX/PFE,BSX,PFE,medium_signal_high_leverage,-1404.680861177196,-0.09561054601673169,0.2008594582553991,9.285960201182266e-05,44,1,2025-11-06
AIG/CFG,AIG,CFG,medium_signal_high_leverage,-16121.18019083677,-1.1588986072050333,0.2008594582553991,8.987404353840216e-15,48,1,2025-11-06
AKAM/KEYS,AKAM,KEYS,medium_signal_high_leverage,15713.31000000004,1.3239230499539882,0.2008594582553991,0.9999975443612058,32,1,2025-11-06
TXT/YUM,TXT,YUM,medium_signal_high_leverage,1811.198773310445,0.15438487807689116,0.2008594582553991,0.8067938393780945,44,1,2025-11-06
BIIB/HCA,BIIB,HCA,medium_signal_high_leverage,7811.926346843151,0.5366431451068351,0.2008594582553991,0.9999999976387987,48,1,2025-11-06
RTX/SNA,RTX,SNA,medium_signal_high_leverage,-3084.884218912025,-0.34299699368573994,0.2008594582553991,1.7743256722905377e-15,42,1,2025-11-06
ATO/PCG,ATO,PCG,medium_signal_high_leverage,-4919.98105843706,-0.3765239693836607,0.2008594582553991,1.3056526027197507e-16,40,1,2025-11-06
AIG/L,AIG,L,medium_signal_high_leverage,-1568.516438294856,-0.1949982530515101,0.2008594582553991,2.2443156646866877e-05,44,1,2025-11-06
AON/KKR,AON,KKR,medium_signal_high_leverage,-5578.477984962213,-0.3046377924170147,0.2008594582553991,6.214851147863154e-11,42,1,2025-11-06
CDNS/PTC,CDNS,PTC,medium_signal_high_leverage,-2992.17000000003,-0.225168813948721,0.2008594582553991,3.974127546047656e-06,40,1,2025-11-06
HAS/YUM,HAS,YUM,slow_reentry,5496.415766229475,0.49683743342401093,0.1911123415751365,0.9905586877823471,38,1,2025-11-06
CSCO/PAYC,CSCO,PAYC,slow_reentry,12924.30336811361,1.4618607590222983,0.1911123415751365,0.9999960128496066,44,1,2025-11-06
UNP/VLTO,UNP,VLTO,slow_reentry,1761.051485446575,0.2972467108989585,0.1911123415751365,0.9884066243603913,38,1,2025-11-06
CME/DE,CME,DE,slow_reentry,2415.224750061572,0.3015174278435186,0.1911123415751365,0.9990738150083907,50,1,2025-11-06
EXR/WY,EXR,WY,slow_reentry,4797.653790864937,0.5726870708261201,0.1911123415751365,0.9999999835172819,42,1,2025-11-06
BSX/PFE,BSX,PFE,slow_reentry,-6211.56009911774,-0.6159513051237752,0.1911123415751365,4.94251911874525e-13,36,1,2025-11-06
AIG/CFG,AIG,CFG,slow_reentry,7837.220050535612,0.9330287243494713,0.1911123415751365,1.0,44,1,2025-11-06
AKAM/KEYS,AKAM,KEYS,slow_reentry,2572.260000000002,0.3550753445724327,0.1911123415751365,0.9994398557695842,28,1,2025-11-06
TXT/YUM,TXT,YUM,slow_reentry,-1458.280648622575,-0.2095237267053365,0.1911123415751365,1.5032474967714289e-09,48,1,2025-11-06
BIIB/HCA,BIIB,HCA,slow_reentry,4479.828747759077,0.4787471761199501,0.1911123415751365,0.9999999613369837,44,1,2025-11-06
RTX/SNA,RTX,SNA,slow_reentry,4502.351082103821,0.7818409571693423,0.1911123415751365,0.9999996614612305,42,1,2025-11-06
ATO/PCG,ATO,PCG,slow_reentry,-3211.500295505364,-0.5335428017341796,0.1911123415751365,1.2200424412252796e-14,36,1,2025-11-06
AIG/L,AIG,L,slow_reentry,-3867.704827515046,-1.1854805217847983,0.1911123415751365,1.297844928805609e-15,28,1,2025-11-06
AON/KKR,AON,KKR,slow_reentry,2624.428946453305,0.27442856073255145,0.1911123415751365,0.9997826426871822,36,1,2025-11-06
CDNS/PTC,CDNS,PTC,slow_reentry,-3074.010000000007,-0.3511246222273952,0.1911123415751365,4.649585748828238e-07,42,1,2025-11-06
HAS/YUM,HAS,YUM,high_entry,8353.644710859278,2.119509225114565,0.1383888236247303,0.999999948477797,18,1,2025-11-06
CSCO/PAYC,CSCO,PAYC,high_entry,4222.392540950109,0.566137662664461,0.1383888236247303,0.9992241014576796,16,1,2025-11-06
UNP/VLTO,UNP,VLTO,high_entry,2093.198698729611,0.4384892325538553,0.1383888236247303,0.9996087088006737,20,1,2025-11-06
CME/DE,CME,DE,high_entry,-696.7061085985315,-0.10240810445662882,0.1383888236247303,0.00010105630114675428,26,1,2025-11-06
EXR/WY,EXR,WY,high_entry,886.2331999428229,0.18748294907164836,0.1383888236247303,0.9435151613127425,18,1,2025-11-06
BSX/PFE,BSX,PFE,high_entry,3532.561663914764,0.5088797230757706,0.1383888236247303,0.9999882814901349,24,1,2025-11-06
AIG/CFG,AIG,CFG,high_entry,3629.436509085545,0.5218201652032721,0.1383888236247303,0.9999382264972506,20,1,2025-11-06
AKAM/KEYS,AKAM,KEYS,high_entry,7092.549999999987,1.1488963600662838,0.1383888236247303,0.9985988705988197,18,1,2025-11-06
TXT/YUM,TXT,YUM,high_entry,-2138.036688062486,-0.40536413132499016,0.1383888236247303,3.912428626429598e-12,26,1,2025-11-06
BIIB/HCA,BIIB,HCA,high_entry,986.4645788953994,0.1616253220528165,0.1383888236247303,0.8444020606819146,16,1,2025-11-06
RTX/SNA,RTX,SNA,high_entry,3422.976817803464,1.01997001222872,0.1383888236247303,0.9999968347585761,18,1,2025-11-06
ATO/PCG,ATO,PCG,high_entry,-10729.63831666916,-1.9453378132714656,0.1383888236247303,1.725290026377104e-08,36,1,2025-11-06
AIG/L,AIG,L,high_entry,-1321.101447659068,-0.3980226840839148,0.1383888236247303,4.940648818654252e-15,18,1,2025-11-06
AON/KKR,AON,KKR,high_entry,1313.798362623798,0.2137089980235224,0.1383888236247303,0.9853073365901177,20,1,2025-11-06
CDNS/PTC,CDNS,PTC,high_entry,8087.529999999986,1.132064859876256,0.1383888236247303,0.9999942723215381,20,1,2025-11-06
HAS/YUM,HAS,YUM,balanced_plus,5372.578873080291,0.6151959604544688,0.0474224114607471,0.9999999369613956,52,1,2025-11-06
CSCO/PAYC,CSCO,PAYC,balanced_plus,835.4294771568036,0.07889730839515703,0.0474224114607471,0.28709991476965624,44,1,2025-11-06
UNP/VLTO,UNP,VLTO,balanced_plus,-4692.683344725729,-0.7335618790241559,0.0474224114607471,1.0021883380326635e-17,46,1,2025-11-06
CME/DE,CME,DE,balanced_plus,11019.29638434834,1.1872777081639727,0.0474224114607471,0.9999999999999982,54,1,2025-11-06
EXR/WY,EXR,WY,balanced_plus,5213.517737437243,0.7110652615572635,0.0474224114607471,1.0,42,1,2025-11-06
BSX/PFE,BSX,PFE,balanced_plus,613.383978257385,0.050514614025199404,0.0474224114607471,0.13783276485304102,52,1,2025-11-06
AIG/CFG,AIG,CFG,balanced_plus,1166.183328809992,0.14194678783813347,0.0474224114607471,0.7510184512179578,58,1,2025-11-06
AKAM/KEYS,AKAM,KEYS,balanced_plus,8077.289999999989,1.0361207682361127,0.0474224114607471,0.9999987276575008,38,1,2025-11-06
TXT/YUM,TXT,YUM,balanced_plus,-2271.983507862857,-0.2752460553307428,0.0474224114607471,6.990424190741926e-16,56,1,2025-11-06
BIIB/HCA,BIIB,HCA,balanced_plus,-196.6305213277401,-0.022187768148293527,0.0474224114607471,0.00615590269936348,48,1,2025-11-06
RTX/SNA,RTX,SNA,balanced_plus,5849.101240454844,1.1530876179902134,0.0474224114607471,0.9999999999999922,48,1,2025-11-06
ATO/PCG,ATO,PCG,balanced_plus,-8007.870409956817,-1.0783000795876532,0.0474224114607471,2.3430706305661777e-22,52,1,2025-11-06
AIG/L,AIG,L,balanced_plus,1585.299838092939,0.37127551706527906,0.0474224114607471,0.9999550474873623,46,1,2025-11-06
AON/KKR,AON,KKR,balanced_plus,-1322.862562201055,-0.1195734991115562,0.0474224114607471,2.4041420044777473e-05,50,1,2025-11-06
CDNS/PTC,CDNS,PTC,balanced_plus,3350.869999999979,0.3666593250376026,0.0474224114607471,0.9999832754164149,48,1,2025-11-06
HAS/YUM,HAS,YUM,fast_reentry,6871.687940685118,0.6093119267165801,0.0307863249097151,0.9957015664722584,44,1,2025-11-06
CSCO/PAYC,CSCO,PAYC,fast_reentry,2690.845045338782,0.27429692958964796,0.0307863249097151,0.9985101286404109,52,1,2025-11-06
UNP/VLTO,UNP,VLTO,fast_reentry,816.8880787787657,0.12989814821364623,0.0307863249097151,0.6363157666482727,44,1,2025-11-06
CME/DE,CME,DE,fast_reentry,2507.912069154529,0.3061415609866365,0.0307863249097151,0.9992585959264534,52,1,2025-11-06
EXR/WY,EXR,WY,fast_reentry,3159.700363184896,0.4867067507434536,0.0307863249097151,0.9999999965297279,46,1,2025-11-06
BSX/PFE,BSX,PFE,fast_reentry,-11763.10988900175,-1.179180790648239,0.0307863249097151,4.978320406098009e-17,48,1,2025-11-06
AIG/CFG,AIG,CFG,fast_reentry,4788.549000114562,0.526530097444139,0.0307863249097151,0.9999999512567374,56,1,2025-11-06
AKAM/KEYS,AKAM,KEYS,fast_reentry,5546.159999999987,0.6541572903769296,0.0307863249097151,0.999999182193673,36,1,2025-11-06
TXT/YUM,TXT,YUM,fast_reentry,-4981.095971953545,-0.6645500574743429,0.0307863249097151,2.978540799536616e-26,56,1,2025-11-06
BIIB/HCA,BIIB,HCA,fast_reentry,406.5534194329307,0.043022516982270435,0.0307863249097151,0.10144449722859838,52,1,2025-11-06
RTX/SNA,RTX,SNA,fast_reentry,7738.484424335446,1.5147976590522059,0.0307863249097151,0.9999999999999991,48,1,2025-11-06
ATO/PCG,ATO,PCG,fast_reentry,3293.489144829408,0.3826179463020856,0.0307863249097151,0.9999104900195407,66,1,2025-11-06
AIG/L,AIG,L,fast_reentry,-2986.469017304112,-0.617990382765559,0.0307863249097151,8.368873063776622e-22,50,1,2025-11-06
AON/KKR,AON,KKR,fast_reentry,10338.59855265358,0.9540945586237598,0.0307863249097151,0.9999999999999999,50,1,2025-11-06
CDNS/PTC,CDNS,PTC,fast_reentry,-2434.910000000003,-0.2685185717435628,0.0307863249097151,1.0719255449727595e-06,44,1,2025-11-06
HAS/YUM,HAS,YUM,tight_stop,4385.326378940199,0.39950211982773925,0.0129917495419486,0.9803305824659252,46,1,2025-11-06
CSCO/PAYC,CSCO,PAYC,tight_stop,7175.814980928419,0.8507103207838395,0.0129917495419486,0.9999881128493722,44,1,2025-11-06
UNP/VLTO,UNP,VLTO,tight_stop,3910.198832005884,0.7219797923357647,0.0129917495419486,0.9999757731637483,44,1,2025-11-06
CME/DE,CME,DE,tight_stop,3216.903806275832,0.44347324219583734,0.0129917495419486,0.9999940228100019,50,1,2025-11-06
EXR/WY,EXR,WY,tight_stop,8616.04814677081,1.2760027978961788,0.0129917495419486,0.9999769793198072,40,1,2025-11-06
BSX/PFE,BSX,PFE,tight_stop,-5837.987511941054,-0.5695801111080421,0.0129917495419486,2.478632963332084e-14,48,1,2025-11-06
AIG/CFG,AIG,CFG,tight_stop,8501.408478930114,1.1476849013779242,0.0129917495419486,1.0,52,1,2025-11-06
AKAM/KEYS,AKAM,KEYS,tight_stop,-2279.690000000002,-0.44500395866679904,0.0129917495419486,1.81019114278116e-17,36,1,2025-11-06
TXT/YUM,TXT,YUM,tight_stop,-1175.920916462999,-0.2005972429775741,0.0129917495419486,1.3883036391931547e-08,54,1,2025-11-06
BIIB/HCA,BIIB,HCA,tight_stop,-2029.170527236921,-0.22726332108867625,0.0129917495419486,1.8073363524004805e-08,48,1,2025-11-06
RTX/SNA,RTX,SNA,tight_stop,1148.76516931631,0.16881398178706924,0.0129917495419486,0.7925380211231616,48,1,2025-11-06
ATO/PCG,ATO,PCG,tight_stop,-4364.313159008108,-0.5915829592522859,0.0129917495419486,5.110758633073694e-15,52,1,2025-11-06
AIG/L,AIG,L,tight_stop,-233.4477374525886,-0.07222947787133609,0.0129917495419486,0.00032521789656274217,38,1,2025-11-06
AON/KKR,AON,KKR,tight_stop,8547.28135828653,1.0655977956782765,0.0129917495419486,0.9999999959962954,38,1,2025-11-06
CDNS/PTC,CDNS,PTC,tight_stop,-4120.230000000004,-0.4740623953340434,0.0129917495419486,1.057928333981301e-07,44,1,2025-11-06
HAS/YUM,HAS,YUM,fast_signal_tight_stop,-3719.122498145973,-0.4348898147873569,0.0113775047876906,3.153721459080788e-09,52,1,2025-11-06
CSCO/PAYC,CSCO,PAYC,fast_signal_tight_stop,-1762.66299310293,-0.1590544280553247,0.0113775047876906,9.229960558809818e-06,48,1,2025-11-06
UNP/VLTO,UNP,VLTO,fast_signal_tight_stop,318.1347667192947,0.05515323921417996,0.0113775047876906,0.1538164124037128,68,1,2025-11-06
CME/DE,CME,DE,fast_signal_tight_stop,-1581.886032327424,-0.2052926096846194,0.0113775047876906,4.0868505425558324e-08,42,1,2025-11-06
EXR/WY,EXR,WY,fast_signal_tight_stop,3050.294853996664,0.45519511118466954,0.0113775047876906,0.999999996217819,62,1,2025-11-06
BSX/PFE,BSX,PFE,fast_signal_tight_stop,-2319.67405458557,-0.26391633720296376,0.0113775047876906,6.718884430859382e-08,50,1,2025-11-06
AIG/CFG,AIG,CFG,fast_signal_tight_stop,-4227.384978754359,-0.6486949435839128,0.0113775047876906,3.26785887677654e-15,60,1,2025-11-06
AKAM/KEYS,AKAM,KEYS,fast_signal_tight_stop,-9925.17000000004,-1.0250149473021557,0.0113775047876906,2.919660861589783e-06,44,1,2025-11-06
TXT/YUM,TXT,YUM,fast_signal_tight_stop,890.0735033103464,0.13427648122157304,0.0113775047876906,0.657915174680067,50,1,2025-11-06
BIIB/HCA,BIIB,HCA,fast_signal_tight_stop,4783.715488253142,0.697246288039309,0.0113775047876906,0.9999999999816561,50,1,2025-11-06
RTX/SNA,RTX,SNA,fast_signal_tight_stop,8942.870519822085,1.4012952332219788,0.0113775047876906,0.9999996425604689,44,1,2025-11-06
ATO/PCG,ATO,PCG,fast_signal_tight_stop,10773.84177804227,1.3604568326165607,0.0113775047876906,0.9999999998621794,50,1,2025-11-06
AIG/L,AIG,L,fast_signal_tight_stop,3297.819684811918,0.835634963324025,0.0113775047876906,0.9999999999984565,40,1,2025-11-06
AON/KKR,AON,KKR,fast_signal_tight_stop,15869.98916825644,1.1465351317247334,0.0113775047876906,0.9999999964022622,52,1,2025-11-06
CDNS/PTC,CDNS,PTC,fast_signal_tight_stop,936.0299999999897,0.11537253843280328,0.0113775047876906,0.5650236167239671,48,1,2025-11-06
HAS/YUM,HAS,YUM,flash_hold,8201.853284636554,1.6118651563907338,-0.0243738184474575,1.0,106,1,2025-11-06
CSCO/PAYC,CSCO,PAYC,flash_hold,-1263.717374810493,-0.22838036452826976,-0.0243738184474575,1.2931310663690333e-12,100,1,2025-11-06
UNP/VLTO,UNP,VLTO,flash_hold,1310.562278620192,0.3514460646054871,-0.0243738184474575,0.9994265215605809,106,1,2025-11-06
CME/DE,CME,DE,flash_hold,869.2452821790876,0.14233565317718985,-0.0243738184474575,0.7773008294258452,98,1,2025-11-06
EXR/WY,EXR,WY,flash_hold,3730.384513343378,0.857670463356564,-0.0243738184474575,1.0,132,1,2025-11-06
BSX/PFE,BSX,PFE,flash_hold,1954.527789508208,0.314221020686005,-0.0243738184474575,0.9998485653335024,124,1,2025-11-06
AIG/CFG,AIG,CFG,flash_hold,-4963.159785820141,-1.0254390224622167,-0.0243738184474575,1.6618506158238393e-33,132,1,2025-11-06
AKAM/KEYS,AKAM,KEYS,flash_hold,-499.1199999999812,-0.08913546586021696,-0.0243738184474575,8.451356807023336e-06,86,1,2025-11-06
TXT/YUM,TXT,YUM,flash_hold,463.8185720010079,0.09326488336688316,-0.0243738184474575,0.38870904017931873,106,1,2025-11-06
BIIB/HCA,BIIB,HCA,flash_hold,8064.975468928122,1.3378699038254218,-0.0243738184474575,1.0,106,1,2025-11-06
RTX/SNA,RTX,SNA,flash_hold,4668.752291413046,0.8123172211694961,-0.0243738184474575,0.9999982651206617,100,1,2025-11-06
ATO/PCG,ATO,PCG,flash_hold,215.7319789545969,0.04194610270059865,-0.0243738184474575,0.10105339113230016,132,1,2025-11-06
AIG/L,AIG,L,flash_hold,2137.78781245865,0.6427770765843742,-0.0243738184474575,0.9999999999594099,118,1,2025-11-06
AON/KKR,AON,KKR,flash_hold,5848.241584084881,0.7305066272944044,-0.0243738184474575,0.9999999999965998,120,1,2025-11-06
CDNS/PTC,CDNS,PTC,flash_hold,-5850.399999999991,-0.7790579925138279,-0.0243738184474575,5.556428639477229e-09,104,1,2025-11-06
HAS/YUM,HAS,YUM,quick_exit,3692.187999251575,0.33587109250346114,-0.1155052816732064,0.9662533828313332,46,1,2025-11-06
CSCO/PAYC,CSCO,PAYC,quick_exit,9003.274852535322,1.0211864190472744,-0.1155052816732064,0.9999970460100635,44,1,2025-11-06
UNP/VLTO,UNP,VLTO,quick_exit,4389.40221111354,0.800952023699632,-0.1155052816732064,0.9999911947176333,44,1,2025-11-06
CME/DE,CME,DE,quick_exit,1676.032741138462,0.2248944388783434,-0.1155052816732064,0.974175503550609,50,1,2025-11-06
EXR/WY,EXR,WY,quick_exit,8942.671664373142,1.322362594556534,-0.1155052816732064,0.9999778483309798,40,1,2025-11-06
BSX/PFE,BSX,PFE,quick_exit,-3613.713631927885,-0.36944699837803885,-0.1155052816732064,4.13927109195543e-12,48,1,2025-11-06
AIG/CFG,AIG,CFG,quick_exit,8523.546246649837,1.1507174894244785,-0.1155052816732064,1.0,52,1,2025-11-06
AKAM/KEYS,AKAM,KEYS,quick_exit,-3449.319999999993,-0.6555087679762931,-0.1155052816732064,1.2627599455488115e-18,36,1,2025-11-06
TXT/YUM,TXT,YUM,quick_exit,-845.9403121631749,-0.1494944997234963,-0.1155052816732064,8.706836395788754e-07,54,1,2025-11-06
BIIB/HCA,BIIB,HCA,quick_exit,-2149.224961241328,-0.23794574334375798,-0.1155052816732064,7.297506332325188e-09,48,1,2025-11-06
RTX/SNA,RTX,SNA,quick_exit,2334.844943619662,0.3334185341978455,-0.1155052816732064,0.9897553665080463,48,1,2025-11-06
ATO/PCG,ATO,PCG,quick_exit,-5747.662969412895,-0.786864079502727,-0.1155052816732064,9.969171197868193e-15,54,1,2025-11-06
AIG/L,AIG,L,quick_exit,-1232.307171937747,-0.33586228221218173,-0.1155052816732064,5.886635833292057e-15,38,1,2025-11-06
AON/KKR,AON,KKR,quick_exit,5599.781618386714,0.6939754364820769,-0.1155052816732064,0.9999999945338514,42,1,2025-11-06
CDNS/PTC,CDNS,PTC,quick_exit,-5913.940000000012,-0.640544679810371,-0.1155052816732064,1.699767520720256e-09,46,1,2025-11-06
HAS/YUM,HAS,YUM,high_leverage,8800.8825817494,0.5249419418279091,-0.138037687699722,0.9940434572619877,42,1,2025-11-06
CSCO/PAYC,CSCO,PAYC,high_leverage,6157.082458194583,0.4313005785642248,-0.138037687699722,0.9999885997092917,50,1,2025-11-06
UNP/VLTO,UNP,VLTO,high_leverage,1985.365542752648,0.21230121094784069,-0.138037687699722,0.9358595950703921,42,1,2025-11-06
CME/DE,CME,DE,high_leverage,3702.415257297043,0.30278572611711857,-0.138037687699722,0.9991375397053782,52,1,2025-11-06
EXR/WY,EXR,WY,high_leverage,8560.30038080864,0.6644598937350004,-0.138037687699722,0.9999999990553762,46,1,2025-11-06
BSX/PFE,BSX,PFE,high_leverage,15284.35478909771,0.9118660182742327,-0.138037687699722,0.9999999937856113,48,1,2025-11-06
AIG/CFG,AIG,CFG,high_leverage,-14299.09453443824,-0.9627655133283008,-0.138037687699722,1.475158273765971e-18,52,1,2025-11-06
AKAM/KEYS,AKAM,KEYS,high_leverage,6332.090000000001,0.5679196774901456,-0.138037687699722,0.9999441427749466,30,1,2025-11-06
TXT/YUM,TXT,YUM,high_leverage,-4950.190522104463,-0.41659804221854574,-0.138037687699722,2.6293868778450763e-17,52,1,2025-11-06
BIIB/HCA,BIIB,HCA,high_leverage,-874.8303773837124,-0.06389189197698748,-0.138037687699722,0.0005945201298815658,40,1,2025-11-06
RTX/SNA,RTX,SNA,high_leverage,2921.168690152873,0.2852797764551081,-0.138037687699722,0.9726115385766899,48,1,2025-11-06
ATO/PCG,ATO,PCG,high_leverage,-8626.131366893398,-0.6883375681977084,-0.138037687699722,1.4243670165337524e-19,40,1,2025-11-06
AIG/L,AIG,L,high_leverage,-6691.231975834016,-1.1583417429318286,-0.138037687699722,5.362916030847243e-25,36,1,2025-11-06
AON/KKR,AON,KKR,high_leverage,4654.925064682602,0.30552334593441777,-0.138037687699722,0.9999838557481254,38,1,2025-11-06
CDNS/PTC,CDNS,PTC,high_leverage,-6353.700000000053,-0.4880339057212622,-0.138037687699722,8.428848745039033e-08,40,1,2025-11-06
HAS/YUM,HAS,YUM,fast_signal,1497.357303169456,0.14895701166041392,-0.1915736246370318,0.7137405752623723,62,1,2025-11-06
CSCO/PAYC,CSCO,PAYC,fast_signal,7010.748302612952,0.598594381826765,-0.1915736246370318,0.9999997390524912,60,1,2025-11-06
UNP/VLTO,UNP,VLTO,fast_signal,-6586.199515000762,-0.9405497497695222,-0.1915736246370318,5.196955495504258e-22,66,1,2025-11-06
CME/DE,CME,DE,fast_signal,-1048.528308981287,-0.12688274889708717,-0.1915736246370318,1.272187706322459e-05,42,1,2025-11-06
EXR/WY,EXR,WY,fast_signal,1285.296940371346,0.166010535476667,-0.1915736246370318,0.8757208382889745,68,1,2025-11-06
BSX/PFE,BSX,PFE,fast_signal,-6417.40682878314,-0.6179517848296947,-0.1915736246370318,1.8279977787668698e-17,54,1,2025-11-06
AIG/CFG,AIG,CFG,fast_signal,-14381.47012720309,-1.8564966249228112,-0.1915736246370318,5.551027517230475e-23,74,1,2025-11-06
AKAM/KEYS,AKAM,KEYS,fast_signal,-1977.760000000022,-0.25988033646658665,-0.1915736246370318,2.4956893210092972e-08,46,1,2025-11-06
TXT/YUM,TXT,YUM,fast_signal,-1775.792642444549,-0.24298211758965457,-0.1915736246370318,2.9912816988332303e-13,54,1,2025-11-06
BIIB/HCA,BIIB,HCA,fast_signal,5773.620424146477,0.7044920008828205,-0.1915736246370318,0.9999999998703315,54,1,2025-11-06
RTX/SNA,RTX,SNA,fast_signal,8935.667143829263,1.4014769027847604,-0.1915736246370318,0.9999996264183252,44,1,2025-11-06
ATO/PCG,ATO,PCG,fast_signal,6979.018293773811,0.8277786103085378,-0.1915736246370318,0.9999999996856193,56,1,2025-11-06
AIG/L,AIG,L,fast_signal,3848.014322598351,0.7906974023746597,-0.1915736246370318,0.999999999999861,50,1,2025-11-06
AON/KKR,AON,KKR,fast_signal,12328.81150680989,0.8567598381321054,-0.1915736246370318,0.9999999999144588,58,1,2025-11-06
CDNS/PTC,CDNS,PTC,fast_signal,2001.229999999985,0.23175160662497848,-0.1915736246370318,0.9962597610022261,52,1,2025-11-06
HAS/YUM,HAS,YUM,symmetric_exit,6263.117465173034,1.1267593472512385,-0.2030140094986398,0.9999999999830513,32,1,2025-11-06
CSCO/PAYC,CSCO,PAYC,symmetric_exit,6037.078045563943,0.7608830922740627,-0.2030140094986398,0.9998652769277135,30,1,2025-11-06
UNP/VLTO,UNP,VLTO,symmetric_exit,2323.244892036599,0.4646919530939702,-0.2030140094986398,0.9999027885695524,30,1,2025-11-06
CME/DE,CME,DE,symmetric_exit,5199.395216762465,0.7590688537399071,-0.2030140094986398,0.9999999569302893,42,1,2025-11-06
EXR/WY,EXR,WY,symmetric_exit,3673.250744880224,0.6661449900047105,-0.2030140094986398,0.9999999996946288,36,1,2025-11-06
BSX/PFE,BSX,PFE,symmetric_exit,800.9308252531682,0.08382959557669707,-0.2030140094986398,0.33311388170286876,36,1,2025-11-06
AIG/CFG,AIG,CFG,symmetric_exit,-587.7531091470642,-0.0807695483662634,-0.2030140094986398,9.772966721119118e-05,40,1,2025-11-06
AKAM/KEYS,AKAM,KEYS,symmetric_exit,5680.489999999994,0.841667352881699,-0.2030140094986398,0.9996710586889143,22,1,2025-11-06
TXT/YUM,TXT,YUM,symmetric_exit,533.8015144513138,0.0901635306349763,-0.2030140094986398,0.3671216064799444,38,1,2025-11-06
BIIB/HCA,BIIB,HCA,symmetric_exit,-3122.318290195745,-0.3909844001227929,-0.2030140094986398,2.0458952114548224e-10,42,1,2025-11-06
RTX/SNA,RTX,SNA,symmetric_exit,1946.520985082077,0.33514928639890945,-0.2030140094986398,0.9978896283912927,36,1,2025-11-06
ATO/PCG,ATO,PCG,symmetric_exit,-6471.480536003442,-1.0881458984097068,-0.2030140094986398,1.0870903488153598e-11,50,1,2025-11-06
AIG/L,AIG,L,symmetric_exit,-2857.305088495687,-0.7560179012624193,-0.2030140094986398,2.9858492160139426e-18,34,1,2025-11-06
AON/KKR,AON,KKR,symmetric_exit,-722.4512009098007,-0.09684340987996451,-0.2030140094986398,0.0005400211757365419,28,1,2025-11-06
CDNS/PTC,CDNS,PTC,symmetric_exit,1137.319999999997,0.14768787829249144,-0.2030140094986398,0.8229865405166525,36,1,2025-11-06
HAS/YUM,HAS,YUM,low_entry,9038.164135235525,0.6290263110886397,-0.2463647937830978,0.9999007133301129,78,1,2025-11-06
CSCO/PAYC,CSCO,PAYC,low_entry,-5021.169830108765,-0.4077088986794718,-0.2463647937830978,1.2831481378634059e-10,78,1,2025-11-06
UNP/VLTO,UNP,VLTO,low_entry,-2019.484016723347,-0.27043535865459806,-0.2463647937830978,2.7082077824113854e-14,86,1,2025-11-06
CME/DE,CME,DE,low_entry,12885.26959151733,1.2988762208056979,-0.2463647937830978,1.0,80,1,2025-11-06
EXR/WY,EXR,WY,low_entry,5719.989420052929,0.7392377357256792,-0.2463647937830978,1.0,74,1,2025-11-06
BSX/PFE,BSX,PFE,low_entry,570.0967518032667,0.04796273680726034,-0.2463647937830978,0.12270335299331964,72,1,2025-11-06
AIG/CFG,AIG,CFG,low_entry,-2275.998027139503,-0.20387669322704652,-0.2463647937830978,2.5420286157007877e-09,94,1,2025-11-06
AKAM/KEYS,AKAM,KEYS,low_entry,13668.82,1.444497855422129,-0.2463647937830978,0.9999999987823557,52,1,2025-11-06
TXT/YUM,TXT,YUM,low_entry,3375.643787452367,0.3934540217134762,-0.2463647937830978,0.9999941853253791,78,1,2025-11-06
BIIB/HCA,BIIB,HCA,low_entry,484.9265741984163,0.04470524775188776,-0.2463647937830978,0.11008796760864942,92,1,2025-11-06
RTX/SNA,RTX,SNA,low_entry,-1355.300640735389,-0.16083239966165627,-0.2463647937830978,7.797796941753966e-09,72,1,2025-11-06
ATO/PCG,ATO,PCG,low_entry,-8460.94975847576,-0.755374658786134,-0.2463647937830978,3.857792100973526e-27,86,1,2025-11-06
AIG/L,AIG,L,low_entry,2521.957414723027,0.36036015658244747,-0.2463647937830978,0.9999985124264019,98,1,2025-11-06
AON/KKR,AON,KKR,low_entry,-14488.82289120244,-0.9481386080338855,-0.2463647937830978,1.7405695323143922e-30,100,1,2025-11-06
CDNS/PTC,CDNS,PTC,low_entry,-1152.940000000018,-0.11132413726727693,-0.2463647937830978,6.133394241773096e-05,78,1,2025-11-06
HAS/YUM,HAS,YUM,patient_hold,6559.080379565654,1.1510186743627089,-0.396095610398638,0.9999999999997656,26,1,2025-11-06
CSCO/PAYC,CSCO,PAYC,patient_hold,8296.610201713032,1.1108567167732306,-0.396095610398638,0.9995413675604795,20,1,2025-11-06
UNP/VLTO,UNP,VLTO,patient_hold,1319.435588095319,0.23194336403677734,-0.396095610398638,0.9544449125248927,30,1,2025-11-06
CME/DE,CME,DE,patient_hold,5884.395108948013,0.779949349126625,-0.396095610398638,0.9999999995754792,44,1,2025-11-06
EXR/WY,EXR,WY,patient_hold,199.5328032222878,0.039762661984507196,-0.396095610398638,0.0895596725422288,18,1,2025-11-06
BSX/PFE,BSX,PFE,patient_hold,-4492.554348908672,-0.5924248258660512,-0.396095610398638,7.061384937644593e-19,30,1,2025-11-06
AIG/CFG,AIG,CFG,patient_hold,4350.352319543144,0.5994965108935739,-0.396095610398638,0.9999999999901904,28,1,2025-11-06
AKAM/KEYS,AKAM,KEYS,patient_hold,1856.799999999984,0.2691809743323215,-0.396095610398638,0.9965645408212135,22,1,2025-11-06
TXT/YUM,TXT,YUM,patient_hold,-7090.993516969511,-1.0152604907344616,-0.396095610398638,1.2188957413629619e-20,34,1,2025-11-06
BIIB/HCA,BIIB,HCA,patient_hold,-27.270995762236,-0.00400133844933282,-0.396095610398638,0.01511078330807045,22,1,2025-11-06
RTX/SNA,RTX,SNA,patient_hold,8103.721482177854,1.7617599020207768,-0.396095610398638,0.9999999999994117,36,1,2025-11-06
ATO/PCG,ATO,PCG,patient_hold,-4251.372597868657,-0.49725306733551394,-0.396095610398638,2.4250139448283743e-19,38,1,2025-11-06
AIG/L,AIG,L,patient_hold,-3036.056806789721,-0.738631762538431,-0.396095610398638,1.7756369228993978e-23,32,1,2025-11-06
AON/KKR,AON,KKR,patient_hold,-1232.069817199131,-0.14940769441215104,-0.396095610398638,7.236776558945604e-05,26,1,2025-11-06
CDNS/PTC,CDNS,PTC,patient_hold,-1666.68000000003,-0.23153836688569998,-0.396095610398638,1.7684443204342742e-05,26,1,2025-11-06
HAS/YUM,HAS,YUM,default,6564.951238521172,0.5953019499776575,-0.4282100985201498,0.9950123828048922,42,1,2025-11-06
CSCO/PAYC,CSCO,PAYC,default,4259.739594313482,0.45380466371917577,-0.4282100985201498,0.9999884645818594,50,1,2025-11-06
UNP/VLTO,UNP,VLTO,default,2561.177118805196,0.42629427767702444,-0.4282100985201498,0.9994460232681741,42,1,2025-11-06
CME/DE,CME,DE,default,2441.839326191186,0.3007536796209711,-0.4282100985201498,0.9990653999548739,52,1,2025-11-06
EXR/WY,EXR,WY,default,4771.607369609576,0.5739404771204552,-0.4282100985201498,0.9999999902306117,46,1,2025-11-06
BSX/PFE,BSX,PFE,default,-408.8894628517119,-0.037843296142483364,-0.4282100985201498,0.0019033007039713085,48,1,2025-11-06
AIG/CFG,AIG,CFG,default,4896.915305015548,0.6270036997152756,-0.4282100985201498,0.9999999999996557,52,1,2025-11-06
AKAM/KEYS,AKAM,KEYS,default,2759.169999999991,0.37006064738388894,-0.4282100985201498,0.9997493009266767,36,1,2025-11-06
TXT/YUM,TXT,YUM,default,-3594.0871500976,-0.5053318626136905,-0.4282100985201498,5.676418386660599e-21,50,1,2025-11-06
BIIB/HCA,BIIB,HCA,default,-1987.612876385201,-0.22437818933573303,-0.4282100985201498,2.1137886793143884e-08,48,1,2025-11-06
RTX/SNA,RTX,SNA,default,1992.928148993099,0.29373090798074963,-0.4282100985201498,0.9767586050551601,48,1,2025-11-06
ATO/PCG,ATO,PCG,default,-4789.266004124734,-0.6548451901118254,-0.4282100985201498,1.0047661814832339e-15,48,1,2025-11-06
AIG/L,AIG,L,default,-6168.581911774205,-1.543214052981132,-0.4282100985201498,3.009057315195995e-18,34,1,2025-11-06
AON/KKR,AON,KKR,default,1016.860765087658,0.10496430190624702,-0.4282100985201498,0.4729496053874304,38,1,2025-11-06
CDNS/PTC,CDNS,PTC,default,-4010.940000000011,-0.45870585474306114,-0.4282100985201498,8.499016809372713e-08,42,1,2025-11-06
HAS/YUM,HAS,YUM,conservative_no_leverage,3350.788826622141,1.3289047357899049,-0.5636317312201006,0.9999999999999073,28,1,2025-11-06
CSCO/PAYC,CSCO,PAYC,conservative_no_leverage,4519.045137738098,1.12147394307293,-0.5636317312201006,0.9999552198564924,32,1,2025-11-06
UNP/VLTO,UNP,VLTO,conservative_no_leverage,841.6853581087248,0.3134309384228162,-0.5636317312201006,0.9925373189475614,22,1,2025-11-06
CME/DE,CME,DE,conservative_no_leverage,4465.094716255844,1.2796548379376982,-0.5636317312201006,0.999999997228213,32,1,2025-11-06
EXR/WY,EXR,WY,conservative_no_leverage,1454.141280055819,0.4825198902926946,-0.5636317312201006,0.9999999998446625,24,1,2025-11-06
BSX/PFE,BSX,PFE,conservative_no_leverage,802.2719145922949,0.1594354615910595,-0.5636317312201006,0.7956385231621588,24,1,2025-11-06
AIG/CFG,AIG,CFG,conservative_no_leverage,-1508.672344908329,-0.3343199918621155,-0.5636317312201006,1.6431486324804187e-13,26,1,2025-11-06
AKAM/KEYS,AKAM,KEYS,conservative_no_leverage,1023.649999999989,0.29739538105459984,-0.5636317312201006,0.9978554022589375,20,1,2025-11-06
TXT/YUM,TXT,YUM,conservative_no_leverage,-2290.23880801947,-0.7251730239093648,-0.5636317312201006,4.1897826293361334e-16,30,1,2025-11-06
BIIB/HCA,BIIB,HCA,conservative_no_leverage,-230.063782833304,-0.06128685936476489,-0.5636317312201006,0.000897974366036329,26,1,2025-11-06
RTX/SNA,RTX,SNA,conservative_no_leverage,3806.483298716081,1.9745699027813925,-0.5636317312201006,0.9999999999617595,32,1,2025-11-06
ATO/PCG,ATO,PCG,conservative_no_leverage,-3110.321263528099,-0.7128383232514751,-0.5636317312201006,4.265507625280136e-22,32,1,2025-11-06
AIG/L,AIG,L,conservative_no_leverage,972.3040767358289,0.5217868432458589,-0.5636317312201006,0.9999997052846609,30,1,2025-11-06
AON/KKR,AON,KKR,conservative_no_leverage,2494.874528379726,0.5194678336403454,-0.5636317312201006,0.9999999957602133,28,1,2025-11-06
CDNS/PTC,CDNS,PTC,conservative_no_leverage,168.7099999999843,0.04160947460150363,-0.5636317312201006,0.08066037508735008,28,1,2025-11-06
HAS/YUM,HAS,YUM,high_vol_specialist,8286.362916662729,1.3219124152781314,-0.6760358709671965,1.0,36,1,2025-11-06
CSCO/PAYC,CSCO,PAYC,high_vol_specialist,6426.927354918702,0.7267699257196257,-0.6760358709671965,0.9999974233264081,30,1,2025-11-06
UNP/VLTO,UNP,VLTO,high_vol_specialist,3902.344522233614,0.7017927994770311,-0.6760358709671965,0.9999931743822471,28,1,2025-11-06
CME/DE,CME,DE,high_vol_specialist,10641.062127093,1.503103902810474,-0.6760358709671965,0.9999999999982989,40,1,2025-11-06
EXR/WY,EXR,WY,high_vol_specialist,5583.235716435123,0.9249767255149808,-0.6760358709671965,1.0,28,1,2025-11-06
BSX/PFE,BSX,PFE,high_vol_specialist,-1852.007491568036,-0.18133831323194857,-0.6760358709671965,3.5764517034289558e-09,36,1,2025-11-06
AIG/CFG,AIG,CFG,high_vol_specialist,-14395.38308503693,-1.5834963921991505,-0.6760358709671965,1.8371871290910007e-33,36,1,2025-11-06
AKAM/KEYS,AKAM,KEYS,high_vol_specialist,-16899.87999999999,-1.4197719295128965,-0.6760358709671965,3.51546973076795e-05,32,1,2025-11-06
TXT/YUM,TXT,YUM,high_vol_specialist,-3329.320246158667,-0.37329723844529367,-0.6760358709671965,1.6361471853019124e-09,36,1,2025-11-06
BIIB/HCA,BIIB,HCA,high_vol_specialist,4939.789498680566,0.7345915066381035,-0.6760358709671965,0.9999999997448964,24,1,2025-11-06
RTX/SNA,RTX,SNA,high_vol_specialist,4594.456261116438,1.180397073126459,-0.6760358709671965,0.9999999999683744,26,1,2025-11-06
ATO/PCG,ATO,PCG,high_vol_specialist,-6635.076069766747,-0.6165132260436098,-0.6760358709671965,8.338627817951382e-31,48,1,2025-11-06
AIG/L,AIG,L,high_vol_specialist,593.5648621294504,0.14073605354426844,-0.6760358709671965,0.7189337989135158,36,1,2025-11-06
AON/KKR,AON,KKR,high_vol_specialist,662.5832576179696,0.08291113118145974,-0.6760358709671965,0.2893612105230813,28,1,2025-11-06
CDNS/PTC,CDNS,PTC,high_vol_specialist,2106.009999999962,0.2705553217410223,-0.6760358709671965,0.9984881823990092,34,1,2025-11-06
HAS/YUM,HAS,YUM,slow_signal,2459.87698134947,0.4566244152035189,-0.831744426820213,0.9999999735660593,40,1,2025-11-06
CSCO/PAYC,CSCO,PAYC,slow_signal,6841.753007724018,0.7705666085050367,-0.831744426820213,0.9999884361133757,30,1,2025-11-06
UNP/VLTO,UNP,VLTO,slow_signal,5441.151905904075,0.9923916921855872,-0.831744426820213,0.9999984702643945,26,1,2025-11-06
CME/DE,CME,DE,slow_signal,12437.39775901667,1.8962690849189325,-0.831744426820213,0.9999999994697144,32,1,2025-11-06
EXR/WY,EXR,WY,slow_signal,8438.602628840108,1.5634712482672617,-0.831744426820213,0.9999999999999716,26,1,2025-11-06
BSX/PFE,BSX,PFE,slow_signal,5245.384349215468,0.5471637584455262,-0.831744426820213,0.9999429740013035,34,1,2025-11-06
AIG/CFG,AIG,CFG,slow_signal,-11600.1768433815,-1.8942832408265422,-0.831744426820213,1.1618624916598176e-14,40,1,2025-11-06
AKAM/KEYS,AKAM,KEYS,slow_signal,-13841.18,-1.181298151275072,-0.831744426820213,2.9826522091104092e-05,28,1,2025-11-06
TXT/YUM,TXT,YUM,slow_signal,-5356.879764134799,-0.7599905464694915,-0.831744426820213,3.444452198013509e-17,40,1,2025-11-06
BIIB/HCA,BIIB,HCA,slow_signal,5075.94922866947,0.7847333831501995,-0.831744426820213,0.999999999784031,22,1,2025-11-06
RTX/SNA,RTX,SNA,slow_signal,464.5404127024462,0.09976707302322586,-0.831744426820213,0.44475047524028594,30,1,2025-11-06
ATO/PCG,ATO,PCG,slow_signal,-13486.58754240432,-1.4705873487493528,-0.831744426820213,2.693763599894847e-27,52,1,2025-11-06
AIG/L,AIG,L,slow_signal,-981.1091984842303,-0.2893871529736964,-0.831744426820213,1.4551049882348536e-16,40,1,2025-11-06
AON/KKR,AON,KKR,slow_signal,-120.7845398348211,-0.01357346096550041,-0.831744426820213,0.010288834640063249,30,1,2025-11-06
CDNS/PTC,CDNS,PTC,slow_signal,-1673.340000000037,-0.23114331758015066,-0.831744426820213,1.3165065668219094e-05,34,1,2025-11-06
HAS/YUM,HAS,YUM,short_z_long_v,4525.321081469358,0.48390453570883046,-1.062426496359396,0.9996426924383994,46,1,2025-11-06
CSCO/PAYC,CSCO,PAYC,short_z_long_v,-6031.468231065015,-0.5949973292862759,-1.062426496359396,7.90472778934154e-08,42,1,2025-11-06
UNP/VLTO,UNP,VLTO,short_z_long_v,3242.965029545115,0.49270571044710254,-1.062426496359396,0.9999627329489774,40,1,2025-11-06
CME/DE,CME,DE,short_z_long_v,9374.755974077161,1.251886100747423,-1.062426496359396,0.9999999999998984,50,1,2025-11-06
EXR/WY,EXR,WY,short_z_long_v,5962.747175420374,0.7848731457864118,-1.062426496359396,0.9999991320655324,52,1,2025-11-06
BSX/PFE,BSX,PFE,short_z_long_v,1944.587707113599,0.24376101226426472,-1.062426496359396,0.9898638147975821,48,1,2025-11-06
AIG/CFG,AIG,CFG,short_z_long_v,-15138.59813868995,-2.2913317763914343,-1.062426496359396,2.1267614882099924e-20,54,1,2025-11-06
AKAM/KEYS,AKAM,KEYS,short_z_long_v,-12306.50000000001,-1.0073603170696,-1.062426496359396,1.9521246818199973e-06,52,1,2025-11-06
TXT/YUM,TXT,YUM,short_z_long_v,-12404.36888273145,-1.4725489748464997,-1.062426496359396,2.2886246912915546e-10,56,1,2025-11-06
BIIB/HCA,BIIB,HCA,short_z_long_v,7519.801070127605,0.9666370512056245,-1.062426496359396,0.9999999999999668,38,1,2025-11-06
RTX/SNA,RTX,SNA,short_z_long_v,2293.506831869268,0.2939431532803416,-1.062426496359396,0.9933326174798512,50,1,2025-11-06
ATO/PCG,ATO,PCG,short_z_long_v,-7188.867606340773,-0.8156073031031554,-1.062426496359396,1.4879837781159348e-21,72,1,2025-11-06
AIG/L,AIG,L,short_z_long_v,-812.4182778465541,-0.19902853124424608,-1.062426496359396,3.948451191282438e-09,54,1,2025-11-06
AON/KKR,AON,KKR,short_z_long_v,5084.904579778759,0.4148134444998555,-1.062426496359396,0.9999729383916696,58,1,2025-11-06
CDNS/PTC,CDNS,PTC,short_z_long_v,2239.640000000023,0.29663205814473426,-1.062426496359396,0.9986305434585185,50,1,2025-11-06
HAS/YUM,HAS,YUM,low_vol_specialist,14508.45206008832,1.915052737322016,-1.1333946537036963,1.0,86,1,2025-11-06
CSCO/PAYC,CSCO,PAYC,low_vol_specialist,-9871.901855779819,-0.9430338751834318,-1.1333946537036963,1.7752826295179036e-24,92,1,2025-11-06
UNP/VLTO,UNP,VLTO,low_vol_specialist,-247.7975449095902,-0.03498179093574603,-1.1333946537036963,0.002386147432509388,84,1,2025-11-06
CME/DE,CME,DE,low_vol_specialist,11392.70816846823,1.233783976407115,-1.1333946537036963,1.0,76,1,2025-11-06
EXR/WY,EXR,WY,low_vol_specialist,1717.199194966292,0.19721897530826088,-1.1333946537036963,0.9266571099655494,98,1,2025-11-06
BSX/PFE,BSX,PFE,low_vol_specialist,1120.833631153635,0.09653144855943906,-1.1333946537036963,0.4163929011415661,84,1,2025-11-06
AIG/CFG,AIG,CFG,low_vol_specialist,-7924.904384030926,-0.7472136409883752,-1.1333946537036963,2.578647294646194e-24,110,1,2025-11-06
AKAM/KEYS,AKAM,KEYS,low_vol_specialist,-19849.13000000001,-1.3436328564080253,-1.1333946537036963,3.687566470646129e-07,72,1,2025-11-06
TXT/YUM,TXT,YUM,low_vol_specialist,-624.1899608824097,-0.062185282987995444,-1.1333946537036963,0.0002764766691013215,92,1,2025-11-06
BIIB/HCA,BIIB,HCA,low_vol_specialist,569.2518178885382,0.05459412303164685,-1.1333946537036963,0.1432717349062717,80,1,2025-11-06
RTX/SNA,RTX,SNA,low_vol_specialist,1701.77427666843,0.196693792128969,-1.1333946537036963,0.9291854547666482,80,1,2025-11-06
ATO/PCG,ATO,PCG,low_vol_specialist,-3467.344006823836,-0.3446835084594018,-1.1333946537036963,2.319005269264744e-14,112,1,2025-11-06
AIG/L,AIG,L,low_vol_specialist,473.5074958847927,0.09075396581809538,-1.1333946537036963,0.3711699940799454,94,1,2025-11-06
AON/KKR,AON,KKR,low_vol_specialist,-13183.37639260334,-0.9137892325384104,-1.1333946537036963,1.9804211585029638e-29,84,1,2025-11-06
CDNS/PTC,CDNS,PTC,low_vol_specialist,1003.019999999998,0.09634944028802601,-1.1333946537036963,0.4161858685151537,68,1,2025-11-06
HAS/YUM,HAS,YUM,no_leverage,3259.728048719573,0.5933366445877455,-1.1940150515085497,0.9949261234604941,42,1,2025-11-06
CSCO/PAYC,CSCO,PAYC,no_leverage,2122.481313454744,0.4551075218708728,-1.1940150515085497,0.9999888715185752,50,1,2025-11-06
UNP/VLTO,UNP,VLTO,no_leverage,1277.278962231843,0.4273874214722589,-1.1940150515085497,0.9994622374056321,42,1,2025-11-06
CME/DE,CME,DE,no_leverage,1232.201228882461,0.30638890764813775,-1.1940150515085497,0.999292260911077,52,1,2025-11-06
EXR/WY,EXR,WY,no_leverage,2378.840195332347,0.5756951412971327,-1.1940150515085497,0.999999990493159,46,1,2025-11-06
BSX/PFE,BSX,PFE,no_leverage,-193.3955523645227,-0.03606174504562311,-1.1940150515085497,0.0021477135572653934,48,1,2025-11-06
AIG/CFG,AIG,CFG,no_leverage,2461.612953493421,0.632551225514115,-1.1940150515085497,0.9999999999997411,52,1,2025-11-06
AKAM/KEYS,AKAM,KEYS,no_leverage,1372.079999999996,0.36905053663556625,-1.1940150515085497,0.9997355012147913,36,1,2025-11-06
TXT/YUM,TXT,YUM,no_leverage,-1774.078290759199,-0.5019142716687414,-1.1940150515085497,7.874763922637743e-21,50,1,2025-11-06
BIIB/HCA,BIIB,HCA,no_leverage,-977.8472024756957,-0.2228539097926755,-1.1940150515085497,2.3042445271260258e-08,48,1,2025-11-06
RTX/SNA,RTX,SNA,no_leverage,976.6419077786039,0.2893944008466988,-1.1940150515085497,0.9745693557844759,48,1,2025-11-06
ATO/PCG,ATO,PCG,no_leverage,-2372.550614835704,-0.653424203466184,-1.1940150515085497,8.860463482682697e-16,48,1,2025-11-06
AIG/L,AIG,L,no_leverage,-3061.558114017923,-1.5390488952988497,-1.1940150515085497,2.604551557377042e-18,34,1,2025-11-06
AON/KKR,AON,KKR,no_leverage,517.049808712663,0.10725145668255104,-1.1940150515085497,0.49235978586893997,38,1,2025-11-06
CDNS/PTC,CDNS,PTC,no_leverage,-2011.200000000009,-0.46382709836213093,-1.1940150515085497,7.808581428765555e-08,42,1,2025-11-06
HAS/YUM,HAS,YUM,high_turnover,4613.282411994378,0.5780339512189162,-1.286819484314934,0.9999999995888242,78,1,2025-11-06
CSCO/PAYC,CSCO,PAYC,high_turnover,-1618.439269597535,-0.1635364088351834,-1.286819484314934,2.8450255126715263e-09,64,1,2025-11-06
UNP/VLTO,UNP,VLTO,high_turnover,-2685.920604345513,-0.3722755655936762,-1.286819484314934,1.545122032507475e-19,82,1,2025-11-06
CME/DE,CME,DE,high_turnover,-700.9924572851603,-0.07475261972058296,-1.286819484314934,0.0003472701625325732,76,1,2025-11-06
EXR/WY,EXR,WY,high_turnover,3086.176314804858,0.43674377666192415,-1.286819484314934,0.9999999892329602,70,1,2025-11-06
BSX/PFE,BSX,PFE,high_turnover,-8380.412220968872,-0.7295499294057528,-1.286819484314934,1.6656716258192757e-24,70,1,2025-11-06
AIG/CFG,AIG,CFG,high_turnover,-5567.527500562741,-0.6680659463187995,-1.286819484314934,6.968548299703664e-07,70,1,2025-11-06
AKAM/KEYS,AKAM,KEYS,high_turnover,-130.6600000000171,-0.019822309289443132,-1.286819484314934,0.0072076508987077995,62,1,2025-11-06
TXT/YUM,TXT,YUM,high_turnover,550.5512413891933,0.05991776918213423,-1.286819484314934,0.1891691192707658,72,1,2025-11-06
BIIB/HCA,BIIB,HCA,high_turnover,-2826.066425721181,-0.282408531916201,-1.286819484314934,4.847202476602801e-12,80,1,2025-11-06
RTX/SNA,RTX,SNA,high_turnover,5104.643487780419,0.909909381984923,-1.286819484314934,0.9999999999999974,70,1,2025-11-06
ATO/PCG,ATO,PCG,high_turnover,746.7348015056932,0.10788227882836753,-1.286819484314934,0.4982714869387758,64,1,2025-11-06
AIG/L,AIG,L,high_turnover,10721.76385135088,2.101610401452227,-1.286819484314934,0.9999999990785242,70,1,2025-11-06
AON/KKR,AON,KKR,high_turnover,-6705.024722526449,-0.6344688164902328,-1.286819484314934,2.6196107951224367e-12,64,1,2025-11-06
CDNS/PTC,CDNS,PTC,high_turnover,-17468.73000000002,-1.355862736220776,-1.286819484314934,2.1150025592920333e-05,70,1,2025-11-06
HAS/YUM,HAS,YUM,conservative,2410.501866438484,1.528174370235208,-2.018693146734774,0.9999856001807998,16,1,2025-11-06
CSCO/PAYC,CSCO,PAYC,conservative,2465.218169621533,0.734417556552102,-2.018693146734774,0.9973608435265122,14,1,2025-11-06
UNP/VLTO,UNP,VLTO,conservative,-115.9435735391572,-0.04390228226640848,-2.018693146734774,0.0010574660416516131,20,1,2025-11-06
CME/DE,CME,DE,conservative,1392.882243712308,0.6496596651379767,-2.018693146734774,0.9999969993341806,22,1,2025-11-06
EXR/WY,EXR,WY,conservative,161.641951407831,0.10081718758319631,-2.018693146734774,0.439793420447159,20,1,2025-11-06
BSX/PFE,BSX,PFE,conservative,-2342.382254369383,-0.9403258800962417,-2.018693146734774,7.105176137645806e-10,18,1,2025-11-06
AIG/CFG,AIG,CFG,conservative,959.9532051051889,0.38011269864474306,-2.018693146734774,0.9999589690246905,26,1,2025-11-06
AKAM/KEYS,AKAM,KEYS,conservative,-534.2400000000081,-0.3540644573639345,-2.018693146734774,7.278487326428513e-08,16,1,2025-11-06
TXT/YUM,TXT,YUM,conservative,-46.65697770578822,-0.02351676171462368,-2.018693146734774,0.0060056919906556075,24,1,2025-11-06
BIIB/HCA,BIIB,HCA,conservative,-1833.662867124633,-0.6656360356322596,-2.018693146734774,4.172183873989653e-07,16,1,2025-11-06
RTX/SNA,RTX,SNA,conservative,1055.17582822499,0.5970398625462172,-2.018693146734774,0.9999396256099734,24,1,2025-11-06
ATO/PCG,ATO,PCG,conservative,-1365.629750114886,-0.5433204641432771,-2.018693146734774,6.051444094872468e-11,36,1,2025-11-06
AIG/L,AIG,L,conservative,916.9638110356364,0.7761481720528653,-2.018693146734774,0.999999249302669,26,1,2025-11-06
AON/KKR,AON,KKR,conservative,808.6825255573928,0.3369258027455358,-2.018693146734774,0.9935839219317144,14,1,2025-11-06
CDNS/PTC,CDNS,PTC,conservative,1520.069999999986,0.43226418135224376,-2.018693146734774,0.9999938520394006,26,1,2025-11-06
HAS/YUM,HAS,YUM,deep_entry_quick_exit,12362.05214125574,2.5025656779596055,0.8229156642187918,0.9999999999976437,20,2,2025-12-12
CSCO/PAYC,CSCO,PAYC,deep_entry_quick_exit,3502.446436233758,0.44231395791680866,0.8229156642187918,0.9995787761540085,20,2,2025-12-12
UNP/VLTO,UNP,VLTO,deep_entry_quick_exit,4570.351624281822,0.8528438832363577,0.8229156642187918,0.9999995767550232,22,2,2025-12-12
CME/DE,CME,DE,deep_entry_quick_exit,3394.389354226362,0.5442049545758036,0.8229156642187918,0.9999989582860109,24,2,2025-12-12
EXR/WY,EXR,WY,deep_entry_quick_exit,1936.515972903396,0.4169702379036172,0.8229156642187918,0.9999992305551706,14,2,2025-12-12
BSX/PFE,BSX,PFE,deep_entry_quick_exit,3925.572597900858,0.39809004668936476,0.8229156642187918,0.9986954083587527,32,2,2025-12-12
AIG/CFG,AIG,CFG,deep_entry_quick_exit,1047.903664240153,0.13253539717371174,0.8229156642187918,0.6864560780018236,28,2,2025-12-12
AKAM/KEYS,AKAM,KEYS,deep_entry_quick_exit,2101.889999999986,0.2871847757777482,0.8229156642187918,0.982491663933542,12,2,2025-12-12
TXT/YUM,TXT,YUM,deep_entry_quick_exit,1800.135188469879,0.2625977369105683,0.8229156642187918,0.9986854399335694,26,2,2025-12-12
BIIB/HCA,BIIB,HCA,deep_entry_quick_exit,-191.6613274647711,-0.028813585622319962,0.8229156642187918,0.0045480191412865635,20,2,2025-12-12
RTX/SNA,RTX,SNA,deep_entry_quick_exit,1356.814514765553,0.406351937176062,0.8229156642187918,0.9985750267864231,14,2,2025-12-12
ATO/PCG,ATO,PCG,deep_entry_quick_exit,-3883.761739385321,-0.7117125352002085,0.8229156642187918,2.6856484647124077e-09,28,2,2025-12-12
AIG/L,AIG,L,deep_entry_quick_exit,679.158132406908,0.19089351770616644,0.8229156642187918,0.945305318909414,18,2,2025-12-12
AON/KKR,AON,KKR,deep_entry_quick_exit,1514.937953107315,0.22547924395380115,0.8229156642187918,0.9902432817033275,20,2,2025-12-12
CDNS/PTC,CDNS,PTC,deep_entry_quick_exit,15394.91999999999,1.62247403576494,0.8229156642187918,0.9999986813858532,24,2,2025-12-12
HAS/YUM,HAS,YUM,vol_gated,8884.41238822768,0.7691366397415571,0.7690339106331098,0.9999924914454262,58,2,2025-12-12
CSCO/PAYC,CSCO,PAYC,vol_gated,-670.524775267962,-0.06041810937857044,0.7690339106331098,0.0010240750312887766,42,2,2025-12-12
UNP/VLTO,UNP,VLTO,vol_gated,176.7941091078683,0.02551069420234635,0.7690339106331098,0.05897493340303692,66,2,2025-12-12
CME/DE,CME,DE,vol_gated,6419.018524289636,0.7336606628576177,0.7690339106331098,0.9999999999986943,56,2,2025-12-12
EXR/WY,EXR,WY,vol_gated,7062.177128363639,0.7379979038551124,0.7690339106331098,0.9999999999774383,52,2,2025-12-12
BSX/PFE,BSX,PFE,vol_gated,5140.661577088289,0.4696260039037789,0.7690339106331098,0.9999999654278605,58,2,2025-12-12
AIG/CFG,AIG,CFG,vol_gated,1310.15525686366,0.16302677516725836,0.7690339106331098,0.8727869144031704,58,2,2025-12-12
AKAM/KEYS,AKAM,KEYS,vol_gated,14561.25,1.6580797600119548,0.7690339106331098,0.9999999381581414,46,2,2025-12-12
TXT/YUM,TXT,YUM,vol_gated,-459.1819156955244,-0.0574030667561048,0.7690339106331098,0.0005250377719641896,56,2,2025-12-12
BIIB/HCA,BIIB,HCA,vol_gated,7952.161401363011,0.730617060964723,0.7690339106331098,0.9999999999999075,80,2,2025-12-12
RTX/SNA,RTX,SNA,vol_gated,4250.095291911895,0.6568966087079575,0.7690339106331098,0.9999999879821863,46,2,2025-12-12
ATO/PCG,ATO,PCG,vol_gated,-4861.99311476437,-0.603421054160966,0.7690339106331098,4.439173912593323e-28,50,2,2025-12-12
AIG/L,AIG,L,vol_gated,931.2881870172591,0.16445937987258122,0.7690339106331098,0.918622736557565,56,2,2025-12-12
AON/KKR,AON,KKR,vol_gated,5359.295462612232,0.44466492814652514,0.7690339106331098,0.9999999990271601,62,2,2025-12-12
CDNS/PTC,CDNS,PTC,vol_gated,259.1299999999819,0.02452972643727092,0.7690339106331098,0.05223093828060098,70,2,2025-12-12
HAS/YUM,HAS,YUM,deep_dislocation,16781.29032019123,1.998951738961564,0.7491407159734773,0.9999999999999992,20,2,2025-12-12
CSCO/PAYC,CSCO,PAYC,deep_dislocation,2477.579906254775,0.20124029395783471,0.7491407159734773,0.9899073293370857,18,2,2025-12-12
UNP/VLTO,UNP,VLTO,deep_dislocation,1993.129323353476,0.2517605478129031,0.7491407159734773,0.9840546861482843,22,2,2025-12-12
CME/DE,CME,DE,deep_dislocation,5131.543216018199,0.5448715864546921,0.7491407159734773,0.9999990997713997,24,2,2025-12-12
EXR/WY,EXR,WY,deep_dislocation,674.1593104863736,0.07765601329167747,0.7491407159734773,0.28797349480975587,16,2,2025-12-12
BSX/PFE,BSX,PFE,deep_dislocation,6504.57258272441,0.5172922291051003,0.7491407159734773,0.9999991068575571,34,2,2025-12-12
AIG/CFG,AIG,CFG,deep_dislocation,-11813.2400234035,-0.8845685604109725,0.7491407159734773,5.281773371483108e-21,30,2,2025-12-12
AKAM/KEYS,AKAM,KEYS,deep_dislocation,6873.999999999987,0.563987488808824,0.7491407159734773,0.9994632833591732,10,2,2025-12-12
TXT/YUM,TXT,YUM,deep_dislocation,86.79043103239383,0.008503105474723487,0.7491407159734773,0.02676454157305926,26,2,2025-12-12
BIIB/HCA,BIIB,HCA,deep_dislocation,3398.268987426011,0.33001128736883945,0.7491407159734773,0.9997919937455771,16,2,2025-12-12
RTX/SNA,RTX,SNA,deep_dislocation,946.4508687434113,0.17788360388457952,0.7491407159734773,0.881938097022935,12,2,2025-12-12
ATO/PCG,ATO,PCG,deep_dislocation,-4263.226590433687,-0.3278593692395556,0.7491407159734773,5.1910370506748146e-14,28,2,2025-12-12
AIG/L,AIG,L,deep_dislocation,3741.594231282725,0.6587634620718226,0.7491407159734773,0.9999999953025612,18,2,2025-12-12
AON/KKR,AON,KKR,deep_dislocation,4362.294723904313,0.38773198405233883,0.7491407159734773,0.9999899306695594,22,2,2025-12-12
CDNS/PTC,CDNS,PTC,deep_dislocation,21355.49999999997,1.4981523787072941,0.7491407159734773,0.9999984796201445,22,2,2025-12-12
HAS/YUM,HAS,YUM,long_z_short_v,57.29311738174283,0.008362532120094758,0.7060020173259947,0.026637725513334067,44,2,2025-12-12
CSCO/PAYC,CSCO,PAYC,long_z_short_v,3342.244770439183,0.4299037331362702,0.7060020173259947,0.9999928745019627,42,2,2025-12-12
UNP/VLTO,UNP,VLTO,long_z_short_v,6669.342512318577,1.0601164875081703,0.7060020173259947,0.9999999999999372,48,2,2025-12-12
CME/DE,CME,DE,long_z_short_v,11962.12921595883,1.4999494044901103,0.7060020173259947,0.999999999966252,46,2,2025-12-12
EXR/WY,EXR,WY,long_z_short_v,6687.964136496199,0.8737097328584,0.7060020173259947,1.0,38,2,2025-12-12
BSX/PFE,BSX,PFE,long_z_short_v,14892.56019498966,1.3687468475631512,0.7060020173259947,0.9999999974724143,32,2,2025-12-12
AIG/CFG,AIG,CFG,long_z_short_v,-133.3491039853811,-0.01692286708273621,0.7060020173259947,0.0066648721659133695,40,2,2025-12-12
AKAM/KEYS,AKAM,KEYS,long_z_short_v,143.2599999999707,0.014352044620400448,0.7060020173259947,0.033008573579865336,28,2,2025-12-12
TXT/YUM,TXT,YUM,long_z_short_v,-4160.273243606446,-0.5230014761656326,0.7060020173259947,1.522444585072207e-20,40,2,2025-12-12
BIIB/HCA,BIIB,HCA,long_z_short_v,2595.006008314242,0.32468139696771164,0.7060020173259947,0.9998573090920704,32,2,2025-12-12
RTX/SNA,RTX,SNA,long_z_short_v,9924.137631348662,1.6774371420260805,0.7060020173259947,0.9999664494766404,36,2,2025-12-12
ATO/PCG,ATO,PCG,long_z_short_v,-10600.96216448081,-1.079467236750604,0.7060020173259947,4.032154350623687e-25,32,2,2025-12-12
AIG/L,AIG,L,long_z_short_v,827.0426929475059,0.1768995221190687,0.7060020173259947,0.9456356093844609,30,2,2025-12-12
AON/KKR,AON,KKR,long_z_short_v,2416.195964076069,0.18595896379358562,0.7060020173259947,0.9743215633149307,40,2,2025-12-12
CDNS/PTC,CDNS,PTC,long_z_short_v,8065.729999999985,0.8709714478763533,0.7060020173259947,0.9999999998710861,36,2,2025-12-12
HAS/YUM,HAS,YUM,vol_adaptive,8362.268391243651,0.7322756046303548,0.4076464686940854,0.9999903410680834,58,2,2025-12-12
CSCO/PAYC,CSCO,PAYC,vol_adaptive,1490.683564299877,0.13278432451102037,0.4076464686940854,0.7077476671916698,46,2,2025-12-12
UNP/VLTO,UNP,VLTO,vol_adaptive,203.5510231003882,0.029469038530117807,0.4076464686940854,0.06917622823254391,66,2,2025-12-12
CME/DE,CME,DE,vol_adaptive,6409.295920983617,0.7044388738115817,0.4076464686940854,0.9999999999998338,58,2,2025-12-12
EXR/WY,EXR,WY,vol_adaptive,5422.705721154778,0.5708681285255487,0.4076464686940854,0.9999999997185375,52,2,2025-12-12
BSX/PFE,BSX,PFE,vol_adaptive,5035.227628112907,0.4453734856584684,0.4076464686940854,0.999999971224239,62,2,2025-12-12
AIG/CFG,AIG,CFG,vol_adaptive,4159.35584601355,0.4874966098049671,0.4076464686940854,0.9999999986957029,60,2,2025-12-12
AKAM/KEYS,AKAM,KEYS,vol_adaptive,9529.810000000003,1.0039864369118818,0.4076464686940854,0.9999995379662922,48,2,2025-12-12
TXT/YUM,TXT,YUM,vol_adaptive,-575.942038109155,-0.07077588515268404,0.4076464686940854,0.0001957735924168955,58,2,2025-12-12
BIIB/HCA,BIIB,HCA,vol_adaptive,7907.570997331538,0.728677549214893,0.4076464686940854,0.9999999999999015,80,2,2025-12-12
RTX/SNA,RTX,SNA,vol_adaptive,3088.40010070358,0.46732775096707224,0.4076464686940854,0.9999998613224546,48,2,2025-12-12
ATO/PCG,ATO,PCG,vol_adaptive,-5288.354153030553,-0.6574418056675838,0.4076464686940854,8.508069707193546e-28,52,2,2025-12-12
AIG/L,AIG,L,vol_adaptive,-2062.850995450281,-0.341140332444032,0.4076464686940854,2.1430509715310355e-07,56,2,2025-12-12
AON/KKR,AON,KKR,vol_adaptive,40.90235222577121,0.003173299989107977,0.4076464686940854,0.02077658927686626,70,2,2025-12-12
CDNS/PTC,CDNS,PTC,vol_adaptive,-857.5700000000052,-0.08054463441026209,0.4076464686940854,0.00023858059293906957,70,2,2025-12-12
HAS/YUM,HAS,YUM,aggressive,33740.61649753738,1.8077286197370515,0.3765802758064788,0.9999998977614172,80,2,2025-12-12
CSCO/PAYC,CSCO,PAYC,aggressive,176.4010487462726,0.009359351504340412,0.3765802758064788,0.027660252831580575,74,2,2025-12-12
UNP/VLTO,UNP,VLTO,aggressive,-6530.845872462339,-0.5412031175876825,0.3765802758064788,9.01362243553159e-26,76,2,2025-12-12
CME/DE,CME,DE,aggressive,12721.56850717847,0.8318166996966295,0.3765802758064788,1.0,76,2,2025-12-12
EXR/WY,EXR,WY,aggressive,5512.395092873414,0.3477364643543951,0.3765802758064788,0.9999989496794562,78,2,2025-12-12
BSX/PFE,BSX,PFE,aggressive,5784.685883088187,0.2578914545728737,0.3765802758064788,0.997725663119295,92,2,2025-12-12
AIG/CFG,AIG,CFG,aggressive,-6001.685351797201,-0.351799249416939,0.3765802758064788,4.627872208302379e-15,96,2,2025-12-12
AKAM/KEYS,AKAM,KEYS,aggressive,15095.42999999999,0.6427993234869241,0.3765802758064788,0.9999969452032245,62,2,2025-12-12
TXT/YUM,TXT,YUM,aggressive,-5740.229242673875,-0.36197621439208605,0.3765802758064788,7.715297118055745e-15,88,2,2025-12-12
BIIB/HCA,BIIB,HCA,aggressive,26794.67609452362,1.3998812169737949,0.3765802758064788,1.0,108,2,2025-12-12
RTX/SNA,RTX,SNA,aggressive,2475.355703706452,0.1719930440205815,0.3765802758064788,0.8499598529621911,86,2,2025-12-12
ATO/PCG,ATO,PCG,aggressive,-13094.08524429479,-0.778086751473262,0.3765802758064788,5.836576677609447e-27,74,2,2025-12-12
AIG/L,AIG,L,aggressive,-465.3656015019897,-0.04327303435421122,0.3765802758064788,0.0023394893454208618,86,2,2025-12-12
AON/KKR,AON,KKR,aggressive,-10327.58614220397,-0.473123078100275,0.3765802758064788,1.2448749503980659e-15,86,2,2025-12-12
CDNS/PTC,CDNS,PTC,aggressive,-7385.309999999978,-0.4063024778147818,0.3765802758064788,2.029734963064719e-12,84,2,2025-12-12
HAS/YUM,HAS,YUM,stable_signal_quick_exit,18006.38462546273,1.9908961557107234,0.3271089665519413,0.9999999315506752,40,2,2025-12-12
CSCO/PAYC,CSCO,PAYC,stable_signal_quick_exit,6475.253594487006,0.6010994379582442,0.3271089665519413,0.999999537728102,54,2,2025-12-12
UNP/VLTO,UNP,VLTO,stable_signal_quick_exit,734.9261978211453,0.11091894503601189,0.3271089665519413,0.5442534306771303,48,2,2025-12-12
CME/DE,CME,DE,stable_signal_quick_exit,14552.67311987143,1.5705927425176744,0.3271089665519413,0.9999999999953677,46,2,2025-12-12
EXR/WY,EXR,WY,stable_signal_quick_exit,1292.186632839535,0.17990053272305492,0.3271089665519413,0.9399973228308668,40,2,2025-12-12
BSX/PFE,BSX,PFE,stable_signal_quick_exit,5195.57391457505,0.47366002176629113,0.3271089665519413,0.9999482233948251,46,2,2025-12-12
AIG/CFG,AIG,CFG,stable_signal_quick_exit,-7334.32302437187,-0.8801810530626827,0.3271089665519413,2.6189994962820675e-10,48,2,2025-12-12
AKAM/KEYS,AKAM,KEYS,stable_signal_quick_exit,-3751.899999999986,-0.28213753955732346,0.3271089665519413,4.298035439226599e-11,40,2,2025-12-12
TXT/YUM,TXT,YUM,stable_signal_quick_exit,3301.309375380661,0.41742484551461934,0.3271089665519413,0.9999994929909806,42,2,2025-12-12
BIIB/HCA,BIIB,HCA,stable_signal_quick_exit,5356.893728925228,0.5798070184457266,0.3271089665519413,0.9999999999409288,50,2,2025-12-12
RTX/SNA,RTX,SNA,stable_signal_quick_exit,4346.176407984809,0.8324141633240092,0.3271089665519413,0.9999999999895516,36,2,2025-12-12
ATO/PCG,ATO,PCG,stable_signal_quick_exit,-881.6132148436045,-0.1306637476751674,0.3271089665519413,2.4131374226704288e-08,34,2,2025-12-12
AIG/L,AIG,L,stable_signal_quick_exit,-866.5157039174013,-0.15865190661980358,0.3271089665519413,8.220907830023712e-05,46,2,2025-12-12
AON/KKR,AON,KKR,stable_signal_quick_exit,-3156.631433757576,-0.30145680519741175,0.3271089665519413,3.193640915679332e-08,44,2,2025-12-12
CDNS/PTC,CDNS,PTC,stable_signal_quick_exit,-4339.29000000003,-0.44096292222888767,0.3271089665519413,4.590058347701176e-09,48,2,2025-12-12
HAS/YUM,HAS,YUM,static_threshold,6396.736006084084,0.6093620486055634,0.2854170366999536,0.9999999999999989,74,2,2025-12-12
CSCO/PAYC,CSCO,PAYC,static_threshold,8260.09714396557,0.6630450298391615,0.2854170366999536,0.9999999994444301,84,2,2025-12-12
UNP/VLTO,UNP,VLTO,static_threshold,10093.58061755646,1.1516922412746946,0.2854170366999536,0.9999999999998446,84,2,2025-12-12
CME/DE,CME,DE,static_threshold,21179.42377142234,1.5281471726034013,0.2854170366999536,0.9999999999999775,116,2,2025-12-12
EXR/WY,EXR,WY,static_threshold,3948.859385372875,0.4278169131115721,0.2854170366999536,0.9999999997045625,62,2,2025-12-12
BSX/PFE,BSX,PFE,static_threshold,8858.095017441756,0.6575429548843513,0.2854170366999536,0.9999999993386864,76,2,2025-12-12
AIG/CFG,AIG,CFG,static_threshold,-6180.973670336222,-0.5881850172275402,0.2854170366999536,4.13593064157998e-27,78,2,2025-12-12
AKAM/KEYS,AKAM,KEYS,static_threshold,-9719.169999999982,-0.5307914986409658,0.2854170366999536,1.4832369903627317e-07,72,2,2025-12-12
TXT/YUM,TXT,YUM,static_threshold,2055.417155449531,0.1853385235483768,0.2854170366999536,0.9411977811043168,78,2,2025-12-12
BIIB/HCA,BIIB,HCA,static_threshold,7622.482893879761,0.6460313419567453,0.2854170366999536,1.0,94,2,2025-12-12
RTX/SNA,RTX,SNA,static_threshold,12759.14482057085,1.117052627031442,0.2854170366999536,0.9999954140490044,84,2,2025-12-12
ATO/PCG,ATO,PCG,static_threshold,-12942.32992507465,-1.1517155140760764,0.2854170366999536,3.338788256036524e-26,86,2,2025-12-12
AIG/L,AIG,L,static_threshold,-6366.475528282784,-0.9042854553934646,0.2854170366999536,3.708162360888237e-19,84,2,2025-12-12
AON/KKR,AON,KKR,static_threshold,-7933.815208936557,-0.47730497384377985,0.2854170366999536,1.5917474833390772e-11,84,2,2025-12-12
CDNS/PTC,CDNS,PTC,static_threshold,2739.819999999989,0.2776374350331503,0.2854170366999536,0.9997877701891402,64,2,2025-12-12
HAS/YUM,HAS,YUM,vol_agnostic,2399.391912939065,0.17928088088397148,0.1561864963381834,0.8482514507856962,78,2,2025-12-12
CSCO/PAYC,CSCO,PAYC,vol_agnostic,7570.403598704393,0.6150290482346776,0.1561864963381834,0.999999999262222,80,2,2025-12-12
UNP/VLTO,UNP,VLTO,vol_agnostic,1312.34828816864,0.1575225995219138,0.1561864963381834,0.8284196705695018,82,2,2025-12-12
CME/DE,CME,DE,vol_agnostic,14839.07401121953,1.1885040886911544,0.1561864963381834,0.9999999999999938,104,2,2025-12-12
EXR/WY,EXR,WY,vol_agnostic,13228.91321709496,1.1653720303641995,0.1561864963381834,1.0,68,2,2025-12-12
BSX/PFE,BSX,PFE,vol_agnostic,12212.94151748152,0.8643296125547362,0.1561864963381834,0.9999999999998161,70,2,2025-12-12
AIG/CFG,AIG,CFG,vol_agnostic,-5885.079839527103,-0.519194532560111,0.1561864963381834,1.2894189532832049e-26,78,2,2025-12-12
AKAM/KEYS,AKAM,KEYS,vol_agnostic,-8943.659999999978,-0.49424826890187906,0.1561864963381834,1.9034658338340862e-07,60,2,2025-12-12
TXT/YUM,TXT,YUM,vol_agnostic,-6025.46708867188,-0.5562216621010002,0.1561864963381834,4.774688083286481e-21,70,2,2025-12-12
BIIB/HCA,BIIB,HCA,vol_agnostic,16399.2216663894,1.2011858137850522,0.1561864963381834,1.0,102,2,2025-12-12
RTX/SNA,RTX,SNA,vol_agnostic,8018.899877331561,0.6854123375252694,0.1561864963381834,0.9999972834521943,78,2,2025-12-12
ATO/PCG,ATO,PCG,vol_agnostic,-11026.89790329224,-0.902584183589605,0.1561864963381834,3.284183143476791e-31,58,2,2025-12-12
AIG/L,AIG,L,vol_agnostic,-11385.05254409886,-1.5552725000954792,0.1561864963381834,1.0838574913677024e-18,74,2,2025-12-12
AON/KKR,AON,KKR,vol_agnostic,486.0224451839802,0.02713933464205302,0.1561864963381834,0.05698532559233866,90,2,2025-12-12
CDNS/PTC,CDNS,PTC,vol_agnostic,1006.539999999995,0.09757179694476392,0.1561864963381834,0.43939126409084867,56,2,2025-12-12
HAS/YUM,HAS,YUM,slow_reentry,6299.080776159567,0.5479056105696907,-0.0535554963346379,0.9941956824371865,38,2,2025-12-12
CSCO/PAYC,CSCO,PAYC,slow_reentry,12476.60046431922,1.363043925525736,-0.0535554963346379,0.9999967215551888,46,2,2025-12-12
UNP/VLTO,UNP,VLTO,slow_reentry,2127.547634311544,0.31635550144363467,-0.0535554963346379,0.9973505871307998,44,2,2025-12-12
CME/DE,CME,DE,slow_reentry,2583.795049480184,0.3092447955318827,-0.0535554963346379,0.9996261330834336,52,2,2025-12-12
EXR/WY,EXR,WY,slow_reentry,2823.682508204489,0.31368338559152825,-0.0535554963346379,0.9999913051271001,42,2,2025-12-12
BSX/PFE,BSX,PFE,slow_reentry,-5586.198899174165,-0.5280688981305035,-0.0535554963346379,1.0834199033823529e-13,42,2,2025-12-12
AIG/CFG,AIG,CFG,slow_reentry,7366.159451294065,0.8278208536400915,-0.0535554963346379,1.0,50,2,2025-12-12
AKAM/KEYS,AKAM,KEYS,slow_reentry,-631.8299999999947,-0.07427672937629579,-0.0535554963346379,0.0007102440924454841,30,2,2025-12-12
TXT/YUM,TXT,YUM,slow_reentry,-3456.53573226803,-0.46108579485508655,-0.0535554963346379,7.493783075504133e-20,50,2,2025-12-12
BIIB/HCA,BIIB,HCA,slow_reentry,6006.090628195077,0.5848061354615148,-0.0535554963346379,0.9999999999777015,50,2,2025-12-12
RTX/SNA,RTX,SNA,slow_reentry,4482.60251318458,0.7546628065338384,-0.0535554963346379,0.9999996457932553,42,2,2025-12-12
ATO/PCG,ATO,PCG,slow_reentry,-4034.949244415072,-0.6284093270166302,-0.0535554963346379,4.1673504700449715e-15,40,2,2025-12-12
AIG/L,AIG,L,slow_reentry,-5840.989326292233,-1.6303874338024749,-0.0535554963346379,9.409025257430731e-18,32,2,2025-12-12
AON/KKR,AON,KKR,slow_reentry,2385.276820728799,0.23876806879777446,-0.0535554963346379,0.9985576186065962,44,2,2025-12-12
CDNS/PTC,CDNS,PTC,slow_reentry,-2322.810000000007,-0.2465811551934071,-0.0535554963346379,1.3699552656923087e-06,46,2,2025-12-12
HAS/YUM,HAS,YUM,high_entry,9196.462537504314,2.138633772565675,-0.0705570596277758,0.9999999973766117,18,2,2025-12-12
CSCO/PAYC,CSCO,PAYC,high_entry,3271.6321583578,0.4124407755895417,-0.0705570596277758,0.9995157392423044,18,2,2025-12-12
UNP/VLTO,UNP,VLTO,high_entry,2421.612518877451,0.48972414559560196,-0.0705570596277758,0.9998741324882823,22,2,2025-12-12
CME/DE,CME,DE,high_entry,-558.7556797077004,-0.07834101388781052,-0.0705570596277758,0.0002963944803737736,28,2,2025-12-12
EXR/WY,EXR,WY,high_entry,207.4615516892113,0.03834059759276071,-0.0705570596277758,0.08671877547915402,20,2,2025-12-12
BSX/PFE,BSX,PFE,high_entry,3061.181011073599,0.42411359299919577,-0.0705570596277758,0.999966038784076,28,2,2025-12-12
AIG/CFG,AIG,CFG,high_entry,2310.53650908555,0.3132871099759034,-0.0705570596277758,0.9967450937916806,24,2,2025-12-12
AKAM/KEYS,AKAM,KEYS,high_entry,7766.38999999999,1.1412765814369499,-0.0705570596277758,0.9996570650915267,20,2,2025-12-12
TXT/YUM,TXT,YUM,high_entry,-1386.944365444803,-0.25076982876249926,-0.0705570596277758,9.33746167421228e-10,26,2,2025-12-12
BIIB/HCA,BIIB,HCA,high_entry,837.7245788953919,0.13270753702645213,-0.0705570596277758,0.7128554053856553,18,2,2025-12-12
RTX/SNA,RTX,SNA,high_entry,3419.282282449649,0.9868491862875336,-0.0705570596277758,0.9999968485389581,18,2,2025-12-12
ATO/PCG,ATO,PCG,high_entry,-10728.26471416338,-1.8829656954448002,-0.0705570596277758,1.744669437904254e-08,38,2,2025-12-12
AIG/L,AIG,L,high_entry,-1473.405646790604,-0.42927728940294474,-0.0705570596277758,9.750321479242297e-15,20,2,2025-12-12
AON/KKR,AON,KKR,high_entry,-1933.062639994982,-0.2840384325260773,-0.0705570596277758,3.086510409160207e-05,22,2,2025-12-12
CDNS/PTC,CDNS,PTC,high_entry,8807.729999999985,1.1227356125943038,-0.0705570596277758,0.9999995418745519,24,2,2025-12-12
HAS/YUM,HAS,YUM,fast_signal_tight_stop,-5251.361937250149,-0.5809679829192452,-0.0949593655663926,3.553354734427769e-08,56,2,2025-12-12
CSCO/PAYC,CSCO,PAYC,fast_signal_tight_stop,-1721.576638375043,-0.15033711342597653,-0.0949593655663926,1.1120979535212221e-05,50,2,2025-12-12
UNP/VLTO,UNP,VLTO,fast_signal_tight_stop,1842.656177191565,0.29433868290880305,-0.0949593655663926,0.9994922307134892,70,2,2025-12-12
CME/DE,CME,DE,fast_signal_tight_stop,-1063.207210541456,-0.12903983495495722,-0.0949593655663926,3.916400519960933e-06,50,2,2025-12-12
EXR/WY,EXR,WY,fast_signal_tight_stop,5731.341308921599,0.7957590570382466,-0.0949593655663926,1.0,70,2,2025-12-12
BSX/PFE,BSX,PFE,fast_signal_tight_stop,-2987.968140115926,-0.31434033946801554,-0.0949593655663926,1.2604716094763178e-09,58,2,2025-12-12
AIG/CFG,AIG,CFG,fast_signal_tight_stop,-4854.439578760548,-0.6595330722584091,-0.0949593655663926,1.448248077973069e-18,68,2,2025-12-12
AKAM/KEYS,AKAM,KEYS,fast_signal_tight_stop,-9937.46000000004,-0.9928790696602342,-0.0949593655663926,2.987815969487354e-06,44,2,2025-12-12
TXT/YUM,TXT,YUM,fast_signal_tight_stop,-1828.745272816263,-0.25670806412083863,-0.0949593655663926,5.669751367424257e-13,52,2,2025-12-12
BIIB/HCA,BIIB,HCA,fast_signal_tight_stop,3312.438217627299,0.44804845729298926,-0.0949593655663926,0.9999998696521801,54,2,2025-12-12
RTX/SNA,RTX,SNA,fast_signal_tight_stop,9215.125540339002,1.2442356937774242,-0.0949593655663926,0.9999999949888488,52,2,2025-12-12
ATO/PCG,ATO,PCG,fast_signal_tight_stop,11587.9169760786,1.411181525954554,-0.0949593655663926,0.9999999999307945,56,2,2025-12-12
AIG/L,AIG,L,fast_signal_tight_stop,3150.382211932872,0.7715538747269505,-0.0949593655663926,0.9999999999977468,42,2,2025-12-12
AON/KKR,AON,KKR,fast_signal_tight_stop,14792.70468354618,1.0241341842869818,-0.0949593655663926,0.9999999985770228,62,2,2025-12-12
CDNS/PTC,CDNS,PTC,fast_signal_tight_stop,1114.209999999993,0.13290495177531222,-0.0949593655663926,0.7465232828951954,52,2,2025-12-12
HAS/YUM,HAS,YUM,medium_signal_high_leverage,18056.40829550255,1.338345547737905,-0.1435141492371189,0.9999999999042685,46,2,2025-12-12
CSCO/PAYC,CSCO,PAYC,medium_signal_high_leverage,10370.87375907501,0.6681847896548376,-0.1435141492371189,0.9999995569015367,44,2,2025-12-12
UNP/VLTO,UNP,VLTO,medium_signal_high_leverage,4030.17080796799,0.37241885115497736,-0.1435141492371189,0.9995419823561924,46,2,2025-12-12
CME/DE,CME,DE,medium_signal_high_leverage,9318.057183810204,0.7245773712370805,-0.1435141492371189,0.9999999999961766,54,2,2025-12-12
EXR/WY,EXR,WY,medium_signal_high_leverage,1876.623947490456,0.14163824228144903,-0.1435141492371189,0.7750290698805831,46,2,2025-12-12
BSX/PFE,BSX,PFE,medium_signal_high_leverage,-174.7983294496171,-0.011311133888649539,-0.1435141492371189,0.010313793724299105,50,2,2025-12-12
AIG/CFG,AIG,CFG,medium_signal_high_leverage,-19642.1601908368,-1.3238205049478653,-0.1435141492371189,8.848099400420968e-16,52,2,2025-12-12
AKAM/KEYS,AKAM,KEYS,medium_signal_high_leverage,10873.08000000004,0.7925227445630018,-0.1435141492371189,0.9999960649503012,34,2,2025-12-12
TXT/YUM,TXT,YUM,medium_signal_high_leverage,-2444.987139062076,-0.19196476178809102,-0.1435141492371189,9.52645431979668e-09,46,2,2025-12-12
BIIB/HCA,BIIB,HCA,medium_signal_high_leverage,9771.166346843143,0.6311496273197504,-0.1435141492371189,0.9999999999937188,54,2,2025-12-12
RTX/SNA,RTX,SNA,medium_signal_high_leverage,-2132.976927432126,-0.22478373130915796,-0.1435141492371189,7.933002531828845e-14,46,2,2025-12-12
ATO/PCG,ATO,PCG,medium_signal_high_leverage,-6128.908304417308,-0.43734536297740745,-0.1435141492371189,8.545948596711231e-20,44,2,2025-12-12
AIG/L,AIG,L,medium_signal_high_leverage,-5124.437370512479,-0.5998185512337365,-0.1435141492371189,3.877887666599268e-08,50,2,2025-12-12
AON/KKR,AON,KKR,medium_signal_high_leverage,-6984.486285860194,-0.36327571803813113,-0.1435141492371189,1.0397922456301842e-12,50,2,2025-12-12
CDNS/PTC,CDNS,PTC,medium_signal_high_leverage,-4189.760000000048,-0.28206183036258353,-0.1435141492371189,8.787669150398993e-08,44,2,2025-12-12
HAS/YUM,HAS,YUM,tight_stop,4415.122051467015,0.3891953014474484,-0.2186735696695104,0.9807825905371277,46,2,2025-12-12
CSCO/PAYC,CSCO,PAYC,tight_stop,6584.225000692124,0.751966658375307,-0.2186735696695104,0.9999884638413571,46,2,2025-12-12
UNP/VLTO,UNP,VLTO,tight_stop,5365.184917431601,0.9028419485641777,-0.2186735696695104,0.9999993248389408,50,2,2025-12-12
CME/DE,CME,DE,tight_stop,3349.353220228359,0.44112540828092384,-0.2186735696695104,0.9999971665572863,52,2,2025-12-12
EXR/WY,EXR,WY,tight_stop,8300.426941161273,1.1856533954132757,-0.2186735696695104,0.9999773034636078,44,2,2025-12-12
BSX/PFE,BSX,PFE,tight_stop,-4086.141001938207,-0.38088516052845406,-0.2186735696695104,4.077539739896921e-14,56,2,2025-12-12
AIG/CFG,AIG,CFG,tight_stop,6634.225126473101,0.835788550167124,-0.2186735696695104,1.0,58,2,2025-12-12
AKAM/KEYS,AKAM,KEYS,tight_stop,-5474.679999999999,-0.8232810296665842,-0.2186735696695104,2.5367076081359928e-11,38,2,2025-12-12
TXT/YUM,TXT,YUM,tight_stop,-3661.071226026553,-0.575977892564312,-0.2186735696695104,2.051867965776542e-19,56,2,2025-12-12
BIIB/HCA,BIIB,HCA,tight_stop,-504.3586908230379,-0.0511331969715813,-0.2186735696695104,0.0011691671787108187,54,2,2025-12-12
RTX/SNA,RTX,SNA,tight_stop,2120.809757304195,0.2935372929317222,-0.2186735696695104,0.9823202156545132,52,2,2025-12-12
ATO/PCG,ATO,PCG,tight_stop,-4645.31191718485,-0.6091273060469576,-0.2186735696695104,4.167373678196891e-15,56,2,2025-12-12
AIG/L,AIG,L,tight_stop,-631.5385741834216,-0.18815226512628788,-0.2186735696695104,9.622436250335938e-08,42,2,2025-12-12
AON/KKR,AON,KKR,tight_stop,7631.252359130443,0.9000939782862326,-0.2186735696695104,0.999999999117804,48,2,2025-12-12
CDNS/PTC,CDNS,PTC,tight_stop,-6378.820000000002,-0.6722208581098551,-0.2186735696695104,1.5866794446468336e-09,48,2,2025-12-12
HAS/YUM,HAS,YUM,flash_hold,7874.870392026696,1.4730470342792499,-0.2447534742617873,1.0,114,2,2025-12-12
CSCO/PAYC,CSCO,PAYC,flash_hold,1441.51418945902,0.2221095129126817,-0.2447534742617873,0.9809927817128927,106,2,2025-12-12
UNP/VLTO,UNP,VLTO,flash_hold,1565.668594135889,0.38206630584525014,-0.2447534742617873,0.9999448552085819,114,2,2025-12-12
CME/DE,CME,DE,flash_hold,1148.824416998788,0.1793830141998359,-0.2447534742617873,0.9580634215377132,108,2,2025-12-12
EXR/WY,EXR,WY,flash_hold,4551.964649121541,0.9935851341309476,-0.2447534742617873,1.0,138,2,2025-12-12
BSX/PFE,BSX,PFE,flash_hold,2378.307894409224,0.36894904426871417,-0.2447534742617873,0.9999986277530674,136,2,2025-12-12
AIG/CFG,AIG,CFG,flash_hold,-4835.094172080863,-0.9287478528778299,-0.2447534742617873,1.0350946679269155e-35,142,2,2025-12-12
AKAM/KEYS,AKAM,KEYS,flash_hold,-5107.409999999987,-0.7770037553463761,-0.2447534742617873,1.7702110250994703e-13,92,2,2025-12-12
TXT/YUM,TXT,YUM,flash_hold,-978.0854474328821,-0.18593918754870184,-0.2447534742617873,2.493663304679594e-08,116,2,2025-12-12
BIIB/HCA,BIIB,HCA,flash_hold,9004.415468928131,1.3606452557388629,-0.2447534742617873,1.0,120,2,2025-12-12
RTX/SNA,RTX,SNA,flash_hold,5780.389859914756,0.9540845382300476,-0.2447534742617873,0.9999995016779615,112,2,2025-12-12
ATO/PCG,ATO,PCG,flash_hold,1097.483692331395,0.20353839185096786,-0.2447534742617873,0.9639719772055814,150,2,2025-12-12
AIG/L,AIG,L,flash_hold,594.0760382115195,0.16717057974910582,-0.2447534742617873,0.8999961941051202,132,2,2025-12-12
AON/KKR,AON,KKR,flash_hold,2758.511701063657,0.32337908571718665,-0.2447534742617873,0.9999658003356393,136,2,2025-12-12
CDNS/PTC,CDNS,PTC,flash_hold,-5992.769999999992,-0.7682907564843198,-0.2447534742617873,4.323657827722586e-09,112,2,2025-12-12
HAS/YUM,HAS,YUM,high_leverage,10029.4832304326,0.5754601060995049,-0.2512748283769301,0.9964349143809231,42,2,2025-12-12
CSCO/PAYC,CSCO,PAYC,high_leverage,4732.447050806435,0.3153403757748695,-0.2512748283769301,0.999855248996728,52,2,2025-12-12
UNP/VLTO,UNP,VLTO,high_leverage,2511.428142958424,0.23888913460590225,-0.2512748283769301,0.9808476142150327,48,2,2025-12-12
CME/DE,CME,DE,high_leverage,3925.98082924185,0.30745685307006837,-0.2512748283769301,0.9995892174664508,54,2,2025-12-12
EXR/WY,EXR,WY,high_leverage,9992.044324574443,0.6797631073347956,-0.2512748283769301,0.9999999999978898,54,2,2025-12-12
BSX/PFE,BSX,PFE,high_leverage,16259.06949965725,0.9260443479317917,-0.2512748283769301,0.9999999982603004,54,2,2025-12-12
AIG/CFG,AIG,CFG,high_leverage,-12968.03177275878,-0.8243817003161841,-0.2512748283769301,6.838767285795943e-21,60,2,2025-12-12
AKAM/KEYS,AKAM,KEYS,high_leverage,1587.219999999978,0.12212762938634483,-0.2512748283769301,0.6329101916129365,32,2,2025-12-12
TXT/YUM,TXT,YUM,high_leverage,-7920.40703744506,-0.6243951971509357,-0.2512748283769301,5.459367797492869e-24,54,2,2025-12-12
BIIB/HCA,BIIB,HCA,high_leverage,1393.88982128736,0.0923999176850311,-0.2512748283769301,0.4008987104239525,46,2,2025-12-12
RTX/SNA,RTX,SNA,high_leverage,4353.898450813839,0.4004142181935757,-0.2512748283769301,0.9974148082171289,52,2,2025-12-12
ATO/PCG,ATO,PCG,high_leverage,-10968.66048997583,-0.8187352030624461,-0.2512748283769301,3.586915213231694e-22,44,2,2025-12-12
AIG/L,AIG,L,high_leverage,-9625.15719870212,-1.5438937597526323,-0.2512748283769301,1.6953469296991636e-27,40,2,2025-12-12
AON/KKR,AON,KKR,high_leverage,3262.562760382828,0.204288750185327,-0.2512748283769301,0.9882860400284557,48,2,2025-12-12
CDNS/PTC,CDNS,PTC,high_leverage,-5298.370000000029,-0.3774740810847032,-0.2512748283769301,7.74771061214415e-08,44,2,2025-12-12
HAS/YUM,HAS,YUM,fast_signal,166.8357649928021,0.01561203253551194,-0.2966862673324837,0.041799995757851476,66,2,2025-12-12
CSCO/PAYC,CSCO,PAYC,fast_signal,6977.007139553749,0.5768782301561238,-0.2966862673324837,0.9999997197078029,62,2,2025-12-12
UNP/VLTO,UNP,VLTO,fast_signal,-5078.291977954265,-0.6784669430921412,-0.2966862673324837,1.1048922169878079e-21,68,2,2025-12-12
CME/DE,CME,DE,fast_signal,211.8805638845151,0.024398070420541963,-0.2966862673324837,0.05298414819332346,50,2,2025-12-12
EXR/WY,EXR,WY,fast_signal,2925.883654871413,0.3567687913600053,-0.2966862673324837,0.9999994964104136,74,2,2025-12-12
BSX/PFE,BSX,PFE,fast_signal,-4652.062075612728,-0.42082306392536406,-0.2966862673324837,2.2534872776695814e-15,64,2,2025-12-12
AIG/CFG,AIG,CFG,fast_signal,-14997.54114294327,-1.7585711153985621,-0.2966862673324837,2.3211312212459702e-27,82,2,2025-12-12
AKAM/KEYS,AKAM,KEYS,fast_signal,-1977.380000000021,-0.2516425577693874,-0.2966862673324837,2.4856640638829456e-08,46,2,2025-12-12
TXT/YUM,TXT,YUM,fast_signal,-4118.552223960298,-0.5159489366508181,-0.2966862673324837,5.6611179788490346e-21,60,2,2025-12-12
BIIB/HCA,BIIB,HCA,fast_signal,4290.160424146484,0.4919235358939598,-0.2966862673324837,0.9999999657285735,58,2,2025-12-12
RTX/SNA,RTX,SNA,fast_signal,9218.179051369276,1.2475723615523493,-0.2966862673324837,0.9999999946539437,52,2,2025-12-12
ATO/PCG,ATO,PCG,fast_signal,7938.669093603,0.9064002429269866,-0.2966862673324837,0.9999999999530509,64,2,2025-12-12
AIG/L,AIG,L,fast_signal,3705.520436971937,0.7368470142373719,-0.2966862673324837,0.9999999999997304,52,2,2025-12-12
AON/KKR,AON,KKR,fast_signal,7339.257157511824,0.48133193443510763,-0.2966862673324837,0.9999999999673571,70,2,2025-12-12
CDNS/PTC,CDNS,PTC,fast_signal,2674.959999999979,0.2995438026808775,-0.2966862673324837,0.9999541256072388,58,2,2025-12-12
HAS/YUM,HAS,YUM,quick_exit,3690.740163214296,0.3249768798947003,-0.3352983732149903,0.9661629457534785,46,2,2025-12-12
CSCO/PAYC,CSCO,PAYC,quick_exit,8432.911478188744,0.9217041027272491,-0.3352983732149903,0.999997234709819,46,2,2025-12-12
UNP/VLTO,UNP,VLTO,quick_exit,5870.740926566842,0.9785926717391508,-0.3352983732149903,0.9999997381286961,50,2,2025-12-12
CME/DE,CME,DE,quick_exit,1821.020779149094,0.23357119955340594,-0.3352983732149903,0.9860229316226453,52,2,2025-12-12
EXR/WY,EXR,WY,quick_exit,8608.322868698902,1.2300862092256366,-0.3352983732149903,0.9999794798699012,44,2,2025-12-12
BSX/PFE,BSX,PFE,quick_exit,-1873.666825051206,-0.18279493513237502,-0.3352983732149903,9.047743864196164e-09,56,2,2025-12-12
AIG/CFG,AIG,CFG,quick_exit,6813.86208856788,0.8687517906373851,-0.3352983732149903,1.0,58,2,2025-12-12
AKAM/KEYS,AKAM,KEYS,quick_exit,-6636.319999999991,-0.9823671067428765,-0.3352983732149903,3.331939928756296e-11,38,2,2025-12-12
TXT/YUM,TXT,YUM,quick_exit,-3339.435540706474,-0.5421499134787371,-0.3352983732149903,3.648315753048553e-18,56,2,2025-12-12
BIIB/HCA,BIIB,HCA,quick_exit,-656.0240110218222,-0.06580453000844945,-0.3352983732149903,0.0004729377277253332,54,2,2025-12-12
RTX/SNA,RTX,SNA,quick_exit,3299.801085123605,0.44478013027100716,-0.3352983732149903,0.9990490900855964,52,2,2025-12-12
ATO/PCG,ATO,PCG,quick_exit,-6034.830699998156,-0.7991490706547891,-0.3352983732149903,1.0008694230008931e-14,58,2,2025-12-12
AIG/L,AIG,L,quick_exit,-1623.590459946067,-0.4265414184401509,-0.3352983732149903,8.942793013952686e-17,42,2,2025-12-12
AON/KKR,AON,KKR,quick_exit,4673.479269175962,0.5481594314079489,-0.3352983732149903,0.9999999941321999,52,2,2025-12-12
CDNS/PTC,CDNS,PTC,quick_exit,-8161.06000000001,-0.8147250890335508,-0.3352983732149903,3.6371026481692335e-11,50,2,2025-12-12
HAS/YUM,HAS,YUM,balanced_plus,5429.650566844556,0.6026882159188157,-0.3445166038600663,0.9999999437002259,50,2,2025-12-12
CSCO/PAYC,CSCO,PAYC,balanced_plus,384.5825602893492,0.035096040438264545,-0.3445166038600663,0.08017190736640295,46,2,2025-12-12
UNP/VLTO,UNP,VLTO,balanced_plus,-5289.548116003989,-0.7651264399767129,-0.3445166038600663,6.179201691515286e-20,50,2,2025-12-12
CME/DE,CME,DE,balanced_plus,11164.01281588419,1.1549779509564777,-0.3445166038600663,0.9999999999999993,56,2,2025-12-12
EXR/WY,EXR,WY,balanced_plus,5012.534065542614,0.6381280304232874,-0.3445166038600663,1.0,46,2,2025-12-12
BSX/PFE,BSX,PFE,balanced_plus,1449.513902753826,0.11447886775893659,-0.3445166038600663,0.5718587797521082,60,2,2025-12-12
AIG/CFG,AIG,CFG,balanced_plus,-935.3300880112247,-0.1074772471834707,-0.3445166038600663,2.9861934765456247e-05,62,2,2025-12-12
AKAM/KEYS,AKAM,KEYS,balanced_plus,8759.069999999994,1.0439739359936135,-0.3445166038600663,0.9999997799324829,40,2,2025-12-12
TXT/YUM,TXT,YUM,balanced_plus,-5080.741937060607,-0.5709710693464795,-0.3445166038600663,7.956578351145933e-23,58,2,2025-12-12
BIIB/HCA,BIIB,HCA,balanced_plus,1067.074582876635,0.11277129930874497,-0.3445166038600663,0.5646217951337379,54,2,2025-12-12
RTX/SNA,RTX,SNA,balanced_plus,1655.278006175902,0.2669809754910264,-0.3445166038600663,0.9683189990136065,56,2,2025-12-12
ATO/PCG,ATO,PCG,balanced_plus,-7416.336509931478,-0.9628053448087801,-0.3445166038600663,2.3300590705880665e-23,56,2,2025-12-12
AIG/L,AIG,L,balanced_plus,-756.5446774970869,-0.16430013989737624,-0.3445166038600663,1.6715139909525942e-07,52,2,2025-12-12
AON/KKR,AON,KKR,balanced_plus,-5637.312904327816,-0.47765766311060265,-0.3445166038600663,2.210513143292571e-14,56,2,2025-12-12
CDNS/PTC,CDNS,PTC,balanced_plus,3315.48999999996,0.34605613184123085,-0.3445166038600663,0.9999761948845769,54,2,2025-12-12
HAS/YUM,HAS,YUM,fast_reentry,7668.539839546002,0.656048510324768,-0.4200977962770768,0.997209744693835,44,2,2025-12-12
CSCO/PAYC,CSCO,PAYC,fast_reentry,1773.564825800775,0.17291451273895928,-0.4200977962770768,0.9283882254661867,54,2,2025-12-12
UNP/VLTO,UNP,VLTO,fast_reentry,2199.224464061715,0.31517853869567164,-0.4200977962770768,0.9972185500152414,52,2,2025-12-12
CME/DE,CME,DE,fast_reentry,2618.320026697059,0.3071147048843228,-0.4200977962770768,0.9995881941388496,54,2,2025-12-12
EXR/WY,EXR,WY,fast_reentry,1115.173243174422,0.16590296842265082,-0.4200977962770768,0.8966066703884343,48,2,2025-12-12
BSX/PFE,BSX,PFE,fast_reentry,-15090.11492458278,-1.4123417778375453,-0.4200977962770768,1.6966281921466655e-18,58,2,2025-12-12
AIG/CFG,AIG,CFG,fast_reentry,5692.946351835148,0.5903396867674128,-0.4200977962770768,0.9999999993853403,64,2,2025-12-12
AKAM/KEYS,AKAM,KEYS,fast_reentry,2349.639999999991,0.24393658878761101,-0.4200977962770768,0.9922663878517236,38,2,2025-12-12
TXT/YUM,TXT,YUM,fast_reentry,-6569.243669029745,-0.8191517789343765,-0.4200977962770768,1.586960341104454e-30,58,2,2025-12-12
BIIB/HCA,BIIB,HCA,fast_reentry,1936.712772337296,0.18755852595035638,-0.4200977962770768,0.9500936397655293,58,2,2025-12-12
RTX/SNA,RTX,SNA,fast_reentry,7721.332759630478,1.4679274262300936,-0.4200977962770768,0.9999999999999992,48,2,2025-12-12
ATO/PCG,ATO,PCG,fast_reentry,2499.240698003331,0.2768336378743198,-0.4200977962770768,0.9968488044429602,72,2,2025-12-12
AIG/L,AIG,L,fast_reentry,-4915.2413426581,-0.9589529691208555,-0.4200977962770768,4.395547543023327e-25,54,2,2025-12-12
AON/KKR,AON,KKR,fast_reentry,3713.546752573296,0.34292789557492454,-0.4200977962770768,0.9999992322208865,58,2,2025-12-12
CDNS/PTC,CDNS,PTC,fast_reentry,-1720.340000000013,-0.17745735045836286,-0.4200977962770768,7.653837673534535e-06,48,2,2025-12-12
HAS/YUM,HAS,YUM,symmetric_exit,7087.408552507406,1.2023892544156007,-0.4565761890832464,0.9999999999981872,32,2,2025-12-12
CSCO/PAYC,CSCO,PAYC,symmetric_exit,5111.508798842196,0.6067791381688455,-0.4565761890832464,0.9999309886593954,32,2,2025-12-12
UNP/VLTO,UNP,VLTO,symmetric_exit,4732.140075306675,0.8383115401251142,-0.4565761890832464,0.9999999800173542,36,2,2025-12-12
CME/DE,CME,DE,symmetric_exit,5339.679039987925,0.7435522476353833,-0.4565761890832464,0.999999981888816,44,2,2025-12-12
EXR/WY,EXR,WY,symmetric_exit,3454.604610339399,0.5683288083512587,-0.4565761890832464,0.9999999999200355,40,2,2025-12-12
BSX/PFE,BSX,PFE,symmetric_exit,1669.013648907124,0.16734132960004983,-0.4565761890832464,0.8421296822389889,42,2,2025-12-12
AIG/CFG,AIG,CFG,symmetric_exit,-1654.173109147068,-0.21682313660889074,-0.4565761890832464,1.396126199448675e-09,46,2,2025-12-12
AKAM/KEYS,AKAM,KEYS,symmetric_exit,2504.089999999997,0.3111356480367169,-0.4565761890832464,0.9942271932040139,24,2,2025-12-12
TXT/YUM,TXT,YUM,symmetric_exit,-1441.011191198998,-0.22237980083052097,-0.4565761890832464,1.0788684841417548e-09,40,2,2025-12-12
BIIB/HCA,BIIB,HCA,symmetric_exit,-2658.878290195758,-0.3208757622073981,-0.4565761890832464,1.1078260449815108e-09,46,2,2025-12-12
RTX/SNA,RTX,SNA,symmetric_exit,1937.438591351774,0.3232051543121231,-0.4565761890832464,0.9978301713936871,36,2,2025-12-12
ATO/PCG,ATO,PCG,symmetric_exit,-6763.806792210503,-1.0995059529354831,-0.4565761890832464,1.3634724270468281e-11,54,2,2025-12-12
AIG/L,AIG,L,symmetric_exit,-4802.731949944513,-1.1753698003948359,-0.4565761890832464,2.0574100206799844e-18,38,2,2025-12-12
AON/KKR,AON,KKR,symmetric_exit,-2305.817470820981,-0.28740109634600636,-0.4565761890832464,2.212118362964297e-06,34,2,2025-12-12
CDNS/PTC,CDNS,PTC,symmetric_exit,1855.859999999996,0.22141808410803193,-0.4565761890832464,0.9956636504895398,40,2,2025-12-12
HAS/YUM,HAS,YUM,high_vol_specialist,9089.194344742431,1.3751058309439155,-0.4961405687095345,1.0,36,2,2025-12-12
CSCO/PAYC,CSCO,PAYC,high_vol_specialist,6684.602282102312,0.7256887685023979,-0.4961405687095345,0.9999983043347509,30,2,2025-12-12
UNP/VLTO,UNP,VLTO,high_vol_specialist,3359.172514070454,0.5673587088664709,-0.4961405687095345,0.9999821282152207,30,2,2025-12-12
CME/DE,CME,DE,high_vol_specialist,11438.88880301978,1.5338209848029893,-0.4961405687095345,0.9999999999997548,44,2,2025-12-12
EXR/WY,EXR,WY,high_vol_specialist,7044.742931492336,1.054226596952696,-0.4961405687095345,1.0,30,2,2025-12-12
BSX/PFE,BSX,PFE,high_vol_specialist,-3053.686952413826,-0.2875185065637156,-0.4961405687095345,2.323454500817444e-13,40,2,2025-12-12
AIG/CFG,AIG,CFG,high_vol_specialist,-15692.82117536201,-1.6475673389350223,-0.4961405687095345,7.26659209708044e-35,40,2,2025-12-12
AKAM/KEYS,AKAM,KEYS,high_vol_specialist,-11578.11,-0.7081952374626438,-0.4961405687095345,3.911474727445088e-06,34,2,2025-12-12
TXT/YUM,TXT,YUM,high_vol_specialist,-3351.18280609151,-0.36357213685252726,-0.4961405687095345,1.5604147403386904e-09,36,2,2025-12-12
BIIB/HCA,BIIB,HCA,high_vol_specialist,7096.609498680564,0.9430030899653262,-0.4961405687095345,0.9999999999974466,30,2,2025-12-12
RTX/SNA,RTX,SNA,high_vol_specialist,4594.768525679794,1.1432491794842483,-0.4961405687095345,0.9999999999685923,26,2,2025-12-12
ATO/PCG,ATO,PCG,high_vol_specialist,-7741.659384338538,-0.6813239694186366,-0.4961405687095345,2.785869437443133e-34,50,2,2025-12-12
AIG/L,AIG,L,high_vol_specialist,444.1203596803412,0.10188700710038605,-0.4961405687095345,0.4785383005281343,38,2,2025-12-12
AON/KKR,AON,KKR,high_vol_specialist,-916.0868891449322,-0.10710475565616895,-0.4961405687095345,0.0002194373695621986,34,2,2025-12-12
CDNS/PTC,CDNS,PTC,high_vol_specialist,2817.269999999968,0.3331763833496598,-0.4961405687095345,0.9999651174865724,38,2,2025-12-12
HAS/YUM,HAS,YUM,short_z_long_v,5314.120571572506,0.5452428649878471,-0.5519388779486092,0.9997361557654291,46,2,2025-12-12
CSCO/PAYC,CSCO,PAYC,short_z_long_v,-6011.724645857069,-0.5741567846094846,-0.5519388779486092,8.460687820844133e-08,42,2,2025-12-12
UNP/VLTO,UNP,VLTO,short_z_long_v,4200.930632352105,0.5839717750430843,-0.5519388779486092,0.9999987457317145,44,2,2025-12-12
CME/DE,CME,DE,short_z_long_v,9444.09108785386,1.1821990922519023,-0.5519388779486092,0.9999999999999943,56,2,2025-12-12
EXR/WY,EXR,WY,short_z_long_v,5643.437042348836,0.6768246629888274,-0.5519388779486092,0.9999997330009044,54,2,2025-12-12
BSX/PFE,BSX,PFE,short_z_long_v,4478.903901743509,0.5265906113118146,-0.5519388779486092,0.9999995602384965,56,2,2025-12-12
AIG/CFG,AIG,CFG,short_z_long_v,-14015.1510221479,-1.9293619766423535,-0.5519388779486092,1.5097604543195974e-23,62,2,2025-12-12
AKAM/KEYS,AKAM,KEYS,short_z_long_v,-4532.760000000018,-0.2842713315582494,-0.5519388779486092,9.267868636567986e-06,52,2,2025-12-12
TXT/YUM,TXT,YUM,short_z_long_v,-11693.9124797582,-1.3357742582335879,-0.5519388779486092,9.267066798560302e-11,56,2,2025-12-12
BIIB/HCA,BIIB,HCA,short_z_long_v,11594.7510701276,1.3028066362152837,-0.5519388779486092,1.0,50,2,2025-12-12
RTX/SNA,RTX,SNA,short_z_long_v,3564.087492968393,0.43398287157734816,-0.5519388779486092,0.9998401686231673,52,2,2025-12-12
ATO/PCG,ATO,PCG,short_z_long_v,-6688.022862293202,-0.7319584394087849,-0.5519388779486092,6.734781850551234e-22,80,2,2025-12-12
AIG/L,AIG,L,short_z_long_v,-957.3502339627526,-0.226952593478978,-0.5519388779486092,2.1261160515211877e-10,56,2,2025-12-12
AON/KKR,AON,KKR,short_z_long_v,1287.355619087982,0.09977238118276369,-0.5519388779486092,0.45781435333628234,64,2,2025-12-12
CDNS/PTC,CDNS,PTC,short_z_long_v,3827.120000000024,0.4748022863733362,-0.5519388779486092,0.9999967291987547,52,2,2025-12-12
HAS/YUM,HAS,YUM,default,7352.444185575449,0.6416365743563078,-0.6379240235629743,0.9967075073776882,42,2,2025-12-12
CSCO/PAYC,CSCO,PAYC,default,3358.597164899965,0.33989654235825384,-0.6379240235629743,0.9999260019211268,52,2,2025-12-12
UNP/VLTO,UNP,VLTO,default,3553.66633533483,0.5285747022595207,-0.6379240235629743,0.9999900241688846,48,2,2025-12-12
CME/DE,CME,DE,default,2571.212808024036,0.3037286529584643,-0.6379240235629743,0.999515391395767,54,2,2025-12-12
EXR/WY,EXR,WY,default,2518.986217946618,0.2866850344121757,-0.6379240235629743,0.9999469432405056,48,2,2025-12-12
BSX/PFE,BSX,PFE,default,1091.156795135445,0.0968588008838408,-0.6379240235629743,0.4430618046130172,54,2,2025-12-12
AIG/CFG,AIG,CFG,default,3055.617193197392,0.36716063035508373,-0.6379240235629743,0.9999989571744068,58,2,2025-12-12
AKAM/KEYS,AKAM,KEYS,default,-382.6100000000072,-0.04418052430949052,-0.6379240235629743,0.002446369546075192,38,2,2025-12-12
TXT/YUM,TXT,YUM,default,-5538.130187306975,-0.7258645682400329,-0.6379240235629743,1.19730636715413e-26,52,2,2025-12-12
BIIB/HCA,BIIB,HCA,default,-484.4429885199102,-0.04960111421739053,-0.6379240235629743,0.0012745557236011195,54,2,2025-12-12
RTX/SNA,RTX,SNA,default,2957.708349286859,0.4118270368794123,-0.6379240235629743,0.9979241565845791,52,2,2025-12-12
ATO/PCG,ATO,PCG,default,-5062.234440596623,-0.6703490467576381,-0.6379240235629743,9.29754360834656e-16,52,2,2025-12-12
AIG/L,AIG,L,default,-8084.603127978426,-1.8841670595183169,-0.6379240235629743,8.57646863084287e-20,38,2,2025-12-12
AON/KKR,AON,KKR,default,117.9242160292083,0.011621261620338176,-0.6379240235629743,0.02941333441602764,48,2,2025-12-12
CDNS/PTC,CDNS,PTC,default,-3328.510000000012,-0.3544716190825687,-0.6379240235629743,8.800006974145963e-08,46,2,2025-12-12
HAS/YUM,HAS,YUM,low_entry,9030.988565343776,0.6092727499565135,-0.6896714787666373,0.9999025924984243,78,2,2025-12-12
CSCO/PAYC,CSCO,PAYC,low_entry,-5973.974053861162,-0.4647133803544644,-0.6896714787666373,1.6459209025338383e-11,80,2,2025-12-12
UNP/VLTO,UNP,VLTO,low_entry,-1576.210267399827,-0.1956977441401979,-0.6896714787666373,3.4422100478042197e-10,92,2,2025-12-12
CME/DE,CME,DE,low_entry,12970.13984143245,1.2417178543493381,-0.6896714787666373,1.0,86,2,2025-12-12
EXR/WY,EXR,WY,low_entry,3763.329131323765,0.4490142424390541,-0.6896714787666373,0.9999999989957631,80,2,2025-12-12
BSX/PFE,BSX,PFE,low_entry,-5514.601913167085,-0.4371111103062893,-0.6896714787666373,6.782242598339534e-18,82,2,2025-12-12
AIG/CFG,AIG,CFG,low_entry,-1379.555771699112,-0.11743514809516262,-0.6896714787666373,3.7665348489594842e-06,102,2,2025-12-12
AKAM/KEYS,AKAM,KEYS,low_entry,4406.229999999997,0.38867557830816885,-0.6896714787666373,0.9999945863617565,56,2,2025-12-12
TXT/YUM,TXT,YUM,low_entry,1770.12935287656,0.1940850891303418,-0.6896714787666373,0.9488094304951299,80,2,2025-12-12
BIIB/HCA,BIIB,HCA,low_entry,3100.79234304923,0.2640206693128965,-0.6896714787666373,0.9982474983932743,106,2,2025-12-12
RTX/SNA,RTX,SNA,low_entry,2573.250708349816,0.295628450439878,-0.6896714787666373,0.9950761813607977,76,2,2025-12-12
ATO/PCG,ATO,PCG,low_entry,-8846.66338815017,-0.7532681042826544,-0.6896714787666373,2.4303184169033573e-28,98,2,2025-12-12
AIG/L,AIG,L,low_entry,-1909.168646107359,-0.23124406913106269,-0.6896714787666373,7.68021246143288e-10,106,2,2025-12-12
AON/KKR,AON,KKR,low_entry,-16757.219806214,-1.0368558502946796,-0.6896714787666373,1.8383338392290364e-33,116,2,2025-12-12
CDNS/PTC,CDNS,PTC,low_entry,-2892.630000000016,-0.25299005850973216,-0.6896714787666373,6.099584110922162e-09,84,2,2025-12-12
HAS/YUM,HAS,YUM,conservative_no_leverage,3767.724697969034,1.3989338313233886,-0.7596242833808038,0.9999999999999973,28,2,2025-12-12
CSCO/PAYC,CSCO,PAYC,conservative_no_leverage,4047.26756707474,0.9488420500894208,-0.7596242833808038,0.9999820396976049,34,2,2025-12-12
UNP/VLTO,UNP,VLTO,conservative_no_leverage,1587.311582205404,0.541695351360511,-0.7596242833808038,0.9999679545331707,24,2,2025-12-12
CME/DE,CME,DE,conservative_no_leverage,4533.246708472355,1.238283600161396,-0.7596242833808038,0.9999999989833569,34,2,2025-12-12
EXR/WY,EXR,WY,conservative_no_leverage,2031.772678882661,0.6060881093446872,-0.7596242833808038,0.9999999999999967,24,2,2025-12-12
BSX/PFE,BSX,PFE,conservative_no_leverage,166.8902902879558,0.031748568183772974,-0.7596242833808038,0.07723156895513093,28,2,2025-12-12
AIG/CFG,AIG,CFG,conservative_no_leverage,-1508.672344908329,-0.32377991383944593,-0.7596242833808038,1.6366752346369837e-13,26,2,2025-12-12
AKAM/KEYS,AKAM,KEYS,conservative_no_leverage,-195.1700000000074,-0.0458947542995805,-0.7596242833808038,0.0023675668757207886,22,2,2025-12-12
TXT/YUM,TXT,YUM,conservative_no_leverage,-3265.513452087804,-0.9519881190162877,-0.7596242833808038,4.2429101758692e-19,32,2,2025-12-12
BIIB/HCA,BIIB,HCA,conservative_no_leverage,847.736217166695,0.20466547118090503,-0.7596242833808038,0.9816280433356082,32,2,2025-12-12
RTX/SNA,RTX,SNA,conservative_no_leverage,3815.0786350143,1.9180949740000814,-0.7596242833808038,0.9999999999653226,32,2,2025-12-12
ATO/PCG,ATO,PCG,conservative_no_leverage,-3662.806455648777,-0.7862645610681462,-0.7596242833808038,8.652415922614323e-25,34,2,2025-12-12
AIG/L,AIG,L,conservative_no_leverage,898.9153080199283,0.46666565301229695,-0.7596242833808038,0.9999989997537796,32,2,2025-12-12
AON/KKR,AON,KKR,conservative_no_leverage,1107.624173314744,0.21761627676105375,-0.7596242833808038,0.993385440514052,34,2,2025-12-12
CDNS/PTC,CDNS,PTC,conservative_no_leverage,526.2099999999841,0.11988123831652633,-0.7596242833808038,0.6400577905080249,32,2,2025-12-12
HAS/YUM,HAS,YUM,slow_signal,3256.614664363942,0.5696618921709246,-0.7650754711241072,0.9999999999775893,40,2,2025-12-12
CSCO/PAYC,CSCO,PAYC,slow_signal,5879.498625217437,0.629294045328016,-0.7650754711241072,0.9999926821323014,32,2,2025-12-12
UNP/VLTO,UNP,VLTO,slow_signal,4925.502717909296,0.8432458094330423,-0.7650754711241072,0.9999986853523661,28,2,2025-12-12
CME/DE,CME,DE,slow_signal,12583.88963758051,1.8280234455527222,-0.7650754711241072,0.9999999998453505,34,2,2025-12-12
EXR/WY,EXR,WY,slow_signal,8897.255796542024,1.4481409736925477,-0.7650754711241072,1.0,26,2,2025-12-12
BSX/PFE,BSX,PFE,slow_signal,5241.476420939497,0.529572875284556,-0.7650754711241072,0.9999430135986449,34,2,2025-12-12
AIG/CFG,AIG,CFG,slow_signal,-12889.67684338149,-1.9760256518928963,-0.7650754711241072,8.514725061130184e-16,42,2,2025-12-12
AKAM/KEYS,AKAM,KEYS,slow_signal,-15278.32,-0.9278622207049472,-0.7650754711241072,3.3561336985315928e-06,32,2,2025-12-12
TXT/YUM,TXT,YUM,slow_signal,-4291.64368385349,-0.5838610669907807,-0.7650754711241072,8.700923099564853e-19,40,2,2025-12-12
BIIB/HCA,BIIB,HCA,slow_signal,7208.439228669467,0.9913814025398372,-0.7650754711241072,0.9999999999927397,28,2,2025-12-12
RTX/SNA,RTX,SNA,slow_signal,1735.60226271903,0.3423488831548496,-0.7650754711241072,0.99682054762772,32,2,2025-12-12
ATO/PCG,ATO,PCG,slow_signal,-12856.6702275738,-1.3520294574795786,-0.7650754711241072,5.840088482976186e-28,54,2,2025-12-12
AIG/L,AIG,L,slow_signal,-1124.346376384467,-0.3207879288113592,-0.7650754711241072,5.370913093651729e-18,42,2,2025-12-12
AON/KKR,AON,KKR,slow_signal,-1695.370409193722,-0.17947030813779893,-0.7650754711241072,9.29486992657348e-06,36,2,2025-12-12
CDNS/PTC,CDNS,PTC,slow_signal,-976.6200000000377,-0.12338293869822628,-0.7650754711241072,0.00011054179747235864,38,2,2025-12-12
HAS/YUM,HAS,YUM,patient_hold,7379.563134178541,1.221442093583157,-0.8257159344318238,0.9999999999999853,26,2,2025-12-12
CSCO/PAYC,CSCO,PAYC,patient_hold,7372.34252303654,0.9265689432456683,-0.8257159344318238,0.999782422722645,22,2,2025-12-12
UNP/VLTO,UNP,VLTO,patient_hold,2823.965423128606,0.45769251445053893,-0.8257159344318238,0.9998882162357543,32,2,2025-12-12
CME/DE,CME,DE,patient_hold,6051.628062918046,0.7673049079411365,-0.8257159344318238,0.9999999998348087,46,2,2025-12-12
EXR/WY,EXR,WY,patient_hold,334.9449508004509,0.057473015017236,-0.8257159344318238,0.16659858568510938,20,2,2025-12-12
BSX/PFE,BSX,PFE,patient_hold,-5684.196763572832,-0.7173283684061439,-0.8257159344318238,3.7472695251874185e-20,34,2,2025-12-12
AIG/CFG,AIG,CFG,patient_hold,5709.664396890008,0.7534546601030121,-0.8257159344318238,0.9999999999999825,32,2,2025-12-12
AKAM/KEYS,AKAM,KEYS,patient_hold,-7387.700000000013,-0.8122178133102237,-0.8257159344318238,1.518195305395277e-07,26,2,2025-12-12
TXT/YUM,TXT,YUM,patient_hold,-9034.266761970686,-1.2029693862943354,-0.8257159344318238,4.400662747111334e-23,36,2,2025-12-12
BIIB/HCA,BIIB,HCA,patient_hold,2105.759004237762,0.2767917371222143,-0.8257159344318238,0.9995954796633298,28,2,2025-12-12
RTX/SNA,RTX,SNA,patient_hold,8099.477791497439,1.7044095922593705,-0.8257159344318238,0.9999999999994004,36,2,2025-12-12
ATO/PCG,ATO,PCG,patient_hold,-5793.151507543451,-0.6351296579955864,-0.8257159344318238,5.483566015256154e-23,42,2,2025-12-12
AIG/L,AIG,L,patient_hold,-3185.530002923141,-0.7499267880282251,-0.8257159344318238,2.398652553784488e-23,34,2,2025-12-12
AON/KKR,AON,KKR,patient_hold,-4417.22524655302,-0.49182825868792057,-0.8257159344318238,1.1877447481706742e-08,30,2,2025-12-12
CDNS/PTC,CDNS,PTC,patient_hold,-952.96000000003,-0.12084658175207043,-0.8257159344318238,0.00013005451180871487,30,2,2025-12-12
HAS/YUM,HAS,YUM,no_leverage,3662.229889095786,0.6412876957181535,-1.4076266720603223,0.9966982815989021,42,2,2025-12-12
CSCO/PAYC,CSCO,PAYC,no_leverage,1693.894143401731,0.34416446206903745,-1.4076266720603223,0.9999369119162396,52,2,2025-12-12
UNP/VLTO,UNP,VLTO,no_leverage,1760.408519542124,0.5259324356748238,-1.4076266720603223,0.999988738503998,48,2,2025-12-12
CME/DE,CME,DE,no_leverage,1300.390097111348,0.31000048302646155,-1.4076266720603223,0.9996521459748049,54,2,2025-12-12
EXR/WY,EXR,WY,no_leverage,1254.219752681963,0.2870936423268978,-1.4076266720603223,0.9999480410265641,48,2,2025-12-12
BSX/PFE,BSX,PFE,no_leverage,555.1414158625512,0.09922453124308633,-1.4076266720603223,0.4601883974563487,54,2,2025-12-12
AIG/CFG,AIG,CFG,no_leverage,1548.254468566832,0.3732594452653195,-1.4076266720603223,0.9999993374875185,58,2,2025-12-12
AKAM/KEYS,AKAM,KEYS,no_leverage,-187.7200000000023,-0.043475262089002764,-1.4076266720603223,0.002541519417985969,38,2,2025-12-12
TXT/YUM,TXT,YUM,no_leverage,-2742.344462725986,-0.7233958692800695,-1.4076266720603223,1.5591773059516872e-26,52,2,2025-12-12
BIIB/HCA,BIIB,HCA,no_leverage,-243.8051666099343,-0.05035310731723581,-1.4076266720603223,0.001220641972978621,54,2,2025-12-12
RTX/SNA,RTX,SNA,no_leverage,1491.292930157721,0.41770619556096605,-1.4076266720603223,0.9981343541495,52,2,2025-12-12
ATO/PCG,ATO,PCG,no_leverage,-2523.158322732422,-0.6722312804776672,-1.4076266720603223,8.228976285608257e-16,52,2,2025-12-12
AIG/L,AIG,L,no_leverage,-4018.908576334811,-1.8813792106105995,-1.4076266720603223,8.249044615934422e-20,38,2,2025-12-12
AON/KKR,AON,KKR,no_leverage,79.70351225939612,0.01578899518599516,-1.4076266720603223,0.034875000974982306,48,2,2025-12-12
CDNS/PTC,CDNS,PTC,no_leverage,-1655.880000000009,-0.35511917050102987,-1.4076266720603223,8.97576744434514e-08,46,2,2025-12-12
HAS/YUM,HAS,YUM,low_vol_specialist,10882.04399064727,1.348152579500233,-1.4129818026776066,1.0,90,2,2025-12-12
CSCO/PAYC,CSCO,PAYC,low_vol_specialist,-9777.55652639294,-0.8920718542226251,-1.4129818026776066,2.261187005386932e-25,100,2,2025-12-12
UNP/VLTO,UNP,VLTO,low_vol_specialist,-1058.407446172638,-0.14232237392065764,-1.4129818026776066,1.5441798268548911e-07,86,2,2025-12-12
CME/DE,CME,DE,low_vol_specialist,11483.65281471203,1.1790634186556475,-1.4129818026776066,1.0,82,2,2025-12-12
EXR/WY,EXR,WY,low_vol_specialist,3423.207776734044,0.3703521540818655,-1.4129818026776066,0.9999014191952036,104,2,2025-12-12
BSX/PFE,BSX,PFE,low_vol_specialist,-2390.191221075111,-0.19044688952785013,-1.4129818026776066,2.2237663000462846e-09,96,2,2025-12-12
AIG/CFG,AIG,CFG,low_vol_specialist,-7665.188156427341,-0.6871575147058826,-1.4129818026776066,1.0182111748561152e-25,118,2,2025-12-12
AKAM/KEYS,AKAM,KEYS,low_vol_specialist,-24743.11999999998,-1.5520741503494737,-1.4129818026776066,8.68843885471005e-08,80,2,2025-12-12
TXT/YUM,TXT,YUM,low_vol_specialist,-1786.908915941107,-0.16648725133867234,-1.4129818026776066,6.466925441632034e-09,100,2,2025-12-12
BIIB/HCA,BIIB,HCA,low_vol_specialist,2588.638833531601,0.22901314333174558,-1.4129818026776066,0.9956605069208129,92,2,2025-12-12
RTX/SNA,RTX,SNA,low_vol_specialist,3765.167873132444,0.4101552444064036,-1.4129818026776066,0.9999591678921912,92,2,2025-12-12
ATO/PCG,ATO,PCG,low_vol_specialist,-2945.278516787119,-0.27867595703730846,-1.4129818026776066,1.5666860322357065e-12,128,2,2025-12-12
AIG/L,AIG,L,low_vol_specialist,-1448.029151499427,-0.25507468139382444,-1.4129818026776066,4.376719836331387e-12,108,2,2025-12-12
AON/KKR,AON,KKR,low_vol_specialist,-14461.61753941585,-0.9409145623159701,-1.4129818026776066,4.009003730614352e-32,94,2,2025-12-12
CDNS/PTC,CDNS,PTC,low_vol_specialist,-2321.969999999991,-0.20643298423637485,-1.4129818026776066,1.4084842164211124e-08,76,2,2025-12-12
HAS/YUM,HAS,YUM,high_turnover,5777.4168002893,0.6943539337852839,-1.4648178129493603,0.9999999999409277,82,2,2025-12-12
CSCO/PAYC,CSCO,PAYC,high_turnover,-2209.769045616566,-0.21557465730548728,-1.4648178129493603,2.3519185270594615e-12,66,2,2025-12-12
UNP/VLTO,UNP,VLTO,high_turnover,-3570.84649340962,-0.46385854521638487,-1.4648178129493603,2.1926845950354704e-23,86,2,2025-12-12
CME/DE,CME,DE,high_turnover,-632.9399328595855,-0.06406113885964074,-1.4648178129493603,0.0005502335562301663,82,2,2025-12-12
EXR/WY,EXR,WY,high_turnover,3718.444475554422,0.5003615693780364,-1.4648178129493603,0.9999999999816216,74,2,2025-12-12
BSX/PFE,BSX,PFE,high_turnover,-9326.873613499312,-0.7735776047802843,-1.4648178129493603,2.1707678197646872e-26,86,2,2025-12-12
AIG/CFG,AIG,CFG,high_turnover,-6554.645245124517,-0.7352126877749052,-1.4648178129493603,1.1078491637455676e-07,78,2,2025-12-12
AKAM/KEYS,AKAM,KEYS,high_turnover,-3946.320000000016,-0.5007524615268403,-1.4648178129493603,3.5834066337966654e-13,66,2,2025-12-12
TXT/YUM,TXT,YUM,high_turnover,-1018.184324705172,-0.10587647708120689,-1.4648178129493603,6.3884294844699046e-06,76,2,2025-12-12
BIIB/HCA,BIIB,HCA,high_turnover,-324.119585926564,-0.029509605182860842,-1.4648178129493603,0.0036266058022181797,92,2,2025-12-12
RTX/SNA,RTX,SNA,high_turnover,5527.674058949942,0.8948513446285802,-1.4648178129493603,1.0,78,2,2025-12-12
ATO/PCG,ATO,PCG,high_turnover,1755.991039135683,0.24363380462679227,-1.4648178129493603,0.9669865086140035,72,2,2025-12-12
AIG/L,AIG,L,high_turnover,9266.380455715182,1.6962832537157175,-1.4648178129493603,0.9999999998258157,76,2,2025-12-12
AON/KKR,AON,KKR,high_turnover,-7731.300796245868,-0.6519913734789798,-1.4648178129493603,7.36489541093226e-15,76,2,2025-12-12
CDNS/PTC,CDNS,PTC,high_turnover,-19148.80000000003,-1.4017065601591516,-1.4648178129493603,1.1053326326133339e-05,74,2,2025-12-12
HAS/YUM,HAS,YUM,conservative,2400.292486046548,1.4802981441816134,-2.244287839727992,0.9999866412734005,16,2,2025-12-12
CSCO/PAYC,CSCO,PAYC,conservative,2163.608871172984,0.6216747258245091,-2.244287839727992,0.9976023670524327,16,2,2025-12-12
UNP/VLTO,UNP,VLTO,conservative,622.1729690848483,0.21566166418178714,-2.244287839727992,0.9454274816532298,22,2,2025-12-12
CME/DE,CME,DE,conservative,1450.251827529576,0.6315493096200369,-2.244287839727992,0.999999223210923,24,2,2025-12-12
EXR/WY,EXR,WY,conservative,-229.8540862167293,-0.13306058022386758,-2.244287839727992,9.358722974505331e-05,22,2,2025-12-12
BSX/PFE,BSX,PFE,conservative,-2522.160081295141,-0.9654985512952571,-2.244287839727992,3.449127587663215e-10,22,2,2025-12-12
AIG/CFG,AIG,CFG,conservative,959.9532051051889,0.36812742786202635,-2.244287839727992,0.9999590768497948,28,2,2025-12-12
AKAM/KEYS,AKAM,KEYS,conservative,-2493.730000000003,-0.9733818275565944,-2.244287839727992,2.0496716359712738e-05,20,2,2025-12-12
TXT/YUM,TXT,YUM,conservative,-42.62716959720183,-0.020832441292593425,-2.244287839727992,0.006624237608624151,24,2,2025-12-12
BIIB/HCA,BIIB,HCA,conservative,-776.1728671246342,-0.2435152489504642,-2.244287839727992,6.682039613440431e-06,20,2,2025-12-12
RTX/SNA,RTX,SNA,conservative,1046.588575901996,0.5719770962456225,-2.244287839727992,0.9999343785301356,24,2,2025-12-12
ATO/PCG,ATO,PCG,conservative,-1369.625260132539,-0.527407794701665,-2.244287839727992,6.174902125575935e-11,38,2,2025-12-12
AIG/L,AIG,L,conservative,842.9016782098313,0.6887317070581173,-2.244287839727992,0.9999989669747962,28,2,2025-12-12
AON/KKR,AON,KKR,conservative,288.1622756250265,0.10692384716343245,-2.244287839727992,0.523424178337552,18,2,2025-12-12
CDNS/PTC,CDNS,PTC,conservative,1033.95999999999,0.2785505284736146,-2.244287839727992,0.9999408556826613,30,2,2025-12-12
HAS/YUM,HAS,YUM,vol_gated,7291.552388227674,0.6031693195289223,1.082616700552916,0.9999960679719969,60,3,2026-01-21
CSCO/PAYC,CSCO,PAYC,vol_gated,5111.910840740168,0.42178505955829465,1.082616700552916,0.9999724533595792,50,3,2026-01-21
UNP/VLTO,UNP,VLTO,vol_gated,-213.8107276557184,-0.02871157414482885,1.082616700552916,0.003252437675910281,70,3,2026-01-21
CME/DE,CME,DE,vol_gated,11268.88143923427,1.1241544478425405,1.082616700552916,0.9999999999999997,62,3,2026-01-21
EXR/WY,EXR,WY,vol_gated,11839.98334930712,1.0836399076236323,1.082616700552916,0.9999999999999992,58,3,2026-01-21
BSX/PFE,BSX,PFE,vol_gated,5141.344562922886,0.4557439422085455,1.082616700552916,0.9999999655605383,58,3,2026-01-21
AIG/CFG,AIG,CFG,vol_gated,879.9734779341949,0.10533741303165922,1.082616700552916,0.5304585618501991,62,3,2026-01-21
AKAM/KEYS,AKAM,KEYS,vol_gated,14681.68000000001,1.5229599140269297,1.082616700552916,0.9999999983920136,52,3,2026-01-21
TXT/YUM,TXT,YUM,vol_gated,4346.728104464041,0.4868921366187469,1.082616700552916,0.9999999989710794,70,3,2026-01-21
BIIB/HCA,BIIB,HCA,vol_gated,8263.89810086408,0.6934903922117442,1.082616700552916,0.9999999999997727,86,3,2026-01-21
RTX/SNA,RTX,SNA,vol_gated,3194.435291911893,0.4272072084362675,1.082616700552916,0.9999999907905943,54,3,2026-01-21
ATO/PCG,ATO,PCG,vol_gated,-5219.368418777247,-0.627673510800317,1.082616700552916,6.461514401877335e-28,52,3,2026-01-21
AIG/L,AIG,L,vol_gated,-3856.497281495188,-0.5114795023457723,1.082616700552916,7.341966303882454e-10,58,3,2026-01-21
AON/KKR,AON,KKR,vol_gated,8381.885462612243,0.6435598939825165,1.082616700552916,0.999999999999999,64,3,2026-01-21
CDNS/PTC,CDNS,PTC,vol_gated,2537.01999999998,0.22485292118804304,1.082616700552916,0.9924838973501771,72,3,2026-01-21
HAS/YUM,HAS,YUM,deep_entry_quick_exit,12361.7410679316,2.4265397584812614,0.7761021680235567,0.9999999999974567,20,3,2026-01-21
CSCO/PAYC,CSCO,PAYC,deep_entry_quick_exit,4563.347846844019,0.5447868607182546,0.7761021680235567,0.9998338349427395,22,3,2026-01-21
UNP/VLTO,UNP,VLTO,deep_entry_quick_exit,3935.867736189788,0.6465734404853359,0.7761021680235567,0.9999999021266018,24,3,2026-01-21
CME/DE,CME,DE,deep_entry_quick_exit,4048.196166151668,0.6247650683325051,0.7761021680235567,0.999999741052451,26,3,2026-01-21
EXR/WY,EXR,WY,deep_entry_quick_exit,1937.221401841307,0.4049681227562416,0.7761021680235567,0.9999992461827959,14,3,2026-01-21
BSX/PFE,BSX,PFE,deep_entry_quick_exit,3925.302110293558,0.3862540671655566,0.7761021680235567,0.9986990800211805,32,3,2026-01-21
AIG/CFG,AIG,CFG,deep_entry_quick_exit,185.8129857580514,0.02223394192939279,0.7761021680235567,0.0534090593806879,32,3,2026-01-21
AKAM/KEYS,AKAM,KEYS,deep_entry_quick_exit,2101.889999999986,0.2786685985119774,0.7761021680235567,0.9825246870797869,12,3,2026-01-21
TXT/YUM,TXT,YUM,deep_entry_quick_exit,1800.135188469879,0.2548110648055996,0.7761021680235567,0.9986872439625224,26,3,2026-01-21
BIIB/HCA,BIIB,HCA,deep_entry_quick_exit,113.9304740168245,0.014394261167835442,0.7761021680235567,0.03584372715642052,26,3,2026-01-21
RTX/SNA,RTX,SNA,deep_entry_quick_exit,1584.414514765548,0.3538153285393495,0.7761021680235567,0.9997967048650274,16,3,2026-01-21
ATO/PCG,ATO,PCG,deep_entry_quick_exit,-3881.23309838626,-0.6903070951571414,0.7761021680235567,2.6817877052583476e-09,28,3,2026-01-21
AIG/L,AIG,L,deep_entry_quick_exit,-1428.063860928188,-0.34041275530802273,0.7761021680235567,5.947654093195672e-12,20,3,2026-01-21
AON/KKR,AON,KKR,deep_entry_quick_exit,4518.797953107327,0.5684337147454802,0.7761021680235567,0.9999990414885842,20,3,2026-01-21
CDNS/PTC,CDNS,PTC,deep_entry_quick_exit,15394.91999999999,1.5738938897635997,0.7761021680235567,0.9999986676751569,24,3,2026-01-21
HAS/YUM,HAS,YUM,deep_dislocation,16774.00482098783,1.9375942318276838,0.7037254527055546,0.9999999999999991,20,3,2026-01-21
CSCO/PAYC,CSCO,PAYC,deep_dislocation,2476.689167697134,0.19520726931456686,0.7037254527055546,0.9898987081502222,18,3,2026-01-21
UNP/VLTO,UNP,VLTO,deep_dislocation,2385.664395284881,0.26931542377223733,0.7037254527055546,0.9947161293747684,24,3,2026-01-21
CME/DE,CME,DE,deep_dislocation,6161.512411213462,0.6306265955325264,0.7037254527055546,0.9999997988947075,26,3,2026-01-21
EXR/WY,EXR,WY,deep_dislocation,429.2548896151175,0.041644250076987466,0.7037254527055546,0.09897899481471906,16,3,2026-01-21
BSX/PFE,BSX,PFE,deep_dislocation,6504.361890338151,0.501922853098669,0.7037254527055546,0.999999111547341,34,3,2026-01-21
AIG/CFG,AIG,CFG,deep_dislocation,-13246.30109988904,-0.8904672275600722,0.7037254527055546,4.244544279968531e-25,34,3,2026-01-21
AKAM/KEYS,AKAM,KEYS,deep_dislocation,6873.999999999987,0.5472479891146379,0.7037254527055546,0.999465019718858,10,3,2026-01-21
TXT/YUM,TXT,YUM,deep_dislocation,86.79043103239383,0.00825103356570696,0.7037254527055546,0.026756631537939356,26,3,2026-01-21
BIIB/HCA,BIIB,HCA,deep_dislocation,3878.475766594368,0.31839767241505074,0.7037254527055546,0.9995731241773652,22,3,2026-01-21
RTX/SNA,RTX,SNA,deep_dislocation,1290.690868743393,0.18449538730518583,0.7037254527055546,0.9478909976965644,14,3,2026-01-21
ATO/PCG,ATO,PCG,deep_dislocation,-4263.483869344476,-0.31819190827833543,0.7037254527055546,5.15474136386856e-14,28,3,2026-01-21
AIG/L,AIG,L,deep_dislocation,648.178573231977,0.09643590232348485,0.7037254527055546,0.46062025306072857,20,3,2026-01-21
AON/KKR,AON,KKR,deep_dislocation,8892.98472390433,0.6839495411496844,0.7037254527055546,0.9999999801424903,22,3,2026-01-21
CDNS/PTC,CDNS,PTC,deep_dislocation,21355.49999999997,1.4533602988539427,0.7037254527055546,0.9999984642064567,22,3,2026-01-21
HAS/YUM,HAS,YUM,vol_adaptive,6792.077047583994,0.5683954259648336,0.6612750327350008,0.9999948018431234,60,3,2026-01-21
CSCO/PAYC,CSCO,PAYC,vol_adaptive,7197.003039823334,0.5886393947556009,0.6612750327350008,0.9999990742407364,54,3,2026-01-21
UNP/VLTO,UNP,VLTO,vol_adaptive,-197.7769255456278,-0.026662303887884955,0.6612750327350008,0.003725361783678749,70,3,2026-01-21
CME/DE,CME,DE,vol_adaptive,11195.28433881685,1.0867079950668324,0.6612750327350008,1.0,64,3,2026-01-21
EXR/WY,EXR,WY,vol_adaptive,10139.4227354268,0.9347774384142661,0.6612750327350008,0.999999999999998,58,3,2026-01-21
BSX/PFE,BSX,PFE,vol_adaptive,5035.088705759519,0.43210909801708003,0.6612750327350008,0.9999999711622615,62,3,2026-01-21
AIG/CFG,AIG,CFG,vol_adaptive,3729.920310954094,0.42095926367992825,0.6612750327350008,0.9999999685856725,64,3,2026-01-21
AKAM/KEYS,AKAM,KEYS,vol_adaptive,9653.160000000018,0.9362418896914533,0.6612750327350008,0.9999999558658628,54,3,2026-01-21
TXT/YUM,TXT,YUM,vol_adaptive,4169.106024372804,0.46123198803831655,0.6612750327350008,0.9999999962348026,72,3,2026-01-21
BIIB/HCA,BIIB,HCA,vol_adaptive,8255.02066116449,0.6960081879655261,0.6612750327350008,0.9999999999998277,86,3,2026-01-21
RTX/SNA,RTX,SNA,vol_adaptive,2053.120100703576,0.2708128289458864,0.6612750327350008,0.9998749899551692,56,3,2026-01-21
ATO/PCG,ATO,PCG,vol_adaptive,-5430.002563409688,-0.6544976724637489,0.6612750327350008,9.903426875304367e-28,54,3,2026-01-21
AIG/L,AIG,L,vol_adaptive,-5404.56639351062,-0.711132804342305,0.6612750327350008,7.885958263431547e-10,58,3,2026-01-21
AON/KKR,AON,KKR,vol_adaptive,44.30639842272285,0.0033358351616815628,0.6612750327350008,0.02101829298595883,72,3,2026-01-21
CDNS/PTC,CDNS,PTC,vol_adaptive,-449.0600000000022,-0.03869558773119408,0.6612750327350008,0.0023443653041544986,74,3,2026-01-21
HAS/YUM,HAS,YUM,aggressive,36490.26154240491,1.8076835036787262,0.5467822324701067,0.9999999932236429,84,3,2026-01-21
CSCO/PAYC,CSCO,PAYC,aggressive,5234.768875826616,0.2581372849730037,0.5467822324701067,0.9972369905598493,88,3,2026-01-21
UNP/VLTO,UNP,VLTO,aggressive,-6460.795139107727,-0.5017718435702562,0.5467822324701067,8.701194201781986e-27,84,3,2026-01-21
CME/DE,CME,DE,aggressive,15152.34308768806,0.886044568908747,0.5467822324701067,1.0,84,3,2026-01-21
EXR/WY,EXR,WY,aggressive,11298.42517699691,0.6303113698404121,0.5467822324701067,1.0,82,3,2026-01-21
BSX/PFE,BSX,PFE,aggressive,4942.693318620755,0.21106761717989492,0.5467822324701067,0.9837316448730056,96,3,2026-01-21
AIG/CFG,AIG,CFG,aggressive,-8212.646169521178,-0.45324987481032375,0.5467822324701067,3.0984267184234474e-20,100,3,2026-01-21
AKAM/KEYS,AKAM,KEYS,aggressive,16862.9,0.6853765228420728,0.5467822324701067,0.9999985320059095,70,3,2026-01-21
TXT/YUM,TXT,YUM,aggressive,1461.130328878099,0.08522717524402741,0.5467822324701067,0.37185313949273024,102,3,2026-01-21
BIIB/HCA,BIIB,HCA,aggressive,24080.11642672668,1.133736321324848,0.5467822324701067,1.0,114,3,2026-01-21
RTX/SNA,RTX,SNA,aggressive,319.5651329744624,0.020330126314178767,0.5467822324701067,0.05051874986195369,94,3,2026-01-21
ATO/PCG,ATO,PCG,aggressive,-14715.82385940578,-0.8430076441987092,0.5467822324701067,3.637573407980288e-27,78,3,2026-01-21
AIG/L,AIG,L,aggressive,-4158.64560264363,-0.3589149518746378,0.5467822324701067,1.2818944933144903e-10,90,3,2026-01-21
AON/KKR,AON,KKR,aggressive,-5813.474398509728,-0.24993535647600373,0.5467822324701067,1.167844205046937e-09,88,3,2026-01-21
CDNS/PTC,CDNS,PTC,aggressive,-5435.909999999967,-0.27643181726849414,0.5467822324701067,3.6664606880244734e-10,90,3,2026-01-21
HAS/YUM,HAS,YUM,long_z_short_v,-3305.486882618261,-0.4361617520078558,0.5454002316834049,2.5676612917259874e-18,48,3,2026-01-21
CSCO/PAYC,CSCO,PAYC,long_z_short_v,5037.492132033799,0.5924268984520658,0.5454002316834049,0.9999999976630854,44,3,2026-01-21
UNP/VLTO,UNP,VLTO,long_z_short_v,5698.836928823586,0.8365571572301247,0.5454002316834049,0.9999999999999586,50,3,2026-01-21
CME/DE,CME,DE,long_z_short_v,13637.68662389952,1.6283332155954784,0.5454002316834049,0.9999999999950323,50,3,2026-01-21
EXR/WY,EXR,WY,long_z_short_v,5923.174229318351,0.7423019022478542,0.5454002316834049,1.0,40,3,2026-01-21
BSX/PFE,BSX,PFE,long_z_short_v,14325.08019498966,1.2741817132766415,0.5454002316834049,0.9999999972505004,34,3,2026-01-21
AIG/CFG,AIG,CFG,long_z_short_v,-3102.478085072699,-0.305952080915604,0.5454002316834049,8.606708483965077e-19,44,3,2026-01-21
AKAM/KEYS,AKAM,KEYS,long_z_short_v,-199.710000000031,-0.018969904102251602,0.5454002316834049,0.007483573309138555,32,3,2026-01-21
TXT/YUM,TXT,YUM,long_z_short_v,-3453.073243606454,-0.41851215505324374,0.5454002316834049,2.331883332496792e-20,42,3,2026-01-21
BIIB/HCA,BIIB,HCA,long_z_short_v,1311.094880802041,0.14704582133540353,0.5454002316834049,0.81254816800632,36,3,2026-01-21
RTX/SNA,RTX,SNA,long_z_short_v,10400.56510262223,1.542049846753239,0.5454002316834049,0.9999989504920669,40,3,2026-01-21
ATO/PCG,ATO,PCG,long_z_short_v,-7617.950719223907,-0.7393758795639996,0.5454002316834049,1.897239047663461e-27,34,3,2026-01-21
AIG/L,AIG,L,long_z_short_v,-1288.264276391209,-0.24612844090154476,0.5454002316834049,2.6790910600777263e-05,32,3,2026-01-21
AON/KKR,AON,KKR,long_z_short_v,5426.22596407608,0.38898840621515696,0.5454002316834049,0.9999998656108673,42,3,2026-01-21
CDNS/PTC,CDNS,PTC,long_z_short_v,6610.669999999995,0.6497114362867057,0.5454002316834049,0.9999999999656138,40,3,2026-01-21
HAS/YUM,HAS,YUM,stable_signal_quick_exit,19045.29462546274,1.9268691733458694,0.4836219921576448,0.99999999775605,46,3,2026-01-21
CSCO/PAYC,CSCO,PAYC,stable_signal_quick_exit,7912.431170845418,0.7021477374983234,0.4836219921576448,0.9999999222368017,60,3,2026-01-21
UNP/VLTO,UNP,VLTO,stable_signal_quick_exit,993.2611680651962,0.1381312168964068,0.4836219921576448,0.7455814235432114,50,3,2026-01-21
CME/DE,CME,DE,stable_signal_quick_exit,16358.38414147948,1.577127526810155,0.4836219921576448,0.9999999999998186,52,3,2026-01-21
EXR/WY,EXR,WY,stable_signal_quick_exit,608.8188294307109,0.08130461028557175,0.4836219921576448,0.3325959823664473,42,3,2026-01-21
BSX/PFE,BSX,PFE,stable_signal_quick_exit,5195.57391457505,0.45960651388114515,0.4836219921576448,0.9999484733368702,46,3,2026-01-21
AIG/CFG,AIG,CFG,stable_signal_quick_exit,-7005.053841828399,-0.8145368372852265,0.4836219921576448,1.5735277283004623e-10,50,3,2026-01-21
AKAM/KEYS,AKAM,KEYS,stable_signal_quick_exit,-1973.879999999979,-0.14263113484253548,0.4836219921576448,1.1479750249299302e-08,44,3,2026-01-21
TXT/YUM,TXT,YUM,stable_signal_quick_exit,3756.569375380664,0.4526727199078601,0.4836219921576448,0.999999981395031,48,3,2026-01-21
BIIB/HCA,BIIB,HCA,stable_signal_quick_exit,5649.511204464681,0.5490801929140691,0.4836219921576448,0.99999999969599,56,3,2026-01-21
RTX/SNA,RTX,SNA,stable_signal_quick_exit,7119.056407984805,1.103894892803757,0.4836219921576448,0.9999999999999977,42,3,2026-01-21
ATO/PCG,ATO,PCG,stable_signal_quick_exit,-883.4620782400048,-0.12706492186593837,0.4836219921576448,2.3096623611799137e-08,34,3,2026-01-21
AIG/L,AIG,L,stable_signal_quick_exit,-2951.220861775502,-0.49368820904224764,0.4836219921576448,8.097167358003432e-08,48,3,2026-01-21
AON/KKR,AON,KKR,stable_signal_quick_exit,-3156.631433757576,-0.2925171189927241,0.4836219921576448,3.173839003836122e-08,46,3,2026-01-21
CDNS/PTC,CDNS,PTC,stable_signal_quick_exit,-2792.390000000029,-0.27000987469909343,0.4836219921576448,8.973242297086094e-08,50,3,2026-01-21
HAS/YUM,HAS,YUM,static_threshold,7021.326337609344,0.6098953620368732,0.3636613408654172,1.0,82,3,2026-01-21
CSCO/PAYC,CSCO,PAYC,static_threshold,7783.365119647688,0.5857389278030046,0.3636613408654172,0.9999999996631089,92,3,2026-01-21
UNP/VLTO,UNP,VLTO,static_threshold,9430.748185129225,0.9894639486795609,0.3636613408654172,0.9999999999999932,94,3,2026-01-21
CME/DE,CME,DE,static_threshold,21074.84751557334,1.4641339785414564,0.3636613408654172,0.9999999999999848,124,3,2026-01-21
EXR/WY,EXR,WY,static_threshold,7787.289113592325,0.7378556687869969,0.3636613408654172,1.0,68,3,2026-01-21
BSX/PFE,BSX,PFE,static_threshold,9911.281777989574,0.6996583307652312,0.3636613408654172,0.9999999999600561,82,3,2026-01-21
AIG/CFG,AIG,CFG,static_threshold,-11296.64918455947,-0.8889958062023938,0.3636613408654172,2.036491386751767e-26,88,3,2026-01-21
AKAM/KEYS,AKAM,KEYS,static_threshold,-7941.179999999978,-0.4184033910739775,0.3636613408654172,1.3368099450779e-07,76,3,2026-01-21
TXT/YUM,TXT,YUM,static_threshold,7020.907502405569,0.5925860436695266,0.3636613408654172,0.9999999999974046,86,3,2026-01-21
BIIB/HCA,BIIB,HCA,static_threshold,9315.31251501224,0.7238037809226331,0.3636613408654172,1.0,100,3,2026-01-21
RTX/SNA,RTX,SNA,static_threshold,13506.35924383675,1.1120293300446675,0.3636613408654172,0.9999988439510642,92,3,2026-01-21
ATO/PCG,ATO,PCG,static_threshold,-13105.45320731819,-1.1181325043762327,0.3636613408654172,3.863477475961078e-27,92,3,2026-01-21
AIG/L,AIG,L,static_threshold,-7792.192898135849,-1.0497771290956983,0.3636613408654172,2.056056191727205e-19,90,3,2026-01-21
AON/KKR,AON,KKR,static_threshold,-6336.475363762101,-0.3567405275732894,0.3636613408654172,2.3362765767220676e-10,90,3,2026-01-21
CDNS/PTC,CDNS,PTC,static_threshold,1342.459999999984,0.12274837047096293,0.3636613408654172,0.6792751175004309,72,3,2026-01-21
HAS/YUM,HAS,YUM,vol_agnostic,-870.7300567981965,-0.06051273529155923,0.0833713656457577,0.00015948286085219976,88,3,2026-01-21
CSCO/PAYC,CSCO,PAYC,vol_agnostic,11164.12405714998,0.832594754455449,0.0833713656457577,0.9999999999998245,90,3,2026-01-21
UNP/VLTO,UNP,VLTO,vol_agnostic,-477.811534703842,-0.052980574413692826,0.0833713656457577,0.0005842778995979621,88,3,2026-01-21
CME/DE,CME,DE,vol_agnostic,15707.65707830184,1.2066657101546496,0.0833713656457577,0.9999999999999989,114,3,2026-01-21
EXR/WY,EXR,WY,vol_agnostic,17030.74333754284,1.3595711932107948,0.0833713656457577,1.0,74,3,2026-01-21
BSX/PFE,BSX,PFE,vol_agnostic,11575.98214281458,0.7775697268112971,0.0833713656457577,0.999999999999786,76,3,2026-01-21
AIG/CFG,AIG,CFG,vol_agnostic,-11393.54850600859,-0.8520175279398798,0.0833713656457577,1.7451371693409163e-31,86,3,2026-01-21
AKAM/KEYS,AKAM,KEYS,vol_agnostic,-8820.779999999962,-0.46622840415258043,0.0833713656457577,1.0292478385879885e-07,66,3,2026-01-21
TXT/YUM,TXT,YUM,vol_agnostic,-3542.945041855982,-0.30878947852711697,0.0833713656457577,4.1373773000807075e-14,80,3,2026-01-21
BIIB/HCA,BIIB,HCA,vol_agnostic,18034.48786536547,1.2302838755267689,0.0833713656457577,1.0,108,3,2026-01-21
RTX/SNA,RTX,SNA,vol_agnostic,7045.109195986311,0.5624247021698021,0.0833713656457577,0.9999989921247818,86,3,2026-01-21
ATO/PCG,ATO,PCG,vol_agnostic,-11860.62117518869,-0.9353985976350406,0.0833713656457577,3.5780295850001605e-32,62,3,2026-01-21
AIG/L,AIG,L,vol_agnostic,-12780.22699286305,-1.6610942073731607,0.0833713656457577,1.3512428938165715e-19,80,3,2026-01-21
AON/KKR,AON,KKR,vol_agnostic,2034.513134779685,0.10701288192973331,0.0833713656457577,0.5467998055805515,96,3,2026-01-21
CDNS/PTC,CDNS,PTC,vol_agnostic,-812.1400000000067,-0.07166205129104804,0.0833713656457577,0.00040225029038577477,64,3,2026-01-21
HAS/YUM,HAS,YUM,slow_reentry,7259.720776159572,0.5976547144359668,0.0391961009498305,0.9971830805450097,40,3,2026-01-21
CSCO/PAYC,CSCO,PAYC,slow_reentry,12183.03493163405,1.2434650147865722,0.0391961009498305,0.9999993514800946,52,3,2026-01-21
UNP/VLTO,UNP,VLTO,slow_reentry,2234.46757557362,0.3116765298533299,0.0391961009498305,0.9981955287667768,50,3,2026-01-21
CME/DE,CME,DE,slow_reentry,2611.440435116152,0.30030998221674277,0.0391961009498305,0.9996459359044995,56,3,2026-01-21
EXR/WY,EXR,WY,slow_reentry,2187.128000744305,0.2351489840697209,0.0391961009498305,0.9991212102336492,46,3,2026-01-21
BSX/PFE,BSX,PFE,slow_reentry,-5586.068899174166,-0.5123864986359902,0.0391961009498305,1.0776138897022411e-13,42,3,2026-01-21
AIG/CFG,AIG,CFG,slow_reentry,6549.576600658531,0.7041231757739885,0.0391961009498305,1.0,52,3,2026-01-21
AKAM/KEYS,AKAM,KEYS,slow_reentry,-1621.759999999991,-0.18090306931595931,0.0391961009498305,1.872931545049144e-05,34,3,2026-01-21
TXT/YUM,TXT,YUM,slow_reentry,-985.1657322680248,-0.12068085333727335,0.0391961009498305,2.947769141506988e-06,60,3,2026-01-21
BIIB/HCA,BIIB,HCA,slow_reentry,6312.958031330615,0.5599351606873119,0.0391961009498305,0.9999999999452635,56,3,2026-01-21
RTX/SNA,RTX,SNA,slow_reentry,4718.782200331869,0.6852039752713136,0.0391961009498305,0.9999999900653688,50,3,2026-01-21
ATO/PCG,ATO,PCG,slow_reentry,-4034.637362979072,-0.6097869365502121,0.0391961009498305,4.180278969883596e-15,40,3,2026-01-21
AIG/L,AIG,L,slow_reentry,-6543.61405923735,-1.7219055198397248,0.0391961009498305,6.18922222883448e-19,34,3,2026-01-21
AON/KKR,AON,KKR,slow_reentry,5310.029352367525,0.483816927591923,0.0391961009498305,0.9999999999935799,44,3,2026-01-21
CDNS/PTC,CDNS,PTC,slow_reentry,-784.4500000000071,-0.07912761769412456,0.0391961009498305,0.0004601800908668951,48,3,2026-01-21
HAS/YUM,HAS,YUM,medium_signal_high_leverage,13311.90631889561,0.9191736530819173,-0.0002065424902983,0.9999999999924015,52,3,2026-01-21
CSCO/PAYC,CSCO,PAYC,medium_signal_high_leverage,15793.19170617157,0.9472703438838059,-0.0002065424902983,0.9999999873693103,50,3,2026-01-21
UNP/VLTO,UNP,VLTO,medium_signal_high_leverage,3495.145890568881,0.3010891105446884,-0.0002065424902983,0.9978951329094841,50,3,2026-01-21
CME/DE,CME,DE,medium_signal_high_leverage,13551.41208677774,0.9331323385869583,-0.0002065424902983,0.9999999999999907,60,3,2026-01-21
EXR/WY,EXR,WY,medium_signal_high_leverage,876.1644101356933,0.0636917587676156,-0.0002065424902983,0.21315724232345257,48,3,2026-01-21
BSX/PFE,BSX,PFE,medium_signal_high_leverage,-175.0323788390488,-0.010990309694659086,-0.0002065424902983,0.01030092977442239,50,3,2026-01-21
AIG/CFG,AIG,CFG,medium_signal_high_leverage,-22436.30508154048,-1.4410376554752649,-0.0002065424902983,2.358209970222038e-16,56,3,2026-01-21
AKAM/KEYS,AKAM,KEYS,medium_signal_high_leverage,11034.43000000008,0.739552431221961,-0.0002065424902983,0.9999994334408062,40,3,2026-01-21
TXT/YUM,TXT,YUM,medium_signal_high_leverage,3325.002860937971,0.24257082111267841,-0.0002065424902983,0.9967241271616055,52,3,2026-01-21
BIIB/HCA,BIIB,HCA,medium_signal_high_leverage,10235.23864972631,0.6033096682630061,-0.0002065424902983,0.9999999999873392,60,3,2026-01-21
RTX/SNA,RTX,SNA,medium_signal_high_leverage,-2574.916927432147,-0.2378403037139993,-0.0002065424902983,1.5466335539686234e-12,54,3,2026-01-21
ATO/PCG,ATO,PCG,medium_signal_high_leverage,-5137.178660350355,-0.35335595147339366,-0.0002065424902983,1.574539831920341e-17,46,3,2026-01-21
AIG/L,AIG,L,medium_signal_high_leverage,-8105.746868624393,-0.8668399016597181,-0.0002065424902983,3.6527934742960046e-10,52,3,2026-01-21
AON/KKR,AON,KKR,medium_signal_high_leverage,-2615.756285860177,-0.12685588751864096,-0.0002065424902983,4.320694887831584e-06,52,3,2026-01-21
CDNS/PTC,CDNS,PTC,medium_signal_high_leverage,-3615.280000000029,-0.22207397503552967,-0.0002065424902983,2.3790312551820998e-07,48,3,2026-01-21
HAS/YUM,HAS,YUM,high_leverage,9396.528097538525,0.5066793941413573,-0.0544828694108929,0.9967883906401952,48,3,2026-01-21
CSCO/PAYC,CSCO,PAYC,high_leverage,7575.797111398358,0.4662753215931118,-0.0544828694108929,0.9999996388621025,60,3,2026-01-21
UNP/VLTO,UNP,VLTO,high_leverage,3198.382605777801,0.2842726632870249,-0.0544828694108929,0.9972297910544307,56,3,2026-01-21
CME/DE,CME,DE,high_leverage,3997.659889074115,0.3015363055633841,-0.0544828694108929,0.999665354133222,58,3,2026-01-21
EXR/WY,EXR,WY,high_leverage,11071.86624573192,0.6984023975640682,-0.0544828694108929,0.9999999999999751,58,3,2026-01-21
BSX/PFE,BSX,PFE,high_leverage,16260.33025830135,0.8983313193094792,-0.0544828694108929,0.9999999982667643,54,3,2026-01-21
AIG/CFG,AIG,CFG,high_leverage,-13919.3832004906,-0.8194285701645934,-0.0544828694108929,1.5538660749593315e-23,64,3,2026-01-21
AKAM/KEYS,AKAM,KEYS,high_leverage,1763.010000000017,0.12408440800233746,-0.0544828694108929,0.6747152118396356,38,3,2026-01-21
TXT/YUM,TXT,YUM,high_leverage,-4241.443266605261,-0.31062677632431496,-0.0544828694108929,1.6181775735728308e-14,64,3,2026-01-21
BIIB/HCA,BIIB,HCA,high_leverage,1861.879481949629,0.11230399638889316,-0.0544828694108929,0.586811239147972,52,3,2026-01-21
RTX/SNA,RTX,SNA,high_leverage,4084.977595155037,0.33516199898689536,-0.0544828694108929,0.9972234570980717,58,3,2026-01-21
ATO/PCG,ATO,PCG,high_leverage,-9479.965891362946,-0.6822596673687213,-0.0544828694108929,4.584093905121051e-22,44,3,2026-01-21
AIG/L,AIG,L,high_leverage,-12587.78522979618,-1.7625965970392306,-0.0544828694108929,2.7926337942142245e-27,42,3,2026-01-21
AON/KKR,AON,KKR,high_leverage,7612.523128960439,0.4374829414424842,-0.0544828694108929,0.999999999990916,48,3,2026-01-21
CDNS/PTC,CDNS,PTC,high_leverage,-3029.550000000019,-0.20510408584647247,-0.0544828694108929,2.6947586417886633e-06,46,3,2026-01-21
HAS/YUM,HAS,YUM,tight_stop,5369.862051467022,0.4478621203518063,-0.1021318923927591,0.9915287402927029,48,3,2026-01-21
CSCO/PAYC,CSCO,PAYC,tight_stop,7619.317929264967,0.7976438958523937,-0.1021318923927591,0.9999989229895624,54,3,2026-01-21
UNP/VLTO,UNP,VLTO,tight_stop,3101.863986545369,0.4834469859706918,-0.1021318923927591,0.9999743304859924,56,3,2026-01-21
CME/DE,CME,DE,tight_stop,3393.351888920069,0.429431539331933,-0.1021318923927591,0.9999979039347341,56,3,2026-01-21
EXR/WY,EXR,WY,tight_stop,9020.658138816796,1.1467012028128774,-0.1021318923927591,0.9999989721675445,48,3,2026-01-21
BSX/PFE,BSX,PFE,tight_stop,-4086.467356785002,-0.36961361434879736,-0.1021318923927591,4.05410042609221e-14,56,3,2026-01-21
AIG/CFG,AIG,CFG,tight_stop,6327.193272882974,0.7577343346064892,-0.1021318923927591,1.0,62,3,2026-01-21
AKAM/KEYS,AKAM,KEYS,tight_stop,-5356.999999999995,-0.7092894265156297,-0.1021318923927591,3.0319394405325776e-15,44,3,2026-01-21
TXT/YUM,TXT,YUM,tight_stop,-1483.271021524492,-0.20992193254587846,-0.1021318923927591,2.55921290981584e-09,66,3,2026-01-21
BIIB/HCA,BIIB,HCA,tight_stop,-194.2007570155174,-0.017884755661103077,-0.1021318923927591,0.007010212688293392,60,3,2026-01-21
RTX/SNA,RTX,SNA,tight_stop,1063.079757304197,0.13788998223927024,-0.1021318923927591,0.7160080321978569,60,3,2026-01-21
ATO/PCG,ATO,PCG,tight_stop,-4647.670595082791,-0.5912721262152265,-0.1021318923927591,4.117046765015151e-15,56,3,2026-01-21
AIG/L,AIG,L,tight_stop,-1328.185878577873,-0.37138949736153404,-0.1021318923927591,2.0973259098619887e-13,44,3,2026-01-21
AON/KKR,AON,KKR,tight_stop,10541.68235913045,1.1079268863141243,-0.1021318923927591,0.9999999999605738,48,3,2026-01-21
CDNS/PTC,CDNS,PTC,tight_stop,-4863.500000000002,-0.4873061777562756,-0.1021318923927591,2.5496342939782903e-09,50,3,2026-01-21
HAS/YUM,HAS,YUM,high_entry,9196.462537504314,2.0741301824693408,-0.1190900725961313,0.9999999972846393,18,3,2026-01-21
CSCO/PAYC,CSCO,PAYC,high_entry,4300.708167699087,0.5133250247788091,-0.1190900725961313,0.9998097455659412,20,3,2026-01-21
UNP/VLTO,UNP,VLTO,high_entry,2035.771486269515,0.3709388887416472,-0.1190900725961313,0.9996579878953241,26,3,2026-01-21
CME/DE,CME,DE,high_entry,65.29880968878115,0.008810853366582654,-0.1190900725961313,0.027249682764049887,30,3,2026-01-21
EXR/WY,EXR,WY,high_entry,117.6023710346803,0.021097803207354292,-0.1190900725961313,0.04589490837592694,22,3,2026-01-21
BSX/PFE,BSX,PFE,high_entry,3061.181011073599,0.41153226092237455,-0.1190900725961313,0.999966144285162,28,3,2026-01-21
AIG/CFG,AIG,CFG,high_entry,1466.084988666075,0.1876225860340108,-0.1190900725961313,0.9220280487594178,28,3,2026-01-21
AKAM/KEYS,AKAM,KEYS,high_entry,9132.379999999994,1.2631111623080598,-0.1190900725961313,0.9998452269563699,22,3,2026-01-21
TXT/YUM,TXT,YUM,high_entry,-1386.944365444803,-0.2433340554418514,-0.1190900725961313,9.292595311146634e-10,26,3,2026-01-21
BIIB/HCA,BIIB,HCA,high_entry,1158.465545107579,0.15321765750711638,-0.1190900725961313,0.8357191808873634,24,3,2026-01-21
RTX/SNA,RTX,SNA,high_entry,3638.692282449645,0.8036800574688423,-0.1190900725961313,0.9999998741058588,20,3,2026-01-21
ATO/PCG,ATO,PCG,high_entry,-10729.57335623003,-1.8266127292926313,-0.1190900725961313,1.7741699982893473e-08,38,3,2026-01-21
AIG/L,AIG,L,high_entry,-3532.823598526276,-0.8712310822934662,-0.1190900725961313,8.954850579377466e-15,22,3,2026-01-21
AON/KKR,AON,KKR,high_entry,-1933.062639994982,-0.2756156146083103,-0.1190900725961313,3.071416421152276e-05,22,3,2026-01-21
CDNS/PTC,CDNS,PTC,high_entry,8807.729999999985,1.0892925812501886,-0.1190900725961313,0.9999995382682328,24,3,2026-01-21
HAS/YUM,HAS,YUM,flash_hold,10001.56039119331,1.6646240627559927,-0.1574618036985867,1.0,122,3,2026-01-21
CSCO/PAYC,CSCO,PAYC,flash_hold,2204.79658747182,0.3120771081205426,-0.1574618036985867,0.9997327177167302,120,3,2026-01-21
UNP/VLTO,UNP,VLTO,flash_hold,2393.998832218952,0.5349788027059116,-0.1574618036985867,0.9999999896093567,126,3,2026-01-21
CME/DE,CME,DE,flash_hold,1870.245554985564,0.27678107622210907,-0.1574618036985867,0.9999736361131779,116,3,2026-01-21
EXR/WY,EXR,WY,flash_hold,5260.258067765304,1.0290981579224956,-0.1574618036985867,1.0,152,3,2026-01-21
BSX/PFE,BSX,PFE,flash_hold,1478.73316359626,0.21125337980431821,-0.1574618036985867,0.985071147825578,144,3,2026-01-21
AIG/CFG,AIG,CFG,flash_hold,-7222.218747495295,-1.175266389123171,-0.1574618036985867,3.989080358377332e-25,156,3,2026-01-21
AKAM/KEYS,AKAM,KEYS,flash_hold,-5322.459999999988,-0.7622427817465856,-0.1574618036985867,9.261916757613494e-15,102,3,2026-01-21
TXT/YUM,TXT,YUM,flash_hold,1153.505753265156,0.20439323413081986,-0.1574618036985867,0.975654979803215,128,3,2026-01-21
BIIB/HCA,BIIB,HCA,flash_hold,9547.610885840884,1.336601558638084,-0.1574618036985867,1.0,128,3,2026-01-21
RTX/SNA,RTX,SNA,flash_hold,4994.81047100697,0.7912050236805145,-0.1574618036985867,0.999999651015295,124,3,2026-01-21
ATO/PCG,ATO,PCG,flash_hold,1491.102671813327,0.26181034419745997,-0.1574618036985867,0.9980971664022968,162,3,2026-01-21
AIG/L,AIG,L,flash_hold,-326.8208812707526,-0.08580157026824711,-0.1574618036985867,0.0001399054741620491,142,3,2026-01-21
AON/KKR,AON,KKR,flash_hold,4203.980142274229,0.4677137171232129,-0.1574618036985867,0.9999999982155979,138,3,2026-01-21
CDNS/PTC,CDNS,PTC,flash_hold,-7015.819999999991,-0.8443802163643362,-0.1574618036985867,2.1216066275539117e-09,124,3,2026-01-21
HAS/YUM,HAS,YUM,symmetric_exit,8046.296844840235,1.2140047030562269,-0.1968477041589986,0.9999999999999537,34,3,2026-01-21
CSCO/PAYC,CSCO,PAYC,symmetric_exit,4778.71950015467,0.534318470545372,-0.1968477041589986,0.9999668014669847,38,3,2026-01-21
UNP/VLTO,UNP,VLTO,symmetric_exit,3380.315558023291,0.5340326757613456,-0.1968477041589986,0.9999998995014092,42,3,2026-01-21
CME/DE,CME,DE,symmetric_exit,5930.402734222711,0.7967046532786788,-0.1968477041589986,0.9999999938129641,46,3,2026-01-21
EXR/WY,EXR,WY,symmetric_exit,2956.891862839197,0.4640517151788765,-0.1968477041589986,0.9999999982024269,44,3,2026-01-21
BSX/PFE,BSX,PFE,symmetric_exit,1667.470815909135,0.16224019876895152,-0.1968477041589986,0.8416860203986862,42,3,2026-01-21
AIG/CFG,AIG,CFG,symmetric_exit,-858.6751657293946,-0.10222165436773896,-0.1968477041589986,1.1958501103630192e-05,50,3,2026-01-21
AKAM/KEYS,AKAM,KEYS,symmetric_exit,2603.820000000002,0.29969908215363117,-0.1968477041589986,0.9961038257090148,28,3,2026-01-21
TXT/YUM,TXT,YUM,symmetric_exit,2576.058808800999,0.357800672510416,-0.1968477041589986,0.9999894957836736,46,3,2026-01-21
BIIB/HCA,BIIB,HCA,symmetric_exit,-2319.020556388695,-0.24774771798439868,-0.1968477041589986,1.6599678779469868e-09,52,3,2026-01-21
RTX/SNA,RTX,SNA,symmetric_exit,2055.328786922666,0.30204155739529776,-0.1968477041589986,0.9991240047556931,42,3,2026-01-21
ATO/PCG,ATO,PCG,symmetric_exit,-6832.097089172831,-1.066817013920257,-0.1968477041589986,5.474651309867733e-12,54,3,2026-01-21
AIG/L,AIG,L,symmetric_exit,-5498.550120617901,-1.2770418797920566,-0.1968477041589986,3.8555616251047085e-19,40,3,2026-01-21
AON/KKR,AON,KKR,symmetric_exit,592.0525291790298,0.06512551395392678,-0.1968477041589986,0.20090567345013965,34,3,2026-01-21
CDNS/PTC,CDNS,PTC,symmetric_exit,3368.639999999996,0.38025420896358136,-0.1968477041589986,0.9999988295191807,42,3,2026-01-21
HAS/YUM,HAS,YUM,quick_exit,4642.5301632143,0.3868516713412193,-0.216785888856798,0.9861702136193022,48,3,2026-01-21
CSCO/PAYC,CSCO,PAYC,quick_exit,9462.721511116953,0.9528960647625982,-0.216785888856798,0.9999997514682459,54,3,2026-01-21
UNP/VLTO,UNP,VLTO,quick_exit,3617.248270569708,0.559259462398131,-0.216785888856798,0.9999954497371801,56,3,2026-01-21
CME/DE,CME,DE,quick_exit,1897.917177756456,0.23379581129628252,-0.216785888856798,0.9898668356644279,56,3,2026-01-21
EXR/WY,EXR,WY,quick_exit,7271.001147336242,0.9828588750810145,-0.216785888856798,0.9999915677634207,48,3,2026-01-21
BSX/PFE,BSX,PFE,quick_exit,-1873.101241519244,-0.1773216188343098,-0.216785888856798,9.05218750993781e-09,56,3,2026-01-21
AIG/CFG,AIG,CFG,quick_exit,6507.059010758278,0.7884062827212206,-0.216785888856798,1.0,62,3,2026-01-21
AKAM/KEYS,AKAM,KEYS,quick_exit,-6519.119999999987,-0.8528140356050334,-0.216785888856798,6.27739627983332e-15,44,3,2026-01-21
TXT/YUM,TXT,YUM,quick_exit,609.0844592935246,0.08770269743405879,-0.216785888856798,0.3880682677469025,64,3,2026-01-21
BIIB/HCA,BIIB,HCA,quick_exit,-338.5066328663092,-0.03090121201797425,-0.216785888856798,0.00330862061813892,60,3,2026-01-21
RTX/SNA,RTX,SNA,quick_exit,2284.923888114682,0.2738653015931767,-0.216785888856798,0.9898447922104525,58,3,2026-01-21
ATO/PCG,ATO,PCG,quick_exit,-6031.811333106361,-0.7749721137285587,-0.216785888856798,9.841358524834273e-15,58,3,2026-01-21
AIG/L,AIG,L,quick_exit,-2321.533942810047,-0.5769405350500166,-0.216785888856798,5.327348050189505e-19,44,3,2026-01-21
AON/KKR,AON,KKR,quick_exit,7571.349269175973,0.792280058708475,-0.216785888856798,0.9999999999770691,52,3,2026-01-21
CDNS/PTC,CDNS,PTC,quick_exit,-6643.840000000009,-0.6318040040761331,-0.216785888856798,3.1296098636812337e-11,52,3,2026-01-21
HAS/YUM,HAS,YUM,fast_reentry,8620.421123949676,0.6989599170883063,-0.2670666806660536,0.9985896399809977,46,3,2026-01-21
CSCO/PAYC,CSCO,PAYC,fast_reentry,1044.919523081328,0.0958558871689738,-0.2670666806660536,0.44823451473552806,62,3,2026-01-21
UNP/VLTO,UNP,VLTO,fast_reentry,2377.100491622468,0.312892267199948,-0.2670666806660536,0.9985169709649384,60,3,2026-01-21
CME/DE,CME,DE,fast_reentry,2660.589181635832,0.29979313815281455,-0.2670666806660536,0.9996351979261464,58,3,2026-01-21
EXR/WY,EXR,WY,fast_reentry,-409.5453628578498,-0.05800334432334703,-0.2670666806660536,0.0007879104945133365,48,3,2026-01-21
BSX/PFE,BSX,PFE,fast_reentry,-15140.1661139676,-1.3346065055207792,-0.2670666806660536,1.0845217052241528e-20,60,3,2026-01-21
AIG/CFG,AIG,CFG,fast_reentry,6487.064876485832,0.6258830005487868,-0.2670666806660536,0.9999999999909172,68,3,2026-01-21
AKAM/KEYS,AKAM,KEYS,fast_reentry,2462.769999999995,0.23646372639483604,-0.2670666806660536,0.9934603817253636,44,3,2026-01-21
TXT/YUM,TXT,YUM,fast_reentry,-4125.619754450643,-0.4758304913578163,-0.2670666806660536,2.426210262653555e-23,68,3,2026-01-21
BIIB/HCA,BIIB,HCA,fast_reentry,2260.152408205171,0.1999262396512732,-0.2670666806660536,0.9741722716273442,64,3,2026-01-21
RTX/SNA,RTX,SNA,fast_reentry,7954.712759630478,1.2730370361471766,-0.2670666806660536,1.0,56,3,2026-01-21
ATO/PCG,ATO,PCG,fast_reentry,2503.934244722366,0.2690848890308457,-0.2670666806660536,0.9969148897062123,72,3,2026-01-21
AIG/L,AIG,L,fast_reentry,-5509.401817464299,-1.0201350000118912,-0.2670666806660536,7.966762756517933e-27,58,3,2026-01-21
AON/KKR,AON,KKR,fast_reentry,6598.349882026884,0.5605483012069243,-0.2670666806660536,0.9999999999999859,58,3,2026-01-21
CDNS/PTC,CDNS,PTC,fast_reentry,-185.3400000000129,-0.018179451074414318,-0.2670666806660536,0.007837872422262838,50,3,2026-01-21
HAS/YUM,HAS,YUM,balanced_plus,2808.006933998539,0.2929138743867097,-0.3097244294826264,0.9998067937833104,54,3,2026-01-21
CSCO/PAYC,CSCO,PAYC,balanced_plus,4430.663078727134,0.3786108400143399,-0.3097244294826264,0.9997970057301121,54,3,2026-01-21
UNP/VLTO,UNP,VLTO,balanced_plus,-5961.972948857036,-0.8204781742281206,-0.3097244294826264,5.013586201281714e-21,52,3,2026-01-21
CME/DE,CME,DE,balanced_plus,11868.61943663862,1.16834110353798,-0.3097244294826264,0.9999999999999998,62,3,2026-01-21
EXR/WY,EXR,WY,balanced_plus,4330.675446889605,0.5309284336168023,-0.3097244294826264,0.9999999999999736,48,3,2026-01-21
BSX/PFE,BSX,PFE,balanced_plus,1432.870391010802,0.10997313913151946,-0.3097244294826264,0.5636159514143444,60,3,2026-01-21
AIG/CFG,AIG,CFG,balanced_plus,-1344.485221031796,-0.1490563282994484,-0.3097244294826264,1.0572988773909784e-06,66,3,2026-01-21
AKAM/KEYS,AKAM,KEYS,balanced_plus,9899.380000000012,1.0912744171984163,-0.3097244294826264,0.9999999811080169,48,3,2026-01-21
TXT/YUM,TXT,YUM,balanced_plus,-3411.374775894797,-0.3656292531090187,-0.3097244294826264,9.638413318951386e-21,64,3,2026-01-21
BIIB/HCA,BIIB,HCA,balanced_plus,3648.464751197488,0.3642294418353158,-0.3097244294826264,0.99999833735427,58,3,2026-01-21
RTX/SNA,RTX,SNA,balanced_plus,238.0616201638238,0.033228030114975236,-0.3097244294826264,0.08818014540096364,62,3,2026-01-21
ATO/PCG,ATO,PCG,balanced_plus,-7751.064474381685,-0.9764391852927647,-0.3097244294826264,5.37395436228092e-23,58,3,2026-01-21
AIG/L,AIG,L,balanced_plus,-3963.687890832859,-0.626588332526676,-0.3097244294826264,3.345425087376326e-10,54,3,2026-01-21
AON/KKR,AON,KKR,balanced_plus,-5623.500094783848,-0.46289967740844223,-0.3097244294826264,2.2623564675717076e-14,58,3,2026-01-21
CDNS/PTC,CDNS,PTC,balanced_plus,4844.989999999962,0.48286758325818857,-0.3097244294826264,0.9999999596177055,56,3,2026-01-21
HAS/YUM,HAS,YUM,high_vol_specialist,9087.210378757867,1.3338499523828071,-0.3305709484189033,1.0,36,3,2026-01-21
CSCO/PAYC,CSCO,PAYC,high_vol_specialist,6684.343343399126,0.7041622786375481,-0.3305709484189033,0.9999982984722396,30,3,2026-01-21
UNP/VLTO,UNP,VLTO,high_vol_specialist,2281.39638240531,0.34883611115604635,-0.3305709484189033,0.9994138189027231,32,3,2026-01-21
CME/DE,CME,DE,high_vol_specialist,12095.22403749915,1.5663540648632908,-0.3305709484189033,0.9999999999998275,46,3,2026-01-21
EXR/WY,EXR,WY,high_vol_specialist,9005.333725878534,1.178289115845724,-0.3305709484189033,1.0,32,3,2026-01-21
BSX/PFE,BSX,PFE,high_vol_specialist,-1189.317500736041,-0.10550094719412971,-0.3305709484189033,3.5707256165836478e-06,44,3,2026-01-21
AIG/CFG,AIG,CFG,high_vol_specialist,-19475.10393357385,-1.6763183545137894,-0.3305709484189033,6.712946315035332e-20,44,3,2026-01-21
AKAM/KEYS,AKAM,KEYS,high_vol_specialist,-11580.28,-0.6872761947165068,-0.3305709484189033,3.872676611927379e-06,34,3,2026-01-21
TXT/YUM,TXT,YUM,high_vol_specialist,-1292.251528390188,-0.1328827610291546,-0.3305709484189033,8.727039689363622e-06,38,3,2026-01-21
BIIB/HCA,BIIB,HCA,high_vol_specialist,8703.751319811265,0.9935154724487354,-0.3305709484189033,0.9999999999995844,36,3,2026-01-21
RTX/SNA,RTX,SNA,high_vol_specialist,6626.58126367232,1.389144472038672,-0.3305709484189033,0.9999999998267098,30,3,2026-01-21
ATO/PCG,ATO,PCG,high_vol_specialist,-7022.548076060857,-0.5974329233787826,-0.3305709484189033,6.915267355679264e-33,50,3,2026-01-21
AIG/L,AIG,L,high_vol_specialist,-1514.589079233341,-0.3057157437555412,-0.3305709484189033,4.3711845367306074e-16,40,3,2026-01-21
AON/KKR,AON,KKR,high_vol_specialist,1328.683927326059,0.138153569664035,-0.3305709484189033,0.8174929716818844,38,3,2026-01-21
CDNS/PTC,CDNS,PTC,high_vol_specialist,2817.269999999968,0.32329529678566027,-0.3305709484189033,0.9999651706656297,38,3,2026-01-21
HAS/YUM,HAS,YUM,default,8293.746274521942,0.6855748366426598,-0.3622348269584249,0.9983358685242973,44,3,2026-01-21
CSCO/PAYC,CSCO,PAYC,default,4386.960804406917,0.41212665654773945,-0.3622348269584249,0.999997451625234,60,3,2026-01-21
UNP/VLTO,UNP,VLTO,default,4007.181552162488,0.555602677230484,-0.3622348269584249,0.9999986467645363,56,3,2026-01-21
CME/DE,CME,DE,default,2639.851258780936,0.3000867736539046,-0.3622348269584249,0.9996464911424309,58,3,2026-01-21
EXR/WY,EXR,WY,default,3206.171145570719,0.3352952616709205,-0.3622348269584249,0.9999996106459617,52,3,2026-01-21
BSX/PFE,BSX,PFE,default,1094.237561765989,0.09424433818128293,-0.3622348269584249,0.44502450018294404,54,3,2026-01-21
AIG/CFG,AIG,CFG,default,3850.534824151445,0.4249662807576952,-0.3622348269584249,0.9999999975701791,62,3,2026-01-21
AKAM/KEYS,AKAM,KEYS,default,-266.1899999999969,-0.028136543061523165,-0.3622348269584249,0.004646058875812267,44,3,2026-01-21
TXT/YUM,TXT,YUM,default,-3109.479913140474,-0.3754166504502766,-0.3622348269584249,5.3886545444620036e-18,62,3,2026-01-21
BIIB/HCA,BIIB,HCA,default,-156.2551748737876,-0.014538049222459451,-0.3622348269584249,0.008420577048288727,60,3,2026-01-21
RTX/SNA,RTX,SNA,default,2780.118349286854,0.3454920370477554,-0.3622348269584249,0.9978765372975843,58,3,2026-01-21
ATO/PCG,ATO,PCG,default,-5060.613210271462,-0.6502917420807427,-0.3622348269584249,9.324394799389945e-16,52,3,2026-01-21
AIG/L,AIG,L,default,-8775.732601508153,-1.9462385732871605,-0.3622348269584249,9.799349525230913e-21,40,3,2026-01-21
AON/KKR,AON,KKR,default,2978.176956238019,0.26817911445978837,-0.3622348269584249,0.9999445520050233,48,3,2026-01-21
CDNS/PTC,CDNS,PTC,default,-1814.880000000012,-0.18374429860466832,-0.3622348269584249,5.105170841244411e-06,48,3,2026-01-21
HAS/YUM,HAS,YUM,patient_hold,8321.488149069932,1.231551587068082,-0.3797091969963865,0.9999999999999994,28,3,2026-01-21
CSCO/PAYC,CSCO,PAYC,patient_hold,7906.836943552955,0.9167504065253146,-0.3797091969963865,0.9999494925816499,28,3,2026-01-21
UNP/VLTO,UNP,VLTO,patient_hold,2597.515331984632,0.39705787597366327,-0.3797091969963865,0.9997912072870841,36,3,2026-01-21
CME/DE,CME,DE,patient_hold,6688.786308229254,0.8183429462351768,-0.3797091969963865,0.9999999999468536,48,3,2026-01-21
EXR/WY,EXR,WY,patient_hold,2699.160618468761,0.3963095197115032,-0.3797091969963865,0.9999999952048301,26,3,2026-01-21
BSX/PFE,BSX,PFE,patient_hold,-757.4267635728274,-0.08524955576911147,-0.3797091969963865,6.456784863703435e-05,38,3,2026-01-21
AIG/CFG,AIG,CFG,patient_hold,4799.944361134245,0.5590414543871258,-0.3797091969963865,0.999999999999842,36,3,2026-01-21
AKAM/KEYS,AKAM,KEYS,patient_hold,-6034.91000000001,-0.6324286245201051,-0.3797091969963865,8.222129229348341e-08,28,3,2026-01-21
TXT/YUM,TXT,YUM,patient_hold,-6699.376761970676,-0.8314500035736574,-0.3797091969963865,9.627137738078434e-23,40,3,2026-01-21
BIIB/HCA,BIIB,HCA,patient_hold,2567.703465161876,0.2947242897947646,-0.3797091969963865,0.9997199238870544,34,3,2026-01-21
RTX/SNA,RTX,SNA,patient_hold,8371.327791497439,1.688363649915865,-0.3797091969963865,0.9999999999998183,44,3,2026-01-21
ATO/PCG,ATO,PCG,patient_hold,-4812.098732631062,-0.5090022910866301,-0.3797091969963865,9.728604252971046e-22,42,3,2026-01-21
AIG/L,AIG,L,patient_hold,-5138.676797100909,-1.061604223548294,-0.3797091969963865,2.170796549101921e-25,36,3,2026-01-21
AON/KKR,AON,KKR,patient_hold,-4417.22524655302,-0.4772347237995273,-0.3797091969963865,1.1742835815715016e-08,30,3,2026-01-21
CDNS/PTC,CDNS,PTC,patient_hold,556.53999999997,0.06655994756636575,-0.3797091969963865,0.22036295505774833,32,3,2026-01-21
HAS/YUM,HAS,YUM,fast_signal_tight_stop,-8505.498722512591,-0.8783481028123774,-0.421921066718461,1.1594431913948617e-07,60,3,2026-01-21
CSCO/PAYC,CSCO,PAYC,fast_signal_tight_stop,-8.883679386230142,-0.0007359033908247476,-0.421921066718461,0.017353703453889813,56,3,2026-01-21
UNP/VLTO,UNP,VLTO,fast_signal_tight_stop,2445.15900887694,0.3764405467686228,-0.421921066718461,0.9999955392366529,74,3,2026-01-21
CME/DE,CME,DE,fast_signal_tight_stop,605.3494924526885,0.07012810675033014,-0.421921066718461,0.2612681077240057,54,3,2026-01-21
EXR/WY,EXR,WY,fast_signal_tight_stop,4752.665770588145,0.6308104542930488,-0.421921066718461,0.9999999999999969,72,3,2026-01-21
BSX/PFE,BSX,PFE,fast_signal_tight_stop,-5360.838861474949,-0.5220794458548398,-0.421921066718461,1.689357660434823e-14,62,3,2026-01-21
AIG/CFG,AIG,CFG,fast_signal_tight_stop,-6078.005190189944,-0.7842543294921787,-0.421921066718461,2.0920051271742232e-20,70,3,2026-01-21
AKAM/KEYS,AKAM,KEYS,fast_signal_tight_stop,-11338.00000000002,-1.0503224813947212,-0.421921066718461,5.57470658589007e-07,52,3,2026-01-21
TXT/YUM,TXT,YUM,fast_signal_tight_stop,442.4949206206966,0.057412967601101095,-0.421921066718461,0.19699508870109922,56,3,2026-01-21
BIIB/HCA,BIIB,HCA,fast_signal_tight_stop,1027.973799869216,0.12558510512666687,-0.421921066718461,0.6803934212328238,56,3,2026-01-21
RTX/SNA,RTX,SNA,fast_signal_tight_stop,8744.055540338997,1.133306996714219,-0.421921066718461,0.9999999971529743,60,3,2026-01-21
ATO/PCG,ATO,PCG,fast_signal_tight_stop,9058.300643991031,1.0499195531767294,-0.421921066718461,0.9999999998961847,62,3,2026-01-21
AIG/L,AIG,L,fast_signal_tight_stop,-441.0157196004632,-0.0735329846329814,-0.421921066718461,5.329894150051183e-06,46,3,2026-01-21
AON/KKR,AON,KKR,fast_signal_tight_stop,18479.955368432,1.2016480705485066,-0.421921066718461,0.9999999997604903,66,3,2026-01-21
CDNS/PTC,CDNS,PTC,fast_signal_tight_stop,-1827.719999999998,-0.1970002567222604,-0.421921066718461,7.642559755961203e-06,60,3,2026-01-21
HAS/YUM,HAS,YUM,short_z_long_v,4227.130571572508,0.41663542870476833,-0.51251190860885,0.9997593324102595,48,3,2026-01-21
CSCO/PAYC,CSCO,PAYC,short_z_long_v,-6016.867792039906,-0.5576245031359478,-0.51251190860885,8.368372990373772e-08,42,3,2026-01-21
UNP/VLTO,UNP,VLTO,short_z_long_v,3516.386857505054,0.4651368080410017,-0.51251190860885,0.9999945656149506,46,3,2026-01-21
CME/DE,CME,DE,short_z_long_v,11041.61445470523,1.3174394080008571,-0.51251190860885,0.9999999999999992,60,3,2026-01-21
EXR/WY,EXR,WY,short_z_long_v,5705.95088795556,0.6458163063756875,-0.51251190860885,0.99999988487351,58,3,2026-01-21
BSX/PFE,BSX,PFE,short_z_long_v,6274.056887578104,0.6194062306676894,-0.51251190860885,0.9999999983529112,64,3,2026-01-21
AIG/CFG,AIG,CFG,short_z_long_v,-18012.72514343272,-1.8742665030694163,-0.51251190860885,4.077419342195466e-11,68,3,2026-01-21
AKAM/KEYS,AKAM,KEYS,short_z_long_v,-4532.760000000018,-0.27584160304819394,-0.51251190860885,9.216311237123533e-06,52,3,2026-01-21
TXT/YUM,TXT,YUM,short_z_long_v,-7727.5624797582,-0.819994660911436,-0.51251190860885,1.9925413415985322e-14,62,3,2026-01-21
BIIB/HCA,BIIB,HCA,short_z_long_v,13206.61007132967,1.3181730406128445,-0.51251190860885,1.0,56,3,2026-01-21
RTX/SNA,RTX,SNA,short_z_long_v,3411.927492968392,0.40169680867137214,-0.51251190860885,0.9997758723336431,56,3,2026-01-21
ATO/PCG,ATO,PCG,short_z_long_v,-6325.265685861241,-0.6573235337415089,-0.51251190860885,2.9820930450106922e-22,82,3,2026-01-21
AIG/L,AIG,L,short_z_long_v,-2979.220156809401,-0.6253050721760144,-0.51251190860885,7.449953414353797e-21,58,3,2026-01-21
AON/KKR,AON,KKR,short_z_long_v,1420.875619087987,0.10525237167017867,-0.51251190860885,0.5319054266121377,70,3,2026-01-21
CDNS/PTC,CDNS,PTC,short_z_long_v,3827.120000000024,0.46071482933648866,-0.51251190860885,0.9999967382174987,52,3,2026-01-21
HAS/YUM,HAS,YUM,slow_signal,3764.184664363946,0.6345298676910435,-0.5260209010743809,0.999999999999227,42,3,2026-01-21
CSCO/PAYC,CSCO,PAYC,slow_signal,5879.343170502839,0.610596619449726,-0.5260209010743809,0.999992688587837,32,3,2026-01-21
UNP/VLTO,UNP,VLTO,slow_signal,4690.026836942421,0.7364441292724212,-0.5260209010743809,0.9999996302567941,30,3,2026-01-21
CME/DE,CME,DE,slow_signal,13226.0887623589,1.8533840759451865,-0.5260209010743809,0.9999999998887152,36,3,2026-01-21
EXR/WY,EXR,WY,slow_signal,11879.95521196257,1.6851332253232398,-0.5260209010743809,0.9999999999999998,28,3,2026-01-21
BSX/PFE,BSX,PFE,slow_signal,5396.846420939504,0.5171246236776765,-0.5260209010743809,0.9999667464384685,40,3,2026-01-21
AIG/CFG,AIG,CFG,slow_signal,-12569.55509488107,-1.8646653057384996,-0.5260209010743809,5.49697065280018e-16,44,3,2026-01-21
AKAM/KEYS,AKAM,KEYS,slow_signal,-15278.32,-0.9002657855701379,-0.5260209010743809,3.3178645692808665e-06,32,3,2026-01-21
TXT/YUM,TXT,YUM,slow_signal,-2255.843683853486,-0.2871742893815965,-0.5260209010743809,5.468342870470844e-16,42,3,2026-01-21
BIIB/HCA,BIIB,HCA,slow_signal,8767.373945127729,1.031127866263239,-0.5260209010743809,0.9999999999991493,34,3,2026-01-21
RTX/SNA,RTX,SNA,slow_signal,2167.002262719027,0.3669836593214413,-0.5260209010743809,0.9997059992413337,36,3,2026-01-21
ATO/PCG,ATO,PCG,slow_signal,-12857.76209184995,-1.3119299664807682,-0.5260209010743809,6.763591474387583e-28,54,3,2026-01-21
AIG/L,AIG,L,slow_signal,-3134.818338592183,-0.764890536348363,-0.5260209010743809,5.665927334867554e-22,44,3,2026-01-21
AON/KKR,AON,KKR,slow_signal,526.5095908062881,0.05036139343936921,-0.5260209010743809,0.12960751660170383,40,3,2026-01-21
CDNS/PTC,CDNS,PTC,slow_signal,-976.6200000000377,-0.11972507872622441,-0.5260209010743809,0.000110295727168371,38,3,2026-01-21
HAS/YUM,HAS,YUM,fast_signal,-3061.113741336389,-0.2703014900666322,-0.5348995089683479,2.382927261268027e-14,70,3,2026-01-21
CSCO/PAYC,CSCO,PAYC,fast_signal,8670.550987169516,0.6820718943907441,-0.5348995089683479,0.9999999820332971,68,3,2026-01-21
UNP/VLTO,UNP,VLTO,fast_signal,-4473.741618675767,-0.5771231947039182,-0.5348995089683479,1.3223747033769776e-21,72,3,2026-01-21
CME/DE,CME,DE,fast_signal,1784.1518049875,0.19673287660602845,-0.5348995089683479,0.9675154249809493,54,3,2026-01-21
EXR/WY,EXR,WY,fast_signal,3895.077342227164,0.42511773671538605,-0.5348995089683479,0.9999999999489972,76,3,2026-01-21
BSX/PFE,BSX,PFE,fast_signal,-5189.162075612719,-0.43131653617669513,-0.5348995089683479,4.645098051613462e-17,68,3,2026-01-21
AIG/CFG,AIG,CFG,fast_signal,-16633.84239678745,-1.851365886268121,-0.5348995089683479,4.072407440304462e-29,88,3,2026-01-21
AKAM/KEYS,AKAM,KEYS,fast_signal,-3371.760000000017,-0.38778868473198075,-0.5348995089683479,2.9700003736871954e-11,54,3,2026-01-21
TXT/YUM,TXT,YUM,fast_signal,-766.3955690295311,-0.08841676607083318,-0.5348995089683479,1.6983504278652415e-05,70,3,2026-01-21
BIIB/HCA,BIIB,HCA,fast_signal,1619.992438883261,0.1703675894240716,-0.5348995089683479,0.9095414792131665,62,3,2026-01-21
RTX/SNA,RTX,SNA,fast_signal,8750.934781399917,1.1369721755731892,-0.5348995089683479,0.9999999969540573,60,3,2026-01-21
ATO/PCG,ATO,PCG,fast_signal,5699.029873048357,0.620949303560811,-0.5348995089683479,0.9999999978011453,70,3,2026-01-21
AIG/L,AIG,L,fast_signal,-1940.762506889209,-0.26908072020442,-0.5348995089683479,1.5441409287517281e-15,58,3,2026-01-21
AON/KKR,AON,KKR,fast_signal,10980.69715751183,0.6790237121987224,-0.5348995089683479,0.9999999999993466,74,3,2026-01-21
CDNS/PTC,CDNS,PTC,fast_signal,-231.9800000000105,-0.023692749634568765,-0.5348995089683479,0.0061315773001630524,66,3,2026-01-21
HAS/YUM,HAS,YUM,low_entry,6993.063157061551,0.44482971490788425,-0.6409289348939753,0.999734128849221,88,3,2026-01-21
CSCO/PAYC,CSCO,PAYC,low_entry,-2411.58266010002,-0.17535609043674727,-0.6409289348939753,2.926291916930107e-07,94,3,2026-01-21
UNP/VLTO,UNP,VLTO,low_entry,-1635.674314106122,-0.18935885567903235,-0.6409289348939753,3.038100810352474e-10,100,3,2026-01-21
CME/DE,CME,DE,low_entry,16170.22401890945,1.4741706642894967,-0.6409289348939753,1.0,96,3,2026-01-21
EXR/WY,EXR,WY,low_entry,4022.488645806101,0.42974534733912,-0.6409289348939753,0.999999999807143,92,3,2026-01-21
BSX/PFE,BSX,PFE,low_entry,-7749.513092169205,-0.5854360020378133,-0.6409289348939753,7.839202418737891e-23,86,3,2026-01-21
AIG/CFG,AIG,CFG,low_entry,-2022.641950380659,-0.1644280331371757,-0.6409289348939753,2.7989321759422847e-08,106,3,2026-01-21
AKAM/KEYS,AKAM,KEYS,low_entry,4529.980000000007,0.3752920288734504,-0.6409289348939753,0.9999966749751793,62,3,2026-01-21
TXT/YUM,TXT,YUM,low_entry,5411.375122795973,0.5511305740429412,-0.6409289348939753,0.9999999999893483,92,3,2026-01-21
BIIB/HCA,BIIB,HCA,low_entry,3637.806234906673,0.28714870144070354,-0.6409289348939753,0.9996538135344752,112,3,2026-01-21
RTX/SNA,RTX,SNA,low_entry,1635.642636648107,0.17155615965736806,-0.6409289348939753,0.8861965467270776,84,3,2026-01-21
ATO/PCG,ATO,PCG,low_entry,-9498.270874566606,-0.8058381118519425,-0.6409289348939753,6.685298568831476e-27,100,3,2026-01-21
AIG/L,AIG,L,low_entry,-6695.284654396518,-0.6822550885793375,-0.6409289348939753,1.0166749842711467e-20,112,3,2026-01-21
AON/KKR,AON,KKR,low_entry,-13910.59202023007,-0.8151024398294963,-0.6409289348939753,3.0944419324282976e-30,116,3,2026-01-21
CDNS/PTC,CDNS,PTC,low_entry,-3312.930000000025,-0.2662698967081019,-0.6409289348939753,8.158554439250557e-10,92,3,2026-01-21
HAS/YUM,HAS,YUM,conservative_no_leverage,4241.004697969037,1.3791238246140909,-0.7015163335143847,0.999999999999998,30,3,2026-01-21
CSCO/PAYC,CSCO,PAYC,conservative_no_leverage,4280.772435187495,0.9644904711571881,-0.7015163335143847,0.9999876505270604,38,3,2026-01-21
UNP/VLTO,UNP,VLTO,conservative_no_leverage,1363.993238330417,0.434208442249704,-0.7015163335143847,0.9999185569099189,28,3,2026-01-21
CME/DE,CME,DE,conservative_no_leverage,4857.678125887499,1.2798265711281367,-0.7015163335143847,0.9999999993029287,36,3,2026-01-21
EXR/WY,EXR,WY,conservative_no_leverage,2711.471650892478,0.7036134984318271,-0.7015163335143847,1.0,30,3,2026-01-21
BSX/PFE,BSX,PFE,conservative_no_leverage,125.3402902879529,0.02268521616895226,-0.7015163335143847,0.05475892192463882,32,3,2026-01-21
AIG/CFG,AIG,CFG,conservative_no_leverage,-1754.196203535549,-0.34409346325179785,-0.7015163335143847,5.4545311469161775e-15,30,3,2026-01-21
AKAM/KEYS,AKAM,KEYS,conservative_no_leverage,-195.1700000000074,-0.04453420807747096,-0.7015163335143847,0.0023652833375441954,22,3,2026-01-21
TXT/YUM,TXT,YUM,conservative_no_leverage,-2101.163452087799,-0.5670516899737096,-0.7015163335143847,4.375481712099501e-17,36,3,2026-01-21
BIIB/HCA,BIIB,HCA,conservative_no_leverage,337.8706132421942,0.07400088075137289,-0.7015163335143847,0.280737301148413,36,3,2026-01-21
RTX/SNA,RTX,SNA,conservative_no_leverage,4047.6186350143,1.9647744034800254,-0.7015163335143847,0.9999999999764495,36,3,2026-01-21
ATO/PCG,ATO,PCG,conservative_no_leverage,-2868.22417209634,-0.5951999130256066,-0.7015163335143847,1.9564581355331444e-23,34,3,2026-01-21
AIG/L,AIG,L,conservative_no_leverage,-84.3769869004193,-0.03753468992109749,-0.7015163335143847,0.001763818747789451,34,3,2026-01-21
AON/KKR,AON,KKR,conservative_no_leverage,1107.624173314744,0.21116394733866176,-0.7015163335143847,0.9933911820206914,34,3,2026-01-21
CDNS/PTC,CDNS,PTC,conservative_no_leverage,526.2099999999841,0.116327202695087,-0.7015163335143847,0.6401393149416069,32,3,2026-01-21
HAS/YUM,HAS,YUM,high_turnover,3273.080625966409,0.3680317787283757,-1.0663600079007984,0.9999998863173868,86,3,2026-01-21
CSCO/PAYC,CSCO,PAYC,high_turnover,1680.911188521065,0.152833370951292,-1.0663600079007984,0.8034439082558797,74,3,2026-01-21
UNP/VLTO,UNP,VLTO,high_turnover,-3829.860902042307,-0.47832354814984,-1.0663600079007984,1.922822833308731e-24,90,3,2026-01-21
CME/DE,CME,DE,high_turnover,785.6442139630169,0.07116495767961058,-1.0663600079007984,0.2569526672582791,96,3,2026-01-21
EXR/WY,EXR,WY,high_turnover,8830.09468545012,1.0093416271849944,-1.0663600079007984,1.0,82,3,2026-01-21
BSX/PFE,BSX,PFE,high_turnover,-7970.273421649994,-0.6281461572691693,-1.0663600079007984,3.0633854501947722e-24,92,3,2026-01-21
AIG/CFG,AIG,CFG,high_turnover,-6843.36457110191,-0.7340240364651779,-1.0663600079007984,4.887304183523767e-08,82,3,2026-01-21
AKAM/KEYS,AKAM,KEYS,high_turnover,-3511.240000000009,-0.4125807503864828,-1.0663600079007984,9.491427971228336e-14,72,3,2026-01-21
TXT/YUM,TXT,YUM,high_turnover,1569.030003494514,0.15375464721640414,-1.0663600079007984,0.817380617905715,82,3,2026-01-21
BIIB/HCA,BIIB,HCA,high_turnover,1196.167804295201,0.09990003206404119,-1.0663600079007984,0.4862119096935332,98,3,2026-01-21
RTX/SNA,RTX,SNA,high_turnover,4344.384058949928,0.6132872625453214,-1.0663600079007984,0.9999999999999968,82,3,2026-01-21
ATO/PCG,ATO,PCG,high_turnover,630.0873136968503,0.08362676841930201,-1.0663600079007984,0.37272043546708566,78,3,2026-01-21
AIG/L,AIG,L,high_turnover,8896.526169286162,1.5735344553538246,-1.0663600079007984,0.9999999998719933,78,3,2026-01-21
AON/KKR,AON,KKR,high_turnover,-7731.300796245868,-0.632631980425788,-1.0663600079007984,7.265707527570395e-15,78,3,2026-01-21
CDNS/PTC,CDNS,PTC,high_turnover,-17873.32000000004,-1.2384955015879724,-1.0663600079007984,3.143509233413834e-06,78,3,2026-01-21
HAS/YUM,HAS,YUM,no_leverage,4125.44421729547,0.6842381949752231,-1.119931450524499,0.9983244987581689,44,3,2026-01-21
CSCO/PAYC,CSCO,PAYC,no_leverage,2208.279611562703,0.41655320411004165,-1.119931450524499,0.999997740228116,60,3,2026-01-21
UNP/VLTO,UNP,VLTO,no_leverage,1986.112447134007,0.5532107386385178,-1.119931450524499,0.9999984636014853,56,3,2026-01-21
CME/DE,CME,DE,no_leverage,1321.436306462799,0.3028326102459291,-1.119931450524499,0.9996973913992018,58,3,2026-01-21
EXR/WY,EXR,WY,no_leverage,1610.211919642051,0.3382560109988339,-1.119931450524499,0.9999996757809818,52,3,2026-01-21
BSX/PFE,BSX,PFE,no_leverage,552.8853113487194,0.09589558337246619,-1.119931450524499,0.4573414380177066,54,3,2026-01-21
AIG/CFG,AIG,CFG,no_leverage,1926.838289013376,0.426908290952452,-1.119931450524499,0.9999999979583605,62,3,2026-01-21
AKAM/KEYS,AKAM,KEYS,no_leverage,-124.8299999999974,-0.026473545843954588,-1.119931450524499,0.00505771937618026,44,3,2026-01-21
TXT/YUM,TXT,YUM,no_leverage,-1531.87537464308,-0.37226323046341897,-1.119931450524499,7.970477448270564e-18,62,3,2026-01-21
BIIB/HCA,BIIB,HCA,no_leverage,-75.64571072014655,-0.014179022704383643,-1.119931450524499,0.008591216420090766,60,3,2026-01-21
RTX/SNA,RTX,SNA,no_leverage,1396.953282185329,0.34930583606886567,-1.119931450524499,0.9980750841009108,58,3,2026-01-21
ATO/PCG,ATO,PCG,no_leverage,-2516.563956804264,-0.650638250857718,-1.119931450524499,8.241417312464705e-16,52,3,2026-01-21
AIG/L,AIG,L,no_leverage,-4356.868401524624,-1.9403318479551184,-1.119931450524499,1.0623639246870852e-20,40,3,2026-01-21
AON/KKR,AON,KKR,no_leverage,1513.103512259401,0.27378212786939077,-1.119931450524499,0.9999661652666746,48,3,2026-01-21
CDNS/PTC,CDNS,PTC,no_leverage,-917.8000000000093,-0.18717104262906328,-1.119931450524499,4.5640905818695095e-06,48,3,2026-01-21
HAS/YUM,HAS,YUM,low_vol_specialist,10314.15201404039,1.1681051950416834,-1.2437286224030135,1.0,104,3,2026-01-21
CSCO/PAYC,CSCO,PAYC,low_vol_specialist,-9176.112877482621,-0.7659063792604325,-1.2437286224030135,1.1045555865715403e-29,108,3,2026-01-21
UNP/VLTO,UNP,VLTO,low_vol_specialist,-3101.040353311897,-0.39419584369311444,-1.2437286224030135,9.735392267046805e-20,96,3,2026-01-21
CME/DE,CME,DE,low_vol_specialist,12131.75613556303,1.1786741541268606,-1.2437286224030135,1.0,94,3,2026-01-21
EXR/WY,EXR,WY,low_vol_specialist,3103.676139286226,0.3215229614309578,-1.2437286224030135,0.9996023377399581,112,3,2026-01-21
BSX/PFE,BSX,PFE,low_vol_specialist,1205.49940867804,0.08960511238704567,-1.2437286224030135,0.4064466345404237,104,3,2026-01-21
AIG/CFG,AIG,CFG,low_vol_specialist,-11126.01704664877,-0.8628333302588711,-1.2437286224030135,1.4295368873586227e-25,128,3,2026-01-21
AKAM/KEYS,AKAM,KEYS,low_vol_specialist,-22311.43999999997,-1.3319631213867662,-1.2437286224030135,1.4310700669574785e-08,88,3,2026-01-21
TXT/YUM,TXT,YUM,low_vol_specialist,2192.341084058895,0.1914871332130835,-1.2437286224030135,0.9322004875485236,110,3,2026-01-21
BIIB/HCA,BIIB,HCA,low_vol_specialist,1851.117891644849,0.14669023538765052,-1.2437286224030135,0.8269734935524756,100,3,2026-01-21
RTX/SNA,RTX,SNA,low_vol_specialist,2484.647873132437,0.2583053749484302,-1.2437286224030135,0.9951045409285519,102,3,2026-01-21
ATO/PCG,ATO,PCG,low_vol_specialist,-626.408201099953,-0.055805506462997735,-1.2437286224030135,0.0005746371230169459,136,3,2026-01-21
AIG/L,AIG,L,low_vol_specialist,-3415.068535002364,-0.5525651185616033,-1.2437286224030135,4.465163501249907e-25,116,3,2026-01-21
AON/KKR,AON,KKR,low_vol_specialist,-13893.60753941585,-0.8314691141694629,-1.2437286224030135,2.1996440371902542e-32,104,3,2026-01-21
CDNS/PTC,CDNS,PTC,low_vol_specialist,-1475.240000000002,-0.12171967597348377,-1.2437286224030135,3.7774487128177956e-06,82,3,2026-01-21
HAS/YUM,HAS,YUM,conservative,2871.762486046551,1.3518769395027979,-1.6578851008800295,0.9999982288805747,18,3,2026-01-21
CSCO/PAYC,CSCO,PAYC,conservative,3097.40353647363,0.8285779936458613,-1.6578851008800295,0.9990012236308896,20,3,2026-01-21
UNP/VLTO,UNP,VLTO,conservative,465.809992098734,0.1540736937961283,-1.6578851008800295,0.8086144338695613,24,3,2026-01-21
CME/DE,CME,DE,conservative,1760.915177302342,0.7354698118218062,-1.6578851008800295,0.9999998782219743,26,3,2026-01-21
EXR/WY,EXR,WY,conservative,1270.629782244201,0.535139909006906,-1.6578851008800295,0.9999927735020351,24,3,2026-01-21
BSX/PFE,BSX,PFE,conservative,-2522.160081295141,-0.936774965847792,-1.6578851008800295,3.4663135805571397e-10,22,3,2026-01-21
AIG/CFG,AIG,CFG,conservative,805.5021622490833,0.2868293723135493,-1.6578851008800295,0.9994693066150246,32,3,2026-01-21
AKAM/KEYS,AKAM,KEYS,conservative,-2493.730000000003,-0.9444220339025714,-1.6578851008800295,2.0457277106150205e-05,20,3,2026-01-21
TXT/YUM,TXT,YUM,conservative,975.2728304028001,0.4154899759920189,-1.6578851008800295,0.9999958147245915,26,3,2026-01-21
BIIB/HCA,BIIB,HCA,conservative,-618.6182830371915,-0.16333463344474117,-1.6578851008800295,4.087428748532486e-06,26,3,2026-01-21
RTX/SNA,RTX,SNA,conservative,1179.778575901996,0.6129660099497087,-1.6578851008800295,0.9999778568144372,30,3,2026-01-21
ATO/PCG,ATO,PCG,conservative,-1368.190822911521,-0.5113625066641831,-1.6578851008800295,5.99252083971707e-11,38,3,2026-01-21
AIG/L,AIG,L,conservative,504.7570844930682,0.3767979124521539,-1.6578851008800295,0.9998598549893988,30,3,2026-01-21
AON/KKR,AON,KKR,conservative,1721.562275625032,0.5146009129959223,-1.6578851008800295,0.9999212658031943,18,3,2026-01-21
CDNS/PTC,CDNS,PTC,conservative,1776.23999999999,0.4502814539390592,-1.6578851008800295,0.9999991836266436,32,3,2026-01-21
HAS/YUM,HAS,YUM,vol_gated,9712.027330683599,0.7521589064339899,0.841034262080379,0.9999992046774467,66,4,2026-02-26
CSCO/PAYC,CSCO,PAYC,vol_gated,-5246.037809145142,-0.35520462835135874,0.841034262080379,1.1393322703664476e-11,56,4,2026-02-26
UNP/VLTO,UNP,VLTO,vol_gated,-5910.525768014866,-0.5936903809518267,0.841034262080379,5.270625568111424e-13,74,4,2026-02-26
CME/DE,CME,DE,vol_gated,17650.97531256737,1.400449924753997,0.841034262080379,0.999999997052692,66,4,2026-02-26
EXR/WY,EXR,WY,vol_gated,13393.90255761487,1.1613602719156968,0.841034262080379,1.0,72,4,2026-02-26
BSX/PFE,BSX,PFE,vol_gated,8677.831314514238,0.7112264042675822,0.841034262080379,0.9999999999999251,66,4,2026-02-26
AIG/CFG,AIG,CFG,vol_gated,-790.759708804688,-0.08903988328256834,0.841034262080379,4.747489210158186e-05,64,4,2026-02-26
AKAM/KEYS,AKAM,KEYS,vol_gated,14700.07000000003,0.9990644483991757,0.841034262080379,0.999999692364497,66,4,2026-02-26
TXT/YUM,TXT,YUM,vol_gated,4619.770487262535,0.5026855286444885,0.841034262080379,0.9999999998484828,74,4,2026-02-26
BIIB/HCA,BIIB,HCA,vol_gated,8286.693200757576,0.6766015594679463,0.841034262080379,0.9999999999998069,86,4,2026-02-26
RTX/SNA,RTX,SNA,vol_gated,3462.034894356215,0.48264766303451917,0.841034262080379,0.9999999999754688,56,4,2026-02-26
ATO/PCG,ATO,PCG,vol_gated,-4517.176729030242,-0.5120852597065867,0.841034262080379,4.4629215057004603e-29,54,4,2026-02-26
AIG/L,AIG,L,vol_gated,-6486.991010470212,-0.8045053000847464,0.841034262080379,2.653862185351069e-10,64,4,2026-02-26
AON/KKR,AON,KKR,vol_gated,8455.604570077867,0.5813331661336206,0.841034262080379,0.9999999999999999,68,4,2026-02-26
CDNS/PTC,CDNS,PTC,vol_gated,3464.569999999982,0.29063954928289604,0.841034262080379,0.9998743137605957,76,4,2026-02-26
HAS/YUM,HAS,YUM,long_z_short_v,-3860.557314192758,-0.4891928718942204,0.5294491196070578,1.0035478915390897e-20,50,4,2026-02-26
CSCO/PAYC,CSCO,PAYC,long_z_short_v,6014.260575054963,0.6051871064414377,0.5294491196070578,0.9999999999424454,50,4,2026-02-26
UNP/VLTO,UNP,VLTO,long_z_short_v,2382.874881756287,0.25237889654342327,0.5294491196070578,0.9550553951363472,52,4,2026-02-26
CME/DE,CME,DE,long_z_short_v,15831.99698028463,1.8027004202320838,0.5294491196070578,0.9999999999994913,56,4,2026-02-26
EXR/WY,EXR,WY,long_z_short_v,4852.384776653692,0.5738078100170992,0.5294491196070578,0.9999999999999992,50,4,2026-02-26
BSX/PFE,BSX,PFE,long_z_short_v,15287.77076089168,1.2854682343880237,0.5294491196070578,0.9999999996150912,38,4,2026-02-26
AIG/CFG,AIG,CFG,long_z_short_v,-2767.989721300517,-0.25130840482427214,0.5294491196070578,1.1621522341075558e-16,48,4,2026-02-26
AKAM/KEYS,AKAM,KEYS,long_z_short_v,-2940.110000000027,-0.2585928268150836,0.5294491196070578,1.7373768287302685e-07,36,4,2026-02-26
TXT/YUM,TXT,YUM,long_z_short_v,-3879.123157691859,-0.4509748306923875,0.5294491196070578,2.1541789957504448e-21,48,4,2026-02-26
BIIB/HCA,BIIB,HCA,long_z_short_v,2873.55488080204,0.3053885594992052,0.5294491196070578,0.9997372576330023,40,4,2026-02-26
RTX/SNA,RTX,SNA,long_z_short_v,11735.56480969038,1.6387907397716917,0.5294491196070578,0.9999997403927853,44,4,2026-02-26
ATO/PCG,ATO,PCG,long_z_short_v,-8305.132521978358,-0.7774966709095356,0.5294491196070578,8.540231533737243e-28,38,4,2026-02-26
AIG/L,AIG,L,long_z_short_v,1276.470663222379,0.20905565982453184,0.5294491196070578,0.9942450212636499,34,4,2026-02-26
AON/KKR,AON,KKR,long_z_short_v,5602.684365572493,0.3635363181668626,0.5294491196070578,0.9999999542669186,46,4,2026-02-26
CDNS/PTC,CDNS,PTC,long_z_short_v,7610.580000000007,0.7241409052401415,0.5294491196070578,0.9999999999907471,44,4,2026-02-26
HAS/YUM,HAS,YUM,deep_entry_quick_exit,12164.77739812218,2.1519881002017325,0.5059057665749865,0.9999999999999952,24,4,2026-02-26
CSCO/PAYC,CSCO,PAYC,deep_entry_quick_exit,-5619.852153155979,-0.483731852002837,0.5059057665749865,1.2067680255160123e-07,28,4,2026-02-26
UNP/VLTO,UNP,VLTO,deep_entry_quick_exit,1652.567736189799,0.18376969054995246,0.5059057665749865,0.8517274378247763,28,4,2026-02-26
CME/DE,CME,DE,deep_entry_quick_exit,5226.646166151656,0.7735971802608869,0.5059057665749865,0.9999999555036433,30,4,2026-02-26
EXR/WY,EXR,WY,deep_entry_quick_exit,418.0114018413044,0.0807046180673306,0.5059057665749865,0.3462565040965121,20,4,2026-02-26
BSX/PFE,BSX,PFE,deep_entry_quick_exit,4692.043935666142,0.4344578159289787,0.5059057665749865,0.9997512883329834,36,4,2026-02-26
AIG/CFG,AIG,CFG,deep_entry_quick_exit,187.8349605423662,0.021849461223289204,0.5059057665749865,0.05397664746227273,32,4,2026-02-26
AKAM/KEYS,AKAM,KEYS,deep_entry_quick_exit,8946.679999999993,0.6966014710803715,0.5059057665749865,0.9999097649643908,20,4,2026-02-26
TXT/YUM,TXT,YUM,deep_entry_quick_exit,1839.438426263715,0.25298360525799934,0.5059057665749865,0.9990120831696685,28,4,2026-02-26
BIIB/HCA,BIIB,HCA,deep_entry_quick_exit,113.9304740168245,0.013991435667033392,0.5059057665749865,0.0358360378042508,26,4,2026-02-26
RTX/SNA,RTX,SNA,deep_entry_quick_exit,2894.202886483936,0.5870978609318684,0.5059057665749865,0.9999996850941644,18,4,2026-02-26
ATO/PCG,ATO,PCG,deep_entry_quick_exit,-4174.255200634303,-0.7073701052020357,0.5059057665749865,1.1670064356924836e-09,30,4,2026-02-26
AIG/L,AIG,L,deep_entry_quick_exit,-1431.501685810652,-0.33171958490975684,0.5059057665749865,5.697761389031792e-12,20,4,2026-02-26
AON/KKR,AON,KKR,deep_entry_quick_exit,6852.783807946902,0.7533937906933523,0.5059057665749865,0.9999999952035128,26,4,2026-02-26
CDNS/PTC,CDNS,PTC,deep_entry_quick_exit,14013.14999999999,1.3681057491012587,0.5059057665749865,0.9999994264075102,26,4,2026-02-26
HAS/YUM,HAS,YUM,aggressive,47035.35143971282,2.0651773019082054,0.4851763016379991,0.9999999999772545,90,4,2026-02-26
CSCO/PAYC,CSCO,PAYC,aggressive,1380.795295622045,0.049823817110603914,0.4851763016379991,0.14285887446871565,100,4,2026-02-26
UNP/VLTO,UNP,VLTO,aggressive,-13975.35177267398,-0.8495072356798301,0.4851763016379991,6.841205526194706e-16,92,4,2026-02-26
CME/DE,CME,DE,aggressive,27424.09224844147,1.303091643525653,0.4851763016379991,0.9999999999990067,90,4,2026-02-26
EXR/WY,EXR,WY,aggressive,11249.87982393316,0.5887012283434054,0.4851763016379991,1.0,96,4,2026-02-26
BSX/PFE,BSX,PFE,aggressive,4499.214302552442,0.18109421534256595,0.4851763016379991,0.9540779027983506,104,4,2026-02-26
AIG/CFG,AIG,CFG,aggressive,-13113.460125155,-0.6590880289168976,0.4851763016379991,7.727267286810901e-32,106,4,2026-02-26
AKAM/KEYS,AKAM,KEYS,aggressive,8170.040000000088,0.30469967256144015,0.4851763016379991,0.999977554273104,84,4,2026-02-26
TXT/YUM,TXT,YUM,aggressive,2292.554698747896,0.1289833704166477,0.4851763016379991,0.726395886351968,106,4,2026-02-26
BIIB/HCA,BIIB,HCA,aggressive,30667.03279915851,1.3625970719112943,0.4851763016379991,1.0,120,4,2026-02-26
RTX/SNA,RTX,SNA,aggressive,3138.995317608087,0.19053519286113094,0.4851763016379991,0.9366605895816986,98,4,2026-02-26
ATO/PCG,ATO,PCG,aggressive,-13688.62322017195,-0.7500142093485567,0.4851763016379991,1.8395932309068632e-28,80,4,2026-02-26
AIG/L,AIG,L,aggressive,-5364.111638251611,-0.4401987043481644,0.4851763016379991,1.1530501545669844e-12,94,4,2026-02-26
AON/KKR,AON,KKR,aggressive,-13022.43255318982,-0.480140547080422,0.4851763016379991,5.20086607481467e-19,92,4,2026-02-26
CDNS/PTC,CDNS,PTC,aggressive,-4597.009999999997,-0.21998622681708094,0.4851763016379991,5.831514170654073e-09,100,4,2026-02-26
HAS/YUM,HAS,YUM,vol_adaptive,9185.105775037331,0.7190592982504173,0.3682938093745745,0.9999989062380051,66,4,2026-02-26
CSCO/PAYC,CSCO,PAYC,vol_adaptive,-3006.35137579888,-0.2029782940177923,0.3682938093745745,6.012330102247445e-09,60,4,2026-02-26
UNP/VLTO,UNP,VLTO,vol_adaptive,-5820.151771570147,-0.5888845277342797,0.3682938093745745,3.128297026808463e-13,74,4,2026-02-26
CME/DE,CME,DE,vol_adaptive,18026.88822602193,1.4117437288314123,0.3682938093745745,0.9999999997806446,70,4,2026-02-26
EXR/WY,EXR,WY,vol_adaptive,11672.64686513089,1.0193131345048687,0.3682938093745745,0.9999999999999999,72,4,2026-02-26
BSX/PFE,BSX,PFE,vol_adaptive,9039.079407834706,0.7204417175077155,0.3682938093745745,0.9999999999999959,70,4,2026-02-26
AIG/CFG,AIG,CFG,vol_adaptive,2071.152096391569,0.22056237728336853,0.3682938093745745,0.9923561419871787,66,4,2026-02-26
AKAM/KEYS,AKAM,KEYS,vol_adaptive,1794.139999999998,0.1512112332258471,0.3682938093745745,0.8557138768364659,64,4,2026-02-26
TXT/YUM,TXT,YUM,vol_adaptive,4437.638551024545,0.47625675593802064,0.3682938093745745,0.9999999994464728,76,4,2026-02-26
BIIB/HCA,BIIB,HCA,vol_adaptive,8238.794975176135,0.6744855807596128,0.3682938093745745,0.9999999999998088,86,4,2026-02-26
RTX/SNA,RTX,SNA,vol_adaptive,3367.779250731635,0.4211046069048551,0.3682938093745745,0.999999997564026,58,4,2026-02-26
ATO/PCG,ATO,PCG,vol_adaptive,-4749.343997329975,-0.5396788077983018,0.3682938093745745,2.7682400452378084e-29,56,4,2026-02-26
AIG/L,AIG,L,vol_adaptive,-7999.511986608115,-0.9852672493607285,0.3682938093745745,1.870427550842218e-10,64,4,2026-02-26
AON/KKR,AON,KKR,vol_adaptive,138.5213236492502,0.009376413683960699,0.3682938093745745,0.02812343014268838,76,4,2026-02-26
CDNS/PTC,CDNS,PTC,vol_adaptive,528.4299999999948,0.04282465282541079,0.3682938093745745,0.11380529206714762,80,4,2026-02-26
HAS/YUM,HAS,YUM,stable_signal_quick_exit,18210.86520057045,1.7762244443693211,0.3408179461525541,0.999999998794294,48,4,2026-02-26
CSCO/PAYC,CSCO,PAYC,stable_signal_quick_exit,5249.573004759291,0.32084714133727044,0.3408179461525541,0.9998676498201602,66,4,2026-02-26
UNP/VLTO,UNP,VLTO,stable_signal_quick_exit,-4607.609298658455,-0.47495369766336576,0.3408179461525541,2.634840259582949e-14,54,4,2026-02-26
CME/DE,CME,DE,stable_signal_quick_exit,19138.63059048266,1.7272091266407759,0.3408179461525541,0.9999999999999868,54,4,2026-02-26
EXR/WY,EXR,WY,stable_signal_quick_exit,732.7259144436985,0.0900884793162997,0.3408179461525541,0.4246521517065067,54,4,2026-02-26
BSX/PFE,BSX,PFE,stable_signal_quick_exit,7883.582446468942,0.6548438869973607,0.3408179461525541,0.9999996393660385,50,4,2026-02-26
AIG/CFG,AIG,CFG,stable_signal_quick_exit,-7482.914717326424,-0.8073030402919864,0.3408179461525541,5.201596481670545e-12,52,4,2026-02-26
AKAM/KEYS,AKAM,KEYS,stable_signal_quick_exit,-4711.539999999964,-0.31099449152819636,0.3408179461525541,6.339881297802561e-13,52,4,2026-02-26
TXT/YUM,TXT,YUM,stable_signal_quick_exit,5161.634901716597,0.6045180828029746,0.3408179461525541,0.9999999999983012,54,4,2026-02-26
BIIB/HCA,BIIB,HCA,stable_signal_quick_exit,7221.049697411168,0.6675013889907242,0.3408179461525541,0.9999999999992255,58,4,2026-02-26
RTX/SNA,RTX,SNA,stable_signal_quick_exit,8453.08696354899,1.2298377183635536,0.3408179461525541,0.9999999999999999,44,4,2026-02-26
ATO/PCG,ATO,PCG,stable_signal_quick_exit,169.2022539424622,0.022661543372626394,0.3408179461525541,0.05942639372156896,38,4,2026-02-26
AIG/L,AIG,L,stable_signal_quick_exit,-5337.025740997304,-0.8028378888580889,0.3408179461525541,2.1069242442407146e-10,52,4,2026-02-26
AON/KKR,AON,KKR,stable_signal_quick_exit,-3059.935002735815,-0.24609849505221087,0.3408179461525541,2.0744417777704347e-08,50,4,2026-02-26
CDNS/PTC,CDNS,PTC,stable_signal_quick_exit,-1905.520000000034,-0.1731977244607685,0.3408179461525541,2.0338545191719523e-06,54,4,2026-02-26
HAS/YUM,HAS,YUM,deep_dislocation,21405.71199154794,1.8618500302955936,0.3171085681982367,0.9999999965511565,24,4,2026-02-26
CSCO/PAYC,CSCO,PAYC,deep_dislocation,810.5991676971262,0.051351255414113124,0.3171085681982367,0.1292376960522471,24,4,2026-02-26
UNP/VLTO,UNP,VLTO,deep_dislocation,-4872.755604715133,-0.3790060783773359,0.3171085681982367,4.567980908505011e-11,28,4,2026-02-26
CME/DE,CME,DE,deep_dislocation,7078.352411213448,0.6991173143050152,0.3171085681982367,0.9999999254683802,28,4,2026-02-26
EXR/WY,EXR,WY,deep_dislocation,-4155.685110384884,-0.3676034410891455,0.3171085681982367,3.016335981118242e-11,22,4,2026-02-26
BSX/PFE,BSX,PFE,deep_dislocation,6771.264757615394,0.48421934545872086,0.3171085681982367,0.9999997844685322,40,4,2026-02-26
AIG/CFG,AIG,CFG,deep_dislocation,-13240.53066317727,-0.8651664627614769,0.3171085681982367,4.363456774955146e-25,34,4,2026-02-26
AKAM/KEYS,AKAM,KEYS,deep_dislocation,2164.539999999977,0.1435333224279598,0.3171085681982367,0.8167356343851087,18,4,2026-02-26
TXT/YUM,TXT,YUM,deep_dislocation,537.3896606196595,0.0487660620451448,0.3171085681982367,0.14269707400530368,28,4,2026-02-26
BIIB/HCA,BIIB,HCA,deep_dislocation,3878.475766594368,0.3094838229537454,0.3171085681982367,0.9995740102079965,22,4,2026-02-26
RTX/SNA,RTX,SNA,deep_dislocation,3263.396237382504,0.42526284040446055,0.3171085681982367,0.99999760693704,16,4,2026-02-26
ATO/PCG,ATO,PCG,deep_dislocation,-4698.016833904849,-0.338089381447789,0.3171085681982367,6.171887917349588e-15,30,4,2026-02-26
AIG/L,AIG,L,deep_dislocation,645.7590564276715,0.09339584921361865,0.3171085681982367,0.4579972481464613,20,4,2026-02-26
AON/KKR,AON,KKR,deep_dislocation,5966.628605742217,0.35492326362039184,0.3171085681982367,0.9997091686151887,26,4,2026-02-26
CDNS/PTC,CDNS,PTC,deep_dislocation,20056.57999999997,1.259835688546245,0.3171085681982367,0.9999998881694835,26,4,2026-02-26
HAS/YUM,HAS,YUM,static_threshold,9404.720444031896,0.7452381834342362,0.1639117518270081,1.0,92,4,2026-02-26
CSCO/PAYC,CSCO,PAYC,static_threshold,-465.9398175233578,-0.028914793637078086,0.1639117518270081,0.003427484814906007,104,4,2026-02-26
UNP/VLTO,UNP,VLTO,static_threshold,3897.583207751466,0.32282810946630247,0.1639117518270081,0.9980189726542685,100,4,2026-02-26
CME/DE,CME,DE,static_threshold,24695.57129018104,1.6265350870810709,0.1639117518270081,0.9999999999999994,134,4,2026-02-26
EXR/WY,EXR,WY,static_threshold,6261.990894903711,0.5712462826462891,0.1639117518270081,1.0,74,4,2026-02-26
BSX/PFE,BSX,PFE,static_threshold,9653.023890001998,0.6683934585523756,0.1639117518270081,0.9999999999371343,90,4,2026-02-26
AIG/CFG,AIG,CFG,static_threshold,-17991.67081118116,-1.2577363522693077,0.1639117518270081,4.7803053320007625e-28,92,4,2026-02-26
AKAM/KEYS,AKAM,KEYS,static_threshold,-2619.809999999956,-0.1195698981317145,0.1639117518270081,4.309831353110814e-05,86,4,2026-02-26
TXT/YUM,TXT,YUM,static_threshold,865.9466939349322,0.06476037092402247,0.1639117518270081,0.2416519653641898,96,4,2026-02-26
BIIB/HCA,BIIB,HCA,static_threshold,11985.84228878706,0.8503636219050661,0.1639117518270081,1.0,112,4,2026-02-26
RTX/SNA,RTX,SNA,static_threshold,16260.61002575069,1.2641813029603692,0.1639117518270081,0.9999997564238408,104,4,2026-02-26
ATO/PCG,ATO,PCG,static_threshold,-13153.21727205305,-1.072974195636045,0.1639117518270081,1.8932741558614413e-28,98,4,2026-02-26
AIG/L,AIG,L,static_threshold,-9078.430866565575,-1.16888432651933,0.1639117518270081,7.125592580693711e-20,92,4,2026-02-26
AON/KKR,AON,KKR,static_threshold,-2582.799143610589,-0.11886704443208268,0.1639117518270081,2.8206388348976502e-05,98,4,2026-02-26
CDNS/PTC,CDNS,PTC,static_threshold,1760.169999999983,0.15037152400230447,0.1639117518270081,0.8774059887547279,82,4,2026-02-26
HAS/YUM,HAS,YUM,slow_reentry,9641.846239087963,0.7352423972232561,-0.1439072354849895,0.9994569156435903,46,4,2026-02-26
CSCO/PAYC,CSCO,PAYC,slow_reentry,12615.13734518085,1.1007088809972476,-0.1439072354849895,0.9999999865006377,56,4,2026-02-26
UNP/VLTO,UNP,VLTO,slow_reentry,-2191.185702667612,-0.23173086031595722,-0.1439072354849895,1.6481256220162166e-16,52,4,2026-02-26
CME/DE,CME,DE,slow_reentry,5894.011383709394,0.6266580778011093,-0.1439072354849895,0.9999999999870013,62,4,2026-02-26
EXR/WY,EXR,WY,slow_reentry,1963.866781927041,0.20128844428797574,-0.1439072354849895,0.9945045105838076,56,4,2026-02-26
BSX/PFE,BSX,PFE,slow_reentry,-14949.32607511272,-0.8575170480309551,-0.1439072354849895,5.118018110433519e-06,46,4,2026-02-26
AIG/CFG,AIG,CFG,slow_reentry,4582.947634514232,0.46349459947582095,-0.1439072354849895,0.9999999999265202,54,4,2026-02-26
AKAM/KEYS,AKAM,KEYS,slow_reentry,159.840000000022,0.011609048392227775,-0.1439072354849895,0.028377462570682747,44,4,2026-02-26
TXT/YUM,TXT,YUM,slow_reentry,-700.2442033539701,-0.08326123091036411,-0.1439072354849895,5.847212773277405e-05,64,4,2026-02-26
BIIB/HCA,BIIB,HCA,slow_reentry,6330.527015292462,0.545837413628924,-0.1439072354849895,0.9999999999511952,56,4,2026-02-26
RTX/SNA,RTX,SNA,slow_reentry,6008.940009870437,0.8248742905310569,-0.1439072354849895,0.9999999998693231,52,4,2026-02-26
ATO/PCG,ATO,PCG,slow_reentry,-1316.201905918799,-0.17712485288384397,-0.1439072354849895,2.2861149671844866e-10,46,4,2026-02-26
AIG/L,AIG,L,slow_reentry,-7831.394019148071,-1.8754430878666266,-0.1439072354849895,5.76245781729745e-21,36,4,2026-02-26
AON/KKR,AON,KKR,slow_reentry,5522.095887631718,0.44952768737452686,-0.1439072354849895,0.9999999999916966,52,4,2026-02-26
CDNS/PTC,CDNS,PTC,slow_reentry,-2126.730000000006,-0.2053368651911597,-0.1439072354849895,1.735372896711446e-06,50,4,2026-02-26
HAS/YUM,HAS,YUM,flash_hold,11178.94950582266,1.7217766738710834,-0.2040166725187071,1.0,134,4,2026-02-26
CSCO/PAYC,CSCO,PAYC,flash_hold,5270.209036283833,0.5829897922096946,-0.2040166725187071,0.9999999998879519,132,4,2026-02-26
UNP/VLTO,UNP,VLTO,flash_hold,-305.5653772040606,-0.05420656703632366,-0.2040166725187071,0.00021849239413226354,138,4,2026-02-26
CME/DE,CME,DE,flash_hold,2365.969673360019,0.3308778226573324,-0.2040166725187071,0.9999998733164598,128,4,2026-02-26
EXR/WY,EXR,WY,flash_hold,4843.009214816833,0.8485014515143042,-0.2040166725187071,1.0,168,4,2026-02-26
BSX/PFE,BSX,PFE,flash_hold,-3427.950603611074,-0.34217774397430295,-0.2040166725187071,3.515191510276087e-14,154,4,2026-02-26
AIG/CFG,AIG,CFG,flash_hold,-6627.639007554705,-0.9826157292877924,-0.2040166725187071,1.4843795937282076e-29,168,4,2026-02-26
AKAM/KEYS,AKAM,KEYS,flash_hold,-3006.719999999968,-0.3417269427230041,-0.2040166725187071,2.112806270678558e-09,114,4,2026-02-26
TXT/YUM,TXT,YUM,flash_hold,958.7369201777353,0.164037439003306,-0.2040166725187071,0.9062925737873813,134,4,2026-02-26
BIIB/HCA,BIIB,HCA,flash_hold,11136.60088584087,1.4809663045328831,-0.2040166725187071,1.0,136,4,2026-02-26
RTX/SNA,RTX,SNA,flash_hold,5758.5488965158,0.8560979426864945,-0.2040166725187071,0.9999999530733132,136,4,2026-02-26
ATO/PCG,ATO,PCG,flash_hold,1119.648390067899,0.18788741160242745,-0.2040166725187071,0.9607151586574676,176,4,2026-02-26
AIG/L,AIG,L,flash_hold,-587.5773714238408,-0.14653751876034382,-0.2040166725187071,1.700164902611811e-06,150,4,2026-02-26
AON/KKR,AON,KKR,flash_hold,1222.902376591472,0.12573744059388803,-0.2040166725187071,0.7168148113782156,150,4,2026-02-26
CDNS/PTC,CDNS,PTC,flash_hold,-5672.609999999995,-0.6452283560763296,-0.2040166725187071,1.7510790285713835e-11,136,4,2026-02-26
HAS/YUM,HAS,YUM,vol_agnostic,4620.777862211884,0.2888067114216065,-0.2313651447540802,0.9945213265512414,98,4,2026-02-26
CSCO/PAYC,CSCO,PAYC,vol_agnostic,2335.350674271119,0.14394346111119702,-0.2313651447540802,0.8194438702070828,100,4,2026-02-26
UNP/VLTO,UNP,VLTO,vol_agnostic,-3914.469273006269,-0.3376548570888596,-0.2313651447540802,4.387802730525483e-21,94,4,2026-02-26
CME/DE,CME,DE,vol_agnostic,18374.89562585397,1.3249466323541481,-0.2313651447540802,1.0,124,4,2026-02-26
EXR/WY,EXR,WY,vol_agnostic,12729.31946556981,0.9324230407777891,-0.2313651447540802,1.0,84,4,2026-02-26
BSX/PFE,BSX,PFE,vol_agnostic,3370.596904599082,0.16363652083875113,-0.2313651447540802,0.807382507371941,82,4,2026-02-26
AIG/CFG,AIG,CFG,vol_agnostic,-12587.04647504187,-0.8762049357896858,-0.2313651447540802,1.332081214869895e-35,90,4,2026-02-26
AKAM/KEYS,AKAM,KEYS,vol_agnostic,-12065.18999999994,-0.5942956678120304,-0.2313651447540802,1.0289755586789538e-08,74,4,2026-02-26
TXT/YUM,TXT,YUM,vol_agnostic,-9590.464940788566,-0.738454711343533,-0.2313651447540802,4.236151577090303e-27,90,4,2026-02-26
BIIB/HCA,BIIB,HCA,vol_agnostic,20103.1822507151,1.2771546387302888,-0.2313651447540802,1.0,118,4,2026-02-26
RTX/SNA,RTX,SNA,vol_agnostic,9733.901073265222,0.7348516175297932,-0.2313651447540802,0.9999999174093185,96,4,2026-02-26
ATO/PCG,ATO,PCG,vol_agnostic,-11568.35923588304,-0.8746086794970185,-0.2313651447540802,5.405530777437213e-33,70,4,2026-02-26
AIG/L,AIG,L,vol_agnostic,-15542.31234368248,-1.884733787184706,-0.2313651447540802,7.790801530593249e-22,82,4,2026-02-26
AON/KKR,AON,KKR,vol_agnostic,4731.046521040295,0.20825020006830472,-0.2313651447540802,0.9944485742989901,102,4,2026-02-26
CDNS/PTC,CDNS,PTC,vol_agnostic,2821.649999999987,0.23174424727344367,-0.2313651447540802,0.9979737715953574,74,4,2026-02-26
HAS/YUM,HAS,YUM,medium_signal_high_leverage,16858.43495563851,1.0348953626077901,-0.3748791522532173,0.9999999999997461,54,4,2026-02-26
CSCO/PAYC,CSCO,PAYC,medium_signal_high_leverage,899.4509125782752,0.04362034307657213,-0.3748791522532173,0.12508695485102517,56,4,2026-02-26
UNP/VLTO,UNP,VLTO,medium_signal_high_leverage,-3203.779443625988,-0.2110160203493881,-0.3748791522532173,1.7088338836539635e-16,54,4,2026-02-26
CME/DE,CME,DE,medium_signal_high_leverage,18283.47325775025,1.1744845093699368,-0.3748791522532173,1.0,64,4,2026-02-26
EXR/WY,EXR,WY,medium_signal_high_leverage,-1691.814035470188,-0.1146470774351856,-0.3748791522532173,7.496297787171348e-06,58,4,2026-02-26
BSX/PFE,BSX,PFE,medium_signal_high_leverage,-2386.754261216511,-0.15048506705115586,-0.3748791522532173,1.1148820343635444e-07,54,4,2026-02-26
AIG/CFG,AIG,CFG,medium_signal_high_leverage,-21711.45845145706,-1.230866877664166,-0.3748791522532173,5.800062824665551e-21,58,4,2026-02-26
AKAM/KEYS,AKAM,KEYS,medium_signal_high_leverage,625.810000000085,0.03463717511781447,-0.3748791522532173,0.0865704282065462,48,4,2026-02-26
TXT/YUM,TXT,YUM,medium_signal_high_leverage,6872.901696721859,0.5168242976634583,-0.3748791522532173,0.9999999999429904,56,4,2026-02-26
BIIB/HCA,BIIB,HCA,medium_signal_high_leverage,12510.95698383037,0.704606363612102,-0.3748791522532173,0.9999999999999577,62,4,2026-02-26
RTX/SNA,RTX,SNA,medium_signal_high_leverage,-672.9333417701423,-0.058802017963349454,-0.3748791522532173,0.00021821806590429757,56,4,2026-02-26
ATO/PCG,ATO,PCG,medium_signal_high_leverage,-4140.214329251129,-0.2705374241840848,-0.3748791522532173,2.3485881619578237e-14,48,4,2026-02-26
AIG/L,AIG,L,medium_signal_high_leverage,-10044.2917127368,-1.0168563025100794,-0.3748791522532173,3.474432755875237e-11,54,4,2026-02-26
AON/KKR,AON,KKR,medium_signal_high_leverage,-7324.763543047333,-0.3003649328191452,-0.3748791522532173,2.7606401339448535e-13,56,4,2026-02-26
CDNS/PTC,CDNS,PTC,medium_signal_high_leverage,-2209.950000000009,-0.12714847226078593,-0.3748791522532173,1.4934955691684063e-05,54,4,2026-02-26
HAS/YUM,HAS,YUM,short_z_long_v,2366.485030478451,0.224060129008243,-0.5629948558615527,0.9982967023383,52,4,2026-02-26
CSCO/PAYC,CSCO,PAYC,short_z_long_v,-1849.817792039888,-0.14672281786289895,-0.5629948558615527,1.3388120399484766e-05,50,4,2026-02-26
UNP/VLTO,UNP,VLTO,short_z_long_v,-2491.193142494954,-0.2512564459105757,-0.5629948558615527,1.3911347520453277e-12,50,4,2026-02-26
CME/DE,CME,DE,short_z_long_v,17016.21445470522,1.549112325424641,-0.5629948558615527,0.9999998797849807,64,4,2026-02-26
EXR/WY,EXR,WY,short_z_long_v,5320.870887955569,0.573879149286229,-0.5629948558615527,0.9999998231060266,70,4,2026-02-26
BSX/PFE,BSX,PFE,short_z_long_v,7557.615216822353,0.7080017568782713,-0.5629948558615527,0.9999999999732558,66,4,2026-02-26
AIG/CFG,AIG,CFG,short_z_long_v,-18014.45730739142,-1.8207116900598745,-0.5629948558615527,4.3950563413165965e-11,68,4,2026-02-26
AKAM/KEYS,AKAM,KEYS,short_z_long_v,-9855.800000000017,-0.5579440444008285,-0.5629948558615527,1.5583718898618636e-06,58,4,2026-02-26
TXT/YUM,TXT,YUM,short_z_long_v,-7463.475485218702,-0.769413371005695,-0.5629948558615527,9.255174414160419e-15,66,4,2026-02-26
BIIB/HCA,BIIB,HCA,short_z_long_v,13215.60007132967,1.282354018216573,-0.5629948558615527,1.0,56,4,2026-02-26
RTX/SNA,RTX,SNA,short_z_long_v,3408.066794156171,0.38997184861772227,-0.5629948558615527,0.9997741279858705,56,4,2026-02-26
ATO/PCG,ATO,PCG,short_z_long_v,-6323.642598449422,-0.638632354731885,-0.5629948558615527,3.068474357137932e-22,82,4,2026-02-26
AIG/L,AIG,L,short_z_long_v,-4133.912450773412,-0.8084943340529772,-0.5629948558615527,2.8576761490847637e-23,60,4,2026-02-26
AON/KKR,AON,KKR,short_z_long_v,3356.328586649555,0.22746645041420402,-0.5629948558615527,0.995957018207937,76,4,2026-02-26
CDNS/PTC,CDNS,PTC,short_z_long_v,2980.510000000029,0.34053452844927196,-0.5629948558615527,0.9999444958419372,56,4,2026-02-26
HAS/YUM,HAS,YUM,fast_reentry,11014.42442184911,0.8284622670921089,-0.568726363371332,0.9997118961203438,52,4,2026-02-26
CSCO/PAYC,CSCO,PAYC,fast_reentry,-12.54568668668571,-0.0009971654996497427,-0.568726363371332,0.017163843884419737,68,4,2026-02-26
UNP/VLTO,UNP,VLTO,fast_reentry,-2299.492096420744,-0.235557111969143,-0.568726363371332,2.5240600035151064e-17,64,4,2026-02-26
CME/DE,CME,DE,fast_reentry,5984.164704336422,0.6252799428709152,-0.568726363371332,0.9999999999911957,64,4,2026-02-26
EXR/WY,EXR,WY,fast_reentry,-2241.914980250114,-0.26726994735339005,-0.568726363371332,5.728358199196068e-12,62,4,2026-02-26
BSX/PFE,BSX,PFE,fast_reentry,-13970.14049579718,-1.155482387861584,-0.568726363371332,5.766392594854931e-23,66,4,2026-02-26
AIG/CFG,AIG,CFG,fast_reentry,4531.797311223239,0.41353965507261303,-0.568726363371332,0.9999997295597592,70,4,2026-02-26
AKAM/KEYS,AKAM,KEYS,fast_reentry,-3548.859999999998,-0.29844530145974874,-0.568726363371332,6.816633688940812e-09,54,4,2026-02-26
TXT/YUM,TXT,YUM,fast_reentry,-3871.897508173955,-0.4333189002848109,-0.568726363371332,2.69066814276232e-22,72,4,2026-02-26
BIIB/HCA,BIIB,HCA,fast_reentry,2249.39126794923,0.19340367251978371,-0.568726363371332,0.973105861028009,64,4,2026-02-26
RTX/SNA,RTX,SNA,fast_reentry,9232.449934858894,1.3885055156183237,-0.568726363371332,1.0,58,4,2026-02-26
ATO/PCG,ATO,PCG,fast_reentry,5176.803454105954,0.5171354311757684,-0.568726363371332,0.999999981530876,78,4,2026-02-26
AIG/L,AIG,L,fast_reentry,-6803.785301220163,-1.1835070545839077,-0.568726363371332,3.6509412303573995e-29,60,4,2026-02-26
AON/KKR,AON,KKR,fast_reentry,1586.56257150943,0.11213447067058512,-0.568726363371332,0.6109751661260184,66,4,2026-02-26
CDNS/PTC,CDNS,PTC,fast_reentry,-1020.000000000014,-0.0930358319224113,-0.568726363371332,0.00016149696051578192,54,4,2026-02-26
HAS/YUM,HAS,YUM,fast_signal_tight_stop,-9323.41019221507,-0.9302747901899534,-0.6487153279526429,1.4368004349354055e-07,62,4,2026-02-26
CSCO/PAYC,CSCO,PAYC,fast_signal_tight_stop,1001.866320613779,0.0758441403155395,-0.6487153279526429,0.30892513742361644,62,4,2026-02-26
UNP/VLTO,UNP,VLTO,fast_signal_tight_stop,-1290.340991123056,-0.1393126176671546,-0.6487153279526429,6.566275547894701e-10,80,4,2026-02-26
CME/DE,CME,DE,fast_signal_tight_stop,2690.539492452676,0.2978052024229509,-0.6487153279526429,0.9996274706357144,60,4,2026-02-26
EXR/WY,EXR,WY,fast_signal_tight_stop,3758.225770588156,0.47419721898715766,-0.6487153279526429,0.9999999999928904,82,4,2026-02-26
BSX/PFE,BSX,PFE,fast_signal_tight_stop,-4064.615959661312,-0.37540554286256633,-0.6487153279526429,2.2399015293548247e-12,64,4,2026-02-26
AIG/CFG,AIG,CFG,fast_signal_tight_stop,-7491.989947172789,-0.8454497303518829,-0.6487153279526429,3.443905783184749e-23,74,4,2026-02-26
AKAM/KEYS,AKAM,KEYS,fast_signal_tight_stop,-15847.34000000003,-1.311968731983994,-0.6487153279526429,2.0642847446266646e-08,60,4,2026-02-26
TXT/YUM,TXT,YUM,fast_signal_tight_stop,-167.2110690560003,-0.02085813742116612,-0.6487153279526429,0.004799093807022306,60,4,2026-02-26
BIIB/HCA,BIIB,HCA,fast_signal_tight_stop,1027.973799869216,0.12207037862702386,-0.6487153279526429,0.6804598124591884,58,4,2026-02-26
RTX/SNA,RTX,SNA,fast_signal_tight_stop,8108.604518900564,1.015505206647298,-0.6487153279526429,0.9999999977976659,62,4,2026-02-26
ATO/PCG,ATO,PCG,fast_signal_tight_stop,8594.850663352165,0.9598709270393996,-0.6487153279526429,0.9999999999113621,68,4,2026-02-26
AIG/L,AIG,L,fast_signal_tight_stop,184.1807454285126,0.028404479013485955,-0.6487153279526429,0.0850279746103203,52,4,2026-02-26
AON/KKR,AON,KKR,fast_signal_tight_stop,18299.84348229119,1.1310819560547833,-0.6487153279526429,0.999999999967612,70,4,2026-02-26
CDNS/PTC,CDNS,PTC,fast_signal_tight_stop,-1825.189999999988,-0.1887028637588333,-0.6487153279526429,6.431509689226791e-06,66,4,2026-02-26
HAS/YUM,HAS,YUM,balanced_plus,1995.43884782572,0.20115341437130163,-0.648797642165239,0.9864035501314915,56,4,2026-02-26
CSCO/PAYC,CSCO,PAYC,balanced_plus,6484.628511534553,0.508398217474034,-0.648797642165239,0.999998185481785,58,4,2026-02-26
UNP/VLTO,UNP,VLTO,balanced_plus,-11332.02978410655,-1.1822726194864774,-0.648797642165239,2.6971602974887797e-10,56,4,2026-02-26
CME/DE,CME,DE,balanced_plus,14975.46464312266,1.385889664558672,-0.648797642165239,1.0,66,4,2026-02-26
EXR/WY,EXR,WY,balanced_plus,3233.453693260494,0.3493691748478899,-0.648797642165239,0.9999797899805174,56,4,2026-02-26
BSX/PFE,BSX,PFE,balanced_plus,-2572.781106828185,-0.1941894455468523,-0.648797642165239,1.0578618092785854e-10,64,4,2026-02-26
AIG/CFG,AIG,CFG,balanced_plus,-4271.158268909493,-0.4359998875746433,-0.648797642165239,8.137752640995452e-18,70,4,2026-02-26
AKAM/KEYS,AKAM,KEYS,balanced_plus,3068.900000000011,0.2913557899812944,-0.648797642165239,0.9999002170224792,56,4,2026-02-26
TXT/YUM,TXT,YUM,balanced_plus,-3160.852882566694,-0.32918813111313405,-0.648797642165239,7.46902504799254e-20,68,4,2026-02-26
BIIB/HCA,BIIB,HCA,balanced_plus,3629.294751197493,0.3525478437962306,-0.648797642165239,0.999998133910766,58,4,2026-02-26
RTX/SNA,RTX,SNA,balanced_plus,1505.266751544645,0.19918309321669483,-0.648797642165239,0.9425096188930131,64,4,2026-02-26
ATO/PCG,ATO,PCG,balanced_plus,-7095.753968199962,-0.8429611716763908,-0.648797642165239,3.522477260924299e-26,60,4,2026-02-26
AIG/L,AIG,L,balanced_plus,-5222.218819903963,-0.7844553965178817,-0.648797642165239,5.409407741859897e-10,56,4,2026-02-26
AON/KKR,AON,KKR,balanced_plus,-5508.406616498361,-0.4052254509670957,-0.648797642165239,1.7179700547307773e-14,62,4,2026-02-26
CDNS/PTC,CDNS,PTC,balanced_plus,6014.129999999943,0.5598352365830814,-0.648797642165239,0.9999999995292057,62,4,2026-02-26
HAS/YUM,HAS,YUM,high_leverage,12810.90794782907,0.6376482553759717,-0.6703929980003348,0.9995521048128153,50,4,2026-02-26
CSCO/PAYC,CSCO,PAYC,high_leverage,-6710.471663835652,-0.3325746993133538,-0.6703929980003348,1.0896778262723839e-10,66,4,2026-02-26
UNP/VLTO,UNP,VLTO,high_leverage,-3261.13651091022,-0.22585449147659914,-0.6703929980003348,4.985205230808028e-16,58,4,2026-02-26
CME/DE,CME,DE,high_leverage,8840.453187217405,0.6190781848020989,-0.6703929980003348,0.9999999999877964,64,4,2026-02-26
EXR/WY,EXR,WY,high_leverage,8557.988795655252,0.510039613986363,-0.6703929980003348,0.9999999999986352,68,4,2026-02-26
BSX/PFE,BSX,PFE,high_leverage,6029.225635754203,0.2214813779379818,-0.6703929980003348,0.8946995839489249,60,4,2026-02-26
AIG/CFG,AIG,CFG,high_leverage,-20353.50788483553,-1.1157477842546748,-0.6703929980003348,2.260864449067033e-25,68,4,2026-02-26
AKAM/KEYS,AKAM,KEYS,high_leverage,-6462.129999999955,-0.3908682738021605,-0.6703929980003348,1.2351251329553363e-09,46,4,2026-02-26
TXT/YUM,TXT,YUM,high_leverage,-3457.908733668772,-0.24378541137467508,-0.6703929980003348,6.281799427109325e-12,68,4,2026-02-26
BIIB/HCA,BIIB,HCA,high_leverage,1845.568779814004,0.10843601794664369,-0.6703929980003348,0.5809050507413238,52,4,2026-02-26
RTX/SNA,RTX,SNA,high_leverage,5937.468368836786,0.4653164173210248,-0.6703929980003348,0.9999060364147618,60,4,2026-02-26
ATO/PCG,ATO,PCG,high_leverage,-5445.341574283406,-0.3644897921160511,-0.6703929980003348,1.6251319691196062e-16,50,4,2026-02-26
AIG/L,AIG,L,high_leverage,-14444.3173464031,-1.8911297030879566,-0.6703929980003348,2.478331805751369e-29,44,4,2026-02-26
AON/KKR,AON,KKR,high_leverage,3146.463147193545,0.14808549125014098,-0.6703929980003348,0.8499590761923335,56,4,2026-02-26
CDNS/PTC,CDNS,PTC,high_leverage,-4999.520000000046,-0.324528432753646,-0.6703929980003348,4.928928292888823e-08,48,4,2026-02-26
HAS/YUM,HAS,YUM,slow_signal,1890.654298279105,0.29967632497311547,-0.6744371838193609,0.9999741410064287,46,4,2026-02-26
CSCO/PAYC,CSCO,PAYC,slow_signal,3306.821893078471,0.2231315539534477,-0.6744371838193609,0.9926891523088871,38,4,2026-02-26
UNP/VLTO,UNP,VLTO,slow_signal,-662.6931630575782,-0.07460495728071426,-0.6744371838193609,3.3459071167972795e-06,34,4,2026-02-26
CME/DE,CME,DE,slow_signal,14747.24876235888,1.9712695974397563,-0.6744371838193609,0.9999999999743678,40,4,2026-02-26
EXR/WY,EXR,WY,slow_signal,12319.49294781163,1.598419287580574,-0.6744371838193609,1.0,38,4,2026-02-26
BSX/PFE,BSX,PFE,slow_signal,6138.018441299353,0.5558215826438924,-0.6744371838193609,0.9999943579793632,44,4,2026-02-26
AIG/CFG,AIG,CFG,slow_signal,-12567.94115961749,-1.811440548812528,-0.6744371838193609,5.656133566530619e-16,44,4,2026-02-26
AKAM/KEYS,AKAM,KEYS,slow_signal,-21040.93999999999,-1.1437476556104142,-0.6744371838193609,4.609734245433748e-07,40,4,2026-02-26
TXT/YUM,TXT,YUM,slow_signal,-1976.830666105645,-0.24412997240909176,-0.6744371838193609,1.4204971987766044e-14,46,4,2026-02-26
BIIB/HCA,BIIB,HCA,slow_signal,10266.87394512773,1.144548740267745,-0.6744371838193609,0.9999999999999427,36,4,2026-02-26
RTX/SNA,RTX,SNA,slow_signal,3435.097824744743,0.5449408998600568,-0.6744371838193609,0.999998810675572,38,4,2026-02-26
ATO/PCG,ATO,PCG,slow_signal,-13136.45168109086,-1.2948678538928255,-0.6744371838193609,2.7342248145477173e-28,56,4,2026-02-26
AIG/L,AIG,L,slow_signal,-4290.213383887331,-0.9626149360857911,-0.6744371838193609,4.414365340973431e-23,46,4,2026-02-26
AON/KKR,AON,KKR,slow_signal,5412.260195156448,0.4718146930841385,-0.6744371838193609,0.9999999998982901,44,4,2026-02-26
CDNS/PTC,CDNS,PTC,slow_signal,-2305.890000000038,-0.26880808395539607,-0.6744371838193609,8.515110975167719e-07,40,4,2026-02-26
HAS/YUM,HAS,YUM,high_entry,9000.126970682992,1.8001389766050084,-0.676340659206604,0.9999999999921814,22,4,2026-02-26
CSCO/PAYC,CSCO,PAYC,high_entry,-5588.831832300905,-0.48723564734412333,-0.676340659206604,1.8678112031690798e-07,26,4,2026-02-26
UNP/VLTO,UNP,VLTO,high_entry,-2331.118513730484,-0.2866038224933923,-0.676340659206604,3.004283382063914e-12,28,4,2026-02-26
CME/DE,CME,DE,high_entry,1666.868809688772,0.21414243805742209,-0.676340659206604,0.9845422764620808,34,4,2026-02-26
EXR/WY,EXR,WY,high_entry,-211.9057574417138,-0.0368947966392909,-0.676340659206604,0.0026262764452184484,26,4,2026-02-26
BSX/PFE,BSX,PFE,high_entry,3822.234441173085,0.47239633093138667,-0.676340659206604,0.9999986321274473,32,4,2026-02-26
AIG/CFG,AIG,CFG,high_entry,1464.53482062595,0.1821911511757434,-0.676340659206604,0.9216841320046603,28,4,2026-02-26
AKAM/KEYS,AKAM,KEYS,high_entry,6117.500000000004,0.6820347734530752,-0.676340659206604,0.9999968040296622,30,4,2026-02-26
TXT/YUM,TXT,YUM,high_entry,-1267.865878021078,-0.21603588833698326,-0.676340659206604,3.098664598312129e-09,28,4,2026-02-26
BIIB/HCA,BIIB,HCA,high_entry,1158.465545107579,0.14892945780115485,-0.676340659206604,0.8357835259649129,24,4,2026-02-26
RTX/SNA,RTX,SNA,high_entry,4905.795086666787,0.9895856006014606,-0.676340659206604,0.9999999961302682,22,4,2026-02-26
ATO/PCG,ATO,PCG,high_entry,-11014.57289354695,-1.7914955322850372,-0.676340659206604,6.388212535595738e-09,40,4,2026-02-26
AIG/L,AIG,L,high_entry,-4701.891134279818,-1.063503844076474,-0.676340659206604,5.506226614625075e-16,24,4,2026-02-26
AON/KKR,AON,KKR,high_entry,-1422.662004264006,-0.16525530160732352,-0.676340659206604,2.181911969742238e-05,28,4,2026-02-26
CDNS/PTC,CDNS,PTC,high_entry,7468.129999999985,0.87691447466766,-0.676340659206604,0.9999998432001891,26,4,2026-02-26
HAS/YUM,HAS,YUM,symmetric_exit,10420.57279751885,1.3205546016750083,-0.7082831252421532,0.9999999999999926,40,4,2026-02-26
CSCO/PAYC,CSCO,PAYC,symmetric_exit,-5087.211245009548,-0.4273593120969424,-0.7082831252421532,3.234257355631264e-08,44,4,2026-02-26
UNP/VLTO,UNP,VLTO,symmetric_exit,-967.2544419767034,-0.11056699931499753,-0.7082831252421532,1.0589518243172109e-08,44,4,2026-02-26
CME/DE,CME,DE,symmetric_exit,8069.878189436203,1.0289007666105836,-0.7082831252421532,0.9999999997540913,52,4,2026-02-26
EXR/WY,EXR,WY,symmetric_exit,1494.285920379668,0.22174305952505768,-0.7082831252421532,0.996063126181478,50,4,2026-02-26
BSX/PFE,BSX,PFE,symmetric_exit,2412.514646008498,0.22145421464154363,-0.7082831252421532,0.9720662232200155,46,4,2026-02-26
AIG/CFG,AIG,CFG,symmetric_exit,-2462.165997171691,-0.2765403417731845,-0.7082831252421532,1.1330024136124564e-12,52,4,2026-02-26
AKAM/KEYS,AKAM,KEYS,symmetric_exit,-4261.349999999991,-0.4182199853641126,-0.7082831252421532,2.3005376085254403e-08,36,4,2026-02-26
TXT/YUM,TXT,YUM,symmetric_exit,2937.172698027297,0.39587964474635173,-0.7082831252421532,0.9999992798531964,50,4,2026-02-26
BIIB/HCA,BIIB,HCA,symmetric_exit,-2314.769217271357,-0.2402777558401485,-0.7082831252421532,1.7442230057582898e-09,52,4,2026-02-26
RTX/SNA,RTX,SNA,symmetric_exit,3331.248758264303,0.46255923395497495,-0.7082831252421532,0.9999943559253703,44,4,2026-02-26
ATO/PCG,ATO,PCG,symmetric_exit,-5821.451407324217,-0.853917241744913,-0.7082831252421532,3.428530074855384e-14,58,4,2026-02-26
AIG/L,AIG,L,symmetric_exit,-6666.567779717619,-1.4298799528062818,-0.7082831252421532,5.1131776259069105e-21,42,4,2026-02-26
AON/KKR,AON,KKR,symmetric_exit,1922.815414036631,0.18512706417227373,-0.7082831252421532,0.9807251574732023,40,4,2026-02-26
CDNS/PTC,CDNS,PTC,symmetric_exit,2034.269999999996,0.21894368548602602,-0.7082831252421532,0.997640605272708,44,4,2026-02-26
HAS/YUM,HAS,YUM,fast_signal,-3884.611751530495,-0.33187612869550515,-0.7187211070232693,3.714466468447138e-15,72,4,2026-02-26
CSCO/PAYC,CSCO,PAYC,fast_signal,9696.886813334153,0.7011594365619275,-0.7187211070232693,0.9999999994796926,74,4,2026-02-26
UNP/VLTO,UNP,VLTO,fast_signal,-9581.984528979687,-0.9262612692881411,-0.7187211070232693,4.453197155158735e-14,80,4,2026-02-26
CME/DE,CME,DE,fast_signal,3873.707232991644,0.4085178258230146,-0.7187211070232693,0.9999995112356479,60,4,2026-02-26
EXR/WY,EXR,WY,fast_signal,1342.066487271186,0.13141968767577397,-0.7187211070232693,0.7519544967056129,90,4,2026-02-26
BSX/PFE,BSX,PFE,fast_signal,-2958.263409697159,-0.23233173547811858,-0.7187211070232693,9.669694052755931e-11,72,4,2026-02-26
AIG/CFG,AIG,CFG,fast_signal,-18599.956237659,-1.8632749000678877,-0.7187211070232693,2.5549032952198685e-29,92,4,2026-02-26
AKAM/KEYS,AKAM,KEYS,fast_signal,-6586.80000000001,-0.6404703813860828,-0.7187211070232693,1.0274933354545109e-17,64,4,2026-02-26
TXT/YUM,TXT,YUM,fast_signal,-1380.639786406617,-0.15330108067951043,-0.7187211070232693,6.1953245365679594e-09,74,4,2026-02-26
BIIB/HCA,BIIB,HCA,fast_signal,1624.49363658848,0.16593518315064174,-0.7187211070232693,0.910536367019667,64,4,2026-02-26
RTX/SNA,RTX,SNA,fast_signal,8116.100254815015,1.018463470635404,-0.7187211070232693,0.9999999976352225,62,4,2026-02-26
ATO/PCG,ATO,PCG,fast_signal,3950.009858861597,0.41184010100941953,-0.7187211070232693,0.9999988400768339,78,4,2026-02-26
AIG/L,AIG,L,fast_signal,-1422.929306955055,-0.18502240599226663,-0.7187211070232693,1.9137351896713414e-12,62,4,2026-02-26
AON/KKR,AON,KKR,fast_signal,14502.73022144428,0.8421787028483604,-0.7187211070232693,0.9999999999999707,78,4,2026-02-26
CDNS/PTC,CDNS,PTC,fast_signal,-263.620000000004,-0.025848407677932853,-0.7187211070232693,0.005286989394567413,72,4,2026-02-26
HAS/YUM,HAS,YUM,low_entry,5570.879944485088,0.3195705997363587,-0.7319383434722603,0.9987915079058013,94,4,2026-02-26
CSCO/PAYC,CSCO,PAYC,low_entry,3657.564579317233,0.2083057734848507,-0.7319383434722603,0.9926211012645152,106,4,2026-02-26
UNP/VLTO,UNP,VLTO,low_entry,-7358.066208101925,-0.6742030077634793,-0.7319383434722603,1.9069902465279055e-20,106,4,2026-02-26
CME/DE,CME,DE,low_entry,18685.11384216989,1.3506608371209308,-0.7319383434722603,0.9999999999999991,106,4,2026-02-26
EXR/WY,EXR,WY,low_entry,535.2044157531922,0.051156428467960556,-0.7319383434722603,0.15680289302362072,110,4,2026-02-26
BSX/PFE,BSX,PFE,low_entry,-7425.102622204313,-0.5350084207492664,-0.7319383434722603,3.6318850696696813e-22,94,4,2026-02-26
AIG/CFG,AIG,CFG,low_entry,-3455.912708536978,-0.2638036090923788,-0.7319383434722603,2.5755476714785654e-13,114,4,2026-02-26
AKAM/KEYS,AKAM,KEYS,low_entry,-834.919999999976,-0.06146920032472659,-0.7319383434722603,0.0005163503189218134,76,4,2026-02-26
TXT/YUM,TXT,YUM,low_entry,5663.681298959371,0.5597512389317627,-0.7319383434722603,0.9999999999978657,96,4,2026-02-26
BIIB/HCA,BIIB,HCA,low_entry,6928.60016646183,0.5168988622119368,-0.7319383434722603,0.999999999977512,116,4,2026-02-26
RTX/SNA,RTX,SNA,low_entry,3482.747844089885,0.347724501010464,-0.7319383434722603,0.9998052271022325,90,4,2026-02-26
ATO/PCG,ATO,PCG,low_entry,-8316.813375713551,-0.6703850890368669,-0.7319383434722603,9.412557431274723e-28,106,4,2026-02-26
AIG/L,AIG,L,low_entry,-9016.831570285485,-0.8750084939390806,-0.7319383434722603,1.1729756767954831e-21,118,4,2026-02-26
AON/KKR,AON,KKR,low_entry,-18070.18522869742,-0.9550526271386552,-0.7319383434722603,1.2656934839030645e-35,124,4,2026-02-26
CDNS/PTC,CDNS,PTC,low_entry,-1689.39000000003,-0.1274587290156793,-0.7319383434722603,5.1981216768365565e-06,100,4,2026-02-26
HAS/YUM,HAS,YUM,default,10606.53110604924,0.8133961216051202,-0.7661969125332181,0.999645938146158,50,4,2026-02-26
CSCO/PAYC,CSCO,PAYC,default,113.1094171383415,0.009608328094776521,-0.7661969125332181,0.027967730166519746,64,4,2026-02-26
UNP/VLTO,UNP,VLTO,default,-306.8219464140716,-0.03258163896316541,-0.7661969125332181,0.0011814361241883483,58,4,2026-02-26
CME/DE,CME,DE,default,5864.631882048881,0.6185968365994102,-0.7661969125332181,0.9999999999889264,64,4,2026-02-26
EXR/WY,EXR,WY,default,2971.102259656215,0.2967556488219279,-0.7661969125332181,0.9999975647718695,62,4,2026-02-26
BSX/PFE,BSX,PFE,default,-5229.650184484446,-0.292605762536949,-0.7661969125332181,3.2937269275964804e-13,60,4,2026-02-26
AIG/CFG,AIG,CFG,default,1904.926780349406,0.19773380192613052,-0.7661969125332181,0.9796585129235809,64,4,2026-02-26
AKAM/KEYS,AKAM,KEYS,default,-7061.159999999996,-0.6503389606411557,-0.7661969125332181,2.823067886573719e-10,52,4,2026-02-26
TXT/YUM,TXT,YUM,default,-2842.26570034715,-0.3330298652584112,-0.7661969125332181,1.0637436544732215e-16,66,4,2026-02-26
BIIB/HCA,BIIB,HCA,default,-163.1151748737882,-0.014754256108649704,-0.7661969125332181,0.008127276694879445,60,4,2026-02-26
RTX/SNA,RTX,SNA,default,4020.494307174233,0.4759367155629432,-0.7661969125332181,0.9999303490781799,60,4,2026-02-26
ATO/PCG,ATO,PCG,default,-2401.083763157305,-0.28174590954549916,-0.7661969125332181,3.4672920657801757e-12,58,4,2026-02-26
AIG/L,AIG,L,default,-10033.83995730552,-2.0678108556510515,-0.7661969125332181,8.986470733627277e-23,42,4,2026-02-26
AON/KKR,AON,KKR,default,1326.25629039737,0.09714457982295187,-0.7661969125332181,0.4862285151730003,56,4,2026-02-26
CDNS/PTC,CDNS,PTC,default,-3159.360000000013,-0.3064358484248555,-0.7661969125332181,6.180522851648432e-08,50,4,2026-02-26
HAS/YUM,HAS,YUM,patient_hold,4833.313623909448,0.575841041613766,-0.7763777205240155,0.9999389433191823,30,4,2026-02-26
CSCO/PAYC,CSCO,PAYC,patient_hold,8336.62246105947,0.8027602640199949,-0.7763777205240155,0.9999988045915766,32,4,2026-02-26
UNP/VLTO,UNP,VLTO,patient_hold,-1769.543829922377,-0.19834668061815477,-0.7763777205240155,7.217797484310344e-15,38,4,2026-02-26
CME/DE,CME,DE,patient_hold,9781.621763442745,1.1285165847545986,-0.7763777205240155,0.9999999999995524,56,4,2026-02-26
EXR/WY,EXR,WY,patient_hold,314.331114160771,0.04200778075384415,-0.7763777205240155,0.10726926856074226,34,4,2026-02-26
BSX/PFE,BSX,PFE,patient_hold,-8.018118898329703,-0.0008427338895410282,-0.7763777205240155,0.01719459409927711,42,4,2026-02-26
AIG/CFG,AIG,CFG,patient_hold,1257.124252625882,0.13195459347571836,-0.7763777205240155,0.7587036202309767,38,4,2026-02-26
AKAM/KEYS,AKAM,KEYS,patient_hold,-11554.51,-1.0415527571359775,-0.7763777205240155,5.4112450959298966e-11,36,4,2026-02-26
TXT/YUM,TXT,YUM,patient_hold,-6189.772613560011,-0.7357411847025445,-0.7763777205240155,5.1975644151093284e-23,44,4,2026-02-26
BIIB/HCA,BIIB,HCA,patient_hold,2565.287059443706,0.28620692872558406,-0.7763777205240155,0.999716535909693,34,4,2026-02-26
RTX/SNA,RTX,SNA,patient_hold,9412.644771886731,1.7085136019801936,-0.7763777205240155,0.9999999999999992,46,4,2026-02-26
ATO/PCG,ATO,PCG,patient_hold,-5508.420476382073,-0.5641970449852634,-0.7763777205240155,4.928051207295536e-23,44,4,2026-02-26
AIG/L,AIG,L,patient_hold,-6309.065804812405,-1.2157677004265366,-0.7763777205240155,4.540819883948073e-27,38,4,2026-02-26
AON/KKR,AON,KKR,patient_hold,-469.4103121651278,-0.0441265218148205,-0.7763777205240155,0.002176265746476104,34,4,2026-02-26
CDNS/PTC,CDNS,PTC,patient_hold,-775.4400000000305,-0.08826123809087928,-0.7763777205240155,0.00028209643974697225,34,4,2026-02-26
HAS/YUM,HAS,YUM,conservative_no_leverage,5400.437630126162,1.4065712898426879,-0.8045288074220219,0.9999999991373042,32,4,2026-02-26
CSCO/PAYC,CSCO,PAYC,conservative_no_leverage,4459.902435187496,0.8407836228694554,-0.8045288074220219,0.9999997082537506,42,4,2026-02-26
UNP/VLTO,UNP,VLTO,conservative_no_leverage,-815.3167616695803,-0.18710955859148726,-0.8045288074220219,6.635608781973918e-14,30,4,2026-02-26
CME/DE,CME,DE,conservative_no_leverage,5904.698125887493,1.4803567446853052,-0.8045288074220219,0.9999999998931585,42,4,2026-02-26
EXR/WY,EXR,WY,conservative_no_leverage,2191.12165089248,0.5100350535858956,-0.8045288074220219,0.9999999999999649,40,4,2026-02-26
BSX/PFE,BSX,PFE,conservative_no_leverage,-558.1376591280108,-0.09293786118360768,-0.8045288074220219,1.4415628712637117e-05,36,4,2026-02-26
AIG/CFG,AIG,CFG,conservative_no_leverage,-1754.630032530744,-0.33452878428478583,-0.8045288074220219,5.346326088864561e-15,30,4,2026-02-26
AKAM/KEYS,AKAM,KEYS,conservative_no_leverage,-2817.620000000001,-0.5031618195449807,-0.8045288074220219,2.1053424383973532e-10,30,4,2026-02-26
TXT/YUM,TXT,YUM,conservative_no_leverage,-1843.583282443716,-0.47524184938330943,-0.8045288074220219,2.0923821095674192e-16,40,4,2026-02-26
BIIB/HCA,BIIB,HCA,conservative_no_leverage,1088.330613242193,0.2265781379331013,-0.8045288074220219,0.9950340473442263,38,4,2026-02-26
RTX/SNA,RTX,SNA,conservative_no_leverage,4668.528401440234,2.0468374157634144,-0.8045288074220219,0.9999999999977855,38,4,2026-02-26
ATO/PCG,ATO,PCG,conservative_no_leverage,-3385.634895933696,-0.67700184434043,-0.8045288074220219,7.481134005734556e-25,40,4,2026-02-26
AIG/L,AIG,L,conservative_no_leverage,-672.1555724443663,-0.27683851941262627,-0.8045288074220219,4.122601833137956e-14,36,4,2026-02-26
AON/KKR,AON,KKR,conservative_no_leverage,3102.107374437605,0.5266422058616422,-0.8045288074220219,0.9999999999966387,38,4,2026-02-26
CDNS/PTC,CDNS,PTC,conservative_no_leverage,47.54999999998245,0.010121467943870088,-0.8045288074220219,0.027380099542507398,34,4,2026-02-26
HAS/YUM,HAS,YUM,tight_stop,7602.644162706601,0.5914190387725017,-0.9167099496081094,0.9985573897624253,54,4,2026-02-26
CSCO/PAYC,CSCO,PAYC,tight_stop,3339.006806749369,0.3129867221772719,-0.9167099496081094,0.9998060741760325,58,4,2026-02-26
UNP/VLTO,UNP,VLTO,tight_stop,-1187.026000632991,-0.1355301063099565,-0.9167099496081094,3.762937508254191e-11,58,4,2026-02-26
CME/DE,CME,DE,tight_stop,6580.710234308763,0.7687569629581585,-0.9167099496081094,0.9999999999988678,62,4,2026-02-26
EXR/WY,EXR,WY,tight_stop,8718.788302660332,1.0589954147820868,-0.9167099496081094,0.9999997704427942,58,4,2026-02-26
BSX/PFE,BSX,PFE,tight_stop,-12402.1858809965,-0.7158882744267174,-0.9167099496081094,1.0023462502002085e-06,62,4,2026-02-26
AIG/CFG,AIG,CFG,tight_stop,-6029.821259944476,-0.5751124264289859,-0.9167099496081094,1.9813700894737033e-18,70,4,2026-02-26
AKAM/KEYS,AKAM,KEYS,tight_stop,-10636.28999999998,-1.2009519067515853,-0.9167099496081094,2.4032225816748185e-17,52,4,2026-02-26
TXT/YUM,TXT,YUM,tight_stop,-1203.005514973163,-0.1662078423840052,-0.9167099496081094,6.90923510758742e-08,70,4,2026-02-26
BIIB/HCA,BIIB,HCA,tight_stop,-176.6690477225393,-0.015935383402566304,-0.9167099496081094,0.007607066671089721,60,4,2026-02-26
RTX/SNA,RTX,SNA,tight_stop,2423.12619385646,0.2981289073222592,-0.9167099496081094,0.9931317885147071,64,4,2026-02-26
ATO/PCG,ATO,PCG,tight_stop,-3115.656563938189,-0.3689611510201754,-0.9167099496081094,1.949100910563574e-13,64,4,2026-02-26
AIG/L,AIG,L,tight_stop,-1337.846262096544,-0.3600779797432142,-0.9167099496081094,1.335322593516008e-13,48,4,2026-02-26
AON/KKR,AON,KKR,tight_stop,4606.794881274991,0.3970123429242668,-0.9167099496081094,0.9999598385778677,56,4,2026-02-26
CDNS/PTC,CDNS,PTC,tight_stop,-6136.380000000005,-0.5930314673813261,-0.9167099496081094,3.155357613505629e-10,52,4,2026-02-26
HAS/YUM,HAS,YUM,quick_exit,6890.064801560629,0.5350395162680548,-0.9645041808774578,0.9979595491242981,54,4,2026-02-26
CSCO/PAYC,CSCO,PAYC,quick_exit,5186.214385684519,0.4696426038065838,-0.9645041808774578,0.999998182486181,58,4,2026-02-26
UNP/VLTO,UNP,VLTO,quick_exit,-688.2485533001,-0.07826187787751063,-0.9645041808774578,1.6672444020456826e-06,58,4,2026-02-26
CME/DE,CME,DE,quick_exit,5079.081461126291,0.5789997311782341,-0.9645041808774578,0.9999999997666614,62,4,2026-02-26
EXR/WY,EXR,WY,quick_exit,6998.908763237419,0.8990819346424685,-0.9645041808774578,0.9999977641046535,58,4,2026-02-26
BSX/PFE,BSX,PFE,quick_exit,-10178.08834139705,-0.5989880897137211,-0.9645041808774578,6.435550902576872e-07,62,4,2026-02-26
AIG/CFG,AIG,CFG,quick_exit,-3821.784081803625,-0.36499558665280524,-0.9645041808774578,3.7515737027999945e-19,68,4,2026-02-26
AKAM/KEYS,AKAM,KEYS,quick_exit,-11783.64999999998,-1.318037203348824,-0.9645041808774578,1.790434565245428e-17,52,4,2026-02-26
TXT/YUM,TXT,YUM,quick_exit,878.5400542799771,0.1234144071521061,-0.9645041808774578,0.6950780484616276,68,4,2026-02-26
BIIB/HCA,BIIB,HCA,quick_exit,-334.1880166630563,-0.029843083345566044,-0.9645041808774578,0.003344284980145409,60,4,2026-02-26
RTX/SNA,RTX,SNA,quick_exit,3544.785072104826,0.408300315289867,-0.9645041808774578,0.9998009193628412,60,4,2026-02-26
ATO/PCG,ATO,PCG,quick_exit,-4501.218590871636,-0.537502132344062,-0.9645041808774578,9.329337757723294e-15,66,4,2026-02-26
AIG/L,AIG,L,quick_exit,-2434.87889437694,-0.5837135166841374,-0.9645041808774578,1.6025149714679742e-19,48,4,2026-02-26
AON/KKR,AON,KKR,quick_exit,1689.565284670479,0.1452847474298012,-0.9645041808774578,0.8180124012916409,60,4,2026-02-26
CDNS/PTC,CDNS,PTC,quick_exit,-7922.92,-0.726980212875198,-0.9645041808774578,5.725728914602037e-12,54,4,2026-02-26
HAS/YUM,HAS,YUM,high_vol_specialist,11323.13741395351,1.3856156803500828,-1.0514590211867794,0.9999999999985475,38,4,2026-02-26
CSCO/PAYC,CSCO,PAYC,high_vol_specialist,-3048.575123124961,-0.2487705246201075,-1.0514590211867794,5.7189351882021886e-08,36,4,2026-02-26
UNP/VLTO,UNP,VLTO,high_vol_specialist,-927.3172504353652,-0.10057739258680065,-1.0514590211867794,6.79181602195817e-08,36,4,2026-02-26
CME/DE,CME,DE,high_vol_specialist,13567.29534749643,1.682982061880285,-1.0514590211867794,0.9999999999999625,50,4,2026-02-26
EXR/WY,EXR,WY,high_vol_specialist,6095.050080105867,0.7415067709222931,-1.0514590211867794,1.0,38,4,2026-02-26
BSX/PFE,BSX,PFE,high_vol_specialist,-9216.716537666722,-0.8288743337535001,-1.0514590211867794,2.0865844147100016e-23,44,4,2026-02-26
AIG/CFG,AIG,CFG,high_vol_specialist,-19221.16234249289,-1.6078351619455182,-1.0514590211867794,2.2251893612646303e-20,44,4,2026-02-26
AKAM/KEYS,AKAM,KEYS,high_vol_specialist,-15373.68999999999,-0.8470529100348541,-1.0514590211867794,6.037899959439417e-07,42,4,2026-02-26
TXT/YUM,TXT,YUM,high_vol_specialist,-787.4904364486465,-0.07823780614903562,-1.0514590211867794,0.00018975155135892826,42,4,2026-02-26
BIIB/HCA,BIIB,HCA,high_vol_specialist,8646.364968908689,0.9637568083364206,-1.0514590211867794,0.9999999999996061,36,4,2026-02-26
RTX/SNA,RTX,SNA,high_vol_specialist,7876.655097286779,1.4738217259365176,-1.0514590211867794,0.9999999999996494,34,4,2026-02-26
ATO/PCG,ATO,PCG,high_vol_specialist,-7307.708290036091,-0.603611137836772,-1.0514590211867794,9.350521174142628e-34,52,4,2026-02-26
AIG/L,AIG,L,high_vol_specialist,-2757.062582713376,-0.5216934331770751,-1.0514590211867794,1.3453733665744917e-24,42,4,2026-02-26
AON/KKR,AON,KKR,high_vol_specialist,-3691.221168827468,-0.29978533614589076,-1.0514590211867794,7.433960796296075e-10,40,4,2026-02-26
CDNS/PTC,CDNS,PTC,high_vol_specialist,1456.749999999975,0.1598923021323881,-1.0514590211867794,0.913537182041204,40,4,2026-02-26
HAS/YUM,HAS,YUM,high_turnover,5512.908728902159,0.5698001430106132,-1.1480620394708885,0.9999999999985907,92,4,2026-02-26
CSCO/PAYC,CSCO,PAYC,high_turnover,1064.771188521058,0.08487279937051474,-1.1480620394708885,0.39279888364143634,80,4,2026-02-26
UNP/VLTO,UNP,VLTO,high_turnover,-8359.482673517727,-0.8173847371204102,-1.1480620394708885,1.3410175518009818e-15,98,4,2026-02-26
CME/DE,CME,DE,high_turnover,6868.79421396302,0.5076645731163073,-1.1480620394708885,0.9999999999963048,102,4,2026-02-26
EXR/WY,EXR,WY,high_turnover,9830.502687941826,1.0474241019335562,-1.1480620394708885,1.0,96,4,2026-02-26
BSX/PFE,BSX,PFE,high_turnover,-13518.960586523,-0.9975946070667621,-1.1480620394708885,1.6849261189996253e-31,100,4,2026-02-26
AIG/CFG,AIG,CFG,high_turnover,-8540.55515763287,-0.8309555494620031,-1.1480620394708885,9.432335800410553e-10,88,4,2026-02-26
AKAM/KEYS,AKAM,KEYS,high_turnover,-8676.579999999998,-0.8904736964988221,-1.1480620394708885,4.870869908693365e-19,80,4,2026-02-26
TXT/YUM,TXT,YUM,high_turnover,1831.848278689057,0.1743420332404919,-1.1480620394708885,0.9035446259910898,86,4,2026-02-26
BIIB/HCA,BIIB,HCA,high_turnover,3448.477804295194,0.2748030413724828,-1.1480620394708885,0.9994761053482041,104,4,2026-02-26
RTX/SNA,RTX,SNA,high_turnover,5725.04648325984,0.7557263433539992,-1.1480620394708885,1.0,90,4,2026-02-26
ATO/PCG,ATO,PCG,high_turnover,-134.4042190090622,-0.017119081730555194,-1.1480620394708885,0.005883116414699933,80,4,2026-02-26
AIG/L,AIG,L,high_turnover,7487.757419081609,1.1273620722172493,-1.1480620394708885,0.9999999997387581,86,4,2026-02-26
AON/KKR,AON,KKR,high_turnover,-8142.908359527219,-0.6181774392434467,-1.1480620394708885,1.3346246816011792e-16,86,4,2026-02-26
CDNS/PTC,CDNS,PTC,high_turnover,-17200.66000000003,-1.1435245773856577,-1.1480620394708885,1.4152561766340153e-06,86,4,2026-02-26
HAS/YUM,HAS,YUM,low_vol_specialist,15948.95475926004,1.561381131759862,-1.175216589630267,1.0,114,4,2026-02-26
CSCO/PAYC,CSCO,PAYC,low_vol_specialist,-14743.36800516771,-1.057336434160528,-1.175216589630267,2.855784984485196e-30,120,4,2026-02-26
UNP/VLTO,UNP,VLTO,low_vol_specialist,-7535.504847861901,-0.7466576100170218,-1.175216589630267,2.331216735157191e-16,102,4,2026-02-26
CME/DE,CME,DE,low_vol_specialist,18212.62432661188,1.4150668601933631,-1.175216589630267,0.9999999999999752,100,4,2026-02-26
EXR/WY,EXR,WY,low_vol_specialist,2369.934040290108,0.22157311073649644,-1.175216589630267,0.9814707310115792,124,4,2026-02-26
BSX/PFE,BSX,PFE,low_vol_specialist,2368.93215967087,0.16464519663119281,-1.175216589630267,0.8987063026782756,114,4,2026-02-26
AIG/CFG,AIG,CFG,low_vol_specialist,-9579.645518093424,-0.7033718652982067,-1.175216589630267,3.05497791806975e-29,136,4,2026-02-26
AKAM/KEYS,AKAM,KEYS,low_vol_specialist,-23621.30999999997,-1.3309462149939029,-1.175216589630267,1.995448524788162e-09,98,4,2026-02-26
TXT/YUM,TXT,YUM,low_vol_specialist,145.7214863461154,0.012485317559257142,-1.175216589630267,0.03492652696075851,114,4,2026-02-26
BIIB/HCA,BIIB,HCA,low_vol_specialist,5874.960897193575,0.43800578086199954,-1.175216589630267,0.9999999999289616,108,4,2026-02-26
RTX/SNA,RTX,SNA,low_vol_specialist,2309.067156330061,0.22527270110123615,-1.175216589630267,0.9881497346038824,108,4,2026-02-26
ATO/PCG,ATO,PCG,low_vol_specialist,1943.428551778894,0.16276992255358358,-1.175216589630267,0.900897835591379,142,4,2026-02-26
AIG/L,AIG,L,low_vol_specialist,-3072.432417283723,-0.4769520945739525,-1.175216589630267,1.7240245067329564e-23,120,4,2026-02-26
AON/KKR,AON,KKR,low_vol_specialist,-20852.36040130401,-1.1432354806641034,-1.175216589630267,8.944780026129452e-38,116,4,2026-02-26
CDNS/PTC,CDNS,PTC,low_vol_specialist,-772.0500000000006,-0.06015736215857512,-1.175216589630267,0.00036012737177780983,92,4,2026-02-26
HAS/YUM,HAS,YUM,no_leverage,5275.34795348455,0.8116175738510211,-1.459783826088937,0.9996444481105483,50,4,2026-02-26
CSCO/PAYC,CSCO,PAYC,no_leverage,82.12037578233253,0.014009253897315005,-1.459783826088937,0.03397903319765733,64,4,2026-02-26
UNP/VLTO,UNP,VLTO,no_leverage,-165.6007053360279,-0.03531323229677909,-1.459783826088937,0.0008850603223366157,58,4,2026-02-26
CME/DE,CME,DE,no_leverage,2961.843426533326,0.6300900499202721,-1.459783826088937,0.9999999999941432,64,4,2026-02-26
EXR/WY,EXR,WY,no_leverage,1479.682896735924,0.2973708723188656,-1.459783826088937,0.9999977141596791,62,4,2026-02-26
BSX/PFE,BSX,PFE,no_leverage,-2595.370131395654,-0.29160116634803646,-1.459783826088937,3.4919303408390637e-13,60,4,2026-02-26
AIG/CFG,AIG,CFG,no_leverage,960.0233764480363,0.19999171018329404,-1.459783826088937,0.9817457972471243,64,4,2026-02-26
AKAM/KEYS,AKAM,KEYS,no_leverage,-3507.839999999994,-0.6481709301632231,-1.459783826088937,3.308245391587379e-10,52,4,2026-02-26
TXT/YUM,TXT,YUM,no_leverage,-1391.357501807411,-0.32793579682141155,-1.459783826088937,2.0443389381311093e-16,66,4,2026-02-26
BIIB/HCA,BIIB,HCA,no_leverage,-80.12571072014657,-0.014600142388172026,-1.459783826088937,0.008202742398835937,60,4,2026-02-26
RTX/SNA,RTX,SNA,no_leverage,2009.171614282566,0.47966879621528746,-1.459783826088937,0.9999381627470104,60,4,2026-02-26
ATO/PCG,ATO,PCG,no_leverage,-1187.362325725795,-0.2800995914159164,-1.459783826088937,3.93085288109938e-12,58,4,2026-02-26
AIG/L,AIG,L,no_leverage,-4989.199739571046,-2.0630489757018897,-1.459783826088937,1.077317978118648e-22,42,4,2026-02-26
AON/KKR,AON,KKR,no_leverage,705.31397508044,0.10368436695070841,-1.459783826088937,0.5415288969687106,56,4,2026-02-26
CDNS/PTC,CDNS,PTC,no_leverage,-1573.860000000009,-0.3073817543846913,-1.459783826088937,6.18762195248989e-08,50,4,2026-02-26
HAS/YUM,HAS,YUM,conservative,2463.716764393477,1.0912030378200634,-1.899602846849704,0.999999549263444,20,4,2026-02-26
CSCO/PAYC,CSCO,PAYC,conservative,3469.113536473636,0.7393030683536637,-1.899602846849704,0.9999732825607119,24,4,2026-02-26
UNP/VLTO,UNP,VLTO,conservative,-1707.460007901263,-0.4007427303845779,-1.899602846849704,3.084724808362165e-11,26,4,2026-02-26
CME/DE,CME,DE,conservative,2053.575177302338,0.8235654808836881,-1.899602846849704,0.9999999704650167,28,4,2026-02-26
EXR/WY,EXR,WY,conservative,538.5908199800485,0.2100987357180041,-1.899602846849704,0.9948251055371681,30,4,2026-02-26
BSX/PFE,BSX,PFE,conservative,-2141.703571396114,-0.698487138842861,-1.899602846849704,7.756657989901218e-12,26,4,2026-02-26
AIG/CFG,AIG,CFG,conservative,8.765171133919466,0.0028450511277133233,-1.899602846849704,0.020628777321223,34,4,2026-02-26
AKAM/KEYS,AKAM,KEYS,conservative,-3818.450000000003,-1.1182691654672123,-1.899602846849704,2.2355337645246494e-08,28,4,2026-02-26
TXT/YUM,TXT,YUM,conservative,995.913382577756,0.4123477430014237,-1.899602846849704,0.9999968268178292,28,4,2026-02-26
BIIB/HCA,BIIB,HCA,conservative,-618.6182830371915,-0.15876322759153066,-1.899602846849704,4.075368219508647e-06,26,4,2026-02-26
RTX/SNA,RTX,SNA,conservative,1813.593076674602,0.8443086094914692,-1.899602846849704,0.9999997040254415,32,4,2026-02-26
ATO/PCG,ATO,PCG,conservative,-1061.719322115388,-0.3815759084915498,-1.899602846849704,4.084201444499691e-14,40,4,2026-02-26
AIG/L,AIG,L,conservative,366.6614348792263,0.2636260087891086,-1.899602846849704,0.9966798161195383,32,4,2026-02-26
AON/KKR,AON,KKR,conservative,2347.833531474758,0.6677394095538036,-1.899602846849704,0.9999619105837487,22,4,2026-02-26
CDNS/PTC,CDNS,PTC,conservative,1776.23999999999,0.4376705105454054,-1.899602846849704,0.999999182662549,32,4,2026-02-26
HAS/YUM,HAS,YUM,vol_gated,11602.75677207244,0.8572781423661351,0.8052896916325782,0.9999996781468219,72,5,2026-04-02
CSCO/PAYC,CSCO,PAYC,vol_gated,-2132.057403396072,-0.1337749036084605,0.8052896916325782,1.2152197771150447e-06,58,5,2026-04-02
UNP/VLTO,UNP,VLTO,vol_gated,-6283.046850822119,-0.6101875092217469,0.8052896916325782,5.244231882474766e-13,80,5,2026-04-02
CME/DE,CME,DE,vol_gated,16592.61791361491,1.2735933123694967,0.8052896916325782,0.9999999984447188,70,5,2026-04-02
EXR/WY,EXR,WY,vol_gated,11883.53127223845,1.0005277957227392,0.8052896916325782,1.0,74,5,2026-04-02
BSX/PFE,BSX,PFE,vol_gated,14161.04643113153,0.9505208164513668,0.8052896916325782,0.9999999999759904,72,5,2026-04-02
AIG/CFG,AIG,CFG,vol_gated,-3279.060010848764,-0.3318649362058908,0.8052896916325782,1.248479829722654e-15,72,5,2026-04-02
AKAM/KEYS,AKAM,KEYS,vol_gated,12888.11000000003,0.8412183348200577,0.8052896916325782,0.9999998533833366,68,5,2026-04-02
TXT/YUM,TXT,YUM,vol_gated,4935.122252579262,0.5049174757287708,0.8052896916325782,0.9999999999862986,80,5,2026-04-02
BIIB/HCA,BIIB,HCA,vol_gated,6602.676013919061,0.4952897955691855,0.8052896916325782,0.9999999998111125,98,5,2026-04-02
RTX/SNA,RTX,SNA,vol_gated,3786.418828538544,0.5070869601509418,0.8052896916325782,0.9999999999989859,60,5,2026-04-02
ATO/PCG,ATO,PCG,vol_gated,-5718.410843644582,-0.6007906223907067,0.8052896916325782,1.8037422478813005e-32,56,5,2026-04-02
AIG/L,AIG,L,vol_gated,-4295.413951669808,-0.5040694699714092,0.8052896916325782,8.402474589748135e-12,72,5,2026-04-02
AON/KKR,AON,KKR,vol_gated,8562.649260904735,0.5598957418410488,0.8052896916325782,0.9999999999999999,70,5,2026-04-02
CDNS/PTC,CDNS,PTC,vol_gated,4030.649999999984,0.32437193981212237,0.8052896916325782,0.9999903183996703,82,5,2026-04-02
HAS/YUM,HAS,YUM,long_z_short_v,-3635.750528701405,-0.44158788114634184,0.7211602958477914,3.987475034736108e-20,54,5,2026-04-02
CSCO/PAYC,CSCO,PAYC,long_z_short_v,9852.23337897196,0.866363829496801,0.7211602958477914,0.9999999999999937,58,5,2026-04-02
UNP/VLTO,UNP,VLTO,long_z_short_v,1397.647265160336,0.14227628275231005,0.7211602958477914,0.752809700043119,56,5,2026-04-02
CME/DE,CME,DE,long_z_short_v,13970.97344367535,1.454048457381579,0.7211602958477914,0.9999999999999626,62,5,2026-04-02
EXR/WY,EXR,WY,long_z_short_v,7114.804159076759,0.7903961706281375,0.7211602958477914,1.0,50,5,2026-04-02
BSX/PFE,BSX,PFE,long_z_short_v,15279.68017538517,1.2514419815218514,0.7211602958477914,0.9999999996287665,38,5,2026-04-02
AIG/CFG,AIG,CFG,long_z_short_v,-1759.248220981726,-0.15117070726641313,0.7211602958477914,9.974210244671921e-11,50,5,2026-04-02
AKAM/KEYS,AKAM,KEYS,long_z_short_v,-2697.260000000018,-0.22201709939340594,0.7211602958477914,1.9725526998656106e-07,40,5,2026-04-02
TXT/YUM,TXT,YUM,long_z_short_v,-2601.763681926589,-0.2838014581666596,0.7211602958477914,2.214316545919843e-17,54,5,2026-04-02
BIIB/HCA,BIIB,HCA,long_z_short_v,2962.267008248779,0.30477573212611414,0.7211602958477914,0.9998273557630177,44,5,2026-04-02
RTX/SNA,RTX,SNA,long_z_short_v,12614.36274557247,1.7049209468894377,0.7211602958477914,0.999999801481273,46,5,2026-04-02
ATO/PCG,ATO,PCG,long_z_short_v,-5889.586525906383,-0.5196227519663622,0.7211602958477914,8.930613545083008e-27,40,5,2026-04-02
AIG/L,AIG,L,long_z_short_v,1274.310126800076,0.20335675611642984,0.7211602958477914,0.9941910525910793,34,5,2026-04-02
AON/KKR,AON,KKR,long_z_short_v,7035.706860079667,0.43624860176227764,0.7211602958477914,0.9999999994918363,52,5,2026-04-02
CDNS/PTC,CDNS,PTC,long_z_short_v,8125.290000000006,0.7295744320454514,0.7211602958477914,0.9999999999990945,50,5,2026-04-02
HAS/YUM,HAS,YUM,aggressive,49861.96310175546,2.100751433203762,0.5713791713631011,0.9999999999934316,96,5,2026-04-02
CSCO/PAYC,CSCO,PAYC,aggressive,10389.85867455302,0.3484293278885877,0.5713791713631011,0.9999958078133673,106,5,2026-04-02
UNP/VLTO,UNP,VLTO,aggressive,-18249.0826553728,-1.0207835491895683,0.5713791713631011,5.171955677197131e-18,98,5,2026-04-02
CME/DE,CME,DE,aggressive,25815.50332629157,1.1882413531829727,0.5713791713631011,0.9999999999995365,94,5,2026-04-02
EXR/WY,EXR,WY,aggressive,11794.03471752195,0.5731433084163403,0.5713791713631011,1.0,104,5,2026-04-02
BSX/PFE,BSX,PFE,aggressive,15229.99479824394,0.5222865773052965,0.5713791713631011,0.9999999999999808,114,5,2026-04-02
AIG/CFG,AIG,CFG,aggressive,-16472.86752158427,-0.7477239723084268,0.5713791713631011,1.7340074285521374e-40,114,5,2026-04-02
AKAM/KEYS,AKAM,KEYS,aggressive,8931.460000000136,0.32322986942681736,0.5713791713631011,0.9999923814807847,86,5,2026-04-02
TXT/YUM,TXT,YUM,aggressive,3566.842894838759,0.19114621787221056,0.5713791713631011,0.9680963295361282,118,5,2026-04-02
BIIB/HCA,BIIB,HCA,aggressive,25381.88746530712,1.0404741658824175,0.5713791713631011,1.0,132,5,2026-04-02
RTX/SNA,RTX,SNA,aggressive,5092.395493155906,0.29669591306395,0.5713791713631011,0.9984884095718579,106,5,2026-04-02
ATO/PCG,ATO,PCG,aggressive,-15593.05971731147,-0.8102434815779809,0.5713791713631011,1.807615859835723e-30,82,5,2026-04-02
AIG/L,AIG,L,aggressive,-4332.630973776542,-0.3220090631223077,0.5713791713631011,4.420506274006766e-11,106,5,2026-04-02
AON/KKR,AON,KKR,aggressive,-12824.54621409839,-0.4533415817898759,0.5713791713631011,5.719424866461145e-19,94,5,2026-04-02
CDNS/PTC,CDNS,PTC,aggressive,-2654.410000000036,-0.12258567401467901,0.5713791713631011,5.270593492757668e-06,106,5,2026-04-02
HAS/YUM,HAS,YUM,stable_signal_quick_exit,20066.76739464264,1.848190912043796,0.4903475628234735,0.999999999861763,54,5,2026-04-02
CSCO/PAYC,CSCO,PAYC,stable_signal_quick_exit,8834.328041439234,0.5044282907986745,0.4903475628234735,0.9999997817870209,70,5,2026-04-02
UNP/VLTO,UNP,VLTO,stable_signal_quick_exit,-4616.4928919053,-0.4632384594709106,0.4903475628234735,2.7870105348404135e-14,54,5,2026-04-02
CME/DE,CME,DE,stable_signal_quick_exit,19075.68694332716,1.6763398945265178,0.4903475628234735,0.9999999999999868,54,5,2026-04-02
EXR/WY,EXR,WY,stable_signal_quick_exit,1845.614425666201,0.21482593798161495,0.4903475628234735,0.9960150578381699,58,5,2026-04-02
BSX/PFE,BSX,PFE,stable_signal_quick_exit,14166.04244646895,0.9663189041514108,0.4903475628234735,0.9999999897724544,52,5,2026-04-02
AIG/CFG,AIG,CFG,stable_signal_quick_exit,-6687.980651499785,-0.6573818216262808,0.4903475628234735,1.1974715533359762e-15,56,5,2026-04-02
AKAM/KEYS,AKAM,KEYS,stable_signal_quick_exit,-6300.089999999964,-0.4028636280772865,0.4903475628234735,1.001867631258096e-12,52,5,2026-04-02
TXT/YUM,TXT,YUM,stable_signal_quick_exit,5168.662648787883,0.582212592238165,0.4903475628234735,0.9999999999985155,58,5,2026-04-02
BIIB/HCA,BIIB,HCA,stable_signal_quick_exit,3956.900785225459,0.32839891676320093,0.4903475628234735,0.9999962046432648,64,5,2026-04-02
RTX/SNA,RTX,SNA,stable_signal_quick_exit,8050.366963548993,1.1344746256905045,0.4903475628234735,1.0,46,5,2026-04-02
ATO/PCG,ATO,PCG,stable_signal_quick_exit,266.3861079504184,0.03336147530533534,0.4903475628234735,0.09607102634803016,40,5,2026-04-02
AIG/L,AIG,L,stable_signal_quick_exit,-4821.287984376423,-0.6903505508076861,0.4903475628234735,1.0145359476322305e-10,56,5,2026-04-02
AON/KKR,AON,KKR,stable_signal_quick_exit,-2820.245002735823,-0.21411267197390635,0.4903475628234735,4.689796911602537e-08,52,5,2026-04-02
CDNS/PTC,CDNS,PTC,stable_signal_quick_exit,-740.3600000000399,-0.06488878529443849,0.4903475628234735,0.0005171295381987979,58,5,2026-04-02
HAS/YUM,HAS,YUM,deep_entry_quick_exit,12164.77739812218,2.093946664086843,0.4583783330225312,0.9999999999999948,24,5,2026-04-02
CSCO/PAYC,CSCO,PAYC,deep_entry_quick_exit,-5616.140484393964,-0.4709641112098962,0.4583783330225312,1.1313772329231346e-07,28,5,2026-04-02
UNP/VLTO,UNP,VLTO,deep_entry_quick_exit,1656.198770863679,0.1793851646964277,0.4583783330225312,0.8530329919268889,28,5,2026-04-02
CME/DE,CME,DE,deep_entry_quick_exit,5204.380620065022,0.7488583566496089,0.4583783330225312,0.9999999570910975,30,5,2026-04-02
EXR/WY,EXR,WY,deep_entry_quick_exit,418.2738581050203,0.07857460233742287,0.4583783330225312,0.3463637680041354,20,5,2026-04-02
BSX/PFE,BSX,PFE,deep_entry_quick_exit,4692.743935666142,0.4230033237965009,0.4583783330225312,0.9997524444938096,36,5,2026-04-02
AIG/CFG,AIG,CFG,deep_entry_quick_exit,-354.8187006511066,-0.038879923618582744,0.4583783330225312,0.0013395941572880818,34,5,2026-04-02
AKAM/KEYS,AKAM,KEYS,deep_entry_quick_exit,9816.199999999986,0.6828562358241916,0.4583783330225312,0.9999944877267051,20,5,2026-04-02
TXT/YUM,TXT,YUM,deep_entry_quick_exit,1836.796675228588,0.2459334185623764,0.4583783330225312,0.9989953594033509,28,5,2026-04-02
BIIB/HCA,BIIB,HCA,deep_entry_quick_exit,293.805110723526,0.03432716517804161,0.4583783330225312,0.08912620356787887,28,5,2026-04-02
RTX/SNA,RTX,SNA,deep_entry_quick_exit,2489.512886483938,0.4871675602253903,0.4583783330225312,0.9999992898289394,20,5,2026-04-02
ATO/PCG,ATO,PCG,deep_entry_quick_exit,-3857.303230771371,-0.6314118789653199,0.4583783330225312,2.940199330973661e-10,30,5,2026-04-02
AIG/L,AIG,L,deep_entry_quick_exit,-1435.073396696806,-0.3237822514095098,0.4583783330225312,5.4638993966864456e-12,20,5,2026-04-02
AON/KKR,AON,KKR,deep_entry_quick_exit,6852.783807946902,0.7333842994808689,0.4583783330225312,0.9999999951666334,26,5,2026-04-02
CDNS/PTC,CDNS,PTC,deep_entry_quick_exit,14330.88999999999,1.3516261144170179,0.4583783330225312,0.999999602079981,28,5,2026-04-02
HAS/YUM,HAS,YUM,vol_adaptive,11031.72841214909,0.8234204572291944,0.3782480843108985,0.9999995372038788,72,5,2026-04-02
CSCO/PAYC,CSCO,PAYC,vol_adaptive,53.92575031730576,0.00337422219187954,0.3782480843108985,0.02155395535497026,62,5,2026-04-02
UNP/VLTO,UNP,VLTO,vol_adaptive,-6200.291484781872,-0.6055904289606509,0.3782480843108985,3.0719901755264024e-13,80,5,2026-04-02
CME/DE,CME,DE,vol_adaptive,17010.76079040219,1.2872130093105985,0.3782480843108985,0.9999999998986588,74,5,2026-04-02
EXR/WY,EXR,WY,vol_adaptive,11034.1481760393,0.9138081745139609,0.3782480843108985,1.0,76,5,2026-04-02
BSX/PFE,BSX,PFE,vol_adaptive,14419.90319668696,0.9539532207321304,0.3782480843108985,0.9999999999985346,78,5,2026-04-02
AIG/CFG,AIG,CFG,vol_adaptive,-376.9235884725595,-0.03642669561067737,0.3782480843108985,0.0019894477843199103,74,5,2026-04-02
AKAM/KEYS,AKAM,KEYS,vol_adaptive,2276.159999999988,0.18522145651440522,0.3782480843108985,0.9620353707893382,66,5,2026-04-02
TXT/YUM,TXT,YUM,vol_adaptive,4783.938722297367,0.4832790608428546,0.3782480843108985,0.999999999957981,82,5,2026-04-02
BIIB/HCA,BIIB,HCA,vol_adaptive,3552.480235178237,0.2650444837103014,0.3782480843108985,0.9994243361252729,98,5,2026-04-02
RTX/SNA,RTX,SNA,vol_adaptive,3701.20053623875,0.44498153845184524,0.3782480843108985,0.9999999997215122,62,5,2026-04-02
ATO/PCG,ATO,PCG,vol_adaptive,-5928.26914716494,-0.6247705517188505,0.3782480843108985,1.8528551794541693e-32,58,5,2026-04-02
AIG/L,AIG,L,vol_adaptive,-5866.598294444995,-0.6837236896083368,0.3782480843108985,7.159553941289983e-12,72,5,2026-04-02
AON/KKR,AON,KKR,vol_adaptive,258.0880137802643,0.016625427109690782,0.3782480843108985,0.03991994337798784,78,5,2026-04-02
CDNS/PTC,CDNS,PTC,vol_adaptive,1075.130000000001,0.0836125003807807,0.3782480843108985,0.3904351789276296,86,5,2026-04-02
HAS/YUM,HAS,YUM,deep_dislocation,21439.97094000325,1.8121864061950075,0.2578603497709946,0.9999999964295551,24,5,2026-04-02
CSCO/PAYC,CSCO,PAYC,deep_dislocation,1898.218500673726,0.11720279827961567,0.2578603497709946,0.7098498466657657,26,5,2026-04-02
UNP/VLTO,UNP,VLTO,deep_dislocation,-4890.034865794069,-0.3699239167989744,0.2578603497709946,4.8235088916244107e-11,28,5,2026-04-02
CME/DE,CME,DE,deep_dislocation,7054.388905520661,0.677062269631994,0.2578603497709946,0.999999920166183,28,5,2026-04-02
EXR/WY,EXR,WY,deep_dislocation,-3474.107040686607,-0.2833829196793248,0.2578603497709946,2.6043334439708605e-10,24,5,2026-04-02
BSX/PFE,BSX,PFE,deep_dislocation,6780.07388439454,0.471586594754298,0.2578603497709946,0.9999997877367359,40,5,2026-04-02
AIG/CFG,AIG,CFG,deep_dislocation,-14073.44881272659,-0.8738253399159219,0.2578603497709946,9.987488641989962e-27,36,5,2026-04-02
AKAM/KEYS,AKAM,KEYS,deep_dislocation,-220.970000000003,-0.014089220576300387,0.2578603497709946,0.0090033295984606,18,5,2026-04-02
TXT/YUM,TXT,YUM,deep_dislocation,536.4768963299557,0.04735904569510463,0.2578603497709946,0.14211293465744024,28,5,2026-04-02
BIIB/HCA,BIIB,HCA,deep_dislocation,4145.158649549248,0.3147152838600112,0.2578603497709946,0.999807949504396,24,5,2026-04-02
RTX/SNA,RTX,SNA,deep_dislocation,2659.649353646284,0.33447653260866006,0.2578603497709946,0.999973775747499,18,5,2026-04-02
ATO/PCG,ATO,PCG,deep_dislocation,-4301.892346177231,-0.29046669423796984,0.2578603497709946,3.16461727475537e-14,32,5,2026-04-02
AIG/L,AIG,L,deep_dislocation,648.4009504283999,0.09123920986697452,0.2578603497709946,0.4605959032712653,20,5,2026-04-02
AON/KKR,AON,KKR,deep_dislocation,5981.78485162031,0.34605848416407714,0.2578603497709946,0.9997184321045574,26,5,2026-04-02
CDNS/PTC,CDNS,PTC,deep_dislocation,20554.32999999999,1.2465536675594202,0.2578603497709946,0.9999999242841745,28,5,2026-04-02
HAS/YUM,HAS,YUM,static_threshold,10484.05635908625,0.7952188476042173,0.078160578208418,1.0,96,5,2026-04-02
CSCO/PAYC,CSCO,PAYC,static_threshold,-1652.352826511216,-0.0927272011887591,0.078160578208418,3.042540518257176e-05,114,5,2026-04-02
UNP/VLTO,UNP,VLTO,static_threshold,4431.674334394448,0.35298305213503284,0.078160578208418,0.9994042251560621,106,5,2026-04-02
CME/DE,CME,DE,static_threshold,24310.89330358279,1.5388699701778155,0.078160578208418,0.9999999999999999,142,5,2026-04-02
EXR/WY,EXR,WY,static_threshold,6455.740242560364,0.5540040492197459,0.078160578208418,1.0,82,5,2026-04-02
BSX/PFE,BSX,PFE,static_threshold,9652.805364292875,0.6506339544391309,0.078160578208418,0.9999999999376479,90,5,2026-04-02
AIG/CFG,AIG,CFG,static_threshold,-22410.69497099583,-1.4360275259524202,0.078160578208418,2.2198336828028753e-32,96,5,2026-04-02
AKAM/KEYS,AKAM,KEYS,static_threshold,-1748.199999999964,-0.07530265397430028,0.078160578208418,0.0003249410702564968,86,5,2026-04-02
TXT/YUM,TXT,YUM,static_threshold,2607.710295453243,0.18573327345722646,0.078160578208418,0.9578475233306696,108,5,2026-04-02
BIIB/HCA,BIIB,HCA,static_threshold,13514.4455877804,0.9185728256140535,0.078160578208418,1.0,120,5,2026-04-02
RTX/SNA,RTX,SNA,static_threshold,15065.21002575069,1.1187333838131073,0.078160578208418,0.9999998876501679,110,5,2026-04-02
ATO/PCG,ATO,PCG,static_threshold,-13116.81737786656,-1.019562129383717,0.078160578208418,3.196650428047826e-30,100,5,2026-04-02
AIG/L,AIG,L,static_threshold,-8975.723959276518,-1.116258971051424,0.078160578208418,1.7307921401428306e-20,94,5,2026-04-02
AON/KKR,AON,KKR,static_threshold,-6448.909143610579,-0.2755446588855566,0.078160578208418,1.16318519333317e-09,104,5,2026-04-02
CDNS/PTC,CDNS,PTC,static_threshold,3285.979999999973,0.26281586703211335,0.078160578208418,0.9998718474643163,88,5,2026-04-02
HAS/YUM,HAS,YUM,slow_reentry,10576.84319690215,0.7732095622005837,-0.0045768274899588,0.999705521975194,50,5,2026-04-02
CSCO/PAYC,CSCO,PAYC,slow_reentry,15576.96546490704,1.2291298473890264,-0.0045768274899588,0.9999999997425788,58,5,2026-04-02
UNP/VLTO,UNP,VLTO,slow_reentry,-2175.404661123735,-0.22409839492673828,-0.0045768274899588,1.7934854707448553e-16,52,5,2026-04-02
CME/DE,CME,DE,slow_reentry,4732.345442446716,0.4848780276451778,-0.0045768274899588,0.9999999983475313,64,5,2026-04-02
EXR/WY,EXR,WY,slow_reentry,489.2259141322747,0.04783108744911861,-0.0045768274899588,0.1288600612846036,58,5,2026-04-02
BSX/PFE,BSX,PFE,slow_reentry,-8564.9460751127,-0.4383482375886447,-0.0045768274899588,8.157779723807236e-09,52,5,2026-04-02
AIG/CFG,AIG,CFG,slow_reentry,4400.700633002079,0.41998041659530544,-0.0045768274899588,0.9999999992387301,60,5,2026-04-02
AKAM/KEYS,AKAM,KEYS,slow_reentry,-1391.609999999977,-0.09782866875967414,-0.0045768274899588,0.000645422984713736,44,5,2026-04-02
TXT/YUM,TXT,YUM,slow_reentry,602.1934344974516,0.06907400476230673,-0.0045768274899588,0.2809034564064252,70,5,2026-04-02
BIIB/HCA,BIIB,HCA,slow_reentry,6095.469750724107,0.4829750831648894,-0.0045768274899588,0.999999999936913,62,5,2026-04-02
RTX/SNA,RTX,SNA,slow_reentry,5617.671970412384,0.7475107041665623,-0.0045768274899588,0.999999999762057,54,5,2026-04-02
ATO/PCG,ATO,PCG,slow_reentry,-1584.162427694201,-0.1967990558514315,-0.0045768274899588,1.2872691162034168e-11,48,5,2026-04-02
AIG/L,AIG,L,slow_reentry,-7517.862753143652,-1.6784400058045437,-0.0045768274899588,3.1728130005083535e-24,40,5,2026-04-02
AON/KKR,AON,KKR,slow_reentry,5522.095887631718,0.43760528765487067,-0.0045768274899588,0.9999999999915954,52,5,2026-04-02
CDNS/PTC,CDNS,PTC,slow_reentry,-1172.340000000013,-0.10921083967212039,-0.0045768274899588,7.231544780871517e-05,54,5,2026-04-02
HAS/YUM,HAS,YUM,flash_hold,12584.10374604179,1.8438681779642956,-0.1100208546515002,1.0,144,5,2026-04-02
CSCO/PAYC,CSCO,PAYC,flash_hold,8661.596507229304,0.863795472371806,-0.1100208546515002,0.999999999999999,144,5,2026-04-02
UNP/VLTO,UNP,VLTO,flash_hold,-87.94071641190749,-0.014540992428199033,-0.1100208546515002,0.006787093141556311,150,5,2026-04-02
CME/DE,CME,DE,flash_hold,1906.800324809207,0.25396422799044277,-0.1100208546515002,0.9999155705292588,136,5,2026-04-02
EXR/WY,EXR,WY,flash_hold,4076.607710929203,0.6751453958726642,-0.1100208546515002,1.0,176,5,2026-04-02
BSX/PFE,BSX,PFE,flash_hold,-2674.53058125532,-0.2557189031394326,-0.1100208546515002,2.0959165196149268e-15,168,5,2026-04-02
AIG/CFG,AIG,CFG,flash_hold,-7808.99700316576,-1.0624759156880423,-0.1100208546515002,4.785861670813241e-34,180,5,2026-04-02
AKAM/KEYS,AKAM,KEYS,flash_hold,-1581.499999999955,-0.17070469204111968,-0.1100208546515002,3.871686466024056e-07,122,5,2026-04-02
TXT/YUM,TXT,YUM,flash_hold,1977.068301208383,0.31672237564951433,-0.1100208546515002,0.9999815404770809,150,5,2026-04-02
BIIB/HCA,BIIB,HCA,flash_hold,8618.751294621556,1.0718678045965433,-0.1100208546515002,1.0,148,5,2026-04-02
RTX/SNA,RTX,SNA,flash_hold,5846.978896515788,0.7971098733225822,-0.1100208546515002,0.9999999982528414,148,5,2026-04-02
ATO/PCG,ATO,PCG,flash_hold,1802.63553841595,0.2900460776258962,-0.1100208546515002,0.999855731219992,184,5,2026-04-02
AIG/L,AIG,L,flash_hold,-86.2365937076529,-0.02042320635951774,-0.1100208546515002,0.005954850032697371,162,5,2026-04-02
AON/KKR,AON,KKR,flash_hold,270.622376591477,0.025435547366354373,-0.1100208546515002,0.060990218474615145,160,5,2026-04-02
CDNS/PTC,CDNS,PTC,flash_hold,-4979.409999999989,-0.5467204554936336,-0.1100208546515002,1.0591431644075755e-12,146,5,2026-04-02
HAS/YUM,HAS,YUM,vol_agnostic,5677.496419678455,0.3419256977918801,-0.1906772563789507,0.9990025148514966,102,5,2026-04-02
CSCO/PAYC,CSCO,PAYC,vol_agnostic,4901.101817596068,0.26759132667483515,-0.1906772563789507,0.9995492386205895,108,5,2026-04-02
UNP/VLTO,UNP,VLTO,vol_agnostic,-3219.073145208149,-0.26576870277518905,-0.1906772563789507,1.1824982342651392e-18,100,5,2026-04-02
CME/DE,CME,DE,vol_agnostic,16684.90330192588,1.138706078821987,-0.1906772563789507,1.0,132,5,2026-04-02
EXR/WY,EXR,WY,vol_agnostic,12451.38035725994,0.856294930851051,-0.1906772563789507,1.0,90,5,2026-04-02
BSX/PFE,BSX,PFE,vol_agnostic,4518.624269739753,0.21256285554784152,-0.1906772563789507,0.9209555244893026,88,5,2026-04-02
AIG/CFG,AIG,CFG,vol_agnostic,-17536.78622971299,-1.113872709961836,-0.1906772563789507,1.2287887333782582e-42,98,5,2026-04-02
AKAM/KEYS,AKAM,KEYS,vol_agnostic,-9496.799999999937,-0.43790151130866156,-0.1906772563789507,4.092867427547647e-09,76,5,2026-04-02
TXT/YUM,TXT,YUM,vol_agnostic,-7764.672300892826,-0.5692783683485702,-0.1906772563789507,1.325339053282436e-26,100,5,2026-04-02
BIIB/HCA,BIIB,HCA,vol_agnostic,18585.17527595071,1.1009826685268536,-0.1906772563789507,1.0,126,5,2026-04-02
RTX/SNA,RTX,SNA,vol_agnostic,9167.841073265216,0.6614511869559816,-0.1906772563789507,0.9999999492250878,102,5,2026-04-02
ATO/PCG,ATO,PCG,vol_agnostic,-11272.98800222238,-0.8148686260234885,-0.1906772563789507,4.470003231945615e-34,72,5,2026-04-02
AIG/L,AIG,L,vol_agnostic,-13562.43540049928,-1.5549673800020738,-0.1906772563789507,1.244262701245414e-24,90,5,2026-04-02
AON/KKR,AON,KKR,vol_agnostic,2489.506521040307,0.10117487516138526,-0.1906772563789507,0.5459917369703365,112,5,2026-04-02
CDNS/PTC,CDNS,PTC,vol_agnostic,5217.509999999967,0.40372376526905207,-0.1906772563789507,0.9999999974870156,80,5,2026-04-02
HAS/YUM,HAS,YUM,fast_signal,-2060.642990979977,-0.167423607627042,-0.3913612320537241,8.192537360422713e-11,80,5,2026-04-02
CSCO/PAYC,CSCO,PAYC,fast_signal,9877.38216297252,0.6807964732683738,-0.3913612320537241,0.999999999860514,78,5,2026-04-02
UNP/VLTO,UNP,VLTO,fast_signal,-9243.78726285989,-0.8417204934987073,-0.3913612320537241,4.2433499252246693e-16,92,5,2026-04-02
CME/DE,CME,DE,fast_signal,2971.710123720371,0.28929712670126323,-0.3913612320537241,0.9998304717753614,68,5,2026-04-02
EXR/WY,EXR,WY,fast_signal,-906.8447738903524,-0.08397975896616726,-0.3913612320537241,6.038586540138666e-05,96,5,2026-04-02
BSX/PFE,BSX,PFE,fast_signal,4186.826743118823,0.2651781857357482,-0.3913612320537241,0.9999277923679514,86,5,2026-04-02
AIG/CFG,AIG,CFG,fast_signal,-19184.51217422301,-1.8021521413164907,-0.3913612320537241,1.3272523529136806e-32,98,5,2026-04-02
AKAM/KEYS,AKAM,KEYS,fast_signal,-5502.74,-0.502345541768958,-0.3913612320537241,1.262228812291935e-17,72,5,2026-04-02
TXT/YUM,TXT,YUM,fast_signal,-164.4843094607968,-0.017221909269385445,-0.3913612320537241,0.006108706727153647,80,5,2026-04-02
BIIB/HCA,BIIB,HCA,fast_signal,3252.67778703028,0.3145144750093275,-0.3913612320537241,0.9999439594717588,72,5,2026-04-02
RTX/SNA,RTX,SNA,fast_signal,8498.632166587122,1.0352329845621133,-0.3913612320537241,0.9999999981476784,62,5,2026-04-02
ATO/PCG,ATO,PCG,fast_signal,4180.453008116598,0.41246238562368165,-0.3913612320537241,0.9999996424474303,84,5,2026-04-02
AIG/L,AIG,L,fast_signal,-658.136716034212,-0.08192298227894508,-0.3913612320537241,6.516542113396968e-06,66,5,2026-04-02
AON/KKR,AON,KKR,fast_signal,17419.50253548682,0.9629267478697292,-0.3913612320537241,0.9999999999999958,86,5,2026-04-02
CDNS/PTC,CDNS,PTC,fast_signal,203.4900000000134,0.019079401842105603,-0.3913612320537241,0.04284568674611043,78,5,2026-04-02
HAS/YUM,HAS,YUM,fast_reentry,11927.32839587114,0.8609437531425613,-0.4111397484746434,0.9998375544351883,56,5,2026-04-02
CSCO/PAYC,CSCO,PAYC,fast_reentry,2923.043620056827,0.21261771377089866,-0.4111397484746434,0.9964937727871936,70,5,2026-04-02
UNP/VLTO,UNP,VLTO,fast_reentry,-2949.045263487713,-0.2929254258887235,-0.4111397484746434,3.4230403337341702e-18,66,5,2026-04-02
CME/DE,CME,DE,fast_reentry,4723.45216111121,0.47584676386895963,-0.4111397484746434,0.9999999976108791,66,5,2026-04-02
EXR/WY,EXR,WY,fast_reentry,-4779.80213442855,-0.5325040637449832,-0.4111397484746434,2.4082270010494706e-19,68,5,2026-04-02
BSX/PFE,BSX,PFE,fast_reentry,-7938.801548598053,-0.5446603440820058,-0.4111397484746434,3.147099529332628e-10,70,5,2026-04-02
AIG/CFG,AIG,CFG,fast_reentry,4020.822971727999,0.3481724151503082,-0.4111397484746434,0.9999947043616271,78,5,2026-04-02
AKAM/KEYS,AKAM,KEYS,fast_reentry,-4211.969999999994,-0.3438597427688155,-0.4111397484746434,1.4444543315347017e-09,54,5,2026-04-02
TXT/YUM,TXT,YUM,fast_reentry,-2590.958287311405,-0.2800412959005495,-0.4111397484746434,1.6395542895640834e-15,78,5,2026-04-02
BIIB/HCA,BIIB,HCA,fast_reentry,2035.510544991163,0.16103302591311353,-0.4111397484746434,0.9183633455441509,70,5,2026-04-02
RTX/SNA,RTX,SNA,fast_reentry,8846.129934858896,1.2887314871434408,-0.4111397484746434,1.0,60,5,2026-04-02
ATO/PCG,ATO,PCG,fast_reentry,4914.376334038179,0.46423544034550757,-0.4111397484746434,0.9999999575314721,80,5,2026-04-02
AIG/L,AIG,L,fast_reentry,-5851.988327489124,-0.9586043088093061,-0.4111397484746434,1.4659743407868412e-31,66,5,2026-04-02
AON/KKR,AON,KKR,fast_reentry,1586.56257150943,0.10916258953391732,-0.4111397484746434,0.6110319837219118,66,5,2026-04-02
CDNS/PTC,CDNS,PTC,fast_reentry,-85.98000000002139,-0.007575988994910815,-0.4111397484746434,0.01243594870575651,58,5,2026-04-02
HAS/YUM,HAS,YUM,medium_signal_high_leverage,18203.93984319008,1.064024275830592,-0.4229243204128702,0.9999999999999675,58,5,2026-04-02
CSCO/PAYC,CSCO,PAYC,medium_signal_high_leverage,4427.629567397049,0.20074013886139527,-0.4229243204128702,0.971886385784093,54,5,2026-04-02
UNP/VLTO,UNP,VLTO,medium_signal_high_leverage,-1563.125054537595,-0.09938171903387999,-0.4229243204128702,8.936900317265097e-08,58,5,2026-04-02
CME/DE,CME,DE,medium_signal_high_leverage,16857.12300191549,1.0427328374654863,-0.4229243204128702,1.0,68,5,2026-04-02
EXR/WY,EXR,WY,medium_signal_high_leverage,-999.172238076143,-0.05797260330944949,-0.4229243204128702,0.000899596906148604,64,5,2026-04-02
BSX/PFE,BSX,PFE,medium_signal_high_leverage,-2066.231829733939,-0.12521538453762565,-0.4229243204128702,9.569449054106488e-07,58,5,2026-04-02
AIG/CFG,AIG,CFG,medium_signal_high_leverage,-28434.23214605128,-1.45026368896603,-0.4229243204128702,2.589943141791134e-25,66,5,2026-04-02
AKAM/KEYS,AKAM,KEYS,medium_signal_high_leverage,-36.39999999996508,-0.0019360307441217354,-0.4229243204128702,0.016212220135984303,50,5,2026-04-02
TXT/YUM,TXT,YUM,medium_signal_high_leverage,8236.585695743708,0.5875957817063951,-0.4229243204128702,0.999999999999917,64,5,2026-04-02
BIIB/HCA,BIIB,HCA,medium_signal_high_leverage,9882.965139574731,0.5198954955765717,-0.4229243204128702,0.9999999999869504,68,5,2026-04-02
RTX/SNA,RTX,SNA,medium_signal_high_leverage,-1243.620325541797,-0.10536320571792934,-0.4229243204128702,1.496773265423809e-06,58,5,2026-04-02
ATO/PCG,ATO,PCG,medium_signal_high_leverage,-5810.443899646185,-0.35731024113749893,-0.4229243204128702,3.3030472156856905e-19,50,5,2026-04-02
AIG/L,AIG,L,medium_signal_high_leverage,-9898.880014509094,-0.9639702856552951,-0.4229243204128702,1.836317502715166e-11,56,5,2026-04-02
AON/KKR,AON,KKR,medium_signal_high_leverage,-7157.617581746598,-0.28053689084492356,-0.4229243204128702,5.116825588716905e-13,58,5,2026-04-02
CDNS/PTC,CDNS,PTC,medium_signal_high_leverage,-1418.439999999989,-0.07822276838851501,-0.4229243204128702,0.00020954344196230375,60,5,2026-04-02
HAS/YUM,HAS,YUM,slow_signal,3452.897309230017,0.505878729257767,-0.570217724293342,0.999999999998745,48,5,2026-04-02
CSCO/PAYC,CSCO,PAYC,slow_signal,3330.587012279996,0.2185559365197714,-0.570217724293342,0.9931052913333488,38,5,2026-04-02
UNP/VLTO,UNP,VLTO,slow_signal,-657.8610924165237,-0.07213140993958697,-0.570217724293342,3.6524014176419217e-06,34,5,2026-04-02
CME/DE,CME,DE,slow_signal,14758.62059441983,1.9164912719208846,-0.570217724293342,0.999999999975865,40,5,2026-04-02
EXR/WY,EXR,WY,slow_signal,13896.88908731298,1.7044972898559125,-0.570217724293342,1.0,40,5,2026-04-02
BSX/PFE,BSX,PFE,slow_signal,6137.350164142157,0.5409995115030062,-0.570217724293342,0.9999943869362035,44,5,2026-04-02
AIG/CFG,AIG,CFG,slow_signal,-12571.43306671928,-1.7632896144891113,-0.570217724293342,5.666909256472738e-16,44,5,2026-04-02
AKAM/KEYS,AKAM,KEYS,slow_signal,-20216.57,-1.027410028465721,-0.570217724293342,8.872665177185504e-08,40,5,2026-04-02
TXT/YUM,TXT,YUM,slow_signal,-1971.964956445814,-0.2370990801276284,-0.570217724293342,1.517566139915631e-14,46,5,2026-04-02
BIIB/HCA,BIIB,HCA,slow_signal,10269.43902427913,1.1146360907358692,-0.570217724293342,0.9999999999999429,36,5,2026-04-02
RTX/SNA,RTX,SNA,slow_signal,3940.237824744744,0.6051154570933901,-0.570217724293342,0.9999997532512469,40,5,2026-04-02
ATO/PCG,ATO,PCG,slow_signal,-12828.73097990326,-1.2268153389845293,-0.570217724293342,8.899929138871634e-29,56,5,2026-04-02
AIG/L,AIG,L,slow_signal,-4290.869813298216,-0.9373638004327576,-0.570217724293342,4.6805535421306563e-23,46,5,2026-04-02
AON/KKR,AON,KKR,slow_signal,5412.260195156448,0.45930021320328507,-0.570217724293342,0.999999999897458,44,5,2026-04-02
CDNS/PTC,CDNS,PTC,slow_signal,-2259.480000000035,-0.2540604648886247,-0.570217724293342,7.932094934038458e-07,42,5,2026-04-02
HAS/YUM,HAS,YUM,short_z_long_v,3923.167162043093,0.35480196347032794,-0.6025374907001598,0.9998807719649846,54,5,2026-04-02
CSCO/PAYC,CSCO,PAYC,short_z_long_v,-1872.980583591801,-0.14462758393782724,-0.6025374907001598,1.1982469925668816e-05,50,5,2026-04-02
UNP/VLTO,UNP,VLTO,short_z_long_v,-2491.113899543909,-0.24457921699469454,-0.6025374907001598,1.3714068186393386e-12,50,5,2026-04-02
CME/DE,CME,DE,short_z_long_v,16409.80107929754,1.4149095140770331,-0.6025374907001598,0.9999999745750415,68,5,2026-04-02
EXR/WY,EXR,WY,short_z_long_v,5322.772118164278,0.5586945978376925,-0.6025374907001598,0.9999998216899495,70,5,2026-04-02
BSX/PFE,BSX,PFE,short_z_long_v,7114.859121036906,0.6390175931562565,-0.6025374907001598,0.9999999999693787,72,5,2026-04-02
AIG/CFG,AIG,CFG,short_z_long_v,-18526.92597925941,-1.7819696526999649,-0.6025374907001598,6.3619415250959965e-12,70,5,2026-04-02
AKAM/KEYS,AKAM,KEYS,short_z_long_v,-9856.620000000017,-0.5431908352233822,-0.6025374907001598,1.5476179428975755e-06,58,5,2026-04-02
TXT/YUM,TXT,YUM,short_z_long_v,-7462.803403716851,-0.7489924909927516,-0.6025374907001598,9.504245966399527e-15,66,5,2026-04-02
BIIB/HCA,BIIB,HCA,short_z_long_v,13343.69944411399,1.214828417384915,-0.6025374907001598,1.0,60,5,2026-04-02
RTX/SNA,RTX,SNA,short_z_long_v,3408.066794156171,0.3796309704233166,-0.6025374907001598,0.9997747792000231,56,5,2026-04-02
ATO/PCG,ATO,PCG,short_z_long_v,-8108.168318381688,-0.770595403606024,-0.6025374907001598,1.7570665322856327e-24,84,5,2026-04-02
AIG/L,AIG,L,short_z_long_v,-3975.041518168845,-0.6957479376998484,-0.6025374907001598,5.845565171615512e-26,72,5,2026-04-02
AON/KKR,AON,KKR,short_z_long_v,3356.328586649555,0.22143704119340382,-0.6025374907001598,0.9959610214735236,76,5,2026-04-02
CDNS/PTC,CDNS,PTC,short_z_long_v,3574.73000000003,0.39107661587302023,-0.6025374907001598,0.9999947300704496,60,5,2026-04-02
HAS/YUM,HAS,YUM,high_leverage,15096.91334292646,0.7230568233968526,-0.6183883251587184,0.9998150954238476,52,5,2026-04-02
CSCO/PAYC,CSCO,PAYC,high_leverage,-5642.240190399575,-0.2739163778866232,-0.6183883251587184,6.47560404796086e-10,68,5,2026-04-02
UNP/VLTO,UNP,VLTO,high_leverage,-3240.138329382498,-0.21842599709012112,-0.6183883251587184,5.723966421362722e-16,58,5,2026-04-02
CME/DE,CME,DE,high_leverage,7121.544803603871,0.48004564959919094,-0.6183883251587184,0.9999999980808962,66,5,2026-04-02
EXR/WY,EXR,WY,high_leverage,7549.043483469588,0.4168259566041806,-0.6183883251587184,0.9999999999158319,74,5,2026-04-02
BSX/PFE,BSX,PFE,high_leverage,13526.8787207206,0.45191057165860576,-0.6183883251587184,0.9947477182381639,66,5,2026-04-02
AIG/CFG,AIG,CFG,high_leverage,-26425.73353725287,-1.3144762580239233,-0.6183883251587184,9.26756060546095e-30,76,5,2026-04-02
AKAM/KEYS,AKAM,KEYS,high_leverage,-8698.419999999998,-0.5079678556669063,-0.6183883251587184,2.0180353431951563e-10,46,5,2026-04-02
TXT/YUM,TXT,YUM,high_leverage,-2618.057071603582,-0.17899820731799151,-0.6183883251587184,3.5178421418600227e-09,72,5,2026-04-02
BIIB/HCA,BIIB,HCA,high_leverage,1527.891208484846,0.08264561531551592,-0.6183883251587184,0.3837106788677278,58,5,2026-04-02
RTX/SNA,RTX,SNA,high_leverage,5393.901538182598,0.4102709463530511,-0.6183883251587184,0.9997806133666295,62,5,2026-04-02
ATO/PCG,ATO,PCG,high_leverage,-5483.351931052624,-0.347181545545854,-0.6183883251587184,8.646151120427934e-17,52,5,2026-04-02
AIG/L,AIG,L,high_leverage,-13991.84975794364,-1.7338808707264162,-0.6183883251587184,2.4326245580354255e-32,48,5,2026-04-02
AON/KKR,AON,KKR,high_leverage,3142.542358896764,0.14393055293543322,-0.6183883251587184,0.8489386976094135,56,5,2026-04-02
CDNS/PTC,CDNS,PTC,high_leverage,-3673.350000000042,-0.2300808368177463,-0.6183883251587184,4.233696548535931e-07,52,5,2026-04-02
HAS/YUM,HAS,YUM,default,11506.90177181279,0.8465942883282079,-0.632286190176505,0.9998000471414711,54,5,2026-04-02
CSCO/PAYC,CSCO,PAYC,default,2990.632294681302,0.23136297660269162,-0.632286190176505,0.9982047294832654,66,5,2026-04-02
UNP/VLTO,UNP,VLTO,default,-314.0755888088852,-0.032469079953843086,-0.632286190176505,0.0010896796049326004,58,5,2026-04-02
CME/DE,CME,DE,default,4661.967311503694,0.4745483207339118,-0.632286190176505,0.9999999975124793,66,5,2026-04-02
EXR/WY,EXR,WY,default,538.2200675694967,0.05093152554755733,-0.632286190176505,0.1445753843416132,66,5,2026-04-02
BSX/PFE,BSX,PFE,default,-113.639694890946,-0.0057515498882051265,-0.632286190176505,0.011881759860631858,66,5,2026-04-02
AIG/CFG,AIG,CFG,default,566.999012082616,0.05494547115335612,-0.632286190176505,0.18379088240516794,72,5,2026-04-02
AKAM/KEYS,AKAM,KEYS,default,-7718.389999999991,-0.6898395665654388,-0.632286190176505,2.0351198445371592e-10,52,5,2026-04-02
TXT/YUM,TXT,YUM,default,-1585.552606113908,-0.17929771621454105,-0.632286190176505,1.3818904918082455e-09,72,5,2026-04-02
BIIB/HCA,BIIB,HCA,default,-380.3862288952882,-0.031546047955695114,-0.632286190176505,0.0028664310726934697,66,5,2026-04-02
RTX/SNA,RTX,SNA,default,3636.333246237009,0.41787071716026747,-0.632286190176505,0.9998282087433075,62,5,2026-04-02
ATO/PCG,ATO,PCG,default,-2663.696402566064,-0.2927258228042552,-0.632286190176505,3.034424681389413e-13,60,5,2026-04-02
AIG/L,AIG,L,default,-9728.586512655598,-1.8915517691820074,-0.632286190176505,2.0026347479340292e-25,46,5,2026-04-02
AON/KKR,AON,KKR,default,1326.25629039737,0.09457000417765433,-0.632286190176505,0.48627481267276773,56,5,2026-04-02
CDNS/PTC,CDNS,PTC,default,-2240.660000000021,-0.20975349207836855,-0.632286190176505,7.791084158582174e-07,54,5,2026-04-02
HAS/YUM,HAS,YUM,fast_signal_tight_stop,-7999.703608690244,-0.7552625995908029,-0.6436303881896658,9.722524248078246e-09,68,5,2026-04-02
CSCO/PAYC,CSCO,PAYC,fast_signal_tight_stop,1140.235564407041,0.08211940763933503,-0.6436303881896658,0.37725668229340314,66,5,2026-04-02
UNP/VLTO,UNP,VLTO,fast_signal_tight_stop,-2751.049144472616,-0.2816567781883734,-0.6436303881896658,7.622030844426892e-15,88,5,2026-04-02
CME/DE,CME,DE,fast_signal_tight_stop,922.1973165217323,0.09427745335939124,-0.6436303881896658,0.4842894904779375,66,5,2026-04-02
EXR/WY,EXR,WY,fast_signal_tight_stop,2148.527074234891,0.2547394608766172,-0.6436303881896658,0.999728946556844,86,5,2026-04-02
BSX/PFE,BSX,PFE,fast_signal_tight_stop,-4275.831988551871,-0.36913997275625,-0.6436303881896658,1.0373637488966464e-12,78,5,2026-04-02
AIG/CFG,AIG,CFG,fast_signal_tight_stop,-7166.527929504314,-0.7645798084212461,-0.6436303881896658,1.0793476360195726e-24,80,5,2026-04-02
AKAM/KEYS,AKAM,KEYS,fast_signal_tight_stop,-14748.78000000003,-1.15838618402172,-0.6436303881896658,2.3352827659732583e-09,66,5,2026-04-02
TXT/YUM,TXT,YUM,fast_signal_tight_stop,1048.777002833397,0.12250880089043552,-0.6436303881896658,0.689982179279932,66,5,2026-04-02
BIIB/HCA,BIIB,HCA,fast_signal_tight_stop,2615.34690070824,0.2913535110460034,-0.6436303881896658,0.9996822955210581,66,5,2026-04-02
RTX/SNA,RTX,SNA,fast_signal_tight_stop,8466.717555284555,1.0303483974921197,-0.6436303881896658,0.9999999981173245,62,5,2026-04-02
ATO/PCG,ATO,PCG,fast_signal_tight_stop,7891.328395413186,0.8404044727761508,-0.6436303881896658,0.9999999999352596,74,5,2026-04-02
AIG/L,AIG,L,fast_signal_tight_stop,948.9206599720242,0.1394286239557632,-0.6436303881896658,0.7361721243232376,56,5,2026-04-02
AON/KKR,AON,KKR,fast_signal_tight_stop,17348.64348229119,1.0369132508341214,-0.6436303881896658,0.9999999999837941,74,5,2026-04-02
CDNS/PTC,CDNS,PTC,fast_signal_tight_stop,-1351.939999999974,-0.13342785306047147,-0.6436303881896658,3.191947742469825e-05,72,5,2026-04-02
HAS/YUM,HAS,YUM,low_entry,7564.893982762045,0.41917420826207386,-0.698172616571049,0.9999280489534083,100,5,2026-04-02
CSCO/PAYC,CSCO,PAYC,low_entry,9168.199094514752,0.48759547517434204,-0.698172616571049,0.9999999999023215,112,5,2026-04-02
UNP/VLTO,UNP,VLTO,low_entry,-8341.26145563491,-0.7365118586236999,-0.698172616571049,2.3163177778952525e-20,112,5,2026-04-02
CME/DE,CME,DE,low_entry,17456.96161242745,1.2247058428711541,-0.698172616571049,0.9999999999999994,108,5,2026-04-02
EXR/WY,EXR,WY,low_entry,-2960.175337882906,-0.2672629358106532,-0.698172616571049,7.629343905561478e-13,110,5,2026-04-02
BSX/PFE,BSX,PFE,low_entry,-8952.409071141697,-0.6258364997367111,-0.698172616571049,7.007543704337557e-25,104,5,2026-04-02
AIG/CFG,AIG,CFG,low_entry,-4795.293973444694,-0.3386278805533035,-0.698172616571049,2.1827167881365362e-18,122,5,2026-04-02
AKAM/KEYS,AKAM,KEYS,low_entry,-1439.28999999997,-0.10312970498041127,-0.698172616571049,2.7632608961281218e-05,76,5,2026-04-02
TXT/YUM,TXT,YUM,low_entry,6915.871862221647,0.6629420164755065,-0.698172616571049,0.9999999999999992,102,5,2026-04-02
BIIB/HCA,BIIB,HCA,low_entry,6605.668192047291,0.457642433856155,-0.698172616571049,0.9999999997641007,128,5,2026-04-02
RTX/SNA,RTX,SNA,low_entry,4180.906823764498,0.404836599615105,-0.698172616571049,0.9999858994089277,96,5,2026-04-02
ATO/PCG,ATO,PCG,low_entry,-9429.01100268191,-0.7337364402248255,-0.698172616571049,3.0017719393926695e-28,108,5,2026-04-02
AIG/L,AIG,L,low_entry,-6495.201716171842,-0.6029879522358821,-0.698172616571049,6.754265111898841e-23,128,5,2026-04-02
AON/KKR,AON,KKR,low_entry,-18694.14781597739,-0.9598692328033644,-0.698172616571049,2.2140747037767873e-36,128,5,2026-04-02
CDNS/PTC,CDNS,PTC,low_entry,-769.5300000000389,-0.05634438925870256,-0.698172616571049,0.0006319361667023814,104,5,2026-04-02
HAS/YUM,HAS,YUM,symmetric_exit,11312.60555514277,1.3419571276403974,-0.7095026487045638,0.9999999999999999,44,5,2026-04-02
CSCO/PAYC,CSCO,PAYC,symmetric_exit,-5968.959825073855,-0.49079193483729394,-0.7095026487045638,3.387829548023094e-08,44,5,2026-04-02
UNP/VLTO,UNP,VLTO,symmetric_exit,-963.0952347595651,-0.10721545715013213,-0.7095026487045638,1.153582772364606e-08,44,5,2026-04-02
CME/DE,CME,DE,symmetric_exit,8087.003448809758,1.0049615076424787,-0.7095026487045638,0.999999999766862,52,5,2026-04-02
EXR/WY,EXR,WY,symmetric_exit,1782.1300092955,0.2559740708429717,-0.7095026487045638,0.9996936420487497,54,5,2026-04-02
BSX/PFE,BSX,PFE,symmetric_exit,2412.809373189481,0.21555851184152575,-0.7095026487045638,0.9720597193951355,48,5,2026-04-02
AIG/CFG,AIG,CFG,symmetric_exit,-4179.246629071119,-0.43711853858468425,-0.7095026487045638,6.950207929891308e-18,56,5,2026-04-02
AKAM/KEYS,AKAM,KEYS,symmetric_exit,-4918.089999999987,-0.46800079902849095,-0.7095026487045638,1.4039499598573275e-08,36,5,2026-04-02
TXT/YUM,TXT,YUM,symmetric_exit,2929.606866488492,0.3841260089264729,-0.7095026487045638,0.9999992123780845,52,5,2026-04-02
BIIB/HCA,BIIB,HCA,symmetric_exit,-927.6432042860183,-0.09110663466746811,-0.7095026487045638,4.627511904958168e-05,60,5,2026-04-02
RTX/SNA,RTX,SNA,symmetric_exit,2932.795370218093,0.39476313696679854,-0.7095026487045638,0.9999829942702035,46,5,2026-04-02
ATO/PCG,ATO,PCG,symmetric_exit,-5562.123205883607,-0.7478464803598647,-0.7095026487045638,1.2059147999951062e-17,60,5,2026-04-02
AIG/L,AIG,L,symmetric_exit,-5036.282239432436,-0.9503737704087843,-0.7095026487045638,5.286270266172629e-15,44,5,2026-04-02
AON/KKR,AON,KKR,symmetric_exit,1920.41661715228,0.1799789961612809,-0.7095026487045638,0.9804589624238614,40,5,2026-04-02
CDNS/PTC,CDNS,PTC,symmetric_exit,2084.579999999998,0.2165843503769069,-0.7095026487045638,0.9981107287397823,46,5,2026-04-02
HAS/YUM,HAS,YUM,balanced_plus,5911.169842505233,0.5597131923769347,-0.7167918239037752,0.9999999976988708,64,5,2026-04-02
CSCO/PAYC,CSCO,PAYC,balanced_plus,9404.440393396486,0.6774135464629124,-0.7167918239037752,0.9999999918473806,60,5,2026-04-02
UNP/VLTO,UNP,VLTO,balanced_plus,-9882.678517132817,-0.9875651297213484,-0.7167918239037752,1.5129736393783812e-11,62,5,2026-04-02
CME/DE,CME,DE,balanced_plus,13974.77213923771,1.249765082644524,-0.7167918239037752,1.0,70,5,2026-04-02
EXR/WY,EXR,WY,balanced_plus,345.5894318159911,0.03482098264981313,-0.7167918239037752,0.09259487088537793,62,5,2026-04-02
BSX/PFE,BSX,PFE,balanced_plus,-3375.335316793173,-0.2468508697772011,-0.7167918239037752,9.60015661765242e-14,72,5,2026-04-02
AIG/CFG,AIG,CFG,balanced_plus,-8124.131356204556,-0.7153380447776162,-0.7167918239037752,1.7318538431924475e-30,76,5,2026-04-02
AKAM/KEYS,AKAM,KEYS,balanced_plus,3540.180000000008,0.3246645913659403,-0.7167918239037752,0.9999888016965917,58,5,2026-04-02
TXT/YUM,TXT,YUM,balanced_plus,-4076.5987773706,-0.4076168719188742,-0.7167918239037752,7.613070467430101e-23,76,5,2026-04-02
BIIB/HCA,BIIB,HCA,balanced_plus,1835.027123393566,0.1649370914004836,-0.7167918239037752,0.9329525153628144,64,5,2026-04-02
RTX/SNA,RTX,SNA,balanced_plus,998.0134145150412,0.12741104973552494,-0.7167918239037752,0.7157391448363967,66,5,2026-04-02
ATO/PCG,ATO,PCG,balanced_plus,-8207.20396709635,-0.9057766056382154,-0.7167918239037752,3.55486690753718e-29,62,5,2026-04-02
AIG/L,AIG,L,balanced_plus,-3969.800033324912,-0.5641117665803934,-0.7167918239037752,2.719868772586186e-12,62,5,2026-04-02
AON/KKR,AON,KKR,balanced_plus,-5416.417323784814,-0.37890635195078265,-0.7167918239037752,1.6601926105149555e-14,64,5,2026-04-02
CDNS/PTC,CDNS,PTC,balanced_plus,5914.919999999953,0.5284396660491735,-0.7167918239037752,0.9999999996326949,66,5,2026-04-02
HAS/YUM,HAS,YUM,quick_exit,7785.884801560625,0.5798826263770278,-0.7363876801041942,0.9989625763990091,58,5,2026-04-02
CSCO/PAYC,CSCO,PAYC,quick_exit,8075.906781038699,0.6605999443641215,-0.7363876801041942,0.9999999961011942,60,5,2026-04-02
UNP/VLTO,UNP,VLTO,quick_exit,-677.8610248046825,-0.07503092953171171,-0.7363876801041942,2.0334125053997155e-06,58,5,2026-04-02
CME/DE,CME,DE,quick_exit,3914.630446485614,0.42924077984622777,-0.7363876801041942,0.9999999142616153,64,5,2026-04-02
EXR/WY,EXR,WY,quick_exit,4570.02844592584,0.5465575368289844,-0.7363876801041942,0.9999990048424044,62,5,2026-04-02
BSX/PFE,BSX,PFE,quick_exit,-4236.695603246711,-0.2229850550542306,-0.7363876801041942,4.0705517438066436e-11,66,5,2026-04-02
AIG/CFG,AIG,CFG,quick_exit,-5152.911612525979,-0.470406205080264,-0.7363876801041942,5.462972672585724e-20,78,5,2026-04-02
AKAM/KEYS,AKAM,KEYS,quick_exit,-10963.92999999998,-1.0290381251489353,-0.7363876801041942,1.0718783579580508e-12,52,5,2026-04-02
TXT/YUM,TXT,YUM,quick_exit,2144.3875722618,0.28979157868945316,-0.7363876801041942,0.9998508966379643,74,5,2026-04-02
BIIB/HCA,BIIB,HCA,quick_exit,-771.7395972001696,-0.06395927742326273,-0.7363876801041942,0.0003116910588944974,66,5,2026-04-02
RTX/SNA,RTX,SNA,quick_exit,3163.275072104828,0.3537737748676709,-0.7363876801041942,0.999415033429128,62,5,2026-04-02
ATO/PCG,ATO,PCG,quick_exit,-5356.101603633417,-0.614923187218366,-0.7363876801041942,1.269853586090148e-15,68,5,2026-04-02
AIG/L,AIG,L,quick_exit,164.7510072676287,0.032614623204127884,-0.7363876801041942,0.08097184027418047,54,5,2026-04-02
AON/KKR,AON,KKR,quick_exit,966.8939910692411,0.07994170546783219,-0.7363876801041942,0.36489842426529034,62,5,2026-04-02
CDNS/PTC,CDNS,PTC,quick_exit,-7012.130000000006,-0.6214985387218761,-0.7363876801041942,5.129702887269335e-12,58,5,2026-04-02
HAS/YUM,HAS,YUM,tight_stop,8501.756017697571,0.6342735451025092,-0.7757390863611333,0.9992378415664376,58,5,2026-04-02
CSCO/PAYC,CSCO,PAYC,tight_stop,6225.594318266769,0.5236991611947247,-0.7757390863611333,0.9999999431727278,60,5,2026-04-02
UNP/VLTO,UNP,VLTO,tight_stop,-1183.163792039547,-0.13148580060794346,-0.7757390863611333,4.024714345426979e-11,58,5,2026-04-02
CME/DE,CME,DE,tight_stop,5397.070868511342,0.6063672603418561,-0.7757390863611333,0.9999999999626519,64,5,2026-04-02
EXR/WY,EXR,WY,tight_stop,6288.964641570448,0.714262575182186,-0.7757390863611333,0.9999999484401626,62,5,2026-04-02
BSX/PFE,BSX,PFE,tight_stop,-6469.165880996497,-0.3349917142878639,-0.7757390863611333,2.761377386405155e-10,66,5,2026-04-02
AIG/CFG,AIG,CFG,tight_stop,-7358.623528456834,-0.6709966622617795,-0.7757390863611333,1.3796959473607943e-18,80,5,2026-04-02
AKAM/KEYS,AKAM,KEYS,tight_stop,-11289.38999999998,-1.2351284596207999,-0.7757390863611333,2.888401658293306e-17,52,5,2026-04-02
TXT/YUM,TXT,YUM,tight_stop,48.44067945986535,0.006440984551675164,-0.7757390863611333,0.02514673387522056,76,5,2026-04-02
BIIB/HCA,BIIB,HCA,tight_stop,-648.3091565863888,-0.05423749110069307,-0.7757390863611333,0.0006314980672531187,66,5,2026-04-02
RTX/SNA,RTX,SNA,tight_stop,2042.426712897312,0.24390923676926407,-0.7757390863611333,0.9795913194693472,66,5,2026-04-02
ATO/PCG,ATO,PCG,tight_stop,-3964.868250361372,-0.4515885826660016,-0.7757390863611333,5.173367213124217e-15,66,5,2026-04-02
AIG/L,AIG,L,tight_stop,-578.4399114368152,-0.13867076826971902,-0.7757390863611333,1.557086208662042e-06,54,5,2026-04-02
AON/KKR,AON,KKR,tight_stop,3884.714881274984,0.3219103363458602,-0.7757390863611333,0.999726825721807,58,5,2026-04-02
CDNS/PTC,CDNS,PTC,tight_stop,-5222.730000000012,-0.48716816110382544,-0.7757390863611333,4.3745678412604486e-10,56,5,2026-04-02
HAS/YUM,HAS,YUM,patient_hold,4816.391437118789,0.5575492801986633,-0.7963467697678085,0.9999337469908691,30,5,2026-04-02
CSCO/PAYC,CSCO,PAYC,patient_hold,8343.741906430781,0.7803418830418126,-0.7963467697678085,0.999998788890976,32,5,2026-04-02
UNP/VLTO,UNP,VLTO,patient_hold,-1777.330918416273,-0.19370842994595697,-0.7963467697678085,6.754655865555071e-15,38,5,2026-04-02
CME/DE,CME,DE,patient_hold,9202.887027220464,1.0369659331106265,-0.7963467697678085,0.9999999999991379,54,5,2026-04-02
EXR/WY,EXR,WY,patient_hold,4667.910016793065,0.5348666841754302,-0.7963467697678085,0.999999999999986,40,5,2026-04-02
BSX/PFE,BSX,PFE,patient_hold,8.063434166503612,0.0008242234471332392,-0.7963467697678085,0.01877903756966643,42,5,2026-04-02
AIG/CFG,AIG,CFG,patient_hold,-1400.592389436895,-0.13154896917101125,-0.7963467697678085,4.572959515663575e-07,40,5,2026-04-02
AKAM/KEYS,AKAM,KEYS,patient_hold,-13099.66,-1.1386866377716414,-0.7963467697678085,2.7430666954315878e-11,36,5,2026-04-02
TXT/YUM,TXT,YUM,patient_hold,-6184.221190992161,-0.7146731805183517,-0.7963467697678085,5.682191504722732e-23,46,5,2026-04-02
BIIB/HCA,BIIB,HCA,patient_hold,2526.836473005412,0.2744261004913942,-0.7963467697678085,0.99964108113461,36,5,2026-04-02
RTX/SNA,RTX,SNA,patient_hold,9410.310404181342,1.6613479701136378,-0.7963467697678085,0.9999999999999992,46,5,2026-04-02
ATO/PCG,ATO,PCG,patient_hold,-5595.884883517306,-0.5518671778608251,-0.7963467697678085,1.3534864191724775e-23,46,5,2026-04-02
AIG/L,AIG,L,patient_hold,-6320.259311020209,-1.1842833826261094,-0.7963467697678085,5.0595288882068154e-27,38,5,2026-04-02
AON/KKR,AON,KKR,patient_hold,-452.5936605404613,-0.04138548369599897,-0.7963467697678085,0.0023576277538061062,34,5,2026-04-02
CDNS/PTC,CDNS,PTC,patient_hold,-767.6100000000242,-0.0848899710068889,-0.7963467697678085,0.00030048475500789253,34,5,2026-04-02
HAS/YUM,HAS,YUM,high_entry,9000.126970682992,1.7518409475422207,-0.8135678124632584,0.9999999999918647,22,5,2026-04-02
CSCO/PAYC,CSCO,PAYC,high_entry,-5571.396038776365,-0.47253193524290443,-0.8135678124632584,1.9503031918821169e-07,26,5,2026-04-02
UNP/VLTO,UNP,VLTO,high_entry,-2340.015184582338,-0.27995154318802534,-0.8135678124632584,3.1026775250868734e-12,28,5,2026-04-02
CME/DE,CME,DE,high_entry,1648.368055044028,0.2061891141004446,-0.8135678124632584,0.9828969249295446,34,5,2026-04-02
EXR/WY,EXR,WY,high_entry,-719.2877782495416,-0.12114173921664123,-0.8135678124632584,1.5172875909066674e-05,28,5,2026-04-02
BSX/PFE,BSX,PFE,high_entry,3820.364441173085,0.45970046206105175,-0.8135678124632584,0.9999986245491134,32,5,2026-04-02
AIG/CFG,AIG,CFG,high_entry,-41.19945729680421,-0.0047263713453628165,-0.8135678124632584,0.013658681262008107,32,5,2026-04-02
AKAM/KEYS,AKAM,KEYS,high_entry,4585.580000000005,0.4910371229264151,-0.8135678124632584,0.9999939557041134,30,5,2026-04-02
TXT/YUM,TXT,YUM,high_entry,-1265.561294023877,-0.20993025727977974,-0.8135678124632584,3.1693657463581083e-09,28,5,2026-04-02
BIIB/HCA,BIIB,HCA,high_entry,1308.369095774641,0.16018626811940728,-0.8135678124632584,0.8976072968337013,26,5,2026-04-02
RTX/SNA,RTX,SNA,high_entry,4518.055086666789,0.879660328614516,-0.8135678124632584,0.9999999971914492,24,5,2026-04-02
ATO/PCG,ATO,PCG,high_entry,-10751.64057811529,-1.582409439917096,-0.8135678124632584,1.663874002128139e-11,42,5,2026-04-02
AIG/L,AIG,L,high_entry,-4697.173315429058,-1.0347975665738531,-0.8135678124632584,5.681262113383533e-16,24,5,2026-04-02
AON/KKR,AON,KKR,high_entry,-1419.292004264006,-0.16049210941734468,-0.8135678124632584,2.2020692099243526e-05,28,5,2026-04-02
CDNS/PTC,CDNS,PTC,high_entry,7509.659999999988,0.8503124191605279,-0.8135678124632584,0.9999999076266208,28,5,2026-04-02
HAS/YUM,HAS,YUM,conservative_no_leverage,6189.995260429465,1.516106952035765,-0.8955382254375591,0.9999999999164645,34,5,2026-04-02
CSCO/PAYC,CSCO,PAYC,conservative_no_leverage,4440.821211193285,0.8165593039101009,-0.8955382254375591,0.9999997089735588,42,5,2026-04-02
UNP/VLTO,UNP,VLTO,conservative_no_leverage,-809.4392951317611,-0.18080301728832066,-0.8955382254375591,8.030237793276026e-14,30,5,2026-04-02
CME/DE,CME,DE,conservative_no_leverage,5022.10155683869,1.1962759409679697,-0.8955382254375591,0.9999999999731791,44,5,2026-04-02
EXR/WY,EXR,WY,conservative_no_leverage,2485.769064340534,0.5422294438899007,-0.8955382254375591,0.9999999999999997,40,5,2026-04-02
BSX/PFE,BSX,PFE,conservative_no_leverage,-558.5506973606537,-0.09058561997446114,-0.8955382254375591,1.4196433065066752e-05,36,5,2026-04-02
AIG/CFG,AIG,CFG,conservative_no_leverage,-2021.2677694995,-0.36769256363856717,-0.8955382254375591,7.078249234146034e-17,32,5,2026-04-02
AKAM/KEYS,AKAM,KEYS,conservative_no_leverage,-3577.430000000001,-0.6173695798539888,-0.8955382254375591,9.07550853308541e-11,30,5,2026-04-02
TXT/YUM,TXT,YUM,conservative_no_leverage,-1839.576011703581,-0.46185864835889173,-0.8955382254375591,2.216913252756041e-16,42,5,2026-04-02
BIIB/HCA,BIIB,HCA,conservative_no_leverage,1157.529563448173,0.23136691578797197,-0.8955382254375591,0.9973404920684785,40,5,2026-04-02
RTX/SNA,RTX,SNA,conservative_no_leverage,4667.202804341749,1.9912472582353977,-0.8955382254375591,0.9999999999977144,38,5,2026-04-02
ATO/PCG,ATO,PCG,conservative_no_leverage,-3227.60282808503,-0.6263522916389365,-0.8955382254375591,9.17757380261708e-25,40,5,2026-04-02
AIG/L,AIG,L,conservative_no_leverage,-666.8608700874447,-0.2676268746843496,-0.8955382254375591,5.147756915079242e-14,36,5,2026-04-02
AON/KKR,AON,KKR,conservative_no_leverage,3095.936391623326,0.5120248953122858,-0.8955382254375591,0.9999999999964989,38,5,2026-04-02
CDNS/PTC,CDNS,PTC,conservative_no_leverage,47.79999999998245,0.009904676141049628,-0.8955382254375591,0.02743347685919989,34,5,2026-04-02
HAS/YUM,HAS,YUM,low_vol_specialist,17790.90988878669,1.6473378570986434,-0.9407782310809072,1.0,120,5,2026-04-02
CSCO/PAYC,CSCO,PAYC,low_vol_specialist,-15935.35012363492,-1.0075442292900372,-0.9407782310809072,7.16142185248304e-31,124,5,2026-04-02
UNP/VLTO,UNP,VLTO,low_vol_specialist,-8702.905164141337,-0.8248469273582756,-0.9407782310809072,1.6395766435894689e-16,112,5,2026-04-02
CME/DE,CME,DE,low_vol_specialist,17375.3366670628,1.3057790635683217,-0.9407782310809072,0.999999999999991,104,5,2026-04-02
EXR/WY,EXR,WY,low_vol_specialist,1986.660928572235,0.17491476686614524,-0.9407782310809072,0.9268777305561577,134,5,2026-04-02
BSX/PFE,BSX,PFE,low_vol_specialist,5138.828421861118,0.3353792032473535,-0.9407782310809072,0.9999826334595076,120,5,2026-04-02
AIG/CFG,AIG,CFG,low_vol_specialist,-9369.357819883182,-0.6511772926443554,-0.9407782310809072,3.6927880107180197e-32,142,5,2026-04-02
AKAM/KEYS,AKAM,KEYS,low_vol_specialist,-24000.32999999997,-1.265798345853234,-0.9407782310809072,8.112151298482902e-11,104,5,2026-04-02
TXT/YUM,TXT,YUM,low_vol_specialist,2544.389105615852,0.20982811099004872,-0.9407782310809072,0.972300745552065,120,5,2026-04-02
BIIB/HCA,BIIB,HCA,low_vol_specialist,4234.897513020292,0.29859940297285753,-0.9407782310809072,0.9999882618423488,114,5,2026-04-02
RTX/SNA,RTX,SNA,low_vol_specialist,3290.672169625946,0.3008468754092261,-0.9407782310809072,0.9996755884146195,120,5,2026-04-02
ATO/PCG,ATO,PCG,low_vol_specialist,2854.073563121704,0.2270038695797357,-0.9407782310809072,0.995456342049393,152,5,2026-04-02
AIG/L,AIG,L,low_vol_specialist,-856.6305785907512,-0.11725869399644537,-0.9407782310809072,3.1990425073816133e-06,132,5,2026-04-02
AON/KKR,AON,KKR,low_vol_specialist,-18288.85179775608,-0.9505860583851619,-0.9407782310809072,2.1164610665497099e-38,126,5,2026-04-02
CDNS/PTC,CDNS,PTC,low_vol_specialist,701.3599999999842,0.05205201535803185,-0.9407782310809072,0.17487543453042087,102,5,2026-04-02
HAS/YUM,HAS,YUM,high_vol_specialist,12855.2174139535,1.4863865127498896,-1.0374577843074089,0.9999999999998689,40,5,2026-04-02
CSCO/PAYC,CSCO,PAYC,high_vol_specialist,-3002.372083141429,-0.23849559634516865,-1.0374577843074089,6.805640536710778e-08,36,5,2026-04-02
UNP/VLTO,UNP,VLTO,high_vol_specialist,-936.6858620130477,-0.09888946094839635,-1.0374577843074089,5.681640668083331e-08,36,5,2026-04-02
CME/DE,CME,DE,high_vol_specialist,13575.33892022003,1.6414377379186755,-1.0374577843074089,0.9999999999999625,50,5,2026-04-02
EXR/WY,EXR,WY,high_vol_specialist,6310.414618912595,0.7193139212345557,-1.0374577843074089,1.0,38,5,2026-04-02
BSX/PFE,BSX,PFE,high_vol_specialist,-9216.929169022673,-0.8068682728819042,-1.0374577843074089,2.2007166246501275e-23,44,5,2026-04-02
AIG/CFG,AIG,CFG,high_vol_specialist,-19733.71136008216,-1.5827955718949929,-1.0374577843074089,2.126634482650614e-21,46,5,2026-04-02
AKAM/KEYS,AKAM,KEYS,high_vol_specialist,-16863.67999999999,-0.9019321108241227,-1.0374577843074089,5.866089137253536e-07,42,5,2026-04-02
TXT/YUM,TXT,YUM,high_vol_specialist,-788.7025580889099,-0.07626255167547047,-1.0374577843074089,0.00018794116082636165,42,5,2026-04-02
BIIB/HCA,BIIB,HCA,high_vol_specialist,8631.506207820707,0.93714619791442,-1.0374577843074089,0.9999999999995891,36,5,2026-04-02
RTX/SNA,RTX,SNA,high_vol_specialist,7876.655097286779,1.4344384602139384,-1.0374577843074089,0.9999999999996385,34,5,2026-04-02
ATO/PCG,ATO,PCG,high_vol_specialist,-7003.75005762608,-0.5619738597232388,-1.0374577843074089,4.347811312810781e-33,52,5,2026-04-02
AIG/L,AIG,L,high_vol_specialist,-2226.628295976403,-0.4064047318089981,-1.0374577843074089,3.990109495836013e-22,42,5,2026-04-02
AON/KKR,AON,KKR,high_vol_specialist,-3697.045878089051,-0.2922567146493564,-1.0374577843074089,7.213023828677253e-10,40,5,2026-04-02
CDNS/PTC,CDNS,PTC,high_vol_specialist,1754.669999999972,0.18590009317017786,-1.0374577843074089,0.9776116252169856,42,5,2026-04-02
HAS/YUM,HAS,YUM,high_turnover,7237.812809209824,0.7045210407839648,-1.109122125387025,0.9999999999999944,98,5,2026-04-02
CSCO/PAYC,CSCO,PAYC,high_turnover,1342.191744167733,0.09255105512854718,-1.109122125387025,0.47018848221884946,86,5,2026-04-02
UNP/VLTO,UNP,VLTO,high_turnover,-8761.27158684388,-0.8199652645873295,-1.109122125387025,2.4861674387930917e-16,104,5,2026-04-02
CME/DE,CME,DE,high_turnover,6398.26423937698,0.4507387477428121,-1.109122125387025,0.9999999999786331,108,5,2026-04-02
EXR/WY,EXR,WY,high_turnover,7721.306847259767,0.7758716332389518,-1.109122125387025,1.0,104,5,2026-04-02
BSX/PFE,BSX,PFE,high_turnover,-6754.958851474466,-0.41450870023394965,-1.109122125387025,8.240767929687416e-12,110,5,2026-04-02
AIG/CFG,AIG,CFG,high_turnover,-10562.25582246642,-0.9366881161932994,-1.109122125387025,5.3932034308378995e-12,98,5,2026-04-02
AKAM/KEYS,AKAM,KEYS,high_turnover,-9517.66999999998,-0.9318336856161796,-1.109122125387025,4.501467816375225e-20,84,5,2026-04-02
TXT/YUM,TXT,YUM,high_turnover,1356.888246174387,0.12215033599858878,-1.109122125387025,0.6916657579780512,98,5,2026-04-02
BIIB/HCA,BIIB,HCA,high_turnover,203.827339093104,0.015048646009836035,-1.109122125387025,0.03874733001481974,116,5,2026-04-02
RTX/SNA,RTX,SNA,high_turnover,7182.440774860495,0.8138249467132244,-1.109122125387025,1.0,98,5,2026-04-02
ATO/PCG,ATO,PCG,high_turnover,-973.3660099260455,-0.11683174203721344,-1.109122125387025,1.151241235625111e-07,84,5,2026-04-02
AIG/L,AIG,L,high_turnover,7012.777404895241,1.0033914527517362,-1.109122125387025,0.9999999999135845,92,5,2026-04-02
AON/KKR,AON,KKR,high_turnover,-11331.9957862222,-0.7568981979461242,-1.109122125387025,6.152219423389563e-21,98,5,2026-04-02
CDNS/PTC,CDNS,PTC,high_turnover,-16679.47000000003,-1.0705226282076608,-1.109122125387025,7.947628481251935e-07,92,5,2026-04-02
HAS/YUM,HAS,YUM,no_leverage,5724.457953484549,0.8448830532342434,-1.305813430078518,0.9997996212806238,54,5,2026-04-02
CSCO/PAYC,CSCO,PAYC,no_leverage,1534.938551378971,0.238132136548049,-1.305813430078518,0.9988293859283105,66,5,2026-04-02
UNP/VLTO,UNP,VLTO,no_leverage,-159.9371137013441,-0.033176510010674946,-1.305813430078518,0.0010022601178429835,58,5,2026-04-02
CME/DE,CME,DE,no_leverage,2313.365843576196,0.47381895896013076,-1.305813430078518,0.9999999971568255,66,5,2026-04-02
EXR/WY,EXR,WY,no_leverage,248.9527545039,0.0473637761356593,-1.305813430078518,0.12767245546306938,66,5,2026-04-02
BSX/PFE,BSX,PFE,no_leverage,-24.22013139565388,-0.002458540045184476,-1.305813430078518,0.015120718166883805,66,5,2026-04-02
AIG/CFG,AIG,CFG,no_leverage,289.3332263443517,0.056231909407177816,-1.305813430078518,0.19139313115816237,72,5,2026-04-02
AKAM/KEYS,AKAM,KEYS,no_leverage,-3834.529999999992,-0.687586115899037,-1.305813430078518,2.392864294297936e-10,52,5,2026-04-02
TXT/YUM,TXT,YUM,no_leverage,-757.9225133374764,-0.1723888377240415,-1.305813430078518,3.241345344987748e-09,72,5,2026-04-02
BIIB/HCA,BIIB,HCA,no_leverage,-146.5323469750159,-0.024465892190339896,-1.305813430078518,0.004460968901990933,66,5,2026-04-02
RTX/SNA,RTX,SNA,no_leverage,1816.721614282567,0.4210199741047317,-1.305813430078518,0.9998462417569048,62,5,2026-04-02
ATO/PCG,ATO,PCG,no_leverage,-1318.756625204505,-0.29116465414905074,-1.305813430078518,3.3775146147611144e-13,60,5,2026-04-02
AIG/L,AIG,L,no_leverage,-4838.579347905306,-1.888111861671981,-1.305813430078518,1.7926764667019444e-25,46,5,2026-04-02
AON/KKR,AON,KKR,no_leverage,705.31397508044,0.10093645668531451,-1.305813430078518,0.5415807594654679,56,5,2026-04-02
CDNS/PTC,CDNS,PTC,no_leverage,-1095.430000000013,-0.2065991261347348,-1.305813430078518,9.085000189053715e-07,54,5,2026-04-02
HAS/YUM,HAS,YUM,conservative,2463.716764393477,1.062152655528099,-2.021960227568814,0.9999995456642418,20,5,2026-04-02
CSCO/PAYC,CSCO,PAYC,conservative,3453.506607950041,0.7172902711748113,-2.021960227568814,0.9999738277313884,24,5,2026-04-02
UNP/VLTO,UNP,VLTO,conservative,-1691.669604471318,-0.38710495453958016,-2.021960227568814,2.651017499900206e-11,26,5,2026-04-02
CME/DE,CME,DE,conservative,2080.447385001581,0.8130893035864252,-2.021960227568814,0.9999999724008108,28,5,2026-04-02
EXR/WY,EXR,WY,conservative,541.6477106597349,0.20577324707482167,-2.021960227568814,0.9951795044550527,30,5,2026-04-02
BSX/PFE,BSX,PFE,conservative,-2141.703571396114,-0.6799415695593012,-2.021960227568814,7.738891908374828e-12,26,5,2026-04-02
AIG/CFG,AIG,CFG,conservative,169.9663241206429,0.05356766226127763,-2.021960227568814,0.17207728088082302,36,5,2026-04-02
AKAM/KEYS,AKAM,KEYS,conservative,-4579.850000000002,-1.2781093963651469,-2.021960227568814,1.463509457951235e-08,28,5,2026-04-02
TXT/YUM,TXT,YUM,conservative,996.1143817286497,0.40156888986516226,-2.021960227568814,0.9999968612424798,28,5,2026-04-02
BIIB/HCA,BIIB,HCA,conservative,-620.1718193559325,-0.15504721439266636,-2.021960227568814,3.958647330004361e-06,26,5,2026-04-02
RTX/SNA,RTX,SNA,conservative,1813.593076674602,0.8218720585079962,-2.021960227568814,0.9999997055041215,32,5,2026-04-02
ATO/PCG,ATO,PCG,conservative,-1043.635193900878,-0.3651107010647624,-2.021960227568814,2.4529659559044057e-14,42,5,2026-04-02
AIG/L,AIG,L,conservative,363.5664831630004,0.254297741371559,-2.021960227568814,0.9963803736649612,32,5,2026-04-02
AON/KKR,AON,KKR,conservative,2347.833531474758,0.65001307043005,-2.021960227568814,0.999961910945394,22,5,2026-04-02
CDNS/PTC,CDNS,PTC,conservative,1776.23999999999,0.42606305466678995,-2.021960227568814,0.9999991818153212,32,5,2026-04-02
HAS/YUM,HAS,YUM,vol_gated,13089.82142831908,0.9043545331473191,0.7852440528423438,0.9999999663540766,82,6,2026-05-08
CSCO/PAYC,CSCO,PAYC,vol_gated,2099.201271137256,0.12422610126158654,0.7852440528423438,0.7348200739699625,64,6,2026-05-08
UNP/VLTO,UNP,VLTO,vol_gated,-11184.0589267393,-0.9065884800783218,0.7852440528423438,1.6632353067887276e-12,88,6,2026-05-08
CME/DE,CME,DE,vol_gated,21284.0178121819,1.4608407555172924,0.7852440528423438,0.999999999924623,72,6,2026-05-08
EXR/WY,EXR,WY,vol_gated,10741.46181781855,0.8680709979316544,0.7852440528423438,1.0,78,6,2026-05-08
BSX/PFE,BSX,PFE,vol_gated,20221.44841593084,1.2369136923004989,0.7852440528423438,0.9999999999998935,78,6,2026-05-08
AIG/CFG,AIG,CFG,vol_gated,-2917.9846494613,-0.2578521983503344,0.7852440528423438,3.484336303637627e-10,78,6,2026-05-08
AKAM/KEYS,AKAM,KEYS,vol_gated,1338.230000000029,0.06741192483980002,0.7852440528423438,0.29685662400256807,74,6,2026-05-08
TXT/YUM,TXT,YUM,vol_gated,8748.35988003547,0.8184683645262936,0.7852440528423438,1.0,86,6,2026-05-08
BIIB/HCA,BIIB,HCA,vol_gated,7976.725267990426,0.5593289109977051,0.7852440528423438,0.9999999999997536,102,6,2026-05-08
RTX/SNA,RTX,SNA,vol_gated,4108.474211436736,0.5153884799896459,0.7852440528423438,0.9999999999998931,68,6,2026-05-08
ATO/PCG,ATO,PCG,vol_gated,-8343.215687827244,-0.7840701096679407,0.7852440528423438,8.495379170429572e-35,60,6,2026-05-08
AIG/L,AIG,L,vol_gated,-2386.259258861809,-0.2667728207251165,0.7852440528423438,2.108517198215176e-11,82,6,2026-05-08
AON/KKR,AON,KKR,vol_gated,8711.822452069511,0.5062846505792495,0.7852440528423438,0.9999999999999999,78,6,2026-05-08
CDNS/PTC,CDNS,PTC,vol_gated,4896.449999999983,0.3761769230112603,0.7852440528423438,0.9999998394182625,86,6,2026-05-08
HAS/YUM,HAS,YUM,long_z_short_v,-3639.985360025819,-0.4307804147075401,0.7071164179249527,3.925357306631258e-20,54,6,2026-05-08
CSCO/PAYC,CSCO,PAYC,long_z_short_v,9860.091912812988,0.8448554991407087,0.7071164179249527,0.9999999999999938,58,6,2026-05-08
UNP/VLTO,UNP,VLTO,long_z_short_v,1404.539695546183,0.13936541450649984,0.7071164179249527,0.7557063494586433,56,6,2026-05-08
CME/DE,CME,DE,long_z_short_v,13790.78313493794,1.3665618076221697,0.7071164179249527,0.9999999999999911,66,6,2026-05-08
EXR/WY,EXR,WY,long_z_short_v,6670.387399388694,0.7203342599587319,0.7071164179249527,1.0,52,6,2026-05-08
BSX/PFE,BSX,PFE,long_z_short_v,15922.5428791349,1.263011709806331,0.7071164179249527,0.999999999819313,38,6,2026-05-08
AIG/CFG,AIG,CFG,long_z_short_v,335.7647123292727,0.02568193551656651,0.7071164179249527,0.06979558083601334,58,6,2026-05-08
AKAM/KEYS,AKAM,KEYS,long_z_short_v,-3358.400000000016,-0.2510111028934995,0.7071164179249527,4.415238639854994e-09,42,6,2026-05-08
TXT/YUM,TXT,YUM,long_z_short_v,1133.481370503672,0.11572338222835062,0.7071164179249527,0.664967950661257,58,6,2026-05-08
BIIB/HCA,BIIB,HCA,long_z_short_v,3991.392260486255,0.3723246711050166,0.7071164179249527,0.9999988512794792,46,6,2026-05-08
RTX/SNA,RTX,SNA,long_z_short_v,12630.96113566901,1.662591319003799,0.7071164179249527,0.9999998056667291,46,6,2026-05-08
ATO/PCG,ATO,PCG,long_z_short_v,-9386.661802720004,-0.7571906992063703,0.7071164179249527,1.6390893292112252e-31,42,6,2026-05-08
AIG/L,AIG,L,long_z_short_v,1776.097585206606,0.27484138096257027,0.7071164179249527,0.999874596125102,36,6,2026-05-08
AON/KKR,AON,KKR,long_z_short_v,4351.529448182509,0.25894460764981314,0.7071164179249527,0.9999779952427832,54,6,2026-05-08
CDNS/PTC,CDNS,PTC,long_z_short_v,10672.73,0.8508076653381818,0.7071164179249527,0.9999999999999903,56,6,2026-05-08
HAS/YUM,HAS,YUM,aggressive,54895.29693302849,2.1573702057249795,0.6917798047475383,0.999999999999887,106,6,2026-05-08
CSCO/PAYC,CSCO,PAYC,aggressive,20702.73867144185,0.6479206811130183,0.6917798047475383,0.9999999999898354,114,6,2026-05-08
UNP/VLTO,UNP,VLTO,aggressive,-26574.99840317882,-1.2792748033370493,0.6917798047475383,1.9513431377174856e-16,106,6,2026-05-08
CME/DE,CME,DE,aggressive,25917.17435776141,1.146801701563971,0.6917798047475383,0.9999999999998705,96,6,2026-05-08
EXR/WY,EXR,WY,aggressive,15119.24014945213,0.7002766680379902,0.6917798047475383,1.0,108,6,2026-05-08
BSX/PFE,BSX,PFE,aggressive,28991.19585421454,0.9155025253958223,0.6917798047475383,1.0,124,6,2026-05-08
AIG/CFG,AIG,CFG,aggressive,-12184.48585791901,-0.4999071117609964,0.6917798047475383,1.786780259476996e-25,122,6,2026-05-08
AKAM/KEYS,AKAM,KEYS,aggressive,-7854.039999999861,-0.24024928418277353,0.6917798047475383,3.381511567638347e-07,96,6,2026-05-08
TXT/YUM,TXT,YUM,aggressive,11249.12084765356,0.5580627900454757,0.6917798047475383,0.9999999999791311,124,6,2026-05-08
BIIB/HCA,BIIB,HCA,aggressive,21710.68830016021,0.8099280006562758,0.6917798047475383,1.0,142,6,2026-05-08
RTX/SNA,RTX,SNA,aggressive,5530.728276175865,0.3076471605872538,0.6917798047475383,0.9993315824641251,116,6,2026-05-08
ATO/PCG,ATO,PCG,aggressive,-16194.55389541824,-0.7794219496269,0.6917798047475383,5.908645948282027e-33,90,6,2026-05-08
AIG/L,AIG,L,aggressive,3050.868985294452,0.19502017717004658,0.6917798047475383,0.9952550795350478,120,6,2026-05-08
AON/KKR,AON,KKR,aggressive,-16220.65559344302,-0.5196836150334048,0.6917798047475383,5.551620955113851e-20,102,6,2026-05-08
CDNS/PTC,CDNS,PTC,aggressive,-3243.860000000062,-0.14027872542239153,0.6917798047475383,8.53344356267363e-07,114,6,2026-05-08
HAS/YUM,HAS,YUM,deep_dislocation,21500.84907151941,1.630423389274596,0.5186518733541162,0.9999999999799202,28,6,2026-05-08
CSCO/PAYC,CSCO,PAYC,deep_dislocation,4108.470301793284,0.23641116346499608,0.5186518733541162,0.9995194442928299,28,6,2026-05-08
UNP/VLTO,UNP,VLTO,deep_dislocation,-957.8748657941007,-0.06356883427034353,0.5186518733541162,4.131187124762893e-05,32,6,2026-05-08
CME/DE,CME,DE,deep_dislocation,5813.188905520668,0.5253256958650288,0.5186518733541162,0.9999998363448078,30,6,2026-05-08
EXR/WY,EXR,WY,deep_dislocation,-3473.948414919746,-0.2762363830104501,0.5186518733541162,2.5954070428455696e-10,24,6,2026-05-08
BSX/PFE,BSX,PFE,deep_dislocation,17662.15612681428,1.0070804904025004,0.5186518733541162,0.999999999999999,44,6,2026-05-08
AIG/CFG,AIG,CFG,deep_dislocation,-13023.49943601108,-0.725859097036457,0.5186518733541162,6.941675683311209e-20,38,6,2026-05-08
AKAM/KEYS,AKAM,KEYS,deep_dislocation,-1179.620000000001,-0.06701342967181119,0.5186518733541162,0.0003638489256129493,20,6,2026-05-08
TXT/YUM,TXT,YUM,deep_dislocation,2806.906896329934,0.23336887997379227,0.5186518733541162,0.9979872845938449,30,6,2026-05-08
BIIB/HCA,BIIB,HCA,deep_dislocation,7727.548649549251,0.5358056746311403,0.5186518733541162,0.9999999879784366,26,6,2026-05-08
RTX/SNA,RTX,SNA,deep_dislocation,2659.836204305134,0.3260306868548508,0.5186518733541162,0.9999738714228417,18,6,2026-05-08
ATO/PCG,ATO,PCG,deep_dislocation,-7190.450563123913,-0.4312779623496191,0.5186518733541162,1.571737941935001e-20,38,6,2026-05-08
AIG/L,AIG,L,deep_dislocation,1848.150950428379,0.24403961617429049,0.5186518733541162,0.9949327547330813,26,6,2026-05-08
AON/KKR,AON,KKR,deep_dislocation,6267.610526907662,0.34594400119527446,0.5186518733541162,0.9998259321170511,30,6,2026-05-08
CDNS/PTC,CDNS,PTC,deep_dislocation,19217.32999999999,1.12853501657453,0.5186518733541162,0.999999953580847,30,6,2026-05-08
HAS/YUM,HAS,YUM,deep_entry_quick_exit,12203.26739812218,1.7709656625541768,0.5078471151212754,1.0,28,6,2026-05-08
CSCO/PAYC,CSCO,PAYC,deep_entry_quick_exit,-4137.100484393958,-0.3256966049958927,0.5078471151212754,5.847975525353906e-08,30,6,2026-05-08
UNP/VLTO,UNP,VLTO,deep_entry_quick_exit,2346.208770863665,0.2402188979916319,0.5078471151212754,0.953041561312747,32,6,2026-05-08
CME/DE,CME,DE,deep_entry_quick_exit,4377.290620065028,0.5927650088203353,0.5078471151212754,0.9999999437363688,32,6,2026-05-08
EXR/WY,EXR,WY,deep_entry_quick_exit,418.3295367180046,0.076607462363979,0.5078471151212754,0.3464781705110955,20,6,2026-05-08
BSX/PFE,BSX,PFE,deep_entry_quick_exit,7421.622229336059,0.6155755539472306,0.5078471151212754,0.9999983684324991,40,6,2026-05-08
AIG/CFG,AIG,CFG,deep_entry_quick_exit,-797.4334542739515,-0.08482880916088184,0.5078471151212754,2.1154576937350065e-05,34,6,2026-05-08
AKAM/KEYS,AKAM,KEYS,deep_entry_quick_exit,9170.659999999989,0.5913804121145706,0.5078471151212754,0.9999985478079784,22,6,2026-05-08
TXT/YUM,TXT,YUM,deep_entry_quick_exit,3345.676675228582,0.42173634542904453,0.5078471151212754,0.9999999356581005,30,6,2026-05-08
BIIB/HCA,BIIB,HCA,deep_entry_quick_exit,2692.175110723529,0.2861096915852334,0.5078471151212754,0.9997514660303998,30,6,2026-05-08
RTX/SNA,RTX,SNA,deep_entry_quick_exit,1521.782886483935,0.2808228159930489,0.5078471151212754,0.999724834289524,22,6,2026-05-08
ATO/PCG,ATO,PCG,deep_entry_quick_exit,-4981.953230771382,-0.7234303613801538,0.5078471151212754,7.799145609121602e-13,36,6,2026-05-08
AIG/L,AIG,L,deep_entry_quick_exit,-633.3933966968143,-0.13331733982623228,0.5078471151212754,3.476920963295966e-07,26,6,2026-05-08
AON/KKR,AON,KKR,deep_entry_quick_exit,7014.078721840981,0.708876382017586,0.5078471151212754,0.9999999988217664,30,6,2026-05-08
CDNS/PTC,CDNS,PTC,deep_entry_quick_exit,13434.07999999998,1.2261334452424677,0.5078471151212754,0.999999744735146,30,6,2026-05-08
HAS/YUM,HAS,YUM,stable_signal_quick_exit,22553.19575320393,1.9340063530305294,0.4374461579438354,0.9999999999963016,58,6,2026-05-08
CSCO/PAYC,CSCO,PAYC,stable_signal_quick_exit,12820.53291446715,0.6962869580167373,0.4374461579438354,0.9999999958452782,74,6,2026-05-08
UNP/VLTO,UNP,VLTO,stable_signal_quick_exit,-6114.457125816549,-0.5921742168198293,0.4374461579438354,7.044554466241308e-13,58,6,2026-05-08
CME/DE,CME,DE,stable_signal_quick_exit,18259.22730783741,1.542718747070042,0.4374461579438354,0.9999999999999964,56,6,2026-05-08
EXR/WY,EXR,WY,stable_signal_quick_exit,3618.950623274705,0.4027686121020922,0.4374461579438354,0.999999999844019,60,6,2026-05-08
BSX/PFE,BSX,PFE,stable_signal_quick_exit,11802.5434840097,0.7784354219216645,0.4374461579438354,0.9999999873010866,58,6,2026-05-08
AIG/CFG,AIG,CFG,stable_signal_quick_exit,-4890.051977054063,-0.42052653084843666,0.4374461579438354,1.118200330402374e-14,60,6,2026-05-08
AKAM/KEYS,AKAM,KEYS,stable_signal_quick_exit,-9594.349999999966,-0.5748035229138705,0.4374461579438354,4.0711603894128777e-13,54,6,2026-05-08
TXT/YUM,TXT,YUM,stable_signal_quick_exit,10660.80982927128,1.0870837293501607,0.4374461579438354,1.0,64,6,2026-05-08
BIIB/HCA,BIIB,HCA,stable_signal_quick_exit,2235.085719514296,0.16462808883697286,0.4374461579438354,0.9394023256467138,70,6,2026-05-08
RTX/SNA,RTX,SNA,stable_signal_quick_exit,7310.316885724048,0.982799929221556,0.4374461579438354,1.0,50,6,2026-05-08
ATO/PCG,ATO,PCG,stable_signal_quick_exit,-2861.807315368683,-0.33207016731602146,0.4374461579438354,1.5353268139442166e-21,44,6,2026-05-08
AIG/L,AIG,L,stable_signal_quick_exit,-4804.137770785046,-0.6588132920727493,0.4374461579438354,3.105733165139402e-11,62,6,2026-05-08
AON/KKR,AON,KKR,stable_signal_quick_exit,-3797.554776603807,-0.2697902914528833,0.4374461579438354,3.4617123497034364e-10,58,6,2026-05-08
CDNS/PTC,CDNS,PTC,stable_signal_quick_exit,-1219.090000000046,-0.10316388720196464,0.4374461579438354,4.6494238186289125e-05,62,6,2026-05-08
HAS/YUM,HAS,YUM,vol_adaptive,12473.22489031715,0.8722742732828487,0.401514805695436,0.9999999426951044,82,6,2026-05-08
CSCO/PAYC,CSCO,PAYC,vol_adaptive,4176.184780453612,0.2474560742914562,0.401514805695436,0.996368567333804,68,6,2026-05-08
UNP/VLTO,UNP,VLTO,vol_adaptive,-10935.81441994267,-0.8984099641721448,0.401514805695436,7.581514958671476e-13,88,6,2026-05-08
CME/DE,CME,DE,vol_adaptive,21581.57123723917,1.4709384984651999,0.401514805695436,0.9999999999946199,76,6,2026-05-08
EXR/WY,EXR,WY,vol_adaptive,9906.95822134981,0.7899356924996915,0.401514805695436,1.0,80,6,2026-05-08
BSX/PFE,BSX,PFE,vol_adaptive,20119.97234995212,1.1678647884408206,0.401514805695436,0.9999999999999994,86,6,2026-05-08
AIG/CFG,AIG,CFG,vol_adaptive,27.19849051621713,0.002327059407828225,0.401514805695436,0.02027534115208788,80,6,2026-05-08
AKAM/KEYS,AKAM,KEYS,vol_adaptive,-8972.179999999991,-0.5209637496779119,0.401514805695436,4.518042443896963e-10,72,6,2026-05-08
TXT/YUM,TXT,YUM,vol_adaptive,8487.729716249429,0.7885890945811967,0.401514805695436,1.0,88,6,2026-05-08
BIIB/HCA,BIIB,HCA,vol_adaptive,4932.880878714412,0.34529384879443115,0.401514805695436,0.9999989826697144,102,6,2026-05-08
RTX/SNA,RTX,SNA,vol_adaptive,3988.002639284937,0.45367100164412477,0.401514805695436,0.9999999999534096,70,6,2026-05-08
ATO/PCG,ATO,PCG,vol_adaptive,-8490.146819852895,-0.8036647955586423,0.401514805695436,9.272418162172148e-35,62,6,2026-05-08
AIG/L,AIG,L,vol_adaptive,-4555.053391136638,-0.5060125876942715,0.401514805695436,5.021273480097395e-13,84,6,2026-05-08
AON/KKR,AON,KKR,vol_adaptive,435.015417758397,0.025077197795265932,0.401514805695436,0.05871326064851738,86,6,2026-05-08
CDNS/PTC,CDNS,PTC,vol_adaptive,2573.270000000004,0.19127515921143906,0.401514805695436,0.9833638898869586,92,6,2026-05-08
HAS/YUM,HAS,YUM,static_threshold,15276.73158124308,1.0708484013054855,0.0003915339418334,1.0,104,6,2026-05-08
CSCO/PAYC,CSCO,PAYC,static_threshold,2307.744006349936,0.12206297754678175,0.0003915339418334,0.7308336825086168,118,6,2026-05-08
UNP/VLTO,UNP,VLTO,static_threshold,2960.302511303556,0.22959825778088133,0.0003915339418334,0.9833950281779625,110,6,2026-05-08
CME/DE,CME,DE,static_threshold,25097.17579547462,1.5307330860207509,0.0003915339418334,1.0,150,6,2026-05-08
EXR/WY,EXR,WY,static_threshold,4921.400262891937,0.4106995759419885,0.0003915339418334,0.9999999999995683,84,6,2026-05-08
BSX/PFE,BSX,PFE,static_threshold,2536.669679109217,0.16348597412879168,0.0003915339418334,0.9165088238629459,98,6,2026-05-08
AIG/CFG,AIG,CFG,static_threshold,-22697.2473002797,-1.387378236869669,0.0003915339418334,2.229176982656093e-35,104,6,2026-05-08
AKAM/KEYS,AKAM,KEYS,static_threshold,-8699.69999999996,-0.3331329400896007,0.0003915339418334,4.2445886932253575e-10,92,6,2026-05-08
TXT/YUM,TXT,YUM,static_threshold,8409.287823771843,0.5660314286444543,0.0003915339418334,0.9999999999060482,114,6,2026-05-08
BIIB/HCA,BIIB,HCA,static_threshold,10123.27511977001,0.625145607785812,0.0003915339418334,1.0,130,6,2026-05-08
RTX/SNA,RTX,SNA,static_threshold,16046.46146822751,1.1517738559819815,0.0003915339418334,0.9999999454680057,120,6,2026-05-08
ATO/PCG,ATO,PCG,static_threshold,-13029.07425276798,-0.951933149060759,0.0003915339418334,3.350532773032237e-32,108,6,2026-05-08
AIG/L,AIG,L,static_threshold,-8621.463974203712,-1.0332553402752356,0.0003915339418334,2.600559222834034e-22,102,6,2026-05-08
AON/KKR,AON,KKR,static_threshold,-6706.659428984686,-0.2742891902724811,0.0003915339418334,4.1398223504485e-10,112,6,2026-05-08
CDNS/PTC,CDNS,PTC,static_threshold,4060.099999999977,0.2841883128541713,0.0003915339418334,0.9999974597492259,98,6,2026-05-08
HAS/YUM,HAS,YUM,flash_hold,14085.48789689203,1.9147170115013394,-0.0082292370566114,1.0,150,6,2026-05-08
CSCO/PAYC,CSCO,PAYC,flash_hold,14198.85979549423,1.283170373935856,-0.0082292370566114,1.0,156,6,2026-05-08
UNP/VLTO,UNP,VLTO,flash_hold,-2668.606925888142,-0.386627554971267,-0.0082292370566114,4.6686408961757134e-26,158,6,2026-05-08
CME/DE,CME,DE,flash_hold,2126.0308749593,0.2717535187933033,-0.0082292370566114,0.99999070016399,144,6,2026-05-08
EXR/WY,EXR,WY,flash_hold,4083.991969321987,0.6539312705207291,-0.0082292370566114,1.0,184,6,2026-05-08
BSX/PFE,BSX,PFE,flash_hold,-1794.919565393841,-0.16519429711354522,-0.0082292370566114,5.648487981966259e-13,174,6,2026-05-08
AIG/CFG,AIG,CFG,flash_hold,-6203.597259444021,-0.7830802065007765,-0.0082292370566114,7.19918386286775e-31,192,6,2026-05-08
AKAM/KEYS,AKAM,KEYS,flash_hold,-10410.84999999996,-0.875137477635471,-0.0082292370566114,1.7003141152668575e-15,138,6,2026-05-08
TXT/YUM,TXT,YUM,flash_hold,3680.819566925086,0.5554520801653781,-0.0082292370566114,0.9999999999997543,158,6,2026-05-08
BIIB/HCA,BIIB,HCA,flash_hold,8611.071294621568,1.010564753571959,-0.0082292370566114,1.0,154,6,2026-05-08
RTX/SNA,RTX,SNA,flash_hold,4775.932343018078,0.615846105880433,-0.0082292370566114,0.999999999109813,162,6,2026-05-08
ATO/PCG,ATO,PCG,flash_hold,2635.992986802154,0.39063484248191255,-0.0082292370566114,0.9999999501298549,200,6,2026-05-08
AIG/L,AIG,L,flash_hold,2035.353744979583,0.4167547498174631,-0.0082292370566114,0.9999999999073019,176,6,2026-05-08
AON/KKR,AON,KKR,flash_hold,2779.311287433703,0.24241403124413288,-0.0082292370566114,0.9990658755399363,170,6,2026-05-08
CDNS/PTC,CDNS,PTC,flash_hold,-4518.249999999982,-0.4606640708649192,-0.0082292370566114,1.009668429374118e-14,158,6,2026-05-08
HAS/YUM,HAS,YUM,vol_agnostic,10038.44487105566,0.5688564398356236,-0.0619463600019574,0.9999976290672603,110,6,2026-05-08
CSCO/PAYC,CSCO,PAYC,vol_agnostic,11627.27060169799,0.5953273606080461,-0.0619463600019574,0.9999999999997159,116,6,2026-05-08
UNP/VLTO,UNP,VLTO,vol_agnostic,-6241.084851991251,-0.44015660482571356,-0.0619463600019574,2.0789242452905768e-24,106,6,2026-05-08
CME/DE,CME,DE,vol_agnostic,17471.14150949818,1.1451816275370605,-0.0619463600019574,1.0,140,6,2026-05-08
EXR/WY,EXR,WY,vol_agnostic,12930.84215499111,0.861105944469004,-0.0619463600019574,1.0,92,6,2026-05-08
BSX/PFE,BSX,PFE,vol_agnostic,8486.831948978974,0.3713033217568317,-0.0619463600019574,0.9960056085976047,96,6,2026-05-08
AIG/CFG,AIG,CFG,vol_agnostic,-12085.8851560029,-0.7261094646047836,-0.0619463600019574,8.807646150474782e-35,108,6,2026-05-08
AKAM/KEYS,AKAM,KEYS,vol_agnostic,-16187.01999999997,-0.6762813223037992,-0.0619463600019574,1.0775922467313264e-11,84,6,2026-05-08
TXT/YUM,TXT,YUM,vol_agnostic,-2548.531187328086,-0.17478501419019557,-0.0619463600019574,4.66187477333441e-10,106,6,2026-05-08
BIIB/HCA,BIIB,HCA,vol_agnostic,15742.21635673089,0.8518139292422982,-0.0619463600019574,1.0,138,6,2026-05-08
RTX/SNA,RTX,SNA,vol_agnostic,10231.90247492174,0.7124301322097434,-0.0619463600019574,0.9999999817674401,112,6,2026-05-08
ATO/PCG,ATO,PCG,vol_agnostic,-14322.78034641145,-0.9869513512891579,-0.0619463600019574,1.9907064363656178e-38,76,6,2026-05-08
AIG/L,AIG,L,vol_agnostic,-13227.80041840597,-1.4617363549638518,-0.0619463600019574,3.2125868187609906e-26,98,6,2026-05-08
AON/KKR,AON,KKR,vol_agnostic,2131.29254678475,0.0819918039611416,-0.0619463600019574,0.39139620270011816,122,6,2026-05-08
CDNS/PTC,CDNS,PTC,vol_agnostic,2938.149999999974,0.20974093977202968,-0.0619463600019574,0.9964016539946847,86,6,2026-05-08
HAS/YUM,HAS,YUM,slow_reentry,10004.27623908795,0.6982826108670446,-0.0673091147799259,0.9997546453894537,56,6,2026-05-08
CSCO/PAYC,CSCO,PAYC,slow_reentry,19902.88906482518,1.4641554084795219,-0.0673091147799259,0.9999999999928165,64,6,2026-05-08
UNP/VLTO,UNP,VLTO,slow_reentry,-6573.012784503099,-0.5657352368277992,-0.0673091147799259,5.944868349808444e-15,58,6,2026-05-08
CME/DE,CME,DE,slow_reentry,3919.145442446721,0.3847379216965399,-0.0673091147799259,0.9999997781488105,66,6,2026-05-08
EXR/WY,EXR,WY,slow_reentry,-1457.936662554845,-0.13739221881628816,-0.0673091147799259,2.946361809724563e-05,60,6,2026-05-08
BSX/PFE,BSX,PFE,slow_reentry,-7345.227135678095,-0.3640107849175485,-0.0673091147799259,1.2066823380786732e-09,56,6,2026-05-08
AIG/CFG,AIG,CFG,slow_reentry,2748.856199254315,0.24441597203915108,-0.0673091147799259,0.9994264770929098,64,6,2026-05-08
AKAM/KEYS,AKAM,KEYS,slow_reentry,-8107.359999999977,-0.47172604299415993,-0.0673091147799259,3.117493569090591e-08,52,6,2026-05-08
TXT/YUM,TXT,YUM,slow_reentry,5399.407232157639,0.5536343578154024,-0.0673091147799259,0.9999999999998022,76,6,2026-05-08
BIIB/HCA,BIIB,HCA,slow_reentry,5022.679750724114,0.35625427551444333,-0.0673091147799259,0.9999997309326417,70,6,2026-05-08
RTX/SNA,RTX,SNA,slow_reentry,4916.261970412384,0.6256883635065579,-0.0673091147799259,0.9999999989362159,58,6,2026-05-08
ATO/PCG,ATO,PCG,slow_reentry,-2686.03713654277,-0.3054601320259643,-0.0673091147799259,1.3448456921257958e-17,52,6,2026-05-08
AIG/L,AIG,L,slow_reentry,-3600.81275314366,-0.5745907244516263,-0.0673091147799259,5.112124308131092e-06,48,6,2026-05-08
AON/KKR,AON,KKR,slow_reentry,9132.598174542636,0.6346170196367326,-0.0673091147799259,1.0,60,6,2026-05-08
CDNS/PTC,CDNS,PTC,slow_reentry,-1657.65000000002,-0.1489865833841266,-0.0673091147799259,8.428760539437271e-06,58,6,2026-05-08
HAS/YUM,HAS,YUM,medium_signal_high_leverage,22214.36984319003,1.198089404213964,-0.3144129394050397,0.9999999999999998,64,6,2026-05-08
CSCO/PAYC,CSCO,PAYC,medium_signal_high_leverage,6582.786969846571,0.28436487006449024,-0.3144129394050397,0.9992496771625186,56,6,2026-05-08
UNP/VLTO,UNP,VLTO,medium_signal_high_leverage,-6000.331279493075,-0.31503922726158806,-0.3144129394050397,2.88857239337219e-21,64,6,2026-05-08
CME/DE,CME,DE,medium_signal_high_leverage,16919.97300763828,1.0008097036572037,-0.3144129394050397,1.0,70,6,2026-05-08
EXR/WY,EXR,WY,medium_signal_high_leverage,-3167.191976423664,-0.17788015801727128,-0.3144129394050397,1.1880924262134518e-06,66,6,2026-05-08
BSX/PFE,BSX,PFE,medium_signal_high_leverage,1949.369171934344,0.10528806977621079,-0.3144129394050397,0.6026972163823534,62,6,2026-05-08
AIG/CFG,AIG,CFG,medium_signal_high_leverage,-23340.56823066884,-1.1340859513409514,-0.3144129394050397,2.805857745893533e-23,70,6,2026-05-08
AKAM/KEYS,AKAM,KEYS,medium_signal_high_leverage,-4718.099999999976,-0.23131965155808543,-0.3144129394050397,1.0178022094593188e-09,52,6,2026-05-08
TXT/YUM,TXT,YUM,medium_signal_high_leverage,15227.32363816866,0.9859819234917186,-0.3144129394050397,1.0,70,6,2026-05-08
BIIB/HCA,BIIB,HCA,medium_signal_high_leverage,11816.72513957476,0.5826662072502162,-0.3144129394050397,0.9999999999999832,72,6,2026-05-08
RTX/SNA,RTX,SNA,medium_signal_high_leverage,-2263.172969234878,-0.1839590824549294,-0.3144129394050397,1.0341400172880759e-10,62,6,2026-05-08
ATO/PCG,ATO,PCG,medium_signal_high_leverage,-9478.025262549252,-0.5355232482377845,-0.3144129394050397,5.1856451615657946e-27,54,6,2026-05-08
AIG/L,AIG,L,medium_signal_high_leverage,-9454.636816698316,-0.8784682971720155,-0.3144129394050397,4.147584783085927e-12,64,6,2026-05-08
AON/KKR,AON,KKR,medium_signal_high_leverage,-7830.430553167895,-0.2804400145392702,-0.3144129394050397,1.97513749951142e-12,64,6,2026-05-08
CDNS/PTC,CDNS,PTC,medium_signal_high_leverage,-2087.250000000011,-0.11132407623232025,-0.3144129394050397,2.2150404412308884e-05,64,6,2026-05-08
HAS/YUM,HAS,YUM,symmetric_exit,13460.08741013373,1.427330892499484,-0.3256512929658645,1.0,50,6,2026-05-08
CSCO/PAYC,CSCO,PAYC,symmetric_exit,-4550.799825073855,-0.3527638018532773,-0.3256512929658645,2.038113089885818e-08,46,6,2026-05-08
UNP/VLTO,UNP,VLTO,symmetric_exit,456.3047652404271,0.048385774099172184,-0.3256512929658645,0.19035253100900013,46,6,2026-05-08
CME/DE,CME,DE,symmetric_exit,7295.203448809763,0.8626367462488672,-0.3256512929658645,0.999999999826534,54,6,2026-05-08
EXR/WY,EXR,WY,symmetric_exit,322.5503528537829,0.04429634933849298,-0.3256512929658645,0.12710661993959915,56,6,2026-05-08
BSX/PFE,BSX,PFE,symmetric_exit,9770.694423560251,0.7527212510024687,-0.3256512929658645,0.9999999944825129,54,6,2026-05-08
AIG/CFG,AIG,CFG,symmetric_exit,358.0460101120816,0.03313378268059695,-0.3256512929658645,0.08710680504916612,62,6,2026-05-08
AKAM/KEYS,AKAM,KEYS,symmetric_exit,-11652.02999999998,-0.7648002427354508,-0.3256512929658645,6.15464273940946e-07,42,6,2026-05-08
TXT/YUM,TXT,YUM,symmetric_exit,8185.936866488501,0.9550419079164991,-0.3256512929658645,1.0,58,6,2026-05-08
BIIB/HCA,BIIB,HCA,symmetric_exit,-1959.043204286015,-0.1662972192655386,-0.3256512929658645,4.551448080889446e-08,68,6,2026-05-08
RTX/SNA,RTX,SNA,symmetric_exit,2004.94537021809,0.2592288552279366,-0.3256512929658645,0.998890984627322,48,6,2026-05-08
ATO/PCG,ATO,PCG,symmetric_exit,-8151.453205883603,-0.9916434896319882,-0.3256512929658645,2.1867617492292973e-20,66,6,2026-05-08
AIG/L,AIG,L,symmetric_exit,-4741.842239432444,-0.841602303322175,-0.3256512929658645,1.1541003783039583e-16,52,6,2026-05-08
AON/KKR,AON,KKR,symmetric_exit,7341.507568012765,0.572936525296814,-0.3256512929658645,0.9999999999997312,50,6,2026-05-08
CDNS/PTC,CDNS,PTC,symmetric_exit,1629.299999999992,0.16303021869043727,-0.3256512929658645,0.9633921208670029,50,6,2026-05-08
HAS/YUM,HAS,YUM,patient_hold,7813.745030699612,0.7852206989740782,-0.3723995258815034,0.999999865042637,36,6,2026-05-08
CSCO/PAYC,CSCO,PAYC,patient_hold,9757.712243664375,0.8512633528971979,-0.3723995258815034,0.9999998573373559,34,6,2026-05-08
UNP/VLTO,UNP,VLTO,patient_hold,740.5619760506604,0.07159182284092076,-0.3723995258815034,0.33839968064917597,42,6,2026-05-08
CME/DE,CME,DE,patient_hold,8175.611845965047,0.8773142251291011,-0.3723995258815034,0.9999999999994044,58,6,2026-05-08
EXR/WY,EXR,WY,patient_hold,3656.994264850442,0.40309276092501556,-0.3723995258815034,0.9999999999285427,42,6,2026-05-08
BSX/PFE,BSX,PFE,patient_hold,8698.22300334963,0.7101764256414814,-0.3723995258815034,1.0,50,6,2026-05-08
AIG/CFG,AIG,CFG,patient_hold,-2526.935572672711,-0.23766478920008652,-0.3723995258815034,2.3967235291391602e-11,42,6,2026-05-08
AKAM/KEYS,AKAM,KEYS,patient_hold,-13387.5,-1.0519292347770606,-0.3723995258815034,1.4906583759656898e-13,40,6,2026-05-08
TXT/YUM,TXT,YUM,patient_hold,-919.6666902392517,-0.0958796197456646,-0.3723995258815034,1.6829700481283144e-05,52,6,2026-05-08
BIIB/HCA,BIIB,HCA,patient_hold,1722.798073387483,0.16157489118282992,-0.3723995258815034,0.9378726898151675,44,6,2026-05-08
RTX/SNA,RTX,SNA,patient_hold,8519.553172045353,1.423699565854838,-0.3723995258815034,0.9999999999999996,50,6,2026-05-08
ATO/PCG,ATO,PCG,patient_hold,-6472.54763266924,-0.5809382737570501,-0.3723995258815034,1.1020817467943664e-25,52,6,2026-05-08
AIG/L,AIG,L,patient_hold,-6041.531748905578,-1.062855662347807,-0.3723995258815034,8.374217341429133e-31,46,6,2026-05-08
AON/KKR,AON,KKR,patient_hold,365.3915760820146,0.031227788461869816,-0.3723995258815034,0.0737090396343896,42,6,2026-05-08
CDNS/PTC,CDNS,PTC,patient_hold,-1252.540000000028,-0.13274144244174926,-0.3723995258815034,2.9652895760885826e-05,38,6,2026-05-08
HAS/YUM,HAS,YUM,high_leverage,19062.77334292647,0.8577654059127211,-0.3740102814808627,0.9999695124123674,58,6,2026-05-08
CSCO/PAYC,CSCO,PAYC,high_leverage,1896.280216375762,0.0860960251447604,-0.3740102814808627,0.4356935941622589,74,6,2026-05-08
UNP/VLTO,UNP,VLTO,high_leverage,-6795.998329382483,-0.3717066324518816,-0.3740102814808627,4.766916979357453e-19,66,6,2026-05-08
CME/DE,CME,DE,high_leverage,5955.244803603877,0.38533053804660006,-0.3740102814808627,0.9999997881651658,68,6,2026-05-08
EXR/WY,EXR,WY,high_leverage,7069.163483469591,0.3764392011905974,-0.3740102814808627,0.9999999991740425,76,6,2026-05-08
BSX/PFE,BSX,PFE,high_leverage,23957.86547914184,0.7492728795623346,-0.3740102814808627,0.9996545562049657,72,6,2026-05-08
AIG/CFG,AIG,CFG,high_leverage,-20274.42114357359,-0.9520642631306164,-0.3740102814808627,2.57761037490737e-27,84,6,2026-05-08
AKAM/KEYS,AKAM,KEYS,high_leverage,-18418.45999999999,-0.8404363382548515,-0.3740102814808627,2.77435398989671e-14,54,6,2026-05-08
TXT/YUM,TXT,YUM,high_leverage,4298.062928396452,0.26831479317630896,-0.3740102814808627,0.9997869894261343,78,6,2026-05-08
BIIB/HCA,BIIB,HCA,high_leverage,18.97508479629414,0.0009212080209023586,-0.3740102814808627,0.018880670167336775,66,6,2026-05-08
RTX/SNA,RTX,SNA,high_leverage,4379.96153818257,0.32061384390245823,-0.3740102814808627,0.9986123044849992,66,6,2026-05-08
ATO/PCG,ATO,PCG,high_leverage,-9577.745054622412,-0.5686688262284669,-0.3740102814808627,5.289314038464953e-25,58,6,2026-05-08
AIG/L,AIG,L,high_leverage,-13558.44875733767,-1.5829804303523323,-0.3740102814808627,2.7242471305011685e-36,56,6,2026-05-08
AON/KKR,AON,KKR,high_leverage,6977.282231792937,0.28046872124398153,-0.3740102814808627,0.9999615918587915,64,6,2026-05-08
CDNS/PTC,CDNS,PTC,high_leverage,-4337.880000000052,-0.26233192224055335,-0.3740102814808627,9.307222211475168e-08,56,6,2026-05-08
HAS/YUM,HAS,YUM,short_z_long_v,8243.139412145281,0.6731562213941432,-0.3862392482463598,0.9999954601232536,62,6,2026-05-08
CSCO/PAYC,CSCO,PAYC,short_z_long_v,1986.726821383049,0.14465250450555703,-0.3862392482463598,0.8714280659148805,56,6,2026-05-08
UNP/VLTO,UNP,VLTO,short_z_long_v,-3231.662052370012,-0.3093107222917139,-0.3862392482463598,2.9278511037108996e-13,52,6,2026-05-08
CME/DE,CME,DE,short_z_long_v,15530.25056256163,1.2975909750445471,-0.3862392482463598,0.9999999912037526,70,6,2026-05-08
EXR/WY,EXR,WY,short_z_long_v,3413.611953810519,0.3460433141800514,-0.3862392482463598,0.9999174865556012,72,6,2026-05-08
BSX/PFE,BSX,PFE,short_z_long_v,4497.628650348003,0.39766671908866846,-0.3862392482463598,0.9999989976489372,74,6,2026-05-08
AIG/CFG,AIG,CFG,short_z_long_v,-16449.63342049364,-1.410010810202825,-0.3862392482463598,1.1272776568329622e-13,76,6,2026-05-08
AKAM/KEYS,AKAM,KEYS,short_z_long_v,-15163.61000000003,-0.7505102557152437,-0.3862392482463598,3.936933076029389e-08,62,6,2026-05-08
TXT/YUM,TXT,YUM,short_z_long_v,-3948.712515631479,-0.3664485010902176,-0.3862392482463598,2.6657582148565597e-20,72,6,2026-05-08
BIIB/HCA,BIIB,HCA,short_z_long_v,12913.71717465842,1.0329394764847104,-0.3862392482463598,1.0,70,6,2026-05-08
RTX/SNA,RTX,SNA,short_z_long_v,3322.958761716155,0.3570465788369632,-0.3862392482463598,0.999747057014601,62,6,2026-05-08
ATO/PCG,ATO,PCG,short_z_long_v,-8099.10467154824,-0.7526099131029048,-0.3862392482463598,1.8069070452339817e-24,84,6,2026-05-08
AIG/L,AIG,L,short_z_long_v,-779.4391681892694,-0.10542274539610165,-0.3862392482463598,9.201507793417222e-05,82,6,2026-05-08
AON/KKR,AON,KKR,short_z_long_v,7231.880597518458,0.4344713715682738,-0.3862392482463598,0.9999999881907053,84,6,2026-05-08
CDNS/PTC,CDNS,PTC,short_z_long_v,4320.880000000039,0.4474163392123894,-0.3862392482463598,0.9999997633056452,64,6,2026-05-08
HAS/YUM,HAS,YUM,fast_reentry,14632.08839587114,0.9904479184073595,-0.4333328238419614,0.9999682782917902,62,6,2026-05-08
CSCO/PAYC,CSCO,PAYC,fast_reentry,7165.862627251341,0.48940005855882307,-0.4333328238419614,0.9999999998985457,76,6,2026-05-08
UNP/VLTO,UNP,VLTO,fast_reentry,-8615.795263487711,-0.7235102063364605,-0.4333328238419614,8.817965820766772e-15,72,6,2026-05-08
CME/DE,CME,DE,fast_reentry,3928.462161111215,0.379582338675042,-0.4333328238419614,0.9999996946295002,68,6,2026-05-08
EXR/WY,EXR,WY,fast_reentry,-6233.301886043697,-0.6694534926582664,-0.4333328238419614,3.732970602985317e-21,70,6,2026-05-08
BSX/PFE,BSX,PFE,fast_reentry,-3206.179028582725,-0.20698753299262457,-0.4333328238419614,1.456405183971409e-07,74,6,2026-05-08
AIG/CFG,AIG,CFG,fast_reentry,5275.815271781933,0.40801834565710765,-0.4333328238419614,0.9999999947318761,84,6,2026-05-08
AKAM/KEYS,AKAM,KEYS,fast_reentry,-12349.96999999999,-0.7747642520236226,-0.4333328238419614,5.927628117090743e-17,64,6,2026-05-08
TXT/YUM,TXT,YUM,fast_reentry,2118.158649606819,0.2069785553666829,-0.4333328238419614,0.9892964878745559,84,6,2026-05-08
BIIB/HCA,BIIB,HCA,fast_reentry,970.1505449911583,0.06892862150269025,-0.4333328238419614,0.28933303607307825,78,6,2026-05-08
RTX/SNA,RTX,SNA,fast_reentry,8159.279934858891,1.1333228192299176,-0.4333328238419614,1.0,64,6,2026-05-08
ATO/PCG,ATO,PCG,fast_reentry,1814.976942926286,0.16173460899245062,-0.4333328238419614,0.9181121253716504,88,6,2026-05-08
AIG/L,AIG,L,fast_reentry,-2860.699894429286,-0.3755507071450874,-0.4333328238419614,7.063763322372394e-09,76,6,2026-05-08
AON/KKR,AON,KKR,fast_reentry,1136.561827340213,0.06991117947064607,-0.4333328238419614,0.29263981818543705,76,6,2026-05-08
CDNS/PTC,CDNS,PTC,fast_reentry,-548.9700000000284,-0.04673707523446953,-0.4333328238419614,0.0015108636474700024,62,6,2026-05-08
HAS/YUM,HAS,YUM,fast_signal,-3389.029707208083,-0.2667495403276914,-0.4554299650897827,7.487697773625554e-15,82,6,2026-05-08
CSCO/PAYC,CSCO,PAYC,fast_signal,12618.21973531161,0.824202776478343,-0.4554299650897827,0.9999999999982189,82,6,2026-05-08
UNP/VLTO,UNP,VLTO,fast_signal,-9341.596364775747,-0.8242629613043928,-0.4554299650897827,2.122785469388382e-16,96,6,2026-05-08
CME/DE,CME,DE,fast_signal,2790.675194778261,0.25997814497912464,-0.4554299650897827,0.9994009491532322,72,6,2026-05-08
EXR/WY,EXR,WY,fast_signal,-2779.256618714741,-0.2461920793984263,-0.4554299650897827,9.674432868439125e-12,100,6,2026-05-08
BSX/PFE,BSX,PFE,fast_signal,4181.368661073289,0.2581344121039661,-0.4554299650897827,0.9999256838590314,86,6,2026-05-08
AIG/CFG,AIG,CFG,fast_signal,-13760.66131045068,-1.1437482743621947,-0.4554299650897827,4.8662625413370406e-26,106,6,2026-05-08
AKAM/KEYS,AKAM,KEYS,fast_signal,-18777.58,-1.140943396381516,-0.4554299650897827,2.7940062785448005e-08,78,6,2026-05-08
TXT/YUM,TXT,YUM,fast_signal,3267.905306007858,0.31888262529449685,-0.4554299650897827,0.9997884486594267,84,6,2026-05-08
BIIB/HCA,BIIB,HCA,fast_signal,2262.697994805085,0.20985553294018572,-0.4554299650897827,0.9906820034520523,74,6,2026-05-08
RTX/SNA,RTX,SNA,fast_signal,8914.312036603198,1.0495702860208043,-0.4554299650897827,0.9999999990355549,66,6,2026-05-08
ATO/PCG,ATO,PCG,fast_signal,5409.425105076398,0.4949736924091197,-0.4554299650897827,0.9999999995918122,90,6,2026-05-08
AIG/L,AIG,L,fast_signal,259.1750118782147,0.030727028603192805,-0.4554299650897827,0.09101395455507777,74,6,2026-05-08
AON/KKR,AON,KKR,fast_signal,17381.700297614,0.8804774742536925,-0.4554299650897827,1.0,94,6,2026-05-08
CDNS/PTC,CDNS,PTC,fast_signal,1010.290000000019,0.09007312197005198,-0.4554299650897827,0.46489023529458906,82,6,2026-05-08
HAS/YUM,HAS,YUM,slow_signal,6612.838103945358,0.8273539644000061,-0.4571665070107894,1.0,52,6,2026-05-08
CSCO/PAYC,CSCO,PAYC,slow_signal,4831.544495020566,0.30776367429415924,-0.4571665070107894,0.9998054431016389,40,6,2026-05-08
UNP/VLTO,UNP,VLTO,slow_signal,-1425.960732563643,-0.15143138215187749,-0.4571665070107894,1.0599521697087522e-12,36,6,2026-05-08
CME/DE,CME,DE,slow_signal,13967.5620381369,1.7215660010506406,-0.4571665070107894,0.9999999999956203,42,6,2026-05-08
EXR/WY,EXR,WY,slow_signal,13884.02682115304,1.6605635204603648,-0.4571665070107894,1.0,40,6,2026-05-08
BSX/PFE,BSX,PFE,slow_signal,6352.388774456882,0.453588564363214,-0.4571665070107894,0.9998919681427167,48,6,2026-05-08
AIG/CFG,AIG,CFG,slow_signal,-13671.10337430101,-1.7317757617726313,-0.4571665070107894,2.157950925792058e-19,50,6,2026-05-08
AKAM/KEYS,AKAM,KEYS,slow_signal,-20445.20999999999,-0.9875599634587265,-0.4571665070107894,2.0121383281778932e-08,44,6,2026-05-08
TXT/YUM,TXT,YUM,slow_signal,2119.055381524063,0.23321444165048505,-0.4571665070107894,0.987061687939163,52,6,2026-05-08
BIIB/HCA,BIIB,HCA,slow_signal,8596.361455208886,0.7904785453631497,-0.4571665070107894,0.9999999999999032,42,6,2026-05-08
RTX/SNA,RTX,SNA,slow_signal,3010.083191381075,0.44209219253146753,-0.4571665070107894,0.9999955925022987,42,6,2026-05-08
ATO/PCG,ATO,PCG,slow_signal,-12827.07198713884,-1.195749613923274,-0.4571665070107894,9.899824893208088e-29,56,6,2026-05-08
AIG/L,AIG,L,slow_signal,-4832.991911226521,-0.999960946010584,-0.4571665070107894,1.176640262675052e-24,52,6,2026-05-08
AON/KKR,AON,KKR,slow_signal,8363.224697790516,0.6799924774498183,-0.4571665070107894,0.9999999999999308,48,6,2026-05-08
CDNS/PTC,CDNS,PTC,slow_signal,-3111.540000000033,-0.33823950292433497,-0.4571665070107894,1.0182209621414414e-07,44,6,2026-05-08
HAS/YUM,HAS,YUM,fast_signal_tight_stop,-9328.136352935659,-0.851384923341954,-0.4667572140344352,1.6205199788401342e-08,70,6,2026-05-08
CSCO/PAYC,CSCO,PAYC,fast_signal_tight_stop,3136.672421495382,0.2169500691232337,-0.4667572140344352,0.9939655726234915,72,6,2026-05-08
UNP/VLTO,UNP,VLTO,fast_signal_tight_stop,-2855.325456529353,-0.282881218891151,-0.4667572140344352,4.6338939663698334e-15,92,6,2026-05-08
CME/DE,CME,DE,fast_signal_tight_stop,-308.6715013410881,-0.030307142940508004,-0.4667572140344352,0.00271692637992849,68,6,2026-05-08
EXR/WY,EXR,WY,fast_signal_tight_stop,678.5056107721402,0.07522477072962139,-0.4667572140344352,0.3358206787574254,94,6,2026-05-08
BSX/PFE,BSX,PFE,fast_signal_tight_stop,-4273.037962920663,-0.3596313904692442,-0.4667572140344352,1.0395392002179887e-12,78,6,2026-05-08
AIG/CFG,AIG,CFG,fast_signal_tight_stop,-1422.645644737781,-0.13186629822990992,-0.4667572140344352,1.0478816990125384e-06,88,6,2026-05-08
AKAM/KEYS,AKAM,KEYS,fast_signal_tight_stop,-18501.48000000001,-1.3043288598089073,-0.4667572140344352,1.4087727304741918e-11,72,6,2026-05-08
TXT/YUM,TXT,YUM,fast_signal_tight_stop,3740.285474056903,0.4057126340591981,-0.4667572140344352,0.9999786157106303,70,6,2026-05-08
BIIB/HCA,BIIB,HCA,fast_signal_tight_stop,1623.444326592203,0.17259219273631665,-0.4667572140344352,0.945556935893976,68,6,2026-05-08
RTX/SNA,RTX,SNA,fast_signal_tight_stop,8886.244915853666,1.0452468196250557,-0.4667572140344352,0.9999999990074591,66,6,2026-05-08
ATO/PCG,ATO,PCG,fast_signal_tight_stop,9441.254328836494,0.9264798582647643,-0.4667572140344352,0.9999999999998034,78,6,2026-05-08
AIG/L,AIG,L,fast_signal_tight_stop,1861.27141109675,0.2582120875385236,-0.4667572140344352,0.9703100648034689,64,6,2026-05-08
AON/KKR,AON,KKR,fast_signal_tight_stop,19865.69581639766,1.0912473076940203,-0.4667572140344352,0.9999999999997999,78,6,2026-05-08
CDNS/PTC,CDNS,PTC,fast_signal_tight_stop,-560.0699999999688,-0.05244679139513575,-0.4667572140344352,0.0012535969534610736,76,6,2026-05-08
HAS/YUM,HAS,YUM,high_entry,9036.096970682986,1.4515298210787355,-0.4719609958512149,0.9999999999999626,26,6,2026-05-08
CSCO/PAYC,CSCO,PAYC,high_entry,-4153.236038776366,-0.3314066150401108,-0.4719609958512149,1.0632310183475309e-07,28,6,2026-05-08
UNP/VLTO,UNP,VLTO,high_entry,-912.2351845823459,-0.10354971828842875,-0.4719609958512149,2.8544324324981395e-09,30,6,2026-05-08
CME/DE,CME,DE,high_entry,856.5680550440329,0.10196042814242977,-0.4719609958512149,0.5719111796259476,36,6,2026-05-08
EXR/WY,EXR,WY,high_entry,-719.2877782495416,-0.1180927461452861,-0.4719609958512149,1.5147801678674466e-05,28,6,2026-05-08
BSX/PFE,BSX,PFE,high_entry,6531.292224202729,0.7088226703144958,-0.4719609958512149,0.9999999988144901,34,6,2026-05-08
AIG/CFG,AIG,CFG,high_entry,4054.966622957952,0.4053681929128434,-0.4719609958512149,0.999997504929262,36,6,2026-05-08
AKAM/KEYS,AKAM,KEYS,high_entry,3969.680000000006,0.3736462789098759,-0.4719609958512149,0.9999569461690665,32,6,2026-05-08
TXT/YUM,TXT,YUM,high_entry,2850.81870597613,0.4109370777854803,-0.4719609958512149,0.9999994177198049,34,6,2026-05-08
BIIB/HCA,BIIB,HCA,high_entry,3920.809095774649,0.43610064700848,-0.4719609958512149,0.9999992732521581,30,6,2026-05-08
RTX/SNA,RTX,SNA,high_entry,3589.575086666786,0.6607319288040217,-0.4719609958512149,0.9999999954133862,26,6,2026-05-08
ATO/PCG,ATO,PCG,high_entry,-12945.43057811529,-1.7067974620314035,-0.4719609958512149,1.4570820804873054e-14,48,6,2026-05-08
AIG/L,AIG,L,high_entry,-4401.723315429071,-0.9005957601706093,-0.4719609958512149,1.713514915569232e-19,32,6,2026-05-08
AON/KKR,AON,KKR,high_entry,-1785.494800635329,-0.19119633188101187,-0.4719609958512149,3.939042265606455e-06,34,6,2026-05-08
CDNS/PTC,CDNS,PTC,high_entry,6650.439999999984,0.7273081260574702,-0.4719609958512149,0.9999999475421003,30,6,2026-05-08
HAS/YUM,HAS,YUM,balanced_plus,8591.563780232773,0.7424396878801787,-0.5254683363576368,0.9999999999980704,70,6,2026-05-08
CSCO/PAYC,CSCO,PAYC,balanced_plus,12744.02388737507,0.857735308136981,-0.5254683363576368,0.999999999931522,64,6,2026-05-08
UNP/VLTO,UNP,VLTO,balanced_plus,-14789.54616942243,-1.2480702069247285,-0.5254683363576368,8.699202251074677e-12,70,6,2026-05-08
CME/DE,CME,DE,balanced_plus,14033.41429464762,1.2005947640039267,-0.5254683363576368,1.0,72,6,2026-05-08
EXR/WY,EXR,WY,balanced_plus,396.5305464994417,0.03805007477068295,-0.5254683363576368,0.10879007571278199,66,6,2026-05-08
BSX/PFE,BSX,PFE,balanced_plus,779.736912737595,0.053670858392442435,-0.5254683363576368,0.19373907738691432,78,6,2026-05-08
AIG/CFG,AIG,CFG,balanced_plus,-6300.581299738871,-0.5200485974029944,-0.5254683363576368,1.570418612991989e-26,82,6,2026-05-08
AKAM/KEYS,AKAM,KEYS,balanced_plus,1104.230000000014,0.08917294846238367,-0.5254683363576368,0.4587397411474653,62,6,2026-05-08
TXT/YUM,TXT,YUM,balanced_plus,585.0657641907947,0.05338175217494041,-0.5254683363576368,0.19632874841064046,82,6,2026-05-08
BIIB/HCA,BIIB,HCA,balanced_plus,3170.118936740414,0.26367284629034604,-0.5254683363576368,0.9998827576108905,68,6,2026-05-08
RTX/SNA,RTX,SNA,balanced_plus,660.2723690623197,0.08018006550779393,-0.5254683363576368,0.3920846273997491,70,6,2026-05-08
ATO/PCG,ATO,PCG,balanced_plus,-9535.017195056165,-0.9606819693904326,-0.5254683363576368,1.473564645311665e-30,68,6,2026-05-08
AIG/L,AIG,L,balanced_plus,-3147.357448620784,-0.4248790720891887,-0.5254683363576368,1.0669441861156381e-14,72,6,2026-05-08
AON/KKR,AON,KKR,balanced_plus,-6317.138479958219,-0.39121182258519305,-0.5254683363576368,9.280567015199352e-14,70,6,2026-05-08
CDNS/PTC,CDNS,PTC,balanced_plus,5471.26999999995,0.47200082532446813,-0.5254683363576368,0.9999999988674971,70,6,2026-05-08
HAS/YUM,HAS,YUM,default,14170.46619627932,0.977436174281852,-0.6231863757553132,0.9999602271412018,60,6,2026-05-08
CSCO/PAYC,CSCO,PAYC,default,7212.518925821514,0.5225292114262602,-0.6231863757553132,0.999999999446294,72,6,2026-05-08
UNP/VLTO,UNP,VLTO,default,-5156.959445020318,-0.44759895631097313,-0.6231863757553132,3.407257545846511e-18,66,6,2026-05-08
CME/DE,CME,DE,default,3892.119368035841,0.3801524515804136,-0.6231863757553132,0.999999714930334,68,6,2026-05-08
EXR/WY,EXR,WY,default,-890.3729897966505,-0.08151038963648151,-0.6231863757553132,0.0003200188794825347,68,6,2026-05-08
BSX/PFE,BSX,PFE,default,758.2084275433608,0.036633046477785314,-0.6231863757553132,0.12572995444223378,74,6,2026-05-08
AIG/CFG,AIG,CFG,default,2874.272325952867,0.24565359544279924,-0.6231863757553132,0.9996855047371612,80,6,2026-05-08
AKAM/KEYS,AKAM,KEYS,default,-14202.87000000001,-0.9834819354812185,-0.6231863757553132,1.790516111279767e-13,60,6,2026-05-08
TXT/YUM,TXT,YUM,default,3062.168131173857,0.31185460930649106,-0.6231863757553132,0.9999804556136775,78,6,2026-05-08
BIIB/HCA,BIIB,HCA,default,-1415.810210121979,-0.10493742054358365,-0.6231863757553132,8.57432559858002e-06,74,6,2026-05-08
RTX/SNA,RTX,SNA,default,2957.125514753873,0.3272661664575908,-0.6231863757553132,0.9989132095732524,66,6,2026-05-08
ATO/PCG,ATO,PCG,default,-4669.249025363055,-0.47829495563638047,-0.6231863757553132,4.822269623857801e-19,66,6,2026-05-08
AIG/L,AIG,L,default,-9421.3823401345,-1.720604019263893,-0.6231863757553132,4.8295377168931175e-29,54,6,2026-05-08
AON/KKR,AON,KKR,default,3851.23686326468,0.23907336364172335,-0.6231863757553132,0.9991541903955938,64,6,2026-05-08
CDNS/PTC,CDNS,PTC,default,-2670.850000000028,-0.24148486656013843,-0.6231863757553132,1.619781514964347e-07,58,6,2026-05-08
HAS/YUM,HAS,YUM,quick_exit,10454.51480156062,0.7290204680401025,-0.7023800895790451,0.9998396689496596,64,6,2026-05-08
CSCO/PAYC,CSCO,PAYC,quick_exit,10656.44895284404,0.8001834424898089,-0.7023800895790451,0.9999999999781352,68,6,2026-05-08
UNP/VLTO,UNP,VLTO,quick_exit,-5505.531024804692,-0.5023565495031103,-0.7023800895790451,2.969188309816618e-14,66,6,2026-05-08
CME/DE,CME,DE,quick_exit,2701.950446485618,0.2840338448750185,-0.7023800895790451,0.9998160614845174,66,6,2026-05-08
EXR/WY,EXR,WY,quick_exit,3484.273636109891,0.4016507751566691,-0.7023800895790451,0.9999977341369349,66,6,2026-05-08
BSX/PFE,BSX,PFE,quick_exit,1534.675592147238,0.07710335668821114,-0.7023800895790451,0.3867276292514222,70,6,2026-05-08
AIG/CFG,AIG,CFG,quick_exit,-2299.003819463714,-0.18794984237026277,-0.7023800895790451,8.621878843837888e-11,86,6,2026-05-08
AKAM/KEYS,AKAM,KEYS,quick_exit,-17454.41999999998,-1.2463252853731652,-0.7023800895790451,8.953966711669723e-14,60,6,2026-05-08
TXT/YUM,TXT,YUM,quick_exit,6059.851256326072,0.7207158502689239,-0.7023800895790451,1.0,80,6,2026-05-08
BIIB/HCA,BIIB,HCA,quick_exit,-1586.63363278569,-0.11857531283196347,-0.7023800895790451,2.610548491588679e-06,74,6,2026-05-08
RTX/SNA,RTX,SNA,quick_exit,2492.486153443067,0.26835315209798255,-0.7023800895790451,0.9950717590464438,66,6,2026-05-08
ATO/PCG,ATO,PCG,quick_exit,-7330.794757643722,-0.7829377548044023,-0.7023800895790451,3.838591749680166e-18,78,6,2026-05-08
AIG/L,AIG,L,quick_exit,75.14740522299508,0.014027817510320225,-0.7023800895790451,0.036577977727178454,62,6,2026-05-08
AON/KKR,AON,KKR,quick_exit,1409.850881141413,0.10139240441168615,-0.7023800895790451,0.5687588029683953,70,6,2026-05-08
CDNS/PTC,CDNS,PTC,quick_exit,-7453.320000000012,-0.6383941301999906,-0.7023800895790451,2.0617644953017677e-12,62,6,2026-05-08
HAS/YUM,HAS,YUM,low_entry,8931.504218062168,0.4730236442625352,-0.7042040230882655,0.9999885403134091,110,6,2026-05-08
CSCO/PAYC,CSCO,PAYC,low_entry,14785.71325205594,0.7370398905957697,-0.7042040230882655,0.9999999999999973,120,6,2026-05-08
UNP/VLTO,UNP,VLTO,low_entry,-13282.11091859919,-1.0204647234855082,-0.7042040230882655,6.024267329422846e-19,120,6,2026-05-08
CME/DE,CME,DE,low_entry,16675.86161242746,1.1315157409380172,-0.7042040230882655,0.9999999999999998,110,6,2026-05-08
EXR/WY,EXR,WY,low_entry,-2865.65377408175,-0.24752793157442202,-0.7042040230882655,2.2803298926362057e-12,114,6,2026-05-08
BSX/PFE,BSX,PFE,low_entry,-5566.90801895571,-0.3256294885480841,-0.7042040230882655,1.163731038084949e-16,114,6,2026-05-08
AIG/CFG,AIG,CFG,low_entry,-4756.969162695362,-0.3081690564531375,-0.7042040230882655,5.568127686964375e-16,130,6,2026-05-08
AKAM/KEYS,AKAM,KEYS,low_entry,-17093.62999999995,-0.8625621148595446,-0.7042040230882655,1.0122664998783402e-14,90,6,2026-05-08
TXT/YUM,TXT,YUM,low_entry,11489.48482056637,1.015221055890249,-0.7042040230882655,1.0,108,6,2026-05-08
BIIB/HCA,BIIB,HCA,low_entry,4349.408192047285,0.27441279133741525,-0.7042040230882655,0.9998720615521933,138,6,2026-05-08
RTX/SNA,RTX,SNA,low_entry,4469.417688835083,0.4144856329793696,-0.7042040230882655,0.9999952917640201,106,6,2026-05-08
ATO/PCG,ATO,PCG,low_entry,-11458.25443056896,-0.8486801603551816,-0.7042040230882655,1.0773338070126324e-29,118,6,2026-05-08
AIG/L,AIG,L,low_entry,-2121.002621282961,-0.1781687908592814,-0.7042040230882655,2.2764946070294e-09,144,6,2026-05-08
AON/KKR,AON,KKR,low_entry,-16717.3556832841,-0.783550142447184,-0.7042040230882655,7.393866696577734e-33,138,6,2026-05-08
CDNS/PTC,CDNS,PTC,low_entry,-89.2600000000275,-0.00605392072976688,-0.7042040230882655,0.01296765000722755,114,6,2026-05-08
HAS/YUM,HAS,YUM,high_vol_specialist,15714.61865252545,1.5944590080585086,-0.7290315503937199,0.9999999999999998,46,6,2026-05-08
CSCO/PAYC,CSCO,PAYC,high_vol_specialist,-3004.705865611517,-0.23299636015798725,-0.7290315503937199,6.896178654276333e-08,36,6,2026-05-08
UNP/VLTO,UNP,VLTO,high_vol_specialist,158.2191576805087,0.015282490926167163,-0.7290315503937199,0.0445107587510159,38,6,2026-05-08
CME/DE,CME,DE,high_vol_specialist,12770.73587999437,1.4730165083154052,-0.7290315503937199,0.9999999999999918,52,6,2026-05-08
EXR/WY,EXR,WY,high_vol_specialist,5309.15452596147,0.5859829125568402,-0.7290315503937199,1.0,40,6,2026-05-08
BSX/PFE,BSX,PFE,high_vol_specialist,-6740.391592109915,-0.5066803542588236,-0.7290315503937199,2.507577663274716e-20,48,6,2026-05-08
AIG/CFG,AIG,CFG,high_vol_specialist,-18959.7701937323,-1.5840999944561158,-0.7290315503937199,1.3439460561001272e-46,52,6,2026-05-08
AKAM/KEYS,AKAM,KEYS,high_vol_specialist,-17089.34999999998,-0.868712890212269,-0.7290315503937199,1.4164523498397107e-07,46,6,2026-05-08
TXT/YUM,TXT,YUM,high_vol_specialist,3689.819099055079,0.3312969418972818,-0.7290315503937199,0.9999814327001526,48,6,2026-05-08
BIIB/HCA,BIIB,HCA,high_vol_specialist,7615.742706843949,0.7032204587751396,-0.7290315503937199,0.99999999999872,44,6,2026-05-08
RTX/SNA,RTX,SNA,high_vol_specialist,6953.977071093548,1.205163571051272,-0.7290315503937199,0.9999999999998948,36,6,2026-05-08
ATO/PCG,ATO,PCG,high_vol_specialist,-5851.603633053015,-0.4540209849830803,-0.7290315503937199,1.3852596676475216e-29,54,6,2026-05-08
AIG/L,AIG,L,high_vol_specialist,-1934.204639093437,-0.33386598395393163,-0.7290315503937199,5.2983086142401753e-20,50,6,2026-05-08
AON/KKR,AON,KKR,high_vol_specialist,1858.50497163653,0.13112472158634636,-0.7290315503937199,0.8093089757546932,46,6,2026-05-08
CDNS/PTC,CDNS,PTC,high_vol_specialist,-1870.360000000032,-0.18247211151378928,-0.7290315503937199,7.95558783760938e-07,44,6,2026-05-08
HAS/YUM,HAS,YUM,conservative_no_leverage,7783.545260429471,1.6871393587292232,-0.7455105220225094,0.9999999999999357,38,6,2026-05-08
CSCO/PAYC,CSCO,PAYC,conservative_no_leverage,5153.643677164635,0.8863591294565802,-0.7455105220225094,0.99999996999934,44,6,2026-05-08
UNP/VLTO,UNP,VLTO,conservative_no_leverage,461.2824452469913,0.09121654825675035,-0.7455105220225094,0.4821506946130184,34,6,2026-05-08
CME/DE,CME,DE,conservative_no_leverage,4618.691556838694,1.0485764904933128,-0.7455105220225094,0.9999999999890256,46,6,2026-05-08
EXR/WY,EXR,WY,conservative_no_leverage,2269.133029440328,0.48154405670907946,-0.7455105220225094,0.999999999999988,42,6,2026-05-08
BSX/PFE,BSX,PFE,conservative_no_leverage,3068.393663710395,0.4350894344298108,-0.7455105220225094,0.9999993587080034,40,6,2026-05-08
AIG/CFG,AIG,CFG,conservative_no_leverage,-3503.842612833159,-0.6050441136790694,-0.7455105220225094,2.7418248391997924e-24,34,6,2026-05-08
AKAM/KEYS,AKAM,KEYS,conservative_no_leverage,-3694.680000000001,-0.577706322915333,-0.7455105220225094,6.372319054386037e-13,34,6,2026-05-08
TXT/YUM,TXT,YUM,conservative_no_leverage,-440.8742347901743,-0.10443295312969489,-0.7455105220225094,9.708691879694366e-06,46,6,2026-05-08
BIIB/HCA,BIIB,HCA,conservative_no_leverage,644.8195634481718,0.11081696479527291,-0.7455105220225094,0.6483857096957963,48,6,2026-05-08
RTX/SNA,RTX,SNA,conservative_no_leverage,4199.323020609392,1.6812229343319969,-0.7455105220225094,0.9999999999994534,42,6,2026-05-08
ATO/PCG,ATO,PCG,conservative_no_leverage,-3305.288400386676,-0.6114752075497857,-0.7455105220225094,5.235658008787321e-26,42,6,2026-05-08
AIG/L,AIG,L,conservative_no_leverage,-945.0868450829807,-0.36045908227941975,-0.7455105220225094,2.9510659892703158e-18,42,6,2026-05-08
AON/KKR,AON,KKR,conservative_no_leverage,3186.293473259919,0.5047648587098049,-0.7455105220225094,0.9999999999979879,42,6,2026-05-08
CDNS/PTC,CDNS,PTC,conservative_no_leverage,-1801.430000000017,-0.34269565571075056,-0.7455105220225094,1.8326193251466813e-07,36,6,2026-05-08
HAS/YUM,HAS,YUM,tight_stop,11161.23416270659,0.779663474281824,-0.7527480557822744,0.9998702968433507,64,6,2026-05-08
CSCO/PAYC,CSCO,PAYC,tight_stop,8812.21431826677,0.6783791309093314,-0.7527480557822744,0.9999999997949107,68,6,2026-05-08
UNP/VLTO,UNP,VLTO,tight_stop,-6005.083792039552,-0.549576742470227,-0.7527480557822744,3.380745821261458e-13,66,6,2026-05-08
CME/DE,CME,DE,tight_stop,4187.628457615207,0.4506382563730553,-0.7527480557822744,0.9999999836053155,66,6,2026-05-08
EXR/WY,EXR,WY,tight_stop,5202.714641570448,0.5701027112685778,-0.7527480557822744,0.9999999579777942,66,6,2026-05-08
BSX/PFE,BSX,PFE,tight_stop,-1394.827927017415,-0.06905927924334164,-0.7527480557822744,8.955918130416791e-06,70,6,2026-05-08
AIG/CFG,AIG,CFG,tight_stop,-4500.707082424514,-0.36760307667502296,-0.7527480557822744,2.009326087134022e-16,88,6,2026-05-08
AKAM/KEYS,AKAM,KEYS,tight_stop,-17779.77999999998,-1.3867308619346852,-0.7527480557822744,9.050515927108332e-13,60,6,2026-05-08
TXT/YUM,TXT,YUM,tight_stop,3961.020679459881,0.4647672222576256,-0.7527480557822744,0.9999999999534002,82,6,2026-05-08
BIIB/HCA,BIIB,HCA,tight_stop,-1477.849156586386,-0.11136688718213361,-0.7527480557822744,5.100606904780476e-06,74,6,2026-05-08
RTX/SNA,RTX,SNA,tight_stop,1364.016193856456,0.1565531751791094,-0.7527480557822744,0.853699325518908,70,6,2026-05-08
ATO/PCG,ATO,PCG,tight_stop,-5941.352770368291,-0.6299356107025251,-0.7527480557822744,3.2598922421315657e-18,76,6,2026-05-08
AIG/L,AIG,L,tight_stop,-668.419074666539,-0.14892370004160568,-0.7527480557822744,3.645905531637986e-07,62,6,2026-05-08
AON/KKR,AON,KKR,tight_stop,4366.110642494132,0.31467150474970823,-0.7527480557822744,0.9999528707270375,66,6,2026-05-08
CDNS/PTC,CDNS,PTC,tight_stop,-5663.920000000018,-0.5100836852698729,-0.7527480557822744,1.6468523492815704e-10,60,6,2026-05-08
HAS/YUM,HAS,YUM,low_vol_specialist,19442.17922653931,1.6738385365411097,-0.8958805070809069,1.0,128,6,2026-05-08
CSCO/PAYC,CSCO,PAYC,low_vol_specialist,-12704.13496812518,-0.7583851569773307,-0.8958805070809069,1.2761458151275574e-30,132,6,2026-05-08
UNP/VLTO,UNP,VLTO,low_vol_specialist,-11598.47297593741,-0.9370942029437207,-0.8958805070809069,4.135990204893779e-17,120,6,2026-05-08
CME/DE,CME,DE,low_vol_specialist,18673.46650545335,1.3391998608089422,-0.8958805070809069,0.9999999999999992,114,6,2026-05-08
EXR/WY,EXR,WY,low_vol_specialist,2677.460562166716,0.22567650211947204,-0.8958805070809069,0.990984951429642,142,6,2026-05-08
BSX/PFE,BSX,PFE,low_vol_specialist,11008.64886047939,0.7090912744303451,-0.8958805070809069,1.0,124,6,2026-05-08
AIG/CFG,AIG,CFG,low_vol_specialist,-10997.17584622666,-0.7105061056778388,-0.8958805070809069,3.195230999132611e-29,152,6,2026-05-08
AKAM/KEYS,AKAM,KEYS,low_vol_specialist,-36455.09999999995,-1.5601975450913315,-0.8958805070809069,3.2440995436748077e-13,116,6,2026-05-08
TXT/YUM,TXT,YUM,low_vol_specialist,6364.431208887445,0.4923967916044946,-0.8958805070809069,0.9999993937196924,126,6,2026-05-08
BIIB/HCA,BIIB,HCA,low_vol_specialist,3174.852073837743,0.20683083921421377,-0.8958805070809069,0.9935442711695514,122,6,2026-05-08
RTX/SNA,RTX,SNA,low_vol_specialist,2340.508591218821,0.20653241762046595,-0.8958805070809069,0.9847046874537638,128,6,2026-05-08
ATO/PCG,ATO,PCG,low_vol_specialist,3472.288906610015,0.25872613780869835,-0.8958805070809069,0.9995610552892923,164,6,2026-05-08
AIG/L,AIG,L,low_vol_specialist,2130.037009520967,0.2481129467633804,-0.8958805070809069,0.999809339594386,144,6,2026-05-08
AON/KKR,AON,KKR,low_vol_specialist,-18337.42768621186,-0.915947036997954,-0.8958805070809069,8.355520593369876e-40,136,6,2026-05-08
CDNS/PTC,CDNS,PTC,low_vol_specialist,-1581.180000000034,-0.10682142402299635,-0.8958805070809069,9.346666069555334e-06,110,6,2026-05-08
HAS/YUM,HAS,YUM,high_turnover,10322.42098669791,0.9036950645809784,-0.9233684644248712,1.0,108,6,2026-05-08
CSCO/PAYC,CSCO,PAYC,high_turnover,7462.057427857312,0.4518011795949259,-0.9233684644248712,0.9999999951950834,96,6,2026-05-08
UNP/VLTO,UNP,VLTO,high_turnover,-13063.48863807825,-1.0553589946133353,-0.9233684644248712,7.955260360016786e-16,114,6,2026-05-08
CME/DE,CME,DE,high_turnover,10624.52990656542,0.6859919204980398,-0.9233684644248712,0.9999999999999997,110,6,2026-05-08
EXR/WY,EXR,WY,high_turnover,6750.593611877703,0.6512423293578354,-0.9233684644248712,1.0,108,6,2026-05-08
BSX/PFE,BSX,PFE,high_turnover,-6863.947298304524,-0.4086324714932469,-0.9233684644248712,5.9193409313182275e-12,114,6,2026-05-08
AIG/CFG,AIG,CFG,high_turnover,-3855.967025019796,-0.30695736823495023,-0.9233684644248712,5.166669854692126e-09,108,6,2026-05-08
AKAM/KEYS,AKAM,KEYS,high_turnover,-26731.45,-1.5846599243343913,-0.9233684644248712,1.4847501949045494e-08,92,6,2026-05-08
TXT/YUM,TXT,YUM,high_turnover,5207.786274891494,0.43607320451904896,-0.9233684644248712,0.9999965878374983,104,6,2026-05-08
BIIB/HCA,BIIB,HCA,high_turnover,220.3611136960226,0.015206824367799082,-0.9233684644248712,0.03956672828039702,122,6,2026-05-08
RTX/SNA,RTX,SNA,high_turnover,7487.267536283139,0.8066754890727793,-0.9233684644248712,1.0,108,6,2026-05-08
ATO/PCG,ATO,PCG,high_turnover,618.5185365564521,0.06782171221425264,-0.9233684644248712,0.295514794213582,92,6,2026-05-08
AIG/L,AIG,L,high_turnover,8420.97723316403,1.1412948421239342,-0.9233684644248712,0.999999999995964,104,6,2026-05-08
AON/KKR,AON,KKR,high_turnover,-11650.11416691045,-0.7010754886035442,-0.9233684644248712,1.880012511252079e-19,108,6,2026-05-08
CDNS/PTC,CDNS,PTC,high_turnover,-15292.78000000002,-0.9442588996817635,-0.9233684644248712,2.469083206693545e-07,98,6,2026-05-08
HAS/YUM,HAS,YUM,no_leverage,7062.807039311054,0.9766776954437758,-1.2885835091625062,0.9999610539985392,60,6,2026-05-08
CSCO/PAYC,CSCO,PAYC,no_leverage,3632.597364653661,0.52757815209492,-1.2885835091625062,0.9999999995387441,72,6,2026-05-08
UNP/VLTO,UNP,VLTO,no_leverage,-2572.199236279786,-0.4478582453659514,-1.2885835091625062,3.80577878343792e-18,66,6,2026-05-08
CME/DE,CME,DE,no_leverage,1931.162056488986,0.3794556566296175,-1.2885835091625062,0.9999996768400983,68,6,2026-05-08
EXR/WY,EXR,WY,no_leverage,-466.6701383946238,-0.08589482944518387,-1.2885835091625062,0.0002520316784842467,68,6,2026-05-08
BSX/PFE,BSX,PFE,no_leverage,433.603195467319,0.042023698368240714,-1.2885835091625062,0.1533158797107731,74,6,2026-05-08
AIG/CFG,AIG,CFG,no_leverage,1440.54906989972,0.2465565265925241,-1.2885835091625062,0.999707247232191,80,6,2026-05-08
AKAM/KEYS,AKAM,KEYS,no_leverage,-7082.80999999999,-0.9824750332116329,-1.2885835091625062,2.011203944125354e-13,60,6,2026-05-08
TXT/YUM,TXT,YUM,no_leverage,1556.389264167302,0.3184716412872641,-1.2885835091625062,0.999987728791217,78,6,2026-05-08
BIIB/HCA,BIIB,HCA,no_leverage,-644.5323469750173,-0.09608116269508944,-1.2885835091625062,1.8738678478026575e-05,74,6,2026-05-08
RTX/SNA,RTX,SNA,no_leverage,1483.993822629386,0.33085834126115216,-1.2885835091625062,0.999031874522258,66,6,2026-05-08
ATO/PCG,ATO,PCG,no_leverage,-2328.876797488262,-0.47900431539103594,-1.2885835091625062,4.1295269623314313e-19,66,6,2026-05-08
AIG/L,AIG,L,no_leverage,-4691.218665231318,-1.7181671820857962,-1.2885835091625062,4.60076696542184e-29,54,6,2026-05-08
AON/KKR,AON,KKR,no_leverage,1948.442358409381,0.2424162529280946,-1.2885835091625062,0.9993190374009122,64,6,2026-05-08
CDNS/PTC,CDNS,PTC,no_leverage,-1347.650000000015,-0.24533969120738747,-1.2885835091625062,1.44409491202526e-07,58,6,2026-05-08
HAS/YUM,HAS,YUM,conservative,3239.406764393481,1.142644137687519,-2.077941033025361,0.9999999983497972,24,6,2026-05-08
CSCO/PAYC,CSCO,PAYC,conservative,3045.76660795004,0.6123684849709359,-2.077941033025361,0.9999770143008189,26,6,2026-05-08
UNP/VLTO,UNP,VLTO,conservative,-1362.809604471324,-0.29457364999175084,-2.077941033025361,1.787857664623426e-13,30,6,2026-05-08
CME/DE,CME,DE,conservative,1472.167385001584,0.5327032856571728,-2.077941033025361,0.9999995660654092,30,6,2026-05-08
EXR/WY,EXR,WY,conservative,328.4877106597326,0.12089636799061904,-2.077941033025361,0.7679766202572742,32,6,2026-05-08
BSX/PFE,BSX,PFE,conservative,-2761.979045426671,-0.8384344721239443,-2.077941033025361,5.805508825467437e-12,30,6,2026-05-08
AIG/CFG,AIG,CFG,conservative,170.2356580665332,0.05231112478517595,-2.077941033025361,0.17257373806153775,36,6,2026-05-08
AKAM/KEYS,AKAM,KEYS,conservative,-4696.970000000002,-1.0780089110518045,-2.077941033025361,7.49739288345777e-12,32,6,2026-05-08
TXT/YUM,TXT,YUM,conservative,1116.93438172865,0.4379863590205931,-2.077941033025361,0.9999991597249102,30,6,2026-05-08
BIIB/HCA,BIIB,HCA,conservative,677.7581806440714,0.15358046300437947,-2.077941033025361,0.9103901624270905,30,6,2026-05-08
RTX/SNA,RTX,SNA,conservative,1352.9630766746,0.5740925002518993,-2.077941033025361,0.9999988754573601,34,6,2026-05-08
ATO/PCG,ATO,PCG,conservative,-2269.905193900881,-0.7153211702212248,-2.077941033025361,3.327168424465665e-11,48,6,2026-05-08
AIG/L,AIG,L,conservative,319.0564831629953,0.1969888755590697,-2.077941033025361,0.9785064401696246,40,6,2026-05-08
AON/KKR,AON,KKR,conservative,2863.4307196953,0.7655804015111005,-2.077941033025361,0.999972008089407,24,6,2026-05-08
CDNS/PTC,CDNS,PTC,conservative,1350.799999999988,0.3127349615951423,-2.077941033025361,0.9999975952547774,34,6,2026-05-08
