pair_key,s1,s2,param_set,pair_pnl,pair_sharpe,run_sharpe,dsr_pvalue,n_trades,window_idx,train_end
HAS/YUM,HAS,YUM,deep_dislocation,15598.35003757988,2.0001941614399454,0.757833420444037,0.999999999999972,20,1,2025-11-05
CSCO/PAYC,CSCO,PAYC,deep_dislocation,3922.100674457546,0.34103267149163213,0.757833420444037,0.9992063561510816,16,1,2025-11-05
UNP/VLTO,UNP,VLTO,deep_dislocation,1459.706182567813,0.19237216985989475,0.757833420444037,0.9073181335404761,20,1,2025-11-05
EXR/WY,EXR,WY,deep_dislocation,-1750.075405324581,-0.2479625883386732,0.757833420444037,6.788609404830354e-08,12,1,2025-11-05
CME/DE,CME,DE,deep_dislocation,4941.329558550491,0.5560626761796066,0.757833420444037,0.99999776295701,22,1,2025-11-05
BIIB/HCA,BIIB,HCA,deep_dislocation,3611.547189655413,0.36484395329784974,0.757833420444037,0.9999049025584503,14,1,2025-11-05
TXT/YUM,TXT,YUM,deep_dislocation,-1437.806227535188,-0.14822451237396375,0.757833420444037,2.78276147213316e-06,26,1,2025-11-05
AKAM/KEYS,AKAM,KEYS,deep_dislocation,11679.03,1.1784422174190425,0.757833420444037,0.9993173298404633,8,1,2025-11-05
ATO/PCG,ATO,PCG,deep_dislocation,-3486.321256742443,-0.2792457897130249,0.757833420444037,3.692347698244465e-12,26,1,2025-11-05
RTX/SNA,RTX,SNA,deep_dislocation,940.5274683803377,0.18345986242575188,0.757833420444037,0.8815930170012503,12,1,2025-11-05
CDNS/PTC,CDNS,PTC,deep_dislocation,18815.29999999998,1.4463028248633367,0.757833420444037,0.9999889943040956,18,1,2025-11-05
EVRG/PCG,EVRG,PCG,deep_dislocation,-13239.14450273219,-0.9800870278251623,0.757833420444037,1.474832517443945e-28,28,1,2025-11-05
AON/KKR,AON,KKR,deep_dislocation,7116.854343696366,0.6964016715777326,0.757833420444037,0.9999975234768936,16,1,2025-11-05
AIG/L,AIG,L,deep_dislocation,3923.927242896127,0.7176623437108334,0.757833420444037,0.9999999970954137,16,1,2025-11-05
AON/BR,AON,BR,deep_dislocation,3017.739267402665,0.6764543215779554,0.757833420444037,0.9977616252456253,8,1,2025-11-05
HAS/YUM,HAS,YUM,stable_signal_quick_exit,18752.08288042497,2.1327653384509344,0.6844201277111949,0.9999999588587078,42,1,2025-11-05
CSCO/PAYC,CSCO,PAYC,stable_signal_quick_exit,7440.812983070958,0.730313858083086,0.6844201277111949,0.9999995830652488,52,1,2025-11-05
UNP/VLTO,UNP,VLTO,stable_signal_quick_exit,1397.607781854837,0.23088446057901915,0.6844201277111949,0.9632872400166357,44,1,2025-11-05
EXR/WY,EXR,WY,stable_signal_quick_exit,1629.193810637605,0.24632771498640882,0.6844201277111949,0.996268709365863,38,1,2025-11-05
CME/DE,CME,DE,stable_signal_quick_exit,11139.09896608966,1.3999417095238376,0.6844201277111949,0.9999999999989534,44,1,2025-11-05
BIIB/HCA,BIIB,HCA,stable_signal_quick_exit,4700.176743053405,0.5310208009791411,0.6844201277111949,0.9999999992061215,44,1,2025-11-05
TXT/YUM,TXT,YUM,stable_signal_quick_exit,5914.480936372758,0.8254128416815899,0.6844201277111949,0.9999999999999314,40,1,2025-11-05
AKAM/KEYS,AKAM,KEYS,stable_signal_quick_exit,5862.460000000011,0.5096819917723031,0.6844201277111949,0.9903437363700973,36,1,2025-11-05
ATO/PCG,ATO,PCG,stable_signal_quick_exit,-1663.987496651478,-0.25817165603122505,0.6844201277111949,2.867029572542877e-15,30,1,2025-11-05
RTX/SNA,RTX,SNA,stable_signal_quick_exit,5086.803785069205,0.9711836249549118,0.6844201277111949,0.9999999999997823,36,1,2025-11-05
CDNS/PTC,CDNS,PTC,stable_signal_quick_exit,-2884.750000000042,-0.322941681927436,0.6844201277111949,4.673456605750963e-07,44,1,2025-11-05
EVRG/PCG,EVRG,PCG,stable_signal_quick_exit,-6359.353740140254,-0.9030005420066046,0.6844201277111949,2.7958877138342618e-14,32,1,2025-11-05
AON/KKR,AON,KKR,stable_signal_quick_exit,761.0053271471807,0.07771262421041292,0.6844201277111949,0.2657938159741482,38,1,2025-11-05
AIG/L,AIG,L,stable_signal_quick_exit,-3290.4150850654,-0.7786540854183454,0.6844201277111949,6.574284161236021e-25,44,1,2025-11-05
AON/BR,AON,BR,stable_signal_quick_exit,-363.3896971553565,-0.07732934012396839,0.6844201277111949,0.0006010997551868837,28,1,2025-11-05
HAS/YUM,HAS,YUM,vol_gated,8982.156652235362,0.8068832482934486,0.5663831509230536,0.999991726206218,58,1,2025-11-05
CSCO/PAYC,CSCO,PAYC,vol_gated,-227.0016448004531,-0.021326442193688823,0.5663831509230536,0.006879214699725084,40,1,2025-11-05
UNP/VLTO,UNP,VLTO,vol_gated,1128.870411599099,0.18074393067287353,0.5663831509230536,0.8807542921367009,58,1,2025-11-05
EXR/WY,EXR,WY,vol_gated,6117.838640884888,0.7147848765099821,0.5663831509230536,0.9999999988642169,46,1,2025-11-05
CME/DE,CME,DE,vol_gated,6212.549294038465,0.7454968353421829,0.5663831509230536,0.9999999999960931,54,1,2025-11-05
BIIB/HCA,BIIB,HCA,vol_gated,5082.777306679636,0.496879988568804,0.5663831509230536,0.999999988740209,70,1,2025-11-05
TXT/YUM,TXT,YUM,vol_gated,2181.139127212527,0.30150228645056804,0.5663831509230536,0.9989926113208082,54,1,2025-11-05
AKAM/KEYS,AKAM,KEYS,vol_gated,13753.73,1.6943481705609331,0.5663831509230536,0.9999995283466386,44,1,2025-11-05
ATO/PCG,ATO,PCG,vol_gated,-5474.993639444464,-0.7095430782428879,0.5663831509230536,3.757703664331334e-27,46,1,2025-11-05
RTX/SNA,RTX,SNA,vol_gated,3556.877680270822,0.5836963940891546,0.5663831509230536,0.9999999175235942,42,1,2025-11-05
CDNS/PTC,CDNS,PTC,vol_gated,999.0899999999929,0.10404682883341311,0.5663831509230536,0.46659909297842217,64,1,2025-11-05
EVRG/PCG,EVRG,PCG,vol_gated,-463.0080152114097,-0.061307227896791015,0.5663831509230536,0.000264533973852546,54,1,2025-11-05
AON/KKR,AON,KKR,vol_gated,3595.172695803557,0.3132724176684847,0.5663831509230536,0.9999734187818257,52,1,2025-11-05
AIG/L,AIG,L,vol_gated,-1065.786658752896,-0.24030783849102216,0.5663831509230536,1.3064029790053726e-09,52,1,2025-11-05
AON/BR,AON,BR,vol_gated,-19.79769914343524,-0.004986827074637758,0.5663831509230536,0.01423303392713857,46,1,2025-11-05
HAS/YUM,HAS,YUM,deep_entry_quick_exit,11579.07418912319,2.5416129441868827,0.5495580500295133,0.9999999999272813,20,1,2025-11-05
CSCO/PAYC,CSCO,PAYC,deep_entry_quick_exit,4488.000046273019,0.6071062922082157,0.5495580500295133,0.9992534317841045,18,1,2025-11-05
UNP/VLTO,UNP,VLTO,deep_entry_quick_exit,2675.478955660712,0.5583964449508116,0.5495580500295133,0.9999247583803199,18,1,2025-11-05
EXR/WY,EXR,WY,deep_entry_quick_exit,1511.650737794413,0.39257970167250106,0.5495580500295133,0.9999672032069183,12,1,2025-11-05
CME/DE,CME,DE,deep_entry_quick_exit,3249.916831655193,0.5512435076302749,0.5495580500295133,0.9999973563168683,22,1,2025-11-05
BIIB/HCA,BIIB,HCA,deep_entry_quick_exit,-30.90133540284387,-0.004834599222731338,0.5495580500295133,0.014508855795953377,18,1,2025-11-05
TXT/YUM,TXT,YUM,deep_entry_quick_exit,425.8838527331236,0.06529145952925362,0.5495580500295133,0.19034008158081434,26,1,2025-11-05
AKAM/KEYS,AKAM,KEYS,deep_entry_quick_exit,5346.659999999983,0.9241816925005452,0.5495580500295133,0.9952084293064626,10,1,2025-11-05
ATO/PCG,ATO,PCG,deep_entry_quick_exit,-3865.316972274999,-0.7340909797956291,0.5495580500295133,2.9209007895929553e-09,26,1,2025-11-05
RTX/SNA,RTX,SNA,deep_entry_quick_exit,1350.914811446054,0.41926569065794295,0.5495580500295133,0.998591361824933,14,1,2025-11-05
CDNS/PTC,CDNS,PTC,deep_entry_quick_exit,13726.47999999999,1.5823229613996697,0.5495580500295133,0.9999904790857637,20,1,2025-11-05
EVRG/PCG,EVRG,PCG,deep_entry_quick_exit,-6370.254727562266,-0.9365220189966371,0.5495580500295133,2.4517795527136197e-12,28,1,2025-11-05
AON/KKR,AON,KKR,deep_entry_quick_exit,2602.469443717996,0.42572554807203156,0.5495580500295133,0.9998436632141656,16,1,2025-11-05
AIG/L,AIG,L,deep_entry_quick_exit,814.6442904423716,0.23773684987762334,0.5495580500295133,0.9863233558299244,16,1,2025-11-05
AON/BR,AON,BR,deep_entry_quick_exit,1548.536573228717,0.49976839248348764,0.5495580500295133,0.999190643756837,10,1,2025-11-05
HAS/YUM,HAS,YUM,vol_adaptive,9133.546067712296,0.9006474053643594,0.505890002249012,0.9999045166569964,58,1,2025-11-05
CSCO/PAYC,CSCO,PAYC,vol_adaptive,1912.983785845946,0.17688992035023915,0.505890002249012,0.890496879570711,44,1,2025-11-05
UNP/VLTO,UNP,VLTO,vol_adaptive,1146.772093621986,0.18375558732845151,0.505890002249012,0.8897875167461499,58,1,2025-11-05
EXR/WY,EXR,WY,vol_adaptive,9053.324352101405,1.0692353933350194,0.505890002249012,0.9999999993166828,48,1,2025-11-05
CME/DE,CME,DE,vol_adaptive,6229.091649438867,0.7167276338178882,0.505890002249012,0.9999999999995258,56,1,2025-11-05
BIIB/HCA,BIIB,HCA,vol_adaptive,5079.58210854697,0.49635088740261757,0.505890002249012,0.999999987931604,70,1,2025-11-05
TXT/YUM,TXT,YUM,vol_adaptive,2057.881741201069,0.2780924298750554,0.505890002249012,0.9974826780651213,56,1,2025-11-05
AKAM/KEYS,AKAM,KEYS,vol_adaptive,12746.47,1.551863733627287,0.505890002249012,0.9999997481261894,46,1,2025-11-05
ATO/PCG,ATO,PCG,vol_adaptive,-5926.069548873968,-0.7674631390467669,0.505890002249012,8.415158534875357e-27,48,1,2025-11-05
RTX/SNA,RTX,SNA,vol_adaptive,2431.266095301495,0.38848853455470944,0.505890002249012,0.99999632063769,44,1,2025-11-05
CDNS/PTC,CDNS,PTC,vol_adaptive,-93.40999999998621,-0.009599634465096258,0.505890002249012,0.011770197753277657,64,1,2025-11-05
EVRG/PCG,EVRG,PCG,vol_adaptive,-904.4477619007112,-0.11848343097938117,0.505890002249012,1.1647762820265632e-06,56,1,2025-11-05
AON/KKR,AON,KKR,vol_adaptive,1895.352516429417,0.1568644720316128,0.505890002249012,0.841998068649805,60,1,2025-11-05
AIG/L,AIG,L,vol_adaptive,-2195.685083250201,-0.4624654754634523,0.505890002249012,2.0919114672341738e-17,50,1,2025-11-05
AON/BR,AON,BR,vol_adaptive,-19.223471442152,-0.004846534732123618,0.505890002249012,0.01432917060448075,46,1,2025-11-05
HAS/YUM,HAS,YUM,fast_signal,1672.326217275233,0.16538816938281634,0.4705337377360746,0.777402364782861,62,1,2025-11-05
CSCO/PAYC,CSCO,PAYC,fast_signal,7121.051897224979,0.6017685381717274,0.4705337377360746,0.9999997880180027,60,1,2025-11-05
UNP/VLTO,UNP,VLTO,fast_signal,-7293.662591300702,-1.040232123765612,0.4705337377360746,1.5067840782094181e-21,66,1,2025-11-05
EXR/WY,EXR,WY,fast_signal,1305.225297582832,0.1670907108512495,0.4705337377360746,0.8796947638234809,68,1,2025-11-05
CME/DE,CME,DE,fast_signal,-1106.027509340365,-0.13279102256342862,0.4705337377360746,8.41530609988518e-06,42,1,2025-11-05
BIIB/HCA,BIIB,HCA,fast_signal,5889.755493139915,0.6956561982735908,0.4705337377360746,0.999999999967732,50,1,2025-11-05
TXT/YUM,TXT,YUM,fast_signal,-2009.578854408112,-0.2727745399613329,0.4705337377360746,2.0266510623600963e-14,54,1,2025-11-05
AKAM/KEYS,AKAM,KEYS,fast_signal,-2005.480000000011,-0.26126691239830946,0.4705337377360746,2.2002273898908886e-08,46,1,2025-11-05
ATO/PCG,ATO,PCG,fast_signal,6370.236931801996,0.7530738307364707,0.4705337377360746,0.9999999988965297,56,1,2025-11-05
RTX/SNA,RTX,SNA,fast_signal,9030.159325765733,1.3989263852167626,0.4705337377360746,0.9999995961881584,44,1,2025-11-05
CDNS/PTC,CDNS,PTC,fast_signal,1998.790000000001,0.22949802299766733,0.4705337377360746,0.9956449645557801,52,1,2025-11-05
EVRG/PCG,EVRG,PCG,fast_signal,4525.794691437784,0.5840959086757452,0.4705337377360746,0.9999992728606516,68,1,2025-11-05
AON/KKR,AON,KKR,fast_signal,12520.9119140448,0.8626686219810944,0.4705337377360746,0.9999999999092303,58,1,2025-11-05
AIG/L,AIG,L,fast_signal,5819.460943416947,1.0664647453808658,0.4705337377360746,0.9999999999999746,52,1,2025-11-05
AON/BR,AON,BR,fast_signal,-341.330132303533,-0.05740811115372152,0.4705337377360746,0.0008137529162215826,64,1,2025-11-05
HAS/YUM,HAS,YUM,fast_signal_tight_stop,-3601.504024901184,-0.4212282200864254,0.1165982800410565,2.0709812133498573e-09,52,1,2025-11-05
CSCO/PAYC,CSCO,PAYC,fast_signal_tight_stop,-1667.350290186343,-0.15026657634770638,0.1165982800410565,1.4111534884991341e-05,48,1,2025-11-05
UNP/VLTO,UNP,VLTO,fast_signal_tight_stop,-301.5883758152277,-0.05271866537132314,0.1165982800410565,0.0009879661246211663,68,1,2025-11-05
EXR/WY,EXR,WY,fast_signal_tight_stop,3057.012528773338,0.4559092762932224,0.1165982800410565,0.9999999962594024,62,1,2025-11-05
CME/DE,CME,DE,fast_signal_tight_stop,-1557.066476677893,-0.20193813394013307,0.1165982800410565,5.102427785343776e-08,42,1,2025-11-05
BIIB/HCA,BIIB,HCA,fast_signal_tight_stop,4612.615034617862,0.6515716337066835,0.1165982800410565,0.9999999999926499,46,1,2025-11-05
TXT/YUM,TXT,YUM,fast_signal_tight_stop,641.2556334399937,0.09660364417769693,0.1165982800410565,0.4238554674697737,50,1,2025-11-05
AKAM/KEYS,AKAM,KEYS,fast_signal_tight_stop,-9957.39000000004,-1.0251353632579752,0.1165982800410565,3.1316838447754378e-06,44,1,2025-11-05
ATO/PCG,ATO,PCG,fast_signal_tight_stop,10084.25076742731,1.2792567855220351,0.1165982800410565,0.9999999997443599,50,1,2025-11-05
RTX/SNA,RTX,SNA,fast_signal_tight_stop,8965.225546546031,1.4035846934473675,0.1165982800410565,0.9999996529420395,44,1,2025-11-05
CDNS/PTC,CDNS,PTC,fast_signal_tight_stop,930.3999999999978,0.11462417824997757,0.1165982800410565,0.5583043279536025,48,1,2025-11-05
EVRG/PCG,EVRG,PCG,fast_signal_tight_stop,987.244592225318,0.1530919566798729,0.1165982800410565,0.7492300337656509,52,1,2025-11-05
AON/KKR,AON,KKR,fast_signal_tight_stop,16011.8355115455,1.1541230573588577,0.1165982800410565,0.9999999961862908,52,1,2025-11-05
AIG/L,AIG,L,fast_signal_tight_stop,5257.003358759588,1.1367986518704938,0.1165982800410565,0.9999999998448776,42,1,2025-11-05
AON/BR,AON,BR,fast_signal_tight_stop,-4463.728068357819,-0.8266256706300033,0.1165982800410565,1.631289482590327e-13,58,1,2025-11-05
HAS/YUM,HAS,YUM,fast_reentry,7015.925440087287,0.6217262544250572,0.1094523462512164,0.9959333308857647,44,1,2025-11-05
CSCO/PAYC,CSCO,PAYC,fast_reentry,2708.350604876286,0.27609482079811326,0.1094523462512164,0.9986210397649576,52,1,2025-11-05
UNP/VLTO,UNP,VLTO,fast_reentry,809.3568102861718,0.1286617814175393,0.1094523462512164,0.6290519507561653,44,1,2025-11-05
EXR/WY,EXR,WY,fast_reentry,3141.909128852804,0.4834801997082972,0.1094523462512164,0.9999999957210641,46,1,2025-11-05
CME/DE,CME,DE,fast_reentry,2489.332450052543,0.30396581702537595,0.1094523462512164,0.9991737530817879,52,1,2025-11-05
BIIB/HCA,BIIB,HCA,fast_reentry,399.7498181775795,0.04228413196117887,0.1094523462512164,0.09890227400459906,52,1,2025-11-05
TXT/YUM,TXT,YUM,fast_reentry,-5221.115057018253,-0.696950598132877,0.1094523462512164,1.4818998693706607e-26,56,1,2025-11-05
AKAM/KEYS,AKAM,KEYS,fast_reentry,5568.269999999989,0.6558137574672069,0.1094523462512164,0.9999991566860248,36,1,2025-11-05
ATO/PCG,ATO,PCG,fast_reentry,3232.471865107887,0.3756816448627203,0.1094523462512164,0.9998831542857866,66,1,2025-11-05
RTX/SNA,RTX,SNA,fast_reentry,7737.011068557287,1.5150045311125755,0.1094523462512164,0.9999999999999991,48,1,2025-11-05
CDNS/PTC,CDNS,PTC,fast_reentry,-2499.569999999999,-0.27543066937503563,0.1094523462512164,8.747109705972234e-07,44,1,2025-11-05
EVRG/PCG,EVRG,PCG,fast_reentry,-3422.343886822964,-0.3752282789193299,0.1094523462512164,3.294079090789799e-14,58,1,2025-11-05
AON/KKR,AON,KKR,fast_reentry,10358.47247371056,0.9561943878275575,0.1094523462512164,0.9999999999999999,50,1,2025-11-05
AIG/L,AIG,L,fast_reentry,-2989.031735739464,-0.6185299529275959,0.1094523462512164,7.699768760912502e-22,50,1,2025-11-05
AON/BR,AON,BR,fast_reentry,-464.7647972438672,-0.11683735996466876,0.1094523462512164,1.3718912142449837e-05,30,1,2025-11-05
HAS/YUM,HAS,YUM,static_threshold,9478.703967942924,0.9598263654943645,0.091355098475818,1.0,70,1,2025-11-05
CSCO/PAYC,CSCO,PAYC,static_threshold,8326.745560303176,0.7369724019935442,0.091355098475818,0.9999999962564307,74,1,2025-11-05
UNP/VLTO,UNP,VLTO,static_threshold,8704.808225818164,1.0861956615314117,0.091355098475818,0.9999999999885778,80,1,2025-11-05
EXR/WY,EXR,WY,static_threshold,3132.182281434109,0.3732964169281599,0.091355098475818,0.9999997077535238,58,1,2025-11-05
CME/DE,CME,DE,static_threshold,19962.99831791658,1.521340007761221,0.091355098475818,0.9999999999998159,104,1,2025-11-05
BIIB/HCA,BIIB,HCA,static_threshold,3372.965995324193,0.31833837665890663,0.091355098475818,0.999974346740657,82,1,2025-11-05
TXT/YUM,TXT,YUM,static_threshold,3440.829812286736,0.33162770836776634,0.091355098475818,0.999920133405344,76,1,2025-11-05
AKAM/KEYS,AKAM,KEYS,static_threshold,-8688.99999999997,-0.6604893117420777,0.091355098475818,1.0125325411334364e-08,62,1,2025-11-05
ATO/PCG,ATO,PCG,static_threshold,-11100.61756540864,-1.0487447585860208,0.091355098475818,1.2338495630383585e-24,76,1,2025-11-05
RTX/SNA,RTX,SNA,static_threshold,10534.03960271677,0.9852775198445201,0.091355098475818,0.9999889194053923,74,1,2025-11-05
CDNS/PTC,CDNS,PTC,static_threshold,1208.489999999995,0.13412314287482272,0.091355098475818,0.7115893446130467,58,1,2025-11-05
EVRG/PCG,EVRG,PCG,static_threshold,-16017.77646291613,-1.521970691498252,0.091355098475818,1.064482709915023e-28,74,1,2025-11-05
AON/KKR,AON,KKR,static_threshold,-6251.937590787006,-0.39747866784751484,0.091355098475818,3.3122937481295436e-10,78,1,2025-11-05
AIG/L,AIG,L,static_threshold,-331.9213138406893,-0.06306057859765729,0.091355098475818,0.00029853407944970055,76,1,2025-11-05
AON/BR,AON,BR,static_threshold,2744.096764302775,0.5043942607884812,0.091355098475818,0.9999999946573345,66,1,2025-11-05
HAS/YUM,HAS,YUM,medium_signal_high_leverage,16955.22516414116,1.3185221077949192,0.0192845925665195,0.9999999998382149,46,1,2025-11-05
CSCO/PAYC,CSCO,PAYC,medium_signal_high_leverage,11751.39157183372,0.7973347490516315,0.0192845925665195,0.9999993220020067,42,1,2025-11-05
UNP/VLTO,UNP,VLTO,medium_signal_high_leverage,4935.210382712463,0.49334628685529924,0.0192845925665195,0.9999430998855819,42,1,2025-11-05
EXR/WY,EXR,WY,medium_signal_high_leverage,1166.576909862913,0.09405066267225269,0.0192845925665195,0.39034167488863314,42,1,2025-11-05
CME/DE,CME,DE,medium_signal_high_leverage,9078.040728216627,0.7385131759127276,0.0192845925665195,0.9999999999898007,52,1,2025-11-05
BIIB/HCA,BIIB,HCA,medium_signal_high_leverage,7764.001491846726,0.533577235471953,0.0192845925665195,0.9999999970675509,48,1,2025-11-05
TXT/YUM,TXT,YUM,medium_signal_high_leverage,1463.283498000896,0.12512146198277382,0.0192845925665195,0.6263736142955573,44,1,2025-11-05
AKAM/KEYS,AKAM,KEYS,medium_signal_high_leverage,15658.26000000003,1.3236509111908636,0.0192845925665195,0.9999977962352574,32,1,2025-11-05
ATO/PCG,ATO,PCG,medium_signal_high_leverage,-4857.046107661636,-0.3728397615537815,0.0192845925665195,1.745994740265481e-16,38,1,2025-11-05
RTX/SNA,RTX,SNA,medium_signal_high_leverage,-3055.523054954861,-0.3402864540269565,0.0192845925665195,2.1917882738856775e-15,42,1,2025-11-05
CDNS/PTC,CDNS,PTC,medium_signal_high_leverage,-4222.240000000029,-0.3197951431003453,0.0192845925665195,6.117795679477186e-07,40,1,2025-11-05
EVRG/PCG,EVRG,PCG,medium_signal_high_leverage,-21261.08130695824,-1.6478435536605347,0.0192845925665195,5.049779552310647e-23,44,1,2025-11-05
AON/KKR,AON,KKR,medium_signal_high_leverage,-5585.782898507153,-0.3049322387530847,0.0192845925665195,6.205834887015975e-11,42,1,2025-11-05
AIG/L,AIG,L,medium_signal_high_leverage,-5294.60429458267,-0.8001832648276663,0.0192845925665195,1.2311081417823329e-20,44,1,2025-11-05
AON/BR,AON,BR,medium_signal_high_leverage,477.1672275969368,0.06889646974603032,0.0192845925665195,0.21390394018557435,40,1,2025-11-05
HAS/YUM,HAS,YUM,slow_reentry,5592.460618841567,0.5068899972966502,-0.0084360984153891,0.9910734358065707,38,1,2025-11-05
CSCO/PAYC,CSCO,PAYC,slow_reentry,12893.98057648502,1.4638258428328146,-0.0084360984153891,0.9999962090013367,44,1,2025-11-05
UNP/VLTO,UNP,VLTO,slow_reentry,1766.627797655125,0.2987699641314727,-0.0084360984153891,0.9887340938991174,38,1,2025-11-05
EXR/WY,EXR,WY,slow_reentry,4169.135713109601,0.5018990801041636,-0.0084360984153891,0.9999999468133038,42,1,2025-11-05
CME/DE,CME,DE,slow_reentry,2421.91667859249,0.3032963853915784,-0.0084360984153891,0.9991517877688523,50,1,2025-11-05
BIIB/HCA,BIIB,HCA,slow_reentry,4468.69768532071,0.47957345163739284,-0.0084360984153891,0.9999999607410289,44,1,2025-11-05
TXT/YUM,TXT,YUM,slow_reentry,-1694.818658405427,-0.24464448166727365,-0.0084360984153891,6.135007211353861e-11,48,1,2025-11-05
AKAM/KEYS,AKAM,KEYS,slow_reentry,2571.810000000002,0.3554893779648863,-0.0084360984153891,0.9994335971434926,28,1,2025-11-05
ATO/PCG,ATO,PCG,slow_reentry,-3256.562730573798,-0.5424022774660804,-0.0084360984153891,1.6562989707742943e-14,36,1,2025-11-05
RTX/SNA,RTX,SNA,slow_reentry,4495.168203003975,0.7850697327258706,-0.0084360984153891,0.9999996904562853,42,1,2025-11-05
CDNS/PTC,CDNS,PTC,slow_reentry,-3849.380000000008,-0.4447075710129492,-0.0084360984153891,1.8585395946144632e-07,42,1,2025-11-05
EVRG/PCG,EVRG,PCG,slow_reentry,-2400.138634827075,-0.34099072548876136,-0.0084360984153891,5.4287248647719897e-11,36,1,2025-11-05
AON/KKR,AON,KKR,slow_reentry,2595.012111078528,0.27201587306717595,-0.0084360984153891,0.9997422601978125,36,1,2025-11-05
AIG/L,AIG,L,slow_reentry,-3856.356265134043,-1.1844286793302397,-0.0084360984153891,1.4440932002281916e-15,28,1,2025-11-05
AON/BR,AON,BR,slow_reentry,-1209.89343637256,-0.3144055632742983,-0.0084360984153891,7.84339588210648e-11,28,1,2025-11-05
HAS/YUM,HAS,YUM,aggressive,30238.79610872804,1.7104880358145478,-0.1010382208892373,0.9999997283805715,76,1,2025-11-05
CSCO/PAYC,CSCO,PAYC,aggressive,830.1837389177199,0.046478797483015595,-0.1010382208892373,0.11389274399087274,72,1,2025-11-05
UNP/VLTO,UNP,VLTO,aggressive,-5478.455994942666,-0.49450241052134386,-0.1010382208892373,9.233192044237054e-23,72,1,2025-11-05
EXR/WY,EXR,WY,aggressive,1661.700060987333,0.11509752308432032,-0.1010382208892373,0.5540079248310028,72,1,2025-11-05
CME/DE,CME,DE,aggressive,10826.10480719544,0.7531407976058642,-0.1010382208892373,0.999999999999999,70,1,2025-11-05
BIIB/HCA,BIIB,HCA,aggressive,17225.89865858376,0.9981539654494247,-0.1010382208892373,1.0,92,1,2025-11-05
TXT/YUM,TXT,YUM,aggressive,-1530.166072549542,-0.1047414704147931,-0.1010382208892373,1.8093420525133807e-05,86,1,2025-11-05
AKAM/KEYS,AKAM,KEYS,aggressive,18044.07000000012,1.2441377073788455,-0.1010382208892373,0.999999999904003,60,1,2025-11-05
ATO/PCG,ATO,PCG,aggressive,-14322.71219611434,-0.9166821885165233,-0.1010382208892373,1.912931600566e-24,64,1,2025-11-05
RTX/SNA,RTX,SNA,aggressive,1199.541459527754,0.0903217464356409,-0.1010382208892373,0.38139938342419116,78,1,2025-11-05
CDNS/PTC,CDNS,PTC,aggressive,-6954.56999999996,-0.4318275090839621,-0.1010382208892373,4.296390498418834e-11,76,1,2025-11-05
EVRG/PCG,EVRG,PCG,aggressive,-35977.58978377807,-1.9639773682873851,-0.1010382208892373,8.360189803218785e-22,62,1,2025-11-05
AON/KKR,AON,KKR,aggressive,-3036.911802484015,-0.15098838954424507,-0.1010382208892373,2.630017636692301e-06,72,1,2025-11-05
AIG/L,AIG,L,aggressive,-50.93436306682543,-0.005837139243135979,-0.1010382208892373,0.013639284862609354,78,1,2025-11-05
AON/BR,AON,BR,aggressive,3526.664827349221,0.44292021074613536,-0.1010382208892373,0.9999999986771668,60,1,2025-11-05
HAS/YUM,HAS,YUM,vol_agnostic,8416.870182858318,0.5790248418419748,-0.1081970708727652,0.9999989762153141,76,1,2025-11-05
CSCO/PAYC,CSCO,PAYC,vol_agnostic,8518.460067481603,0.7459001326400468,-0.1081970708727652,0.9999999994829039,74,1,2025-11-05
UNP/VLTO,UNP,VLTO,vol_agnostic,1339.405691622841,0.17663864258119316,-0.1081970708727652,0.8738579685508203,78,1,2025-11-05
EXR/WY,EXR,WY,vol_agnostic,11575.12165612607,1.1026038943472996,-0.1081970708727652,1.0,64,1,2025-11-05
CME/DE,CME,DE,vol_agnostic,14090.82296100711,1.1963979037982095,-0.1081970708727652,0.9999999999999762,94,1,2025-11-05
BIIB/HCA,BIIB,HCA,vol_agnostic,12919.48474762561,1.044590440977538,-0.1081970708727652,1.0,88,1,2025-11-05
TXT/YUM,TXT,YUM,vol_agnostic,-4585.06728837131,-0.4511950321549342,-0.1081970708727652,1.9185388134041177e-17,68,1,2025-11-05
AKAM/KEYS,AKAM,KEYS,vol_agnostic,-7144.339999999994,-0.5473051205522206,-0.1081970708727652,2.6616735969393456e-09,56,1,2025-11-05
ATO/PCG,ATO,PCG,vol_agnostic,-9884.35304789172,-0.8612150579637603,-0.1081970708727652,8.136838318611675e-29,56,1,2025-11-05
RTX/SNA,RTX,SNA,vol_agnostic,7407.174272222668,0.6780773235257771,-0.1081970708727652,0.9999926172815725,68,1,2025-11-05
CDNS/PTC,CDNS,PTC,vol_agnostic,-520.9600000000071,-0.05488912526591862,-0.1081970708727652,0.001487149930674885,50,1,2025-11-05
EVRG/PCG,EVRG,PCG,vol_agnostic,-25940.55584479208,-2.0573858948610386,-0.1081970708727652,1.8712110474866674e-20,58,1,2025-11-05
AON/KKR,AON,KKR,vol_agnostic,3654.667972923715,0.21558938382079942,-0.1081970708727652,0.9852893678905268,78,1,2025-11-05
AIG/L,AIG,L,vol_agnostic,-3345.71101673262,-0.5443744920336338,-0.1081970708727652,3.9409276465703967e-16,68,1,2025-11-05
AON/BR,AON,BR,vol_agnostic,1844.016373199569,0.307941596791346,-0.1081970708727652,0.9995808033665128,68,1,2025-11-05
HAS/YUM,HAS,YUM,balanced_plus,5362.593254892671,0.6160987190617515,-0.1219600162076521,0.9999999402773118,52,1,2025-11-05
CSCO/PAYC,CSCO,PAYC,balanced_plus,864.8842546290714,0.08197011551564899,-0.1219600162076521,0.30757011874338114,44,1,2025-11-05
UNP/VLTO,UNP,VLTO,balanced_plus,-4678.267263180051,-0.7329988076024232,-0.1219600162076521,1.028552694257964e-17,46,1,2025-11-05
EXR/WY,EXR,WY,balanced_plus,4590.207263658887,0.631276480418402,-0.1219600162076521,0.9999999999999977,42,1,2025-11-05
CME/DE,CME,DE,balanced_plus,10986.60335823996,1.186187820402493,-0.1219600162076521,0.9999999999999981,54,1,2025-11-05
BIIB/HCA,BIIB,HCA,balanced_plus,-200.8260907317654,-0.022748921381703608,-0.1219600162076521,0.0059842131424849634,48,1,2025-11-05
TXT/YUM,TXT,YUM,balanced_plus,-2517.499202858242,-0.3057495571274756,-0.1219600162076521,3.964445548418627e-17,56,1,2025-11-05
AKAM/KEYS,AKAM,KEYS,balanced_plus,8081.149999999996,1.0381601041896429,-0.1219600162076521,0.9999986461497049,38,1,2025-11-05
ATO/PCG,ATO,PCG,balanced_plus,-7989.606731626237,-1.0789739778389782,-0.1219600162076521,2.150051535020216e-22,52,1,2025-11-05
RTX/SNA,RTX,SNA,balanced_plus,5833.988472076646,1.1538289804246915,-0.1219600162076521,0.9999999999999926,48,1,2025-11-05
CDNS/PTC,CDNS,PTC,balanced_plus,2539.289999999979,0.2803664144445396,-0.1219600162076521,0.9991479771004423,48,1,2025-11-05
EVRG/PCG,EVRG,PCG,balanced_plus,-5175.035073001038,-0.6567470988055275,-0.1219600162076521,4.7940513679332905e-15,50,1,2025-11-05
AON/KKR,AON,KKR,balanced_plus,-1380.30898651402,-0.12504699893523163,-0.1219600162076521,1.702519894486698e-05,50,1,2025-11-05
AIG/L,AIG,L,balanced_plus,1574.454495089135,0.36913434422980557,-0.1219600162076521,0.9999496551223099,46,1,2025-11-05
AON/BR,AON,BR,balanced_plus,2817.454640715373,0.5982699174057129,-0.1219600162076521,0.9999999998014844,44,1,2025-11-05
HAS/YUM,HAS,YUM,long_z_short_v,1909.720375991626,0.3209676856435974,-0.1665154322160716,0.9997908971537192,42,1,2025-11-05
CSCO/PAYC,CSCO,PAYC,long_z_short_v,4273.935895607821,0.6048224994833574,-0.1665154322160716,0.9999998281045133,38,1,2025-11-05
UNP/VLTO,UNP,VLTO,long_z_short_v,5066.521172007347,0.8956026378099837,-0.1665154322160716,0.999999999988403,46,1,2025-11-05
EXR/WY,EXR,WY,long_z_short_v,5444.778689868358,0.8186416308241492,-0.1665154322160716,0.9999999999999994,36,1,2025-11-05
CME/DE,CME,DE,long_z_short_v,11206.00555023194,1.5383485958014855,-0.1665154322160716,0.9999999995183466,38,1,2025-11-05
BIIB/HCA,BIIB,HCA,long_z_short_v,1442.014523634856,0.20214228720544358,-0.1665154322160716,0.9578067875545834,28,1,2025-11-05
TXT/YUM,TXT,YUM,long_z_short_v,-4147.05249707889,-0.5851826841531884,-0.1665154322160716,6.644214166020242e-18,36,1,2025-11-05
AKAM/KEYS,AKAM,KEYS,long_z_short_v,9590.81999999996,1.2676339961098948,-0.1665154322160716,0.9999892925036988,24,1,2025-11-05
ATO/PCG,ATO,PCG,long_z_short_v,-10325.10156893441,-1.112497105056231,-0.1665154322160716,3.877604281647524e-25,30,1,2025-11-05
RTX/SNA,RTX,SNA,long_z_short_v,5738.013525377866,1.0113422343405492,-0.1665154322160716,0.9999656390435745,30,1,2025-11-05
CDNS/PTC,CDNS,PTC,long_z_short_v,7009.569999999974,0.8389695467340852,-0.1665154322160716,0.9999999982419542,30,1,2025-11-05
EVRG/PCG,EVRG,PCG,long_z_short_v,-17672.11122848535,-2.0426116305091533,-0.1665154322160716,3.4504685966152584e-22,36,1,2025-11-05
AON/KKR,AON,KKR,long_z_short_v,2651.21980051375,0.21731988937617566,-0.1665154322160716,0.9934808610392496,36,1,2025-11-05
AIG/L,AIG,L,long_z_short_v,-1536.809510797288,-0.4799776104584114,-0.1665154322160716,1.2844739707283644e-15,28,1,2025-11-05
AON/BR,AON,BR,long_z_short_v,-1270.456436768291,-0.27821349379476157,-0.1665154322160716,1.3142254074210123e-07,36,1,2025-11-05
HAS/YUM,HAS,YUM,symmetric_exit,6384.31634697608,1.151385679070895,-0.2807946100090275,0.9999999999823515,32,1,2025-11-05
CSCO/PAYC,CSCO,PAYC,symmetric_exit,6052.826314305707,0.7636947502303096,-0.2807946100090275,0.9998628700697844,30,1,2025-11-05
UNP/VLTO,UNP,VLTO,symmetric_exit,2315.127950773617,0.46321920350409657,-0.2807946100090275,0.9998971847525499,30,1,2025-11-05
EXR/WY,EXR,WY,symmetric_exit,3058.846985152096,0.56014039424997,-0.2807946100090275,0.999999995478381,36,1,2025-11-05
CME/DE,CME,DE,symmetric_exit,5150.098539697685,0.7527642541422715,-0.2807946100090275,0.9999999515861058,42,1,2025-11-05
BIIB/HCA,BIIB,HCA,symmetric_exit,-3101.154239256038,-0.38899357551744274,-0.2807946100090275,2.274220881129543e-10,42,1,2025-11-05
TXT/YUM,TXT,YUM,symmetric_exit,291.8289764402648,0.049381074492958456,-0.2807946100090275,0.1293353936242,38,1,2025-11-05
AKAM/KEYS,AKAM,KEYS,symmetric_exit,5679.359999999995,0.8418522682237938,-0.2807946100090275,0.999668556263073,22,1,2025-11-05
ATO/PCG,ATO,PCG,symmetric_exit,-6484.050636816728,-1.0897230690971973,-0.2807946100090275,1.2080017826176887e-11,50,1,2025-11-05
RTX/SNA,RTX,SNA,symmetric_exit,1938.758918111026,0.3335537444717502,-0.2807946100090275,0.9978129367394077,36,1,2025-11-05
CDNS/PTC,CDNS,PTC,symmetric_exit,1147.569999999991,0.14913781087781086,-0.2807946100090275,0.8320254169171416,36,1,2025-11-05
EVRG/PCG,EVRG,PCG,symmetric_exit,2179.273352311045,0.2837014904604429,-0.2807946100090275,0.9907227617036723,46,1,2025-11-05
AON/KKR,AON,KKR,symmetric_exit,-690.2074617999931,-0.09273549610740331,-0.2807946100090275,0.0006209945184233019,28,1,2025-11-05
AIG/L,AIG,L,symmetric_exit,-2847.406210008241,-0.7543571230359454,-0.2807946100090275,2.457369948662633e-18,34,1,2025-11-05
AON/BR,AON,BR,symmetric_exit,-2955.841573612521,-1.2158031750450993,-0.2807946100090275,1.6517818495655743e-07,18,1,2025-11-05
HAS/YUM,HAS,YUM,tight_stop,4471.195128303053,0.4082390989187349,-0.2899250906606594,0.9814468517527307,46,1,2025-11-05
CSCO/PAYC,CSCO,PAYC,tight_stop,7200.652603372644,0.8566308725938531,-0.2899250906606594,0.9999874710808487,44,1,2025-11-05
UNP/VLTO,UNP,VLTO,tight_stop,3900.211202678827,0.7217787276179315,-0.2899250906606594,0.9999755218732362,44,1,2025-11-05
EXR/WY,EXR,WY,tight_stop,8579.386434733819,1.2768753685564704,-0.2899250906606594,0.9999776532632682,40,1,2025-11-05
CME/DE,CME,DE,tight_stop,3190.539465442821,0.4433162558177323,-0.2899250906606594,0.9999944007908178,50,1,2025-11-05
BIIB/HCA,BIIB,HCA,tight_stop,-1968.767276883601,-0.2219178382224701,-0.2899250906606594,2.4643718927385002e-08,48,1,2025-11-05
TXT/YUM,TXT,YUM,tight_stop,-1394.446063698552,-0.23947285937364668,-0.2899250906606594,7.912803784962591e-10,54,1,2025-11-05
AKAM/KEYS,AKAM,KEYS,tight_stop,-2283.099999999999,-0.44757514342786436,-0.2899250906606594,1.5289074721674143e-17,36,1,2025-11-05
ATO/PCG,ATO,PCG,tight_stop,-4436.459676376593,-0.6040633683522753,-0.2899250906606594,3.991251341483953e-15,52,1,2025-11-05
RTX/SNA,RTX,SNA,tight_stop,1207.397249022235,0.17908103964483466,-0.2899250906606594,0.8252937854149223,48,1,2025-11-05
CDNS/PTC,CDNS,PTC,tight_stop,-4121.389999999996,-0.47678673141356137,-0.2899250906606594,1.0052952361015254e-07,44,1,2025-11-05
EVRG/PCG,EVRG,PCG,tight_stop,-6333.435899682173,-0.8763064380425194,-0.2899250906606594,7.488182939815045e-13,60,1,2025-11-05
AON/KKR,AON,KKR,tight_stop,8526.439755199039,1.0667808694304781,-0.2899250906606594,0.9999999957250658,38,1,2025-11-05
AIG/L,AIG,L,tight_stop,-238.6575965517095,-0.07408508381357205,-0.2899250906606594,0.000288611405770676,38,1,2025-11-05
AON/BR,AON,BR,tight_stop,-722.4992387178845,-0.18973556420127086,-0.2899250906606594,1.1156456286703243e-07,32,1,2025-11-05
HAS/YUM,HAS,YUM,high_entry,8445.670889668389,2.1542375182159064,-0.3090522794383088,0.9999999365579599,18,1,2025-11-05
CSCO/PAYC,CSCO,PAYC,high_entry,4221.896114533706,0.5693412819277305,-0.3090522794383088,0.9992197068881304,16,1,2025-11-05
UNP/VLTO,UNP,VLTO,high_entry,2104.357478053479,0.4429567439841068,-0.3090522794383088,0.9996493642601803,20,1,2025-11-05
EXR/WY,EXR,WY,high_entry,266.1615930375958,0.05738343361498069,-0.3090522794383088,0.15372037063948807,18,1,2025-11-05
CME/DE,CME,DE,high_entry,-722.3677955521707,-0.1065790756646376,-0.3090522794383088,8.372096634405078e-05,26,1,2025-11-05
BIIB/HCA,BIIB,HCA,high_entry,991.831406512174,0.16366743417733023,-0.3090522794383088,0.8530178046487153,16,1,2025-11-05
TXT/YUM,TXT,YUM,high_entry,-2368.788370814624,-0.4521617273588529,-0.3090522794383088,1.5532938695239597e-12,26,1,2025-11-05
AKAM/KEYS,AKAM,KEYS,high_entry,7032.819999999985,1.1469151724742543,-0.3090522794383088,0.9986117379540768,18,1,2025-11-05
ATO/PCG,ATO,PCG,high_entry,-10697.57042746221,-1.9460984503822087,-0.3090522794383088,1.9090586161305605e-08,36,1,2025-11-05
RTX/SNA,RTX,SNA,high_entry,3396.9569518657,1.0182796469247142,-0.3090522794383088,0.9999967673117596,18,1,2025-11-05
CDNS/PTC,CDNS,PTC,high_entry,7245.419999999975,1.0295534035109506,-0.3090522794383088,0.999992033573001,20,1,2025-11-05
EVRG/PCG,EVRG,PCG,high_entry,-2669.420110375621,-0.3665459878007593,-0.3090522794383088,2.957511746575204e-12,36,1,2025-11-05
AON/KKR,AON,KKR,high_entry,1318.428492511873,0.21566085084499173,-0.3090522794383088,0.98641187659302,20,1,2025-11-05
AIG/L,AIG,L,high_entry,-1313.816881852639,-0.39778864739446035,-0.3090522794383088,4.298496001412407e-15,18,1,2025-11-05
AON/BR,AON,BR,high_entry,492.9008872957154,0.2543037411843223,-0.3090522794383088,0.9898105857708004,10,1,2025-11-05
HAS/YUM,HAS,YUM,flash_hold,8219.212705544413,1.625581021359898,-0.3851827564554592,1.0,106,1,2025-11-05
CSCO/PAYC,CSCO,PAYC,flash_hold,-1199.802181688186,-0.2184754315956914,-0.3851827564554592,4.998228170416952e-12,98,1,2025-11-05
UNP/VLTO,UNP,VLTO,flash_hold,1447.113774546855,0.3873692911083608,-0.3851827564554592,0.9998475046577328,108,1,2025-11-05
EXR/WY,EXR,WY,flash_hold,3719.265661810994,0.8596952856138095,-0.3851827564554592,1.0,132,1,2025-11-05
CME/DE,CME,DE,flash_hold,844.7428351957633,0.1388964631944709,-0.3851827564554592,0.7534990134367668,98,1,2025-11-05
BIIB/HCA,BIIB,HCA,flash_hold,7857.047461567603,1.3077072116026776,-0.3851827564554592,1.0,108,1,2025-11-05
TXT/YUM,TXT,YUM,flash_hold,356.2328853644144,0.07205545145086283,-0.3851827564554592,0.24463027158041462,106,1,2025-11-05
AKAM/KEYS,AKAM,KEYS,flash_hold,-1815.209999999979,-0.2621483000878188,-0.3851827564554592,3.458751282367029e-17,94,1,2025-11-05
ATO/PCG,ATO,PCG,flash_hold,-148.8411435511882,-0.02920400196136982,-0.3851827564554592,0.0038604435362996916,132,1,2025-11-05
RTX/SNA,RTX,SNA,flash_hold,4669.976508262296,0.8164372092505816,-0.3851827564554592,0.9999982436069403,98,1,2025-11-05
CDNS/PTC,CDNS,PTC,flash_hold,-6169.669999999996,-0.83032881189338,-0.3851827564554592,1.1586197172984786e-08,104,1,2025-11-05
EVRG/PCG,EVRG,PCG,flash_hold,-8134.318915121551,-1.3921977495484787,-0.3851827564554592,2.7769238529936195e-20,144,1,2025-11-05
AON/KKR,AON,KKR,flash_hold,5801.251636371599,0.7280287839402054,-0.3851827564554592,0.9999999999960324,120,1,2025-11-05
AIG/L,AIG,L,flash_hold,1889.811798642218,0.5946853848617076,-0.3851827564554592,0.9999999999613114,120,1,2025-11-05
AON/BR,AON,BR,flash_hold,-636.2591666677399,-0.19819361205558378,-0.3851827564554592,1.2704922276332762e-08,100,1,2025-11-05
HAS/YUM,HAS,YUM,quick_exit,3757.899366658748,0.34312146044404807,-0.46639939261668,0.9681563166881211,46,1,2025-11-05
CSCO/PAYC,CSCO,PAYC,quick_exit,8997.012128335125,1.0258455145901362,-0.46639939261668,0.9999967261148499,44,1,2025-11-05
UNP/VLTO,UNP,VLTO,quick_exit,4389.709194536948,0.8036835674101851,-0.46639939261668,0.9999911293557694,44,1,2025-11-05
EXR/WY,EXR,WY,quick_exit,8886.208954742397,1.3233929529869448,-0.46639939261668,0.9999795934591063,40,1,2025-11-05
CME/DE,CME,DE,quick_exit,1687.38786287669,0.22777832605304985,-0.46639939261668,0.9767302621430277,50,1,2025-11-05
BIIB/HCA,BIIB,HCA,quick_exit,-2098.252717141044,-0.23384719931199213,-0.46639939261668,9.216665305510321e-09,48,1,2025-11-05
TXT/YUM,TXT,YUM,quick_exit,-1072.964813002869,-0.19090986188654696,-0.46639939261668,3.9568782287693634e-08,54,1,2025-11-05
AKAM/KEYS,AKAM,KEYS,quick_exit,-3467.239999999994,-0.6624327441244771,-0.46639939261668,1.2588949091413552e-18,36,1,2025-11-05
ATO/PCG,ATO,PCG,quick_exit,-5817.090126710727,-0.8008669630831797,-0.46639939261668,8.85176994208616e-15,54,1,2025-11-05
RTX/SNA,RTX,SNA,quick_exit,2359.038733551292,0.33985492040136456,-0.46639939261668,0.9910632967112833,48,1,2025-11-05
CDNS/PTC,CDNS,PTC,quick_exit,-5888.490000000018,-0.6418504512322569,-0.46639939261668,1.7122247680306309e-09,46,1,2025-11-05
EVRG/PCG,EVRG,PCG,quick_exit,-3938.602708929673,-0.5522854921903264,-0.46639939261668,2.1052612223388834e-13,58,1,2025-11-05
AON/KKR,AON,KKR,quick_exit,5590.828892409154,0.6962137072459494,-0.46639939261668,0.9999999940339557,42,1,2025-11-05
AIG/L,AIG,L,quick_exit,-1204.976895691644,-0.3304408643287528,-0.46639939261668,8.467390297535252e-15,38,1,2025-11-05
AON/BR,AON,BR,quick_exit,-2008.832290597639,-0.6340443210658576,-0.46639939261668,1.6759453761991016e-16,26,1,2025-11-05
HAS/YUM,HAS,YUM,high_leverage,8836.350946107137,0.5288118855667513,-0.5430956796700188,0.9939412698353548,42,1,2025-11-05
CSCO/PAYC,CSCO,PAYC,high_leverage,6180.528065879682,0.4369888579611127,-0.5430956796700188,0.9999904989607498,50,1,2025-11-05
UNP/VLTO,UNP,VLTO,high_leverage,2066.671223897947,0.22269396776835035,-0.5430956796700188,0.9504224472673631,42,1,2025-11-05
EXR/WY,EXR,WY,high_leverage,7558.641540603088,0.5959504774015341,-0.5430956796700188,0.9999999979419335,46,1,2025-11-05
CME/DE,CME,DE,high_leverage,3604.865142459079,0.2976936422119254,-0.5430956796700188,0.9989139234299074,52,1,2025-11-05
BIIB/HCA,BIIB,HCA,high_leverage,-817.4048132517155,-0.060320165467760194,-0.5430956796700188,0.0007330375768293864,40,1,2025-11-05
TXT/YUM,TXT,YUM,high_leverage,-5266.124428890797,-0.44734747299670846,-0.5430956796700188,4.43962860604766e-18,52,1,2025-11-05
AKAM/KEYS,AKAM,KEYS,high_leverage,6254.690000000024,0.5636419489274549,-0.5430956796700188,0.9999391574012708,30,1,2025-11-05
ATO/PCG,ATO,PCG,high_leverage,-8700.837568457564,-0.7010894875618852,-0.5430956796700188,9.175978104586309e-20,40,1,2025-11-05
RTX/SNA,RTX,SNA,high_leverage,2989.888040554072,0.2965787660024924,-0.5430956796700188,0.9780764175387732,48,1,2025-11-05
CDNS/PTC,CDNS,PTC,high_leverage,-7489.530000000033,-0.583517396099956,-0.5430956796700188,5.5861236937376895e-08,40,1,2025-11-05
EVRG/PCG,EVRG,PCG,high_leverage,-16980.25209932925,-1.2609727172480238,-0.5430956796700188,1.3698742295473678e-21,46,1,2025-11-05
AON/KKR,AON,KKR,high_leverage,4657.643627911234,0.30758969743199427,-0.5430956796700188,0.9999862590856304,38,1,2025-11-05
AIG/L,AIG,L,high_leverage,-6634.632301199685,-1.1552098406018176,-0.5430956796700188,8.473209746485723e-25,36,1,2025-11-05
AON/BR,AON,BR,high_leverage,-834.6915469536343,-0.1426142560006449,-0.5430956796700188,2.191652700935488e-06,28,1,2025-11-05
HAS/YUM,HAS,YUM,low_entry,9041.957373464054,0.6316808632750468,-0.5433116576906943,0.9998999562392786,78,1,2025-11-05
CSCO/PAYC,CSCO,PAYC,low_entry,-4974.753522951841,-0.4049433268334834,-0.5433116576906943,1.5320953459219314e-10,78,1,2025-11-05
UNP/VLTO,UNP,VLTO,low_entry,-2028.987046289817,-0.2725344155171487,-0.5433116576906943,2.172156926679465e-14,86,1,2025-11-05
EXR/WY,EXR,WY,low_entry,5089.136574346529,0.6568875782164005,-0.5433116576906943,1.0,76,1,2025-11-05
CME/DE,CME,DE,low_entry,12905.18721689435,1.3056502189462271,-0.5433116576906943,1.0,80,1,2025-11-05
BIIB/HCA,BIIB,HCA,low_entry,595.5791625321867,0.05518685417739467,-0.5433116576906943,0.1533705949209283,92,1,2025-11-05
TXT/YUM,TXT,YUM,low_entry,3119.190164067936,0.36539183500742906,-0.5433116576906943,0.9999736651408893,78,1,2025-11-05
AKAM/KEYS,AKAM,KEYS,low_entry,13579.92999999999,1.4402642194669895,-0.5433116576906943,0.9999999987399791,52,1,2025-11-05
ATO/PCG,ATO,PCG,low_entry,-8539.92219977827,-0.7652055427823438,-0.5433116576906943,4.894284925067209e-27,84,1,2025-11-05
RTX/SNA,RTX,SNA,low_entry,-1310.977658371088,-0.15642980019524702,-0.5433116576906943,1.3493087950802421e-08,70,1,2025-11-05
CDNS/PTC,CDNS,PTC,low_entry,-1957.810000000027,-0.19053638792513358,-0.5433116576906943,1.044717905041534e-06,78,1,2025-11-05
EVRG/PCG,EVRG,PCG,low_entry,-18495.23368977839,-1.5982952845059981,-0.5433116576906943,1.4011041763036848e-15,92,1,2025-11-05
AON/KKR,AON,KKR,low_entry,-14417.76435393743,-0.9464647511054691,-0.5433116576906943,2.198697228048064e-30,100,1,2025-11-05
AIG/L,AIG,L,low_entry,2041.172905774972,0.30285462942522184,-0.5433116576906943,0.9998782222483187,100,1,2025-11-05
AON/BR,AON,BR,low_entry,4374.90916442353,0.819446341661361,-0.5433116576906943,0.9999999999993502,56,1,2025-11-05
HAS/YUM,HAS,YUM,patient_hold,6636.054083562994,1.1708179003469519,-0.6049861299421294,0.9999999999997452,26,1,2025-11-05
CSCO/PAYC,CSCO,PAYC,patient_hold,8255.080533313616,1.1114930805975138,-0.6049861299421294,0.9995345132401008,20,1,2025-11-05
UNP/VLTO,UNP,VLTO,patient_hold,1328.509984590984,0.2347904292690561,-0.6049861299421294,0.957488419805257,30,1,2025-11-05
EXR/WY,EXR,WY,patient_hold,-398.2452940394564,-0.08068085333260326,-0.6049861299421294,0.0002504748363238355,18,1,2025-11-05
CME/DE,CME,DE,patient_hold,5854.114286864692,0.7803368696678408,-0.6049861299421294,0.9999999995600547,44,1,2025-11-05
BIIB/HCA,BIIB,HCA,patient_hold,-1.000393662091483,-0.00014777642392041848,-0.6049861299421294,0.01787853100730441,22,1,2025-11-05
TXT/YUM,TXT,YUM,patient_hold,-7302.109940139498,-1.0524351372685965,-0.6049861299421294,1.6299087383462534e-20,34,1,2025-11-05
AKAM/KEYS,AKAM,KEYS,patient_hold,1820.579999999984,0.2656104859827893,-0.6049861299421294,0.9962416844201144,22,1,2025-11-05
ATO/PCG,ATO,PCG,patient_hold,-4309.012666460019,-0.5060489396366442,-0.6049861299421294,1.4715909610836122e-19,38,1,2025-11-05
RTX/SNA,RTX,SNA,patient_hold,8048.05913663514,1.759584680665962,-0.6049861299421294,0.999999999999364,36,1,2025-11-05
CDNS/PTC,CDNS,PTC,patient_hold,-1652.710000000023,-0.23105592616284454,-0.6049861299421294,1.8585680160814036e-05,26,1,2025-11-05
EVRG/PCG,EVRG,PCG,patient_hold,-8065.843028176063,-0.8750735513179101,-0.6049861299421294,7.687485346770725e-22,40,1,2025-11-05
AON/KKR,AON,KKR,patient_hold,-1200.500096434569,-0.14619989660203242,-0.6049861299421294,7.908736785947251e-05,26,1,2025-11-05
AIG/L,AIG,L,patient_hold,-3039.001770092034,-0.7415426596298699,-0.6049861299421294,1.5568763120391255e-23,32,1,2025-11-05
AON/BR,AON,BR,patient_hold,2302.145582592206,0.6985272146151045,-0.6049861299421294,0.9999118696173012,18,1,2025-11-05
HAS/YUM,HAS,YUM,high_vol_specialist,8416.148679450038,1.3414455116058597,-0.659596067535965,1.0,36,1,2025-11-05
CSCO/PAYC,CSCO,PAYC,high_vol_specialist,6411.068956375854,0.7230465314588981,-0.659596067535965,0.9999971866615994,30,1,2025-11-05
UNP/VLTO,UNP,VLTO,high_vol_specialist,3888.936483644869,0.6992821927928974,-0.659596067535965,0.9999928893798204,28,1,2025-11-05
EXR/WY,EXR,WY,high_vol_specialist,4994.075960672591,0.8299076058282716,-0.659596067535965,0.9999999999999999,28,1,2025-11-05
CME/DE,CME,DE,high_vol_specialist,10660.66742847781,1.50730673114188,-0.659596067535965,0.9999999999983644,40,1,2025-11-05
BIIB/HCA,BIIB,HCA,high_vol_specialist,4936.194515681638,0.7330256844670171,-0.659596067535965,0.9999999997092252,24,1,2025-11-05
TXT/YUM,TXT,YUM,high_vol_specialist,-3363.047091634869,-0.3762675356307121,-0.659596067535965,1.4209519305553826e-09,36,1,2025-11-05
AKAM/KEYS,AKAM,KEYS,high_vol_specialist,-15908.62,-1.3467911052561308,-0.659596067535965,3.440427000361876e-05,32,1,2025-11-05
ATO/PCG,ATO,PCG,high_vol_specialist,-6732.222539217602,-0.6237444444637752,-0.659596067535965,5.5180035218791115e-31,48,1,2025-11-05
RTX/SNA,RTX,SNA,high_vol_specialist,4590.246368270839,1.1802995602446846,-0.659596067535965,0.9999999999674205,26,1,2025-11-05
CDNS/PTC,CDNS,PTC,high_vol_specialist,1310.909999999966,0.1698777331368392,-0.659596067535965,0.8973179561831384,34,1,2025-11-05
EVRG/PCG,EVRG,PCG,high_vol_specialist,-14324.37759264606,-1.1607988339178437,-0.659596067535965,5.469819629856536e-25,46,1,2025-11-05
AON/KKR,AON,KKR,high_vol_specialist,690.5435426900549,0.08627268303167884,-0.659596067535965,0.3143483979539998,28,1,2025-11-05
AIG/L,AIG,L,high_vol_specialist,600.8808678693415,0.14229579366926162,-0.659596067535965,0.7280893349387243,36,1,2025-11-05
AON/BR,AON,BR,high_vol_specialist,-2808.479240273256,-0.5914542656518467,-0.659596067535965,4.744517734896862e-10,26,1,2025-11-05
HAS/YUM,HAS,YUM,default,6598.472812166339,0.5997018857949703,-0.8352074140590215,0.9949730607184694,42,1,2025-11-05
CSCO/PAYC,CSCO,PAYC,default,4346.069663823973,0.46486996224188704,-0.8352074140590215,0.9999907157613314,50,1,2025-11-05
UNP/VLTO,UNP,VLTO,default,2560.526087615249,0.42750931196402137,-0.8352074140590215,0.9994578618835533,42,1,2025-11-05
EXR/WY,EXR,WY,default,4144.409552361535,0.5040005549119756,-0.8352074140590215,0.9999999668682826,46,1,2025-11-05
CME/DE,CME,DE,default,2401.280795567943,0.2972654559214772,-0.8352074140590215,0.9989081609157799,52,1,2025-11-05
BIIB/HCA,BIIB,HCA,default,-1976.751610910225,-0.2245011228649779,-0.8352074140590215,1.9952916847172433e-08,48,1,2025-11-05
TXT/YUM,TXT,YUM,default,-3796.933993075781,-0.5371120608635422,-0.8352074140590215,1.6549618371302751e-21,50,1,2025-11-05
AKAM/KEYS,AKAM,KEYS,default,2761.22999999999,0.3705435052780147,-0.8352074140590215,0.9997377288867901,36,1,2025-11-05
ATO/PCG,ATO,PCG,default,-4827.769155354909,-0.6633141004457929,-0.8352074140590215,8.573842442186615e-16,48,1,2025-11-05
RTX/SNA,RTX,SNA,default,2027.754543364798,0.30143269244733517,-0.8352074140590215,0.979903067777921,48,1,2025-11-05
CDNS/PTC,CDNS,PTC,default,-4026.950000000006,-0.4628853459870142,-0.8352074140590215,6.960053411439351e-08,42,1,2025-11-05
EVRG/PCG,EVRG,PCG,default,-6951.625835585202,-0.8677170036833072,-0.8352074140590215,1.288106446621681e-14,54,1,2025-11-05
AON/KKR,AON,KKR,default,990.9457087741839,0.1027290600644891,-0.8352074140590215,0.4541029047327008,38,1,2025-11-05
AIG/L,AIG,L,default,-6123.248470475707,-1.5369236107596056,-0.8352074140590215,2.058168409309999e-18,34,1,2025-11-05
AON/BR,AON,BR,default,-1191.530233351763,-0.3115318053006557,-0.8352074140590215,1.0844844734433506e-10,28,1,2025-11-05
HAS/YUM,HAS,YUM,short_z_long_v,4635.272500803261,0.4956126159631311,-0.8792811867712049,0.999636099467391,46,1,2025-11-05
CSCO/PAYC,CSCO,PAYC,short_z_long_v,-6018.037339281071,-0.5933438837336331,-0.8792811867712049,7.744208377551229e-08,42,1,2025-11-05
UNP/VLTO,UNP,VLTO,short_z_long_v,3239.04677912094,0.4916968029983452,-0.8792811867712049,0.9999607424467686,40,1,2025-11-05
EXR/WY,EXR,WY,short_z_long_v,5325.493586316266,0.7022921383333323,-0.8792811867712049,0.9999969289762193,52,1,2025-11-05
CME/DE,CME,DE,short_z_long_v,9397.82681383589,1.2537038400651799,-0.8792811867712049,0.9999999999998863,50,1,2025-11-05
BIIB/HCA,BIIB,HCA,short_z_long_v,6836.437433061844,0.8837013883684568,-0.8792811867712049,0.999999999999854,38,1,2025-11-05
TXT/YUM,TXT,YUM,short_z_long_v,-12663.4154956098,-1.5030733047680431,-0.8792811867712049,2.645613733232824e-10,56,1,2025-11-05
AKAM/KEYS,AKAM,KEYS,short_z_long_v,-15014.96000000001,-1.2929636502965427,-0.8792811867712049,2.829307893508368e-05,54,1,2025-11-05
ATO/PCG,ATO,PCG,short_z_long_v,-7818.395161336848,-0.8898828621314403,-0.8792811867712049,3.97168536420643e-21,72,1,2025-11-05
RTX/SNA,RTX,SNA,short_z_long_v,2239.442979782319,0.28662731968892124,-0.8792811867712049,0.9916457735869175,50,1,2025-11-05
CDNS/PTC,CDNS,PTC,short_z_long_v,1452.840000000023,0.19381482557465127,-0.8792811867712049,0.945515482335898,50,1,2025-11-05
EVRG/PCG,EVRG,PCG,short_z_long_v,-1380.82990161187,-0.15932625841456546,-0.8792811867712049,2.8705157895080933e-07,62,1,2025-11-05
AON/KKR,AON,KKR,short_z_long_v,5072.372081453726,0.4139722986523026,-0.8792811867712049,0.9999720792829536,58,1,2025-11-05
AIG/L,AIG,L,short_z_long_v,1165.113331709148,0.2454389602015926,-0.8792811867712049,0.9937877915475649,56,1,2025-11-05
AON/BR,AON,BR,short_z_long_v,-3894.886496152279,-0.7672691954234603,-0.8792811867712049,2.71750849933827e-10,38,1,2025-11-05
HAS/YUM,HAS,YUM,slow_signal,2535.997272113294,0.4735955660334764,-0.9465514131791508,0.9999999859841271,40,1,2025-11-05
CSCO/PAYC,CSCO,PAYC,slow_signal,6800.765252723669,0.773207458209485,-0.9465514131791508,0.9999886884754797,30,1,2025-11-05
UNP/VLTO,UNP,VLTO,slow_signal,5434.941577598631,0.9950922254095422,-0.9465514131791508,0.9999984354178579,26,1,2025-11-05
EXR/WY,EXR,WY,slow_signal,7803.095640094813,1.464372176487597,-0.9465514131791508,0.9999999999999047,26,1,2025-11-05
CME/DE,CME,DE,slow_signal,12343.01455708567,1.8917310550690718,-0.9465514131791508,0.9999999993725475,32,1,2025-11-05
BIIB/HCA,BIIB,HCA,slow_signal,4996.593531226282,0.7797289413256188,-0.9465514131791508,0.9999999997825451,22,1,2025-11-05
TXT/YUM,TXT,YUM,slow_signal,-5561.899782925982,-0.7966452324183666,-0.9465514131791508,6.272018456911354e-17,40,1,2025-11-05
AKAM/KEYS,AKAM,KEYS,slow_signal,-12824.65000000001,-1.1063636564491894,-0.9465514131791508,2.7424674682487626e-05,28,1,2025-11-05
ATO/PCG,ATO,PCG,slow_signal,-13408.56944919954,-1.470211191007852,-0.9465514131791508,3.575597593911537e-27,50,1,2025-11-05
RTX/SNA,RTX,SNA,slow_signal,466.1364142131497,0.10076190141424941,-0.9465514131791508,0.4513490058582201,30,1,2025-11-05
CDNS/PTC,CDNS,PTC,slow_signal,-2452.070000000038,-0.34486974844866575,-0.9465514131791508,3.1329970832457632e-06,34,1,2025-11-05
EVRG/PCG,EVRG,PCG,slow_signal,-12116.1185880283,-1.0783063583170562,-0.9465514131791508,2.3725938014655866e-22,50,1,2025-11-05
AON/KKR,AON,KKR,slow_signal,-177.9189838757673,-0.020168731352723717,-0.9465514131791508,0.007779873455750581,30,1,2025-11-05
AIG/L,AIG,L,slow_signal,-996.8656432195871,-0.2957109368062285,-0.9465514131791508,6.916272012943737e-17,40,1,2025-11-05
AON/BR,AON,BR,slow_signal,1658.670396295501,0.4048886728347967,-0.9465514131791508,0.9999670877421206,26,1,2025-11-05
HAS/YUM,HAS,YUM,conservative_no_leverage,3397.399995881575,1.3549229655495585,-0.9805065195914164,0.9999999999999076,28,1,2025-11-05
CSCO/PAYC,CSCO,PAYC,conservative_no_leverage,4482.417616918933,1.1215043040631487,-0.9805065195914164,0.9999574637988334,32,1,2025-11-05
UNP/VLTO,UNP,VLTO,conservative_no_leverage,846.2173824769206,0.31610310502673405,-0.9805065195914164,0.9929489775746473,22,1,2025-11-05
EXR/WY,EXR,WY,conservative_no_leverage,1144.60694319434,0.38413892299400015,-0.9805065195914164,0.9999999109625496,24,1,2025-11-05
CME/DE,CME,DE,conservative_no_leverage,4422.9467760562,1.2705900312119411,-0.9805065195914164,0.9999999969656721,32,1,2025-11-05
BIIB/HCA,BIIB,HCA,conservative_no_leverage,-217.6880278343343,-0.05824907977401494,-0.9805065195914164,0.0010566463591705642,26,1,2025-11-05
TXT/YUM,TXT,YUM,conservative_no_leverage,-2399.751569341385,-0.7644265484178501,-0.9805065195914164,3.6084848340029294e-16,30,1,2025-11-05
AKAM/KEYS,AKAM,KEYS,conservative_no_leverage,1008.14999999999,0.29462800386228144,-0.9805065195914164,0.9977346368316995,20,1,2025-11-05
ATO/PCG,ATO,PCG,conservative_no_leverage,-3108.494314841636,-0.7149599269045595,-0.9805065195914164,3.7546309813083124e-22,32,1,2025-11-05
RTX/SNA,RTX,SNA,conservative_no_leverage,3786.354914293873,1.9742830087897096,-0.9805065195914164,0.9999999999655603,32,1,2025-11-05
CDNS/PTC,CDNS,PTC,conservative_no_leverage,148.2499999999882,0.03670505593498979,-0.9805065195914164,0.06821737227643196,28,1,2025-11-05
EVRG/PCG,EVRG,PCG,conservative_no_leverage,-6482.636083678477,-1.3891031537000957,-0.9805065195914164,7.594767166025588e-28,32,1,2025-11-05
AON/KKR,AON,KKR,conservative_no_leverage,2494.828406647992,0.5227493980736548,-0.9805065195914164,0.9999999963302786,28,1,2025-11-05
AIG/L,AIG,L,conservative_no_leverage,967.7630758293324,0.5205870056903826,-0.9805065195914164,0.9999996803634058,30,1,2025-11-05
AON/BR,AON,BR,conservative_no_leverage,386.278042513729,0.21298414351048023,-0.9805065195914164,0.9898519057670244,20,1,2025-11-05
HAS/YUM,HAS,YUM,low_vol_specialist,14583.84752376606,1.9305336880276678,-1.257525132205389,1.0,86,1,2025-11-05
CSCO/PAYC,CSCO,PAYC,low_vol_specialist,-9790.859998769885,-0.9382707261788388,-1.257525132205389,1.3953972988559142e-24,92,1,2025-11-05
UNP/VLTO,UNP,VLTO,low_vol_specialist,679.0239828739595,0.09492005656036429,-1.257525132205389,0.404965763280397,86,1,2025-11-05
EXR/WY,EXR,WY,low_vol_specialist,1696.723093484246,0.1952289052154418,-1.257525132205389,0.9222633268694463,98,1,2025-11-05
CME/DE,CME,DE,low_vol_specialist,11400.19701258901,1.2371167660743339,-1.257525132205389,1.0,76,1,2025-11-05
BIIB/HCA,BIIB,HCA,low_vol_specialist,584.9902700139221,0.05626924661163346,-1.257525132205389,0.1507264645232304,80,1,2025-11-05
TXT/YUM,TXT,YUM,low_vol_specialist,-834.0178925060454,-0.08343159903158895,-1.257525132205389,4.505908245466855e-05,92,1,2025-11-05
AKAM/KEYS,AKAM,KEYS,low_vol_specialist,-18879.53000000001,-1.2822470847967915,-1.257525132205389,3.4668543423498674e-07,72,1,2025-11-05
ATO/PCG,ATO,PCG,low_vol_specialist,-3476.667066646491,-0.3466090380393572,-1.257525132205389,1.989301547651658e-14,110,1,2025-11-05
RTX/SNA,RTX,SNA,low_vol_specialist,2546.509538809571,0.29980995276779204,-1.257525132205389,0.9969344796271238,82,1,2025-11-05
CDNS/PTC,CDNS,PTC,low_vol_specialist,209.8099999999922,0.020328430235601533,-1.257525132205389,0.045749145041999284,68,1,2025-11-05
EVRG/PCG,EVRG,PCG,low_vol_specialist,-15741.99500294622,-1.5762845300010846,-1.257525132205389,9.825696872718947e-14,108,1,2025-11-05
AON/KKR,AON,KKR,low_vol_specialist,-13143.33781172295,-0.9129627158925847,-1.257525132205389,2.217486504087446e-29,84,1,2025-11-05
AIG/L,AIG,L,low_vol_specialist,2451.508010171209,0.4275882193518509,-1.257525132205389,0.9999998404329217,96,1,2025-11-05
AON/BR,AON,BR,low_vol_specialist,4627.122772836843,0.7068396292610745,-1.257525132205389,0.99999999972997,72,1,2025-11-05
HAS/YUM,HAS,YUM,high_turnover,4775.981824211976,0.5973048947176175,-1.3347981327297198,0.9999999995926105,78,1,2025-11-05
CSCO/PAYC,CSCO,PAYC,high_turnover,-1565.954346892614,-0.15817137550313382,-1.3347981327297198,5.919292699711995e-09,64,1,2025-11-05
UNP/VLTO,UNP,VLTO,high_turnover,-3272.113725755463,-0.45527895979298494,-1.3347981327297198,9.337740519745756e-22,82,1,2025-11-05
EXR/WY,EXR,WY,high_turnover,3050.663005684511,0.43128872981827926,-1.3347981327297198,0.9999999822188262,70,1,2025-11-05
CME/DE,CME,DE,high_turnover,-668.4441267381876,-0.0710213444305517,-1.3347981327297198,0.0004335120006632699,76,1,2025-11-05
BIIB/HCA,BIIB,HCA,high_turnover,-2892.066322047538,-0.28870378168292044,-1.3347981327297198,2.597469687165123e-12,80,1,2025-11-05
TXT/YUM,TXT,YUM,high_turnover,324.6468049765721,0.0352150309699174,-1.3347981327297198,0.08550733362296475,72,1,2025-11-05
AKAM/KEYS,AKAM,KEYS,high_turnover,-2006.519999999994,-0.1921539708577932,-1.3347981327297198,1.0926083247011626e-12,68,1,2025-11-05
ATO/PCG,ATO,PCG,high_turnover,141.522280198843,0.020556502359418402,-1.3347981327297198,0.049843729432610916,64,1,2025-11-05
RTX/SNA,RTX,SNA,high_turnover,5093.651788460623,0.9079136150785879,-1.3347981327297198,0.9999999999999973,70,1,2025-11-05
CDNS/PTC,CDNS,PTC,high_turnover,-17548.16000000002,-1.3585022901426547,-1.3347981327297198,2.2308195708416118e-05,70,1,2025-11-05
EVRG/PCG,EVRG,PCG,high_turnover,-3473.150970493825,-0.5481343999811675,-1.3347981327297198,5.868621958911173e-16,60,1,2025-11-05
AON/KKR,AON,KKR,high_turnover,-6716.492184782004,-0.6328597651506521,-1.3347981327297198,3.1230206116443763e-12,64,1,2025-11-05
AIG/L,AIG,L,high_turnover,8389.749867809785,1.9728992064151012,-1.3347981327297198,1.0,70,1,2025-11-05
AON/BR,AON,BR,high_turnover,-5530.88318459362,-0.7478883723005524,-1.3347981327297198,3.737939855169316e-08,66,1,2025-11-05
HAS/YUM,HAS,YUM,no_leverage,3288.878757732828,0.5994181909031749,-1.6070460775083946,0.9949928030311517,42,1,2025-11-05
CSCO/PAYC,CSCO,PAYC,no_leverage,2160.877343144721,0.46399953349742223,-1.6070460775083946,0.9999905660717039,50,1,2025-11-05
UNP/VLTO,UNP,VLTO,no_leverage,1278.171215305551,0.42803914166070783,-1.6070460775083946,0.9994690135948872,42,1,2025-11-05
EXR/WY,EXR,WY,no_leverage,2065.319277281396,0.5038333240780104,-1.6070460775083946,0.9999999674008573,46,1,2025-11-05
CME/DE,CME,DE,no_leverage,1219.397783222909,0.3038387279865244,-1.6070460775083946,0.9992046422509748,52,1,2025-11-05
BIIB/HCA,BIIB,HCA,no_leverage,-992.689128904794,-0.22657748663863056,-1.6070460775083946,1.776337693033657e-08,48,1,2025-11-05
TXT/YUM,TXT,YUM,no_leverage,-1884.849301373435,-0.5353655710940504,-1.6070460775083946,2.0000789544035685e-21,50,1,2025-11-05
AKAM/KEYS,AKAM,KEYS,no_leverage,1382.019999999996,0.37209419000499055,-1.6070460775083946,0.9997431495028175,36,1,2025-11-05
ATO/PCG,ATO,PCG,no_leverage,-2399.17260520154,-0.6618926225801454,-1.6070460775083946,8.073742694403856e-16,48,1,2025-11-05
RTX/SNA,RTX,SNA,no_leverage,999.4198391611467,0.29812112201283897,-1.6070460775083946,0.978503138978578,48,1,2025-11-05
CDNS/PTC,CDNS,PTC,no_leverage,-1981.41,-0.458078851662581,-1.6070460775083946,9.141622807872307e-08,42,1,2025-11-05
EVRG/PCG,EVRG,PCG,no_leverage,-3451.665057629945,-0.864485578600588,-1.6070460775083946,1.2998473527889778e-14,54,1,2025-11-05
AON/KKR,AON,KKR,no_leverage,502.6929942818244,0.10447114094219677,-1.6070460775083946,0.4687606960905351,38,1,2025-11-05
AIG/L,AIG,L,no_leverage,-3051.507149259699,-1.535985161168522,-1.6070460775083946,2.453247952045201e-18,34,1,2025-11-05
AON/BR,AON,BR,no_leverage,-592.683835454887,-0.3114742212651188,-1.6070460775083946,9.440098665536963e-11,28,1,2025-11-05
HAS/YUM,HAS,YUM,conservative,2478.085336634479,1.573767284308534,-1.8484424380126403,0.9999848102209113,16,1,2025-11-05
CSCO/PAYC,CSCO,PAYC,conservative,2464.311238373743,0.7340449346299721,-1.8484424380126403,0.9973646449125836,14,1,2025-11-05
UNP/VLTO,UNP,VLTO,conservative,-112.1413518610417,-0.042487627078717984,-1.8484424380126403,0.0011770081112791374,20,1,2025-11-05
EXR/WY,EXR,WY,conservative,159.5940573227545,0.09953327632979415,-1.8484424380126403,0.4292906547460134,20,1,2025-11-05
CME/DE,CME,DE,conservative,1392.882243712308,0.6496596651379767,-1.8484424380126403,0.9999969993341806,22,1,2025-11-05
BIIB/HCA,BIIB,HCA,conservative,-1832.752867124633,-0.6639194629042774,-1.8484424380126403,4.4150241053735165e-07,16,1,2025-11-05
TXT/YUM,TXT,YUM,conservative,-164.7597905463322,-0.08325699666830595,-1.8484424380126403,0.0003169450192217083,24,1,2025-11-05
AKAM/KEYS,AKAM,KEYS,conservative,-531.4400000000047,-0.3519564927673764,-1.8484424380126403,7.859686910778662e-08,16,1,2025-11-05
ATO/PCG,ATO,PCG,conservative,-1366.796617206419,-0.5433291530927833,-1.8484424380126403,6.034399760697825e-11,36,1,2025-11-05
RTX/SNA,RTX,SNA,conservative,1049.222940918951,0.5943791215708588,-1.8484424380126403,0.9999367904403941,24,1,2025-11-05
CDNS/PTC,CDNS,PTC,conservative,1517.119999999984,0.4315695574379844,-1.8484424380126403,0.9999937607424729,26,1,2025-11-05
EVRG/PCG,EVRG,PCG,conservative,-645.2390759965306,-0.23105689816888603,-1.8484424380126403,1.2725242555446876e-07,34,1,2025-11-05
AON/KKR,AON,KKR,conservative,798.4710800951375,0.33264583034630246,-1.8484424380126403,0.9934870149706981,14,1,2025-11-05
AIG/L,AIG,L,conservative,916.7715948015023,0.7757993592802978,-1.8484424380126403,0.9999992413242574,26,1,2025-11-05
AON/BR,AON,BR,conservative,891.3526012083393,0.5967812586120481,-1.8484424380126403,0.9992030804621957,16,1,2025-11-05
HAS/YUM,HAS,YUM,vol_gated,8845.49191706974,0.7690732967152033,0.5781492054442327,0.9999918981166901,58,2,2025-12-11
CSCO/PAYC,CSCO,PAYC,vol_gated,-680.5986805913972,-0.061779816694536305,0.5781492054442327,0.0009471980911268313,42,2,2025-12-11
UNP/VLTO,UNP,VLTO,vol_gated,-152.2382345345941,-0.02214087446708178,0.5781492054442327,0.005161088051117837,66,2,2025-12-11
EXR/WY,EXR,WY,vol_gated,6179.959135808351,0.6545404658230919,0.5781492054442327,0.9999999999174352,52,2,2025-12-11
CME/DE,CME,DE,vol_gated,6358.149294038465,0.7307434122311285,0.5781492054442327,0.9999999999985794,56,2,2025-12-11
BIIB/HCA,BIIB,HCA,vol_gated,7899.547306679635,0.7310802296890612,0.5781492054442327,0.9999999999999183,80,2,2025-12-11
TXT/YUM,TXT,YUM,vol_gated,-492.4628231318229,-0.06202851568932476,0.5781492054442327,0.00037377823041433254,56,2,2025-12-11
AKAM/KEYS,AKAM,KEYS,vol_gated,14434.94,1.6544797223507366,0.5781492054442327,0.999999936388201,46,2,2025-12-11
ATO/PCG,ATO,PCG,vol_gated,-4815.027834220649,-0.6009706089528629,0.5781492054442327,6.674255333193564e-28,50,2,2025-12-11
RTX/SNA,RTX,SNA,vol_gated,4203.877987036651,0.6543070128992658,0.5781492054442327,0.9999999869692185,46,2,2025-12-11
CDNS/PTC,CDNS,PTC,vol_gated,222.3899999999871,0.021200030074620672,0.5781492054442327,0.045636638762436434,70,2,2025-12-11
EVRG/PCG,EVRG,PCG,vol_gated,-203.3015031139639,-0.025494184227155398,0.5781492054442327,0.003759364519639093,58,2,2025-12-11
AON/KKR,AON,KKR,vol_gated,4391.571277265433,0.3663978325740586,0.5781492054442327,0.9999997814942446,62,2,2025-12-11
AIG/L,AIG,L,vol_gated,1078.627477807692,0.19178317435316336,0.5781492054442327,0.9770272938766862,56,2,2025-12-11
AON/BR,AON,BR,vol_gated,609.8923008565625,0.14117220896881763,0.5781492054442327,0.7711563657731713,50,2,2025-12-11
HAS/YUM,HAS,YUM,deep_dislocation,16661.39737145679,2.0010009834048024,0.526083981049002,0.9999999999999992,20,2,2025-12-11
CSCO/PAYC,CSCO,PAYC,deep_dislocation,2467.592856966033,0.20144380418363744,0.526083981049002,0.990013654481913,18,2,2025-12-11
UNP/VLTO,UNP,VLTO,deep_dislocation,1462.433341101126,0.18661124884934752,0.526083981049002,0.9081291967065047,22,2,2025-12-11
EXR/WY,EXR,WY,deep_dislocation,-582.1764730114144,-0.06866206678226554,0.526083981049002,0.00048732520861261323,16,2,2025-12-11
CME/DE,CME,DE,deep_dislocation,5160.6095585505,0.5503868552311852,0.526083981049002,0.999999139252831,24,2,2025-12-11
BIIB/HCA,BIIB,HCA,deep_dislocation,3382.427189655409,0.33068142269643147,0.526083981049002,0.9997997042637058,16,2,2025-12-11
TXT/YUM,TXT,YUM,deep_dislocation,82.45212449908468,0.008138694503458874,0.526083981049002,0.026314950563291594,26,2,2025-12-11
AKAM/KEYS,AKAM,KEYS,deep_dislocation,6730.709999999999,0.5603638839738976,0.526083981049002,0.9994524533571975,10,2,2025-12-11
ATO/PCG,ATO,PCG,deep_dislocation,-4200.380072478118,-0.32506951942308043,0.526083981049002,6.691419417266459e-14,28,2,2025-12-11
RTX/SNA,RTX,SNA,deep_dislocation,941.3926506587932,0.17805510269062297,0.526083981049002,0.882795650668729,12,2,2025-12-11
CDNS/PTC,CDNS,PTC,deep_dislocation,21176.46999999998,1.4987577600564188,0.526083981049002,0.9999985167172131,22,2,2025-12-11
EVRG/PCG,EVRG,PCG,deep_dislocation,-14199.00707587005,-1.0151572677225715,0.526083981049002,1.4826541310271344e-28,30,2,2025-12-11
AON/KKR,AON,KKR,deep_dislocation,3553.079778020021,0.3198908233863151,0.526083981049002,0.9999329794348547,22,2,2025-12-11
AIG/L,AIG,L,deep_dislocation,3922.671490375324,0.6948803769904045,0.526083981049002,0.999999997117363,18,2,2025-12-11
AON/BR,AON,BR,deep_dislocation,1855.539267402676,0.3835629115695221,0.526083981049002,0.9983841760925763,10,2,2025-12-11
HAS/YUM,HAS,YUM,deep_entry_quick_exit,12297.95318584342,2.5026931957864007,0.3937177342450687,0.9999999999973546,20,2,2025-12-11
CSCO/PAYC,CSCO,PAYC,deep_entry_quick_exit,3518.971194392806,0.44695156042903356,0.3937177342450687,0.999583825939222,20,2,2025-12-11
UNP/VLTO,UNP,VLTO,deep_entry_quick_exit,4216.577299613567,0.7937638023050164,0.3937177342450687,0.9999992509828425,22,2,2025-12-11
EXR/WY,EXR,WY,deep_entry_quick_exit,1912.771517248397,0.4159654324140914,0.3937177342450687,0.9999991948166554,14,2,2025-12-11
CME/DE,CME,DE,deep_entry_quick_exit,3395.276831655198,0.5460277681548485,0.3937177342450687,0.9999989598320679,24,2,2025-12-11
BIIB/HCA,BIIB,HCA,deep_entry_quick_exit,-181.7213354028463,-0.027514728263658497,0.3937177342450687,0.004857230210661307,20,2,2025-12-11
TXT/YUM,TXT,YUM,deep_entry_quick_exit,1781.112976940277,0.2611455525707597,0.3937177342450687,0.9985995005233659,26,2,2025-12-11
AKAM/KEYS,AKAM,KEYS,deep_entry_quick_exit,2100.089999999987,0.2894461275400116,0.3937177342450687,0.9832726360162243,12,2,2025-12-11
ATO/PCG,ATO,PCG,deep_entry_quick_exit,-3868.723291186681,-0.7115387986533742,0.3937177342450687,2.9418452253019394e-09,28,2,2025-12-11
RTX/SNA,RTX,SNA,deep_entry_quick_exit,1347.973838767622,0.4054845226693913,0.3937177342450687,0.9985867149215524,14,2,2025-12-11
CDNS/PTC,CDNS,PTC,deep_entry_quick_exit,15270.73999999999,1.6234867010362075,0.3937177342450687,0.9999986703108849,24,2,2025-12-11
EVRG/PCG,EVRG,PCG,deep_entry_quick_exit,-7000.534264485806,-0.9919818734883469,0.3937177342450687,3.373298348297447e-12,30,2,2025-12-11
AON/KKR,AON,KKR,deep_entry_quick_exit,956.1984859245488,0.14376135224518558,0.3937177342450687,0.8107157125665683,20,2,2025-12-11
AIG/L,AIG,L,deep_entry_quick_exit,813.3564185072619,0.22982425135017795,0.3937177342450687,0.9861032025466762,18,2,2025-12-11
AON/BR,AON,BR,deep_entry_quick_exit,785.7365732287183,0.2350571374739755,0.3937177342450687,0.9955901487298533,12,2,2025-12-11
HAS/YUM,HAS,YUM,fast_signal,179.5752389793543,0.016685104278049256,0.3761823210666029,0.043994405159697804,66,2,2025-12-11
CSCO/PAYC,CSCO,PAYC,fast_signal,7095.551316801491,0.5806113184089707,0.3761823210666029,0.9999997759294198,60,2,2025-12-11
UNP/VLTO,UNP,VLTO,fast_signal,-5130.8183069995,-0.6790863404965545,0.3761823210666029,1.001685524514015e-21,68,2,2025-12-11
EXR/WY,EXR,WY,fast_signal,2153.780533910275,0.2621887083447016,0.3761823210666029,0.9992796921266864,74,2,2025-12-11
CME/DE,CME,DE,fast_signal,192.8324906596254,0.02202221465049568,0.3761823210666029,0.04812701428520423,50,2,2025-12-11
BIIB/HCA,BIIB,HCA,fast_signal,5122.125493139922,0.5654731832113098,0.3761823210666029,0.999999999418357,54,2,2025-12-11
TXT/YUM,TXT,YUM,fast_signal,-4544.082647781262,-0.5644366573227068,0.3761823210666029,5.37639163155588e-21,60,2,2025-12-11
AKAM/KEYS,AKAM,KEYS,fast_signal,-2007.760000000011,-0.253336448260972,0.3761823210666029,2.1609806441879642e-08,46,2,2025-12-11
ATO/PCG,ATO,PCG,fast_signal,8012.841312652999,0.9076842774168986,0.3761823210666029,0.9999999999655373,64,2,2025-12-11
RTX/SNA,RTX,SNA,fast_signal,9316.964463704317,1.241550530944109,0.3761823210666029,0.9999999943943706,52,2,2025-12-11
CDNS/PTC,CDNS,PTC,fast_signal,2691.209999999995,0.29877941669261776,0.3761823210666029,0.999948894351901,56,2,2025-12-11
EVRG/PCG,EVRG,PCG,fast_signal,5423.252917272439,0.6741585376005574,0.3761823210666029,0.999999936334714,70,2,2025-12-11
AON/KKR,AON,KKR,fast_signal,6761.85370045679,0.4398816035170556,0.3761823210666029,0.9999999999156208,70,2,2025-12-11
AIG/L,AIG,L,fast_signal,5820.494506524339,1.0330561236591775,0.3761823210666029,0.9999999999999742,54,2,2025-12-11
AON/BR,AON,BR,fast_signal,1032.379867696465,0.15923613174314674,0.3761823210666029,0.8519676721669351,72,2,2025-12-11
HAS/YUM,HAS,YUM,stable_signal_quick_exit,17871.49263852809,1.9877084039320612,0.2897966404898192,0.9999999296264833,40,2,2025-12-11
CSCO/PAYC,CSCO,PAYC,stable_signal_quick_exit,6499.700619696025,0.607261044280084,0.2897966404898192,0.9999995693068675,54,2,2025-12-11
UNP/VLTO,UNP,VLTO,stable_signal_quick_exit,438.0121271904081,0.06653538767972855,0.2897966404898192,0.23523214802437697,48,2,2025-12-11
EXR/WY,EXR,WY,stable_signal_quick_exit,1289.07543293398,0.1804575208160041,0.2897966404898192,0.9414051804999262,38,2,2025-12-11
CME/DE,CME,DE,stable_signal_quick_exit,14468.57765099412,1.5687095394285855,0.2897966404898192,0.9999999999956534,46,2,2025-12-11
BIIB/HCA,BIIB,HCA,stable_signal_quick_exit,5363.464415514224,0.5839381468009054,0.2897966404898192,0.9999999999526262,50,2,2025-12-11
TXT/YUM,TXT,YUM,stable_signal_quick_exit,3278.727056113775,0.41704432641684075,0.2897966404898192,0.9999994898771285,42,2,2025-12-11
AKAM/KEYS,AKAM,KEYS,stable_signal_quick_exit,-3730.459999999985,-0.28154655034628917,0.2897966404898192,4.43023200108845e-11,40,2,2025-12-11
ATO/PCG,ATO,PCG,stable_signal_quick_exit,-892.8790314812659,-0.13295882694112868,0.2897966404898192,1.6592109187191954e-08,34,2,2025-12-11
RTX/SNA,RTX,SNA,stable_signal_quick_exit,4329.587653282912,0.8343533135804464,0.2897966404898192,0.9999999999915163,36,2,2025-12-11
CDNS/PTC,CDNS,PTC,stable_signal_quick_exit,-4354.380000000036,-0.44416322749603493,0.2897966404898192,3.962626885989457e-09,48,2,2025-12-11
EVRG/PCG,EVRG,PCG,stable_signal_quick_exit,-4260.563789812535,-0.5678809812121065,0.2897966404898192,1.4153020870534754e-17,34,2,2025-12-11
AON/KKR,AON,KKR,stable_signal_quick_exit,-3167.942736338437,-0.3040124669103725,0.2897966404898192,2.858311570804197e-08,44,2,2025-12-11
AIG/L,AIG,L,stable_signal_quick_exit,-735.9439462052796,-0.13552478810774388,0.2897966404898192,0.000146657159946398,46,2,2025-12-11
AON/BR,AON,BR,stable_signal_quick_exit,690.6580362517421,0.13225892359318558,0.2897966404898192,0.7187289630321907,34,2,2025-12-11
HAS/YUM,HAS,YUM,vol_adaptive,8355.671279450838,0.7342073218655032,0.1469809432763855,0.9999891310471485,58,2,2025-12-11
CSCO/PAYC,CSCO,PAYC,vol_adaptive,1481.2491924292,0.13271144339246443,0.1469809432763855,0.7070106017519391,46,2,2025-12-11
UNP/VLTO,UNP,VLTO,vol_adaptive,-129.9980975526196,-0.018965474055285675,0.1469809432763855,0.006256766092166254,66,2,2025-12-11
EXR/WY,EXR,WY,vol_adaptive,4561.321508926752,0.48677137220501165,0.1469809432763855,0.9999999969968584,52,2,2025-12-11
CME/DE,CME,DE,vol_adaptive,6395.499686583578,0.707913716165436,0.1469809432763855,0.9999999999998701,58,2,2025-12-11
BIIB/HCA,BIIB,HCA,vol_adaptive,7893.737763052013,0.7325291956236712,0.1469809432763855,0.9999999999999165,80,2,2025-12-11
TXT/YUM,TXT,YUM,vol_adaptive,-591.9164260756752,-0.0733322483531237,0.1469809432763855,0.00016099835224485224,58,2,2025-12-11
AKAM/KEYS,AKAM,KEYS,vol_adaptive,9466.490000000003,1.0041593394307475,0.1469809432763855,0.9999995356349013,48,2,2025-12-11
ATO/PCG,ATO,PCG,vol_adaptive,-5245.147043410694,-0.6553928389353857,0.1469809432763855,1.259221661786636e-27,52,2,2025-12-11
RTX/SNA,RTX,SNA,vol_adaptive,3066.16834541396,0.46650410098144035,0.1469809432763855,0.9999998486463832,48,2,2025-12-11
CDNS/PTC,CDNS,PTC,vol_adaptive,-844.8500000000013,-0.07989217942801828,0.1469809432763855,0.0002458777303768932,70,2,2025-12-11
EVRG/PCG,EVRG,PCG,vol_adaptive,-654.5547587257297,-0.08143308613779972,0.1469809432763855,3.7541589651133684e-05,60,2,2025-12-11
AON/KKR,AON,KKR,vol_adaptive,-342.9368320649439,-0.026725985074976397,0.1469809432763855,0.004901631395425943,70,2,2025-12-11
AIG/L,AIG,L,vol_adaptive,-1887.702844395619,-0.31451236901005614,0.1469809432763855,3.1374262280143503e-07,56,2,2025-12-11
AON/BR,AON,BR,vol_adaptive,588.7103532412466,0.13677469325657476,0.1469809432763855,0.743170883475346,50,2,2025-12-11
HAS/YUM,HAS,YUM,fast_signal_tight_stop,-5252.721027993093,-0.5816331643642768,0.1446093307759657,3.48135684084357e-08,56,2,2025-12-11
CSCO/PAYC,CSCO,PAYC,fast_signal_tight_stop,-1676.528771629079,-0.14604447868590378,0.1446093307759657,1.3863748982045327e-05,48,2,2025-12-11
UNP/VLTO,UNP,VLTO,fast_signal_tight_stop,1838.213577964354,0.2933639496923546,0.1446093307759657,0.9994575963505296,70,2,2025-12-11
EXR/WY,EXR,WY,fast_signal_tight_stop,5735.762660547828,0.7959287148444072,0.1446093307759657,1.0,70,2,2025-12-11
CME/DE,CME,DE,fast_signal_tight_stop,-1057.465635956726,-0.1281961236628444,0.1446093307759657,4.167479746871276e-06,50,2,2025-12-11
BIIB/HCA,BIIB,HCA,fast_signal_tight_stop,3858.304997866858,0.5028581607505703,0.1446093307759657,0.9999999978064404,50,2,2025-12-11
TXT/YUM,TXT,YUM,fast_signal_tight_stop,-1845.927038057651,-0.2587698873847247,0.1446093307759657,4.81038547839344e-13,52,2,2025-12-11
AKAM/KEYS,AKAM,KEYS,fast_signal_tight_stop,-9969.200000000035,-0.9935496863856217,0.1446093307759657,3.1376815210439037e-06,44,2,2025-12-11
ATO/PCG,ATO,PCG,fast_signal_tight_stop,11564.37797732752,1.408063043561658,0.1446093307759657,0.9999999999365861,56,2,2025-12-11
RTX/SNA,RTX,SNA,fast_signal_tight_stop,9252.185961432659,1.247632546741982,0.1446093307759657,0.9999999952639095,52,2,2025-12-11
CDNS/PTC,CDNS,PTC,fast_signal_tight_stop,1119.459999999998,0.133511763580519,0.1446093307759657,0.7511244986320663,50,2,2025-12-11
EVRG/PCG,EVRG,PCG,fast_signal_tight_stop,1881.517620482309,0.2801640434860067,0.1446093307759657,0.984086707159878,54,2,2025-12-11
AON/KKR,AON,KKR,fast_signal_tight_stop,14314.65289569122,0.9891266757127641,0.1446093307759657,0.9999999984983886,62,2,2025-12-11
AIG/L,AIG,L,fast_signal_tight_stop,5266.245669851164,1.1020239453141931,0.1446093307759657,0.9999999998487197,44,2,2025-12-11
AON/BR,AON,BR,fast_signal_tight_stop,-3100.47277250303,-0.5208163765917655,0.1446093307759657,3.129979692372137e-14,66,2,2025-12-11
HAS/YUM,HAS,YUM,static_threshold,6262.707265910555,0.6045971023893736,-0.0041217133813707,0.9999999999999984,74,2,2025-12-11
CSCO/PAYC,CSCO,PAYC,static_threshold,8214.425171460369,0.6692131336523971,-0.0041217133813707,0.9999999995402528,82,2,2025-12-11
UNP/VLTO,UNP,VLTO,static_threshold,10577.63699268635,1.212313001387443,-0.0041217133813707,0.9999999999999556,86,2,2025-12-11
EXR/WY,EXR,WY,static_threshold,3884.314233007504,0.426399283636639,-0.0041217133813707,0.9999999996652121,60,2,2025-12-11
CME/DE,CME,DE,static_threshold,20547.77831791658,1.4960811737247879,-0.0041217133813707,0.9999999999999548,116,2,2025-12-11
BIIB/HCA,BIIB,HCA,static_threshold,7609.735995324172,0.6540696045100766,-0.0041217133813707,1.0,92,2,2025-12-11
TXT/YUM,TXT,YUM,static_threshold,2035.277749611278,0.18594967198692725,-0.0041217133813707,0.9425260724208475,78,2,2025-12-11
AKAM/KEYS,AKAM,KEYS,static_threshold,-9696.499999999975,-0.5363412610311853,-0.0041217133813707,1.2373045811302697e-07,72,2,2025-12-11
ATO/PCG,ATO,PCG,static_threshold,-12014.40506851674,-1.0859235510638643,-0.0041217133813707,1.0696970997021688e-25,86,2,2025-12-11
RTX/SNA,RTX,SNA,static_threshold,12606.0703704505,1.121246003900592,-0.0041217133813707,0.9999956504693241,84,2,2025-12-11
CDNS/PTC,CDNS,PTC,static_threshold,2733.740000000003,0.28077941821344965,-0.0041217133813707,0.9998340042963362,62,2,2025-12-11
EVRG/PCG,EVRG,PCG,static_threshold,-16119.76746139666,-1.4475383369718866,-0.0041217133813707,4.312184775693728e-31,80,2,2025-12-11
AON/KKR,AON,KKR,static_threshold,-8416.015585946747,-0.5136739615874971,-0.0041217133813707,8.020773326652308e-12,84,2,2025-12-11
AIG/L,AIG,L,static_threshold,-6322.587679695351,-0.9090788523411548,-0.0041217133813707,3.1174221658709824e-19,84,2,2025-12-11
AON/BR,AON,BR,static_threshold,3839.546764302781,0.6461041319062519,-0.0041217133813707,0.9999999999988979,74,2,2025-12-11
HAS/YUM,HAS,YUM,aggressive,32595.40147951051,1.767330213805048,-0.0631077302780237,0.9999998345456222,80,2,2025-12-11
CSCO/PAYC,CSCO,PAYC,aggressive,170.1825387480242,0.009209560504489669,-0.0631077302780237,0.027471347582769767,74,2,2025-12-11
UNP/VLTO,UNP,VLTO,aggressive,-6873.967273717757,-0.5806179348577034,-0.0631077302780237,5.565211580902699e-26,76,2,2025-12-11
EXR/WY,EXR,WY,aggressive,3997.878890278233,0.2588307745410399,-0.0631077302780237,0.9989420647925172,78,2,2025-12-11
CME/DE,CME,DE,aggressive,12508.49480719543,0.8325164887394026,-0.0631077302780237,1.0,76,2,2025-12-11
BIIB/HCA,BIIB,HCA,aggressive,26490.62865858375,1.4117813176999228,-0.0631077302780237,1.0,106,2,2025-12-11
TXT/YUM,TXT,YUM,aggressive,-5486.92948266281,-0.3517984236437874,-0.0631077302780237,2.0878136279304783e-14,88,2,2025-12-11
AKAM/KEYS,AKAM,KEYS,aggressive,14162.25000000011,0.6204781855293302,-0.0631077302780237,0.9999980692666346,64,2,2025-12-11
ATO/PCG,ATO,PCG,aggressive,-13144.42559411831,-0.794235178270274,-0.0631077302780237,6.412826384747166e-27,74,2,2025-12-11
RTX/SNA,RTX,SNA,aggressive,3224.713938748447,0.23000795058144508,-0.0631077302780237,0.9621393280714353,86,2,2025-12-11
CDNS/PTC,CDNS,PTC,aggressive,-7371.229999999976,-0.41361465577148343,-0.0631077302780237,1.4227617218671805e-12,84,2,2025-12-11
EVRG/PCG,EVRG,PCG,aggressive,-35955.57653318493,-1.8625561515096152,-0.0631077302780237,1.5318654735206707e-23,66,2,2025-12-11
AON/KKR,AON,KKR,aggressive,-10701.65832983058,-0.49975653076747284,-0.0631077302780237,4.966302037830817e-16,86,2,2025-12-11
AIG/L,AIG,L,aggressive,-152.8113816330806,-0.014518874444727162,-0.0631077302780237,0.009289440115347141,86,2,2025-12-11
AON/BR,AON,BR,aggressive,6123.45482734922,0.7024168852048747,-0.0631077302780237,0.9999999999999999,64,2,2025-12-11
HAS/YUM,HAS,YUM,medium_signal_high_leverage,18004.84144219328,1.3397492797767834,-0.1501864514144202,0.9999999999412954,46,2,2025-12-11
CSCO/PAYC,CSCO,PAYC,medium_signal_high_leverage,10325.34344305164,0.6661087657000269,-0.1501864514144202,0.999999507395679,44,2,2025-12-11
UNP/VLTO,UNP,VLTO,medium_signal_high_leverage,3518.515704979443,0.3264849376982935,-0.1501864514144202,0.9982524880737225,46,2,2025-12-11
EXR/WY,EXR,WY,medium_signal_high_leverage,1799.74895866316,0.13580405193270847,-0.1501864514144202,0.7375098231355148,44,2,2025-12-11
CME/DE,CME,DE,medium_signal_high_leverage,9293.200728216636,0.7241672411409842,-0.1501864514144202,0.9999999999961632,54,2,2025-12-11
BIIB/HCA,BIIB,HCA,medium_signal_high_leverage,9707.01149184672,0.6274098014126777,-0.1501864514144202,0.9999999999917583,54,2,2025-12-11
TXT/YUM,TXT,YUM,medium_signal_high_leverage,-2437.286191130794,-0.1918916223716301,-0.1501864514144202,9.603784960447673e-09,46,2,2025-12-11
AKAM/KEYS,AKAM,KEYS,medium_signal_high_leverage,10829.73000000004,0.7918355047091389,-0.1501864514144202,0.9999962634023144,34,2,2025-12-11
ATO/PCG,ATO,PCG,medium_signal_high_leverage,-4876.830922572313,-0.3510068170439505,-0.1501864514144202,8.284144500522107e-17,44,2,2025-12-11
RTX/SNA,RTX,SNA,medium_signal_high_leverage,-2119.557185684122,-0.2237248369696058,-0.1501864514144202,9.809999996255068e-14,46,2,2025-12-11
CDNS/PTC,CDNS,PTC,medium_signal_high_leverage,-4201.960000000046,-0.283015812446127,-0.1501864514144202,9.014546945531556e-08,44,2,2025-12-11
EVRG/PCG,EVRG,PCG,medium_signal_high_leverage,-21231.60725043438,-1.53250747164517,-0.1501864514144202,1.3084379995714647e-26,48,2,2025-12-11
AON/KKR,AON,KKR,medium_signal_high_leverage,-7795.973461756965,-0.4061277428819176,-0.1501864514144202,2.486379641179665e-13,50,2,2025-12-11
AIG/L,AIG,L,medium_signal_high_leverage,-4916.945211504632,-0.5771158585746877,-0.1501864514144202,4.323026625290708e-08,50,2,2025-12-11
AON/BR,AON,BR,medium_signal_high_leverage,1347.767227596948,0.1819884166618729,-0.1501864514144202,0.9418997040234941,42,2,2025-12-11
HAS/YUM,HAS,YUM,slow_reentry,6266.821021853702,0.5461851614595787,-0.1714865001043991,0.9940759283509043,38,2,2025-12-11
CSCO/PAYC,CSCO,PAYC,slow_reentry,12443.31981942508,1.3651939108187456,-0.1714865001043991,0.9999968208979519,46,2,2025-12-11
UNP/VLTO,UNP,VLTO,slow_reentry,2118.926021868831,0.31583475209158823,-0.1714865001043991,0.9972813132521964,44,2,2025-12-11
EXR/WY,EXR,WY,slow_reentry,3455.640227050457,0.3866750469868673,-0.1714865001043991,0.9999997943862482,42,2,2025-12-11
CME/DE,CME,DE,slow_reentry,2551.542598445337,0.30609189301946066,-0.1714865001043991,0.9995580609454473,52,2,2025-12-11
BIIB/HCA,BIIB,HCA,slow_reentry,6016.59768532071,0.5878017473826547,-0.1714865001043991,0.9999999999796079,50,2,2025-12-11
TXT/YUM,TXT,YUM,slow_reentry,-3425.151612663204,-0.45860570026845604,-0.1714865001043991,9.699971940029798e-20,50,2,2025-12-11
AKAM/KEYS,AKAM,KEYS,slow_reentry,-632.4199999999951,-0.0744719943433577,-0.1714865001043991,0.0007139327959920705,30,2,2025-12-11
ATO/PCG,ATO,PCG,slow_reentry,-4071.171530712755,-0.6356490767905553,-0.1714865001043991,5.4861290103467565e-15,40,2,2025-12-11
RTX/SNA,RTX,SNA,slow_reentry,4494.807537776946,0.7604719028356092,-0.1714865001043991,0.9999996947289428,42,2,2025-12-11
CDNS/PTC,CDNS,PTC,slow_reentry,-2307.040000000008,-0.24594407944841176,-0.1714865001043991,1.36921668897992e-06,46,2,2025-12-11
EVRG/PCG,EVRG,PCG,slow_reentry,-2145.039687580945,-0.28812698392885633,-0.1714865001043991,5.204259999865987e-11,40,2,2025-12-11
AON/KKR,AON,KKR,slow_reentry,1824.127589060261,0.18344092419994124,-0.1714865001043991,0.9633722567672062,44,2,2025-12-11
AIG/L,AIG,L,slow_reentry,-5670.46770528446,-1.5881873544279914,-0.1714865001043991,1.1024171241030162e-17,32,2,2025-12-11
AON/BR,AON,BR,slow_reentry,-286.7834363725542,-0.06908773576214612,-0.1714865001043991,0.0003307104356001183,30,2,2025-12-11
HAS/YUM,HAS,YUM,vol_agnostic,2305.112435398431,0.17438927170799853,-0.2635607098302149,0.833987734536718,78,2,2025-12-11
CSCO/PAYC,CSCO,PAYC,vol_agnostic,7595.382928749861,0.6275947087216309,-0.2635607098302149,0.9999999995306998,78,2,2025-12-11
UNP/VLTO,UNP,VLTO,vol_agnostic,1921.088575104392,0.23140149933668996,-0.2635607098302149,0.9834577425059977,84,2,2025-12-11
EXR/WY,EXR,WY,vol_agnostic,13006.57366400555,1.1638013357458388,-0.2635607098302149,1.0,66,2,2025-12-11
CME/DE,CME,DE,vol_agnostic,14694.28556819551,1.188160582780519,-0.2635607098302149,0.9999999999999936,104,2,2025-12-11
BIIB/HCA,BIIB,HCA,vol_agnostic,16237.84393761739,1.2084508030083019,-0.2635607098302149,1.0,100,2,2025-12-11
TXT/YUM,TXT,YUM,vol_agnostic,-5968.295103007874,-0.5583542069378081,-0.2635607098302149,4.2782638646947056e-21,70,2,2025-12-11
AKAM/KEYS,AKAM,KEYS,vol_agnostic,-8874.699999999984,-0.49855177624334096,-0.2635607098302149,1.482557120719897e-07,60,2,2025-12-11
ATO/PCG,ATO,PCG,vol_agnostic,-10226.96821803335,-0.8503392072972538,-0.2635607098302149,2.132786019697397e-30,58,2,2025-12-11
RTX/SNA,RTX,SNA,vol_agnostic,10040.80941767963,0.8758816356550461,-0.2635607098302149,0.9999978527166068,78,2,2025-12-11
CDNS/PTC,CDNS,PTC,vol_agnostic,965.2799999999886,0.09489418055461549,-0.2635607098302149,0.41700928127129044,54,2,2025-12-11
EVRG/PCG,EVRG,PCG,vol_agnostic,-25896.55412064443,-1.9571399799703029,-0.2635607098302149,5.905796827595325e-22,62,2,2025-12-11
AON/KKR,AON,KKR,vol_agnostic,592.4183624099915,0.03347960512828223,-0.2635607098302149,0.07256886237960594,88,2,2025-12-11
AIG/L,AIG,L,vol_agnostic,-9240.912901823936,-1.2094911134853699,-0.2635607098302149,9.920998343449481e-19,76,2,2025-12-11
AON/BR,AON,BR,vol_agnostic,4332.868654321322,0.6609104483616357,-0.2635607098302149,0.9999999999938796,76,2,2025-12-11
HAS/YUM,HAS,YUM,long_z_short_v,39.68413334168099,0.00594262057668476,-0.2824107160234207,0.023838436463754078,44,2,2025-12-11
CSCO/PAYC,CSCO,PAYC,long_z_short_v,3306.122947296438,0.43842458230034576,-0.2824107160234207,0.9999953109489285,40,2,2025-12-11
UNP/VLTO,UNP,VLTO,long_z_short_v,6589.114675483993,1.072158458837559,-0.2824107160234207,0.9999999999999359,48,2,2025-12-11
EXR/WY,EXR,WY,long_z_short_v,6507.398890867189,0.872957753527257,-0.2824107160234207,1.0,38,2,2025-12-11
CME/DE,CME,DE,long_z_short_v,11723.31555023193,1.5001091865099585,-0.2824107160234207,0.9999999999658585,46,2,2025-12-11
BIIB/HCA,BIIB,HCA,long_z_short_v,2540.08452363485,0.32702830739080674,-0.2824107160234207,0.9998691503516453,32,2,2025-12-11
TXT/YUM,TXT,YUM,long_z_short_v,-4033.214352663269,-0.5217998525042614,-0.2824107160234207,1.9127926378129927e-20,40,2,2025-12-11
AKAM/KEYS,AKAM,KEYS,long_z_short_v,243.2699999999631,0.02505005262027232,-0.2824107160234207,0.05052185643359012,28,2,2025-12-11
ATO/PCG,ATO,PCG,long_z_short_v,-10326.04629662396,-1.0774174520524653,-0.2824107160234207,4.168057638761592e-25,30,2,2025-12-11
RTX/SNA,RTX,SNA,long_z_short_v,7062.306261706529,1.1507584859331936,-0.2824107160234207,0.9999923544182162,34,2,2025-12-11
CDNS/PTC,CDNS,PTC,long_z_short_v,7946.049999999975,0.8798802763074143,-0.2824107160234207,0.9999999999176927,34,2,2025-12-11
EVRG/PCG,EVRG,PCG,long_z_short_v,-17416.75756784791,-1.9467394391461499,-0.2824107160234207,2.7089269389610694e-22,38,2,2025-12-11
AON/KKR,AON,KKR,long_z_short_v,1737.318232138984,0.13742321907139685,-0.2824107160234207,0.7860170323298068,40,2,2025-12-11
AIG/L,AIG,L,long_z_short_v,913.854571536499,0.20161451617672038,-0.2824107160234207,0.9779098804086814,30,2,2025-12-11
AON/BR,AON,BR,long_z_short_v,-334.3764367682911,-0.0665512870017601,-0.2824107160234207,0.0006096712823718252,42,2,2025-12-11
HAS/YUM,HAS,YUM,fast_reentry,7691.328722013051,0.6568672311440532,-0.2880724174825724,0.997204333745182,44,2,2025-12-11
CSCO/PAYC,CSCO,PAYC,fast_reentry,1781.239639203563,0.1732002722761357,-0.2880724174825724,0.9294459017469171,54,2,2025-12-11
UNP/VLTO,UNP,VLTO,fast_reentry,2213.799203875806,0.316837796639081,-0.2880724174825724,0.9973369746420232,50,2,2025-12-11
EXR/WY,EXR,WY,fast_reentry,931.0911113967845,0.14097823481203658,-0.2880724174825724,0.7737085475686821,48,2,2025-12-11
CME/DE,CME,DE,fast_reentry,2629.704097171217,0.3081381823393308,-0.2880724174825724,0.9995970895163424,54,2,2025-12-11
BIIB/HCA,BIIB,HCA,fast_reentry,1921.536890181454,0.18592161029406865,-0.2880724174825724,0.9468183848608078,58,2,2025-12-11
TXT/YUM,TXT,YUM,fast_reentry,-6588.68590611383,-0.8209261278587863,-0.2880724174825724,1.3817276510203111e-30,58,2,2025-12-11
AKAM/KEYS,AKAM,KEYS,fast_reentry,2361.509999999993,0.24468367673249794,-0.2880724174825724,0.9924276049419953,38,2,2025-12-11
ATO/PCG,ATO,PCG,fast_reentry,2428.158201563998,0.2689707680903281,-0.2880724174825724,0.9957079738242255,72,2,2025-12-11
RTX/SNA,RTX,SNA,fast_reentry,7719.550904082915,1.46840357411286,-0.2880724174825724,0.9999999999999991,48,2,2025-12-11
CDNS/PTC,CDNS,PTC,fast_reentry,-1748.720000000011,-0.18001547360701936,-0.2880724174825724,7.0435411947092416e-06,48,2,2025-12-11
EVRG/PCG,EVRG,PCG,fast_reentry,-4213.709262276227,-0.43649633771137175,-0.2880724174825724,1.9258299505046752e-16,66,2,2025-12-11
AON/KKR,AON,KKR,fast_reentry,3155.935522118457,0.2919025989918566,-0.2880724174825724,0.9999612874622529,58,2,2025-12-11
AIG/L,AIG,L,fast_reentry,-4777.083908725719,-0.9319807258485967,-0.2880724174825724,4.434966761517556e-25,54,2,2025-12-11
AON/BR,AON,BR,fast_reentry,446.3475909145741,0.10446810526009136,-0.2880724174825724,0.4979384441890976,32,2,2025-12-11
HAS/YUM,HAS,YUM,high_entry,9129.973356455124,2.137357018264107,-0.3546765647870222,0.9999999971291442,18,2,2025-12-11
CSCO/PAYC,CSCO,PAYC,high_entry,3273.042034540321,0.4150441709246677,-0.3546765647870222,0.9995170438463756,18,2,2025-12-11
UNP/VLTO,UNP,VLTO,high_entry,2103.670550068799,0.4289747576744108,-0.3546765647870222,0.9996491182710886,22,2,2025-12-11
EXR/WY,EXR,WY,high_entry,199.891440236609,0.03718960462493745,-0.3546765647870222,0.08317454171224764,20,2,2025-12-11
CME/DE,CME,DE,high_entry,-580.8877955521712,-0.08170601735847612,-0.3546765647870222,0.0002498728572208729,28,2,2025-12-11
BIIB/HCA,BIIB,HCA,high_entry,843.3514065121717,0.13467095840708654,-0.3546765647870222,0.7257580250551923,18,2,2025-12-11
TXT/YUM,TXT,YUM,high_entry,-1389.476140058535,-0.2525713150064177,-0.3546765647870222,8.16348619507383e-10,26,2,2025-12-11
AKAM/KEYS,AKAM,KEYS,high_entry,7699.669999999989,1.139814028388304,-0.3546765647870222,0.9996563579333091,20,2,2025-12-11
ATO/PCG,ATO,PCG,high_entry,-10695.94303146837,-1.8838222209022257,-0.3546765647870222,1.9382770492758477e-08,38,2,2025-12-11
RTX/SNA,RTX,SNA,high_entry,3393.497651742629,0.9845088938745271,-0.3546765647870222,0.999996844885089,18,2,2025-12-11
CDNS/PTC,CDNS,PTC,high_entry,8749.569999999974,1.122358129446028,-0.3546765647870222,0.9999995270094044,24,2,2025-12-11
EVRG/PCG,EVRG,PCG,high_entry,-1494.478993848416,-0.19709563772930977,-0.3546765647870222,2.28896424487269e-09,38,2,2025-12-11
AON/KKR,AON,KKR,high_entry,-1904.715122852434,-0.2815725539543897,-0.3546765647870222,3.160577852277301e-05,22,2,2025-12-11
AIG/L,AIG,L,high_entry,-1314.894051046373,-0.3854396523715202,-0.3546765647870222,4.2073626385126376e-15,20,2,2025-12-11
AON/BR,AON,BR,high_entry,-255.9991127042836,-0.11561423691877594,-0.3546765647870222,2.914695654280449e-05,12,2,2025-12-11
HAS/YUM,HAS,YUM,high_vol_specialist,9084.665738021482,1.3729902945455381,-0.3985887775691258,1.0,36,2,2025-12-11
CSCO/PAYC,CSCO,PAYC,high_vol_specialist,6684.756993386126,0.7255220389471675,-0.3985887775691258,0.9999983259402462,30,2,2025-12-11
UNP/VLTO,UNP,VLTO,high_vol_specialist,3040.495410929246,0.5140391395919747,-0.3985887775691258,0.9999510526104877,30,2,2025-12-11
EXR/WY,EXR,WY,high_vol_specialist,7062.326755698885,1.0531862639225502,-0.3985887775691258,1.0,30,2,2025-12-11
CME/DE,CME,DE,high_vol_specialist,11453.3874284778,1.53719884166086,-0.3985887775691258,0.9999999999997665,44,2,2025-12-11
BIIB/HCA,BIIB,HCA,high_vol_specialist,7093.324515681637,0.9406974489345548,-0.3985887775691258,0.9999999999970861,28,2,2025-12-11
TXT/YUM,TXT,YUM,high_vol_specialist,-3361.072115091574,-0.3640166387618847,-0.3985887775691258,1.4672456251060292e-09,36,2,2025-12-11
AKAM/KEYS,AKAM,KEYS,high_vol_specialist,-11549.82999999999,-0.7077358911611898,-0.3985887775691258,3.981859156875746e-06,34,2,2025-12-11
ATO/PCG,ATO,PCG,high_vol_specialist,-7056.447688497215,-0.6215814592962898,-0.3985887775691258,1.2374326008012497e-32,50,2,2025-12-11
RTX/SNA,RTX,SNA,high_vol_specialist,4599.644496342864,1.1440559873403957,-0.3985887775691258,0.999999999967826,26,2,2025-12-11
CDNS/PTC,CDNS,PTC,high_vol_specialist,2806.889999999974,0.33224915160064566,-0.3985887775691258,0.9999628585506175,38,2,2025-12-11
EVRG/PCG,EVRG,PCG,high_vol_specialist,-13193.3054587971,-1.0287911534957412,-0.3985887775691258,7.231650844894538e-26,48,2,2025-12-11
AON/KKR,AON,KKR,high_vol_specialist,-1448.899636571617,-0.16974738438597867,-0.3985887775691258,2.6603728559486733e-05,34,2,2025-12-11
AIG/L,AIG,L,high_vol_specialist,604.6839972198002,0.1386819765466579,-0.3985887775691258,0.7333378285279839,38,2,2025-12-11
AON/BR,AON,BR,high_vol_specialist,-3540.004569694049,-0.7080857548499391,-0.3985887775691258,1.0361909755133104e-10,30,2,2025-12-11
HAS/YUM,HAS,YUM,short_z_long_v,5298.97476308015,0.5437853450407335,-0.4020195452744775,0.9997314444937665,46,2,2025-12-11
CSCO/PAYC,CSCO,PAYC,short_z_long_v,-5990.758217010372,-0.5719297603588012,-0.4020195452744775,8.395692600893297e-08,42,2,2025-12-11
UNP/VLTO,UNP,VLTO,short_z_long_v,3891.612977791309,0.5409148061848611,-0.4020195452744775,0.9999972581850237,44,2,2025-12-11
EXR/WY,EXR,WY,short_z_long_v,5627.879601329125,0.6730105797259431,-0.4020195452744775,0.9999996771907055,54,2,2025-12-11
CME/DE,CME,DE,short_z_long_v,9468.976813835885,1.1840054566700304,-0.4020195452744775,0.9999999999999937,56,2,2025-12-11
BIIB/HCA,BIIB,HCA,short_z_long_v,11672.29743306184,1.3085225858809555,-0.4020195452744775,1.0,48,2,2025-12-11
TXT/YUM,TXT,YUM,short_z_long_v,-11712.30947513819,-1.336656002092482,-0.4020195452744775,8.702551123918418e-11,56,2,2025-12-11
AKAM/KEYS,AKAM,KEYS,short_z_long_v,-7177.460000000015,-0.46266897740778806,-0.4020195452744775,1.90259517843624e-05,56,2,2025-12-11
ATO/PCG,ATO,PCG,short_z_long_v,-6674.570914772628,-0.7296420129781601,-0.4020195452744775,6.910707645169029e-22,80,2,2025-12-11
RTX/SNA,RTX,SNA,short_z_long_v,3528.440498788719,0.42899578941173483,-0.4020195452744775,0.9998120612150521,52,2,2025-12-11
CDNS/PTC,CDNS,PTC,short_z_long_v,3835.180000000025,0.4751007152801446,-0.4020195452744775,0.999996961409306,52,2,2025-12-11
EVRG/PCG,EVRG,PCG,short_z_long_v,-138.1380852999312,-0.015236378799931274,-0.4020195452744775,0.007967148503234071,64,2,2025-12-11
AON/KKR,AON,KKR,short_z_long_v,1242.650713994414,0.09632845686196416,-0.4020195452744775,0.4287907115620121,64,2,2025-12-11
AIG/L,AIG,L,short_z_long_v,1166.562732683564,0.23803598497819908,-0.4020195452744775,0.9938917783784226,58,2,2025-12-11
AON/BR,AON,BR,short_z_long_v,-3894.886496152279,-0.7430357237942725,-0.4020195452744775,2.6749470274938444e-10,38,2,2025-12-11
HAS/YUM,HAS,YUM,balanced_plus,5411.364206763894,0.6023635337495123,-0.4083817858858559,0.9999999436845118,50,2,2025-12-11
CSCO/PAYC,CSCO,PAYC,balanced_plus,419.3027965786741,0.03837549005535529,-0.4083817858858559,0.09036178861171729,46,2,2025-12-11
UNP/VLTO,UNP,VLTO,balanced_plus,-5577.849599133376,-0.8102313587062867,-0.4083817858858559,1.059095934082696e-19,50,2,2025-12-11
EXR/WY,EXR,WY,balanced_plus,5005.946280385275,0.6394822769215848,-0.4083817858858559,1.0,44,2,2025-12-11
CME/DE,CME,DE,balanced_plus,11138.33819289859,1.156628461408995,-0.4083817858858559,0.9999999999999992,56,2,2025-12-11
BIIB/HCA,BIIB,HCA,balanced_plus,1076.784267261039,0.1142234225587477,-0.4083817858858559,0.5761611588603958,54,2,2025-12-11
TXT/YUM,TXT,YUM,balanced_plus,-5097.278294901155,-0.5740422644459305,-0.4083817858858559,9.121138665753554e-23,58,2,2025-12-11
AKAM/KEYS,AKAM,KEYS,balanced_plus,8737.689999999997,1.0441477181637422,-0.4083817858858559,0.999999780011436,40,2,2025-12-11
ATO/PCG,ATO,PCG,balanced_plus,-7404.069985977843,-0.9639928467060948,-0.4083817858858559,2.050667595099017e-23,56,2,2025-12-11
RTX/SNA,RTX,SNA,balanced_plus,1990.974944836709,0.3228755570958613,-0.4083817858858559,0.9876473974672458,56,2,2025-12-11
CDNS/PTC,CDNS,PTC,balanced_plus,3288.459999999961,0.344709107655343,-0.4083817858858559,0.9999749249247916,54,2,2025-12-11
EVRG/PCG,EVRG,PCG,balanced_plus,-4933.55206216172,-0.5946183331836394,-0.4083817858858559,8.5751260122501355e-16,54,2,2025-12-11
AON/KKR,AON,KKR,balanced_plus,-5617.18163503345,-0.4771294927408954,-0.4083817858858559,2.2840935493224798e-14,56,2,2025-12-11
AIG/L,AIG,L,balanced_plus,-604.919056494607,-0.13163297323800083,-0.4083817858858559,2.405356567529534e-06,52,2,2025-12-11
AON/BR,AON,BR,balanced_plus,3829.561153227244,0.7356567358111619,-0.4083817858858559,0.9999999999998159,50,2,2025-12-11
HAS/YUM,HAS,YUM,symmetric_exit,7068.711992765612,1.1998328334648312,-0.5022163224680047,0.9999999999983178,32,2,2025-12-11
CSCO/PAYC,CSCO,PAYC,symmetric_exit,5122.283248699501,0.6083307378817229,-0.5022163224680047,0.9999307728399713,32,2,2025-12-11
UNP/VLTO,UNP,VLTO,symmetric_exit,4408.19902451762,0.7836725023792823,-0.5022163224680047,0.9999999613027982,36,2,2025-12-11
EXR/WY,EXR,WY,symmetric_exit,3454.972926874147,0.5684964915638813,-0.5022163224680047,0.9999999999177039,38,2,2025-12-11
CME/DE,CME,DE,symmetric_exit,5291.458539697685,0.7377413972351705,-0.5022163224680047,0.9999999797922049,44,2,2025-12-11
BIIB/HCA,BIIB,HCA,symmetric_exit,-2636.225917952383,-0.31865568747509826,-0.5022163224680047,1.2554141005501779e-09,46,2,2025-12-11
TXT/YUM,TXT,YUM,symmetric_exit,-1434.235976251381,-0.22138156721200258,-0.5022163224680047,1.184768210897415e-09,40,2,2025-12-11
AKAM/KEYS,AKAM,KEYS,symmetric_exit,2500.949999999997,0.31070740900725136,-0.5022163224680047,0.9941446998407429,24,2,2025-12-11
ATO/PCG,ATO,PCG,symmetric_exit,-6768.114937670794,-1.0997652918619274,-0.5022163224680047,1.5306210040426106e-11,54,2,2025-12-11
RTX/SNA,RTX,SNA,symmetric_exit,1939.061756008768,0.3232913883535612,-0.5022163224680047,0.997829303976441,36,2,2025-12-11
CDNS/PTC,CDNS,PTC,symmetric_exit,1861.669999999991,0.22228517273086018,-0.5022163224680047,0.9959214170723566,40,2,2025-12-11
EVRG/PCG,EVRG,PCG,symmetric_exit,1962.795339914735,0.2431207246595617,-0.5022163224680047,0.9799027611095765,50,2,2025-12-11
AON/KKR,AON,KKR,symmetric_exit,-2844.848394344503,-0.35642706331250407,-0.5022163224680047,9.153705217093805e-07,34,2,2025-12-11
AIG/L,AIG,L,symmetric_exit,-4642.99080024707,-1.1385678990556012,-0.5022163224680047,1.2804605178823651e-18,38,2,2025-12-11
AON/BR,AON,BR,symmetric_exit,-1919.381573612523,-0.6082937896918816,-0.5022163224680047,9.97649411814808e-10,24,2,2025-12-11
HAS/YUM,HAS,YUM,tight_stop,4331.546102561909,0.383121442989503,-0.5228102391132828,0.9795743575283786,46,2,2025-12-11
CSCO/PAYC,CSCO,PAYC,tight_stop,6613.075876751925,0.7575955050987517,-0.5228102391132828,0.9999878801701814,46,2,2025-12-11
UNP/VLTO,UNP,VLTO,tight_stop,5038.677912645596,0.853274968878164,-0.5228102391132828,0.9999989029044449,50,2,2025-12-11
EXR/WY,EXR,WY,tight_stop,8256.570186415558,1.187608515675599,-0.5228102391132828,0.9999792655701928,42,2,2025-12-11
CME/DE,CME,DE,tight_stop,3324.076523101439,0.4407957066282037,-0.5228102391132828,0.9999972167858037,52,2,2025-12-11
BIIB/HCA,BIIB,HCA,tight_stop,-462.1172768836007,-0.04718968098063225,-0.5228102391132828,0.0014688660493901934,54,2,2025-12-11
TXT/YUM,TXT,YUM,tight_stop,-3630.768987379201,-0.5741145478295214,-0.5228102391132828,2.456472347602077e-19,56,2,2025-12-11
AKAM/KEYS,AKAM,KEYS,tight_stop,-5452.219999999996,-0.8249709752344759,-0.5228102391132828,2.201214690909086e-11,38,2,2025-12-11
ATO/PCG,ATO,PCG,tight_stop,-4715.48704265111,-0.6210958441377397,-0.5228102391132828,3.3391855235778555e-15,56,2,2025-12-11
RTX/SNA,RTX,SNA,tight_stop,2480.788713869939,0.34721072872203523,-0.5228102391132828,0.9931669581806484,52,2,2025-12-11
CDNS/PTC,CDNS,PTC,tight_stop,-6339.009999999992,-0.6723847146017707,-0.5228102391132828,1.6017513429941198e-09,48,2,2025-12-11
EVRG/PCG,EVRG,PCG,tight_stop,-7564.431774302463,-1.0059119229758173,-0.5228102391132828,1.0744376649648761e-12,66,2,2025-12-11
AON/KKR,AON,KKR,tight_stop,7090.680109242661,0.8417990000103652,-0.5228102391132828,0.9999999986930157,48,2,2025-12-11
AIG/L,AIG,L,tight_stop,-485.1121242975623,-0.1452681314493781,-0.5228102391132828,1.8442599753436494e-06,42,2,2025-12-11
AON/BR,AON,BR,tight_stop,186.7307612821151,0.045482374288568155,-0.5228102391132828,0.11809780913522755,34,2,2025-12-11
HAS/YUM,HAS,YUM,flash_hold,7658.617940452448,1.441902223475121,-0.5460176506963093,1.0,114,2,2025-12-11
CSCO/PAYC,CSCO,PAYC,flash_hold,1445.078334782283,0.22407932191157517,-0.5460176506963093,0.9821173060475379,104,2,2025-12-11
UNP/VLTO,UNP,VLTO,flash_hold,2044.063823465102,0.49749425102274825,-0.5460176506963093,0.9999995640040794,114,2,2025-12-11
EXR/WY,EXR,WY,flash_hold,4140.694060620182,0.9139850112914792,-0.5460176506963093,1.0,138,2,2025-12-11
CME/DE,CME,DE,flash_hold,1145.882835195756,0.17978608628695716,-0.5460176506963093,0.9590546846448704,108,2,2025-12-11
BIIB/HCA,BIIB,HCA,flash_hold,9137.297461567618,1.382588601465701,-0.5460176506963093,1.0,120,2,2025-12-11
TXT/YUM,TXT,YUM,flash_hold,-1133.774272887461,-0.21695054712179923,-0.5460176506963093,2.0499391705602e-09,116,2,2025-12-11
AKAM/KEYS,AKAM,KEYS,flash_hold,-6882.609999999981,-0.8808465023235901,-0.5460176506963093,7.31433300967234e-13,100,2,2025-12-11
ATO/PCG,ATO,PCG,flash_hold,1048.64214020777,0.19564976901795178,-0.5460176506963093,0.9519538483495288,148,2,2025-12-11
RTX/SNA,RTX,SNA,flash_hold,5911.195071018275,0.9825768039748235,-0.5460176506963093,0.9999994629535376,112,2,2025-12-11
CDNS/PTC,CDNS,PTC,flash_hold,-5910.859999999996,-0.7640902002064308,-0.5460176506963093,4.0546395314231594e-09,110,2,2025-12-11
EVRG/PCG,EVRG,PCG,flash_hold,-8457.515202639315,-1.3941235807491457,-0.5460176506963093,1.9234888803235465e-20,156,2,2025-12-11
AON/KKR,AON,KKR,flash_hold,2812.007914174129,0.3310665674250573,-0.5460176506963093,0.999978958384637,134,2,2025-12-11
AIG/L,AIG,L,flash_hold,1671.348259969636,0.44660141458250585,-0.5460176506963093,0.9999999974329477,134,2,2025-12-11
AON/BR,AON,BR,flash_hold,-788.8191666677403,-0.22755218529093074,-0.5460176506963093,7.137097429467122e-10,112,2,2025-12-11
HAS/YUM,HAS,YUM,high_leverage,9846.17909064898,0.566823627226786,-0.6739565005673428,0.9960705844346147,42,2,2025-12-11
CSCO/PAYC,CSCO,PAYC,high_leverage,4831.921786618581,0.32479778975860324,-0.6739565005673428,0.9999053681018781,52,2,2025-12-11
UNP/VLTO,UNP,VLTO,high_leverage,2562.673145053348,0.24620073379260043,-0.6739565005673428,0.9845746585212324,48,2,2025-12-11
EXR/WY,EXR,WY,high_leverage,8067.399216779409,0.5972795051156224,-0.6739565005673428,0.9999999997638802,48,2,2025-12-11
CME/DE,CME,DE,high_leverage,3813.280339778034,0.30176960683213344,-0.6739565005673428,0.9994582144446662,54,2,2025-12-11
BIIB/HCA,BIIB,HCA,high_leverage,1392.665186748269,0.09351862373159234,-0.6739565005673428,0.40981382496028296,46,2,2025-12-11
TXT/YUM,TXT,YUM,high_leverage,-7798.39224048064,-0.6209953732995196,-0.6739565005673428,9.592275012676406e-24,54,2,2025-12-11
AKAM/KEYS,AKAM,KEYS,high_leverage,1597.880000000027,0.12397623245852375,-0.6739565005673428,0.6469969089908107,32,2,2025-12-11
ATO/PCG,ATO,PCG,high_leverage,-9833.700194529456,-0.746424683183331,-0.6739565005673428,1.2048711155374385e-21,44,2,2025-12-11
RTX/SNA,RTX,SNA,high_leverage,4843.262548814637,0.45312817523547777,-0.6739565005673428,0.998871478305477,52,2,2025-12-11
CDNS/PTC,CDNS,PTC,high_leverage,-5261.500000000022,-0.37864602513391377,-0.6739565005673428,7.599270689509933e-08,44,2,2025-12-11
EVRG/PCG,EVRG,PCG,high_leverage,-19497.09640721956,-1.3678380156739665,-0.6739565005673428,4.040083869756104e-23,50,2,2025-12-11
AON/KKR,AON,KKR,high_leverage,2516.569532562412,0.15908655513115036,-0.6739565005673428,0.8923383231150785,48,2,2025-12-11
AIG/L,AIG,L,high_leverage,-9278.264668467742,-1.5008123719634685,-0.6739565005673428,3.385403880834281e-27,40,2,2025-12-11
AON/BR,AON,BR,high_leverage,504.8784530463709,0.0802785699903366,-0.6739565005673428,0.3145760249744465,30,2,2025-12-11
HAS/YUM,HAS,YUM,quick_exit,3619.057810266884,0.32005596391782565,-0.6996339508078308,0.9642038299124593,46,2,2025-12-11
CSCO/PAYC,CSCO,PAYC,quick_exit,8411.46931264417,0.9241658443915776,-0.6996339508078308,0.9999968961390868,46,2,2025-12-11
UNP/VLTO,UNP,VLTO,quick_exit,5514.945140759524,0.9254969516226954,-0.6996339508078308,0.9999995571010559,50,2,2025-12-11
EXR/WY,EXR,WY,quick_exit,8559.473853450332,1.2319563689627717,-0.6996339508078308,0.9999810752968697,42,2,2025-12-11
CME/DE,CME,DE,quick_exit,1826.747862876685,0.23580388647307737,-0.6996339508078308,0.9872290156526345,52,2,2025-12-11
BIIB/HCA,BIIB,HCA,quick_exit,-592.4727171410493,-0.05991969513168048,-0.6996339508078308,0.0006802128988285347,54,2,2025-12-11
TXT/YUM,TXT,YUM,quick_exit,-3287.203193097745,-0.5369224696535977,-0.6996339508078308,5.400420021248223e-18,56,2,2025-12-11
AKAM/KEYS,AKAM,KEYS,quick_exit,-6610.889999999992,-0.9857946719346773,-0.6996339508078308,2.8511471681878567e-11,38,2,2025-12-11
ATO/PCG,ATO,PCG,quick_exit,-6100.152027638175,-0.8123041789358958,-0.6996339508078308,8.966900214295313e-15,58,2,2025-12-11
RTX/SNA,RTX,SNA,quick_exit,3605.77946334495,0.4903290681522228,-0.6996339508078308,0.9995172740247128,52,2,2025-12-11
CDNS/PTC,CDNS,PTC,quick_exit,-8112.130000000016,-0.8156171114318084,-0.6996339508078308,3.813383567034488e-11,50,2,2025-12-11
EVRG/PCG,EVRG,PCG,quick_exit,-5366.001505273643,-0.7225373707066305,-0.6996339508078308,5.108206177688807e-13,64,2,2025-12-11
AON/KKR,AON,KKR,quick_exit,4171.02835257972,0.493158481942847,-0.6996339508078308,0.9999999811586645,52,2,2025-12-11
AIG/L,AIG,L,quick_exit,-1455.078510470267,-0.3851203674188361,-0.6996339508078308,3.2975801294881425e-16,42,2,2025-12-11
AON/BR,AON,BR,quick_exit,-1106.532290597634,-0.3182544946663174,-0.6996339508078308,6.557585430719138e-13,28,2,2025-12-11
HAS/YUM,HAS,YUM,low_entry,8910.18376610072,0.6025795010067492,-0.7976915904557256,0.9998923236571217,78,2,2025-12-11
CSCO/PAYC,CSCO,PAYC,low_entry,-5866.671090544553,-0.4582995501147928,-0.7976915904557256,2.3423102577354683e-11,80,2,2025-12-11
UNP/VLTO,UNP,VLTO,low_entry,-1570.167420921,-0.19560375764796825,-0.7976915904557256,3.3806672571871365e-10,90,2,2025-12-11
EXR/WY,EXR,WY,low_entry,698.6244534300243,0.08484726547227324,-0.7976915904557256,0.343234138245384,76,2,2025-12-11
CME/DE,CME,DE,low_entry,12984.84427455296,1.247994476311457,-0.7976915904557256,1.0,86,2,2025-12-11
BIIB/HCA,BIIB,HCA,low_entry,3178.343165062125,0.27173107798069834,-0.7976915904557256,0.9988633376192937,104,2,2025-12-11
TXT/YUM,TXT,YUM,low_entry,1766.290943276321,0.19443509828432579,-0.7976915904557256,0.9494699530412497,80,2,2025-12-11
AKAM/KEYS,AKAM,KEYS,low_entry,4415.999999999995,0.39161200281228886,-0.7976915904557256,0.9999954751718566,56,2,2025-12-11
ATO/PCG,ATO,PCG,low_entry,-8923.788853727414,-0.7624315990624415,-0.7976915904557256,3.2011737937868346e-28,96,2,2025-12-11
RTX/SNA,RTX,SNA,low_entry,2912.558148262847,0.3372374354917539,-0.7976915904557256,0.998527135103909,76,2,2025-12-11
CDNS/PTC,CDNS,PTC,low_entry,-2906.640000000024,-0.2554967243653987,-0.7976915904557256,5.580093612626282e-09,84,2,2025-12-11
EVRG/PCG,EVRG,PCG,low_entry,-18140.41407515379,-1.487777753464923,-0.7976915904557256,5.67944904682718e-17,98,2,2025-12-11
AON/KKR,AON,KKR,low_entry,-17152.4774167552,-1.0654683440109034,-0.7976915904557256,3.0707071626846745e-33,116,2,2025-12-11
AIG/L,AIG,L,low_entry,116.9543481076289,0.013624271479465029,-0.7976915904557256,0.034051913107639484,106,2,2025-12-11
AON/BR,AON,BR,low_entry,5725.845507052415,0.9963623750854547,-0.7976915904557256,0.9999999999999987,60,2,2025-12-11
HAS/YUM,HAS,YUM,slow_signal,3195.123581570844,0.5618917462724131,-0.8084084437106718,0.9999999999635736,40,2,2025-12-11
CSCO/PAYC,CSCO,PAYC,slow_signal,5899.606080304908,0.6351543664013459,-0.8084084437106718,0.9999928552787696,32,2,2025-12-11
UNP/VLTO,UNP,VLTO,slow_signal,4591.950091482391,0.7914777091920596,-0.8084084437106718,0.9999977572496946,28,2,2025-12-11
EXR/WY,EXR,WY,slow_signal,8856.486899988302,1.4477038327294218,-0.8084084437106718,1.0,26,2,2025-12-11
CME/DE,CME,DE,slow_signal,12482.37455708566,1.822270222094183,-0.8084084437106718,0.9999999998188758,34,2,2025-12-11
BIIB/HCA,BIIB,HCA,slow_signal,7108.15353122628,0.9867907576587054,-0.8084084437106718,0.9999999999929066,26,2,2025-12-11
TXT/YUM,TXT,YUM,slow_signal,-4269.056102766627,-0.5854736831371594,-0.8084084437106718,7.650011990402068e-19,40,2,2025-12-11
AKAM/KEYS,AKAM,KEYS,slow_signal,-15236.40000000001,-0.9301836133959106,-0.8084084437106718,3.3092507015044124e-06,32,2,2025-12-11
ATO/PCG,ATO,PCG,slow_signal,-12784.49769882501,-1.3518667215624136,-0.8084084437106718,7.700605506625894e-28,54,2,2025-12-11
RTX/SNA,RTX,SNA,slow_signal,1739.481624763459,0.3449918767394904,-0.8084084437106718,0.9970469185795319,32,2,2025-12-11
CDNS/PTC,CDNS,PTC,slow_signal,-982.3300000000372,-0.12517888955147569,-0.8084084437106718,9.922040162792772e-05,38,2,2025-12-11
EVRG/PCG,EVRG,PCG,slow_signal,-11011.36144880426,-0.9421796075599077,-0.8084084437106718,1.5890412527486907e-23,52,2,2025-12-11
AON/KKR,AON,KKR,slow_signal,-2269.30253218271,-0.2429440914349011,-0.8084084437106718,1.3050006976140126e-06,36,2,2025-12-11
AIG/L,AIG,L,slow_signal,-995.1455842534406,-0.2859589710922541,-0.8084084437106718,7.312968553101824e-17,42,2,2025-12-11
AON/BR,AON,BR,slow_signal,1658.670396295501,0.39212125139680615,-0.8084084437106718,0.9999671817534085,26,2,2025-12-11
HAS/YUM,HAS,YUM,patient_hold,7323.72451041662,1.2176576916983124,-0.9651370223129242,0.9999999999999849,26,2,2025-12-11
CSCO/PAYC,CSCO,PAYC,patient_hold,7343.584054434965,0.9274799700285994,-0.9651370223129242,0.9997821050444216,22,2,2025-12-11
UNP/VLTO,UNP,VLTO,patient_hold,2809.221738526116,0.45739441691944444,-0.9651370223129242,0.999884042575971,32,2,2025-12-11
EXR/WY,EXR,WY,patient_hold,335.7071257706048,0.057930468774511475,-0.9651370223129242,0.16890952767795103,20,2,2025-12-11
CME/DE,CME,DE,patient_hold,5993.474286864687,0.7641827868631125,-0.9651370223129242,0.9999999998247615,46,2,2025-12-11
BIIB/HCA,BIIB,HCA,patient_hold,2110.009606337906,0.2793676271406288,-0.9651370223129242,0.9996638421872878,26,2,2025-12-11
TXT/YUM,TXT,YUM,patient_hold,-8988.799894038515,-1.2040828694685528,-0.9651370223129242,4.80408799669317e-23,36,2,2025-12-11
AKAM/KEYS,AKAM,KEYS,patient_hold,-7355.470000000012,-0.8140499656881559,-0.9651370223129242,1.466604637914589e-07,26,2,2025-12-11
ATO/PCG,ATO,PCG,patient_hold,-5069.004280944501,-0.5613217283106967,-0.9651370223129242,7.00905859990102e-22,42,2,2025-12-11
RTX/SNA,RTX,SNA,patient_hold,8050.845825402803,1.7039371627941766,-0.9651370223129242,0.9999999999993622,36,2,2025-12-11
CDNS/PTC,CDNS,PTC,patient_hold,-939.3700000000226,-0.11988498206180896,-0.9651370223129242,0.00013725082977233258,30,2,2025-12-11
EVRG/PCG,EVRG,PCG,patient_hold,-8754.418650259775,-0.9009590072397297,-0.9651370223129242,2.7002235731453397e-23,42,2,2025-12-11
AON/KKR,AON,KKR,patient_hold,-4351.004704177945,-0.4871657844382982,-0.9651370223129242,1.2615601724311674e-08,30,2,2025-12-11
AIG/L,AIG,L,patient_hold,-3042.062332359164,-0.7186720119600548,-0.9651370223129242,1.5881376588583975e-23,34,2,2025-12-11
AON/BR,AON,BR,patient_hold,2302.145582592206,0.6764733252609576,-0.9651370223129242,0.999911984858995,18,2,2025-12-11
HAS/YUM,HAS,YUM,default,7263.326146986722,0.6352471393447456,-1.0078931963704436,0.9965009093209697,42,2,2025-12-11
CSCO/PAYC,CSCO,PAYC,default,3375.900359684274,0.34348949760918157,-1.0078931963704436,0.9999368959966213,52,2,2025-12-11
UNP/VLTO,UNP,VLTO,default,3544.804700731855,0.5293648305627527,-1.0078931963704436,0.9999898796097456,48,2,2025-12-11
EXR/WY,EXR,WY,default,3089.782327512454,0.35605158181484103,-1.0078931963704436,0.9999989329083058,46,2,2025-12-11
CME/DE,CME,DE,default,2547.381470587165,0.30240927392892797,-1.0078931963704436,0.9994793942509058,54,2,2025-12-11
BIIB/HCA,BIIB,HCA,default,-486.5787713597199,-0.05016949312725583,-1.0078931963704436,0.001228547700069799,54,2,2025-12-11
TXT/YUM,TXT,YUM,default,-5477.123926416627,-0.7216729820009099,-1.0078931963704436,1.6924324930929272e-26,52,2,2025-12-11
AKAM/KEYS,AKAM,KEYS,default,-339.520000000007,-0.039304670946609783,-1.0078931963704436,0.0031009227021552644,38,2,2025-12-11
ATO/PCG,ATO,PCG,default,-5110.884746676806,-0.6797537747078024,-1.0078931963704436,7.720122732928494e-16,52,2,2025-12-11
RTX/SNA,RTX,SNA,default,3290.940981238656,0.46299456498722985,-1.0078931963704436,0.9990598062238799,52,2,2025-12-11
CDNS/PTC,CDNS,PTC,default,-3345.060000000013,-0.3579899016687011,-1.0078931963704436,7.924189885728902e-08,46,2,2025-12-11
EVRG/PCG,EVRG,PCG,default,-8400.204823020458,-1.0085712749110147,-1.0078931963704436,1.3137648388581423e-14,58,2,2025-12-11
AON/KKR,AON,KKR,default,-435.4485433926316,-0.043170365873133616,-1.0078931963704436,0.0025277013507885395,48,2,2025-12-11
AIG/L,AIG,L,default,-7875.333223699967,-1.844245705579727,-1.0078931963704436,5.940987652510847e-20,38,2,2025-12-11
AON/BR,AON,BR,default,-299.2189226822693,-0.07269535520120274,-1.0078931963704436,0.0002598944676023945,30,2,2025-12-11
HAS/YUM,HAS,YUM,conservative_no_leverage,3738.282050890572,1.3947084368532505,-1.0860446683777367,0.9999999999999972,28,2,2025-12-11
CSCO/PAYC,CSCO,PAYC,conservative_no_leverage,4024.214329809266,0.9472324161036971,-1.0860446683777367,0.9999795937752095,34,2,2025-12-11
UNP/VLTO,UNP,VLTO,conservative_no_leverage,1587.163691284295,0.5430571161116484,-1.0860446683777367,0.999968283412668,24,2,2025-12-11
EXR/WY,EXR,WY,conservative_no_leverage,2021.939594239585,0.6057940027039862,-1.0860446683777367,0.9999999999999964,24,2,2025-12-11
CME/DE,CME,DE,conservative_no_leverage,4492.626776056199,1.2319719610882462,-1.0860446683777367,0.9999999988653565,34,2,2025-12-11
BIIB/HCA,BIIB,HCA,conservative_no_leverage,839.2519721656647,0.20387874772664005,-1.0860446683777367,0.9808354273931634,30,2,2025-12-11
TXT/YUM,TXT,YUM,conservative_no_leverage,-3255.026538044859,-0.9539389969129426,-1.0860446683777367,5.103541435380213e-19,32,2,2025-12-11
AKAM/KEYS,AKAM,KEYS,conservative_no_leverage,-202.9900000000073,-0.0480044870409966,-1.0860446683777367,0.00215046843373091,22,2,2025-12-11
ATO/PCG,ATO,PCG,conservative_no_leverage,-3272.390586653444,-0.7088545801762501,-1.0860446683777367,4.960319340393766e-24,34,2,2025-12-11
RTX/SNA,RTX,SNA,conservative_no_leverage,3786.066167119977,1.9135405448869356,-1.0860446683777367,0.9999999999624276,32,2,2025-12-11
CDNS/PTC,CDNS,PTC,conservative_no_leverage,504.469999999988,0.11537828612388545,-1.0860446683777367,0.5989818507353711,32,2,2025-12-11
EVRG/PCG,EVRG,PCG,conservative_no_leverage,-6829.47856712844,-1.3887979417144034,-1.0860446683777367,1.1601292676808487e-29,34,2,2025-12-11
AON/KKR,AON,KKR,conservative_no_leverage,1107.178748324664,0.21867233179574763,-1.0860446683777367,0.9937659222184423,34,2,2025-12-11
AIG/L,AIG,L,conservative_no_leverage,967.2221937203528,0.503991055655971,-1.0860446683777367,0.9999996808020846,32,2,2025-12-11
AON/BR,AON,BR,conservative_no_leverage,386.278042513729,0.20627110514719016,-1.0860446683777367,0.9898676307974879,20,2,2025-12-11
HAS/YUM,HAS,YUM,high_turnover,5504.251414071568,0.6607876261205039,-1.2973945008058931,0.9999999999012676,82,2,2025-12-11
CSCO/PAYC,CSCO,PAYC,high_turnover,-2169.132890265118,-0.21143781401957285,-1.2973945008058931,4.414434608998301e-12,66,2,2025-12-11
UNP/VLTO,UNP,VLTO,high_turnover,-3583.963608635282,-0.4644200343343826,-1.2973945008058931,1.6742042613751454e-23,86,2,2025-12-11
EXR/WY,EXR,WY,high_turnover,3685.816862325547,0.4951886527905429,-1.2973945008058931,0.9999999999692811,74,2,2025-12-11
CME/DE,CME,DE,high_turnover,-614.1574932608628,-0.06190558937421402,-1.2973945008058931,0.0006299629403739326,82,2,2025-12-11
BIIB/HCA,BIIB,HCA,high_turnover,-330.4685321796637,-0.030033896325313877,-1.2973945008058931,0.003518639875622242,90,2,2025-12-11
TXT/YUM,TXT,YUM,high_turnover,-1015.420821397237,-0.10521170800834903,-1.2973945008058931,6.823892949956961e-06,76,2,2025-12-11
AKAM/KEYS,AKAM,KEYS,high_turnover,-5849.799999999993,-0.5088244327338889,-1.2973945008058931,2.00458429676376e-08,72,2,2025-12-11
ATO/PCG,ATO,PCG,high_turnover,1777.350604314536,0.2463291197981721,-1.2973945008058931,0.9692327454464296,72,2,2025-12-11
RTX/SNA,RTX,SNA,high_turnover,5831.319954414847,0.9460271462995122,-1.2973945008058931,1.0,78,2,2025-12-11
CDNS/PTC,CDNS,PTC,high_turnover,-19262.04000000004,-1.4057258450535173,-1.2973945008058931,1.1546873253532901e-05,74,2,2025-12-11
EVRG/PCG,EVRG,PCG,high_turnover,-2946.967912201305,-0.44263534297649204,-1.2973945008058931,1.1287658029433429e-17,62,2,2025-12-11
AON/KKR,AON,KKR,high_turnover,-7775.330785290579,-0.6529560417439316,-1.2973945008058931,8.559167935476506e-15,76,2,2025-12-11
AIG/L,AIG,L,high_turnover,9425.672136436846,1.7210980507634939,-1.2973945008058931,0.9999999998035807,76,2,2025-12-11
AON/BR,AON,BR,high_turnover,-4524.435580089428,-0.5764039393887692,-1.2973945008058931,1.159998728177262e-09,74,2,2025-12-11
HAS/YUM,HAS,YUM,low_vol_specialist,10844.43783874127,1.3466035140674393,-1.5013423130701558,1.0,90,2,2025-12-11
CSCO/PAYC,CSCO,PAYC,low_vol_specialist,-9711.412618712544,-0.8895059015662862,-1.5013423130701558,1.9217781456173682e-25,98,2,2025-12-11
UNP/VLTO,UNP,VLTO,low_vol_specialist,-135.0399345813476,-0.017991834837648733,-1.5013423130701558,0.00658104418893708,88,2,2025-12-11
EXR/WY,EXR,WY,low_vol_specialist,3399.658220293198,0.36880684992984236,-1.5013423130701558,0.9998955686201161,104,2,2025-12-11
CME/DE,CME,DE,low_vol_specialist,11475.9905618798,1.1813932524739887,-1.5013423130701558,1.0,82,2,2025-12-11
BIIB/HCA,BIIB,HCA,low_vol_specialist,2610.070270013922,0.23163868542045712,-1.5013423130701558,0.9963278607673061,90,2,2025-12-11
TXT/YUM,TXT,YUM,low_vol_specialist,-1786.288686003961,-0.1670773041530295,-1.5013423130701558,5.998881358520937e-09,100,2,2025-12-11
AKAM/KEYS,AKAM,KEYS,low_vol_specialist,-23880.66999999998,-1.503543553465632,-1.5013423130701558,8.346083258309063e-08,80,2,2025-12-11
ATO/PCG,ATO,PCG,low_vol_specialist,-2179.030953121369,-0.20770304049064817,-1.5013423130701558,1.2854475911804878e-09,128,2,2025-12-11
RTX/SNA,RTX,SNA,low_vol_specialist,3571.431126671971,0.38979635434439147,-1.5013423130701558,0.9999210385021341,94,2,2025-12-11
CDNS/PTC,CDNS,PTC,low_vol_specialist,-2297.549999999997,-0.20485389193088702,-1.5013423130701558,1.596508156814058e-08,74,2,2025-12-11
EVRG/PCG,EVRG,PCG,low_vol_specialist,-16698.29110912024,-1.6044174202552555,-1.5013423130701558,6.100294670592763e-14,116,2,2025-12-11
AON/KKR,AON,KKR,low_vol_specialist,-14434.62182995461,-0.9411197089121262,-1.5013423130701558,4.4378306280994564e-32,92,2,2025-12-11
AIG/L,AIG,L,low_vol_specialist,680.1257145093596,0.11006588101240418,-1.5013423130701558,0.5434018790547717,110,2,2025-12-11
AON/BR,AON,BR,low_vol_specialist,4641.177192803485,0.6724241717116788,-1.5013423130701558,0.9999999999451775,78,2,2025-12-11
HAS/YUM,HAS,YUM,no_leverage,3638.23006125764,0.637700709507995,-1.7893887082545257,0.9965955439060726,42,2,2025-12-11
CSCO/PAYC,CSCO,PAYC,no_leverage,1694.848011039582,0.34488505172840084,-1.7893887082545257,0.9999382504674734,52,2,2025-12-11
UNP/VLTO,UNP,VLTO,no_leverage,1762.196545555372,0.527742505654299,-1.7893887082545257,0.9999890373635859,48,2,2025-12-11
EXR/WY,EXR,WY,no_leverage,1543.595069223198,0.3562605854526499,-1.7893887082545257,0.9999989154295473,46,2,2025-12-11
CME/DE,CME,DE,no_leverage,1289.495212577773,0.30792747386893987,-1.7893887082545257,0.9996124659238134,54,2,2025-12-11
BIIB/HCA,BIIB,HCA,no_leverage,-252.7191289047964,-0.052263844130699344,-1.7893887082545257,0.001089165268626411,54,2,2025-12-11
TXT/YUM,TXT,YUM,no_leverage,-2724.523867743917,-0.7202954461328381,-1.7893887082545257,1.9344064730301013e-26,52,2,2025-12-11
AKAM/KEYS,AKAM,KEYS,no_leverage,-173.2000000000028,-0.040203563911835445,-1.7893887082545257,0.002966085889844606,38,2,2025-12-11
ATO/PCG,ATO,PCG,no_leverage,-2540.668424778663,-0.6782808812063493,-1.7893887082545257,7.672295942769368e-16,52,2,2025-12-11
RTX/SNA,RTX,SNA,no_leverage,1632.798385844807,0.45985856223655697,-1.7893887082545257,0.9989806487277686,52,2,2025-12-11
CDNS/PTC,CDNS,PTC,no_leverage,-1640.65,-0.3526636414496035,-1.7893887082545257,1.0205355729784974e-07,46,2,2025-12-11
EVRG/PCG,EVRG,PCG,no_leverage,-4180.26501020171,-1.0066183872445424,-1.7893887082545257,1.2643885147634441e-14,58,2,2025-12-11
AON/KKR,AON,KKR,no_leverage,-211.1596836111416,-0.041995687290393144,-1.7893887082545257,0.0026770743928319516,48,2,2025-12-11
AIG/L,AIG,L,no_leverage,-3927.000687300459,-1.8435295678405976,-1.7893887082545257,7.948271184264357e-20,38,2,2025-12-11
AON/BR,AON,BR,no_leverage,-148.4638354548845,-0.07248155013431,-1.7893887082545257,0.0002607373738427507,30,2,2025-12-11
HAS/YUM,HAS,YUM,conservative,2401.318826174637,1.4809419065958147,-2.086626816421861,0.999986625487134,16,2,2025-12-11
CSCO/PAYC,CSCO,PAYC,conservative,2161.99535506669,0.6211237850422621,-2.086626816421861,0.9976054282486382,16,2,2025-12-11
UNP/VLTO,UNP,VLTO,conservative,614.934067250186,0.2131380876001139,-2.086626816421861,0.9420765868608069,22,2,2025-12-11
EXR/WY,EXR,WY,conservative,-229.184412218488,-0.13271934337830552,-2.086626816421861,9.57136884476309e-05,22,2,2025-12-11
CME/DE,CME,DE,conservative,1462.562243712306,0.6366579244577345,-2.086626816421861,0.9999992742362814,24,2,2025-12-11
BIIB/HCA,BIIB,HCA,conservative,-775.2628671246343,-0.24282599679165098,-2.086626816421861,6.905892358366929e-06,20,2,2025-12-11
TXT/YUM,TXT,YUM,conservative,-42.944700824959,-0.02097974995799972,-2.086626816421861,0.006574236234219877,24,2,2025-12-11
AKAM/KEYS,AKAM,KEYS,conservative,-2496.49,-0.9723482487407394,-2.086626816421861,2.1049601136425446e-05,20,2,2025-12-11
ATO/PCG,ATO,PCG,conservative,-1367.770441228975,-0.5266412791504852,-2.086626816421861,6.182128902490687e-11,38,2,2025-12-11
RTX/SNA,RTX,SNA,conservative,1045.951079209445,0.5715325483765192,-2.086626816421861,0.9999339209183901,24,2,2025-12-11
CDNS/PTC,CDNS,PTC,conservative,1027.159999999988,0.2767221443128678,-2.086626816421861,0.9999356149766314,30,2,2025-12-11
EVRG/PCG,EVRG,PCG,conservative,-643.9540305140556,-0.22335221435894728,-2.086626816421861,1.2571858391580195e-07,34,2,2025-12-11
AON/KKR,AON,KKR,conservative,13.36227562503154,0.00499975507481208,-2.086626816421861,0.02053711158658025,18,2,2025-12-11
AIG/L,AIG,L,conservative,915.7658460087093,0.7505898862450833,-2.086626816421861,0.9999992453383674,28,2,2025-12-11
AON/BR,AON,BR,conservative,891.3526012083393,0.5779491133926857,-2.086626816421861,0.9992046008209872,16,2,2025-12-11
HAS/YUM,HAS,YUM,fast_reentry,7283.269270154576,0.698515387934057,0.808053413563647,0.9999999999999407,50,3,2026-01-20
CSCO/PAYC,CSCO,PAYC,fast_reentry,6226.021516491265,0.5957853355915187,0.808053413563647,0.999999996219282,58,3,2026-01-20
UNP/VLTO,UNP,VLTO,fast_reentry,3473.258695018748,0.5099402694692503,0.808053413563647,0.9999999993629811,64,3,2026-01-20
EXR/WY,EXR,WY,fast_reentry,10389.64496738416,1.2794647229718734,0.808053413563647,1.0,52,3,2026-01-20
CME/DE,CME,DE,fast_reentry,12094.13602352994,1.3526047222320328,0.808053413563647,1.0,58,3,2026-01-20
BIIB/HCA,BIIB,HCA,fast_reentry,3549.164725327118,0.28824798121989176,0.808053413563647,0.9997036180898496,64,3,2026-01-20
TXT/YUM,TXT,YUM,fast_reentry,-1893.087291594845,-0.22479746541050616,0.808053413563647,3.853031885107742e-11,62,3,2026-01-20
AKAM/KEYS,AKAM,KEYS,fast_reentry,3776.759999999996,0.3961028808389744,0.808053413563647,0.9999904593375454,42,3,2026-01-20
ATO/PCG,ATO,PCG,fast_reentry,4518.080957444439,0.45399812757802765,0.808053413563647,0.9999997074949496,76,3,2026-01-20
RTX/SNA,RTX,SNA,fast_reentry,12274.10930465837,1.844275541701578,0.808053413563647,0.9999999966552008,50,3,2026-01-20
CDNS/PTC,CDNS,PTC,fast_reentry,-2383.200000000014,-0.2180896758126495,0.808053413563647,3.1270878976430186e-07,52,3,2026-01-20
EVRG/PCG,EVRG,PCG,fast_reentry,485.2067649288474,0.05376794739902502,0.808053413563647,0.1681656752688659,66,3,2026-01-20
AON/KKR,AON,KKR,fast_reentry,4759.156840935324,0.3856184340336428,0.808053413563647,0.9999999972699288,58,3,2026-01-20
AIG/L,AIG,L,fast_reentry,-3218.411988094743,-0.5243002643033808,0.808053413563647,5.15056336871815e-07,56,3,2026-01-20
AON/BR,AON,BR,fast_reentry,-72.44004064268847,-0.014393631536567442,0.808053413563647,0.008748278725818267,40,3,2026-01-20
HAS/YUM,HAS,YUM,low_entry,14311.94000713383,0.9955247848119851,0.761851474047555,0.999999970642731,94,3,2026-01-20
CSCO/PAYC,CSCO,PAYC,low_entry,1399.739673255828,0.10149277667302921,0.761851474047555,0.4989753871641877,96,3,2026-01-20
UNP/VLTO,UNP,VLTO,low_entry,1422.392618803102,0.1711974807726501,0.761851474047555,0.901054757301726,94,3,2026-01-20
EXR/WY,EXR,WY,low_entry,8978.298294206503,0.8727446931950401,0.761851474047555,1.0,90,3,2026-01-20
CME/DE,CME,DE,low_entry,17656.20912334324,1.6436237474711775,0.761851474047555,1.0,86,3,2026-01-20
BIIB/HCA,BIIB,HCA,low_entry,12661.25608653086,0.9490409857198785,0.761851474047555,1.0,106,3,2026-01-20
TXT/YUM,TXT,YUM,low_entry,6370.769165033394,0.6210586359019272,0.761851474047555,0.999999999999996,86,3,2026-01-20
AKAM/KEYS,AKAM,KEYS,low_entry,6318.450000000028,0.5315213841585097,0.761851474047555,0.9999999996336909,64,3,2026-01-20
ATO/PCG,ATO,PCG,low_entry,4216.529377708306,0.3539739057952804,0.761851474047555,0.9999934882583905,102,3,2026-01-20
RTX/SNA,RTX,SNA,low_entry,11040.60961771508,0.9569061355346766,0.761851474047555,0.9999848810987605,84,3,2026-01-20
CDNS/PTC,CDNS,PTC,low_entry,-1593.15499999997,-0.11251868271215763,0.761851474047555,9.227402566427154e-06,94,3,2026-01-20
EVRG/PCG,EVRG,PCG,low_entry,-11751.76555903918,-0.8967398369655635,0.761851474047555,5.222145949373533e-23,100,3,2026-01-20
AON/KKR,AON,KKR,low_entry,7354.157114767835,0.36947840410145827,0.761851474047555,0.9999999646874914,112,3,2026-01-20
AIG/L,AIG,L,low_entry,-9072.438019167872,-0.9403239404018529,0.761851474047555,2.376983962596323e-19,112,3,2026-01-20
AON/BR,AON,BR,low_entry,143.4103483672243,0.02179784475787943,0.761851474047555,0.04966465237950667,72,3,2026-01-20
HAS/YUM,HAS,YUM,deep_dislocation,17639.58497915107,1.7768230808990806,0.6516177187017768,0.9999983230234716,20,3,2026-01-20
CSCO/PAYC,CSCO,PAYC,deep_dislocation,3887.469221478613,0.3097305273168594,0.6516177187017768,0.999943101579065,22,3,2026-01-20
UNP/VLTO,UNP,VLTO,deep_dislocation,3822.689717734479,0.4386242603208679,0.6516177187017768,0.9999990673010541,24,3,2026-01-20
EXR/WY,EXR,WY,deep_dislocation,-1490.22976484636,-0.16010273267712874,0.6516177187017768,8.439394769482425e-06,16,3,2026-01-20
CME/DE,CME,DE,deep_dislocation,7495.974043765218,0.7465923861269373,0.6516177187017768,0.9999999701033406,24,3,2026-01-20
BIIB/HCA,BIIB,HCA,deep_dislocation,3344.738224092494,0.2800435877343166,0.6516177187017768,0.9979352934547323,22,3,2026-01-20
TXT/YUM,TXT,YUM,deep_dislocation,4181.360483678358,0.369867666798713,0.6516177187017768,0.9999979210076977,30,3,2026-01-20
AKAM/KEYS,AKAM,KEYS,deep_dislocation,9888.97,0.845634126898874,0.6516177187017768,0.9999163644617758,10,3,2026-01-20
ATO/PCG,ATO,PCG,deep_dislocation,-2689.056648482489,-0.19903035273902572,0.6516177187017768,6.591437305793177e-10,26,3,2026-01-20
RTX/SNA,RTX,SNA,deep_dislocation,-1131.634460240462,-0.1883787028237726,0.6516177187017768,8.013017783224743e-08,14,3,2026-01-20
CDNS/PTC,CDNS,PTC,deep_dislocation,12409.64000000002,0.8219248549765963,0.6516177187017768,0.9999997205688335,20,3,2026-01-20
EVRG/PCG,EVRG,PCG,deep_dislocation,-6287.227608687366,-0.4126209843354715,0.6516177187017768,2.4540962336771528e-20,30,3,2026-01-20
AON/KKR,AON,KKR,deep_dislocation,7956.390753881749,0.5678961246529259,0.6516177187017768,0.9999999982016763,22,3,2026-01-20
AIG/L,AIG,L,deep_dislocation,-3146.355449780377,-0.44253881653663796,0.6516177187017768,8.444125988213759e-19,22,3,2026-01-20
AON/BR,AON,BR,deep_dislocation,3034.731220165153,0.6437503758329962,0.6516177187017768,0.9976774175007195,8,3,2026-01-20
HAS/YUM,HAS,YUM,fast_signal,-2507.13490344094,-0.2048384604045063,0.644253607141868,8.142635984107302e-10,72,3,2026-01-20
CSCO/PAYC,CSCO,PAYC,fast_signal,8898.417236366011,0.7392218761511771,0.644253607141868,0.9999999922512463,64,3,2026-01-20
UNP/VLTO,UNP,VLTO,fast_signal,-1645.757191917403,-0.21898287954059037,0.644253607141868,7.898369692116287e-11,70,3,2026-01-20
EXR/WY,EXR,WY,fast_signal,9257.331939472511,1.0059914936986,0.644253607141868,1.0,76,3,2026-01-20
CME/DE,CME,DE,fast_signal,10451.52415467471,1.1916325693400966,0.644253607141868,1.0,56,3,2026-01-20
BIIB/HCA,BIIB,HCA,fast_signal,5122.971420919343,0.5332190772087231,0.644253607141868,0.9999999980836473,56,3,2026-01-20
TXT/YUM,TXT,YUM,fast_signal,651.3386434641607,0.07291069859672043,0.644253607141868,0.276600243237378,60,3,2026-01-20
AKAM/KEYS,AKAM,KEYS,fast_signal,-1308.540000000018,-0.17985213574333836,0.644253607141868,8.657340005942131e-06,50,3,2026-01-20
ATO/PCG,ATO,PCG,fast_signal,1668.013985752085,0.17571849812937956,0.644253607141868,0.9163978235464145,68,3,2026-01-20
RTX/SNA,RTX,SNA,fast_signal,14356.18432495273,1.8182342348380922,0.644253607141868,0.9999999998613125,64,3,2026-01-20
CDNS/PTC,CDNS,PTC,fast_signal,1379.944999999983,0.13571081751761943,0.644253607141868,0.7830869658845996,66,3,2026-01-20
EVRG/PCG,EVRG,PCG,fast_signal,431.0683701134221,0.04878017760821129,0.644253607141868,0.14178332201271815,72,3,2026-01-20
AON/KKR,AON,KKR,fast_signal,6808.543221739007,0.4302613504682456,0.644253607141868,0.9999998585179186,66,3,2026-01-20
AIG/L,AIG,L,fast_signal,3029.322792529111,0.3669373266405248,0.644253607141868,0.9988585340038629,64,3,2026-01-20
AON/BR,AON,BR,fast_signal,-1441.549700285188,-0.191889676811499,0.644253607141868,3.618452647868579e-11,74,3,2026-01-20
HAS/YUM,HAS,YUM,stable_signal_quick_exit,20247.91540534873,1.5753063079792224,0.5386608945285594,0.9999775554548839,42,3,2026-01-20
CSCO/PAYC,CSCO,PAYC,stable_signal_quick_exit,11421.36205933321,1.0881569495257262,0.5386608945285594,0.9999999997400151,60,3,2026-01-20
UNP/VLTO,UNP,VLTO,stable_signal_quick_exit,2626.780928142181,0.38084782054014954,0.5386608945285594,0.9999529722476402,50,3,2026-01-20
EXR/WY,EXR,WY,stable_signal_quick_exit,-88.11082028874944,-0.012182145217020159,0.5386608945285594,0.009500753422643303,42,3,2026-01-20
CME/DE,CME,DE,stable_signal_quick_exit,17905.6698572745,1.775175240071108,0.5386608945285594,0.9999999999997841,48,3,2026-01-20
BIIB/HCA,BIIB,HCA,stable_signal_quick_exit,2504.597794606537,0.23609437206030118,0.5386608945285594,0.9945031337439324,56,3,2026-01-20
TXT/YUM,TXT,YUM,stable_signal_quick_exit,6292.420034683569,0.8132525783995914,0.5386608945285594,0.9999999999999954,50,3,2026-01-20
AKAM/KEYS,AKAM,KEYS,stable_signal_quick_exit,-824.7699999999775,-0.06194520891184402,0.5386608945285594,9.718517066335091e-05,42,3,2026-01-20
ATO/PCG,ATO,PCG,stable_signal_quick_exit,558.0742055910987,0.08222715497594892,0.5386608945285594,0.3668652811857074,36,3,2026-01-20
RTX/SNA,RTX,SNA,stable_signal_quick_exit,5651.106021169509,0.8969081518275193,0.5386608945285594,0.9999999999999948,44,3,2026-01-20
CDNS/PTC,CDNS,PTC,stable_signal_quick_exit,-1928.295000000052,-0.19106904407632014,0.5386608945285594,2.360066385728678e-06,42,3,2026-01-20
EVRG/PCG,EVRG,PCG,stable_signal_quick_exit,-6797.024532165431,-0.9486984155396133,0.5386608945285594,6.9580476585889566e-15,34,3,2026-01-20
AON/KKR,AON,KKR,stable_signal_quick_exit,-3427.877692025102,-0.2824769640228806,0.5386608945285594,3.423128263040471e-11,52,3,2026-01-20
AIG/L,AIG,L,stable_signal_quick_exit,-502.4559332526306,-0.08755194844923715,0.5386608945285594,0.0006744184984996605,48,3,2026-01-20
AON/BR,AON,BR,stable_signal_quick_exit,-3510.849731586176,-0.5256191508753852,0.5386608945285594,6.41442683154285e-08,42,3,2026-01-20
HAS/YUM,HAS,YUM,high_leverage,11994.71014093008,0.8038689589365396,0.5241627799885771,0.9999999999995022,50,3,2026-01-20
CSCO/PAYC,CSCO,PAYC,high_leverage,14500.17869095664,0.9648675801138085,0.5241627799885771,0.9999999999137814,54,3,2026-01-20
UNP/VLTO,UNP,VLTO,high_leverage,7749.97906754612,0.7801020877597568,0.5241627799885771,1.0,60,3,2026-01-20
EXR/WY,EXR,WY,high_leverage,16934.53836889652,1.0353990745734434,0.5241627799885771,0.9999999999999867,54,3,2026-01-20
CME/DE,CME,DE,high_leverage,16947.08996848729,1.2607738136268198,0.5241627799885771,1.0,56,3,2026-01-20
BIIB/HCA,BIIB,HCA,high_leverage,10214.12398906929,0.5926047028293753,0.5241627799885771,0.9999999999882347,56,3,2026-01-20
TXT/YUM,TXT,YUM,high_leverage,2059.641125355613,0.16313723383032572,0.5241627799885771,0.8841127525005825,60,3,2026-01-20
AKAM/KEYS,AKAM,KEYS,high_leverage,3813.710000000035,0.28986125974143045,0.5241627799885771,0.9990860096772968,38,3,2026-01-20
ATO/PCG,ATO,PCG,high_leverage,-14087.9220225639,-0.9790056021429859,0.5241627799885771,1.7283533826508867e-26,42,3,2026-01-20
RTX/SNA,RTX,SNA,high_leverage,17115.49866024857,1.7430389813350264,0.5241627799885771,0.9999999957691328,48,3,2026-01-20
CDNS/PTC,CDNS,PTC,high_leverage,-13708.54999999996,-0.7897587019983211,0.5241627799885771,2.9385633756174853e-13,46,3,2026-01-20
EVRG/PCG,EVRG,PCG,high_leverage,-11031.26976709728,-0.6945858597164167,0.5241627799885771,6.185065739000288e-26,48,3,2026-01-20
AON/KKR,AON,KKR,high_leverage,6216.306067912529,0.335110974535712,0.5241627799885771,0.9999998734441161,50,3,2026-01-20
AIG/L,AIG,L,high_leverage,-7670.002890499605,-0.8578803392436257,0.5241627799885771,2.786321192296318e-07,44,3,2026-01-20
AON/BR,AON,BR,high_leverage,-492.1099303851561,-0.07331285392166062,0.5241627799885771,0.0001688705529844813,36,3,2026-01-20
HAS/YUM,HAS,YUM,default,7307.497805746279,0.7764706323363656,0.4117920742020511,0.9999999999372043,44,3,2026-01-20
CSCO/PAYC,CSCO,PAYC,default,9811.851708497492,0.9995684777800077,0.4117920742020511,0.9999999997319352,54,3,2026-01-20
UNP/VLTO,UNP,VLTO,default,6405.319543778727,1.0112991341574598,0.4117920742020511,1.0,60,3,2026-01-20
EXR/WY,EXR,WY,default,9348.938668074781,0.9323201812506584,0.4117920742020511,0.999999999995699,54,3,2026-01-20
CME/DE,CME,DE,default,11934.75353934305,1.3489651809571581,0.4117920742020511,1.0,58,3,2026-01-20
BIIB/HCA,BIIB,HCA,default,5696.83815832356,0.5127750154997143,0.4117920742020511,0.9999999986618364,56,3,2026-01-20
TXT/YUM,TXT,YUM,default,-1256.875502176885,-0.15463311241643418,0.4117920742020511,1.0406419824155719e-07,58,3,2026-01-20
AKAM/KEYS,AKAM,KEYS,default,8.319999999992433,0.0009700558440358708,0.4117920742020511,0.01871161808432301,44,3,2026-01-20
ATO/PCG,ATO,PCG,default,-3993.371928097639,-0.4630977404957423,0.4117920742020511,6.54962136407149e-13,54,3,2026-01-20
RTX/SNA,RTX,SNA,default,11333.19147743697,1.7441468344041757,0.4117920742020511,0.9999999931918161,48,3,2026-01-20
CDNS/PTC,CDNS,PTC,default,-1522.650000000008,-0.14425154870258944,0.4117920742020511,1.0680991959763214e-05,50,3,2026-01-20
EVRG/PCG,EVRG,PCG,default,-6085.476496993048,-0.6787232500349666,0.4117920742020511,3.7733492896934686e-18,62,3,2026-01-20
AON/KKR,AON,KKR,default,1945.947866852071,0.16400526386579273,0.4117920742020511,0.9229714039747788,50,3,2026-01-20
AIG/L,AIG,L,default,-5474.788866063529,-0.9625914956557262,0.4117920742020511,9.708537166599076e-07,42,3,2026-01-20
AON/BR,AON,BR,default,-992.4101083889091,-0.2274806478894938,0.4117920742020511,7.065523602103631e-10,36,3,2026-01-20
HAS/YUM,HAS,YUM,aggressive,23278.03268796393,1.1982140348994494,0.4028037355629087,0.999998956471864,82,3,2026-01-20
CSCO/PAYC,CSCO,PAYC,aggressive,14250.63980464036,0.7409107209058343,0.4028037355629087,0.9999999992498836,84,3,2026-01-20
UNP/VLTO,UNP,VLTO,aggressive,-4626.148287336864,-0.3753378881520941,0.4028037355629087,1.2124972669654354e-20,86,3,2026-01-20
EXR/WY,EXR,WY,aggressive,5429.423121111031,0.3318866994112779,0.4028037355629087,0.9999993369516725,88,3,2026-01-20
CME/DE,CME,DE,aggressive,23629.62082420615,1.4513418021883244,0.4028037355629087,1.0,80,3,2026-01-20
BIIB/HCA,BIIB,HCA,aggressive,23241.01101367712,1.1263424691083286,0.4028037355629087,1.0,108,3,2026-01-20
TXT/YUM,TXT,YUM,aggressive,3500.586875217624,0.23760401077759388,0.4028037355629087,0.9981007619229996,94,3,2026-01-20
AKAM/KEYS,AKAM,KEYS,aggressive,13694.26000000001,0.5328214226851412,0.4028037355629087,0.999981075203296,68,3,2026-01-20
ATO/PCG,ATO,PCG,aggressive,-13554.45378391323,-0.7553828206992356,0.4028037355629087,1.2445730222512962e-29,80,3,2026-01-20
RTX/SNA,RTX,SNA,aggressive,15077.81104651216,0.8839127333871457,0.4028037355629087,0.9999850731798445,88,3,2026-01-20
CDNS/PTC,CDNS,PTC,aggressive,-11346.99999999996,-0.545504770986197,0.4028037355629087,4.597813479143112e-18,92,3,2026-01-20
EVRG/PCG,EVRG,PCG,aggressive,-18436.39405046446,-1.0711412838897851,0.4028037355629087,5.799752287452861e-36,68,3,2026-01-20
AON/KKR,AON,KKR,aggressive,-5836.107693567948,-0.25277929880980754,0.4028037355629087,8.011669095077544e-11,92,3,2026-01-20
AIG/L,AIG,L,aggressive,-8110.31795948108,-0.7114934183291709,0.4028037355629087,2.7036433933199407e-13,92,3,2026-01-20
AON/BR,AON,BR,aggressive,-2227.55791700086,-0.16584138197554293,0.4028037355629087,2.346962905496299e-10,92,3,2026-01-20
HAS/YUM,HAS,YUM,static_threshold,11333.77380575674,0.9662702034930831,0.3753128314960483,1.0,84,3,2026-01-20
CSCO/PAYC,CSCO,PAYC,static_threshold,7968.757252369795,0.5986032832364913,0.3753128314960483,0.9999999997267688,100,3,2026-01-20
UNP/VLTO,UNP,VLTO,static_threshold,12862.15772394711,1.41087718470399,0.3753128314960483,1.0,92,3,2026-01-20
EXR/WY,EXR,WY,static_threshold,7256.926499156607,0.6868740032913528,0.3753128314960483,1.0,68,3,2026-01-20
CME/DE,CME,DE,static_threshold,21458.35386837309,1.5448761702087237,0.3753128314960483,0.9999999999995796,124,3,2026-01-20
BIIB/HCA,BIIB,HCA,static_threshold,16925.08853541824,1.2877969532765332,0.3753128314960483,1.0,96,3,2026-01-20
TXT/YUM,TXT,YUM,static_threshold,4870.762193566624,0.4353917449140391,0.3753128314960483,0.9999999680467225,82,3,2026-01-20
AKAM/KEYS,AKAM,KEYS,static_threshold,-10185.18999999997,-0.5607839167921186,0.3753128314960483,3.0124085941894976e-07,72,3,2026-01-20
ATO/PCG,ATO,PCG,static_threshold,-12729.44571396644,-1.145001055887465,0.3753128314960483,2.3163786268286325e-25,84,3,2026-01-20
RTX/SNA,RTX,SNA,static_threshold,10771.68692362457,0.9298649920402559,0.3753128314960483,0.9999889853974793,94,3,2026-01-20
CDNS/PTC,CDNS,PTC,static_threshold,-3545.249999999982,-0.3235510108843253,0.3753128314960483,1.7829628185217207e-09,70,3,2026-01-20
EVRG/PCG,EVRG,PCG,static_threshold,-12936.31594158012,-1.0870169525749436,0.3753128314960483,5.220222090942503e-38,98,3,2026-01-20
AON/KKR,AON,KKR,static_threshold,-4589.780400065116,-0.24358294395057123,0.3753128314960483,1.646656006018986e-07,90,3,2026-01-20
AIG/L,AIG,L,static_threshold,-4364.500412874716,-0.5343721849726817,0.3753128314960483,1.7049032799082125e-13,94,3,2026-01-20
AON/BR,AON,BR,static_threshold,2453.20544495197,0.29650811322458465,0.3753128314960483,0.9870844702721839,100,3,2026-01-20
HAS/YUM,HAS,YUM,vol_adaptive,6432.396541601268,0.523783579826188,0.3737799161527321,0.999972821908395,58,3,2026-01-20
CSCO/PAYC,CSCO,PAYC,vol_adaptive,4382.339921221105,0.42212850027168014,0.3737799161527321,0.9998795297551066,54,3,2026-01-20
UNP/VLTO,UNP,VLTO,vol_adaptive,-1127.240846249182,-0.15529622562202394,0.3737799161527321,6.539252546414727e-08,68,3,2026-01-20
EXR/WY,EXR,WY,vol_adaptive,12759.82157947571,1.210251389471799,0.3737799161527321,0.9999999999999788,56,3,2026-01-20
CME/DE,CME,DE,vol_adaptive,17113.14708942094,1.676777820203433,0.3737799161527321,0.9999999999999958,60,3,2026-01-20
BIIB/HCA,BIIB,HCA,vol_adaptive,6074.980684953649,0.5403689805478855,0.3737799161527321,0.9999999954495831,80,3,2026-01-20
TXT/YUM,TXT,YUM,vol_adaptive,3675.019905484332,0.4317094442770819,0.3737799161527321,0.9999999356484564,72,3,2026-01-20
AKAM/KEYS,AKAM,KEYS,vol_adaptive,11612.64000000002,1.2582739488383754,0.3737799161527321,0.9999999494802475,56,3,2026-01-20
ATO/PCG,ATO,PCG,vol_adaptive,-4881.91266497092,-0.6061815174542207,0.3737799161527321,1.9413039144173447e-27,62,3,2026-01-20
RTX/SNA,RTX,SNA,vol_adaptive,566.7238700539378,0.0938137180684914,0.3737799161527321,0.43549292259687516,60,3,2026-01-20
CDNS/PTC,CDNS,PTC,vol_adaptive,3481.075,0.29663521753257166,0.3737799161527321,0.9998248641171281,78,3,2026-01-20
EVRG/PCG,EVRG,PCG,vol_adaptive,-1091.181101794681,-0.13704749525597915,0.3737799161527321,1.0504233079418179e-08,58,3,2026-01-20
AON/KKR,AON,KKR,vol_adaptive,-9788.365524626031,-0.699399290671082,0.3737799161527321,1.651497318819238e-20,70,3,2026-01-20
AIG/L,AIG,L,vol_adaptive,-4194.156950609869,-0.5428775010195698,0.3737799161527321,3.627263986720037e-10,62,3,2026-01-20
AON/BR,AON,BR,vol_adaptive,-1862.177512243969,-0.2543721478274635,0.3737799161527321,8.200923510359364e-13,60,3,2026-01-20
HAS/YUM,HAS,YUM,slow_reentry,6583.991832426669,0.7093144643156756,0.3728190573231965,0.9999999996973331,38,3,2026-01-20
CSCO/PAYC,CSCO,PAYC,slow_reentry,9437.806714268081,0.9684708339949931,0.3728190573231965,0.9999999995007068,52,3,2026-01-20
UNP/VLTO,UNP,VLTO,slow_reentry,4511.044743017177,0.7363622554077837,0.3728190573231965,0.999999999999997,54,3,2026-01-20
EXR/WY,EXR,WY,slow_reentry,7122.539954591357,0.7757266011017762,0.3728190573231965,0.9999999955207307,46,3,2026-01-20
CME/DE,CME,DE,slow_reentry,11281.4667307893,1.325297603138166,0.3728190573231965,1.0,56,3,2026-01-20
BIIB/HCA,BIIB,HCA,slow_reentry,5524.880348707265,0.4973369278192573,0.3728190573231965,0.9999999969933779,54,3,2026-01-20
TXT/YUM,TXT,YUM,slow_reentry,371.596094548604,0.04517571979247016,0.3728190573231965,0.12404686359059763,58,3,2026-01-20
AKAM/KEYS,AKAM,KEYS,slow_reentry,228.5600000000015,0.028054563266662925,0.3728190573231965,0.05435680651824337,34,3,2026-01-20
ATO/PCG,ATO,PCG,slow_reentry,-5712.633907163511,-0.8005982480000426,0.3728190573231965,1.1807695003091532e-14,40,3,2026-01-20
RTX/SNA,RTX,SNA,slow_reentry,10837.80446954474,1.644246833092071,0.3728190573231965,0.9999999954042399,46,3,2026-01-20
CDNS/PTC,CDNS,PTC,slow_reentry,-3390.090000000015,-0.3254662174053772,0.3728190573231965,1.5819095978809183e-08,48,3,2026-01-20
EVRG/PCG,EVRG,PCG,slow_reentry,-4734.621683252275,-0.6842198195428856,0.3728190573231965,5.7782356467210395e-15,38,3,2026-01-20
AON/KKR,AON,KKR,slow_reentry,1318.892469110179,0.12183422942160901,0.3728190573231965,0.6733379097654096,44,3,2026-01-20
AIG/L,AIG,L,slow_reentry,-1030.112183918366,-0.1991127212308452,0.3728190573231965,0.00026970587154150587,40,3,2026-01-20
AON/BR,AON,BR,slow_reentry,-982.9629673826103,-0.22501340469559306,0.3728190573231965,9.154370075690325e-10,36,3,2026-01-20
HAS/YUM,HAS,YUM,vol_gated,4716.883851898797,0.41385140449240654,0.3339989582287962,0.9997556352317536,56,3,2026-01-20
CSCO/PAYC,CSCO,PAYC,vol_gated,2194.8408916605,0.21852314523475666,0.3339989582287962,0.9609236134342292,48,3,2026-01-20
UNP/VLTO,UNP,VLTO,vol_gated,-38.00159150880245,-0.005453300268268523,0.3339989582287962,0.013426380189745858,66,3,2026-01-20
EXR/WY,EXR,WY,vol_gated,9299.113421861832,0.9234746063968177,0.3339989582287962,0.9999999999975985,52,3,2026-01-20
CME/DE,CME,DE,vol_gated,15752.57173306079,1.565157078729325,0.3339989582287962,0.9999999999999785,56,3,2026-01-20
BIIB/HCA,BIIB,HCA,vol_gated,3890.854276571781,0.3523530693038933,0.3339989582287962,0.9999566057106751,76,3,2026-01-20
TXT/YUM,TXT,YUM,vol_gated,2981.434946384127,0.3595506230475241,0.3339989582287962,0.9999918126163795,68,3,2026-01-20
AKAM/KEYS,AKAM,KEYS,vol_gated,12370.28,1.3493364045823941,0.3339989582287962,0.9999999291292001,54,3,2026-01-20
ATO/PCG,ATO,PCG,vol_gated,-4268.608319980687,-0.533039043484284,0.3339989582287962,6.1063278697547266e-27,58,3,2026-01-20
RTX/SNA,RTX,SNA,vol_gated,658.6275772321692,0.11089282577731302,0.3339989582287962,0.5763243561469013,58,3,2026-01-20
CDNS/PTC,CDNS,PTC,vol_gated,7188.105000000012,0.6130971210121483,0.3339989582287962,0.9999999999280424,76,3,2026-01-20
EVRG/PCG,EVRG,PCG,vol_gated,-1090.171949336489,-0.13687155285061414,0.3339989582287962,1.0833776582450124e-08,58,3,2026-01-20
AON/KKR,AON,KKR,vol_gated,-8959.841689721394,-0.674930425769158,0.3339989582287962,5.7189334579161376e-18,62,3,2026-01-20
AIG/L,AIG,L,vol_gated,-1236.208838307429,-0.17045807197620375,0.3339989582287962,1.6330443712897706e-07,60,3,2026-01-20
AON/BR,AON,BR,vol_gated,-2342.105029758812,-0.3213672582196485,0.3339989582287962,2.271855756015883e-12,58,3,2026-01-20
HAS/YUM,HAS,YUM,tight_stop,5196.207623141427,0.5447302868524879,0.1721836889742163,0.9999999999690804,54,3,2026-01-20
CSCO/PAYC,CSCO,PAYC,tight_stop,3956.965753725892,0.3828344430808692,0.1721836889742163,0.9999985156720971,64,3,2026-01-20
UNP/VLTO,UNP,VLTO,tight_stop,1960.561131051401,0.2979965777641907,0.1721836889742163,0.9975559048586785,54,3,2026-01-20
EXR/WY,EXR,WY,tight_stop,10287.98859395573,1.1484088441508653,0.1721836889742163,0.9999999937877763,52,3,2026-01-20
CME/DE,CME,DE,tight_stop,10319.96933585377,1.2319299149955227,0.1721836889742163,1.0,60,3,2026-01-20
BIIB/HCA,BIIB,HCA,tight_stop,4965.112845357704,0.4510983873230458,0.1721836889742163,0.999999965527714,60,3,2026-01-20
TXT/YUM,TXT,YUM,tight_stop,-882.8028163428826,-0.13074132131365748,0.1721836889742163,2.067345305422029e-06,62,3,2026-01-20
AKAM/KEYS,AKAM,KEYS,tight_stop,-5051.209999999994,-0.8088767581762789,0.1721836889742163,1.2161561765733565e-18,44,3,2026-01-20
ATO/PCG,ATO,PCG,tight_stop,-3379.110456602327,-0.4350232877175668,0.1721836889742163,9.55354095037952e-16,60,3,2026-01-20
RTX/SNA,RTX,SNA,tight_stop,7792.302057123175,1.1437434822909684,0.1721836889742163,0.9999999973095598,50,3,2026-01-20
CDNS/PTC,CDNS,PTC,tight_stop,-4413.759999999975,-0.4156614723870168,0.1721836889742163,6.230292555904696e-10,52,3,2026-01-20
EVRG/PCG,EVRG,PCG,tight_stop,-4883.678626022052,-0.6282533074578257,0.1721836889742163,1.0751805380789503e-15,60,3,2026-01-20
AON/KKR,AON,KKR,tight_stop,6567.392891163849,0.7047319185650526,0.1721836889742163,0.9999999999976305,48,3,2026-01-20
AIG/L,AIG,L,tight_stop,1749.713845508629,0.36070482226099787,0.1721836889742163,0.9998893680004902,44,3,2026-01-20
AON/BR,AON,BR,tight_stop,280.1666456261546,0.06664750915873406,0.1721836889742163,0.2398196830933768,38,3,2026-01-20
HAS/YUM,HAS,YUM,vol_agnostic,7168.249332717012,0.5845293521391752,0.1640921969888148,0.9999999999999999,84,3,2026-01-20
CSCO/PAYC,CSCO,PAYC,vol_agnostic,11749.46578769646,0.8969405175578647,0.1640921969888148,1.0,92,3,2026-01-20
UNP/VLTO,UNP,VLTO,vol_agnostic,11990.26794177093,1.4627158433776533,0.1640921969888148,1.0,88,3,2026-01-20
EXR/WY,EXR,WY,vol_agnostic,17742.44722943057,1.4374024271298294,0.1640921969888148,1.0,74,3,2026-01-20
CME/DE,CME,DE,vol_agnostic,26996.10423340687,2.0144891503858893,0.1640921969888148,0.9999999999999999,108,3,2026-01-20
BIIB/HCA,BIIB,HCA,vol_agnostic,15146.05422931253,1.0551762605329051,0.1640921969888148,1.0,106,3,2026-01-20
TXT/YUM,TXT,YUM,vol_agnostic,-1559.327511585757,-0.13854929657898718,0.1640921969888148,6.726198562732365e-07,78,3,2026-01-20
AKAM/KEYS,AKAM,KEYS,vol_agnostic,-8355.73,-0.46452131792827417,0.1640921969888148,2.3839603649560103e-07,64,3,2026-01-20
ATO/PCG,ATO,PCG,vol_agnostic,-16827.12712456478,-1.3659210916819469,0.1640921969888148,1.1697321040562221e-33,66,3,2026-01-20
RTX/SNA,RTX,SNA,vol_agnostic,15974.54991392201,1.356077976202224,0.1640921969888148,0.9999981629929765,80,3,2026-01-20
CDNS/PTC,CDNS,PTC,vol_agnostic,-6979.36999999999,-0.5378727733704977,0.1640921969888148,3.205483406054382e-17,74,3,2026-01-20
EVRG/PCG,EVRG,PCG,vol_agnostic,-21529.02391602867,-1.5434516858554985,0.1640921969888148,3.714621337002961e-29,70,3,2026-01-20
AON/KKR,AON,KKR,vol_agnostic,-5289.603936216985,-0.264768921105141,0.1640921969888148,1.933765791559687e-08,94,3,2026-01-20
AIG/L,AIG,L,vol_agnostic,-3898.074600034043,-0.4534176270716645,0.1640921969888148,1.0604386993994403e-12,88,3,2026-01-20
AON/BR,AON,BR,vol_agnostic,-5536.321886673279,-0.6028530193525429,0.1640921969888148,8.038345031435471e-20,104,3,2026-01-20
HAS/YUM,HAS,YUM,patient_hold,10440.4538722203,1.2972375428681582,0.0868319525738393,0.9999999999149146,30,3,2026-01-20
CSCO/PAYC,CSCO,PAYC,patient_hold,9252.579690114968,1.0648433545000295,0.0868319525738393,0.999999809002912,34,3,2026-01-20
UNP/VLTO,UNP,VLTO,patient_hold,2708.932273975466,0.4296003879966458,0.0868319525738393,0.9999559159373765,36,3,2026-01-20
EXR/WY,EXR,WY,patient_hold,3876.854612795757,0.5523392470823666,0.0868319525738393,0.9999999999969392,26,3,2026-01-20
CME/DE,CME,DE,patient_hold,5644.657908642427,0.7257177907922824,0.0868319525738393,0.9999999999944559,40,3,2026-01-20
BIIB/HCA,BIIB,HCA,patient_hold,2848.631467804124,0.33246314327395377,0.0868319525738393,0.999935201901168,34,3,2026-01-20
TXT/YUM,TXT,YUM,patient_hold,-2321.799037088616,-0.3554227528428973,0.0868319525738393,1.233548418878551e-15,36,3,2026-01-20
AKAM/KEYS,AKAM,KEYS,patient_hold,2475.659999999987,0.3064374634213738,0.0868319525738393,0.9991423685341745,28,3,2026-01-20
ATO/PCG,ATO,PCG,patient_hold,-6361.025364956964,-0.6730997321125527,0.0868319525738393,4.878807463234675e-27,38,3,2026-01-20
RTX/SNA,RTX,SNA,patient_hold,7673.919116792444,1.684566351037363,0.0868319525738393,0.9999999999921272,40,3,2026-01-20
CDNS/PTC,CDNS,PTC,patient_hold,1336.014999999968,0.16245724554629012,0.0868319525738393,0.9009361126449658,32,3,2026-01-20
EVRG/PCG,EVRG,PCG,patient_hold,-6612.020945628195,-0.6529512172165318,0.0868319525738393,1.7560786579591998e-24,40,3,2026-01-20
AON/KKR,AON,KKR,patient_hold,31.45088082721804,0.0030828155095155227,0.0868319525738393,0.020559550719566506,34,3,2026-01-20
AIG/L,AIG,L,patient_hold,-2325.204476165216,-0.3910489115872538,0.0868319525738393,3.279937695471557e-07,38,3,2026-01-20
AON/BR,AON,BR,patient_hold,2764.593611675187,0.7652147157356284,0.0868319525738393,0.9999694509531498,22,3,2026-01-20
HAS/YUM,HAS,YUM,medium_signal_high_leverage,12728.85674529383,0.8367573742882709,0.0859526713336828,0.9999999999944739,58,3,2026-01-20
CSCO/PAYC,CSCO,PAYC,medium_signal_high_leverage,19008.59910155542,1.187155413057892,0.0859526713336828,0.9999999999456308,52,3,2026-01-20
UNP/VLTO,UNP,VLTO,medium_signal_high_leverage,4878.858622232323,0.44101329826028157,0.0859526713336828,0.999980194245147,50,3,2026-01-20
EXR/WY,EXR,WY,medium_signal_high_leverage,7353.320569451577,0.5451837677149678,0.0859526713336828,0.9999999999706057,46,3,2026-01-20
CME/DE,CME,DE,medium_signal_high_leverage,17300.17480067523,1.1862299108738505,0.0859526713336828,0.9999999999999986,54,3,2026-01-20
BIIB/HCA,BIIB,HCA,medium_signal_high_leverage,15103.23886236782,0.8983347932189356,0.0859526713336828,0.9999999999999999,62,3,2026-01-20
TXT/YUM,TXT,YUM,medium_signal_high_leverage,4756.951814216372,0.3873314107608674,0.0859526713336828,0.9999989611945558,58,3,2026-01-20
AKAM/KEYS,AKAM,KEYS,medium_signal_high_leverage,11423.51999999997,0.847724641987354,0.0859526713336828,0.9999996195775571,38,3,2026-01-20
ATO/PCG,ATO,PCG,medium_signal_high_leverage,-8743.274360436035,-0.6179037404840682,0.0859526713336828,3.3417058112040093e-25,42,3,2026-01-20
RTX/SNA,RTX,SNA,medium_signal_high_leverage,-7923.837944646916,-0.7573871368445935,0.0859526713336828,2.0561508834267524e-16,54,3,2026-01-20
CDNS/PTC,CDNS,PTC,medium_signal_high_leverage,-6151.045000000026,-0.362170048072999,0.0859526713336828,3.0572421304326816e-11,50,3,2026-01-20
EVRG/PCG,EVRG,PCG,medium_signal_high_leverage,-13861.44557586006,-0.9185844546700803,0.0859526713336828,1.769566492069604e-27,46,3,2026-01-20
AON/KKR,AON,KKR,medium_signal_high_leverage,-6861.401523237339,-0.3514374315350268,0.0859526713336828,2.375639422365231e-13,52,3,2026-01-20
AIG/L,AIG,L,medium_signal_high_leverage,-6656.247051710985,-0.6824180448562365,0.0859526713336828,3.31522573409608e-09,54,3,2026-01-20
AON/BR,AON,BR,medium_signal_high_leverage,-10125.19769202874,-0.9125160344537784,0.0859526713336828,8.613884260926049e-09,50,3,2026-01-20
HAS/YUM,HAS,YUM,deep_entry_quick_exit,12698.64792609349,1.9284805331129646,0.0544070714124075,0.9999977662729111,20,3,2026-01-20
CSCO/PAYC,CSCO,PAYC,deep_entry_quick_exit,4010.136770694763,0.48681815895621566,0.0544070714124075,0.9999511574999151,20,3,2026-01-20
UNP/VLTO,UNP,VLTO,deep_entry_quick_exit,4219.966389312553,0.7663976532214665,0.0544070714124075,0.9999999968484777,22,3,2026-01-20
EXR/WY,EXR,WY,deep_entry_quick_exit,2126.443643089226,0.4782992011086915,0.0544070714124075,0.999995357679519,14,3,2026-01-20
CME/DE,CME,DE,deep_entry_quick_exit,4866.804879697616,0.7320896084960405,0.0544070714124075,0.999999955136201,24,3,2026-01-20
BIIB/HCA,BIIB,HCA,deep_entry_quick_exit,-2205.849712034115,-0.2810823992324548,0.0544070714124075,4.757866532975336e-10,26,3,2026-01-20
TXT/YUM,TXT,YUM,deep_entry_quick_exit,3474.559933913662,0.49147220523595886,0.0544070714124075,0.9999999809079201,28,3,2026-01-20
AKAM/KEYS,AKAM,KEYS,deep_entry_quick_exit,3131.299999999991,0.4624996072486749,0.0544070714124075,0.997768642308512,12,3,2026-01-20
ATO/PCG,ATO,PCG,deep_entry_quick_exit,-2760.062010653905,-0.49331268383048943,0.0544070714124075,7.405138884676456e-11,28,3,2026-01-20
RTX/SNA,RTX,SNA,deep_entry_quick_exit,289.8947258842677,0.07383318096972849,0.0544070714124075,0.29342762269089734,18,3,2026-01-20
CDNS/PTC,CDNS,PTC,deep_entry_quick_exit,8125.229999999978,0.8180359583309509,0.0544070714124075,0.9999996660298479,20,3,2026-01-20
EVRG/PCG,EVRG,PCG,deep_entry_quick_exit,-3763.900031121641,-0.5031621960642279,0.0544070714124075,9.32958622522005e-16,30,3,2026-01-20
AON/KKR,AON,KKR,deep_entry_quick_exit,-3879.523886098248,-0.6112468689216186,0.0544070714124075,2.1749594632510203e-15,20,3,2026-01-20
AIG/L,AIG,L,deep_entry_quick_exit,-1659.532332605345,-0.3976899875950248,0.0544070714124075,6.163226830893732e-13,20,3,2026-01-20
AON/BR,AON,BR,deep_entry_quick_exit,1543.992310299745,0.4753385643681272,0.0544070714124075,0.9991840183647721,10,3,2026-01-20
HAS/YUM,HAS,YUM,fast_signal_tight_stop,-6248.746362058692,-0.631718177486007,0.0168788301804262,1.536294880199178e-09,62,3,2026-01-20
CSCO/PAYC,CSCO,PAYC,fast_signal_tight_stop,-112.3715692015621,-0.009801587984992179,0.0168788301804262,0.01087806209920188,50,3,2026-01-20
UNP/VLTO,UNP,VLTO,fast_signal_tight_stop,-1907.59317299089,-0.29626850147175177,0.0168788301804262,6.452802241760936e-13,60,3,2026-01-20
EXR/WY,EXR,WY,fast_signal_tight_stop,3569.522608629663,0.47447836498715756,0.0168788301804262,0.9999999655571238,66,3,2026-01-20
CME/DE,CME,DE,fast_signal_tight_stop,7582.895356218913,0.9093133600197492,0.0168788301804262,0.9999999999999998,56,3,2026-01-20
BIIB/HCA,BIIB,HCA,fast_signal_tight_stop,5045.248374570438,0.5659438270110833,0.0168788301804262,0.9999999645881453,54,3,2026-01-20
TXT/YUM,TXT,YUM,fast_signal_tight_stop,3272.330737441304,0.4010116723662901,0.0168788301804262,0.9998048599641918,56,3,2026-01-20
AKAM/KEYS,AKAM,KEYS,fast_signal_tight_stop,-833.3800000000283,-0.12158142427639793,0.0168788301804262,0.00013277465611209768,46,3,2026-01-20
ATO/PCG,ATO,PCG,fast_signal_tight_stop,9424.151273459069,1.0525647222247079,0.0168788301804262,0.9999999997057921,64,3,2026-01-20
RTX/SNA,RTX,SNA,fast_signal_tight_stop,10643.24448162269,1.5023768855322153,0.0168788301804262,0.9999999769553621,62,3,2026-01-20
CDNS/PTC,CDNS,PTC,fast_signal_tight_stop,-3016.959999999993,-0.3323812143001036,0.0168788301804262,6.096490023472208e-07,60,3,2026-01-20
EVRG/PCG,EVRG,PCG,fast_signal_tight_stop,-5591.634592290083,-0.6950245036623535,0.0168788301804262,2.5386880753778754e-20,60,3,2026-01-20
AON/KKR,AON,KKR,fast_signal_tight_stop,7972.786964122293,0.5329338338234901,0.0168788301804262,0.9999997239632701,58,3,2026-01-20
AIG/L,AIG,L,fast_signal_tight_stop,1940.989039379093,0.2663699954238679,0.0168788301804262,0.9796392438542607,48,3,2026-01-20
AON/BR,AON,BR,fast_signal_tight_stop,-2777.365964434859,-0.3739811052717571,0.0168788301804262,4.867631929564099e-12,78,3,2026-01-20
HAS/YUM,HAS,YUM,quick_exit,5402.218198933918,0.5660481779635659,-0.0619560437093307,0.9999999999843244,48,3,2026-01-20
CSCO/PAYC,CSCO,PAYC,quick_exit,3997.517515000779,0.3871916908582854,-0.0619560437093307,0.9999987681816608,64,3,2026-01-20
UNP/VLTO,UNP,VLTO,quick_exit,2722.763401986391,0.41276566778645696,-0.0619560437093307,0.9999219864809472,54,3,2026-01-20
EXR/WY,EXR,WY,quick_exit,8502.994144204617,0.9977355395223707,-0.0619560437093307,0.9999999323770978,52,3,2026-01-20
CME/DE,CME,DE,quick_exit,5896.536945511021,0.7026983115734264,-0.0619560437093307,0.9999999999999678,64,3,2026-01-20
BIIB/HCA,BIIB,HCA,quick_exit,5282.476404848211,0.48110891301543696,-0.0619560437093307,0.999999992892878,60,3,2026-01-20
TXT/YUM,TXT,YUM,quick_exit,-337.6092396382087,-0.05168345075191471,-0.0619560437093307,0.0008720164388218906,62,3,2026-01-20
AKAM/KEYS,AKAM,KEYS,quick_exit,-6199.029999999997,-0.976064545373037,-0.0619560437093307,1.2585622782347334e-18,44,3,2026-01-20
ATO/PCG,ATO,PCG,quick_exit,-4715.974797954766,-0.5992602038196109,-0.0619560437093307,1.7101226049797436e-15,58,3,2026-01-20
RTX/SNA,RTX,SNA,quick_exit,8497.270965072492,1.213065803814767,-0.0619560437093307,0.999999999581125,50,3,2026-01-20
CDNS/PTC,CDNS,PTC,quick_exit,-4246.63000000001,-0.42131551438798415,-0.0619560437093307,7.984142068620498e-09,50,3,2026-01-20
EVRG/PCG,EVRG,PCG,quick_exit,-6676.877997384779,-0.8577521116837517,-0.0619560437093307,9.909021125159253e-15,64,3,2026-01-20
AON/KKR,AON,KKR,quick_exit,6706.878615101787,0.7281140891182555,-0.0619560437093307,0.9999999999971187,50,3,2026-01-20
AIG/L,AIG,L,quick_exit,1237.698481220116,0.25288949463635446,-0.0619560437093307,0.9993748307068061,42,3,2026-01-20
AON/BR,AON,BR,quick_exit,308.163830429583,0.08757003616488458,-0.0619560437093307,0.3884318424437414,36,3,2026-01-20
HAS/YUM,HAS,YUM,long_z_short_v,-3547.989673639118,-0.440243200107394,-0.0852044227576338,6.004837181828297e-09,48,3,2026-01-20
CSCO/PAYC,CSCO,PAYC,long_z_short_v,10412.5963261762,1.054642454353971,-0.0852044227576338,0.9999999997332717,46,3,2026-01-20
UNP/VLTO,UNP,VLTO,long_z_short_v,9414.967557660078,1.4709084901741722,-0.0852044227576338,1.0,50,3,2026-01-20
EXR/WY,EXR,WY,long_z_short_v,2547.948162147606,0.3822900261666156,-0.0852044227576338,0.9999904849934045,36,3,2026-01-20
CME/DE,CME,DE,long_z_short_v,13809.25888699562,1.7113031017011922,-0.0852044227576338,0.9999999999856408,46,3,2026-01-20
BIIB/HCA,BIIB,HCA,long_z_short_v,4172.42521775718,0.48112845685229316,-0.0852044227576338,0.9999990695198157,32,3,2026-01-20
TXT/YUM,TXT,YUM,long_z_short_v,-2561.967917351418,-0.3272024272992252,-0.0852044227576338,8.359408729284826e-18,42,3,2026-01-20
AKAM/KEYS,AKAM,KEYS,long_z_short_v,2887.359999999977,0.2494568112795162,-0.0852044227576338,0.9523072157637353,32,3,2026-01-20
ATO/PCG,ATO,PCG,long_z_short_v,-7175.079713426556,-0.712277528315347,-0.0852044227576338,2.959103474385842e-27,38,3,2026-01-20
RTX/SNA,RTX,SNA,long_z_short_v,3519.538367306476,0.513690926299833,-0.0852044227576338,0.9999922702853234,44,3,2026-01-20
CDNS/PTC,CDNS,PTC,long_z_short_v,3893.339999999983,0.39659766899621696,-0.0852044227576338,0.9999998673777393,38,3,2026-01-20
EVRG/PCG,EVRG,PCG,long_z_short_v,-16552.1989639291,-1.728488704177945,-0.0852044227576338,1.975751432369891e-25,40,3,2026-01-20
AON/KKR,AON,KKR,long_z_short_v,6780.290543158151,0.46430530917588764,-0.0852044227576338,0.999998336463833,42,3,2026-01-20
AIG/L,AIG,L,long_z_short_v,-1598.022453653843,-0.3025725593973257,-0.0852044227576338,3.5136337920847836e-05,36,3,2026-01-20
AON/BR,AON,BR,long_z_short_v,-979.068583104663,-0.1779713804567496,-0.0852044227576338,9.724918448617045e-07,46,3,2026-01-20
HAS/YUM,HAS,YUM,symmetric_exit,5116.793132509618,0.7248962492300645,-0.2906002488941495,0.9999999171887795,30,3,2026-01-20
CSCO/PAYC,CSCO,PAYC,symmetric_exit,1700.450442743535,0.25518661011320537,-0.2906002488941495,0.9944644048378551,42,3,2026-01-20
UNP/VLTO,UNP,VLTO,symmetric_exit,4347.294063518808,0.7082946879949423,-0.2906002488941495,0.9999999999908337,44,3,2026-01-20
EXR/WY,EXR,WY,symmetric_exit,5447.322745141284,0.9028341693019784,-0.2906002488941495,0.9999999999952863,34,3,2026-01-20
CME/DE,CME,DE,symmetric_exit,6617.372732262831,0.9325968705266127,-0.2906002488941495,0.9999999998458872,42,3,2026-01-20
BIIB/HCA,BIIB,HCA,symmetric_exit,852.465709194341,0.093654654330927,-0.2906002488941495,0.43682994368123906,48,3,2026-01-20
TXT/YUM,TXT,YUM,symmetric_exit,1405.061965894329,0.221584051423043,-0.2906002488941495,0.9835601860369455,44,3,2026-01-20
AKAM/KEYS,AKAM,KEYS,symmetric_exit,1560.249999999993,0.20184573528607969,-0.2906002488941495,0.9725686127495089,28,3,2026-01-20
ATO/PCG,ATO,PCG,symmetric_exit,-7556.817866331916,-1.1306669549088317,-0.2906002488941495,2.3894388867184105e-13,50,3,2026-01-20
RTX/SNA,RTX,SNA,symmetric_exit,6668.28646059117,1.2560602238867469,-0.2906002488941495,0.9999757325038718,40,3,2026-01-20
CDNS/PTC,CDNS,PTC,symmetric_exit,1648.25999999999,0.18397009184836335,-0.2906002488941495,0.975181056653947,42,3,2026-01-20
EVRG/PCG,EVRG,PCG,symmetric_exit,2967.731636787501,0.3472759465861943,-0.2906002488941495,0.9993031654751037,54,3,2026-01-20
AON/KKR,AON,KKR,symmetric_exit,-2408.373121238318,-0.278871139528791,-0.2906002488941495,3.628726702960539e-08,36,3,2026-01-20
AIG/L,AIG,L,symmetric_exit,-4761.222970073724,-1.137508015531663,-0.2906002488941495,2.295890671597151e-18,40,3,2026-01-20
AON/BR,AON,BR,symmetric_exit,-2788.29791374432,-1.0279898781003345,-0.2906002488941495,1.0350263127009127e-08,22,3,2026-01-20
HAS/YUM,HAS,YUM,no_leverage,3623.985339576237,0.7759878947337956,-0.3608913940086922,0.9999999999159797,44,3,2026-01-20
CSCO/PAYC,CSCO,PAYC,no_leverage,4883.693625152462,1.007727089780614,-0.3608913940086922,0.9999999997146175,54,3,2026-01-20
UNP/VLTO,UNP,VLTO,no_leverage,3165.81461341797,1.012468767414365,-0.3608913940086922,1.0,60,3,2026-01-20
EXR/WY,EXR,WY,no_leverage,4618.409011236712,0.9344480379447763,-0.3608913940086922,0.9999999999962476,54,3,2026-01-20
CME/DE,CME,DE,no_leverage,5896.584014655552,1.3496612163521675,-0.3608913940086922,1.0,58,3,2026-01-20
BIIB/HCA,BIIB,HCA,no_leverage,2823.044928000104,0.5165303886617844,-0.3608913940086922,0.9999999990141119,56,3,2026-01-20
TXT/YUM,TXT,YUM,no_leverage,-606.0259881127001,-0.15109398872127736,-0.3608913940086922,1.5059750209989555e-07,58,3,2026-01-20
AKAM/KEYS,AKAM,KEYS,no_leverage,17.32999999999248,0.0040845924978138454,-0.3608913940086922,0.021252690948971822,44,3,2026-01-20
ATO/PCG,ATO,PCG,no_leverage,-1972.693806819418,-0.4620838598242568,-0.3608913940086922,7.856391210323077e-13,54,3,2026-01-20
RTX/SNA,RTX,SNA,no_leverage,5596.453142237609,1.746278865284751,-0.3608913940086922,0.9999999905275012,48,3,2026-01-20
CDNS/PTC,CDNS,PTC,no_leverage,-823.6850000000077,-0.15810811803770902,-0.3608913940086922,5.2131109637834345e-06,50,3,2026-01-20
EVRG/PCG,EVRG,PCG,no_leverage,-2998.243706957745,-0.6754756025606624,-0.3608913940086922,5.110826432579554e-18,62,3,2026-01-20
AON/KKR,AON,KKR,no_leverage,925.2634500933359,0.1576500465432422,-0.3608913940086922,0.8989668796022037,50,3,2026-01-20
AIG/L,AIG,L,no_leverage,-2702.439365917397,-0.9638633548541076,-0.3608913940086922,8.168958968971706e-07,42,3,2026-01-20
AON/BR,AON,BR,no_leverage,-477.1448806460457,-0.22138651545115867,-0.3608913940086922,1.2910284091287644e-09,36,3,2026-01-20
HAS/YUM,HAS,YUM,flash_hold,7521.100504175029,0.9253588309412327,-0.373616659363409,0.9999999788477596,126,3,2026-01-20
CSCO/PAYC,CSCO,PAYC,flash_hold,3597.151541206925,0.4836881606953007,-0.373616659363409,0.9999999855846787,126,3,2026-01-20
UNP/VLTO,UNP,VLTO,flash_hold,613.0132426179298,0.14228192837708167,-0.373616659363409,0.7767183445817386,128,3,2026-01-20
EXR/WY,EXR,WY,flash_hold,4800.734912014563,0.9577713328707381,-0.373616659363409,1.0,148,3,2026-01-20
CME/DE,CME,DE,flash_hold,3723.608009187095,0.5492233409650372,-0.373616659363409,0.9999999999994277,114,3,2026-01-20
BIIB/HCA,BIIB,HCA,flash_hold,12021.34352556657,1.7275348230159562,-0.373616659363409,1.0,132,3,2026-01-20
TXT/YUM,TXT,YUM,flash_hold,4554.616578164023,0.8023748281751203,-0.373616659363409,0.9999999999999987,126,3,2026-01-20
AKAM/KEYS,AKAM,KEYS,flash_hold,-7698.73999999999,-0.9531365786465337,-0.373616659363409,1.4113789482948829e-12,108,3,2026-01-20
ATO/PCG,ATO,PCG,flash_hold,1859.99023080316,0.32397162109744065,-0.373616659363409,0.999923987403796,160,3,2026-01-20
RTX/SNA,RTX,SNA,flash_hold,8461.246602771447,1.4580661420429721,-0.373616659363409,0.9999924091292338,116,3,2026-01-20
CDNS/PTC,CDNS,PTC,flash_hold,-8817.940000000013,-1.044405262227049,-0.373616659363409,7.604488983577355e-10,126,3,2026-01-20
EVRG/PCG,EVRG,PCG,flash_hold,-8040.682350824041,-1.235292217518441,-0.373616659363409,1.0564080270728533e-23,166,3,2026-01-20
AON/KKR,AON,KKR,flash_hold,5008.89189185467,0.5211973951743065,-0.373616659363409,0.9999999998123171,146,3,2026-01-20
AIG/L,AIG,L,flash_hold,-3690.697280279196,-0.769692210649953,-0.373616659363409,9.875384671528888e-23,152,3,2026-01-20
AON/BR,AON,BR,flash_hold,-5359.135646531054,-1.1299214369104005,-0.373616659363409,2.831976497289073e-17,136,3,2026-01-20
HAS/YUM,HAS,YUM,balanced_plus,9136.025194432146,0.9927133365475799,-0.4231324999420073,0.9999999987795712,48,3,2026-01-20
CSCO/PAYC,CSCO,PAYC,balanced_plus,1850.525727050237,0.180275552236414,-0.4231324999420073,0.8928414809396195,54,3,2026-01-20
UNP/VLTO,UNP,VLTO,balanced_plus,-4801.232536602483,-0.6855122846275544,-0.4231324999420073,6.461668170418826e-20,54,3,2026-01-20
EXR/WY,EXR,WY,balanced_plus,8614.570809061912,0.9770854290156175,-0.4231324999420073,1.0,48,3,2026-01-20
CME/DE,CME,DE,balanced_plus,11526.62310215206,1.177719457379031,-0.4231324999420073,0.9999999999999993,54,3,2026-01-20
BIIB/HCA,BIIB,HCA,balanced_plus,11132.23153142742,1.1283730192505375,-0.4231324999420073,1.0,58,3,2026-01-20
TXT/YUM,TXT,YUM,balanced_plus,-3659.041144010734,-0.45706700877042206,-0.4231324999420073,1.3175538071198133e-22,66,3,2026-01-20
AKAM/KEYS,AKAM,KEYS,balanced_plus,11972.28999999999,0.8977682312028994,-0.4231324999420073,0.9998841158762986,50,3,2026-01-20
ATO/PCG,ATO,PCG,balanced_plus,-3194.374399951466,-0.3535463668089989,-0.4231324999420073,3.877311049209307e-16,64,3,2026-01-20
RTX/SNA,RTX,SNA,balanced_plus,-3079.782222864474,-0.4322666750687155,-0.4231324999420073,4.2511142311456275e-20,62,3,2026-01-20
CDNS/PTC,CDNS,PTC,balanced_plus,-3263.424999999996,-0.28257623911878826,-0.4231324999420073,2.387687283310302e-10,54,3,2026-01-20
EVRG/PCG,EVRG,PCG,balanced_plus,-8736.53870406827,-1.1233218178522446,-0.4231324999420073,1.158469697940638e-16,52,3,2026-01-20
AON/KKR,AON,KKR,balanced_plus,-9263.897640372707,-0.7468343591458924,-0.4231324999420073,4.5862253338431686e-23,56,3,2026-01-20
AIG/L,AIG,L,balanced_plus,76.01580243709316,0.010620498964109664,-0.4231324999420073,0.03166101058403635,56,3,2026-01-20
AON/BR,AON,BR,balanced_plus,-6323.232810296156,-0.8123002552253762,-0.4231324999420073,1.1023167872687371e-10,58,3,2026-01-20
HAS/YUM,HAS,YUM,low_vol_specialist,13420.62832399942,1.3188974893208931,-0.4849442078001429,1.0,98,3,2026-01-20
CSCO/PAYC,CSCO,PAYC,low_vol_specialist,-4959.492355480708,-0.4040245999547055,-0.4849442078001429,4.3994683915995545e-23,112,3,2026-01-20
UNP/VLTO,UNP,VLTO,low_vol_specialist,1451.029606441452,0.18161823930794974,-0.4849442078001429,0.9306363218554017,98,3,2026-01-20
EXR/WY,EXR,WY,low_vol_specialist,6984.429363284371,0.680204638397746,-0.4849442078001429,0.9999999999996578,114,3,2026-01-20
CME/DE,CME,DE,low_vol_specialist,14996.05835579942,1.5803644351773485,-0.4849442078001429,1.0,96,3,2026-01-20
BIIB/HCA,BIIB,HCA,low_vol_specialist,349.6823624755161,0.02774728435110049,-0.4849442078001429,0.06333178922656046,102,3,2026-01-20
TXT/YUM,TXT,YUM,low_vol_specialist,806.1583738182344,0.07645424129904078,-0.4849442078001429,0.3166574576853629,98,3,2026-01-20
AKAM/KEYS,AKAM,KEYS,low_vol_specialist,-21253.69000000003,-1.0706886680738164,-0.4849442078001429,1.595856961437488e-08,84,3,2026-01-20
ATO/PCG,ATO,PCG,low_vol_specialist,-6490.248652914071,-0.6001285523941667,-0.4849442078001429,1.144312011131395e-24,136,3,2026-01-20
RTX/SNA,RTX,SNA,low_vol_specialist,15795.06293951977,1.4339751645552514,-0.4849442078001429,0.9999875094003711,94,3,2026-01-20
CDNS/PTC,CDNS,PTC,low_vol_specialist,-2333.359999999982,-0.1793087969838951,-0.4849442078001429,8.742742661923143e-09,84,3,2026-01-20
EVRG/PCG,EVRG,PCG,low_vol_specialist,-15044.24747214844,-1.371371007724002,-0.4849442078001429,2.9963773409130237e-15,116,3,2026-01-20
AON/KKR,AON,KKR,low_vol_specialist,901.0156029254458,0.05831733683556999,-0.4849442078001429,0.18844307649270692,102,3,2026-01-20
AIG/L,AIG,L,low_vol_specialist,2642.497012233349,0.36542100001394684,-0.4849442078001429,0.9999999986933121,116,3,2026-01-20
AON/BR,AON,BR,low_vol_specialist,-1531.513803128372,-0.2087426342445151,-0.4849442078001429,4.969068814330185e-06,76,3,2026-01-20
HAS/YUM,HAS,YUM,short_z_long_v,2724.169241509753,0.24214490212417053,-0.5166994645121121,0.9990723530050646,58,3,2026-01-20
CSCO/PAYC,CSCO,PAYC,short_z_long_v,-1761.232974837892,-0.1510744587581151,-0.5166994645121121,1.5054001479917802e-05,44,3,2026-01-20
UNP/VLTO,UNP,VLTO,short_z_long_v,3997.307246453396,0.5491712580248531,-0.5166994645121121,0.9999997185514172,46,3,2026-01-20
EXR/WY,EXR,WY,short_z_long_v,6568.711163863032,0.8456724598788652,-0.5166994645121121,0.9999999636708158,54,3,2026-01-20
CME/DE,CME,DE,short_z_long_v,11793.6149823027,1.4440509180171628,-0.5166994645121121,0.9999999999999957,62,3,2026-01-20
BIIB/HCA,BIIB,HCA,short_z_long_v,13246.94211677915,1.317672823703583,-0.5166994645121121,0.999999999999858,48,3,2026-01-20
TXT/YUM,TXT,YUM,short_z_long_v,-6604.714133196625,-0.668527458148029,-0.5166994645121121,4.559203990999579e-14,62,3,2026-01-20
AKAM/KEYS,AKAM,KEYS,short_z_long_v,-9700.040000000005,-0.8698680226235473,-0.5166994645121121,0.00024435794122390107,46,3,2026-01-20
ATO/PCG,ATO,PCG,short_z_long_v,-11909.37090694578,-1.1656491607031934,-0.5166994645121121,3.296925524621034e-26,80,3,2026-01-20
RTX/SNA,RTX,SNA,short_z_long_v,8064.40571018497,1.1103469614580506,-0.5166994645121121,0.9999999995021277,58,3,2026-01-20
CDNS/PTC,CDNS,PTC,short_z_long_v,1727.510000000033,0.20617174761633056,-0.5166994645121121,0.9811383472845184,52,3,2026-01-20
EVRG/PCG,EVRG,PCG,short_z_long_v,-1847.37908282132,-0.19854343521748496,-0.5166994645121121,7.01694929085079e-10,70,3,2026-01-20
AON/KKR,AON,KKR,short_z_long_v,-3592.014301101127,-0.3640486983023697,-0.5166994645121121,6.303675507598852e-14,60,3,2026-01-20
AIG/L,AIG,L,short_z_long_v,-1409.577412030047,-0.2877929130484906,-0.5166994645121121,6.958788143146954e-08,54,3,2026-01-20
AON/BR,AON,BR,short_z_long_v,-3314.26149807102,-0.6011775064894994,-0.5166994645121121,2.4491821733571504e-10,46,3,2026-01-20
HAS/YUM,HAS,YUM,high_turnover,-67.57365352842908,-0.007476247651862872,-0.5530940115928056,0.01307297161291044,78,3,2026-01-20
CSCO/PAYC,CSCO,PAYC,high_turnover,1057.00545196526,0.090762301469939,-0.5530940115928056,0.4193498977999472,82,3,2026-01-20
UNP/VLTO,UNP,VLTO,high_turnover,-4834.270271492349,-0.6445061868024378,-0.5530940115928056,1.4143984475378041e-22,84,3,2026-01-20
EXR/WY,EXR,WY,high_turnover,6611.726014247768,0.7097066180232466,-0.5530940115928056,1.0,82,3,2026-01-20
CME/DE,CME,DE,high_turnover,7263.456715936974,0.7201126702045351,-0.5530940115928056,0.999999999999945,94,3,2026-01-20
BIIB/HCA,BIIB,HCA,high_turnover,11341.62772107751,0.897779409286369,-0.5530940115928056,1.0,100,3,2026-01-20
TXT/YUM,TXT,YUM,high_turnover,5213.687115849676,0.5836970124162479,-0.5530940115928056,0.9999998811488957,82,3,2026-01-20
AKAM/KEYS,AKAM,KEYS,high_turnover,-6793.560000000016,-0.5666748413284919,-0.5530940115928056,3.785079374870784e-08,74,3,2026-01-20
ATO/PCG,ATO,PCG,high_turnover,3958.986254376782,0.5454105668019066,-0.5530940115928056,0.9999651766986444,78,3,2026-01-20
RTX/SNA,RTX,SNA,high_turnover,4495.785004541613,0.6750182895184926,-0.5530940115928056,0.9999999999999996,84,3,2026-01-20
CDNS/PTC,CDNS,PTC,high_turnover,-15199.89000000002,-1.0694382172654706,-0.5530940115928056,3.6531047892078175e-06,82,3,2026-01-20
EVRG/PCG,EVRG,PCG,high_turnover,-1723.004567702966,-0.22417970237784263,-0.5530940115928056,2.2681611671914293e-12,70,3,2026-01-20
AON/KKR,AON,KKR,high_turnover,-3317.983706334631,-0.26606452865999086,-0.5530940115928056,2.6357981037204675e-09,78,3,2026-01-20
AIG/L,AIG,L,high_turnover,5191.08213072812,0.9943821436391329,-0.5530940115928056,0.9999992661343722,70,3,2026-01-20
AON/BR,AON,BR,high_turnover,-8626.515497437551,-1.0280981036832861,-0.5530940115928056,3.028716189917541e-12,92,3,2026-01-20
HAS/YUM,HAS,YUM,high_vol_specialist,7194.12546840904,0.9888896949415714,-0.6357815049189873,0.9999999976549955,36,3,2026-01-20
CSCO/PAYC,CSCO,PAYC,high_vol_specialist,3275.592388153323,0.32992253137003563,-0.6357815049189873,0.9999235843372396,38,3,2026-01-20
UNP/VLTO,UNP,VLTO,high_vol_specialist,3832.17038678984,0.6142467446986141,-0.6357815049189873,0.9999996598247821,32,3,2026-01-20
EXR/WY,EXR,WY,high_vol_specialist,9194.187302191312,1.2258535147211198,-0.6357815049189873,1.0,30,3,2026-01-20
CME/DE,CME,DE,high_vol_specialist,13778.59684696991,1.7509710432263288,-0.6357815049189873,0.9999999999999691,48,3,2026-01-20
BIIB/HCA,BIIB,HCA,high_vol_specialist,4265.142673217995,0.5344392353539273,-0.6357815049189873,0.9999999975580283,34,3,2026-01-20
TXT/YUM,TXT,YUM,high_vol_specialist,-3480.066556351805,-0.4203465264358663,-0.6357815049189873,3.6897687408757294e-17,38,3,2026-01-20
AKAM/KEYS,AKAM,KEYS,high_vol_specialist,-9732.050000000021,-0.6010790918584172,-0.6357815049189873,6.012363000105849e-06,34,3,2026-01-20
ATO/PCG,ATO,PCG,high_vol_specialist,-7663.665452270672,-0.6605759785104542,-0.6357815049189873,2.9323317753329522e-36,48,3,2026-01-20
RTX/SNA,RTX,SNA,high_vol_specialist,4610.100381055979,0.903310701177515,-0.6357815049189873,0.9999999968167588,30,3,2026-01-20
CDNS/PTC,CDNS,PTC,high_vol_specialist,-66.19000000002643,-0.007660297462985457,-0.6357815049189873,0.012671906876829911,36,3,2026-01-20
EVRG/PCG,EVRG,PCG,high_vol_specialist,-12053.8960914438,-0.9116790742755949,-0.6357815049189873,5.56480412349763e-26,50,3,2026-01-20
AON/KKR,AON,KKR,high_vol_specialist,-6826.387685449543,-0.6829491973530698,-0.6357815049189873,1.3931491875294643e-11,36,3,2026-01-20
AIG/L,AIG,L,high_vol_specialist,-1823.656818598949,-0.3690310290604899,-0.6357815049189873,2.4101399389037657e-18,40,3,2026-01-20
AON/BR,AON,BR,high_vol_specialist,-180.3290708922218,-0.04130657012047811,-0.6357815049189873,0.0028362789649752553,24,3,2026-01-20
HAS/YUM,HAS,YUM,high_entry,8537.806704194332,1.4196660330510256,-0.746608116622292,0.9999590142991022,16,3,2026-01-20
CSCO/PAYC,CSCO,PAYC,high_entry,5781.260936432801,0.7765800906399973,-0.746608116622292,0.9999489612608479,18,3,2026-01-20
UNP/VLTO,UNP,VLTO,high_entry,1999.244562474942,0.38903248366303567,-0.746608116622292,0.9999681605443194,26,3,2026-01-20
EXR/WY,EXR,WY,high_entry,2237.648445107216,0.47795848069534097,-0.746608116622292,0.9999992127634847,20,3,2026-01-20
CME/DE,CME,DE,high_entry,468.2890938748992,0.06840059956910595,-0.746608116622292,0.23724196056310648,28,3,2026-01-20
BIIB/HCA,BIIB,HCA,high_entry,831.743922147888,0.11334200194989356,-0.746608116622292,0.5901099765361045,22,3,2026-01-20
TXT/YUM,TXT,YUM,high_entry,-838.1626612779943,-0.15418331542349017,-0.746608116622292,5.802398167999955e-07,26,3,2026-01-20
AKAM/KEYS,AKAM,KEYS,high_entry,5834.999999999995,0.8112043009790113,-0.746608116622292,0.9996775994293876,22,3,2026-01-20
ATO/PCG,ATO,PCG,high_entry,-7973.053373756941,-1.1141876525867083,-0.746608116622292,5.397560559924403e-10,42,3,2026-01-20
RTX/SNA,RTX,SNA,high_entry,3350.998378864307,0.949333805806085,-0.746608116622292,0.9999952215493483,20,3,2026-01-20
CDNS/PTC,CDNS,PTC,high_entry,3066.634999999985,0.36340904019595777,-0.746608116622292,0.999991754044219,22,3,2026-01-20
EVRG/PCG,EVRG,PCG,high_entry,-4204.345142207152,-0.5821702408164993,-0.746608116622292,2.383832312128634e-15,34,3,2026-01-20
AON/KKR,AON,KKR,high_entry,-6313.665032741774,-1.028521985980886,-0.746608116622292,4.955726252181376e-15,22,3,2026-01-20
AIG/L,AIG,L,high_entry,-2724.602266224984,-0.7786482815529716,-0.746608116622292,1.6895996845591041e-12,20,3,2026-01-20
AON/BR,AON,BR,high_entry,342.1015853633537,0.16770871529013656,-0.746608116622292,0.8991265942507402,10,3,2026-01-20
HAS/YUM,HAS,YUM,slow_signal,2048.584113083205,0.3050444730362107,-1.365756304516962,0.9999287980746425,42,3,2026-01-20
CSCO/PAYC,CSCO,PAYC,slow_signal,-6207.585281909613,-0.6560443944964431,-1.365756304516962,1.579222191907411e-08,34,3,2026-01-20
UNP/VLTO,UNP,VLTO,slow_signal,3322.623945442589,0.5772504642064544,-1.365756304516962,0.9999924404466035,28,3,2026-01-20
EXR/WY,EXR,WY,slow_signal,9642.34645555641,1.4903196846363385,-1.365756304516962,0.999999999998994,32,3,2026-01-20
CME/DE,CME,DE,slow_signal,13987.77697986242,2.0336541756862085,-1.365756304516962,0.9999999987556464,42,3,2026-01-20
BIIB/HCA,BIIB,HCA,slow_signal,5949.631672670052,0.771599775370438,-1.365756304516962,0.9999999999744789,34,3,2026-01-20
TXT/YUM,TXT,YUM,slow_signal,-734.4065735959825,-0.0974991647924789,-1.365756304516962,9.462594833465724e-06,42,3,2026-01-20
AKAM/KEYS,AKAM,KEYS,slow_signal,-13806.45000000001,-0.8483800117249848,-1.365756304516962,3.5720683277411607e-06,32,3,2026-01-20
ATO/PCG,ATO,PCG,slow_signal,-11258.59689838965,-1.2346102910673589,-1.365756304516962,2.562999239823594e-12,56,3,2026-01-20
RTX/SNA,RTX,SNA,slow_signal,1306.513317915825,0.28168106855872477,-1.365756304516962,0.997730793403978,32,3,2026-01-20
CDNS/PTC,CDNS,PTC,slow_signal,-2877.040000000031,-0.3504211746123302,-1.365756304516962,1.1907341835374088e-07,36,3,2026-01-20
EVRG/PCG,EVRG,PCG,slow_signal,-13732.31154033673,-1.1761422157176737,-1.365756304516962,1.6132105839307448e-21,54,3,2026-01-20
AON/KKR,AON,KKR,slow_signal,-7730.220339083705,-0.7278957002136122,-1.365756304516962,7.087903125343646e-13,36,3,2026-01-20
AIG/L,AIG,L,slow_signal,-1981.192432666945,-0.5424032590040911,-1.365756304516962,5.390679099028404e-22,44,3,2026-01-20
AON/BR,AON,BR,slow_signal,1334.38200803262,0.3037113806483925,-1.365756304516962,0.9997642760945862,30,3,2026-01-20
HAS/YUM,HAS,YUM,conservative_no_leverage,1650.187434774809,0.44837734090646536,-1.4080044202339248,0.9999998400591333,32,3,2026-01-20
CSCO/PAYC,CSCO,PAYC,conservative_no_leverage,3973.475562197022,0.9655221971982153,-1.4080044202339248,0.9999988484412773,40,3,2026-01-20
UNP/VLTO,UNP,VLTO,conservative_no_leverage,1496.283592023403,0.5047596325555492,-1.4080044202339248,0.9999909569267004,28,3,2026-01-20
EXR/WY,EXR,WY,conservative_no_leverage,-603.5198457336551,-0.16022950707291717,-1.4080044202339248,1.0717213923551145e-06,28,3,2026-01-20
CME/DE,CME,DE,conservative_no_leverage,4292.482922073938,1.172836345078901,-1.4080044202339248,0.9999999999401055,32,3,2026-01-20
BIIB/HCA,BIIB,HCA,conservative_no_leverage,-2181.529439722425,-0.4996986276308953,-1.4080044202339248,2.817315630584852e-13,38,3,2026-01-20
TXT/YUM,TXT,YUM,conservative_no_leverage,-1342.611557553274,-0.3933391884261232,-1.4080044202339248,1.532419288894182e-13,34,3,2026-01-20
AKAM/KEYS,AKAM,KEYS,conservative_no_leverage,663.3299999999892,0.16939304845707992,-1.4080044202339248,0.9251368657942186,24,3,2026-01-20
ATO/PCG,ATO,PCG,conservative_no_leverage,-4324.941043800507,-0.9296079972567175,-1.4080044202339248,4.83580245486856e-26,34,3,2026-01-20
RTX/SNA,RTX,SNA,conservative_no_leverage,4421.241595670246,2.2126345189894723,-1.4080044202339248,0.9999999999930298,36,3,2026-01-20
CDNS/PTC,CDNS,PTC,conservative_no_leverage,240.0099999999886,0.053436199181210856,-1.4080044202339248,0.1389923900274067,32,3,2026-01-20
EVRG/PCG,EVRG,PCG,conservative_no_leverage,-5006.901417524639,-0.9662847385668829,-1.4080044202339248,7.96310308625635e-32,36,3,2026-01-20
AON/KKR,AON,KKR,conservative_no_leverage,-204.3135659397753,-0.040961353101216104,-1.4080044202339248,0.0024274732887184037,32,3,2026-01-20
AIG/L,AIG,L,conservative_no_leverage,1830.726178407441,0.6402077901937165,-1.4080044202339248,0.9999996626625672,40,3,2026-01-20
AON/BR,AON,BR,conservative_no_leverage,1036.510405090269,0.556375273374858,-1.4080044202339248,0.9999900487155442,24,3,2026-01-20
HAS/YUM,HAS,YUM,conservative,2180.809086828393,0.9134218242709892,-2.023171430454455,0.9961609978883553,20,3,2026-01-20
CSCO/PAYC,CSCO,PAYC,conservative,51.50874412007147,0.01925492688325722,-2.023171430454455,0.04480857457599746,22,3,2026-01-20
UNP/VLTO,UNP,VLTO,conservative,2354.555737940735,0.9778304480165363,-2.023171430454455,0.9999999437919224,22,3,2026-01-20
EXR/WY,EXR,WY,conservative,1230.736191027458,0.5297640411808071,-2.023171430454455,0.9999887901079512,24,3,2026-01-20
CME/DE,CME,DE,conservative,1849.778623918478,0.7718649200647184,-2.023171430454455,0.999999898511415,28,3,2026-01-20
BIIB/HCA,BIIB,HCA,conservative,170.5692001975117,0.04774915718568862,-2.023171430454455,0.13036920372193833,20,3,2026-01-20
TXT/YUM,TXT,YUM,conservative,886.3141218070418,0.4336981196673061,-2.023171430454455,0.99999832559438,26,3,2026-01-20
AKAM/KEYS,AKAM,KEYS,conservative,-1015.680000000001,-0.46404050754819465,-2.023171430454455,3.695332049904244e-09,20,3,2026-01-20
ATO/PCG,ATO,PCG,conservative,-1788.695849956792,-0.6402703836377884,-2.023171430454455,7.718411414665652e-11,34,3,2026-01-20
RTX/SNA,RTX,SNA,conservative,1284.044822438115,0.7070169606979797,-2.023171430454455,0.9999878612054296,30,3,2026-01-20
CDNS/PTC,CDNS,PTC,conservative,806.7399999999886,0.19641607264016575,-2.023171430454455,0.9901094985867502,28,3,2026-01-20
EVRG/PCG,EVRG,PCG,conservative,-1425.578589034978,-0.5455064930801374,-2.023171430454455,1.3263592246936635e-07,34,3,2026-01-20
AON/KKR,AON,KKR,conservative,132.3458214358006,0.04349711537402565,-2.023171430454455,0.10104126784882694,20,3,2026-01-20
AIG/L,AIG,L,conservative,751.9499013132908,0.5426836733341374,-2.023171430454455,0.9999988086052709,32,3,2026-01-20
AON/BR,AON,BR,conservative,798.4590453917341,0.5085822749207978,-2.023171430454455,0.9992754443281553,16,3,2026-01-20
HAS/YUM,HAS,YUM,vol_gated,9644.965460278463,0.7506977524252945,0.7862953487452035,0.9999991310162568,66,4,2026-02-25
CSCO/PAYC,CSCO,PAYC,vol_gated,-5240.444567140642,-0.35709212908310695,0.7862953487452035,9.426572877907031e-12,56,4,2026-02-25
UNP/VLTO,UNP,VLTO,vol_gated,-5877.35566356219,-0.5938444679167244,0.7862953487452035,4.927146426527229e-13,74,4,2026-02-25
EXR/WY,EXR,WY,vol_gated,13296.53931566162,1.1609469815478224,0.7862953487452035,1.0,72,4,2026-02-25
CME/DE,CME,DE,vol_gated,17502.33143925232,1.400361504481618,0.7862953487452035,0.9999999976508911,66,4,2026-02-25
BIIB/HCA,BIIB,HCA,vol_gated,8229.614381476651,0.676321104152388,0.7862953487452035,0.9999999999998039,86,4,2026-02-25
TXT/YUM,TXT,YUM,vol_gated,4565.44160299302,0.4998729108897827,0.7862953487452035,0.999999999816952,74,4,2026-02-25
AKAM/KEYS,AKAM,KEYS,vol_gated,14753.22000000002,1.0086675465683914,0.7862953487452035,0.999999687642136,66,4,2026-02-25
ATO/PCG,ATO,PCG,vol_gated,-4509.110420770189,-0.5139737739088902,0.7862953487452035,6.223614004011262e-29,54,4,2026-02-25
RTX/SNA,RTX,SNA,vol_gated,3422.213172339993,0.48024801632620456,0.7862953487452035,0.9999999999730964,56,4,2026-02-25
CDNS/PTC,CDNS,PTC,vol_gated,3439.77999999998,0.29065778198133474,0.7862953487452035,0.9998757103971796,76,4,2026-02-25
EVRG/PCG,EVRG,PCG,vol_gated,-525.2493947966559,-0.06205362539062274,0.7862953487452035,0.00015842472191910154,60,4,2026-02-25
AON/KKR,AON,KKR,vol_gated,7982.180182202022,0.5512056678962519,0.7862953487452035,0.9999999999999989,68,4,2026-02-25
AIG/L,AIG,L,vol_gated,-6338.16026426919,-0.7905080449286259,0.7862953487452035,2.3349084699244967e-10,64,4,2026-02-25
AON/BR,AON,BR,vol_gated,6150.472285684819,0.8273459511264516,0.7862953487452035,0.9999998161293924,64,4,2026-02-25
HAS/YUM,HAS,YUM,stable_signal_quick_exit,18085.94471358975,1.773379525984889,0.3550697203601913,0.9999999986572402,48,4,2026-02-25
CSCO/PAYC,CSCO,PAYC,stable_signal_quick_exit,5296.553585996765,0.32534144314423474,0.3550697203601913,0.9998859512033861,66,4,2026-02-25
UNP/VLTO,UNP,VLTO,stable_signal_quick_exit,-4567.540538254696,-0.473154563685484,0.3550697203601913,2.6495402470847035e-14,54,4,2026-02-25
EXR/WY,EXR,WY,stable_signal_quick_exit,719.0143706005022,0.08895104869332263,0.3550697203601913,0.4149311541518103,54,4,2026-02-25
CME/DE,CME,DE,stable_signal_quick_exit,18988.2380721041,1.72455051905258,0.3550697203601913,0.9999999999999877,54,4,2026-02-25
BIIB/HCA,BIIB,HCA,stable_signal_quick_exit,7225.17329765883,0.6724077370653226,0.3550697203601913,0.9999999999993906,58,4,2026-02-25
TXT/YUM,TXT,YUM,stable_signal_quick_exit,5121.013105928561,0.6038187464665269,0.3550697203601913,0.9999999999982948,54,4,2026-02-25
AKAM/KEYS,AKAM,KEYS,stable_signal_quick_exit,-4532.97999999998,-0.3004690303596694,0.3550697203601913,7.052037041279877e-13,52,4,2026-02-25
ATO/PCG,ATO,PCG,stable_signal_quick_exit,126.778175945014,0.017068979386694393,0.3550697203601913,0.0456038478824742,38,4,2026-02-25
RTX/SNA,RTX,SNA,stable_signal_quick_exit,8403.490464782391,1.229482114282401,0.3550697203601913,0.9999999999999999,44,4,2026-02-25
CDNS/PTC,CDNS,PTC,stable_signal_quick_exit,-1895.47000000004,-0.1733813855158444,0.3550697203601913,1.945428523142119e-06,54,4,2026-02-25
EVRG/PCG,EVRG,PCG,stable_signal_quick_exit,-4265.20898318185,-0.5358042455011535,0.3550697203601913,1.411991771550756e-17,34,4,2026-02-25
AON/KKR,AON,KKR,stable_signal_quick_exit,-3100.517426171198,-0.25041614917674043,0.3550697203601913,1.6876110192288785e-08,50,4,2026-02-25
AIG/L,AIG,L,stable_signal_quick_exit,-5231.055548769656,-0.7915283437929942,0.3550697203601913,1.7444921810036744e-10,52,4,2026-02-25
AON/BR,AON,BR,stable_signal_quick_exit,5172.676461017686,0.7077690706511425,0.3550697203601913,0.999999489126745,48,4,2026-02-25
HAS/YUM,HAS,YUM,aggressive,46023.37551759272,2.052787601081101,0.3293902474889033,0.9999999999477901,90,4,2026-02-25
CSCO/PAYC,CSCO,PAYC,aggressive,1496.581561450029,0.05517239415199301,0.3293902474889033,0.17018042954264118,100,4,2026-02-25
UNP/VLTO,UNP,VLTO,aggressive,-13628.84167924267,-0.847613234860025,0.3293902474889033,4.0543591517441585e-16,90,4,2026-02-25
EXR/WY,EXR,WY,aggressive,10718.98111632169,0.5744310820905526,0.3293902474889033,1.0,96,4,2026-02-25
CME/DE,CME,DE,aggressive,26808.3783672258,1.3020778958761097,0.3293902474889033,0.9999999999992374,90,4,2026-02-25
BIIB/HCA,BIIB,HCA,aggressive,30004.53141707345,1.3645512894502727,0.3293902474889033,1.0,120,4,2026-02-25
TXT/YUM,TXT,YUM,aggressive,2301.17417735741,0.13190998353484332,0.3293902474889033,0.7444808938948009,106,4,2026-02-25
AKAM/KEYS,AKAM,KEYS,aggressive,7654.740000000138,0.29385543796004115,0.3293902474889033,0.999970417876339,86,4,2026-02-25
ATO/PCG,ATO,PCG,aggressive,-13779.07282770788,-0.7684196096489229,0.3293902474889033,2.134073180327419e-28,80,4,2026-02-25
RTX/SNA,RTX,SNA,aggressive,3413.678845983656,0.2127594361258001,0.3293902474889033,0.9680021722894797,98,4,2026-02-25
CDNS/PTC,CDNS,PTC,aggressive,-4669.060000000063,-0.22832822613313375,0.3293902474889033,3.1929592815765452e-09,100,4,2026-02-25
EVRG/PCG,EVRG,PCG,aggressive,-36652.75508440979,-1.6815455975158908,0.3293902474889033,5.91152462922769e-25,74,4,2026-02-25
AON/KKR,AON,KKR,aggressive,-12456.27226246163,-0.4691377134339722,0.3293902474889033,1.2805612249148903e-18,92,4,2026-02-25
AIG/L,AIG,L,aggressive,-4971.745234209274,-0.4174097619382567,0.3293902474889033,1.3491379574790796e-12,94,4,2026-02-25
AON/BR,AON,BR,aggressive,14156.29378960946,1.1811304752324825,0.3293902474889033,0.9999999995781977,84,4,2026-02-25
HAS/YUM,HAS,YUM,deep_dislocation,21270.11490233292,1.8612180129806872,0.2933990424394557,0.9999999959005912,24,4,2026-02-25
CSCO/PAYC,CSCO,PAYC,deep_dislocation,799.6616089191484,0.05093563143046531,0.2933990424394557,0.12719337618003018,24,4,2026-02-25
UNP/VLTO,UNP,VLTO,deep_dislocation,-4859.061272616079,-0.3804075174655715,0.2933990424394557,5.0143398226225255e-11,28,4,2026-02-25
EXR/WY,EXR,WY,deep_dislocation,-4169.453931013705,-0.3712388245498156,0.2933990424394557,2.5779637431741474e-11,22,4,2026-02-25
CME/DE,CME,DE,deep_dislocation,7000.188319493812,0.6931197096548021,0.2933990424394557,0.9999999138286932,28,4,2026-02-25
BIIB/HCA,BIIB,HCA,deep_dislocation,3862.782923227536,0.3100005171736576,0.2933990424394557,0.9995874585032894,22,4,2026-02-25
TXT/YUM,TXT,YUM,deep_dislocation,527.8512784397481,0.04826812175855146,0.2933990424394557,0.14018974852866722,28,4,2026-02-25
AKAM/KEYS,AKAM,KEYS,deep_dislocation,2262.329999999998,0.15181530617974823,0.2933990424394557,0.8529291114038324,18,4,2026-02-25
ATO/PCG,ATO,PCG,deep_dislocation,-4693.487064787372,-0.33986366275329666,0.2933990424394557,5.9858383048214095e-15,30,4,2026-02-25
RTX/SNA,RTX,SNA,deep_dislocation,3238.388615746127,0.42468822708312665,0.2933990424394557,0.9999975712952491,16,4,2026-02-25
CDNS/PTC,CDNS,PTC,deep_dislocation,19896.47999999998,1.2604308646689373,0.2933990424394557,0.9999998932267453,26,4,2026-02-25
EVRG/PCG,EVRG,PCG,deep_dislocation,-14192.96757277113,-0.9569841978073922,0.2933990424394557,1.7339399459993788e-28,30,4,2026-02-25
AON/KKR,AON,KKR,deep_dislocation,5999.516512506211,0.35941722659078534,0.2933990424394557,0.9997358822737792,26,4,2026-02-25
AIG/L,AIG,L,deep_dislocation,626.6229134726952,0.09110352174594853,0.2933990424394557,0.44007005537315264,20,4,2026-02-25
AON/BR,AON,BR,deep_dislocation,6807.14284644014,0.7827285807402992,0.2933990424394557,0.9992670757296256,18,4,2026-02-25
HAS/YUM,HAS,YUM,deep_entry_quick_exit,12094.43062915648,2.1533028343634384,0.2809384523611837,0.9999999999999942,24,4,2026-02-25
CSCO/PAYC,CSCO,PAYC,deep_entry_quick_exit,-5513.213046512078,-0.47834367398405087,0.2809384523611837,1.3109501879611307e-07,28,4,2026-02-25
UNP/VLTO,UNP,VLTO,deep_entry_quick_exit,1677.068594049312,0.18824776498697363,0.2809384523611837,0.8620874755991732,28,4,2026-02-25
EXR/WY,EXR,WY,deep_entry_quick_exit,402.7511603019773,0.07849382484257925,0.2809384523611837,0.32857243950041004,20,4,2026-02-25
CME/DE,CME,DE,deep_entry_quick_exit,5168.324750050479,0.7670868172008742,0.2809384523611837,0.9999999473465601,30,4,2026-02-25
BIIB/HCA,BIIB,HCA,deep_entry_quick_exit,123.9993729506541,0.01535799656914244,0.2809384523611837,0.03816157312149475,26,4,2026-02-25
TXT/YUM,TXT,YUM,deep_entry_quick_exit,1825.043746972288,0.25225273268349796,0.2809384523611837,0.9989729953276107,28,4,2026-02-25
AKAM/KEYS,AKAM,KEYS,deep_entry_quick_exit,9034.27,0.7101734445648106,0.2809384523611837,0.9999107588166364,20,4,2026-02-25
ATO/PCG,ATO,PCG,deep_entry_quick_exit,-4199.907987609249,-0.714550134008161,0.2809384523611837,1.4520433205343572e-09,30,4,2026-02-25
RTX/SNA,RTX,SNA,deep_entry_quick_exit,2870.528864844437,0.5866975890662365,0.2809384523611837,0.9999996983008288,18,4,2026-02-25
CDNS/PTC,CDNS,PTC,deep_entry_quick_exit,13905.20999999999,1.3696522517059362,0.2809384523611837,0.9999994182073094,26,4,2026-02-25
EVRG/PCG,EVRG,PCG,deep_entry_quick_exit,-6998.552388794269,-0.9353768291902557,0.2809384523611837,3.4471434928811857e-12,30,4,2026-02-25
AON/KKR,AON,KKR,deep_entry_quick_exit,6800.803713577336,0.7534153221677805,0.2809384523611837,0.9999999944524081,26,4,2026-02-25
AIG/L,AIG,L,deep_entry_quick_exit,-1420.601959230511,-0.33093167475120844,0.2809384523611837,5.876863262670961e-12,20,4,2026-02-25
AON/BR,AON,BR,deep_entry_quick_exit,4034.314164465784,0.6929810299637653,0.2809384523611837,0.9995246685695035,20,4,2026-02-25
HAS/YUM,HAS,YUM,vol_adaptive,9134.56341866604,0.7183005699613103,0.256279455050979,0.9999987661236949,66,4,2026-02-25
CSCO/PAYC,CSCO,PAYC,vol_adaptive,-2986.059484532568,-0.20290816445648338,0.256279455050979,6.122373301752788e-09,60,4,2026-02-25
UNP/VLTO,UNP,VLTO,vol_adaptive,-5745.919905585736,-0.5855380009864398,0.256279455050979,2.58092110378849e-13,74,4,2026-02-25
EXR/WY,EXR,WY,vol_adaptive,11566.87229955019,1.0190966265048205,0.256279455050979,1.0,72,4,2026-02-25
CME/DE,CME,DE,vol_adaptive,17883.78800575441,1.411577007734288,0.256279455050979,0.9999999998333888,70,4,2026-02-25
BIIB/HCA,BIIB,HCA,vol_adaptive,8203.72680577337,0.6770874285978696,0.256279455050979,0.9999999999998359,86,4,2026-02-25
TXT/YUM,TXT,YUM,vol_adaptive,4378.826109189319,0.4736481493128657,0.256279455050979,0.9999999993284993,76,4,2026-02-25
AKAM/KEYS,AKAM,KEYS,vol_adaptive,1937.189999999996,0.16436691979118417,0.256279455050979,0.9050570449892972,64,4,2026-02-25
ATO/PCG,ATO,PCG,vol_adaptive,-4950.836784861139,-0.5653102859920092,0.256279455050979,3.375774899973458e-29,56,4,2026-02-25
RTX/SNA,RTX,SNA,vol_adaptive,3354.353409253941,0.42191583290936946,0.256279455050979,0.9999999973729345,58,4,2026-02-25
CDNS/PTC,CDNS,PTC,vol_adaptive,521.4800000000105,0.04256017278220607,0.256279455050979,0.11278751333256676,80,4,2026-02-25
EVRG/PCG,EVRG,PCG,vol_adaptive,-964.5260736196306,-0.1130018977862511,0.256279455050979,7.391931186222226e-07,62,4,2026-02-25
AON/KKR,AON,KKR,vol_adaptive,-239.2785632583752,-0.016287326819126164,0.256279455050979,0.007805336390183348,76,4,2026-02-25
AIG/L,AIG,L,vol_adaptive,-7816.669471483131,-0.96986248938963,0.256279455050979,1.6178795984866788e-10,64,4,2026-02-25
AON/BR,AON,BR,vol_adaptive,7012.330269073894,0.9426875367031081,0.256279455050979,0.999999906303626,68,4,2026-02-25
HAS/YUM,HAS,YUM,static_threshold,9066.401129033158,0.7268544352793573,0.2504018569232617,1.0,92,4,2026-02-25
CSCO/PAYC,CSCO,PAYC,static_threshold,-479.7238100540428,-0.0300954767770651,0.2504018569232617,0.003175071407862336,102,4,2026-02-25
UNP/VLTO,UNP,VLTO,static_threshold,4220.970360749278,0.35154621608702474,0.2504018569232617,0.9990876121437432,100,4,2026-02-25
EXR/WY,EXR,WY,static_threshold,6195.186428794714,0.571666687996127,0.2504018569232617,1.0,74,4,2026-02-25
CME/DE,CME,DE,static_threshold,24170.62935630386,1.6076439185695386,0.2504018569232617,0.9999999999999993,134,4,2026-02-25
BIIB/HCA,BIIB,HCA,static_threshold,11878.73498903861,0.8530101133943359,0.2504018569232617,1.0,110,4,2026-02-25
TXT/YUM,TXT,YUM,static_threshold,1735.039243265649,0.1317532761650983,0.2504018569232617,0.7406407979344725,96,4,2026-02-25
AKAM/KEYS,AKAM,KEYS,static_threshold,-2472.58999999996,-0.11394460408377546,0.2504018569232617,5.4398310850198605e-05,86,4,2026-02-25
ATO/PCG,ATO,PCG,static_threshold,-13101.7086248244,-1.080563494767054,0.2504018569232617,2.284262463548639e-28,98,4,2026-02-25
RTX/SNA,RTX,SNA,static_threshold,16605.16285298394,1.3116808525821737,0.2504018569232617,0.9999997874175859,104,4,2026-02-25
CDNS/PTC,CDNS,PTC,static_threshold,1718.729999999992,0.1485985537900795,0.2504018569232617,0.8690538080152154,80,4,2026-02-25
EVRG/PCG,EVRG,PCG,static_threshold,-14567.2504487659,-1.1107486413155598,0.2504018569232617,3.0888815351365314e-27,98,4,2026-02-25
AON/KKR,AON,KKR,static_threshold,-2197.557576028144,-0.10224920054414774,0.2504018569232617,7.269658409060254e-05,98,4,2026-02-25
AIG/L,AIG,L,static_threshold,-8910.678615716753,-1.1595534462350958,0.2504018569232617,4.742128805048004e-20,92,4,2026-02-25
AON/BR,AON,BR,static_threshold,10214.8958582879,1.0908039561127911,0.2504018569232617,0.9999999998134403,100,4,2026-02-25
HAS/YUM,HAS,YUM,slow_reentry,9608.928406265319,0.733414493022497,0.1727897716518597,0.9994539882448052,46,4,2026-02-25
CSCO/PAYC,CSCO,PAYC,slow_reentry,12569.4142823453,1.1003713456191735,0.1727897716518597,0.9999999871542675,56,4,2026-02-25
UNP/VLTO,UNP,VLTO,slow_reentry,-2161.868543207032,-0.22937322681101413,0.1727897716518597,1.8213678869571604e-16,52,4,2026-02-25
EXR/WY,EXR,WY,slow_reentry,2571.202957749461,0.2652880556593264,0.1727897716518597,0.9999455779542513,56,4,2026-02-25
CME/DE,CME,DE,slow_reentry,5950.164417240973,0.6351352343416656,0.1727897716518597,0.9999999999910757,62,4,2026-02-25
BIIB/HCA,BIIB,HCA,slow_reentry,6299.85271183219,0.545427268834034,0.1727897716518597,0.9999999999487604,56,4,2026-02-25
TXT/YUM,TXT,YUM,slow_reentry,-687.3929692246229,-0.0819568261736324,0.1727897716518597,6.528182636800603e-05,64,4,2026-02-25
AKAM/KEYS,AKAM,KEYS,slow_reentry,378.2300000000137,0.0274052134231714,0.1727897716518597,0.05262942499555008,44,4,2026-02-25
ATO/PCG,ATO,PCG,slow_reentry,-1417.670944415583,-0.19110458713515466,0.1727897716518597,4.784138762299231e-11,46,4,2026-02-25
RTX/SNA,RTX,SNA,slow_reentry,6022.805016927698,0.8295267830237332,0.1727897716518597,0.999999999896714,52,4,2026-02-25
CDNS/PTC,CDNS,PTC,slow_reentry,-2127.760000000008,-0.20630798572223716,0.1727897716518597,1.6465943623080192e-06,50,4,2026-02-25
EVRG/PCG,EVRG,PCG,slow_reentry,-2144.729562919457,-0.27174999251301285,0.1727897716518597,5.142089361861214e-11,40,4,2026-02-25
AON/KKR,AON,KKR,slow_reentry,5504.287547641623,0.4486349689714535,0.1727897716518597,0.9999999999910087,52,4,2026-02-25
AIG/L,AIG,L,slow_reentry,-7701.617488999666,-1.8455838441460508,0.1727897716518597,6.840424680014405e-21,36,4,2026-02-25
AON/BR,AON,BR,slow_reentry,4530.457357456991,0.6952662095153216,0.1727897716518597,0.9999861018150552,44,4,2026-02-25
HAS/YUM,HAS,YUM,flash_hold,11057.35268054902,1.711388918427108,-0.0726555458733942,1.0,134,4,2026-02-25
CSCO/PAYC,CSCO,PAYC,flash_hold,5290.085338348144,0.5876381480041694,-0.0726555458733942,0.9999999998783912,132,4,2026-02-25
UNP/VLTO,UNP,VLTO,flash_hold,160.0886719096691,0.028369914280251752,-0.0726555458733942,0.07698487315765265,138,4,2026-02-25
EXR/WY,EXR,WY,flash_hold,4800.4952041626,0.8454480446090039,-0.0726555458733942,1.0,166,4,2026-02-25
CME/DE,CME,DE,flash_hold,2239.885385527897,0.3156433854463847,-0.0726555458733942,0.9999994844014686,128,4,2026-02-25
BIIB/HCA,BIIB,HCA,flash_hold,11223.27859260798,1.4946158019716693,-0.0726555458733942,1.0,136,4,2026-02-25
TXT/YUM,TXT,YUM,flash_hold,1415.477265275361,0.24479358498789974,-0.0726555458733942,0.9973017131921363,134,4,2026-02-25
AKAM/KEYS,AKAM,KEYS,flash_hold,-4701.839999999956,-0.4762102211368081,-0.0726555458733942,1.044578629523553e-12,122,4,2026-02-25
ATO/PCG,ATO,PCG,flash_hold,1057.567219624362,0.1784871471057231,-0.0726555458733942,0.9431763269672053,176,4,2026-02-25
RTX/SNA,RTX,SNA,flash_hold,5786.694275756633,0.8650200820693356,-0.0726555458733942,0.9999999537108061,134,4,2026-02-25
CDNS/PTC,CDNS,PTC,flash_hold,-5562.439999999995,-0.6400849282678488,-0.0726555458733942,1.1469863115233884e-11,136,4,2026-02-25
EVRG/PCG,EVRG,PCG,flash_hold,-9806.20880033377,-1.46253973592901,-0.0726555458733942,1.1154731808873658e-22,182,4,2026-02-25
AON/KKR,AON,KKR,flash_hold,1401.271090957173,0.1450162147545325,-0.0726555458733942,0.8353822104143951,150,4,2026-02-25
AIG/L,AIG,L,flash_hold,456.8813741352542,0.10873019797732514,-0.0726555458733942,0.5878780542102765,152,4,2026-02-25
AON/BR,AON,BR,flash_hold,3401.26113451912,0.7145177369152943,-0.0726555458733942,0.999999999999216,136,4,2026-02-25
HAS/YUM,HAS,YUM,fast_signal,-3989.188530382376,-0.33800566441542657,-0.1002610596358872,3.049946364245394e-15,72,4,2026-02-25
CSCO/PAYC,CSCO,PAYC,fast_signal,9869.9747215643,0.7048789537974203,-0.1002610596358872,0.999999999636467,74,4,2026-02-25
UNP/VLTO,UNP,VLTO,fast_signal,-8989.58988769552,-0.8584891008666089,-0.1002610596358872,8.033558917342778e-14,80,4,2026-02-25
EXR/WY,EXR,WY,fast_signal,1330.765477812948,0.12844956187037052,-0.1002610596358872,0.7316748250819988,90,4,2026-02-25
CME/DE,CME,DE,fast_signal,3982.010217794421,0.4158858066898413,-0.1002610596358872,0.999999658495375,60,4,2026-02-25
BIIB/HCA,BIIB,HCA,fast_signal,2374.065274074985,0.23385729956474885,-0.1002610596358872,0.9951899841139454,58,4,2026-02-25
TXT/YUM,TXT,YUM,fast_signal,-454.2366236049716,-0.050252612336113216,-0.1002610596358872,0.0005077544289103285,74,4,2026-02-25
AKAM/KEYS,AKAM,KEYS,fast_signal,-6747.069999999992,-0.6461972587472252,-0.1002610596358872,5.146848874884594e-18,64,4,2026-02-25
ATO/PCG,ATO,PCG,fast_signal,3917.992920894549,0.405047972588599,-0.1002610596358872,0.9999986699230895,78,4,2026-02-25
RTX/SNA,RTX,SNA,fast_signal,8185.214687753047,1.0111153913674389,-0.1002610596358872,0.9999999975232655,60,4,2026-02-25
CDNS/PTC,CDNS,PTC,fast_signal,-293.3299999999849,-0.02844981402237993,-0.1002610596358872,0.004635188444347612,72,4,2026-02-25
EVRG/PCG,EVRG,PCG,fast_signal,-538.9124150006116,-0.05879578061804241,-0.1002610596358872,0.0003905318367541206,82,4,2026-02-25
AON/KKR,AON,KKR,fast_signal,14674.50274388641,0.8437479336991104,-0.1002610596358872,0.9999999999999798,78,4,2026-02-25
AIG/L,AIG,L,fast_signal,404.2779904063336,0.04891032870417305,-0.1002610596358872,0.16262260204279788,64,4,2026-02-25
AON/BR,AON,BR,fast_signal,1514.188878033146,0.2154178624810898,-0.1002610596358872,0.9877768312944883,82,4,2026-02-25
HAS/YUM,HAS,YUM,medium_signal_high_leverage,16838.32667653387,1.0347499743818473,-0.1994661180638646,0.999999999999815,54,4,2026-02-25
CSCO/PAYC,CSCO,PAYC,medium_signal_high_leverage,814.3882773823198,0.03935796185155368,-0.1994661180638646,0.10713920413624728,56,4,2026-02-25
UNP/VLTO,UNP,VLTO,medium_signal_high_leverage,-3266.765984751057,-0.21513896559661017,-0.1994661180638646,9.113140683057087e-17,54,4,2026-02-25
EXR/WY,EXR,WY,medium_signal_high_leverage,-1806.907433197618,-0.12230744541495443,-0.1994661180638646,3.899583986847404e-06,58,4,2026-02-25
CME/DE,CME,DE,medium_signal_high_leverage,18323.37883123038,1.1769056189408449,-0.1994661180638646,1.0,64,4,2026-02-25
BIIB/HCA,BIIB,HCA,medium_signal_high_leverage,12457.29705965549,0.7018080353180131,-0.1994661180638646,0.9999999999999452,62,4,2026-02-25
TXT/YUM,TXT,YUM,medium_signal_high_leverage,6929.801345203188,0.5211225558999101,-0.1994661180638646,0.9999999999642653,56,4,2026-02-25
AKAM/KEYS,AKAM,KEYS,medium_signal_high_leverage,731.8200000000625,0.04048660538100184,-0.1994661180638646,0.1084546838831793,48,4,2026-02-25
ATO/PCG,ATO,PCG,medium_signal_high_leverage,-4143.492738093943,-0.27135671159110625,-0.1994661180638646,2.2150173328893595e-14,48,4,2026-02-25
RTX/SNA,RTX,SNA,medium_signal_high_leverage,-654.4691426978334,-0.05718944716155223,-0.1994661180638646,0.00025480869674720125,56,4,2026-02-25
CDNS/PTC,CDNS,PTC,medium_signal_high_leverage,-2220.990000000043,-0.12760805037981005,-0.1994661180638646,1.458184172171066e-05,54,4,2026-02-25
EVRG/PCG,EVRG,PCG,medium_signal_high_leverage,-21676.50617423141,-1.4589600949989685,-0.1994661180638646,3.2418931521616995e-27,50,4,2026-02-25
AON/KKR,AON,KKR,medium_signal_high_leverage,-7383.186367467079,-0.30229092436999205,-0.1994661180638646,2.288862984092637e-13,56,4,2026-02-25
AIG/L,AIG,L,medium_signal_high_leverage,-9911.545471775298,-1.0042560567653025,-0.1994661180638646,3.4446240125132654e-11,54,4,2026-02-25
AON/BR,AON,BR,medium_signal_high_leverage,9150.113386078858,0.8643715238776332,-0.1994661180638646,0.9999994726843151,58,4,2026-02-25
HAS/YUM,HAS,YUM,long_z_short_v,-3719.192932864752,-0.48369859427555384,-0.2080985465777414,1.5365192925441478e-20,50,4,2026-02-25
CSCO/PAYC,CSCO,PAYC,long_z_short_v,5894.821262565532,0.6119068161502595,-0.2080985465777414,0.9999999999612618,50,4,2026-02-25
UNP/VLTO,UNP,VLTO,long_z_short_v,2451.485534491704,0.2671265196742171,-0.2080985465777414,0.9652747669205387,52,4,2026-02-25
EXR/WY,EXR,WY,long_z_short_v,4734.599117869448,0.5751713055409876,-0.2080985465777414,0.9999999999999992,50,4,2026-02-25
CME/DE,CME,DE,long_z_short_v,15443.37797861375,1.7990581652763964,-0.2080985465777414,0.9999999999994896,56,4,2026-02-25
BIIB/HCA,BIIB,HCA,long_z_short_v,2778.467899407623,0.3041352783443172,-0.2080985465777414,0.9997169192129901,38,4,2026-02-25
TXT/YUM,TXT,YUM,long_z_short_v,-2855.995275763828,-0.34524651799146094,-0.2080985465777414,2.3271911449622236e-19,48,4,2026-02-25
AKAM/KEYS,AKAM,KEYS,long_z_short_v,-2588.780000000041,-0.23418961546401315,-0.2080985465777414,4.3196556567048976e-07,36,4,2026-02-25
ATO/PCG,ATO,PCG,long_z_short_v,-8141.150033727579,-0.7814233283526658,-0.2080985465777414,8.222295402829441e-28,38,4,2026-02-25
RTX/SNA,RTX,SNA,long_z_short_v,8776.837430717886,1.2030166616493778,-0.2080985465777414,0.9999999544087388,40,4,2026-02-25
CDNS/PTC,CDNS,PTC,long_z_short_v,7498.100000000003,0.732264113814879,-0.2080985465777414,0.9999999999942474,44,4,2026-02-25
EVRG/PCG,EVRG,PCG,long_z_short_v,-18319.26537877706,-1.8523616422534275,-0.2080985465777414,1.7689642217376266e-25,42,4,2026-02-25
AON/KKR,AON,KKR,long_z_short_v,5319.94774604024,0.35484844451291536,-0.2080985465777414,0.9999999149390449,46,4,2026-02-25
AIG/L,AIG,L,long_z_short_v,1191.859886737724,0.2014886491789275,-0.2080985465777414,0.9911313128074407,34,4,2026-02-25
AON/BR,AON,BR,long_z_short_v,3004.879504371965,0.42567665432343144,-0.2080985465777414,0.9999977207431207,52,4,2026-02-25
HAS/YUM,HAS,YUM,vol_agnostic,4390.607725978639,0.2781427498389528,-0.2591026224602933,0.9926977961841031,98,4,2026-02-25
CSCO/PAYC,CSCO,PAYC,vol_agnostic,2435.588781739519,0.15302383862318875,-0.2591026224602933,0.8626841362811051,98,4,2026-02-25
UNP/VLTO,UNP,VLTO,vol_agnostic,-2906.409838657373,-0.25352941855453764,-0.2591026224602933,2.1397482162057545e-17,96,4,2026-02-25
EXR/WY,EXR,WY,vol_agnostic,12387.51503431573,0.9227419075899685,-0.2591026224602933,1.0,84,4,2026-02-25
CME/DE,CME,DE,vol_agnostic,17934.04681261138,1.3083372827804827,-0.2591026224602933,1.0,124,4,2026-02-25
BIIB/HCA,BIIB,HCA,vol_agnostic,19754.24901333905,1.2760354573697585,-0.2591026224602933,1.0,116,4,2026-02-25
TXT/YUM,TXT,YUM,vol_agnostic,-8621.430192900034,-0.6772131076617905,-0.2591026224602933,1.4688691213686987e-26,90,4,2026-02-25
AKAM/KEYS,AKAM,KEYS,vol_agnostic,-11816.37999999996,-0.5922747418401957,-0.2591026224602933,7.2081561288727385e-09,74,4,2026-02-25
ATO/PCG,ATO,PCG,vol_agnostic,-11587.22534153222,-0.8882738177529723,-0.2591026224602933,6.379012402371351e-33,70,4,2026-02-25
RTX/SNA,RTX,SNA,vol_agnostic,10187.72218805076,0.7831830601673944,-0.2591026224602933,0.9999999216531724,96,4,2026-02-25
CDNS/PTC,CDNS,PTC,vol_agnostic,2780.769999999982,0.23203691578864197,-0.2591026224602933,0.9980362839582524,72,4,2026-02-25
EVRG/PCG,EVRG,PCG,vol_agnostic,-24339.07774777969,-1.6232492838234072,-0.2591026224602933,1.024809491622521e-24,74,4,2026-02-25
AON/KKR,AON,KKR,vol_agnostic,5155.745543586322,0.23033492053001586,-0.2591026224602933,0.9988058746935037,102,4,2026-02-25
AIG/L,AIG,L,vol_agnostic,-13204.5669807744,-1.5460347925265885,-0.2591026224602933,1.3401087734891085e-21,84,4,2026-02-25
AON/BR,AON,BR,vol_agnostic,9284.856684004772,0.9277129508604401,-0.2591026224602933,0.999999997299445,94,4,2026-02-25
HAS/YUM,HAS,YUM,fast_reentry,11013.95379094901,0.8269413945804265,-0.2934599527107059,0.9997081609085436,52,4,2026-02-25
CSCO/PAYC,CSCO,PAYC,fast_reentry,-8.062500917852503,-0.0006385004080882679,-0.2934599527107059,0.017451278967527316,68,4,2026-02-25
UNP/VLTO,UNP,VLTO,fast_reentry,-2317.898786595002,-0.23673082153351704,-0.2934599527107059,2.2538000257176597e-17,64,4,2026-02-25
EXR/WY,EXR,WY,fast_reentry,-1679.877822439051,-0.20057251032522597,-0.2934599527107059,1.3101364523635483e-09,60,4,2026-02-25
CME/DE,CME,DE,fast_reentry,5931.058006727664,0.6195103085381731,-0.2934599527107059,0.999999999988601,64,4,2026-02-25
BIIB/HCA,BIIB,HCA,fast_reentry,2224.509599300494,0.19101998451290908,-0.2934599527107059,0.9699305542826956,64,4,2026-02-25
TXT/YUM,TXT,YUM,fast_reentry,-3871.912529509455,-0.4329211064423409,-0.2934599527107059,2.7999310873248335e-22,72,4,2026-02-25
AKAM/KEYS,AKAM,KEYS,fast_reentry,-3447.390000000011,-0.2890098246232031,-0.2934599527107059,8.805947213764771e-09,54,4,2026-02-25
ATO/PCG,ATO,PCG,fast_reentry,5094.35851029669,0.5087517912217444,-0.2934599527107059,0.9999999743363696,78,4,2026-02-25
RTX/SNA,RTX,SNA,fast_reentry,9231.510051284304,1.3861513535524563,-0.2934599527107059,1.0,58,4,2026-02-25
CDNS/PTC,CDNS,PTC,fast_reentry,-1053.580000000015,-0.09593688685099544,-0.2934599527107059,0.00013778977922310027,54,4,2026-02-25
EVRG/PCG,EVRG,PCG,fast_reentry,-3803.169811158024,-0.3685716513904564,-0.2934599527107059,1.2623656632090347e-15,66,4,2026-02-25
AON/KKR,AON,KKR,fast_reentry,1552.950670007137,0.10945625287801986,-0.2934599527107059,0.5891389082197164,66,4,2026-02-25
AIG/L,AIG,L,fast_reentry,-6707.907300059182,-1.1661192103506772,-0.2934599527107059,2.96561357591653e-29,60,4,2026-02-25
AON/BR,AON,BR,fast_reentry,5249.832443930612,0.7978645596650796,-0.2934599527107059,0.9999923585963885,46,4,2026-02-25
HAS/YUM,HAS,YUM,fast_signal_tight_stop,-9362.50584062183,-0.9342498265123081,-0.4296490345580929,1.3660568899642812e-07,62,4,2026-02-25
CSCO/PAYC,CSCO,PAYC,fast_signal_tight_stop,1080.365635235874,0.08149197727539005,-0.4296490345580929,0.3533580118162659,62,4,2026-02-25
UNP/VLTO,UNP,VLTO,fast_signal_tight_stop,-556.8949002615061,-0.06020072529504505,-0.4296490345580929,5.8702299880620154e-05,80,4,2026-02-25
EXR/WY,EXR,WY,fast_signal_tight_stop,3748.714314394317,0.4724991451661782,-0.4296490345580929,0.9999999999915374,82,4,2026-02-25
CME/DE,CME,DE,fast_signal_tight_stop,2700.100173511304,0.2985071308494678,-0.4296490345580929,0.9996256382570116,60,4,2026-02-25
BIIB/HCA,BIIB,HCA,fast_signal_tight_stop,1521.425143039341,0.17470588283851737,-0.4296490345580929,0.9330391119688357,52,4,2026-02-25
TXT/YUM,TXT,YUM,fast_signal_tight_stop,718.5962128938888,0.09036629625152486,-0.4296490345580929,0.437044924547919,60,4,2026-02-25
AKAM/KEYS,AKAM,KEYS,fast_signal_tight_stop,-15936.52000000004,-1.3138106367234745,-0.4296490345580929,2.0212361248588455e-08,60,4,2026-02-25
ATO/PCG,ATO,PCG,fast_signal_tight_stop,8542.66056051134,0.9535750949729451,-0.4296490345580929,0.9999999999168823,68,4,2026-02-25
RTX/SNA,RTX,SNA,fast_signal_tight_stop,8130.614208276429,1.016221618741697,-0.4296490345580929,0.9999999979399754,60,4,2026-02-25
CDNS/PTC,CDNS,PTC,fast_signal_tight_stop,-1863.389999999982,-0.19237726424447615,-0.4296490345580929,5.538971513077858e-06,66,4,2026-02-25
EVRG/PCG,EVRG,PCG,fast_signal_tight_stop,-3750.639006472615,-0.47856219910514414,-0.4296490345580929,3.025902653678135e-19,66,4,2026-02-25
AON/KKR,AON,KKR,fast_signal_tight_stop,18366.73376828296,1.1318898218934135,-0.4296490345580929,0.9999999999645983,70,4,2026-02-25
AIG/L,AIG,L,fast_signal_tight_stop,2130.304377913951,0.30277997370727905,-0.4296490345580929,0.9846612483019661,54,4,2026-02-25
AON/BR,AON,BR,fast_signal_tight_stop,-2640.429994314447,-0.407644672186786,-0.4296490345580929,3.104808289814401e-14,76,4,2026-02-25
HAS/YUM,HAS,YUM,balanced_plus,1989.649385471209,0.20087721718369686,-0.4482822770635533,0.9862186849900344,56,4,2026-02-25
CSCO/PAYC,CSCO,PAYC,balanced_plus,6544.696045028446,0.5138205023928016,-0.4482822770635533,0.9999984862669178,58,4,2026-02-25
UNP/VLTO,UNP,VLTO,balanced_plus,-11357.24641317312,-1.1846720915149107,-0.4482822770635533,3.1786887910382165e-10,56,4,2026-02-25
EXR/WY,EXR,WY,balanced_plus,3198.011545266601,0.3457633615908848,-0.4482822770635533,0.9999733651951409,56,4,2026-02-25
CME/DE,CME,DE,balanced_plus,14951.47932214065,1.3856784109564093,-0.4482822770635533,1.0,66,4,2026-02-25
BIIB/HCA,BIIB,HCA,balanced_plus,3623.554930536138,0.3525731282342357,-0.4482822770635533,0.9999981511288263,58,4,2026-02-25
TXT/YUM,TXT,YUM,balanced_plus,-3150.799778714756,-0.328492758442148,-0.4482822770635533,8.281166712036865e-20,68,4,2026-02-25
AKAM/KEYS,AKAM,KEYS,balanced_plus,3152.300000000009,0.29929306079708895,-0.4482822770635533,0.9999289273151469,56,4,2026-02-25
ATO/PCG,ATO,PCG,balanced_plus,-7123.711808282468,-0.8480613650821572,-0.4482822770635533,3.1414002204226804e-26,60,4,2026-02-25
RTX/SNA,RTX,SNA,balanced_plus,1501.888301887338,0.19884851134391768,-0.4482822770635533,0.9423014317617745,64,4,2026-02-25
CDNS/PTC,CDNS,PTC,balanced_plus,5985.109999999951,0.557350666781466,-0.4482822770635533,0.9999999995044012,62,4,2026-02-25
EVRG/PCG,EVRG,PCG,balanced_plus,-5231.220018130221,-0.5948392288916867,-0.4482822770635533,7.694083384981452e-16,56,4,2026-02-25
AON/KKR,AON,KKR,balanced_plus,-5518.742616669167,-0.40650590721366675,-0.4482822770635533,1.5489381341348816e-14,62,4,2026-02-25
AIG/L,AIG,L,balanced_plus,-5129.934524436134,-0.770101199723988,-0.4482822770635533,4.868959619243108e-10,56,4,2026-02-25
AON/BR,AON,BR,balanced_plus,7865.639676000409,1.082877347327469,-0.4482822770635533,0.999999939463524,64,4,2026-02-25
HAS/YUM,HAS,YUM,short_z_long_v,2324.488740652977,0.22062341080069472,-0.5222930504900928,0.9980609999322311,52,4,2026-02-25
CSCO/PAYC,CSCO,PAYC,short_z_long_v,-1814.460673299966,-0.1440857373471288,-0.5222930504900928,1.4679385545032538e-05,50,4,2026-02-25
UNP/VLTO,UNP,VLTO,short_z_long_v,-2520.374738565468,-0.25445260785932516,-0.5222930504900928,9.83513182593482e-13,50,4,2026-02-25
EXR/WY,EXR,WY,short_z_long_v,5298.92451740796,0.5715517028335045,-0.5222930504900928,0.9999997906914927,70,4,2026-02-25
CME/DE,CME,DE,short_z_long_v,17000.55114690431,1.5504292822567673,-0.5222930504900928,0.9999998705883524,64,4,2026-02-25
BIIB/HCA,BIIB,HCA,short_z_long_v,13204.79763705449,1.2822139610733043,-0.5222930504900928,1.0,56,4,2026-02-25
TXT/YUM,TXT,YUM,short_z_long_v,-7455.831733281851,-0.7698215372640764,-0.5222930504900928,8.336301667526739e-15,66,4,2026-02-25
AKAM/KEYS,AKAM,KEYS,short_z_long_v,-12496.48000000003,-0.7277627336982708,-0.5222930504900928,5.23722003071998e-06,62,4,2026-02-25
ATO/PCG,ATO,PCG,short_z_long_v,-9003.486804396181,-0.909264820773478,-0.5222930504900928,4.350014938274403e-22,82,4,2026-02-25
RTX/SNA,RTX,SNA,short_z_long_v,3354.671232968882,0.38380715322825804,-0.5222930504900928,0.9997163725188005,56,4,2026-02-25
CDNS/PTC,CDNS,PTC,short_z_long_v,2997.650000000027,0.3427209302843959,-0.5222930504900928,0.9999495635429444,56,4,2026-02-25
EVRG/PCG,EVRG,PCG,short_z_long_v,1161.950418720104,0.11726461902069907,-0.5222930504900928,0.6438496717451161,66,4,2026-02-25
AON/KKR,AON,KKR,short_z_long_v,3376.829372286159,0.22911203716266818,-0.5222930504900928,0.9963281210908808,76,4,2026-02-25
AIG/L,AIG,L,short_z_long_v,-2161.584507363813,-0.37564288140362856,-0.5222930504900928,1.5132672255774306e-10,62,4,2026-02-25
AON/BR,AON,BR,short_z_long_v,-7159.401960118032,-1.161754713828193,-0.5222930504900928,4.6129690368750285e-14,54,4,2026-02-25
HAS/YUM,HAS,YUM,tight_stop,7611.5764737359,0.5895763141197599,-0.5694430732863246,0.998509090252662,54,4,2026-02-25
CSCO/PAYC,CSCO,PAYC,tight_stop,3350.66365427203,0.31273158418712554,-0.5694430732863246,0.9998030824997005,58,4,2026-02-25
UNP/VLTO,UNP,VLTO,tight_stop,-1211.112337337027,-0.13815182627636083,-0.5694430732863246,2.238513071944813e-11,58,4,2026-02-25
EXR/WY,EXR,WY,tight_stop,8735.063553675116,1.058241255878723,-0.5694430732863246,0.999999766821815,58,4,2026-02-25
CME/DE,CME,DE,tight_stop,6591.098115913322,0.7697031458204142,-0.5694430732863246,0.999999999998913,62,4,2026-02-25
BIIB/HCA,BIIB,HCA,tight_stop,-192.0067483270225,-0.017303177018566873,-0.5694430732863246,0.007033442022729017,60,4,2026-02-25
TXT/YUM,TXT,YUM,tight_stop,-1192.123035184136,-0.1645934205896289,-0.5694430732863246,8.12222000635262e-08,70,4,2026-02-25
AKAM/KEYS,AKAM,KEYS,tight_stop,-10535.83999999998,-1.18587558021327,-0.5694430732863246,2.1048662953589922e-17,52,4,2026-02-25
ATO/PCG,ATO,PCG,tight_stop,-3154.599165872275,-0.37307931360254637,-0.5694430732863246,1.5782695182210395e-13,64,4,2026-02-25
RTX/SNA,RTX,SNA,tight_stop,2457.820565293343,0.3022244116985888,-0.5694430732863246,0.993855045226588,64,4,2026-02-25
CDNS/PTC,CDNS,PTC,tight_stop,-6161.469999999992,-0.5950890537542716,-0.5694430732863246,3.501910330385498e-10,52,4,2026-02-25
EVRG/PCG,EVRG,PCG,tight_stop,-7563.79048763028,-0.9485700180286561,-0.5694430732863246,1.0824931766505644e-12,66,4,2026-02-25
AON/KKR,AON,KKR,tight_stop,4595.630804292779,0.3952102724841511,-0.5694430732863246,0.9999575185184507,56,4,2026-02-25
AIG/L,AIG,L,tight_stop,-1355.393209120496,-0.36453868121376554,-0.5694430732863246,9.067219792358325e-14,48,4,2026-02-25
AON/BR,AON,BR,tight_stop,4938.159083402861,0.7701862941081575,-0.5694430732863246,0.9999881052172462,48,4,2026-02-25
HAS/YUM,HAS,YUM,symmetric_exit,10386.88962418085,1.318464475356022,-0.6007383115858052,0.9999999999999928,40,4,2026-02-25
CSCO/PAYC,CSCO,PAYC,symmetric_exit,-5085.771130321862,-0.42729522226426014,-0.6007383115858052,3.26009162435421e-08,44,4,2026-02-25
UNP/VLTO,UNP,VLTO,symmetric_exit,-969.7715915593394,-0.11094623636399133,-0.6007383115858052,9.74282731586354e-09,44,4,2026-02-25
EXR/WY,EXR,WY,symmetric_exit,1489.30651679502,0.22095537387502667,-0.6007383115858052,0.9958554749302219,50,4,2026-02-25
CME/DE,CME,DE,symmetric_exit,8053.726186734981,1.0273936870183755,-0.6007383115858052,0.9999999997429476,52,4,2026-02-25
BIIB/HCA,BIIB,HCA,symmetric_exit,-2298.323392410484,-0.2387781693646536,-0.6007383115858052,1.9736071083554164e-09,52,4,2026-02-25
TXT/YUM,TXT,YUM,symmetric_exit,2927.296997575718,0.39447218917614035,-0.6007383115858052,0.9999992144236696,50,4,2026-02-25
AKAM/KEYS,AKAM,KEYS,symmetric_exit,-4131.160000000004,-0.40538605216403634,-0.6007383115858052,2.4649323849482072e-08,36,4,2026-02-25
ATO/PCG,ATO,PCG,symmetric_exit,-5860.55633779344,-0.8595014040666122,-0.6007383115858052,4.24888268211935e-14,58,4,2026-02-25
RTX/SNA,RTX,SNA,symmetric_exit,3309.744846048528,0.45937801441062714,-0.6007383115858052,0.9999938510763293,44,4,2026-02-25
CDNS/PTC,CDNS,PTC,symmetric_exit,2033.74999999999,0.21906298856288192,-0.6007383115858052,0.9976883374844163,44,4,2026-02-25
EVRG/PCG,EVRG,PCG,symmetric_exit,1962.75834192558,0.2292999565830354,-0.6007383115858052,0.9799480764978538,50,4,2026-02-25
AON/KKR,AON,KKR,symmetric_exit,1950.951727454828,0.18794891398427568,-0.6007383115858052,0.9836516948715598,40,4,2026-02-25
AIG/L,AIG,L,symmetric_exit,-6654.836759955224,-1.4284406700672168,-0.6007383115858052,4.181469048515131e-21,42,4,2026-02-25
AON/BR,AON,BR,symmetric_exit,2007.23433164917,0.35234120112751605,-0.6007383115858052,0.9992044840925381,38,4,2026-02-25
HAS/YUM,HAS,YUM,high_vol_specialist,11388.0014675841,1.3827038607170798,-0.6075390204181511,0.9999999999975856,38,4,2026-02-25
CSCO/PAYC,CSCO,PAYC,high_vol_specialist,-3157.989640110693,-0.255784112941668,-0.6075390204181511,4.2917589739928634e-08,36,4,2026-02-25
UNP/VLTO,UNP,VLTO,high_vol_specialist,-987.1753509736561,-0.10629863891861888,-0.6075390204181511,2.2318855766824472e-08,36,4,2026-02-25
EXR/WY,EXR,WY,high_vol_specialist,6108.776629008193,0.7367422455632915,-0.6075390204181511,1.0,38,4,2026-02-25
CME/DE,CME,DE,high_vol_specialist,13649.63826139597,1.689820130048561,-0.6075390204181511,0.9999999999999675,50,4,2026-02-25
BIIB/HCA,BIIB,HCA,high_vol_specialist,8681.458668210758,0.9617615936200281,-0.6075390204181511,0.999999999999516,36,4,2026-02-25
TXT/YUM,TXT,YUM,high_vol_specialist,-769.6680557817131,-0.07605862301442536,-0.6075390204181511,0.00021748119542730696,42,4,2026-02-25
AKAM/KEYS,AKAM,KEYS,high_vol_specialist,-15240.17999999997,-0.838250976540066,-0.6075390204181511,6.001516547634406e-07,42,4,2026-02-25
ATO/PCG,ATO,PCG,high_vol_specialist,-7434.534677385965,-0.6107781448234564,-0.6075390204181511,7.871613727384428e-34,52,4,2026-02-25
RTX/SNA,RTX,SNA,high_vol_specialist,7904.363898718993,1.4709219873709551,-0.6075390204181511,0.9999999999995616,34,4,2026-02-25
CDNS/PTC,CDNS,PTC,high_vol_specialist,1479.019999999968,0.161921811242755,-0.6075390204181511,0.9199998893174572,40,4,2026-02-25
EVRG/PCG,EVRG,PCG,high_vol_specialist,-13188.96778735808,-0.9703915295388768,-0.6075390204181511,8.072458087129249e-26,48,4,2026-02-25
AON/KKR,AON,KKR,high_vol_specialist,-3686.789739571375,-0.2973069447080058,-0.6075390204181511,8.351502630810746e-10,40,4,2026-02-25
AIG/L,AIG,L,high_vol_specialist,-2675.208528922359,-0.5042136636811245,-0.6075390204181511,2.2195882261879608e-24,42,4,2026-02-25
AON/BR,AON,BR,high_vol_specialist,429.5929993674308,0.0530965936528041,-0.6075390204181511,0.15662131444834276,40,4,2026-02-25
HAS/YUM,HAS,YUM,slow_signal,1838.690777830222,0.2929427166239791,-0.6350963660940983,0.9999564599598042,46,4,2026-02-25
CSCO/PAYC,CSCO,PAYC,slow_signal,3329.178831362763,0.2252572531630668,-0.6350963660940983,0.9932503225138981,38,4,2026-02-25
UNP/VLTO,UNP,VLTO,slow_signal,-686.9949255502629,-0.07758382644071285,-0.6350963660940983,1.9531223148396403e-06,34,4,2026-02-25
EXR/WY,EXR,WY,slow_signal,12269.59169570695,1.5972329145050688,-0.6350963660940983,1.0,38,4,2026-02-25
CME/DE,CME,DE,slow_signal,14668.98490915639,1.9671380542264343,-0.6350963660940983,0.9999999999699701,40,4,2026-02-25
BIIB/HCA,BIIB,HCA,slow_signal,10222.10047465702,1.1452013556652771,-0.6350963660940983,0.9999999999999435,36,4,2026-02-25
TXT/YUM,TXT,YUM,slow_signal,-1970.140511209478,-0.245182545249112,-0.6350963660940983,1.2074730979366661e-14,46,4,2026-02-25
AKAM/KEYS,AKAM,KEYS,slow_signal,-20849.15,-1.1386412910674013,-0.6350963660940983,4.366417607409981e-07,40,4,2026-02-25
ATO/PCG,ATO,PCG,slow_signal,-13110.9287975827,-1.2992536528965757,-0.6350963660940983,3.857759499656498e-28,56,4,2026-02-25
RTX/SNA,RTX,SNA,slow_signal,3406.224596768699,0.5427996536650869,-0.6350963660940983,0.9999988141933175,38,4,2026-02-25
CDNS/PTC,CDNS,PTC,slow_signal,-2299.760000000038,-0.27029692641829867,-0.6350963660940983,7.274760575948883e-07,40,4,2026-02-25
EVRG/PCG,EVRG,PCG,slow_signal,-11015.13775815772,-0.8886622099842294,-0.6350963660940983,1.8338755088495147e-23,52,4,2026-02-25
AON/KKR,AON,KKR,slow_signal,5328.486763222778,0.4675881109163292,-0.6350963660940983,0.9999999998719823,44,4,2026-02-25
AIG/L,AIG,L,slow_signal,-4301.580670418881,-0.9691607695014289,-0.6350963660940983,6.184228141554457e-23,46,4,2026-02-25
AON/BR,AON,BR,slow_signal,5282.290906451518,0.8347451058357215,-0.6350963660940983,0.9999797542722844,36,4,2026-02-25
HAS/YUM,HAS,YUM,low_entry,5322.792653794148,0.3064219399219105,-0.654944732184675,0.9982281916828947,94,4,2026-02-25
CSCO/PAYC,CSCO,PAYC,low_entry,3748.699395806552,0.2142896003886428,-0.654944732184675,0.9948192157434962,106,4,2026-02-25
UNP/VLTO,UNP,VLTO,low_entry,-7336.894354426284,-0.6753577525852086,-0.654944732184675,1.8916294048339086e-20,106,4,2026-02-25
EXR/WY,EXR,WY,low_entry,-2506.743768166858,-0.2431436394853221,-0.654944732184675,3.900869035533974e-11,106,4,2026-02-25
CME/DE,CME,DE,low_entry,18657.62346823481,1.3540988890059622,-0.654944732184675,0.9999999999999987,106,4,2026-02-25
BIIB/HCA,BIIB,HCA,low_entry,6946.887186544047,0.5213872173776318,-0.654944732184675,0.9999999999839984,116,4,2026-02-25
TXT/YUM,TXT,YUM,low_entry,5640.703250173649,0.5605785126112512,-0.654944732184675,0.9999999999980712,96,4,2026-02-25
AKAM/KEYS,AKAM,KEYS,low_entry,-633.4699999999884,-0.046909846638854134,-0.654944732184675,0.001291596823361338,76,4,2026-02-25
ATO/PCG,ATO,PCG,low_entry,-8429.235335548725,-0.6821339045228787,-0.654944732184675,1.2051759616570098e-27,106,4,2026-02-25
RTX/SNA,RTX,SNA,low_entry,3526.179389164378,0.3546615338396497,-0.654944732184675,0.9998590474531589,90,4,2026-02-25
CDNS/PTC,CDNS,PTC,low_entry,-1686.160000000034,-0.12783036210819093,-0.654944732184675,5.225652433787911e-06,100,4,2026-02-25
EVRG/PCG,EVRG,PCG,low_entry,-17454.38437244056,-1.2776070023242154,-0.654944732184675,2.3380680150875142e-18,102,4,2026-02-25
AON/KKR,AON,KKR,low_entry,-17982.2430441516,-0.9547377654314917,-0.654944732184675,1.4684095667422326e-35,124,4,2026-02-25
AIG/L,AIG,L,low_entry,-6945.462296144156,-0.6564226892451541,-0.654944732184675,3.503595427361038e-21,120,4,2026-02-25
AON/BR,AON,BR,low_entry,10261.20095844083,1.3431691714061607,-0.654944732184675,0.9999999993597873,78,4,2026-02-25
HAS/YUM,HAS,YUM,high_leverage,12661.0192923454,0.631805430879866,-0.6662682076070213,0.9994868018853871,50,4,2026-02-25
CSCO/PAYC,CSCO,PAYC,high_leverage,-6466.268580265558,-0.32423375679416483,-0.6662682076070213,2.040237229454045e-10,66,4,2026-02-25
UNP/VLTO,UNP,VLTO,high_leverage,-3079.258721357142,-0.2162559436275257,-0.6662682076070213,1.2844258868526436e-15,58,4,2026-02-25
EXR/WY,EXR,WY,high_leverage,6588.878504013875,0.4224008617204022,-0.6662682076070213,0.9999999994797133,64,4,2026-02-25
CME/DE,CME,DE,high_leverage,8662.505018093841,0.6125652782902968,-0.6662682076070213,0.999999999984194,64,4,2026-02-25
BIIB/HCA,BIIB,HCA,high_leverage,1829.410774045309,0.10880009002875396,-0.6662682076070213,0.5838824910053468,52,4,2026-02-25
TXT/YUM,TXT,YUM,high_leverage,-3427.589057846126,-0.24414258630206812,-0.6662682076070213,6.498521624644153e-12,68,4,2026-02-25
AKAM/KEYS,AKAM,KEYS,high_leverage,-6147.779999999947,-0.37540967811289555,-0.6662682076070213,2.097627202776831e-09,46,4,2026-02-25
ATO/PCG,ATO,PCG,high_leverage,-5647.663028582157,-0.381939645179492,-0.6662682076070213,3.3636454861857575e-17,50,4,2026-02-25
RTX/SNA,RTX,SNA,high_leverage,6000.737771101776,0.47758680736613424,-0.6662682076070213,0.9999337935290895,60,4,2026-02-25
CDNS/PTC,CDNS,PTC,high_leverage,-5001.070000000022,-0.3277134683005236,-0.6662682076070213,4.728884620744378e-08,48,4,2026-02-25
EVRG/PCG,EVRG,PCG,high_leverage,-19431.48755328099,-1.2765454943673913,-0.6662682076070213,1.1813072611431464e-23,50,4,2026-02-25
AON/KKR,AON,KKR,high_leverage,3293.381602611459,0.15661262032132076,-0.6662682076070213,0.8879925740166128,56,4,2026-02-25
AIG/L,AIG,L,high_leverage,-14086.22171247876,-1.860851492150258,-0.6662682076070213,1.7705194564628298e-29,44,4,2026-02-25
AON/BR,AON,BR,high_leverage,7440.506690638153,0.7761882728032439,-0.6662682076070213,0.9999946238651491,44,4,2026-02-25
HAS/YUM,HAS,YUM,quick_exit,6898.047938157388,0.5345460670104064,-0.7291848660336232,0.9979138612695488,54,4,2026-02-25
CSCO/PAYC,CSCO,PAYC,quick_exit,5167.528437778386,0.46795303633659063,-0.7291848660336232,0.9999979869520024,58,4,2026-02-25
UNP/VLTO,UNP,VLTO,quick_exit,-698.5806581610932,-0.07954624463080677,-0.7291848660336232,1.3227645924709969e-06,58,4,2026-02-25
EXR/WY,EXR,WY,quick_exit,6999.276726856015,0.8990788195571631,-0.7291848660336232,0.9999977800291748,58,4,2026-02-25
CME/DE,CME,DE,quick_exit,5065.62646437282,0.5779168258677851,-0.7291848660336232,0.9999999997450639,62,4,2026-02-25
BIIB/HCA,BIIB,HCA,quick_exit,-329.8609452530789,-0.029485085194735867,-0.7291848660336232,0.0034183673400301315,60,4,2026-02-25
TXT/YUM,TXT,YUM,quick_exit,874.1731480601038,0.12298741267981697,-0.7291848660336232,0.6920672880531638,68,4,2026-02-25
AKAM/KEYS,AKAM,KEYS,quick_exit,-11672.75999999999,-1.3050677200294336,-0.7291848660336232,1.6069071756333065e-17,52,4,2026-02-25
ATO/PCG,ATO,PCG,quick_exit,-4543.662257595492,-0.54290498704361,-0.7291848660336232,7.830018796479249e-15,66,4,2026-02-25
RTX/SNA,RTX,SNA,quick_exit,3543.311155499102,0.4082677374330858,-0.7291848660336232,0.9997998089242228,60,4,2026-02-25
CDNS/PTC,CDNS,PTC,quick_exit,-7936.810000000016,-0.729406538234656,-0.7291848660336232,6.194015188717021e-12,54,4,2026-02-25
EVRG/PCG,EVRG,PCG,quick_exit,-5362.082268341615,-0.6809875580410399,-0.7291848660336232,5.115666551803378e-13,64,4,2026-02-25
AON/KKR,AON,KKR,quick_exit,1672.441881947371,0.14383725362249353,-0.7291848660336232,0.8108386870293693,60,4,2026-02-25
AIG/L,AIG,L,quick_exit,-2309.898514355696,-0.5551218784985157,-0.7291848660336232,1.6717963291875645e-19,48,4,2026-02-25
AON/BR,AON,BR,quick_exit,3615.114839790338,0.6061790938053063,-0.7291848660336232,0.9998740554655509,42,4,2026-02-25
HAS/YUM,HAS,YUM,high_entry,8936.922196484793,1.799014299335109,-0.7847459535450274,0.9999999999914657,22,4,2026-02-25
CSCO/PAYC,CSCO,PAYC,high_entry,-5544.438787018673,-0.48612999194111756,-0.7847459535450274,1.9287907460239418e-07,26,4,2026-02-25
UNP/VLTO,UNP,VLTO,high_entry,-2302.799887091254,-0.2846915530052716,-0.7847459535450274,2.7339752938176963e-12,28,4,2026-02-25
EXR/WY,EXR,WY,high_entry,-221.8624902525862,-0.03888440163919435,-0.7847459535450274,0.0023521925323086636,26,4,2026-02-25
CME/DE,CME,DE,high_entry,1647.333414841733,0.21269139473173154,-0.7847459535450274,0.9837714139190707,34,4,2026-02-25
BIIB/HCA,BIIB,HCA,high_entry,1167.80479447538,0.15117149799475377,-0.7847459535450274,0.8455067362370072,24,4,2026-02-25
TXT/YUM,TXT,YUM,high_entry,-1247.372621163674,-0.2139337673175505,-0.7847459535450274,3.6933945617255697e-09,28,4,2026-02-25
AKAM/KEYS,AKAM,KEYS,high_entry,6203.919999999991,0.6965127064111929,-0.7847459535450274,0.9999969105942976,30,4,2026-02-25
ATO/PCG,ATO,PCG,high_entry,-11017.83413274187,-1.7983321134088541,-0.7847459535450274,7.1325472185970034e-09,40,4,2026-02-25
RTX/SNA,RTX,SNA,high_entry,4880.676464704678,0.9902818956960208,-0.7847459535450274,0.9999999962275152,22,4,2026-02-25
CDNS/PTC,CDNS,PTC,high_entry,7419.759999999977,0.8767210646449098,-0.7847459535450274,0.9999998378889919,26,4,2026-02-25
EVRG/PCG,EVRG,PCG,high_entry,-1494.520690827941,-0.18589128462655694,-0.7847459535450274,2.2723099265818208e-09,38,4,2026-02-25
AON/KKR,AON,KKR,high_entry,-1412.974089929363,-0.16519551737779237,-0.7847459535450274,2.1815399844969404e-05,28,4,2026-02-25
AIG/L,AIG,L,high_entry,-4670.549973118028,-1.0621902647277452,-0.7847459535450274,4.688897453030745e-16,24,4,2026-02-25
AON/BR,AON,BR,high_entry,2955.56370467265,0.5817244040397216,-0.7847459535450274,0.9963642145277192,18,4,2026-02-25
HAS/YUM,HAS,YUM,high_turnover,5380.081961929575,0.5543119279577748,-0.8013558917955917,0.9999999999976753,92,4,2026-02-25
CSCO/PAYC,CSCO,PAYC,high_turnover,1115.575853609521,0.08870942677732138,-0.8013558917955917,0.4221302388967142,80,4,2026-02-25
UNP/VLTO,UNP,VLTO,high_turnover,-7674.675047678757,-0.7501634353191268,-0.8013558917955917,9.2875377238279e-16,98,4,2026-02-25
EXR/WY,EXR,WY,high_turnover,9815.356010139007,1.0427532906796892,-0.8013558917955917,1.0,96,4,2026-02-25
CME/DE,CME,DE,high_turnover,7073.922338770012,0.5186482814382632,-0.8013558917955917,0.9999999999952448,102,4,2026-02-25
BIIB/HCA,BIIB,HCA,high_turnover,3426.536115014674,0.2721080025316493,-0.8013558917955917,0.9993880268632062,102,4,2026-02-25
TXT/YUM,TXT,YUM,high_turnover,1822.073130348788,0.17269214634059413,-0.8013558917955917,0.8989269784689254,86,4,2026-02-25
AKAM/KEYS,AKAM,KEYS,high_turnover,-10488.05999999997,-0.7947219313456136,-0.8013558917955917,1.662651889720793e-08,86,4,2026-02-25
ATO/PCG,ATO,PCG,high_turnover,-119.2875184546829,-0.0151739866181762,-0.8013558917955917,0.006756824879596219,80,4,2026-02-25
RTX/SNA,RTX,SNA,high_turnover,6206.161467256523,0.820700240002645,-0.8013558917955917,1.0,90,4,2026-02-25
CDNS/PTC,CDNS,PTC,high_turnover,-17315.89000000004,-1.1473565572264424,-0.8013558917955917,1.4777478702006982e-06,86,4,2026-02-25
EVRG/PCG,EVRG,PCG,high_turnover,-5192.402416223717,-0.7139533439255406,-0.8013558917955917,4.448138761222261e-16,74,4,2026-02-25
AON/KKR,AON,KKR,high_turnover,-8177.196041105653,-0.6184248489516632,-0.8013558917955917,1.5300044422281107e-16,86,4,2026-02-25
AIG/L,AIG,L,high_turnover,7563.412574896187,1.133328135569289,-0.8013558917955917,0.9999999996751999,86,4,2026-02-25
AON/BR,AON,BR,high_turnover,-344.3311611378876,-0.03603980284298877,-0.8013558917955917,0.0016991725106143267,94,4,2026-02-25
HAS/YUM,HAS,YUM,default,10512.32601585214,0.8082352785948679,-0.8155860950168622,0.999618955094908,50,4,2026-02-25
CSCO/PAYC,CSCO,PAYC,default,155.7509086634054,0.013316399539220095,-0.8155860950168622,0.03297572815365157,64,4,2026-02-25
UNP/VLTO,UNP,VLTO,default,-275.6439104158485,-0.029500285498026236,-0.8155860950168622,0.001623856091753776,58,4,2026-02-25
EXR/WY,EXR,WY,default,3565.942456158801,0.3601407279373409,-0.8155860950168622,0.9999999735810722,62,4,2026-02-25
CME/DE,CME,DE,default,5811.91692195956,0.6164580337382591,-0.8155860950168622,0.9999999999872946,64,4,2026-02-25
BIIB/HCA,BIIB,HCA,default,-195.0355210509465,-0.017756361238904027,-0.8155860950168622,0.006849571136163545,60,4,2026-02-25
TXT/YUM,TXT,YUM,default,-2823.672866639302,-0.3328440121285401,-0.8155860950168622,1.1758090294837857e-16,66,4,2026-02-25
AKAM/KEYS,AKAM,KEYS,default,-6825.510000000002,-0.6310651904217792,-0.8155860950168622,4.2046343562235396e-10,52,4,2026-02-25
ATO/PCG,ATO,PCG,default,-2520.527761200275,-0.2970781390852286,-0.8155860950168622,1.039378979397234e-12,58,4,2026-02-25
RTX/SNA,RTX,SNA,default,4040.160164323895,0.48271875617940646,-0.8155860950168622,0.9999429644014864,60,4,2026-02-25
CDNS/PTC,CDNS,PTC,default,-3169.260000000013,-0.30894684116262744,-0.8155860950168622,5.6160222269051015e-08,50,4,2026-02-25
EVRG/PCG,EVRG,PCG,default,-8398.923691001224,-0.950892593666579,-0.8155860950168622,1.3039657154142044e-14,58,4,2026-02-25
AON/KKR,AON,KKR,default,1350.644418986586,0.09944629851263241,-0.8155860950168622,0.5057411759978748,56,4,2026-02-25
AIG/L,AIG,L,default,-9858.65239405524,-2.03890375739244,-0.8155860950168622,6.713173858310892e-23,42,4,2026-02-25
AON/BR,AON,BR,default,4380.535888490137,0.687106002375895,-0.8155860950168622,0.999989675626416,44,4,2026-02-25
HAS/YUM,HAS,YUM,patient_hold,4796.60027584117,0.5759648407492594,-0.8647114504282233,0.9999449258650416,30,4,2026-02-25
CSCO/PAYC,CSCO,PAYC,patient_hold,8292.855372485712,0.8040482919567623,-0.8647114504282233,0.9999987707305422,32,4,2026-02-25
UNP/VLTO,UNP,VLTO,patient_hold,-1735.40120114491,-0.19593582272282353,-0.8647114504282233,8.803597961718013e-15,38,4,2026-02-25
EXR/WY,EXR,WY,patient_hold,296.6386519231673,0.03993838063347491,-0.8647114504282233,0.09950629908342978,34,4,2026-02-25
CME/DE,CME,DE,patient_hold,9703.61632274162,1.1254371194457413,-0.8647114504282233,0.9999999999994401,56,4,2026-02-25
BIIB/HCA,BIIB,HCA,patient_hold,2576.334182968506,0.28959103221774324,-0.8647114504282233,0.9997683726919261,34,4,2026-02-25
TXT/YUM,TXT,YUM,patient_hold,-6183.155971992093,-0.7395426925823472,-0.8647114504282233,5.055254296066372e-23,44,4,2026-02-25
AKAM/KEYS,AKAM,KEYS,patient_hold,-11341.25000000001,-1.030162566876743,-0.8647114504282233,5.3855160068492655e-11,36,4,2026-02-25
ATO/PCG,ATO,PCG,patient_hold,-5551.289551093819,-0.5711998221285685,-0.8647114504282233,3.7636672054588245e-23,44,4,2026-02-25
RTX/SNA,RTX,SNA,patient_hold,9331.875414008906,1.7059821792992156,-0.8647114504282233,0.9999999999999991,46,4,2026-02-25
CDNS/PTC,CDNS,PTC,patient_hold,-777.1300000000219,-0.08906093392529972,-0.8647114504282233,0.00027603031519609007,34,4,2026-02-25
EVRG/PCG,EVRG,PCG,patient_hold,-8354.734518610518,-0.8044310914822533,-0.8647114504282233,1.0930194995050585e-23,42,4,2026-02-25
AON/KKR,AON,KKR,patient_hold,-461.2455274507943,-0.043647135272820714,-0.8647114504282233,0.0022269146983998752,34,4,2026-02-25
AIG/L,AIG,L,patient_hold,-6282.524619704965,-1.2159675189683308,-0.8647114504282233,4.1431317010390845e-27,38,4,2026-02-25
AON/BR,AON,BR,patient_hold,5587.862334076288,0.9396549907928512,-0.8647114504282233,0.9998588933398247,28,4,2026-02-25
HAS/YUM,HAS,YUM,conservative_no_leverage,5391.240542464569,1.408280977458782,-0.9203914248388876,0.9999999991292025,32,4,2026-02-25
CSCO/PAYC,CSCO,PAYC,conservative_no_leverage,4428.530196790141,0.8383101724033015,-0.9203914248388876,0.9999996606457275,42,4,2026-02-25
UNP/VLTO,UNP,VLTO,conservative_no_leverage,-820.8937792724698,-0.18891442286949608,-0.9203914248388876,5.799523307204863e-14,30,4,2026-02-25
EXR/WY,EXR,WY,conservative_no_leverage,2176.208494631926,0.5086918650759521,-0.9203914248388876,0.9999999999999594,40,4,2026-02-25
CME/DE,CME,DE,conservative_no_leverage,5875.605640031333,1.4773030292608447,-0.9203914248388876,0.9999999998826028,42,4,2026-02-25
BIIB/HCA,BIIB,HCA,conservative_no_leverage,1110.225744556525,0.23211821217511397,-0.9203914248388876,0.9963471232796931,38,4,2026-02-25
TXT/YUM,TXT,YUM,conservative_no_leverage,-1837.428772948341,-0.476057850344042,-0.9203914248388876,2.175647721850972e-16,40,4,2026-02-25
AKAM/KEYS,AKAM,KEYS,conservative_no_leverage,-2742.780000000004,-0.49235264831281605,-0.9203914248388876,1.9793872680245168e-10,30,4,2026-02-25
ATO/PCG,ATO,PCG,conservative_no_leverage,-3399.450463760359,-0.682104505911631,-0.9203914248388876,5.841524995193382e-25,40,4,2026-02-25
RTX/SNA,RTX,SNA,conservative_no_leverage,4647.637809431915,2.0466324022521016,-0.9203914248388876,0.9999999999979075,38,4,2026-02-25
CDNS/PTC,CDNS,PTC,conservative_no_leverage,18.13999999998646,0.003874931658312686,-0.9203914248388876,0.02113831991108738,34,4,2026-02-25
EVRG/PCG,EVRG,PCG,conservative_no_leverage,-6628.257366996257,-1.2606605313567856,-0.9203914248388876,1.5713124089247791e-30,34,4,2026-02-25
AON/KKR,AON,KKR,conservative_no_leverage,3072.193814301061,0.5248096306568981,-0.9203914248388876,0.999999999996627,38,4,2026-02-25
AIG/L,AIG,L,conservative_no_leverage,-670.5407667968456,-0.2770526371600521,-0.9203914248388876,4.264855412341478e-14,36,4,2026-02-25
AON/BR,AON,BR,conservative_no_leverage,2178.35095849281,0.5986601221503497,-0.9203914248388876,0.9999812560532381,28,4,2026-02-25
HAS/YUM,HAS,YUM,low_vol_specialist,15716.39013819946,1.5436860047486411,-1.130397652909994,1.0,114,4,2026-02-25
CSCO/PAYC,CSCO,PAYC,low_vol_specialist,-14630.42397538038,-1.0540052720212216,-1.130397652909994,3.226981391305595e-30,120,4,2026-02-25
UNP/VLTO,UNP,VLTO,low_vol_specialist,-6610.553392106348,-0.6511939879178255,-1.130397652909994,1.6419146695799026e-17,104,4,2026-02-25
EXR/WY,EXR,WY,low_vol_specialist,2306.71567530427,0.21622858027679587,-1.130397652909994,0.977436870519226,122,4,2026-02-25
CME/DE,CME,DE,low_vol_specialist,18266.08328312452,1.4178043700387915,-1.130397652909994,0.9999999999999242,100,4,2026-02-25
BIIB/HCA,BIIB,HCA,low_vol_specialist,5817.009029719788,0.43552488069844864,-1.130397652909994,0.9999999999057453,106,4,2026-02-25
TXT/YUM,TXT,YUM,low_vol_specialist,992.3176320464618,0.08576030149314665,-1.130397652909994,0.4004438281132172,114,4,2026-02-25
AKAM/KEYS,AKAM,KEYS,low_vol_specialist,-23433.45999999996,-1.321751853979908,-1.130397652909994,2.0238168898459303e-09,98,4,2026-02-25
ATO/PCG,ATO,PCG,low_vol_specialist,1876.280297130219,0.1577888557010933,-1.130397652909994,0.8828516236447579,142,4,2026-02-25
RTX/SNA,RTX,SNA,low_vol_specialist,1810.849655450002,0.17703925006436141,-1.130397652909994,0.9309812317319941,108,4,2026-02-25
CDNS/PTC,CDNS,PTC,low_vol_specialist,-755.6699999999986,-0.05926644918921245,-1.130397652909994,0.0003879837454516036,92,4,2026-02-25
EVRG/PCG,EVRG,PCG,low_vol_specialist,-11448.33065783061,-0.9420533545397626,-1.130397652909994,9.275787554418288e-18,128,4,2026-02-25
AON/KKR,AON,KKR,low_vol_specialist,-20822.89414653774,-1.145122493078643,-1.130397652909994,1.0750977403177567e-37,116,4,2026-02-25
AIG/L,AIG,L,low_vol_specialist,-1080.452023485081,-0.1556746442073399,-1.130397652909994,5.694854023624214e-07,122,4,2026-02-25
AON/BR,AON,BR,low_vol_specialist,7687.558931974934,0.8949072054993203,-1.130397652909994,0.9999999999708801,88,4,2026-02-25
HAS/YUM,HAS,YUM,conservative,2466.574732656661,1.091580539796067,-1.5413038411822475,0.9999995371959911,20,4,2026-02-25
CSCO/PAYC,CSCO,PAYC,conservative,3463.539494542468,0.7374294211861682,-1.5413038411822475,0.9999733535455275,24,4,2026-02-25
UNP/VLTO,UNP,VLTO,conservative,-1719.179205743037,-0.40335654476857746,-1.5413038411822475,3.321032209743307e-11,26,4,2026-02-25
EXR/WY,EXR,WY,conservative,547.4007013387616,0.2131968237693265,-1.5413038411822475,0.995594005349989,30,4,2026-02-25
CME/DE,CME,DE,conservative,2070.5559305426,0.8307913781514381,-1.5413038411822475,0.9999999714560022,28,4,2026-02-25
BIIB/HCA,BIIB,HCA,conservative,-616.3182830371916,-0.15797664232537736,-1.5413038411822475,4.318070762060171e-06,26,4,2026-02-25
TXT/YUM,TXT,YUM,conservative,1004.001861872117,0.41556605031037847,-1.5413038411822475,0.999997161126666,28,4,2026-02-25
AKAM/KEYS,AKAM,KEYS,conservative,-3754.440000000002,-1.09688823894891,-1.5413038411822475,2.1181149848184684e-08,28,4,2026-02-25
ATO/PCG,ATO,PCG,conservative,-1070.101449796969,-0.3844115565845757,-1.5413038411822475,5.1813981759041135e-14,40,4,2026-02-25
RTX/SNA,RTX,SNA,conservative,1819.022153302705,0.8471484147012475,-1.5413038411822475,0.9999997037539006,32,4,2026-02-25
CDNS/PTC,CDNS,PTC,conservative,1782.859999999987,0.4388279167390609,-1.5413038411822475,0.9999992198566298,32,4,2026-02-25
EVRG/PCG,EVRG,PCG,conservative,-644.38065196047,-0.2107972409651665,-1.5413038411822475,1.2401031673343616e-07,34,4,2026-02-25
AON/KKR,AON,KKR,conservative,2354.442303882637,0.6690936768034269,-1.5413038411822475,0.9999628435424112,22,4,2026-02-25
AIG/L,AIG,L,conservative,357.9115815205762,0.2575041577137365,-1.5413038411822475,0.995810088933386,32,4,2026-02-25
AON/BR,AON,BR,conservative,2487.081711036884,0.8931435462847142,-1.5413038411822475,0.999137859523484,22,4,2026-02-25
HAS/YUM,HAS,YUM,no_leverage,5257.80106919533,0.8099051459064315,-1.557455958037085,0.9996323179924282,50,4,2026-02-25
CSCO/PAYC,CSCO,PAYC,no_leverage,99.42286491237871,0.016999583201263227,-1.557455958037085,0.0386817136513698,64,4,2026-02-25
UNP/VLTO,UNP,VLTO,no_leverage,-159.294152670072,-0.03411687976801116,-1.557455958037085,0.0010083239238746252,58,4,2026-02-25
EXR/WY,EXR,WY,no_leverage,1780.652625432906,0.3599501253605863,-1.557455958037085,0.9999999731997385,62,4,2026-02-25
CME/DE,CME,DE,no_leverage,2905.135155969439,0.6208181625620313,-1.557455958037085,0.9999999999906598,64,4,2026-02-25
BIIB/HCA,BIIB,HCA,no_leverage,-95.84312842632357,-0.017492855478676805,-1.557455958037085,0.006964302897680045,60,4,2026-02-25
TXT/YUM,TXT,YUM,no_leverage,-1398.088766627628,-0.33034887532663904,-1.557455958037085,1.6117344673385297e-16,66,4,2026-02-25
AKAM/KEYS,AKAM,KEYS,no_leverage,-3415.030000000001,-0.6328895071864755,-1.557455958037085,3.9323626353993827e-10,52,4,2026-02-25
ATO/PCG,ATO,PCG,no_leverage,-1240.329845065493,-0.2933826076953285,-1.557455958037085,1.4561778680111409e-12,58,4,2026-02-25
RTX/SNA,RTX,SNA,no_leverage,2009.662868996109,0.4803411764819171,-1.557455958037085,0.9999374757517387,60,4,2026-02-25
CDNS/PTC,CDNS,PTC,no_leverage,-1548.77,-0.3032102189754592,-1.557455958037085,7.521814775860548e-08,50,4,2026-02-25
EVRG/PCG,EVRG,PCG,no_leverage,-4179.941819208616,-0.949267704050638,-1.557455958037085,1.2620953987802151e-14,58,4,2026-02-25
AON/KKR,AON,KKR,no_leverage,698.625531272941,0.10294793649904652,-1.557455958037085,0.5353444303549816,56,4,2026-02-25
AIG/L,AIG,L,no_leverage,-4912.552031015271,-2.036728201589175,-1.557455958037085,8.062804790275727e-23,42,4,2026-02-25
AON/BR,AON,BR,no_leverage,2187.833132287643,0.6884138703741476,-1.557455958037085,0.9999887430025112,44,4,2026-02-25
HAS/YUM,HAS,YUM,vol_gated,9870.957781718935,0.743394043028068,0.5641224101433037,0.9999993434026019,72,5,2026-04-01
CSCO/PAYC,CSCO,PAYC,vol_gated,-2114.111419569344,-0.13333924669979197,0.5641224101433037,1.2475486143596988e-06,58,5,2026-04-01
UNP/VLTO,UNP,VLTO,vol_gated,-6529.834118476039,-0.6385967392763913,0.5641224101433037,1.0290295025125898e-12,80,5,2026-04-01
EXR/WY,EXR,WY,vol_gated,11765.71143903902,0.9981772194596239,0.5641224101433037,1.0,74,5,2026-04-01
CME/DE,CME,DE,vol_gated,16968.7281014469,1.3089498412247764,0.5641224101433037,0.9999999978371441,70,5,2026-04-01
BIIB/HCA,BIIB,HCA,vol_gated,6596.325356793322,0.4980847015325193,0.5641224101433037,0.9999999998340966,98,5,2026-04-01
TXT/YUM,TXT,YUM,vol_gated,3577.830594487994,0.3748890743462604,0.5641224101433037,0.9999996879372627,80,5,2026-04-01
AKAM/KEYS,AKAM,KEYS,vol_gated,12798.80000000003,0.8397838065782113,0.5641224101433037,0.9999998476119051,68,5,2026-04-01
ATO/PCG,ATO,PCG,vol_gated,-5665.717902879274,-0.598434925051563,0.5641224101433037,2.825726775296575e-32,56,5,2026-04-01
RTX/SNA,RTX,SNA,vol_gated,3749.55476430974,0.5056123531944198,0.5641224101433037,0.9999999999989468,60,5,2026-04-01
CDNS/PTC,CDNS,PTC,vol_gated,3600.729999999983,0.2921313165489547,0.5641224101433037,0.9999342497987609,82,5,2026-04-01
EVRG/PCG,EVRG,PCG,vol_gated,-2995.637771673563,-0.34097798211684577,0.5641224101433037,2.901418910983499e-16,60,5,2026-04-01
AON/KKR,AON,KKR,vol_gated,7711.676521549771,0.5068574836605736,0.5641224101433037,0.999999999999997,70,5,2026-04-01
AIG/L,AIG,L,vol_gated,-4276.321441752119,-0.5045373188048257,0.5641224101433037,7.734328913193524e-12,72,5,2026-04-01
AON/BR,AON,BR,vol_gated,3971.354529586485,0.47387590607069024,0.5641224101433037,0.999999907165496,70,5,2026-04-01
HAS/YUM,HAS,YUM,stable_signal_quick_exit,18298.42471358975,1.7299354006878418,0.2893571598164977,0.9999999993245138,54,5,2026-04-01
CSCO/PAYC,CSCO,PAYC,stable_signal_quick_exit,8324.868769505347,0.47842730703527653,0.2893571598164977,0.9999996108380234,70,5,2026-04-01
UNP/VLTO,UNP,VLTO,stable_signal_quick_exit,-4570.419536705353,-0.46086249452286365,0.2893571598164977,2.7434110650978632e-14,54,5,2026-04-01
EXR/WY,EXR,WY,stable_signal_quick_exit,1826.200404265561,0.21382055507552952,0.2893571598164977,0.995764475603064,58,5,2026-04-01
CME/DE,CME,DE,stable_signal_quick_exit,18980.53559402682,1.6782797626281867,0.2893571598164977,0.9999999999999877,54,5,2026-04-01
BIIB/HCA,BIIB,HCA,stable_signal_quick_exit,3915.418097413551,0.3271880640220388,0.2893571598164977,0.9999958402785851,64,5,2026-04-01
TXT/YUM,TXT,YUM,stable_signal_quick_exit,5136.783021175952,0.5825374639646952,0.2893571598164977,0.9999999999986197,56,5,2026-04-01
AKAM/KEYS,AKAM,KEYS,stable_signal_quick_exit,-6276.489999999972,-0.4029961055948919,0.2893571598164977,1.1002715566935958e-12,52,5,2026-04-01
ATO/PCG,ATO,PCG,stable_signal_quick_exit,262.2645622848024,0.03300813003165351,0.2893571598164977,0.09478072698058904,40,5,2026-04-01
RTX/SNA,RTX,SNA,stable_signal_quick_exit,8000.220464782394,1.1338006072872269,0.2893571598164977,1.0,46,5,2026-04-01
CDNS/PTC,CDNS,PTC,stable_signal_quick_exit,-730.3100000000461,-0.06440782682439526,0.2893571598164977,0.0005278821286168849,58,5,2026-04-01
EVRG/PCG,EVRG,PCG,stable_signal_quick_exit,-4265.571557809773,-0.5216843259707947,0.2893571598164977,1.433428171116547e-17,34,5,2026-04-01
AON/KKR,AON,KKR,stable_signal_quick_exit,-3248.787426171207,-0.2478395422279238,0.2893571598164977,7.631806887470017e-09,52,5,2026-04-01
AIG/L,AIG,L,stable_signal_quick_exit,-4830.475894294426,-0.6954934845909025,0.2893571598164977,7.733905899127158e-11,56,5,2026-04-01
AON/BR,AON,BR,stable_signal_quick_exit,4048.670208340218,0.4955799980945871,0.2893571598164977,0.9999997229043033,54,5,2026-04-01
HAS/YUM,HAS,YUM,deep_entry_quick_exit,12094.43062915648,2.095224703629107,0.282453280375822,0.9999999999999938,24,5,2026-04-01
CSCO/PAYC,CSCO,PAYC,deep_entry_quick_exit,-5510.869979561524,-0.4653092678529053,0.282453280375822,1.3802553674232393e-07,28,5,2026-04-01
UNP/VLTO,UNP,VLTO,deep_entry_quick_exit,1677.146201967778,0.1833873866384508,0.282453280375822,0.8625057423300612,28,5,2026-04-01
EXR/WY,EXR,WY,deep_entry_quick_exit,401.2824287245423,0.07614118500041643,0.282453280375822,0.32640353950901285,20,5,2026-04-01
CME/DE,CME,DE,deep_entry_quick_exit,5181.783664923724,0.7485808834781488,0.282453280375822,0.9999999524766063,30,5,2026-04-01
BIIB/HCA,BIIB,HCA,deep_entry_quick_exit,295.7672220236891,0.03483499562840808,0.282453280375822,0.09090330964304277,28,5,2026-04-01
TXT/YUM,TXT,YUM,deep_entry_quick_exit,1827.384994934009,0.24588802300996415,0.282453280375822,0.9989935936845482,28,5,2026-04-01
AKAM/KEYS,AKAM,KEYS,deep_entry_quick_exit,9742.000000000002,0.6838833524205344,0.282453280375822,0.9999946408810704,20,5,2026-04-01
ATO/PCG,ATO,PCG,deep_entry_quick_exit,-3847.05712973374,-0.632213799562066,0.282453280375822,3.3866038415781005e-10,30,5,2026-04-01
RTX/SNA,RTX,SNA,deep_entry_quick_exit,2469.659392708606,0.48686126749509306,0.282453280375822,0.999999314475558,20,5,2026-04-01
CDNS/PTC,CDNS,PTC,deep_entry_quick_exit,14221.95999999999,1.3532116343010296,0.282453280375822,0.9999995970454786,28,5,2026-04-01
EVRG/PCG,EVRG,PCG,deep_entry_quick_exit,-6994.284322145431,-0.910004929141139,0.282453280375822,3.4402113069410093e-12,30,5,2026-04-01
AON/KKR,AON,KKR,deep_entry_quick_exit,6800.803713577336,0.7334052566182747,0.282453280375822,0.9999999944106139,26,5,2026-04-01
AIG/L,AIG,L,deep_entry_quick_exit,-1421.74476850627,-0.32237806305083977,0.282453280375822,5.7925852470445545e-12,20,5,2026-04-01
AON/BR,AON,BR,deep_entry_quick_exit,5031.795475923562,0.8278072149557334,0.282453280375822,0.9996744190476223,22,5,2026-04-01
HAS/YUM,HAS,YUM,deep_dislocation,21300.79983786394,1.8114807980378131,0.2695662085020304,0.9999999957326953,24,5,2026-04-01
CSCO/PAYC,CSCO,PAYC,deep_dislocation,1839.50564471235,0.11435134193470327,0.2695662085020304,0.6835108153089862,26,5,2026-04-01
UNP/VLTO,UNP,VLTO,deep_dislocation,-4877.331259968795,-0.37136417159226554,0.2695662085020304,5.2890112164309785e-11,28,5,2026-04-01
EXR/WY,EXR,WY,deep_dislocation,-3470.716991429102,-0.28478750230332284,0.2695662085020304,2.3704108953844783e-10,24,5,2026-04-01
CME/DE,CME,DE,deep_dislocation,7077.540441290973,0.6821153389572009,0.2695662085020304,0.9999999184211142,28,5,2026-04-01
BIIB/HCA,BIIB,HCA,deep_dislocation,4086.088871693983,0.31237259899022596,0.2695662085020304,0.9997871328542964,24,5,2026-04-01
TXT/YUM,TXT,YUM,deep_dislocation,548.6401833300206,0.048782208354628744,0.2695662085020304,0.14913119965584276,28,5,2026-04-01
AKAM/KEYS,AKAM,KEYS,deep_dislocation,-351.9699999999793,-0.022690781017173547,0.2695662085020304,0.005811914778621242,18,5,2026-04-01
ATO/PCG,ATO,PCG,deep_dislocation,-4614.940768752425,-0.31368537121858114,0.2695662085020304,5.150624853994579e-15,32,5,2026-04-01
RTX/SNA,RTX,SNA,deep_dislocation,2639.470934156484,0.33362203244190614,0.2695662085020304,0.9999729712212126,18,5,2026-04-01
CDNS/PTC,CDNS,PTC,deep_dislocation,20412.19999999999,1.2467678751732332,0.2695662085020304,0.9999999230238675,28,5,2026-04-01
EVRG/PCG,EVRG,PCG,deep_dislocation,-14209.88083070702,-0.9318372095202276,0.2695662085020304,1.8721167308574617e-28,30,5,2026-04-01
AON/KKR,AON,KKR,deep_dislocation,6018.608945565054,0.35063857221882494,0.2695662085020304,0.9997456043611144,26,5,2026-04-01
AIG/L,AIG,L,deep_dislocation,628.1900648572156,0.08886698243622826,0.2695662085020304,0.44153897893714306,20,5,2026-04-01
AON/BR,AON,BR,deep_dislocation,8316.762468821806,0.9143577320365409,0.2695662085020304,0.9994855541360012,20,5,2026-04-01
HAS/YUM,HAS,YUM,aggressive,46316.58946559265,2.002131377492414,0.2047857891547535,0.9999999999628988,96,5,2026-04-01
CSCO/PAYC,CSCO,PAYC,aggressive,9549.292003156097,0.32736903566131736,0.2047857891547535,0.9999878786558648,106,5,2026-04-01
UNP/VLTO,UNP,VLTO,aggressive,-17868.27676801656,-1.0216232133799954,0.2047857891547535,2.9535782111587016e-18,98,5,2026-04-01
EXR/WY,EXR,WY,aggressive,9796.092654768858,0.4897066655282637,0.2047857891547535,0.9999999999999999,104,5,2026-04-01
CME/DE,CME,DE,aggressive,25870.57645806525,1.2150375853341462,0.2047857891547535,0.9999999999993786,94,5,2026-04-01
BIIB/HCA,BIIB,HCA,aggressive,24753.41742856711,1.0389068811141944,0.2047857891547535,1.0,132,5,2026-04-01
TXT/YUM,TXT,YUM,aggressive,3549.91500216471,0.19383510231615492,0.2047857891547535,0.9708897556546462,116,5,2026-04-01
AKAM/KEYS,AKAM,KEYS,aggressive,8144.430000000124,0.30338300844304894,0.2047857891547535,0.9999871839586546,88,5,2026-04-01
ATO/PCG,ATO,PCG,aggressive,-15595.70432346057,-0.8247187728238639,0.2047857891547535,2.3153277309575495e-30,82,5,2026-04-01
RTX/SNA,RTX,SNA,aggressive,5349.661429743448,0.320011270687539,0.2047857891547535,0.9993954539847543,106,5,2026-04-01
CDNS/PTC,CDNS,PTC,aggressive,-3399.950000000004,-0.16070746021337937,0.2047857891547535,2.823715579351006e-07,106,5,2026-04-01
EVRG/PCG,EVRG,PCG,aggressive,-39458.3045831788,-1.7554216999488201,0.2047857891547535,4.502829271313077e-25,74,5,2026-04-01
AON/KKR,AON,KKR,aggressive,-12857.9857809444,-0.46456643020214544,0.2047857891547535,3.369808610586374e-19,94,5,2026-04-01
AIG/L,AIG,L,aggressive,-4150.545370208028,-0.3153705543420661,0.2047857891547535,4.20769233000113e-11,104,5,2026-04-01
AON/BR,AON,BR,aggressive,7384.032562288747,0.5457097052154615,0.2047857891547535,0.9999999997040839,90,5,2026-04-01
HAS/YUM,HAS,YUM,static_threshold,8710.479151953514,0.6777125522537671,0.1748804745606963,1.0,96,5,2026-04-01
CSCO/PAYC,CSCO,PAYC,static_threshold,-2201.903775894776,-0.12478583494507814,0.1748804745606963,2.0872953579411535e-06,114,5,2026-04-01
UNP/VLTO,UNP,VLTO,static_threshold,4762.228103822687,0.3814886837653048,0.1748804745606963,0.9997324447951199,106,5,2026-04-01
EXR/WY,EXR,WY,static_threshold,6376.958438125005,0.5529836995060122,0.1748804745606963,1.0,82,5,2026-04-01
CME/DE,CME,DE,static_threshold,23988.49817539169,1.5285590094612458,0.1748804745606963,0.9999999999999998,142,5,2026-04-01
BIIB/HCA,BIIB,HCA,static_threshold,13417.58301430956,0.922291968882358,0.1748804745606963,1.0,120,5,2026-04-01
TXT/YUM,TXT,YUM,static_threshold,2556.062478619254,0.1838810265541077,0.1748804745606963,0.9544003088083726,106,5,2026-04-01
AKAM/KEYS,AKAM,KEYS,static_threshold,-1738.369999999959,-0.0756085270890109,0.1748804745606963,0.0003180529150553728,86,5,2026-04-01
ATO/PCG,ATO,PCG,static_threshold,-13034.61774216258,-1.0235569775663507,0.1748804745606963,3.380615491831831e-30,100,5,2026-04-01
RTX/SNA,RTX,SNA,static_threshold,14891.9766658622,1.1209298521804831,0.1748804745606963,0.9999999113838837,110,5,2026-04-01
CDNS/PTC,CDNS,PTC,static_threshold,3255.37999999998,0.26316501846598306,0.1748804745606963,0.99987644491566,88,5,2026-04-01
EVRG/PCG,EVRG,PCG,static_threshold,-13425.74910008266,-0.9803834795913666,0.1748804745606963,8.63083051817336e-28,100,5,2026-04-01
AON/KKR,AON,KKR,static_threshold,-6447.356282426905,-0.2780714471495599,0.1748804745606963,9.872992015906717e-10,104,5,2026-04-01
AIG/L,AIG,L,static_threshold,-8922.922430376926,-1.1219568505290658,0.1748804745606963,1.1903395417130344e-20,94,5,2026-04-01
AON/BR,AON,BR,static_threshold,9465.958706786538,0.9035342387717106,0.1748804745606963,0.9999999999964974,108,5,2026-04-01
HAS/YUM,HAS,YUM,vol_adaptive,9384.390600498273,0.7133173985908863,0.0738460351950415,0.9999990412648149,72,5,2026-04-01
CSCO/PAYC,CSCO,PAYC,vol_adaptive,49.31715225208472,0.003104922402760116,0.0738460351950415,0.02124744515851345,62,5,2026-04-01
UNP/VLTO,UNP,VLTO,vol_adaptive,-6410.915787126576,-0.6313399182040096,0.0738460351950415,5.523016147537034e-13,80,5,2026-04-01
EXR/WY,EXR,WY,vol_adaptive,10930.41470559895,0.9129292267125447,0.0738460351950415,1.0,76,5,2026-04-01
CME/DE,CME,DE,vol_adaptive,17349.0115682213,1.3212452599774407,0.0738460351950415,0.9999999998430319,74,5,2026-04-01
BIIB/HCA,BIIB,HCA,vol_adaptive,3529.007603295758,0.26524149186388873,0.0738460351950415,0.9994282767773092,98,5,2026-04-01
TXT/YUM,TXT,YUM,vol_adaptive,3425.092780249985,0.35444149789249657,0.0738460351950415,0.9999988833477106,82,5,2026-04-01
AKAM/KEYS,AKAM,KEYS,vol_adaptive,2269.03000000002,0.18584837175064048,0.0738460351950415,0.9632924086000046,66,5,2026-04-01
ATO/PCG,ATO,PCG,vol_adaptive,-5870.445349299047,-0.6220634220168644,0.0738460351950415,2.966686826721889e-32,58,5,2026-04-01
RTX/SNA,RTX,SNA,vol_adaptive,3664.894683664422,0.4437488099772442,0.0738460351950415,0.999999999701739,62,5,2026-04-01
CDNS/PTC,CDNS,PTC,vol_adaptive,678.5500000000102,0.05319796441754105,0.0738460351950415,0.17043793268342744,86,5,2026-04-01
EVRG/PCG,EVRG,PCG,vol_adaptive,-2678.609423377753,-0.30101234432445884,0.0738460351950415,1.1684296770087633e-15,64,5,2026-04-01
AON/KKR,AON,KKR,vol_adaptive,-507.296496723841,-0.03286749081181213,0.0738460351950415,0.0029419455909106542,78,5,2026-04-01
AIG/L,AIG,L,vol_adaptive,-5820.994299640488,-0.6832957491447529,0.0738460351950415,6.283796282925633e-12,72,5,2026-04-01
AON/BR,AON,BR,vol_adaptive,4923.314678978139,0.5887324536438845,0.0738460351950415,0.9999999868260707,74,5,2026-04-01
HAS/YUM,HAS,YUM,long_z_short_v,-3505.001287127205,-0.4369146667299407,0.0271331767810435,6.187473100975823e-20,54,5,2026-04-01
CSCO/PAYC,CSCO,PAYC,long_z_short_v,9617.945745051846,0.8725176681683564,0.0271331767810435,0.9999999999999953,58,5,2026-04-01
UNP/VLTO,UNP,VLTO,long_z_short_v,1486.581286868893,0.15568378368736327,0.0271331767810435,0.8044154823216936,56,5,2026-04-01
EXR/WY,EXR,WY,long_z_short_v,6910.604398529455,0.7891672490259117,0.0271331767810435,1.0,50,5,2026-04-01
CME/DE,CME,DE,long_z_short_v,13635.69983638267,1.4531672532900375,0.0271331767810435,0.9999999999999631,62,5,2026-04-01
BIIB/HCA,BIIB,HCA,long_z_short_v,2911.859482151983,0.3084436524094271,0.0271331767810435,0.999850199039793,44,5,2026-04-01
TXT/YUM,TXT,YUM,long_z_short_v,-2513.035765239535,-0.2822375234632363,0.0271331767810435,2.8002145869036877e-17,52,5,2026-04-01
AKAM/KEYS,AKAM,KEYS,long_z_short_v,-2480.250000000025,-0.21006254199551028,0.0271331767810435,3.894492649674523e-07,40,5,2026-04-01
ATO/PCG,ATO,PCG,long_z_short_v,-6024.331274764747,-0.545481489107395,0.0271331767810435,2.7623697019575756e-27,40,5,2026-04-01
RTX/SNA,RTX,SNA,long_z_short_v,9644.358043944956,1.2791935751709105,0.0271331767810435,0.9999999678060683,44,5,2026-04-01
CDNS/PTC,CDNS,PTC,long_z_short_v,7993.490000000005,0.7371913120178708,0.0271331767810435,0.9999999999994451,50,5,2026-04-01
EVRG/PCG,EVRG,PCG,long_z_short_v,-16091.50744247473,-1.557996082510264,0.0271331767810435,1.716386103761781e-27,46,5,2026-04-01
AON/KKR,AON,KKR,long_z_short_v,6388.280840957784,0.4069950272219512,0.0271331767810435,0.9999999979591407,52,5,2026-04-01
AIG/L,AIG,L,long_z_short_v,1187.598491466714,0.195660130846273,0.0271331767810435,0.9908630398263502,34,5,2026-04-01
AON/BR,AON,BR,long_z_short_v,3616.477627639219,0.46723527127564335,0.0271331767810435,0.9999998628562043,58,5,2026-04-01
HAS/YUM,HAS,YUM,slow_reentry,8927.881546521992,0.6616530360463528,0.0042751935543781,0.9993267138542754,50,5,2026-04-01
CSCO/PAYC,CSCO,PAYC,slow_reentry,15603.65504461691,1.2312685474920604,0.0042751935543781,0.9999999997368012,58,5,2026-04-01
UNP/VLTO,UNP,VLTO,slow_reentry,-2156.846688156426,-0.22273926760683652,0.0042751935543781,1.8883596566329458e-16,52,5,2026-04-01
EXR/WY,EXR,WY,slow_reentry,1068.857793209348,0.10524240370286161,0.0042751935543781,0.5891898668175634,58,5,2026-04-01
CME/DE,CME,DE,slow_reentry,4685.003423107657,0.4807865251189807,0.0042751935543781,0.9999999977921248,64,5,2026-04-01
BIIB/HCA,BIIB,HCA,slow_reentry,6031.374675452799,0.4786618580827774,0.0042751935543781,0.9999999999185504,62,5,2026-04-01
TXT/YUM,TXT,YUM,slow_reentry,627.7087281523045,0.07217431977917486,0.0042751935543781,0.30390837256537295,68,5,2026-04-01
AKAM/KEYS,AKAM,KEYS,slow_reentry,-1346.619999999979,-0.0944186435204293,0.0042751935543781,0.000730943628168308,44,5,2026-04-01
ATO/PCG,ATO,PCG,slow_reentry,-1651.450401948222,-0.20516448012347138,0.0042751935543781,4.808875110817986e-12,48,5,2026-04-01
RTX/SNA,RTX,SNA,slow_reentry,5624.8950169277,0.750999987181465,0.0042751935543781,0.9999999998098688,54,5,2026-04-01
CDNS/PTC,CDNS,PTC,slow_reentry,-1569.110000000014,-0.14693166745302058,0.0042751935543781,1.2547726828768421e-05,54,5,2026-04-01
EVRG/PCG,EVRG,PCG,slow_reentry,-3847.57215159152,-0.46702482006488805,0.0042751935543781,2.0192354286874354e-12,42,5,2026-04-01
AON/KKR,AON,KKR,slow_reentry,5504.287547641623,0.43673628247586976,0.0042751935543781,0.9999999999909002,52,5,2026-04-01
AIG/L,AIG,L,slow_reentry,-7506.973996457279,-1.6746433911686343,0.0042751935543781,3.415049623911415e-24,40,5,2026-04-01
AON/BR,AON,BR,slow_reentry,1754.675931394094,0.24125637175353376,0.0042751935543781,0.9981361874162731,46,5,2026-04-01
HAS/YUM,HAS,YUM,fast_signal,-3722.118610368827,-0.3046852786143952,-0.1132228324002534,2.5895315907318785e-15,80,5,2026-04-01
CSCO/PAYC,CSCO,PAYC,fast_signal,10106.52219890884,0.6875882102397233,-0.1132228324002534,0.9999999999130489,78,5,2026-04-01
UNP/VLTO,UNP,VLTO,fast_signal,-9396.549732208872,-0.8413155759368643,-0.1132228324002534,1.056176258385764e-15,92,5,2026-04-01
EXR/WY,EXR,WY,fast_signal,-935.9070786113068,-0.08541804400156586,-0.1132228324002534,5.3116755624503693e-05,96,5,2026-04-01
CME/DE,CME,DE,fast_signal,3000.415035474399,0.2890803945911332,-0.1132228324002534,0.9998235316642236,68,5,2026-04-01
BIIB/HCA,BIIB,HCA,fast_signal,4026.656427009691,0.3758527254103738,-0.1132228324002534,0.9999987365838282,68,5,2026-04-01
TXT/YUM,TXT,YUM,fast_signal,-88.517182859782,-0.009148083455367809,-0.1132228324002534,0.010355835982438473,78,5,2026-04-01
AKAM/KEYS,AKAM,KEYS,fast_signal,-5641.209999999986,-0.5070213515137776,-0.1132228324002534,6.234147254121947e-18,70,5,2026-04-01
ATO/PCG,ATO,PCG,fast_signal,3867.83839113225,0.3783336097381905,-0.1132228324002534,0.9999983169040939,84,5,2026-04-01
RTX/SNA,RTX,SNA,fast_signal,8552.180057250902,1.026295299223461,-0.1132228324002534,0.999999997993537,62,5,2026-04-01
CDNS/PTC,CDNS,PTC,fast_signal,148.8800000000219,0.013788189319814518,-0.1132228324002534,0.033997459267966074,78,5,2026-04-01
EVRG/PCG,EVRG,PCG,fast_signal,-2021.225037408567,-0.21039653301551084,-0.1132228324002534,3.1942882603525597e-10,88,5,2026-04-01
AON/KKR,AON,KKR,fast_signal,17311.7964764768,0.9469452368547334,-0.1132228324002534,0.9999999999999972,86,5,2026-04-01
AIG/L,AIG,L,fast_signal,1416.034718242934,0.1643933881105345,-0.1132228324002534,0.8699752276714386,68,5,2026-04-01
AON/BR,AON,BR,fast_signal,-595.9490431756576,-0.07250397953837372,-0.1132228324002534,0.00012481031827825447,90,5,2026-04-01
HAS/YUM,HAS,YUM,flash_hold,11713.89747385161,1.750084260829086,-0.1264403586276129,1.0,144,5,2026-04-01
CSCO/PAYC,CSCO,PAYC,flash_hold,8468.251751058091,0.8494449090153844,-0.1264403586276129,0.9999999999999986,144,5,2026-04-01
UNP/VLTO,UNP,VLTO,flash_hold,363.6480137657923,0.06019166316202855,-0.1264403586276129,0.23836428136671234,152,5,2026-04-01
EXR/WY,EXR,WY,flash_hold,3408.481683500042,0.5793202110238487,-0.1264403586276129,0.9999999999999953,174,5,2026-04-01
CME/DE,CME,DE,flash_hold,1874.660119038399,0.2513170339071607,-0.1264403586276129,0.9998912940423647,136,5,2026-04-01
BIIB/HCA,BIIB,HCA,flash_hold,8672.15282441241,1.0816516796144173,-0.1264403586276129,1.0,150,5,2026-04-01
TXT/YUM,TXT,YUM,flash_hold,1988.026403824377,0.3204684542474715,-0.1264403586276129,0.9999861623664692,148,5,2026-04-01
AKAM/KEYS,AKAM,KEYS,flash_hold,-3351.559999999958,-0.32466716420935066,-0.1264403586276129,1.8537937858912853e-12,128,5,2026-04-01
ATO/PCG,ATO,PCG,flash_hold,1602.5980144923,0.25970681694166614,-0.1264403586276129,0.9991446847200344,184,5,2026-04-01
RTX/SNA,RTX,SNA,flash_hold,5867.469161519703,0.8055315072257516,-0.1264403586276129,0.9999999981888963,148,5,2026-04-01
CDNS/PTC,CDNS,PTC,flash_hold,-5061.959999999985,-0.5625760273984062,-0.1264403586276129,1.2457616972106342e-12,146,5,2026-04-01
EVRG/PCG,EVRG,PCG,flash_hold,-11375.03797514499,-1.6294522799484206,-0.1264403586276129,2.819993426601657e-23,192,5,2026-04-01
AON/KKR,AON,KKR,flash_hold,82.39856459658768,0.007790618936981826,-0.1264403586276129,0.02681320417943833,160,5,2026-04-01
AIG/L,AIG,L,flash_hold,1040.217997123428,0.23605489805144333,-0.1264403586276129,0.999121350023837,164,5,2026-04-01
AON/BR,AON,BR,flash_hold,2764.752033192854,0.5334708723506841,-0.1264403586276129,0.9999999999985931,146,5,2026-04-01
HAS/YUM,HAS,YUM,vol_agnostic,4047.967725978629,0.24918778287704318,-0.2207144804729616,0.9870730622818836,102,5,2026-04-01
CSCO/PAYC,CSCO,PAYC,vol_agnostic,4523.133123100204,0.25088900426825006,-0.2207144804729616,0.9988934665772371,108,5,2026-04-01
UNP/VLTO,UNP,VLTO,vol_agnostic,-2217.971494865116,-0.18505548248801276,-0.2207144804729616,5.412869715582517e-13,102,5,2026-04-01
EXR/WY,EXR,WY,vol_agnostic,11196.87694911054,0.7849219594168778,-0.2207144804729616,1.0,90,5,2026-04-01
CME/DE,CME,DE,vol_agnostic,16474.94038451325,1.1367306663653018,-0.2207144804729616,1.0,132,5,2026-04-01
BIIB/HCA,BIIB,HCA,vol_agnostic,18302.53152389093,1.1020291827983226,-0.2207144804729616,1.0,126,5,2026-04-01
TXT/YUM,TXT,YUM,vol_agnostic,-7684.351876381534,-0.5720473464413792,-0.2207144804729616,8.557849584472049e-27,98,5,2026-04-01
AKAM/KEYS,AKAM,KEYS,vol_agnostic,-9403.189999999959,-0.4407731770824189,-0.2207144804729616,2.6836451436982755e-09,76,5,2026-04-01
ATO/PCG,ATO,PCG,vol_agnostic,-11520.07435009956,-0.8442876638283384,-0.2207144804729616,2.8367163816421193e-34,72,5,2026-04-01
RTX/SNA,RTX,SNA,vol_agnostic,9122.450763722965,0.6689147178862567,-0.2207144804729616,0.9999999511436686,102,5,2026-04-01
CDNS/PTC,CDNS,PTC,vol_agnostic,4788.889999999964,0.37647218537035504,-0.2207144804729616,0.9999999817737387,80,5,2026-04-01
EVRG/PCG,EVRG,PCG,vol_agnostic,-23674.19750411621,-1.5175790777063136,-0.2207144804729616,6.067330192471425e-26,76,5,2026-04-01
AON/KKR,AON,KKR,vol_agnostic,2569.545543586332,0.10583914958848555,-0.2207144804729616,0.58821830190689,112,5,2026-04-01
AIG/L,AIG,L,vol_agnostic,-11335.97864402022,-1.257671828435486,-0.2207144804729616,7.462793002964455e-24,92,5,2026-04-01
AON/BR,AON,BR,vol_agnostic,9736.969387650823,0.8924093531140703,-0.2207144804729616,0.9999999998670875,100,5,2026-04-01
HAS/YUM,HAS,YUM,medium_signal_high_leverage,15810.94012586913,0.9414497468834186,-0.2701612715788238,0.9999999999998836,58,5,2026-04-01
CSCO/PAYC,CSCO,PAYC,medium_signal_high_leverage,4387.084985040614,0.19818068778081124,-0.2701612715788238,0.9690208570961711,54,5,2026-04-01
UNP/VLTO,UNP,VLTO,medium_signal_high_leverage,-1585.456667395616,-0.10079200079080289,-0.2701612715788238,6.685181011330295e-08,58,5,2026-04-01
EXR/WY,EXR,WY,medium_signal_high_leverage,-1130.029280317048,-0.06546551503740322,-0.2701612715788238,0.0005934559222210748,64,5,2026-04-01
CME/DE,CME,DE,medium_signal_high_leverage,17443.5674310836,1.080199860067875,-0.2701612715788238,1.0,68,5,2026-04-01
BIIB/HCA,BIIB,HCA,medium_signal_high_leverage,9837.280968748504,0.5170067840061128,-0.2701612715788238,0.9999999999827877,68,5,2026-04-01
TXT/YUM,TXT,YUM,medium_signal_high_leverage,8298.001398645292,0.591775323149795,-0.2701612715788238,0.9999999999999545,62,5,2026-04-01
AKAM/KEYS,AKAM,KEYS,medium_signal_high_leverage,-142.0099999998929,-0.007546688908074171,-0.2701612715788238,0.011935841692121378,50,5,2026-04-01
ATO/PCG,ATO,PCG,medium_signal_high_leverage,-5781.704020992474,-0.3559588567006653,-0.2701612715788238,3.6734890665974715e-19,50,5,2026-04-01
RTX/SNA,RTX,SNA,medium_signal_high_leverage,-1230.379296828963,-0.1041809311698597,-0.2701612715788238,1.770934225717679e-06,58,5,2026-04-01
CDNS/PTC,CDNS,PTC,medium_signal_high_leverage,-1990.290000000022,-0.10975642935228824,-0.2701612715788238,3.064581413905271e-05,60,5,2026-04-01
EVRG/PCG,EVRG,PCG,medium_signal_high_leverage,-22999.72943952518,-1.5139873563148272,-0.2701612715788238,1.414702435821076e-26,52,5,2026-04-01
AON/KKR,AON,KKR,medium_signal_high_leverage,-7774.754782147793,-0.3045263118643198,-0.2701612715788238,7.182353857404349e-14,58,5,2026-04-01
AIG/L,AIG,L,medium_signal_high_leverage,-9941.90689978029,-0.9681309130994451,-0.2701612715788238,1.7875771251850513e-11,56,5,2026-04-01
AON/BR,AON,BR,medium_signal_high_leverage,6519.48547124509,0.5529168594931827,-0.2701612715788238,0.9999997573341418,62,5,2026-04-01
HAS/YUM,HAS,YUM,fast_reentry,10347.56379094901,0.7544556279286543,-0.412720189161157,0.9996581750578186,56,5,2026-04-01
CSCO/PAYC,CSCO,PAYC,fast_reentry,2946.239279468909,0.21374940238249363,-0.412720189161157,0.9967536347923707,70,5,2026-04-01
UNP/VLTO,UNP,VLTO,fast_reentry,-2985.334686762958,-0.2954742795440572,-0.412720189161157,3.579653688496601e-18,66,5,2026-04-01
EXR/WY,EXR,WY,fast_reentry,-4223.226104614349,-0.4710160979396802,-0.412720189161157,2.1187637074931363e-18,68,5,2026-04-01
CME/DE,CME,DE,fast_reentry,4741.610166340342,0.47719160347384126,-0.412720189161157,0.9999999977744624,66,5,2026-04-01
BIIB/HCA,BIIB,HCA,fast_reentry,2006.032424392459,0.15828699681568736,-0.412720189161157,0.9091910060024551,70,5,2026-04-01
TXT/YUM,TXT,YUM,fast_reentry,-2581.477170732232,-0.27872801604234737,-0.412720189161157,1.9465708948436145e-15,76,5,2026-04-01
AKAM/KEYS,AKAM,KEYS,fast_reentry,-4267.639999999994,-0.3472861586251332,-0.412720189161157,1.2899627669189684e-09,54,5,2026-04-01
ATO/PCG,ATO,PCG,fast_reentry,4861.936998500792,0.45881309275270665,-0.412720189161157,0.9999999461694646,80,5,2026-04-01
RTX/SNA,RTX,SNA,fast_reentry,8840.380051284304,1.2856521683352728,-0.412720189161157,1.0,60,5,2026-04-01
CDNS/PTC,CDNS,PTC,fast_reentry,-503.3000000000211,-0.04431455472534016,-0.412720189161157,0.0018640038234289784,58,5,2026-04-01
EVRG/PCG,EVRG,PCG,fast_reentry,-5318.906107865879,-0.4972025635903049,-0.412720189161157,8.46724944052873e-19,70,5,2026-04-01
AON/KKR,AON,KKR,fast_reentry,1552.950670007137,0.10655535869052904,-0.412720189161157,0.589194314925362,66,5,2026-04-01
AIG/L,AIG,L,fast_reentry,-5861.074898175822,-0.9582218368933179,-0.412720189161157,1.1401126975590015e-31,66,5,2026-04-01
AON/BR,AON,BR,fast_reentry,3488.775669185984,0.47236512640238126,-0.412720189161157,0.9999950320295927,50,5,2026-04-01
HAS/YUM,HAS,YUM,fast_signal_tight_stop,-9602.893217206853,-0.9262625012243497,-0.5627637228091122,1.0154726885630156e-07,68,5,2026-04-01
CSCO/PAYC,CSCO,PAYC,fast_signal_tight_stop,1254.760276881745,0.09015856726817495,-0.5627637228091122,0.44689469384531155,66,5,2026-04-01
UNP/VLTO,UNP,VLTO,fast_signal_tight_stop,-2787.175653608604,-0.28397942787698,-0.5627637228091122,8.187533348823764e-15,88,5,2026-04-01
EXR/WY,EXR,WY,fast_signal_tight_stop,2131.428927915779,0.25234204447731695,-0.5627637228091122,0.9996695480850993,86,5,2026-04-01
CME/DE,CME,DE,fast_signal_tight_stop,865.005683938447,0.08825813397011867,-0.5627637228091122,0.43384156077275265,66,5,2026-04-01
BIIB/HCA,BIIB,HCA,fast_signal_tight_stop,3190.045168227329,0.34457504516426013,-0.5627637228091122,0.9999883022556387,62,5,2026-04-01
TXT/YUM,TXT,YUM,fast_signal_tight_stop,1061.844246647479,0.12360621396623218,-0.5627637228091122,0.6970242015074112,64,5,2026-04-01
AKAM/KEYS,AKAM,KEYS,fast_signal_tight_stop,-14831.63000000003,-1.1598662122342651,-0.5627637228091122,2.261436515021522e-09,66,5,2026-04-01
ATO/PCG,ATO,PCG,fast_signal_tight_stop,7581.548410106194,0.8072016994786941,-0.5627637228091122,0.99999999990741,74,5,2026-04-01
RTX/SNA,RTX,SNA,fast_signal_tight_stop,8488.634208276426,1.0310676295616137,-0.5627637228091122,0.999999998260183,62,5,2026-04-01
CDNS/PTC,CDNS,PTC,fast_signal_tight_stop,-1371.999999999967,-0.13517357215571343,-0.5627637228091122,2.894886958020739e-05,72,5,2026-04-01
EVRG/PCG,EVRG,PCG,fast_signal_tight_stop,-5014.908634545955,-0.6094499252696921,-0.5627637228091122,1.8105718653966708e-20,74,5,2026-04-01
AON/KKR,AON,KKR,fast_signal_tight_stop,17046.53376828297,1.0161880766183415,-0.5627637228091122,0.9999999999829903,74,5,2026-04-01
AIG/L,AIG,L,fast_signal_tight_stop,3125.493095355012,0.424962627175264,-0.5627637228091122,0.9980293451933624,58,5,2026-04-01
AON/BR,AON,BR,fast_signal_tight_stop,-2974.449977475693,-0.4075146993236468,-0.5627637228091122,5.723629321445866e-16,84,5,2026-04-01
HAS/YUM,HAS,YUM,balanced_plus,4371.110171295642,0.42323181346419025,-0.5747459116038286,0.99999976068112,64,5,2026-04-01
CSCO/PAYC,CSCO,PAYC,balanced_plus,9461.227450678141,0.6813662641556645,-0.5747459116038286,0.9999999924642048,60,5,2026-04-01
UNP/VLTO,UNP,VLTO,balanced_plus,-9887.83636458057,-0.9877633316825449,-0.5747459116038286,1.8592377082857198e-11,62,5,2026-04-01
EXR/WY,EXR,WY,balanced_plus,295.4541868168615,0.029799449837391828,-0.5747459116038286,0.07561315473175208,62,5,2026-04-01
CME/DE,CME,DE,balanced_plus,14338.46249028998,1.2856659039959493,-0.5747459116038286,1.0,70,5,2026-04-01
BIIB/HCA,BIIB,HCA,balanced_plus,1873.107894208851,0.16848781945205707,-0.5747459116038286,0.9422674910667189,64,5,2026-04-01
TXT/YUM,TXT,YUM,balanced_plus,-4087.66325249812,-0.4093166936359351,-0.5747459116038286,7.511292369146422e-23,74,5,2026-04-01
AKAM/KEYS,AKAM,KEYS,balanced_plus,3505.81000000002,0.32144055562926493,-0.5747459116038286,0.9999861994537106,58,5,2026-04-01
ATO/PCG,ATO,PCG,balanced_plus,-8199.555081112136,-0.9060335186576163,-0.5747459116038286,2.4329520547572082e-29,62,5,2026-04-01
RTX/SNA,RTX,SNA,balanced_plus,993.1021764900574,0.12696709390712158,-0.5747459116038286,0.7131861677165819,66,5,2026-04-01
CDNS/PTC,CDNS,PTC,balanced_plus,5914.229999999952,0.5294388807230864,-0.5747459116038286,0.9999999996708184,66,5,2026-04-01
EVRG/PCG,EVRG,PCG,balanced_plus,-9200.091203724609,-1.0026416029050629,-0.5747459116038286,2.6438708617673846e-16,58,5,2026-04-01
AON/KKR,AON,KKR,balanced_plus,-5796.817394901952,-0.4062162106983107,-0.5747459116038286,3.2396013704113793e-15,64,5,2026-04-01
AIG/L,AIG,L,balanced_plus,-3968.656401793623,-0.5633429198279037,-0.5747459116038286,2.9085846390320402e-12,62,5,2026-04-01
AON/BR,AON,BR,balanced_plus,6783.507716103357,0.8413856822448595,-0.5747459116038286,0.9999999963578206,70,5,2026-04-01
HAS/YUM,HAS,YUM,short_z_long_v,2323.271900814405,0.21466121633422106,-0.5749559143846992,0.9980571642434656,54,5,2026-04-01
CSCO/PAYC,CSCO,PAYC,short_z_long_v,-1791.2518257613,-0.1384645666816424,-0.5749559143846992,1.6324161789044396e-05,50,5,2026-04-01
UNP/VLTO,UNP,VLTO,short_z_long_v,-2510.171609419927,-0.24655220867149175,-0.5749559143846992,1.1217468620430923e-12,50,5,2026-04-01
EXR/WY,EXR,WY,short_z_long_v,5280.268503839587,0.5542867126093854,-0.5749559143846992,0.9999997768476877,70,5,2026-04-01
CME/DE,CME,DE,short_z_long_v,16403.36750311855,1.4145790605313107,-0.5749559143846992,0.9999999741199748,68,5,2026-04-01
BIIB/HCA,BIIB,HCA,short_z_long_v,13314.47908343911,1.213774930757275,-0.5749559143846992,1.0,60,5,2026-04-01
TXT/YUM,TXT,YUM,short_z_long_v,-7451.706782519273,-0.7487668669946637,-0.5749559143846992,8.386207473270399e-15,66,5,2026-04-01
AKAM/KEYS,AKAM,KEYS,short_z_long_v,-12496.48000000003,-0.7084367839826207,-0.5749559143846992,5.1955669609806535e-06,62,5,2026-04-01
ATO/PCG,ATO,PCG,short_z_long_v,-10791.86220571892,-1.0256366815134024,-0.5749559143846992,3.74161134158375e-24,84,5,2026-04-01
RTX/SNA,RTX,SNA,short_z_long_v,3354.671232968882,0.3736299299192255,-0.5749559143846992,0.9997171713539554,56,5,2026-04-01
CDNS/PTC,CDNS,PTC,short_z_long_v,3582.090000000027,0.39208513506174364,-0.5749559143846992,0.9999950781455933,60,5,2026-04-01
EVRG/PCG,EVRG,PCG,short_z_long_v,908.1183231207871,0.08863840737359018,-0.5749559143846992,0.43760772028903816,68,5,2026-04-01
AON/KKR,AON,KKR,short_z_long_v,3372.77829207068,0.22276418004835283,-0.5749559143846992,0.9962787348719725,76,5,2026-04-01
AIG/L,AIG,L,short_z_long_v,-1768.385380123527,-0.27984725592569837,-0.5749559143846992,3.9973453531036904e-10,74,5,2026-04-01
AON/BR,AON,BR,short_z_long_v,-7218.651372290497,-1.0796579841183267,-0.5749559143846992,2.3121733899848426e-16,56,5,2026-04-01
HAS/YUM,HAS,YUM,high_vol_specialist,11388.0014675841,1.3457919249923538,-0.6245237320772016,0.9999999999975123,40,5,2026-04-01
CSCO/PAYC,CSCO,PAYC,high_vol_specialist,-3156.410293109463,-0.24883377984548394,-0.6245237320772016,4.582903397443796e-08,36,5,2026-04-01
UNP/VLTO,UNP,VLTO,high_vol_specialist,-980.9560617322222,-0.10288353714844338,-0.6245237320772016,2.529282012994372e-08,36,5,2026-04-01
EXR/WY,EXR,WY,high_vol_specialist,6344.627964264259,0.7165647015688488,-0.6245237320772016,1.0,38,5,2026-04-01
CME/DE,CME,DE,high_vol_specialist,13619.84773820071,1.642169296969541,-0.6245237320772016,0.9999999999999685,50,5,2026-04-01
BIIB/HCA,BIIB,HCA,high_vol_specialist,8707.109708378632,0.9383155632644874,-0.6245237320772016,0.9999999999995344,36,5,2026-04-01
TXT/YUM,TXT,YUM,high_vol_specialist,-770.2699505123105,-0.0740962411235436,-0.6245237320772016,0.00021641565389626374,42,5,2026-04-01
AKAM/KEYS,AKAM,KEYS,high_vol_specialist,-16909.67999999997,-0.9027016173964689,-0.6245237320772016,5.843384664605721e-07,42,5,2026-04-01
ATO/PCG,ATO,PCG,high_vol_specialist,-7090.369947093151,-0.5658139123436876,-0.6245237320772016,4.177293544381028e-33,52,5,2026-04-01
RTX/SNA,RTX,SNA,high_vol_specialist,7904.363898718993,1.4316174815454552,-0.6245237320772016,0.9999999999995483,34,5,2026-04-01
CDNS/PTC,CDNS,PTC,high_vol_specialist,1777.719999999965,0.18781424667279933,-0.6245237320772016,0.9795372934461889,42,5,2026-04-01
EVRG/PCG,EVRG,PCG,high_vol_specialist,-12681.21261494512,-0.9074487960578504,-0.6245237320772016,4.938639132430669e-26,50,5,2026-04-01
AON/KKR,AON,KKR,high_vol_specialist,-3692.490541826674,-0.2898602211993267,-0.6245237320772016,8.146247257177143e-10,40,5,2026-04-01
AIG/L,AIG,L,high_vol_specialist,-2250.72442010224,-0.4089440565463721,-0.6245237320772016,2.7958605765908097e-22,42,5,2026-04-01
AON/BR,AON,BR,high_vol_specialist,443.2288098846857,0.05332527984261915,-0.6245237320772016,0.16543962025008618,40,5,2026-04-01
HAS/YUM,HAS,YUM,slow_signal,1843.508562690054,0.28603239375670453,-0.662702522559006,0.999959125384907,48,5,2026-04-01
CSCO/PAYC,CSCO,PAYC,slow_signal,3341.404468370988,0.22077349799404417,-0.662702522559006,0.9936764278437528,38,5,2026-04-01
UNP/VLTO,UNP,VLTO,slow_signal,-645.2091389388493,-0.0710663996191865,-0.662702522559006,4.3779733866282546e-06,34,5,2026-04-01
EXR/WY,EXR,WY,slow_signal,13827.53275400226,1.7038387839958689,-0.662702522559006,1.0,40,5,2026-04-01
CME/DE,CME,DE,slow_signal,14631.86561920551,1.9116592304586713,-0.662702522559006,0.9999999999693483,40,5,2026-04-01
BIIB/HCA,BIIB,HCA,slow_signal,10193.98487219002,1.1141055970401803,-0.662702522559006,0.9999999999999453,36,5,2026-04-01
TXT/YUM,TXT,YUM,slow_signal,-1976.40619944479,-0.2396416970166946,-0.662702522559006,1.087718402770686e-14,46,5,2026-04-01
AKAM/KEYS,AKAM,KEYS,slow_signal,-20130.69000000001,-1.0297237632273017,-0.662702522559006,8.311888993973056e-08,40,5,2026-04-01
ATO/PCG,ATO,PCG,slow_signal,-12774.02624565307,-1.2284900459171855,-0.662702522559006,1.1744884722585392e-28,56,5,2026-04-01
RTX/SNA,RTX,SNA,slow_signal,3921.599310994007,0.6059858807608023,-0.662702522559006,0.9999997628669134,40,5,2026-04-01
CDNS/PTC,CDNS,PTC,slow_signal,-2251.910000000028,-0.2550351585878119,-0.662702522559006,7.42214889736774e-07,42,5,2026-04-01
EVRG/PCG,EVRG,PCG,slow_signal,-14508.5649449718,-1.3101242624960696,-0.662702522559006,2.8690261280652545e-14,54,5,2026-04-01
AON/KKR,AON,KKR,slow_signal,5323.672187541164,0.4551746101607174,-0.662702522559006,0.9999999998685474,44,5,2026-04-01
AIG/L,AIG,L,slow_signal,-4287.303675585286,-0.9414507800007463,-0.662702522559006,5.963530019831962e-23,46,5,2026-04-01
AON/BR,AON,BR,slow_signal,5263.699450548811,0.8114824059839778,-0.662702522559006,0.999980296969559,36,5,2026-04-01
HAS/YUM,HAS,YUM,tight_stop,6969.216611550784,0.5240736682086283,-0.6642663771570773,0.9980056658878776,58,5,2026-04-01
CSCO/PAYC,CSCO,PAYC,tight_stop,6264.526568773583,0.5248749562449528,-0.6642663771570773,0.999999943629797,60,5,2026-04-01
UNP/VLTO,UNP,VLTO,tight_stop,-1214.455668363953,-0.13483481303879874,-0.6642663771570773,2.0885776807211674e-11,58,5,2026-04-01
EXR/WY,EXR,WY,tight_stop,6272.084959938881,0.7099169168630385,-0.6642663771570773,0.9999999479563038,62,5,2026-04-01
CME/DE,CME,DE,tight_stop,5425.983533556044,0.6086091323874419,-0.6642663771570773,0.9999999999683881,64,5,2026-04-01
BIIB/HCA,BIIB,HCA,tight_stop,-646.6418776585019,-0.05394567825365093,-0.6642663771570773,0.0006450013044573684,66,5,2026-04-01
TXT/YUM,TXT,YUM,tight_stop,91.05604943286835,0.01209054067578311,-0.6642663771570773,0.03330514202950431,74,5,2026-04-01
AKAM/KEYS,AKAM,KEYS,tight_stop,-11352.65999999997,-1.2377152386736316,-0.6642663771570773,3.032843077293408e-17,52,5,2026-04-01
ATO/PCG,ATO,PCG,tight_stop,-4025.174910062743,-0.4575320013927453,-0.6642663771570773,4.006448822891661e-15,66,5,2026-04-01
RTX/SNA,RTX,SNA,tight_stop,2075.441945874621,0.24768288226658547,-0.6642663771570773,0.9816217548881021,66,5,2026-04-01
CDNS/PTC,CDNS,PTC,tight_stop,-5615.439999999998,-0.524016981819241,-0.6642663771570773,3.5318491297982026e-10,56,5,2026-04-01
EVRG/PCG,EVRG,PCG,tight_stop,-8682.749199600496,-1.0509493251577893,-0.6642663771570773,1.018251262287615e-12,74,5,2026-04-01
AON/KKR,AON,KKR,tight_stop,3859.024383711465,0.31900150270764466,-0.6642663771570773,0.9996962730448916,58,5,2026-04-01
AIG/L,AIG,L,tight_stop,-581.461993535584,-0.13893575785718143,-0.6642663771570773,1.5594740529389722e-06,54,5,2026-04-01
AON/BR,AON,BR,tight_stop,4731.343895629427,0.7131850002221916,-0.6642663771570773,0.99998905607091,48,5,2026-04-01
HAS/YUM,HAS,YUM,low_entry,5965.657370742379,0.33328208424750494,-0.6797768111168077,0.9993468261029482,100,5,2026-04-01
CSCO/PAYC,CSCO,PAYC,low_entry,8844.480099449233,0.47144081291268647,-0.6797768111168077,0.9999999998068548,112,5,2026-04-01
UNP/VLTO,UNP,VLTO,low_entry,-8600.719994040075,-0.762345624165555,-0.6797768111168077,3.687741049688007e-20,112,5,2026-04-01
EXR/WY,EXR,WY,low_entry,-3850.869718542353,-0.35049889034347775,-0.6797768111168077,2.661132575705621e-16,110,5,2026-04-01
CME/DE,CME,DE,low_entry,17442.25345253676,1.2263278911254845,-0.6797768111168077,0.9999999999999994,108,5,2026-04-01
BIIB/HCA,BIIB,HCA,low_entry,6558.603829680431,0.45547779816954403,-0.6797768111168077,0.9999999997195261,128,5,2026-04-01
TXT/YUM,TXT,YUM,low_entry,6892.286840822708,0.6630713277701997,-0.6797768111168077,0.9999999999999993,100,5,2026-04-01
AKAM/KEYS,AKAM,KEYS,low_entry,-1433.069999999983,-0.10308394745728298,-0.6797768111168077,2.7873916118305107e-05,76,5,2026-04-01
ATO/PCG,ATO,PCG,low_entry,-9515.655877288962,-0.7420659027819764,-0.6797768111168077,3.726259789651506e-28,108,5,2026-04-01
RTX/SNA,RTX,SNA,low_entry,4191.139389164377,0.4075922539773541,-0.6797768111168077,0.9999878808579062,96,5,2026-04-01
CDNS/PTC,CDNS,PTC,low_entry,-1132.140000000039,-0.08320000069949797,-0.6797768111168077,0.00010108173444547138,104,5,2026-04-01
EVRG/PCG,EVRG,PCG,low_entry,-18926.57747017195,-1.3425266370956086,-0.6797768111168077,2.394200410790339e-18,106,5,2026-04-01
AON/KKR,AON,KKR,low_entry,-18698.1642645389,-0.9619209170481372,-0.6797768111168077,2.8012558896235947e-36,126,5,2026-04-01
AIG/L,AIG,L,low_entry,-4464.397661981438,-0.4031138900238875,-0.6797768111168077,5.103264076433064e-19,130,5,2026-04-01
AON/BR,AON,BR,low_entry,6334.342686483601,0.7451175735644596,-0.6797768111168077,0.9999999998525287,82,5,2026-04-01
HAS/YUM,HAS,YUM,symmetric_exit,9691.536492094947,1.1909327457294432,-0.6954962203506946,0.9999999999999978,44,5,2026-04-01
CSCO/PAYC,CSCO,PAYC,symmetric_exit,-5916.771558391374,-0.48743905042814384,-0.6954962203506946,3.6605984601982986e-08,44,5,2026-04-01
UNP/VLTO,UNP,VLTO,symmetric_exit,-951.6932336909294,-0.10614539613717716,-0.6954962203506946,1.3891058538928326e-08,44,5,2026-04-01
EXR/WY,EXR,WY,symmetric_exit,1769.300849670577,0.25449730955204086,-0.6954962203506946,0.9996569206028172,54,5,2026-04-01
CME/DE,CME,DE,symmetric_exit,8050.004282411269,1.0013158241375109,-0.6954962203506946,0.999999999746876,52,5,2026-04-01
BIIB/HCA,BIIB,HCA,symmetric_exit,-867.6875122908864,-0.08534866790378064,-0.6954962203506946,7.17614878640722e-05,60,5,2026-04-01
TXT/YUM,TXT,YUM,symmetric_exit,2925.547527272332,0.3841838834012037,-0.6954962203506946,0.9999992241174509,50,5,2026-04-01
AKAM/KEYS,AKAM,KEYS,symmetric_exit,-4909.569999999987,-0.46764202033266034,-0.6954962203506946,1.4891085486805592e-08,36,5,2026-04-01
ATO/PCG,ATO,PCG,symmetric_exit,-5811.961081520281,-0.7822968143615846,-0.6954962203506946,3.10537424589159e-17,60,5,2026-04-01
RTX/SNA,RTX,SNA,symmetric_exit,2929.965306337652,0.3953698652357489,-0.6954962203506946,0.9999834865533938,46,5,2026-04-01
CDNS/PTC,CDNS,PTC,symmetric_exit,2063.769999999992,0.2150306993652695,-0.6954962203506946,0.9979323991732036,46,5,2026-04-01
EVRG/PCG,EVRG,PCG,symmetric_exit,-1221.281141854919,-0.13414267836810936,-0.6954962203506946,4.2213308168159623e-07,50,5,2026-04-01
AON/KKR,AON,KKR,symmetric_exit,1939.677378485174,0.18230841733500125,-0.6954962203506946,0.9829633175625493,40,5,2026-04-01
AIG/L,AIG,L,symmetric_exit,-5007.229222294029,-0.9460320907821411,-0.6954962203506946,6.0268105312902985e-15,44,5,2026-04-01
AON/BR,AON,BR,symmetric_exit,2097.658083933932,0.33646246514195177,-0.6954962203506946,0.9996193449928789,40,5,2026-04-01
HAS/YUM,HAS,YUM,quick_exit,6205.878510604914,0.46773612956327804,-0.7934906143133887,0.9969281604404046,58,5,2026-04-01
CSCO/PAYC,CSCO,PAYC,quick_exit,8095.287715106632,0.6622826250742717,-0.7934906143133887,0.9999999957398389,60,5,2026-04-01
UNP/VLTO,UNP,VLTO,quick_exit,-665.598819484142,-0.07391633674572488,-0.7934906143133887,2.4987458149669896e-06,58,5,2026-04-01
EXR/WY,EXR,WY,quick_exit,4537.818354530807,0.5436260566639305,-0.7934906143133887,0.9999990232713027,62,5,2026-04-01
CME/DE,CME,DE,quick_exit,3895.3255097921,0.42824502017891203,-0.7934906143133887,0.9999999161687795,64,5,2026-04-01
BIIB/HCA,BIIB,HCA,quick_exit,-773.278940638018,-0.06424379264047096,-0.7934906143133887,0.000305806747347914,66,5,2026-04-01
TXT/YUM,TXT,YUM,quick_exit,2142.886154196297,0.2905224226123669,-0.7934906143133887,0.9998588434017343,72,5,2026-04-01
AKAM/KEYS,AKAM,KEYS,quick_exit,-10952.33999999998,-1.027333657322101,-0.7934906143133887,1.5059334187161458e-12,52,5,2026-04-01
ATO/PCG,ATO,PCG,quick_exit,-5414.714501028717,-0.6228777958398682,-0.7934906143133887,1.005643444075811e-15,68,5,2026-04-01
RTX/SNA,RTX,SNA,quick_exit,3173.356548372029,0.35638085244880097,-0.7934906143133887,0.9994622842717533,62,5,2026-04-01
CDNS/PTC,CDNS,PTC,quick_exit,-7341.810000000021,-0.6528818019123505,-0.7934906143133887,5.193852127896198e-12,58,5,2026-04-01
EVRG/PCG,EVRG,PCG,quick_exit,-8722.766243948607,-1.0776438763809562,-0.7934906143133887,7.0947501927142315e-12,72,5,2026-04-01
AON/KKR,AON,KKR,quick_exit,991.1543602727124,0.08211285952714448,-0.7934906143133887,0.3825448691232437,62,5,2026-04-01
AIG/L,AIG,L,quick_exit,203.007621564695,0.04018259794653696,-0.7934906143133887,0.10844561538837116,54,5,2026-04-01
AON/BR,AON,BR,quick_exit,2653.327631542969,0.4244809120469665,-0.7934906143133887,0.9998836398195329,44,5,2026-04-01
HAS/YUM,HAS,YUM,high_leverage,12652.58791556995,0.6145964355736896,-0.8069134338670708,0.9994883195474566,52,5,2026-04-01
CSCO/PAYC,CSCO,PAYC,high_leverage,-6071.840745816089,-0.29867269037178074,-0.8069134338670708,4.5312874647404605e-10,68,5,2026-04-01
UNP/VLTO,UNP,VLTO,high_leverage,-3055.112707212081,-0.20885446879716205,-0.8069134338670708,1.565772395257843e-15,58,5,2026-04-01
EXR/WY,EXR,WY,high_leverage,4229.290653716202,0.25078384386977304,-0.8069134338670708,0.9998789622591785,70,5,2026-04-01
CME/DE,CME,DE,high_leverage,6911.207739767328,0.4704175540292094,-0.8069134338670708,0.9999999964600162,66,5,2026-04-01
BIIB/HCA,BIIB,HCA,high_leverage,1518.614310878374,0.08307136834466643,-0.8069134338670708,0.387280024168589,58,5,2026-04-01
TXT/YUM,TXT,YUM,high_leverage,-2613.442707880726,-0.1805173524105765,-0.8069134338670708,3.1026441756429845e-09,70,5,2026-04-01
AKAM/KEYS,AKAM,KEYS,high_leverage,-8617.279999999952,-0.5078122661417906,-0.8069134338670708,2.768684097917884e-10,46,5,2026-04-01
ATO/PCG,ATO,PCG,high_leverage,-5986.520262213638,-0.38284981791096007,-0.8069134338670708,3.4394617197895465e-18,52,5,2026-04-01
RTX/SNA,RTX,SNA,high_leverage,5429.610203156053,0.41917487590853697,-0.8069134338670708,0.9998312782808251,62,5,2026-04-01
CDNS/PTC,CDNS,PTC,high_leverage,-4198.800000000028,-0.26583955265680237,-0.8069134338670708,1.4675989016997394e-07,52,5,2026-04-01
EVRG/PCG,EVRG,PCG,high_leverage,-21633.30267807695,-1.3710104796891276,-0.8069134338670708,5.3813960615404814e-24,54,5,2026-04-01
AON/KKR,AON,KKR,high_leverage,3284.253423426285,0.1519327912161129,-0.8069134338670708,0.8857865664746774,56,5,2026-04-01
AIG/L,AIG,L,high_leverage,-13807.38709696171,-1.7252724510802144,-0.8069134338670708,1.683857880991125e-32,48,5,2026-04-01
AON/BR,AON,BR,high_leverage,4887.693104576018,0.45425785118019935,-0.8069134338670708,0.9999950686624204,48,5,2026-04-01
HAS/YUM,HAS,YUM,patient_hold,4789.183779705555,0.5587730626426034,-0.8136907645029241,0.9999408885781185,30,5,2026-04-01
CSCO/PAYC,CSCO,PAYC,patient_hold,8265.103787090968,0.7800560103971412,-0.8136907645029241,0.9999988286069574,32,5,2026-04-01
UNP/VLTO,UNP,VLTO,patient_hold,-1746.572146047527,-0.19175225931736117,-0.8136907645029241,8.127983877694583e-15,38,5,2026-04-01
EXR/WY,EXR,WY,patient_hold,4610.78073333587,0.5320852378028621,-0.8136907645029241,0.9999999999999841,40,5,2026-04-01
CME/DE,CME,DE,patient_hold,9129.620697206574,1.0346493754363328,-0.8136907645029241,0.9999999999990795,54,5,2026-04-01
BIIB/HCA,BIIB,HCA,patient_hold,2584.748660404,0.28203236498801054,-0.8136907645029241,0.9997720650405568,36,5,2026-04-01
TXT/YUM,TXT,YUM,patient_hold,-6182.879940874142,-0.7192323792147822,-0.8136907645029241,4.943527211045255e-23,44,5,2026-04-01
AKAM/KEYS,AKAM,KEYS,patient_hold,-13033.26000000001,-1.1410519080176014,-0.8136907645029241,2.716461587057895e-11,36,5,2026-04-01
ATO/PCG,ATO,PCG,patient_hold,-5887.963179011702,-0.5836379216037028,-0.8136907645029241,5.023472378598655e-24,46,5,2026-04-01
RTX/SNA,RTX,SNA,patient_hold,9347.30851551667,1.6607402991301699,-0.8136907645029241,0.9999999999999992,46,5,2026-04-01
CDNS/PTC,CDNS,PTC,patient_hold,-785.100000000034,-0.0875258078360748,-0.8136907645029241,0.00026417421375201256,34,5,2026-04-01
EVRG/PCG,EVRG,PCG,patient_hold,-8611.542997835524,-0.8020988683273228,-0.8136907645029241,3.31037113109783e-24,44,5,2026-04-01
AON/KKR,AON,KKR,patient_hold,-457.9353217197358,-0.04213546868141336,-0.8136907645029241,0.002264248457627815,34,5,2026-04-01
AIG/L,AIG,L,patient_hold,-6303.773637124626,-1.1862290093306858,-0.8136907645029241,4.8242929840921786e-27,38,5,2026-04-01
AON/BR,AON,BR,patient_hold,6377.255967966435,1.0257175837385937,-0.8136907645029241,0.9998972386692664,30,5,2026-04-01
HAS/YUM,HAS,YUM,high_entry,8936.713159905394,1.7506839368655114,-0.8438451158017757,0.9999999999911261,22,5,2026-04-01
CSCO/PAYC,CSCO,PAYC,high_entry,-5540.018167924292,-0.4725631035233335,-0.8438451158017757,2.0028359715141163e-07,26,5,2026-04-01
UNP/VLTO,UNP,VLTO,high_entry,-2307.836294021618,-0.2776256983474971,-0.8438451158017757,2.7684493772531915e-12,28,5,2026-04-01
EXR/WY,EXR,WY,high_entry,-726.3671128860769,-0.12326364998102336,-0.8438451158017757,1.3301857269363012e-05,28,5,2026-04-01
CME/DE,CME,DE,high_entry,1647.829945284246,0.20700132780434732,-0.8438451158017757,0.9835749081411658,34,5,2026-04-01
BIIB/HCA,BIIB,HCA,high_entry,1303.687842788211,0.16066605945557455,-0.8438451158017757,0.8989230894726394,26,5,2026-04-01
TXT/YUM,TXT,YUM,high_entry,-1248.013439902192,-0.20834464042614617,-0.8438451158017757,3.7064516665903503e-09,28,5,2026-04-01
AKAM/KEYS,AKAM,KEYS,high_entry,4532.679999999998,0.4885619687820505,-0.8438451158017757,0.9999937775834326,30,5,2026-04-01
ATO/PCG,ATO,PCG,high_entry,-10961.94772343973,-1.6214131977035893,-0.8438451158017757,2.546449127984027e-11,42,5,2026-04-01
RTX/SNA,RTX,SNA,high_entry,4494.356464704681,0.8802289396366503,-0.8438451158017757,0.9999999972562148,24,5,2026-04-01
CDNS/PTC,CDNS,PTC,high_entry,7471.83999999998,0.8514107200623816,-0.8438451158017757,0.999999903941087,28,5,2026-04-01
EVRG/PCG,EVRG,PCG,high_entry,-984.9474644483078,-0.11902630238720363,-0.8438451158017757,6.366099207216018e-07,40,5,2026-04-01
AON/KKR,AON,KKR,high_entry,-1414.461380305851,-0.1609873402366769,-0.8438451158017757,2.164579477033062e-05,28,5,2026-04-01
AIG/L,AIG,L,high_entry,-4672.458584655106,-1.0343318446736227,-0.8438451158017757,4.837267132646351e-16,24,5,2026-04-01
AON/BR,AON,BR,high_entry,3709.766117856937,0.6986830156463925,-0.8438451158017757,0.9975173072780982,20,5,2026-04-01
HAS/YUM,HAS,YUM,default,9860.266015852134,0.7361911832880967,-0.9042735731699972,0.9995520128192525,54,5,2026-04-01
CSCO/PAYC,CSCO,PAYC,default,3094.206702582247,0.24055079861583048,-0.9042735731699972,0.9990040957111985,66,5,2026-04-01
UNP/VLTO,UNP,VLTO,default,-266.2211356550283,-0.027748006110428786,-0.9042735731699972,0.0017900566008529559,58,5,2026-04-01
EXR/WY,EXR,WY,default,1120.402966591808,0.10713308169396558,-0.9042735731699972,0.6072700701205005,66,5,2026-04-01
CME/DE,CME,DE,default,4620.482514165291,0.47289256574751587,-0.9042735731699972,0.999999997271505,66,5,2026-04-01
BIIB/HCA,BIIB,HCA,default,-394.5481862851598,-0.032896060326841184,-0.9042735731699972,0.002625865506728068,66,5,2026-04-01
TXT/YUM,TXT,YUM,default,-1557.057686032577,-0.17713951384523713,-0.9042735731699972,1.8356310564887028e-09,70,5,2026-04-01
AKAM/KEYS,AKAM,KEYS,default,-7630.119999999991,-0.6844789376216797,-0.9042735731699972,2.908564791028446e-10,52,5,2026-04-01
ATO/PCG,ATO,PCG,default,-2747.512603405007,-0.30313555316681534,-0.9042735731699972,1.1080849332291434e-13,60,5,2026-04-01
RTX/SNA,RTX,SNA,default,3657.379082985658,0.4241801847427304,-0.9042735731699972,0.9998593206879236,62,5,2026-04-01
CDNS/PTC,CDNS,PTC,default,-2626.290000000019,-0.247395979889185,-0.9042735731699972,2.1070929995141632e-07,54,5,2026-04-01
EVRG/PCG,EVRG,PCG,default,-9880.37049858214,-1.0762028155501238,-0.9042735731699972,6.9084627906202684e-15,62,5,2026-04-01
AON/KKR,AON,KKR,default,1346.182293117649,0.09648428484970238,-0.9042735731699972,0.5029451928194147,56,5,2026-04-01
AIG/L,AIG,L,default,-9658.426552127543,-1.8835642605473244,-0.9042735731699972,1.4960459539684782e-25,46,5,2026-04-01
AON/BR,AON,BR,default,2664.804116763492,0.3715440178917638,-0.9042735731699972,0.9999714786432674,48,5,2026-04-01
HAS/YUM,HAS,YUM,low_vol_specialist,16210.32420597053,1.5330644818560042,-0.9925525907048705,1.0,120,5,2026-04-01
CSCO/PAYC,CSCO,PAYC,low_vol_specialist,-15859.78325761171,-1.0048976673873764,-0.9925525907048705,1.0194924724782009e-30,124,5,2026-04-01
UNP/VLTO,UNP,VLTO,low_vol_specialist,-7760.095642919083,-0.7315559783887263,-0.9925525907048705,1.4280484730381727e-17,114,5,2026-04-01
EXR/WY,EXR,WY,low_vol_specialist,1917.510932060428,0.1691636650773441,-0.9925525907048705,0.9121026343956806,134,5,2026-04-01
CME/DE,CME,DE,low_vol_specialist,17341.01710601821,1.3020020070856217,-0.9925525907048705,0.999999999999971,104,5,2026-04-01
BIIB/HCA,BIIB,HCA,low_vol_specialist,4218.32295721748,0.29834825564400874,-0.9925525907048705,0.9999877945979343,114,5,2026-04-01
TXT/YUM,TXT,YUM,low_vol_specialist,2544.943763906324,0.21066399215025383,-0.9925525907048705,0.9729317378136971,118,5,2026-04-01
AKAM/KEYS,AKAM,KEYS,low_vol_specialist,-23960.50999999995,-1.2644177340426623,-0.9925525907048705,8.29598599538632e-11,104,5,2026-04-01
ATO/PCG,ATO,PCG,low_vol_specialist,2574.191466985802,0.2055434925483571,-0.9925525907048705,0.9865210137994718,152,5,2026-04-01
RTX/SNA,RTX,SNA,low_vol_specialist,2800.861613583051,0.2564946694081604,-0.9925525907048705,0.9976918321316227,122,5,2026-04-01
CDNS/PTC,CDNS,PTC,low_vol_specialist,362.3699999999876,0.02707522476652462,-0.9925525907048705,0.06814029756473983,102,5,2026-04-01
EVRG/PCG,EVRG,PCG,low_vol_specialist,-10996.93059149219,-0.864152277489682,-0.9925525907048705,4.682351846489878e-19,136,5,2026-04-01
AON/KKR,AON,KKR,low_vol_specialist,-18201.37946829524,-0.9494014391131161,-0.9925525907048705,2.2755833776194012e-38,124,5,2026-04-01
AIG/L,AIG,L,low_vol_specialist,1144.054394684597,0.1471373679375851,-0.9925525907048705,0.8737738098059709,134,5,2026-04-01
AON/BR,AON,BR,low_vol_specialist,8241.444623889529,0.87089156637994,-0.9925525907048705,0.999999999999887,94,5,2026-04-01
HAS/YUM,HAS,YUM,high_turnover,5761.463188994156,0.570507725411229,-0.9980426283306828,0.9999999999995159,98,5,2026-04-01
CSCO/PAYC,CSCO,PAYC,high_turnover,1397.361745412068,0.09588491659543792,-0.9980426283306828,0.49783046266725933,86,5,2026-04-01
UNP/VLTO,UNP,VLTO,high_turnover,-8837.927997497707,-0.822785091046688,-0.9980426283306828,3.757410427490025e-16,104,5,2026-04-01
EXR/WY,EXR,WY,high_turnover,7677.948505947779,0.7687986769355578,-0.9980426283306828,1.0,104,5,2026-04-01
CME/DE,CME,DE,high_turnover,6548.397254702556,0.4584201745242677,-0.9980426283306828,0.999999999983179,106,5,2026-04-01
BIIB/HCA,BIIB,HCA,high_turnover,134.8740920536502,0.009916725090433409,-0.9980426283306828,0.030151204886373052,116,5,2026-04-01
TXT/YUM,TXT,YUM,high_turnover,1341.721512742744,0.12028160565474977,-0.9980426283306828,0.6792352160225733,96,5,2026-04-01
AKAM/KEYS,AKAM,KEYS,high_turnover,-11461.99999999997,-0.8360809643660859,-0.9980426283306828,1.4778761416542879e-08,88,5,2026-04-01
ATO/PCG,ATO,PCG,high_turnover,-985.6092922829321,-0.1180442073760625,-0.9980426283306828,1.0115056371130105e-07,84,5,2026-04-01
RTX/SNA,RTX,SNA,high_turnover,7213.256616878037,0.8130972779239831,-0.9980426283306828,1.0,98,5,2026-04-01
CDNS/PTC,CDNS,PTC,high_turnover,-17175.14000000004,-1.0993428923953072,-0.9980426283306828,9.524742761634197e-07,92,5,2026-04-01
EVRG/PCG,EVRG,PCG,high_turnover,-5865.447600764737,-0.7657449945933786,-0.9980426283306828,6.7273357362553e-17,78,5,2026-04-01
AON/KKR,AON,KKR,high_turnover,-11401.4044856278,-0.7571305215453149,-0.9980426283306828,7.145300885415807e-21,98,5,2026-04-01
AIG/L,AIG,L,high_turnover,7211.598404769271,1.0271637726916096,-0.9980426283306828,0.9999999998993985,92,5,2026-04-01
AON/BR,AON,BR,high_turnover,1229.838874194879,0.12102478639293639,-0.9980426283306828,0.6729033935732849,102,5,2026-04-01
HAS/YUM,HAS,YUM,conservative_no_leverage,5391.240542464569,1.3706760549909178,-1.020084399994021,0.9999999991152057,34,5,2026-04-01
CSCO/PAYC,CSCO,PAYC,conservative_no_leverage,4458.146489982255,0.8223252658645749,-1.020084399994021,0.9999996895675461,42,5,2026-04-01
UNP/VLTO,UNP,VLTO,conservative_no_leverage,-797.3786304731148,-0.1789824106429166,-1.020084399994021,9.367168566149424e-14,30,5,2026-04-01
EXR/WY,EXR,WY,conservative_no_leverage,2462.032754119432,0.5394118300206648,-1.020084399994021,0.9999999999999996,40,5,2026-04-01
CME/DE,CME,DE,conservative_no_leverage,5038.88169393858,1.2039113548753677,-1.020084399994021,0.9999999999713507,44,5,2026-04-01
BIIB/HCA,BIIB,HCA,conservative_no_leverage,1186.734938345074,0.23799443799512157,-1.020084399994021,0.9982046560940785,40,5,2026-04-01
TXT/YUM,TXT,YUM,conservative_no_leverage,-1837.397408454464,-0.4635489580507837,-1.020084399994021,2.1669889938805624e-16,40,5,2026-04-01
AKAM/KEYS,AKAM,KEYS,conservative_no_leverage,-3576.98,-0.6202243121390362,-1.020084399994021,8.006132455436215e-11,30,5,2026-04-01
ATO/PCG,ATO,PCG,conservative_no_leverage,-3221.534350052168,-0.6273266916144606,-1.020084399994021,8.201736655161063e-25,40,5,2026-04-01
RTX/SNA,RTX,SNA,conservative_no_leverage,4648.260525280373,1.9915659546390176,-1.020084399994021,0.9999999999978503,38,5,2026-04-01
CDNS/PTC,CDNS,PTC,conservative_no_leverage,18.13999999998646,0.0037722399296791515,-1.020084399994021,0.021132669573515367,34,5,2026-04-01
EVRG/PCG,EVRG,PCG,conservative_no_leverage,-6362.931817734993,-1.1768385212000028,-1.020084399994021,7.884107837595784e-31,36,5,2026-04-01
AON/KKR,AON,KKR,conservative_no_leverage,3064.124813969156,0.5099611112851483,-1.020084399994021,0.9999999999963409,38,5,2026-04-01
AIG/L,AIG,L,conservative_no_leverage,-677.5301093613089,-0.27277228449287466,-1.020084399994021,3.0479642752747485e-14,36,5,2026-04-01
AON/BR,AON,BR,conservative_no_leverage,2188.964194867616,0.5864027792199125,-1.020084399994021,0.9999819424241971,28,5,2026-04-01
HAS/YUM,HAS,YUM,no_leverage,4931.771069195329,0.7377209564451335,-1.644053314963435,0.9995677018862479,54,5,2026-04-01
CSCO/PAYC,CSCO,PAYC,no_leverage,1558.736217628619,0.2425303210401731,-1.644053314963435,0.999124967315508,66,5,2026-04-01
UNP/VLTO,UNP,VLTO,no_leverage,-138.9819764166787,-0.02896375849003343,-1.644053314963435,0.0015714165729764043,58,5,2026-04-01
EXR/WY,EXR,WY,no_leverage,565.7405316125923,0.10822728740516555,-1.644053314963435,0.6177626081356173,66,5,2026-04-01
CME/DE,CME,DE,no_leverage,2292.305054543369,0.47181956618741433,-1.644053314963435,0.9999999970953696,66,5,2026-04-01
BIIB/HCA,BIIB,HCA,no_leverage,-173.4095590515764,-0.028997770672856103,-1.644053314963435,0.0033710273659041663,66,5,2026-04-01
TXT/YUM,TXT,YUM,no_leverage,-771.2101385389958,-0.17583155553007923,-1.644053314963435,2.1601219031033037e-09,70,5,2026-04-01
AKAM/KEYS,AKAM,KEYS,no_leverage,-3815.059999999995,-0.6860171340583177,-1.644053314963435,2.7347859081492174e-10,52,5,2026-04-01
ATO/PCG,ATO,PCG,no_leverage,-1353.128448744434,-0.29944064790654307,-1.644053314963435,1.5798868478561393e-13,60,5,2026-04-01
RTX/SNA,RTX,SNA,no_leverage,1817.356133411841,0.42168105448417614,-1.644053314963435,0.9998450447180026,62,5,2026-04-01
CDNS/PTC,CDNS,PTC,no_leverage,-1284.650000000003,-0.24301054705140623,-1.644053314963435,2.7420866018147085e-07,54,5,2026-04-01
EVRG/PCG,EVRG,PCG,no_leverage,-4922.373608732058,-1.0755904199077087,-1.644053314963435,6.4467553323811e-15,62,5,2026-04-01
AON/KKR,AON,KKR,no_leverage,698.625531272941,0.1002195451799873,-1.644053314963435,0.5353957424838465,56,5,2026-04-01
AIG/L,AIG,L,no_leverage,-4817.740327486009,-1.8831391569943192,-1.644053314963435,1.7510254051227622e-25,46,5,2026-04-01
AON/BR,AON,BR,no_leverage,1325.981452469802,0.3703258176723788,-1.644053314963435,0.9999702662914973,48,5,2026-04-01
HAS/YUM,HAS,YUM,conservative,2458.946718898035,1.0599045634144606,-1.864591720149438,0.9999995472732413,20,5,2026-04-01
CSCO/PAYC,CSCO,PAYC,conservative,3456.068316959082,0.71804868508026,-1.864591720149438,0.9999735836160641,24,5,2026-04-01
UNP/VLTO,UNP,VLTO,conservative,-1687.280529328972,-0.38616504643739963,-1.864591720149438,2.58189863093589e-11,26,5,2026-04-01
EXR/WY,EXR,WY,conservative,544.6998885533035,0.20673877142689148,-1.864591720149438,0.9953871218492898,30,5,2026-04-01
CME/DE,CME,DE,conservative,2073.203231758048,0.8118846220827617,-1.864591720149438,0.9999999726106893,28,5,2026-04-01
BIIB/HCA,BIIB,HCA,conservative,-614.5218193559353,-0.1536806941445988,-1.864591720149438,4.25267167534481e-06,26,5,2026-04-01
TXT/YUM,TXT,YUM,conservative,1006.806607688454,0.4055493765546507,-1.864591720149438,0.9999973014413335,28,5,2026-04-01
AKAM/KEYS,AKAM,KEYS,conservative,-4583.319999999999,-1.2793731983044634,-1.864591720149438,1.489306286572942e-08,28,5,2026-04-01
ATO/PCG,ATO,PCG,conservative,-1049.988351342536,-0.367238221784486,-1.864591720149438,3.0095722522201704e-14,42,5,2026-04-01
RTX/SNA,RTX,SNA,conservative,1813.358243294141,0.8218772258061647,-1.864591720149438,0.9999997028571287,32,5,2026-04-01
CDNS/PTC,CDNS,PTC,conservative,1773.529999999991,0.4255473292107034,-1.864591720149438,0.999999169152456,32,5,2026-04-01
EVRG/PCG,EVRG,PCG,conservative,-2238.254370038233,-0.812914533661639,-1.864591720149438,2.871112951944624e-06,36,5,2026-04-01
AON/KKR,AON,KKR,conservative,2349.240967334387,0.6503964044706354,-1.864591720149438,0.9999619159843842,22,5,2026-04-01
AIG/L,AIG,L,conservative,360.7118459070624,0.2527718772097255,-1.864591720149438,0.9961043310530223,32,5,2026-04-01
AON/BR,AON,BR,conservative,2480.150528442116,0.8690938974402845,-1.864591720149438,0.9991558435901065,22,5,2026-04-01
HAS/YUM,HAS,YUM,vol_gated,12988.80778171892,0.9027120807142327,0.5240230704649659,0.9999999604145552,82,6,2026-05-07
CSCO/PAYC,CSCO,PAYC,vol_gated,2045.730392506196,0.12185407464759664,0.5240230704649659,0.7189475348697137,64,6,2026-05-07
UNP/VLTO,UNP,VLTO,vol_gated,-11033.370164059,-0.9031765017046296,0.5240230704649659,1.2783758295696438e-12,88,6,2026-05-07
EXR/WY,EXR,WY,vol_gated,11100.06333165162,0.9057467850884392,0.5240230704649659,1.0,78,6,2026-05-07
CME/DE,CME,DE,vol_gated,21234.6481014469,1.465905789837885,0.5240230704649659,0.9999999999054862,72,6,2026-05-07
BIIB/HCA,BIIB,HCA,vol_gated,7919.985356793327,0.5599556048071711,0.5240230704649659,0.9999999999997556,102,6,2026-05-07
TXT/YUM,TXT,YUM,vol_gated,8633.320594488003,0.8142661629854813,0.5240230704649659,1.0,86,6,2026-05-07
AKAM/KEYS,AKAM,KEYS,vol_gated,1356.61000000003,0.06886586204239781,0.5240230704649659,0.3074895542967555,74,6,2026-05-07
ATO/PCG,ATO,PCG,vol_gated,-8254.980017182621,-0.781015010609385,0.5240230704649659,1.2049326148585965e-34,60,6,2026-05-07
RTX/SNA,RTX,SNA,vol_gated,4076.572683123589,0.5151457419821855,0.5240230704649659,0.9999999999999011,68,6,2026-05-07
CDNS/PTC,CDNS,PTC,vol_gated,4843.609999999985,0.3749333624136771,0.5240230704649659,0.9999998299789277,86,6,2026-05-07
EVRG/PCG,EVRG,PCG,vol_gated,-5051.297490126361,-0.5112491686940972,0.5240230704649659,1.9552733004964225e-20,64,6,2026-05-07
AON/KKR,AON,KKR,vol_gated,8243.575143163454,0.4822688362006961,0.5240230704649659,0.9999999999999994,78,6,2026-05-07
AIG/L,AIG,L,vol_gated,-2786.841514950172,-0.31438916969938424,0.5240230704649659,5.6808558044455914e-12,82,6,2026-05-07
AON/BR,AON,BR,vol_gated,6396.923990978606,0.7179396241126317,0.5240230704649659,0.9999999989220578,78,6,2026-05-07
HAS/YUM,HAS,YUM,deep_dislocation,21351.00983786394,1.6273187533628863,0.2485347178610057,0.9999999999762716,28,6,2026-05-07
CSCO/PAYC,CSCO,PAYC,deep_dislocation,4056.34286416163,0.2348406553190282,0.2485347178610057,0.9994732561341294,28,6,2026-05-07
UNP/VLTO,UNP,VLTO,deep_dislocation,-940.5512599688045,-0.0627783681135475,0.2485347178610057,4.58017163905189e-05,32,6,2026-05-07
EXR/WY,EXR,WY,deep_dislocation,-3470.716991429102,-0.27761791451244205,0.2485347178610057,2.3604805961069186e-10,24,6,2026-05-07
CME/DE,CME,DE,deep_dislocation,5840.660441290981,0.5296389324982281,0.2485347178610057,0.9999998428553112,30,6,2026-05-07
BIIB/HCA,BIIB,HCA,deep_dislocation,7661.058871693986,0.5345456741024038,0.2485347178610057,0.9999999874578961,26,6,2026-05-07
TXT/YUM,TXT,YUM,deep_dislocation,1141.590183330016,0.097491989617645,0.2485347178610057,0.5335756723938787,30,6,2026-05-07
AKAM/KEYS,AKAM,KEYS,deep_dislocation,-1315.569999999987,-0.07535892756296389,0.2485347178610057,0.00020841375561315238,20,6,2026-05-07
ATO/PCG,ATO,PCG,deep_dislocation,-8262.65076875247,-0.5005800164825166,0.2485347178610057,3.835045860394912e-22,38,6,2026-05-07
RTX/SNA,RTX,SNA,deep_dislocation,2639.470934156484,0.3252220521441261,0.2485347178610057,0.9999730127838042,18,6,2026-05-07
CDNS/PTC,CDNS,PTC,deep_dislocation,19069.34999999998,1.1276703642025567,0.2485347178610057,0.9999999532377642,30,6,2026-05-07
EVRG/PCG,EVRG,PCG,deep_dislocation,-17713.23083070702,-1.0975190441268428,0.2485347178610057,1.3551558482202347e-30,32,6,2026-05-07
AON/KKR,AON,KKR,deep_dislocation,6256.780563278297,0.34764910379056246,0.2485347178610057,0.9998307818801107,30,6,2026-05-07
AIG/L,AIG,L,deep_dislocation,1222.46647019861,0.16323339790240424,0.2485347178610057,0.9070532520633758,26,6,2026-05-07
AON/BR,AON,BR,deep_dislocation,9476.735519608545,1.0008834075368467,0.2485347178610057,0.9996307316052122,22,6,2026-05-07
HAS/YUM,HAS,YUM,stable_signal_quick_exit,22390.08841238042,1.9301144592593504,0.2382269186408609,0.9999999999958262,58,6,2026-05-07
CSCO/PAYC,CSCO,PAYC,stable_signal_quick_exit,12786.91501431074,0.6980245186892442,0.2382269186408609,0.9999999953634388,74,6,2026-05-07
UNP/VLTO,UNP,VLTO,stable_signal_quick_exit,-6072.209536705348,-0.5906467686145092,0.2382269186408609,7.68253592071731e-13,58,6,2026-05-07
EXR/WY,EXR,WY,stable_signal_quick_exit,3591.150404265563,0.4019241990791759,0.2382269186408609,0.9999999998321363,60,6,2026-05-07
CME/DE,CME,DE,stable_signal_quick_exit,18153.44559402682,1.5427496833011685,0.2382269186408609,0.9999999999999969,56,6,2026-05-07
BIIB/HCA,BIIB,HCA,stable_signal_quick_exit,2177.788097413543,0.16140094123163026,0.2382269186408609,0.9307645313056641,70,6,2026-05-07
TXT/YUM,TXT,YUM,stable_signal_quick_exit,10588.67392758129,1.0867512552016083,0.2382269186408609,1.0,64,6,2026-05-07
AKAM/KEYS,AKAM,KEYS,stable_signal_quick_exit,-9544.939999999975,-0.5741433618894624,0.2382269186408609,4.4849487569120647e-13,54,6,2026-05-07
ATO/PCG,ATO,PCG,stable_signal_quick_exit,-2847.613927019228,-0.3320462299753473,0.2382269186408609,1.740446130825385e-21,44,6,2026-05-07
RTX/SNA,RTX,SNA,stable_signal_quick_exit,7288.930464782394,0.9846713806770984,0.2382269186408609,1.0,50,6,2026-05-07
CDNS/PTC,CDNS,PTC,stable_signal_quick_exit,-1203.030000000052,-0.10243832108014594,0.2382269186408609,4.7737733200604547e-05,62,6,2026-05-07
EVRG/PCG,EVRG,PCG,stable_signal_quick_exit,-6825.791557809769,-0.7783070079748367,0.2382269186408609,4.8959013323291764e-18,38,6,2026-05-07
AON/KKR,AON,KKR,stable_signal_quick_exit,-4803.958702233407,-0.34454706252730966,0.2382269186408609,7.559216978796661e-12,58,6,2026-05-07
AIG/L,AIG,L,stable_signal_quick_exit,-5219.41589429443,-0.7217579926329909,0.2382269186408609,1.9570383874769917e-11,62,6,2026-05-07
AON/BR,AON,BR,stable_signal_quick_exit,4381.226008562356,0.5170414281881044,0.2382269186408609,0.9999998965704455,58,6,2026-05-07
HAS/YUM,HAS,YUM,deep_entry_quick_exit,12126.76062915648,1.7716287123098042,0.2127736915698548,1.0,28,6,2026-05-07
CSCO/PAYC,CSCO,PAYC,deep_entry_quick_exit,-4037.866428978674,-0.320052845812261,0.2127736915698548,7.626991484847757e-08,30,6,2026-05-07
UNP/VLTO,UNP,VLTO,deep_entry_quick_exit,2366.856201967764,0.2445827882753805,0.2127736915698548,0.9567321831895094,32,6,2026-05-07
EXR/WY,EXR,WY,deep_entry_quick_exit,401.2824287245423,0.07422486744832964,0.2127736915698548,0.3264277815724577,20,6,2026-05-07
CME/DE,CME,DE,deep_entry_quick_exit,4357.883664923729,0.5927725732999451,0.2127736915698548,0.9999999391662809,32,6,2026-05-07
BIIB/HCA,BIIB,HCA,deep_entry_quick_exit,2673.407222023685,0.2864298647472474,0.2127736915698548,0.9997583960213716,30,6,2026-05-07
TXT/YUM,TXT,YUM,deep_entry_quick_exit,2220.574994934006,0.2869570448779496,0.2127736915698548,0.9999361228165841,30,6,2026-05-07
AKAM/KEYS,AKAM,KEYS,deep_entry_quick_exit,9102.220000000003,0.5921128080368047,0.2127736915698548,0.9999986042610346,22,6,2026-05-07
ATO/PCG,ATO,PCG,deep_entry_quick_exit,-5701.64712973375,-0.8414119757580519,0.2127736915698548,1.2727906373629654e-11,36,6,2026-05-07
RTX/SNA,RTX,SNA,deep_entry_quick_exit,1502.128864844436,0.2791670590586158,0.2127736915698548,0.9997038795240957,22,6,2026-05-07
CDNS/PTC,CDNS,PTC,deep_entry_quick_exit,13330.43999999998,1.2273811259906229,0.2127736915698548,0.9999997418303889,30,6,2026-05-07
EVRG/PCG,EVRG,PCG,deep_entry_quick_exit,-8376.004322145434,-1.0158235604238393,0.2127736915698548,1.6780998454554305e-13,34,6,2026-05-07
AON/KKR,AON,KKR,deep_entry_quick_exit,6950.763903965835,0.707923314579145,0.2127736915698548,0.9999999986199866,30,6,2026-05-07
AIG/L,AIG,L,deep_entry_quick_exit,-1023.694768506273,-0.21813655305229027,0.2127736915698548,3.130749651208938e-10,26,6,2026-05-07
AON/BR,AON,BR,deep_entry_quick_exit,5806.392134722967,0.9171659484617776,0.2127736915698548,0.9997767461593933,24,6,2026-05-07
HAS/YUM,HAS,YUM,aggressive,53438.89946559264,2.142981106157266,0.1947532023809986,0.9999999999996266,106,6,2026-05-07
CSCO/PAYC,CSCO,PAYC,aggressive,20179.09673336812,0.6473949860606016,0.1947532023809986,0.9999999999878,114,6,2026-05-07
UNP/VLTO,UNP,VLTO,aggressive,-25806.89676801657,-1.2772763422223319,0.1947532023809986,8.487254311071321e-17,106,6,2026-05-07
EXR/WY,EXR,WY,aggressive,15101.25664379041,0.7191561157250831,0.1947532023809986,1.0,108,6,2026-05-07
CME/DE,CME,DE,aggressive,25394.22645806525,1.1473846625587354,0.1947532023809986,0.9999999999998233,96,6,2026-05-07
BIIB/HCA,BIIB,HCA,aggressive,21096.18742856712,0.8088012985607169,0.1947532023809986,1.0,142,6,2026-05-07
TXT/YUM,TXT,YUM,aggressive,10902.99500216475,0.5532175903782579,0.1947532023809986,0.9999999999526351,124,6,2026-05-07
AKAM/KEYS,AKAM,KEYS,aggressive,-8869.669999999865,-0.2808763387634865,0.1947532023809986,9.571224952144086e-08,98,6,2026-05-07
ATO/PCG,ATO,PCG,aggressive,-17321.5053890148,-0.8541305080845883,0.1947532023809986,1.2046447630294444e-32,90,6,2026-05-07
RTX/SNA,RTX,SNA,aggressive,5808.091429743454,0.33280823468942905,0.1947532023809986,0.9997692790537094,114,6,2026-05-07
CDNS/PTC,CDNS,PTC,aggressive,-3362.209999999999,-0.14914669215027804,0.1947532023809986,4.0974692832282787e-07,114,6,2026-05-07
EVRG/PCG,EVRG,PCG,aggressive,-41446.58553693405,-1.7419965696337418,0.1947532023809986,1.936673356663513e-27,78,6,2026-05-07
AON/KKR,AON,KKR,aggressive,-15655.12692439552,-0.5147809103584526,0.1947532023809986,5.348769724444505e-20,100,6,2026-05-07
AIG/L,AIG,L,aggressive,2355.674629791978,0.1552059107903335,0.1947532023809986,0.9405287926996061,120,6,2026-05-07
AON/BR,AON,BR,aggressive,7162.567802284389,0.489345900780696,0.1947532023809986,0.9999999999299123,102,6,2026-05-07
HAS/YUM,HAS,YUM,static_threshold,15254.49915195351,1.0730880029135548,0.1666076766557741,1.0,104,6,2026-05-07
CSCO/PAYC,CSCO,PAYC,static_threshold,2203.60071110308,0.11673389344303009,0.1666076766557741,0.6914442825878029,118,6,2026-05-07
UNP/VLTO,UNP,VLTO,static_threshold,3261.324909577879,0.2529170658834688,0.1666076766557741,0.9919020011746162,110,6,2026-05-07
EXR/WY,EXR,WY,static_threshold,5310.798438125011,0.44608716669347387,0.1666076766557741,0.9999999999999959,84,6,2026-05-07
CME/DE,CME,DE,static_threshold,24887.72817539171,1.5220145164119774,0.1666076766557741,1.0,150,6,2026-05-07
BIIB/HCA,BIIB,HCA,static_threshold,9997.973014309555,0.618750277034319,0.1666076766557741,1.0,130,6,2026-05-07
TXT/YUM,TXT,YUM,static_threshold,7395.808605271041,0.5019564777000162,0.1666076766557741,0.9999999974413227,114,6,2026-05-07
AKAM/KEYS,AKAM,KEYS,static_threshold,-9427.049999999957,-0.3611572104093857,0.1666076766557741,2.447851113316083e-10,92,6,2026-05-07
ATO/PCG,ATO,PCG,static_threshold,-13715.05386843137,-1.0102577919160916,0.1666076766557741,2.5561535022291464e-32,108,6,2026-05-07
RTX/SNA,RTX,SNA,static_threshold,15927.0366658622,1.1523850612318183,0.1666076766557741,0.9999999623557176,118,6,2026-05-07
CDNS/PTC,CDNS,PTC,static_threshold,683.2999999999856,0.05075335538527413,0.1666076766557741,0.16022717958219762,98,6,2026-05-07
EVRG/PCG,EVRG,PCG,static_threshold,-14625.85212999074,-1.0070238530942657,0.1666076766557741,5.5404263583828316e-30,106,6,2026-05-07
AON/KKR,AON,KKR,static_threshold,-6699.525997885607,-0.27498026365612455,0.1666076766557741,3.7121485989630995e-10,110,6,2026-05-07
AIG/L,AIG,L,static_threshold,-9008.711852426233,-1.0876909524458827,0.1666076766557741,8.784648165766737e-22,102,6,2026-05-07
AON/BR,AON,BR,static_threshold,11824.72402617646,1.0811918790477908,0.1666076766557741,0.9999999999998025,120,6,2026-05-07
HAS/YUM,HAS,YUM,vol_adaptive,12423.02060049826,0.872614590131766,0.1037124991231273,0.9999999320268793,82,6,2026-05-07
CSCO/PAYC,CSCO,PAYC,vol_adaptive,4110.773869428357,0.24477689738378974,0.1037124991231273,0.9958932616118438,68,6,2026-05-07
UNP/VLTO,UNP,VLTO,vol_adaptive,-10821.60847976014,-0.8953596623793872,0.1037124991231273,6.85690388845034e-13,88,6,2026-05-07
EXR/WY,EXR,WY,vol_adaptive,10276.01530682595,0.8264273214581167,0.1037124991231273,1.0,80,6,2026-05-07
CME/DE,CME,DE,vol_adaptive,21509.21156822129,1.4744700585252752,0.1037124991231273,0.9999999999930687,76,6,2026-05-07
BIIB/HCA,BIIB,HCA,vol_adaptive,4836.937603295767,0.3410223305772159,0.1037124991231273,0.9999985798405302,102,6,2026-05-07
TXT/YUM,TXT,YUM,vol_adaptive,8355.842960500828,0.782446169977592,0.1037124991231273,1.0,88,6,2026-05-07
AKAM/KEYS,AKAM,KEYS,vol_adaptive,-8898.959999999981,-0.5203479353775805,0.1037124991231273,4.0903200806005554e-10,72,6,2026-05-07
ATO/PCG,ATO,PCG,vol_adaptive,-8400.485349299051,-0.7998469065762074,0.1037124991231273,1.288932609117027e-34,62,6,2026-05-07
RTX/SNA,RTX,SNA,vol_adaptive,3972.264683664439,0.4547372867828397,0.1037124991231273,0.9999999999573688,70,6,2026-05-07
CDNS/PTC,CDNS,PTC,vol_adaptive,2569.760000000007,0.19216216947526632,0.1037124991231273,0.9840578422080791,92,6,2026-05-07
EVRG/PCG,EVRG,PCG,vol_adaptive,-4690.041561161072,-0.4714355513229719,0.1037124991231273,1.2179104643893482e-20,68,6,2026-05-07
AON/KKR,AON,KKR,vol_adaptive,17.55438045710093,0.0010182207254061627,0.1037124991231273,0.018917426444676456,86,6,2026-05-07
AIG/L,AIG,L,vol_adaptive,-4931.904136855411,-0.5518924062579947,0.1037124991231273,6.518881910154795e-13,84,6,2026-05-07
AON/BR,AON,BR,vol_adaptive,8091.47670151369,0.9049442515985403,0.1037124991231273,0.999999999811627,84,6,2026-05-07
HAS/YUM,HAS,YUM,slow_reentry,9968.988406265296,0.6963413079885408,-0.0436581500846338,0.9997538146728436,56,6,2026-05-07
CSCO/PAYC,CSCO,PAYC,slow_reentry,19931.92538358042,1.4662439033940098,-0.0436581500846338,0.9999999999926241,64,6,2026-05-07
UNP/VLTO,UNP,VLTO,slow_reentry,-6574.656688156422,-0.5661397894491882,-0.0436581500846338,6.555586014651042e-15,58,6,2026-05-07
EXR/WY,EXR,WY,slow_reentry,-446.5922067906513,-0.04244720784192284,-0.0436581500846338,0.002324228596692317,60,6,2026-05-07
CME/DE,CME,DE,slow_reentry,3868.613423107662,0.38021197940909085,-0.0436581500846338,0.99999968971572,66,6,2026-05-07
BIIB/HCA,BIIB,HCA,slow_reentry,4949.154675452801,0.3513753142159935,-0.0436581500846338,0.9999996073650277,70,6,2026-05-07
TXT/YUM,TXT,YUM,slow_reentry,5435.028495166451,0.5583224146420194,-0.0436581500846338,0.9999999999998642,76,6,2026-05-07
AKAM/KEYS,AKAM,KEYS,slow_reentry,-8078.829999999978,-0.4688936973239284,-0.0436581500846338,3.7310574240902634e-08,52,6,2026-05-07
ATO/PCG,ATO,PCG,slow_reentry,-3492.431746341821,-0.39996629724858107,-0.0436581500846338,6.614679700628313e-20,52,6,2026-05-07
RTX/SNA,RTX,SNA,slow_reentry,4923.485016927701,0.6286444089813638,-0.0436581500846338,0.999999999151386,58,6,2026-05-07
CDNS/PTC,CDNS,PTC,slow_reentry,-1643.360000000021,-0.14826259227952593,-0.0436581500846338,8.559984367019722e-06,58,6,2026-05-07
EVRG/PCG,EVRG,PCG,slow_reentry,-5420.702151591522,-0.6086754875510137,-0.0436581500846338,3.745935514229397e-14,46,6,2026-05-07
AON/KKR,AON,KKR,slow_reentry,9173.199361309385,0.6379119355660173,-0.0436581500846338,1.0,58,6,2026-05-07
AIG/L,AIG,L,slow_reentry,-3972.053996457284,-0.6353450319816029,-0.0436581500846338,5.365783280527382e-06,48,6,2026-05-07
AON/BR,AON,BR,slow_reentry,2416.521849431072,0.3059921808857914,-0.0436581500846338,0.9999248816587293,56,6,2026-05-07
HAS/YUM,HAS,YUM,long_z_short_v,-3505.001287127205,-0.4259106141233693,-0.0588127309501935,6.196296824316575e-20,54,6,2026-05-07
CSCO/PAYC,CSCO,PAYC,long_z_short_v,9619.7564586328,0.850683553169608,-0.0588127309501935,0.9999999999999953,58,6,2026-05-07
UNP/VLTO,UNP,VLTO,long_z_short_v,1486.581286868893,0.15176526486518543,-0.0588127309501935,0.8044738450888025,56,6,2026-05-07
EXR/WY,EXR,WY,long_z_short_v,6910.604398529455,0.7692585319585279,-0.0588127309501935,1.0,52,6,2026-05-07
CME/DE,CME,DE,long_z_short_v,12819.30983638268,1.3059608783651275,-0.0588127309501935,0.9999999999999809,66,6,2026-05-07
BIIB/HCA,BIIB,HCA,long_z_short_v,3886.789482151998,0.37327923344249314,-0.0588127309501935,0.9999988737959324,46,6,2026-05-07
TXT/YUM,TXT,YUM,long_z_short_v,1123.484234760466,0.11813805581104883,-0.0588127309501935,0.6812308380202654,58,6,2026-05-07
AKAM/KEYS,AKAM,KEYS,long_z_short_v,-3116.050000000023,-0.23961095861775336,-0.0588127309501935,9.716238377255371e-09,42,6,2026-05-07
ATO/PCG,ATO,PCG,long_z_short_v,-9156.211274764755,-0.7581584015107263,-0.0588127309501935,1.3880770341490804e-31,42,6,2026-05-07
RTX/SNA,RTX,SNA,long_z_short_v,9644.358043944956,1.246797611231695,-0.0588127309501935,0.9999999676497544,44,6,2026-05-07
CDNS/PTC,CDNS,PTC,long_z_short_v,7099.320000000002,0.6306472858496783,-0.0588127309501935,0.9999999999992154,56,6,2026-05-07
EVRG/PCG,EVRG,PCG,long_z_short_v,-16523.30744247473,-1.483931543027822,-0.0588127309501935,3.510632489965401e-30,48,6,2026-05-07
AON/KKR,AON,KKR,long_z_short_v,4117.519288146113,0.25177280575016203,-0.0588127309501935,0.9999586447507944,54,6,2026-05-07
AIG/L,AIG,L,long_z_short_v,1278.438491466712,0.2052833337804037,-0.0588127309501935,0.995846008334117,36,6,2026-05-07
AON/BR,AON,BR,long_z_short_v,4843.654671092023,0.5954773886896558,-0.0588127309501935,0.9999999883335016,64,6,2026-05-07
HAS/YUM,HAS,YUM,flash_hold,14010.83133290658,1.9172351054538617,-0.1689045337695933,1.0,150,6,2026-05-07
CSCO/PAYC,CSCO,PAYC,flash_hold,12186.06137813479,1.1460184819262014,-0.1689045337695933,1.0,156,6,2026-05-07
UNP/VLTO,UNP,VLTO,flash_hold,-2213.596765061714,-0.32085845955440884,-0.1689045337695933,6.000090853552141e-25,160,6,2026-05-07
EXR/WY,EXR,WY,flash_hold,3636.551683500044,0.5981101192913271,-0.1689045337695933,0.9999999999999998,182,6,2026-05-07
CME/DE,CME,DE,flash_hold,2090.060119038406,0.2688784360287889,-0.1689045337695933,0.9999873524931366,144,6,2026-05-07
BIIB/HCA,BIIB,HCA,flash_hold,8647.022824412423,1.017821866738806,-0.1689045337695933,1.0,156,6,2026-05-07
TXT/YUM,TXT,YUM,flash_hold,3693.786403824379,0.5606261888473,-0.1689045337695933,0.9999999999998508,158,6,2026-05-07
AKAM/KEYS,AKAM,KEYS,flash_hold,-12446.89999999996,-0.974430967915733,-0.1689045337695933,4.067035050797477e-17,146,6,2026-05-07
ATO/PCG,ATO,PCG,flash_hold,2202.338014492297,0.3292806305948021,-0.1689045337695933,0.9999957580742611,200,6,2026-05-07
RTX/SNA,RTX,SNA,flash_hold,4749.569922923735,0.6167527483045124,-0.1689045337695933,0.9999999990075782,160,6,2026-05-07
CDNS/PTC,CDNS,PTC,flash_hold,-6066.129999999979,-0.6444598805369992,-0.1689045337695933,2.10229754884233e-12,158,6,2026-05-07
EVRG/PCG,EVRG,PCG,flash_hold,-11869.53749826736,-1.605454122907089,-0.1689045337695933,1.608479001208051e-25,206,6,2026-05-07
AON/KKR,AON,KKR,flash_hold,2781.247719845984,0.24379024372106842,-0.1689045337695933,0.9991436576295666,170,6,2026-05-07
AIG/L,AIG,L,flash_hold,3034.28157413672,0.6004139096943092,-0.1689045337695933,0.9999999999999998,178,6,2026-05-07
AON/BR,AON,BR,flash_hold,3581.907499905949,0.6485499944714377,-0.1689045337695933,0.9999999999999982,160,6,2026-05-07
HAS/YUM,HAS,YUM,vol_agnostic,10025.04217964732,0.5739739317661954,-0.1913644230306272,0.9999979576391921,110,6,2026-05-07
CSCO/PAYC,CSCO,PAYC,vol_agnostic,11680.47269621941,0.6041822281580934,-0.1913644230306272,0.999999999999857,116,6,2026-05-07
UNP/VLTO,UNP,VLTO,vol_agnostic,-5256.451494865101,-0.37292015707290976,-0.1913644230306272,7.732455397279467e-24,108,6,2026-05-07
EXR/WY,EXR,WY,vol_agnostic,13083.3186170863,0.8826207952533396,-0.1913644230306272,1.0,92,6,2026-05-07
CME/DE,CME,DE,vol_agnostic,17365.40038451327,1.1479401252306982,-0.1913644230306272,1.0,140,6,2026-05-07
BIIB/HCA,BIIB,HCA,vol_agnostic,15490.05152389093,0.8475830944441134,-0.1913644230306272,1.0,138,6,2026-05-07
TXT/YUM,TXT,YUM,vol_agnostic,-3542.591876381522,-0.24716365491040326,-0.1913644230306272,2.6254768909579313e-14,106,6,2026-05-07
AKAM/KEYS,AKAM,KEYS,vol_agnostic,-16054.71999999996,-0.6787947670326387,-0.1913644230306272,6.247162717342679e-12,84,6,2026-05-07
ATO/PCG,ATO,PCG,vol_agnostic,-15081.89312269506,-1.053770991469856,-0.1913644230306272,1.5393020544713376e-38,76,6,2026-05-07
RTX/SNA,RTX,SNA,vol_agnostic,10126.17076372297,0.7146913225894197,-0.1913644230306272,0.9999999828331524,110,6,2026-05-07
CDNS/PTC,CDNS,PTC,vol_agnostic,2879.719999999966,0.20792357529722766,-0.1913644230306272,0.9959795845985737,86,6,2026-05-07
EVRG/PCG,EVRG,PCG,vol_agnostic,-25304.7207030386,-1.540461397647094,-0.1913644230306272,7.893083073895127e-28,80,6,2026-05-07
AON/KKR,AON,KKR,vol_agnostic,2270.268244434006,0.08816683591800159,-0.1913644230306272,0.44790036285971074,120,6,2026-05-07
AIG/L,AIG,L,vol_agnostic,-11421.40864402021,-1.2214485745359205,-0.1913644230306272,9.03938018998523e-25,100,6,2026-05-07
AON/BR,AON,BR,vol_agnostic,11556.94283335464,1.0013515662759778,-0.1913644230306272,0.9999999999942158,112,6,2026-05-07
HAS/YUM,HAS,YUM,medium_signal_high_leverage,22231.55012586912,1.1981346382818479,-0.2591364481098092,0.9999999999999999,64,6,2026-05-07
CSCO/PAYC,CSCO,PAYC,medium_signal_high_leverage,6544.543385138717,0.28155547873543624,-0.2591364481098092,0.9991337155213502,56,6,2026-05-07
UNP/VLTO,UNP,VLTO,medium_signal_high_leverage,-6115.656667395595,-0.31961219858760587,-0.2591364481098092,3.2209741488922382e-21,64,6,2026-05-07
EXR/WY,EXR,WY,medium_signal_high_leverage,-2679.94928031704,-0.15047374807719766,-0.2591364481098092,4.738713645846232e-06,66,6,2026-05-07
CME/DE,CME,DE,medium_signal_high_leverage,16987.4174310836,1.0043148210130655,-0.2591364481098092,1.0,70,6,2026-05-07
BIIB/HCA,BIIB,HCA,medium_signal_high_leverage,11724.24096874851,0.5772620767966608,-0.2591364481098092,0.9999999999999744,72,6,2026-05-07
TXT/YUM,TXT,YUM,medium_signal_high_leverage,15359.4613986453,0.992823253325632,-0.2591364481098092,1.0,70,6,2026-05-07
AKAM/KEYS,AKAM,KEYS,medium_signal_high_leverage,-4910.699999999897,-0.24021494847250452,-0.2591364481098092,4.462819012815689e-10,52,6,2026-05-07
ATO/PCG,ATO,PCG,medium_signal_high_leverage,-9478.62402099248,-0.5355372611562373,-0.2591364481098092,4.4365139092594025e-27,54,6,2026-05-07
RTX/SNA,RTX,SNA,medium_signal_high_leverage,-2270.209296828973,-0.18432485436255305,-0.2591364481098092,1.0889840593637809e-10,62,6,2026-05-07
CDNS/PTC,CDNS,PTC,medium_signal_high_leverage,-2094.600000000031,-0.11160142428221898,-0.2591364481098092,2.1590549544508937e-05,64,6,2026-05-07
EVRG/PCG,EVRG,PCG,medium_signal_high_leverage,-26151.6477015492,-1.5531745042515408,-0.2591364481098092,1.3276954824757022e-31,54,6,2026-05-07
AON/KKR,AON,KKR,medium_signal_high_leverage,-7905.346227149324,-0.2823372973752679,-0.2591364481098092,1.7525288599505077e-12,64,6,2026-05-07
AIG/L,AIG,L,medium_signal_high_leverage,-10071.98689978032,-0.9381945884756502,-0.2591364481098092,4.0285668343899906e-12,64,6,2026-05-07
AON/BR,AON,BR,medium_signal_high_leverage,9444.126964294113,0.7605634420649368,-0.2591364481098092,0.9999999834621572,72,6,2026-05-07
HAS/YUM,HAS,YUM,fast_signal,-3469.758610368828,-0.27073695029855555,-0.2683859100530469,5.729683204507121e-15,82,6,2026-05-07
CSCO/PAYC,CSCO,PAYC,fast_signal,12879.05523405388,0.8302168139615494,-0.2683859100530469,0.999999999998916,82,6,2026-05-07
UNP/VLTO,UNP,VLTO,fast_signal,-9495.789732208872,-0.8239239359739192,-0.2683859100530469,5.392409120874825e-16,96,6,2026-05-07
EXR/WY,EXR,WY,fast_signal,-2404.424587813758,-0.21021199038470356,-0.2683859100530469,3.158416066248999e-10,100,6,2026-05-07
CME/DE,CME,DE,fast_signal,2187.215035474404,0.2023153841850789,-0.2683859100530469,0.9870517386311148,72,6,2026-05-07
BIIB/HCA,BIIB,HCA,fast_signal,2984.106427009704,0.26733118124854965,-0.2683859100530469,0.9996353153301576,70,6,2026-05-07
TXT/YUM,TXT,YUM,fast_signal,3387.523620340974,0.3262455925665433,-0.2683859100530469,0.9998549449274596,84,6,2026-05-07
AKAM/KEYS,AKAM,KEYS,fast_signal,-19126.07999999999,-1.1435354513061882,-0.2683859100530469,2.9103059818943023e-08,78,6,2026-05-07
ATO/PCG,ATO,PCG,fast_signal,5372.564813914532,0.4869066334354867,-0.2683859100530469,0.9999999995553167,90,6,2026-05-07
RTX/SNA,RTX,SNA,fast_signal,8971.940057250906,1.0406780132598843,-0.2683859100530469,0.999999998956538,66,6,2026-05-07
CDNS/PTC,CDNS,PTC,fast_signal,967.4200000000274,0.08518324600866879,-0.2683859100530469,0.41871176212975236,82,6,2026-05-07
EVRG/PCG,EVRG,PCG,fast_signal,-1217.558395826725,-0.11915734505097306,-0.2683859100530469,1.8018194617149412e-06,90,6,2026-05-07
AON/KKR,AON,KKR,fast_signal,17643.03060817998,0.8837310157347508,-0.2683859100530469,1.0,94,6,2026-05-07
AIG/L,AIG,L,fast_signal,2117.464718242929,0.23455269645538396,-0.2683859100530469,0.9828493748154908,76,6,2026-05-07
AON/BR,AON,BR,fast_signal,-1334.122350019007,-0.15400127676464007,-0.2683859100530469,5.076951474021294e-08,100,6,2026-05-07
HAS/YUM,HAS,YUM,short_z_long_v,8265.628740652977,0.6740306512814573,-0.3159495394159925,0.9999957044091602,62,6,2026-05-07
CSCO/PAYC,CSCO,PAYC,short_z_long_v,2079.838562743049,0.15101722418947228,-0.3159495394159925,0.8983788481022814,56,6,2026-05-07
UNP/VLTO,UNP,VLTO,short_z_long_v,-3280.241609419933,-0.312413621661095,-0.3159495394159925,2.839228715888694e-13,52,6,2026-05-07
EXR/WY,EXR,WY,short_z_long_v,3792.702394979042,0.38390981669160706,-0.3159495394159925,0.9999772237455712,72,6,2026-05-07
CME/DE,CME,DE,short_z_long_v,15608.37750311855,1.2959937113280102,-0.3159495394159925,0.9999999873258679,70,6,2026-05-07
BIIB/HCA,BIIB,HCA,short_z_long_v,12974.95908343909,1.033364591628758,-0.3159495394159925,1.0,70,6,2026-05-07
TXT/YUM,TXT,YUM,short_z_long_v,-3882.606782519263,-0.359760296029177,-0.3159495394159925,2.476550266656193e-20,72,6,2026-05-07
AKAM/KEYS,AKAM,KEYS,short_z_long_v,-17833.91000000003,-0.900159871332763,-0.3159495394159925,1.7032562728985453e-07,66,6,2026-05-07
ATO/PCG,ATO,PCG,short_z_long_v,-10791.41107005257,-0.9997105990534789,-0.3159495394159925,3.8477849309169296e-24,84,6,2026-05-07
RTX/SNA,RTX,SNA,short_z_long_v,3271.841232968881,0.3498501429266418,-0.3159495394159925,0.9996708528643727,62,6,2026-05-07
CDNS/PTC,CDNS,PTC,short_z_long_v,4372.340000000031,0.45141410449335445,-0.3159495394159925,0.999999804345006,64,6,2026-05-07
EVRG/PCG,EVRG,PCG,short_z_long_v,981.6583231207951,0.08760937673530216,-0.3159495394159925,0.447200118491153,74,6,2026-05-07
AON/KKR,AON,KKR,short_z_long_v,7244.177880823371,0.43432320857076895,-0.3159495394159925,0.9999999888302167,82,6,2026-05-07
AIG/L,AIG,L,short_z_long_v,1190.380639110856,0.15002956672001608,-0.3159495394159925,0.919955161136105,84,6,2026-05-07
AON/BR,AON,BR,short_z_long_v,-7046.082899940015,-0.9735724892630466,-0.3159495394159925,1.6747012822911855e-18,62,6,2026-05-07
HAS/YUM,HAS,YUM,fast_signal_tight_stop,-9368.433217206855,-0.8548014911284487,-0.3995295475625792,1.5026074251532855e-08,70,6,2026-05-07
CSCO/PAYC,CSCO,PAYC,fast_signal_tight_stop,3264.067542251322,0.22522748994615696,-0.3995295475625792,0.9961216009164324,72,6,2026-05-07
UNP/VLTO,UNP,VLTO,fast_signal_tight_stop,-2889.245653608598,-0.28486217482862,-0.3995295475625792,5.085925793516089e-15,92,6,2026-05-07
EXR/WY,EXR,WY,fast_signal_tight_stop,653.1503772659253,0.07226403978039311,-0.3995295475625792,0.31164698862171136,94,6,2026-05-07
CME/DE,CME,DE,fast_signal_tight_stop,-367.9943160615485,-0.036064379605436826,-0.3995295475625792,0.0018058251440735346,68,6,2026-05-07
BIIB/HCA,BIIB,HCA,fast_signal_tight_stop,2169.615168227336,0.22394499115030955,-0.3995295475625792,0.9951766980335892,64,6,2026-05-07
TXT/YUM,TXT,YUM,fast_signal_tight_stop,3758.904246647481,0.4063257541382559,-0.3995295475625792,0.9999792150265334,70,6,2026-05-07
AKAM/KEYS,AKAM,KEYS,fast_signal_tight_stop,-18616.27000000003,-1.3061107665905174,-0.3995295475625792,1.3173379905839764e-11,72,6,2026-05-07
ATO/PCG,ATO,PCG,fast_signal_tight_stop,9398.39841010619,0.9209905804187988,-0.3995295475625792,0.9999999999998295,78,6,2026-05-07
RTX/SNA,RTX,SNA,fast_signal_tight_stop,8904.484208276435,1.04543665553623,-0.3995295475625792,0.999999999097368,66,6,2026-05-07
CDNS/PTC,CDNS,PTC,fast_signal_tight_stop,-576.5399999999618,-0.05388209142198536,-0.3995295475625792,0.001156237770305314,76,6,2026-05-07
EVRG/PCG,EVRG,PCG,fast_signal_tight_stop,-3531.077404116664,-0.39362649214476814,-0.3995295475625792,4.234952757143356e-18,80,6,2026-05-07
AON/KKR,AON,KKR,fast_signal_tight_stop,19961.40658518731,1.0922652896756373,-0.3995295475625792,0.9999999999997754,78,6,2026-05-07
AIG/L,AIG,L,fast_signal_tight_stop,3808.443095355015,0.4905617767271628,-0.3995295475625792,0.9995125361230922,66,6,2026-05-07
AON/BR,AON,BR,fast_signal_tight_stop,-1313.800656352887,-0.16828255853245616,-0.3995295475625792,1.2724088064682794e-08,92,6,2026-05-07
HAS/YUM,HAS,YUM,balanced_plus,8639.630171295637,0.7476092215820171,-0.4777621560288081,0.9999999999984288,70,6,2026-05-07
CSCO/PAYC,CSCO,PAYC,balanced_plus,12788.43352632501,0.8609067146020014,-0.4777621560288081,0.9999999999333387,64,6,2026-05-07
UNP/VLTO,UNP,VLTO,balanced_plus,-14794.53636458056,-1.2482089770805864,-0.4777621560288081,1.0273245374637536e-11,70,6,2026-05-07
EXR/WY,EXR,WY,balanced_plus,791.8041868168634,0.07625890106983801,-0.4777621560288081,0.35198024962998326,66,6,2026-05-07
CME/DE,CME,DE,balanced_plus,14043.95249028998,1.2041056329196924,-0.4777621560288081,1.0,72,6,2026-05-07
BIIB/HCA,BIIB,HCA,balanced_plus,3143.687894208859,0.2618353711343486,-0.4777621560288081,0.9998667236148349,68,6,2026-05-07
TXT/YUM,TXT,YUM,balanced_plus,615.0967475018933,0.056229303701867364,-0.4777621560288081,0.21416385904099255,82,6,2026-05-07
AKAM/KEYS,AKAM,KEYS,balanced_plus,1030.160000000025,0.08316376233307543,-0.4777621560288081,0.4049940255628163,62,6,2026-05-07
ATO/PCG,ATO,PCG,balanced_plus,-9541.585157223148,-0.9624214399893777,-0.4777621560288081,1.2427142469191266e-30,68,6,2026-05-07
RTX/SNA,RTX,SNA,balanced_plus,670.0421764900454,0.08157394205497964,-0.4777621560288081,0.40310169626191267,70,6,2026-05-07
CDNS/PTC,CDNS,PTC,balanced_plus,5445.159999999949,0.470751574045141,-0.4777621560288081,0.9999999988649765,70,6,2026-05-07
EVRG/PCG,EVRG,PCG,balanced_plus,-10067.58098353479,-1.0081928696949791,-0.4777621560288081,1.7358651213568555e-18,64,6,2026-05-07
AON/KKR,AON,KKR,balanced_plus,-6344.030978473157,-0.39324352881265134,-0.4777621560288081,8.764084972701749e-14,70,6,2026-05-07
AIG/L,AIG,L,balanced_plus,-3124.303403357352,-0.42198589020702837,-0.4777621560288081,9.135629883765887e-15,72,6,2026-05-07
AON/BR,AON,BR,balanced_plus,7070.758892134501,0.8339017210645279,-0.4777621560288081,0.9999999993105578,78,6,2026-05-07
HAS/YUM,HAS,YUM,high_vol_specialist,15867.41146758411,1.590830357962533,-0.5242057320192309,0.9999999999999997,46,6,2026-05-07
CSCO/PAYC,CSCO,PAYC,high_vol_specialist,-3159.769891428647,-0.24280095188420103,-0.5242057320192309,4.509310142481594e-08,36,6,2026-05-07
UNP/VLTO,UNP,VLTO,high_vol_specialist,112.3339382677777,0.010753892762969449,-0.5242057320192309,0.034673207403975975,38,6,2026-05-07
EXR/WY,EXR,WY,high_vol_specialist,5770.275473466718,0.6308480542633538,-0.5242057320192309,1.0,40,6,2026-05-07
CME/DE,CME,DE,high_vol_specialist,12828.04773820072,1.4732117587196554,-0.5242057320192309,0.9999999999999938,52,6,2026-05-07
BIIB/HCA,BIIB,HCA,high_vol_specialist,7669.039708378634,0.6997114947668108,-0.5242057320192309,0.9999999999982375,44,6,2026-05-07
TXT/YUM,TXT,YUM,high_vol_specialist,2740.930049487695,0.246161423237974,-0.5242057320192309,0.9985040897052208,48,6,2026-05-07
AKAM/KEYS,AKAM,KEYS,high_vol_specialist,-17768.45999999997,-0.8993930603737492,-0.5242057320192309,1.5635664226733368e-07,46,6,2026-05-07
ATO/PCG,ATO,PCG,high_vol_specialist,-6636.259947093155,-0.5128056877493958,-0.5242057320192309,5.239863155769603e-32,54,6,2026-05-07
RTX/SNA,RTX,SNA,high_vol_specialist,6983.10389871899,1.2004104356609353,-0.5242057320192309,0.9999999999998718,36,6,2026-05-07
CDNS/PTC,CDNS,PTC,high_vol_specialist,-1899.470000000033,-0.1838834120950294,-0.5242057320192309,7.111295372025224e-07,44,6,2026-05-07
EVRG/PCG,EVRG,PCG,high_vol_specialist,-15988.88322383323,-1.0728073154355888,-0.5242057320192309,3.5821626367716836e-28,50,6,2026-05-07
AON/KKR,AON,KKR,high_vol_specialist,1890.924453237236,0.1320171900085136,-0.5242057320192309,0.8146357089723482,44,6,2026-05-07
AIG/L,AIG,L,high_vol_specialist,-2336.684420102251,-0.40231729706570046,-0.5242057320192309,4.105374439201094e-23,50,6,2026-05-07
AON/BR,AON,BR,high_vol_specialist,860.4136577820559,0.09974429189596527,-0.5242057320192309,0.5555060468820996,46,6,2026-05-07
HAS/YUM,HAS,YUM,slow_signal,6550.248562690067,0.8226567571922733,-0.5255181933092871,1.0,52,6,2026-05-07
CSCO/PAYC,CSCO,PAYC,slow_signal,4845.722960215501,0.3104696981253225,-0.5255181933092871,0.9998165483101159,40,6,2026-05-07
UNP/VLTO,UNP,VLTO,slow_signal,-1408.979138938855,-0.1502858245583686,-0.5255181933092871,1.2877751911277632e-12,36,6,2026-05-07
EXR/WY,EXR,WY,slow_signal,13827.53275400226,1.6604803582842433,-0.5255181933092871,1.0,40,6,2026-05-07
CME/DE,CME,DE,slow_signal,13840.06561920551,1.715376436028331,-0.5255181933092871,0.9999999999945343,42,6,2026-05-07
BIIB/HCA,BIIB,HCA,slow_signal,8544.384872190021,0.7896231975273209,-0.5255181933092871,0.9999999999998995,42,6,2026-05-07
TXT/YUM,TXT,YUM,slow_signal,2127.783800555216,0.23581617670244587,-0.5255181933092871,0.9882221127954589,52,6,2026-05-07
AKAM/KEYS,AKAM,KEYS,slow_signal,-20989.47000000001,-1.0202670772994935,-0.5255181933092871,2.049979696121004e-08,44,6,2026-05-07
ATO/PCG,ATO,PCG,slow_signal,-12773.84806528192,-1.1973790816226924,-0.5255181933092871,1.2958257579941737e-28,56,6,2026-05-07
RTX/SNA,RTX,SNA,slow_signal,2993.749310994005,0.4422851612420504,-0.5255181933092871,0.9999957068135691,42,6,2026-05-07
CDNS/PTC,CDNS,PTC,slow_signal,-3105.800000000031,-0.3399137465554487,-0.5255181933092871,9.178590828162021e-08,44,6,2026-05-07
EVRG/PCG,EVRG,PCG,slow_signal,-14874.32913107763,-1.259724595175408,-0.5255181933092871,4.871716676818419e-16,58,6,2026-05-07
AON/KKR,AON,KKR,slow_signal,8266.441232763655,0.6765609976368893,-0.5255181933092871,0.9999999999999245,48,6,2026-05-07
AIG/L,AIG,L,slow_signal,-5215.053675585283,-1.091069381985927,-0.5255181933092871,2.5700666010793157e-23,52,6,2026-05-07
AON/BR,AON,BR,slow_signal,5686.767784350686,0.8358020801375083,-0.5255181933092871,0.9999909762954023,42,6,2026-05-07
HAS/YUM,HAS,YUM,fast_reentry,14622.883790949,0.9880126835166334,-0.5430521965877091,0.9999677669981063,62,6,2026-05-07
CSCO/PAYC,CSCO,PAYC,fast_reentry,7183.084705277089,0.48938540075880305,-0.5430521965877091,0.9999999999041091,76,6,2026-05-07
UNP/VLTO,UNP,VLTO,fast_reentry,-8654.554686762956,-0.724804790621639,-0.5430521965877091,9.727764562170022e-15,72,6,2026-05-07
EXR/WY,EXR,WY,fast_reentry,-5257.175820907587,-0.5662735520682942,-0.5430521965877091,3.9245405818532585e-20,70,6,2026-05-07
CME/DE,CME,DE,fast_reentry,3939.110166340347,0.3802141581895832,-0.5430521965877091,0.9999997052395708,68,6,2026-05-07
BIIB/HCA,BIIB,HCA,fast_reentry,947.2424243924561,0.06716197214904332,-0.5430521965877091,0.2759615532430666,78,6,2026-05-07
TXT/YUM,TXT,YUM,fast_reentry,2117.842223501851,0.2067737623833763,-0.5430521965877091,0.9891768199622848,84,6,2026-05-07
AKAM/KEYS,AKAM,KEYS,fast_reentry,-12973.15999999999,-0.8129324179256685,-0.5430521965877091,8.268336357742442e-17,64,6,2026-05-07
ATO/PCG,ATO,PCG,fast_reentry,1758.935129031806,0.1565690237845128,-0.5430521965877091,0.9018515883388116,88,6,2026-05-07
RTX/SNA,RTX,SNA,fast_reentry,8153.530051284299,1.1306388652820802,-0.5430521965877091,1.0,64,6,2026-05-07
CDNS/PTC,CDNS,PTC,fast_reentry,-574.700000000028,-0.04883598470606725,-0.5430521965877091,0.001339054439378885,62,6,2026-05-07
EVRG/PCG,EVRG,PCG,fast_reentry,-6465.392159345764,-0.5571333307064195,-0.5430521965877091,2.25319125101861e-21,76,6,2026-05-07
AON/KKR,AON,KKR,fast_reentry,1106.203388723931,0.06788379014139578,-0.5430521965877091,0.27710409866931995,74,6,2026-05-07
AIG/L,AIG,L,fast_reentry,-3255.534898175837,-0.42813184547471045,-0.5430521965877091,2.881596458576087e-09,76,6,2026-05-07
AON/BR,AON,BR,fast_reentry,4125.697504783651,0.5161747218282537,-0.5430521965877091,0.9999995605138708,60,6,2026-05-07
HAS/YUM,HAS,YUM,symmetric_exit,13406.83649209494,1.4241128112725239,-0.6077384943233874,1.0,50,6,2026-05-07
CSCO/PAYC,CSCO,PAYC,symmetric_exit,-4500.967111066929,-0.3494924593321574,-0.6077384943233874,2.2561558666060942e-08,46,6,2026-05-07
UNP/VLTO,UNP,VLTO,symmetric_exit,469.4867663090627,0.04987015048404175,-0.6077384943233874,0.199335527934977,46,6,2026-05-07
EXR/WY,EXR,WY,symmetric_exit,737.6608496705826,0.10180921370885038,-0.6077384943233874,0.5753473303457586,56,6,2026-05-07
CME/DE,CME,DE,symmetric_exit,7255.014282411274,0.8581985072660441,-0.6077384943233874,0.9999999998103505,54,6,2026-05-07
BIIB/HCA,BIIB,HCA,symmetric_exit,-1937.087512290884,-0.16461453652318775,-0.6077384943233874,5.366309973646934e-08,68,6,2026-05-07
TXT/YUM,TXT,YUM,symmetric_exit,8178.177527272343,0.9555047841002688,-0.6077384943233874,1.0,58,6,2026-05-07
AKAM/KEYS,AKAM,KEYS,symmetric_exit,-12299.95999999998,-0.8082816137976001,-0.6077384943233874,9.647321593775778e-07,42,6,2026-05-07
ATO/PCG,ATO,PCG,symmetric_exit,-8873.732864573618,-1.0879179184503298,-0.6077384943233874,2.6267210012314134e-19,66,6,2026-05-07
RTX/SNA,RTX,SNA,symmetric_exit,2000.966715955798,0.25933879888329836,-0.6077384943233874,0.9989246042389968,48,6,2026-05-07
CDNS/PTC,CDNS,PTC,symmetric_exit,1616.719999999987,0.16218893422494204,-0.6077384943233874,0.9617669278531827,50,6,2026-05-07
EVRG/PCG,EVRG,PCG,symmetric_exit,-2364.381141854912,-0.23645926748459878,-0.6077384943233874,4.8973765124633004e-11,56,6,2026-05-07
AON/KKR,AON,KKR,symmetric_exit,7299.194538692089,0.5709991484434869,-0.6077384943233874,0.9999999999997206,48,6,2026-05-07
AIG/L,AIG,L,symmetric_exit,-5097.289222294033,-0.9101755534719019,-0.6077384943233874,2.2535328279340257e-16,52,6,2026-05-07
AON/BR,AON,BR,symmetric_exit,3278.032951882073,0.49523147415229835,-0.6077384943233874,0.9999484769910572,46,6,2026-05-07
HAS/YUM,HAS,YUM,patient_hold,7731.273779705565,0.7842840411890761,-0.6446399408892924,0.9999998846996625,36,6,2026-05-07
CSCO/PAYC,CSCO,PAYC,patient_hold,9679.662848946693,0.8531737741130534,-0.6446399408892924,0.9999998594241325,34,6,2026-05-07
UNP/VLTO,UNP,VLTO,patient_hold,776.1978539524653,0.07577710570190335,-0.6446399408892924,0.36870621748390203,42,6,2026-05-07
EXR/WY,EXR,WY,patient_hold,4035.630733335873,0.4507024715635425,-0.6446399408892924,0.9999999999983924,42,6,2026-05-07
CME/DE,CME,DE,patient_hold,8070.980697206585,0.872458782931204,-0.6446399408892924,0.9999999999992764,58,6,2026-05-07
BIIB/HCA,BIIB,HCA,patient_hold,1720.788660404006,0.16276346328141936,-0.6446399408892924,0.9413916812082388,44,6,2026-05-07
TXT/YUM,TXT,YUM,patient_hold,-937.5099408741316,-0.09862447781566384,-0.6446399408892924,1.3250616747501909e-05,52,6,2026-05-07
AKAM/KEYS,AKAM,KEYS,patient_hold,-13891.63000000001,-1.1039599859854234,-0.6446399408892924,2.2485551787702317e-13,40,6,2026-05-07
ATO/PCG,ATO,PCG,patient_hold,-7224.013179011697,-0.6553594433584559,-0.6446399408892924,1.1292289133337104e-26,52,6,2026-05-07
RTX/SNA,RTX,SNA,patient_hold,8418.828515516669,1.420199419155697,-0.6446399408892924,0.9999999999999996,48,6,2026-05-07
CDNS/PTC,CDNS,PTC,patient_hold,-1234.790000000041,-0.13232274093940097,-0.6446399408892924,2.9650359731184167e-05,38,6,2026-05-07
EVRG/PCG,EVRG,PCG,patient_hold,-9979.300880509003,-0.8604128618552002,-0.6446399408892924,8.980502444179184e-27,48,6,2026-05-07
AON/KKR,AON,KKR,patient_hold,369.9073206944277,0.03188335729558129,-0.6446399408892924,0.0757465601282312,40,6,2026-05-07
AIG/L,AIG,L,patient_hold,-6391.793637124631,-1.1370238926409064,-0.6446399408892924,7.461969485802224e-30,46,6,2026-05-07
AON/BR,AON,BR,patient_hold,6713.074834673349,1.0331888730138792,-0.6446399408892924,0.9999428221032312,36,6,2026-05-07
HAS/YUM,HAS,YUM,high_entry,8971.01315990539,1.4487938036729566,-0.7175174299179009,0.9999999999999585,26,6,2026-05-07
CSCO/PAYC,CSCO,PAYC,high_entry,-4122.573231400433,-0.3306653764130887,-0.7175174299179009,1.0894987286483105e-07,28,6,2026-05-07
UNP/VLTO,UNP,VLTO,high_entry,-878.2762940216257,-0.10020964637312418,-0.7175174299179009,5.947001640644658e-09,30,6,2026-05-07
EXR/WY,EXR,WY,high_entry,-726.3671128860769,-0.12016124477639453,-0.7175174299179009,1.3279469752133452e-05,28,6,2026-05-07
CME/DE,CME,DE,high_entry,856.029945284251,0.1023105756259093,-0.7175174299179009,0.5749896398475879,36,6,2026-05-07
BIIB/HCA,BIIB,HCA,high_entry,3912.417842788219,0.43774956075059174,-0.7175174299179009,0.999999307442789,30,6,2026-05-07
TXT/YUM,TXT,YUM,high_entry,2865.576560097815,0.41529065334668097,-0.7175174299179009,0.9999995510142528,34,6,2026-05-07
AKAM/KEYS,AKAM,KEYS,high_entry,3916.44,0.3706006167901628,-0.7175174299179009,0.9999519682587951,32,6,2026-05-07
ATO/PCG,ATO,PCG,high_entry,-13618.04772343974,-1.8185592572998721,-0.7175174299179009,7.324109906246566e-14,48,6,2026-05-07
RTX/SNA,RTX,SNA,high_entry,3565.876464704678,0.6600266608651509,-0.7175174299179009,0.9999999954580969,26,6,2026-05-07
CDNS/PTC,CDNS,PTC,high_entry,6612.059999999977,0.7276175879039875,-0.7175174299179009,0.999999945723452,30,6,2026-05-07
EVRG/PCG,EVRG,PCG,high_entry,-1622.679769015198,-0.17754917919415836,-0.7175174299179009,2.1048139207263965e-09,44,6,2026-05-07
AON/KKR,AON,KKR,high_entry,-1769.008896878575,-0.19038712494296064,-0.7175174299179009,4.189388470645693e-06,32,6,2026-05-07
AIG/L,AIG,L,high_entry,-4763.428584655117,-0.9853965341038265,-0.7175174299179009,1.560362795495195e-18,32,6,2026-05-07
AON/BR,AON,BR,high_entry,4468.772913679268,0.8049799949710174,-0.7175174299179009,0.9982311902041994,22,6,2026-05-07
HAS/YUM,HAS,YUM,high_leverage,18833.15791556993,0.8505252968991717,-0.7279270218735571,0.9999632360925467,58,6,2026-05-07
CSCO/PAYC,CSCO,PAYC,high_leverage,2033.317551257976,0.09342436958075759,-0.7279270218735571,0.4974896951337779,74,6,2026-05-07
UNP/VLTO,UNP,VLTO,high_leverage,-6592.962707212049,-0.3656002987659465,-0.7279270218735571,3.0809863569252353e-19,66,6,2026-05-07
EXR/WY,EXR,WY,high_leverage,5704.709877798286,0.32449892078835607,-0.7279270218735571,0.9999999016883977,72,6,2026-05-07
CME/DE,CME,DE,high_leverage,5752.417739767336,0.37574730186713196,-0.7279270218735571,0.9999995894555226,68,6,2026-05-07
BIIB/HCA,BIIB,HCA,high_leverage,-19.29568912162654,-0.0009476865285882724,-0.7279270218735571,0.017057983763430536,66,6,2026-05-07
TXT/YUM,TXT,YUM,high_leverage,4202.448221483564,0.26512682261563647,-0.7279270218735571,0.9997379051899272,78,6,2026-05-07
AKAM/KEYS,AKAM,KEYS,high_leverage,-18155.91999999995,-0.8379756762928081,-0.7279270218735571,2.859848103195715e-14,54,6,2026-05-07
ATO/PCG,ATO,PCG,high_leverage,-10740.38507545098,-0.6464243885510313,-0.7279270218735571,2.539555045901358e-26,58,6,2026-05-07
RTX/SNA,RTX,SNA,high_leverage,4429.800203156053,0.329075962425677,-0.7279270218735571,0.9989454448520987,66,6,2026-05-07
CDNS/PTC,CDNS,PTC,high_leverage,-4307.07000000004,-0.26296283563574674,-0.7279270218735571,9.453246872089917e-08,56,6,2026-05-07
EVRG/PCG,EVRG,PCG,high_leverage,-24426.90732891691,-1.435458827375657,-0.7279270218735571,8.267125538202148e-27,58,6,2026-05-07
AON/KKR,AON,KKR,high_leverage,7005.939093045326,0.28456146507189606,-0.7279270218735571,0.9999737077214438,62,6,2026-05-07
AIG/L,AIG,L,high_leverage,-13929.12709696171,-1.648237440301329,-0.7279270218735571,1.4055251168634103e-35,56,6,2026-05-07
AON/BR,AON,BR,high_leverage,5863.439902551974,0.5037956326647871,-0.7279270218735571,0.9999995927809507,58,6,2026-05-07
HAS/YUM,HAS,YUM,low_entry,8876.796735259297,0.47056344372928494,-0.727961631494273,0.9999877639145485,110,6,2026-05-07
CSCO/PAYC,CSCO,PAYC,low_entry,14950.71160974112,0.7461215857376844,-0.727961631494273,0.9999999999999977,120,6,2026-05-07
UNP/VLTO,UNP,VLTO,low_entry,-13290.99453409835,-1.0225681423713802,-0.727961631494273,7.029968509105135e-19,120,6,2026-05-07
EXR/WY,EXR,WY,low_entry,-2450.662094030689,-0.21221519445064516,-0.727961631494273,9.869549761597364e-11,114,6,2026-05-07
CME/DE,CME,DE,low_entry,16657.96345253677,1.1325138094299978,-0.727961631494273,0.9999999999999997,110,6,2026-05-07
BIIB/HCA,BIIB,HCA,low_entry,4282.722399150523,0.2706896577055841,-0.727961631494273,0.9998336643512297,138,6,2026-05-07
TXT/YUM,TXT,YUM,low_entry,11489.29878947946,1.0178620406780763,-0.727961631494273,1.0,108,6,2026-05-07
AKAM/KEYS,AKAM,KEYS,low_entry,-17709.43999999997,-0.8942230230862664,-0.727961631494273,2.2956539874463234e-14,90,6,2026-05-07
ATO/PCG,ATO,PCG,low_entry,-12258.13363192666,-0.9122081068477152,-0.727961631494273,5.275541192533333e-29,118,6,2026-05-07
RTX/SNA,RTX,SNA,low_entry,4481.329389164379,0.4172441339500257,-0.727961631494273,0.99999602307721,104,6,2026-05-07
CDNS/PTC,CDNS,PTC,low_entry,-115.1600000000271,-0.007827869140650222,-0.727961631494273,0.011761294942246597,114,6,2026-05-07
EVRG/PCG,EVRG,PCG,low_entry,-20048.28619413028,-1.343342209786462,-0.727961631494273,4.175229058534932e-20,112,6,2026-05-07
AON/KKR,AON,KKR,low_entry,-16573.18417648526,-0.7782305866007356,-0.727961631494273,1.3637006539016817e-32,136,6,2026-05-07
AIG/L,AIG,L,low_entry,-454.8188934122491,-0.03731603040952609,-0.727961631494273,0.0016176212480929393,146,6,2026-05-07
AON/BR,AON,BR,low_entry,7099.113881077235,0.773541125793425,-0.727961631494273,0.9999999999973115,96,6,2026-05-07
HAS/YUM,HAS,YUM,tight_stop,11210.44661155078,0.7792780156102838,-0.7958840523402221,0.9998681921470212,64,6,2026-05-07
CSCO/PAYC,CSCO,PAYC,tight_stop,8862.941581759245,0.6791206899548038,-0.7958840523402221,0.9999999997942282,68,6,2026-05-07
UNP/VLTO,UNP,VLTO,tight_stop,-6066.565668363947,-0.5539095002709196,-0.7958840523402221,4.082969861678098e-13,66,6,2026-05-07
EXR/WY,EXR,WY,tight_stop,5180.654959938884,0.5657429412324858,-0.7958840523402221,0.9999999567213116,66,6,2026-05-07
CME/DE,CME,DE,tight_stop,4209.423533556048,0.4522131815643489,-0.7958840523402221,0.9999999856921299,66,6,2026-05-07
BIIB/HCA,BIIB,HCA,tight_stop,-1490.431877658494,-0.11191507806980182,-0.7958840523402221,4.853181743897086e-06,74,6,2026-05-07
TXT/YUM,TXT,YUM,tight_stop,4034.146141196047,0.4721465936081914,-0.7958840523402221,0.999999999975543,82,6,2026-05-07
AKAM/KEYS,AKAM,KEYS,tight_stop,-17886.03999999997,-1.3878539260641347,-0.7958840523402221,1.0086842419726434e-12,60,6,2026-05-07
ATO/PCG,ATO,PCG,tight_stop,-6734.946399175844,-0.7165405254212251,-0.7958840523402221,2.9122939125278046e-18,76,6,2026-05-07
RTX/SNA,RTX,SNA,tight_stop,1399.861945874621,0.16052072665199332,-0.7958840523402221,0.867053791721035,70,6,2026-05-07
CDNS/PTC,CDNS,PTC,tight_stop,-5698.290000000005,-0.5126835140614205,-0.7958840523402221,1.768762830993959e-10,60,6,2026-05-07
EVRG/PCG,EVRG,PCG,tight_stop,-10770.28919960049,-1.1848949055584248,-0.7958840523402221,1.2971354848081293e-14,82,6,2026-05-07
AON/KKR,AON,KKR,tight_stop,4327.550714033105,0.31089529393326926,-0.7958840523402221,0.9999431964100569,64,6,2026-05-07
AIG/L,AIG,L,tight_stop,-672.0739392994092,-0.149202452720019,-0.7958840523402221,3.6077067668751423e-07,62,6,2026-05-07
AON/BR,AON,BR,tight_stop,6509.451200287738,0.9221483602317303,-0.7958840523402221,0.9999979164169529,56,6,2026-05-07
HAS/YUM,HAS,YUM,quick_exit,10424.42851060491,0.7264151643592053,-0.9094573297859476,0.9998314438528727,64,6,2026-05-07
CSCO/PAYC,CSCO,PAYC,quick_exit,10675.2524952628,0.8016388882722943,-0.9094573297859476,0.9999999999747229,68,6,2026-05-07
UNP/VLTO,UNP,VLTO,quick_exit,-5491.898819484153,-0.502285283923297,-0.9094573297859476,2.8255711007169752e-14,66,6,2026-05-07
EXR/WY,EXR,WY,quick_exit,3453.427222182344,0.39877253323126505,-0.9094573297859476,0.9999976655978086,66,6,2026-05-07
CME/DE,CME,DE,quick_exit,2678.765509792105,0.2822820519559125,-0.9094573297859476,0.9998023141645481,66,6,2026-05-07
BIIB/HCA,BIIB,HCA,quick_exit,-1623.238940638011,-0.12152707028150278,-0.9094573297859476,1.9755571649152727e-06,74,6,2026-05-07
TXT/YUM,TXT,YUM,quick_exit,6063.054205539574,0.7228283804118898,-0.9094573297859476,1.0,80,6,2026-05-07
AKAM/KEYS,AKAM,KEYS,quick_exit,-17451.00999999998,-1.2458407425846716,-0.9094573297859476,9.82454084083072e-14,60,6,2026-05-07
ATO/PCG,ATO,PCG,quick_exit,-8110.95764277474,-0.873098944078608,-0.9094573297859476,6.122063074280434e-18,78,6,2026-05-07
RTX/SNA,RTX,SNA,quick_exit,2491.076548372029,0.26928144081565714,-0.9094573297859476,0.99525459949948,66,6,2026-05-07
CDNS/PTC,CDNS,PTC,quick_exit,-7423.710000000028,-0.6372035261564258,-0.9094573297859476,2.3689128498015028e-12,62,6,2026-05-07
EVRG/PCG,EVRG,PCG,quick_exit,-10603.373246162,-1.1887871398373981,-0.9094573297859476,8.68914537846457e-14,80,6,2026-05-07
AON/KKR,AON,KKR,quick_exit,1420.80663629772,0.10233386583795209,-0.9094573297859476,0.5771048910984775,68,6,2026-05-07
AIG/L,AIG,L,quick_exit,114.9976215646911,0.02146206849313167,-0.9094573297859476,0.0516731360706543,62,6,2026-05-07
AON/BR,AON,BR,quick_exit,4437.51029102449,0.6647888073136087,-0.9094573297859476,0.9999843458806726,52,6,2026-05-07
HAS/YUM,HAS,YUM,default,14049.53601585213,0.9716551929778561,-0.9225555625433458,0.9999564104980535,60,6,2026-05-07
CSCO/PAYC,CSCO,PAYC,default,7253.802578492129,0.5276796926585238,-0.9225555625433458,0.9999999995429653,72,6,2026-05-07
UNP/VLTO,UNP,VLTO,default,-5070.577954670564,-0.44350849796994796,-0.9225555625433458,1.988740913574637e-18,66,6,2026-05-07
EXR/WY,EXR,WY,default,107.5899252194104,0.00996031471365887,-0.9225555625433458,0.02846285857464314,68,6,2026-05-07
CME/DE,CME,DE,default,3836.192514165296,0.3765469707466223,-0.9225555625433458,0.99999963627298,68,6,2026-05-07
BIIB/HCA,BIIB,HCA,default,-1429.748186285163,-0.10649958701361954,-0.9225555625433458,7.381936340972375e-06,74,6,2026-05-07
TXT/YUM,TXT,YUM,default,3059.922287044505,0.3133153159873906,-0.9225555625433458,0.9999823632137157,78,6,2026-05-07
AKAM/KEYS,AKAM,KEYS,default,-14096.35999999999,-0.9802367160354549,-0.9225555625433458,1.956876165763508e-13,60,6,2026-05-07
ATO/PCG,ATO,PCG,default,-5442.743115760465,-0.5625042208161563,-0.9225555625433458,5.632032729523236e-20,66,6,2026-05-07
RTX/SNA,RTX,SNA,default,2980.26016432389,0.3324410291320692,-0.9225555625433458,0.9990863314218095,66,6,2026-05-07
CDNS/PTC,CDNS,PTC,default,-2709.530000000026,-0.24610858725087373,-0.9225555625433458,1.319729245750124e-07,58,6,2026-05-07
EVRG/PCG,EVRG,PCG,default,-11158.339498108,-1.1114407682121346,-0.9225555625433458,2.7935409965013524e-17,68,6,2026-05-07
AON/KKR,AON,KKR,default,3842.736050650432,0.23974427677961474,-0.9225555625433458,0.9991987972064543,62,6,2026-05-07
AIG/L,AIG,L,default,-9742.521171519342,-1.7934646552742632,-0.9225555625433458,2.2624018493037412e-28,54,6,2026-05-07
AON/BR,AON,BR,default,3301.56222762882,0.42490970235002856,-0.9225555625433458,0.9999978485785987,58,6,2026-05-07
HAS/YUM,HAS,YUM,conservative_no_leverage,7768.250542464575,1.6866805750237595,-0.9666970623368016,0.9999999999999273,38,6,2026-05-07
CSCO/PAYC,CSCO,PAYC,conservative_no_leverage,5170.523090582603,0.8918835943763154,-0.9666970623368016,0.9999999676385739,44,6,2026-05-07
UNP/VLTO,UNP,VLTO,conservative_no_leverage,474.2413695268815,0.0941502700437346,-0.9666970623368016,0.5030364424692144,34,6,2026-05-07
EXR/WY,EXR,WY,conservative_no_leverage,2462.032754119432,0.5258210926016544,-0.9666970623368016,0.9999999999999996,42,6,2026-05-07
CME/DE,CME,DE,conservative_no_leverage,4635.471693938583,1.0554323862590524,-0.9666970623368016,0.9999999999883736,46,6,2026-05-07
BIIB/HCA,BIIB,HCA,conservative_no_leverage,678.5449383450724,0.11690467896341096,-0.9666970623368016,0.6969758404636757,48,6,2026-05-07
TXT/YUM,TXT,YUM,conservative_no_leverage,-433.2074084544593,-0.10306869069887882,-0.9666970623368016,1.0948196461697108e-05,46,6,2026-05-07
AKAM/KEYS,AKAM,KEYS,conservative_no_leverage,-4019.029999999999,-0.6325792949610696,-0.9666970623368016,5.980707003397595e-13,34,6,2026-05-07
ATO/PCG,ATO,PCG,conservative_no_leverage,-3664.090654250573,-0.683406745101315,-0.9666970623368016,1.382090836307948e-26,42,6,2026-05-07
RTX/SNA,RTX,SNA,conservative_no_leverage,4180.410525280369,1.680227143619033,-0.9666970623368016,0.9999999999994839,40,6,2026-05-07
CDNS/PTC,CDNS,PTC,conservative_no_leverage,-1831.090000000012,-0.3494445294607602,-0.9666970623368016,1.4937359403621932e-07,36,6,2026-05-07
EVRG/PCG,EVRG,PCG,conservative_no_leverage,-6705.14632044168,-1.1444684749281804,-0.9666970623368016,4.209038651912901e-34,38,6,2026-05-07
AON/KKR,AON,KKR,conservative_no_leverage,3172.958766863369,0.5044792651615212,-0.9666970623368016,0.9999999999979879,42,6,2026-05-07
AIG/L,AIG,L,conservative_no_leverage,-1146.160109361307,-0.4409330219470409,-0.9666970623368016,3.762929005769518e-20,42,6,2026-05-07
AON/BR,AON,BR,conservative_no_leverage,2346.091019489165,0.6051771329550979,-0.9666970623368016,0.9999903163215976,32,6,2026-05-07
HAS/YUM,HAS,YUM,high_turnover,10395.14318899416,0.9066466564392645,-0.9831342325721428,1.0,108,6,2026-05-07
CSCO/PAYC,CSCO,PAYC,high_turnover,3791.644620712338,0.241258816218984,-0.9831342325721428,0.9975408332082204,96,6,2026-05-07
UNP/VLTO,UNP,VLTO,high_turnover,-13176.4079974977,-1.0587609421552342,-0.9831342325721428,1.1024625362283585e-15,114,6,2026-05-07
EXR/WY,EXR,WY,high_turnover,7110.516596923849,0.6851430173085803,-0.9831342325721428,1.0,108,6,2026-05-07
CME/DE,CME,DE,high_turnover,10845.10725470256,0.6956987355606427,-0.9831342325721428,0.9999999999999996,110,6,2026-05-07
BIIB/HCA,BIIB,HCA,high_turnover,89.10409205366341,0.006130526543196702,-0.9831342325721428,0.02500541153224717,122,6,2026-05-07
TXT/YUM,TXT,YUM,high_turnover,5214.291512742759,0.4348504375174762,-0.9831342325721428,0.9999963280834007,104,6,2026-05-07
AKAM/KEYS,AKAM,KEYS,high_turnover,-28796.48999999998,-1.4872442930866578,-0.9831342325721428,9.418127975819452e-10,98,6,2026-05-07
ATO/PCG,ATO,PCG,high_turnover,621.3219630935637,0.06795577817618023,-0.9831342325721428,0.2962833526638363,92,6,2026-05-07
RTX/SNA,RTX,SNA,high_turnover,7498.518768668338,0.804357315807698,-0.9831342325721428,1.0,106,6,2026-05-07
CDNS/PTC,CDNS,PTC,high_turnover,-15391.55000000004,-0.9473360312739727,-0.9831342325721428,2.612638100447242e-07,98,6,2026-05-07
EVRG/PCG,EVRG,PCG,high_turnover,-6886.480262989829,-0.7942277234879207,-0.9831342325721428,1.9409347186031511e-19,90,6,2026-05-07
AON/KKR,AON,KKR,high_turnover,-11720.7728358663,-0.7015946635242697,-0.9831342325721428,2.170735260368965e-19,106,6,2026-05-07
AIG/L,AIG,L,high_turnover,8410.808404769263,1.1345517492583408,-0.9831342325721428,0.9999999999951712,104,6,2026-05-07
AON/BR,AON,BR,high_turnover,1572.783943154114,0.14512790294981742,-0.9831342325721428,0.8214912632800401,110,6,2026-05-07
HAS/YUM,HAS,YUM,low_vol_specialist,19417.75420597053,1.6751044308444285,-1.165946331176438,1.0,128,6,2026-05-07
CSCO/PAYC,CSCO,PAYC,low_vol_specialist,-12595.35536300886,-0.7536032014088545,-1.165946331176438,2.0086305345893083e-30,132,6,2026-05-07
UNP/VLTO,UNP,VLTO,low_vol_specialist,-10608.1156429191,-0.8536078483881608,-1.165946331176438,4.192338060188677e-18,122,6,2026-05-07
EXR/WY,EXR,WY,low_vol_specialist,2653.770932060426,0.22415627427384274,-1.165946331176438,0.990428625382095,142,6,2026-05-07
CME/DE,CME,DE,low_vol_specialist,18011.43710601822,1.2921447652402522,-1.165946331176438,0.9999999999999968,114,6,2026-05-07
BIIB/HCA,BIIB,HCA,low_vol_specialist,3122.982957217481,0.20392971297817747,-1.165946331176438,0.9923337560303793,122,6,2026-05-07
TXT/YUM,TXT,YUM,low_vol_specialist,6386.27376390634,0.4954303747329198,-1.165946331176438,0.999999455782889,126,6,2026-05-07
AKAM/KEYS,AKAM,KEYS,low_vol_specialist,-36966.84999999995,-1.5839620283979456,-1.165946331176438,4.529272539386346e-13,116,6,2026-05-07
ATO/PCG,ATO,PCG,low_vol_specialist,2713.433020943655,0.20319046357062232,-1.165946331176438,0.988891248758175,164,6,2026-05-07
RTX/SNA,RTX,SNA,low_vol_specialist,1888.301613583056,0.16696227219498588,-1.165946331176438,0.9294472202938167,128,6,2026-05-07
CDNS/PTC,CDNS,PTC,low_vol_specialist,-4734.060000000018,-0.3367429355659109,-1.165946331176438,2.5049699248802427e-13,110,6,2026-05-07
EVRG/PCG,EVRG,PCG,low_vol_specialist,-15119.56960204899,-1.1384916343916602,-1.165946331176438,4.915281331196753e-19,150,6,2026-05-07
AON/KKR,AON,KKR,low_vol_specialist,-18286.49938750972,-0.9153684015734846,-1.165946331176438,8.686501950041303e-40,134,6,2026-05-07
AIG/L,AIG,L,low_vol_specialist,4138.184394684588,0.4592944690856347,-1.165946331176438,0.999999999998749,146,6,2026-05-07
AON/BR,AON,BR,low_vol_specialist,8746.555089350768,0.8810274994974181,-1.165946331176438,0.9999999999999827,100,6,2026-05-07
HAS/YUM,HAS,YUM,no_leverage,7033.361069195326,0.97400069337451,-1.6365904571015346,0.9999590304664484,60,6,2026-05-07
CSCO/PAYC,CSCO,PAYC,no_leverage,3642.431092155611,0.5300552418498787,-1.6365904571015346,0.9999999995753927,72,6,2026-05-07
UNP/VLTO,UNP,VLTO,no_leverage,-2541.761976416678,-0.4444949961606823,-1.6365904571015346,2.614933054071502e-18,66,6,2026-05-07
EXR/WY,EXR,WY,no_leverage,57.2205316125951,0.010598231318940261,-1.6365904571015346,0.029295446515593012,68,6,2026-05-07
CME/DE,CME,DE,no_leverage,1903.915054543371,0.37578969543002966,-1.6365904571015346,0.9999996151871255,68,6,2026-05-07
BIIB/HCA,BIIB,HCA,no_leverage,-678.7295590515773,-0.10133212686104336,-1.6365904571015346,1.190276610968843e-05,74,6,2026-05-07
TXT/YUM,TXT,YUM,no_leverage,1546.989861461011,0.3171442174382213,-1.6365904571015346,0.9999866035914664,78,6,2026-05-07
AKAM/KEYS,AKAM,KEYS,no_leverage,-7053.069999999994,-0.9810338199062736,-1.6365904571015346,2.0461919118539182e-13,60,6,2026-05-07
ATO/PCG,ATO,PCG,no_leverage,-2706.792025962144,-0.5606855053902685,-1.6365904571015346,5.51684760735646e-20,66,6,2026-05-07
RTX/SNA,RTX,SNA,no_leverage,1473.366133411838,0.3287909779313769,-1.6365904571015346,0.9989632086075768,66,6,2026-05-07
CDNS/PTC,CDNS,PTC,no_leverage,-1328.650000000006,-0.24230756430934086,-1.6365904571015346,1.695031921546802e-07,58,6,2026-05-07
EVRG/PCG,EVRG,PCG,no_leverage,-5565.343608732052,-1.1110278707805235,-1.6365904571015346,2.4691326108883054e-17,68,6,2026-05-07
AON/KKR,AON,KKR,no_leverage,1959.530896118748,0.244388375605863,-1.6365904571015346,0.9994114704406587,62,6,2026-05-07
AIG/L,AIG,L,no_leverage,-4861.110327486012,-1.7926914157439997,-1.6365904571015346,2.468668083250432e-28,54,6,2026-05-07
AON/BR,AON,BR,no_leverage,1651.801662859117,0.42600947139613665,-1.6365904571015346,0.999997762817933,58,6,2026-05-07
HAS/YUM,HAS,YUM,conservative,3234.59671889804,1.1391794273845652,-1.884399176891746,0.9999999983364122,24,6,2026-05-07
CSCO/PAYC,CSCO,PAYC,conservative,3048.044016501489,0.6129176275182292,-1.884399176891746,0.9999768099191665,26,6,2026-05-07
UNP/VLTO,UNP,VLTO,conservative,-1355.280529328978,-0.29288041054197894,-1.884399176891746,1.694115218917008e-13,30,6,2026-05-07
EXR/WY,EXR,WY,conservative,544.6998885533035,0.201534843093072,-1.884399176891746,0.9953921494939728,32,6,2026-05-07
CME/DE,CME,DE,conservative,1464.923231758051,0.5310430129439516,-1.884399176891746,0.9999995435025985,30,6,2026-05-07
BIIB/HCA,BIIB,HCA,conservative,699.9881806440683,0.15840348968061335,-1.884399176891746,0.9261920157521406,30,6,2026-05-07
TXT/YUM,TXT,YUM,conservative,1128.866607688454,0.4422872760501042,-1.884399176891746,0.9999992726631339,30,6,2026-05-07
AKAM/KEYS,AKAM,KEYS,conservative,-5019.59,-1.1571336125525487,-1.884399176891746,2.4628640689417058e-11,32,6,2026-05-07
ATO/PCG,ATO,PCG,conservative,-2281.408351342538,-0.7186189674560655,-1.884399176891746,3.582847349516959e-11,48,6,2026-05-07
RTX/SNA,RTX,SNA,conservative,1345.508243294137,0.5703100998657654,-1.884399176891746,0.9999987891991416,34,6,2026-05-07
CDNS/PTC,CDNS,PTC,conservative,1343.919999999989,0.31117875464795786,-1.884399176891746,0.9999974745643085,34,6,2026-05-07
EVRG/PCG,EVRG,PCG,conservative,-2286.48437003823,-0.7319698996885965,-1.884399176891746,7.133148387574204e-08,40,6,2026-05-07
AON/KKR,AON,KKR,conservative,2865.848155554928,0.7661938710650319,-1.884399176891746,0.9999720436773254,24,6,2026-05-07
AIG/L,AIG,L,conservative,314.9318459070571,0.19466837672603365,-1.884399176891746,0.976195398682369,40,6,2026-05-07
AON/BR,AON,BR,conservative,2643.018489282292,0.8847655728124498,-1.884399176891746,0.9994830779335335,26,6,2026-05-07
