pair_key,s1,s2,param_set,pair_pnl,pair_sharpe,run_sharpe,dsr_pvalue,n_trades,window_idx,train_end
TXT/YUM,TXT,YUM,static_threshold,-2036.180892004434,-0.1888995021648863,0.7644288918306618,6.836307508755375e-08,76,1,2025-10-08
HAS/PFE,HAS,PFE,static_threshold,5482.163330426875,0.3576682981606815,0.7644288918306618,0.9976834495494885,86,1,2025-10-08
DLR/PRU,DLR,PRU,static_threshold,-2314.002522037684,-0.26692788731566974,0.7644288918306618,9.714417145827528e-05,64,1,2025-10-08
HRL/MKC,HRL,MKC,static_threshold,4074.210426713023,0.5985339971932353,0.7644288918306618,0.9999999999978879,82,1,2025-10-08
PFG/YUM,PFG,YUM,static_threshold,4685.755831132409,0.4142048110539571,0.7644288918306618,0.999468317326477,68,1,2025-10-08
CINF/FMC,CINF,FMC,static_threshold,7173.191753840543,0.49021783714830497,0.7644288918306618,0.9999999984569741,70,1,2025-10-08
FSLR/RSG,FSLR,RSG,static_threshold,16865.88346856831,0.7542461112054654,0.7644288918306618,0.99999999996175,70,1,2025-10-08
AME/WMT,AME,WMT,static_threshold,-5397.394409329692,-0.4978084367443643,0.7644288918306618,1.4512036040278546e-23,76,1,2025-10-08
AON/GEN,AON,GEN,static_threshold,7496.45740749807,0.6720796122816679,0.7644288918306618,0.9999995454367714,68,1,2025-10-08
DXCM/UDR,DXCM,UDR,static_threshold,19523.30694606357,1.2565084755643396,0.7644288918306618,1.0,82,1,2025-10-08
AON/MCK,AON,MCK,static_threshold,8752.858252552556,1.2164894982624803,0.7644288918306618,0.9999999999999982,84,1,2025-10-08
CI/LVS,CI,LVS,static_threshold,-465.9528584686341,-0.024547498654450727,0.7644288918306618,0.006435616502783883,78,1,2025-10-08
DVN/YUM,DVN,YUM,static_threshold,-14349.76411721285,-1.1786716831010775,0.7644288918306618,2.71926423446483e-38,74,1,2025-10-08
CHD/HON,CHD,HON,static_threshold,9113.622988610601,0.9870212463246458,0.7644288918306618,0.9999999997335532,78,1,2025-10-08
CSCO/PAYC,CSCO,PAYC,static_threshold,11164.44011678822,1.0115242154681854,0.7644288918306618,0.9999999983647094,74,1,2025-10-08
TXT/YUM,TXT,YUM,fast_signal,-230.5310792917639,-0.026914544994184976,0.3875303414634716,0.0039916209936427674,58,1,2025-10-08
HAS/PFE,HAS,PFE,fast_signal,11314.17958616195,0.7712315874287158,0.3875303414634716,0.9999999985496647,60,1,2025-10-08
DLR/PRU,DLR,PRU,fast_signal,-7323.129866033427,-0.6767886164915251,0.3875303414634716,4.642113933180177e-13,66,1,2025-10-08
HRL/MKC,HRL,MKC,fast_signal,-1227.429790270559,-0.22439277127518886,0.3875303414634716,2.7432124467035633e-09,60,1,2025-10-08
PFG/YUM,PFG,YUM,fast_signal,11182.1229813435,1.2523649365084062,0.3875303414634716,0.9999999999349883,62,1,2025-10-08
CINF/FMC,CINF,FMC,fast_signal,2851.483444753392,0.24357394501151736,0.3875303414634716,0.996422161679313,62,1,2025-10-08
FSLR/RSG,FSLR,RSG,fast_signal,22773.96989422153,0.9548033449233652,0.3875303414634716,0.9999739217354188,64,1,2025-10-08
AME/WMT,AME,WMT,fast_signal,-10378.04358976655,-1.1660555968820057,0.3875303414634716,8.585066168440982e-16,74,1,2025-10-08
AON/GEN,AON,GEN,fast_signal,4653.740115385957,0.5134333894672696,0.3875303414634716,0.9982561679842593,64,1,2025-10-08
DXCM/UDR,DXCM,UDR,fast_signal,21085.60303990697,1.379822116075685,0.3875303414634716,0.999999999999985,54,1,2025-10-08
AON/MCK,AON,MCK,fast_signal,5219.131674878368,0.9988991464181769,0.3875303414634716,0.9999999999999873,56,1,2025-10-08
CI/LVS,CI,LVS,fast_signal,-4272.463213831445,-0.2701464856833135,0.3875303414634716,5.3481330772533284e-05,76,1,2025-10-08
DVN/YUM,DVN,YUM,fast_signal,-11433.20372487084,-1.1828136662932662,0.3875303414634716,9.967718928709365e-20,50,1,2025-10-08
CHD/HON,CHD,HON,fast_signal,-1445.24395262615,-0.21901151892054926,0.3875303414634716,0.00011006424109796562,74,1,2025-10-08
CSCO/PAYC,CSCO,PAYC,fast_signal,1605.917884293401,0.16401419192448244,0.3875303414634716,0.8170344434892965,64,1,2025-10-08
TXT/YUM,TXT,YUM,fast_signal_tight_stop,-1312.993848122397,-0.17789660505562369,0.2156285927873824,7.803666641490939e-11,54,1,2025-10-08
HAS/PFE,HAS,PFE,fast_signal_tight_stop,13262.09105530472,0.9708938450425266,0.2156285927873824,0.999999948039721,58,1,2025-10-08
DLR/PRU,DLR,PRU,fast_signal_tight_stop,-6022.068859837688,-0.6119969461355498,0.2156285927873824,2.063921646564835e-10,52,1,2025-10-08
HRL/MKC,HRL,MKC,fast_signal_tight_stop,-1840.932542494593,-0.3622362971891664,0.2156285927873824,4.671410978195187e-13,50,1,2025-10-08
PFG/YUM,PFG,YUM,fast_signal_tight_stop,12013.64293648495,1.3452935859636113,0.2156285927873824,0.9999999998984291,64,1,2025-10-08
CINF/FMC,CINF,FMC,fast_signal_tight_stop,-4531.776044182545,-0.497100585104634,0.2156285927873824,4.797582201849325e-16,46,1,2025-10-08
FSLR/RSG,FSLR,RSG,fast_signal_tight_stop,15768.1834592595,0.6747623231277494,0.2156285927873824,0.9997229325515413,64,1,2025-10-08
AME/WMT,AME,WMT,fast_signal_tight_stop,-7564.308388945466,-0.912204353741736,0.2156285927873824,2.905490998891751e-14,66,1,2025-10-08
AON/GEN,AON,GEN,fast_signal_tight_stop,4000.748104009437,0.5666121830950784,0.2156285927873824,0.9999999896246524,62,1,2025-10-08
DXCM/UDR,DXCM,UDR,fast_signal_tight_stop,23929.89951312946,1.771391443831683,0.2156285927873824,0.999999999877397,52,1,2025-10-08
AON/MCK,AON,MCK,fast_signal_tight_stop,4714.094441219901,0.8941260301298309,0.2156285927873824,0.9999999999999719,54,1,2025-10-08
CI/LVS,CI,LVS,fast_signal_tight_stop,1885.651754869087,0.12449998951868875,0.2156285927873824,0.6727159190357895,64,1,2025-10-08
DVN/YUM,DVN,YUM,fast_signal_tight_stop,-10563.25628194346,-1.169974897461591,0.2156285927873824,9.085122848718385e-17,52,1,2025-10-08
CHD/HON,CHD,HON,fast_signal_tight_stop,-2203.029986274898,-0.3344127381345829,0.2156285927873824,4.9895809024445014e-05,58,1,2025-10-08
CSCO/PAYC,CSCO,PAYC,fast_signal_tight_stop,-6948.0416034681,-0.7335408083345145,0.2156285927873824,3.3016419044206656e-14,54,1,2025-10-08
TXT/YUM,TXT,YUM,low_vol_specialist,-4896.25357483895,-0.4502340741298763,0.1098206002170757,6.279245822412456e-20,92,1,2025-10-08
HAS/PFE,HAS,PFE,low_vol_specialist,14418.75576832069,1.120529020750841,0.1098206002170757,0.9999999480366807,90,1,2025-10-08
DLR/PRU,DLR,PRU,low_vol_specialist,1844.793138992154,0.20076451934187356,0.1098206002170757,0.9426133936708369,96,1,2025-10-08
HRL/MKC,HRL,MKC,low_vol_specialist,9258.234145347662,1.0270652287064352,0.1098206002170757,0.9997865473346463,82,1,2025-10-08
PFG/YUM,PFG,YUM,low_vol_specialist,604.6967107983392,0.05830420363419248,0.1098206002170757,0.15637766111960982,76,1,2025-10-08
CINF/FMC,CINF,FMC,low_vol_specialist,-595.7992881148889,-0.043499361200685066,0.1098206002170757,0.0022682342023863833,94,1,2025-10-08
FSLR/RSG,FSLR,RSG,low_vol_specialist,14663.63101575492,0.5680995764061602,0.1098206002170757,0.9999386737125626,102,1,2025-10-08
AME/WMT,AME,WMT,low_vol_specialist,-2620.267965396467,-0.30316687888797517,0.1098206002170757,4.1766128247110774e-17,96,1,2025-10-08
AON/GEN,AON,GEN,low_vol_specialist,11149.34288960239,1.0750474406856072,0.1098206002170757,0.9999999999989303,86,1,2025-10-08
DXCM/UDR,DXCM,UDR,low_vol_specialist,-1250.725436285256,-0.07289748416863084,0.1098206002170757,0.00046570055931715546,104,1,2025-10-08
AON/MCK,AON,MCK,low_vol_specialist,726.5166495628387,0.1110556586272907,0.1098206002170757,0.5196342628378463,84,1,2025-10-08
CI/LVS,CI,LVS,low_vol_specialist,5309.450605226938,0.29926458766442005,0.1098206002170757,0.9999647237752289,98,1,2025-10-08
DVN/YUM,DVN,YUM,low_vol_specialist,-4612.436394037748,-0.3989223014586745,0.1098206002170757,1.4362511281380323e-15,78,1,2025-10-08
CHD/HON,CHD,HON,low_vol_specialist,-6679.154991886037,-0.8144098996885335,0.1098206002170757,1.8926551775811264e-19,78,1,2025-10-08
CSCO/PAYC,CSCO,PAYC,low_vol_specialist,-7528.494874694388,-0.6892119703922021,0.1098206002170757,1.1123844306389287e-25,104,1,2025-10-08
TXT/YUM,TXT,YUM,long_z_short_v,-5266.200005940135,-0.6578296981006325,0.0979673667473064,5.1996876498990075e-21,40,1,2025-10-08
HAS/PFE,HAS,PFE,long_z_short_v,3746.118683877162,0.4208728114753875,0.0979673667473064,0.9997529842614777,36,1,2025-10-08
DLR/PRU,DLR,PRU,long_z_short_v,-1990.901537865038,-0.2210482068563706,0.0979673667473064,7.371300216069255e-11,42,1,2025-10-08
HRL/MKC,HRL,MKC,long_z_short_v,275.2989324141622,0.052846168626731464,0.0979673667473064,0.14164761687903427,34,1,2025-10-08
PFG/YUM,PFG,YUM,long_z_short_v,4845.916283375533,0.6062920102477704,0.0979673667473064,0.9999970830666646,42,1,2025-10-08
CINF/FMC,CINF,FMC,long_z_short_v,9648.70515837653,0.8075002583234354,0.0979673667473064,0.9999999999999982,46,1,2025-10-08
FSLR/RSG,FSLR,RSG,long_z_short_v,4296.939278389382,0.23050217105616805,0.0979673667473064,0.8675751591800889,40,1,2025-10-08
AME/WMT,AME,WMT,long_z_short_v,1726.900629918914,0.21321087660634022,0.0979673667473064,0.9348239100507033,42,1,2025-10-08
AON/GEN,AON,GEN,long_z_short_v,-445.1346017289397,-0.06388611757708605,0.0979673667473064,0.0003255676176364061,38,1,2025-10-08
DXCM/UDR,DXCM,UDR,long_z_short_v,612.0996039941483,0.04698215049849396,0.0979673667473064,0.12438403330012271,50,1,2025-10-08
AON/MCK,AON,MCK,long_z_short_v,-597.7669766323388,-0.12312242102286333,0.0979673667473064,4.8895928080656255e-06,38,1,2025-10-08
CI/LVS,CI,LVS,long_z_short_v,7607.963438087852,0.546861018493401,0.0979673667473064,0.9999200228802396,26,1,2025-10-08
DVN/YUM,DVN,YUM,long_z_short_v,-748.6626318087697,-0.08417201248832934,0.0979673667473064,0.00020582751528895658,36,1,2025-10-08
CHD/HON,CHD,HON,long_z_short_v,-1969.52340457274,-0.28478485791813557,0.0979673667473064,2.8626935313895693e-05,40,1,2025-10-08
CSCO/PAYC,CSCO,PAYC,long_z_short_v,6972.213520859498,1.0297570155592854,0.0979673667473064,0.9999999999996977,42,1,2025-10-08
TXT/YUM,TXT,YUM,medium_signal_high_leverage,-239.0727003124975,-0.021156778001579477,0.0072669785918873,0.006111375410812885,44,1,2025-10-08
HAS/PFE,HAS,PFE,medium_signal_high_leverage,-7515.826794515115,-0.3987153284017192,0.0072669785918873,5.064171275280694e-18,54,1,2025-10-08
DLR/PRU,DLR,PRU,medium_signal_high_leverage,-11445.18457738188,-0.71818608953201,0.0072669785918873,5.4951796878471835e-12,42,1,2025-10-08
HRL/MKC,HRL,MKC,medium_signal_high_leverage,4833.380557491225,0.531288404262988,0.0072669785918873,0.999999999209028,44,1,2025-10-08
PFG/YUM,PFG,YUM,medium_signal_high_leverage,18918.26544678369,1.445281697352121,0.0072669785918873,0.9999999997869957,44,1,2025-10-08
CINF/FMC,CINF,FMC,medium_signal_high_leverage,-2142.129736279347,-0.11012325253905578,0.0072669785918873,5.8267211201429734e-05,42,1,2025-10-08
FSLR/RSG,FSLR,RSG,medium_signal_high_leverage,-2376.157768485376,-0.07228576198452358,0.0072669785918873,5.703282144818038e-05,54,1,2025-10-08
AME/WMT,AME,WMT,medium_signal_high_leverage,-1030.022596644085,-0.08109201753368407,0.0072669785918873,2.4066719522243954e-05,46,1,2025-10-08
AON/GEN,AON,GEN,medium_signal_high_leverage,9894.72008357956,0.6163264252779974,0.0072669785918873,0.9999977769803882,44,1,2025-10-08
DXCM/UDR,DXCM,UDR,medium_signal_high_leverage,16655.79877591548,0.7207008039330275,0.0072669785918873,0.9999999967607152,44,1,2025-10-08
AON/MCK,AON,MCK,medium_signal_high_leverage,954.732842188956,0.12359703988124864,0.0072669785918873,0.6076972041622319,48,1,2025-10-08
CI/LVS,CI,LVS,medium_signal_high_leverage,-1489.859070870963,-0.05630760482740618,0.0072669785918873,0.002344143038395152,44,1,2025-10-08
DVN/YUM,DVN,YUM,medium_signal_high_leverage,-18846.91600455116,-1.6259814409240458,0.0072669785918873,1.1522640957439449e-19,40,1,2025-10-08
CHD/HON,CHD,HON,medium_signal_high_leverage,5646.093858120013,0.5025507263638557,0.0072669785918873,0.9999988630582374,50,1,2025-10-08
CSCO/PAYC,CSCO,PAYC,medium_signal_high_leverage,10580.33254617966,0.7651710077164556,0.0072669785918873,0.9999983886867437,40,1,2025-10-08
TXT/YUM,TXT,YUM,vol_gated,1073.572037938777,0.1546235605106531,-0.1280552371732152,0.7954681188446856,56,1,2025-10-08
HAS/PFE,HAS,PFE,vol_gated,-11944.5861670783,-0.9602284416772942,-0.1280552371732152,1.1150183806996172e-11,60,1,2025-10-08
DLR/PRU,DLR,PRU,vol_gated,-6854.134249352583,-0.7110969086363954,-0.1280552371732152,3.00569003369527e-09,50,1,2025-10-08
HRL/MKC,HRL,MKC,vol_gated,-410.5284029935408,-0.07560574172850525,-0.1280552371732152,0.0001863696911174366,54,1,2025-10-08
PFG/YUM,PFG,YUM,vol_gated,12403.67293566046,1.4316087514480627,-0.1280552371732152,0.9999999999056579,52,1,2025-10-08
CINF/FMC,CINF,FMC,vol_gated,1555.15691298514,0.13600098370495844,-0.1280552371732152,0.7076544859698873,50,1,2025-10-08
FSLR/RSG,FSLR,RSG,vol_gated,2369.640646903844,0.10923833977125014,-0.1280552371732152,0.5057095894084529,64,1,2025-10-08
AME/WMT,AME,WMT,vol_gated,3784.104830464401,0.45089975009673816,-0.1280552371732152,0.9986344758805503,54,1,2025-10-08
AON/GEN,AON,GEN,vol_gated,4402.845679645605,0.5244342522436514,-0.1280552371732152,0.9999999998395667,50,1,2025-10-08
DXCM/UDR,DXCM,UDR,vol_gated,11468.36153081254,0.780238267614561,-0.1280552371732152,0.9999999878656497,52,1,2025-10-08
AON/MCK,AON,MCK,vol_gated,1019.567716018362,0.17795935072686636,-0.1280552371732152,0.9200265750614893,46,1,2025-10-08
CI/LVS,CI,LVS,vol_gated,-5571.039352284361,-0.42241881241987533,-0.1280552371732152,7.221998534667407e-08,58,1,2025-10-08
DVN/YUM,DVN,YUM,vol_gated,3545.699984894871,0.3045814173566351,-0.1280552371732152,0.9999813599999656,50,1,2025-10-08
CHD/HON,CHD,HON,vol_gated,1401.496093215716,0.19481901424869968,-0.1280552371732152,0.9756449414731565,58,1,2025-10-08
CSCO/PAYC,CSCO,PAYC,vol_gated,-725.7687093176178,-0.07177257235241098,-0.1280552371732152,0.0007273164579640605,42,1,2025-10-08
TXT/YUM,TXT,YUM,vol_adaptive,1069.517962904664,0.1537937134811227,-0.1288989915306731,0.7915105982356228,56,1,2025-10-08
HAS/PFE,HAS,PFE,vol_adaptive,-11964.58649203236,-0.9599864399395032,-0.1288989915306731,1.1617171188071052e-11,60,1,2025-10-08
DLR/PRU,DLR,PRU,vol_adaptive,-10922.50507648406,-1.0667265129308077,-0.1288989915306731,1.1454003518693993e-09,52,1,2025-10-08
HRL/MKC,HRL,MKC,vol_adaptive,-149.8741576870871,-0.026905395207040824,-0.1288989915306731,0.004379160220606741,54,1,2025-10-08
PFG/YUM,PFG,YUM,vol_adaptive,11424.27071440814,1.2953392393644096,-0.1288989915306731,0.9999999999675904,56,1,2025-10-08
CINF/FMC,CINF,FMC,vol_adaptive,1562.401700706123,0.1363851836295759,-0.1288989915306731,0.7103143933283292,50,1,2025-10-08
FSLR/RSG,FSLR,RSG,vol_adaptive,2354.082167185974,0.1083751464299048,-0.1288989915306731,0.5005008618979361,64,1,2025-10-08
AME/WMT,AME,WMT,vol_adaptive,3800.495997040089,0.4526718252225347,-0.1288989915306731,0.9986763818894603,54,1,2025-10-08
AON/GEN,AON,GEN,vol_adaptive,3277.606900002938,0.3832487386435661,-0.1288989915306731,0.9999996799158736,52,1,2025-10-08
DXCM/UDR,DXCM,UDR,vol_adaptive,11455.62810513338,0.7785742144737056,-0.1288989915306731,0.9999999877943158,52,1,2025-10-08
AON/MCK,AON,MCK,vol_adaptive,1188.784929626979,0.20371066389309173,-0.1288989915306731,0.9711696054940894,48,1,2025-10-08
CI/LVS,CI,LVS,vol_adaptive,-4729.768636616391,-0.3572565814814038,-0.1288989915306731,1.6999358145001658e-07,60,1,2025-10-08
DVN/YUM,DVN,YUM,vol_adaptive,5499.183988993547,0.45846359736887676,-0.1288989915306731,0.9999994803471095,48,1,2025-10-08
CHD/HON,CHD,HON,vol_adaptive,2047.981689645781,0.28293405807783617,-0.1288989915306731,0.9997188381417963,64,1,2025-10-08
CSCO/PAYC,CSCO,PAYC,vol_adaptive,1355.548303044965,0.13155647359183584,-0.1288989915306731,0.6710623638461022,46,1,2025-10-08
TXT/YUM,TXT,YUM,vol_agnostic,-7526.120692767703,-0.7230401056749374,-0.1341197088580394,7.279706579003854e-24,76,1,2025-10-08
HAS/PFE,HAS,PFE,vol_agnostic,-1678.529762843443,-0.12116552009098086,-0.1341197088580394,4.4880006197117104e-08,82,1,2025-10-08
DLR/PRU,DLR,PRU,vol_agnostic,-8114.338291146302,-0.6494145022868499,-0.1341197088580394,1.0884518296503422e-11,56,1,2025-10-08
HRL/MKC,HRL,MKC,vol_agnostic,2611.409993607273,0.3757916601901589,-0.1341197088580394,0.9999931187932402,68,1,2025-10-08
PFG/YUM,PFG,YUM,vol_agnostic,8350.865477871424,0.7315148281708969,-0.1341197088580394,0.9999958282354001,76,1,2025-10-08
CINF/FMC,CINF,FMC,vol_agnostic,7835.634157170762,0.4873514565295555,-0.1341197088580394,0.9999999999565823,58,1,2025-10-08
FSLR/RSG,FSLR,RSG,vol_agnostic,21618.14182700604,0.9554301249791642,-0.1341197088580394,0.9999999999999832,80,1,2025-10-08
AME/WMT,AME,WMT,vol_agnostic,-8771.212443543303,-0.8053333447006013,-0.1341197088580394,6.139452958899442e-28,74,1,2025-10-08
AON/GEN,AON,GEN,vol_agnostic,15481.0925310952,1.3271572156822666,-0.1341197088580394,0.9999999999843472,58,1,2025-10-08
DXCM/UDR,DXCM,UDR,vol_agnostic,8351.334962406465,0.4959374326178546,-0.1341197088580394,0.9999998589627777,68,1,2025-10-08
AON/MCK,AON,MCK,vol_agnostic,4101.71736738612,0.5217295885911076,-0.1341197088580394,0.9999989322744331,80,1,2025-10-08
CI/LVS,CI,LVS,vol_agnostic,-7569.227965066557,-0.40294677727708766,-0.1341197088580394,3.269493698828611e-08,74,1,2025-10-08
DVN/YUM,DVN,YUM,vol_agnostic,-26157.96217179743,-1.91388385337978,-0.1341197088580394,5.041776011612753e-19,72,1,2025-10-08
CHD/HON,CHD,HON,vol_agnostic,1992.084688098973,0.20843970096824854,-0.1341197088580394,0.9715688596814045,80,1,2025-10-08
CSCO/PAYC,CSCO,PAYC,vol_agnostic,3934.690625637985,0.34308924470859187,-0.1341197088580394,0.9999723444990098,84,1,2025-10-08
TXT/YUM,TXT,YUM,stable_signal_quick_exit,6105.387976746901,0.8493808923453877,-0.1437478511065493,0.999999999999972,44,1,2025-10-08
HAS/PFE,HAS,PFE,stable_signal_quick_exit,-6864.972555733769,-0.5239378927627414,-0.1437478511065493,2.0191201859616544e-06,42,1,2025-10-08
DLR/PRU,DLR,PRU,stable_signal_quick_exit,-5069.627392409243,-0.5495684309231949,-0.1437478511065493,3.805547821887142e-09,36,1,2025-10-08
HRL/MKC,HRL,MKC,stable_signal_quick_exit,1571.914739641218,0.3155478864383887,-0.1437478511065493,0.9996509971597317,40,1,2025-10-08
PFG/YUM,PFG,YUM,stable_signal_quick_exit,12052.89547874856,1.4631536409459136,-0.1437478511065493,0.999999999901546,34,1,2025-10-08
CINF/FMC,CINF,FMC,stable_signal_quick_exit,7325.048588465663,0.6202206579628772,-0.1437478511065493,0.9999999962807619,40,1,2025-10-08
FSLR/RSG,FSLR,RSG,stable_signal_quick_exit,1313.848143352928,0.05408543391996279,-0.1437478511065493,0.16579970524839038,52,1,2025-10-08
AME/WMT,AME,WMT,stable_signal_quick_exit,878.8290400609121,0.10457716553365173,-0.1437478511065493,0.4760410101936737,38,1,2025-10-08
AON/GEN,AON,GEN,stable_signal_quick_exit,-2888.594159396779,-0.34884803094887773,-0.1437478511065493,2.9472310417305305e-09,42,1,2025-10-08
DXCM/UDR,DXCM,UDR,stable_signal_quick_exit,-189.8690561644526,-0.014623400814371076,-0.1437478511065493,0.00778847731792427,48,1,2025-10-08
AON/MCK,AON,MCK,stable_signal_quick_exit,1098.714934033434,0.23440532474471576,-0.1437478511065493,0.9766666278607096,34,1,2025-10-08
CI/LVS,CI,LVS,stable_signal_quick_exit,-3254.762634650263,-0.32274345310876595,-0.1437478511065493,2.3130282327733534e-09,32,1,2025-10-08
DVN/YUM,DVN,YUM,stable_signal_quick_exit,-1672.809244325935,-0.13534825341257015,-0.1437478511065493,0.0006314851454064443,38,1,2025-10-08
CHD/HON,CHD,HON,stable_signal_quick_exit,5216.125102868319,0.6528025274098203,-0.1437478511065493,0.9999926116774968,38,1,2025-10-08
CSCO/PAYC,CSCO,PAYC,stable_signal_quick_exit,2296.61413914192,0.23244830956865564,-0.1437478511065493,0.9907245401889926,52,1,2025-10-08
TXT/YUM,TXT,YUM,high_turnover,-3079.63850676653,-0.34144322347421463,-0.2470220828821525,1.31049898469278e-13,76,1,2025-10-08
HAS/PFE,HAS,PFE,high_turnover,-1732.473173273487,-0.1545015861388493,-0.2470220828821525,6.830373383795369e-05,72,1,2025-10-08
DLR/PRU,DLR,PRU,high_turnover,457.877767026941,0.041352277523756545,-0.2470220828821525,0.10828628753711234,72,1,2025-10-08
HRL/MKC,HRL,MKC,high_turnover,5013.115162219634,0.5889792248383651,-0.2470220828821525,0.999524033666114,72,1,2025-10-08
PFG/YUM,PFG,YUM,high_turnover,7221.200144366388,0.8216198418439127,-0.2470220828821525,0.999999996960038,68,1,2025-10-08
CINF/FMC,CINF,FMC,high_turnover,2447.921187457623,0.18708882480732952,-0.2470220828821525,0.9302888412674513,76,1,2025-10-08
FSLR/RSG,FSLR,RSG,high_turnover,22787.19092161778,1.0336390485370321,-0.2470220828821525,0.9999068463826837,82,1,2025-10-08
AME/WMT,AME,WMT,high_turnover,-4414.312977264759,-0.5521745619236171,-0.2470220828821525,1.3338627490794816e-16,78,1,2025-10-08
AON/GEN,AON,GEN,high_turnover,-512.6279382362668,-0.06564722430745104,-0.2470220828821525,0.0003147827858851819,68,1,2025-10-08
DXCM/UDR,DXCM,UDR,high_turnover,5453.097342529918,0.36191385759424866,-0.2470220828821525,0.9998561087625909,66,1,2025-10-08
AON/MCK,AON,MCK,high_turnover,-5740.741447922246,-0.5807113888148691,-0.2470220828821525,2.310811152276581e-11,80,1,2025-10-08
CI/LVS,CI,LVS,high_turnover,-7673.516601980357,-0.5278311381213974,-0.2470220828821525,3.0914321168232846e-05,70,1,2025-10-08
DVN/YUM,DVN,YUM,high_turnover,-4578.41391042178,-0.33843227022020755,-0.2470220828821525,4.59983531693225e-06,66,1,2025-10-08
CHD/HON,CHD,HON,high_turnover,-3611.230488771099,-0.46204215999050896,-0.2470220828821525,4.805282794231261e-07,66,1,2025-10-08
CSCO/PAYC,CSCO,PAYC,high_turnover,-2551.338313548506,-0.24812047597332354,-0.2470220828821525,2.992856524202338e-12,76,1,2025-10-08
TXT/YUM,TXT,YUM,low_entry,4175.614324221591,0.481779867069735,-0.2554609232186125,0.9999999959942127,74,1,2025-10-08
HAS/PFE,HAS,PFE,low_entry,-3860.385140126424,-0.23503542781205908,-0.2554609232186125,5.823363688497668e-09,94,1,2025-10-08
DLR/PRU,DLR,PRU,low_entry,-7538.35073032911,-0.5906569980027147,-0.2554609232186125,5.389236686012447e-12,78,1,2025-10-08
HRL/MKC,HRL,MKC,low_entry,-1519.33575318226,-0.2253988004117814,-0.2554609232186125,9.129952050371e-11,76,1,2025-10-08
PFG/YUM,PFG,YUM,low_entry,13774.59180831296,1.407929790444603,-0.2554609232186125,0.999999999999985,72,1,2025-10-08
CINF/FMC,CINF,FMC,low_entry,-9658.302106256451,-0.7814351550607325,-0.2554609232186125,3.5714369717816126e-16,80,1,2025-10-08
FSLR/RSG,FSLR,RSG,low_entry,14482.36903198935,0.6100247527710957,-0.2554609232186125,0.9998249310625267,90,1,2025-10-08
AME/WMT,AME,WMT,low_entry,-5541.59645902013,-0.55576894271168,-0.2554609232186125,3.439241495958006e-26,82,1,2025-10-08
AON/GEN,AON,GEN,low_entry,10345.54060132991,0.9135746974851346,-0.2554609232186125,0.9999999954376979,78,1,2025-10-08
DXCM/UDR,DXCM,UDR,low_entry,698.3751690834949,0.04383631950402559,-0.2554609232186125,0.09526537940781399,82,1,2025-10-08
AON/MCK,AON,MCK,low_entry,-3901.632757130376,-0.4078891931702634,-0.2554609232186125,1.392207650118338e-13,78,1,2025-10-08
CI/LVS,CI,LVS,low_entry,-1415.443874593821,-0.07778980158346882,-0.2554609232186125,0.0007178563141110866,102,1,2025-10-08
DVN/YUM,DVN,YUM,low_entry,2245.791545431005,0.15315622622689593,-0.2554609232186125,0.8577679782123888,78,1,2025-10-08
CHD/HON,CHD,HON,low_entry,2170.091007252752,0.24401793488663326,-0.2554609232186125,0.9947530362594661,70,1,2025-10-08
CSCO/PAYC,CSCO,PAYC,low_entry,-6134.590259554404,-0.5210272249003556,-0.2554609232186125,1.7090319579377887e-10,82,1,2025-10-08
TXT/YUM,TXT,YUM,high_leverage,-3666.565804537479,-0.33305554258637826,-0.2671947312648173,2.276238004531655e-13,48,1,2025-10-08
HAS/PFE,HAS,PFE,high_leverage,-28407.31973014284,-1.611256779174848,-0.2671947312648173,4.0171640042571117e-08,48,1,2025-10-08
DLR/PRU,DLR,PRU,high_leverage,-12214.65429957538,-1.0352498119068292,-0.2671947312648173,4.340508614281596e-12,32,1,2025-10-08
HRL/MKC,HRL,MKC,high_leverage,4576.549491949937,0.5976975988537447,-0.2671947312648173,0.9999999995220893,44,1,2025-10-08
PFG/YUM,PFG,YUM,high_leverage,11145.48917701116,0.7324164729609645,-0.2671947312648173,0.9998880916646571,46,1,2025-10-08
CINF/FMC,CINF,FMC,high_leverage,41.0452902454299,0.0021450706196003014,-0.2671947312648173,0.01975556400294588,38,1,2025-10-08
FSLR/RSG,FSLR,RSG,high_leverage,19809.30601513638,0.5940077750249994,-0.2671947312648173,0.9993899370421366,52,1,2025-10-08
AME/WMT,AME,WMT,high_leverage,-8118.128292426805,-0.6837634022443133,-0.2671947312648173,3.977165521223136e-14,42,1,2025-10-08
AON/GEN,AON,GEN,high_leverage,10765.75154042197,0.7055110189726468,-0.2671947312648173,0.9999968340957119,44,1,2025-10-08
DXCM/UDR,DXCM,UDR,high_leverage,18335.69166010987,0.7736470277046738,-0.2671947312648173,0.9999999987507009,48,1,2025-10-08
AON/MCK,AON,MCK,high_leverage,1458.855162933581,0.179209242557131,-0.2671947312648173,0.8864685128427212,44,1,2025-10-08
CI/LVS,CI,LVS,high_leverage,4382.317685522261,0.16702337345337245,-0.2671947312648173,0.9291101734995983,52,1,2025-10-08
DVN/YUM,DVN,YUM,high_leverage,-22709.01968658086,-1.880464810445198,-0.2671947312648173,3.913009671388027e-23,38,1,2025-10-08
CHD/HON,CHD,HON,high_leverage,1403.652087972237,0.15818705870066702,-0.2671947312648173,0.8651670825233204,36,1,2025-10-08
CSCO/PAYC,CSCO,PAYC,high_leverage,5686.383261181131,0.42136667528536237,-0.2671947312648173,0.9999859028986674,48,1,2025-10-08
TXT/YUM,TXT,YUM,deep_dislocation,-2810.413952539428,-0.29663520147006617,-0.3233123873449656,3.3592143410019106e-10,26,1,2025-10-08
HAS/PFE,HAS,PFE,deep_dislocation,10473.5622398325,1.0238565309954426,-0.3233123873449656,0.9999035024811831,26,1,2025-10-08
DLR/PRU,DLR,PRU,deep_dislocation,1430.784997932906,0.15442044067132313,-0.3233123873449656,0.8134412332730951,24,1,2025-10-08
HRL/MKC,HRL,MKC,deep_dislocation,6280.081590512867,1.141917342805578,-0.3233123873449656,0.9999999827412123,14,1,2025-10-08
PFG/YUM,PFG,YUM,deep_dislocation,10293.1639433979,1.0790231027524133,-0.3233123873449656,0.9999977145274214,20,1,2025-10-08
CINF/FMC,CINF,FMC,deep_dislocation,-14600.21556749476,-0.9343308134798575,-0.3233123873449656,1.2256284173049542e-25,36,1,2025-10-08
FSLR/RSG,FSLR,RSG,deep_dislocation,-9567.891146105105,-0.3368821983300987,-0.3233123873449656,2.4621654005963165e-10,24,1,2025-10-08
AME/WMT,AME,WMT,deep_dislocation,1083.648883955344,0.14427930064487643,-0.3233123873449656,0.7178142534646894,14,1,2025-10-08
AON/GEN,AON,GEN,deep_dislocation,-2621.799808749138,-0.21604943823984057,-0.3233123873449656,1.288467819128479e-16,24,1,2025-10-08
DXCM/UDR,DXCM,UDR,deep_dislocation,14533.59976545752,0.9025133423309035,-0.3233123873449656,0.9999999999993721,20,1,2025-10-08
AON/MCK,AON,MCK,deep_dislocation,2352.789494100704,0.4562346362578712,-0.3233123873449656,0.9974450871760666,20,1,2025-10-08
CI/LVS,CI,LVS,deep_dislocation,-3809.310367570906,-0.2594747838828356,-0.3233123873449656,4.273275784280905e-11,14,1,2025-10-08
DVN/YUM,DVN,YUM,deep_dislocation,-18893.92537522295,-1.659485998809447,-0.3233123873449656,4.020546608783868e-16,22,1,2025-10-08
CHD/HON,CHD,HON,deep_dislocation,7289.486625833632,0.9524135435568335,-0.3233123873449656,0.9966244303866865,14,1,2025-10-08
CSCO/PAYC,CSCO,PAYC,deep_dislocation,4438.044955343987,0.3790251139146162,-0.3233123873449656,0.9996685852823219,16,1,2025-10-08
TXT/YUM,TXT,YUM,aggressive,2589.884192098293,0.18341334355176295,-0.4593112973924549,0.9086217298686945,82,1,2025-10-08
HAS/PFE,HAS,PFE,aggressive,129.8650224696466,0.005359650759764046,-0.4593112973924549,0.023332708155425222,88,1,2025-10-08
DLR/PRU,DLR,PRU,aggressive,-13714.89761926595,-0.7304365550195097,-0.4593112973924549,8.99522374660253e-12,74,1,2025-10-08
HRL/MKC,HRL,MKC,aggressive,5475.433233208916,0.3781305021698964,-0.4593112973924549,0.999944820903599,78,1,2025-10-08
PFG/YUM,PFG,YUM,aggressive,9192.549845119791,0.5791640275865717,-0.4593112973924549,0.9999412478984345,70,1,2025-10-08
CINF/FMC,CINF,FMC,aggressive,-18106.93703034373,-0.861572627736496,-0.4593112973924549,1.8661666738203266e-20,62,1,2025-10-08
FSLR/RSG,FSLR,RSG,aggressive,25908.39464989771,0.6638624846757941,-0.4593112973924549,0.9999964442617949,94,1,2025-10-08
AME/WMT,AME,WMT,aggressive,587.7417946122987,0.04006340035377472,-0.4593112973924549,0.10392182521632809,86,1,2025-10-08
AON/GEN,AON,GEN,aggressive,3691.219198505938,0.22082366930168687,-0.4593112973924549,0.9637168096143665,70,1,2025-10-08
DXCM/UDR,DXCM,UDR,aggressive,-5525.781966498961,-0.22883937804588428,-0.4593112973924549,2.0266589427179014e-08,64,1,2025-10-08
AON/MCK,AON,MCK,aggressive,7773.677051324931,0.8544808103323452,-0.4593112973924549,0.9999999999999629,74,1,2025-10-08
CI/LVS,CI,LVS,aggressive,-14101.00489431878,-0.5145030214761448,-0.4593112973924549,1.9342093885187902e-08,86,1,2025-10-08
DVN/YUM,DVN,YUM,aggressive,-17082.25946592534,-1.0746384609542214,-0.4593112973924549,1.8230870161817234e-29,76,1,2025-10-08
CHD/HON,CHD,HON,aggressive,-1481.985422655649,-0.12350937066354935,-0.4593112973924549,7.83476324484819e-05,74,1,2025-10-08
CSCO/PAYC,CSCO,PAYC,aggressive,-4062.966618107673,-0.2322157525036345,-0.4593112973924549,1.0175184386823256e-07,78,1,2025-10-08
TXT/YUM,TXT,YUM,slow_signal,-9760.095493787581,-1.3389429403616555,-0.5048237438492308,7.213002766097722e-14,32,1,2025-10-08
HAS/PFE,HAS,PFE,slow_signal,5273.488697914635,0.48681642063442837,-0.5048237438492308,0.9999621715143281,40,1,2025-10-08
DLR/PRU,DLR,PRU,slow_signal,-4996.720423679638,-0.5233766586431746,-0.5048237438492308,1.6368542140750156e-05,24,1,2025-10-08
HRL/MKC,HRL,MKC,slow_signal,3670.994695010364,0.9705097438568917,-0.5048237438492308,0.9999999999993868,24,1,2025-10-08
PFG/YUM,PFG,YUM,slow_signal,1484.55883598588,0.15438931934148983,-0.5048237438492308,0.7594128324513809,26,1,2025-10-08
CINF/FMC,CINF,FMC,slow_signal,3592.973782266805,0.39465874830250164,-0.5048237438492308,0.9999762708948243,34,1,2025-10-08
FSLR/RSG,FSLR,RSG,slow_signal,-8076.032568461459,-0.41572187033456387,-0.5048237438492308,2.429012867105855e-10,44,1,2025-10-08
AME/WMT,AME,WMT,slow_signal,-1879.308351241084,-0.23088195373889092,-0.5048237438492308,1.2092454730552026e-14,36,1,2025-10-08
AON/GEN,AON,GEN,slow_signal,6617.882489401001,0.8378123857469106,-0.5048237438492308,0.9999991990733473,36,1,2025-10-08
DXCM/UDR,DXCM,UDR,slow_signal,1083.817119028696,0.09901677132637438,-0.5048237438492308,0.4253236428041928,50,1,2025-10-08
AON/MCK,AON,MCK,slow_signal,8801.910590741472,1.8883815840570035,-0.5048237438492308,0.9999999321589995,32,1,2025-10-08
CI/LVS,CI,LVS,slow_signal,-6812.648013561427,-0.4723205580655366,-0.5048237438492308,8.379875293215721e-05,40,1,2025-10-08
DVN/YUM,DVN,YUM,slow_signal,-7783.253727251672,-1.0534766527052002,-0.5048237438492308,3.0127246819428886e-21,38,1,2025-10-08
CHD/HON,CHD,HON,slow_signal,4730.372550253952,0.766651213653055,-0.5048237438492308,0.9999275849797111,28,1,2025-10-08
CSCO/PAYC,CSCO,PAYC,slow_signal,7090.641276735191,0.78705885634146,-0.5048237438492308,0.9999970705646772,36,1,2025-10-08
TXT/YUM,TXT,YUM,quick_exit,-495.9968276388208,-0.08922205103196493,-0.6057020004037903,7.067317772902366e-05,52,1,2025-10-08
HAS/PFE,HAS,PFE,quick_exit,-12830.75452217478,-1.2638139764676983,-0.6057020004037903,6.9415514734641844e-06,54,1,2025-10-08
DLR/PRU,DLR,PRU,quick_exit,-3713.259221166923,-0.6363657031180229,-0.6057020004037903,1.6175732048138218e-06,28,1,2025-10-08
HRL/MKC,HRL,MKC,quick_exit,-2580.881994011681,-0.7192294784503352,-0.6057020004037903,3.1264870695238966e-20,38,1,2025-10-08
PFG/YUM,PFG,YUM,quick_exit,12303.77511784555,1.5508243112857913,-0.6057020004037903,0.9999999621398258,46,1,2025-10-08
CINF/FMC,CINF,FMC,quick_exit,-3899.604980530617,-0.4253512719195834,-0.6057020004037903,1.3863854993165025e-09,48,1,2025-10-08
FSLR/RSG,FSLR,RSG,quick_exit,-435.4121153932674,-0.02060382805792206,-0.6057020004037903,0.004606775423647879,54,1,2025-10-08
AME/WMT,AME,WMT,quick_exit,-6355.310102863918,-0.9820912245143723,-0.6057020004037903,2.09401350408351e-07,42,1,2025-10-08
AON/GEN,AON,GEN,quick_exit,9971.253379889327,1.3785381015295746,-0.6057020004037903,0.9999999997994047,52,1,2025-10-08
DXCM/UDR,DXCM,UDR,quick_exit,9693.633915093153,0.7285548346935314,-0.6057020004037903,0.9999994949891167,56,1,2025-10-08
AON/MCK,AON,MCK,quick_exit,2778.652419333662,0.45679510920725136,-0.6057020004037903,0.9999981864766552,40,1,2025-10-08
CI/LVS,CI,LVS,quick_exit,-1413.611443885791,-0.1203001057760117,-0.6057020004037903,0.0004002082609985558,54,1,2025-10-08
DVN/YUM,DVN,YUM,quick_exit,-15624.95772951377,-2.1274079694365713,-0.6057020004037903,2.176950679654524e-20,40,1,2025-10-08
CHD/HON,CHD,HON,quick_exit,3148.354925242975,0.5176271235344202,-0.6057020004037903,0.9999063523153118,38,1,2025-10-08
CSCO/PAYC,CSCO,PAYC,quick_exit,7658.72449944784,0.9245521148950789,-0.6057020004037903,0.9999945960445841,42,1,2025-10-08
TXT/YUM,TXT,YUM,fast_reentry,-2135.51815267696,-0.31473883583154316,-0.699812076595456,1.4486487429772543e-14,52,1,2025-10-08
HAS/PFE,HAS,PFE,fast_reentry,-12424.87009915317,-1.0303935503047965,-0.699812076595456,1.1142665832504718e-09,66,1,2025-10-08
DLR/PRU,DLR,PRU,fast_reentry,-7747.249841098636,-0.8693939538726252,-0.699812076595456,2.9931961179555913e-18,48,1,2025-10-08
HRL/MKC,HRL,MKC,fast_reentry,3025.361263586375,0.575598662159271,-0.699812076595456,0.999999999767732,48,1,2025-10-08
PFG/YUM,PFG,YUM,fast_reentry,13217.33377815618,1.5424402265514752,-0.699812076595456,0.9999999989069034,48,1,2025-10-08
CINF/FMC,CINF,FMC,fast_reentry,-4834.815760332873,-0.43964977391640164,-0.699812076595456,1.7532061437498876e-10,52,1,2025-10-08
FSLR/RSG,FSLR,RSG,fast_reentry,10615.22111703971,0.4536412000582242,-0.699812076595456,0.9986957432689229,60,1,2025-10-08
AME/WMT,AME,WMT,fast_reentry,-3436.532107143955,-0.42094465183553104,-0.699812076595456,2.6635632451644905e-16,54,1,2025-10-08
AON/GEN,AON,GEN,fast_reentry,5230.471785145811,0.7216990819952829,-0.699812076595456,0.9999999897722838,56,1,2025-10-08
DXCM/UDR,DXCM,UDR,fast_reentry,4419.500584949548,0.29902453647982186,-0.699812076595456,0.998878570050875,60,1,2025-10-08
AON/MCK,AON,MCK,fast_reentry,1119.896740186179,0.20631681241960578,-0.699812076595456,0.9468120928588016,46,1,2025-10-08
CI/LVS,CI,LVS,fast_reentry,-4799.997166494526,-0.27492194960814836,-0.699812076595456,6.474500106352887e-06,60,1,2025-10-08
DVN/YUM,DVN,YUM,fast_reentry,-16637.30589121666,-1.9129757428494776,-0.699812076595456,1.6749305368386227e-22,46,1,2025-10-08
CHD/HON,CHD,HON,fast_reentry,1849.194007643497,0.3060807499685876,-0.699812076595456,0.9984206134133414,38,1,2025-10-08
CSCO/PAYC,CSCO,PAYC,fast_reentry,3734.505501209189,0.4197123348292874,-0.699812076595456,0.9999805414376889,50,1,2025-10-08
TXT/YUM,TXT,YUM,slow_reentry,-1150.355934264277,-0.17182664766498137,-0.7469109586179429,3.6365098915993565e-08,48,1,2025-10-08
HAS/PFE,HAS,PFE,slow_reentry,-18972.79487688681,-1.7079909519324923,-0.7469109586179429,1.8680187812251615e-06,40,1,2025-10-08
DLR/PRU,DLR,PRU,slow_reentry,-7264.501099067471,-1.0073397033641218,-0.7469109586179429,2.202647571133282e-09,26,1,2025-10-08
HRL/MKC,HRL,MKC,slow_reentry,896.4735412705832,0.20954475147885684,-0.7469109586179429,0.9549903138226248,42,1,2025-10-08
PFG/YUM,PFG,YUM,slow_reentry,5354.266020123046,0.5335290196163543,-0.7469109586179429,0.99930083455507,40,1,2025-10-08
CINF/FMC,CINF,FMC,slow_reentry,-636.7674680138693,-0.06385576824974118,-0.7469109586179429,0.0008955063082820217,34,1,2025-10-08
FSLR/RSG,FSLR,RSG,slow_reentry,5944.419798844227,0.28115146544819275,-0.7469109586179429,0.9606552058139951,46,1,2025-10-08
AME/WMT,AME,WMT,slow_reentry,-1330.902311670704,-0.1810501662293898,-0.7469109586179429,4.252552292337879e-11,40,1,2025-10-08
AON/GEN,AON,GEN,slow_reentry,5920.709666520833,0.9135834508161985,-0.7469109586179429,0.9999999999999994,38,1,2025-10-08
DXCM/UDR,DXCM,UDR,slow_reentry,3909.75725430164,0.32892657274691056,-0.7469109586179429,0.9970277783950058,40,1,2025-10-08
AON/MCK,AON,MCK,slow_reentry,998.5534169497118,0.1842690353086719,-0.7469109586179429,0.9013992071973855,44,1,2025-10-08
CI/LVS,CI,LVS,slow_reentry,-3113.201072077284,-0.3359601225894118,-0.7469109586179429,1.914544266833707e-06,32,1,2025-10-08
DVN/YUM,DVN,YUM,slow_reentry,-10908.71177774539,-1.4601585049935442,-0.7469109586179429,7.029420308921523e-20,34,1,2025-10-08
CHD/HON,CHD,HON,slow_reentry,1024.016533718318,0.17341744507822474,-0.7469109586179429,0.9187049204975729,34,1,2025-10-08
CSCO/PAYC,CSCO,PAYC,slow_reentry,11487.72131195601,1.3998886087281086,-0.7469109586179429,0.999987685660786,42,1,2025-10-08
TXT/YUM,TXT,YUM,high_entry,-3344.530628114707,-0.6493499824428199,-0.7612626161152583,6.597204766245281e-14,26,1,2025-10-08
HAS/PFE,HAS,PFE,high_entry,11541.33716409395,1.620691370538981,-0.7612626161152583,0.9999954983312195,32,1,2025-10-08
DLR/PRU,DLR,PRU,high_entry,-2324.15392458468,-0.38615743020522453,-0.7612626161152583,2.763899175747934e-07,22,1,2025-10-08
HRL/MKC,HRL,MKC,high_entry,2136.390861568927,0.6396487225136971,-0.7612626161152583,0.9999998469665566,20,1,2025-10-08
PFG/YUM,PFG,YUM,high_entry,4641.023068948442,0.7150424777269975,-0.7612626161152583,0.9999993825148216,22,1,2025-10-08
CINF/FMC,CINF,FMC,high_entry,-7913.005620395932,-0.9172902556963091,-0.7612626161152583,2.223348102751814e-16,32,1,2025-10-08
FSLR/RSG,FSLR,RSG,high_entry,-2804.581669621833,-0.15061760405523802,-0.7612626161152583,6.679377759391856e-10,22,1,2025-10-08
AME/WMT,AME,WMT,high_entry,-2729.768737611478,-0.6660010703645665,-0.7612626161152583,2.9224244979308586e-07,16,1,2025-10-08
AON/GEN,AON,GEN,high_entry,2866.95770099057,0.5160106288816674,-0.7612626161152583,0.9999613383594848,26,1,2025-10-08
DXCM/UDR,DXCM,UDR,high_entry,-3665.164400511631,-0.7347524957636922,-0.7612626161152583,1.5501550051381245e-14,22,1,2025-10-08
AON/MCK,AON,MCK,high_entry,1183.915338820479,0.2916832494672585,-0.7612626161152583,0.988223655528611,28,1,2025-10-08
CI/LVS,CI,LVS,high_entry,-488.5792533162401,-0.06710663800125226,-0.7612626161152583,0.0013109657848495392,24,1,2025-10-08
DVN/YUM,DVN,YUM,high_entry,-8534.451768553929,-1.3647812810956514,-0.7612626161152583,2.1498050868248793e-07,18,1,2025-10-08
CHD/HON,CHD,HON,high_entry,3686.584455170295,0.7346508065798293,-0.7612626161152583,0.996067776143852,20,1,2025-10-08
CSCO/PAYC,CSCO,PAYC,high_entry,6072.900239847851,0.860434050814383,-0.7612626161152583,0.9986359401097819,16,1,2025-10-08
TXT/YUM,TXT,YUM,tight_stop,-1150.704262499712,-0.20567617589311973,-0.7699583412087131,6.279054350406729e-09,52,1,2025-10-08
HAS/PFE,HAS,PFE,tight_stop,-12830.59932473286,-1.261098508989689,-0.7699583412087131,7.182266523048643e-06,54,1,2025-10-08
DLR/PRU,DLR,PRU,tight_stop,-4417.341883673821,-0.739166469952203,-0.7699583412087131,1.1388094181157609e-06,26,1,2025-10-08
HRL/MKC,HRL,MKC,tight_stop,-1464.801917887923,-0.39480098158827387,-0.7699583412087131,1.496035277466058e-19,40,1,2025-10-08
PFG/YUM,PFG,YUM,tight_stop,12360.07362496147,1.551599740826416,-0.7699583412087131,0.9999999610114275,46,1,2025-10-08
CINF/FMC,CINF,FMC,tight_stop,-2026.193701892445,-0.20712497777036126,-0.7699583412087131,3.9464241768845596e-07,48,1,2025-10-08
FSLR/RSG,FSLR,RSG,tight_stop,-1833.47987180474,-0.08693892934322721,-0.7699583412087131,6.914209154080067e-06,54,1,2025-10-08
AME/WMT,AME,WMT,tight_stop,-5513.621311190152,-0.8394449171739594,-0.7699583412087131,3.91910708463013e-08,42,1,2025-10-08
AON/GEN,AON,GEN,tight_stop,7594.721572652319,1.122906284631663,-0.7699583412087131,0.9999999952568988,52,1,2025-10-08
DXCM/UDR,DXCM,UDR,tight_stop,11580.06626559623,0.8918330280740606,-0.7699583412087131,0.999999477569387,52,1,2025-10-08
AON/MCK,AON,MCK,tight_stop,2761.771405026085,0.4613947464320261,-0.7699583412087131,0.9999985699943521,42,1,2025-10-08
CI/LVS,CI,LVS,tight_stop,-4917.775503458181,-0.43559088365299503,-0.7699583412087131,8.265636911782709e-10,54,1,2025-10-08
DVN/YUM,DVN,YUM,tight_stop,-15568.44371868447,-2.111487163092515,-0.7699583412087131,2.1249683790661633e-20,40,1,2025-10-08
CHD/HON,CHD,HON,tight_stop,825.3402106628009,0.1404731999805164,-0.7699583412087131,0.7698971956398811,36,1,2025-10-08
CSCO/PAYC,CSCO,PAYC,tight_stop,6951.989378627892,0.8836613008408315,-0.7699583412087131,0.9999754635178991,44,1,2025-10-08
TXT/YUM,TXT,YUM,flash_hold,-1758.683563282324,-0.3789735686514014,-0.7921792417397494,2.726492604494762e-14,104,1,2025-10-08
HAS/PFE,HAS,PFE,flash_hold,10.80840812799715,0.00142640640206863,-0.7921792417397494,0.019344721789035773,124,1,2025-10-08
DLR/PRU,DLR,PRU,flash_hold,-1219.329050068716,-0.19271634713719374,-0.7921792417397494,7.052002701409097e-08,104,1,2025-10-08
HRL/MKC,HRL,MKC,flash_hold,-2125.019766249878,-0.44505057992781394,-0.7921792417397494,8.279447768570801e-05,116,1,2025-10-08
PFG/YUM,PFG,YUM,flash_hold,-501.8180815904257,-0.09042384867110764,-0.7921792417397494,1.9554732138530756e-05,106,1,2025-10-08
CINF/FMC,CINF,FMC,flash_hold,982.0200889545198,0.13961042534458334,-0.7921792417397494,0.7381145086595795,120,1,2025-10-08
FSLR/RSG,FSLR,RSG,flash_hold,9492.768107320993,0.9243995647310711,-0.7921792417397494,0.9999999999974171,108,1,2025-10-08
AME/WMT,AME,WMT,flash_hold,-1811.070806288514,-0.3398320365560569,-0.7921792417397494,2.2025194966410543e-20,120,1,2025-10-08
AON/GEN,AON,GEN,flash_hold,-2987.544158617648,-0.4513087931055704,-0.7921792417397494,1.2278916327252727e-15,116,1,2025-10-08
DXCM/UDR,DXCM,UDR,flash_hold,2146.146452525823,0.28133090827048174,-0.7921792417397494,0.9998856446704016,134,1,2025-10-08
AON/MCK,AON,MCK,flash_hold,1366.478445340089,0.3512056829648432,-0.7921792417397494,0.9999636877710996,102,1,2025-10-08
CI/LVS,CI,LVS,flash_hold,1900.363362667567,0.18227540184816143,-0.7921792417397494,0.9477740138445602,138,1,2025-10-08
DVN/YUM,DVN,YUM,flash_hold,-5834.13557784827,-0.8402898815383524,-0.7921792417397494,4.064080798980621e-08,98,1,2025-10-08
CHD/HON,CHD,HON,flash_hold,4416.164286585417,0.933894683250414,-0.7921792417397494,0.9999999999927247,104,1,2025-10-08
CSCO/PAYC,CSCO,PAYC,flash_hold,-4834.849794118308,-0.8548852466210076,-0.7921792417397494,7.243091022304455e-23,112,1,2025-10-08
TXT/YUM,TXT,YUM,short_z_long_v,-12069.20780990898,-1.4130598813541215,-0.8052772249856329,6.164240465933232e-16,50,1,2025-10-08
HAS/PFE,HAS,PFE,short_z_long_v,-4568.521610826316,-0.3970124961778996,-0.8052772249856329,2.3396324268588455e-07,50,1,2025-10-08
DLR/PRU,DLR,PRU,short_z_long_v,-4892.837180541657,-0.5005995043926643,-0.8052772249856329,3.44924589668651e-06,44,1,2025-10-08
HRL/MKC,HRL,MKC,short_z_long_v,-269.1369460097285,-0.05704162006647767,-0.8052772249856329,0.0008988474559761704,44,1,2025-10-08
PFG/YUM,PFG,YUM,short_z_long_v,-421.7426766688069,-0.044132459524108616,-0.8052772249856329,0.0016241891611642907,44,1,2025-10-08
CINF/FMC,CINF,FMC,short_z_long_v,5901.926419217606,0.48797072334752445,-0.8052772249856329,0.9999998249774403,42,1,2025-10-08
FSLR/RSG,FSLR,RSG,short_z_long_v,5841.997614334561,0.3068898868270864,-0.8052772249856329,0.9540565999748788,62,1,2025-10-08
AME/WMT,AME,WMT,short_z_long_v,-9122.713412469571,-1.1296608881103205,-0.8052772249856329,2.568745516889243e-12,48,1,2025-10-08
AON/GEN,AON,GEN,short_z_long_v,4578.832971355524,0.5294162066739722,-0.8052772249856329,0.9999992735538039,56,1,2025-10-08
DXCM/UDR,DXCM,UDR,short_z_long_v,16360.96831049413,1.2662736855591983,-0.8052772249856329,0.999999999999257,62,1,2025-10-08
AON/MCK,AON,MCK,short_z_long_v,7592.887908700263,1.3081752668980644,-0.8052772249856329,0.9999999999999699,56,1,2025-10-08
CI/LVS,CI,LVS,short_z_long_v,-2191.174449404188,-0.1304733074287912,-0.8052772249856329,0.000320421234612735,58,1,2025-10-08
DVN/YUM,DVN,YUM,short_z_long_v,-7882.230386514118,-0.79190333674305,-0.8052772249856329,7.004274081149634e-24,66,1,2025-10-08
CHD/HON,CHD,HON,short_z_long_v,773.6552357233036,0.12848809343450013,-0.8052772249856329,0.6914159223715921,54,1,2025-10-08
CSCO/PAYC,CSCO,PAYC,short_z_long_v,-17624.36415389043,-1.088127875496161,-0.8052772249856329,5.615899631985117e-05,44,1,2025-10-08
TXT/YUM,TXT,YUM,default,-1544.519305884437,-0.2367283362343873,-0.8055691450040561,7.778096711154149e-11,48,1,2025-10-08
HAS/PFE,HAS,PFE,default,-20055.19006182986,-1.7004020143687901,-0.8055691450040561,2.4421929175626504e-08,56,1,2025-10-08
DLR/PRU,DLR,PRU,default,-8067.875584846105,-1.031736306333556,-0.8055691450040561,3.6533254160294164e-12,32,1,2025-10-08
HRL/MKC,HRL,MKC,default,1834.789229174567,0.42018505088976044,-0.8055691450040561,0.9999834581491706,44,1,2025-10-08
PFG/YUM,PFG,YUM,default,7492.490763841808,0.7419815392872571,-0.8055691450040561,0.9999012990393854,46,1,2025-10-08
CINF/FMC,CINF,FMC,default,6177.330032545829,0.5092711947744955,-0.8055691450040561,0.9999999874697604,42,1,2025-10-08
FSLR/RSG,FSLR,RSG,default,10619.21360178048,0.4742133216152705,-0.8055691450040561,0.998168907529157,52,1,2025-10-08
AME/WMT,AME,WMT,default,-7473.60054599837,-0.9920349094857767,-0.8055691450040561,8.148536310271266e-11,42,1,2025-10-08
AON/GEN,AON,GEN,default,5293.914348933548,0.6923090806141783,-0.8055691450040561,0.9999999208854577,44,1,2025-10-08
DXCM/UDR,DXCM,UDR,default,8619.15759538826,0.574809269817102,-0.8055691450040561,0.999999744929559,52,1,2025-10-08
AON/MCK,AON,MCK,default,1000.05095347806,0.18567664709283507,-0.8055691450040561,0.9050121124150529,44,1,2025-10-08
CI/LVS,CI,LVS,default,-6200.791991449184,-0.5019027869780749,-0.8055691450040561,1.6480169170012282e-12,50,1,2025-10-08
DVN/YUM,DVN,YUM,default,-15616.06599960166,-2.1189513920136585,-0.8055691450040561,1.8699782132960244e-20,40,1,2025-10-08
CHD/HON,CHD,HON,default,971.3044288999572,0.16429014234353811,-0.8055691450040561,0.8910598034138254,36,1,2025-10-08
CSCO/PAYC,CSCO,PAYC,default,3929.828955753069,0.44603140111030704,-0.8055691450040561,0.9999863299197527,48,1,2025-10-08
TXT/YUM,TXT,YUM,balanced_plus,-2875.868127347267,-0.36719837542200207,-0.8636848925240027,2.2755243741307956e-19,56,1,2025-10-08
HAS/PFE,HAS,PFE,balanced_plus,-7981.392858905899,-0.6703685436089794,-0.8636848925240027,6.416448552076248e-12,54,1,2025-10-08
DLR/PRU,DLR,PRU,balanced_plus,-9892.419852663,-0.9373302852716123,-0.8636848925240027,4.544685693138538e-11,50,1,2025-10-08
HRL/MKC,HRL,MKC,balanced_plus,-480.6528080179789,-0.09179405885136563,-0.8636848925240027,6.67576523552859e-05,44,1,2025-10-08
PFG/YUM,PFG,YUM,balanced_plus,11430.55922290081,1.3375792476599022,-0.8636848925240027,0.9999999997076652,42,1,2025-10-08
CINF/FMC,CINF,FMC,balanced_plus,-1801.235412327063,-0.17223723698533924,-0.8636848925240027,1.4819932156574854e-06,42,1,2025-10-08
FSLR/RSG,FSLR,RSG,balanced_plus,7951.139251439185,0.3811741191378302,-0.8636848925240027,0.9875398469735048,48,1,2025-10-08
AME/WMT,AME,WMT,balanced_plus,-3494.277651302503,-0.43350110751016924,-0.8636848925240027,2.326293800106354e-19,52,1,2025-10-08
AON/GEN,AON,GEN,balanced_plus,3382.819660877029,0.4167005570275156,-0.8636848925240027,0.9999872705018991,42,1,2025-10-08
DXCM/UDR,DXCM,UDR,balanced_plus,9375.222338901345,0.707843738814305,-0.8636848925240027,0.9999990406743673,38,1,2025-10-08
AON/MCK,AON,MCK,balanced_plus,740.2825891140249,0.14418750479195033,-0.8636848925240027,0.7412623994184799,50,1,2025-10-08
CI/LVS,CI,LVS,balanced_plus,834.5042926853948,0.06726784870372682,-0.8636848925240027,0.18263094249432527,54,1,2025-10-08
DVN/YUM,DVN,YUM,balanced_plus,-10625.92409202261,-1.4425262659164357,-0.8636848925240027,8.93412770295085e-18,44,1,2025-10-08
CHD/HON,CHD,HON,balanced_plus,1803.083603986828,0.25829741369496134,-0.8636848925240027,0.9992926210609345,54,1,2025-10-08
CSCO/PAYC,CSCO,PAYC,balanced_plus,-14980.3594972739,-0.9191273716860889,-0.8636848925240027,3.6317791468340985e-05,52,1,2025-10-08
TXT/YUM,TXT,YUM,high_vol_specialist,-8058.168218610592,-0.9744043306792567,-0.9731127628421344,1.146931046576075e-19,36,1,2025-10-08
HAS/PFE,HAS,PFE,high_vol_specialist,-2578.39720583258,-0.21054839775880463,-0.9731127628421344,1.615775372172582e-14,44,1,2025-10-08
DLR/PRU,DLR,PRU,high_vol_specialist,-6434.819488271845,-0.8848920048719555,-0.9731127628421344,1.4359161786734954e-13,22,1,2025-10-08
HRL/MKC,HRL,MKC,high_vol_specialist,6666.665063177579,1.2564210863136773,-0.9731127628421344,1.0,30,1,2025-10-08
PFG/YUM,PFG,YUM,high_vol_specialist,10623.02567502773,1.1574939027468412,-0.9731127628421344,0.9999999999748607,30,1,2025-10-08
CINF/FMC,CINF,FMC,high_vol_specialist,-4395.638376806157,-0.37516707847859154,-0.9731127628421344,1.878461138875205e-12,26,1,2025-10-08
FSLR/RSG,FSLR,RSG,high_vol_specialist,-13331.99255786429,-0.6885227470018153,-0.9731127628421344,3.4294527814572966e-08,42,1,2025-10-08
AME/WMT,AME,WMT,high_vol_specialist,-6461.472722098797,-0.7869839726990594,-0.9731127628421344,5.171797320280963e-14,38,1,2025-10-08
AON/GEN,AON,GEN,high_vol_specialist,3552.552371344837,0.3730415641649974,-0.9731127628421344,0.9979543528084638,28,1,2025-10-08
DXCM/UDR,DXCM,UDR,high_vol_specialist,792.0577939528403,0.05623323592188888,-0.9731127628421344,0.16846829099216004,46,1,2025-10-08
AON/MCK,AON,MCK,high_vol_specialist,11303.44740522153,2.1641044968080534,-0.9731127628421344,0.9999999999713893,40,1,2025-10-08
CI/LVS,CI,LVS,high_vol_specialist,-8600.051021288562,-0.48454764042033516,-0.9731127628421344,1.0778224222316885e-07,46,1,2025-10-08
DVN/YUM,DVN,YUM,high_vol_specialist,-19661.61557867403,-2.323262574604678,-0.9731127628421344,4.2686379724656585e-32,42,1,2025-10-08
CHD/HON,CHD,HON,high_vol_specialist,4397.262274495746,0.71482562260065,-0.9731127628421344,0.9999334501836764,34,1,2025-10-08
CSCO/PAYC,CSCO,PAYC,high_vol_specialist,9069.834493153332,1.0718713150055323,-0.9731127628421344,0.9999918118266046,34,1,2025-10-08
TXT/YUM,TXT,YUM,deep_entry_quick_exit,-2275.018110082689,-0.42201425729494074,-1.0557779925909565,1.2158686468273877e-13,26,1,2025-10-08
HAS/PFE,HAS,PFE,deep_entry_quick_exit,7435.48499263333,1.175562515922012,-1.0557779925909565,0.9997746171837334,26,1,2025-10-08
DLR/PRU,DLR,PRU,deep_entry_quick_exit,-1299.98825463664,-0.2666453560455746,-1.0557779925909565,0.00011728211382341332,22,1,2025-10-08
HRL/MKC,HRL,MKC,deep_entry_quick_exit,2002.31819012739,0.578315944743945,-1.0557779925909565,0.999999999878277,18,1,2025-10-08
PFG/YUM,PFG,YUM,deep_entry_quick_exit,5362.913759573705,0.8240569854024297,-1.0557779925909565,0.9999994944302554,22,1,2025-10-08
CINF/FMC,CINF,FMC,deep_entry_quick_exit,-7005.331218099443,-0.9389668446161548,-1.0557779925909565,8.469855590136997e-15,26,1,2025-10-08
FSLR/RSG,FSLR,RSG,deep_entry_quick_exit,-10272.98621704169,-0.5476598968267419,-1.0557779925909565,9.194584668771081e-08,24,1,2025-10-08
AME/WMT,AME,WMT,deep_entry_quick_exit,-1906.337599441398,-0.47801493667590794,-1.0557779925909565,2.441984642811008e-07,14,1,2025-10-08
AON/GEN,AON,GEN,deep_entry_quick_exit,472.5515654026677,0.10775528206196325,-1.0557779925909565,0.49599478745390596,22,1,2025-10-08
DXCM/UDR,DXCM,UDR,deep_entry_quick_exit,-3789.854066316417,-0.7369535514066611,-1.0557779925909565,4.3434383147342224e-16,22,1,2025-10-08
AON/MCK,AON,MCK,deep_entry_quick_exit,3626.902192574033,0.8374888819272053,-1.0557779925909565,0.9999567366748852,18,1,2025-10-08
CI/LVS,CI,LVS,deep_entry_quick_exit,-3221.141937673883,-0.5812118041402645,-1.0557779925909565,7.708992530435433e-08,16,1,2025-10-08
DVN/YUM,DVN,YUM,deep_entry_quick_exit,-10377.80101475704,-1.8876965173017026,-1.0557779925909565,4.1293733071535533e-10,20,1,2025-10-08
CHD/HON,CHD,HON,deep_entry_quick_exit,6241.724015603686,1.1654296082519147,-1.0557779925909565,0.9987878217529124,14,1,2025-10-08
CSCO/PAYC,CSCO,PAYC,deep_entry_quick_exit,6533.999755457112,0.9483800261772347,-1.0557779925909565,0.9985185795447132,18,1,2025-10-08
TXT/YUM,TXT,YUM,symmetric_exit,115.8792885288008,0.020880705828381127,-1.0934800684374058,0.04597512808099998,36,1,2025-10-08
HAS/PFE,HAS,PFE,symmetric_exit,-12738.91041913417,-1.1334331775139728,-1.0934800684374058,6.19488327698385e-08,44,1,2025-10-08
DLR/PRU,DLR,PRU,symmetric_exit,-4365.093852127785,-0.7664905029684091,-1.0934800684374058,2.915377392690425e-06,26,1,2025-10-08
HRL/MKC,HRL,MKC,symmetric_exit,746.9473893132699,0.23187715181579363,-1.0934800684374058,0.9858482920263902,32,1,2025-10-08
PFG/YUM,PFG,YUM,symmetric_exit,-688.4314877864574,-0.07943397720649145,-1.0934800684374058,4.0706879077846486e-05,36,1,2025-10-08
CINF/FMC,CINF,FMC,symmetric_exit,-3576.896284566846,-0.3624564791889905,-1.0934800684374058,1.1139148119769243e-07,38,1,2025-10-08
FSLR/RSG,FSLR,RSG,symmetric_exit,9356.376079250043,0.45269419609289596,-1.0934800684374058,0.9931364533733116,38,1,2025-10-08
AME/WMT,AME,WMT,symmetric_exit,-3090.30275941159,-0.5376997398483434,-1.0934800684374058,2.0338845138794734e-15,32,1,2025-10-08
AON/GEN,AON,GEN,symmetric_exit,911.0426631635053,0.13436885570780707,-1.0934800684374058,0.6911195347919525,40,1,2025-10-08
DXCM/UDR,DXCM,UDR,symmetric_exit,10081.86661300632,1.0372395291043133,-1.0934800684374058,0.9999999999894713,44,1,2025-10-08
AON/MCK,AON,MCK,symmetric_exit,-272.7629875689738,-0.05775059109222616,-1.0934800684374058,0.00043511588665051914,40,1,2025-10-08
CI/LVS,CI,LVS,symmetric_exit,-4414.238771925285,-0.4165052336620099,-1.0934800684374058,1.3534054910011273e-09,40,1,2025-10-08
DVN/YUM,DVN,YUM,symmetric_exit,-18996.19930433706,-3.0032355661548253,-1.0934800684374058,1.23868956035047e-16,28,1,2025-10-08
CHD/HON,CHD,HON,symmetric_exit,4252.608268192135,0.847767478407303,-1.0934800684374058,0.9973071039121194,24,1,2025-10-08
CSCO/PAYC,CSCO,PAYC,symmetric_exit,6918.456371435219,0.9015384329517554,-1.0934800684374058,0.9998588716550357,32,1,2025-10-08
TXT/YUM,TXT,YUM,patient_hold,-5156.316558612038,-0.828284907293896,-1.1608329376156488,5.74878475328747e-17,34,1,2025-10-08
HAS/PFE,HAS,PFE,patient_hold,-8556.106198942096,-0.815608665137851,-1.1608329376156488,2.5073542578623717e-07,32,1,2025-10-08
DLR/PRU,DLR,PRU,patient_hold,-2586.231652771408,-0.43075251404850434,-1.1608329376156488,4.99986460998553e-08,22,1,2025-10-08
HRL/MKC,HRL,MKC,patient_hold,-449.4173224927185,-0.11074993039964157,-1.1608329376156488,9.181590703462508e-05,22,1,2025-10-08
PFG/YUM,PFG,YUM,patient_hold,9907.530019517519,1.2743127059570853,-1.1608329376156488,0.9999999445395384,32,1,2025-10-08
CINF/FMC,CINF,FMC,patient_hold,2150.321957405285,0.20245531206718687,-1.1608329376156488,0.9755405552225368,24,1,2025-10-08
FSLR/RSG,FSLR,RSG,patient_hold,-8879.067981882998,-0.5274890082731389,-1.1608329376156488,1.539299512118702e-06,30,1,2025-10-08
AME/WMT,AME,WMT,patient_hold,-1521.399667715827,-0.24384142772629805,-1.1608329376156488,1.8089700078114888e-10,28,1,2025-10-08
AON/GEN,AON,GEN,patient_hold,-39.2514959882792,-0.005015822549731042,-1.1608329376156488,0.013131310266848632,32,1,2025-10-08
DXCM/UDR,DXCM,UDR,patient_hold,13035.14161054872,1.1307265155078847,-1.1608329376156488,1.0,32,1,2025-10-08
AON/MCK,AON,MCK,patient_hold,4577.841989012771,1.140214953435937,-1.1608329376156488,0.9999999257893428,42,1,2025-10-08
CI/LVS,CI,LVS,patient_hold,-12654.53528057118,-1.1642653522231605,-1.1608329376156488,1.874821193851418e-12,28,1,2025-10-08
DVN/YUM,DVN,YUM,patient_hold,-16639.65423154538,-2.4518272296962778,-1.1608329376156488,5.011497018882789e-21,24,1,2025-10-08
CHD/HON,CHD,HON,patient_hold,6928.472642557673,1.0916854648434537,-1.1608329376156488,0.9999856296049746,32,1,2025-10-08
CSCO/PAYC,CSCO,PAYC,patient_hold,-2312.156634027648,-0.1559798591197805,-1.1608329376156488,1.722947753109503e-12,24,1,2025-10-08
TXT/YUM,TXT,YUM,conservative_no_leverage,-3865.106428305481,-1.1099999177591378,-1.2882767424369517,6.609610748418673e-17,36,1,2025-10-08
HAS/PFE,HAS,PFE,conservative_no_leverage,-3106.728408109423,-0.4714926101922166,-1.2882767424369517,1.7011015062634795e-08,34,1,2025-10-08
DLR/PRU,DLR,PRU,conservative_no_leverage,-1334.08604271996,-0.4341588413371437,-1.2882767424369517,1.2247930665392587e-08,24,1,2025-10-08
HRL/MKC,HRL,MKC,conservative_no_leverage,1078.023283215426,0.5401905873304451,-1.2882767424369517,0.999999986083913,20,1,2025-10-08
PFG/YUM,PFG,YUM,conservative_no_leverage,2805.26648088109,0.7442541697297527,-1.2882767424369517,0.99999999946714,26,1,2025-10-08
CINF/FMC,CINF,FMC,conservative_no_leverage,-714.0668836597852,-0.12404389263466462,-1.2882767424369517,1.2275391750586518e-05,28,1,2025-10-08
FSLR/RSG,FSLR,RSG,conservative_no_leverage,-9392.200560201054,-1.0480213274048142,-1.2882767424369517,3.16172809544944e-05,28,1,2025-10-08
AME/WMT,AME,WMT,conservative_no_leverage,1821.566182182919,0.6338130847862613,-1.2882767424369517,0.9999988554851725,28,1,2025-10-08
AON/GEN,AON,GEN,conservative_no_leverage,4849.734723633235,1.029381829294326,-1.2882767424369517,0.9999894404541962,32,1,2025-10-08
DXCM/UDR,DXCM,UDR,conservative_no_leverage,6376.954690999037,1.044431308405819,-1.2882767424369517,1.0,30,1,2025-10-08
AON/MCK,AON,MCK,conservative_no_leverage,3360.20641604704,1.9043205795213811,-1.2882767424369517,0.9999999894441169,34,1,2025-10-08
CI/LVS,CI,LVS,conservative_no_leverage,-4453.398104653409,-0.6243393726785111,-1.2882767424369517,1.2457406169021564e-11,30,1,2025-10-08
DVN/YUM,DVN,YUM,conservative_no_leverage,-6934.289465583766,-1.9206187563822723,-1.2882767424369517,2.9086325429624e-19,20,1,2025-10-08
CHD/HON,CHD,HON,conservative_no_leverage,3576.921584882748,1.2242558672896409,-1.2882767424369517,0.9998321932005833,26,1,2025-10-08
CSCO/PAYC,CSCO,PAYC,conservative_no_leverage,4809.339625863907,1.219689631720731,-1.2882767424369517,0.9999492260446264,32,1,2025-10-08
TXT/YUM,TXT,YUM,no_leverage,-758.6833976234411,-0.23079145830233996,-1.3762804163520357,1.4564795401624588e-10,48,1,2025-10-08
HAS/PFE,HAS,PFE,no_leverage,-10049.56696126093,-1.69315804474963,-1.3762804163520357,2.8038743583658698e-08,56,1,2025-10-08
DLR/PRU,DLR,PRU,no_leverage,-4074.901820836709,-1.0352613405475795,-1.3762804163520357,2.6089815129994775e-12,32,1,2025-10-08
HRL/MKC,HRL,MKC,no_leverage,896.407872121069,0.4095581735881245,-1.3762804163520357,0.9999737556814995,44,1,2025-10-08
PFG/YUM,PFG,YUM,no_leverage,3822.915123586313,0.7518601992172396,-1.3762804163520357,0.9999128080276475,46,1,2025-10-08
CINF/FMC,CINF,FMC,no_leverage,3167.607376950996,0.5198405087664827,-1.3762804163520357,0.9999999926183143,42,1,2025-10-08
FSLR/RSG,FSLR,RSG,no_leverage,5306.997302444821,0.4720752020978762,-1.3762804163520357,0.998044759665526,52,1,2025-10-08
AME/WMT,AME,WMT,no_leverage,-3721.323493219565,-0.9864196608568235,-1.3762804163520357,5.711355528666715e-11,42,1,2025-10-08
AON/GEN,AON,GEN,no_leverage,2709.375637122892,0.7031397169809139,-1.3762804163520357,0.9999999396052701,44,1,2025-10-08
DXCM/UDR,DXCM,UDR,no_leverage,4264.29287241463,0.5646830012764439,-1.3762804163520357,0.9999996260762422,52,1,2025-10-08
AON/MCK,AON,MCK,no_leverage,501.2056177436002,0.186217620432557,-1.3762804163520357,0.9059895138164462,44,1,2025-10-08
CI/LVS,CI,LVS,no_leverage,-3085.505855439661,-0.4951197585314033,-1.3762804163520357,2.557822089915876e-12,50,1,2025-10-08
DVN/YUM,DVN,YUM,no_leverage,-7836.451179841637,-2.109639268395157,-1.3762804163520357,3.062285562491479e-20,40,1,2025-10-08
CHD/HON,CHD,HON,no_leverage,501.3780399567704,0.16856200904157403,-1.3762804163520357,0.9061874565463203,36,1,2025-10-08
CSCO/PAYC,CSCO,PAYC,no_leverage,1985.825639635466,0.4473804231784816,-1.3762804163520357,0.9999860592838588,48,1,2025-10-08
TXT/YUM,TXT,YUM,conservative,-408.7141965955248,-0.1908447710354289,-1.7335231285740471,6.101629344399828e-07,26,1,2025-10-08
HAS/PFE,HAS,PFE,conservative,2433.916479622634,0.7378356792035033,-1.7335231285740471,0.9995168788039982,32,1,2025-10-08
DLR/PRU,DLR,PRU,conservative,-266.7667949361917,-0.13232003283776583,-1.7335231285740471,0.0033049547680840184,18,1,2025-10-08
HRL/MKC,HRL,MKC,conservative,931.9796710740368,0.7094249756645358,-1.7335231285740471,0.9999961669731593,16,1,2025-10-08
PFG/YUM,PFG,YUM,conservative,3285.339645235535,1.2096693114145325,-1.7335231285740471,0.9995746922020685,14,1,2025-10-08
CINF/FMC,CINF,FMC,conservative,-4455.72647026904,-1.7458050618399021,-1.7335231285740471,5.74493234885251e-08,26,1,2025-10-08
FSLR/RSG,FSLR,RSG,conservative,-5783.899643510744,-0.6782557630287267,-1.7335231285740471,2.0625393823086653e-05,22,1,2025-10-08
AME/WMT,AME,WMT,conservative,1749.750949320483,0.8258722608727074,-1.7335231285740471,0.9999999983618826,22,1,2025-10-08
AON/GEN,AON,GEN,conservative,4081.011106739331,2.1600016478931194,-1.7335231285740471,0.9999999999999287,26,1,2025-10-08
DXCM/UDR,DXCM,UDR,conservative,2019.881234316589,0.6634398150643551,-1.7335231285740471,0.9999264124981526,20,1,2025-10-08
AON/MCK,AON,MCK,conservative,2597.595808799487,1.6445712174116898,-1.7335231285740471,0.9999998881415548,26,1,2025-10-08
CI/LVS,CI,LVS,conservative,-4530.303187443982,-1.4108889323885858,-1.7335231285740471,2.1178821060965947e-07,18,1,2025-10-08
DVN/YUM,DVN,YUM,conservative,-5315.035452428834,-1.9126399965723506,-1.7335231285740471,1.8665102436346184e-10,20,1,2025-10-08
CHD/HON,CHD,HON,conservative,3937.706334619365,1.3721410098963271,-1.7335231285740471,0.9996457571141999,22,1,2025-10-08
CSCO/PAYC,CSCO,PAYC,conservative,-2106.921724368381,-0.2907953334949398,-1.7335231285740471,9.369246129702587e-07,18,1,2025-10-08
TXT/YUM,TXT,YUM,static_threshold,-1455.189153578252,-0.12495875662513176,0.86214494821526,4.217707736158334e-06,86,2,2025-11-12
HAS/PFE,HAS,PFE,static_threshold,8878.278221740295,0.5504398657121856,0.86214494821526,0.9999613429683956,88,2,2025-11-12
DLR/PRU,DLR,PRU,static_threshold,-691.7870114760435,-0.07252380778876318,0.86214494821526,0.0014258930471289398,78,2,2025-11-12
HRL/MKC,HRL,MKC,static_threshold,8502.29876335492,1.045979009140192,0.86214494821526,0.9999999999999998,88,2,2025-11-12
PFG/YUM,PFG,YUM,static_threshold,1710.342603016917,0.13866787393066954,0.86214494821526,0.7239984826918262,78,2,2025-11-12
CINF/FMC,CINF,FMC,static_threshold,5169.018021254818,0.32672991586207195,0.86214494821526,0.999986683534029,82,2,2025-11-12
FSLR/RSG,FSLR,RSG,static_threshold,21248.4634685683,0.8664030983279614,0.86214494821526,0.9999999999999771,86,2,2025-11-12
AME/WMT,AME,WMT,static_threshold,-8539.500807749278,-0.6842462249377254,0.86214494821526,2.71400910207351e-29,84,2,2025-11-12
AON/GEN,AON,GEN,static_threshold,9898.665107010613,0.8200347665438045,0.86214494821526,0.9999999975683572,80,2,2025-11-12
DXCM/UDR,DXCM,UDR,static_threshold,23450.8378477515,1.2705845454649127,0.86214494821526,1.0,90,2,2025-11-12
AON/MCK,AON,MCK,static_threshold,10357.50689264038,1.3725022043507085,0.86214494821526,0.9999999999999999,90,2,2025-11-12
CI/LVS,CI,LVS,static_threshold,-5442.185109920947,-0.2630096989140243,0.86214494821526,3.0489546923515854e-07,88,2,2025-11-12
DVN/YUM,DVN,YUM,static_threshold,-14070.22950979265,-1.0927513598375305,0.86214494821526,4.0922480964112646e-39,84,2,2025-11-12
CHD/HON,CHD,HON,static_threshold,14479.14930423339,1.3728942488889826,0.86214494821526,0.9999999999999782,90,2,2025-11-12
CSCO/PAYC,CSCO,PAYC,static_threshold,8055.485735292088,0.6688280804387838,0.86214494821526,0.9999999947666022,86,2,2025-11-12
TXT/YUM,TXT,YUM,fast_signal,-353.9518442145088,-0.039284219726227435,0.4022391713920041,0.0016713375463800104,62,2,2025-11-12
HAS/PFE,HAS,PFE,fast_signal,8533.38636409098,0.5661425037877867,0.4022391713920041,0.9999999970631395,62,2,2025-11-12
DLR/PRU,DLR,PRU,fast_signal,-2861.355561710677,-0.248077106244013,0.4022391713920041,1.4137891976431608e-14,74,2,2025-11-12
HRL/MKC,HRL,MKC,fast_signal,129.6661007038097,0.021453208614751897,0.4022391713920041,0.04759259511827603,68,2,2025-11-12
PFG/YUM,PFG,YUM,fast_signal,10919.45053487945,1.175125101634944,0.4022391713920041,0.9999999999648936,64,2,2025-11-12
CINF/FMC,CINF,FMC,fast_signal,-1465.284231097121,-0.11632330974666144,0.4022391713920041,2.9456710332303334e-05,70,2,2025-11-12
FSLR/RSG,FSLR,RSG,fast_signal,22991.5430932184,0.9245480313409382,0.4022391713920041,0.9999808309824139,68,2,2025-11-12
AME/WMT,AME,WMT,fast_signal,-9981.175532061072,-1.0446417517974533,0.4022391713920041,1.6961952766306645e-18,80,2,2025-11-12
AON/GEN,AON,GEN,fast_signal,5734.948040459632,0.5999190717313917,0.4022391713920041,0.9995208817687121,66,2,2025-11-12
DXCM/UDR,DXCM,UDR,fast_signal,23912.17941099052,1.3256632452221206,0.4022391713920041,0.9999999999998646,60,2,2025-11-12
AON/MCK,AON,MCK,fast_signal,4786.706900166162,0.8396156414244823,0.4022391713920041,0.9999999999999939,62,2,2025-11-12
CI/LVS,CI,LVS,fast_signal,-3569.356572089712,-0.21509071210031117,0.4022391713920041,8.132019429699313e-05,80,2,2025-11-12
DVN/YUM,DVN,YUM,fast_signal,-11247.91164549206,-1.101869112684493,0.4022391713920041,1.2154464154235781e-20,50,2,2025-11-12
CHD/HON,CHD,HON,fast_signal,55.44604737386953,0.007884499369142905,0.4022391713920041,0.024131748811650356,80,2,2025-11-12
CSCO/PAYC,CSCO,PAYC,fast_signal,378.572469273611,0.03489636899744697,0.4022391713920041,0.087166673802965,72,2,2025-11-12
TXT/YUM,TXT,YUM,low_entry,3262.560695220299,0.3413809902360358,0.2620342455333053,0.9999825891289571,84,2,2025-11-12
HAS/PFE,HAS,PFE,low_entry,366.7977616672615,0.020196413066991076,0.2620342455333053,0.04486339868948596,96,2,2025-11-12
DLR/PRU,DLR,PRU,low_entry,-5095.816408876504,-0.3725953322842512,0.2620342455333053,2.1733442160376912e-12,92,2,2025-11-12
HRL/MKC,HRL,MKC,low_entry,3613.734356631388,0.443426982620281,0.2620342455333053,0.9999999603321744,82,2,2025-11-12
PFG/YUM,PFG,YUM,low_entry,11572.8522524392,1.0756997716759562,0.2620342455333053,1.0,86,2,2025-11-12
CINF/FMC,CINF,FMC,low_entry,9178.376413164502,0.2917301970611981,0.2620342455333053,0.9921876503946994,94,2,2025-11-12
FSLR/RSG,FSLR,RSG,low_entry,17664.49345358192,0.6970888389833361,0.2620342455333053,0.9999724735467,102,2,2025-11-12
AME/WMT,AME,WMT,low_entry,-6152.590345526576,-0.5300143240037161,0.2620342455333053,1.26197682529457e-31,94,2,2025-11-12
AON/GEN,AON,GEN,low_entry,11411.27524625352,0.9662534453591255,0.2620342455333053,0.9999999987579303,80,2,2025-11-12
DXCM/UDR,DXCM,UDR,low_entry,5170.434315768782,0.2779583059996445,0.2620342455333053,0.9999926985843935,90,2,2025-11-12
AON/MCK,AON,MCK,low_entry,-5074.191113893273,-0.4774302733770907,0.2620342455333053,1.0132533335071698e-13,88,2,2025-11-12
CI/LVS,CI,LVS,low_entry,-6541.508492927243,-0.32249164149712,0.2620342455333053,4.3283923983129646e-08,110,2,2025-11-12
DVN/YUM,DVN,YUM,low_entry,3781.534920010145,0.24401284038167192,0.2620342455333053,0.9996896989481787,90,2,2025-11-12
CHD/HON,CHD,HON,low_entry,8270.41982439298,0.8089912612055828,0.2620342455333053,0.9999999999992908,82,2,2025-11-12
CSCO/PAYC,CSCO,PAYC,low_entry,-8527.048501212346,-0.6635550507922975,0.2620342455333053,7.202212924643858e-13,92,2,2025-11-12
TXT/YUM,TXT,YUM,vol_agnostic,-8076.96036931975,-0.7215210224995701,0.2480457244206974,3.9291269430022954e-27,84,2,2025-11-12
HAS/PFE,HAS,PFE,vol_agnostic,-781.5384596566137,-0.05353963345486352,0.2480457244206974,0.0002581838784220721,82,2,2025-11-12
DLR/PRU,DLR,PRU,vol_agnostic,-6221.31113764781,-0.47071267724302024,0.2480457244206974,1.4245962966338496e-12,70,2,2025-11-12
HRL/MKC,HRL,MKC,vol_agnostic,6499.730206124756,0.8013705360589937,0.2480457244206974,0.9999999999999984,74,2,2025-11-12
PFG/YUM,PFG,YUM,vol_agnostic,6115.684410934726,0.4958932404338985,0.2480457244206974,0.9999739124140385,88,2,2025-11-12
CINF/FMC,CINF,FMC,vol_agnostic,23602.73235690062,0.7017150625705302,0.2480457244206974,0.9971217765339044,64,2,2025-11-12
FSLR/RSG,FSLR,RSG,vol_agnostic,24629.07755966402,0.9962033255679507,0.2480457244206974,1.0,94,2,2025-11-12
AME/WMT,AME,WMT,vol_agnostic,-10027.67227978676,-0.8060998553619334,0.2480457244206974,8.65226251777026e-33,84,2,2025-11-12
AON/GEN,AON,GEN,vol_agnostic,18088.48993245775,1.4769520987094358,0.2480457244206974,0.9999999999992353,62,2,2025-11-12
DXCM/UDR,DXCM,UDR,vol_agnostic,7434.898612648993,0.3816304089402872,0.2480457244206974,0.9999989457402826,74,2,2025-11-12
AON/MCK,AON,MCK,vol_agnostic,1637.683058767001,0.19328762276152908,0.2480457244206974,0.9350247093766862,88,2,2025-11-12
CI/LVS,CI,LVS,vol_agnostic,-9813.528737271346,-0.4802008262188648,0.2480457244206974,5.302378891413926e-10,84,2,2025-11-12
DVN/YUM,DVN,YUM,vol_agnostic,-24912.94620171705,-1.7402700022551747,0.2480457244206974,1.2534533085906566e-20,84,2,2025-11-12
CHD/HON,CHD,HON,vol_agnostic,8055.592492150659,0.7467041497420561,0.2480457244206974,0.9999999999994053,92,2,2025-11-12
CSCO/PAYC,CSCO,PAYC,vol_agnostic,6585.332515474267,0.5320331831134876,0.2480457244206974,0.9999999959258022,94,2,2025-11-12
TXT/YUM,TXT,YUM,fast_signal_tight_stop,-2178.320746388477,-0.28041204200836,0.234584878366217,1.4998536737645247e-16,58,2,2025-11-12
HAS/PFE,HAS,PFE,fast_signal_tight_stop,17143.44292869155,1.2164016368741737,0.234584878366217,0.9999999031938386,62,2,2025-11-12
DLR/PRU,DLR,PRU,fast_signal_tight_stop,-2918.302364504092,-0.2799006606768947,0.234584878366217,1.614828100559735e-14,58,2,2025-11-12
HRL/MKC,HRL,MKC,fast_signal_tight_stop,219.8358145712069,0.0392235378592153,0.234584878366217,0.09524629446149191,56,2,2025-11-12
PFG/YUM,PFG,YUM,fast_signal_tight_stop,11812.62533381276,1.2677314688172134,0.234584878366217,0.9999999999445438,66,2,2025-11-12
CINF/FMC,CINF,FMC,fast_signal_tight_stop,-8897.896994720704,-0.8893321260459759,0.234584878366217,1.847102454979604e-21,54,2,2025-11-12
FSLR/RSG,FSLR,RSG,fast_signal_tight_stop,16001.4919334883,0.6556284084311719,0.234584878366217,0.9997750174690051,68,2,2025-11-12
AME/WMT,AME,WMT,fast_signal_tight_stop,-6840.410869250518,-0.7570835300590624,0.234584878366217,2.949141681041206e-18,72,2,2025-11-12
AON/GEN,AON,GEN,fast_signal_tight_stop,5069.90750779177,0.6736113469300626,0.234584878366217,0.999999999978049,64,2,2025-11-12
DXCM/UDR,DXCM,UDR,fast_signal_tight_stop,22365.13463105837,1.5885636794452516,0.234584878366217,0.9999999999340999,56,2,2025-11-12
AON/MCK,AON,MCK,fast_signal_tight_stop,4268.788934360075,0.7422117217088228,0.234584878366217,0.9999999999999475,60,2,2025-11-12
CI/LVS,CI,LVS,fast_signal_tight_stop,434.9818937324344,0.02769680974150438,0.234584878366217,0.04549560056432645,68,2,2025-11-12
DVN/YUM,DVN,YUM,fast_signal_tight_stop,-10396.50636722077,-1.0841953168237313,0.234584878366217,1.14799828886902e-17,52,2,2025-11-12
CHD/HON,CHD,HON,fast_signal_tight_stop,-429.9667429527192,-0.060845004779948475,0.234584878366217,0.0022779157105835704,66,2,2025-11-12
CSCO/PAYC,CSCO,PAYC,fast_signal_tight_stop,-7953.830807802879,-0.7756851463457686,0.234584878366217,4.627663131295548e-16,60,2,2025-11-12
TXT/YUM,TXT,YUM,aggressive,626.0136905964074,0.0406603750965996,0.2263757919874463,0.1008759459638281,92,2,2025-11-12
HAS/PFE,HAS,PFE,aggressive,568.9746756045934,0.022182286055229428,0.2263757919874463,0.0508212875058255,92,2,2025-11-12
DLR/PRU,DLR,PRU,aggressive,-15418.56356344475,-0.7704857602907691,0.2263757919874463,7.829690857708038e-13,90,2,2025-11-12
HRL/MKC,HRL,MKC,aggressive,15036.90454116508,0.9351891848620562,0.2263757919874463,0.9999995014527906,90,2,2025-11-12
PFG/YUM,PFG,YUM,aggressive,6873.909315540346,0.39864906996616134,0.2263757919874463,0.9996152760541123,82,2,2025-11-12
CINF/FMC,CINF,FMC,aggressive,10214.98327405939,0.21285159706098883,0.2263757919874463,0.9910514017481313,72,2,2025-11-12
FSLR/RSG,FSLR,RSG,aggressive,32753.60780837191,0.7924202052487793,0.2263757919874463,0.9999997780586664,100,2,2025-11-12
AME/WMT,AME,WMT,aggressive,-604.4549632822464,-0.035126228685376064,0.2263757919874463,0.0017309766490632465,98,2,2025-11-12
AON/GEN,AON,GEN,aggressive,4904.397933334518,0.28222499268923323,0.2263757919874463,0.9962319920649395,70,2,2025-11-12
DXCM/UDR,DXCM,UDR,aggressive,6770.882130780914,0.2398732749486334,0.2263757919874463,0.9961759885688435,76,2,2025-11-12
AON/MCK,AON,MCK,aggressive,9072.740962899477,0.9442247474888225,0.2263757919874463,0.9999999999999996,78,2,2025-11-12
CI/LVS,CI,LVS,aggressive,-10999.89253359239,-0.3626400050176533,0.2263757919874463,1.4951697924531135e-08,96,2,2025-11-12
DVN/YUM,DVN,YUM,aggressive,-13117.45917246351,-0.7263965668163521,0.2263757919874463,5.4965085263226804e-21,86,2,2025-11-12
CHD/HON,CHD,HON,aggressive,3525.184407275159,0.2708333389364273,0.2263757919874463,0.9985314605389244,86,2,2025-11-12
CSCO/PAYC,CSCO,PAYC,aggressive,-5777.082852681408,-0.30411769511454356,0.2263757919874463,6.201505107472426e-10,86,2,2025-11-12
TXT/YUM,TXT,YUM,medium_signal_high_leverage,1726.665292792604,0.1451733471556763,0.2153898178267149,0.7813838380936189,46,2,2025-11-12
HAS/PFE,HAS,PFE,medium_signal_high_leverage,-3041.196783146364,-0.15308271073950094,0.2153898178267149,2.3172541499433163e-12,56,2,2025-11-12
DLR/PRU,DLR,PRU,medium_signal_high_leverage,-6449.178736893659,-0.37995443999734185,0.2153898178267149,2.957780304426056e-16,52,2,2025-11-12
HRL/MKC,HRL,MKC,medium_signal_high_leverage,9991.707624727662,0.9056682852647847,0.2153898178267149,0.9999999999993647,50,2,2025-11-12
PFG/YUM,PFG,YUM,medium_signal_high_leverage,15288.37044049375,1.0690412758942571,0.2153898178267149,0.9999999999940368,52,2,2025-11-12
CINF/FMC,CINF,FMC,medium_signal_high_leverage,-7740.445230686619,-0.3741072757121926,0.2153898178267149,4.401643294113778e-11,50,2,2025-11-12
FSLR/RSG,FSLR,RSG,medium_signal_high_leverage,6138.933093695562,0.1734236532459469,0.2153898178267149,0.8324067721400115,60,2,2025-11-12
AME/WMT,AME,WMT,medium_signal_high_leverage,-5099.79357277529,-0.33117595981472775,0.2153898178267149,8.614814507237918e-21,56,2,2025-11-12
AON/GEN,AON,GEN,medium_signal_high_leverage,11546.74490841445,0.6891590329393877,0.2153898178267149,0.9999996386482818,44,2,2025-11-12
DXCM/UDR,DXCM,UDR,medium_signal_high_leverage,17043.36572828716,0.7059753327240004,0.2153898178267149,0.9999999984950902,48,2,2025-11-12
AON/MCK,AON,MCK,medium_signal_high_leverage,2586.437996647923,0.3188199654751092,0.2153898178267149,0.999258997188105,52,2,2025-11-12
CI/LVS,CI,LVS,medium_signal_high_leverage,-6565.686360706669,-0.23445224862754332,0.2153898178267149,1.1764821870524681e-05,50,2,2025-11-12
DVN/YUM,DVN,YUM,medium_signal_high_leverage,-19248.31850953565,-1.552452646372442,0.2153898178267149,3.165555190917695e-21,46,2,2025-11-12
CHD/HON,CHD,HON,medium_signal_high_leverage,11732.58318507281,0.9359983123224922,0.2153898178267149,0.9999999993025893,60,2,2025-11-12
CSCO/PAYC,CSCO,PAYC,medium_signal_high_leverage,12926.95498997189,0.8417028876012267,0.2153898178267149,0.9999998749157875,48,2,2025-11-12
TXT/YUM,TXT,YUM,low_vol_specialist,-8030.096549958469,-0.6841505404058265,0.159886767703587,4.59202779107844e-24,106,2,2025-11-12
HAS/PFE,HAS,PFE,low_vol_specialist,18690.81228940712,1.3424638755880982,0.159886767703587,0.9999999979317523,96,2,2025-11-12
DLR/PRU,DLR,PRU,low_vol_specialist,12.42261426825553,0.0012515041871067128,0.159886767703587,0.019146489446783682,106,2,2025-11-12
HRL/MKC,HRL,MKC,low_vol_specialist,14129.21924514168,1.4042045447378546,0.159886767703587,0.9999741431050473,88,2,2025-11-12
PFG/YUM,PFG,YUM,low_vol_specialist,-2643.373399014979,-0.2363027333049683,0.159886767703587,1.1217020483723026e-07,86,2,2025-11-12
CINF/FMC,CINF,FMC,low_vol_specialist,-4306.619973477815,-0.29613123270565184,0.159886767703587,9.2822253674413e-10,106,2,2025-11-12
FSLR/RSG,FSLR,RSG,low_vol_specialist,20011.36098848189,0.7271107444371462,0.159886767703587,0.9999975453793561,108,2,2025-11-12
AME/WMT,AME,WMT,low_vol_specialist,-785.382511964307,-0.08341309237196881,0.159886767703587,3.6016446788879794e-05,104,2,2025-11-12
AON/GEN,AON,GEN,low_vol_specialist,12518.24741715947,1.130746429786114,0.159886767703587,0.9999999999999785,98,2,2025-11-12
DXCM/UDR,DXCM,UDR,low_vol_specialist,-2708.334169092504,-0.1474574654026557,0.159886767703587,4.988863484011433e-06,112,2,2025-11-12
AON/MCK,AON,MCK,low_vol_specialist,-835.5526039923388,-0.11463027866481526,0.159886767703587,2.399924891877242e-06,96,2,2025-11-12
CI/LVS,CI,LVS,low_vol_specialist,5468.596656856736,0.2796877916665826,0.159886767703587,0.9999435909638744,108,2,2025-11-12
DVN/YUM,DVN,YUM,low_vol_specialist,-2118.405903968802,-0.1655093208181302,0.159886767703587,4.1269233177389833e-07,86,2,2025-11-12
CHD/HON,CHD,HON,low_vol_specialist,-6203.366943048132,-0.7293907739534888,0.159886767703587,1.8358726941435543e-19,82,2,2025-11-12
CSCO/PAYC,CSCO,PAYC,low_vol_specialist,-8210.658919755617,-0.684672881107994,0.159886767703587,1.2218351494839672e-30,114,2,2025-11-12
TXT/YUM,TXT,YUM,stable_signal_quick_exit,7401.928703741017,0.9770151436725504,0.0581748116386192,0.9999999999999999,46,2,2025-11-12
HAS/PFE,HAS,PFE,stable_signal_quick_exit,-4336.257613307092,-0.3143972381987686,0.0581748116386192,7.633449909210481e-07,44,2,2025-11-12
DLR/PRU,DLR,PRU,stable_signal_quick_exit,-3932.713478509404,-0.40294246737268663,0.0581748116386192,2.1721462346550194e-11,42,2,2025-11-12
HRL/MKC,HRL,MKC,stable_signal_quick_exit,5134.827445636707,0.8122218381746288,0.0581748116386192,0.9999999969497905,44,2,2025-11-12
PFG/YUM,PFG,YUM,stable_signal_quick_exit,12387.06284368796,1.4045903763741,0.0581748116386192,0.9999999999952045,40,2,2025-11-12
CINF/FMC,CINF,FMC,stable_signal_quick_exit,4196.078588465671,0.33226621262100386,0.0581748116386192,0.9999615232737715,48,2,2025-11-12
FSLR/RSG,FSLR,RSG,stable_signal_quick_exit,3565.538143352933,0.14016233165974365,0.0581748116386192,0.7097658460314447,58,2,2025-11-12
AME/WMT,AME,WMT,stable_signal_quick_exit,1066.3463958455,0.11449939900745751,0.0581748116386192,0.5640579806680235,46,2,2025-11-12
AON/GEN,AON,GEN,stable_signal_quick_exit,-2885.975245174216,-0.33767018815726696,0.0581748116386192,3.0515237220655546e-09,42,2,2025-11-12
DXCM/UDR,DXCM,UDR,stable_signal_quick_exit,-1877.270764408486,-0.1390004922440214,0.0581748116386192,7.689425606703366e-08,50,2,2025-11-12
AON/MCK,AON,MCK,stable_signal_quick_exit,1219.344094367926,0.24739292892746975,0.0581748116386192,0.9885721279287679,38,2,2025-11-12
CI/LVS,CI,LVS,stable_signal_quick_exit,-4457.634119045218,-0.38907239249298997,0.0581748116386192,5.761377451665135e-12,36,2,2025-11-12
DVN/YUM,DVN,YUM,stable_signal_quick_exit,-2280.430383217189,-0.1773092335610885,0.0581748116386192,0.00026738414722614703,44,2,2025-11-12
CHD/HON,CHD,HON,stable_signal_quick_exit,9665.235102868315,1.0417891576249136,0.0581748116386192,0.9999999961908501,48,2,2025-11-12
CSCO/PAYC,CSCO,PAYC,stable_signal_quick_exit,3872.502224491957,0.356631933796375,0.0581748116386192,0.9999426202616019,60,2,2025-11-12
TXT/YUM,TXT,YUM,long_z_short_v,-5376.949245061982,-0.636995829844214,0.0358088597691602,2.399212659553252e-22,44,2,2025-11-12
HAS/PFE,HAS,PFE,long_z_short_v,9619.878929453696,0.9670437564145227,0.0358088597691602,0.9999999990088635,38,2,2025-11-12
DLR/PRU,DLR,PRU,long_z_short_v,337.8279495918919,0.035316147193645994,0.0358088597691602,0.10331056992219739,46,2,2025-11-12
HRL/MKC,HRL,MKC,long_z_short_v,274.8709909883259,0.05110535319129037,0.0358088597691602,0.14132908054607807,34,2,2025-11-12
PFG/YUM,PFG,YUM,long_z_short_v,3694.625969082695,0.41443655932217205,0.0358088597691602,0.9999584944254585,50,2,2025-11-12
CINF/FMC,CINF,FMC,long_z_short_v,6534.095796981976,0.5117399388990935,0.0358088597691602,0.9999999999911302,54,2,2025-11-12
FSLR/RSG,FSLR,RSG,long_z_short_v,4548.349654120826,0.2327335476740125,0.0358088597691602,0.8849131713455114,44,2,2025-11-12
AME/WMT,AME,WMT,long_z_short_v,213.4246646239149,0.024870670078152222,0.0358088597691602,0.06025139294993561,44,2,2025-11-12
AON/GEN,AON,GEN,long_z_short_v,636.7388168617144,0.08589735255205852,0.0358088597691602,0.35868533089161414,40,2,2025-11-12
DXCM/UDR,DXCM,UDR,long_z_short_v,-1062.685782198048,-0.07839542214526517,0.0358088597691602,0.00012829152589722385,52,2,2025-11-12
AON/MCK,AON,MCK,long_z_short_v,498.0283068674871,0.09731856806603548,0.0358088597691602,0.4438222405028483,40,2,2025-11-12
CI/LVS,CI,LVS,long_z_short_v,1644.941684857809,0.10560865912883224,0.0358088597691602,0.5075037071627394,32,2,2025-11-12
DVN/YUM,DVN,YUM,long_z_short_v,-1477.242559336482,-0.1599707386237081,0.0358088597691602,1.7017794782026256e-06,38,2,2025-11-12
CHD/HON,CHD,HON,long_z_short_v,513.5665954272542,0.06314798326142346,0.0358088597691602,0.1852820779034356,46,2,2025-11-12
CSCO/PAYC,CSCO,PAYC,long_z_short_v,7070.537419417704,0.9068379090524997,0.0358088597691602,0.9999999999805343,48,2,2025-11-12
TXT/YUM,TXT,YUM,vol_adaptive,2369.44383897337,0.3232817247773043,0.0129962846284721,0.9997652531243015,58,2,2025-11-12
HAS/PFE,HAS,PFE,vol_adaptive,-8911.338093689397,-0.6771119444589162,0.0129962846284721,1.6434829610272484e-14,62,2,2025-11-12
DLR/PRU,DLR,PRU,vol_adaptive,-11824.49393872164,-1.094454769958913,0.0129962846284721,3.396738617763693e-10,62,2,2025-11-12
HRL/MKC,HRL,MKC,vol_adaptive,3985.21673528074,0.5631179513993034,0.0129962846284721,0.9999999997279833,60,2,2025-11-12
PFG/YUM,PFG,YUM,vol_adaptive,9052.152781689858,0.9434700368798467,0.0129962846284721,0.9999999999987859,64,2,2025-11-12
CINF/FMC,CINF,FMC,vol_adaptive,-2503.450397010172,-0.20330566762278468,0.0129962846284721,4.236002446734526e-08,60,2,2025-11-12
FSLR/RSG,FSLR,RSG,vol_adaptive,6417.025828202013,0.2762362830222525,0.0129962846284721,0.9719041721358695,68,2,2025-11-12
AME/WMT,AME,WMT,vol_adaptive,3872.535746763406,0.42156982289008865,0.0129962846284721,0.9991321788044384,62,2,2025-11-12
AON/GEN,AON,GEN,vol_adaptive,3255.931035544161,0.3691760614196747,0.0129962846284721,0.9999996360531567,52,2,2025-11-12
DXCM/UDR,DXCM,UDR,vol_adaptive,10453.40245894412,0.6774690732018104,0.0129962846284721,0.9999999870678795,54,2,2025-11-12
AON/MCK,AON,MCK,vol_adaptive,2021.70035871998,0.32915200367091446,0.0129962846284721,0.9999699699056328,52,2,2025-11-12
CI/LVS,CI,LVS,vol_adaptive,-8068.089652086321,-0.5672517947562655,0.0129962846284721,1.0600428727536652e-09,66,2,2025-11-12
DVN/YUM,DVN,YUM,vol_adaptive,8349.519980555597,0.6352399769842754,0.0129962846284721,0.9999999896544659,56,2,2025-11-12
CHD/HON,CHD,HON,vol_adaptive,6980.171954978451,0.8040999138295032,0.0129962846284721,0.9999999999837048,74,2,2025-11-12
CSCO/PAYC,CSCO,PAYC,vol_adaptive,766.8416662620464,0.06940409894957382,0.0129962846284721,0.23743148916572654,52,2,2025-11-12
TXT/YUM,TXT,YUM,vol_gated,2366.044626691059,0.3232172002767921,-0.0036946844981899,0.9997622512161384,58,2,2025-11-12
HAS/PFE,HAS,PFE,vol_gated,-8890.380376042585,-0.676749374240346,-0.0036946844981899,1.517707971378659e-14,62,2,2025-11-12
DLR/PRU,DLR,PRU,vol_gated,-7735.102543107685,-0.7589473654303944,-0.0036946844981899,1.389335951518205e-09,60,2,2025-11-12
HRL/MKC,HRL,MKC,vol_gated,3719.910050485475,0.5344922399148551,-0.0036946844981899,0.9999999985462733,60,2,2025-11-12
PFG/YUM,PFG,YUM,vol_gated,10028.41838693213,1.0618303296284568,-0.0036946844981899,0.9999999999974567,60,2,2025-11-12
CINF/FMC,CINF,FMC,vol_gated,-2513.167375840906,-0.2044655698496059,-0.0036946844981899,3.8480343392901154e-08,60,2,2025-11-12
FSLR/RSG,FSLR,RSG,vol_gated,6409.7521470313,0.2762724195103578,-0.0036946844981899,0.9717139331998544,68,2,2025-11-12
AME/WMT,AME,WMT,vol_gated,2679.719073581888,0.2957387931528801,-0.0036946844981899,0.9875134872696198,60,2,2025-11-12
AON/GEN,AON,GEN,vol_gated,4411.32041522906,0.5096543430902969,-0.0036946844981899,0.9999999998507398,50,2,2025-11-12
DXCM/UDR,DXCM,UDR,vol_gated,10485.55654416992,0.6801136247189251,-0.0036946844981899,0.9999999880908707,54,2,2025-11-12
AON/MCK,AON,MCK,vol_gated,1848.752088481559,0.30643955513703386,-0.0036946844981899,0.9998796397038515,50,2,2025-11-12
CI/LVS,CI,LVS,vol_gated,-8867.087127326078,-0.6253505787822841,-0.0036946844981899,8.387715176278176e-10,64,2,2025-11-12
DVN/YUM,DVN,YUM,vol_gated,6382.793847173968,0.4984054156756906,-0.0036946844981899,0.9999999564905055,58,2,2025-11-12
CHD/HON,CHD,HON,vol_gated,6336.890823010217,0.7332528527868672,-0.0036946844981899,0.9999999999771702,68,2,2025-11-12
CSCO/PAYC,CSCO,PAYC,vol_gated,-1278.573411801333,-0.11755838198317761,-0.0036946844981899,6.100349313540849e-05,48,2,2025-11-12
TXT/YUM,TXT,YUM,high_turnover,-1727.243574765924,-0.1774559826221125,-0.0577217901984102,8.577714418663751e-09,82,2,2025-11-12
HAS/PFE,HAS,PFE,high_turnover,-1994.04426744084,-0.16337635141350754,-0.0577217901984102,2.5924632735772842e-05,76,2,2025-11-12
DLR/PRU,DLR,PRU,high_turnover,427.0881263149467,0.03666766572444241,-0.0577217901984102,0.09515183624031248,80,2,2025-11-12
HRL/MKC,HRL,MKC,high_turnover,12318.04766740084,1.2848558893580877,-0.0577217901984102,0.9999538662085252,84,2,2025-11-12
PFG/YUM,PFG,YUM,high_turnover,4873.296058559447,0.5096476647255104,-0.0577217901984102,0.9999998357347992,76,2,2025-11-12
CINF/FMC,CINF,FMC,high_turnover,395.6314202239555,0.02888233803747309,-0.0577217901984102,0.06338988659423588,84,2,2025-11-12
FSLR/RSG,FSLR,RSG,high_turnover,26807.86277321706,1.1387388017887772,-0.0577217901984102,0.9999780946754641,86,2,2025-11-12
AME/WMT,AME,WMT,high_turnover,-5568.393359417838,-0.6522677996522551,-0.0577217901984102,2.030328694614612e-17,88,2,2025-11-12
AON/GEN,AON,GEN,high_turnover,-541.0835139323926,-0.06710454881941126,-0.0577217901984102,0.00023882162185523916,68,2,2025-11-12
DXCM/UDR,DXCM,UDR,high_turnover,2958.232638784338,0.18688548323589202,-0.0577217901984102,0.9409621715041844,72,2,2025-11-12
AON/MCK,AON,MCK,high_turnover,-4345.161082647634,-0.4062533813420851,-0.0577217901984102,1.031788158189917e-12,84,2,2025-11-12
CI/LVS,CI,LVS,high_turnover,-6738.88621848539,-0.4104903927902659,-0.0577217901984102,4.419952520057444e-06,78,2,2025-11-12
DVN/YUM,DVN,YUM,high_turnover,-2040.474986395143,-0.13901617119976636,-0.0577217901984102,0.0001331621413639646,70,2,2025-11-12
CHD/HON,CHD,HON,high_turnover,225.3783514661936,0.026875913123321896,-0.0577217901984102,0.052415117896358665,78,2,2025-11-12
CSCO/PAYC,CSCO,PAYC,high_turnover,-3556.503194222801,-0.32241372142059466,-0.0577217901984102,2.4917034040760414e-16,82,2,2025-11-12
TXT/YUM,TXT,YUM,flash_hold,-2491.081446441994,-0.4918542135777918,-0.0951690887925643,1.4567864414282873e-18,112,2,2025-11-12
HAS/PFE,HAS,PFE,flash_hold,1668.287510286788,0.20309855273556993,-0.0951690887925643,0.9387400693728483,134,2,2025-11-12
DLR/PRU,DLR,PRU,flash_hold,-1854.472816172914,-0.27522521294639585,-0.0951690887925643,4.668049280185805e-10,120,2,2025-11-12
HRL/MKC,HRL,MKC,flash_hold,1891.861151917171,0.3507307491227343,-0.0951690887925643,0.9999924510578987,128,2,2025-11-12
PFG/YUM,PFG,YUM,flash_hold,-1770.9879960456,-0.2968669461842249,-0.0951690887925643,1.7457470311931353e-13,118,2,2025-11-12
CINF/FMC,CINF,FMC,flash_hold,11328.88224462429,0.6992425007517244,-0.0951690887925643,0.995076408222841,138,2,2025-11-12
FSLR/RSG,FSLR,RSG,flash_hold,10667.10992443822,0.9679138054059101,-0.0951690887925643,0.9999999999999614,118,2,2025-11-12
AME/WMT,AME,WMT,flash_hold,-2627.298550556773,-0.4299370260193289,-0.0951690887925643,8.850936491126694e-29,134,2,2025-11-12
AON/GEN,AON,GEN,flash_hold,-2432.015399448155,-0.35114442811797814,-0.0951690887925643,1.8568247814103416e-14,126,2,2025-11-12
DXCM/UDR,DXCM,UDR,flash_hold,3769.082575480714,0.4064047318981084,-0.0951690887925643,0.9999999995729435,150,2,2025-11-12
AON/MCK,AON,MCK,flash_hold,2514.773999710468,0.577791144883084,-0.0951690887925643,0.9999999999558241,108,2,2025-11-12
CI/LVS,CI,LVS,flash_hold,3413.288322285184,0.3048132539182153,-0.0951690887925643,0.9999856018641906,148,2,2025-11-12
DVN/YUM,DVN,YUM,flash_hold,-3210.867673803602,-0.4196239855478333,-0.0951690887925643,1.117669978817986e-07,112,2,2025-11-12
CHD/HON,CHD,HON,flash_hold,4553.514877723569,0.8434561720784195,-0.0951690887925643,0.9999999999788991,118,2,2025-11-12
CSCO/PAYC,CSCO,PAYC,flash_hold,-2547.143102367387,-0.3712348054598267,-0.0951690887925643,2.085839238128764e-11,124,2,2025-11-12
TXT/YUM,TXT,YUM,high_leverage,-5563.47417251661,-0.4569807555611233,-0.1669804633425344,2.678259529179372e-19,54,2,2025-11-12
HAS/PFE,HAS,PFE,high_leverage,-25795.78372451735,-1.396313072796903,-0.1669804633425344,9.429303934991153e-09,48,2,2025-11-12
DLR/PRU,DLR,PRU,high_leverage,-6705.0683031208,-0.5166678378566122,-0.1669804633425344,3.476612475854016e-15,42,2,2025-11-12
HRL/MKC,HRL,MKC,high_leverage,9366.574112887623,0.9479058080844757,-0.1669804633425344,0.9999999999206096,48,2,2025-11-12
PFG/YUM,PFG,YUM,high_leverage,8597.332910894625,0.5246838200030967,-0.1669804633425344,0.9997663795892904,56,2,2025-11-12
CINF/FMC,CINF,FMC,high_leverage,-6265.38157150943,-0.307264828396123,-0.1669804633425344,2.4157664066790574e-09,46,2,2025-11-12
FSLR/RSG,FSLR,RSG,high_leverage,28056.4393754578,0.7845929846352525,-0.1669804633425344,0.9999472963818615,58,2,2025-11-12
AME/WMT,AME,WMT,high_leverage,-12249.27960546927,-0.8419693890740337,-0.1669804633425344,3.917025095237277e-17,50,2,2025-11-12
AON/GEN,AON,GEN,high_leverage,12386.55513755593,0.77686568692128,-0.1669804633425344,0.9999992169356617,44,2,2025-11-12
DXCM/UDR,DXCM,UDR,high_leverage,15818.42478554161,0.6434629649367898,-0.1669804633425344,0.9999999947194099,50,2,2025-11-12
AON/MCK,AON,MCK,high_leverage,865.7909123468535,0.09727931091633324,-0.1669804633425344,0.44336779492372963,52,2,2025-11-12
CI/LVS,CI,LVS,high_leverage,2783.251572745278,0.09830723751903114,-0.1669804633425344,0.4381141203883308,60,2,2025-11-12
DVN/YUM,DVN,YUM,high_leverage,-23262.29419535186,-1.8223418048124436,-0.1669804633425344,6.150915353997095e-25,46,2,2025-11-12
CHD/HON,CHD,HON,high_leverage,4685.145847461132,0.47327501062020294,-0.1669804633425344,0.9999656158021994,44,2,2025-11-12
CSCO/PAYC,CSCO,PAYC,high_leverage,7671.350848402267,0.5117113719230953,-0.1669804633425344,0.9999989923351653,56,2,2025-11-12
TXT/YUM,TXT,YUM,fast_reentry,-3698.695941558586,-0.48095963851363954,-0.1677469296903525,7.298648620177865e-24,60,2,2025-11-12
HAS/PFE,HAS,PFE,fast_reentry,-10807.17720969097,-0.8679247744783025,-0.1677469296903525,2.3544606734742587e-10,66,2,2025-11-12
DLR/PRU,DLR,PRU,fast_reentry,-5259.075641117488,-0.5432231466544547,-0.1677469296903525,3.396292127184091e-20,60,2,2025-11-12
HRL/MKC,HRL,MKC,fast_reentry,7207.085533433298,1.0862807600503128,-0.1677469296903525,0.9999999999929496,52,2,2025-11-12
PFG/YUM,PFG,YUM,fast_reentry,12223.132007282,1.3067191390223551,-0.1677469296903525,0.9999999999745532,56,2,2025-11-12
CINF/FMC,CINF,FMC,fast_reentry,13488.10997160131,0.4380064690516457,-0.1677469296903525,0.9903597241314038,62,2,2025-11-12
FSLR/RSG,FSLR,RSG,fast_reentry,14918.35727559808,0.5975882935260515,-0.1677469296903525,0.9999081844343132,66,2,2025-11-12
AME/WMT,AME,WMT,fast_reentry,-5398.952107143956,-0.5448490266465057,-0.1677469296903525,4.3522661499449e-21,64,2,2025-11-12
AON/GEN,AON,GEN,fast_reentry,6245.546353847989,0.8170975072190522,-0.1677469296903525,0.9999999997098147,58,2,2025-11-12
DXCM/UDR,DXCM,UDR,fast_reentry,2925.031392409751,0.1906051544086786,-0.1677469296903525,0.9466392325596205,62,2,2025-11-12
AON/MCK,AON,MCK,fast_reentry,724.6603559465862,0.12244360922654848,-0.1677469296903525,0.6263444211478925,54,2,2025-11-12
CI/LVS,CI,LVS,fast_reentry,-5327.613835735411,-0.27750404045274013,-0.1677469296903525,1.2880726867057288e-06,68,2,2025-11-12
DVN/YUM,DVN,YUM,fast_reentry,-17540.5138866717,-1.909369507556048,-0.1677469296903525,4.064551204744671e-24,52,2,2025-11-12
CHD/HON,CHD,HON,fast_reentry,3989.292893240467,0.5940264475189204,-0.1677469296903525,0.9999874183874605,46,2,2025-11-12
CSCO/PAYC,CSCO,PAYC,fast_reentry,2141.840981422294,0.21462989054522344,-0.1677469296903525,0.9865859748680104,60,2,2025-11-12
TXT/YUM,TXT,YUM,deep_dislocation,-912.397766347538,-0.09124028142605808,-0.5448010983532445,8.162998285734586e-05,28,2,2025-11-12
HAS/PFE,HAS,PFE,deep_dislocation,10474.27986103279,0.9966902776386614,-0.5448010983532445,0.9999161990939739,26,2,2025-11-12
DLR/PRU,DLR,PRU,deep_dislocation,611.3729652844895,0.06115008840306749,-0.5448010983532445,0.18540324769806704,30,2,2025-11-12
HRL/MKC,HRL,MKC,deep_dislocation,5218.562248856223,0.8988321624949941,-0.5448010983532445,0.9999999924855996,16,2,2025-11-12
PFG/YUM,PFG,YUM,deep_dislocation,6666.576857332197,0.6438094033268347,-0.5448010983532445,0.9999997754924599,26,2,2025-11-12
CINF/FMC,CINF,FMC,deep_dislocation,-21347.29412312391,-1.2752655654421086,-0.5448010983532445,7.3670297728492635e-28,44,2,2025-11-12
FSLR/RSG,FSLR,RSG,deep_dislocation,-7505.988176331803,-0.2538167857810902,-0.5448010983532445,1.1424417392608707e-12,28,2,2025-11-12
AME/WMT,AME,WMT,deep_dislocation,2765.6682792337,0.31366527698351,-0.5448010983532445,0.9966898860250979,20,2,2025-11-12
AON/GEN,AON,GEN,deep_dislocation,-1008.229635074036,-0.07945840301737203,-0.5448010983532445,3.893324754850888e-06,24,2,2025-11-12
DXCM/UDR,DXCM,UDR,deep_dislocation,2842.453500909931,0.17178473074286224,-0.5448010983532445,0.8360351109129172,24,2,2025-11-12
AON/MCK,AON,MCK,deep_dislocation,2319.681213020374,0.4383916137630554,-0.5448010983532445,0.9972234001989707,20,2,2025-11-12
CI/LVS,CI,LVS,deep_dislocation,-4528.852295876704,-0.25282879769163286,-0.5448010983532445,1.3028052303350386e-11,22,2,2025-11-12
DVN/YUM,DVN,YUM,deep_dislocation,-18835.79680422365,-1.6066338644296116,-0.5448010983532445,4.8029949044419725e-16,22,2,2025-11-12
CHD/HON,CHD,HON,deep_dislocation,12235.25633184555,1.2446133768874292,-0.5448010983532445,0.9999745280692338,22,2,2025-11-12
CSCO/PAYC,CSCO,PAYC,deep_dislocation,4062.507212144297,0.32045886103080623,-0.5448010983532445,0.9997451427811536,20,2,2025-11-12
TXT/YUM,TXT,YUM,quick_exit,-1118.944762744711,-0.18796889645057147,-0.5987324499554679,1.5338201749973612e-08,58,2,2025-11-12
HAS/PFE,HAS,PFE,quick_exit,-12821.18892683539,-1.2240332366576505,-0.5987324499554679,6.9018420294377725e-06,54,2,2025-11-12
DLR/PRU,DLR,PRU,quick_exit,-2135.662857056768,-0.3204530366579151,-0.5987324499554679,2.656745109004245e-08,38,2,2025-11-12
HRL/MKC,HRL,MKC,quick_exit,1241.192834912216,0.23355053905780648,-0.5987324499554679,0.9950448794914196,42,2,2025-11-12
PFG/YUM,PFG,YUM,quick_exit,10644.66943916369,1.2174755145381286,-0.5987324499554679,0.9999999988980147,56,2,2025-11-12
CINF/FMC,CINF,FMC,quick_exit,-7236.171596705982,-0.7238178449287783,-0.5987324499554679,7.570197221897164e-12,56,2,2025-11-12
FSLR/RSG,FSLR,RSG,quick_exit,3952.181840271892,0.1741353963804781,-0.5987324499554679,0.8262069193139987,60,2,2025-11-12
AME/WMT,AME,WMT,quick_exit,-5329.4642345504,-0.6960875086453922,-0.5987324499554679,1.2573533051247555e-12,56,2,2025-11-12
AON/GEN,AON,GEN,quick_exit,9713.55938588576,1.2996576868966452,-0.5987324499554679,0.9999999998201099,54,2,2025-11-12
DXCM/UDR,DXCM,UDR,quick_exit,7212.286966465943,0.5262254099258283,-0.5987324499554679,0.9999951977246672,56,2,2025-11-12
AON/MCK,AON,MCK,quick_exit,3074.239543301401,0.4640142427988167,-0.5987324499554679,0.9999992850675467,48,2,2025-11-12
CI/LVS,CI,LVS,quick_exit,-5168.569459191165,-0.3820304712734788,-0.5987324499554679,2.134644059296438e-07,62,2,2025-11-12
DVN/YUM,DVN,YUM,quick_exit,-16975.91360065639,-2.2139485073948624,-0.5987324499554679,4.862103832752419e-21,44,2,2025-11-12
CHD/HON,CHD,HON,quick_exit,6327.497676974921,0.8828623482724263,-0.5987324499554679,0.9999994946077276,46,2,2025-11-12
CSCO/PAYC,CSCO,PAYC,quick_exit,7185.447623876042,0.7893789770207789,-0.5987324499554679,0.9999989138057768,50,2,2025-11-12
TXT/YUM,TXT,YUM,slow_signal,-9532.75252536873,-1.178298603835483,-0.6015979157104641,4.5678768435987705e-18,42,2,2025-11-12
HAS/PFE,HAS,PFE,slow_signal,7022.590673432744,0.6179142984993379,-0.6015979157104641,0.9999942677982308,40,2,2025-11-12
DLR/PRU,DLR,PRU,slow_signal,-6229.060423679623,-0.6203666196353773,-0.6015979157104641,1.2771352763174366e-05,32,2,2025-11-12
HRL/MKC,HRL,MKC,slow_signal,3673.444122955523,0.9400400896674757,-0.6015979157104641,0.999999999999378,24,2,2025-11-12
PFG/YUM,PFG,YUM,slow_signal,-1304.946794907419,-0.12627645307351298,-0.6015979157104641,1.0838265154542257e-05,34,2,2025-11-12
CINF/FMC,CINF,FMC,slow_signal,556.1443737151858,0.05607469254184852,-0.6015979157104641,0.16012130722639606,42,2,2025-11-12
FSLR/RSG,FSLR,RSG,slow_signal,-7850.370716862186,-0.3861924308773113,-0.6015979157104641,4.755722647616961e-11,48,2,2025-11-12
AME/WMT,AME,WMT,slow_signal,-3347.092504690569,-0.38892813447908486,-0.6015979157104641,4.409996368421694e-17,38,2,2025-11-12
AON/GEN,AON,GEN,slow_signal,5428.697511031733,0.6602267736962159,-0.6015979157104641,0.9999995672897586,40,2,2025-11-12
DXCM/UDR,DXCM,UDR,slow_signal,5045.194394894652,0.3762484796869097,-0.6015979157104641,0.9999987358425673,52,2,2025-11-12
AON/MCK,AON,MCK,slow_signal,9139.189958766707,1.8926318112420786,-0.6015979157104641,0.9999999452309715,34,2,2025-11-12
CI/LVS,CI,LVS,slow_signal,-12617.64359464341,-0.7894138635923973,-0.6015979157104641,6.079584013844188e-06,46,2,2025-11-12
DVN/YUM,DVN,YUM,slow_signal,-7780.43296143239,-1.0198208863780736,-0.6015979157104641,3.107763095688507e-21,38,2,2025-11-12
CHD/HON,CHD,HON,slow_signal,9695.133814825858,1.271477484302881,-0.6015979157104641,0.9999999419499705,38,2,2025-11-12
CSCO/PAYC,CSCO,PAYC,slow_signal,6601.649579606009,0.6692494825842882,-0.6015979157104641,0.9999991065813774,40,2,2025-11-12
TXT/YUM,TXT,YUM,patient_hold,-6051.756558612041,-0.8576370656842063,-0.6193343477947059,2.5314995254454476e-21,40,2,2025-11-12
HAS/PFE,HAS,PFE,patient_hold,-8555.399732493779,-0.7897450440641278,-0.6193343477947059,2.512653866211942e-07,32,2,2025-11-12
DLR/PRU,DLR,PRU,patient_hold,-1706.241652771407,-0.24909047058998823,-0.6193343477947059,1.5557756610259854e-07,34,2,2025-11-12
HRL/MKC,HRL,MKC,patient_hold,-245.852663109476,-0.05457698279357318,-0.6193343477947059,0.0011933036236973186,26,2,2025-11-12
PFG/YUM,PFG,YUM,patient_hold,8278.660019517512,0.9655388358223264,-0.6193343477947059,0.9999999988072912,42,2,2025-11-12
CINF/FMC,CINF,FMC,patient_hold,22504.06195740528,0.7649477602897309,-0.6193343477947059,0.9900947993285413,30,2,2025-11-12
FSLR/RSG,FSLR,RSG,patient_hold,-7620.037981882992,-0.42969070507918683,-0.6193343477947059,6.994911709076417e-08,34,2,2025-11-12
AME/WMT,AME,WMT,patient_hold,-5725.129667715824,-0.713628197310792,-0.6193343477947059,6.483980038895795e-16,34,2,2025-11-12
AON/GEN,AON,GEN,patient_hold,1039.987073659598,0.12624109623598218,-0.6193343477947059,0.6225096904293086,32,2,2025-11-12
DXCM/UDR,DXCM,UDR,patient_hold,11426.39934976083,0.95129902436832,-0.6193343477947059,1.0,34,2,2025-11-12
AON/MCK,AON,MCK,patient_hold,4981.395564469613,1.1813860578683435,-0.6193343477947059,0.9999999791380025,46,2,2025-11-12
CI/LVS,CI,LVS,patient_hold,-12432.27220050354,-0.9631826208640819,-0.6193343477947059,5.650294651946963e-17,34,2,2025-11-12
DVN/YUM,DVN,YUM,patient_hold,-17107.61423154538,-2.402450648955448,-0.6193343477947059,4.531786512056544e-22,28,2,2025-11-12
CHD/HON,CHD,HON,patient_hold,8639.732642557668,1.1549171801911324,-0.6193343477947059,0.9999999172492693,36,2,2025-11-12
CSCO/PAYC,CSCO,PAYC,patient_hold,-2255.716634027636,-0.1450860646747354,-0.6193343477947059,1.0339399098042986e-12,28,2,2025-11-12
TXT/YUM,TXT,YUM,slow_reentry,-683.5126225771492,-0.09571398126718629,-0.6272366946886,2.5795559448986106e-05,52,2,2025-11-12
HAS/PFE,HAS,PFE,slow_reentry,-16858.2106728549,-1.4742209807313087,-0.6272366946886,1.401750642306942e-06,40,2,2025-11-12
DLR/PRU,DLR,PRU,slow_reentry,-3655.357387037016,-0.45675721353888665,-0.6272366946886,1.8839451278810817e-12,36,2,2025-11-12
HRL/MKC,HRL,MKC,slow_reentry,4014.40040614066,0.6821045952783843,-0.6272366946886,0.9999999376536322,46,2,2025-11-12
PFG/YUM,PFG,YUM,slow_reentry,2834.008718299946,0.2630807759637267,-0.6272366946886,0.9787663439380642,48,2,2025-11-12
CINF/FMC,CINF,FMC,slow_reentry,-3808.776544106835,-0.3545937497426718,-0.6272366946886,9.456991875089746e-09,38,2,2025-11-12
FSLR/RSG,FSLR,RSG,slow_reentry,10289.35979884423,0.45317606343435307,-0.6272366946886,0.9973347334650733,52,2,2025-11-12
AME/WMT,AME,WMT,slow_reentry,-6490.322524969113,-0.7214655466936172,-0.6272366946886,2.4709564925939503e-14,46,2,2025-11-12
AON/GEN,AON,GEN,slow_reentry,5920.388052518447,0.8847916112861302,-0.6272366946886,0.9999999999999994,38,2,2025-11-12
DXCM/UDR,DXCM,UDR,slow_reentry,2275.683695564574,0.1838488183393535,-0.6272366946886,0.9124087012818471,42,2,2025-11-12
AON/MCK,AON,MCK,slow_reentry,-4.651717719646513,-0.0007933307292644642,-0.6272366946886,0.017269881795264366,50,2,2025-11-12
CI/LVS,CI,LVS,slow_reentry,-2463.83137080829,-0.2473455385834935,-0.6272366946886,4.931833740281547e-06,36,2,2025-11-12
DVN/YUM,DVN,YUM,slow_reentry,-9688.29092518734,-1.2190945273358744,-0.6272366946886,8.581360825229842e-22,42,2,2025-11-12
CHD/HON,CHD,HON,slow_reentry,3171.106471804074,0.48237990915367546,-0.6272366946886,0.9999555474780933,42,2,2025-11-12
CSCO/PAYC,CSCO,PAYC,slow_reentry,12387.61028756444,1.363684189835384,-0.6272366946886,0.9999985076391578,50,2,2025-11-12
TXT/YUM,TXT,YUM,balanced_plus,-1620.837092773574,-0.1971030011626615,-0.6876774907184782,2.8500853147966142e-12,58,2,2025-11-12
HAS/PFE,HAS,PFE,balanced_plus,-5556.413201092685,-0.44435052498989286,-0.6876774907184782,2.371769986528207e-15,56,2,2025-11-12
DLR/PRU,DLR,PRU,balanced_plus,-10767.56985266298,-0.9690505147123525,-0.6876774907184782,1.592349830484675e-11,60,2,2025-11-12
HRL/MKC,HRL,MKC,balanced_plus,3697.546145698415,0.5674821802965869,-0.6876774907184782,0.9999999971517474,50,2,2025-11-12
PFG/YUM,PFG,YUM,balanced_plus,10454.41922290081,1.1217612644349493,-0.6876774907184782,0.9999999999934129,50,2,2025-11-12
CINF/FMC,CINF,FMC,balanced_plus,-4606.994681202022,-0.4102540240765948,-0.6876774907184782,9.165714056367767e-12,50,2,2025-11-12
FSLR/RSG,FSLR,RSG,balanced_plus,11905.16925143919,0.5330984804371636,-0.6876774907184782,0.9984630610512647,52,2,2025-11-12
AME/WMT,AME,WMT,balanced_plus,-6181.787651302514,-0.6333932334295168,-0.6876774907184782,5.123327328896357e-22,60,2,2025-11-12
AON/GEN,AON,GEN,balanced_plus,3367.596422001343,0.4014271871410089,-0.6876774907184782,0.9999866062042969,42,2,2025-11-12
DXCM/UDR,DXCM,UDR,balanced_plus,9528.749887426507,0.6868729828933053,-0.6876774907184782,0.9999994772629279,42,2,2025-11-12
AON/MCK,AON,MCK,balanced_plus,1792.495016924131,0.3322854527702751,-0.6876774907184782,0.9997111321706313,54,2,2025-11-12
CI/LVS,CI,LVS,balanced_plus,-1001.922593355594,-0.07238329162420218,-0.6876774907184782,0.0009382858649258781,60,2,2025-11-12
DVN/YUM,DVN,YUM,balanced_plus,-10863.09144677489,-1.3783245639372688,-0.6876774907184782,3.185721500639661e-19,50,2,2025-11-12
CHD/HON,CHD,HON,balanced_plus,5196.673603986844,0.6843153041690829,-0.6876774907184782,0.9999999739463161,64,2,2025-11-12
CSCO/PAYC,CSCO,PAYC,balanced_plus,-14086.40949727392,-0.8214691292192452,-0.6876774907184782,1.2899430946456014e-05,60,2,2025-11-12
TXT/YUM,TXT,YUM,default,-2763.614682987744,-0.37748363115826417,-0.6884501874989514,2.2547860553730197e-18,54,2,2025-11-12
HAS/PFE,HAS,PFE,default,-17519.54973569639,-1.4285881936264984,-0.6884501874989514,7.228027600947014e-09,54,2,2025-11-12
DLR/PRU,DLR,PRU,default,-4486.282541723621,-0.5223595503104387,-0.6884501874989514,3.0494439605589365e-15,42,2,2025-11-12
HRL/MKC,HRL,MKC,default,4938.57832929622,0.831293486806563,-0.6884501874989514,0.9999999830385433,48,2,2025-11-12
PFG/YUM,PFG,YUM,default,5843.234901545733,0.5378230074493021,-0.6884501874989514,0.9998104533063005,56,2,2025-11-12
CINF/FMC,CINF,FMC,default,2799.413088386208,0.21630426378216513,-0.6884501874989514,0.987878813052735,50,2,2025-11-12
FSLR/RSG,FSLR,RSG,default,14989.80357450746,0.62620560661987,-0.6884501874989514,0.9998305388318266,58,2,2025-11-12
AME/WMT,AME,WMT,default,-10170.64202608662,-1.092789733705756,-0.6884501874989514,4.269616211629063e-14,50,2,2025-11-12
AON/GEN,AON,GEN,default,6271.524382414194,0.777905648048437,-0.6884501874989514,0.999999990486682,46,2,2025-11-12
DXCM/UDR,DXCM,UDR,default,6988.567468151998,0.448955658176138,-0.6884501874989514,0.9999968868358091,54,2,2025-11-12
AON/MCK,AON,MCK,default,603.691318492291,0.10267853055941972,-0.6884501874989514,0.483698664361764,52,2,2025-11-12
CI/LVS,CI,LVS,default,-6930.223584027136,-0.5031571809360325,-0.6884501874989514,2.3140215970548366e-14,58,2,2025-11-12
DVN/YUM,DVN,YUM,default,-16977.27885523318,-2.2044073953190186,-0.6884501874989514,5.065653813236102e-21,44,2,2025-11-12
CHD/HON,CHD,HON,default,3117.318435387393,0.4739742320368404,-0.6884501874989514,0.9999616089273796,44,2,2025-11-12
CSCO/PAYC,CSCO,PAYC,default,5239.560591658317,0.5352486825280237,-0.6884501874989514,0.9999989117077334,56,2,2025-11-12
TXT/YUM,TXT,YUM,high_entry,-2084.406189900507,-0.3763000074691842,-0.7399503938802343,6.479989649854171e-13,28,2,2025-11-12
HAS/PFE,HAS,PFE,high_entry,12616.60780668811,1.6632670909002543,-0.7399503938802343,0.9999988184257552,32,2,2025-11-12
DLR/PRU,DLR,PRU,high_entry,-3157.581698992118,-0.500414721655524,-0.7399503938802343,1.3207322229786388e-07,24,2,2025-11-12
HRL/MKC,HRL,MKC,high_entry,4121.479701561144,1.2026446340371304,-0.7399503938802343,0.9999999999686314,20,2,2025-11-12
PFG/YUM,PFG,YUM,high_entry,2283.795479022507,0.3229263292327537,-0.7399503938802343,0.9999855681016883,28,2,2025-11-12
CINF/FMC,CINF,FMC,high_entry,-10454.77546961773,-1.1080082945912773,-0.7399503938802343,4.326179270773748e-18,38,2,2025-11-12
FSLR/RSG,FSLR,RSG,high_entry,-2552.45108870747,-0.13082265741711357,-0.7399503938802343,2.471745830996458e-09,26,2,2025-11-12
AME/WMT,AME,WMT,high_entry,-3311.946731554877,-0.6952402130900696,-0.7399503938802343,1.5969320334041583e-09,20,2,2025-11-12
AON/GEN,AON,GEN,high_entry,2886.623510596423,0.5017720180258728,-0.7399503938802343,0.9999614830653356,26,2,2025-11-12
DXCM/UDR,DXCM,UDR,high_entry,-3670.584106405185,-0.7111630596594704,-0.7399503938802343,1.5994645114970863e-14,22,2,2025-11-12
AON/MCK,AON,MCK,high_entry,1187.284379608529,0.28342118721310194,-0.7399503938802343,0.9885325428580999,28,2,2025-11-12
CI/LVS,CI,LVS,high_entry,-324.1061590580002,-0.03395195821331932,-0.7399503938802343,0.003822380511467095,30,2,2025-11-12
DVN/YUM,DVN,YUM,high_entry,-8547.603301703348,-1.3217263413364837,-0.7399503938802343,2.084271615714923e-07,18,2,2025-11-12
CHD/HON,CHD,HON,high_entry,5857.086408533663,1.0206922429852863,-0.7399503938802343,0.9994883832957937,28,2,2025-11-12
CSCO/PAYC,CSCO,PAYC,high_entry,6115.805252549219,0.7812945005685304,-0.7399503938802343,0.9996428241163622,20,2,2025-11-12
TXT/YUM,TXT,YUM,high_vol_specialist,-6365.575237688403,-0.6307609628215184,-0.7967737511204143,3.3517173917807455e-14,42,2,2025-11-12
HAS/PFE,HAS,PFE,high_vol_specialist,7821.046092735265,0.7107533751755922,-0.7967737511204143,0.9999999974167015,46,2,2025-11-12
DLR/PRU,DLR,PRU,high_vol_specialist,-6193.375572162522,-0.7840888153138258,-0.7967737511204143,1.929080750100051e-15,30,2,2025-11-12
HRL/MKC,HRL,MKC,high_vol_specialist,6878.613843218929,1.1976479351650056,-0.7967737511204143,1.0,34,2,2025-11-12
PFG/YUM,PFG,YUM,high_vol_specialist,8092.65179621053,0.8016921640831123,-0.7967737511204143,0.9999999999995076,38,2,2025-11-12
CINF/FMC,CINF,FMC,high_vol_specialist,-6797.435561173128,-0.5268179980679952,-0.7967737511204143,7.081238029053853e-17,32,2,2025-11-12
FSLR/RSG,FSLR,RSG,high_vol_specialist,-12122.72180327694,-0.5933286248320033,-0.7967737511204143,4.178437741394363e-09,46,2,2025-11-12
AME/WMT,AME,WMT,high_vol_specialist,-9376.953167315633,-0.9728190567166558,-0.7967737511204143,2.394210188284613e-15,42,2,2025-11-12
AON/GEN,AON,GEN,high_vol_specialist,4732.806448135212,0.46434419101296454,-0.7967737511204143,0.9998045640199622,34,2,2025-11-12
DXCM/UDR,DXCM,UDR,high_vol_specialist,-900.3666700445738,-0.06121661873801099,-0.7967737511204143,0.00030742661646494904,48,2,2025-11-12
AON/MCK,AON,MCK,high_vol_specialist,12380.58875410198,2.2481651616891334,-0.7967737511204143,0.9999999999878845,42,2,2025-11-12
CI/LVS,CI,LVS,high_vol_specialist,-9878.378750549597,-0.5211279682083682,-0.7967737511204143,1.58934852657452e-08,52,2,2025-11-12
DVN/YUM,DVN,YUM,high_vol_specialist,-19712.66592693456,-2.240729684453148,-0.7967737511204143,6.346138924488715e-32,42,2,2025-11-12
CHD/HON,CHD,HON,high_vol_specialist,9370.27661141237,1.2286423348508593,-0.7967737511204143,0.9999999331475127,44,2,2025-11-12
CSCO/PAYC,CSCO,PAYC,high_vol_specialist,7236.228110024887,0.7724894849905394,-0.7967737511204143,0.99999862602411,38,2,2025-11-12
TXT/YUM,TXT,YUM,tight_stop,-1764.319849238083,-0.29462947566985864,-0.8194923126916125,2.1914765203341144e-12,58,2,2025-11-12
HAS/PFE,HAS,PFE,tight_stop,-12825.88079550909,-1.2221254793010394,-0.8194923126916125,7.208160666386197e-06,54,2,2025-11-12
DLR/PRU,DLR,PRU,tight_stop,-2814.395894966453,-0.4151531071905223,-0.8194923126916125,1.2562426775354338e-08,36,2,2025-11-12
HRL/MKC,HRL,MKC,tight_stop,1653.690444735162,0.30361474184014736,-0.8194923126916125,0.9996934597119046,44,2,2025-11-12
PFG/YUM,PFG,YUM,tight_stop,10708.54189371697,1.221905813574686,-0.8194923126916125,0.9999999988256855,56,2,2025-11-12
CINF/FMC,CINF,FMC,tight_stop,-5341.83361875065,-0.5043444590955519,-0.8194923126916125,1.4560718907549413e-11,56,2,2025-11-12
FSLR/RSG,FSLR,RSG,tight_stop,2504.592941076454,0.11058012670694445,-0.8194923126916125,0.5355031311916904,60,2,2025-11-12
AME/WMT,AME,WMT,tight_stop,-5166.714791440139,-0.6725672913393708,-0.8194923126916125,7.494294216194202e-13,56,2,2025-11-12
AON/GEN,AON,GEN,tight_stop,7328.053253876513,1.0495921407996898,-0.8194923126916125,0.999999995574123,54,2,2025-11-12
DXCM/UDR,DXCM,UDR,tight_stop,9109.436012922739,0.6815464241614619,-0.8194923126916125,0.999998200469188,52,2,2025-11-12
AON/MCK,AON,MCK,tight_stop,2379.881100614934,0.3686706196284775,-0.8194923126916125,0.99997275017435,50,2,2025-11-12
CI/LVS,CI,LVS,tight_stop,-7598.505694054207,-0.6082823025559778,-0.8194923126916125,3.50230079277821e-13,62,2,2025-11-12
DVN/YUM,DVN,YUM,tight_stop,-16900.72870200393,-2.1967255239106467,-0.8194923126916125,5.433133826260868e-21,44,2,2025-11-12
CHD/HON,CHD,HON,tight_stop,2823.183487397532,0.4512750691458832,-0.8194923126916125,0.9998367054504482,44,2,2025-11-12
CSCO/PAYC,CSCO,PAYC,tight_stop,5950.352364727843,0.6907592497450314,-0.8194923126916125,0.9999917885125842,50,2,2025-11-12
TXT/YUM,TXT,YUM,short_z_long_v,-11825.77780990896,-1.27328027319292,-0.8231458049586491,1.7912156134622392e-19,62,2,2025-11-12
HAS/PFE,HAS,PFE,short_z_long_v,-4570.758430005703,-0.38464824129840564,-0.8231458049586491,2.3115509513324043e-07,52,2,2025-11-12
DLR/PRU,DLR,PRU,short_z_long_v,-3976.207180541656,-0.37848554107842364,-0.8231458049586491,5.370005194256103e-07,56,2,2025-11-12
HRL/MKC,HRL,MKC,short_z_long_v,1834.006545033059,0.34944990589960595,-0.8231458049586491,0.9999947569299118,52,2,2025-11-12
PFG/YUM,PFG,YUM,short_z_long_v,-1076.072676668817,-0.1066621628955686,-0.8231458049586491,3.2486768244336386e-05,48,2,2025-11-12
CINF/FMC,CINF,FMC,short_z_long_v,2946.686419217611,0.22943422083147588,-0.8231458049586491,0.9926543919120635,46,2,2025-11-12
FSLR/RSG,FSLR,RSG,short_z_long_v,8274.595359263705,0.4047687718726043,-0.8231458049586491,0.988657042990462,66,2,2025-11-12
AME/WMT,AME,WMT,short_z_long_v,-14990.04341246956,-1.5753421917952035,-0.8231458049586491,3.8682390718137103e-13,54,2,2025-11-12
AON/GEN,AON,GEN,short_z_long_v,7549.850160763075,0.8122376789874833,-0.8231458049586491,0.9999999998911658,60,2,2025-11-12
DXCM/UDR,DXCM,UDR,short_z_long_v,14748.05605603708,1.0970646805234943,-0.8231458049586491,0.9999999999996654,64,2,2025-11-12
AON/MCK,AON,MCK,short_z_long_v,7163.776749680963,1.148015452677565,-0.8231458049586491,0.9999999999999957,62,2,2025-11-12
CI/LVS,CI,LVS,short_z_long_v,-3501.796911574369,-0.20143972473287844,-0.8231458049586491,6.269453544491029e-05,62,2,2025-11-12
DVN/YUM,DVN,YUM,short_z_long_v,-7882.246175987802,-0.7668244283445732,-0.8231458049586491,6.971336027256891e-24,66,2,2025-11-12
CHD/HON,CHD,HON,short_z_long_v,4381.833005701706,0.6516499435487986,-0.8231458049586491,0.9999991995882358,66,2,2025-11-12
CSCO/PAYC,CSCO,PAYC,short_z_long_v,-18223.89415389043,-1.0728347621177325,-0.8231458049586491,3.4998320723963784e-05,50,2,2025-11-12
TXT/YUM,TXT,YUM,conservative_no_leverage,-3660.36642830548,-0.9798049393246888,-0.8681381575216366,4.036803160148651e-19,40,2,2025-11-12
HAS/PFE,HAS,PFE,conservative_no_leverage,-3107.080570478483,-0.4566726063139522,-0.8681381575216366,1.6930189804588822e-08,34,2,2025-11-12
DLR/PRU,DLR,PRU,conservative_no_leverage,-342.266042719957,-0.10130105478849037,-0.8681381575216366,0.00010802724827604919,32,2,2025-11-12
HRL/MKC,HRL,MKC,conservative_no_leverage,736.6408985946647,0.349738546094583,-0.8681381575216366,0.999992781036856,22,2,2025-11-12
PFG/YUM,PFG,YUM,conservative_no_leverage,1723.17648088109,0.4065481296725238,-0.8681381575216366,0.9999999992869611,34,2,2025-11-12
CINF/FMC,CINF,FMC,conservative_no_leverage,6863.373116340217,0.4490686141011452,-0.8681381575216366,0.9920804722093832,32,2,2025-11-12
FSLR/RSG,FSLR,RSG,conservative_no_leverage,-9530.330560201051,-1.0017980329480691,-0.8681381575216366,1.068849940000046e-05,32,2,2025-11-12
AME/WMT,AME,WMT,conservative_no_leverage,313.7661821829247,0.08432384082769441,-0.8681381575216366,0.3655110244847296,32,2,2025-11-12
AON/GEN,AON,GEN,conservative_no_leverage,5201.372090204486,1.0541651429534729,-0.8681381575216366,0.9999950196241482,34,2,2025-11-12
DXCM/UDR,DXCM,UDR,conservative_no_leverage,5551.557629826018,0.8734464811126226,-0.8681381575216366,1.0,32,2,2025-11-12
AON/MCK,AON,MCK,conservative_no_leverage,3747.88787778838,1.994355596216058,-0.8681381575216366,0.9999999982431113,40,2,2025-11-12
CI/LVS,CI,LVS,conservative_no_leverage,-4341.488127280583,-0.539805145597106,-0.8681381575216366,1.3993358378922162e-13,36,2,2025-11-12
DVN/YUM,DVN,YUM,conservative_no_leverage,-6934.289465583766,-1.85908991563777,-0.8681381575216366,3.0644422501621125e-19,20,2,2025-11-12
CHD/HON,CHD,HON,conservative_no_leverage,4451.201584882746,1.2603474584662373,-0.8681381575216366,0.9999986032717026,30,2,2025-11-12
CSCO/PAYC,CSCO,PAYC,conservative_no_leverage,4527.369625863908,1.0164819278145638,-0.8681381575216366,0.9999968629299093,36,2,2025-11-12
TXT/YUM,TXT,YUM,deep_entry_quick_exit,-674.7781100826783,-0.11674141951135028,-0.9949989620892568,6.068407682133276e-06,28,2,2025-11-12
HAS/PFE,HAS,PFE,deep_entry_quick_exit,9818.993683657302,1.4289777093838465,-0.9949989620892568,0.9999688424093377,26,2,2025-11-12
DLR/PRU,DLR,PRU,deep_entry_quick_exit,-2098.588254636639,-0.40880741375859714,-0.9949989620892568,3.257561932845872e-05,24,2,2025-11-12
HRL/MKC,HRL,MKC,deep_entry_quick_exit,1325.965180189507,0.3605232373411567,-0.9949989620892568,0.9999989730232792,20,2,2025-11-12
PFG/YUM,PFG,YUM,deep_entry_quick_exit,3029.46375957371,0.42810150212094783,-0.9949989620892568,0.9999993259831924,28,2,2025-11-12
CINF/FMC,CINF,FMC,deep_entry_quick_exit,-10013.48121809944,-1.2057221646194125,-0.9949989620892568,1.0480578112108805e-16,34,2,2025-11-12
FSLR/RSG,FSLR,RSG,deep_entry_quick_exit,-10058.73621704168,-0.5121357760239383,-0.9949989620892568,2.775657568206579e-08,28,2,2025-11-12
AME/WMT,AME,WMT,deep_entry_quick_exit,-773.0275994413919,-0.15508807274490138,-0.9949989620892568,1.399751093873033e-08,20,2,2025-11-12
AON/GEN,AON,GEN,deep_entry_quick_exit,487.7592737565885,0.10767784324672235,-0.9949989620892568,0.521624249962523,22,2,2025-11-12
DXCM/UDR,DXCM,UDR,deep_entry_quick_exit,533.5110840658454,0.055013346431240624,-0.9949989620892568,0.09178899696239229,24,2,2025-11-12
AON/MCK,AON,MCK,deep_entry_quick_exit,3616.581749137334,0.8095895032317941,-0.9949989620892568,0.9999569167309601,18,2,2025-11-12
CI/LVS,CI,LVS,deep_entry_quick_exit,-8967.011959903648,-1.1040895362982264,-0.9949989620892568,3.593340430149483e-15,22,2,2025-11-12
DVN/YUM,DVN,YUM,deep_entry_quick_exit,-10377.80101475704,-1.8272507605439872,-0.9949989620892568,4.177491052995258e-10,20,2,2025-11-12
CHD/HON,CHD,HON,deep_entry_quick_exit,9507.764015603689,1.406726063296318,-0.9949989620892568,0.9999922844096675,22,2,2025-11-12
CSCO/PAYC,CSCO,PAYC,deep_entry_quick_exit,6354.897114555345,0.8325827360486608,-0.9949989620892568,0.999642401534153,22,2,2025-11-12
TXT/YUM,TXT,YUM,symmetric_exit,505.3720952717422,0.0833463110244047,-1.0613330227547866,0.3385279308892395,40,2,2025-11-12
HAS/PFE,HAS,PFE,symmetric_exit,-11026.08936887438,-0.9364714846140028,-1.0613330227547866,8.173777243166934e-09,44,2,2025-11-12
DLR/PRU,DLR,PRU,symmetric_exit,-1204.928462680865,-0.18754482105208142,-1.0613330227547866,1.9506729603903115e-06,36,2,2025-11-12
HRL/MKC,HRL,MKC,symmetric_exit,3826.216248221807,0.7924977956560457,-1.0613330227547866,0.9999676323307063,34,2,2025-11-12
PFG/YUM,PFG,YUM,symmetric_exit,-2955.312656877004,-0.3143397225941292,-1.0613330227547866,1.8103331321425345e-09,44,2,2025-11-12
CINF/FMC,CINF,FMC,symmetric_exit,-6918.151916137207,-0.6481684573769921,-1.0613330227547866,7.968294750791405e-10,46,2,2025-11-12
FSLR/RSG,FSLR,RSG,symmetric_exit,11813.53444769313,0.536291836339853,-1.0613330227547866,0.9981178683259453,42,2,2025-11-12
AME/WMT,AME,WMT,symmetric_exit,-7317.681893587692,-0.9582342482086531,-1.0613330227547866,3.318557506174552e-13,38,2,2025-11-12
AON/GEN,AON,GEN,symmetric_exit,1930.725069303138,0.2691599183344837,-1.0613330227547866,0.9957384241562293,42,2,2025-11-12
DXCM/UDR,DXCM,UDR,symmetric_exit,7248.958568034896,0.6694583246583613,-1.0613330227547866,0.9999999999969145,46,2,2025-11-12
AON/MCK,AON,MCK,symmetric_exit,-136.6507001327843,-0.027918776393572212,-1.0613330227547866,0.0033418901732754722,44,2,2025-11-12
CI/LVS,CI,LVS,symmetric_exit,-5653.371653021475,-0.476952942929875,-1.0613330227547866,7.293071046598267e-12,46,2,2025-11-12
DVN/YUM,DVN,YUM,symmetric_exit,-20320.18241828568,-3.0660235182523436,-1.0613330227547866,2.456231516640865e-17,32,2,2025-11-12
CHD/HON,CHD,HON,symmetric_exit,6370.527662900559,1.1148792479254392,-1.0613330227547866,0.9996677385808163,32,2,2025-11-12
CSCO/PAYC,CSCO,PAYC,symmetric_exit,6930.988056174039,0.8272068171949054,-1.0613330227547866,0.9999684085200954,36,2,2025-11-12
TXT/YUM,TXT,YUM,no_leverage,-1357.986769370048,-0.36843692088714874,-1.260948932374138,6.643509202923774e-18,54,2,2025-11-12
HAS/PFE,HAS,PFE,no_leverage,-8778.092824288009,-1.4227161166906757,-1.260948932374138,8.502830543590586e-09,54,2,2025-11-12
DLR/PRU,DLR,PRU,no_leverage,-2279.096067740613,-0.5276361366399115,-1.260948932374138,1.6933763184694988e-15,42,2,2025-11-12
HRL/MKC,HRL,MKC,no_leverage,2453.679518456292,0.8243523820658444,-1.260948932374138,0.9999999832234612,48,2,2025-11-12
PFG/YUM,PFG,YUM,no_leverage,3007.829413203994,0.5501263948027486,-1.260948932374138,0.9998448142608544,56,2,2025-11-12
CINF/FMC,CINF,FMC,no_leverage,1475.437919540206,0.2268918502149286,-1.260948932374138,0.9929548342885455,50,2,2025-11-12
FSLR/RSG,FSLR,RSG,no_leverage,7471.927302444825,0.6218747923118716,-1.260948932374138,0.9998117170986504,58,2,2025-11-12
AME/WMT,AME,WMT,no_leverage,-5073.329128527005,-1.089127056884989,-1.260948932374138,3.093551876137208e-14,50,2,2025-11-12
AON/GEN,AON,GEN,no_leverage,3227.662028682663,0.7954800390076725,-1.260948932374138,0.9999999937705136,46,2,2025-11-12
DXCM/UDR,DXCM,UDR,no_leverage,3450.752790297087,0.4400872480368317,-1.260948932374138,0.9999953437912097,54,2,2025-11-12
AON/MCK,AON,MCK,no_leverage,304.5854439106258,0.10380761895468059,-1.260948932374138,0.4921439059386465,52,2,2025-11-12
CI/LVS,CI,LVS,no_leverage,-3447.632449670888,-0.4969078804125324,-1.260948932374138,3.932440714044272e-14,58,2,2025-11-12
DVN/YUM,DVN,YUM,no_leverage,-8511.169446615513,-2.193976785793705,-1.260948932374138,7.681944276480957e-21,44,2,2025-11-12
CHD/HON,CHD,HON,no_leverage,1569.903541243854,0.47468482038899723,-1.260948932374138,0.9999597213606208,44,2,2025-11-12
CSCO/PAYC,CSCO,PAYC,no_leverage,2643.226932692484,0.5364528693723173,-1.260948932374138,0.9999988743450579,56,2,2025-11-12
TXT/YUM,TXT,YUM,conservative,-292.3661343432734,-0.131873006779174,-1.9931593496561957,9.75041630975543e-06,28,2,2025-11-12
HAS/PFE,HAS,PFE,conservative,2429.414255155147,0.7132462119485197,-1.9931593496561957,0.9995148532565858,32,2,2025-11-12
DLR/PRU,DLR,PRU,conservative,601.4732050638114,0.2500410110602549,-1.9931593496561957,0.9973254333778788,24,2,2025-11-12
HRL/MKC,HRL,MKC,conservative,248.6833272058971,0.16755073410559346,-1.9931593496561957,0.9220150473954672,18,2,2025-11-12
PFG/YUM,PFG,YUM,conservative,1894.081708094101,0.6012431236383715,-1.9931593496561957,0.9999645725931845,22,2,2025-11-12
CINF/FMC,CINF,FMC,conservative,-6062.334220194434,-2.0002597342060775,-1.9931593496561957,2.55651951675133e-09,32,2,2025-11-12
FSLR/RSG,FSLR,RSG,conservative,-5662.339643510744,-0.6322667103616223,-1.9931593496561957,8.352508698123265e-06,26,2,2025-11-12
AME/WMT,AME,WMT,conservative,2493.332816179291,1.031893219473725,-1.9931593496561957,0.9999999999996304,28,2,2025-11-12
AON/GEN,AON,GEN,conservative,4073.129009122036,2.08885041890301,-1.9931593496561957,0.9999999999999227,26,2,2025-11-12
DXCM/UDR,DXCM,UDR,conservative,1462.929754005569,0.453641452977146,-1.9931593496561957,0.9999553820081993,22,2,2025-11-12
AON/MCK,AON,MCK,conservative,2598.232553934858,1.5916565043100834,-1.9931593496561957,0.9999998896322635,26,2,2025-11-12
CI/LVS,CI,LVS,conservative,-5457.891110913611,-1.292718407205453,-1.9931593496561957,4.445677897703293e-11,24,2,2025-11-12
DVN/YUM,DVN,YUM,conservative,-6028.666196154343,-2.041607350778419,-1.9931593496561957,2.995108659565057e-11,22,2,2025-11-12
CHD/HON,CHD,HON,conservative,4742.886334619364,1.415150421254354,-1.9931593496561957,0.9999823451803141,26,2,2025-11-12
CSCO/PAYC,CSCO,PAYC,conservative,-2980.461724368378,-0.3945355085230034,-1.9931593496561957,2.3085205423000825e-05,22,2,2025-11-12
TXT/YUM,TXT,YUM,static_threshold,-4404.619413545608,-0.3628503811612028,0.7391380800637959,6.0858326314536585e-15,90,3,2025-12-18
HAS/PFE,HAS,PFE,static_threshold,11331.20184053336,0.6731221045437422,0.7391380800637959,0.9999966935344655,92,3,2025-12-18
DLR/PRU,DLR,PRU,static_threshold,-3379.717355011395,-0.32965297503104096,0.7391380800637959,3.6897115500000968e-06,86,3,2025-12-18
HRL/MKC,HRL,MKC,static_threshold,7634.353652625692,0.7924900752761953,0.7391380800637959,0.9999999999999828,96,3,2025-12-18
PFG/YUM,PFG,YUM,static_threshold,-1802.922486067075,-0.13926995319618146,0.7391380800637959,1.15680203713196e-06,86,3,2025-12-18
CINF/FMC,CINF,FMC,static_threshold,5504.728142824709,0.3298995892829228,0.7391380800637959,0.9999954351607123,82,3,2025-12-18
FSLR/RSG,FSLR,RSG,static_threshold,27171.7679738331,1.0386502999566096,0.7391380800637959,1.0,98,3,2025-12-18
AME/WMT,AME,WMT,static_threshold,-4057.066446032873,-0.29960650681549283,0.7391380800637959,1.6368449034785028e-18,94,3,2025-12-18
AON/GEN,AON,GEN,static_threshold,4032.086314610287,0.31542723054040644,0.7391380800637959,0.9992090022870023,90,3,2025-12-18
DXCM/UDR,DXCM,UDR,static_threshold,25006.68812495492,1.29405911791489,0.7391380800637959,1.0,92,3,2025-12-18
AON/MCK,AON,MCK,static_threshold,9531.773550512014,1.1054940804428124,0.7391380800637959,1.0,100,3,2025-12-18
CI/LVS,CI,LVS,static_threshold,-2951.123071886262,-0.13812771630127613,0.7391380800637959,2.451687042290877e-05,90,3,2025-12-18
DVN/YUM,DVN,YUM,static_threshold,-18056.07771744857,-1.3420675381197282,0.7391380800637959,3.5192507292327214e-43,90,3,2025-12-18
CHD/HON,CHD,HON,static_threshold,15669.96163249063,1.4315067454459471,0.7391380800637959,0.9999999999999944,94,3,2025-12-18
CSCO/PAYC,CSCO,PAYC,static_threshold,6793.944466380832,0.5192867912111971,0.7391380800637959,0.9999999927053497,96,3,2025-12-18
TXT/YUM,TXT,YUM,fast_signal,-3962.740358514826,-0.4107495359500783,0.3273891680661579,1.0426865320996241e-15,70,3,2025-12-18
HAS/PFE,HAS,PFE,fast_signal,11603.19037079554,0.73327444765186,0.3273891680661579,0.9999999994313641,68,3,2025-12-18
DLR/PRU,DLR,PRU,fast_signal,-101.7276681612802,-0.008288660266613542,0.3273891680661579,0.010749702565313502,82,3,2025-12-18
HRL/MKC,HRL,MKC,fast_signal,-1878.530808337353,-0.2894204423585786,0.3273891680661579,7.40706136830426e-13,72,3,2025-12-18
PFG/YUM,PFG,YUM,fast_signal,6746.633910561287,0.6747719228458896,0.3273891680661579,0.9999999999963367,68,3,2025-12-18
CINF/FMC,CINF,FMC,fast_signal,-688.6857975744388,-0.05008769638354753,0.3273891680661579,0.0013056953363478124,74,3,2025-12-18
FSLR/RSG,FSLR,RSG,fast_signal,26496.08196318629,1.0112189060411518,0.3273891680661579,0.9999940571109821,72,3,2025-12-18
AME/WMT,AME,WMT,fast_signal,-8943.398407981163,-0.7980762797690127,0.3273891680661579,1.4373439810814775e-24,90,3,2025-12-18
AON/GEN,AON,GEN,fast_signal,5906.162382152038,0.5786431383666274,0.3273891680661579,0.9997323184181648,72,3,2025-12-18
DXCM/UDR,DXCM,UDR,fast_signal,21135.22027447783,1.123716336101728,0.3273891680661579,0.9999999999999795,66,3,2025-12-18
AON/MCK,AON,MCK,fast_signal,3950.417659687849,0.6126074885736171,0.3273891680661579,0.9999999999993243,68,3,2025-12-18
CI/LVS,CI,LVS,fast_signal,-3909.357153166839,-0.22147492407079078,0.3273891680661579,3.6054441994027665e-05,88,3,2025-12-18
DVN/YUM,DVN,YUM,fast_signal,-11611.58934720476,-1.075615856555344,0.3273891680661579,2.7930530098959464e-22,60,3,2025-12-18
CHD/HON,CHD,HON,fast_signal,2290.5044344155,0.306149769634084,0.3273891680661579,0.9999515805431519,88,3,2025-12-18
CSCO/PAYC,CSCO,PAYC,fast_signal,-684.4283199750157,-0.06074878175136318,0.3273891680661579,0.00026603791324178455,76,3,2025-12-18
TXT/YUM,TXT,YUM,low_entry,484.8792729018651,0.04821775454856087,0.3126407202001191,0.13513029642996938,86,3,2025-12-18
HAS/PFE,HAS,PFE,low_entry,7428.262360445617,0.3828298496640778,0.3126407202001191,0.9999670452850442,106,3,2025-12-18
DLR/PRU,DLR,PRU,low_entry,-4369.014967575495,-0.29692427104171976,0.3126407202001191,5.7696472761724055e-12,100,3,2025-12-18
HRL/MKC,HRL,MKC,low_entry,4656.397937131444,0.484037772633542,0.3126407202001191,0.9999999935172432,90,3,2025-12-18
PFG/YUM,PFG,YUM,low_entry,12460.99338007736,1.120896043916973,0.3126407202001191,1.0,88,3,2025-12-18
CINF/FMC,CINF,FMC,low_entry,7219.254926023608,0.22171836444137794,0.3126407202001191,0.9904655517859111,96,3,2025-12-18
FSLR/RSG,FSLR,RSG,low_entry,18517.69345358192,0.6922762161634471,0.3126407202001191,0.9999889733990497,104,3,2025-12-18
AME/WMT,AME,WMT,low_entry,-4138.072902775468,-0.3373850623520604,0.3126407202001191,3.5612493388674275e-24,96,3,2025-12-18
AON/GEN,AON,GEN,low_entry,13028.65005589101,1.0299091046288567,0.3126407202001191,0.9999999999505622,88,3,2025-12-18
DXCM/UDR,DXCM,UDR,low_entry,6300.184811186102,0.32768716039538026,0.3126407202001191,0.999999987172341,90,3,2025-12-18
AON/MCK,AON,MCK,low_entry,-6240.064765463214,-0.5407816247838867,0.3126407202001191,1.4212917149964905e-14,96,3,2025-12-18
CI/LVS,CI,LVS,low_entry,-6606.492852246347,-0.3147724856531625,0.3126407202001191,3.608706650564073e-08,112,3,2025-12-18
DVN/YUM,DVN,YUM,low_entry,2109.918414689301,0.12364976921573873,0.3126407202001191,0.6993878354922268,100,3,2025-12-18
CHD/HON,CHD,HON,low_entry,7809.292954152523,0.7396501366307346,0.3126407202001191,0.9999999999987406,84,3,2025-12-18
CSCO/PAYC,CSCO,PAYC,low_entry,-9477.997058727831,-0.7065163741641972,0.3126407202001191,2.1115070495157925e-13,96,3,2025-12-18
TXT/YUM,TXT,YUM,fast_signal_tight_stop,-4940.550249894146,-0.5978974064768143,0.2572249343598762,6.2795992470528e-20,60,3,2025-12-18
HAS/PFE,HAS,PFE,fast_signal_tight_stop,19541.82062059864,1.3256233072687185,0.2572249343598762,0.9999999472012446,64,3,2025-12-18
DLR/PRU,DLR,PRU,fast_signal_tight_stop,-2772.510571960533,-0.257100821888967,0.2572249343598762,1.5289983437095376e-14,64,3,2025-12-18
HRL/MKC,HRL,MKC,fast_signal_tight_stop,-1892.987509662594,-0.26907777088882073,0.2572249343598762,4.504251925361688e-12,62,3,2025-12-18
PFG/YUM,PFG,YUM,fast_signal_tight_stop,8891.8044218978,0.8976812079396307,0.2572249343598762,0.9999999999947602,70,3,2025-12-18
CINF/FMC,CINF,FMC,fast_signal_tight_stop,-6780.641016957279,-0.602025427599267,0.2572249343598762,2.6542873063030315e-18,58,3,2025-12-18
FSLR/RSG,FSLR,RSG,fast_signal_tight_stop,19556.91948631052,0.759176044241693,0.2572249343598762,0.9999420024763511,72,3,2025-12-18
AME/WMT,AME,WMT,fast_signal_tight_stop,-3369.404176655246,-0.3449766741743634,0.2572249343598762,4.488089518103145e-23,82,3,2025-12-18
AON/GEN,AON,GEN,fast_signal_tight_stop,5238.135837266546,0.6383063461612093,0.2572249343598762,0.9999999999786029,70,3,2025-12-18
DXCM/UDR,DXCM,UDR,fast_signal_tight_stop,22099.28243009223,1.4807913072355328,0.2572249343598762,0.9999999999948296,62,3,2025-12-18
AON/MCK,AON,MCK,fast_signal_tight_stop,4408.692471048651,0.6427969099487518,0.2572249343598762,0.9999999999999737,66,3,2025-12-18
CI/LVS,CI,LVS,fast_signal_tight_stop,-176.9891968158654,-0.010662187114223927,0.2572249343598762,0.012508210224095182,74,3,2025-12-18
DVN/YUM,DVN,YUM,fast_signal_tight_stop,-10778.46960932871,-1.0587138631994237,0.2572249343598762,2.978723759299197e-19,62,3,2025-12-18
CHD/HON,CHD,HON,fast_signal_tight_stop,1151.343788349726,0.15401052369132134,0.2572249343598762,0.905215390016817,72,3,2025-12-18
CSCO/PAYC,CSCO,PAYC,fast_signal_tight_stop,-8986.8876199505,-0.8431914837101155,0.2572249343598762,3.888095770901869e-16,64,3,2025-12-18
TXT/YUM,TXT,YUM,aggressive,-5682.305787809197,-0.3502079024402322,0.2491822455570501,1.392287731382552e-13,96,3,2025-12-18
HAS/PFE,HAS,PFE,aggressive,8135.581208525997,0.2954147391916358,0.2491822455570501,0.9982898892558977,104,3,2025-12-18
DLR/PRU,DLR,PRU,aggressive,-16054.66718552928,-0.7423893312818675,0.2491822455570501,1.9750515984365297e-14,100,3,2025-12-18
HRL/MKC,HRL,MKC,aggressive,13584.19252654043,0.7798238633391793,0.2491822455570501,0.9999998920507528,96,3,2025-12-18
PFG/YUM,PFG,YUM,aggressive,3993.057255925353,0.22217348311623483,0.2491822455570501,0.9711170632315457,86,3,2025-12-18
CINF/FMC,CINF,FMC,aggressive,9908.250123465843,0.19762217455480915,0.2491822455570501,0.9908779503788138,74,3,2025-12-18
FSLR/RSG,FSLR,RSG,aggressive,37996.86780837192,0.8771200326752638,0.2491822455570501,0.999999967821656,106,3,2025-12-18
AME/WMT,AME,WMT,aggressive,3277.764684387552,0.18007646154665655,0.2491822455570501,0.8991218387934812,102,3,2025-12-18
AON/GEN,AON,GEN,aggressive,5727.578806056376,0.3089888016535995,0.2491822455570501,0.9991333732493195,76,3,2025-12-18
DXCM/UDR,DXCM,UDR,aggressive,8466.4485069529,0.2902128879562755,0.2491822455570501,0.9998458263240496,76,3,2025-12-18
AON/MCK,AON,MCK,aggressive,6861.600356969191,0.6005593577646139,0.2491822455570501,0.9999999999999233,90,3,2025-12-18
CI/LVS,CI,LVS,aggressive,-8123.502755014519,-0.2526672886926352,0.2491822455570501,1.446015431701075e-07,98,3,2025-12-18
DVN/YUM,DVN,YUM,aggressive,-16880.67830264647,-0.8188216426931157,0.2491822455570501,8.106171052509866e-25,94,3,2025-12-18
CHD/HON,CHD,HON,aggressive,4830.176156204807,0.3535161830849026,0.2491822455570501,0.9999799260318029,90,3,2025-12-18
CSCO/PAYC,CSCO,PAYC,aggressive,-6443.874756114068,-0.3287924165207436,0.2491822455570501,1.4597845545613475e-10,90,3,2025-12-18
TXT/YUM,TXT,YUM,vol_agnostic,-10839.15894068233,-0.9261588483410998,0.1753003979762825,3.143531013666875e-30,86,3,2025-12-18
HAS/PFE,HAS,PFE,vol_agnostic,3946.254169797945,0.25272926894256503,0.1753003979762825,0.9769086708571302,88,3,2025-12-18
DLR/PRU,DLR,PRU,vol_agnostic,-6354.978482480228,-0.4429195706428803,0.1753003979762825,1.0702185722117931e-13,80,3,2025-12-18
HRL/MKC,HRL,MKC,vol_agnostic,5683.357074699122,0.5945621833264666,0.1753003979762825,0.9999999999935375,82,3,2025-12-18
PFG/YUM,PFG,YUM,vol_agnostic,3318.286387526728,0.25599096360135626,0.1753003979762825,0.991022467930071,98,3,2025-12-18
CINF/FMC,CINF,FMC,vol_agnostic,21813.90664446967,0.6268222008481789,0.1753003979762825,0.9973250156027411,66,3,2025-12-18
FSLR/RSG,FSLR,RSG,vol_agnostic,27048.02755966402,1.0256911162844882,0.1753003979762825,1.0,100,3,2025-12-18
AME/WMT,AME,WMT,vol_agnostic,-8039.525411433013,-0.606699420368849,0.1753003979762825,2.5839754301811956e-32,90,3,2025-12-18
AON/GEN,AON,GEN,vol_agnostic,16895.06634869323,1.3144722984252593,0.1753003979762825,0.9999999999996136,66,3,2025-12-18
DXCM/UDR,DXCM,UDR,vol_agnostic,8995.724314686691,0.4407698541493051,0.1753003979762825,0.9999999879457264,76,3,2025-12-18
AON/MCK,AON,MCK,vol_agnostic,2749.287503555457,0.303353017469294,0.1753003979762825,0.9992927366041355,100,3,2025-12-18
CI/LVS,CI,LVS,vol_agnostic,-8575.815362211266,-0.40424973684053467,0.1753003979762825,1.3356121611255304e-09,86,3,2025-12-18
DVN/YUM,DVN,YUM,vol_agnostic,-29822.40166643972,-1.89732536590133,0.1753003979762825,7.63826911708001e-24,90,3,2025-12-18
CHD/HON,CHD,HON,vol_agnostic,8775.641756067456,0.7865985546236798,0.1753003979762825,0.9999999999998591,94,3,2025-12-18
CSCO/PAYC,CSCO,PAYC,vol_agnostic,3833.276250314808,0.29114672168746686,0.1753003979762825,0.9998477128223696,102,3,2025-12-18
TXT/YUM,TXT,YUM,low_vol_specialist,-10279.71576134217,-0.8286287362149556,0.1209709685787683,2.18133244088885e-25,116,3,2025-12-18
HAS/PFE,HAS,PFE,low_vol_specialist,20844.26065884758,1.4108877365830856,0.1209709685787683,0.9999999997654535,102,3,2025-12-18
DLR/PRU,DLR,PRU,low_vol_specialist,2537.28826020867,0.23092159176730656,0.1209709685787683,0.991428990464477,118,3,2025-12-18
HRL/MKC,HRL,MKC,low_vol_specialist,12436.26204554833,1.1261336971957,0.1209709685787683,0.9999962554750718,96,3,2025-12-18
PFG/YUM,PFG,YUM,low_vol_specialist,-4598.553238631881,-0.3902942652821801,0.1209709685787683,1.2810150971889927e-10,94,3,2025-12-18
CINF/FMC,CINF,FMC,low_vol_specialist,-3340.978170227319,-0.21581261480218308,0.1209709685787683,3.007214283804705e-08,110,3,2025-12-18
FSLR/RSG,FSLR,RSG,low_vol_specialist,22934.73329327119,0.7908848739198887,0.1209709685787683,0.9999995470222673,116,3,2025-12-18
AME/WMT,AME,WMT,low_vol_specialist,1534.527318499162,0.14500891773943408,0.1209709685787683,0.7924313664972973,116,3,2025-12-18
AON/GEN,AON,GEN,low_vol_specialist,12753.41034176779,1.0769008379867575,0.1209709685787683,0.9999999999999991,104,3,2025-12-18
DXCM/UDR,DXCM,UDR,low_vol_specialist,-2016.592581627889,-0.10352184285577593,0.1209709685787683,4.973858984006419e-05,118,3,2025-12-18
AON/MCK,AON,MCK,low_vol_specialist,-2395.228727872749,-0.2898750703832475,0.1209709685787683,5.5195974326717075e-14,104,3,2025-12-18
CI/LVS,CI,LVS,low_vol_specialist,8132.643599510069,0.39253686045352043,0.1209709685787683,0.9999999862658039,112,3,2025-12-18
DVN/YUM,DVN,YUM,low_vol_specialist,-6684.141732970365,-0.49082101686273344,0.1209709685787683,1.2548045521173857e-17,96,3,2025-12-18
CHD/HON,CHD,HON,low_vol_specialist,-5782.413373962774,-0.5902842280813347,0.1209709685787683,2.345167460103454e-10,88,3,2025-12-18
CSCO/PAYC,CSCO,PAYC,low_vol_specialist,-11486.35884627453,-0.892863637925959,0.1209709685787683,1.7532274052392467e-33,124,3,2025-12-18
TXT/YUM,TXT,YUM,medium_signal_high_leverage,-3680.412489647511,-0.28686620677569175,0.1198848994570825,3.799778101270498e-13,48,3,2025-12-18
HAS/PFE,HAS,PFE,medium_signal_high_leverage,-3727.070065467167,-0.17915730816649847,0.1198848994570825,7.289706677684957e-15,58,3,2025-12-18
DLR/PRU,DLR,PRU,medium_signal_high_leverage,-4500.522434949758,-0.24655290988112538,0.1198848994570825,7.410125464110465e-15,56,3,2025-12-18
HRL/MKC,HRL,MKC,medium_signal_high_leverage,6513.494116954284,0.5317637186906216,0.1198848994570825,0.9999999622418795,52,3,2025-12-18
PFG/YUM,PFG,YUM,medium_signal_high_leverage,12450.93696691198,0.830670266797611,0.1198848994570825,0.9999999999979151,54,3,2025-12-18
CINF/FMC,CINF,FMC,medium_signal_high_leverage,-9005.720674541011,-0.41057802380500374,0.1198848994570825,1.907958728095766e-12,52,3,2025-12-18
FSLR/RSG,FSLR,RSG,medium_signal_high_leverage,11302.61309369556,0.30343888125647417,0.1198848994570825,0.9886435223443534,64,3,2025-12-18
AME/WMT,AME,WMT,medium_signal_high_leverage,-2046.265859466499,-0.12522765345138204,0.1198848994570825,3.9616656110714564e-08,58,3,2025-12-18
AON/GEN,AON,GEN,medium_signal_high_leverage,9786.505998673623,0.5550023622447285,0.1198848994570825,0.9999986477489993,46,3,2025-12-18
DXCM/UDR,DXCM,UDR,medium_signal_high_leverage,17040.44572828717,0.6848233278640669,0.1198848994570825,0.9999999984960175,48,3,2025-12-18
AON/MCK,AON,MCK,medium_signal_high_leverage,1806.005098097232,0.18061107610455351,0.1198848994570825,0.9374348253839271,60,3,2025-12-18
CI/LVS,CI,LVS,medium_signal_high_leverage,-6673.805771636502,-0.23016980740888765,0.1198848994570825,1.0183050285996679e-05,52,3,2025-12-18
DVN/YUM,DVN,YUM,medium_signal_high_leverage,-20073.42727559925,-1.3534891684193464,0.1198848994570825,1.4244815574156853e-22,52,3,2025-12-18
CHD/HON,CHD,HON,medium_signal_high_leverage,14316.36348555626,1.090046867513779,0.1198848994570825,0.9999999998578691,64,3,2025-12-18
CSCO/PAYC,CSCO,PAYC,medium_signal_high_leverage,11525.16315822453,0.7149889534930868,0.1198848994570825,0.9999999193921615,52,3,2025-12-18
TXT/YUM,TXT,YUM,long_z_short_v,-6243.417453770688,-0.692546429548646,0.080148993118943,6.076196314807333e-24,48,3,2025-12-18
HAS/PFE,HAS,PFE,long_z_short_v,9629.16101971837,0.9382922084230383,0.080148993118943,0.9999999989954073,40,3,2025-12-18
DLR/PRU,DLR,PRU,long_z_short_v,1539.811573835401,0.15758825679930843,0.080148993118943,0.7668920144585902,48,3,2025-12-18
HRL/MKC,HRL,MKC,long_z_short_v,-2961.657764704172,-0.4613140192676154,0.080148993118943,1.8018819783373747e-16,38,3,2025-12-18
PFG/YUM,PFG,YUM,long_z_short_v,1786.319341753437,0.18776024516005277,0.080148993118943,0.9375188240098005,56,3,2025-12-18
CINF/FMC,CINF,FMC,long_z_short_v,7049.646430516069,0.5157353631158241,0.080148993118943,0.9999999999992186,54,3,2025-12-18
FSLR/RSG,FSLR,RSG,long_z_short_v,8051.501285516844,0.38672272576368155,0.080148993118943,0.9795459209094922,48,3,2025-12-18
AME/WMT,AME,WMT,long_z_short_v,3346.384721033411,0.3498811177191371,0.080148993118943,0.9996952190202881,52,3,2025-12-18
AON/GEN,AON,GEN,long_z_short_v,-561.3395118607577,-0.07013290137305235,0.080148993118943,0.00014241901231468155,42,3,2025-12-18
DXCM/UDR,DXCM,UDR,long_z_short_v,-133.7179187325255,-0.009187219861542532,0.080148993118943,0.010941433893010624,56,3,2025-12-18
AON/MCK,AON,MCK,long_z_short_v,-638.6491037371479,-0.1033228968074826,0.080148993118943,3.3091171507336143e-05,44,3,2025-12-18
CI/LVS,CI,LVS,long_z_short_v,1626.29912595718,0.10126962608462771,0.080148993118943,0.4951436854313962,32,3,2025-12-18
DVN/YUM,DVN,YUM,long_z_short_v,907.7111160857403,0.08566571958803218,0.080148993118943,0.3657053500158533,42,3,2025-12-18
CHD/HON,CHD,HON,long_z_short_v,3134.825041568717,0.36651747985986927,0.080148993118943,0.9999537669754298,52,3,2025-12-18
CSCO/PAYC,CSCO,PAYC,long_z_short_v,5112.553120102481,0.6089840678464555,0.080148993118943,0.9999999990417596,54,3,2025-12-18
TXT/YUM,TXT,YUM,flash_hold,-4166.286338088289,-0.7782422139104294,0.0549220412994288,7.534961434597675e-23,126,3,2025-12-18
HAS/PFE,HAS,PFE,flash_hold,3758.139884389313,0.4291823224606621,0.0549220412994288,0.999946189390287,146,3,2025-12-18
DLR/PRU,DLR,PRU,flash_hold,-1373.685781003027,-0.18760460690141875,0.0549220412994288,2.0193155303973206e-08,138,3,2025-12-18
HRL/MKC,HRL,MKC,flash_hold,1356.624408764124,0.2362235128433002,0.0549220412994288,0.9993378668800351,140,3,2025-12-18
PFG/YUM,PFG,YUM,flash_hold,-3671.730881857857,-0.5818757852732316,0.0549220412994288,2.6777483612827475e-16,130,3,2025-12-18
CINF/FMC,CINF,FMC,flash_hold,12819.98625421775,0.7591426732246992,0.0549220412994288,0.9958292218254275,146,3,2025-12-18
FSLR/RSG,FSLR,RSG,flash_hold,11871.33859984036,1.0115675622398617,0.0549220412994288,0.9999999999999996,124,3,2025-12-18
AME/WMT,AME,WMT,flash_hold,-143.7515422626111,-0.021785346257268984,0.0549220412994288,0.004645311222083212,144,3,2025-12-18
AON/GEN,AON,GEN,flash_hold,-678.1615655938693,-0.09425453458382425,0.0549220412994288,1.6204778832774887e-05,134,3,2025-12-18
DXCM/UDR,DXCM,UDR,flash_hold,4266.641774602728,0.43468556661638363,0.0549220412994288,0.9999999999907253,160,3,2025-12-18
AON/MCK,AON,MCK,flash_hold,2466.372407886073,0.5100540174039029,0.0549220412994288,0.999999999984497,120,3,2025-12-18
CI/LVS,CI,LVS,flash_hold,2818.490680901693,0.24134000649705267,0.0549220412994288,0.9991904956811598,156,3,2025-12-18
DVN/YUM,DVN,YUM,flash_hold,-1249.646964535057,-0.14980995312601542,0.0549220412994288,2.7757943317993185e-05,126,3,2025-12-18
CHD/HON,CHD,HON,flash_hold,6096.229508923498,1.0478337390445036,0.0549220412994288,0.9999999999999514,128,3,2025-12-18
CSCO/PAYC,CSCO,PAYC,flash_hold,-3811.115210391117,-0.524535740121154,0.0549220412994288,2.2349807620919314e-14,132,3,2025-12-18
TXT/YUM,TXT,YUM,vol_adaptive,-1208.308396303444,-0.15216142392377882,-0.0143503523497346,7.212201208325363e-08,60,3,2025-12-18
HAS/PFE,HAS,PFE,vol_adaptive,-9944.987712396865,-0.7181454134431366,-0.0143503523497346,6.250062891438801e-15,66,3,2025-12-18
DLR/PRU,DLR,PRU,vol_adaptive,-8379.934946066935,-0.7319741005910035,-0.0143503523497346,3.757150947090459e-12,66,3,2025-12-18
HRL/MKC,HRL,MKC,vol_adaptive,1689.862716679754,0.21396867278166573,-0.0143503523497346,0.9823525612450718,62,3,2025-12-18
PFG/YUM,PFG,YUM,vol_adaptive,6866.069771479813,0.6840791722965184,-0.0143503523497346,0.9999999999989228,64,3,2025-12-18
CINF/FMC,CINF,FMC,vol_adaptive,-2518.41738854246,-0.19845240352336496,-0.0143503523497346,3.852100350859863e-08,62,3,2025-12-18
FSLR/RSG,FSLR,RSG,vol_adaptive,8871.5545693621,0.36175614910507103,-0.0143503523497346,0.9952446355568317,72,3,2025-12-18
AME/WMT,AME,WMT,vol_adaptive,6406.157039119691,0.6523855706943126,-0.0143503523497346,0.9999938946277783,66,3,2025-12-18
AON/GEN,AON,GEN,vol_adaptive,3548.582081687757,0.3737474123813859,-0.0143503523497346,0.9999998489111813,56,3,2025-12-18
DXCM/UDR,DXCM,UDR,vol_adaptive,8510.32505648353,0.5313670224783795,-0.0143503523497346,0.9999998959835179,56,3,2025-12-18
AON/MCK,AON,MCK,vol_adaptive,566.6442318373565,0.07716256249233981,-0.0143503523497346,0.29705854310102553,64,3,2025-12-18
CI/LVS,CI,LVS,vol_adaptive,-3801.446149222924,-0.2506501516880904,-0.0143503523497346,2.0336278824651937e-07,70,3,2025-12-18
DVN/YUM,DVN,YUM,vol_adaptive,7805.583602527667,0.5405275635016217,-0.0143503523497346,0.9999999998059841,62,3,2025-12-18
CHD/HON,CHD,HON,vol_adaptive,7582.977732185163,0.8366809765914208,-0.0143503523497346,0.9999999999958743,78,3,2025-12-18
CSCO/PAYC,CSCO,PAYC,vol_adaptive,345.6942133514267,0.030243462692502318,-0.0143503523497346,0.06795580190918853,56,3,2025-12-18
TXT/YUM,TXT,YUM,vol_gated,-1204.571305199615,-0.15193893634353844,-0.0212241747322562,7.333744265302412e-08,60,3,2025-12-18
HAS/PFE,HAS,PFE,vol_gated,-9930.490540800183,-0.7184266548566222,-0.0212241747322562,5.860629861833099e-15,66,3,2025-12-18
DLR/PRU,DLR,PRU,vol_gated,-4289.788496671599,-0.3960594788277326,-0.0212241747322562,6.02665336432501e-13,64,3,2025-12-18
HRL/MKC,HRL,MKC,vol_gated,1420.573005232913,0.18253040948192475,-0.0212241747322562,0.9403130098661775,62,3,2025-12-18
PFG/YUM,PFG,YUM,vol_gated,7844.112587619223,0.7932042974451683,-0.0212241747322562,0.9999999999989607,60,3,2025-12-18
CINF/FMC,CINF,FMC,vol_gated,-2529.741355803572,-0.19968947292338995,-0.0212241747322562,3.487982715484749e-08,62,3,2025-12-18
FSLR/RSG,FSLR,RSG,vol_gated,8870.231908746706,0.3620868783358734,-0.0212241747322562,0.9952157726759022,72,3,2025-12-18
AME/WMT,AME,WMT,vol_gated,5211.421167113777,0.537604271163374,-0.0212241747322562,0.9999490881633779,64,3,2025-12-18
AON/GEN,AON,GEN,vol_gated,4667.700966944107,0.5001103834028238,-0.0212241747322562,0.9999999999329359,54,3,2025-12-18
DXCM/UDR,DXCM,UDR,vol_gated,8545.52719336747,0.5340635425254496,-0.0212241747322562,0.999999907314643,56,3,2025-12-18
AON/MCK,AON,MCK,vol_gated,1025.252571969099,0.14237802112744188,-0.0212241747322562,0.8150239127037902,62,3,2025-12-18
CI/LVS,CI,LVS,vol_gated,-4629.181758872121,-0.30630231672793157,-0.0212241747322562,3.9165812553695804e-08,68,3,2025-12-18
DVN/YUM,DVN,YUM,vol_gated,5847.503587674211,0.4144843845762463,-0.0212241747322562,0.9999999968289254,64,3,2025-12-18
CHD/HON,CHD,HON,vol_gated,6928.287514380958,0.7675493790567115,-0.0212241747322562,0.9999999999944713,72,3,2025-12-18
CSCO/PAYC,CSCO,PAYC,vol_gated,-1733.402959623777,-0.15426438889714333,-0.0212241747322562,1.0765692648058913e-05,52,3,2025-12-18
TXT/YUM,TXT,YUM,fast_reentry,-6395.60801670944,-0.7827132519953156,-0.0484538223543461,7.589795774242777e-32,62,3,2025-12-18
HAS/PFE,HAS,PFE,fast_reentry,-3927.12090437362,-0.28441959941853423,-0.0484538223543461,1.2352251871354512e-18,76,3,2025-12-18
DLR/PRU,DLR,PRU,fast_reentry,-4564.014767547751,-0.4306067907818347,-0.0484538223543461,3.4573334323689365e-18,66,3,2025-12-18
HRL/MKC,HRL,MKC,fast_reentry,6801.406626474377,0.8889001999669683,-0.0484538223543461,0.9999999996471093,56,3,2025-12-18
PFG/YUM,PFG,YUM,fast_reentry,12233.3943181248,1.2671634744260125,-0.0484538223543461,0.9999999999734464,56,3,2025-12-18
CINF/FMC,CINF,FMC,fast_reentry,13517.8842711493,0.4253416890290396,-0.0484538223543461,0.9903731675393505,62,3,2025-12-18
FSLR/RSG,FSLR,RSG,fast_reentry,14937.09790801586,0.5795456270452715,-0.0484538223543461,0.9999054822521234,66,3,2025-12-18
AME/WMT,AME,WMT,fast_reentry,-3414.295520725042,-0.32364372611654696,-0.0484538223543461,1.5337569475205985e-19,66,3,2025-12-18
AON/GEN,AON,GEN,fast_reentry,5566.69615988117,0.6604731579558019,-0.0484538223543461,0.999999999398396,62,3,2025-12-18
DXCM/UDR,DXCM,UDR,fast_reentry,2906.283812507664,0.18356897545728523,-0.0484538223543461,0.9438819183196915,62,3,2025-12-18
AON/MCK,AON,MCK,fast_reentry,-199.95425692155,-0.028345391218622226,-0.0484538223543461,0.003768429865908752,60,3,2025-12-18
CI/LVS,CI,LVS,fast_reentry,-4115.755465778381,-0.20600339463760017,-0.0484538223543461,5.6779476565254446e-06,70,3,2025-12-18
DVN/YUM,DVN,YUM,fast_reentry,-16439.2863304737,-1.5347050151453947,-0.0484538223543461,4.240615690634298e-26,60,3,2025-12-18
CHD/HON,CHD,HON,fast_reentry,5960.392544517679,0.8304331706218122,-0.0484538223543461,0.9999982893249106,48,3,2025-12-18
CSCO/PAYC,CSCO,PAYC,fast_reentry,1218.938597901975,0.11620718428061215,-0.0484538223543461,0.6279058390444916,62,3,2025-12-18
TXT/YUM,TXT,YUM,high_turnover,-3425.312691572313,-0.33725215769024275,-0.0707706034325413,2.8040618111899893e-14,88,3,2025-12-18
HAS/PFE,HAS,PFE,high_turnover,-2890.638213053258,-0.22781445498482228,-0.0707706034325413,3.0584914226157934e-06,84,3,2025-12-18
DLR/PRU,DLR,PRU,high_turnover,2701.508843442291,0.21397853004686065,-0.0707706034325413,0.9494996433647401,92,3,2025-12-18
HRL/MKC,HRL,MKC,high_turnover,9476.788215171371,0.9155111328493543,-0.0707706034325413,0.999986397058962,88,3,2025-12-18
PFG/YUM,PFG,YUM,high_turnover,3093.738226012427,0.30950091028909776,-0.0707706034325413,0.9997947882995127,80,3,2025-12-18
CINF/FMC,CINF,FMC,high_turnover,-1019.839311149964,-0.07103418996583767,-0.0707706034325413,0.00026154795814549,88,3,2025-12-18
FSLR/RSG,FSLR,RSG,high_turnover,31065.48361241517,1.2526363992712575,-0.0707706034325413,0.9999941676022835,92,3,2025-12-18
AME/WMT,AME,WMT,high_turnover,-146.1767990125227,-0.01522260284408553,-0.0707706034325413,0.007221015644454671,96,3,2025-12-18
AON/GEN,AON,GEN,high_turnover,-2535.62229547391,-0.2930694640114628,-0.0707706034325413,6.943456604820158e-15,72,3,2025-12-18
DXCM/UDR,DXCM,UDR,high_turnover,999.5918085101466,0.06096409751135342,-0.0707706034325413,0.19503705648158454,76,3,2025-12-18
AON/MCK,AON,MCK,high_turnover,-2804.767788596771,-0.244843091726986,-0.0707706034325413,5.176219385117569e-12,92,3,2025-12-18
CI/LVS,CI,LVS,high_turnover,-6150.124983882089,-0.3575836633986773,-0.0707706034325413,3.6236166790045104e-06,86,3,2025-12-18
DVN/YUM,DVN,YUM,high_turnover,-3178.875863656986,-0.20367953472365918,-0.0707706034325413,1.0838717809842216e-05,78,3,2025-12-18
CHD/HON,CHD,HON,high_turnover,4739.962672514946,0.549263389117728,-0.0707706034325413,0.9999999985270739,90,3,2025-12-18
CSCO/PAYC,CSCO,PAYC,high_turnover,-7695.618630403479,-0.649706441317817,-0.0707706034325413,8.595680076225493e-23,88,3,2025-12-18
TXT/YUM,TXT,YUM,stable_signal_quick_exit,3828.593323501587,0.46628611415062915,-0.1017647092303384,0.9999999890421215,48,3,2025-12-18
HAS/PFE,HAS,PFE,stable_signal_quick_exit,-4790.272422337242,-0.3318944837738429,-0.1017647092303384,4.2557799307350076e-07,46,3,2025-12-18
DLR/PRU,DLR,PRU,stable_signal_quick_exit,-4231.103843347093,-0.425598831774983,-0.1017647092303384,1.699605539051292e-10,44,3,2025-12-18
HRL/MKC,HRL,MKC,stable_signal_quick_exit,2847.433243601312,0.3962818107500446,-0.1017647092303384,0.9999623919948926,46,3,2025-12-18
PFG/YUM,PFG,YUM,stable_signal_quick_exit,10510.96181919437,1.1330005649005588,-0.1017647092303384,0.999999999999311,42,3,2025-12-18
CINF/FMC,CINF,FMC,stable_signal_quick_exit,1277.034064803614,0.09615700600876524,-0.1017647092303384,0.45217733480698974,48,3,2025-12-18
FSLR/RSG,FSLR,RSG,stable_signal_quick_exit,6260.094742631383,0.2343717856803731,-0.1017647092303384,0.9621423400455577,60,3,2025-12-18
AME/WMT,AME,WMT,stable_signal_quick_exit,3058.467348602102,0.30711657329624,-0.1017647092303384,0.9959981429197183,48,3,2025-12-18
AON/GEN,AON,GEN,stable_signal_quick_exit,-4041.481006599122,-0.4429038200503844,-0.1017647092303384,4.380931512724702e-11,44,3,2025-12-18
DXCM/UDR,DXCM,UDR,stable_signal_quick_exit,-1877.923475112106,-0.13488038713193673,-0.1017647092303384,7.67215258813e-08,50,3,2025-12-18
AON/MCK,AON,MCK,stable_signal_quick_exit,2501.304368906892,0.3690136326861171,-0.1017647092303384,0.9999985293587743,42,3,2025-12-18
CI/LVS,CI,LVS,stable_signal_quick_exit,-4464.473651818418,-0.37759090146544355,-0.1017647092303384,5.469308978309046e-12,36,3,2025-12-18
DVN/YUM,DVN,YUM,stable_signal_quick_exit,-2028.599658577561,-0.1428423356342101,-0.1017647092303384,0.0002234550416039326,52,3,2025-12-18
CHD/HON,CHD,HON,stable_signal_quick_exit,10705.93289094742,1.108452221236336,-0.1017647092303384,0.9999999985665695,50,3,2025-12-18
CSCO/PAYC,CSCO,PAYC,stable_signal_quick_exit,2901.710908252961,0.25528432151669295,-0.1017647092303384,0.9981179294108042,62,3,2025-12-18
TXT/YUM,TXT,YUM,high_leverage,-9559.609228420317,-0.7411300396484086,-0.1127191660627053,2.287936193152633e-26,56,3,2025-12-18
HAS/PFE,HAS,PFE,high_leverage,-21095.52438902323,-1.0623942514310647,-0.1127191660627053,9.724017309937146e-11,52,3,2025-12-18
DLR/PRU,DLR,PRU,high_leverage,-5691.690472017728,-0.39584774514476556,-0.1127191660627053,1.6771125760165434e-14,48,3,2025-12-18
HRL/MKC,HRL,MKC,high_leverage,5982.612676159429,0.5377591255343995,-0.1127191660627053,0.9999997147155831,50,3,2025-12-18
PFG/YUM,PFG,YUM,high_leverage,8625.01799411423,0.5100083430656227,-0.1127191660627053,0.9997719960515387,56,3,2025-12-18
CINF/FMC,CINF,FMC,high_leverage,-7510.291408446551,-0.347223246097892,-0.1127191660627053,1.2244985871206456e-10,48,3,2025-12-18
FSLR/RSG,FSLR,RSG,high_leverage,33432.71751788944,0.890367787594314,-0.1127191660627053,0.9999854844825492,60,3,2025-12-18
AME/WMT,AME,WMT,high_leverage,-9338.275330773025,-0.6020497923851813,-0.1127191660627053,9.568829195521257e-20,52,3,2025-12-18
AON/GEN,AON,GEN,high_leverage,10671.42983241225,0.6348559760061073,-0.1127191660627053,0.9999984971154665,48,3,2025-12-18
DXCM/UDR,DXCM,UDR,high_leverage,15831.98866339086,0.6238352574673628,-0.1127191660627053,0.9999999945766841,50,3,2025-12-18
AON/MCK,AON,MCK,high_leverage,-535.7182995456787,-0.05070334186992609,-0.1127191660627053,0.000920030366867784,58,3,2025-12-18
CI/LVS,CI,LVS,high_leverage,2666.917891862659,0.09086078334136229,-0.1127191660627053,0.39582684485200154,62,3,2025-12-18
DVN/YUM,DVN,YUM,high_leverage,-21636.9045774311,-1.4323053844543978,-0.1127191660627053,4.549628997305092e-25,54,3,2025-12-18
CHD/HON,CHD,HON,high_leverage,7634.410061982069,0.7211464177059174,-0.1127191660627053,0.9999973727731685,46,3,2025-12-18
CSCO/PAYC,CSCO,PAYC,high_leverage,6267.738166261839,0.39798145696730386,-0.1127191660627053,0.9999955858178251,58,3,2025-12-18
TXT/YUM,TXT,YUM,deep_dislocation,-918.4703200728327,-0.08911612662901386,-0.4430082766824755,7.80171588246876e-05,28,3,2025-12-18
HAS/PFE,HAS,PFE,deep_dislocation,12615.23965899544,1.1254681145012002,-0.4430082766824755,0.9999822279491409,28,3,2025-12-18
DLR/PRU,DLR,PRU,deep_dislocation,1080.690221701616,0.10316147250371352,-0.4430082766824755,0.5119152608261431,34,3,2025-12-18
HRL/MKC,HRL,MKC,deep_dislocation,6383.042248856211,0.7852598649147898,-0.4430082766824755,0.9999937387068871,20,3,2025-12-18
PFG/YUM,PFG,YUM,deep_dislocation,6665.417572750393,0.6245200619911403,-0.4430082766824755,0.9999997736581024,26,3,2025-12-18
CINF/FMC,CINF,FMC,deep_dislocation,-20911.09412312391,-1.160724915782592,-0.4430082766824755,1.1084841319842076e-31,44,3,2025-12-18
FSLR/RSG,FSLR,RSG,deep_dislocation,-7505.988176331803,-0.246272725675658,-0.4430082766824755,1.129969684624044e-12,28,3,2025-12-18
AME/WMT,AME,WMT,deep_dislocation,5649.588680161894,0.5744200426664928,-0.4430082766824755,0.9999988213790938,22,3,2025-12-18
AON/GEN,AON,GEN,deep_dislocation,-2716.467998316951,-0.2010196335748984,-0.4430082766824755,4.068369337925382e-16,26,3,2025-12-18
DXCM/UDR,DXCM,UDR,deep_dislocation,2842.453500909931,0.166679544662576,-0.4430082766824755,0.8361152621651895,24,3,2025-12-18
AON/MCK,AON,MCK,deep_dislocation,1053.251053535822,0.15028896762899271,-0.4430082766824755,0.8174440891949648,22,3,2025-12-18
CI/LVS,CI,LVS,deep_dislocation,-2592.652697798081,-0.13912392988872546,-0.4430082766824755,1.6035797337582857e-07,22,3,2025-12-18
DVN/YUM,DVN,YUM,deep_dislocation,-17096.92636513313,-1.3617850870446455,-0.4430082766824755,3.075117852635933e-17,24,3,2025-12-18
CHD/HON,CHD,HON,deep_dislocation,12240.38063222794,1.2078215441566713,-0.4430082766824755,0.999974555521176,22,3,2025-12-18
CSCO/PAYC,CSCO,PAYC,deep_dislocation,2677.464427663645,0.20004761120533784,-0.4430082766824755,0.9905927846883235,22,3,2025-12-18
TXT/YUM,TXT,YUM,patient_hold,-8697.904333695356,-1.155875293676357,-0.5547577901718728,1.0021892622325142e-23,42,3,2025-12-18
HAS/PFE,HAS,PFE,patient_hold,-4626.710180230242,-0.39902535777980636,-0.5547577901718728,3.1762809086555775e-12,36,3,2025-12-18
DLR/PRU,DLR,PRU,patient_hold,-1840.850573191599,-0.25252385866335975,-0.5547577901718728,4.3592836572147707e-08,38,3,2025-12-18
HRL/MKC,HRL,MKC,patient_hold,-468.3075869885542,-0.08752857018485967,-0.5547577901718728,0.0002394246047995541,32,3,2025-12-18
PFG/YUM,PFG,YUM,patient_hold,8297.77524903183,0.9379795314909748,-0.5547577901718728,0.9999999987755186,42,3,2025-12-18
CINF/FMC,CINF,FMC,patient_hold,21730.11285310973,0.7113900775040364,-0.5547577901718728,0.990849604822802,30,3,2025-12-18
FSLR/RSG,FSLR,RSG,patient_hold,-7614.342196326239,-0.4163027006079344,-0.5547577901718728,6.533220570539106e-08,34,3,2025-12-18
AME/WMT,AME,WMT,patient_hold,-3077.631669621415,-0.3519470920543873,-0.5547577901718728,7.806220820673518e-16,38,3,2025-12-18
AON/GEN,AON,GEN,patient_hold,-104.9266909615899,-0.0119192625835236,-0.5547577901718728,0.00800102640044052,34,3,2025-12-18
DXCM/UDR,DXCM,UDR,patient_hold,11431.82663976496,0.9221526620574337,-0.5547577901718728,1.0,34,3,2025-12-18
AON/MCK,AON,MCK,patient_hold,4928.751578732781,1.0164384494469283,-0.5547577901718728,0.999999998971052,54,3,2025-12-18
CI/LVS,CI,LVS,patient_hold,-11436.57984530428,-0.8544689697132588,-0.5547577901718728,3.831482148111232e-17,36,3,2025-12-18
DVN/YUM,DVN,YUM,patient_hold,-15156.53738031229,-1.8682448983505708,-0.5547577901718728,3.245170619554529e-23,32,3,2025-12-18
CHD/HON,CHD,HON,patient_hold,8657.613515801348,1.121417335797523,-0.5547577901718728,0.9999999223144829,36,3,2025-12-18
CSCO/PAYC,CSCO,PAYC,patient_hold,-3121.590334302261,-0.19361853018462374,-0.5547577901718728,1.8414179965024392e-10,30,3,2025-12-18
TXT/YUM,TXT,YUM,slow_reentry,-3325.960778974689,-0.4367417038556704,-0.5878264099179694,2.737450886257457e-20,54,3,2025-12-18
HAS/PFE,HAS,PFE,slow_reentry,-13761.37268222005,-1.1144725312299328,-0.5878264099179694,3.86209452106055e-08,44,3,2025-12-18
DLR/PRU,DLR,PRU,slow_reentry,-2401.288031280729,-0.2692544847841653,-0.5878264099179694,7.733870175256823e-11,40,3,2025-12-18
HRL/MKC,HRL,MKC,slow_reentry,1775.510103289294,0.263397117260265,-0.5878264099179694,0.9958656045522157,48,3,2025-12-18
PFG/YUM,PFG,YUM,slow_reentry,2842.565447845324,0.25558018364020496,-0.5878264099179694,0.9787254566432338,48,3,2025-12-18
CINF/FMC,CINF,FMC,slow_reentry,-3829.038522204493,-0.34548875926615596,-0.5878264099179694,8.796967640812675e-09,40,3,2025-12-18
FSLR/RSG,FSLR,RSG,slow_reentry,10328.96000193769,0.4410597356647362,-0.5878264099179694,0.9974113387953252,52,3,2025-12-18
AME/WMT,AME,WMT,slow_reentry,-4553.181545369077,-0.47329060760582203,-0.5878264099179694,5.744706289756344e-17,48,3,2025-12-18
AON/GEN,AON,GEN,slow_reentry,4779.380150431582,0.6576038151496394,-0.5878264099179694,0.9999999999997844,42,3,2025-12-18
DXCM/UDR,DXCM,UDR,slow_reentry,2274.337305572638,0.17808177236789394,-0.5878264099179694,0.9116859036135687,42,3,2025-12-18
AON/MCK,AON,MCK,slow_reentry,-936.721073992072,-0.13451272172592824,-0.5878264099179694,2.0251454564176195e-06,56,3,2025-12-18
CI/LVS,CI,LVS,slow_reentry,-2547.968950289811,-0.2443333729701146,-0.5878264099179694,3.159804193730482e-06,38,3,2025-12-18
DVN/YUM,DVN,YUM,slow_reentry,-8482.558303186303,-0.9165873646180029,-0.5878264099179694,1.1607610763362433e-19,46,3,2025-12-18
CHD/HON,CHD,HON,slow_reentry,5116.588992019752,0.7281151063610516,-0.5878264099179694,0.9999959543881307,44,3,2025-12-18
CSCO/PAYC,CSCO,PAYC,slow_reentry,11961.22308314054,1.2725430498101382,-0.5878264099179694,0.9999988336874045,52,3,2025-12-18
TXT/YUM,TXT,YUM,slow_signal,-9534.185029759736,-1.1427699916349332,-0.5966867587163495,4.4777554422055675e-18,42,3,2025-12-18
HAS/PFE,HAS,PFE,slow_signal,8183.41704689482,0.6926230904606111,-0.5966867587163495,0.9999976608934087,44,3,2025-12-18
DLR/PRU,DLR,PRU,slow_signal,-6577.410157262928,-0.6308166250513634,-0.5966867587163495,1.0443241603991904e-05,38,3,2025-12-18
HRL/MKC,HRL,MKC,slow_signal,1984.501967111977,0.3537590712831042,-0.5966867587163495,0.9989563827686937,30,3,2025-12-18
PFG/YUM,PFG,YUM,slow_signal,-927.3565252632825,-0.08693160792309937,-0.5966867587163495,8.363234351485857e-05,36,3,2025-12-18
CINF/FMC,CINF,FMC,slow_signal,937.0837596323702,0.08646188315178832,-0.5966867587163495,0.37486125422062105,42,3,2025-12-18
FSLR/RSG,FSLR,RSG,slow_signal,-7866.521413549237,-0.3753334522362711,-0.5966867587163495,4.6882645718970195e-11,48,3,2025-12-18
AME/WMT,AME,WMT,slow_signal,-1391.750162616419,-0.15080196943794938,-0.5966867587163495,9.741341508115578e-10,40,3,2025-12-18
AON/GEN,AON,GEN,slow_signal,4287.61205920147,0.4875471482398079,-0.5966867587163495,0.9999998432649552,42,3,2025-12-18
DXCM/UDR,DXCM,UDR,slow_signal,5428.228447387432,0.3850747055181815,-0.5966867587163495,0.9999996529156832,54,3,2025-12-18
AON/MCK,AON,MCK,slow_signal,10038.65932657331,1.9666038946018525,-0.5966867587163495,0.9999999851897433,38,3,2025-12-18
CI/LVS,CI,LVS,slow_signal,-12635.73722159896,-0.7665935583783471,-0.5966867587163495,5.898550876547203e-06,46,3,2025-12-18
DVN/YUM,DVN,YUM,slow_signal,-8094.316515659011,-0.9708598707135354,-0.5966867587163495,2.5057784832661676e-22,42,3,2025-12-18
CHD/HON,CHD,HON,slow_signal,9721.135519452573,1.2363301525142205,-0.5966867587163495,0.9999999458363603,38,3,2025-12-18
CSCO/PAYC,CSCO,PAYC,slow_signal,5694.065475824632,0.5493022442615151,-0.5966867587163495,0.9999991231871681,42,3,2025-12-18
TXT/YUM,TXT,YUM,quick_exit,-3533.606130712721,-0.5496944950331625,-0.610812517880391,2.0305756668265983e-20,60,3,2025-12-18
HAS/PFE,HAS,PFE,quick_exit,-6372.337264831356,-0.5372059054278985,-0.610812517880391,1.5852367895165212e-10,64,3,2025-12-18
DLR/PRU,DLR,PRU,quick_exit,-1430.105739942028,-0.18626291214741872,-0.610812517880391,4.0806102964083087e-07,44,3,2025-12-18
HRL/MKC,HRL,MKC,quick_exit,-1000.760741863925,-0.16141832557793126,-0.610812517880391,1.2905044876611658e-05,44,3,2025-12-18
PFG/YUM,PFG,YUM,quick_exit,10628.05352481552,1.1804833075798962,-0.610812517880391,0.9999999989024368,56,3,2025-12-18
CINF/FMC,CINF,FMC,quick_exit,-7234.202065680783,-0.7025766229140323,-0.610812517880391,7.124022996367973e-12,56,3,2025-12-18
FSLR/RSG,FSLR,RSG,quick_exit,3941.146037603377,0.16857473531139627,-0.610812517880391,0.8249888664710867,60,3,2025-12-18
AME/WMT,AME,WMT,quick_exit,-3390.719399571356,-0.40882460787979463,-0.610812517880391,2.0333650686009715e-14,58,3,2025-12-18
AON/GEN,AON,GEN,quick_exit,7216.731855974409,0.8869579036654507,-0.610812517880391,0.9999999999921202,56,3,2025-12-18
DXCM/UDR,DXCM,UDR,quick_exit,7211.614330052913,0.511006723380822,-0.610812517880391,0.9999953255165386,56,3,2025-12-18
AON/MCK,AON,MCK,quick_exit,2140.084381756586,0.2801943576408115,-0.610812517880391,0.9996018820411794,54,3,2025-12-18
CI/LVS,CI,LVS,quick_exit,-5260.060313288481,-0.37480928177775547,-0.610812517880391,1.4334313880413934e-07,64,3,2025-12-18
DVN/YUM,DVN,YUM,quick_exit,-17498.95597019349,-1.9414323398779283,-0.610812517880391,1.7462460707999136e-21,52,3,2025-12-18
CHD/HON,CHD,HON,quick_exit,6307.670934366641,0.8549118860957197,-0.610812517880391,0.9999994966839396,46,3,2025-12-18
CSCO/PAYC,CSCO,PAYC,quick_exit,6591.817202560811,0.6998534424859172,-0.610812517880391,0.999998795615763,52,3,2025-12-18
TXT/YUM,TXT,YUM,default,-5370.967580790611,-0.6895874276801337,-0.6806229155475417,1.00770465132908e-27,56,3,2025-12-18
HAS/PFE,HAS,PFE,default,-14451.26715551487,-1.0981019104639533,-0.6806229155475417,7.711674491383256e-11,58,3,2025-12-18
DLR/PRU,DLR,PRU,default,-4453.243029219727,-0.4705287137423152,-0.6806229155475417,3.5572351563720416e-15,48,3,2025-12-18
HRL/MKC,HRL,MKC,default,2717.341124851838,0.4006056597419335,-0.6806229155475417,0.999942024757748,50,3,2025-12-18
PFG/YUM,PFG,YUM,default,5836.971737839636,0.5207417760730162,-0.6806229155475417,0.9998091392714915,56,3,2025-12-18
CINF/FMC,CINF,FMC,default,2823.272796347995,0.21146474828129966,-0.6806229155475417,0.988815706375746,50,3,2025-12-18
FSLR/RSG,FSLR,RSG,default,15011.52081342737,0.6081659473628328,-0.6806229155475417,0.9998342283598596,58,3,2025-12-18
AME/WMT,AME,WMT,default,-8243.040714265273,-0.8301083442328389,-0.6806229155475417,2.461720724844429e-16,52,3,2025-12-18
AON/GEN,AON,GEN,default,5146.076681676688,0.5972804054873494,-0.6806229155475417,0.9999999753237203,50,3,2025-12-18
DXCM/UDR,DXCM,UDR,default,6984.38605831524,0.43487185967145364,-0.6806229155475417,0.9999967765826345,54,3,2025-12-18
AON/MCK,AON,MCK,default,-254.678612947062,-0.03660149734718398,-0.6806229155475417,0.002283792308562162,58,3,2025-12-18
CI/LVS,CI,LVS,default,-7009.226517715948,-0.48941490319714614,-0.6806229155475417,1.2888295378027266e-14,60,3,2025-12-18
DVN/YUM,DVN,YUM,default,-15899.32614843853,-1.7094388695863458,-0.6806229155475417,3.319020673743422e-22,52,3,2025-12-18
CHD/HON,CHD,HON,default,5054.284003803501,0.7200268623756135,-0.6806229155475417,0.99999676765815,46,3,2025-12-18
CSCO/PAYC,CSCO,PAYC,default,4327.525036275505,0.4208512911090962,-0.6806229155475417,0.9999966908138419,58,3,2025-12-18
TXT/YUM,TXT,YUM,high_vol_specialist,-6050.362429586289,-0.5748490828396441,-0.7172574216491252,2.3498476461437302e-14,42,3,2025-12-18
HAS/PFE,HAS,PFE,high_vol_specialist,10327.43132521589,0.8916937297343479,-0.7172574216491252,0.9999999999902631,48,3,2025-12-18
DLR/PRU,DLR,PRU,high_vol_specialist,-6319.639437276664,-0.7575841214037234,-0.7172574216491252,1.6812298031631292e-16,34,3,2025-12-18
HRL/MKC,HRL,MKC,high_vol_specialist,6756.162934189972,0.9296657479362714,-0.7172574216491252,0.9999999999998359,42,3,2025-12-18
PFG/YUM,PFG,YUM,high_vol_specialist,8102.279314525334,0.7778190546366461,-0.7172574216491252,0.9999999999994951,38,3,2025-12-18
CINF/FMC,CINF,FMC,high_vol_specialist,-6535.976891634772,-0.47397950762814844,-0.7172574216491252,2.796341582902317e-17,32,3,2025-12-18
FSLR/RSG,FSLR,RSG,high_vol_specialist,-12132.69670133726,-0.5748991827254286,-0.7172574216491252,4.3921811086225e-09,46,3,2025-12-18
AME/WMT,AME,WMT,high_vol_specialist,-9381.81411329254,-0.9426947480500723,-0.7172574216491252,2.5005657347636102e-15,42,3,2025-12-18
AON/GEN,AON,GEN,high_vol_specialist,3618.984660223213,0.33628780512220924,-0.7172574216491252,0.9984450608842846,36,3,2025-12-18
DXCM/UDR,DXCM,UDR,high_vol_specialist,-931.1477774877303,-0.06132229484967458,-0.7172574216491252,0.0002610829920678882,48,3,2025-12-18
AON/MCK,AON,MCK,high_vol_specialist,13433.81411128645,2.1679022928320175,-0.7172574216491252,0.9999999999996029,44,3,2025-12-18
CI/LVS,CI,LVS,high_vol_specialist,-9923.935239278688,-0.5070365596661087,-0.7172574216491252,1.4359526626432418e-08,52,3,2025-12-18
DVN/YUM,DVN,YUM,high_vol_specialist,-18307.73151151927,-1.8741000884454067,-0.7172574216491252,4.008424412001477e-33,46,3,2025-12-18
CHD/HON,CHD,HON,high_vol_specialist,9402.696344539134,1.1945077337796493,-0.7172574216491252,0.9999999392787353,44,3,2025-12-18
CSCO/PAYC,CSCO,PAYC,high_vol_specialist,7514.991324231535,0.772055916819667,-0.7172574216491252,0.9999990762285178,38,3,2025-12-18
TXT/YUM,TXT,YUM,conservative_no_leverage,-4995.637435194373,-1.2584889815233975,-0.7398759996129508,2.886528006202677e-20,42,3,2025-12-18
HAS/PFE,HAS,PFE,conservative_no_leverage,-448.288065421521,-0.06188022392122126,-0.7398759996129508,0.0002757668177406226,40,3,2025-12-18
DLR/PRU,DLR,PRU,conservative_no_leverage,-1463.933441259486,-0.39240335404093946,-0.7398759996129508,6.33260653089226e-11,38,3,2025-12-18
HRL/MKC,HRL,MKC,conservative_no_leverage,1734.353459518141,0.6485491000111374,-0.7398759996129508,0.999999999999173,28,3,2025-12-18
PFG/YUM,PFG,YUM,conservative_no_leverage,1719.814316387851,0.3933944105414345,-0.7398759996129508,0.9999999991951475,34,3,2025-12-18
CINF/FMC,CINF,FMC,conservative_no_leverage,6977.67284776367,0.43983604996165926,-0.7398759996129508,0.9927424502156882,32,3,2025-12-18
FSLR/RSG,FSLR,RSG,conservative_no_leverage,-9529.06405243564,-0.9717753025561783,-0.7398759996129508,1.066357087536434e-05,32,3,2025-12-18
AME/WMT,AME,WMT,conservative_no_leverage,1286.029600437469,0.31797904058266696,-0.7398759996129508,0.9930280035987024,34,3,2025-12-18
AON/GEN,AON,GEN,conservative_no_leverage,6222.173911943516,1.1097556009051808,-0.7398759996129508,0.9999998603280946,38,3,2025-12-18
DXCM/UDR,DXCM,UDR,conservative_no_leverage,5549.263900126044,0.8468733066448677,-0.7398759996129508,1.0,32,3,2025-12-18
AON/MCK,AON,MCK,conservative_no_leverage,3710.313568981368,1.6698335077137196,-0.7398759996129508,0.9999999999940301,48,3,2025-12-18
CI/LVS,CI,LVS,conservative_no_leverage,-3680.095710246477,-0.44177794288672484,-0.7398759996129508,5.096972782073974e-13,36,3,2025-12-18
DVN/YUM,DVN,YUM,conservative_no_leverage,-6361.247399918969,-1.5843059585533692,-0.7398759996129508,5.2500528206650223e-20,22,3,2025-12-18
CHD/HON,CHD,HON,conservative_no_leverage,4447.248894543784,1.223442387520025,-0.7398759996129508,0.9999987879639526,30,3,2025-12-18
CSCO/PAYC,CSCO,PAYC,conservative_no_leverage,4061.484482807842,0.8660327812908873,-0.7398759996129508,0.9999987944145923,38,3,2025-12-18
TXT/YUM,TXT,YUM,balanced_plus,-5046.63683335632,-0.5735713683170696,-0.7553805916879316,5.879743910347396e-23,60,3,2025-12-18
HAS/PFE,HAS,PFE,balanced_plus,-6715.49268707679,-0.5116239313848701,-0.7553805916879316,7.952036002748352e-15,60,3,2025-12-18
DLR/PRU,DLR,PRU,balanced_plus,-11543.29543999198,-0.9638198106211796,-0.7553805916879316,7.896383177406044e-13,62,3,2025-12-18
HRL/MKC,HRL,MKC,balanced_plus,3243.868298255773,0.48163379518210964,-0.7553805916879316,0.9999999875382627,52,3,2025-12-18
PFG/YUM,PFG,YUM,balanced_plus,8637.124287626588,0.8849659075887167,-0.7553805916879316,0.9999999999979693,54,3,2025-12-18
CINF/FMC,CINF,FMC,balanced_plus,-4298.335488137479,-0.3524595450461014,-0.7553805916879316,4.875319910452594e-11,52,3,2025-12-18
FSLR/RSG,FSLR,RSG,balanced_plus,15184.6245238792,0.6453353370259705,-0.7553805916879316,0.9996427575596807,56,3,2025-12-18
AME/WMT,AME,WMT,balanced_plus,-6205.468290848749,-0.6166738737141545,-0.7553805916879316,6.060602155168325e-22,60,3,2025-12-18
AON/GEN,AON,GEN,balanced_plus,3503.187669427398,0.3904369841584227,-0.7553805916879316,0.9999910005332029,48,3,2025-12-18
DXCM/UDR,DXCM,UDR,balanced_plus,9511.157874847537,0.6656759843444776,-0.7553805916879316,0.9999994755023421,42,3,2025-12-18
AON/MCK,AON,MCK,balanced_plus,1298.346484238598,0.20057059684520995,-0.7553805916879316,0.9726855946287216,62,3,2025-12-18
CI/LVS,CI,LVS,balanced_plus,-1615.132567099385,-0.11138932133371081,-0.7553805916879316,0.00015338691227888263,64,3,2025-12-18
DVN/YUM,DVN,YUM,balanced_plus,-10556.77050834782,-1.1261554367500204,-0.7553805916879316,1.3743040503149642e-20,56,3,2025-12-18
CHD/HON,CHD,HON,balanced_plus,7142.28802307417,0.8895687871489563,-0.7553805916879316,0.9999999962066503,68,3,2025-12-18
CSCO/PAYC,CSCO,PAYC,balanced_plus,-14525.40705133012,-0.8205586112284531,-0.7553805916879316,1.441644147284639e-05,64,3,2025-12-18
TXT/YUM,TXT,YUM,tight_stop,-4169.192864907847,-0.6449524357259415,-0.7870040270183123,8.39684872279906e-22,60,3,2025-12-18
HAS/PFE,HAS,PFE,tight_stop,-6425.685529886646,-0.5411997083784378,-0.7870040270183123,1.9711372519794678e-10,64,3,2025-12-18
DLR/PRU,DLR,PRU,tight_stop,-2141.176827359116,-0.27513964837123295,-0.7870040270183123,1.7493424816612767e-08,42,3,2025-12-18
HRL/MKC,HRL,MKC,tight_stop,-571.110681383876,-0.09037067298836528,-0.7870040270183123,0.00018287992597657674,46,3,2025-12-18
PFG/YUM,PFG,YUM,tight_stop,10706.93563460431,1.1848210699883899,-0.7870040270183123,0.9999999988039068,56,3,2025-12-18
CINF/FMC,CINF,FMC,tight_stop,-5347.834277802413,-0.4898063740025365,-0.7870040270183123,1.4171587883330513e-11,56,3,2025-12-18
FSLR/RSG,FSLR,RSG,tight_stop,2508.325134845335,0.10745302631633308,-0.7870040270183123,0.5365573830831134,60,3,2025-12-18
AME/WMT,AME,WMT,tight_stop,-3233.829884234982,-0.3887727593750873,-0.7870040270183123,1.3273194396508644e-14,58,3,2025-12-18
AON/GEN,AON,GEN,tight_stop,4967.478550192615,0.6483096387778865,-0.7870040270183123,0.9999999991007735,56,3,2025-12-18
DXCM/UDR,DXCM,UDR,tight_stop,9118.278426979901,0.6616174300766405,-0.7870040270183123,0.9999982108314288,52,3,2025-12-18
AON/MCK,AON,MCK,tight_stop,1526.01886552219,0.20410641148558462,-0.7870040270183123,0.981225759646203,56,3,2025-12-18
CI/LVS,CI,LVS,tight_stop,-7676.230792464938,-0.5903837361446391,-0.7870040270183123,1.6969322168230516e-13,64,3,2025-12-18
DVN/YUM,DVN,YUM,tight_stop,-17446.75496476928,-1.9319037707534292,-0.7870040270183123,1.2878380642724454e-21,52,3,2025-12-18
CHD/HON,CHD,HON,tight_stop,4067.335754596288,0.6118041372611054,-0.7870040270183123,0.999972476477827,44,3,2025-12-18
CSCO/PAYC,CSCO,PAYC,tight_stop,5379.992621337763,0.6031880676731797,-0.7870040270183123,0.999990877978302,52,3,2025-12-18
TXT/YUM,TXT,YUM,short_z_long_v,-11822.88989225027,-1.2341629904821794,-0.839084398736914,2.0716982555636828e-19,62,3,2025-12-18
HAS/PFE,HAS,PFE,short_z_long_v,-2831.693017993994,-0.22325991190757,-0.839084398736914,2.374039399581616e-06,56,3,2025-12-18
DLR/PRU,DLR,PRU,short_z_long_v,-2169.845140237297,-0.194385626817092,-0.839084398736914,1.028516088972749e-06,62,3,2025-12-18
HRL/MKC,HRL,MKC,short_z_long_v,-408.7439347302519,-0.061609218437269346,-0.839084398736914,0.00035523963387942587,58,3,2025-12-18
PFG/YUM,PFG,YUM,short_z_long_v,-1079.632038153042,-0.10378248549960241,-0.839084398736914,3.1783088526518036e-05,48,3,2025-12-18
CINF/FMC,CINF,FMC,short_z_long_v,2936.718586982543,0.2217545520621358,-0.839084398736914,0.992328515090418,48,3,2025-12-18
FSLR/RSG,FSLR,RSG,short_z_long_v,8252.983755145611,0.39107849610158474,-0.839084398736914,0.9883274614862534,66,3,2025-12-18
AME/WMT,AME,WMT,short_z_long_v,-14992.0603027149,-1.5276305313254932,-0.839084398736914,3.885207519303034e-13,54,3,2025-12-18
AON/GEN,AON,GEN,short_z_long_v,8572.972974256165,0.8612824066126765,-0.839084398736914,0.9999999999954629,68,3,2025-12-18
DXCM/UDR,DXCM,UDR,short_z_long_v,15115.48034645341,1.0715740610207707,-0.839084398736914,0.99999999999995,66,3,2025-12-18
AON/MCK,AON,MCK,short_z_long_v,7696.453394338114,1.0656115096735865,-0.839084398736914,1.0,70,3,2025-12-18
CI/LVS,CI,LVS,short_z_long_v,-3555.57092550517,-0.19745228254102457,-0.839084398736914,5.5725291302041726e-05,64,3,2025-12-18
DVN/YUM,DVN,YUM,short_z_long_v,-12260.25190515348,-1.1129878626830734,-0.839084398736914,8.506667149603252e-30,74,3,2025-12-18
CHD/HON,CHD,HON,short_z_long_v,4387.353121608558,0.6322334279297469,-0.839084398736914,0.9999991424181888,66,3,2025-12-18
CSCO/PAYC,CSCO,PAYC,short_z_long_v,-18165.14094343429,-1.0386580358223656,-0.839084398736914,3.383879380024348e-05,50,3,2025-12-18
TXT/YUM,TXT,YUM,high_entry,-2079.95229781222,-0.3643957583550227,-0.963569417468796,6.912680757070344e-13,28,3,2025-12-18
HAS/PFE,HAS,PFE,high_entry,13065.76562862935,1.6427829999037804,-0.963569417468796,0.9999994723700717,34,3,2025-12-18
DLR/PRU,DLR,PRU,high_entry,-5525.951734982043,-0.7904347973948755,-0.963569417468796,3.951511318810421e-09,28,3,2025-12-18
HRL/MKC,HRL,MKC,high_entry,1876.449701561138,0.4087616071775591,-0.963569417468796,0.9949214510327568,22,3,2025-12-18
PFG/YUM,PFG,YUM,high_entry,2275.824885806185,0.31216371965247625,-0.963569417468796,0.9999846476636265,28,3,2025-12-18
CINF/FMC,CINF,FMC,high_entry,-10453.80698856729,-1.074997324571449,-0.963569417468796,4.404245167917989e-18,38,3,2025-12-18
FSLR/RSG,FSLR,RSG,high_entry,-2552.45108870747,-0.12693498674901305,-0.963569417468796,2.4565214204691957e-09,26,3,2025-12-18
AME/WMT,AME,WMT,high_entry,-3314.792979237534,-0.6745914565968428,-0.963569417468796,1.6947171368853167e-09,20,3,2025-12-18
AON/GEN,AON,GEN,high_entry,1743.713014918442,0.27456901923761584,-0.963569417468796,0.999537701985801,28,3,2025-12-18
DXCM/UDR,DXCM,UDR,high_entry,-3671.730376705212,-0.6902752232326577,-0.963569417468796,1.584711331951507e-14,22,3,2025-12-18
AON/MCK,AON,MCK,high_entry,-589.6369259183084,-0.12701002590310567,-0.963569417468796,7.240072316729752e-07,30,3,2025-12-18
CI/LVS,CI,LVS,high_entry,-333.135720341088,-0.03385545258535579,-0.963569417468796,0.00365334358159768,30,3,2025-12-18
DVN/YUM,DVN,YUM,high_entry,-7388.107229044334,-1.0504418390899155,-0.963569417468796,2.8233087444037928e-08,20,3,2025-12-18
CHD/HON,CHD,HON,high_entry,5849.321799805831,0.990301667332121,-0.963569417468796,0.9994911556660446,28,3,2025-12-18
CSCO/PAYC,CSCO,PAYC,high_entry,5182.159756148436,0.6254050343356713,-0.963569417468796,0.9998283155959382,22,3,2025-12-18
TXT/YUM,TXT,YUM,deep_entry_quick_exit,-674.0304552994712,-0.1131452303255802,-1.0939740321024225,6.16343040874394e-06,28,3,2025-12-18
HAS/PFE,HAS,PFE,deep_entry_quick_exit,12015.16055793591,1.6562966106955408,-1.0939740321024225,0.9999907614243813,28,3,2025-12-18
DLR/PRU,DLR,PRU,deep_entry_quick_exit,-3747.6463598446,-0.6784235450154279,-1.0939740321024225,4.125426707737331e-06,28,3,2025-12-18
HRL/MKC,HRL,MKC,deep_entry_quick_exit,-903.5442641421027,-0.18922866123863893,-1.0939740321024225,1.2073396705006017e-09,22,3,2025-12-18
PFG/YUM,PFG,YUM,deep_entry_quick_exit,3030.012367740984,0.41520250311877865,-1.0939740321024225,0.9999993305809153,28,3,2025-12-18
CINF/FMC,CINF,FMC,deep_entry_quick_exit,-12806.04565633574,-1.4381290424922175,-1.0939740321024225,2.4663436661824637e-18,34,3,2025-12-18
FSLR/RSG,FSLR,RSG,deep_entry_quick_exit,-10039.71716559367,-0.49586041341199133,-1.0939740321024225,2.6746629364305577e-08,28,3,2025-12-18
AME/WMT,AME,WMT,deep_entry_quick_exit,1163.183538816232,0.20341491828773944,-1.0939740321024225,0.940550551342676,22,3,2025-12-18
AON/GEN,AON,GEN,deep_entry_quick_exit,470.9458527160318,0.08742104298099458,-1.0939740321024225,0.38802876251532886,24,3,2025-12-18
DXCM/UDR,DXCM,UDR,deep_entry_quick_exit,525.9741808681342,0.05260737966447205,-1.0939740321024225,0.08927325457988433,24,3,2025-12-18
AON/MCK,AON,MCK,deep_entry_quick_exit,2769.132016640224,0.50717304484631,-1.0939740321024225,0.9999972552382723,20,3,2025-12-18
CI/LVS,CI,LVS,deep_entry_quick_exit,-8978.344112633751,-1.0712680974643494,-1.0939740321024225,3.5447308447182687e-15,22,3,2025-12-18
DVN/YUM,DVN,YUM,deep_entry_quick_exit,-9245.563821356609,-1.4727749889790158,-1.0939740321024225,2.5208907982969546e-11,22,3,2025-12-18
CHD/HON,CHD,HON,deep_entry_quick_exit,9529.461810964427,1.3675808144143404,-1.0939740321024225,0.9999925715134375,22,3,2025-12-18
CSCO/PAYC,CSCO,PAYC,deep_entry_quick_exit,5453.762172912151,0.6721775993356269,-1.0939740321024225,0.9998288286775563,24,3,2025-12-18
TXT/YUM,TXT,YUM,no_leverage,-2678.77058731435,-0.6837674676969274,-1.2596959730140669,1.625722131952285e-27,56,3,2025-12-18
HAS/PFE,HAS,PFE,no_leverage,-7223.307810592908,-1.0919111843639777,-1.2596959730140669,9.041478105183791e-11,58,3,2025-12-18
DLR/PRU,DLR,PRU,no_leverage,-2238.337182837564,-0.47089090784020077,-1.2596959730140669,2.4814373088527695e-15,48,3,2025-12-18
HRL/MKC,HRL,MKC,no_leverage,1332.776879395745,0.3921210774732565,-1.2596959730140669,0.999924666690334,50,3,2025-12-18
PFG/YUM,PFG,YUM,no_leverage,2992.646876718632,0.5309622907742233,-1.2596959730140669,0.9998384485255795,56,3,2025-12-18
CINF/FMC,CINF,FMC,no_leverage,1474.689460339612,0.2198764683558227,-1.2596959730140669,0.9928816202004863,50,3,2025-12-18
FSLR/RSG,FSLR,RSG,no_leverage,7436.755024513768,0.5992036118196874,-1.2596959730140669,0.9997884257483229,58,3,2025-12-18
AME/WMT,AME,WMT,no_leverage,-4110.806147479556,-0.8279721742199996,-1.2596959730140669,1.5377608805704786e-16,52,3,2025-12-18
AON/GEN,AON,GEN,no_leverage,2660.591861361534,0.6137973549382697,-1.2596959730140669,0.9999999861048942,50,3,2025-12-18
DXCM/UDR,DXCM,UDR,no_leverage,3451.262463336822,0.4270651317746731,-1.2596959730140669,0.9999953675639205,54,3,2025-12-18
AON/MCK,AON,MCK,no_leverage,-118.8470583608023,-0.03422688238434709,-1.2596959730140669,0.002644204977274078,58,3,2025-12-18
CI/LVS,CI,LVS,no_leverage,-3500.887470285707,-0.48579772540718585,-1.2596959730140669,1.8708093214235786e-14,60,3,2025-12-18
DVN/YUM,DVN,YUM,no_leverage,-7967.696372377914,-1.701872746434141,-1.2596959730140669,4.152715273379815e-22,52,3,2025-12-18
CHD/HON,CHD,HON,no_leverage,2559.137878504189,0.7247445196396258,-1.2596959730140669,0.9999961001491449,46,3,2025-12-18
CSCO/PAYC,CSCO,PAYC,no_leverage,2162.028292892114,0.4188742106584562,-1.2596959730140669,0.9999965873428596,58,3,2025-12-18
TXT/YUM,TXT,YUM,symmetric_exit,-2092.353857764637,-0.3203356177768281,-1.2663458017011997,1.1156872676360057e-13,42,3,2025-12-18
HAS/PFE,HAS,PFE,symmetric_exit,-11207.06068175567,-0.9150714130041309,-1.2663458017011997,4.391094349901668e-09,46,3,2025-12-18
DLR/PRU,DLR,PRU,symmetric_exit,-2833.586075814029,-0.41625897235316583,-1.2663458017011997,2.513712293916206e-08,40,3,2025-12-18
HRL/MKC,HRL,MKC,symmetric_exit,1621.844048233818,0.28211921780613164,-1.2663458017011997,0.9947006366371423,36,3,2025-12-18
PFG/YUM,PFG,YUM,symmetric_exit,-2951.588498771398,-0.3044315957730403,-1.2663458017011997,1.7980606412534986e-09,44,3,2025-12-18
CINF/FMC,CINF,FMC,symmetric_exit,-6916.321191895751,-0.6287265591010142,-1.2663458017011997,7.871216880003941e-10,46,3,2025-12-18
FSLR/RSG,FSLR,RSG,symmetric_exit,11813.53444769313,0.5203383661159924,-1.2663458017011997,0.9981259457380931,42,3,2025-12-18
AME/WMT,AME,WMT,symmetric_exit,-5422.789762201806,-0.6557295038970955,-1.2663458017011997,2.865245407159605e-15,40,3,2025-12-18
AON/GEN,AON,GEN,symmetric_exit,807.9458717399169,0.10458854273913121,-1.2663458017011997,0.5235062343111874,44,3,2025-12-18
DXCM/UDR,DXCM,UDR,symmetric_exit,7249.007976237483,0.6495366686291444,-1.2663458017011997,0.999999999996859,46,3,2025-12-18
AON/MCK,AON,MCK,symmetric_exit,-723.1569844650962,-0.12218740890631967,-1.2663458017011997,4.871071489987146e-06,52,3,2025-12-18
CI/LVS,CI,LVS,symmetric_exit,-4694.694557219765,-0.38254637522511376,-1.2663458017011997,5.076763518103443e-11,48,3,2025-12-18
DVN/YUM,DVN,YUM,symmetric_exit,-22186.0436917778,-3.148172988886355,-1.2663458017011997,4.408237652533854e-19,38,3,2025-12-18
CHD/HON,CHD,HON,symmetric_exit,6361.161664600373,1.0809640044005477,-1.2663458017011997,0.9996726532899247,32,3,2025-12-18
CSCO/PAYC,CSCO,PAYC,symmetric_exit,6008.76477932086,0.6804321437314327,-1.2663458017011997,0.9999856060484363,38,3,2025-12-18
TXT/YUM,TXT,YUM,conservative,-287.6558968330039,-0.12598824194845215,-2.1203468944584616,1.108083139157138e-05,28,3,2025-12-18
HAS/PFE,HAS,PFE,conservative,4775.337915765501,1.2667838374256666,-2.1203468944584616,0.9999931205875771,36,3,2025-12-18
DLR/PRU,DLR,PRU,conservative,-724.7351862188643,-0.26175879395646307,-2.1203468944584616,2.669359933119795e-05,26,3,2025-12-18
HRL/MKC,HRL,MKC,conservative,-1067.953824808428,-0.5025086699821688,-2.1203468944584616,5.159374215541154e-08,22,3,2025-12-18
PFG/YUM,PFG,YUM,conservative,1896.952845378773,0.5853179103058752,-2.1203468944584616,0.9999653078891645,22,3,2025-12-18
CINF/FMC,CINF,FMC,conservative,-6056.298546693803,-1.939562684384438,-2.1203468944584616,2.661255687915816e-09,32,3,2025-12-18
FSLR/RSG,FSLR,RSG,conservative,-5633.682149278835,-0.6130191780770144,-2.1203468944584616,7.742566805810588e-06,26,3,2025-12-18
AME/WMT,AME,WMT,conservative,2491.645429125429,1.001921890906075,-2.1203468944584616,0.9999999999996273,28,3,2025-12-18
AON/GEN,AON,GEN,conservative,3505.342826771277,1.5174814552181548,-2.1203468944584616,0.9999999999979166,28,3,2025-12-18
DXCM/UDR,DXCM,UDR,conservative,1461.662292194569,0.44029352253221016,-2.1203468944584616,0.9999556109741764,22,3,2025-12-18
AON/MCK,AON,MCK,conservative,2636.431668142392,1.567371324504295,-2.1203468944584616,0.9999998899898235,28,3,2025-12-18
CI/LVS,CI,LVS,conservative,-4792.337175699864,-1.0817898870384608,-2.1203468944584616,8.801703697560925e-12,24,3,2025-12-18
DVN/YUM,DVN,YUM,conservative,-7073.239969388083,-2.4678766048750034,-2.1203468944584616,3.2763843999725593e-10,24,3,2025-12-18
CHD/HON,CHD,HON,conservative,4738.099506085517,1.3766918019027423,-2.1203468944584616,0.9999833041068779,26,3,2025-12-18
CSCO/PAYC,CSCO,PAYC,conservative,-3264.386621880724,-0.4197243255374876,-2.1203468944584616,4.410549880347864e-05,24,3,2025-12-18
TXT/YUM,TXT,YUM,static_threshold,965.5307961775011,0.0750955392538465,0.5111133582599479,0.3084669862308655,98,4,2026-01-27
HAS/PFE,HAS,PFE,static_threshold,3811.900976356699,0.23406379743126107,0.5111133582599479,0.9690213618784208,94,4,2026-01-27
DLR/PRU,DLR,PRU,static_threshold,-7454.355790288251,-0.6446755558239863,0.5111133582599479,6.795053710752046e-09,94,4,2026-01-27
HRL/MKC,HRL,MKC,static_threshold,3507.542824895356,0.3179829385935812,0.5111133582599479,0.9994252021072881,100,4,2026-01-27
PFG/YUM,PFG,YUM,static_threshold,-5414.991767393359,-0.4016502865551516,0.5111133582599479,2.3206563867915677e-12,92,4,2026-01-27
CINF/FMC,CINF,FMC,static_threshold,-5145.362551879774,-0.2865182853887698,0.5111133582599479,9.936047618552848e-11,98,4,2026-01-27
FSLR/RSG,FSLR,RSG,static_threshold,30614.54485614526,1.1271475654718173,0.5111133582599479,1.0,104,4,2026-01-27
AME/WMT,AME,WMT,static_threshold,-5842.708420085954,-0.41587600549069875,0.5111133582599479,2.845945532939416e-25,102,4,2026-01-27
AON/GEN,AON,GEN,static_threshold,6380.074236814019,0.47872311306162063,0.5111133582599479,0.9999990755092822,96,4,2026-01-27
DXCM/UDR,DXCM,UDR,static_threshold,23960.03710857391,1.2050257069773944,0.5111133582599479,1.0,92,4,2026-01-27
AON/MCK,AON,MCK,static_threshold,11606.25765853284,1.2778047863746027,0.5111133582599479,1.0,112,4,2026-01-27
CI/LVS,CI,LVS,static_threshold,-6981.137647206691,-0.3158808369165472,0.5111133582599479,2.8005907827539433e-08,96,4,2026-01-27
DVN/YUM,DVN,YUM,static_threshold,-13159.05877315789,-0.8615767926524096,0.5111133582599479,5.35819989747314e-30,104,4,2026-01-27
CHD/HON,CHD,HON,static_threshold,17684.78537873849,1.554362087097164,0.5111133582599479,0.9999999999999994,102,4,2026-01-27
CSCO/PAYC,CSCO,PAYC,static_threshold,10728.23248563034,0.7465906297165107,0.5111133582599479,0.9999999999998478,104,4,2026-01-27
TXT/YUM,TXT,YUM,low_entry,4582.673348057086,0.4235322001980785,0.3598271734880811,0.9999999959708015,100,4,2026-01-27
HAS/PFE,HAS,PFE,low_entry,5609.67385352057,0.2756290343816996,0.3598271734880811,0.998784109050147,114,4,2026-01-27
DLR/PRU,DLR,PRU,low_entry,-6440.836489069106,-0.40492359550565604,0.3598271734880811,2.301092399239326e-15,106,4,2026-01-27
HRL/MKC,HRL,MKC,low_entry,4046.851493794439,0.4027026642683353,0.3598271734880811,0.9999997979763996,98,4,2026-01-27
PFG/YUM,PFG,YUM,low_entry,12612.03942016276,1.08848173566994,0.3598271734880811,1.0,94,4,2026-01-27
CINF/FMC,CINF,FMC,low_entry,620.2170850864059,0.01822341685209889,0.3598271734880811,0.024586194432089325,110,4,2026-01-27
FSLR/RSG,FSLR,RSG,low_entry,17330.00327735726,0.6142691813749727,0.3598271734880811,0.9999888925884376,112,4,2026-01-27
AME/WMT,AME,WMT,low_entry,-6165.270908946091,-0.478581353322626,0.3598271734880811,1.3999966517923597e-30,104,4,2026-01-27
AON/GEN,AON,GEN,low_entry,16048.61665442882,1.2084815974153824,0.3598271734880811,0.9999999999979555,96,4,2026-01-27
DXCM/UDR,DXCM,UDR,low_entry,14093.22393573664,0.6883258487247741,0.3598271734880811,1.0,104,4,2026-01-27
AON/MCK,AON,MCK,low_entry,-4270.354765463208,-0.35608456893012236,0.3598271734880811,1.507820413033785e-15,102,4,2026-01-27
CI/LVS,CI,LVS,low_entry,-11274.7466067354,-0.5152618752018231,0.3598271734880811,2.21527094507941e-10,120,4,2026-01-27
DVN/YUM,DVN,YUM,low_entry,1678.29118056533,0.09413088117529116,0.3598271734880811,0.45494127755537744,106,4,2026-01-27
CHD/HON,CHD,HON,low_entry,11517.68858731409,1.0375276487058576,0.3598271734880811,0.9999999999999934,96,4,2026-01-27
CSCO/PAYC,CSCO,PAYC,low_entry,-4192.468764659588,-0.2890155978088922,0.3598271734880811,1.7385157704996093e-10,108,4,2026-01-27
TXT/YUM,TXT,YUM,vol_agnostic,-8107.688940682328,-0.6555648943069723,0.1685928648597426,3.0111555697784804e-28,98,4,2026-01-27
HAS/PFE,HAS,PFE,vol_agnostic,2373.70243678965,0.14353035957737667,0.1685928648597426,0.7707578926532681,94,4,2026-01-27
DLR/PRU,DLR,PRU,vol_agnostic,-9165.938482480226,-0.5919743545468278,0.1685928648597426,3.473892657925879e-16,86,4,2026-01-27
HRL/MKC,HRL,MKC,vol_agnostic,623.1005881579244,0.056968496871315465,0.1685928648597426,0.19621005035649003,88,4,2026-01-27
PFG/YUM,PFG,YUM,vol_agnostic,153.4963875267374,0.011297398038012945,0.1685928648597426,0.03218835328297882,106,4,2026-01-27
CINF/FMC,CINF,FMC,vol_agnostic,12771.47299271947,0.35227080762630264,0.1685928648597426,0.9977831674108192,80,4,2026-01-27
FSLR/RSG,FSLR,RSG,vol_agnostic,32210.80336063488,1.1643685935152899,0.1685928648597426,1.0,106,4,2026-01-27
AME/WMT,AME,WMT,vol_agnostic,-9379.525411433033,-0.6783012681462901,0.1685928648597426,3.4898053605596163e-34,96,4,2026-01-27
AON/GEN,AON,GEN,vol_agnostic,19880.79597472165,1.4752123695302397,0.1685928648597426,0.9999999999999827,70,4,2026-01-27
DXCM/UDR,DXCM,UDR,vol_agnostic,12019.0071577002,0.5627381958062287,0.1685928648597426,0.9999999999940523,84,4,2026-01-27
AON/MCK,AON,MCK,vol_agnostic,4471.267503555472,0.46607108808203984,0.1685928648597426,0.9999997957889264,110,4,2026-01-27
CI/LVS,CI,LVS,vol_agnostic,-12513.96536221126,-0.5644513420916804,0.1685928648597426,2.2455625689354312e-11,88,4,2026-01-27
DVN/YUM,DVN,YUM,vol_agnostic,-27804.58626045481,-1.6248333448518457,0.1685928648597426,9.458606717008099e-26,102,4,2026-01-27
CHD/HON,CHD,HON,vol_agnostic,11520.10394400493,0.988175040043212,0.1685928648597426,0.9999999999999986,104,4,2026-01-27
CSCO/PAYC,CSCO,PAYC,vol_agnostic,12054.41525649471,0.8156760166402991,0.1685928648597426,0.9999999999999998,112,4,2026-01-27
TXT/YUM,TXT,YUM,aggressive,1839.83946078334,0.10502580214605425,0.1647704319071582,0.5504910147530687,110,4,2026-01-27
HAS/PFE,HAS,PFE,aggressive,4509.482585349946,0.15711652916602917,0.1647704319071582,0.8620833323245147,106,4,2026-01-27
DLR/PRU,DLR,PRU,aggressive,-21535.05364352848,-0.9182000857167225,0.1647704319071582,1.1285058456362092e-16,108,4,2026-01-27
HRL/MKC,HRL,MKC,aggressive,8533.81829830844,0.4392144983959092,0.1647704319071582,0.9999959612539361,102,4,2026-01-27
PFG/YUM,PFG,YUM,aggressive,1603.425130461437,0.08513789148745035,0.1647704319071582,0.39233561870184386,92,4,2026-01-27
CINF/FMC,CINF,FMC,aggressive,-4846.95345311342,-0.09231400660007427,0.1647704319071582,0.007026476757627916,94,4,2026-01-27
FSLR/RSG,FSLR,RSG,aggressive,39519.29408675058,0.8652822275533656,0.1647704319071582,0.999999989614634,112,4,2026-01-27
AME/WMT,AME,WMT,aggressive,1541.409516702839,0.07970166767472815,0.1647704319071582,0.35564070247386315,112,4,2026-01-27
AON/GEN,AON,GEN,aggressive,6881.860518843257,0.3497283807779108,0.1647704319071582,0.9999089512917742,82,4,2026-01-27
DXCM/UDR,DXCM,UDR,aggressive,13319.30838163274,0.42837684573687335,0.1647704319071582,0.9999999835031147,90,4,2026-01-27
AON/MCK,AON,MCK,aggressive,9798.694284706102,0.8134559250423947,0.1647704319071582,1.0,96,4,2026-01-27
CI/LVS,CI,LVS,aggressive,-13476.22000003034,-0.40181741851335506,0.1647704319071582,6.666312825445016e-10,102,4,2026-01-27
DVN/YUM,DVN,YUM,aggressive,-12407.17377583611,-0.5741363174303097,0.1647704319071582,2.29866109415211e-21,98,4,2026-01-27
CHD/HON,CHD,HON,aggressive,8627.652349228432,0.5946627607954089,0.1647704319071582,0.9999999968218125,102,4,2026-01-27
CSCO/PAYC,CSCO,PAYC,aggressive,-1385.067068796454,-0.06584739999022603,0.1647704319071582,0.0003421111073005777,104,4,2026-01-27
TXT/YUM,TXT,YUM,fast_signal,-35.07826859186616,-0.0034046906225256818,0.1253660459093441,0.014887903029730747,78,4,2026-01-27
HAS/PFE,HAS,PFE,fast_signal,10780.74316200723,0.6550500576235402,0.1253660459093441,0.9999999997252454,74,4,2026-01-27
DLR/PRU,DLR,PRU,fast_signal,-3236.577139328061,-0.24319464087312667,0.1253660459093441,2.7317403589526298e-15,86,4,2026-01-27
HRL/MKC,HRL,MKC,fast_signal,-7883.74779456129,-0.9528032995684415,0.1253660459093441,6.145118238818134e-14,78,4,2026-01-27
PFG/YUM,PFG,YUM,fast_signal,4625.376111648171,0.4352614201489059,0.1253660459093441,0.9999999998654315,78,4,2026-01-27
CINF/FMC,CINF,FMC,fast_signal,-6566.51998022171,-0.44087515082144946,0.1253660459093441,3.03289094869856e-14,80,4,2026-01-27
FSLR/RSG,FSLR,RSG,fast_signal,22327.13864732084,0.8320573466700644,0.1253660459093441,0.9999874578502186,72,4,2026-01-27
AME/WMT,AME,WMT,fast_signal,-9948.505057565824,-0.862010197596758,0.1253660459093441,1.2083400640807001e-23,94,4,2026-01-27
AON/GEN,AON,GEN,fast_signal,6451.450907279308,0.6004059404973274,0.1253660459093441,0.9999113368091845,78,4,2026-01-27
DXCM/UDR,DXCM,UDR,fast_signal,23949.69305414827,1.2190506095435194,0.1253660459093441,0.9999999999999962,76,4,2026-01-27
AON/MCK,AON,MCK,fast_signal,4417.753495869943,0.632090827858583,0.1253660459093441,0.9999999999999953,76,4,2026-01-27
CI/LVS,CI,LVS,fast_signal,-5526.323522315725,-0.3038009724960123,0.1253660459093441,8.605159138644064e-06,92,4,2026-01-27
DVN/YUM,DVN,YUM,fast_signal,-10440.97665838433,-0.879299143857453,0.1253660459093441,2.314486792568558e-22,68,4,2026-01-27
CHD/HON,CHD,HON,fast_signal,5368.083266498769,0.6745481081286675,0.1253660459093441,0.9999999773589464,100,4,2026-01-27
CSCO/PAYC,CSCO,PAYC,fast_signal,2155.656279256705,0.18299472734173475,0.1253660459093441,0.9262593547618936,80,4,2026-01-27
TXT/YUM,TXT,YUM,medium_signal_high_leverage,2498.864586383228,0.1806859779149632,0.1164956229226705,0.9520233656040527,56,4,2026-01-27
HAS/PFE,HAS,PFE,medium_signal_high_leverage,-10444.79872215082,-0.4772856729498392,0.1164956229226705,1.4754233162396923e-17,62,4,2026-01-27
DLR/PRU,DLR,PRU,medium_signal_high_leverage,-5247.653562295476,-0.27825185050073153,0.1164956229226705,7.180166802733501e-16,58,4,2026-01-27
HRL/MKC,HRL,MKC,medium_signal_high_leverage,58.10087939187542,0.004028787008485551,0.1164956229226705,0.022435595045396023,54,4,2026-01-27
PFG/YUM,PFG,YUM,medium_signal_high_leverage,10007.1640430427,0.6390811083792658,0.1164956229226705,0.9999999999983834,58,4,2026-01-27
CINF/FMC,CINF,FMC,medium_signal_high_leverage,-18255.11244320082,-0.766913786196541,0.1164956229226705,1.0649576732933586e-18,58,4,2026-01-27
FSLR/RSG,FSLR,RSG,medium_signal_high_leverage,19298.35111591018,0.49494295630125723,0.1164956229226705,0.9996422262408167,70,4,2026-01-27
AME/WMT,AME,WMT,medium_signal_high_leverage,-5531.968614323408,-0.32281860072197954,0.1164956229226705,9.312488294312497e-20,64,4,2026-01-27
AON/GEN,AON,GEN,medium_signal_high_leverage,13804.58647252841,0.7437130565198533,0.1164956229226705,0.9999999848621544,52,4,2026-01-27
DXCM/UDR,DXCM,UDR,medium_signal_high_leverage,22323.50428338796,0.8519979385713412,0.1164956229226705,0.9999999999763413,54,4,2026-01-27
AON/MCK,AON,MCK,medium_signal_high_leverage,3281.319127313547,0.314346612684462,0.1164956229226705,0.9999327197770271,64,4,2026-01-27
CI/LVS,CI,LVS,medium_signal_high_leverage,-10337.69323841707,-0.3411547162071531,0.1164956229226705,7.97928425274718e-07,56,4,2026-01-27
DVN/YUM,DVN,YUM,medium_signal_high_leverage,-20051.87573266635,-1.3153279611709974,0.1164956229226705,1.3667523453864865e-22,52,4,2026-01-27
CHD/HON,CHD,HON,medium_signal_high_leverage,18382.53974379039,1.3292862205701736,0.1164956229226705,0.9999999999865196,74,4,2026-01-27
CSCO/PAYC,CSCO,PAYC,medium_signal_high_leverage,17018.88278164113,0.9844011884237994,0.1164956229226705,0.9999999982243556,58,4,2026-01-27
TXT/YUM,TXT,YUM,low_vol_specialist,-5727.715362828481,-0.4346729404930978,0.1068052863217429,1.6049906926252597e-23,126,4,2026-01-27
HAS/PFE,HAS,PFE,low_vol_specialist,21288.96185125698,1.3594729824649552,0.1068052863217429,0.9999999999786787,108,4,2026-01-27
DLR/PRU,DLR,PRU,low_vol_specialist,2099.805804770844,0.17821299427972667,0.1068052863217429,0.9441649739038898,126,4,2026-01-27
HRL/MKC,HRL,MKC,low_vol_specialist,12720.55284747583,1.1358248113821083,0.1068052863217429,0.9999963889073513,108,4,2026-01-27
PFG/YUM,PFG,YUM,low_vol_specialist,-5352.998219911405,-0.4393312465899639,0.1068052863217429,1.8215264362103993e-11,98,4,2026-01-27
CINF/FMC,CINF,FMC,low_vol_specialist,-1186.661410877077,-0.07258151413602021,0.1068052863217429,0.0002674160612139253,124,4,2026-01-27
FSLR/RSG,FSLR,RSG,low_vol_specialist,21131.90667674883,0.6944779748746458,0.1068052863217429,0.9999994925999539,122,4,2026-01-27
AME/WMT,AME,WMT,low_vol_specialist,-1027.334870329023,-0.09198076552238348,0.1068052863217429,1.6930593350155927e-05,124,4,2026-01-27
AON/GEN,AON,GEN,low_vol_specialist,13666.12324452453,1.1066108305351958,0.1068052863217429,0.9999999999999999,110,4,2026-01-27
DXCM/UDR,DXCM,UDR,low_vol_specialist,-698.594660883793,-0.03438072172757404,0.1068052863217429,0.0028692374099097873,124,4,2026-01-27
AON/MCK,AON,MCK,low_vol_specialist,-2302.76254760726,-0.2665192395469784,0.1068052863217429,2.32313036386252e-13,110,4,2026-01-27
CI/LVS,CI,LVS,low_vol_specialist,3105.890799163249,0.1440355022341941,0.1068052863217429,0.8674429586072053,120,4,2026-01-27
DVN/YUM,DVN,YUM,low_vol_specialist,-9467.604738800077,-0.6424257507737362,0.1068052863217429,1.846067972793237e-22,106,4,2026-01-27
CHD/HON,CHD,HON,low_vol_specialist,-5014.092478669203,-0.49046755366977707,0.1068052863217429,2.309157938813269e-10,96,4,2026-01-27
CSCO/PAYC,CSCO,PAYC,low_vol_specialist,-7664.8864765658,-0.565166731372549,0.1068052863217429,1.578250111833207e-32,132,4,2026-01-27
TXT/YUM,TXT,YUM,fast_signal_tight_stop,-2603.302473440464,-0.2946684548980172,0.0059427573534611,3.8750248840739785e-17,64,4,2026-01-27
HAS/PFE,HAS,PFE,fast_signal_tight_stop,19357.14288234543,1.2616951219641308,0.0059427573534611,0.9999999762593824,70,4,2026-01-27
DLR/PRU,DLR,PRU,fast_signal_tight_stop,-5891.646353318563,-0.49655897986923586,0.0059427573534611,7.364628886119309e-15,68,4,2026-01-27
HRL/MKC,HRL,MKC,fast_signal_tight_stop,-7120.120540100876,-0.8203478336721896,0.0059427573534611,4.003522429021546e-15,66,4,2026-01-27
PFG/YUM,PFG,YUM,fast_signal_tight_stop,5871.047086396264,0.5610353666833315,0.0059427573534611,0.9999999999937816,78,4,2026-01-27
CINF/FMC,CINF,FMC,fast_signal_tight_stop,-7581.668727011485,-0.6436514637151184,0.0059427573534611,8.922529723888283e-20,66,4,2026-01-27
FSLR/RSG,FSLR,RSG,fast_signal_tight_stop,15356.9928057,0.5824911407811956,0.0059427573534611,0.9998081700861363,72,4,2026-01-27
AME/WMT,AME,WMT,fast_signal_tight_stop,-6368.133625141734,-0.6112171710906683,0.0059427573534611,2.6595805993187304e-24,86,4,2026-01-27
AON/GEN,AON,GEN,fast_signal_tight_stop,4645.317446489121,0.536173183241577,0.0059427573534611,0.9999999997200434,74,4,2026-01-27
DXCM/UDR,DXCM,UDR,fast_signal_tight_stop,23302.91231613587,1.491405131865366,0.0059427573534611,0.9999999999992076,70,4,2026-01-27
AON/MCK,AON,MCK,fast_signal_tight_stop,4962.251094710343,0.686751952393515,0.0059427573534611,0.9999999999999998,74,4,2026-01-27
CI/LVS,CI,LVS,fast_signal_tight_stop,-758.7795236595593,-0.04433022073104402,0.0059427573534611,0.0040787708321063055,78,4,2026-01-27
DVN/YUM,DVN,YUM,fast_signal_tight_stop,-11820.80010144186,-1.0772592127049945,0.0059427573534611,1.8203753086142502e-21,68,4,2026-01-27
CHD/HON,CHD,HON,fast_signal_tight_stop,3885.270620448314,0.4885239329610073,0.0059427573534611,0.9999998749942816,82,4,2026-01-27
CSCO/PAYC,CSCO,PAYC,fast_signal_tight_stop,-5811.732837221753,-0.5162843718354071,0.0059427573534611,6.264615600493516e-18,66,4,2026-01-27
TXT/YUM,TXT,YUM,vol_gated,3708.700224757157,0.41893893159940204,0.000724434736814,0.9999999545494413,74,4,2026-01-27
HAS/PFE,HAS,PFE,vol_gated,-13403.04857720917,-0.9255238141374447,0.000724434736814,3.6766320059636165e-14,68,4,2026-01-27
DLR/PRU,DLR,PRU,vol_gated,-4789.838496671603,-0.42724640619171195,0.000724434736814,1.2548461122171194e-12,66,4,2026-01-27
HRL/MKC,HRL,MKC,vol_gated,-2819.407337286788,-0.30261881058295914,0.000724434736814,1.4205657041745372e-12,64,4,2026-01-27
PFG/YUM,PFG,YUM,vol_gated,5613.615797265797,0.5408121523109832,0.000724434736814,0.9999999999968467,64,4,2026-01-27
CINF/FMC,CINF,FMC,vol_gated,-8648.51791273358,-0.6187493028732115,0.000724434736814,7.270671946198784e-20,68,4,2026-01-27
FSLR/RSG,FSLR,RSG,vol_gated,9915.02101772679,0.3814560055188838,0.000724434736814,0.9978851282026531,78,4,2026-01-27
AME/WMT,AME,WMT,vol_gated,4449.369812566843,0.4299112633218623,0.000724434736814,0.9998353194716684,70,4,2026-01-27
AON/GEN,AON,GEN,vol_gated,5830.188094454967,0.5915861178223673,0.000724434736814,0.9999999999998136,60,4,2026-01-27
DXCM/UDR,DXCM,UDR,vol_gated,14907.13122169348,0.8719121892627958,0.000724434736814,0.9999999999579033,66,4,2026-01-27
AON/MCK,AON,MCK,vol_gated,2083.66257196909,0.27747077303392403,0.000724434736814,0.9999232420096885,66,4,2026-01-27
CI/LVS,CI,LVS,vol_gated,-7437.740083080472,-0.4722347780971918,0.000724434736814,4.29703576739118e-10,72,4,2026-01-27
DVN/YUM,DVN,YUM,vol_gated,5850.857923971102,0.4030518872979688,0.000724434736814,0.9999999968150151,64,4,2026-01-27
CHD/HON,CHD,HON,vol_gated,9692.27267653682,1.006057188158013,0.000724434736814,0.999999999999862,80,4,2026-01-27
CSCO/PAYC,CSCO,PAYC,vol_gated,3889.797798329803,0.31791319851398947,0.000724434736814,0.9996359922196205,60,4,2026-01-27
TXT/YUM,TXT,YUM,vol_adaptive,3699.741603696555,0.4174594853052321,-0.0231250139458719,0.999999948985841,74,4,2026-01-27
HAS/PFE,HAS,PFE,vol_adaptive,-13423.78204280271,-0.9253985803892472,-0.0231250139458719,3.9674586792430416e-14,68,4,2026-01-27
DLR/PRU,DLR,PRU,vol_adaptive,-8879.657566648855,-0.7498334378471261,-0.0231250139458719,4.045887303374085e-12,68,4,2026-01-27
HRL/MKC,HRL,MKC,vol_adaptive,-2575.375983127544,-0.2752471062201015,-0.0231250139458719,4.557605140274249e-12,64,4,2026-01-27
PFG/YUM,PFG,YUM,vol_adaptive,4631.027858866097,0.43985030796626684,-0.0231250139458719,0.9999999999104294,68,4,2026-01-27
CINF/FMC,CINF,FMC,vol_adaptive,-8659.42654294968,-0.6185597648471611,-0.0231250139458719,8.063934214995512e-20,68,4,2026-01-27
FSLR/RSG,FSLR,RSG,vol_adaptive,9924.017138737121,0.3813808537597817,-0.0231250139458719,0.9979118555609308,78,4,2026-01-27
AME/WMT,AME,WMT,vol_adaptive,3378.707039119687,0.32302394551678537,-0.0231250139458719,0.9978889204088427,72,4,2026-01-27
AON/GEN,AON,GEN,vol_adaptive,4706.597784854733,0.4699184421616735,-0.0231250139458719,0.9999999999165432,62,4,2026-01-27
DXCM/UDR,DXCM,UDR,vol_adaptive,14890.17072107237,0.8697655690127544,-0.0231250139458719,0.9999999999548879,66,4,2026-01-27
AON/MCK,AON,MCK,vol_adaptive,1626.894231837349,0.21254797672357081,-0.0231250139458719,0.99418992387662,68,4,2026-01-27
CI/LVS,CI,LVS,vol_adaptive,-6609.447090806011,-0.4181201137219405,-0.0231250139458719,1.0169380715624903e-09,74,4,2026-01-27
DVN/YUM,DVN,YUM,vol_adaptive,7805.86091989743,0.5253519236304124,-0.0231250139458719,0.9999999998037803,62,4,2026-01-27
CHD/HON,CHD,HON,vol_adaptive,10858.80773218516,1.133604359941392,-0.0231250139458719,0.999999999999751,88,4,2026-01-27
CSCO/PAYC,CSCO,PAYC,vol_adaptive,5966.850022944925,0.4803924156702169,-0.0231250139458719,0.999996535340207,64,4,2026-01-27
TXT/YUM,TXT,YUM,flash_hold,-1683.123359725966,-0.29259237238062297,-0.0405829477099623,4.220503448444484e-14,136,4,2026-01-27
HAS/PFE,HAS,PFE,flash_hold,5665.807402315941,0.6265572640371537,-0.0405829477099623,0.999999512505474,158,4,2026-01-27
DLR/PRU,DLR,PRU,flash_hold,-2029.413716825215,-0.2528220754889777,-0.0405829477099623,3.3197399219028854e-11,152,4,2026-01-27
HRL/MKC,HRL,MKC,flash_hold,-802.3456387125455,-0.13286488293484625,-0.0405829477099623,0.00021277295601916733,148,4,2026-01-27
PFG/YUM,PFG,YUM,flash_hold,-6401.177998245299,-0.9575686715729164,-0.0405829477099623,1.5538524978420502e-16,142,4,2026-01-27
CINF/FMC,CINF,FMC,flash_hold,10952.46923874616,0.6212873632891999,-0.0405829477099623,0.9966923776557616,170,4,2026-01-27
FSLR/RSG,FSLR,RSG,flash_hold,10605.61915836417,0.8519811805370732,-0.0405829477099623,0.9999999999999991,134,4,2026-01-27
AME/WMT,AME,WMT,flash_hold,-462.3975289781137,-0.06608933222490528,-0.0405829477099623,0.00010450547288357467,156,4,2026-01-27
AON/GEN,AON,GEN,flash_hold,-1149.370530013985,-0.15264089087673008,-0.0405829477099623,3.5098343357772054e-08,144,4,2026-01-27
DXCM/UDR,DXCM,UDR,flash_hold,5620.880534383705,0.5482018140862392,-0.0405829477099623,0.9999999999999949,170,4,2026-01-27
AON/MCK,AON,MCK,flash_hold,3184.54782911222,0.6208906836012518,-0.0405829477099623,0.9999999999999966,132,4,2026-01-27
CI/LVS,CI,LVS,flash_hold,753.7958976051505,0.06206499535468666,-0.0405829477099623,0.20164899482815957,168,4,2026-01-27
DVN/YUM,DVN,YUM,flash_hold,-1328.126365760532,-0.1488867094664607,-0.0405829477099623,1.7077690566859985e-05,140,4,2026-01-27
CHD/HON,CHD,HON,flash_hold,6667.483434211566,1.0842517141631518,-0.0405829477099623,0.999999999999998,140,4,2026-01-27
CSCO/PAYC,CSCO,PAYC,flash_hold,-1452.620612975977,-0.189029163744469,-0.0405829477099623,3.465147427455817e-08,146,4,2026-01-27
TXT/YUM,TXT,YUM,high_leverage,-5581.407649870942,-0.4018453731659128,-0.0782913417477895,9.651450480044007e-19,68,4,2026-01-27
HAS/PFE,HAS,PFE,high_leverage,-21783.85701947231,-1.0374776152749032,-0.0782913417477895,1.1372321984966217e-11,54,4,2026-01-27
DLR/PRU,DLR,PRU,high_leverage,-8142.423726314424,-0.5398684292639624,-0.0782913417477895,1.7846823776804995e-16,52,4,2026-01-27
HRL/MKC,HRL,MKC,high_leverage,4817.308394310538,0.4168427546987122,-0.0782913417477895,0.9999962457474023,52,4,2026-01-27
PFG/YUM,PFG,YUM,high_leverage,8442.103350125932,0.483339410005078,-0.0782913417477895,0.9997545702685626,60,4,2026-01-27
CINF/FMC,CINF,FMC,high_leverage,-16536.07922417678,-0.7047205384996009,-0.0782913417477895,8.60984429941495e-17,54,4,2026-01-27
FSLR/RSG,FSLR,RSG,high_leverage,38757.11525738671,0.9896088131332205,-0.0782913417477895,0.9999952398814758,66,4,2026-01-27
AME/WMT,AME,WMT,high_leverage,-12180.13680515569,-0.7471978337904485,-0.0782913417477895,2.542947948046189e-19,56,4,2026-01-27
AON/GEN,AON,GEN,high_leverage,13456.85983241224,0.7648318633101043,-0.0782913417477895,0.9999998764692187,50,4,2026-01-27
DXCM/UDR,DXCM,UDR,high_leverage,18938.63684240096,0.710405738060643,-0.0782913417477895,0.9999999997931017,56,4,2026-01-27
AON/MCK,AON,MCK,high_leverage,1898.344110795711,0.17038623324665086,-0.0782913417477895,0.9221436363078108,62,4,2026-01-27
CI/LVS,CI,LVS,high_leverage,-1786.962342978192,-0.058286027280245616,-0.0782913417477895,0.0016173974336500952,64,4,2026-01-27
DVN/YUM,DVN,YUM,high_leverage,-21633.48459405669,-1.3908283091909437,-0.0782913417477895,4.809090931642693e-25,54,4,2026-01-27
CHD/HON,CHD,HON,high_leverage,11646.48159604645,1.0307100045710968,-0.0782913417477895,0.9999996901767677,56,4,2026-01-27
CSCO/PAYC,CSCO,PAYC,high_leverage,9545.311501809583,0.5617440701210628,-0.0782913417477895,0.9999999815906183,68,4,2026-01-27
TXT/YUM,TXT,YUM,fast_reentry,-3716.522490903746,-0.4207229389069187,-0.1355843383000489,3.340164238923794e-22,74,4,2026-01-27
HAS/PFE,HAS,PFE,fast_reentry,-9334.168741765461,-0.6233470858255167,-0.1355843383000489,1.5135767163551954e-16,84,4,2026-01-27
DLR/PRU,DLR,PRU,fast_reentry,-4766.324515498956,-0.42875958472647124,-0.1355843383000489,1.0536368495386592e-18,70,4,2026-01-27
HRL/MKC,HRL,MKC,fast_reentry,5993.919636005829,0.7554553606327724,-0.1355843383000489,0.9999999993714009,58,4,2026-01-27
PFG/YUM,PFG,YUM,fast_reentry,12804.02851494111,1.278654151577394,-0.1355843383000489,0.9999999999820606,62,4,2026-01-27
CINF/FMC,CINF,FMC,fast_reentry,6495.204499712349,0.19730901927043826,-0.1355843383000489,0.9867811442728053,70,4,2026-01-27
FSLR/RSG,FSLR,RSG,fast_reentry,17157.55344213395,0.6244097124449564,-0.1355843383000489,0.9999816879594622,70,4,2026-01-27
AME/WMT,AME,WMT,fast_reentry,-4404.172683182907,-0.397329983551023,-0.1355843383000489,4.850371864948515e-22,72,4,2026-01-27
AON/GEN,AON,GEN,fast_reentry,7027.115520471441,0.7890734054133838,-0.1355843383000489,0.9999999999977589,66,4,2026-01-27
DXCM/UDR,DXCM,UDR,fast_reentry,6788.101182611147,0.40287255766512153,-0.1355843383000489,0.9999980817089995,72,4,2026-01-27
AON/MCK,AON,MCK,fast_reentry,1501.450364778632,0.2024654959257834,-0.1355843383000489,0.977856160801827,64,4,2026-01-27
CI/LVS,CI,LVS,fast_reentry,-8515.208404817411,-0.4086373737969342,-0.1355843383000489,4.52012782323182e-08,78,4,2026-01-27
DVN/YUM,DVN,YUM,fast_reentry,-16469.17514860406,-1.494979370953831,-0.1355843383000489,4.33672123398799e-26,60,4,2026-01-27
CHD/HON,CHD,HON,fast_reentry,8984.195072692128,1.171795908322662,-0.1355843383000489,0.9999997816198818,60,4,2026-01-27
CSCO/PAYC,CSCO,PAYC,fast_reentry,547.4741644731757,0.04912112634369607,-0.1355843383000489,0.13152212746187053,72,4,2026-01-27
TXT/YUM,TXT,YUM,high_turnover,-428.3470988127995,-0.03970385787365767,-0.1416745714788235,0.001389192975621804,94,4,2026-01-27
HAS/PFE,HAS,PFE,high_turnover,-1960.427562122895,-0.14438832361591108,-0.1416745714788235,2.216552572086376e-05,90,4,2026-01-27
DLR/PRU,DLR,PRU,high_turnover,4455.58003106299,0.33650229154998296,-0.1416745714788235,0.9978240798313084,98,4,2026-01-27
HRL/MKC,HRL,MKC,high_turnover,4222.601118391392,0.35882973964184095,-0.1416745714788235,0.9998609231907609,94,4,2026-01-27
PFG/YUM,PFG,YUM,high_turnover,385.4347983184161,0.036560034455775506,-0.1416745714788235,0.09108686816549377,88,4,2026-01-27
CINF/FMC,CINF,FMC,high_turnover,-2415.359127012708,-0.16181986327555098,-0.1416745714788235,2.087085756946687e-07,94,4,2026-01-27
FSLR/RSG,FSLR,RSG,high_turnover,25970.30269495965,0.9964754396829153,-0.1416745714788235,0.999993439581034,100,4,2026-01-27
AME/WMT,AME,WMT,high_turnover,-4649.200658062805,-0.4488656326056784,-0.1416745714788235,3.0237084096020247e-19,102,4,2026-01-27
AON/GEN,AON,GEN,high_turnover,-2804.169771314536,-0.30501756925317014,-0.1416745714788235,2.337064082647503e-16,80,4,2026-01-27
DXCM/UDR,DXCM,UDR,high_turnover,4982.458857171691,0.28499579268688857,-0.1416745714788235,0.9995877929927403,86,4,2026-01-27
AON/MCK,AON,MCK,high_turnover,-1508.097788596773,-0.12605923600431937,-0.1416745714788235,1.1238742876983852e-07,100,4,2026-01-27
CI/LVS,CI,LVS,high_turnover,-6578.719825846486,-0.3667362563303109,-0.1416745714788235,1.9637058357498986e-06,92,4,2026-01-27
DVN/YUM,DVN,YUM,high_turnover,-1582.557465451522,-0.09463965908585384,-0.1416745714788235,0.0003129426657844712,84,4,2026-01-27
CHD/HON,CHD,HON,high_turnover,5687.152672514938,0.6279341438359318,-0.1416745714788235,0.9999999998866708,102,4,2026-01-27
CSCO/PAYC,CSCO,PAYC,high_turnover,-4765.760187683884,-0.3788488305414064,-0.1416745714788235,1.2941315892865931e-19,96,4,2026-01-27
TXT/YUM,TXT,YUM,long_z_short_v,-5335.837453770698,-0.5715397142267893,-0.1865388238492369,7.011028091973336e-25,52,4,2026-01-27
HAS/PFE,HAS,PFE,long_z_short_v,5466.094015222903,0.4966464237092154,-0.1865388238492369,0.9999992128385597,40,4,2026-01-27
DLR/PRU,DLR,PRU,long_z_short_v,-2817.018049081845,-0.25811853215849845,-0.1865388238492369,1.9825001966524569e-13,54,4,2026-01-27
HRL/MKC,HRL,MKC,long_z_short_v,-7577.268209663393,-0.9390515037517764,-0.1865388238492369,2.3310266761058824e-12,42,4,2026-01-27
PFG/YUM,PFG,YUM,long_z_short_v,622.9693417534472,0.06266957880909689,-0.1865388238492369,0.22762324859270622,62,4,2026-01-27
CINF/FMC,CINF,FMC,long_z_short_v,5960.547112799852,0.42156041253573456,-0.1865388238492369,0.9999999998506189,58,4,2026-01-27
FSLR/RSG,FSLR,RSG,long_z_short_v,7964.307438264831,0.3694348935322499,-0.1865388238492369,0.9794279603263057,50,4,2026-01-27
AME/WMT,AME,WMT,long_z_short_v,3346.384721033411,0.34006308731319285,-0.1865388238492369,0.9996959996560761,52,4,2026-01-27
AON/GEN,AON,GEN,long_z_short_v,398.2204881392381,0.047470521645276396,-0.1865388238492369,0.1435659031009271,44,4,2026-01-27
DXCM/UDR,DXCM,UDR,long_z_short_v,2133.589104711316,0.14140342127009634,-0.1865388238492369,0.786408380624819,58,4,2026-01-27
AON/MCK,AON,MCK,long_z_short_v,-45.50910373715124,-0.006960954860157699,-0.1865388238492369,0.012494006385494515,50,4,2026-01-27
CI/LVS,CI,LVS,long_z_short_v,708.7491259571793,0.042587102261521424,-0.1865388238492369,0.08938525660575308,36,4,2026-01-27
DVN/YUM,DVN,YUM,long_z_short_v,-2296.858883914252,-0.19390903732595335,-0.1865388238492369,6.618812490732892e-08,52,4,2026-01-27
CHD/HON,CHD,HON,long_z_short_v,3134.825041568717,0.35623214767272315,-0.1865388238492369,0.9999538722205812,52,4,2026-01-27
CSCO/PAYC,CSCO,PAYC,long_z_short_v,7790.825055027711,0.8662327176828221,-0.1865388238492369,0.9999999999999647,54,4,2026-01-27
TXT/YUM,TXT,YUM,stable_signal_quick_exit,4481.577997156634,0.5220967970075457,-0.3424377243640082,0.9999999999139442,56,4,2026-01-27
HAS/PFE,HAS,PFE,stable_signal_quick_exit,-8602.808692780409,-0.570451133649899,-0.3424377243640082,2.736646452224895e-07,48,4,2026-01-27
DLR/PRU,DLR,PRU,stable_signal_quick_exit,-4699.891104339393,-0.45721125283896963,-0.3424377243640082,4.1471125794289677e-10,46,4,2026-01-27
HRL/MKC,HRL,MKC,stable_signal_quick_exit,-684.0372620593075,-0.07838124582001796,-0.3424377243640082,4.034193763016276e-05,50,4,2026-01-27
PFG/YUM,PFG,YUM,stable_signal_quick_exit,10808.06889454685,1.131187968711208,-0.3424377243640082,0.9999999999994804,46,4,2026-01-27
CINF/FMC,CINF,FMC,stable_signal_quick_exit,-8051.3235600802,-0.5734776662232607,-0.3424377243640082,3.580429347857612e-12,54,4,2026-01-27
FSLR/RSG,FSLR,RSG,stable_signal_quick_exit,8711.368745284191,0.3143053424144161,-0.3424377243640082,0.994374624280919,64,4,2026-01-27
AME/WMT,AME,WMT,stable_signal_quick_exit,1307.792467350037,0.12532382970687228,-0.3424377243640082,0.6813801406954354,52,4,2026-01-27
AON/GEN,AON,GEN,stable_signal_quick_exit,-4890.03278722498,-0.5187188503090115,-0.3424377243640082,6.085516068207273e-12,46,4,2026-01-27
DXCM/UDR,DXCM,UDR,stable_signal_quick_exit,842.9552225521711,0.05762505458444383,-0.3424377243640082,0.20864337847220327,56,4,2026-01-27
AON/MCK,AON,MCK,stable_signal_quick_exit,4150.635355422681,0.5812054457611505,-0.3424377243640082,0.9999999998904987,46,4,2026-01-27
CI/LVS,CI,LVS,stable_signal_quick_exit,-7272.996979391588,-0.590911926305798,-0.3424377243640082,8.290854469057183e-15,40,4,2026-01-27
DVN/YUM,DVN,YUM,stable_signal_quick_exit,-2032.529845952723,-0.13946964045702973,-0.3424377243640082,0.00021822896107457282,52,4,2026-01-27
CHD/HON,CHD,HON,stable_signal_quick_exit,12970.15646894268,1.2850352729274135,-0.3424377243640082,0.9999999997920479,58,4,2026-01-27
CSCO/PAYC,CSCO,PAYC,stable_signal_quick_exit,4267.099010561744,0.36039968305278786,-0.3424377243640082,0.999986750146158,70,4,2026-01-27
TXT/YUM,TXT,YUM,quick_exit,571.9833712057389,0.07905672752521238,-0.3579892310964362,0.3384451449574185,70,4,2026-01-27
HAS/PFE,HAS,PFE,quick_exit,-4368.423689916556,-0.3460871995178336,-0.3579892310964362,6.574902974465384e-14,68,4,2026-01-27
DLR/PRU,DLR,PRU,quick_exit,-1968.40569775996,-0.2482074722759179,-0.3579892310964362,3.3371190578939326e-08,48,4,2026-01-27
HRL/MKC,HRL,MKC,quick_exit,-1776.05943015819,-0.2741679504258615,-0.3579892310964362,6.610971295372411e-07,46,4,2026-01-27
PFG/YUM,PFG,YUM,quick_exit,10534.10892272503,1.126743944532257,-0.3579892310964362,0.9999999992566323,60,4,2026-01-27
CINF/FMC,CINF,FMC,quick_exit,-8591.801282724111,-0.7904424719401787,-0.3579892310964362,1.0625274952244152e-12,64,4,2026-01-27
FSLR/RSG,FSLR,RSG,quick_exit,6182.982918678934,0.24632848223485818,-0.3579892310964362,0.9681375686321562,64,4,2026-01-27
AME/WMT,AME,WMT,quick_exit,-5641.528943375712,-0.6398537579541518,-0.3579892310964362,2.3312919508490278e-14,62,4,2026-01-27
AON/GEN,AON,GEN,quick_exit,8922.682286183484,1.032532837505614,-0.3579892310964362,0.9999999999995256,60,4,2026-01-27
DXCM/UDR,DXCM,UDR,quick_exit,12014.25063817618,0.7793645602756616,-0.3579892310964362,0.9999999886503346,64,4,2026-01-27
AON/MCK,AON,MCK,quick_exit,3827.830237521674,0.47704500492423596,-0.3579892310964362,0.9999999975138758,58,4,2026-01-27
CI/LVS,CI,LVS,quick_exit,-7373.047406228683,-0.5039967072780085,-0.3579892310964362,1.4218490338992607e-08,68,4,2026-01-27
DVN/YUM,DVN,YUM,quick_exit,-17547.90366116646,-1.8861739244567344,-0.3579892310964362,1.7184754242996517e-21,52,4,2026-01-27
CHD/HON,CHD,HON,quick_exit,8613.684580157567,1.0956046171128102,-0.3579892310964362,0.9999999118605377,54,4,2026-01-27
CSCO/PAYC,CSCO,PAYC,quick_exit,7620.941056542011,0.7466041508732654,-0.3579892310964362,0.9999999128622623,62,4,2026-01-27
TXT/YUM,TXT,YUM,slow_reentry,-713.5964864748648,-0.08596536055222158,-0.5119732373678515,4.379949909201365e-05,66,4,2026-01-27
HAS/PFE,HAS,PFE,slow_reentry,-14323.01922680641,-1.1040917487078867,-0.5119732373678515,1.3454497154580904e-08,50,4,2026-01-27
DLR/PRU,DLR,PRU,slow_reentry,-4051.176430267151,-0.4308627142675777,-0.5119732373678515,1.700793120037839e-13,44,4,2026-01-27
HRL/MKC,HRL,MKC,slow_reentry,1006.592350914443,0.1432202791169919,-0.5119732373678515,0.8145811331248303,50,4,2026-01-27
PFG/YUM,PFG,YUM,slow_reentry,2729.001530521422,0.23698635201960333,-0.5119732373678515,0.9730456769430258,52,4,2026-01-27
CINF/FMC,CINF,FMC,slow_reentry,-6633.544657404449,-0.5504436424888227,-0.5119732373678515,1.6786610963272075e-11,42,4,2026-01-27
FSLR/RSG,FSLR,RSG,slow_reentry,12568.30838346339,0.4994191655297687,-0.5119732373678515,0.9993824833359769,56,4,2026-01-27
AME/WMT,AME,WMT,slow_reentry,-6421.119155795103,-0.632175730418955,-0.5119732373678515,1.7695114251032593e-16,52,4,2026-01-27
AON/GEN,AON,GEN,slow_reentry,5184.037919211276,0.674945773213087,-0.5119732373678515,0.9999999999999808,44,4,2026-01-27
DXCM/UDR,DXCM,UDR,slow_reentry,7109.486134032841,0.5026537923041188,-0.5119732373678515,0.9999890234617317,50,4,2026-01-27
AON/MCK,AON,MCK,slow_reentry,704.3994012683224,0.09591607103930677,-0.5119732373678515,0.4754081531128253,60,4,2026-01-27
CI/LVS,CI,LVS,slow_reentry,-4411.289050693375,-0.40515017011190885,-0.5119732373678515,7.37904571923372e-08,40,4,2026-01-27
DVN/YUM,DVN,YUM,slow_reentry,-8505.315276366691,-0.8904905115996071,-0.5119732373678515,1.1804738662499984e-19,46,4,2026-01-27
CHD/HON,CHD,HON,slow_reentry,7239.249092136644,0.9655890777275965,-0.5119732373678515,0.9999993320303132,52,4,2026-01-27
CSCO/PAYC,CSCO,PAYC,slow_reentry,11696.49433077749,1.1635272932241292,-0.5119732373678515,0.9999997561344744,60,4,2026-01-27
TXT/YUM,TXT,YUM,tight_stop,-1848.483399423295,-0.25702505124882924,-0.5716537638139255,1.310976929703142e-11,72,4,2026-01-27
HAS/PFE,HAS,PFE,tight_stop,-4443.948664991186,-0.35199987694798734,-0.5716537638139255,9.109822610858567e-14,68,4,2026-01-27
DLR/PRU,DLR,PRU,tight_stop,-2692.890258420252,-0.3346400711557252,-0.5716537638139255,3.8757599052354054e-09,46,4,2026-01-27
HRL/MKC,HRL,MKC,tight_stop,-1330.228139747194,-0.20169047903153764,-0.5716537638139255,1.751832568550245e-06,48,4,2026-01-27
PFG/YUM,PFG,YUM,tight_stop,10602.28436606677,1.1311111336158814,-0.5716537638139255,0.9999999992408405,60,4,2026-01-27
CINF/FMC,CINF,FMC,tight_stop,-6695.251696773365,-0.5824661774215725,-0.5716537638139255,1.1675548395946608e-12,64,4,2026-01-27
FSLR/RSG,FSLR,RSG,tight_stop,4713.429215440035,0.1881584231728685,-0.5716537638139255,0.8956911493722792,64,4,2026-01-27
AME/WMT,AME,WMT,tight_stop,-5466.332130063383,-0.6187758666466514,-0.5716537638139255,1.5001388515067472e-14,62,4,2026-01-27
AON/GEN,AON,GEN,tight_stop,6671.279390803396,0.8173014678885815,-0.5716537638139255,0.9999999999695892,60,4,2026-01-27
DXCM/UDR,DXCM,UDR,tight_stop,13891.53849683588,0.920994438163376,-0.5716537638139255,0.9999999827534782,60,4,2026-01-27
AON/MCK,AON,MCK,tight_stop,3041.781232585951,0.38560100724209107,-0.5716537638139255,0.9999996393044872,60,4,2026-01-27
CI/LVS,CI,LVS,tight_stop,-10527.68608047523,-0.7750496740283536,-0.5716537638139255,1.498630137016283e-15,68,4,2026-01-27
DVN/YUM,DVN,YUM,tight_stop,-17496.38726292225,-1.8768286509036307,-0.5716537638139255,1.3054140439695598e-21,52,4,2026-01-27
CHD/HON,CHD,HON,tight_stop,6357.438266127483,0.8916752080591713,-0.5716537638139255,0.9999960245841294,52,4,2026-01-27
CSCO/PAYC,CSCO,PAYC,tight_stop,6391.528735384873,0.6581595700182408,-0.5716537638139255,0.9999992304052389,62,4,2026-01-27
TXT/YUM,TXT,YUM,deep_dislocation,-921.6878791463678,-0.08691933877005258,-0.610920282841654,7.621509137090557e-05,28,4,2026-01-27
HAS/PFE,HAS,PFE,deep_dislocation,13803.69602545862,1.089568262338265,-0.610920282841654,0.9999993348136885,30,4,2026-01-27
DLR/PRU,DLR,PRU,deep_dislocation,1458.094320306591,0.1320072612430562,-0.610920282841654,0.7607939576213814,36,4,2026-01-27
HRL/MKC,HRL,MKC,deep_dislocation,5061.68396717151,0.5886774394164593,-0.610920282841654,0.999989948899502,26,4,2026-01-27
PFG/YUM,PFG,YUM,deep_dislocation,6667.850954797563,0.6072131971781087,-0.610920282841654,0.999999772982392,26,4,2026-01-27
CINF/FMC,CINF,FMC,deep_dislocation,-31144.94116518901,-1.5855199589777436,-0.610920282841654,1.8054874631479204e-35,50,4,2026-01-27
FSLR/RSG,FSLR,RSG,deep_dislocation,-4593.942607995544,-0.14239545283404187,-0.610920282841654,3.3085294712211255e-12,34,4,2026-01-27
AME/WMT,AME,WMT,deep_dislocation,4877.983755219751,0.4744347212635601,-0.610920282841654,0.9999949097482,24,4,2026-01-27
AON/GEN,AON,GEN,deep_dislocation,-2709.324189657986,-0.19494664676100454,-0.610920282841654,4.3829433868162023e-16,26,4,2026-01-27
DXCM/UDR,DXCM,UDR,deep_dislocation,2842.081441347573,0.16197941296956597,-0.610920282841654,0.836096408793044,24,4,2026-01-27
AON/MCK,AON,MCK,deep_dislocation,2203.218043479166,0.29887198904873313,-0.610920282841654,0.998470300303586,24,4,2026-01-27
CI/LVS,CI,LVS,deep_dislocation,-5559.812337986905,-0.2819272596785667,-0.610920282841654,3.137169259697926e-13,24,4,2026-01-27
DVN/YUM,DVN,YUM,deep_dislocation,-17096.81009578702,-1.3236188264401538,-0.610920282841654,3.137512995215246e-17,24,4,2026-01-27
CHD/HON,CHD,HON,deep_dislocation,11616.31606278424,1.1111720831844178,-0.610920282841654,0.9999777991821793,24,4,2026-01-27
CSCO/PAYC,CSCO,PAYC,deep_dislocation,2681.324628485018,0.19477671529855642,-0.610920282841654,0.9907627194782567,24,4,2026-01-27
TXT/YUM,TXT,YUM,patient_hold,-6195.648378728187,-0.7673379721846046,-0.6191755703516383,4.7967700036639536e-23,48,4,2026-01-27
HAS/PFE,HAS,PFE,patient_hold,-4632.373947181185,-0.3883420248133802,-0.6191755703516383,3.2789410880480088e-12,36,4,2026-01-27
DLR/PRU,DLR,PRU,patient_hold,-2012.141543705164,-0.25779818005208976,-0.6191755703516383,1.4394478233846052e-08,42,4,2026-01-27
HRL/MKC,HRL,MKC,patient_hold,-1222.053579688022,-0.2184422203236339,-0.6191755703516383,2.960177117529913e-07,36,4,2026-01-27
PFG/YUM,PFG,YUM,patient_hold,7847.405249031836,0.8600697810815433,-0.6191755703516383,0.9999999990806906,44,4,2026-01-27
CINF/FMC,CINF,FMC,patient_hold,17736.98440147514,0.5598433365018546,-0.6191755703516383,0.9917994645046644,36,4,2026-01-27
FSLR/RSG,FSLR,RSG,patient_hold,-8302.655560112333,-0.432422009400013,-0.6191755703516383,4.634862915870641e-08,38,4,2026-01-27
AME/WMT,AME,WMT,patient_hold,-2834.261669621417,-0.31344595115263785,-0.6191755703516383,1.7874865676772732e-15,42,4,2026-01-27
AON/GEN,AON,GEN,patient_hold,1320.003309038412,0.14408306464827308,-0.6191755703516383,0.7516089880956074,36,4,2026-01-27
DXCM/UDR,DXCM,UDR,patient_hold,13294.06783658103,1.0298495908954788,-0.6191755703516383,1.0,40,4,2026-01-27
AON/MCK,AON,MCK,patient_hold,5764.431578732792,1.128155283899467,-0.6191755703516383,0.9999999999254398,56,4,2026-01-27
CI/LVS,CI,LVS,patient_hold,-17342.71984530429,-1.2215564388786755,-0.6191755703516383,7.786076248520327e-19,38,4,2026-01-27
DVN/YUM,DVN,YUM,patient_hold,-15157.27763617583,-1.8154048484987744,-0.6191755703516383,3.3358929123505404e-23,32,4,2026-01-27
CHD/HON,CHD,HON,patient_hold,10176.64351580134,1.2317464152012012,-0.6191755703516383,0.9999999908549556,42,4,2026-01-27
CSCO/PAYC,CSCO,PAYC,patient_hold,-2606.105357975725,-0.155095792359716,-0.6191755703516383,4.368751558367524e-12,38,4,2026-01-27
TXT/YUM,TXT,YUM,default,-2810.356072025192,-0.33222538500312854,-0.677010144405295,4.335394406470055e-17,68,4,2026-01-27
HAS/PFE,HAS,PFE,default,-16212.57637891331,-1.1779189170652733,-0.677010144405295,5.566328759638868e-11,62,4,2026-01-27
DLR/PRU,DLR,PRU,default,-6057.646056543211,-0.609741037057507,-0.677010144405295,1.4094733269435614e-16,52,4,2026-01-27
HRL/MKC,HRL,MKC,default,1955.497139749514,0.2766997969607225,-0.677010144405295,0.998256966183679,52,4,2026-01-27
PFG/YUM,PFG,YUM,default,5728.953243161344,0.49378510258807834,-0.677010144405295,0.9997935115393802,60,4,2026-01-27
CINF/FMC,CINF,FMC,default,-4554.277664812429,-0.3133989374625233,-0.677010144405295,6.751017802912901e-10,58,4,2026-01-27
FSLR/RSG,FSLR,RSG,default,17150.08974532997,0.6497046333183295,-0.677010144405295,0.9999601314821274,62,4,2026-01-27
AME/WMT,AME,WMT,default,-10103.11359687064,-0.9661243052572032,-0.677010144405295,2.306886358206088e-16,56,4,2026-01-27
AON/GEN,AON,GEN,default,6873.498092839426,0.7535814690080143,-0.677010144405295,0.9999999995871471,54,4,2026-01-27
DXCM/UDR,DXCM,UDR,default,11775.05049707254,0.6797581864676532,-0.677010144405295,0.9999999990872168,62,4,2026-01-27
AON/MCK,AON,MCK,default,1289.765201221001,0.17569438126828768,-0.677010144405295,0.9358776349373821,62,4,2026-01-27
CI/LVS,CI,LVS,default,-9833.579340044658,-0.659150471807526,-0.677010144405295,4.966233361197046e-17,64,4,2026-01-27
DVN/YUM,DVN,YUM,default,-15937.64591029038,-1.660591237469161,-0.677010144405295,3.289110111998132e-22,52,4,2026-01-27
CHD/HON,CHD,HON,default,7667.400854972007,1.0215062130088615,-0.677010144405295,0.9999995376523431,56,4,2026-01-27
CSCO/PAYC,CSCO,PAYC,default,5372.509905228961,0.48577766494192265,-0.677010144405295,0.999999845337604,68,4,2026-01-27
TXT/YUM,TXT,YUM,conservative_no_leverage,-3729.704463433183,-0.8779291180105324,-0.7347847326788206,1.0458717985817131e-21,48,4,2026-01-27
HAS/PFE,HAS,PFE,conservative_no_leverage,-398.2757812764921,-0.05345685432110685,-0.7347847326788206,0.00046189288155517135,40,4,2026-01-27
DLR/PRU,DLR,PRU,conservative_no_leverage,-1706.471779474677,-0.4391999628862009,-0.7347847326788206,7.73337259696136e-12,40,4,2026-01-27
HRL/MKC,HRL,MKC,conservative_no_leverage,1167.457197753753,0.41540632066096767,-0.7347847326788206,0.999999998916843,30,4,2026-01-27
PFG/YUM,PFG,YUM,conservative_no_leverage,1493.309535337224,0.33117280788851167,-0.7347847326788206,0.9999999860637587,36,4,2026-01-27
CINF/FMC,CINF,FMC,conservative_no_leverage,4199.062716650857,0.2551160614652398,-0.7347847326788206,0.9922193881946699,38,4,2026-01-27
FSLR/RSG,FSLR,RSG,conservative_no_leverage,-9573.995282601965,-0.9424314298955,-0.7347847326788206,7.931040628823176e-06,34,4,2026-01-27
AME/WMT,AME,WMT,conservative_no_leverage,1219.921704826887,0.2919102089204803,-0.7347847326788206,0.9904281027246264,38,4,2026-01-27
AON/GEN,AON,GEN,conservative_no_leverage,7459.468960559821,1.2757012307229367,-0.7347847326788206,0.9999999650556298,42,4,2026-01-27
DXCM/UDR,DXCM,UDR,conservative_no_leverage,7413.04091444145,1.0794160072823418,-0.7347847326788206,1.0,40,4,2026-01-27
AON/MCK,AON,MCK,conservative_no_leverage,4138.459111245763,1.7446520867847046,-0.7347847326788206,0.9999999999992208,50,4,2026-01-27
CI/LVS,CI,LVS,conservative_no_leverage,-4668.381401615139,-0.535770295312816,-0.7347847326788206,1.699876491557666e-14,38,4,2026-01-27
DVN/YUM,DVN,YUM,conservative_no_leverage,-6360.842834443621,-1.5390056780408279,-0.7347847326788206,5.351632709262411e-20,22,4,2026-01-27
CHD/HON,CHD,HON,conservative_no_leverage,5333.93889454378,1.3828754131447167,-0.7347847326788206,0.9999997190071558,36,4,2026-01-27
CSCO/PAYC,CSCO,PAYC,conservative_no_leverage,4294.97802460383,0.8826811933841705,-0.7347847326788206,0.9999992251659146,44,4,2026-01-27
TXT/YUM,TXT,YUM,high_vol_specialist,-3837.546664503529,-0.34644142164229835,-0.7413014770295876,3.5505041577412116e-12,46,4,2026-01-27
HAS/PFE,HAS,PFE,high_vol_specialist,6790.685373377401,0.5516304100891374,-0.7413014770295876,0.9999999835180676,50,4,2026-01-27
DLR/PRU,DLR,PRU,high_vol_specialist,-6810.490326310341,-0.7837903444016706,-0.7413014770295876,4.386375715585509e-17,36,4,2026-01-27
HRL/MKC,HRL,MKC,high_vol_specialist,5677.934976827055,0.7476657893546871,-0.7413014770295876,0.9999999999983178,44,4,2026-01-27
PFG/YUM,PFG,YUM,high_vol_specialist,5725.669798314189,0.5223644752680682,-0.7413014770295876,0.999999999998789,42,4,2026-01-27
CINF/FMC,CINF,FMC,high_vol_specialist,-13024.96568759914,-0.8754799623100489,-0.7413014770295876,6.220153319986266e-25,44,4,2026-01-27
FSLR/RSG,FSLR,RSG,high_vol_specialist,-13806.32996507085,-0.6257017165524036,-0.7413014770295876,5.549769964226643e-09,48,4,2026-01-27
AME/WMT,AME,WMT,high_vol_specialist,-9893.531006123158,-0.9566572975063973,-0.7413014770295876,2.0924283663527863e-15,44,4,2026-01-27
AON/GEN,AON,GEN,high_vol_specialist,5954.251264157794,0.5275491736222216,-0.7413014770295876,0.9999822975451672,40,4,2026-01-27
DXCM/UDR,DXCM,UDR,high_vol_specialist,7267.107307387229,0.4399145963873091,-0.7413014770295876,0.9999934543812873,48,4,2026-01-27
AON/MCK,AON,MCK,high_vol_specialist,15674.34303540759,2.3321525603739364,-0.7413014770295876,0.9999999999999972,54,4,2026-01-27
CI/LVS,CI,LVS,high_vol_specialist,-11881.87739889751,-0.5819619324343498,-0.7413014770295876,3.7003987975232353e-09,54,4,2026-01-27
DVN/YUM,DVN,YUM,high_vol_specialist,-18322.99635463496,-1.8154037689153188,-0.7413014770295876,3.698484926434216e-33,46,4,2026-01-27
CHD/HON,CHD,HON,high_vol_specialist,11202.93525324254,1.3440521115556514,-0.7413014770295876,0.9999999887024976,50,4,2026-01-27
CSCO/PAYC,CSCO,PAYC,high_vol_specialist,7523.411265586271,0.7494064887948005,-0.7413014770295876,0.9999991442633122,40,4,2026-01-27
TXT/YUM,TXT,YUM,slow_signal,-7308.615318635775,-0.827166489466004,-0.8070426048185583,5.129270741982015e-21,46,4,2026-01-27
HAS/PFE,HAS,PFE,slow_signal,2261.039945744665,0.1834454609392454,-0.8070426048185583,0.9609868479409284,42,4,2026-01-27
DLR/PRU,DLR,PRU,slow_signal,-7035.180597363327,-0.6523598661228766,-0.8070426048185583,9.674220253833963e-06,40,4,2026-01-27
HRL/MKC,HRL,MKC,slow_signal,1415.898159633121,0.24199064506906443,-0.8070426048185583,0.9858205118298531,36,4,2026-01-27
PFG/YUM,PFG,YUM,slow_signal,-2352.488748724087,-0.21206782926905537,-0.8070426048185583,2.00723925601204e-07,38,4,2026-01-27
CINF/FMC,CINF,FMC,slow_signal,-4285.161119525864,-0.3606496164800566,-0.8070426048185583,8.66517512712266e-12,52,4,2026-01-27
FSLR/RSG,FSLR,RSG,slow_signal,-9958.059082759279,-0.4546163219632452,-0.8070426048185583,2.878569111917485e-10,50,4,2026-01-27
AME/WMT,AME,WMT,slow_signal,-1919.867588316596,-0.20079197105029367,-0.8070426048185583,7.420062947974231e-13,42,4,2026-01-27
AON/GEN,AON,GEN,slow_signal,5762.112644048731,0.6211382240457907,-0.8070426048185583,0.9999999742679593,48,4,2026-01-27
DXCM/UDR,DXCM,UDR,slow_signal,5153.363600743924,0.35320956639736595,-0.8070426048185583,0.999999380301038,56,4,2026-01-27
AON/MCK,AON,MCK,slow_signal,11370.72536840913,2.057348287948025,-0.8070426048185583,0.9999999995367126,48,4,2026-01-27
CI/LVS,CI,LVS,slow_signal,-12583.47442879133,-0.7428861136054705,-0.8070426048185583,6.09135495016106e-06,46,4,2026-01-27
DVN/YUM,DVN,YUM,slow_signal,-8082.56141816735,-0.9445449934830927,-0.8070426048185583,2.59305721016896e-22,42,4,2026-01-27
CHD/HON,CHD,HON,slow_signal,11334.29785274307,1.3554815468585326,-0.8070426048185583,0.9999999913492122,40,4,2026-01-27
CSCO/PAYC,CSCO,PAYC,slow_signal,5679.881586366327,0.5341546106219431,-0.8070426048185583,0.9999991547379611,44,4,2026-01-27
TXT/YUM,TXT,YUM,high_entry,-2082.174235835262,-0.3535770667453806,-0.8581519155159657,6.815667212080881e-13,28,4,2026-01-27
HAS/PFE,HAS,PFE,high_entry,11362.91335135487,1.3522233731387638,-0.8581519155159657,0.9999995725962424,36,4,2026-01-27
DLR/PRU,DLR,PRU,high_entry,-6044.169313601224,-0.8259466699556893,-0.8581519155159657,1.7954386890302727e-09,30,4,2026-01-27
HRL/MKC,HRL,MKC,high_entry,1108.556133659297,0.22858536561817971,-0.8581519155159657,0.9454335554426762,24,4,2026-01-27
PFG/YUM,PFG,YUM,high_entry,2276.01801908798,0.3029228549448424,-0.8581519155159657,0.9999845018314181,28,4,2026-01-27
CINF/FMC,CINF,FMC,high_entry,-8681.869150948438,-0.6924974629255163,-0.8581519155159657,1.6296594471738372e-15,44,4,2026-01-27
FSLR/RSG,FSLR,RSG,high_entry,726.9007351186374,0.03424946667379314,-0.8581519155159657,0.11367522447756007,32,4,2026-01-27
AME/WMT,AME,WMT,high_entry,-3823.74345479787,-0.7334165231310302,-0.8581519155159657,4.3326845189346e-10,22,4,2026-01-27
AON/GEN,AON,GEN,high_entry,3177.911827691169,0.47314574753156285,-0.8581519155159657,0.9999943810146911,30,4,2026-01-27
DXCM/UDR,DXCM,UDR,high_entry,-4249.331005382218,-0.7660511959014951,-0.8581519155159657,7.070644292583479e-15,24,4,2026-01-27
AON/MCK,AON,MCK,high_entry,158.341043725929,0.03216331712274591,-0.8581519155159657,0.0849171947879645,32,4,2026-01-27
CI/LVS,CI,LVS,high_entry,-1976.563568994782,-0.191442971706994,-0.8581519155159657,1.5555182246015397e-06,34,4,2026-01-27
DVN/YUM,DVN,YUM,high_entry,-7376.953156363987,-1.0156401457743445,-0.8581519155159657,3.01757154564874e-08,20,4,2026-01-27
CHD/HON,CHD,HON,high_entry,6500.241381458579,1.037303461024227,-0.8581519155159657,0.9997649160437235,32,4,2026-01-27
CSCO/PAYC,CSCO,PAYC,high_entry,6173.469647532063,0.706874793777103,-0.8581519155159657,0.9999194705274901,26,4,2026-01-27
TXT/YUM,TXT,YUM,balanced_plus,-3200.635097283523,-0.34582606477917993,-0.9094280221943696,7.944613221121932e-21,68,4,2026-01-27
HAS/PFE,HAS,PFE,balanced_plus,-10182.34475350127,-0.7360033024844271,-0.9094280221943696,3.1883371546576757e-13,62,4,2026-01-27
DLR/PRU,DLR,PRU,balanced_plus,-12033.58348540447,-0.9704979055262329,-0.9094280221943696,6.557906466547475e-13,64,4,2026-01-27
HRL/MKC,HRL,MKC,balanced_plus,-796.0501777691516,-0.09594166520440728,-0.9094280221943696,1.5681298843296275e-05,56,4,2026-01-27
PFG/YUM,PFG,YUM,balanced_plus,8058.52127930736,0.7986309536318835,-0.9094280221943696,0.9999999999984233,58,4,2026-01-27
CINF/FMC,CINF,FMC,balanced_plus,-10310.8371697624,-0.7665829386634452,-0.9094280221943696,6.585459740814075e-18,58,4,2026-01-27
FSLR/RSG,FSLR,RSG,balanced_plus,12178.78261347549,0.4916768096380736,-0.9094280221943696,0.9991633431307897,62,4,2026-01-27
AME/WMT,AME,WMT,balanced_plus,-8460.395273784596,-0.7960123642999061,-0.9094280221943696,6.19795175253867e-21,68,4,2026-01-27
AON/GEN,AON,GEN,balanced_plus,4795.982167766419,0.5041295105891793,-0.9094280221943696,0.9999999504402738,52,4,2026-01-27
DXCM/UDR,DXCM,UDR,balanced_plus,15152.61648755831,0.9768251954745131,-0.9094280221943696,0.9999999958976904,48,4,2026-01-27
AON/MCK,AON,MCK,balanced_plus,2226.967796786753,0.3289822233441039,-0.9094280221943696,0.9999762448492564,66,4,2026-01-27
CI/LVS,CI,LVS,balanced_plus,-4931.248013786689,-0.32595045762541597,-0.9094280221943696,1.311851078436365e-07,66,4,2026-01-27
DVN/YUM,DVN,YUM,balanced_plus,-10580.82589350658,-1.0944732527189776,-0.9094280221943696,1.417769548061024e-20,56,4,2026-01-27
CHD/HON,CHD,HON,balanced_plus,8378.619709643548,0.9738819756244991,-0.9094280221943696,0.9999999997730639,78,4,2026-01-27
CSCO/PAYC,CSCO,PAYC,balanced_plus,-10562.49676038305,-0.5703699317324964,-0.9094280221943696,1.0002355570800396e-06,70,4,2026-01-27
TXT/YUM,TXT,YUM,short_z_long_v,-7786.147203693794,-0.7602959299071745,-0.9163222777223028,3.189567777834319e-25,70,4,2026-01-27
HAS/PFE,HAS,PFE,short_z_long_v,-4398.460613686362,-0.3284789210743735,-0.9163222777223028,9.040080970739156e-08,62,4,2026-01-27
DLR/PRU,DLR,PRU,short_z_long_v,-2741.857528779494,-0.23714259209899224,-0.9163222777223028,3.7870291886341977e-07,66,4,2026-01-27
HRL/MKC,HRL,MKC,short_z_long_v,-3424.096478713763,-0.4268115756157874,-0.9163222777223028,2.1521688413191201e-16,58,4,2026-01-27
PFG/YUM,PFG,YUM,short_z_long_v,-2907.749319774468,-0.26508003491709753,-0.9163222777223028,4.468873446522711e-08,56,4,2026-01-27
CINF/FMC,CINF,FMC,short_z_long_v,-4484.549497271057,-0.3080592544393634,-0.9163222777223028,1.8470231251448133e-09,58,4,2026-01-27
FSLR/RSG,FSLR,RSG,short_z_long_v,7366.054955684907,0.3375851878563302,-0.9163222777223028,0.9822939240990053,68,4,2026-01-27
AME/WMT,AME,WMT,short_z_long_v,-13517.66179817127,-1.3218792836040563,-0.9163222777223028,3.298766098298533e-14,58,4,2026-01-27
AON/GEN,AON,GEN,short_z_long_v,9371.765865665331,0.8907914478271655,-0.9163222777223028,0.9999999999997905,74,4,2026-01-27
DXCM/UDR,DXCM,UDR,short_z_long_v,15833.98928809015,1.0743709305787885,-0.9163222777223028,0.9999999999999881,72,4,2026-01-27
AON/MCK,AON,MCK,short_z_long_v,9976.761045923859,1.284926351126583,-0.9163222777223028,1.0,84,4,2026-01-27
CI/LVS,CI,LVS,short_z_long_v,-6928.818791092565,-0.3708807325052433,-0.9163222777223028,4.109205799537975e-06,68,4,2026-01-27
DVN/YUM,DVN,YUM,short_z_long_v,-12275.66315508622,-1.0819490300390235,-0.9163222777223028,8.095685364468896e-30,74,4,2026-01-27
CHD/HON,CHD,HON,short_z_long_v,5906.404896589675,0.784163195787486,-0.9163222777223028,0.9999999557995984,76,4,2026-01-27
CSCO/PAYC,CSCO,PAYC,short_z_long_v,-15166.24424323786,-0.8240143345428981,-0.9163222777223028,7.469610148093008e-06,52,4,2026-01-27
TXT/YUM,TXT,YUM,deep_entry_quick_exit,-674.4338912030044,-0.10975265459942546,-1.1936821995450215,6.257077923892425e-06,28,4,2026-01-27
HAS/PFE,HAS,PFE,deep_entry_quick_exit,10301.97395291465,1.343034186187155,-1.1936821995450215,0.9999933287860813,30,4,2026-01-27
DLR/PRU,DLR,PRU,deep_entry_quick_exit,-4237.640269086757,-0.7293884377995851,-1.1936821995450215,1.6922732135429881e-06,30,4,2026-01-27
HRL/MKC,HRL,MKC,deep_entry_quick_exit,-1649.425487921933,-0.32851435075731694,-1.1936821995450215,6.493441620332625e-12,26,4,2026-01-27
PFG/YUM,PFG,YUM,deep_entry_quick_exit,3018.689755359978,0.4009728263916351,-1.1936821995450215,0.9999992588116813,28,4,2026-01-27
CINF/FMC,CINF,FMC,deep_entry_quick_exit,-18546.66333099982,-1.836447966943381,-1.1936821995450215,1.407856458999642e-21,40,4,2026-01-27
FSLR/RSG,FSLR,RSG,deep_entry_quick_exit,-6630.28541070342,-0.31092965462127325,-1.1936821995450215,1.331542399089233e-11,34,4,2026-01-27
AME/WMT,AME,WMT,deep_entry_quick_exit,-16.56674573744522,-0.002716749620343483,-1.1936821995450215,0.0154534136453471,24,4,2026-01-27
AON/GEN,AON,GEN,deep_entry_quick_exit,472.149168248445,0.08498621451105841,-1.1936821995450215,0.38823456847294996,24,4,2026-01-27
DXCM/UDR,DXCM,UDR,deep_entry_quick_exit,2626.077050792562,0.24572602358502793,-1.1936821995450215,0.9982780659282369,26,4,2026-01-27
AON/MCK,AON,MCK,deep_entry_quick_exit,4376.14045591319,0.7515377903837289,-1.1936821995450215,0.999999927784029,24,4,2026-01-27
CI/LVS,CI,LVS,deep_entry_quick_exit,-10937.54534863536,-1.2376230482986965,-1.1936821995450215,3.9218956917620794e-16,26,4,2026-01-27
DVN/YUM,DVN,YUM,deep_entry_quick_exit,-9256.220532147332,-1.430936468800338,-1.1936821995450215,2.401141522796075e-11,22,4,2026-01-27
CHD/HON,CHD,HON,deep_entry_quick_exit,9138.23119438758,1.2672292941065562,-1.1936821995450215,0.9999933110713307,24,4,2026-01-27
CSCO/PAYC,CSCO,PAYC,deep_entry_quick_exit,6455.292505828651,0.7551386879053684,-1.1936821995450215,0.9999182465504751,28,4,2026-01-27
TXT/YUM,TXT,YUM,no_leverage,-1389.399905043421,-0.32703975667725094,-1.257716615352582,8.763303059262228e-17,68,4,2026-01-27
HAS/PFE,HAS,PFE,no_leverage,-8103.597013681628,-1.1733028176913174,-1.257716615352582,6.32911628195384e-11,62,4,2026-01-27
DLR/PRU,DLR,PRU,no_leverage,-3069.422085353464,-0.6149474950250882,-1.257716615352582,1.0013133403621115e-16,52,4,2026-01-27
HRL/MKC,HRL,MKC,no_leverage,949.6668171080491,0.2685102087971857,-1.257716615352582,0.9975835510106161,52,4,2026-01-27
PFG/YUM,PFG,YUM,no_leverage,2951.482752900022,0.5064813064262894,-1.257716615352582,0.9998371199400048,60,4,2026-01-27
CINF/FMC,CINF,FMC,no_leverage,-2228.479105643843,-0.3055270981268476,-1.257716615352582,9.48000484069372e-10,58,4,2026-01-27
FSLR/RSG,FSLR,RSG,no_leverage,8529.553049033031,0.6443640701067519,-1.257716615352582,0.9999503010112304,62,4,2026-01-27
AME/WMT,AME,WMT,no_leverage,-5045.789355689815,-0.9658762587298001,-1.257716615352582,1.3858749134200979e-16,56,4,2026-01-27
AON/GEN,AON,GEN,no_leverage,3504.55731504902,0.7656226235528385,-1.257716615352582,0.9999999997117788,54,4,2026-01-27
DXCM/UDR,DXCM,UDR,no_leverage,5842.680551005604,0.6709794260026123,-1.257716615352582,0.9999999986484586,62,4,2026-01-27
AON/MCK,AON,MCK,no_leverage,700.9820546856331,0.19135168389032264,-1.257716615352582,0.9648386263008744,62,4,2026-01-27
CI/LVS,CI,LVS,no_leverage,-4894.160976969388,-0.6523417138843357,-1.257716615352582,8.36300974009454e-17,64,4,2026-01-27
DVN/YUM,DVN,YUM,no_leverage,-7978.807480335035,-1.6535109259717766,-1.257716615352582,4.099803600796237e-22,52,4,2026-01-27
CHD/HON,CHD,HON,no_leverage,3873.197957219731,1.0295781394394514,-1.257716615352582,0.9999994413544118,56,4,2026-01-27
CSCO/PAYC,CSCO,PAYC,no_leverage,2695.567618801248,0.4851946673744093,-1.257716615352582,0.9999998312934851,68,4,2026-01-27
TXT/YUM,TXT,YUM,symmetric_exit,1929.425999636542,0.2666381581523856,-1.3135751091698409,0.9988703803071581,50,4,2026-01-27
HAS/PFE,HAS,PFE,symmetric_exit,-12923.88361352458,-1.0171342066826872,-1.3135751091698409,7.120314118656131e-09,48,4,2026-01-27
DLR/PRU,DLR,PRU,symmetric_exit,-3009.017399245904,-0.4110529939374867,-1.3135751091698409,4.9076491734756735e-09,44,4,2026-01-27
HRL/MKC,HRL,MKC,symmetric_exit,887.5315376670223,0.14774721707307323,-1.3135751091698409,0.8327314203929126,38,4,2026-01-27
PFG/YUM,PFG,YUM,symmetric_exit,-3390.245656759789,-0.33913350724348246,-1.3135751091698409,2.2978274877968726e-09,46,4,2026-01-27
CINF/FMC,CINF,FMC,symmetric_exit,-13733.3495153509,-1.132233563646679,-1.3135751091698409,1.6816670023471487e-12,52,4,2026-01-27
FSLR/RSG,FSLR,RSG,symmetric_exit,15095.23408037416,0.6360800935987205,-1.3135751091698409,0.999452326305348,48,4,2026-01-27
AME/WMT,AME,WMT,symmetric_exit,-7080.5426595055,-0.8111206245007154,-1.3135751091698409,2.1094275997447436e-15,44,4,2026-01-27
AON/GEN,AON,GEN,symmetric_exit,16.60657044201821,0.0020684051093213265,-1.3135751091698409,0.019856632294766297,46,4,2026-01-27
DXCM/UDR,DXCM,UDR,symmetric_exit,9361.85875801575,0.8196608304117593,-1.3135751091698409,0.9999999999995488,50,4,2026-01-27
AON/MCK,AON,MCK,symmetric_exit,882.537330264176,0.14061301680882862,-1.3135751091698409,0.7927750479883041,56,4,2026-01-27
CI/LVS,CI,LVS,symmetric_exit,-8039.147102262395,-0.6261214043031392,-1.3135751091698409,6.680192394460062e-14,50,4,2026-01-27
DVN/YUM,DVN,YUM,symmetric_exit,-22197.21505586323,-3.0565208656603113,-1.3135751091698409,4.810672304027666e-19,38,4,2026-01-27
CHD/HON,CHD,HON,symmetric_exit,8035.006137229792,1.2445644989554407,-1.3135751091698409,0.9999378817521328,40,4,2026-01-27
CSCO/PAYC,CSCO,PAYC,symmetric_exit,5694.118046909707,0.6105241936942487,-1.3135751091698409,0.9999935418530553,46,4,2026-01-27
TXT/YUM,TXT,YUM,conservative,716.1441031670012,0.2784850611056317,-1.9279505376389587,0.9994101952521796,30,4,2026-01-27
HAS/PFE,HAS,PFE,conservative,4772.380469285072,1.2303936930356356,-1.9279505376389587,0.9999932710374104,36,4,2026-01-27
DLR/PRU,DLR,PRU,conservative,-814.8551862188665,-0.28580459493690963,-1.9279505376389587,1.9587146012003758e-05,28,4,2026-01-27
HRL/MKC,HRL,MKC,conservative,-1445.281258371725,-0.644242334360488,-1.9279505376389587,6.16381988667228e-08,26,4,2026-01-27
PFG/YUM,PFG,YUM,conservative,1896.952845378773,0.5688794689112779,-1.9279505376389587,0.9999653508769735,22,4,2026-01-27
CINF/FMC,CINF,FMC,conservative,-7221.717779616493,-2.0292977756963095,-1.9279505376389587,1.0731543575858663e-10,38,4,2026-01-27
FSLR/RSG,FSLR,RSG,conservative,-5200.368278225888,-0.5446587169455374,-1.9279505376389587,2.538873281508352e-06,30,4,2026-01-27
AME/WMT,AME,WMT,conservative,2662.315429125422,1.036557335382365,-1.9279505376389587,0.9999999999997488,30,4,2026-01-27
AON/GEN,AON,GEN,conservative,3670.082826771278,1.5378717240951396,-1.9279505376389587,0.9999999999987023,30,4,2026-01-27
DXCM/UDR,DXCM,UDR,conservative,1463.29426980261,0.4282699867752018,-1.9279505376389587,0.9999555695532897,22,4,2026-01-27
AON/MCK,AON,MCK,conservative,3052.771668142398,1.6809713442768195,-1.9279505376389587,0.999999988783648,30,4,2026-01-27
CI/LVS,CI,LVS,conservative,-4133.587175699863,-0.8838418793081271,-1.9279505376389587,7.364278342360226e-13,28,4,2026-01-27
DVN/YUM,DVN,YUM,conservative,-7073.239969388083,-2.397048865309547,-1.9279505376389587,3.3706667378119076e-10,24,4,2026-01-27
CHD/HON,CHD,HON,conservative,5501.969506085516,1.4797594709407331,-1.9279505376389587,0.999997044653471,32,4,2026-01-27
CSCO/PAYC,CSCO,PAYC,conservative,-2195.995273987191,-0.27187064647912246,-1.9279505376389587,4.852342301981687e-07,30,4,2026-01-27
TXT/YUM,TXT,YUM,static_threshold,-4430.679369572781,-0.30639413357180756,1.100404905489498,2.3956823536344546e-16,108,5,2026-03-04
HAS/PFE,HAS,PFE,static_threshold,11161.78573286632,0.6288607848896637,1.100404905489498,0.9999984821351534,106,5,2026-03-04
DLR/PRU,DLR,PRU,static_threshold,-3373.782566584543,-0.2649124147662772,1.100404905489498,1.2486373612108232e-07,104,5,2026-03-04
HRL/MKC,HRL,MKC,static_threshold,7246.301085247838,0.6033914941784574,1.100404905489498,0.9999999953988802,106,5,2026-03-04
PFG/YUM,PFG,YUM,static_threshold,-1330.237987772215,-0.09265432337820143,1.100404905489498,2.59649786620452e-05,104,5,2026-03-04
CINF/FMC,CINF,FMC,static_threshold,11107.45449363005,0.44364769336174104,1.100404905489498,0.9999999534633145,104,5,2026-03-04
FSLR/RSG,FSLR,RSG,static_threshold,43856.51500999229,1.440514897100187,1.100404905489498,1.0,116,5,2026-03-04
AME/WMT,AME,WMT,static_threshold,-3159.659977966259,-0.20493403889260606,1.100404905489498,5.850903082619518e-12,112,5,2026-03-04
AON/GEN,AON,GEN,static_threshold,5253.758111642663,0.33595465842958877,1.100404905489498,0.9999404135813069,106,5,2026-03-04
DXCM/UDR,DXCM,UDR,static_threshold,25580.16747001954,1.1786234167157588,1.100404905489498,1.0,102,5,2026-03-04
AON/MCK,AON,MCK,static_threshold,23953.113041186,1.5222073459522294,1.100404905489498,0.9996781173014245,122,5,2026-03-04
CI/LVS,CI,LVS,static_threshold,-1755.719632681346,-0.07164929684317359,1.100404905489498,0.0005462743220217601,102,5,2026-03-04
DVN/YUM,DVN,YUM,static_threshold,-11067.2679478273,-0.6538566634861525,1.100404905489498,8.80492892218617e-24,108,5,2026-03-04
CHD/HON,CHD,HON,static_threshold,23726.70829206054,1.9568092353939595,1.100404905489498,1.0,116,5,2026-03-04
CSCO/PAYC,CSCO,PAYC,static_threshold,-1615.393038996325,-0.09059234216546828,1.100404905489498,2.760455962942975e-05,120,5,2026-03-04
TXT/YUM,TXT,YUM,low_entry,4626.045273679237,0.41639702946462,1.0925797990396091,0.9999999970715518,102,5,2026-03-04
HAS/PFE,HAS,PFE,low_entry,11212.66884718302,0.5236449225528957,1.0925797990396091,0.9999999603751253,122,5,2026-03-04
DLR/PRU,DLR,PRU,low_entry,-9985.846418642659,-0.5729087057208831,1.0925797990396091,7.618984740494121e-20,112,5,2026-03-04
HRL/MKC,HRL,MKC,low_entry,4416.335797096031,0.40541961072449445,1.0925797990396091,0.9999999196195954,100,5,2026-03-04
PFG/YUM,PFG,YUM,low_entry,12584.49696798686,1.0413769335031364,1.0925797990396091,1.0,100,5,2026-03-04
CINF/FMC,CINF,FMC,low_entry,19436.85431663184,0.498437647316195,1.0925797990396091,0.9994426901857429,116,5,2026-03-04
FSLR/RSG,FSLR,RSG,low_entry,32589.98146638536,1.0369424411914532,1.0925797990396091,0.999999995735602,124,5,2026-03-04
AME/WMT,AME,WMT,low_entry,-4053.050488602965,-0.2847297913963127,1.0925797990396091,2.5525371300654456e-18,110,5,2026-03-04
AON/GEN,AON,GEN,low_entry,20757.31393039984,1.3073415493699998,1.0925797990396091,0.9999999999999948,108,5,2026-03-04
DXCM/UDR,DXCM,UDR,low_entry,8486.117498799193,0.38897441945007044,1.0925797990396091,0.9999999999771283,112,5,2026-03-04
AON/MCK,AON,MCK,low_entry,8265.882287224294,0.46656623389125274,1.0925797990396091,0.9998999458867066,110,5,2026-03-04
CI/LVS,CI,LVS,low_entry,1479.408432756239,0.05996016315084104,1.0925797990396091,0.19621922168267686,122,5,2026-03-04
DVN/YUM,DVN,YUM,low_entry,4184.497802548083,0.21627883108632345,1.0925797990396091,0.9991711760668751,112,5,2026-03-04
CHD/HON,CHD,HON,low_entry,13463.4713739899,1.1368010954994174,1.0925797990396091,1.0,102,5,2026-03-04
CSCO/PAYC,CSCO,PAYC,low_entry,5012.862969860143,0.2596324407933963,1.0925797990396091,0.9998830240176588,120,5,2026-03-04
TXT/YUM,TXT,YUM,aggressive,2304.973084262876,0.1268831652230628,0.8949572420634969,0.7394714953844645,112,5,2026-03-04
HAS/PFE,HAS,PFE,aggressive,12904.86718140751,0.4249708842624989,0.8949572420634969,0.9999960157524592,114,5,2026-03-04
DLR/PRU,DLR,PRU,aggressive,-14344.35522750881,-0.5693797770462655,0.8949572420634969,6.2441506559280305e-18,114,5,2026-03-04
HRL/MKC,HRL,MKC,aggressive,12359.59048353015,0.5893958788657429,0.8949572420634969,0.9999999478137972,108,5,2026-03-04
PFG/YUM,PFG,YUM,aggressive,6071.621709705209,0.3051118356888247,0.8949572420634969,0.9989574319397704,96,5,2026-03-04
CINF/FMC,CINF,FMC,aggressive,17020.04046435016,0.28132390503213145,0.8949572420634969,0.9997700827723741,98,5,2026-03-04
FSLR/RSG,FSLR,RSG,aggressive,57388.07643291487,1.1358711247329774,0.8949572420634969,0.9999999999822321,122,5,2026-03-04
AME/WMT,AME,WMT,aggressive,4758.784300875128,0.2221956399570733,0.8949572420634969,0.9859627414404544,118,5,2026-03-04
AON/GEN,AON,GEN,aggressive,13966.78804682161,0.5906843864830055,0.8949572420634969,0.9999999995936545,94,5,2026-03-04
DXCM/UDR,DXCM,UDR,aggressive,7660.882393596548,0.2322142241989643,0.8949572420634969,0.99798973758146,96,5,2026-03-04
AON/MCK,AON,MCK,aggressive,28632.03555682619,1.2597457260039158,0.8949572420634969,0.9992198659193903,104,5,2026-03-04
CI/LVS,CI,LVS,aggressive,103.2258476831087,0.002752164501445364,0.8949572420634969,0.020403428932375782,106,5,2026-03-04
DVN/YUM,DVN,YUM,aggressive,-5904.427301787337,-0.249744857751394,0.8949572420634969,1.851154235285744e-10,106,5,2026-03-04
CHD/HON,CHD,HON,aggressive,11546.44838055939,0.7350430465503726,0.8949572420634969,0.9999999999913964,108,5,2026-03-04
CSCO/PAYC,CSCO,PAYC,aggressive,-873.1185320844543,-0.02972088781790392,0.8949572420634969,0.0038046612883984583,116,5,2026-03-04
TXT/YUM,TXT,YUM,medium_signal_high_leverage,5700.36168831448,0.4251627158042134,0.7872900924502741,0.999999987630004,58,5,2026-03-04
HAS/PFE,HAS,PFE,medium_signal_high_leverage,-2240.57874232611,-0.09501228307255982,0.7872900924502741,6.397744136117162e-07,70,5,2026-03-04
DLR/PRU,DLR,PRU,medium_signal_high_leverage,-5009.920035163557,-0.24508633360932852,0.7872900924502741,1.0898747742491566e-14,62,5,2026-03-04
HRL/MKC,HRL,MKC,medium_signal_high_leverage,35.7800846321843,0.0024089040777155128,0.7872900924502741,0.020611804092504384,54,5,2026-03-04
PFG/YUM,PFG,YUM,medium_signal_high_leverage,12429.3510384983,0.7558359283324276,0.7872900924502741,0.9999999999998898,62,5,2026-03-04
CINF/FMC,CINF,FMC,medium_signal_high_leverage,9838.292790685291,0.28622015596775363,0.7872900924502741,0.9999953119198697,64,5,2026-03-04
FSLR/RSG,FSLR,RSG,medium_signal_high_leverage,40741.35363715485,0.9195827160589772,0.7872900924502741,0.9999997280968871,78,5,2026-03-04
AME/WMT,AME,WMT,medium_signal_high_leverage,-1823.937816371794,-0.09728305950514547,0.7872900924502741,3.428262524307775e-06,66,5,2026-03-04
AON/GEN,AON,GEN,medium_signal_high_leverage,12419.96747282523,0.5617067171998811,0.7872900924502741,0.9999999741548534,60,5,2026-03-04
DXCM/UDR,DXCM,UDR,medium_signal_high_leverage,21437.1642354844,0.7908524641039458,0.7872900924502741,0.999999999977017,58,5,2026-03-04
AON/MCK,AON,MCK,medium_signal_high_leverage,21332.29269619885,0.9868296637358959,0.7872900924502741,0.9982557894766066,70,5,2026-03-04
CI/LVS,CI,LVS,medium_signal_high_leverage,3226.50616437031,0.09374178339160041,0.7872900924502741,0.4740296563614132,60,5,2026-03-04
DVN/YUM,DVN,YUM,medium_signal_high_leverage,-27340.55781080409,-1.6163740511987341,0.7872900924502741,1.6020290354296796e-25,58,5,2026-03-04
CHD/HON,CHD,HON,medium_signal_high_leverage,23732.19652651652,1.5093795019078111,0.7872900924502741,0.9999999999999823,76,5,2026-03-04
CSCO/PAYC,CSCO,PAYC,medium_signal_high_leverage,1741.46784249745,0.08106115863021648,0.7872900924502741,0.37778119750382927,62,5,2026-03-04
TXT/YUM,TXT,YUM,flash_hold,-1429.199943927736,-0.2389943026192796,0.7559100665309206,3.4897790527885058e-12,142,5,2026-03-04
HAS/PFE,HAS,PFE,flash_hold,9663.646858473832,0.9960314086161695,0.7559100665309206,0.9999999997033571,170,5,2026-03-04
DLR/PRU,DLR,PRU,flash_hold,485.2897589545441,0.0562817410582245,0.7559100665309206,0.19824095967354216,166,5,2026-03-04
HRL/MKC,HRL,MKC,flash_hold,-454.1153951140565,-0.06971642894331309,0.7559100665309206,0.0010058529784300683,154,5,2026-03-04
PFG/YUM,PFG,YUM,flash_hold,-4288.653693209793,-0.6017828289187926,0.7559100665309206,8.416364934133343e-19,156,5,2026-03-04
CINF/FMC,CINF,FMC,flash_hold,18340.72820589851,0.9164871128351597,0.7559100665309206,0.9995346021566738,182,5,2026-03-04
FSLR/RSG,FSLR,RSG,flash_hold,12204.88614912853,0.9090013110525237,0.7559100665309206,1.0,148,5,2026-03-04
AME/WMT,AME,WMT,flash_hold,-634.1400459379237,-0.08507874433754334,0.7559100665309206,1.2819750339456176e-05,166,5,2026-03-04
AON/GEN,AON,GEN,flash_hold,-349.3170073031943,-0.04272053316327579,0.7559100665309206,0.0010686346915919505,156,5,2026-03-04
DXCM/UDR,DXCM,UDR,flash_hold,6761.083548787441,0.6238313624040162,0.7559100665309206,1.0,178,5,2026-03-04
AON/MCK,AON,MCK,flash_hold,9190.179603220895,1.1376584411987536,0.7559100665309206,0.9999441962223188,140,5,2026-03-04
CI/LVS,CI,LVS,flash_hold,6397.171808261071,0.47505553541156476,0.7559100665309206,0.9999999999998003,176,5,2026-03-04
DVN/YUM,DVN,YUM,flash_hold,2025.127524166921,0.21256103702186652,0.7559100665309206,0.9990566759893551,146,5,2026-03-04
CHD/HON,CHD,HON,flash_hold,7569.432358554332,1.163617173058934,0.7559100665309206,1.0,150,5,2026-03-04
CSCO/PAYC,CSCO,PAYC,flash_hold,2892.218403589144,0.29363997162185795,0.7559100665309206,0.9999876059861088,158,5,2026-03-04
TXT/YUM,TXT,YUM,low_vol_specialist,-7334.867690374365,-0.5447443934448553,0.6776414030401624,5.231314130257886e-26,128,5,2026-03-04
HAS/PFE,HAS,PFE,low_vol_specialist,27215.60769982416,1.6084892246352656,0.6776414030401624,0.9999999999998646,116,5,2026-03-04
DLR/PRU,DLR,PRU,low_vol_specialist,2478.802921650338,0.2008888995863673,0.6776414030401624,0.9839041609221152,132,5,2026-03-04
HRL/MKC,HRL,MKC,low_vol_specialist,13256.9078796008,1.0865694277690947,0.6776414030401624,0.9999997690044119,114,5,2026-03-04
PFG/YUM,PFG,YUM,low_vol_specialist,-3748.35656842045,-0.2927705941781319,0.6776414030401624,9.754786765535573e-10,106,5,2026-03-04
CINF/FMC,CINF,FMC,low_vol_specialist,7887.986298615881,0.33756001813319325,0.6776414030401624,0.999997816113053,128,5,2026-03-04
FSLR/RSG,FSLR,RSG,low_vol_specialist,34381.11815832423,1.0369287570106553,0.6776414030401624,0.999999999322135,134,5,2026-03-04
AME/WMT,AME,WMT,low_vol_specialist,4190.507176120725,0.3362317576083785,0.6776414030401624,0.9999930043698025,134,5,2026-03-04
AON/GEN,AON,GEN,low_vol_specialist,13757.78768517288,1.0032129965807188,0.6776414030401624,1.0,122,5,2026-03-04
DXCM/UDR,DXCM,UDR,low_vol_specialist,2271.174066240226,0.10572701726766033,0.6776414030401624,0.5852109938558554,132,5,2026-03-04
AON/MCK,AON,MCK,low_vol_specialist,10213.26979792006,0.6664899763666533,0.6776414030401624,0.9996056506171879,120,5,2026-03-04
CI/LVS,CI,LVS,low_vol_specialist,4110.166700695271,0.1863049244153445,0.6776414030401624,0.9894866545799109,126,5,2026-03-04
DVN/YUM,DVN,YUM,low_vol_specialist,-6629.261420173259,-0.4112705884328512,0.6776414030401624,1.2106194800149216e-17,112,5,2026-03-04
CHD/HON,CHD,HON,low_vol_specialist,-3460.320927343139,-0.3279924618555157,0.6776414030401624,1.894527761866257e-12,110,5,2026-03-04
CSCO/PAYC,CSCO,PAYC,low_vol_specialist,-13907.02654494646,-0.8578208300727658,0.6776414030401624,2.1460534085558676e-34,144,5,2026-03-04
TXT/YUM,TXT,YUM,vol_agnostic,-12872.43557348047,-0.91903573100039,0.6420260853795594,1.2982616293993008e-32,108,5,2026-03-04
HAS/PFE,HAS,PFE,vol_agnostic,8861.846434472805,0.4888624045798824,0.6420260853795594,0.999990309871632,102,5,2026-03-04
DLR/PRU,DLR,PRU,vol_agnostic,-6282.228055728355,-0.39889146224745387,0.6420260853795594,2.0464138014256848e-14,86,5,2026-03-04
HRL/MKC,HRL,MKC,vol_agnostic,4357.083755864091,0.36532864859368686,0.6420260853795594,0.9999772355085433,94,5,2026-03-04
PFG/YUM,PFG,YUM,vol_agnostic,3800.779730156438,0.2626469704827417,0.6420260853795594,0.9969108921997992,116,5,2026-03-04
CINF/FMC,CINF,FMC,vol_agnostic,27699.36898506164,0.6775362701310925,0.6420260853795594,0.9997128939579623,86,5,2026-03-04
FSLR/RSG,FSLR,RSG,vol_agnostic,40383.92689618104,1.2929180812126997,0.6420260853795594,1.0,118,5,2026-03-04
AME/WMT,AME,WMT,vol_agnostic,-6784.216429092679,-0.44566112732023655,0.6420260853795594,9.629959238225552e-27,104,5,2026-03-04
AON/GEN,AON,GEN,vol_agnostic,18632.25417897584,1.1853011475683628,0.6420260853795594,0.9999999999999926,78,5,2026-03-04
DXCM/UDR,DXCM,UDR,vol_agnostic,12976.35740827514,0.5599383090185251,0.6420260853795594,0.9999999999992294,92,5,2026-03-04
AON/MCK,AON,MCK,vol_agnostic,16558.41651194735,1.040821073548534,0.6420260853795594,0.9998399224186953,120,5,2026-03-04
CI/LVS,CI,LVS,vol_agnostic,-4113.691668975207,-0.16515742790172014,0.6420260853795594,4.423175934872503e-06,96,5,2026-03-04
DVN/YUM,DVN,YUM,vol_agnostic,-26366.02115930001,-1.4088384303297157,0.6420260853795594,1.3647889660805583e-27,108,5,2026-03-04
CHD/HON,CHD,HON,vol_agnostic,12905.38781147642,1.03548773212233,0.6420260853795594,1.0,116,5,2026-03-04
CSCO/PAYC,CSCO,PAYC,vol_agnostic,764.1687916501651,0.0425642315129986,0.6420260853795594,0.12272936942377066,126,5,2026-03-04
TXT/YUM,TXT,YUM,vol_adaptive,3741.261817494267,0.4100671625919857,0.5899768347462144,0.9999999601952929,76,5,2026-03-04
HAS/PFE,HAS,PFE,vol_adaptive,-8022.58865992299,-0.5133387777189731,0.5899768347462144,4.363342212520051e-19,76,5,2026-03-04
DLR/PRU,DLR,PRU,vol_adaptive,-10753.43781899744,-0.8196629517801701,0.5899768347462144,1.5851279513266204e-14,72,5,2026-03-04
HRL/MKC,HRL,MKC,vol_adaptive,-2586.820866472477,-0.2686635934247641,0.5899768347462144,4.367662287227074e-12,64,5,2026-03-04
PFG/YUM,PFG,YUM,vol_adaptive,7544.59800045458,0.6805060224217044,0.5899768347462144,0.9999999999999782,72,5,2026-03-04
CINF/FMC,CINF,FMC,vol_adaptive,9642.887137057402,0.4525161143122062,0.5899768347462144,0.9999993956995823,74,5,2026-03-04
FSLR/RSG,FSLR,RSG,vol_adaptive,19510.32476786805,0.6728376661178186,0.5899768347462144,0.999994579938286,82,5,2026-03-04
AME/WMT,AME,WMT,vol_adaptive,6239.368076838396,0.5424803317801159,0.5899768347462144,0.9999987852178975,76,5,2026-03-04
AON/GEN,AON,GEN,vol_adaptive,3513.728471938076,0.2780709925915936,0.5899768347462144,0.9998427824060526,70,5,2026-03-04
DXCM/UDR,DXCM,UDR,vol_adaptive,14301.76166839767,0.807292376048203,0.5899768347462144,0.9999999999541921,70,5,2026-03-04
AON/MCK,AON,MCK,vol_adaptive,13365.29881928391,0.9200724438766645,0.5899768347462144,0.9991058686968978,74,5,2026-03-04
CI/LVS,CI,LVS,vol_adaptive,5219.221962755249,0.27974627247528355,0.5899768347462144,0.9999994629418469,80,5,2026-03-04
DVN/YUM,DVN,YUM,vol_adaptive,2565.674777572208,0.16153682748616152,0.5899768347462144,0.9658270497328109,70,5,2026-03-04
CHD/HON,CHD,HON,vol_adaptive,12885.55635711249,1.2575746191782589,0.5899768347462144,0.9999999999999871,90,5,2026-03-04
CSCO/PAYC,CSCO,PAYC,vol_adaptive,-4063.801283414005,-0.2706609810710338,0.5899768347462144,3.378104640591304e-11,68,5,2026-03-04
TXT/YUM,TXT,YUM,vol_gated,3759.342173594436,0.4136576467230016,0.5769960981074939,0.9999999696925691,76,5,2026-03-04
HAS/PFE,HAS,PFE,vol_gated,-7986.247398339357,-0.5129737559981151,0.5769960981074939,3.8634188684144115e-19,76,5,2026-03-04
DLR/PRU,DLR,PRU,vol_gated,-6643.786495947715,-0.5310332131946143,0.5769960981074939,1.4594293310535686e-14,70,5,2026-03-04
HRL/MKC,HRL,MKC,vol_gated,-2819.612242918046,-0.29466451579029096,0.5769960981074939,1.4222905009599735e-12,64,5,2026-03-04
PFG/YUM,PFG,YUM,vol_gated,8518.875895470725,0.7807553599402093,0.5769960981074939,0.9999999999999827,68,5,2026-03-04
CINF/FMC,CINF,FMC,vol_gated,9621.336672664289,0.4527808423039115,0.5769960981074939,0.9999993756947007,74,5,2026-03-04
FSLR/RSG,FSLR,RSG,vol_gated,19482.02496115777,0.673931328829587,0.5769960981074939,0.9999946835950492,82,5,2026-03-04
AME/WMT,AME,WMT,vol_gated,7144.319348632019,0.6380184072970215,0.5769960981074939,0.9999995817346221,72,5,2026-03-04
AON/GEN,AON,GEN,vol_gated,4594.226972326365,0.36845409926876577,0.5769960981074939,0.9999990832841196,68,5,2026-03-04
DXCM/UDR,DXCM,UDR,vol_gated,14782.99100951772,0.8378543915647679,0.5769960981074939,0.9999999999675572,68,5,2026-03-04
AON/MCK,AON,MCK,vol_gated,13004.5105069797,0.9022051421902153,0.5769960981074939,0.9989408405325692,70,5,2026-03-04
CI/LVS,CI,LVS,vol_gated,1843.054922178812,0.09798491513401114,0.5769960981074939,0.5176004622071613,76,5,2026-03-04
DVN/YUM,DVN,YUM,vol_gated,1273.995879584935,0.08227148065062549,0.5769960981074939,0.3586480316978009,70,5,2026-03-04
CHD/HON,CHD,HON,vol_gated,11706.69123768267,1.1404238801245077,0.5769960981074939,0.999999999999994,82,5,2026-03-04
CSCO/PAYC,CSCO,PAYC,vol_gated,-6149.705758810765,-0.4148825611104941,0.5769960981074939,6.341995341794725e-13,64,5,2026-03-04
TXT/YUM,TXT,YUM,long_z_short_v,-4830.624461720818,-0.49507634563388925,0.4760134835794194,7.079875640669001e-26,58,5,2026-03-04
HAS/PFE,HAS,PFE,long_z_short_v,7616.024199102125,0.6485979400410588,0.4760134835794194,0.9999999986595643,44,5,2026-03-04
DLR/PRU,DLR,PRU,long_z_short_v,-1786.350360484847,-0.1537230950398086,0.4760134835794194,1.4844761442979852e-10,58,5,2026-03-04
HRL/MKC,HRL,MKC,long_z_short_v,-2299.972144943005,-0.2554167728036771,0.4760134835794194,1.9612656021150043e-15,44,5,2026-03-04
PFG/YUM,PFG,YUM,long_z_short_v,3741.210398704362,0.35396734590467027,0.4760134835794194,0.9999729403525772,66,5,2026-03-04
CINF/FMC,CINF,FMC,long_z_short_v,16448.82524194714,0.7987276998395811,0.4760134835794194,0.9999864405923014,60,5,2026-03-04
FSLR/RSG,FSLR,RSG,long_z_short_v,5991.427438264845,0.2656770518533854,0.4760134835794194,0.9502749362285697,54,5,2026-03-04
AME/WMT,AME,WMT,long_z_short_v,6168.148789592977,0.5666128461081383,0.4760134835794194,0.9999999900291421,58,5,2026-03-04
AON/GEN,AON,GEN,long_z_short_v,1905.624412088533,0.18169692681405597,0.4760134835794194,0.967812568213604,54,5,2026-03-04
DXCM/UDR,DXCM,UDR,long_z_short_v,1640.913805960645,0.10574579201509303,0.4760134835794194,0.575380767521362,60,5,2026-03-04
AON/MCK,AON,MCK,long_z_short_v,10946.00172457304,0.7877675634091571,0.4760134835794194,0.9978025453265154,54,5,2026-03-04
CI/LVS,CI,LVS,long_z_short_v,1885.465509418541,0.1089047993254922,0.4760134835794194,0.6357035122844025,38,5,2026-03-04
DVN/YUM,DVN,YUM,long_z_short_v,-847.3838253591175,-0.06703253418140415,0.4760134835794194,0.0003591313548262656,54,5,2026-03-04
CHD/HON,CHD,HON,long_z_short_v,5597.1897631417,0.5899153002804145,0.4760134835794194,0.9999999103915141,56,5,2026-03-04
CSCO/PAYC,CSCO,PAYC,long_z_short_v,8686.687521761703,0.8381248396401292,0.4760134835794194,0.9999999999999885,60,5,2026-03-04
TXT/YUM,TXT,YUM,fast_signal,472.0231430458796,0.04398605929997721,0.4614281137650494,0.13362487363916942,84,5,2026-03-04
HAS/PFE,HAS,PFE,fast_signal,10018.42736805932,0.5916525576365304,0.4614281137650494,0.999999999724041,78,5,2026-03-04
DLR/PRU,DLR,PRU,fast_signal,-2662.529484302268,-0.19060466620277994,0.4614281137650494,1.1428104425748957e-12,88,5,2026-03-04
HRL/MKC,HRL,MKC,fast_signal,-7442.920879782039,-0.8426691601855978,0.4614281137650494,5.327255507078436e-16,80,5,2026-03-04
PFG/YUM,PFG,YUM,fast_signal,7733.571221174851,0.6875468275490334,0.4614281137650494,0.9999999999999911,82,5,2026-03-04
CINF/FMC,CINF,FMC,fast_signal,4566.547726617007,0.2621771022790371,0.4614281137650494,0.999948362999507,86,5,2026-03-04
FSLR/RSG,FSLR,RSG,fast_signal,25623.55022139446,0.8990877564881387,0.4614281137650494,0.9999976397734437,80,5,2026-03-04
AME/WMT,AME,WMT,fast_signal,-9247.759370577887,-0.7701078479499411,0.4614281137650494,4.276719476959193e-25,98,5,2026-03-04
AON/GEN,AON,GEN,fast_signal,4687.507650925345,0.4056054659932281,0.4614281137650494,0.9992985187480067,88,5,2026-03-04
DXCM/UDR,DXCM,UDR,fast_signal,23794.51460577017,1.1752862474947312,0.4614281137650494,0.9999999999999974,78,5,2026-03-04
AON/MCK,AON,MCK,fast_signal,4678.795751371031,0.650641750118167,0.4614281137650494,0.9999999999999993,78,5,2026-03-04
CI/LVS,CI,LVS,fast_signal,571.091306700805,0.02675781571275868,0.4614281137650494,0.051045269385552525,94,5,2026-03-04
DVN/YUM,DVN,YUM,fast_signal,-10127.24158791198,-0.7956331768294174,0.4614281137650494,1.590612810377816e-21,74,5,2026-03-04
CHD/HON,CHD,HON,fast_signal,5753.530466357611,0.7025852713062299,0.4614281137650494,0.9999999832731564,102,5,2026-03-04
CSCO/PAYC,CSCO,PAYC,fast_signal,3183.934267421642,0.24474139315721039,0.4614281137650494,0.9952014348788207,86,5,2026-03-04
TXT/YUM,TXT,YUM,fast_reentry,-3691.187201221586,-0.4066433812133072,0.4165274986249543,4.2177702459529442e-22,76,5,2026-03-04
HAS/PFE,HAS,PFE,fast_reentry,-3981.234949596022,-0.24817468806379547,0.4165274986249543,3.3331036674256934e-17,92,5,2026-03-04
DLR/PRU,DLR,PRU,fast_reentry,-4214.472137500812,-0.3486815857479481,0.4165274986249543,2.0945439879350936e-16,74,5,2026-03-04
HRL/MKC,HRL,MKC,fast_reentry,5993.919636005829,0.7353482439995375,0.4165274986249543,0.99999999937323,58,5,2026-03-04
PFG/YUM,PFG,YUM,fast_reentry,13118.12806315421,1.2520295975678855,0.4165274986249543,0.9999999999963813,68,5,2026-03-04
CINF/FMC,CINF,FMC,fast_reentry,19578.63588565441,0.5199934614316263,0.4165274986249543,0.9987618323497041,76,5,2026-03-04
FSLR/RSG,FSLR,RSG,fast_reentry,17318.31344213395,0.6055792218696647,0.4165274986249543,0.9999864878233582,76,5,2026-03-04
AME/WMT,AME,WMT,fast_reentry,-2017.9326831829,-0.1666732753414119,0.4165274986249543,3.421416533599227e-10,74,5,2026-03-04
AON/GEN,AON,GEN,fast_reentry,7812.371700426596,0.6881034672721471,0.4165274986249543,0.9999999963184397,76,5,2026-03-04
DXCM/UDR,DXCM,UDR,fast_reentry,3147.971182611144,0.17467623617291103,0.4165274986249543,0.9467041613523549,78,5,2026-03-04
AON/MCK,AON,MCK,fast_reentry,11612.43964894605,0.796637121624844,0.4165274986249543,0.9991283753986224,72,5,2026-03-04
CI/LVS,CI,LVS,fast_reentry,2271.367576026364,0.09684466669399734,0.4165274986249543,0.5059737481265382,82,5,2026-03-04
DVN/YUM,DVN,YUM,fast_reentry,-16665.5853161597,-1.380508683986331,0.4165274986249543,6.848904822409807e-27,64,5,2026-03-04
CHD/HON,CHD,HON,fast_reentry,10965.4678419301,1.3143319970949954,0.4165274986249543,0.9999999807565275,62,5,2026-03-04
CSCO/PAYC,CSCO,PAYC,fast_reentry,-449.0080645285161,-0.034843673291038345,0.4165274986249543,0.0031635521653417004,76,5,2026-03-04
TXT/YUM,TXT,YUM,stable_signal_quick_exit,4997.332557653899,0.5650891149323849,0.3508047689364409,0.9999999999974661,60,5,2026-03-04
HAS/PFE,HAS,PFE,stable_signal_quick_exit,-4444.597499268089,-0.2767753619684045,0.3508047689364409,1.0856259898623338e-07,54,5,2026-03-04
DLR/PRU,DLR,PRU,stable_signal_quick_exit,-5807.509921507317,-0.4712516713703876,0.3508047689364409,7.386431445761513e-15,52,5,2026-03-04
HRL/MKC,HRL,MKC,stable_signal_quick_exit,4504.504854266108,0.4691395065462804,0.3508047689364409,0.999922000051301,52,5,2026-03-04
PFG/YUM,PFG,YUM,stable_signal_quick_exit,12328.56741818914,1.228042394085384,0.3508047689364409,0.9999999999999266,50,5,2026-03-04
CINF/FMC,CINF,FMC,stable_signal_quick_exit,-1857.275795359707,-0.11326072679382514,0.3508047689364409,5.0300829659445965e-05,56,5,2026-03-04
FSLR/RSG,FSLR,RSG,stable_signal_quick_exit,20394.40874528419,0.6691662733163471,0.3508047689364409,0.9999945910693456,70,5,2026-03-04
AME/WMT,AME,WMT,stable_signal_quick_exit,3627.454068292264,0.3167949321468856,0.3508047689364409,0.9993310348622947,54,5,2026-03-04
AON/GEN,AON,GEN,stable_signal_quick_exit,-6290.420359122838,-0.5244573348789319,0.3508047689364409,9.706857853760806e-12,54,5,2026-03-04
DXCM/UDR,DXCM,UDR,stable_signal_quick_exit,250.1304091732763,0.016526992599487825,0.3508047689364409,0.04424571947192336,60,5,2026-03-04
AON/MCK,AON,MCK,stable_signal_quick_exit,7546.681516005769,0.9297877671186392,0.3508047689364409,0.9999999999999212,52,5,2026-03-04
CI/LVS,CI,LVS,stable_signal_quick_exit,1879.783094470627,0.11905815828155197,0.3508047689364409,0.7195708919243424,44,5,2026-03-04
DVN/YUM,DVN,YUM,stable_signal_quick_exit,-1590.65301989897,-0.10254737320092129,0.3508047689364409,0.0004187546946942422,54,5,2026-03-04
CHD/HON,CHD,HON,stable_signal_quick_exit,15063.91628378732,1.4009629646357142,0.3508047689364409,0.9999999999855661,60,5,2026-03-04
CSCO/PAYC,CSCO,PAYC,stable_signal_quick_exit,1801.372196610761,0.10767824499732424,0.3508047689364409,0.6041518041724818,74,5,2026-03-04
TXT/YUM,TXT,YUM,fast_signal_tight_stop,-2101.796975964106,-0.2273442270726702,0.2895588430238326,2.0635859692884804e-14,70,5,2026-03-04
HAS/PFE,HAS,PFE,fast_signal_tight_stop,18617.22598090142,1.1787224644313703,0.2895588430238326,0.9999999809320311,74,5,2026-03-04
DLR/PRU,DLR,PRU,fast_signal_tight_stop,-5332.960944936578,-0.4258518846784278,0.2895588430238326,1.124056649350975e-16,70,5,2026-03-04
HRL/MKC,HRL,MKC,fast_signal_tight_stop,-6685.152713764867,-0.7245286569523178,0.2895588430238326,3.8453740366846186e-17,68,5,2026-03-04
PFG/YUM,PFG,YUM,fast_signal_tight_stop,8969.243179046935,0.8094555204204227,0.2895588430238326,0.9999999999999719,82,5,2026-03-04
CINF/FMC,CINF,FMC,fast_signal_tight_stop,2960.954473470094,0.2025042428468082,0.2895588430238326,0.9933170885205125,72,5,2026-03-04
FSLR/RSG,FSLR,RSG,fast_signal_tight_stop,19535.77280569999,0.6963069651875464,0.2895588430238326,0.9999740130539196,80,5,2026-03-04
AME/WMT,AME,WMT,fast_signal_tight_stop,-5675.953625141732,-0.5223624570107054,0.2895588430238326,1.2860727123253772e-25,90,5,2026-03-04
AON/GEN,AON,GEN,fast_signal_tight_stop,2879.393501566424,0.3021349799769414,0.2895588430238326,0.9998209557758856,80,5,2026-03-04
DXCM/UDR,DXCM,UDR,fast_signal_tight_stop,23187.54826998304,1.436318222594242,0.2895588430238326,0.999999999999562,72,5,2026-03-04
AON/MCK,AON,MCK,fast_signal_tight_stop,5247.278823620387,0.706096631287245,0.2895588430238326,1.0,76,5,2026-03-04
CI/LVS,CI,LVS,fast_signal_tight_stop,-2614.348660376461,-0.14774722694251047,0.2895588430238326,0.00028369075659091786,82,5,2026-03-04
DVN/YUM,DVN,YUM,fast_signal_tight_stop,-10629.24102271814,-0.9036694131524982,0.2895588430238326,2.141232605638924e-20,74,5,2026-03-04
CHD/HON,CHD,HON,fast_signal_tight_stop,4388.494604275978,0.5355345202912442,0.2895588430238326,0.9999999424175825,86,5,2026-03-04
CSCO/PAYC,CSCO,PAYC,fast_signal_tight_stop,-4785.932102006134,-0.38287603790612335,0.2895588430238326,1.731331950166127e-14,72,5,2026-03-04
TXT/YUM,TXT,YUM,high_turnover,-70.1636764792944,-0.00634555175921467,0.2692621947729602,0.01241023817611591,98,5,2026-03-04
HAS/PFE,HAS,PFE,high_turnover,2089.169882333381,0.1431095792604196,0.2692621947729602,0.8621284851953268,98,5,2026-03-04
DLR/PRU,DLR,PRU,high_turnover,5075.777149365529,0.35173541995386304,0.2692621947729602,0.99943038213554,104,5,2026-03-04
HRL/MKC,HRL,MKC,high_turnover,3331.630344646088,0.2691147296540595,0.2692621947729602,0.9990041653416959,96,5,2026-03-04
PFG/YUM,PFG,YUM,high_turnover,3737.001526520563,0.32546745019037343,0.2692621947729602,0.999989089671162,90,5,2026-03-04
CINF/FMC,CINF,FMC,high_turnover,12953.27852091571,0.578613509109511,0.2692621947729602,0.9999996615221788,102,5,2026-03-04
FSLR/RSG,FSLR,RSG,high_turnover,27451.3124213478,1.0055823980052891,0.2692621947729602,0.9999975516497567,110,5,2026-03-04
AME/WMT,AME,WMT,high_turnover,-4689.374301028447,-0.4340054136395552,0.2692621947729602,2.0497467766704473e-19,108,5,2026-03-04
AON/GEN,AON,GEN,high_turnover,-6301.994054531085,-0.6082413507818899,0.2692621947729602,2.06515657051799e-30,88,5,2026-03-04
DXCM/UDR,DXCM,UDR,high_turnover,3776.675232308952,0.21054931434971305,0.2692621947729602,0.9899277509743055,90,5,2026-03-04
AON/MCK,AON,MCK,high_turnover,10496.32175464693,0.6051284439961185,0.2692621947729602,0.9999571571331565,108,5,2026-03-04
CI/LVS,CI,LVS,high_turnover,-7733.40246104064,-0.4100818845162527,0.2692621947729602,5.981859013945452e-07,94,5,2026-03-04
DVN/YUM,DVN,YUM,high_turnover,-2169.292975490858,-0.1259971154139645,0.2692621947729602,7.578446618361163e-05,92,5,2026-03-04
CHD/HON,CHD,HON,high_turnover,8119.338948979483,0.8304465976477986,0.2692621947729602,0.9999999999995517,106,5,2026-03-04
CSCO/PAYC,CSCO,PAYC,high_turnover,-5617.367786111958,-0.3832549424424634,0.2692621947729602,4.565253176087963e-18,102,5,2026-03-04
TXT/YUM,TXT,YUM,high_leverage,-5134.545239662264,-0.3562679966938982,0.1762136209491424,2.024109085001506e-17,70,5,2026-03-04
HAS/PFE,HAS,PFE,high_leverage,-18572.82526919185,-0.8404960169824548,0.1762136209491424,2.8563318838170964e-13,58,5,2026-03-04
DLR/PRU,DLR,PRU,high_leverage,-7033.821014937439,-0.42704589189677306,0.1762136209491424,6.509439894573868e-16,56,5,2026-03-04
HRL/MKC,HRL,MKC,high_leverage,4816.263168269597,0.40566458692978263,0.1762136209491424,0.9999962415543596,52,5,2026-03-04
PFG/YUM,PFG,YUM,high_leverage,6860.771331272439,0.3795368647704094,0.1762136209491424,0.9990901196868227,64,5,2026-03-04
CINF/FMC,CINF,FMC,high_leverage,2698.441061946278,0.07857635826613477,0.1762136209491424,0.3228876244629245,60,5,2026-03-04
FSLR/RSG,FSLR,RSG,high_leverage,37735.65525738671,0.9255490992304954,0.1762136209491424,0.9999963215203509,72,5,2026-03-04
AME/WMT,AME,WMT,high_leverage,-8669.016658151952,-0.48628222621782957,0.1762136209491424,6.009442635129578e-20,58,5,2026-03-04
AON/GEN,AON,GEN,high_leverage,11445.98961909802,0.5451907015949012,0.1762136209491424,0.9999998302333906,58,5,2026-03-04
DXCM/UDR,DXCM,UDR,high_leverage,19121.25728321387,0.6525436673095971,0.1762136209491424,0.9999999999612598,62,5,2026-03-04
AON/MCK,AON,MCK,high_leverage,2668.110297977395,0.20507863842878368,0.1762136209491424,0.9887857971788137,70,5,2026-03-04
CI/LVS,CI,LVS,high_leverage,11432.07047046021,0.3309616501027434,0.1762136209491424,0.9999999970129015,68,5,2026-03-04
DVN/YUM,DVN,YUM,high_leverage,-21947.43978283166,-1.2810117571246917,0.1762136209491424,2.252960457216819e-25,58,5,2026-03-04
CHD/HON,CHD,HON,high_leverage,14619.68065638778,1.1883646714492662,0.1762136209491424,0.9999999765817628,58,5,2026-03-04
CSCO/PAYC,CSCO,PAYC,high_leverage,-5270.559724788097,-0.25132700941701,0.1762136209491424,7.350278575629092e-10,72,5,2026-03-04
TXT/YUM,TXT,YUM,slow_signal,-7277.051576134931,-0.8013984241476432,0.109608975658595,4.62540216214014e-21,48,5,2026-03-04
HAS/PFE,HAS,PFE,slow_signal,6319.662328694634,0.47515539197720214,0.109608975658595,0.9999988561947174,48,5,2026-03-04
DLR/PRU,DLR,PRU,slow_signal,-8321.931149999313,-0.7344372453534725,0.109608975658595,5.319592401701452e-06,42,5,2026-03-04
HRL/MKC,HRL,MKC,slow_signal,6538.812716761801,0.9492276530857088,0.109608975658595,0.9999999996921071,38,5,2026-03-04
PFG/YUM,PFG,YUM,slow_signal,2091.161784474873,0.1763235208299099,0.109608975658595,0.9100767119874127,46,5,2026-03-04
CINF/FMC,CINF,FMC,slow_signal,11370.97369926387,0.5829744622685834,0.109608975658595,0.9999948626766665,56,5,2026-03-04
FSLR/RSG,FSLR,RSG,slow_signal,-5817.259082759285,-0.2453128853697933,0.109608975658595,4.2839846831209e-14,58,5,2026-03-04
AME/WMT,AME,WMT,slow_signal,385.1221472270436,0.03634041129040641,0.109608975658595,0.10652406555210187,44,5,2026-03-04
AON/GEN,AON,GEN,slow_signal,6621.753186055174,0.5940877999918829,0.109608975658595,0.9999999995916629,56,5,2026-03-04
DXCM/UDR,DXCM,UDR,slow_signal,5673.116944035621,0.3444558573982712,0.109608975658595,0.9999995611699339,62,5,2026-03-04
AON/MCK,AON,MCK,slow_signal,14722.66198274183,2.2262932350812097,0.109608975658595,0.9999999993960795,54,5,2026-03-04
CI/LVS,CI,LVS,slow_signal,-4372.862237138763,-0.22204173137795832,0.109608975658595,3.121816706956715e-05,52,5,2026-03-04
DVN/YUM,DVN,YUM,slow_signal,-7758.328792023298,-0.8813881949575141,0.109608975658595,1.8724236776719743e-22,44,5,2026-03-04
CHD/HON,CHD,HON,slow_signal,13767.61007025259,1.498572359293695,0.109608975658595,0.9999999998811601,46,5,2026-03-04
CSCO/PAYC,CSCO,PAYC,slow_signal,3328.494673475263,0.21146252257687828,0.109608975658595,0.9919618946069414,48,5,2026-03-04
TXT/YUM,TXT,YUM,balanced_plus,-3164.764440245586,-0.33285056176592215,0.0623100490025679,1.0848791245231554e-20,70,5,2026-03-04
HAS/PFE,HAS,PFE,balanced_plus,-4999.233416009498,-0.3359919907146457,0.0623100490025679,3.1473204899357012e-18,70,5,2026-03-04
DLR/PRU,DLR,PRU,balanced_plus,-9903.73737975038,-0.7365821941744052,0.0623100490025679,6.452413483129392e-16,70,5,2026-03-04
HRL/MKC,HRL,MKC,balanced_plus,1236.479822230849,0.14038984990869552,0.0623100490025679,0.7877725616651459,56,5,2026-03-04
PFG/YUM,PFG,YUM,balanced_plus,10815.7967470978,1.0095598846114404,0.0623100490025679,0.9999999999999438,62,5,2026-03-04
CINF/FMC,CINF,FMC,balanced_plus,-3826.027169762394,-0.1874094794863545,0.0623100490025679,0.00013183206313690496,62,5,2026-03-04
FSLR/RSG,FSLR,RSG,balanced_plus,22781.23261347549,0.8164045753186105,0.0623100490025679,0.9999962933878658,66,5,2026-03-04
AME/WMT,AME,WMT,balanced_plus,-6162.605273784597,-0.5304062112610753,0.0623100490025679,5.1403900649664225e-22,70,5,2026-03-04
AON/GEN,AON,GEN,balanced_plus,3992.494080005177,0.3322513915086436,0.0623100490025679,0.9999693930782719,60,5,2026-03-04
DXCM/UDR,DXCM,UDR,balanced_plus,14560.71648755832,0.9082943382378718,0.0623100490025679,0.9999999966425095,52,5,2026-03-04
AON/MCK,AON,MCK,balanced_plus,11133.03486249464,0.8383472192898597,0.0623100490025679,0.9973431390125544,70,5,2026-03-04
CI/LVS,CI,LVS,balanced_plus,3582.79593290427,0.19869555398005773,0.0623100490025679,0.9987476000751427,70,5,2026-03-04
DVN/YUM,DVN,YUM,balanced_plus,-7520.612743749095,-0.6534366388072981,0.0623100490025679,3.47437533032708e-16,62,5,2026-03-04
CHD/HON,CHD,HON,balanced_plus,10280.73888346876,1.1154112194535128,0.0623100490025679,0.9999999999869339,80,5,2026-03-04
CSCO/PAYC,CSCO,PAYC,balanced_plus,-8488.28676038304,-0.4349992178718859,0.0623100490025679,3.688801396503588e-08,74,5,2026-03-04
TXT/YUM,TXT,YUM,slow_reentry,-667.1588527291151,-0.07825623884171376,-0.084920717080837,7.007008072490363e-05,68,5,2026-03-04
HAS/PFE,HAS,PFE,slow_reentry,-13142.68442366247,-0.9552425567072208,-0.084920717080837,8.242048987782258e-10,54,5,2026-03-04
DLR/PRU,DLR,PRU,slow_reentry,-3322.127322029995,-0.32155822927970157,-0.084920717080837,1.4789205918142799e-12,48,5,2026-03-04
HRL/MKC,HRL,MKC,slow_reentry,1006.592350914443,0.13941635449652287,-0.084920717080837,0.8146416255974535,50,5,2026-03-04
PFG/YUM,PFG,YUM,slow_reentry,1681.241368861636,0.14117923566366194,-0.084920717080837,0.7848707615589453,56,5,2026-03-04
CINF/FMC,CINF,FMC,slow_reentry,-4778.784779967117,-0.3083799224093572,-0.084920717080837,8.082389443514424e-09,48,5,2026-03-04
FSLR/RSG,FSLR,RSG,slow_reentry,12765.5083834634,0.4866610279530858,-0.084920717080837,0.9995145773636774,62,5,2026-03-04
AME/WMT,AME,WMT,slow_reentry,-4118.009155795099,-0.3684287241387898,-0.084920717080837,1.9714752075648944e-16,54,5,2026-03-04
AON/GEN,AON,GEN,slow_reentry,2660.539575007127,0.29918994982542396,-0.084920717080837,0.9987524970673433,50,5,2026-03-04
DXCM/UDR,DXCM,UDR,slow_reentry,6905.55613403284,0.47225109686091304,-0.084920717080837,0.9999882990466531,54,5,2026-03-04
AON/MCK,AON,MCK,slow_reentry,9905.951348093226,0.6928965696387251,-0.084920717080837,0.9991311887369395,66,5,2026-03-04
CI/LVS,CI,LVS,slow_reentry,4240.870340279108,0.29142220895207505,-0.084920717080837,0.9999999224907715,44,5,2026-03-04
DVN/YUM,DVN,YUM,slow_reentry,-8709.950455960225,-0.8188563694856723,-0.084920717080837,1.091247583665575e-19,50,5,2026-03-04
CHD/HON,CHD,HON,slow_reentry,9184.954594939458,1.127544886625444,-0.084920717080837,0.9999999469870001,54,5,2026-03-04
CSCO/PAYC,CSCO,PAYC,slow_reentry,12142.78433077749,1.0385094172348432,-0.084920717080837,0.9999999947590026,62,5,2026-03-04
TXT/YUM,TXT,YUM,high_vol_specialist,-3537.789955736725,-0.30864458716298726,-0.1125103109283643,1.1098372967752732e-11,48,5,2026-03-04
HAS/PFE,HAS,PFE,high_vol_specialist,13036.73759723716,0.9422951940638522,-0.1125103109283643,0.9999999999999999,56,5,2026-03-04
DLR/PRU,DLR,PRU,high_vol_specialist,-7225.025417875184,-0.7904635737887177,-0.1125103109283643,3.0054753340536033e-18,36,5,2026-03-04
HRL/MKC,HRL,MKC,high_vol_specialist,6732.914564943433,0.8489030603931277,-0.1125103109283643,0.9999999999999626,44,5,2026-03-04
PFG/YUM,PFG,YUM,high_vol_specialist,9416.919659666994,0.8116850549682273,-0.1125103109283643,0.9999999999999969,46,5,2026-03-04
CINF/FMC,CINF,FMC,high_vol_specialist,-7866.277374062822,-0.47160941655908356,-0.1125103109283643,1.5799469869018391e-13,48,5,2026-03-04
FSLR/RSG,FSLR,RSG,high_vol_specialist,-7774.109965070856,-0.32480280447811694,-0.1125103109283643,1.1498884282802283e-13,58,5,2026-03-04
AME/WMT,AME,WMT,high_vol_specialist,-7224.665924920432,-0.622931550283267,-0.1125103109283643,4.931284744993436e-20,48,5,2026-03-04
AON/GEN,AON,GEN,high_vol_specialist,7118.430085742522,0.549105338377951,-0.1125103109283643,0.9999994477810094,48,5,2026-03-04
DXCM/UDR,DXCM,UDR,high_vol_specialist,8455.834935680392,0.46344483604098546,-0.1125103109283643,0.9999994225942005,56,5,2026-03-04
AON/MCK,AON,MCK,high_vol_specialist,19029.70115945618,2.474732998990902,-0.1125103109283643,0.9999999999999857,60,5,2026-03-04
CI/LVS,CI,LVS,high_vol_specialist,-823.1933725202543,-0.0355511021691818,-0.1125103109283643,0.0032266791721346495,60,5,2026-03-04
DVN/YUM,DVN,YUM,high_vol_specialist,-18014.1786353924,-1.7342357774240154,-0.1125103109283643,2.5692260766559594e-33,48,5,2026-03-04
CHD/HON,CHD,HON,high_vol_specialist,14004.56545367758,1.51688782666437,-0.1125103109283643,0.9999999999116113,58,5,2026-03-04
CSCO/PAYC,CSCO,PAYC,high_vol_specialist,-2160.480425927841,-0.168552564121472,-0.1125103109283643,8.456124453688943e-07,44,5,2026-03-04
TXT/YUM,TXT,YUM,patient_hold,-7460.666536079898,-0.8620774759508444,-0.1509442118846667,4.152089368619623e-26,48,5,2026-03-04
HAS/PFE,HAS,PFE,patient_hold,602.2797268178601,0.04623526986079394,-0.1509442118846667,0.17428924120529932,44,5,2026-03-04
DLR/PRU,DLR,PRU,patient_hold,-2086.320647435394,-0.2525375982143558,-0.1509442118846667,5.906110418946705e-09,44,5,2026-03-04
HRL/MKC,HRL,MKC,patient_hold,841.3098242760775,0.1364047662575064,-0.1509442118846667,0.833306212702313,36,5,2026-03-04
PFG/YUM,PFG,YUM,patient_hold,10028.53748566667,1.0567336343712148,-0.1509442118846667,0.9999999994277468,48,5,2026-03-04
CINF/FMC,CINF,FMC,patient_hold,26088.14149732636,0.7424011031866533,-0.1509442118846667,0.9975329069795682,40,5,2026-03-04
FSLR/RSG,FSLR,RSG,patient_hold,-11091.85556011233,-0.5523077285112564,-0.1509442118846667,3.3698009132995375e-07,40,5,2026-03-04
AME/WMT,AME,WMT,patient_hold,-140.1263318885849,-0.01382554354258255,-0.1509442118846667,0.007812367134032425,48,5,2026-03-04
AON/GEN,AON,GEN,patient_hold,-1445.626576315631,-0.14664069888191045,-0.1509442118846667,1.2445471860205455e-11,42,5,2026-03-04
DXCM/UDR,DXCM,UDR,patient_hold,9509.13230283752,0.6769602866244805,-0.1509442118846667,0.9999999999998107,44,5,2026-03-04
AON/MCK,AON,MCK,patient_hold,8433.778676802765,1.3569077506641294,-0.1509442118846667,0.9999999968826827,60,5,2026-03-04
CI/LVS,CI,LVS,patient_hold,-8380.776113030286,-0.4845581731754455,-0.1509442118846667,1.7072353287863909e-09,42,5,2026-03-04
DVN/YUM,DVN,YUM,patient_hold,-13544.88322785149,-1.4782997378693188,-0.1509442118846667,1.033898929991423e-20,36,5,2026-03-04
CHD/HON,CHD,HON,patient_hold,12222.92310195505,1.367839382010839,-0.1509442118846667,0.999999999222292,44,5,2026-03-04
CSCO/PAYC,CSCO,PAYC,patient_hold,-2148.364267986527,-0.1186788663471825,-0.1509442118846667,3.083578035787065e-11,40,5,2026-03-04
TXT/YUM,TXT,YUM,quick_exit,601.3894460617366,0.08087283001525507,-0.1994545973518045,0.37011559002090266,72,5,2026-03-04
HAS/PFE,HAS,PFE,quick_exit,908.4715299395812,0.06626672014620462,-0.1994545973518045,0.29146179693042795,76,5,2026-03-04
DLR/PRU,DLR,PRU,quick_exit,1401.512337285783,0.15821190037023877,-0.1994545973518045,0.8893468669625448,54,5,2026-03-04
HRL/MKC,HRL,MKC,quick_exit,-1776.05943015819,-0.26688453769658704,-0.1994545973518045,6.578766999227184e-07,46,5,2026-03-04
PFG/YUM,PFG,YUM,quick_exit,9499.157734933871,0.9782419439267267,-0.1994545973518045,0.9999999996613731,64,5,2026-03-04
CINF/FMC,CINF,FMC,quick_exit,-6771.121396330295,-0.46702408354432356,-0.1994545973518045,3.663027533235524e-10,70,5,2026-03-04
FSLR/RSG,FSLR,RSG,quick_exit,6399.942091172456,0.24463133976787124,-0.1994545973518045,0.9728019615543763,70,5,2026-03-04
AME/WMT,AME,WMT,quick_exit,-6491.848943375702,-0.6909477757298265,-0.1994545973518045,2.2543316937200114e-15,68,5,2026-03-04
AON/GEN,AON,GEN,quick_exit,7572.885130155604,0.668480121693206,-0.1994545973518045,0.9999999990840668,68,5,2026-03-04
DXCM/UDR,DXCM,UDR,quick_exit,11900.69063817618,0.692577280475052,-0.1994545973518045,0.9999999985481102,70,5,2026-03-04
AON/MCK,AON,MCK,quick_exit,4243.500782093207,0.4616690425601049,-0.1994545973518045,0.9999999994505919,66,5,2026-03-04
CI/LVS,CI,LVS,quick_exit,-4490.059402495488,-0.28906646519699436,-0.1994545973518045,2.706443057904361e-07,72,5,2026-03-04
DVN/YUM,DVN,YUM,quick_exit,-17390.79137896419,-1.6768069108298018,-0.1994545973518045,3.2860059308102726e-22,56,5,2026-03-04
CHD/HON,CHD,HON,quick_exit,10585.58320813988,1.243704624756752,-0.1994545973518045,0.9999999930921467,56,5,2026-03-04
CSCO/PAYC,CSCO,PAYC,quick_exit,3360.044092227798,0.29515351543636636,-0.1994545973518045,0.9997962403406017,64,5,2026-03-04
TXT/YUM,TXT,YUM,default,-2741.366100374088,-0.31556194247611385,-0.2296924210375031,1.1081271667691975e-16,70,5,2026-03-04
HAS/PFE,HAS,PFE,default,-13115.27293218239,-0.8869403378424329,-0.2296924210375031,1.3741314896266222e-13,68,5,2026-03-04
DLR/PRU,DLR,PRU,default,-5340.53459471269,-0.49277885368718605,-0.2296924210375031,1.084946542940344e-16,56,5,2026-03-04
HRL/MKC,HRL,MKC,default,1955.497139749514,0.2693490851912381,-0.2296924210375031,0.9982597495202716,52,5,2026-03-04
PFG/YUM,PFG,YUM,default,4708.383300678614,0.3922724251070306,-0.2296924210375031,0.999295533860479,64,5,2026-03-04
CINF/FMC,CINF,FMC,default,8000.442335187577,0.3665935772229174,-0.2296924210375031,0.9999997167872424,64,5,2026-03-04
FSLR/RSG,FSLR,RSG,default,17338.72284699182,0.6311413703317745,-0.2296924210375031,0.999970762327308,68,5,2026-03-04
AME/WMT,AME,WMT,default,-7829.561426958749,-0.6838179350541831,-0.2296924210375031,1.3687679093659288e-18,58,5,2026-03-04
AON/GEN,AON,GEN,default,5583.363547451638,0.47866181092573395,-0.2296924210375031,0.999999856148145,62,5,2026-03-04
DXCM/UDR,DXCM,UDR,default,11875.59215959743,0.6238623739967801,-0.2296924210375031,0.99999999981759,68,5,2026-03-04
AON/MCK,AON,MCK,default,1754.471197737877,0.2054878805331597,-0.2296924210375031,0.9889492276373282,70,5,2026-03-04
CI/LVS,CI,LVS,default,-724.038916340458,-0.0405912834656784,-0.2296924210375031,0.002439712902191252,68,5,2026-03-04
DVN/YUM,DVN,YUM,default,-16140.80952592397,-1.5148266593723505,-0.2296924210375031,4.3799765053130075e-23,56,5,2026-03-04
CHD/HON,CHD,HON,default,9589.040585000455,1.1773440882422845,-0.2296924210375031,0.9999999624896587,58,5,2026-03-04
CSCO/PAYC,CSCO,PAYC,default,1187.709905228965,0.09764834272999491,-0.2296924210375031,0.5127010516977848,70,5,2026-03-04
TXT/YUM,TXT,YUM,conservative_no_leverage,-3576.063224041802,-0.8101372778804011,-0.2673965910548873,2.657886002313887e-22,50,5,2026-03-04
HAS/PFE,HAS,PFE,conservative_no_leverage,3356.596369829778,0.40891175947260144,-0.2673965910548873,0.9995566243171649,48,5,2026-03-04
DLR/PRU,DLR,PRU,conservative_no_leverage,-2348.743309904849,-0.5630790863867997,-0.2673965910548873,2.283697898090565e-14,42,5,2026-03-04
HRL/MKC,HRL,MKC,conservative_no_leverage,1709.323562017824,0.5749774854851035,-0.2673965910548873,0.9999999999999142,30,5,2026-03-04
PFG/YUM,PFG,YUM,conservative_no_leverage,1261.457686089602,0.27162346612336424,-0.2673965910548873,0.9999990107986028,38,5,2026-03-04
CINF/FMC,CINF,FMC,conservative_no_leverage,5991.536936965602,0.3473256770225336,-0.2673965910548873,0.9952975216871407,42,5,2026-03-04
FSLR/RSG,FSLR,RSG,conservative_no_leverage,-6306.833952917636,-0.5544886697857193,-0.2673965910548873,8.146506172052106e-08,36,5,2026-03-04
AME/WMT,AME,WMT,conservative_no_leverage,1806.52960043747,0.37702356487436584,-0.2673965910548873,0.9997372735251538,42,5,2026-03-04
AON/GEN,AON,GEN,conservative_no_leverage,6057.67366479539,0.9782534486667849,-0.2673965910548873,0.9999999679179132,48,5,2026-03-04
DXCM/UDR,DXCM,UDR,conservative_no_leverage,7121.81809594852,1.0014615578133057,-0.2673965910548873,1.0,44,5,2026-03-04
AON/MCK,AON,MCK,conservative_no_leverage,5456.913548147612,1.8662276186833524,-0.2673965910548873,0.9999999956286395,54,5,2026-03-04
CI/LVS,CI,LVS,conservative_no_leverage,-466.1518601814867,-0.04937135635115108,-0.2673965910548873,0.0014974037115662653,40,5,2026-03-04
DVN/YUM,DVN,YUM,conservative_no_leverage,-6667.707672917148,-1.5640440338103772,-0.2673965910548873,3.449308520362319e-20,24,5,2026-03-04
CHD/HON,CHD,HON,conservative_no_leverage,6320.420480713446,1.5106055106790537,-0.2673965910548873,0.999999968846767,38,5,2026-03-04
CSCO/PAYC,CSCO,PAYC,conservative_no_leverage,4475.276516537468,0.7839505907543632,-0.2673965910548873,0.9999999777405862,46,5,2026-03-04
TXT/YUM,TXT,YUM,tight_stop,-1475.53881476929,-0.1955127469778077,-0.2971688056740326,1.9984459322435745e-09,74,5,2026-03-04
HAS/PFE,HAS,PFE,tight_stop,813.2167152504226,0.05932704464297499,-0.2971688056740326,0.2458119542418718,76,5,2026-03-04
DLR/PRU,DLR,PRU,tight_stop,-783.5174722512511,-0.08975779331091131,-0.2971688056740326,7.67206685747827e-05,52,5,2026-03-04
HRL/MKC,HRL,MKC,tight_stop,-1329.185260859548,-0.19615542740613223,-0.2971688056740326,1.750031520508796e-06,48,5,2026-03-04
PFG/YUM,PFG,YUM,tight_stop,9577.26140652409,0.9837879127528428,-0.2971688056740326,0.9999999996552466,64,5,2026-03-04
CINF/FMC,CINF,FMC,tight_stop,-4871.876549825761,-0.32531149338593235,-0.2971688056740326,3.784840486614136e-09,70,5,2026-03-04
FSLR/RSG,FSLR,RSG,tight_stop,4899.509215440037,0.18746087344192813,-0.2971688056740326,0.9064214617140836,70,5,2026-03-04
AME/WMT,AME,WMT,tight_stop,-6310.312124966838,-0.6706194350634053,-0.2971688056740326,1.5904825832013736e-15,68,5,2026-03-04
AON/GEN,AON,GEN,tight_stop,5300.244796647209,0.4853774722052184,-0.2971688056740326,0.9999998486952985,68,5,2026-03-04
DXCM/UDR,DXCM,UDR,tight_stop,13389.27507858384,0.794541139374163,-0.2971688056740326,0.9999999984778093,66,5,2026-03-04
AON/MCK,AON,MCK,tight_stop,3501.415752648857,0.38664505744482924,-0.2971688056740326,0.9999999546237456,68,5,2026-03-04
CI/LVS,CI,LVS,tight_stop,-1289.07044389641,-0.07702981222617618,-0.2971688056740326,0.0006052161690408138,72,5,2026-03-04
DVN/YUM,DVN,YUM,tight_stop,-17328.61378031197,-1.6693678801365022,-0.2971688056740326,2.3527286602157247e-22,56,5,2026-03-04
CHD/HON,CHD,HON,tight_stop,8299.782749610464,1.0637701830220863,-0.2971688056740326,0.9999996744677643,54,5,2026-03-04
CSCO/PAYC,CSCO,PAYC,tight_stop,2163.236203995894,0.19845046883861103,-0.2971688056740326,0.9835150544907757,64,5,2026-03-04
TXT/YUM,TXT,YUM,deep_dislocation,-492.9148081882668,-0.04453623940037677,-0.4121668704595837,0.0012634549232995234,30,5,2026-03-04
HAS/PFE,HAS,PFE,deep_dislocation,16934.2796358184,1.228359683653739,-0.4121668704595837,0.999999973192561,34,5,2026-03-04
DLR/PRU,DLR,PRU,deep_dislocation,-423.4521605668724,-0.03557300386371562,-0.4121668704595837,0.00253309941020516,38,5,2026-03-04
HRL/MKC,HRL,MKC,deep_dislocation,8141.126103593827,0.862140041162695,-0.4121668704595837,0.9999999690896347,26,5,2026-03-04
PFG/YUM,PFG,YUM,deep_dislocation,8621.872629718604,0.7538828305950811,-0.4121668704595837,0.9999999027176527,28,5,2026-03-04
CINF/FMC,CINF,FMC,deep_dislocation,-31144.94116518901,-1.5430068602429416,-0.4121668704595837,2.0728063543351145e-35,50,5,2026-03-04
FSLR/RSG,FSLR,RSG,deep_dislocation,-7079.742607995548,-0.21032859845037563,-0.4121668704595837,5.158685928709655e-14,38,5,2026-03-04
AME/WMT,AME,WMT,deep_dislocation,8212.30375521975,0.6812537596049328,-0.4121668704595837,0.9999999992542666,26,5,2026-03-04
AON/GEN,AON,GEN,deep_dislocation,-6724.659866078418,-0.45084900296641867,-0.4121668704595837,1.670272688023252e-19,34,5,2026-03-04
DXCM/UDR,DXCM,UDR,deep_dislocation,6555.270429074829,0.33807552547961006,-0.4121668704595837,0.9981928709854889,30,5,2026-03-04
AON/MCK,AON,MCK,deep_dislocation,6092.459500637817,0.6773660334813154,-0.4121668704595837,0.9999996571312114,28,5,2026-03-04
CI/LVS,CI,LVS,deep_dislocation,-6277.55503335048,-0.309513758818581,-0.4121668704595837,3.70478276102585e-14,26,5,2026-03-04
DVN/YUM,DVN,YUM,deep_dislocation,-17098.27817762376,-1.288353577753392,-0.4121668704595837,3.1728795149193844e-17,24,5,2026-03-04
CHD/HON,CHD,HON,deep_dislocation,14610.24999252486,1.2706096803185394,-0.4121668704595837,0.999997301250924,26,5,2026-03-04
CSCO/PAYC,CSCO,PAYC,deep_dislocation,1173.804628485012,0.07107651949182008,-0.4121668704595837,0.26687732123660385,28,5,2026-03-04
TXT/YUM,TXT,YUM,high_entry,-1958.716515173577,-0.32351165653496133,-0.4639195920540014,1.463608562710543e-12,30,5,2026-03-04
HAS/PFE,HAS,PFE,high_entry,13487.81438391025,1.4705479711863618,-0.4639195920540014,0.9999999790121211,40,5,2026-03-04
DLR/PRU,DLR,PRU,high_entry,-6138.059983692159,-0.8215749548478444,-0.4639195920540014,2.7218926202212796e-09,30,5,2026-03-04
HRL/MKC,HRL,MKC,high_entry,1105.872752353496,0.2217788947790826,-0.4639195920540014,0.9446147484384624,24,5,2026-03-04
PFG/YUM,PFG,YUM,high_entry,3589.186900526282,0.4584317618541444,-0.4639195920540014,0.9999998564542096,30,5,2026-03-04
CINF/FMC,CINF,FMC,high_entry,-8697.296759917532,-0.6748711183112951,-0.4639195920540014,1.4723594751065335e-15,44,5,2026-03-04
FSLR/RSG,FSLR,RSG,high_entry,-968.8382204495597,-0.04362477084749513,-0.4639195920540014,0.00022533379864727506,36,5,2026-03-04
AME/WMT,AME,WMT,high_entry,-3823.461380410659,-0.7132926877014751,-0.4639195920540014,4.1739542788988287e-10,22,5,2026-03-04
AON/GEN,AON,GEN,high_entry,4012.452400445203,0.4454491235566822,-0.4639195920540014,0.9999992526923934,38,5,2026-03-04
DXCM/UDR,DXCM,UDR,high_entry,-5196.250613834835,-0.9002977194208323,-0.4639195920540014,2.7725983760483693e-15,28,5,2026-03-04
AON/MCK,AON,MCK,high_entry,10758.04068121509,0.8414758646377848,-0.4639195920540014,0.9949191994896245,36,5,2026-03-04
CI/LVS,CI,LVS,high_entry,7231.328217821513,0.5154532071132225,-0.4639195920540014,0.9999999697155868,38,5,2026-03-04
DVN/YUM,DVN,YUM,high_entry,-7378.019429598367,-0.9878041253752438,-0.4639195920540014,3.047230513812078e-08,20,5,2026-03-04
CHD/HON,CHD,HON,high_entry,8554.242060062814,1.216941965943709,-0.4639195920540014,0.9999697077792971,34,5,2026-03-04
CSCO/PAYC,CSCO,PAYC,high_entry,-3520.954536799256,-0.2991514350400763,-0.4639195920540014,2.2061951027326834e-07,30,5,2026-03-04
TXT/YUM,TXT,YUM,short_z_long_v,-7751.085278936971,-0.7358427073185291,-0.4749315521721686,3.172814343282247e-25,72,5,2026-03-04
HAS/PFE,HAS,PFE,short_z_long_v,-1339.144286830943,-0.09304194321861389,-0.4749315521721686,0.00014799078422054963,68,5,2026-03-04
DLR/PRU,DLR,PRU,short_z_long_v,-3876.532956871491,-0.3276677370389749,-0.4749315521721686,2.4872405409721864e-07,64,5,2026-03-04
HRL/MKC,HRL,MKC,short_z_long_v,-3429.719348221293,-0.415929431500709,-0.4749315521721686,2.146287068359139e-16,58,5,2026-03-04
PFG/YUM,PFG,YUM,short_z_long_v,-1791.441692297066,-0.154688487319472,-0.4749315521721686,7.897465297005334e-07,64,5,2026-03-04
CINF/FMC,CINF,FMC,short_z_long_v,5167.158360069923,0.29442420450587026,-0.4749315521721686,0.9999920830170305,64,5,2026-03-04
FSLR/RSG,FSLR,RSG,short_z_long_v,16989.76176485018,0.6733266901750662,-0.4749315521721686,0.9998791309468119,78,5,2026-03-04
AME/WMT,AME,WMT,short_z_long_v,-13827.91131360856,-1.2921626061140807,-0.4749315521721686,6.032791160153835e-15,58,5,2026-03-04
AON/GEN,AON,GEN,short_z_long_v,8223.37935333787,0.7303172654225633,-0.4749315521721686,0.9999999999965451,80,5,2026-03-04
DXCM/UDR,DXCM,UDR,short_z_long_v,14579.68651440878,0.8733472084215621,-0.4749315521721686,0.9999999999999997,78,5,2026-03-04
AON/MCK,AON,MCK,short_z_long_v,11272.2841176871,1.3886963486836976,-0.4749315521721686,1.0,90,5,2026-03-04
CI/LVS,CI,LVS,short_z_long_v,-6731.654023008886,-0.34184036596261114,-0.4749315521721686,2.6460391225765546e-06,78,5,2026-03-04
DVN/YUM,DVN,YUM,short_z_long_v,-12299.41310420934,-1.0541975038876208,-0.4749315521721686,7.382272428728788e-30,74,5,2026-03-04
CHD/HON,CHD,HON,short_z_long_v,8305.444644865947,0.9907773247394628,-0.4749315521721686,0.9999999996753769,82,5,2026-03-04
CSCO/PAYC,CSCO,PAYC,short_z_long_v,-14182.79106953298,-0.7296233186447802,-0.4749315521721686,1.656268392274587e-06,58,5,2026-03-04
TXT/YUM,TXT,YUM,symmetric_exit,2058.86600446815,0.27682122952573174,-0.5312028943403856,0.9995444927933443,52,5,2026-03-04
HAS/PFE,HAS,PFE,symmetric_exit,-7831.338884389521,-0.5692406990700349,-0.5312028943403856,6.22702102965583e-13,56,5,2026-03-04
DLR/PRU,DLR,PRU,symmetric_exit,-4493.383453767155,-0.5713447325401575,-0.5312028943403856,1.8762355230934893e-10,46,5,2026-03-04
HRL/MKC,HRL,MKC,symmetric_exit,887.6932302239275,0.143844298198295,-0.5312028943403856,0.8328969571416813,38,5,2026-03-04
PFG/YUM,PFG,YUM,symmetric_exit,-3495.697808628473,-0.3392791542617219,-0.5312028943403856,2.147808091647003e-09,50,5,2026-03-04
CINF/FMC,CINF,FMC,symmetric_exit,-2458.340544123902,-0.13416861071701516,-0.5312028943403856,0.0009045594427833079,58,5,2026-03-04
FSLR/RSG,FSLR,RSG,symmetric_exit,13435.29139444215,0.543938536353716,-0.5312028943403856,0.9992401889580259,52,5,2026-03-04
AME/WMT,AME,WMT,symmetric_exit,-4537.519521788299,-0.4738805307937152,-0.5312028943403856,3.984318978750296e-15,46,5,2026-03-04
AON/GEN,AON,GEN,symmetric_exit,-1244.959187758045,-0.11626196846505522,-0.5312028943403856,3.0054037372640444e-05,54,5,2026-03-04
DXCM/UDR,DXCM,UDR,symmetric_exit,9468.78913118252,0.8004136597115565,-0.5312028943403856,0.9999999999998036,56,5,2026-03-04
AON/MCK,AON,MCK,symmetric_exit,11287.23977936796,0.8548096349640785,-0.5312028943403856,0.9978913493374842,60,5,2026-03-04
CI/LVS,CI,LVS,symmetric_exit,709.919492955074,0.04437577853495151,-0.5312028943403856,0.11134633723832149,54,5,2026-03-04
DVN/YUM,DVN,YUM,symmetric_exit,-19364.75607278018,-2.3813339128633073,-0.5312028943403856,2.2810877832690445e-17,42,5,2026-03-04
CHD/HON,CHD,HON,symmetric_exit,9936.527438084644,1.3964429345617206,-0.5312028943403856,0.9999918560962373,42,5,2026-03-04
CSCO/PAYC,CSCO,PAYC,symmetric_exit,-3738.361953090291,-0.3088002908550652,-0.5312028943403856,2.9593505030377154e-08,50,5,2026-03-04
TXT/YUM,TXT,YUM,no_leverage,-1373.128372323232,-0.31449498378292445,-0.7745427757351732,1.3436503282109593e-16,70,5,2026-03-04
HAS/PFE,HAS,PFE,no_leverage,-6550.645465089249,-0.8830230438445051,-0.7745427757351732,1.6239380568180609e-13,68,5,2026-03-04
DLR/PRU,DLR,PRU,no_leverage,-2702.105383026535,-0.49730661690883804,-0.7745427757351732,5.966116036326927e-17,56,5,2026-03-04
HRL/MKC,HRL,MKC,no_leverage,949.6668171080491,0.2613771806998601,-0.7745427757351732,0.9975871998798885,52,5,2026-03-04
PFG/YUM,PFG,YUM,no_leverage,2431.751427427328,0.40324725554103796,-0.7745427757351732,0.9994583874372008,64,5,2026-03-04
CINF/FMC,CINF,FMC,no_leverage,4063.06089435616,0.37181077071060226,-0.7745427757351732,0.9999997510275732,64,5,2026-03-04
FSLR/RSG,FSLR,RSG,no_leverage,8642.423049033032,0.6275928851107265,-0.7745427757351732,0.9999635816338818,68,5,2026-03-04
AME/WMT,AME,WMT,no_leverage,-3922.423364825443,-0.6861868267295209,-0.7745427757351732,8.616928056545613e-19,58,5,2026-03-04
AON/GEN,AON,GEN,no_leverage,2821.589806056966,0.4828787466460863,-0.7745427757351732,0.9999998802033025,62,5,2026-03-04
DXCM/UDR,DXCM,UDR,no_leverage,5889.914267144556,0.6163749001537476,-0.7745427757351732,0.9999999997172071,68,5,2026-03-04
AON/MCK,AON,MCK,no_leverage,907.904277292168,0.2134102959411167,-0.7745427757351732,0.9924853790823644,70,5,2026-03-04
CI/LVS,CI,LVS,no_leverage,-307.7968662434305,-0.03431337413138474,-0.7745427757351732,0.003365724703081894,68,5,2026-03-04
DVN/YUM,DVN,YUM,no_leverage,-8069.917223778299,-1.507633260915524,-0.7745427757351732,5.2467825854980376e-23,56,5,2026-03-04
CHD/HON,CHD,HON,no_leverage,4828.532152287356,1.1791922760063769,-0.7745427757351732,0.9999999486139525,58,5,2026-03-04
CSCO/PAYC,CSCO,PAYC,no_leverage,595.3576188012505,0.0974530832801098,-0.7745427757351732,0.5109550850123149,70,5,2026-03-04
TXT/YUM,TXT,YUM,deep_entry_quick_exit,-628.5008258957964,-0.0996196765739528,-0.9714260429621936,1.1814357487129015e-05,30,5,2026-03-04
HAS/PFE,HAS,PFE,deep_entry_quick_exit,13529.60463324479,1.577792981541021,-0.9714260429621936,0.9999998502244841,36,5,2026-03-04
DLR/PRU,DLR,PRU,deep_entry_quick_exit,-5266.775617561867,-0.7020807389891859,-0.9714260429621936,1.1921902891593662e-09,34,5,2026-03-04
HRL/MKC,HRL,MKC,deep_entry_quick_exit,392.3645120780677,0.06982493106015564,-0.9714260429621936,0.29930464906869014,26,5,2026-03-04
PFG/YUM,PFG,YUM,deep_entry_quick_exit,4322.995355103539,0.5520042132425782,-0.9714260429621936,0.9999999412154347,30,5,2026-03-04
CINF/FMC,CINF,FMC,deep_entry_quick_exit,-18546.66333099982,-1.7870464785845805,-0.9714260429621936,1.4844615195990819e-21,40,5,2026-03-04
FSLR/RSG,FSLR,RSG,deep_entry_quick_exit,-8248.425410703418,-0.37080682034135265,-0.9714260429621936,9.996899400773359e-11,38,5,2026-03-04
AME/WMT,AME,WMT,deep_entry_quick_exit,2493.483254262555,0.3524174703449004,-0.9714260429621936,0.9998489525979954,26,5,2026-03-04
AON/GEN,AON,GEN,deep_entry_quick_exit,6251.424489792757,0.5917389701766531,-0.9714260429621936,0.9999926857231834,30,5,2026-03-04
DXCM/UDR,DXCM,UDR,deep_entry_quick_exit,1703.387050792573,0.1546433332822022,-0.9714260429621936,0.96688127835436,30,5,2026-03-04
AON/MCK,AON,MCK,deep_entry_quick_exit,6958.789671680693,1.025954241043057,-0.9714260429621936,0.9999999960804001,28,5,2026-03-04
CI/LVS,CI,LVS,deep_entry_quick_exit,-11419.1598924772,-1.254831489941612,-0.9714260429621936,3.2632676363616536e-16,28,5,2026-03-04
DVN/YUM,DVN,YUM,deep_entry_quick_exit,-9264.233982406127,-1.3930999575640999,-0.9714260429621936,2.4699313583742874e-11,22,5,2026-03-04
CHD/HON,CHD,HON,deep_entry_quick_exit,11147.05181421923,1.4123416750009807,-0.9714260429621936,0.9999992552446306,26,5,2026-03-04
CSCO/PAYC,CSCO,PAYC,deep_entry_quick_exit,-3060.447494171347,-0.26534244379154087,-0.9714260429621936,3.5017699063744175e-07,32,5,2026-03-04
TXT/YUM,TXT,YUM,conservative,725.24934298017,0.27439921899846276,-1.6453078730624489,0.9994700824422909,32,5,2026-03-04
HAS/PFE,HAS,PFE,conservative,6798.342451046114,1.5227289878235735,-1.6453078730624489,0.9999999602771196,42,5,2026-03-04
DLR/PRU,DLR,PRU,conservative,-1482.836084162597,-0.5265844250581769,-1.6453078730624489,1.4118398004440379e-05,30,5,2026-03-04
HRL/MKC,HRL,MKC,conservative,-410.4050954349,-0.15996687180591226,-1.6453078730624489,7.015761226573809e-08,26,5,2026-03-04
PFG/YUM,PFG,YUM,conservative,2549.779965889466,0.7320623815436987,-1.6453078730624489,0.9999842359602448,24,5,2026-03-04
CINF/FMC,CINF,FMC,conservative,-7219.625075672585,-1.9742548531170216,-1.6453078730624489,1.1064275783401334e-10,40,5,2026-03-04
FSLR/RSG,FSLR,RSG,conservative,-6549.768278225889,-0.6563606325964294,-1.6453078730624489,5.3667743112703065e-06,32,5,2026-03-04
AME/WMT,AME,WMT,conservative,3931.485429125422,1.2623388895594085,-1.6453078730624489,0.9999999995142556,32,5,2026-03-04
AON/GEN,AON,GEN,conservative,2302.906760403626,0.8047228968153556,-1.6453078730624489,0.9999997703358892,36,5,2026-03-04
DXCM/UDR,DXCM,UDR,conservative,1225.064269802614,0.34756695939411747,-1.6453078730624489,0.9999473096097007,26,5,2026-03-04
AON/MCK,AON,MCK,conservative,4342.114706511683,1.7653567408557655,-1.6453078730624489,0.9999941319028431,34,5,2026-03-04
CI/LVS,CI,LVS,conservative,-4406.916367806226,-0.9181453682301011,-1.6453078730624489,6.205575410848184e-13,30,5,2026-03-04
DVN/YUM,DVN,YUM,conservative,-5969.120496479697,-1.7584621262572546,-1.6453078730624489,3.254909716917459e-10,26,5,2026-03-04
CHD/HON,CHD,HON,conservative,6509.628562143596,1.5997258631825302,-1.6453078730624489,0.9999996602038947,34,5,2026-03-04
CSCO/PAYC,CSCO,PAYC,conservative,-1982.885273987188,-0.22715615528061261,-1.6453078730624489,5.112895344091982e-09,32,5,2026-03-04
TXT/YUM,TXT,YUM,low_entry,7357.246257010764,0.6335027123304567,1.2021939301588016,1.0,110,6,2026-04-09
HAS/PFE,HAS,PFE,low_entry,13628.10735523811,0.6032880627851542,1.2021939301588016,0.9999999992806401,130,6,2026-04-09
DLR/PRU,DLR,PRU,low_entry,-8669.029273956561,-0.47440541491545524,1.2021939301588016,6.872541255083228e-20,120,6,2026-04-09
HRL/MKC,HRL,MKC,low_entry,1955.777312507893,0.15634519773419173,1.2021939301588016,0.9160166326924561,106,6,2026-04-09
PFG/YUM,PFG,YUM,low_entry,8695.346362626982,0.6697488702958176,1.2021939301588016,1.0,110,6,2026-04-09
CINF/FMC,CINF,FMC,low_entry,22875.7003027273,0.5534063315808241,1.2021939301588016,0.9997475294758967,128,6,2026-04-09
FSLR/RSG,FSLR,RSG,low_entry,38196.44059430205,1.1642422150288236,1.2021939301588016,0.999999999489942,130,6,2026-04-09
AME/WMT,AME,WMT,low_entry,-4663.337404067592,-0.3151151553143451,1.2021939301588016,8.1952760746099e-21,120,6,2026-04-09
AON/GEN,AON,GEN,low_entry,16456.46628659095,0.9712129879727402,1.2021939301588016,0.9999999999999944,114,6,2026-04-09
DXCM/UDR,DXCM,UDR,low_entry,8214.063571585724,0.36315673101162826,1.2021939301588016,0.9999999999087634,118,6,2026-04-09
AON/MCK,AON,MCK,low_entry,11844.6322872243,0.6391790015803426,1.2021939301588016,0.9999731316687732,116,6,2026-04-09
CI/LVS,CI,LVS,low_entry,8484.654242343306,0.3288277675412742,1.2021939301588016,0.9999999841976773,132,6,2026-04-09
DVN/YUM,DVN,YUM,low_entry,3576.921155684795,0.17862075819592046,1.2021939301588016,0.987789166215323,118,6,2026-04-09
CHD/HON,CHD,HON,low_entry,14268.92851941894,1.1537418729680908,1.2021939301588016,1.0,116,6,2026-04-09
CSCO/PAYC,CSCO,PAYC,low_entry,9884.197580499285,0.4799684138398469,1.2021939301588016,0.9999999999721437,126,6,2026-04-09
TXT/YUM,TXT,YUM,aggressive,5677.803882313445,0.2936889572539738,1.1087755321067572,0.9999236702652943,126,6,2026-04-09
HAS/PFE,HAS,PFE,aggressive,14882.82325634761,0.4540946508175057,1.1087755321067572,0.9999995881508659,122,6,2026-04-09
DLR/PRU,DLR,PRU,aggressive,-12718.43953060671,-0.47557622589391746,1.1087755321067572,8.335032514651598e-19,128,6,2026-04-09
HRL/MKC,HRL,MKC,aggressive,11918.80245001371,0.5084909344723141,1.1087755321067572,0.9999999963655667,118,6,2026-04-09
PFG/YUM,PFG,YUM,aggressive,311.1257680481165,0.014548569400074542,1.1087755321067572,0.03901693657153412,108,6,2026-04-09
CINF/FMC,CINF,FMC,aggressive,26106.86600301434,0.40796569824517176,1.1087755321067572,0.999921823861815,112,6,2026-04-09
FSLR/RSG,FSLR,RSG,aggressive,66435.04789772908,1.2608195583352808,1.1087755321067572,0.9999999999983123,128,6,2026-04-09
AME/WMT,AME,WMT,aggressive,5027.918283102017,0.22375209862401507,1.1087755321067572,0.9902815998997438,130,6,2026-04-09
AON/GEN,AON,GEN,aggressive,10837.01318497987,0.4357677834675368,1.1087755321067572,0.9999999354771945,100,6,2026-04-09
DXCM/UDR,DXCM,UDR,aggressive,15373.65239359653,0.44449509589327524,1.1087755321067572,0.9999999984776705,102,6,2026-04-09
AON/MCK,AON,MCK,aggressive,32720.98555682621,1.3274031811827998,1.1087755321067572,0.9997966364370124,114,6,2026-04-09
CI/LVS,CI,LVS,aggressive,6646.493612216756,0.16930446063809515,1.1087755321067572,0.9746106518370019,112,6,2026-04-09
DVN/YUM,DVN,YUM,aggressive,-6020.305903282802,-0.24802259923764056,1.1087755321067572,1.2519113591664213e-10,110,6,2026-04-09
CHD/HON,CHD,HON,aggressive,16908.73720662202,0.9940489642896864,1.1087755321067572,0.9999999999999968,122,6,2026-04-09
CSCO/PAYC,CSCO,PAYC,aggressive,6678.13741753362,0.21272201467666327,1.1087755321067572,0.9954996658668923,122,6,2026-04-09
TXT/YUM,TXT,YUM,static_threshold,-2489.6566260868,-0.1633908819007492,0.9869213609706482,3.568672511813161e-09,118,6,2026-04-09
HAS/PFE,HAS,PFE,static_threshold,4862.961486588943,0.25066130379602036,0.9869213609706482,0.9921380218884776,116,6,2026-04-09
DLR/PRU,DLR,PRU,static_threshold,-3123.647036645315,-0.22620015623314388,0.9869213609706482,8.87827911290591e-08,112,6,2026-04-09
HRL/MKC,HRL,MKC,static_threshold,4367.461916993894,0.33488452416558423,0.9869213609706482,0.9999658776036704,110,6,2026-04-09
PFG/YUM,PFG,YUM,static_threshold,-3617.386142548066,-0.23849804127584665,0.9869213609706482,1.1216885388848015e-10,112,6,2026-04-09
CINF/FMC,CINF,FMC,static_threshold,5339.675008737012,0.19762379965980376,0.9869213609706482,0.9980745951410576,112,6,2026-04-09
FSLR/RSG,FSLR,RSG,static_threshold,45552.38456788439,1.4469302967254045,0.9869213609706482,1.0,122,6,2026-04-09
AME/WMT,AME,WMT,static_threshold,-4977.982656785342,-0.3099088416906606,0.9869213609706482,7.098883537977011e-19,118,6,2026-04-09
AON/GEN,AON,GEN,static_threshold,7618.763991520945,0.4609035477600041,0.9869213609706482,0.999999935109247,112,6,2026-04-09
DXCM/UDR,DXCM,UDR,static_threshold,32264.72614849971,1.4130134954025415,0.9869213609706482,1.0,108,6,2026-04-09
AON/MCK,AON,MCK,static_threshold,26015.22808822027,1.5678625906781856,0.9869213609706482,0.99984507091279,130,6,2026-04-09
CI/LVS,CI,LVS,static_threshold,-897.7864350404025,-0.035189960065526396,0.9869213609706482,0.0031073762706813183,108,6,2026-04-09
DVN/YUM,DVN,YUM,static_threshold,-18792.80851694532,-1.0242594360656854,0.9869213609706482,6.199597694406755e-34,118,6,2026-04-09
CHD/HON,CHD,HON,static_threshold,25477.20414995698,1.9973537726601007,0.9869213609706482,1.0,126,6,2026-04-09
CSCO/PAYC,CSCO,PAYC,static_threshold,2858.645896769789,0.14925007777843904,0.9869213609706482,0.8783454491121698,130,6,2026-04-09
TXT/YUM,TXT,YUM,flash_hold,-329.4533473534864,-0.051208337662688376,0.9255979342902436,0.0005595640175023504,158,6,2026-04-09
HAS/PFE,HAS,PFE,flash_hold,7841.644452343566,0.742775619270922,0.9255979342902436,0.9999999996880466,184,6,2026-04-09
DLR/PRU,DLR,PRU,flash_hold,-252.5413162067855,-0.027667170628863855,0.9255979342902436,0.00314994595638793,180,6,2026-04-09
HRL/MKC,HRL,MKC,flash_hold,-89.77226112318385,-0.012374588837608724,0.9255979342902436,0.010150305183601764,166,6,2026-04-09
PFG/YUM,PFG,YUM,flash_hold,-4513.156002239041,-0.6055637566698547,0.9255979342902436,1.0079099450378031e-19,166,6,2026-04-09
CINF/FMC,CINF,FMC,flash_hold,20957.25878578715,0.9977571801124802,0.9255979342902436,0.9997420254427353,200,6,2026-04-09
FSLR/RSG,FSLR,RSG,flash_hold,15585.54318517268,1.1013937463018677,0.9255979342902436,1.0,158,6,2026-04-09
AME/WMT,AME,WMT,flash_hold,-1070.314441294652,-0.13324987045036601,0.9255979342902436,1.2168878650991363e-08,178,6,2026-04-09
AON/GEN,AON,GEN,flash_hold,-1700.577007303191,-0.19601650758421468,0.9255979342902436,1.952873445036816e-10,166,6,2026-04-09
DXCM/UDR,DXCM,UDR,flash_hold,9361.77068770531,0.8192763518557926,0.9255979342902436,1.0,188,6,2026-04-09
AON/MCK,AON,MCK,flash_hold,10661.0696032209,1.2217624707784545,0.9255979342902436,0.9999907442934776,154,6,2026-04-09
CI/LVS,CI,LVS,flash_hold,7186.531043417026,0.5132976766474103,0.9255979342902436,0.9999999999999939,190,6,2026-04-09
DVN/YUM,DVN,YUM,flash_hold,1591.560412800326,0.15937469133135862,0.9255979342902436,0.9590042574784499,156,6,2026-04-09
CHD/HON,CHD,HON,flash_hold,10307.5618889231,1.4779321188596897,0.9255979342902436,1.0,168,6,2026-04-09
CSCO/PAYC,CSCO,PAYC,flash_hold,5843.964881435809,0.5408420281942367,0.9255979342902436,0.9999999999999413,170,6,2026-04-09
TXT/YUM,TXT,YUM,medium_signal_high_leverage,9118.565266504302,0.6317929640617846,0.8541703252135531,0.9999999999999996,68,6,2026-04-09
HAS/PFE,HAS,PFE,medium_signal_high_leverage,-571.783443984823,-0.022186242279238277,0.8541703252135531,0.003485053483562587,74,6,2026-04-09
DLR/PRU,DLR,PRU,medium_signal_high_leverage,-4173.819849435446,-0.19753916814021605,0.8541703252135531,8.248145056856149e-13,66,6,2026-04-09
HRL/MKC,HRL,MKC,medium_signal_high_leverage,-5367.155336436557,-0.30607477812625733,0.8541703252135531,4.139306190286548e-14,56,6,2026-04-09
PFG/YUM,PFG,YUM,medium_signal_high_leverage,7555.080587432695,0.4292099870534877,0.8541703252135531,0.9999999999521428,66,6,2026-04-09
CINF/FMC,CINF,FMC,medium_signal_high_leverage,13074.68872949559,0.34683239881273,0.8541703252135531,0.9999999648037446,76,6,2026-04-09
FSLR/RSG,FSLR,RSG,medium_signal_high_leverage,43125.67015042721,0.945813079730654,0.8541703252135531,0.9999998345034964,82,6,2026-04-09
AME/WMT,AME,WMT,medium_signal_high_leverage,-2819.243151475681,-0.1451135746560423,0.8541703252135531,6.2131311023350345e-09,72,6,2026-04-09
AON/GEN,AON,GEN,medium_signal_high_leverage,3727.560684926299,0.14992883773468393,0.8541703252135531,0.8739886584273274,64,6,2026-04-09
DXCM/UDR,DXCM,UDR,medium_signal_high_leverage,28903.75714720477,1.01335193260265,0.8541703252135531,0.999999999999759,62,6,2026-04-09
AON/MCK,AON,MCK,medium_signal_high_leverage,23375.76871688619,1.047371094559477,0.8541703252135531,0.9984573694194957,76,6,2026-04-09
CI/LVS,CI,LVS,medium_signal_high_leverage,9550.35362321171,0.26453234449583846,0.8541703252135531,0.9999977806560736,66,6,2026-04-09
DVN/YUM,DVN,YUM,medium_signal_high_leverage,-27334.14666490782,-1.5751644439763786,0.8541703252135531,1.6291772923862636e-25,58,6,2026-04-09
CHD/HON,CHD,HON,medium_signal_high_leverage,27737.84445650233,1.650572102657665,0.8541703252135531,0.9999999999999998,84,6,2026-04-09
CSCO/PAYC,CSCO,PAYC,medium_signal_high_leverage,5875.375874278959,0.2536462637702058,0.8541703252135531,0.996931894936902,62,6,2026-04-09
TXT/YUM,TXT,YUM,low_vol_specialist,-4282.291556015944,-0.30489532435803635,0.7361320852567204,3.390162515362777e-19,136,6,2026-04-09
HAS/PFE,HAS,PFE,low_vol_specialist,26374.12581621148,1.4131703766618606,0.7361320852567204,0.9999999999999994,134,6,2026-04-09
DLR/PRU,DLR,PRU,low_vol_specialist,6252.218460124534,0.48086370206214096,0.7361320852567204,0.9999999999290176,144,6,2026-04-09
HRL/MKC,HRL,MKC,low_vol_specialist,14886.29664914134,1.0931243840490041,0.7361320852567204,0.9999999983229568,124,6,2026-04-09
PFG/YUM,PFG,YUM,low_vol_specialist,-8004.15041180293,-0.5855037949890171,0.7361320852567204,4.611606297742328e-15,118,6,2026-04-09
CINF/FMC,CINF,FMC,low_vol_specialist,3856.359729956225,0.154087689958257,0.7361320852567204,0.955186023405951,144,6,2026-04-09
FSLR/RSG,FSLR,RSG,low_vol_specialist,38525.8796911738,1.1087958117226808,0.7361320852567204,0.9999999999275587,140,6,2026-04-09
AME/WMT,AME,WMT,low_vol_specialist,1288.038724170707,0.09401069297344404,0.7361320852567204,0.5016931073597661,144,6,2026-04-09
AON/GEN,AON,GEN,low_vol_specialist,17539.5466016028,1.2159609129555546,0.7361320852567204,1.0,128,6,2026-04-09
DXCM/UDR,DXCM,UDR,low_vol_specialist,1724.194790833501,0.07651088924303141,0.7361320852567204,0.3440872591914462,138,6,2026-04-09
AON/MCK,AON,MCK,low_vol_specialist,12629.18191357127,0.76199827218207,0.7361320852567204,0.9999068805069999,128,6,2026-04-09
CI/LVS,CI,LVS,low_vol_specialist,3980.406101912908,0.17384242330150787,0.7361320852567204,0.9821558801797462,130,6,2026-04-09
DVN/YUM,DVN,YUM,low_vol_specialist,-6012.58294574467,-0.3461744957822607,0.7361320852567204,1.0653106635024259e-15,124,6,2026-04-09
CHD/HON,CHD,HON,low_vol_specialist,1236.986846776699,0.10767340452097464,0.7361320852567204,0.6220271534388566,126,6,2026-04-09
CSCO/PAYC,CSCO,PAYC,low_vol_specialist,-15100.86976869479,-0.846184957667296,0.7361320852567204,4.5449631540551297e-32,148,6,2026-04-09
TXT/YUM,TXT,YUM,vol_agnostic,-10840.91058402663,-0.7344420703390176,0.6977114490290233,1.2533108029211031e-33,118,6,2026-04-09
HAS/PFE,HAS,PFE,vol_agnostic,3519.708539837486,0.18097626560116467,0.6977114490290233,0.9346771852641966,112,6,2026-04-09
DLR/PRU,DLR,PRU,vol_agnostic,-4818.449477099202,-0.2889197261900785,0.6977114490290233,2.22718282243265e-12,94,6,2026-04-09
HRL/MKC,HRL,MKC,vol_agnostic,2409.683194491633,0.18001737702886822,0.6977114490290233,0.9566905816262107,98,6,2026-04-09
PFG/YUM,PFG,YUM,vol_agnostic,-107.0927266286208,-0.0069716952971106095,0.6977114490290233,0.011983212414070311,124,6,2026-04-09
CINF/FMC,CINF,FMC,vol_agnostic,30573.67481721709,0.7105036577901674,0.6977114490290233,0.999859195985123,96,6,2026-04-09
FSLR/RSG,FSLR,RSG,vol_agnostic,42385.68388865607,1.3150689571598377,0.6977114490290233,1.0,124,6,2026-04-09
AME/WMT,AME,WMT,vol_agnostic,-9432.95539936233,-0.58329141486521,0.6977114490290233,4.254446804579714e-34,112,6,2026-04-09
AON/GEN,AON,GEN,vol_agnostic,16150.24417897584,0.9605463755294604,0.6977114490290233,0.9999999999999956,80,6,2026-04-09
DXCM/UDR,DXCM,UDR,vol_agnostic,16742.64740827513,0.6909038306819435,0.6977114490290233,0.9999999999999997,98,6,2026-04-09
AON/MCK,AON,MCK,vol_agnostic,18658.73651194737,1.1253387796147818,0.6977114490290233,0.9998991448483422,124,6,2026-04-09
CI/LVS,CI,LVS,vol_agnostic,956.8130175578799,0.036658854602404145,0.6977114490290233,0.09096996805836416,102,6,2026-04-09
DVN/YUM,DVN,YUM,vol_agnostic,-29013.20674383035,-1.4429645798500037,0.6977114490290233,2.5758662461060928e-31,116,6,2026-04-09
CHD/HON,CHD,HON,vol_agnostic,16708.52781147642,1.2528077885996058,0.6977114490290233,1.0,124,6,2026-04-09
CSCO/PAYC,CSCO,PAYC,vol_agnostic,7569.189311895714,0.3809517423725152,0.6977114490290233,0.9999998957392487,134,6,2026-04-09
TXT/YUM,TXT,YUM,vol_adaptive,4074.378959922487,0.41926382259669337,0.6683396040249822,0.9999999962612359,84,6,2026-04-09
HAS/PFE,HAS,PFE,vol_adaptive,-6940.628659923001,-0.40835097594667386,0.6683396040249822,1.73735337828117e-22,80,6,2026-04-09
DLR/PRU,DLR,PRU,vol_adaptive,-12171.98954906327,-0.8765771351292646,0.6683396040249822,1.2162275995173693e-15,78,6,2026-04-09
HRL/MKC,HRL,MKC,vol_adaptive,-4415.590866472459,-0.37646074824841563,0.6683396040249822,8.470604629012553e-17,72,6,2026-04-09
PFG/YUM,PFG,YUM,vol_adaptive,7256.675807471354,0.608281133882047,0.6683396040249822,0.9999999999999951,82,6,2026-04-09
CINF/FMC,CINF,FMC,vol_adaptive,8408.338986555205,0.3561798116515722,0.6683396040249822,0.99999985487682,84,6,2026-04-09
FSLR/RSG,FSLR,RSG,vol_adaptive,23365.4217555037,0.7730076008531835,0.6683396040249822,0.9999991036992603,86,6,2026-04-09
AME/WMT,AME,WMT,vol_adaptive,5608.23679650751,0.46978022159798055,0.6683396040249822,0.9999957421857538,82,6,2026-04-09
AON/GEN,AON,GEN,vol_adaptive,2679.849766437515,0.1885983675918733,0.6683396040249822,0.9777565696451435,74,6,2026-04-09
DXCM/UDR,DXCM,UDR,vol_adaptive,17792.24368975143,0.9548377224105634,0.6683396040249822,0.9999999999988823,76,6,2026-04-09
AON/MCK,AON,MCK,vol_adaptive,13679.24881928393,0.8927105893264372,0.6683396040249822,0.9995154729228308,82,6,2026-04-09
CI/LVS,CI,LVS,vol_adaptive,9266.205850572527,0.46966299969542297,0.6683396040249822,0.9999999999997996,86,6,2026-04-09
DVN/YUM,DVN,YUM,vol_adaptive,2570.628645688771,0.1577617890536743,0.6683396040249822,0.9665086691933946,70,6,2026-04-09
CHD/HON,CHD,HON,vol_adaptive,13224.99635711249,1.2284416921520942,0.6683396040249822,0.9999999999999993,100,6,2026-04-09
CSCO/PAYC,CSCO,PAYC,vol_adaptive,-933.5791523669712,-0.05750289466313118,0.6683396040249822,0.0003729718832888681,72,6,2026-04-09
TXT/YUM,TXT,YUM,vol_gated,4083.277162073433,0.4217263014084373,0.6585870479230439,0.9999999969804075,84,6,2026-04-09
HAS/PFE,HAS,PFE,vol_gated,-6905.253382009046,-0.4076546778092871,0.6585870479230439,1.5403773798343773e-22,80,6,2026-04-09
DLR/PRU,DLR,PRU,vol_gated,-8045.990312928043,-0.6057458168975765,0.6585870479230439,2.318115035314064e-15,76,6,2026-04-09
HRL/MKC,HRL,MKC,vol_gated,-4644.702242918022,-0.39779541172116695,0.6585870479230439,4.1399350724978646e-17,72,6,2026-04-09
PFG/YUM,PFG,YUM,vol_gated,7305.371992310145,0.6238307179304309,0.6585870479230439,0.9999999999999927,76,6,2026-04-09
CINF/FMC,CINF,FMC,vol_gated,8405.331205016992,0.3569766878650452,0.6585870479230439,0.9999998554490616,84,6,2026-04-09
FSLR/RSG,FSLR,RSG,vol_gated,23320.63671534893,0.7737051434588271,0.6585870479230439,0.9999991153143591,86,6,2026-04-09
AME/WMT,AME,WMT,vol_gated,6559.458703744041,0.5641945033344036,0.6585870479230439,0.999999167667403,78,6,2026-04-09
AON/GEN,AON,GEN,vol_gated,3756.005474532474,0.267257891868848,0.6585870479230439,0.999655480835301,72,6,2026-04-09
DXCM/UDR,DXCM,UDR,vol_gated,19443.8410095177,1.040346530392567,0.6585870479230439,0.9999999999996918,76,6,2026-04-09
AON/MCK,AON,MCK,vol_gated,13312.19429598438,0.8751587017189519,0.6585870479230439,0.9994214408888461,78,6,2026-04-09
CI/LVS,CI,LVS,vol_gated,5856.004689214935,0.2944908123490318,0.6585870479230439,0.9999996714939177,82,6,2026-04-09
DVN/YUM,DVN,YUM,vol_gated,1275.309877078524,0.08027808649371238,0.6585870479230439,0.3594762025232948,70,6,2026-04-09
CHD/HON,CHD,HON,vol_gated,12045.22301998036,1.11690522283252,0.6585870479230439,0.9999999999999997,92,6,2026-04-09
CSCO/PAYC,CSCO,PAYC,vol_gated,-2993.324992274211,-0.1866003642736325,0.6585870479230439,1.4177840394012076e-08,68,6,2026-04-09
TXT/YUM,TXT,YUM,long_z_short_v,-3483.434483066007,-0.33512584737954537,0.6544931134840417,8.422656749080371e-22,62,6,2026-04-09
HAS/PFE,HAS,PFE,long_z_short_v,7085.284199102114,0.5145327772638907,0.6544931134840417,0.9999999858913896,52,6,2026-04-09
DLR/PRU,DLR,PRU,long_z_short_v,-3034.304108240979,-0.2498378068617325,0.6544931134840417,4.512382183616444e-14,60,6,2026-04-09
HRL/MKC,HRL,MKC,long_z_short_v,-3830.910439800238,-0.36312080578907147,0.6544931134840417,5.52642495160824e-17,48,6,2026-04-09
PFG/YUM,PFG,YUM,long_z_short_v,3954.109086076959,0.3572835324878601,0.6544931134840417,0.9999891328920122,72,6,2026-04-09
CINF/FMC,CINF,FMC,long_z_short_v,23774.39414716758,1.05732434852443,0.6544931134840417,0.9999989973353798,68,6,2026-04-09
FSLR/RSG,FSLR,RSG,long_z_short_v,11449.88621193248,0.4743662979276978,0.6544931134840417,0.9962409133583098,60,6,2026-04-09
AME/WMT,AME,WMT,long_z_short_v,4570.432488069506,0.40389691740756184,0.6544931134840417,0.9999981614939332,60,6,2026-04-09
AON/GEN,AON,GEN,long_z_short_v,-484.2355879114543,-0.03944042623510109,0.6544931134840417,0.0016533538639089062,58,6,2026-04-09
DXCM/UDR,DXCM,UDR,long_z_short_v,3019.319853751589,0.18394402277744032,0.6544931134840417,0.9543798929140626,66,6,2026-04-09
AON/MCK,AON,MCK,long_z_short_v,11920.17172457304,0.8120118590186776,0.6544931134840417,0.9987770372118273,58,6,2026-04-09
CI/LVS,CI,LVS,long_z_short_v,7005.2802413312,0.37698586224029845,0.6544931134840417,0.9999980610570104,44,6,2026-04-09
DVN/YUM,DVN,YUM,long_z_short_v,-3981.257409206297,-0.2990895040439891,0.6544931134840417,1.5022837621323556e-11,60,6,2026-04-09
CHD/HON,CHD,HON,long_z_short_v,6918.949763141713,0.6788632643439007,0.6544931134840417,0.9999999975992669,62,6,2026-04-09
CSCO/PAYC,CSCO,PAYC,long_z_short_v,12569.58069857066,1.062467854779556,0.6544931134840417,1.0,68,6,2026-04-09
TXT/YUM,TXT,YUM,fast_reentry,-1126.27390133388,-0.11790222120242663,0.5413103234837392,7.925106265894801e-07,84,6,2026-04-09
HAS/PFE,HAS,PFE,fast_reentry,-3984.542448611562,-0.24212437208178333,0.5413103234837392,3.2536361183605186e-17,94,6,2026-04-09
DLR/PRU,DLR,PRU,fast_reentry,-2805.956462967073,-0.22272961771219602,0.5413103234837392,1.7906711658402846e-11,78,6,2026-04-09
HRL/MKC,HRL,MKC,fast_reentry,3687.174798511222,0.3728745849899831,0.5413103234837392,0.9999997299959364,64,6,2026-04-09
PFG/YUM,PFG,YUM,fast_reentry,10719.92319481584,0.9523402601408645,0.5413103234837392,0.9999999999998825,74,6,2026-04-09
CINF/FMC,CINF,FMC,fast_reentry,23169.47521370952,0.5838640342343787,0.5413103234837392,0.9993042498134996,90,6,2026-04-09
FSLR/RSG,FSLR,RSG,fast_reentry,17309.03066658982,0.589970078063575,0.5413103234837392,0.9999864554761376,78,6,2026-04-09
AME/WMT,AME,WMT,fast_reentry,-2632.090609270901,-0.20999375517536217,0.5413103234837392,5.753915109701658e-13,80,6,2026-04-09
AON/GEN,AON,GEN,fast_reentry,6944.516954152372,0.5628201099503841,0.5413103234837392,0.999999993343066,80,6,2026-04-09
DXCM/UDR,DXCM,UDR,fast_reentry,2468.991299395504,0.1333670780777352,0.5413103234837392,0.8059929958001999,80,6,2026-04-09
AON/MCK,AON,MCK,fast_reentry,12630.40964894606,0.8428012407062517,0.5413103234837392,0.999164487657896,76,6,2026-04-09
CI/LVS,CI,LVS,fast_reentry,5088.293577980417,0.2093661739310039,0.5413103234837392,0.9988780356272866,88,6,2026-04-09
DVN/YUM,DVN,YUM,fast_reentry,-14055.66706280914,-1.0866551356573066,0.5413103234837392,2.6982461312126974e-24,66,6,2026-04-09
CHD/HON,CHD,HON,fast_reentry,14119.18978937281,1.5475360159101206,0.5413103234837392,0.9999999996768416,72,6,2026-04-09
CSCO/PAYC,CSCO,PAYC,fast_reentry,2641.460378551334,0.18661664630382735,0.5413103234837392,0.987902310558247,80,6,2026-04-09
TXT/YUM,TXT,YUM,fast_signal,2276.065233555173,0.2002322700841095,0.4449430034189894,0.977267348269917,90,6,2026-04-09
HAS/PFE,HAS,PFE,fast_signal,8750.393419779304,0.48114003099773267,0.4449430034189894,0.9999999996761145,86,6,2026-04-09
DLR/PRU,DLR,PRU,fast_signal,-4440.171743408137,-0.3050386855016889,0.4449430034189894,2.5189383831202515e-18,92,6,2026-04-09
HRL/MKC,HRL,MKC,fast_signal,-8906.744596340262,-0.8541621610336166,0.4449430034189894,7.198334311181223e-19,88,6,2026-04-09
PFG/YUM,PFG,YUM,fast_signal,6179.816391623064,0.5220340896908277,0.4449430034189894,0.9999999999999631,90,6,2026-04-09
CINF/FMC,CINF,FMC,fast_signal,4977.493518247098,0.25232314202337375,0.4449430034189894,0.9998972852561593,102,6,2026-04-09
FSLR/RSG,FSLR,RSG,fast_signal,30746.1634383841,1.029330886035109,0.4449430034189894,0.9999995593310321,88,6,2026-04-09
AME/WMT,AME,WMT,fast_signal,-11215.39637394574,-0.8774104375434058,0.4449430034189894,5.3423908557131525e-27,104,6,2026-04-09
AON/GEN,AON,GEN,fast_signal,6335.3769936272,0.5040099991575802,0.4449430034189894,0.9999729802179567,94,6,2026-04-09
DXCM/UDR,DXCM,UDR,fast_signal,28787.42698281554,1.3546163662751165,0.4449430034189894,0.9999999999999998,84,6,2026-04-09
AON/MCK,AON,MCK,fast_signal,3513.064099945941,0.3962215183990503,0.4449430034189894,0.9999999512460883,84,6,2026-04-09
CI/LVS,CI,LVS,fast_signal,1671.169836522015,0.07568650945710657,0.4449430034189894,0.30792466652236106,100,6,2026-04-09
DVN/YUM,DVN,YUM,fast_signal,-14705.25203206464,-1.0500975945802018,0.4449430034189894,2.3926555453327063e-26,80,6,2026-04-09
CHD/HON,CHD,HON,fast_signal,6821.086008458746,0.7618675424439891,0.4449430034189894,0.9999999997991154,110,6,2026-04-09
CSCO/PAYC,CSCO,PAYC,fast_signal,3356.021020904584,0.24482934136820925,0.4449430034189894,0.9967478018906489,92,6,2026-04-09
TXT/YUM,TXT,YUM,stable_signal_quick_exit,6183.066050949759,0.6643536939903182,0.370607211634224,0.9999999999999993,64,6,2026-04-09
HAS/PFE,HAS,PFE,stable_signal_quick_exit,-5014.478297837523,-0.3023627716506001,0.370607211634224,5.6164605538215895e-08,56,6,2026-04-09
DLR/PRU,DLR,PRU,stable_signal_quick_exit,-6631.10826399356,-0.5127547093231103,0.370607211634224,2.8960935623191574e-15,58,6,2026-04-09
HRL/MKC,HRL,MKC,stable_signal_quick_exit,1332.418435473423,0.12074776960498566,0.370607211634224,0.7049867119621178,56,6,2026-04-09
PFG/YUM,PFG,YUM,stable_signal_quick_exit,9342.4817437801,0.8712008354197198,0.370607211634224,0.999999999999997,54,6,2026-04-09
CINF/FMC,CINF,FMC,stable_signal_quick_exit,-743.6359818682579,-0.040142309698518924,0.370607211634224,0.0020884129572767197,66,6,2026-04-09
FSLR/RSG,FSLR,RSG,stable_signal_quick_exit,22015.26481097368,0.7039045150637452,0.370607211634224,0.999997101227382,72,6,2026-04-09
AME/WMT,AME,WMT,stable_signal_quick_exit,3010.756531184823,0.2542067561448332,0.370607211634224,0.9956101158240381,60,6,2026-04-09
AON/GEN,AON,GEN,stable_signal_quick_exit,-7126.526244547895,-0.5519284169845154,0.370607211634224,1.348489187700313e-13,58,6,2026-04-09
DXCM/UDR,DXCM,UDR,stable_signal_quick_exit,-780.7572836779109,-0.05029874003087533,0.370607211634224,0.00036760378130708504,64,6,2026-04-09
AON/MCK,AON,MCK,stable_signal_quick_exit,8805.892124348939,1.0427402578671336,0.370607211634224,0.999999999999991,58,6,2026-04-09
CI/LVS,CI,LVS,stable_signal_quick_exit,4889.39038151663,0.2960501305529319,0.370607211634224,0.9999947070595845,48,6,2026-04-09
DVN/YUM,DVN,YUM,stable_signal_quick_exit,-1600.136241963731,-0.10084546140385489,0.370607211634224,0.00040471127597844456,56,6,2026-04-09
CHD/HON,CHD,HON,stable_signal_quick_exit,16559.87851120863,1.47734623457837,0.370607211634224,0.9999999999975426,68,6,2026-04-09
CSCO/PAYC,CSCO,PAYC,stable_signal_quick_exit,6300.031225629011,0.3517950235386508,0.370607211634224,0.9999952233917547,80,6,2026-04-09
TXT/YUM,TXT,YUM,fast_signal_tight_stop,-316.3567929155074,-0.03198907936587087,0.3389866958336956,0.001850198684771672,76,6,2026-04-09
HAS/PFE,HAS,PFE,fast_signal_tight_stop,13939.09179820367,0.8118521884488201,0.3389866958336956,0.9999999993072973,80,6,2026-04-09
DLR/PRU,DLR,PRU,fast_signal_tight_stop,-6344.446791609364,-0.48623860948622616,0.3389866958336956,1.768042257673287e-16,74,6,2026-04-09
HRL/MKC,HRL,MKC,fast_signal_tight_stop,-9212.794399644345,-0.8603691844148502,0.3389866958336956,4.1024326042235494e-19,74,6,2026-04-09
PFG/YUM,PFG,YUM,fast_signal_tight_stop,8238.57183206508,0.7085260077442209,0.3389866958336956,0.9999999999999946,90,6,2026-04-09
CINF/FMC,CINF,FMC,fast_signal_tight_stop,2660.942678759649,0.16395069202322965,0.3389866958336956,0.9494746653226169,80,6,2026-04-09
FSLR/RSG,FSLR,RSG,fast_signal_tight_stop,24616.90687729581,0.8366971894218718,0.3389866958336956,0.9999958440753131,88,6,2026-04-09
AME/WMT,AME,WMT,fast_signal_tight_stop,-7636.95853965674,-0.6556687819961369,0.3389866958336956,1.256747556967903e-27,96,6,2026-04-09
AON/GEN,AON,GEN,fast_signal_tight_stop,5714.817049977686,0.5304971544786462,0.3389866958336956,0.9999999999825963,88,6,2026-04-09
DXCM/UDR,DXCM,UDR,fast_signal_tight_stop,28121.35703096475,1.6396972590208079,0.3389866958336956,0.999999999999986,78,6,2026-04-09
AON/MCK,AON,MCK,fast_signal_tight_stop,4057.583976596224,0.4491051633697094,0.3389866958336956,0.9999999995771496,82,6,2026-04-09
CI/LVS,CI,LVS,fast_signal_tight_stop,2495.701699296194,0.13421274525966392,0.3389866958336956,0.8939993691968015,90,6,2026-04-09
DVN/YUM,DVN,YUM,fast_signal_tight_stop,-13031.94264717553,-1.0597841966477466,0.3389866958336956,2.301341151829236e-22,80,6,2026-04-09
CHD/HON,CHD,HON,fast_signal_tight_stop,5438.367071863379,0.6076867205100667,0.3389866958336956,0.9999999993269503,94,6,2026-04-09
CSCO/PAYC,CSCO,PAYC,fast_signal_tight_stop,-4613.646904861577,-0.3500208238027361,0.3389866958336956,8.233157111789808e-15,78,6,2026-04-09
TXT/YUM,TXT,YUM,balanced_plus,-2942.662766021982,-0.2917808484960214,0.3185308654062022,4.2865441773183417e-19,80,6,2026-04-09
HAS/PFE,HAS,PFE,balanced_plus,-6379.895011033123,-0.39731415999485215,0.3185308654062022,3.021573508631984e-20,74,6,2026-04-09
DLR/PRU,DLR,PRU,balanced_plus,-9384.997153976065,-0.6740945427652907,0.3185308654062022,1.2024090644144406e-16,74,6,2026-04-09
HRL/MKC,HRL,MKC,balanced_plus,524.5525737455291,0.04982410935932886,0.3185308654062022,0.16814820612760828,64,6,2026-04-09
PFG/YUM,PFG,YUM,balanced_plus,8749.190907405777,0.7663271972303937,0.3185308654062022,0.9999999999999908,66,6,2026-04-09
CINF/FMC,CINF,FMC,balanced_plus,1755.493543986066,0.0757493937062825,0.3185308654062022,0.3173590289792356,70,6,2026-04-09
FSLR/RSG,FSLR,RSG,balanced_plus,22860.53861452904,0.7960213148072033,0.3185308654062022,0.9999963075710258,68,6,2026-04-09
AME/WMT,AME,WMT,balanced_plus,-6776.100701199427,-0.5610659310294356,0.3185308654062022,1.7733779329906932e-22,76,6,2026-04-09
AON/GEN,AON,GEN,balanced_plus,6742.311581248044,0.5209235281216035,0.3185308654062022,0.9999999974803764,66,6,2026-04-09
DXCM/UDR,DXCM,UDR,balanced_plus,18211.85070666189,1.070577336732571,0.3185308654062022,0.9999999998360241,58,6,2026-04-09
AON/MCK,AON,MCK,balanced_plus,14181.49304765527,1.0056755338809789,0.3185308654062022,0.9981102674138463,78,6,2026-04-09
CI/LVS,CI,LVS,balanced_plus,7481.308812105827,0.39111483747030884,0.3185308654062022,0.9999999999984054,76,6,2026-04-09
DVN/YUM,DVN,YUM,balanced_plus,-7545.95753632525,-0.6372556784629928,0.3185308654062022,3.52105158200973e-16,64,6,2026-04-09
CHD/HON,CHD,HON,balanced_plus,13231.82189633143,1.3473647939267157,0.3185308654062022,0.9999999999993626,90,6,2026-04-09
CSCO/PAYC,CSCO,PAYC,balanced_plus,-5437.423292363888,-0.26321499616509164,0.3185308654062022,2.6528487661846844e-11,78,6,2026-04-09
TXT/YUM,TXT,YUM,high_turnover,290.8626188653036,0.024628446852979533,0.3177552428835982,0.06363914552900647,110,6,2026-04-09
HAS/PFE,HAS,PFE,high_turnover,-845.8893172117787,-0.0527690861713381,0.3177552428835982,0.0009463200272911268,108,6,2026-04-09
DLR/PRU,DLR,PRU,high_turnover,3525.589935028395,0.2323265648239069,0.3177552428835982,0.9875655305592582,110,6,2026-04-09
HRL/MKC,HRL,MKC,high_turnover,872.590344646107,0.06238869982383496,0.3177552428835982,0.22775090290034838,108,6,2026-04-09
PFG/YUM,PFG,YUM,high_turnover,1470.669244855225,0.12081851213048073,0.3177552428835982,0.7301721265794925,100,6,2026-04-09
CINF/FMC,CINF,FMC,high_turnover,20742.17412077474,0.8430053248714976,0.3177552428835982,0.9999999948325594,114,6,2026-04-09
FSLR/RSG,FSLR,RSG,high_turnover,34271.98581619213,1.1967457146284586,0.3177552428835982,0.9999996503704105,118,6,2026-04-09
AME/WMT,AME,WMT,high_turnover,-5362.802116509907,-0.4774625681039102,0.3177552428835982,1.2204930130661263e-20,114,6,2026-04-09
AON/GEN,AON,GEN,high_turnover,-5749.659413782886,-0.5050857664686994,0.3177552428835982,5.856723346138181e-28,94,6,2026-04-09
DXCM/UDR,DXCM,UDR,high_turnover,7673.0733290914,0.40479702447041216,0.3177552428835982,0.9999995683193332,96,6,2026-04-09
AON/MCK,AON,MCK,high_turnover,10176.30175464696,0.5404447313449673,0.3177552428835982,0.999991649652463,124,6,2026-04-09
CI/LVS,CI,LVS,high_turnover,-8264.874429316376,-0.4197175146866944,0.3177552428835982,2.542760631160989e-07,100,6,2026-04-09
DVN/YUM,DVN,YUM,high_turnover,-5722.277905224168,-0.313705109026604,0.3177552428835982,6.043063748387073e-08,96,6,2026-04-09
CHD/HON,CHD,HON,high_turnover,9358.216289148868,0.898133898080079,0.3177552428835982,0.9999999999999946,118,6,2026-04-09
CSCO/PAYC,CSCO,PAYC,high_turnover,-5113.731854984547,-0.3152228661136863,0.3177552428835982,6.695281053668123e-15,108,6,2026-04-09
TXT/YUM,TXT,YUM,high_leverage,-2486.738838546878,-0.16512111998252293,0.1842651693274935,1.0685438616496109e-08,76,6,2026-04-09
HAS/PFE,HAS,PFE,high_leverage,-18578.32936273233,-0.8193431302860849,0.1842651693274935,2.847440055566735e-13,60,6,2026-04-09
DLR/PRU,DLR,PRU,high_leverage,-4945.599986835476,-0.2872094572549307,0.1842651693274935,5.502272236834329e-13,60,6,2026-04-09
HRL/MKC,HRL,MKC,high_leverage,1317.974704014236,0.09125481447830812,0.1842651693274935,0.4765966840604211,58,6,2026-04-09
PFG/YUM,PFG,YUM,high_leverage,3407.911536049691,0.17749870126479358,0.1842651693274935,0.9235886453688752,70,6,2026-04-09
CINF/FMC,CINF,FMC,high_leverage,776.1364156564632,0.020744976404013668,0.1842651693274935,0.04377858656364452,68,6,2026-04-09
FSLR/RSG,FSLR,RSG,high_leverage,37751.8585967925,0.9021350416204837,0.1842651693274935,0.999996406940396,74,6,2026-04-09
AME/WMT,AME,WMT,high_leverage,-9572.498914193113,-0.5182216779122567,0.1842651693274935,1.8397887855558593e-20,64,6,2026-04-09
AON/GEN,AON,GEN,high_leverage,5966.886180541447,0.26593864059868894,0.1842651693274935,0.9987563138754373,62,6,2026-04-09
DXCM/UDR,DXCM,UDR,high_leverage,18435.85759009674,0.6112166382018219,0.1842651693274935,0.9999999999378154,64,6,2026-04-09
AON/MCK,AON,MCK,high_leverage,4151.790056472718,0.30909543873129597,0.1842651693274935,0.999982409675256,74,6,2026-04-09
CI/LVS,CI,LVS,high_leverage,13387.76467294679,0.37513556128504244,0.1842651693274935,0.9999999999286294,72,6,2026-04-09
DVN/YUM,DVN,YUM,high_leverage,-18101.47446862081,-0.9824378386724715,0.1842651693274935,4.639092652352826e-22,60,6,2026-04-09
CHD/HON,CHD,HON,high_leverage,19196.2533773092,1.4193301328617842,0.1842651693274935,0.999999999730047,66,6,2026-04-09
CSCO/PAYC,CSCO,PAYC,high_leverage,-2710.553093915636,-0.125950217012658,0.1842651693274935,1.6514733018367218e-06,76,6,2026-04-09
TXT/YUM,TXT,YUM,slow_signal,-7276.410560222048,-0.7811989650398666,0.032867392247588,4.788904581735282e-21,48,6,2026-04-09
HAS/PFE,HAS,PFE,slow_signal,5769.275669201335,0.41734626700096217,0.032867392247588,0.9999980957922312,50,6,2026-04-09
DLR/PRU,DLR,PRU,slow_signal,-7104.474898721432,-0.5952441635610222,0.032867392247588,1.360211177703022e-06,48,6,2026-04-09
HRL/MKC,HRL,MKC,slow_signal,6538.812716761801,0.9252071588154867,0.032867392247588,0.9999999996944063,38,6,2026-04-09
PFG/YUM,PFG,YUM,slow_signal,2771.159957015738,0.2257065124320701,0.032867392247588,0.9791161209443247,48,6,2026-04-09
CINF/FMC,CINF,FMC,slow_signal,4627.286813615169,0.2224432380706275,0.032867392247588,0.9996067553198331,62,6,2026-04-09
FSLR/RSG,FSLR,RSG,slow_signal,-4348.172926477293,-0.17789919710253554,0.032867392247588,3.5362132183118535e-13,60,6,2026-04-09
AME/WMT,AME,WMT,slow_signal,381.2842239040056,0.03505054675018261,0.032867392247588,0.1049686419785556,44,6,2026-04-09
AON/GEN,AON,GEN,slow_signal,6621.82281450528,0.579092319743916,0.032867392247588,0.9999999995875307,56,6,2026-04-09
DXCM/UDR,DXCM,UDR,slow_signal,5673.116944035621,0.3357653575535168,0.032867392247588,0.9999995608539676,62,6,2026-04-09
AON/MCK,AON,MCK,slow_signal,14722.66198274183,2.1690837901001623,0.032867392247588,0.9999999993838047,54,6,2026-04-09
CI/LVS,CI,LVS,slow_signal,-2775.595579986714,-0.13431501053274333,0.032867392247588,0.00013624617713577596,56,6,2026-04-09
DVN/YUM,DVN,YUM,slow_signal,-8404.512611586742,-0.9127824892165355,0.032867392247588,7.140052968320633e-24,46,6,2026-04-09
CHD/HON,CHD,HON,slow_signal,13767.61007025259,1.4604557308006891,0.032867392247588,0.9999999998791839,46,6,2026-04-09
CSCO/PAYC,CSCO,PAYC,slow_signal,3351.099033130286,0.2075586536542288,0.032867392247588,0.9925089689718427,48,6,2026-04-09
TXT/YUM,TXT,YUM,slow_reentry,1802.56983797092,0.20070943706393818,0.0009962116171315,0.9852520048060548,76,6,2026-04-09
HAS/PFE,HAS,PFE,slow_reentry,-13142.68442366247,-0.931068795457675,0.0009962116171315,8.29239155207999e-10,56,6,2026-04-09
DLR/PRU,DLR,PRU,slow_reentry,-1954.158634470443,-0.18074524773368936,0.0009962116171315,8.588050358697471e-09,52,6,2026-04-09
HRL/MKC,HRL,MKC,slow_reentry,-1233.05764908554,-0.137307508289869,0.0009962116171315,4.2260505325087345e-06,56,6,2026-04-09
PFG/YUM,PFG,YUM,slow_reentry,-1465.993011247116,-0.11650115447036563,0.0009962116171315,3.4654094533937566e-06,60,6,2026-04-09
CINF/FMC,CINF,FMC,slow_reentry,-1594.861020410363,-0.09227160966752397,0.0009962116171315,8.525676226759701e-05,54,6,2026-04-09
FSLR/RSG,FSLR,RSG,slow_reentry,12767.89946657354,0.4744691517084519,0.0009962116171315,0.9995181800628989,64,6,2026-04-09
AME/WMT,AME,WMT,slow_reentry,-5515.022491463563,-0.47713758876599205,0.0009962116171315,4.0282945087041487e-17,58,6,2026-04-09
AON/GEN,AON,GEN,slow_reentry,469.4254807850307,0.04823237895165621,0.0009962116171315,0.1650685296266411,54,6,2026-04-09
DXCM/UDR,DXCM,UDR,slow_reentry,6458.126134032832,0.42825649442555996,0.0009962116171315,0.9999816496542139,56,6,2026-04-09
AON/MCK,AON,MCK,slow_reentry,10884.00134809323,0.7405682271462285,0.0009962116171315,0.9991659010078804,70,6,2026-04-09
CI/LVS,CI,LVS,slow_reentry,3719.773209795474,0.24723059422799665,0.0009962116171315,0.9999984723611385,46,6,2026-04-09
DVN/YUM,DVN,YUM,slow_reentry,-6189.187655239057,-0.5389264682787305,0.0009962116171315,1.705167612856066e-15,52,6,2026-04-09
CHD/HON,CHD,HON,slow_reentry,12189.87459493947,1.3632637188253487,0.0009962116171315,0.9999999992220985,62,6,2026-04-09
CSCO/PAYC,CSCO,PAYC,slow_reentry,15169.84749470267,1.1721958170347124,0.0009962116171315,0.9999999999192957,66,6,2026-04-09
TXT/YUM,TXT,YUM,tight_stop,984.6750374689464,0.12302529932126703,-0.0556534810748915,0.7387267967932445,82,6,2026-04-09
HAS/PFE,HAS,PFE,tight_stop,813.2167152504226,0.05783090480372782,-0.0556534810748915,0.24581452326431985,78,6,2026-04-09
DLR/PRU,DLR,PRU,tight_stop,837.0329340432145,0.09166196503874981,-0.0556534810748915,0.4813702293861387,56,6,2026-04-09
HRL/MKC,HRL,MKC,tight_stop,-283.7252608595318,-0.03486224913874174,-0.0556534810748915,0.002777210282208561,56,6,2026-04-09
PFG/YUM,PFG,YUM,tight_stop,7358.710107108985,0.7016977575266563,-0.0556534810748915,0.9999999999579275,70,6,2026-04-09
CINF/FMC,CINF,FMC,tight_stop,-1007.358226261834,-0.05774551263249394,-0.0556534810748915,0.0006496121505950383,80,6,2026-04-09
FSLR/RSG,FSLR,RSG,tight_stop,4902.199489364566,0.18283274022049348,-0.0556534810748915,0.906703874723141,72,6,2026-04-09
AME/WMT,AME,WMT,tight_stop,-6483.977067250629,-0.6632988331695026,-0.0556534810748915,3.197335922944627e-16,72,6,2026-04-09
AON/GEN,AON,GEN,tight_stop,4418.324796647205,0.3727458128113534,-0.0556534810748915,0.9999980468976756,74,6,2026-04-09
DXCM/UDR,DXCM,UDR,tight_stop,12945.78513683633,0.7458700353940596,-0.0556534810748915,0.9999999984389958,68,6,2026-04-09
AON/MCK,AON,MCK,tight_stop,4474.485752648864,0.47909364851585146,-0.0556534810748915,0.9999999998968154,72,6,2026-04-09
CI/LVS,CI,LVS,tight_stop,2.306021277160653,0.00013278390786101356,-0.0556534810748915,0.01807049659769869,76,6,2026-04-09
DVN/YUM,DVN,YUM,tight_stop,-16260.06094135725,-1.4261225314896444,-0.0556534810748915,2.0184754208235082e-21,62,6,2026-04-09
CHD/HON,CHD,HON,tight_stop,11272.38261949337,1.310564862616853,-0.0556534810748915,0.999999994246311,62,6,2026-04-09
CSCO/PAYC,CSCO,PAYC,tight_stop,5151.261888224417,0.4220922658494422,-0.0556534810748915,0.999999744534387,68,6,2026-04-09
TXT/YUM,TXT,YUM,quick_exit,3059.926764496986,0.3878907663097831,-0.0581756105433465,0.9999999234408726,80,6,2026-04-09
HAS/PFE,HAS,PFE,quick_exit,910.6642774657576,0.06475241887555834,-0.0581756105433465,0.29256366398184774,78,6,2026-04-09
DLR/PRU,DLR,PRU,quick_exit,3035.431159189621,0.32771056644118995,-0.0581756105433465,0.9998392627209469,58,6,2026-04-09
HRL/MKC,HRL,MKC,quick_exit,-729.1694301581792,-0.09078177613710413,-0.0581756105433465,0.00013391885178191712,54,6,2026-04-09
PFG/YUM,PFG,YUM,quick_exit,7268.985827379417,0.6949480664469735,-0.0581756105433465,0.999999999957656,70,6,2026-04-09
CINF/FMC,CINF,FMC,quick_exit,-5392.914113887182,-0.33268634182406226,-0.0581756105433465,3.012407342259972e-10,80,6,2026-04-09
FSLR/RSG,FSLR,RSG,quick_exit,6392.223176215884,0.23815885212505936,-0.0581756105433465,0.9726833399658883,72,6,2026-04-09
AME/WMT,AME,WMT,quick_exit,-6661.775296030397,-0.6824348689655733,-0.0581756105433465,4.491683931668513e-16,72,6,2026-04-09
AON/GEN,AON,GEN,quick_exit,6690.4551301556,0.546110926928376,-0.0581756105433465,0.9999999987596084,74,6,2026-04-09
DXCM/UDR,DXCM,UDR,quick_exit,11456.82063817617,0.6474573133922502,-0.0581756105433465,0.99999999824575,72,6,2026-04-09
AON/MCK,AON,MCK,quick_exit,5216.570782093215,0.5503996086945718,-0.0581756105433465,0.9999999999968319,70,6,2026-04-09
CI/LVS,CI,LVS,quick_exit,-3341.704565389142,-0.20689893556938652,-0.0581756105433465,1.8409131535767909e-06,76,6,2026-04-09
DVN/YUM,DVN,YUM,quick_exit,-18889.45757380221,-1.7429155383727861,-0.0581756105433465,1.9281556141221962e-23,62,6,2026-04-09
CHD/HON,CHD,HON,quick_exit,13565.91320813987,1.4615444282343129,-0.0581756105433465,0.9999999998954279,64,6,2026-04-09
CSCO/PAYC,CSCO,PAYC,quick_exit,6344.160389454577,0.501321565745648,-0.0581756105433465,0.9999999862550031,68,6,2026-04-09
TXT/YUM,TXT,YUM,default,-292.0525528086355,-0.03194358204797137,-0.0660957612645395,0.0023151471211607347,78,6,2026-04-09
HAS/PFE,HAS,PFE,default,-13115.27293218239,-0.8645058512287047,-0.0660957612645395,1.392671166370411e-13,70,6,2026-04-09
DLR/PRU,DLR,PRU,default,-3984.490729850087,-0.35191405127619296,-0.0660957612645395,9.875837788092654e-15,60,6,2026-04-09
HRL/MKC,HRL,MKC,default,-254.3628602504759,-0.02828642043060709,-0.0660957612645395,0.0037326719528864424,58,6,2026-04-09
PFG/YUM,PFG,YUM,default,2485.274343450208,0.19540029899195374,-0.0660957612645395,0.9535752288619871,70,6,2026-04-09
CINF/FMC,CINF,FMC,default,11196.17925871911,0.46804478482983114,-0.0660957612645395,0.9999999985129245,74,6,2026-04-09
FSLR/RSG,FSLR,RSG,default,17345.28722649931,0.6154986751260227,-0.0660957612645395,0.9999710768084562,70,6,2026-04-09
AME/WMT,AME,WMT,default,-8420.040570741123,-0.7098895307715218,-0.0660957612645395,6.071643803128572e-19,64,6,2026-04-09
AON/GEN,AON,GEN,default,4761.933547451637,0.3783766159786665,-0.0660957612645395,0.9999981008945783,66,6,2026-04-09
DXCM/UDR,DXCM,UDR,default,11431.72215959742,0.5835821573280804,-0.0660957612645395,0.9999999997138415,70,6,2026-04-09
AON/MCK,AON,MCK,default,2727.541197737885,0.30952928562460985,-0.0660957612645395,0.9999830743634103,74,6,2026-04-09
CI/LVS,CI,LVS,default,577.5054906420537,0.031238697435486542,-0.0660957612645395,0.07297653973022464,72,6,2026-04-09
DVN/YUM,DVN,YUM,default,-13647.41901842494,-1.186676073235227,-0.0660957612645395,7.83514725150323e-21,58,6,2026-04-09
CHD/HON,CHD,HON,default,12569.37058500045,1.4075401113983823,-0.0660957612645395,0.9999999994498385,66,6,2026-04-09
CSCO/PAYC,CSCO,PAYC,default,4163.158812976597,0.311041636889929,-0.0660957612645395,0.9999909206604956,74,6,2026-04-09
TXT/YUM,TXT,YUM,high_vol_specialist,-3534.777846786327,-0.3006130960333727,-0.1790472780598151,1.1221272141989113e-11,48,6,2026-04-09
HAS/PFE,HAS,PFE,high_vol_specialist,13036.73759723716,0.9184513224869951,-0.1790472780598151,0.9999999999999999,56,6,2026-04-09
DLR/PRU,DLR,PRU,high_vol_specialist,-6758.020051037731,-0.6996280676125537,-0.1790472780598151,2.510043757712169e-19,40,6,2026-04-09
HRL/MKC,HRL,MKC,high_vol_specialist,6732.64151841373,0.8273999443429182,-0.1790472780598151,0.9999999999999626,44,6,2026-04-09
PFG/YUM,PFG,YUM,high_vol_specialist,9424.062476668205,0.7917172734245096,-0.1790472780598151,0.9999999999999968,46,6,2026-04-09
CINF/FMC,CINF,FMC,high_vol_specialist,-11062.34026202041,-0.5715542225951773,-0.1790472780598151,1.2778913997980287e-18,56,6,2026-04-09
FSLR/RSG,FSLR,RSG,high_vol_specialist,-6313.861382559574,-0.2560077405679557,-0.1790472780598151,2.0531324500755464e-14,60,6,2026-04-09
AME/WMT,AME,WMT,high_vol_specialist,-7228.068294716571,-0.6075837558655507,-0.1790472780598151,4.689981111875383e-20,48,6,2026-04-09
AON/GEN,AON,GEN,high_vol_specialist,7118.430085742522,0.5352418934554466,-0.1790472780598151,0.9999994500473437,48,6,2026-04-09
DXCM/UDR,DXCM,UDR,high_vol_specialist,8454.294935680391,0.4516712648986439,-0.1790472780598151,0.9999994226754115,56,6,2026-04-09
AON/MCK,AON,MCK,high_vol_specialist,19029.70115945618,2.410860280465723,-0.1790472780598151,0.9999999999999849,60,6,2026-04-09
CI/LVS,CI,LVS,high_vol_specialist,-2420.736431863756,-0.10144384393489272,-0.1790472780598151,0.0001096826395499247,62,6,2026-04-09
DVN/YUM,DVN,YUM,high_vol_specialist,-18053.40277635744,-1.6545189887317522,-0.1790472780598151,1.1287128635194754e-35,50,6,2026-04-09
CHD/HON,CHD,HON,high_vol_specialist,14004.56545367758,1.4782972418812839,-0.1790472780598151,0.9999999999101347,58,6,2026-04-09
CSCO/PAYC,CSCO,PAYC,high_vol_specialist,-2184.175086845389,-0.166208128573229,-0.1790472780598151,7.337201927418329e-07,44,6,2026-04-09
TXT/YUM,TXT,YUM,patient_hold,-6318.33061971646,-0.6993694058088535,-0.2121499787429341,2.860844401632238e-25,50,6,2026-04-09
HAS/PFE,HAS,PFE,patient_hold,605.9614557246305,0.04533243899842433,-0.2121499787429341,0.17577416550567732,44,6,2026-04-09
DLR/PRU,DLR,PRU,patient_hold,-2721.531966731907,-0.31817794444513203,-0.2121499787429341,1.3575472824037937e-10,48,6,2026-04-09
HRL/MKC,HRL,MKC,patient_hold,-889.4137458256737,-0.12920708255255106,-0.2121499787429341,5.661622161174412e-06,38,6,2026-04-09
PFG/YUM,PFG,YUM,patient_hold,10037.5546394194,1.0303340609727878,-0.2121499787429341,0.9999999994301861,48,6,2026-04-09
CINF/FMC,CINF,FMC,patient_hold,24722.39675863594,0.6747889072185965,-0.2121499787429341,0.9981868181996097,44,6,2026-04-09
FSLR/RSG,FSLR,RSG,patient_hold,-11090.68411440467,-0.5381881115473672,-0.2121499787429341,3.2932371831962643e-07,40,6,2026-04-09
AME/WMT,AME,WMT,patient_hold,-1128.851658884018,-0.10751849617130327,-0.2121499787429341,2.5664392871213976e-06,50,6,2026-04-09
AON/GEN,AON,GEN,patient_hold,-1454.649231496505,-0.14377514635128485,-0.2121499787429341,1.0375164841925985e-11,42,6,2026-04-09
DXCM/UDR,DXCM,UDR,patient_hold,9508.092150926865,0.6595575092858863,-0.2121499787429341,0.9999999999998077,44,6,2026-04-09
AON/MCK,AON,MCK,patient_hold,8944.535069091979,1.3942387058219066,-0.2121499787429341,0.9999999980599081,62,6,2026-04-09
CI/LVS,CI,LVS,patient_hold,-8353.07883672461,-0.47064877632595087,-0.2121499787429341,1.8156152663504626e-09,42,6,2026-04-09
DVN/YUM,DVN,YUM,patient_hold,-13552.80733470782,-1.44088860776761,-0.2121499787429341,1.0505575950919578e-20,38,6,2026-04-09
CHD/HON,CHD,HON,patient_hold,12359.36372997363,1.3446099946816297,-0.2121499787429341,0.999999999349701,46,6,2026-04-09
CSCO/PAYC,CSCO,PAYC,patient_hold,-1699.648662965039,-0.09194156321857296,-0.2121499787429341,1.161139950241119e-09,42,6,2026-04-09
TXT/YUM,TXT,YUM,conservative_no_leverage,-3005.457027127824,-0.6523115510962231,-0.3935094639346823,3.3464471622770605e-22,52,6,2026-04-09
HAS/PFE,HAS,PFE,conservative_no_leverage,3358.421592052004,0.39878373986154514,-0.3935094639346823,0.9995599882849303,48,6,2026-04-09
DLR/PRU,DLR,PRU,conservative_no_leverage,-3315.086572860039,-0.7300859064772836,-0.3935094639346823,6.658240338996287e-18,48,6,2026-04-09
HRL/MKC,HRL,MKC,conservative_no_leverage,1995.683562017823,0.6299144962690294,-0.3935094639346823,0.9999999999999996,32,6,2026-04-09
PFG/YUM,PFG,YUM,conservative_no_leverage,1265.20705503175,0.26572459696729933,-0.3935094639346823,0.9999991154884398,38,6,2026-04-09
CINF/FMC,CINF,FMC,conservative_no_leverage,4023.237800624018,0.22583477358240966,-0.3935094639346823,0.9943836029314239,46,6,2026-04-09
FSLR/RSG,FSLR,RSG,conservative_no_leverage,-6310.019727605628,-0.5405449909179606,-0.3935094639346823,8.147533650801609e-08,36,6,2026-04-09
AME/WMT,AME,WMT,conservative_no_leverage,1671.470053407592,0.3356607149191038,-0.3935094639346823,0.9994840762155925,44,6,2026-04-09
AON/GEN,AON,GEN,conservative_no_leverage,6055.495288999211,0.9530632469457095,-0.3935094639346823,0.9999999682067501,48,6,2026-04-09
DXCM/UDR,DXCM,UDR,conservative_no_leverage,7121.868212732876,0.9761188903498375,-0.3935094639346823,1.0,44,6,2026-04-09
AON/MCK,AON,MCK,conservative_no_leverage,5712.013548147612,1.8911660605281426,-0.3935094639346823,0.999999997192623,56,6,2026-04-09
CI/LVS,CI,LVS,conservative_no_leverage,-504.2933764615379,-0.052064313829383355,-0.3935094639346823,0.0012053994842659422,40,6,2026-04-09
DVN/YUM,DVN,YUM,conservative_no_leverage,-6664.951711016923,-1.5235705096964214,-0.3935094639346823,3.4485180365868935e-20,26,6,2026-04-09
CHD/HON,CHD,HON,conservative_no_leverage,5983.849281463446,1.3846671049388484,-0.3935094639346823,0.999999979995185,40,6,2026-04-09
CSCO/PAYC,CSCO,PAYC,conservative_no_leverage,4484.745595422435,0.7645946669258264,-0.3935094639346823,0.9999999728653927,48,6,2026-04-09
TXT/YUM,TXT,YUM,short_z_long_v,-7765.878372649669,-0.7176548147252919,-0.4318575494204608,3.266275525338231e-25,74,6,2026-04-09
HAS/PFE,HAS,PFE,short_z_long_v,-1340.439418898751,-0.09063991946810973,-0.4318575494204608,0.00014803815446657134,68,6,2026-04-09
DLR/PRU,DLR,PRU,short_z_long_v,-4858.59054397012,-0.3872765279991898,-0.4318575494204608,6.922480636941607e-08,70,6,2026-04-09
HRL/MKC,HRL,MKC,short_z_long_v,-2579.639409997857,-0.3013826077628455,-0.4318575494204608,3.750458112698589e-16,60,6,2026-04-09
PFG/YUM,PFG,YUM,short_z_long_v,-2493.55631505998,-0.20468565330308444,-0.4318575494204608,4.3023799936072006e-08,70,6,2026-04-09
CINF/FMC,CINF,FMC,short_z_long_v,3580.503845771338,0.18448496997903813,-0.4318575494204608,0.9831861091106945,76,6,2026-04-09
FSLR/RSG,FSLR,RSG,short_z_long_v,21949.22880816809,0.8299246174522734,-0.4318575494204608,0.9999788798410143,84,6,2026-04-09
AME/WMT,AME,WMT,short_z_long_v,-14799.11789292756,-1.3365622100749326,-0.4318575494204608,5.258208894565634e-15,60,6,2026-04-09
AON/GEN,AON,GEN,short_z_long_v,8262.767388586131,0.7140401691311802,-0.4318575494204608,0.9999999999969559,80,6,2026-04-09
DXCM/UDR,DXCM,UDR,short_z_long_v,14596.3596288202,0.8509270377692215,-0.4318575494204608,0.9999999999999997,78,6,2026-04-09
AON/MCK,AON,MCK,short_z_long_v,11295.08224565974,1.354526961355731,-0.4318575494204608,1.0,90,6,2026-04-09
CI/LVS,CI,LVS,short_z_long_v,-5386.073355022489,-0.26375543057427736,-0.4318575494204608,5.7154681171393835e-06,80,6,2026-04-09
DVN/YUM,DVN,YUM,short_z_long_v,-13349.44014841943,-1.1056843443531852,-0.4318575494204608,6.74943229200773e-31,78,6,2026-04-09
CHD/HON,CHD,HON,short_z_long_v,8307.03859549458,0.963228743490743,-0.4318575494204608,0.9999999996283759,82,6,2026-04-09
CSCO/PAYC,CSCO,PAYC,short_z_long_v,-12594.5225240605,-0.6314260345083408,-0.4318575494204608,1.0069823052766248e-06,58,6,2026-04-09
TXT/YUM,TXT,YUM,no_leverage,-159.3133047718015,-0.03469501699415856,-0.6025192657704107,0.0018960261938106209,78,6,2026-04-09
HAS/PFE,HAS,PFE,no_leverage,-6550.253888328803,-0.8606433542813099,-0.6025192657704107,1.6456005466877586e-13,70,6,2026-04-09
DLR/PRU,DLR,PRU,no_leverage,-2025.393351820979,-0.35694009822146605,-0.6025192657704107,4.959405615177968e-15,60,6,2026-04-09
HRL/MKC,HRL,MKC,no_leverage,-143.6731828919428,-0.03206300144278171,-0.6025192657704107,0.0029702154951822286,58,6,2026-04-09
PFG/YUM,PFG,YUM,no_leverage,1322.423916775181,0.20715112251686796,-0.6025192657704107,0.9672027943298669,70,6,2026-04-09
CINF/FMC,CINF,FMC,no_leverage,5637.59831416713,0.4714185516892941,-0.6025192657704107,0.9999999984759224,74,6,2026-04-09
FSLR/RSG,FSLR,RSG,no_leverage,8640.763529329657,0.6115059799905428,-0.6025192657704107,0.9999640494964135,70,6,2026-04-09
AME/WMT,AME,WMT,no_leverage,-4179.917833070811,-0.7060748785485526,-0.6025192657704107,3.8793683832798653e-19,64,6,2026-04-09
AON/GEN,AON,GEN,no_leverage,2417.839806056966,0.38406353931059534,-0.6025192657704107,0.9999985912179794,66,6,2026-04-09
DXCM/UDR,DXCM,UDR,no_leverage,5669.700551005598,0.5766229188427178,-0.6025192657704107,0.9999999995525689,70,6,2026-04-09
AON/MCK,AON,MCK,no_leverage,1387.024277292169,0.31594547311530885,-0.6025192657704107,0.9999880788389767,74,6,2026-04-09
CI/LVS,CI,LVS,no_leverage,330.1870658087128,0.035523163330391724,-0.6025192657704107,0.0866964023665927,72,6,2026-04-09
DVN/YUM,DVN,YUM,no_leverage,-6831.835512210172,-1.1844667633165322,-0.6025192657704107,6.2086311628506935e-21,58,6,2026-04-09
CHD/HON,CHD,HON,no_leverage,6293.49052582365,1.4053182170068568,-0.6025192657704107,0.9999999990523518,66,6,2026-04-09
CSCO/PAYC,CSCO,PAYC,no_leverage,2094.874666188064,0.3122070103645904,-0.6025192657704107,0.9999914271368157,74,6,2026-04-09
TXT/YUM,TXT,YUM,deep_dislocation,-508.7118355843813,-0.04473975613191386,-0.6193971903586177,0.001153567763796348,30,6,2026-04-09
HAS/PFE,HAS,PFE,deep_dislocation,16946.45141969189,1.1970096647223647,-0.6193971903586177,0.9999999734041439,34,6,2026-04-09
DLR/PRU,DLR,PRU,deep_dislocation,-434.1891283170062,-0.035536026656032484,-0.6193971903586177,0.0023997938648691623,38,6,2026-04-09
HRL/MKC,HRL,MKC,deep_dislocation,8145.892283345844,0.8401026371876031,-0.6193971903586177,0.9999999691170198,26,6,2026-04-09
PFG/YUM,PFG,YUM,deep_dislocation,7317.46776777138,0.6098828532780125,-0.6193971903586177,0.9999999675118285,32,6,2026-04-09
CINF/FMC,CINF,FMC,deep_dislocation,-41115.46970798722,-1.8720725394032431,-0.6193971903586177,1.2792376458439444e-38,58,6,2026-04-09
FSLR/RSG,FSLR,RSG,deep_dislocation,-7054.137174786824,-0.20419348974104126,-0.6193971903586177,5.078148143843405e-14,38,6,2026-04-09
AME/WMT,AME,WMT,deep_dislocation,8229.997479591817,0.6650671019417908,-0.6193971903586177,0.9999999993035897,28,6,2026-04-09
AON/GEN,AON,GEN,deep_dislocation,-10683.60194583513,-0.6697428274359848,-0.6193971903586177,2.9130382886381152e-18,36,6,2026-04-09
DXCM/UDR,DXCM,UDR,deep_dislocation,6558.309253624881,0.3293847563984267,-0.6193971903586177,0.9981909026082817,30,6,2026-04-09
AON/MCK,AON,MCK,deep_dislocation,6847.185957727538,0.7371061748181855,-0.6193971903586177,0.999999820713917,30,6,2026-04-09
CI/LVS,CI,LVS,deep_dislocation,-6282.36026590214,-0.3015606639135885,-0.6193971903586177,3.676871378977936e-14,26,6,2026-04-09
DVN/YUM,DVN,YUM,deep_dislocation,-17121.5959206731,-1.2557739324959196,-0.6193971903586177,3.319104887272506e-17,26,6,2026-04-09
CHD/HON,CHD,HON,deep_dislocation,14633.58713649309,1.2398991604507619,-0.6193971903586177,0.9999973221086617,26,6,2026-04-09
CSCO/PAYC,CSCO,PAYC,deep_dislocation,2236.87616160331,0.1323663436456087,-0.6193971903586177,0.8430119135716463,32,6,2026-04-09
TXT/YUM,TXT,YUM,high_entry,-1965.984107865114,-0.317359848338311,-0.622528388173032,1.259270623688859e-12,30,6,2026-04-09
HAS/PFE,HAS,PFE,high_entry,13459.77746997068,1.434366932999637,-0.622528388173032,0.9999999803273999,40,6,2026-04-09
DLR/PRU,DLR,PRU,high_entry,-6105.757713153127,-0.798433851515996,-0.622528388173032,2.8946491307656506e-09,30,6,2026-04-09
HRL/MKC,HRL,MKC,high_entry,1961.625924640928,0.37425167294926337,-0.622528388173032,0.9968813730279635,26,6,2026-04-09
PFG/YUM,PFG,YUM,high_entry,3517.272140761764,0.4322570483560939,-0.622528388173032,0.999999906673206,34,6,2026-04-09
CINF/FMC,CINF,FMC,high_entry,-18563.55218759174,-1.384105854652675,-0.622528388173032,1.371866057335882e-17,50,6,2026-04-09
FSLR/RSG,FSLR,RSG,high_entry,-972.684010888137,-0.04280950495990832,-0.622528388173032,0.00021863460222227129,36,6,2026-04-09
AME/WMT,AME,WMT,high_entry,-3822.208520441238,-0.696541321473428,-0.622528388173032,4.306861655402759e-10,24,6,2026-04-09
AON/GEN,AON,GEN,high_entry,4959.020384739374,0.5135012080467646,-0.622528388173032,0.9999999335346486,42,6,2026-04-09
DXCM/UDR,DXCM,UDR,high_entry,-5180.664403080087,-0.8770837619230831,-0.622528388173032,2.6836807713304338e-15,28,6,2026-04-09
AON/MCK,AON,MCK,high_entry,11260.66867700887,0.8574629254080119,-0.622528388173032,0.995021291092111,38,6,2026-04-09
CI/LVS,CI,LVS,high_entry,8943.735575228216,0.6186475784245237,-0.622528388173032,0.9999999836141065,40,6,2026-04-09
DVN/YUM,DVN,YUM,high_entry,-7377.27320779593,-0.9648795342261335,-0.622528388173032,2.8956704311670846e-08,20,6,2026-04-09
CHD/HON,CHD,HON,high_entry,8527.478432207838,1.186684279150525,-0.622528388173032,0.999970267861744,34,6,2026-04-09
CSCO/PAYC,CSCO,PAYC,high_entry,-3514.332590085066,-0.29205108455089485,-0.622528388173032,2.2289200998367745e-07,32,6,2026-04-09
TXT/YUM,TXT,YUM,symmetric_exit,3185.014319522645,0.40881134487756104,-0.6680265533415872,0.9999998976085578,54,6,2026-04-09
HAS/PFE,HAS,PFE,symmetric_exit,-7841.191521775629,-0.5556421172809785,-0.6680265533415872,6.4058534777595e-13,56,6,2026-04-09
DLR/PRU,DLR,PRU,symmetric_exit,-4482.725461859287,-0.5555794387847213,-0.6680265533415872,1.8943400900738054e-10,46,6,2026-04-09
HRL/MKC,HRL,MKC,symmetric_exit,-1647.854125565988,-0.2237867130026805,-0.6680265533415872,2.519575444585366e-07,42,6,2026-04-09
PFG/YUM,PFG,YUM,symmetric_exit,-3565.819824279419,-0.3344194833033505,-0.6680265533415872,1.363355435979441e-09,54,6,2026-04-09
CINF/FMC,CINF,FMC,symmetric_exit,-9831.893273359743,-0.5040442452940148,-0.6680265533415872,4.4558548516291066e-05,62,6,2026-04-09
FSLR/RSG,FSLR,RSG,symmetric_exit,13413.48554663491,0.5288268734016299,-0.6680265533415872,0.9992077936531489,52,6,2026-04-09
AME/WMT,AME,WMT,symmetric_exit,-5461.588562416046,-0.5514203634127436,-0.6680265533415872,1.8692094349394943e-15,48,6,2026-04-09
AON/GEN,AON,GEN,symmetric_exit,-451.0051472240921,-0.039738500853681726,-0.6680265533415872,0.001931174012406492,60,6,2026-04-09
DXCM/UDR,DXCM,UDR,symmetric_exit,9470.660281799686,0.780315055119702,-0.6680265533415872,0.9999999999998,56,6,2026-04-09
AON/MCK,AON,MCK,symmetric_exit,12219.79977936796,0.9006203422910068,-0.6680265533415872,0.9979818674989819,64,6,2026-04-09
CI/LVS,CI,LVS,symmetric_exit,1821.220745262042,0.11047261664950449,-0.6680265533415872,0.66774293875415,56,6,2026-04-09
DVN/YUM,DVN,YUM,symmetric_exit,-19433.5590130595,-2.3231549606190907,-0.6680265533415872,1.671583530170628e-17,44,6,2026-04-09
CHD/HON,CHD,HON,symmetric_exit,10827.64877983156,1.4706983301276821,-0.6680265533415872,0.999994013481376,48,6,2026-04-09
CSCO/PAYC,CSCO,PAYC,symmetric_exit,-4552.294579964018,-0.36788422850856317,-0.6680265533415872,1.915355799865939e-08,52,6,2026-04-09
TXT/YUM,TXT,YUM,deep_entry_quick_exit,-644.9518950584566,-0.09988493644052543,-1.249351230688228,8.982272439657446e-06,30,6,2026-04-09
HAS/PFE,HAS,PFE,deep_entry_quick_exit,13499.70086922053,1.5387370492447887,-1.249351230688228,0.9999998591438686,36,6,2026-04-09
DLR/PRU,DLR,PRU,deep_entry_quick_exit,-5249.461427120476,-0.6837244325098362,-1.249351230688228,1.279564238085711e-09,34,6,2026-04-09
HRL/MKC,HRL,MKC,deep_entry_quick_exit,395.1618647957532,0.06871693624791154,-1.249351230688228,0.304023097136887,26,6,2026-04-09
PFG/YUM,PFG,YUM,deep_entry_quick_exit,3447.35743838939,0.4216266880172674,-1.249351230688228,0.9999999117972022,34,6,2026-04-09
CINF/FMC,CINF,FMC,deep_entry_quick_exit,-28536.70447533155,-2.6417971040685506,-1.249351230688228,4.95699802432081e-22,46,6,2026-04-09
FSLR/RSG,FSLR,RSG,deep_entry_quick_exit,-8238.200559968449,-0.3620929537279246,-1.249351230688228,1.0264969599090414e-10,38,6,2026-04-09
AME/WMT,AME,WMT,deep_entry_quick_exit,2484.120598879934,0.34290214171282885,-1.249351230688228,0.9998406536356131,28,6,2026-04-09
AON/GEN,AON,GEN,deep_entry_quick_exit,5424.984710119337,0.47526202991180017,-1.249351230688228,0.9999986170988593,34,6,2026-04-09
DXCM/UDR,DXCM,UDR,deep_entry_quick_exit,1696.92182456926,0.15072012751757205,-1.249351230688228,0.9668757255287697,30,6,2026-04-09
AON/MCK,AON,MCK,deep_entry_quick_exit,7404.344433317374,1.062100583488844,-1.249351230688228,0.9999999972397817,30,6,2026-04-09
CI/LVS,CI,LVS,deep_entry_quick_exit,-11367.98905949298,-1.2226851886494592,-1.249351230688228,3.2710920572715127e-16,28,6,2026-04-09
DVN/YUM,DVN,YUM,deep_entry_quick_exit,-9246.378850515976,-1.358141581589377,-1.249351230688228,2.3908023212071778e-11,24,6,2026-04-09
CHD/HON,CHD,HON,deep_entry_quick_exit,11126.98615139006,1.3782383466833572,-1.249351230688228,0.9999992734875965,26,6,2026-04-09
CSCO/PAYC,CSCO,PAYC,deep_entry_quick_exit,-3052.405650627354,-0.25875729318175017,-1.249351230688228,3.5200943993739354e-07,34,6,2026-04-09
TXT/YUM,TXT,YUM,conservative,725.3920490371336,0.26758092027875796,-1.6853280910729551,0.999474550577023,32,6,2026-04-09
HAS/PFE,HAS,PFE,conservative,6797.847183033076,1.4838583826659169,-1.6853280910729551,0.9999999611501592,42,6,2026-04-09
DLR/PRU,DLR,PRU,conservative,-1482.289691427303,-0.5129985993886818,-1.6853280910729551,1.4076308984580845e-05,30,6,2026-04-09
HRL/MKC,HRL,MKC,conservative,-410.4050954349,-0.15593240374731454,-1.6853280910729551,6.993118446669144e-08,26,6,2026-04-09
PFG/YUM,PFG,YUM,conservative,2550.487124538517,0.7136889470044705,-1.6853280910729551,0.9999839202574841,24,6,2026-04-09
CINF/FMC,CINF,FMC,conservative,-7868.144518613679,-1.6029679971913278,-1.6853280910729551,1.303402665261818e-15,44,6,2026-04-09
FSLR/RSG,FSLR,RSG,conservative,-6550.319869866675,-0.6399370336301465,-1.6853280910729551,5.366334093311658e-06,32,6,2026-04-09
AME/WMT,AME,WMT,conservative,3935.36288572609,1.2306281454563397,-1.6853280910729551,0.9999999994610306,34,6,2026-04-09
AON/GEN,AON,GEN,conservative,2302.995510288095,0.7844064513386174,-1.6853280910729551,0.9999997726078846,36,6,2026-04-09
DXCM/UDR,DXCM,UDR,conservative,1225.064269802614,0.33879789517421977,-1.6853280910729551,0.9999473928211923,26,6,2026-04-09
AON/MCK,AON,MCK,conservative,4593.514706511683,1.8034275309598888,-1.6853280910729551,0.9999959542865571,36,6,2026-04-09
CI/LVS,CI,LVS,conservative,-4408.060831581663,-0.891303270332601,-1.6853280910729551,7.095314917269921e-13,30,6,2026-04-09
DVN/YUM,DVN,YUM,conservative,-5966.188440011448,-1.713180335545931,-1.6853280910729551,3.1912909116102905e-10,28,6,2026-04-09
CHD/HON,CHD,HON,conservative,6576.118562143594,1.5704528250504257,-1.6853280910729551,0.9999997040959533,36,6,2026-04-09
CSCO/PAYC,CSCO,PAYC,conservative,-2002.588790034299,-0.22295987251407082,-1.6853280910729551,5.6221925527018415e-09,34,6,2026-04-09
