pair_key,s1,s2,param_set,pair_pnl,pair_sharpe,run_sharpe,dsr_pvalue,n_trades,window_idx,train_end
HAS/YUM,HAS,YUM,stable_signal_quick_exit,18680.92844620282,2.133294176062429,0.5426817697794097,0.9999999608542522,40,1,2025-11-04
CSCO/PAYC,CSCO,PAYC,stable_signal_quick_exit,7410.94901707324,0.7300858415685111,0.5426817697794097,0.9999995886436165,52,1,2025-11-04
TXT/YUM,TXT,YUM,stable_signal_quick_exit,5881.044073965798,0.8245089422337422,0.5426817697794097,0.9999999999999302,38,1,2025-11-04
EXR/WY,EXR,WY,stable_signal_quick_exit,827.2344518608506,0.12682581848266913,0.5426817697794097,0.6462765312896371,38,1,2025-11-04
ATO/PCG,ATO,PCG,stable_signal_quick_exit,-1678.343063300668,-0.26100082478682074,0.5426817697794097,2.2246984065920684e-15,30,1,2025-11-04
BIIB/HCA,BIIB,HCA,stable_signal_quick_exit,4677.333297421047,0.5293808147335538,0.5426817697794097,0.9999999991131223,44,1,2025-11-04
CDNS/PTC,CDNS,PTC,stable_signal_quick_exit,-2857.41000000004,-0.3211397157779118,0.5426817697794097,4.969239682781613e-07,42,1,2025-11-04
EVRG/PCG,EVRG,PCG,stable_signal_quick_exit,-6339.926656068896,-0.9018943281440537,0.5426817697794097,3.548163547364996e-14,32,1,2025-11-04
RTX/SNA,RTX,SNA,stable_signal_quick_exit,5076.644296492283,0.9717156076353866,0.5426817697794097,0.9999999999997989,36,1,2025-11-04
MSCI/PRU,MSCI,PRU,stable_signal_quick_exit,13877.08103669327,1.6183090202620558,0.5426817697794097,0.9997308701290875,32,1,2025-11-04
AKAM/KEYS,AKAM,KEYS,stable_signal_quick_exit,6794.310000000012,0.5878655301939807,0.5426817697794097,0.9938234977369775,38,1,2025-11-04
CINF/FMC,CINF,FMC,stable_signal_quick_exit,-6511.128933025758,-0.728790724679514,0.5426817697794097,3.2743592989216916e-18,34,1,2025-11-04
AON/KKR,AON,KKR,stable_signal_quick_exit,793.5295888513476,0.08136375077414616,0.5426817697794097,0.2904640376980684,38,1,2025-11-04
BSX/WMB,BSX,WMB,stable_signal_quick_exit,-3688.613851937057,-0.44856090169067875,0.5426817697794097,5.566162549390204e-13,38,1,2025-11-04
MSCI/SCHW,MSCI,SCHW,stable_signal_quick_exit,2253.662009915734,0.3340399429691381,0.5426817697794097,0.9999923933073992,32,1,2025-11-04
HAS/YUM,HAS,YUM,vol_agnostic,8479.949219025044,0.583174240302708,0.3767983090522133,0.9999991576887958,74,1,2025-11-04
CSCO/PAYC,CSCO,PAYC,vol_agnostic,7985.289200959507,0.6968135499927901,0.3767983090522133,0.9999999988178434,74,1,2025-11-04
TXT/YUM,TXT,YUM,vol_agnostic,-4557.872129946711,-0.4472517025839203,0.3767983090522133,2.5433647276788208e-17,66,1,2025-11-04
EXR/WY,EXR,WY,vol_agnostic,11849.34925441183,1.0980669512143462,0.3767983090522133,1.0,66,1,2025-11-04
ATO/PCG,ATO,PCG,vol_agnostic,-8283.363962497751,-0.7157938775369995,0.3767983090522133,1.6396983613381077e-27,56,1,2025-11-04
BIIB/HCA,BIIB,HCA,vol_agnostic,12986.11902187105,1.0450660211586373,0.3767983090522133,1.0,86,1,2025-11-04
CDNS/PTC,CDNS,PTC,vol_agnostic,-427.4500000000188,-0.04488441623866366,0.3767983090522133,0.002403765863109329,48,1,2025-11-04
EVRG/PCG,EVRG,PCG,vol_agnostic,-26528.60601112996,-2.0981030296568406,0.3767983090522133,3.4441790264244307e-20,58,1,2025-11-04
RTX/SNA,RTX,SNA,vol_agnostic,7366.660632054184,0.6710418419740296,0.3767983090522133,0.9999924053239914,68,1,2025-11-04
MSCI/PRU,MSCI,PRU,vol_agnostic,23289.12549347673,2.0249359216681313,0.3767983090522133,0.9999999977094458,72,1,2025-11-04
AKAM/KEYS,AKAM,KEYS,vol_agnostic,-5778.129999999982,-0.4424444134624845,0.3767983090522133,1.0729167467974983e-10,58,1,2025-11-04
CINF/FMC,CINF,FMC,vol_agnostic,18240.07254010684,0.5736850596574856,0.3767983090522133,0.9947617167125257,56,1,2025-11-04
AON/KKR,AON,KKR,vol_agnostic,3767.876590827806,0.22193398193118302,0.3767983090522133,0.989508183088119,78,1,2025-11-04
BSX/WMB,BSX,WMB,vol_agnostic,3208.962372537743,0.2907398298178098,0.3767983090522133,0.9959282882665402,74,1,2025-11-04
MSCI/SCHW,MSCI,SCHW,vol_agnostic,-3784.13529337604,-0.35731419563724215,0.3767983090522133,3.1274466401279623e-19,68,1,2025-11-04
HAS/YUM,HAS,YUM,fast_reentry,6905.849221512248,0.6185536297106994,0.1787325741900263,0.9958801998641529,42,1,2025-11-04
CSCO/PAYC,CSCO,PAYC,fast_reentry,2640.941951880417,0.2720556790641092,0.1787325741900263,0.9983603880062437,52,1,2025-11-04
TXT/YUM,TXT,YUM,fast_reentry,-5174.834292013249,-0.6999213587299901,0.1787325741900263,1.446991744375371e-26,54,1,2025-11-04
EXR/WY,EXR,WY,fast_reentry,4134.07890027064,0.6004738271867438,0.1787325741900263,0.9999999999972569,48,1,2025-11-04
ATO/PCG,ATO,PCG,fast_reentry,1136.014582603875,0.142022923967042,0.1787325741900263,0.719247678650893,64,1,2025-11-04
BIIB/HCA,BIIB,HCA,fast_reentry,450.7912800489366,0.04831889988935563,0.1787325741900263,0.12080201315777744,52,1,2025-11-04
CDNS/PTC,CDNS,PTC,fast_reentry,-2380.760000000003,-0.26571915594585355,0.1787325741900263,1.15342907952071e-06,44,1,2025-11-04
EVRG/PCG,EVRG,PCG,fast_reentry,-3352.907959488812,-0.37199812232873203,0.1787325741900263,4.085297952134148e-14,58,1,2025-11-04
RTX/SNA,RTX,SNA,fast_reentry,7622.614594688741,1.5096098260508035,0.1787325741900263,0.9999999999999992,48,1,2025-11-04
MSCI/PRU,MSCI,PRU,fast_reentry,2614.349500460162,0.462777674495346,0.1787325741900263,0.9999991577861987,36,1,2025-11-04
AKAM/KEYS,AKAM,KEYS,fast_reentry,5417.939999999989,0.6469093006818193,0.1787325741900263,0.9999991946132177,36,1,2025-11-04
CINF/FMC,CINF,FMC,fast_reentry,8470.899569375984,0.2875063017692783,0.1787325741900263,0.984447133272969,54,1,2025-11-04
AON/KKR,AON,KKR,fast_reentry,10287.67087754836,0.9605883528290448,0.1787325741900263,0.9999999999999999,50,1,2025-11-04
BSX/WMB,BSX,WMB,fast_reentry,614.7056283924285,0.06805557898158755,0.1787325741900263,0.24412767970583155,58,1,2025-11-04
MSCI/SCHW,MSCI,SCHW,fast_reentry,-6775.862956035819,-1.0419530845696119,0.1787325741900263,5.286990513257598e-12,44,1,2025-11-04
HAS/YUM,HAS,YUM,flash_hold,8294.553176321398,1.6262264125959998,0.1284096086650088,1.0,104,1,2025-11-04
CSCO/PAYC,CSCO,PAYC,flash_hold,-1223.459290924363,-0.22075825907495789,0.1284096086650088,3.629900380080625e-12,98,1,2025-11-04
TXT/YUM,TXT,YUM,flash_hold,362.8615644668666,0.07286482750615797,0.1284096086650088,0.24955357607290307,104,1,2025-11-04
EXR/WY,EXR,WY,flash_hold,3309.599629187273,0.7639584470940635,0.1284096086650088,1.0,132,1,2025-11-04
ATO/PCG,ATO,PCG,flash_hold,-157.07022027827,-0.030598847906998974,0.1284096086650088,0.0035621472564770318,132,1,2025-11-04
BIIB/HCA,BIIB,HCA,flash_hold,7933.413426333939,1.309139818472171,0.1284096086650088,1.0,106,1,2025-11-04
CDNS/PTC,CDNS,PTC,flash_hold,-6245.829999999986,-0.8327259071190978,0.1284096086650088,1.1191548149822248e-08,102,1,2025-11-04
EVRG/PCG,EVRG,PCG,flash_hold,-8456.1473274257,-1.439492485821531,0.1284096086650088,5.182613328448107e-20,144,1,2025-11-04
RTX/SNA,RTX,SNA,flash_hold,4681.208062074129,0.8123252155825093,0.1284096086650088,0.99999821682072,98,1,2025-11-04
MSCI/PRU,MSCI,PRU,flash_hold,2495.688008875503,0.4380766198249166,0.1284096086650088,0.9999879114673966,106,1,2025-11-04
AKAM/KEYS,AKAM,KEYS,flash_hold,535.8500000000129,0.09554256347571431,0.1284096086650088,0.42177510663626894,86,1,2025-11-04
CINF/FMC,CINF,FMC,flash_hold,11124.46073202662,0.7040467710784564,0.1284096086650088,0.9949043273594278,120,1,2025-11-04
AON/KKR,AON,KKR,flash_hold,5853.315341312691,0.7282239406916392,0.1284096086650088,0.9999999999960926,120,1,2025-11-04
BSX/WMB,BSX,WMB,flash_hold,-2426.373303288408,-0.40530303647887694,0.1284096086650088,6.014209539554562e-23,134,1,2025-11-04
MSCI/SCHW,MSCI,SCHW,flash_hold,2894.459420688147,0.5423203150098326,0.1284096086650088,0.9999961275699516,110,1,2025-11-04
HAS/YUM,HAS,YUM,deep_entry_quick_exit,11525.45478736991,2.5416891201313088,0.1200207858975745,0.999999999921736,18,1,2025-11-04
CSCO/PAYC,CSCO,PAYC,deep_entry_quick_exit,4451.090340332679,0.6071068869415823,0.1200207858975745,0.9992758164174561,18,1,2025-11-04
TXT/YUM,TXT,YUM,deep_entry_quick_exit,413.883213560403,0.06392134441708203,0.1200207858975745,0.18305233466245302,24,1,2025-11-04
EXR/WY,EXR,WY,deep_entry_quick_exit,689.4758669605869,0.18677766606078924,0.1200207858975745,0.9345781202069717,12,1,2025-11-04
ATO/PCG,ATO,PCG,deep_entry_quick_exit,-3835.352608209208,-0.73243224901939,0.1200207858975745,2.968475120920766e-09,26,1,2025-11-04
BIIB/HCA,BIIB,HCA,deep_entry_quick_exit,-24.92804897045289,-0.003920565849628606,0.1200207858975745,0.015111961427414009,18,1,2025-11-04
CDNS/PTC,CDNS,PTC,deep_entry_quick_exit,13620.36999999999,1.5806885035881226,0.1200207858975745,0.9999903454482166,18,1,2025-11-04
EVRG/PCG,EVRG,PCG,deep_entry_quick_exit,-6332.438776358946,-0.9359919996998213,0.1200207858975745,2.5510271647489085e-12,28,1,2025-11-04
RTX/SNA,RTX,SNA,deep_entry_quick_exit,1331.901906180288,0.4154072538583866,0.1200207858975745,0.998530208285819,14,1,2025-11-04
MSCI/PRU,MSCI,PRU,deep_entry_quick_exit,5709.619376820977,1.0189548376701838,0.1200207858975745,0.9999999896776207,14,1,2025-11-04
AKAM/KEYS,AKAM,KEYS,deep_entry_quick_exit,5313.059999999984,0.9244971980067976,0.1200207858975745,0.9952203376233223,10,1,2025-11-04
CINF/FMC,CINF,FMC,deep_entry_quick_exit,-4404.933839722856,-0.5320911153220336,0.1200207858975745,4.85760682009864e-17,28,1,2025-11-04
AON/KKR,AON,KKR,deep_entry_quick_exit,2585.580227403142,0.4254128964677161,0.1200207858975745,0.9998430690293507,16,1,2025-11-04
BSX/WMB,BSX,WMB,deep_entry_quick_exit,1172.625353363016,0.24251872281800674,0.1200207858975745,0.9739081211721535,28,1,2025-11-04
MSCI/SCHW,MSCI,SCHW,deep_entry_quick_exit,-3640.858728914279,-0.8122334714536621,0.1200207858975745,1.4939715193101763e-05,18,1,2025-11-04
HAS/YUM,HAS,YUM,static_threshold,9590.408780262112,0.9626784759366386,0.0986153505163081,1.0,68,1,2025-11-04
CSCO/PAYC,CSCO,PAYC,static_threshold,8410.441861945774,0.7386021552974816,0.0986153505163081,0.9999999961800703,74,1,2025-11-04
TXT/YUM,TXT,YUM,static_threshold,3511.44146131973,0.33566474133330193,0.0986153505163081,0.9999381300675891,74,1,2025-11-04
EXR/WY,EXR,WY,static_threshold,3075.611128014654,0.3645939349860127,0.0986153505163081,0.9999993340931511,60,1,2025-11-04
ATO/PCG,ATO,PCG,static_threshold,-9300.66891230655,-0.8669167281166968,0.0986153505163081,1.2058069649006828e-24,76,1,2025-11-04
BIIB/HCA,BIIB,HCA,static_threshold,3341.909937279264,0.3128717493816263,0.0986153505163081,0.9999600203674394,80,1,2025-11-04
CDNS/PTC,CDNS,PTC,static_threshold,1247.710000000002,0.1371614306949421,0.0986153505163081,0.7341337521284175,56,1,2025-11-04
EVRG/PCG,EVRG,PCG,static_threshold,-16161.65092042089,-1.5240599493341094,0.0986153505163081,8.746340440114511e-29,74,1,2025-11-04
RTX/SNA,RTX,SNA,static_threshold,10636.04916709415,0.9857999024390587,0.0986153505163081,0.9999884499694631,74,1,2025-11-04
MSCI/PRU,MSCI,PRU,static_threshold,19533.92291273018,1.7386172816124659,0.0986153505163081,0.9999999894632139,70,1,2025-11-04
AKAM/KEYS,AKAM,KEYS,static_threshold,-7374.309999999981,-0.555155125801351,0.0986153505163081,1.2170931623022872e-09,64,1,2025-11-04
CINF/FMC,CINF,FMC,static_threshold,1878.423609054545,0.13405369031434095,0.0986153505163081,0.6945013527549997,66,1,2025-11-04
AON/KKR,AON,KKR,static_threshold,-6157.850129117738,-0.3881667767076679,0.0986153505163081,5.574864462494143e-10,78,1,2025-11-04
BSX/WMB,BSX,WMB,static_threshold,7453.568089296847,0.818028699468228,0.0986153505163081,1.0,78,1,2025-11-04
MSCI/SCHW,MSCI,SCHW,static_threshold,-714.8340351675629,-0.07624757436207251,0.0986153505163081,0.0001022913530697578,74,1,2025-11-04
HAS/YUM,HAS,YUM,long_z_short_v,1917.278447158195,0.32229185251461734,0.0478307163064453,0.9998064761522194,40,1,2025-11-04
CSCO/PAYC,CSCO,PAYC,long_z_short_v,4264.167398870834,0.6021002650578657,0.0478307163064453,0.9999997986386107,38,1,2025-11-04
TXT/YUM,TXT,YUM,long_z_short_v,-4119.459991329636,-0.5808624050420987,0.0478307163064453,5.112490058130968e-18,34,1,2025-11-04
EXR/WY,EXR,WY,long_z_short_v,4653.405585076476,0.7075374200789987,0.0478307163064453,0.9999999999999788,36,1,2025-11-04
ATO/PCG,ATO,PCG,long_z_short_v,-10306.94220107201,-1.1109378408539001,0.0478307163064453,5.343946520546404e-25,30,1,2025-11-04
BIIB/HCA,BIIB,HCA,long_z_short_v,1483.212142097233,0.20739502847922253,0.0478307163064453,0.9657381692904753,26,1,2025-11-04
CDNS/PTC,CDNS,PTC,long_z_short_v,7051.47999999999,0.8435679139239293,0.0478307163064453,0.9999999975901995,30,1,2025-11-04
EVRG/PCG,EVRG,PCG,long_z_short_v,-18145.95806906766,-2.1078536604092233,0.0478307163064453,8.150384539758701e-22,36,1,2025-11-04
RTX/SNA,RTX,SNA,long_z_short_v,5777.554962417722,1.0148024316749673,0.0478307163064453,0.9999627287207523,30,1,2025-11-04
MSCI/PRU,MSCI,PRU,long_z_short_v,5587.942027511865,0.7710066005230238,0.0478307163064453,0.9968923379811545,24,1,2025-11-04
AKAM/KEYS,AKAM,KEYS,long_z_short_v,9538.829999999969,1.2698974904246942,0.0478307163064453,0.999991505859393,24,1,2025-11-04
CINF/FMC,CINF,FMC,long_z_short_v,6368.576292156404,0.6010055602813138,0.0478307163064453,0.9999999999978266,42,1,2025-11-04
AON/KKR,AON,KKR,long_z_short_v,2730.774688505628,0.22507612097192004,0.0478307163064453,0.9958448856486414,36,1,2025-11-04
BSX/WMB,BSX,WMB,long_z_short_v,-576.850753787746,-0.07060887332473167,0.0478307163064453,6.513986005146012e-05,48,1,2025-11-04
MSCI/SCHW,MSCI,SCHW,long_z_short_v,10381.94592935211,1.901608531636693,0.0478307163064453,1.0,24,1,2025-11-04
HAS/YUM,HAS,YUM,fast_signal,1638.394532931641,0.16274080419686635,0.0264741426547943,0.7679182597471044,60,1,2025-11-04
CSCO/PAYC,CSCO,PAYC,fast_signal,6524.138071204423,0.5548126173453233,0.0264741426547943,0.9999994056662658,60,1,2025-11-04
TXT/YUM,TXT,YUM,fast_signal,-2007.424702443662,-0.27407400054286485,0.0264741426547943,1.7617924949818336e-14,52,1,2025-11-04
EXR/WY,EXR,WY,fast_signal,1317.333941111361,0.16957628490855844,0.0264741426547943,0.8894703756277366,68,1,2025-11-04
ATO/PCG,ATO,PCG,fast_signal,6029.093061808526,0.7175156222046851,0.0264741426547943,0.999999997435148,56,1,2025-11-04
BIIB/HCA,BIIB,HCA,fast_signal,5839.02879549011,0.6943697399700824,0.0264741426547943,0.9999999999666089,48,1,2025-11-04
CDNS/PTC,CDNS,PTC,fast_signal,2009.739999999994,0.2314176193260586,0.0264741426547943,0.9961942385312503,52,1,2025-11-04
EVRG/PCG,EVRG,PCG,fast_signal,3402.695546780943,0.44487779879658695,0.0264741426547943,0.999968202926693,68,1,2025-11-04
RTX/SNA,RTX,SNA,fast_signal,8972.753264789126,1.395795762488355,0.0264741426547943,0.9999995335586443,44,1,2025-11-04
MSCI/PRU,MSCI,PRU,fast_signal,-4341.560902145191,-0.7046900279473276,0.0264741426547943,4.985030246367469e-23,50,1,2025-11-04
AKAM/KEYS,AKAM,KEYS,fast_signal,-2010.480000000021,-0.26356660861426084,0.0264741426547943,2.02920934399744e-08,46,1,2025-11-04
CINF/FMC,CINF,FMC,fast_signal,-1157.243612166507,-0.10990688692784216,0.0264741426547943,1.6224992993680862e-05,60,1,2025-11-04
AON/KKR,AON,KKR,fast_signal,12543.44048064866,0.8698346509360436,0.0264741426547943,0.9999999999177425,58,1,2025-11-04
BSX/WMB,BSX,WMB,fast_signal,-5884.990877536276,-0.6128546895761084,0.0264741426547943,3.094226338267215e-17,70,1,2025-11-04
MSCI/SCHW,MSCI,SCHW,fast_signal,-7165.296981200801,-0.6912991845196683,0.0264741426547943,1.7967411493518504e-10,64,1,2025-11-04
HAS/YUM,HAS,YUM,vol_gated,8922.684375710143,0.8065006193025006,-0.0824382474619708,0.9999921613758157,56,1,2025-11-04
CSCO/PAYC,CSCO,PAYC,vol_gated,-241.1124149565449,-0.02277941013127137,-0.0824382474619708,0.006428279968001936,40,1,2025-11-04
TXT/YUM,TXT,YUM,vol_gated,2178.305993372231,0.3029773993226239,-0.0824382474619708,0.9990745659769501,52,1,2025-11-04
EXR/WY,EXR,WY,vol_gated,5308.890587612565,0.627634793895858,-0.0824382474619708,0.9999999970989722,46,1,2025-11-04
ATO/PCG,ATO,PCG,vol_gated,-4876.268661665469,-0.6283013510348426,-0.0824382474619708,3.158552677478718e-28,48,1,2025-11-04
BIIB/HCA,BIIB,HCA,vol_gated,5119.149735546066,0.5030535217509181,-0.0824382474619708,0.9999999917573472,70,1,2025-11-04
CDNS/PTC,CDNS,PTC,vol_gated,1013.929999999976,0.10611279249774515,-0.0824382474619708,0.48337013904008463,62,1,2025-11-04
EVRG/PCG,EVRG,PCG,vol_gated,-1022.027228736786,-0.13646527030941952,-0.0824382474619708,1.676900271609737e-07,54,1,2025-11-04
RTX/SNA,RTX,SNA,vol_gated,3544.426525452495,0.5836580284789954,-0.0824382474619708,0.9999999207534849,42,1,2025-11-04
MSCI/PRU,MSCI,PRU,vol_gated,-3717.577575860318,-0.5937117884012925,-0.0824382474619708,1.5165092711271323e-11,40,1,2025-11-04
AKAM/KEYS,AKAM,KEYS,vol_gated,14651.46,1.7975808963327562,-0.0824382474619708,0.9999997315982823,46,1,2025-11-04
CINF/FMC,CINF,FMC,vol_gated,-3657.7272654464,-0.3499438530493636,-0.0824382474619708,1.829890778154479e-15,46,1,2025-11-04
AON/KKR,AON,KKR,vol_gated,3605.227572810551,0.31625651327599774,-0.0824382474619708,0.9999787982621756,52,1,2025-11-04
BSX/WMB,BSX,WMB,vol_gated,-1596.627078711116,-0.1778234252638234,-0.0824382474619708,1.600871912503622e-11,66,1,2025-11-04
MSCI/SCHW,MSCI,SCHW,vol_gated,-7346.45853217721,-0.862251539436275,-0.0824382474619708,6.133107325570247e-11,50,1,2025-11-04
HAS/YUM,HAS,YUM,slow_reentry,5564.463661721854,0.5044722727526656,-0.1089953817677385,0.9909156778564355,36,1,2025-11-04
CSCO/PAYC,CSCO,PAYC,slow_reentry,12885.61631249293,1.4641013506201466,-0.1089953817677385,0.9999960839166377,44,1,2025-11-04
TXT/YUM,TXT,YUM,slow_reentry,-1706.128690499932,-0.246639855036446,-0.1089953817677385,5.050408768094164e-11,46,1,2025-11-04
EXR/WY,EXR,WY,slow_reentry,4443.723040012884,0.5155985875503877,-0.1089953817677385,0.999999989532478,44,1,2025-11-04
ATO/PCG,ATO,PCG,slow_reentry,-1673.347931191053,-0.2748567385965035,-0.1089953817677385,5.005156260343318e-16,36,1,2025-11-04
BIIB/HCA,BIIB,HCA,slow_reentry,4452.679038725006,0.47866515158896655,-0.1089953817677385,0.9999999599008663,44,1,2025-11-04
CDNS/PTC,CDNS,PTC,slow_reentry,-3817.410000000019,-0.44093345645789606,-0.1089953817677385,2.0786924221321855e-07,40,1,2025-11-04
EVRG/PCG,EVRG,PCG,slow_reentry,-2398.039436511874,-0.3407505186944824,-0.1089953817677385,5.2943624422957996e-11,36,1,2025-11-04
RTX/SNA,RTX,SNA,slow_reentry,4490.320944838688,0.7825778143065797,-0.1089953817677385,0.9999996316142318,42,1,2025-11-04
MSCI/PRU,MSCI,PRU,slow_reentry,1783.663758113245,0.37707130063010463,-0.1089953817677385,0.9998818232700777,28,1,2025-11-04
AKAM/KEYS,AKAM,KEYS,slow_reentry,2544.270000000001,0.3521994836934004,-0.1089953817677385,0.9994024372861402,28,1,2025-11-04
CINF/FMC,CINF,FMC,slow_reentry,-9820.991967997452,-1.1582209198511169,-0.1089953817677385,9.051523743117967e-15,34,1,2025-11-04
AON/KKR,AON,KKR,slow_reentry,2619.533596110802,0.27460259991591124,-0.1089953817677385,0.9997848986578324,36,1,2025-11-04
BSX/WMB,BSX,WMB,slow_reentry,6101.848501484879,0.720057872570263,-0.1089953817677385,0.9999102560555801,46,1,2025-11-04
MSCI/SCHW,MSCI,SCHW,slow_reentry,-4020.396338169191,-0.6383579686890538,-0.1089953817677385,4.863278813890276e-11,34,1,2025-11-04
HAS/YUM,HAS,YUM,vol_adaptive,9024.335460585417,0.8977291757849697,-0.1507789354327721,0.9999093081176338,56,1,2025-11-04
CSCO/PAYC,CSCO,PAYC,vol_adaptive,1827.522292841364,0.1704262896239836,-0.1507789354327721,0.8683979676780584,44,1,2025-11-04
TXT/YUM,TXT,YUM,vol_adaptive,2054.863036413499,0.28009722215262195,-0.1507789354327721,0.9977363988008137,54,1,2025-11-04
EXR/WY,EXR,WY,vol_adaptive,8215.279597699102,0.9833134275224312,-0.1507789354327721,0.9999999988123839,48,1,2025-11-04
ATO/PCG,ATO,PCG,vol_adaptive,-5308.785037248506,-0.6848954788565307,-0.1507789354327721,4.926203443096045e-28,50,1,2025-11-04
BIIB/HCA,BIIB,HCA,vol_adaptive,5072.266839052058,0.4995411539769346,-0.1507789354327721,0.9999999901709602,70,1,2025-11-04
CDNS/PTC,CDNS,PTC,vol_adaptive,-74.92000000001008,-0.007757485940644028,-0.1507789354327721,0.01279657653275104,62,1,2025-11-04
EVRG/PCG,EVRG,PCG,vol_adaptive,-1444.089441905344,-0.19111534359836885,-0.1507789354327721,4.876985888493039e-10,56,1,2025-11-04
RTX/SNA,RTX,SNA,vol_adaptive,2399.889888925944,0.386093867476209,-0.1507789354327721,0.9999960932145715,44,1,2025-11-04
MSCI/PRU,MSCI,PRU,vol_adaptive,-2250.233041172572,-0.35113299072722204,-0.1507789354327721,4.596758723740859e-13,42,1,2025-11-04
AKAM/KEYS,AKAM,KEYS,vol_adaptive,13627.01,1.6576318799493663,-0.1507789354327721,0.9999998622440373,48,1,2025-11-04
CINF/FMC,CINF,FMC,vol_adaptive,-3647.093698259354,-0.3498481854088603,-0.1507789354327721,1.7153742684463307e-15,46,1,2025-11-04
AON/KKR,AON,KKR,vol_adaptive,1919.677517973953,0.16028273381393585,-0.1507789354327721,0.8586007193378488,60,1,2025-11-04
BSX/WMB,BSX,WMB,vol_adaptive,-1580.428311056999,-0.1764835248542475,-0.1507789354327721,2.0909760258099773e-11,66,1,2025-11-04
MSCI/SCHW,MSCI,SCHW,vol_adaptive,-10702.38099118154,-1.1608062379044608,-0.1507789354327721,7.44739401345235e-13,54,1,2025-11-04
HAS/YUM,HAS,YUM,deep_dislocation,15301.74080943367,2.0056328850849177,-0.1559427721260461,0.9999999999999655,18,1,2025-11-04
CSCO/PAYC,CSCO,PAYC,deep_dislocation,3947.574055660936,0.3494096207666969,-0.1559427721260461,0.9992774282195742,16,1,2025-11-04
TXT/YUM,TXT,YUM,deep_dislocation,-1405.360935705183,-0.14737696877177048,-0.1559427721260461,2.924667269178577e-06,24,1,2025-11-04
EXR/WY,EXR,WY,deep_dislocation,-2911.09544457453,-0.4354240995528327,-0.1559427721260461,4.4237506821992494e-10,12,1,2025-11-04
ATO/PCG,ATO,PCG,deep_dislocation,-3427.607297111368,-0.27979076842746553,-0.1559427721260461,3.242422443778682e-12,26,1,2025-11-04
BIIB/HCA,BIIB,HCA,deep_dislocation,3582.208639978564,0.36994241690243296,-0.1559427721260461,0.9999208383704817,14,1,2025-11-04
CDNS/PTC,CDNS,PTC,deep_dislocation,18443.05999999995,1.4443903212753442,-0.1559427721260461,0.9999879552079286,16,1,2025-11-04
EVRG/PCG,EVRG,PCG,deep_dislocation,-13003.17310625224,-0.9814671477955884,-0.1559427721260461,1.5433008679650699e-28,28,1,2025-11-04
RTX/SNA,RTX,SNA,deep_dislocation,916.4991093235303,0.18168311494068382,-0.1559427721260461,0.8775803915807592,12,1,2025-11-04
MSCI/PRU,MSCI,PRU,deep_dislocation,6063.049543051112,0.778718419401529,-0.1559427721260461,0.9999999855672853,14,1,2025-11-04
AKAM/KEYS,AKAM,KEYS,deep_dislocation,11560.67999999998,1.1803325182542144,-0.1559427721260461,0.9992943770097552,8,1,2025-11-04
CINF/FMC,CINF,FMC,deep_dislocation,-23224.56259855113,-1.4895025610420474,-0.1559427721260461,2.410727071689758e-24,34,1,2025-11-04
AON/KKR,AON,KKR,deep_dislocation,6978.568605412855,0.6942823970020937,-0.1559427721260461,0.999997340001186,16,1,2025-11-04
BSX/WMB,BSX,WMB,deep_dislocation,-911.5089643128022,-0.09624182451511777,-0.1559427721260461,6.359055695168633e-05,28,1,2025-11-04
MSCI/SCHW,MSCI,SCHW,deep_dislocation,-4520.272485454086,-0.6573805449957313,-0.1559427721260461,2.3695203432754037e-05,16,1,2025-11-04
HAS/YUM,HAS,YUM,fast_signal_tight_stop,-3583.993145624097,-0.42360393417986547,-0.2886833209541655,2.043091064781781e-09,50,1,2025-11-04
CSCO/PAYC,CSCO,PAYC,fast_signal_tight_stop,-1732.812762617392,-0.15783236660434613,-0.2886833209541655,9.579347495424734e-06,48,1,2025-11-04
TXT/YUM,TXT,YUM,fast_signal_tight_stop,642.5082928836055,0.0980947536897291,-0.2886833209541655,0.433665367885713,48,1,2025-11-04
EXR/WY,EXR,WY,fast_signal_tight_stop,3047.417829908417,0.4591584945456068,-0.2886833209541655,0.999999997173999,62,1,2025-11-04
ATO/PCG,ATO,PCG,fast_signal_tight_stop,9698.42669538596,1.2433949270504294,-0.2886833209541655,0.9999999995931931,50,1,2025-11-04
BIIB/HCA,BIIB,HCA,fast_signal_tight_stop,4596.978318226386,0.6564006871376461,-0.2886833209541655,0.9999999999939811,44,1,2025-11-04
CDNS/PTC,CDNS,PTC,fast_signal_tight_stop,931.739999999988,0.1157772785796712,-0.2886833209541655,0.5686411801605319,48,1,2025-11-04
EVRG/PCG,EVRG,PCG,fast_signal_tight_stop,308.1172640145633,0.04821162798560907,-0.2886833209541655,0.14056337278836123,52,1,2025-11-04
RTX/SNA,RTX,SNA,fast_signal_tight_stop,8862.461615365984,1.4015041100696353,-0.2886833209541655,0.9999995979951521,44,1,2025-11-04
MSCI/PRU,MSCI,PRU,fast_signal_tight_stop,-4032.754989257789,-0.8289565292701642,-0.2886833209541655,1.1582496231443828e-20,44,1,2025-11-04
AKAM/KEYS,AKAM,KEYS,fast_signal_tight_stop,-9818.23000000004,-1.024956122051307,-0.2886833209541655,2.889469389592549e-06,44,1,2025-11-04
CINF/FMC,CINF,FMC,fast_signal_tight_stop,-5342.913884617603,-0.577792991788695,-0.2886833209541655,1.4344257933756398e-17,48,1,2025-11-04
AON/KKR,AON,KKR,fast_signal_tight_stop,15812.06127514479,1.1569060025449027,-0.2886833209541655,0.9999999965991421,52,1,2025-11-04
BSX/WMB,BSX,WMB,fast_signal_tight_stop,-5606.451423443029,-0.658316732055727,-0.2886833209541655,4.070206643716705e-14,54,1,2025-11-04
MSCI/SCHW,MSCI,SCHW,fast_signal_tight_stop,593.3718572186414,0.06811719282712711,-0.2886833209541655,0.23160205620523694,58,1,2025-11-04
HAS/YUM,HAS,YUM,tight_stop,4415.096169618621,0.406084068673597,-0.3878235206155136,0.9812033647343441,44,1,2025-11-04
CSCO/PAYC,CSCO,PAYC,tight_stop,7111.643000962469,0.8533065730913242,-0.3878235206155136,0.9999875898617933,44,1,2025-11-04
TXT/YUM,TXT,YUM,tight_stop,-1401.655140585149,-0.24251291075016593,-0.3878235206155136,6.319404734266977e-10,52,1,2025-11-04
EXR/WY,EXR,WY,tight_stop,7481.940425511199,1.116539115454404,-0.3878235206155136,0.9999778533591702,42,1,2025-11-04
ATO/PCG,ATO,PCG,tight_stop,-4118.020509746755,-0.5640313962036456,-0.3878235206155136,4.829139425696539e-15,52,1,2025-11-04
BIIB/HCA,BIIB,HCA,tight_stop,-1935.241172515646,-0.21970240054191814,-0.3878235206155136,3.008993974878333e-08,48,1,2025-11-04
CDNS/PTC,CDNS,PTC,tight_stop,-4036.700000000008,-0.46986938628421854,-0.3878235206155136,1.2198434513066018e-07,44,1,2025-11-04
EVRG/PCG,EVRG,PCG,tight_stop,-6822.98423427142,-0.9555977793823442,-0.3878235206155136,1.6579459447479465e-12,60,1,2025-11-04
RTX/SNA,RTX,SNA,tight_stop,1132.731851457037,0.16861446809312436,-0.3878235206155136,0.7916326849657005,48,1,2025-11-04
MSCI/PRU,MSCI,PRU,tight_stop,5757.214292691203,1.0499420961435566,-0.3878235206155136,0.9999999999965132,38,1,2025-11-04
AKAM/KEYS,AKAM,KEYS,tight_stop,-2279.080000000004,-0.44877842949742164,-0.3878235206155136,1.5493354494570328e-17,36,1,2025-11-04
CINF/FMC,CINF,FMC,tight_stop,-6965.548419718449,-0.8916225809581365,-0.3878235206155136,2.250248904909107e-15,44,1,2025-11-04
AON/KKR,AON,KKR,tight_stop,8500.708887885154,1.0688897644046187,-0.3878235206155136,0.9999999955791228,38,1,2025-11-04
BSX/WMB,BSX,WMB,tight_stop,6949.862838258089,0.8220025078204309,-0.3878235206155136,0.9999669328776231,58,1,2025-11-04
MSCI/SCHW,MSCI,SCHW,tight_stop,-1938.456884063027,-0.3028461899884004,-0.3878235206155136,6.255146859980072e-10,52,1,2025-11-04
HAS/YUM,HAS,YUM,medium_signal_high_leverage,16969.87260015816,1.326931780672866,-0.4379249222307784,0.9999999998174268,44,1,2025-11-04
CSCO/PAYC,CSCO,PAYC,medium_signal_high_leverage,11692.38646647155,0.7989072396729825,-0.4379249222307784,0.9999992776316852,42,1,2025-11-04
TXT/YUM,TXT,YUM,medium_signal_high_leverage,1440.728020423992,0.12430633534466515,-0.4379249222307784,0.6205532331174068,42,1,2025-11-04
EXR/WY,EXR,WY,medium_signal_high_leverage,-7.593897780077896,-0.0006208195258971404,-0.4379249222307784,0.017484994547493308,42,1,2025-11-04
ATO/PCG,ATO,PCG,medium_signal_high_leverage,-3940.570809017113,-0.30202492992391317,-0.4379249222307784,3.3159666852009395e-14,40,1,2025-11-04
BIIB/HCA,BIIB,HCA,medium_signal_high_leverage,7673.566823197432,0.5315265127036152,-0.4379249222307784,0.9999999963707622,48,1,2025-11-04
CDNS/PTC,CDNS,PTC,medium_signal_high_leverage,-4062.350000000014,-0.30976276797648145,-0.4379249222307784,8.228923004212448e-07,38,1,2025-11-04
EVRG/PCG,EVRG,PCG,medium_signal_high_leverage,-21134.55347666722,-1.6495851136407969,-0.4379249222307784,4.533506874041914e-23,44,1,2025-11-04
RTX/SNA,RTX,SNA,medium_signal_high_leverage,-3053.36823010787,-0.3414266828494021,-0.4379249222307784,2.551106656887944e-15,42,1,2025-11-04
MSCI/PRU,MSCI,PRU,medium_signal_high_leverage,8569.536132193389,0.9428267648641383,-0.4379249222307784,0.9999999999931382,32,1,2025-11-04
AKAM/KEYS,AKAM,KEYS,medium_signal_high_leverage,17116.37000000004,1.4382240196137974,-0.4379249222307784,0.9999984783889291,34,1,2025-11-04
CINF/FMC,CINF,FMC,medium_signal_high_leverage,-19987.43380605604,-1.2109319983037397,-0.4379249222307784,2.757935426659646e-29,40,1,2025-11-04
AON/KKR,AON,KKR,medium_signal_high_leverage,-6029.599663168222,-0.33117534041506846,-0.4379249222307784,1.955272398377304e-11,42,1,2025-11-04
BSX/WMB,BSX,WMB,medium_signal_high_leverage,-750.9886351825912,-0.06699499722379361,-0.4379249222307784,0.00021827566564093024,54,1,2025-11-04
MSCI/SCHW,MSCI,SCHW,medium_signal_high_leverage,-3160.058437642762,-0.3121863520315204,-0.4379249222307784,1.2596441179960896e-09,44,1,2025-11-04
HAS/YUM,HAS,YUM,low_entry,8800.418995246508,0.6267160975759845,-0.4515061855702392,0.9999021366886862,76,1,2025-11-04
CSCO/PAYC,CSCO,PAYC,low_entry,-4910.33700367879,-0.4073624583134291,-0.4515061855702392,1.1178625571017993e-10,78,1,2025-11-04
TXT/YUM,TXT,YUM,low_entry,3052.923684495176,0.3637821370655472,-0.4515061855702392,0.9999710253890701,76,1,2025-11-04
EXR/WY,EXR,WY,low_entry,6025.52703568998,0.7526149449187793,-0.4515061855702392,1.0,78,1,2025-11-04
ATO/PCG,ATO,PCG,low_entry,-7905.352699430414,-0.719190814112741,-0.4515061855702392,3.5844846723761e-27,82,1,2025-11-04
BIIB/HCA,BIIB,HCA,low_entry,612.6280116764751,0.05771835058822134,-0.4515061855702392,0.16528604363052357,92,1,2025-11-04
CDNS/PTC,CDNS,PTC,low_entry,-1860.43000000002,-0.18404447035546992,-0.4515061855702392,1.4826319320141213e-06,76,1,2025-11-04
EVRG/PCG,EVRG,PCG,low_entry,-18690.27029577479,-1.6468204798431234,-0.4515061855702392,2.2211675260372643e-15,92,1,2025-11-04
RTX/SNA,RTX,SNA,low_entry,-1253.482186849571,-0.15218674008846225,-0.4515061855702392,2.2502919227910282e-08,70,1,2025-11-04
MSCI/PRU,MSCI,PRU,low_entry,12675.62829101418,1.2456375712099366,-0.4515061855702392,0.999999280126026,64,1,2025-11-04
AKAM/KEYS,AKAM,KEYS,low_entry,14309.25,1.5300884250969735,-0.4515061855702392,0.9999999993517307,54,1,2025-11-04
CINF/FMC,CINF,FMC,low_entry,13219.30950177692,0.4520005136062903,-0.4515061855702392,0.9905491457554387,80,1,2025-11-04
AON/KKR,AON,KKR,low_entry,-14036.9868747157,-0.9374433390518867,-0.4515061855702392,4.107425763366702e-30,100,1,2025-11-04
BSX/WMB,BSX,WMB,low_entry,-3069.687102113012,-0.29339790757826334,-0.4515061855702392,1.6973343232495355e-14,88,1,2025-11-04
MSCI/SCHW,MSCI,SCHW,low_entry,-8794.701316936711,-0.9266886352825479,-0.4515061855702392,9.490100642361064e-18,70,1,2025-11-04
HAS/YUM,HAS,YUM,quick_exit,3710.615552728119,0.34024604251002033,-0.4782826426072727,0.967297707183611,44,1,2025-11-04
CSCO/PAYC,CSCO,PAYC,quick_exit,8882.474337174255,1.0189794920516904,-0.4782826426072727,0.9999969193217285,44,1,2025-11-04
TXT/YUM,TXT,YUM,quick_exit,-1089.680461516917,-0.19490632445539627,-0.4782826426072727,2.9405614666623226e-08,52,1,2025-11-04
EXR/WY,EXR,WY,quick_exit,7806.726475556312,1.1624785667929705,-0.4782826426072727,0.9999791962200041,42,1,2025-11-04
ATO/PCG,ATO,PCG,quick_exit,-5513.560307378055,-0.7620319166077982,-0.4782826426072727,7.71769113552237e-15,54,1,2025-11-04
BIIB/HCA,BIIB,HCA,quick_exit,-2089.140650630236,-0.23410597818617995,-0.4782826426072727,9.33249991465666e-09,48,1,2025-11-04
CDNS/PTC,CDNS,PTC,quick_exit,-5798.020000000022,-0.6351916262164221,-0.4782826426072727,1.9863931175001957e-09,46,1,2025-11-04
EVRG/PCG,EVRG,PCG,quick_exit,-3923.399270313986,-0.5536305239198699,-0.4782826426072727,1.9164060328684712e-13,58,1,2025-11-04
RTX/SNA,RTX,SNA,quick_exit,2291.735482468701,0.33074419832247653,-0.4782826426072727,0.9891386486142749,48,1,2025-11-04
MSCI/PRU,MSCI,PRU,quick_exit,9445.512795162207,1.5100232178655024,-0.4782826426072727,0.9999999999999214,42,1,2025-11-04
AKAM/KEYS,AKAM,KEYS,quick_exit,-3444.989999999992,-0.6597199231470849,-0.4782826426072727,1.3252518337203213e-18,36,1,2025-11-04
CINF/FMC,CINF,FMC,quick_exit,-8848.426189202455,-1.2558891073344431,-0.4782826426072727,2.9639785460348694e-17,44,1,2025-11-04
AON/KKR,AON,KKR,quick_exit,5599.640153612807,0.7001848345089561,-0.4782826426072727,0.9999999939979125,42,1,2025-11-04
BSX/WMB,BSX,WMB,quick_exit,6242.461053454276,0.7337697328630876,-0.4782826426072727,0.999941660682321,58,1,2025-11-04
MSCI/SCHW,MSCI,SCHW,quick_exit,-3934.949946857367,-0.6180351254572678,-0.4782826426072727,9.86936008256071e-12,52,1,2025-11-04
HAS/YUM,HAS,YUM,balanced_plus,6886.312787423422,0.8595897378993755,-0.4783218455727853,0.9999999957335682,50,1,2025-11-04
CSCO/PAYC,CSCO,PAYC,balanced_plus,824.4658181740222,0.07862057519814024,-0.4783218455727853,0.2854992996883037,44,1,2025-11-04
TXT/YUM,TXT,YUM,balanced_plus,-2548.924275748808,-0.3110372653783813,-0.4783218455727853,2.1933460021943157e-17,54,1,2025-11-04
EXR/WY,EXR,WY,balanced_plus,3798.486872860394,0.5296786404909517,-0.4783218455727853,0.9999999999969301,42,1,2025-11-04
ATO/PCG,ATO,PCG,balanced_plus,-7400.34190514569,-0.9913978937591493,-0.4783218455727853,8.255671711090682e-24,54,1,2025-11-04
BIIB/HCA,BIIB,HCA,balanced_plus,-133.8982281798135,-0.015259124409283453,-0.4783218455727853,0.008715285090798428,48,1,2025-11-04
CDNS/PTC,CDNS,PTC,balanced_plus,2569.509999999971,0.28482460501017565,-0.4783218455727853,0.9993513902345366,46,1,2025-11-04
EVRG/PCG,EVRG,PCG,balanced_plus,-5192.908224455901,-0.6611482969466752,-0.4783218455727853,5.1287222997314274e-15,50,1,2025-11-04
RTX/SNA,RTX,SNA,balanced_plus,5809.481076644024,1.1583008423561585,-0.4783218455727853,0.9999999999999942,48,1,2025-11-04
MSCI/PRU,MSCI,PRU,balanced_plus,1530.114759001089,0.284420043386259,-0.4783218455727853,0.9987447778817629,38,1,2025-11-04
AKAM/KEYS,AKAM,KEYS,balanced_plus,9084.410000000003,1.155127706475432,-0.4783218455727853,0.9999990455518244,40,1,2025-11-04
CINF/FMC,CINF,FMC,balanced_plus,-8434.041880008921,-0.8956756547926293,-0.4783218455727853,2.5523159509582837e-19,40,1,2025-11-04
AON/KKR,AON,KKR,balanced_plus,-1464.064513685821,-0.13329439965791806,-0.4783218455727853,9.799969555841209e-06,50,1,2025-11-04
BSX/WMB,BSX,WMB,balanced_plus,858.204983313989,0.10905966054842403,-0.4783218455727853,0.5067377224649479,60,1,2025-11-04
MSCI/SCHW,MSCI,SCHW,balanced_plus,1829.493101777051,0.2351035636064309,-0.4783218455727853,0.9834545962363029,54,1,2025-11-04
HAS/YUM,HAS,YUM,symmetric_exit,6361.224851354694,1.1514735920852486,-0.5234522945272283,0.9999999999817247,30,1,2025-11-04
CSCO/PAYC,CSCO,PAYC,symmetric_exit,5988.908648077134,0.761236907713812,-0.5234522945272283,0.9998694220934569,30,1,2025-11-04
TXT/YUM,TXT,YUM,symmetric_exit,277.9896221582089,0.04730510124282319,-0.5234522945272283,0.1209467754062366,36,1,2025-11-04
EXR/WY,EXR,WY,symmetric_exit,2191.29250459058,0.40951869793377116,-0.5234522945272283,0.9999989697335713,36,1,2025-11-04
ATO/PCG,ATO,PCG,symmetric_exit,-6753.239488983458,-1.1332030648181783,-0.5234522945272283,7.504639175190623e-12,50,1,2025-11-04
BIIB/HCA,BIIB,HCA,symmetric_exit,-3130.976354962205,-0.39421279230262674,-0.5234522945272283,1.8233973893161222e-10,42,1,2025-11-04
CDNS/PTC,CDNS,PTC,symmetric_exit,1154.879999999996,0.15065076713868022,-0.5234522945272283,0.8407543899612944,36,1,2025-11-04
EVRG/PCG,EVRG,PCG,symmetric_exit,2160.63008185958,0.28278466203765384,-0.5234522945272283,0.9905147567813063,46,1,2025-11-04
RTX/SNA,RTX,SNA,symmetric_exit,1914.559293873212,0.3306702556448965,-0.5234522945272283,0.9976052233352305,36,1,2025-11-04
MSCI/PRU,MSCI,PRU,symmetric_exit,4369.980705219938,0.9157087132023157,-0.5234522945272283,0.9999998168662957,24,1,2025-11-04
AKAM/KEYS,AKAM,KEYS,symmetric_exit,5656.939999999995,0.8439411159288358,-0.5234522945272283,0.9996744137098094,22,1,2025-11-04
CINF/FMC,CINF,FMC,symmetric_exit,-7700.861739273318,-0.8603213167804106,-0.5234522945272283,8.696114609013969e-19,38,1,2025-11-04
AON/KKR,AON,KKR,symmetric_exit,-692.686934149297,-0.09359585949165712,-0.5234522945272283,0.0006020216671939709,28,1,2025-11-04
BSX/WMB,BSX,WMB,symmetric_exit,2719.579879842418,0.5184051173278011,-0.5234522945272283,0.9999976373875402,36,1,2025-11-04
MSCI/SCHW,MSCI,SCHW,symmetric_exit,-3291.615511100475,-0.7260142958205639,-0.5234522945272283,2.772125650805796e-21,34,1,2025-11-04
HAS/YUM,HAS,YUM,high_entry,8381.447070615613,2.1551963117480732,-0.5465404159218744,0.9999999407508554,16,1,2025-11-04
CSCO/PAYC,CSCO,PAYC,high_entry,4173.62473545669,0.5671891333779819,-0.5465404159218744,0.9992431322725651,16,1,2025-11-04
TXT/YUM,TXT,YUM,high_entry,-2359.90782832746,-0.4535832732498916,-0.5465404159218744,1.4395149198791028e-12,24,1,2025-11-04
EXR/WY,EXR,WY,high_entry,-523.3840796496997,-0.11618023860647352,-0.5465404159218744,6.461786140856202e-05,18,1,2025-11-04
ATO/PCG,ATO,PCG,high_entry,-10050.58147495182,-1.8002499063985982,-0.5465404159218744,3.0248212974727514e-09,38,1,2025-11-04
BIIB/HCA,BIIB,HCA,high_entry,984.1523710113661,0.16293234980636406,-0.5465404159218744,0.8497571012084331,16,1,2025-11-04
CDNS/PTC,CDNS,PTC,high_entry,7182.559999999983,1.0270467337529077,-0.5465404159218744,0.9999917822402489,18,1,2025-11-04
EVRG/PCG,EVRG,PCG,high_entry,-2674.121238816181,-0.3697309383297841,-0.5465404159218744,2.3648510743467456e-12,36,1,2025-11-04
RTX/SNA,RTX,SNA,high_entry,3371.928237978251,1.0173728801293485,-0.5465404159218744,0.9999967904467768,18,1,2025-11-04
MSCI/PRU,MSCI,PRU,high_entry,2422.157539485511,0.47917138503436013,-0.5465404159218744,0.9999988874543614,20,1,2025-11-04
AKAM/KEYS,AKAM,KEYS,high_entry,6999.429999999987,1.149146258413605,-0.5465404159218744,0.9986166177639793,18,1,2025-11-04
CINF/FMC,CINF,FMC,high_entry,-7012.960296547588,-0.7785564009790593,-0.5465404159218744,3.268786844557838e-19,32,1,2025-11-04
AON/KKR,AON,KKR,high_entry,1311.777582707395,0.21609011471172695,-0.5465404159218744,0.9866295652179684,20,1,2025-11-04
BSX/WMB,BSX,WMB,high_entry,57.14095408158073,0.012219537555730848,-0.5465404159218744,0.032965853744728185,26,1,2025-11-04
MSCI/SCHW,MSCI,SCHW,high_entry,-2126.550268301268,-0.4678425318275599,-0.5465404159218744,7.544429936175893e-06,22,1,2025-11-04
HAS/YUM,HAS,YUM,aggressive,29509.29810543905,1.6963612800114838,-0.590522600913418,0.9999997305662571,74,1,2025-11-04
CSCO/PAYC,CSCO,PAYC,aggressive,22.0091892176531,0.0012589575513299413,-0.590522600913418,0.01905792617399764,72,1,2025-11-04
TXT/YUM,TXT,YUM,aggressive,-1444.700125977191,-0.10049636959364044,-0.590522600913418,2.5952072113258315e-05,84,1,2025-11-04
EXR/WY,EXR,WY,aggressive,410.5461345782887,0.029165579947944945,-0.590522600913418,0.06206842155369384,72,1,2025-11-04
ATO/PCG,ATO,PCG,aggressive,-13410.56976562504,-0.8645634164382487,-0.590522600913418,7.849524972075977e-25,66,1,2025-11-04
BIIB/HCA,BIIB,HCA,aggressive,17075.2694891087,1.0067237913149263,-0.590522600913418,1.0,92,1,2025-11-04
CDNS/PTC,CDNS,PTC,aggressive,-6836.560000000094,-0.43218999848780043,-0.590522600913418,4.217322396223257e-11,74,1,2025-11-04
EVRG/PCG,EVRG,PCG,aggressive,-36241.18724456733,-2.0174290412354394,-0.590522600913418,9.344309296823477e-22,62,1,2025-11-04
RTX/SNA,RTX,SNA,aggressive,1408.292218488451,0.10818067940165887,-0.590522600913418,0.5002105594561211,78,1,2025-11-04
MSCI/PRU,MSCI,PRU,aggressive,5453.017409308271,0.3551471433154964,-0.590522600913418,0.9999464188552047,64,1,2025-11-04
AKAM/KEYS,AKAM,KEYS,aggressive,20287.06000000005,1.4140795072054166,-0.590522600913418,0.9999999999035202,60,1,2025-11-04
CINF/FMC,CINF,FMC,aggressive,-18843.70892508742,-0.951608425877122,-0.590522600913418,2.286345269448956e-31,62,1,2025-11-04
AON/KKR,AON,KKR,aggressive,-3318.613729029945,-0.16784198049104626,-0.590522600913418,8.87489657376548e-07,72,1,2025-11-04
BSX/WMB,BSX,WMB,aggressive,-11585.9781159896,-0.6787888538821008,-0.590522600913418,3.4404468493471215e-28,92,1,2025-11-04
MSCI/SCHW,MSCI,SCHW,aggressive,-1216.530707369778,-0.08067542982951195,-0.590522600913418,0.00010645012743650271,84,1,2025-11-04
HAS/YUM,HAS,YUM,high_leverage,8894.022875605824,0.5333374624173902,-0.644174467570105,0.9942302509452713,40,1,2025-11-04
CSCO/PAYC,CSCO,PAYC,high_leverage,6060.344709339684,0.4297302181956895,-0.644174467570105,0.9999883095571751,50,1,2025-11-04
TXT/YUM,TXT,YUM,high_leverage,-5257.707166820637,-0.4489812241918889,-0.644174467570105,3.4165508151819274e-18,50,1,2025-11-04
EXR/WY,EXR,WY,high_leverage,7964.291393597894,0.6065638815067741,-0.644174467570105,0.9999999996450533,48,1,2025-11-04
ATO/PCG,ATO,PCG,high_leverage,-6232.472806682406,-0.49959908625718485,-0.644174467570105,2.164395121208335e-18,40,1,2025-11-04
BIIB/HCA,BIIB,HCA,high_leverage,-820.7190042577013,-0.06077249915360849,-0.644174467570105,0.0007162436193470568,40,1,2025-11-04
CDNS/PTC,CDNS,PTC,high_leverage,-7390.170000000038,-0.5778382823696192,-0.644174467570105,6.757562637688529e-08,38,1,2025-11-04
EVRG/PCG,EVRG,PCG,high_leverage,-16898.42316173131,-1.2580228904575115,-0.644174467570105,7.928414167198869e-22,46,1,2025-11-04
RTX/SNA,RTX,SNA,high_leverage,2926.259986053471,0.29005269074418466,-0.644174467570105,0.975373612586744,48,1,2025-11-04
MSCI/PRU,MSCI,PRU,high_leverage,8577.503612479615,0.8744015310259804,-0.644174467570105,0.9999999999998617,34,1,2025-11-04
AKAM/KEYS,AKAM,KEYS,high_leverage,6207.120000000012,0.5630161461985065,-0.644174467570105,0.9999430287036074,30,1,2025-11-04
CINF/FMC,CINF,FMC,high_leverage,-17460.67360658824,-1.0844007777876639,-0.644174467570105,1.0269316128959466e-23,38,1,2025-11-04
AON/KKR,AON,KKR,high_leverage,4740.9650329306,0.31423252915967465,-0.644174467570105,0.9999921903293066,38,1,2025-11-04
BSX/WMB,BSX,WMB,high_leverage,3690.748548030265,0.25287184754376363,-0.644174467570105,0.9744255980047984,54,1,2025-11-04
MSCI/SCHW,MSCI,SCHW,high_leverage,-5850.369692398967,-0.5796598955708668,-0.644174467570105,2.4354892311547554e-12,40,1,2025-11-04
HAS/YUM,HAS,YUM,patient_hold,6585.358636864093,1.1663911877502742,-0.783167781292359,0.9999999999997451,24,1,2025-11-04
CSCO/PAYC,CSCO,PAYC,patient_hold,8227.31509590162,1.1120143675972893,-0.783167781292359,0.9995438918639946,20,1,2025-11-04
TXT/YUM,TXT,YUM,patient_hold,-7287.109335426087,-1.0549092281950188,-0.783167781292359,1.412482758005481e-20,32,1,2025-11-04
EXR/WY,EXR,WY,patient_hold,-1191.213091910999,-0.24675393931525727,-0.783167781292359,1.8345852872805142e-08,18,1,2025-11-04
ATO/PCG,ATO,PCG,patient_hold,-3584.449517985766,-0.4167828450396631,-0.783167781292359,4.7063662629122815e-18,38,1,2025-11-04
BIIB/HCA,BIIB,HCA,patient_hold,-6.03956361934479,-0.000894413046039918,-0.783167781292359,0.01730945183841346,22,1,2025-11-04
CDNS/PTC,CDNS,PTC,patient_hold,-1651.820000000016,-0.2322892799504808,-0.783167781292359,1.8747090833219166e-05,26,1,2025-11-04
EVRG/PCG,EVRG,PCG,patient_hold,-8030.453152885888,-0.875515320997666,-0.783167781292359,6.891159879099168e-22,40,1,2025-11-04
RTX/SNA,RTX,SNA,patient_hold,8006.015780012956,1.7569253906708555,-0.783167781292359,0.9999999999994126,36,1,2025-11-04
MSCI/PRU,MSCI,PRU,patient_hold,5412.506568051309,0.9429982028316145,-0.783167781292359,0.9999999999979718,24,1,2025-11-04
AKAM/KEYS,AKAM,KEYS,patient_hold,2828.039999999986,0.4079833062321831,-0.783167781292359,0.9996262214180459,24,1,2025-11-04
CINF/FMC,CINF,FMC,patient_hold,-8505.470254325872,-1.0528682703002183,-0.783167781292359,5.964581247155114e-17,22,1,2025-11-04
AON/KKR,AON,KKR,patient_hold,-1198.044984024519,-0.14648585747254725,-0.783167781292359,7.76026692846255e-05,26,1,2025-11-04
BSX/WMB,BSX,WMB,patient_hold,1593.569282787778,0.26568453867047576,-0.783167781292359,0.989160856845601,32,1,2025-11-04
MSCI/SCHW,MSCI,SCHW,patient_hold,1364.86557942552,0.2800178801798383,-0.783167781292359,0.9968787255042222,26,1,2025-11-04
HAS/YUM,HAS,YUM,default,6649.775542391971,0.6032476084125881,-0.8198171789688655,0.9951051545681207,40,1,2025-11-04
CSCO/PAYC,CSCO,PAYC,default,4271.954209270949,0.4563989413175215,-0.8198171789688655,0.9999889381089939,50,1,2025-11-04
TXT/YUM,TXT,YUM,default,-3810.048816003844,-0.5385081371045242,-0.8198171789688655,1.5400109030269346e-21,48,1,2025-11-04
EXR/WY,EXR,WY,default,4416.234947890575,0.5159057233799274,-0.8198171789688655,0.9999999933603192,48,1,2025-11-04
ATO/PCG,ATO,PCG,default,-3468.524471708091,-0.47125749660205696,-0.8198171789688655,1.3689244874309377e-15,50,1,2025-11-04
BIIB/HCA,BIIB,HCA,default,-1976.798505656363,-0.22435111673674954,-0.8198171789688655,2.128756145601182e-08,48,1,2025-11-04
CDNS/PTC,CDNS,PTC,default,-3989.720000000012,-0.45826357063811013,-0.8198171789688655,8.986742688318061e-08,42,1,2025-11-04
EVRG/PCG,EVRG,PCG,default,-6943.925633472763,-0.8664709708411003,-0.8198171789688655,1.0406537501665745e-14,54,1,2025-11-04
RTX/SNA,RTX,SNA,default,1978.093704849026,0.29269170448001663,-0.8198171789688655,0.9762998568522903,48,1,2025-11-04
MSCI/PRU,MSCI,PRU,default,4161.704127811037,0.7602295583464966,-0.8198171789688655,0.9999999999109885,34,1,2025-11-04
AKAM/KEYS,AKAM,KEYS,default,2753.57999999999,0.3701265338574848,-0.8198171789688655,0.9997432454482583,36,1,2025-11-04
CINF/FMC,CINF,FMC,default,-5455.66325316015,-0.5396376284116875,-0.8198171789688655,5.0867737743447874e-18,42,1,2025-11-04
AON/KKR,AON,KKR,default,1078.518380784953,0.11157771885857393,-0.8198171789688655,0.529277454899135,38,1,2025-11-04
BSX/WMB,BSX,WMB,default,1187.015684749125,0.12903140146895625,-0.8198171789688655,0.6282692079545681,56,1,2025-11-04
MSCI/SCHW,MSCI,SCHW,default,-4666.800454386057,-0.711559898138411,-0.8198171789688655,2.9069849310630968e-12,42,1,2025-11-04
HAS/YUM,HAS,YUM,high_vol_specialist,8330.0758894421,1.3368336273556352,-0.9770607603508168,1.0,34,1,2025-11-04
CSCO/PAYC,CSCO,PAYC,high_vol_specialist,5865.470927556691,0.6677379972693954,-0.9770607603508168,0.9999963741126642,30,1,2025-11-04
TXT/YUM,TXT,YUM,high_vol_specialist,-6720.489674893187,-0.8590208688682366,-0.9770607603508168,4.96167742232692e-19,36,1,2025-11-04
EXR/WY,EXR,WY,high_vol_specialist,4181.731249089427,0.7082802145991398,-0.9770607603508168,0.9999999999999934,28,1,2025-11-04
ATO/PCG,ATO,PCG,high_vol_specialist,-5032.356431473515,-0.4670474673450207,-0.9770607603508168,5.651742742497425e-26,48,1,2025-11-04
BIIB/HCA,BIIB,HCA,high_vol_specialist,4886.343580877972,0.73061516445522,-0.9770607603508168,0.9999999996982804,24,1,2025-11-04
CDNS/PTC,CDNS,PTC,high_vol_specialist,1285.629999999973,0.16788528064435582,-0.9770607603508168,0.89001288913731,32,1,2025-11-04
EVRG/PCG,EVRG,PCG,high_vol_specialist,-14184.05977428671,-1.1565721937642435,-0.9770607603508168,5.0816557611106095e-25,46,1,2025-11-04
RTX/SNA,RTX,SNA,high_vol_specialist,4560.558845382637,1.1796582659279733,-0.9770607603508168,0.9999999999688235,26,1,2025-11-04
MSCI/PRU,MSCI,PRU,high_vol_specialist,13226.82711530557,1.4552155929159039,-0.9770607603508168,0.9999359531891413,26,1,2025-11-04
AKAM/KEYS,AKAM,KEYS,high_vol_specialist,-14529.34,-1.2313345393921353,-0.9770607603508168,2.2261177784717225e-05,34,1,2025-11-04
CINF/FMC,CINF,FMC,high_vol_specialist,-11074.30103907384,-1.0198348263812997,-0.9770607603508168,4.421110932335874e-29,24,1,2025-11-04
AON/KKR,AON,KKR,high_vol_specialist,682.9721839551717,0.0859263524904203,-0.9770607603508168,0.31167652636550425,28,1,2025-11-04
BSX/WMB,BSX,WMB,high_vol_specialist,3569.357265255572,0.5039815451449372,-0.9770607603508168,0.9999999996100365,34,1,2025-11-04
MSCI/SCHW,MSCI,SCHW,high_vol_specialist,-4358.653679352681,-0.5615731200459141,-0.9770607603508168,1.3428498324818609e-15,36,1,2025-11-04
HAS/YUM,HAS,YUM,high_turnover,4869.237938382097,0.5981771845517495,-1.0525753884283793,0.9999999995866363,76,1,2025-11-04
CSCO/PAYC,CSCO,PAYC,high_turnover,-1611.737444510231,-0.1601296770674291,-1.0525753884283793,4.5007162534269785e-09,64,1,2025-11-04
TXT/YUM,TXT,YUM,high_turnover,354.8293747685825,0.03788248845461211,-1.0525753884283793,0.09415297051036475,70,1,2025-11-04
EXR/WY,EXR,WY,high_turnover,3112.871886338166,0.4327288203917472,-1.0525753884283793,0.9999999847825984,70,1,2025-11-04
ATO/PCG,ATO,PCG,high_turnover,-154.6866558047013,-0.02210697345108873,-1.0525753884283793,0.004583075541017125,64,1,2025-11-04
BIIB/HCA,BIIB,HCA,high_turnover,-2939.161158779422,-0.288124341282319,-1.0525753884283793,2.6976599981955055e-12,80,1,2025-11-04
CDNS/PTC,CDNS,PTC,high_turnover,-16659.38000000002,-1.2730729877862288,-1.0525753884283793,2.3359210633278077e-05,70,1,2025-11-04
EVRG/PCG,EVRG,PCG,high_turnover,-4039.640082726198,-0.6294736820763341,-1.0525753884283793,7.949563839407485e-15,60,1,2025-11-04
RTX/SNA,RTX,SNA,high_turnover,5200.466674867713,0.9113534025764618,-1.0525753884283793,0.9999999999999977,70,1,2025-11-04
MSCI/PRU,MSCI,PRU,high_turnover,455.4827668059424,0.054195736506355736,-1.0525753884283793,0.1496004279906093,64,1,2025-11-04
AKAM/KEYS,AKAM,KEYS,high_turnover,1189.359999999981,0.17475514228215105,-1.0525753884283793,0.9029896186161641,64,1,2025-11-04
CINF/FMC,CINF,FMC,high_turnover,1634.678861752438,0.12115104891516136,-1.0525753884283793,0.6027394330515674,72,1,2025-11-04
AON/KKR,AON,KKR,high_turnover,-6832.426138362692,-0.6330463312212472,-1.0525753884283793,2.931434358982456e-12,64,1,2025-11-04
BSX/WMB,BSX,WMB,high_turnover,1163.22584189947,0.11650119188430086,-1.0525753884283793,0.555186403533009,74,1,2025-11-04
MSCI/SCHW,MSCI,SCHW,high_turnover,-2812.517967597321,-0.299091964837933,-1.0525753884283793,5.0638318714303376e-08,76,1,2025-11-04
HAS/YUM,HAS,YUM,conservative_no_leverage,3391.661221008706,1.3550098510176078,-1.307776765566119,0.9999999999998941,26,1,2025-11-04
CSCO/PAYC,CSCO,PAYC,conservative_no_leverage,4234.278928175953,1.065068850379228,-1.307776765566119,0.9999496378863604,32,1,2025-11-04
TXT/YUM,TXT,YUM,conservative_no_leverage,-2399.768198969603,-0.7654534896662567,-1.307776765566119,3.6153921865002085e-16,28,1,2025-11-04
EXR/WY,EXR,WY,conservative_no_leverage,763.2272615453138,0.2602618555966596,-1.307776765566119,0.999345449401444,24,1,2025-11-04
ATO/PCG,ATO,PCG,conservative_no_leverage,-3094.719819107022,-0.7143646616396592,-1.307776765566119,3.6934877935831973e-22,32,1,2025-11-04
BIIB/HCA,BIIB,HCA,conservative_no_leverage,-199.6747684913769,-0.05371111266949625,-1.307776765566119,0.0013442232707601466,26,1,2025-11-04
CDNS/PTC,CDNS,PTC,conservative_no_leverage,171.2099999999909,0.04270084891993098,-1.307776765566119,0.08373691534776534,28,1,2025-11-04
EVRG/PCG,EVRG,PCG,conservative_no_leverage,-6460.696264449821,-1.3890912044990105,-1.307776765566119,8.241805567032097e-28,32,1,2025-11-04
RTX/SNA,RTX,SNA,conservative_no_leverage,3764.056688994058,1.9719112030376225,-1.307776765566119,0.9999999999644723,32,1,2025-11-04
MSCI/PRU,MSCI,PRU,conservative_no_leverage,2987.40352473442,1.0123441640319728,-1.307776765566119,0.9999999999999187,28,1,2025-11-04
AKAM/KEYS,AKAM,KEYS,conservative_no_leverage,1519.919999999987,0.4379820633716587,-1.307776765566119,0.9996319174024274,22,1,2025-11-04
CINF/FMC,CINF,FMC,conservative_no_leverage,-4183.990561273966,-0.8000513095804741,-1.307776765566119,6.33801755673097e-26,28,1,2025-11-04
AON/KKR,AON,KKR,conservative_no_leverage,2491.248315476197,0.5244205391141578,-1.307776765566119,0.9999999964811268,28,1,2025-11-04
BSX/WMB,BSX,WMB,conservative_no_leverage,1411.315465254735,0.503064663848898,-1.307776765566119,0.9999936790835162,28,1,2025-11-04
MSCI/SCHW,MSCI,SCHW,conservative_no_leverage,653.6309363830258,0.28688317911159994,-1.307776765566119,0.9989314004235254,24,1,2025-11-04
HAS/YUM,HAS,YUM,slow_signal,2483.761318879606,0.4660299146946102,-1.449132267660184,0.9999999765589315,38,1,2025-11-04
CSCO/PAYC,CSCO,PAYC,slow_signal,6791.389288471009,0.7784636173419391,-1.449132267660184,0.9999884356644694,30,1,2025-11-04
TXT/YUM,TXT,YUM,slow_signal,-5512.274139646044,-0.795782522430322,-1.449132267660184,5.574264612625636e-17,38,1,2025-11-04
EXR/WY,EXR,WY,slow_signal,4321.646613228997,0.7878514521029938,-1.449132267660184,0.9999999999999566,28,1,2025-11-04
ATO/PCG,ATO,PCG,slow_signal,-13325.96053363676,-1.4680805073913292,-1.449132267660184,3.384570173773039e-27,50,1,2025-11-04
BIIB/HCA,BIIB,HCA,slow_signal,4984.669819345284,0.7814151070036545,-1.449132267660184,0.9999999998014383,22,1,2025-11-04
CDNS/PTC,CDNS,PTC,slow_signal,-2454.120000000033,-0.34745006145790924,-1.449132267660184,2.8501921652972142e-06,32,1,2025-11-04
EVRG/PCG,EVRG,PCG,slow_signal,-12599.35946393644,-1.1311010350603232,-1.449132267660184,4.91879893290052e-22,50,1,2025-11-04
RTX/SNA,RTX,SNA,slow_signal,490.9430920004459,0.10673371218158098,-1.449132267660184,0.49074372754369233,30,1,2025-11-04
MSCI/PRU,MSCI,PRU,slow_signal,11287.36972612455,1.3688416409592168,-1.449132267660184,0.9994402925884569,26,1,2025-11-04
AKAM/KEYS,AKAM,KEYS,slow_signal,-11493.51,-0.9901036409109999,-1.449132267660184,1.4797792064674436e-05,30,1,2025-11-04
CINF/FMC,CINF,FMC,slow_signal,-5457.037279625059,-0.7344774541609711,-1.449132267660184,3.7990220376793055e-19,30,1,2025-11-04
AON/KKR,AON,KKR,slow_signal,-158.4077481865836,-0.018066940250100385,-1.449132267660184,0.0085169356497409,30,1,2025-11-04
BSX/WMB,BSX,WMB,slow_signal,-1616.096298541677,-0.3065765953534837,-1.449132267660184,1.0580541366297221e-10,30,1,2025-11-04
MSCI/SCHW,MSCI,SCHW,slow_signal,-3284.72506324242,-0.457404068455561,-1.449132267660184,4.498952166239767e-13,34,1,2025-11-04
HAS/YUM,HAS,YUM,no_leverage,3315.115193898879,0.6037707189976678,-1.5598086940769484,0.9951565589053927,40,1,2025-11-04
CSCO/PAYC,CSCO,PAYC,no_leverage,2118.792529751347,0.4544299900677565,-1.5598086940769484,0.9999886656161245,50,1,2025-11-04
TXT/YUM,TXT,YUM,no_leverage,-1891.409535006249,-0.5369679769791821,-1.5598086940769484,1.824375355404674e-21,48,1,2025-11-04
EXR/WY,EXR,WY,no_leverage,2191.780632509137,0.5151677778430603,-1.5598086940769484,0.9999999940835002,48,1,2025-11-04
ATO/PCG,ATO,PCG,no_leverage,-1714.203889191924,-0.46787077987581877,-1.5598086940769484,1.4177314645914428e-15,50,1,2025-11-04
BIIB/HCA,BIIB,HCA,no_leverage,-995.7906848776568,-0.2272298201505333,-1.5598086940769484,1.7041680159684893e-08,48,1,2025-11-04
CDNS/PTC,CDNS,PTC,no_leverage,-2000.2,-0.462211312023931,-1.5598086940769484,8.597679366243352e-08,42,1,2025-11-04
EVRG/PCG,EVRG,PCG,no_leverage,-3449.560801805444,-0.8638260315852296,-1.5598086940769484,1.1660209669183262e-14,54,1,2025-11-04
RTX/SNA,RTX,SNA,no_leverage,1011.649896435689,0.30157413500112107,-1.5598086940769484,0.9797991985974156,48,1,2025-11-04
MSCI/PRU,MSCI,PRU,no_leverage,2076.497280847614,0.7612952110914212,-1.5598086940769484,0.9999999999295757,34,1,2025-11-04
AKAM/KEYS,AKAM,KEYS,no_leverage,1381.019999999992,0.3721211980968389,-1.5598086940769484,0.9997465087942672,36,1,2025-11-04
CINF/FMC,CINF,FMC,no_leverage,-2687.664785813877,-0.5327504613853953,-1.5598086940769484,7.458997695901974e-18,42,1,2025-11-04
AON/KKR,AON,KKR,no_leverage,518.8036782749136,0.10778202823918374,-1.5598086940769484,0.4968753953626501,38,1,2025-11-04
BSX/WMB,BSX,WMB,no_leverage,576.0506253267433,0.12570740961199586,-1.5598086940769484,0.6088550260864505,56,1,2025-11-04
MSCI/SCHW,MSCI,SCHW,no_leverage,-2293.51007051401,-0.7053498907052856,-1.5598086940769484,2.8004699313492013e-12,42,1,2025-11-04
HAS/YUM,HAS,YUM,low_vol_specialist,14479.5915964723,1.9289869475006372,-1.5958126292980443,1.0,84,1,2025-11-04
CSCO/PAYC,CSCO,PAYC,low_vol_specialist,-9751.69506241856,-0.9403104036536142,-1.5958126292980443,2.6601571772629483e-24,92,1,2025-11-04
TXT/YUM,TXT,YUM,low_vol_specialist,-847.4033718652795,-0.08517505414366336,-1.5958126292980443,3.782700601696916e-05,90,1,2025-11-04
EXR/WY,EXR,WY,low_vol_specialist,1590.817413385245,0.18372049769523036,-1.5958126292980443,0.8942379758306106,102,1,2025-11-04
ATO/PCG,ATO,PCG,low_vol_specialist,-3204.302822439306,-0.3212935683083422,-1.5958126292980443,1.3715225678853617e-13,110,1,2025-11-04
BIIB/HCA,BIIB,HCA,low_vol_specialist,614.5217957504346,0.05955481419580046,-1.5958126292980443,0.166270965594161,80,1,2025-11-04
CDNS/PTC,CDNS,PTC,low_vol_specialist,204.579999999989,0.01996722174879625,-1.5958126292980443,0.04506031937370534,66,1,2025-11-04
EVRG/PCG,EVRG,PCG,low_vol_specialist,-15679.9939634062,-1.5774852332314235,-1.5958126292980443,1.1192702091378243e-13,108,1,2025-11-04
RTX/SNA,RTX,SNA,low_vol_specialist,2561.582738006426,0.3048362674698965,-1.5958126292980443,0.9975209776111214,80,1,2025-11-04
MSCI/PRU,MSCI,PRU,low_vol_specialist,1269.918815060182,0.20206528018380374,-1.5958126292980443,0.958303544425157,76,1,2025-11-04
AKAM/KEYS,AKAM,KEYS,low_vol_specialist,-18801.19000000001,-1.2819807166607509,-1.5958126292980443,3.533427606076797e-07,70,1,2025-11-04
CINF/FMC,CINF,FMC,low_vol_specialist,-6783.493544949159,-0.5444108134912531,-1.5958126292980443,2.5045402041023037e-16,96,1,2025-11-04
AON/KKR,AON,KKR,low_vol_specialist,-13040.86673563712,-0.9131261797984666,-1.5958126292980443,2.039823843229075e-29,84,1,2025-11-04
BSX/WMB,BSX,WMB,low_vol_specialist,9101.59876942421,0.9762486210773736,-1.5958126292980443,1.0,98,1,2025-11-04
MSCI/SCHW,MSCI,SCHW,low_vol_specialist,-4994.987625743172,-0.7196488721875879,-1.5958126292980443,3.062253689159849e-21,88,1,2025-11-04
HAS/YUM,HAS,YUM,short_z_long_v,4411.138160817861,0.4799548655298084,-1.7805913785599743,0.9996388911392216,44,1,2025-11-04
CSCO/PAYC,CSCO,PAYC,short_z_long_v,-6202.242550084027,-0.6232856986557943,-1.7805913785599743,9.800896955867638e-08,42,1,2025-11-04
TXT/YUM,TXT,YUM,short_z_long_v,-12527.50734526149,-1.5071715157362353,-1.7805913785599743,4.489749708864731e-10,54,1,2025-11-04
EXR/WY,EXR,WY,short_z_long_v,5188.582843350043,0.7017409009430119,-1.7805913785599743,0.9999980278517207,54,1,2025-11-04
ATO/PCG,ATO,PCG,short_z_long_v,-8305.584693855471,-0.9608923859956048,-1.7805913785599743,3.692180563238517e-21,72,1,2025-11-04
BIIB/HCA,BIIB,HCA,short_z_long_v,6689.772108264724,0.8801601913297113,-1.7805913785599743,0.9999999999998546,36,1,2025-11-04
CDNS/PTC,CDNS,PTC,short_z_long_v,1422.230000000018,0.1938980521872224,-1.7805913785599743,0.9453195562569624,48,1,2025-11-04
EVRG/PCG,EVRG,PCG,short_z_long_v,-1949.891662742372,-0.2292268695159794,-1.7805913785599743,1.3616962946350393e-09,62,1,2025-11-04
RTX/SNA,RTX,SNA,short_z_long_v,2318.632287458535,0.3041701338274209,-1.7805913785599743,0.9950617851081582,50,1,2025-11-04
MSCI/PRU,MSCI,PRU,short_z_long_v,901.1697882541639,0.08855814685311282,-1.7805913785599743,0.33260285208164825,44,1,2025-11-04
AKAM/KEYS,AKAM,KEYS,short_z_long_v,-11102.5,-0.9179513860644878,-1.7805913785599743,9.755580759789046e-07,52,1,2025-11-04
CINF/FMC,CINF,FMC,short_z_long_v,-20101.79114966524,-0.9548879378325014,-1.7805913785599743,0.0009328141814462138,38,1,2025-11-04
AON/KKR,AON,KKR,short_z_long_v,4864.748008072452,0.40323190457523206,-1.7805913785599743,0.9999568570962343,58,1,2025-11-04
BSX/WMB,BSX,WMB,short_z_long_v,-5151.899601519784,-0.5732345131561597,-1.7805913785599743,2.9665948947757284e-18,58,1,2025-11-04
MSCI/SCHW,MSCI,SCHW,short_z_long_v,-14424.60771798427,-1.5675268042562063,-1.7805913785599743,1.8106881473480755e-12,52,1,2025-11-04
HAS/YUM,HAS,YUM,conservative,2461.894586581834,1.5746194540070126,-2.371507320458827,0.9999851248752565,14,1,2025-11-04
CSCO/PAYC,CSCO,PAYC,conservative,2433.387632050638,0.7312475234428298,-2.371507320458827,0.9974130161720691,14,1,2025-11-04
TXT/YUM,TXT,YUM,conservative,-161.7172558679049,-0.08216135594789734,-2.371507320458827,0.00033588850858822016,22,1,2025-11-04
EXR/WY,EXR,WY,conservative,163.5800189758124,0.10248406893874426,-2.371507320458827,0.45342798191961864,20,1,2025-11-04
ATO/PCG,ATO,PCG,conservative,-1965.720654526401,-0.7999131368553785,-2.371507320458827,5.697331023350608e-08,34,1,2025-11-04
BIIB/HCA,BIIB,HCA,conservative,-1829.261885652797,-0.6652481336865345,-2.371507320458827,4.0915925493200405e-07,16,1,2025-11-04
CDNS/PTC,CDNS,PTC,conservative,1493.009999999986,0.4263459904175297,-2.371507320458827,0.9999939493725694,26,1,2025-11-04
EVRG/PCG,EVRG,PCG,conservative,-651.374763461776,-0.23401359635929467,-2.371507320458827,1.151496788425989e-07,34,1,2025-11-04
RTX/SNA,RTX,SNA,conservative,1052.668878162247,0.5972780507963997,-2.371507320458827,0.999939992447129,24,1,2025-11-04
MSCI/PRU,MSCI,PRU,conservative,-138.8256439275251,-0.08811469691274838,-2.371507320458827,0.00037583688939116455,18,1,2025-11-04
AKAM/KEYS,AKAM,KEYS,conservative,-30.62000000000421,-0.018794041701814014,-2.371507320458827,0.007474788871566841,18,1,2025-11-04
CINF/FMC,CINF,FMC,conservative,-4778.820358729075,-1.7587088567441636,-2.371507320458827,1.4716848017362569e-08,24,1,2025-11-04
AON/KKR,AON,KKR,conservative,801.6505183681751,0.3348533784535262,-2.371507320458827,0.9935069063280043,14,1,2025-11-04
BSX/WMB,BSX,WMB,conservative,1425.320303193997,1.0196058190523354,-2.371507320458827,0.9999999790226924,18,1,2025-11-04
MSCI/SCHW,MSCI,SCHW,conservative,112.7247492256575,0.05889832011779606,-2.371507320458827,0.12963485746742248,16,1,2025-11-04
HAS/YUM,HAS,YUM,stable_signal_quick_exit,17815.52873707357,1.9878188696221157,0.0688010353300998,0.9999999293793498,40,2,2025-12-10
CSCO/PAYC,CSCO,PAYC,stable_signal_quick_exit,6448.029417269359,0.6048119871699601,0.0688010353300998,0.9999995565803231,54,2,2025-12-10
TXT/YUM,TXT,YUM,stable_signal_quick_exit,3255.439084907528,0.41575035485410405,0.0688010353300998,0.99999945152104,42,2,2025-12-10
EXR/WY,EXR,WY,stable_signal_quick_exit,1297.226509168965,0.18196373543507982,0.0688010353300998,0.945047175261957,38,2,2025-12-10
ATO/PCG,ATO,PCG,stable_signal_quick_exit,-894.5147935715354,-0.1334981049661932,0.0688010353300998,1.5011503111512148e-08,34,2,2025-12-10
BIIB/HCA,BIIB,HCA,stable_signal_quick_exit,5319.95130405692,0.5806179656378402,0.0688010353300998,0.9999999999438685,50,2,2025-12-10
CDNS/PTC,CDNS,PTC,stable_signal_quick_exit,-4270.430000000029,-0.43787839373930443,0.0688010353300998,4.796443403919042e-09,48,2,2025-12-10
EVRG/PCG,EVRG,PCG,stable_signal_quick_exit,-4255.431157891074,-0.5683495540057569,0.0688010353300998,1.878923987291178e-17,34,2,2025-12-10
RTX/SNA,RTX,SNA,stable_signal_quick_exit,4316.054283017994,0.833534973047559,0.0688010353300998,0.9999999999919975,36,2,2025-12-10
MSCI/PRU,MSCI,PRU,stable_signal_quick_exit,13847.22639610494,1.5677035704445677,0.0688010353300998,0.9997327262306082,32,2,2025-12-10
AKAM/KEYS,AKAM,KEYS,stable_signal_quick_exit,-2746.429999999986,-0.20658687225778796,0.0688010353300998,1.4169202732788405e-10,42,2,2025-12-10
CINF/FMC,CINF,FMC,stable_signal_quick_exit,-7372.748602111076,-0.7946946011489209,0.0688010353300998,2.467744576533385e-18,36,2,2025-12-10
AON/KKR,AON,KKR,stable_signal_quick_exit,-3132.611602103002,-0.30199268627194753,0.0688010353300998,3.213165676328429e-08,44,2,2025-12-10
BSX/WMB,BSX,WMB,stable_signal_quick_exit,-1926.23176295381,-0.22247146291644967,0.0688010353300998,1.024842584471722e-11,42,2,2025-12-10
MSCI/SCHW,MSCI,SCHW,stable_signal_quick_exit,1501.744529636455,0.21409916385807543,0.0688010353300998,0.9919977983711981,34,2,2025-12-10
HAS/YUM,HAS,YUM,vol_agnostic,2331.186694217215,0.17611958121249868,0.064487281817767,0.8395914087601357,78,2,2025-12-10
CSCO/PAYC,CSCO,PAYC,vol_agnostic,7520.615801278205,0.618607079731314,0.064487281817767,0.9999999993654265,78,2,2025-12-10
TXT/YUM,TXT,YUM,vol_agnostic,-5953.539060207669,-0.5556439656127743,0.064487281817767,4.477899570140231e-21,70,2,2025-12-10
EXR/WY,EXR,WY,vol_agnostic,14110.45080393924,1.225289469229321,0.064487281817767,1.0,68,2,2025-12-10
ATO/PCG,ATO,PCG,vol_agnostic,-8742.127948131641,-0.721536381402268,0.064487281817767,3.4058364050520706e-29,58,2,2025-12-10
BIIB/HCA,BIIB,HCA,vol_agnostic,13998.51136699632,1.0631559361573293,0.064487281817767,1.0,100,2,2025-12-10
CDNS/PTC,CDNS,PTC,vol_agnostic,1080.959999999994,0.10587184844936076,0.064487281817767,0.5097316870477883,54,2,2025-12-10
EVRG/PCG,EVRG,PCG,vol_agnostic,-26163.27455765214,-1.9702787502310148,0.064487281817767,7.063303114395373e-22,62,2,2025-12-10
RTX/SNA,RTX,SNA,vol_agnostic,8328.8675991587,0.7209486398512387,0.064487281817767,0.9999975836000559,78,2,2025-12-10
MSCI/PRU,MSCI,PRU,vol_agnostic,21112.50770494687,1.7487211510286753,0.064487281817767,0.9999999994757071,82,2,2025-12-10
AKAM/KEYS,AKAM,KEYS,vol_agnostic,-7811.569999999972,-0.43338335983164,0.064487281817767,2.486684308719971e-07,62,2,2025-12-10
CINF/FMC,CINF,FMC,vol_agnostic,10322.28547844978,0.3123460483892883,0.064487281817767,0.9952641948053712,56,2,2025-12-10
AON/KKR,AON,KKR,vol_agnostic,639.7291805949505,0.03612849829061739,0.064487281817767,0.0799668642311041,88,2,2025-12-10
BSX/WMB,BSX,WMB,vol_agnostic,1556.997805996052,0.1323188812190613,0.064487281817767,0.6898650801369698,82,2,2025-12-10
MSCI/SCHW,MSCI,SCHW,vol_agnostic,-3363.337824389667,-0.3032512919182646,0.064487281817767,1.1419997141442767e-17,72,2,2025-12-10
HAS/YUM,HAS,YUM,deep_entry_quick_exit,12204.0459479118,2.5017685907371625,-0.0537314928127258,0.9999999999973004,20,2,2025-12-10
CSCO/PAYC,CSCO,PAYC,deep_entry_quick_exit,3495.297993252449,0.4479671682745655,-0.0537314928127258,0.999591877793887,20,2,2025-12-10
TXT/YUM,TXT,YUM,deep_entry_quick_exit,1758.843384527623,0.2594785781552916,-0.0537314928127258,0.9984726823769491,26,2,2025-12-10
EXR/WY,EXR,WY,deep_entry_quick_exit,1895.405078978519,0.41556056590592155,-0.0537314928127258,0.9999991659285392,14,2,2025-12-10
ATO/PCG,ATO,PCG,deep_entry_quick_exit,-3838.411028065023,-0.7097650213437325,-0.0537314928127258,2.9588515100923815e-09,28,2,2025-12-10
BIIB/HCA,BIIB,HCA,deep_entry_quick_exit,-176.2780489704605,-0.026818265219606847,-0.0537314928127258,0.0050141791557713625,20,2,2025-12-10
CDNS/PTC,CDNS,PTC,deep_entry_quick_exit,15158.11,1.622460850140973,-0.0537314928127258,0.9999986478103075,24,2,2025-12-10
EVRG/PCG,EVRG,PCG,deep_entry_quick_exit,-6954.738359299394,-0.9907566478973492,-0.0537314928127258,3.468392670767177e-12,30,2,2025-12-10
RTX/SNA,RTX,SNA,deep_entry_quick_exit,1327.787562752716,0.40097549258583964,-0.0537314928127258,0.9984703424473454,14,2,2025-12-10
MSCI/PRU,MSCI,PRU,deep_entry_quick_exit,6294.552825070034,1.08882735839578,-0.0537314928127258,0.9999999887535829,16,2,2025-12-10
AKAM/KEYS,AKAM,KEYS,deep_entry_quick_exit,2099.549999999986,0.2916357177795009,-0.0537314928127258,0.9839254129499428,12,2,2025-12-10
CINF/FMC,CINF,FMC,deep_entry_quick_exit,-5268.206764223006,-0.6114127991195365,-0.0537314928127258,6.8126456112484555e-18,30,2,2025-12-10
AON/KKR,AON,KKR,deep_entry_quick_exit,965.6350907896779,0.146216513822322,-0.0537314928127258,0.8250861777409446,18,2,2025-12-10
BSX/WMB,BSX,WMB,deep_entry_quick_exit,1173.242543654618,0.23498224408354118,-0.0537314928127258,0.9740239774965984,28,2,2025-12-10
MSCI/SCHW,MSCI,SCHW,deep_entry_quick_exit,-4764.276339549215,-0.9867135801537825,-0.0537314928127258,3.0144710262549237e-06,20,2,2025-12-10
HAS/YUM,HAS,YUM,flash_hold,7734.333066581618,1.4432184226755163,-0.0616782871369759,1.0,112,2,2025-12-10
CSCO/PAYC,CSCO,PAYC,flash_hold,1477.290814215169,0.22762913136786705,-0.0616782871369759,0.9845667922001025,104,2,2025-12-10
TXT/YUM,TXT,YUM,flash_hold,-946.890089748313,-0.17999310016123665,-0.0616782871369759,4.3920656507734236e-08,116,2,2025-12-10
EXR/WY,EXR,WY,flash_hold,4142.148278048299,0.9072233343431998,-0.0616782871369759,1.0,136,2,2025-12-10
ATO/PCG,ATO,PCG,flash_hold,1200.021392866916,0.2221152504179289,-0.0616782871369759,0.9822923222329584,148,2,2025-12-10
BIIB/HCA,BIIB,HCA,flash_hold,8092.303426333947,1.243454764569459,-0.0616782871369759,1.0,120,2,2025-12-10
CDNS/PTC,CDNS,PTC,flash_hold,-5988.259999999985,-0.7668752204914465,-0.0616782871369759,3.9486475829871675e-09,110,2,2025-12-10
EVRG/PCG,EVRG,PCG,flash_hold,-8642.75612909974,-1.4152679285765069,-0.0616782871369759,2.1288280042612836e-20,156,2,2025-12-10
RTX/SNA,RTX,SNA,flash_hold,5963.605911518625,0.9817597144903498,-0.0616782871369759,0.9999994857394614,112,2,2025-12-10
MSCI/PRU,MSCI,PRU,flash_hold,794.4349647201519,0.13151214786746007,-0.0616782871369759,0.721840825186459,120,2,2025-12-10
AKAM/KEYS,AKAM,KEYS,flash_hold,-4607.349999999993,-0.6960504581594014,-0.0616782871369759,2.90466154475909e-14,94,2,2025-12-10
CINF/FMC,CINF,FMC,flash_hold,10748.50654431264,0.6535735288510192,-0.0616782871369759,0.9955138772066873,132,2,2025-12-10
AON/KKR,AON,KKR,flash_hold,4208.075978176479,0.5027104443618269,-0.0616782871369759,0.9999999985511702,134,2,2025-12-10
BSX/WMB,BSX,WMB,flash_hold,-1395.823303288417,-0.21532712531742645,-0.0616782871369759,4.555972760794164e-12,152,2,2025-12-10
MSCI/SCHW,MSCI,SCHW,flash_hold,2131.681469423987,0.3774496029797549,-0.0616782871369759,0.9998641809986939,120,2,2025-12-10
HAS/YUM,HAS,YUM,static_threshold,6371.879022397183,0.6102787708420927,-0.1125732874883932,0.9999999999999988,74,2,2025-12-10
CSCO/PAYC,CSCO,PAYC,static_threshold,8294.117635802157,0.6712079163504251,-0.1125732874883932,0.9999999995132283,82,2,2025-12-10
TXT/YUM,TXT,YUM,static_threshold,2111.972878600004,0.19135621039729675,-0.1125732874883932,0.9534726474807153,78,2,2025-12-10
EXR/WY,EXR,WY,static_threshold,4636.592747029353,0.5035004648186143,-0.1125732874883932,0.9999999999998537,62,2,2025-12-10
ATO/PCG,ATO,PCG,static_threshold,-10326.4090810237,-0.9212382082701913,-0.1125732874883932,7.63397444717255e-26,86,2,2025-12-10
BIIB/HCA,BIIB,HCA,static_threshold,5248.779937279251,0.4625742495735231,-0.1125732874883932,0.9999999999504864,92,2,2025-12-10
CDNS/PTC,CDNS,PTC,static_threshold,2767.420000000004,0.28171910403196326,-0.1125732874883932,0.9998474629720066,62,2,2025-12-10
EVRG/PCG,EVRG,PCG,static_threshold,-16516.25012579741,-1.4733342956507491,-0.1125732874883932,4.259508549128508e-31,80,2,2025-12-10
RTX/SNA,RTX,SNA,static_threshold,12709.1245666254,1.1205275230196536,-0.1125732874883932,0.9999953789139879,84,2,2025-12-10
MSCI/PRU,MSCI,PRU,static_threshold,17926.40268746338,1.5139567277252006,-0.1125732874883932,0.9999999962814929,82,2,2025-12-10
AKAM/KEYS,AKAM,KEYS,static_threshold,-8614.839999999982,-0.4738011256874137,-0.1125732874883932,1.1059246870719978e-07,74,2,2025-12-10
CINF/FMC,CINF,FMC,static_threshold,789.9543942225159,0.05285977982521507,-0.1125732874883932,0.1458508223294389,70,2,2025-12-10
AON/KKR,AON,KKR,static_threshold,-8341.741405680941,-0.5051906216377117,-0.1125732874883932,1.2206793397512152e-11,82,2,2025-12-10
BSX/WMB,BSX,WMB,static_threshold,4062.993339591846,0.4122524223739026,-0.1125732874883932,0.9999994616776688,84,2,2025-12-10
MSCI/SCHW,MSCI,SCHW,static_threshold,-1324.808981964184,-0.13423981232947416,-0.1125732874883932,3.7406728797987574e-07,80,2,2025-12-10
HAS/YUM,HAS,YUM,vol_gated,8783.3516102282,0.7691662354196973,-0.1234305838778641,0.9999922213078134,58,2,2025-12-10
CSCO/PAYC,CSCO,PAYC,vol_gated,-728.9689505159477,-0.06658868221111103,-0.1234305838778641,0.0007512478367731745,42,2,2025-12-10
TXT/YUM,TXT,YUM,vol_gated,-411.8812569911797,-0.05232686403983874,-0.1234305838778641,0.0007581612212640182,56,2,2025-12-10
EXR/WY,EXR,WY,vol_gated,6180.995702764474,0.6595981582322726,-0.1234305838778641,0.9999999999253748,50,2,2025-12-10
ATO/PCG,ATO,PCG,vol_gated,-4233.178022533577,-0.5254770044688956,-0.1234305838778641,2.5031322093750537e-28,52,2,2025-12-10
BIIB/HCA,BIIB,HCA,vol_gated,7880.699735546054,0.7336546270850739,-0.1234305838778641,0.9999999999999226,80,2,2025-12-10
CDNS/PTC,CDNS,PTC,vol_gated,263.1599999999708,0.025265365491158005,-0.1234305838778641,0.05364367940137029,70,2,2025-12-10
EVRG/PCG,EVRG,PCG,vol_gated,-235.5041125659172,-0.029691029017780764,-0.1234305838778641,0.0028014047696637394,58,2,2025-12-10
RTX/SNA,RTX,SNA,vol_gated,4165.174862968705,0.6513784199950162,-0.1234305838778641,0.9999999864011874,46,2,2025-12-10
MSCI/PRU,MSCI,PRU,vol_gated,-3856.482522656204,-0.5965114681767614,-0.1234305838778641,1.760130840095792e-11,42,2,2025-12-10
AKAM/KEYS,AKAM,KEYS,vol_gated,15320.66,1.752584962294131,-0.1234305838778641,0.9999999626814151,48,2,2025-12-10
CINF/FMC,CINF,FMC,vol_gated,-4520.355604621879,-0.4168377625109492,-0.1234305838778641,2.424558486692874e-18,48,2,2025-12-10
AON/KKR,AON,KKR,vol_gated,4341.068375173155,0.36459793229728343,-0.1234305838778641,0.999999744884164,60,2,2025-12-10
BSX/WMB,BSX,WMB,vol_gated,-2184.346825887913,-0.22738600001603576,-0.1234305838778641,8.576720388944175e-15,72,2,2025-12-10
MSCI/SCHW,MSCI,SCHW,vol_gated,-8952.029507532443,-1.0090580554522055,-0.1234305838778641,8.617498433179691e-11,54,2,2025-12-10
HAS/YUM,HAS,YUM,fast_signal,149.225423638356,0.013937635922637939,-0.2121298590331235,0.03846770520658152,66,2,2025-12-10
CSCO/PAYC,CSCO,PAYC,fast_signal,7056.230584680447,0.5804853244395539,-0.2121298590331235,0.9999997578581932,60,2,2025-12-10
TXT/YUM,TXT,YUM,fast_signal,-4099.172784711393,-0.5138970528816595,-0.2121298590331235,8.448470770121396e-21,60,2,2025-12-10
EXR/WY,EXR,WY,fast_signal,2166.877947235233,0.2654231727344773,-0.2121298590331235,0.9994275587400635,72,2,2025-12-10
ATO/PCG,ATO,PCG,fast_signal,7947.926502568487,0.9057784438791501,-0.2121298590331235,0.999999999957796,64,2,2025-12-10
BIIB/HCA,BIIB,HCA,fast_signal,5090.238795490116,0.5662760893980631,-0.2121298590331235,0.9999999994408062,54,2,2025-12-10
CDNS/PTC,CDNS,PTC,fast_signal,2447.519999999988,0.2726667790907315,-0.2121298590331235,0.999783669844812,56,2,2025-12-10
EVRG/PCG,EVRG,PCG,fast_signal,4565.163556968878,0.5732120926919122,-0.2121298590331235,0.9999993222932512,70,2,2025-12-10
RTX/SNA,RTX,SNA,fast_signal,9275.342727999012,1.2451640062694702,-0.2121298590331235,0.9999999932152084,52,2,2025-12-10
MSCI/PRU,MSCI,PRU,fast_signal,-6169.410339039379,-0.9469094990807652,-0.2121298590331235,7.138469237917359e-26,56,2,2025-12-10
AKAM/KEYS,AKAM,KEYS,fast_signal,-2010.480000000021,-0.2552585023980735,-0.2121298590331235,2.0167519503978547e-08,46,2,2025-12-10
CINF/FMC,CINF,FMC,fast_signal,-2159.143612166503,-0.19403123645302117,-0.2121298590331235,7.636394382737624e-09,64,2,2025-12-10
AON/KKR,AON,KKR,fast_signal,6781.726947158464,0.44437098871279235,-0.2121298590331235,0.9999999999289727,68,2,2025-12-10
BSX/WMB,BSX,WMB,fast_signal,-6717.490877536279,-0.6444237392461464,-0.2121298590331235,1.3013676392728298e-19,84,2,2025-12-10
MSCI/SCHW,MSCI,SCHW,fast_signal,-7244.129641654111,-0.6641627653083447,-0.2121298590331235,4.733975798054853e-11,70,2,2025-12-10
HAS/YUM,HAS,YUM,fast_reentry,7559.76261205384,0.652526905048131,-0.2419069971023924,0.9971557981014585,44,2,2025-12-10
CSCO/PAYC,CSCO,PAYC,fast_reentry,1704.909856743167,0.16787533272357227,-0.2419069971023924,0.9133459657408919,54,2,2025-12-10
TXT/YUM,TXT,YUM,fast_reentry,-6543.735619765419,-0.8249123327756441,-0.2419069971023924,1.1700983614793246e-30,58,2,2025-12-10
EXR/WY,EXR,WY,fast_reentry,1969.85622856567,0.28075715435328347,-0.2419069971023924,0.9997062535297065,48,2,2025-12-10
ATO/PCG,ATO,PCG,fast_reentry,346.2347912296282,0.041131787475508844,-0.2419069971023924,0.1075628391005537,70,2,2025-12-10
BIIB/HCA,BIIB,HCA,fast_reentry,-337.1685053754136,-0.03439875948788991,-0.2419069971023924,0.00294759871694904,58,2,2025-12-10
CDNS/PTC,CDNS,PTC,fast_reentry,-1675.230000000007,-0.17435715125414036,-0.2419069971023924,8.685848250011417e-06,48,2,2025-12-10
EVRG/PCG,EVRG,PCG,fast_reentry,-4388.012955172256,-0.4599163668722867,-0.2419069971023924,7.245753297573869e-17,66,2,2025-12-10
RTX/SNA,RTX,SNA,fast_reentry,7625.609479255573,1.466851337015694,-0.2419069971023924,0.9999999999999992,48,2,2025-12-10
MSCI/PRU,MSCI,PRU,fast_reentry,2956.516247196088,0.5121445736109994,-0.2419069971023924,0.9999998815824062,38,2,2025-12-10
AKAM/KEYS,AKAM,KEYS,fast_reentry,2209.559999999993,0.2314208656997301,-0.2419069971023924,0.9871222797319853,38,2,2025-12-10
CINF/FMC,CINF,FMC,fast_reentry,6445.871601083357,0.21164234931339834,-0.2419069971023924,0.9818783932509212,58,2,2025-12-10
AON/KKR,AON,KKR,fast_reentry,3103.094168010266,0.2902700058685608,-0.2419069971023924,0.9999566422177458,56,2,2025-12-10
BSX/WMB,BSX,WMB,fast_reentry,1646.728220367665,0.16426529872310636,-0.2419069971023924,0.8240761120094782,68,2,2025-12-10
MSCI/SCHW,MSCI,SCHW,fast_reentry,-7915.682601471339,-1.1559664049452447,-0.2419069971023924,9.46899575706993e-13,46,2,2025-12-10
HAS/YUM,HAS,YUM,long_z_short_v,52.5384829702607,0.007865671825379634,-0.3276491804724036,0.026053983391242843,44,2,2025-12-10
CSCO/PAYC,CSCO,PAYC,long_z_short_v,3287.428382504773,0.43520684198172466,-0.3276491804724036,0.9999943341114264,40,2,2025-12-10
TXT/YUM,TXT,YUM,long_z_short_v,-3986.298236033184,-0.5158566929982035,-0.3276491804724036,1.5410219467256576e-20,40,2,2025-12-10
EXR/WY,EXR,WY,long_z_short_v,5545.699073924528,0.7505881528586802,-0.3276491804724036,1.0,36,2,2025-12-10
ATO/PCG,ATO,PCG,long_z_short_v,-10297.72682040388,-1.075673798919375,-0.3276491804724036,5.762153847127364e-25,30,2,2025-12-10
BIIB/HCA,BIIB,HCA,long_z_short_v,2587.559080421611,0.3327437556916446,-0.3276491804724036,0.9999039482305441,32,2,2025-12-10
CDNS/PTC,CDNS,PTC,long_z_short_v,7775.809999999988,0.8609149445962121,-0.3276491804724036,0.9999999998746173,34,2,2025-12-10
EVRG/PCG,EVRG,PCG,long_z_short_v,-17602.27542005913,-1.9737699015011498,-0.3276491804724036,3.5900025241570705e-22,38,2,2025-12-10
RTX/SNA,RTX,SNA,long_z_short_v,7066.067567791006,1.151997471286598,-0.3276491804724036,0.9999923252135434,34,2,2025-12-10
MSCI/PRU,MSCI,PRU,long_z_short_v,3040.522457162727,0.3971962684650885,-0.3276491804724036,0.9976608979433927,30,2,2025-12-10
AKAM/KEYS,AKAM,KEYS,long_z_short_v,169.6999999999707,0.017546033728161624,-0.3276491804724036,0.0376291686563658,28,2,2025-12-10
CINF/FMC,CINF,FMC,long_z_short_v,5494.75985169159,0.47450303690028356,-0.3276491804724036,0.9999999999012403,46,2,2025-12-10
AON/KKR,AON,KKR,long_z_short_v,1812.39806831101,0.14422589504926991,-0.3276491804724036,0.8311962642140551,38,2,2025-12-10
BSX/WMB,BSX,WMB,long_z_short_v,-2581.420622257422,-0.29335732355743666,-0.3276491804724036,6.4326030130807526e-15,50,2,2025-12-10
MSCI/SCHW,MSCI,SCHW,long_z_short_v,10704.52082372168,1.827207527251217,-0.3276491804724036,1.0,30,2,2025-12-10
HAS/YUM,HAS,YUM,deep_dislocation,16331.33823826182,2.0059344286016434,-0.3897158496671021,0.9999999999999989,20,2,2025-12-10
CSCO/PAYC,CSCO,PAYC,deep_dislocation,2528.807369391951,0.2108844479853352,-0.3897158496671021,0.9935353626189123,18,2,2025-12-10
TXT/YUM,TXT,YUM,deep_dislocation,60.44524228162845,0.006071182513612281,-0.3897158496671021,0.02393762068189322,26,2,2025-12-10
EXR/WY,EXR,WY,deep_dislocation,-587.3105831790347,-0.07148993689809058,-0.3897158496671021,0.0004144351407218361,14,2,2025-12-10
ATO/PCG,ATO,PCG,deep_dislocation,-4112.461985736851,-0.32440218230963247,-0.3897158496671021,6.303917746770402e-14,28,2,2025-12-10
BIIB/HCA,BIIB,HCA,deep_dislocation,3361.758639978553,0.3359896060675718,-0.3897158496671021,0.9998367021852488,16,2,2025-12-10
CDNS/PTC,CDNS,PTC,deep_dislocation,20715.72999999996,1.4968113442254687,-0.3897158496671021,0.9999982102980501,22,2,2025-12-10
EVRG/PCG,EVRG,PCG,deep_dislocation,-13920.5974477995,-1.014873728343351,-0.3897158496671021,1.6126895797477904e-28,30,2,2025-12-10
RTX/SNA,RTX,SNA,deep_dislocation,915.2808500834358,0.1756581153590214,-0.3897158496671021,0.8770403961028108,12,2,2025-12-10
MSCI/PRU,MSCI,PRU,deep_dislocation,6128.061425605451,0.7614612948651185,-0.3897158496671021,0.9999999851673169,14,2,2025-12-10
AKAM/KEYS,AKAM,KEYS,deep_dislocation,6802.349999999997,0.5772436731776818,-0.3897158496671021,0.9995354199554466,10,2,2025-12-10
CINF/FMC,CINF,FMC,deep_dislocation,-26855.86259855113,-1.5234314437319119,-0.3897158496671021,1.7849281483579627e-30,38,2,2025-12-10
AON/KKR,AON,KKR,deep_dislocation,3543.212623887176,0.32512058016678386,-0.3897158496671021,0.999945231206858,20,2,2025-12-10
BSX/WMB,BSX,WMB,deep_dislocation,-911.6789643127922,-0.09322734724354903,-0.3897158496671021,6.339592250003572e-05,28,2,2025-12-10
MSCI/SCHW,MSCI,SCHW,deep_dislocation,-6198.355720511258,-0.8345748972929665,-0.3897158496671021,5.2838917327422105e-06,18,2,2025-12-10
HAS/YUM,HAS,YUM,fast_signal_tight_stop,-5235.133749661147,-0.5846949067512779,-0.4167876096594022,3.592196361956565e-08,56,2,2025-12-10
CSCO/PAYC,CSCO,PAYC,fast_signal_tight_stop,-1744.012242068638,-0.15341708972520818,-0.4167876096594022,9.26424470101959e-06,48,2,2025-12-10
TXT/YUM,TXT,YUM,fast_signal_tight_stop,-1805.876271173417,-0.25611507028058556,-0.4167876096594022,5.796248373163516e-13,52,2,2025-12-10
EXR/WY,EXR,WY,fast_signal_tight_stop,5694.90669792472,0.7977997873765955,-0.4167876096594022,1.0,70,2,2025-12-10
ATO/PCG,ATO,PCG,fast_signal_tight_stop,11458.10607941996,1.4074524577051115,-0.4167876096594022,0.9999999999202722,56,2,2025-12-10
BIIB/HCA,BIIB,HCA,fast_signal_tight_stop,3875.526100604547,0.5095405404037108,-0.4167876096594022,0.99999999848461,50,2,2025-12-10
CDNS/PTC,CDNS,PTC,fast_signal_tight_stop,1132.329999999988,0.1360323905367255,-0.4167876096594022,0.7700047576932543,50,2,2025-12-10
EVRG/PCG,EVRG,PCG,fast_signal_tight_stop,1465.544240557224,0.21917851467825142,-0.4167876096594022,0.9401051595548168,54,2,2025-12-10
RTX/SNA,RTX,SNA,fast_signal_tight_stop,9148.059311304107,1.2450616369197958,-0.4167876096594022,0.9999999946944976,52,2,2025-12-10
MSCI/PRU,MSCI,PRU,fast_signal_tight_stop,-5886.492483588261,-1.1185550871459544,-0.4167876096594022,6.346701254585918e-22,48,2,2025-12-10
AKAM/KEYS,AKAM,KEYS,fast_signal_tight_stop,-9842.740000000038,-0.9930204786331776,-0.4167876096594022,2.8910970699899223e-06,44,2,2025-12-10
CINF/FMC,CINF,FMC,fast_signal_tight_stop,-6353.138700339367,-0.64494525473686,-0.4167876096594022,1.341721222536346e-19,52,2,2025-12-10
AON/KKR,AON,KKR,fast_signal_tight_stop,14053.87041627064,0.9842462574661234,-0.4167876096594022,0.9999999986938561,60,2,2025-12-10
BSX/WMB,BSX,WMB,fast_signal_tight_stop,-6205.006552930657,-0.6597913662065275,-0.4167876096594022,5.749685842878027e-17,64,2,2025-12-10
MSCI/SCHW,MSCI,SCHW,fast_signal_tight_stop,837.7192010616627,0.08943253243846606,-0.4167876096594022,0.38862110860950366,66,2,2025-12-10
HAS/YUM,HAS,YUM,slow_reentry,6240.666959269801,0.5444040322972888,-0.4220843204049177,0.9940299910610306,38,2,2025-12-10
CSCO/PAYC,CSCO,PAYC,slow_reentry,12438.58001281054,1.365136966275569,-0.4220843204049177,0.9999967755796425,46,2,2025-12-10
TXT/YUM,TXT,YUM,slow_reentry,-3424.442717423346,-0.45925896026197743,-0.4220843204049177,9.345753233305962e-20,50,2,2025-12-10
EXR/WY,EXR,WY,slow_reentry,4509.065081668294,0.4854955586637786,-0.4220843204049177,0.9999999984682956,44,2,2025-12-10
ATO/PCG,ATO,PCG,slow_reentry,-2493.536929604616,-0.38434094762807935,-0.4220843204049177,5.5819665714309176e-18,40,2,2025-12-10
BIIB/HCA,BIIB,HCA,slow_reentry,3686.828926590294,0.3766034924336032,-0.4220843204049177,0.9999969692216976,50,2,2025-12-10
CDNS/PTC,CDNS,PTC,slow_reentry,-2315.360000000011,-0.24687471384090268,-0.4220843204049177,1.40378278838318e-06,46,2,2025-12-10
EVRG/PCG,EVRG,PCG,slow_reentry,-2151.793524537296,-0.2890756693754635,-0.4220843204049177,4.9070582437246184e-11,40,2,2025-12-10
RTX/SNA,RTX,SNA,slow_reentry,4489.670469664559,0.7601522717660769,-0.4220843204049177,0.9999996858231569,42,2,2025-12-10
MSCI/PRU,MSCI,PRU,slow_reentry,2103.370910704435,0.4355866124420613,-0.4220843204049177,0.9999798422015622,30,2,2025-12-10
AKAM/KEYS,AKAM,KEYS,slow_reentry,-643.7899999999959,-0.07594288398303113,-0.4220843204049177,0.0006661492714989167,30,2,2025-12-10
CINF/FMC,CINF,FMC,slow_reentry,-12156.57929715293,-1.3172749883404493,-0.4220843204049177,4.540443429030821e-16,34,2,2025-12-10
AON/KKR,AON,KKR,slow_reentry,1835.18639946534,0.18464362175019883,-0.4220843204049177,0.9654905132396597,42,2,2025-12-10
BSX/WMB,BSX,WMB,slow_reentry,5118.080614354539,0.5612518414202546,-0.4220843204049177,0.9998502062174356,52,2,2025-12-10
MSCI/SCHW,MSCI,SCHW,slow_reentry,-5115.105270790207,-0.7687893028261452,-0.4220843204049177,7.376518771029477e-12,36,2,2025-12-10
HAS/YUM,HAS,YUM,high_entry,9071.78825254133,2.1371600369425554,-0.4528754909713305,0.9999999971125285,18,2,2025-12-10
CSCO/PAYC,CSCO,PAYC,high_entry,3228.942956206104,0.4129013808884248,-0.4528754909713305,0.9995217169262441,18,2,2025-12-10
TXT/YUM,TXT,YUM,high_entry,-1385.313916291395,-0.25368835064129075,-0.4528754909713305,7.708123590015077e-10,26,2,2025-12-10
EXR/WY,EXR,WY,high_entry,986.0759712297706,0.18794050108093052,-0.4528754909713305,0.958725096436874,20,2,2025-12-10
ATO/PCG,ATO,PCG,high_entry,-10047.93624861215,-1.7427201548297644,-0.4528754909713305,3.0995770501895315e-09,40,2,2025-12-10
BIIB/HCA,BIIB,HCA,high_entry,836.2223710113635,0.13397061912242222,-0.4528754909713305,0.7210028694376406,18,2,2025-12-10
CDNS/PTC,CDNS,PTC,high_entry,8672.709999999983,1.119495202344058,-0.4528754909713305,0.9999995093526672,24,2,2025-12-10
EVRG/PCG,EVRG,PCG,high_entry,-1510.598614379051,-0.20065559179762849,-0.4528754909713305,1.5612347502792095e-09,38,2,2025-12-10
RTX/SNA,RTX,SNA,high_entry,3370.863441023032,0.9848532498270343,-0.4528754909713305,0.9999968290716733,18,2,2025-12-10
MSCI/PRU,MSCI,PRU,high_entry,2024.844415125508,0.4008532060513645,-0.4528754909713305,0.9999902663059707,20,2,2025-12-10
AKAM/KEYS,AKAM,KEYS,high_entry,7661.61999999999,1.1419776636831598,-0.4528754909713305,0.9996567552757012,20,2,2025-12-10
CINF/FMC,CINF,FMC,high_entry,-7861.757757007153,-0.840003860122271,-0.4528754909713305,2.9768395405981584e-19,34,2,2025-12-10
AON/KKR,AON,KKR,high_entry,-1893.769899528254,-0.28184778637594926,-0.4528754909713305,3.119826769001404e-05,22,2,2025-12-10
BSX/WMB,BSX,WMB,high_entry,2568.503510966787,0.4847291204446813,-0.4528754909713305,0.9999931295526387,28,2,2025-12-10
MSCI/SCHW,MSCI,SCHW,high_entry,-2096.924218595057,-0.4459477430526509,-0.4528754909713305,8.90490964678474e-06,22,2,2025-12-10
HAS/YUM,HAS,YUM,vol_adaptive,8255.623320377197,0.7322132776231293,-0.499729672609312,0.9999899171473904,58,2,2025-12-10
CSCO/PAYC,CSCO,PAYC,vol_adaptive,1423.533588698152,0.12865846868049916,-0.499729672609312,0.6795297648802627,46,2,2025-12-10
TXT/YUM,TXT,YUM,vol_adaptive,-523.3264894615586,-0.06552117817658494,-0.499729672609312,0.00029453738585804955,58,2,2025-12-10
EXR/WY,EXR,WY,vol_adaptive,4569.243080329731,0.492064048249608,-0.499729672609312,0.9999999974473142,50,2,2025-12-10
ATO/PCG,ATO,PCG,vol_adaptive,-4642.539730199232,-0.578137511756516,-0.499729672609312,2.041749087779451e-28,54,2,2025-12-10
BIIB/HCA,BIIB,HCA,vol_adaptive,7826.388557735971,0.7326526010762798,-0.499729672609312,0.9999999999999183,80,2,2025-12-10
CDNS/PTC,CDNS,PTC,vol_adaptive,-753.9200000000064,-0.07197679277166008,-0.499729672609312,0.0004022165352325262,70,2,2025-12-10
EVRG/PCG,EVRG,PCG,vol_adaptive,-673.643725935055,-0.08444604044205803,-0.499729672609312,2.774297001123324e-05,60,2,2025-12-10
RTX/SNA,RTX,SNA,vol_adaptive,3027.756151799696,0.46430825711784385,-0.499729672609312,0.9999998439298893,48,2,2025-12-10
MSCI/PRU,MSCI,PRU,vol_adaptive,-2867.148425911052,-0.43940233981264054,-0.499729672609312,1.3734036905472565e-12,44,2,2025-12-10
AKAM/KEYS,AKAM,KEYS,vol_adaptive,10437.12,1.1113866981732978,-0.499729672609312,0.9999997972432262,50,2,2025-12-10
CINF/FMC,CINF,FMC,vol_adaptive,-4486.861402321176,-0.41555336478519384,-0.499729672609312,2.577016925392996e-18,48,2,2025-12-10
AON/KKR,AON,KKR,vol_adaptive,-250.9493130251983,-0.019760134791220966,-0.499729672609312,0.0069815931886654655,70,2,2025-12-10
BSX/WMB,BSX,WMB,vol_adaptive,-2135.392642991066,-0.22357979171855938,-0.499729672609312,1.5135008960699245e-14,72,2,2025-12-10
MSCI/SCHW,MSCI,SCHW,vol_adaptive,-12236.3161005128,-1.2782314536869717,-0.499729672609312,7.801535638547167e-13,58,2,2025-12-10
HAS/YUM,HAS,YUM,medium_signal_high_leverage,17978.69148377121,1.3453636725023703,-0.6331508659331352,0.999999999922201,46,2,2025-12-10
CSCO/PAYC,CSCO,PAYC,medium_signal_high_leverage,10272.44731853445,0.668566232445329,-0.6331508659331352,0.9999994833956167,44,2,2025-12-10
TXT/YUM,TXT,YUM,medium_signal_high_leverage,-2334.26050631629,-0.18575113688695535,-0.6331508659331352,1.736208740104472e-08,46,2,2025-12-10
EXR/WY,EXR,WY,medium_signal_high_leverage,1784.701110974818,0.1357576096777247,-0.6331508659331352,0.7371331046605744,44,2,2025-12-10
ATO/PCG,ATO,PCG,medium_signal_high_leverage,-4119.100761055221,-0.29664819735447956,-0.6331508659331352,9.478008840774174e-15,46,2,2025-12-10
BIIB/HCA,BIIB,HCA,medium_signal_high_leverage,9565.146823197432,0.6237808765573287,-0.6331508659331352,0.9999999999884324,54,2,2025-12-10
CDNS/PTC,CDNS,PTC,medium_signal_high_leverage,-4053.789999999998,-0.27585020180444203,-0.6331508659331352,1.3660532017443825e-07,44,2,2025-12-10
EVRG/PCG,EVRG,PCG,medium_signal_high_leverage,-21471.52143770397,-1.564268000217144,-0.6331508659331352,2.374060504002176e-26,48,2,2025-12-10
RTX/SNA,RTX,SNA,medium_signal_high_leverage,-2138.3951845175,-0.22681493897297106,-0.6331508659331352,7.433404442701946e-14,46,2,2025-12-10
MSCI/PRU,MSCI,PRU,medium_signal_high_leverage,8391.646923127098,0.8930043800534547,-0.6331508659331352,0.9999999999911906,34,2,2025-12-10
AKAM/KEYS,AKAM,KEYS,medium_signal_high_leverage,12414.50000000004,0.9078706586855947,-0.6331508659331352,0.9999983780600056,36,2,2025-12-10
CINF/FMC,CINF,FMC,medium_signal_high_leverage,-22959.59003585,-1.289035228656868,-0.6331508659331352,4.2183385796142276e-33,42,2,2025-12-10
AON/KKR,AON,KKR,medium_signal_high_leverage,-8194.926184732642,-0.429594159130981,-0.6331508659331352,1.2777962464809187e-13,48,2,2025-12-10
BSX/WMB,BSX,WMB,medium_signal_high_leverage,-1301.4286351826,-0.10697595626598319,-0.6331508659331352,5.02151570198453e-06,60,2,2025-12-10
MSCI/SCHW,MSCI,SCHW,medium_signal_high_leverage,-3133.547817776869,-0.3001177965367803,-0.6331508659331352,1.3068023025547957e-09,44,2,2025-12-10
HAS/YUM,HAS,YUM,aggressive,31798.88871708852,1.7529735109610856,-0.6411000374197667,0.999999830478737,78,2,2025-12-10
CSCO/PAYC,CSCO,PAYC,aggressive,94.54196016064338,0.005218535028123847,-0.6411000374197667,0.022947194924024385,74,2,2025-12-10
TXT/YUM,TXT,YUM,aggressive,-5221.745009631745,-0.34075994582628355,-0.6411000374197667,5.945380756181977e-14,88,2,2025-12-10
EXR/WY,EXR,WY,aggressive,3803.48152097577,0.25158749730758245,-0.6411000374197667,0.9983106587680107,76,2,2025-12-10
ATO/PCG,ATO,PCG,aggressive,-12436.12856851115,-0.7582471091610609,-0.6411000374197667,4.518137991203086e-27,76,2,2025-12-10
BIIB/HCA,BIIB,HCA,aggressive,22643.86948910872,1.262812088546352,-0.6411000374197667,1.0,106,2,2025-12-10
CDNS/PTC,CDNS,PTC,aggressive,-7235.410000000069,-0.41435204652939267,-0.6411000374197667,1.5352195275635724e-12,84,2,2025-12-10
EVRG/PCG,EVRG,PCG,aggressive,-35813.25489265019,-1.8911524124988188,-0.6411000374197667,1.3621222224398118e-23,66,2,2025-12-10
RTX/SNA,RTX,SNA,aggressive,3375.327092827187,0.24596317894694986,-0.6411000374197667,0.9752910797806136,86,2,2025-12-10
MSCI/PRU,MSCI,PRU,aggressive,5347.550440940025,0.3367789627923708,-0.6411000374197667,0.9999348235939832,66,2,2025-12-10
AKAM/KEYS,AKAM,KEYS,aggressive,16234.22000000007,0.7285321358628025,-0.6411000374197667,0.9999988224994009,64,2,2025-12-10
CINF/FMC,CINF,FMC,aggressive,-23974.39892508739,-1.1157705739065427,-0.6411000374197667,1.7078412234239817e-37,68,2,2025-12-10
AON/KKR,AON,KKR,aggressive,-10669.88003747481,-0.507585536895691,-0.6411000374197667,4.6171997847014345e-16,84,2,2025-12-10
BSX/WMB,BSX,WMB,aggressive,-11162.20761560334,-0.6056790691499577,-0.6411000374197667,6.718511856615956e-29,104,2,2025-12-10
MSCI/SCHW,MSCI,SCHW,aggressive,-2103.665676073018,-0.1332134861606601,-0.6411000374197667,1.0835095569564978e-06,90,2,2025-12-10
HAS/YUM,HAS,YUM,balanced_plus,4340.233857955226,0.48765758631668843,-0.7076199061742126,0.9999995477689506,48,2,2025-12-10
CSCO/PAYC,CSCO,PAYC,balanced_plus,407.184148744388,0.03752192328876051,-0.7076199061742126,0.08784352069950596,46,2,2025-12-10
TXT/YUM,TXT,YUM,balanced_plus,-5085.437558175095,-0.5758122995549918,-0.7076199061742126,8.818104913557706e-23,58,2,2025-12-10
EXR/WY,EXR,WY,balanced_plus,4994.102911299939,0.6418952980976287,-0.7076199061742126,1.0,44,2,2025-12-10
ATO/PCG,ATO,PCG,balanced_plus,-6825.348839328672,-0.881613562813047,-0.7076199061742126,6.726732025623829e-25,58,2,2025-12-10
BIIB/HCA,BIIB,HCA,balanced_plus,1087.915250179395,0.11622668099343463,-0.7076199061742126,0.591952776121,54,2,2025-12-10
CDNS/PTC,CDNS,PTC,balanced_plus,3333.59999999996,0.35082534178888886,-0.7076199061742126,0.9999825255271684,54,2,2025-12-10
EVRG/PCG,EVRG,PCG,balanced_plus,-4952.816704340996,-0.5991956431250316,-0.7076199061742126,9.245924152691117e-16,54,2,2025-12-10
RTX/SNA,RTX,SNA,balanced_plus,2008.49072683427,0.3282147716793889,-0.7076199061742126,0.9888858555941374,56,2,2025-12-10
MSCI/PRU,MSCI,PRU,balanced_plus,1363.778149356226,0.24583983181105118,-0.7076199061742126,0.9951160094158596,40,2,2025-12-10
AKAM/KEYS,AKAM,KEYS,balanced_plus,9729.030000000002,1.1527565056919575,-0.7076199061742126,0.9999998404460515,42,2,2025-12-10
CINF/FMC,CINF,FMC,balanced_plus,-9243.97431622335,-0.9466127760735022,-0.7076199061742126,1.1492797705419017e-19,42,2,2025-12-10
AON/KKR,AON,KKR,balanced_plus,-5643.992733580526,-0.4822847575033195,-0.7076199061742126,1.5815362415098348e-14,56,2,2025-12-10
BSX/WMB,BSX,WMB,balanced_plus,3021.024004571847,0.3518593323111233,-0.7076199061742126,0.9999640932210924,68,2,2025-12-10
MSCI/SCHW,MSCI,SCHW,balanced_plus,1487.357379973942,0.18510367238056832,-0.7076199061742126,0.9270094937613226,56,2,2025-12-10
HAS/YUM,HAS,YUM,low_entry,8663.773765181111,0.5976043335229025,-0.7537975399906068,0.9998949432652362,78,2,2025-12-10
CSCO/PAYC,CSCO,PAYC,low_entry,-5822.225526147494,-0.4623060215299679,-0.7537975399906068,1.842540794591471e-11,80,2,2025-12-10
TXT/YUM,TXT,YUM,low_entry,1726.986273321117,0.1934447217262814,-0.7537975399906068,0.9476220283636095,80,2,2025-12-10
EXR/WY,EXR,WY,low_entry,2458.242249070634,0.2913469452185196,-0.7537975399906068,0.9998524117646502,78,2,2025-12-10
ATO/PCG,ATO,PCG,low_entry,-8256.953132855437,-0.7167515042009557,-0.7537975399906068,2.276993054527336e-28,94,2,2025-12-10
BIIB/HCA,BIIB,HCA,low_entry,955.672351435579,0.08572138961858154,-0.7537975399906068,0.3537270310742143,104,2,2025-12-10
CDNS/PTC,CDNS,PTC,low_entry,-2762.820000000019,-0.2467152068985749,-0.7537975399906068,9.361878607783868e-09,84,2,2025-12-10
EVRG/PCG,EVRG,PCG,low_entry,-18051.26417894039,-1.5078242864383058,-0.7537975399906068,6.161511538994272e-17,98,2,2025-12-10
RTX/SNA,RTX,SNA,low_entry,2871.531295945111,0.33805158518318495,-0.7537975399906068,0.9985721967015035,76,2,2025-12-10
MSCI/PRU,MSCI,PRU,low_entry,12023.32291410997,1.122755376296743,-0.7537975399906068,0.9999997442037085,70,2,2025-12-10
AKAM/KEYS,AKAM,KEYS,low_entry,5178.880000000006,0.4627593093281193,-0.7537975399906068,0.9999996812830322,58,2,2025-12-10
CINF/FMC,CINF,FMC,low_entry,8925.108891299924,0.2927143638995995,-0.7537975399906068,0.9906912436883718,86,2,2025-12-10
AON/KKR,AON,KKR,low_entry,-16771.00122793863,-1.0598617059166204,-0.7537975399906068,5.217658717686376e-33,114,2,2025-12-10
BSX/WMB,BSX,WMB,low_entry,-2047.741757122562,-0.17979794525029086,-0.7537975399906068,1.7684425712765415e-09,98,2,2025-12-10
MSCI/SCHW,MSCI,SCHW,low_entry,-8525.501042262273,-0.8569821973416841,-0.7537975399906068,2.7903651514966188e-18,74,2,2025-12-10
HAS/YUM,HAS,YUM,tight_stop,4296.124178732315,0.38296301258856763,-0.8027621371496857,0.9797048689476333,46,2,2025-12-10
CSCO/PAYC,CSCO,PAYC,tight_stop,6494.329582253584,0.7525605626552515,-0.8027621371496857,0.9999885989692497,46,2,2025-12-10
TXT/YUM,TXT,YUM,tight_stop,-3610.472123180278,-0.575693665026192,-0.8027621371496857,2.3531028176993555e-19,56,2,2025-12-10
EXR/WY,EXR,WY,tight_stop,6168.863648691309,0.897381539604165,-0.8027621371496857,0.9999713849580278,42,2,2025-12-10
ATO/PCG,ATO,PCG,tight_stop,-4395.370614249257,-0.5829208786581874,-0.8027621371496857,3.571090194297584e-15,56,2,2025-12-10
BIIB/HCA,BIIB,HCA,tight_stop,-2695.599175457057,-0.29035821233510883,-0.8027621371496857,1.689385046664605e-10,54,2,2025-12-10
CDNS/PTC,CDNS,PTC,tight_stop,-6252.720000000005,-0.6671372037686241,-0.8027621371496857,1.9404409541856918e-09,48,2,2025-12-10
EVRG/PCG,EVRG,PCG,tight_stop,-7512.818808110611,-1.0078092145041668,-0.8027621371496857,9.187959102873045e-13,66,2,2025-12-10
RTX/SNA,RTX,SNA,tight_stop,2408.719599267878,0.3383518648518949,-0.8027621371496857,0.9917853382165019,52,2,2025-12-10
MSCI/PRU,MSCI,PRU,tight_stop,5757.718005158134,1.0152679810062313,-0.8027621371496857,0.9999999999960035,38,2,2025-12-10
AKAM/KEYS,AKAM,KEYS,tight_stop,-5436.579999999999,-0.8268301853088793,-0.8027621371496857,2.242706461489577e-11,38,2,2025-12-10
CINF/FMC,CINF,FMC,tight_stop,-7809.16996344749,-0.9608322548497192,-0.8027621371496857,1.1570362238518832e-15,46,2,2025-12-10
AON/KKR,AON,KKR,tight_stop,7048.075077355657,0.8424238870090731,-0.8027621371496857,0.9999999986709696,46,2,2025-12-10
BSX/WMB,BSX,WMB,tight_stop,6458.967415392241,0.7095818072376634,-0.8027621371496857,0.9999781492196093,64,2,2025-12-10
MSCI/SCHW,MSCI,SCHW,tight_stop,-3031.697517936364,-0.44899265245751624,-0.8027621371496857,3.894027339838193e-12,54,2,2025-12-10
HAS/YUM,HAS,YUM,high_vol_specialist,8996.282756247452,1.368942084155351,-0.8888915252268375,1.0,36,2,2025-12-10
CSCO/PAYC,CSCO,PAYC,high_vol_specialist,6623.454648634581,0.7241593004554941,-0.8888915252268375,0.9999981683625024,30,2,2025-12-10
TXT/YUM,TXT,YUM,high_vol_specialist,-3290.940372264961,-0.3589526325226471,-0.8888915252268375,1.724108611693125e-09,36,2,2025-12-10
EXR/WY,EXR,WY,high_vol_specialist,7007.083631169364,1.0526009997846646,-0.8888915252268375,1.0,30,2,2025-12-10
ATO/PCG,ATO,PCG,high_vol_specialist,-5445.472629605434,-0.4807012954958014,-0.8888915252268375,7.058249323366006e-28,50,2,2025-12-10
BIIB/HCA,BIIB,HCA,high_vol_specialist,4750.31358087797,0.6867562617070608,-0.8888915252268375,0.9999999996367803,28,2,2025-12-10
CDNS/PTC,CDNS,PTC,high_vol_specialist,2753.429999999968,0.3287932883799896,-0.8888915252268375,0.9999558313366792,38,2,2025-12-10
EVRG/PCG,EVRG,PCG,high_vol_specialist,-13081.43733065227,-1.026364032930046,-0.8888915252268375,7.143979548388521e-26,48,2,2025-12-10
RTX/SNA,RTX,SNA,high_vol_specialist,4561.721875086439,1.1414887502669409,-0.8888915252268375,0.9999999999679118,26,2,2025-12-10
MSCI/PRU,MSCI,PRU,high_vol_specialist,13189.13306478776,1.4066471066605635,-0.8888915252268375,0.9999377726733562,26,2,2025-12-10
AKAM/KEYS,AKAM,KEYS,high_vol_specialist,-10449.69999999999,-0.6433693968377833,-0.8888915252268375,3.2307996685485505e-06,36,2,2025-12-10
CINF/FMC,CINF,FMC,high_vol_specialist,-17709.6335010255,-1.433612168322446,-0.8888915252268375,5.5860002715598946e-36,24,2,2025-12-10
AON/KKR,AON,KKR,high_vol_specialist,-1404.369187957147,-0.16595019054952748,-0.8888915252268375,3.060810319235043e-05,32,2,2025-12-10
BSX/WMB,BSX,WMB,high_vol_specialist,1305.996225309525,0.16894201108523013,-0.8888915252268375,0.8918351152597845,38,2,2025-12-10
MSCI/SCHW,MSCI,SCHW,high_vol_specialist,-5423.608713749751,-0.6680444574135352,-0.8888915252268375,7.673464371886998e-15,38,2,2025-12-10
HAS/YUM,HAS,YUM,high_leverage,9891.09082418341,0.5704426630465911,-0.8942626117035273,0.9962084935900999,42,2,2025-12-10
CSCO/PAYC,CSCO,PAYC,high_leverage,4702.406358371451,0.31716634171832875,-0.8942626117035273,0.9998677627208893,52,2,2025-12-10
TXT/YUM,TXT,YUM,high_leverage,-7753.363228629373,-0.6208470291992427,-0.8942626117035273,7.916297705933692e-24,54,2,2025-12-10
EXR/WY,EXR,WY,high_leverage,9619.724253749562,0.6860108164325462,-0.8942626117035273,0.9999999999913792,50,2,2025-12-10
ATO/PCG,ATO,PCG,high_leverage,-7509.82172855815,-0.5675479024340192,-0.8942626117035273,9.760293388683148e-21,44,2,2025-12-10
BIIB/HCA,BIIB,HCA,high_leverage,-1941.819004257702,-0.13656356877998976,-0.8942626117035273,3.925411992286136e-06,46,2,2025-12-10
CDNS/PTC,CDNS,PTC,high_leverage,-5172.040000000037,-0.3737628520865141,-0.8942626117035273,9.54371726747422e-08,44,2,2025-12-10
EVRG/PCG,EVRG,PCG,high_leverage,-19762.7230650561,-1.390967682244394,-0.8942626117035273,3.139428784657307e-23,50,2,2025-12-10
RTX/SNA,RTX,SNA,high_leverage,4831.882331381494,0.45231813032128315,-0.8942626117035273,0.998844536514507,52,2,2025-12-10
MSCI/PRU,MSCI,PRU,high_leverage,8569.158779859707,0.8469147028831048,-0.8942626117035273,0.9999999999998603,34,2,2025-12-10
AKAM/KEYS,AKAM,KEYS,high_leverage,1573.410000000015,0.12283466572992645,-0.8942626117035273,0.6386094554617593,32,2,2025-12-10
CINF/FMC,CINF,FMC,high_leverage,-20387.99857777513,-1.1722936255657785,-0.8942626117035273,5.414412102082765e-27,40,2,2025-12-10
AON/KKR,AON,KKR,high_leverage,2613.027055209468,0.1658128485782268,-0.8942626117035273,0.9187847654996762,46,2,2025-12-10
BSX/WMB,BSX,WMB,high_leverage,2964.804644440164,0.19065120887773182,-0.8942626117035273,0.9078212427415924,60,2,2025-12-10
MSCI/SCHW,MSCI,SCHW,high_leverage,-7455.336672656425,-0.7031035181384339,-0.8942626117035273,2.218326922272929e-13,42,2,2025-12-10
HAS/YUM,HAS,YUM,quick_exit,3572.315755551799,0.3176435096436674,-0.9212329212659642,0.9633199768331537,46,2,2025-12-10
CSCO/PAYC,CSCO,PAYC,quick_exit,8290.080555099255,0.9190684281273362,-0.9212329212659642,0.9999973110597952,46,2,2025-12-10
TXT/YUM,TXT,YUM,quick_exit,-3289.184701714906,-0.540775027032195,-0.9212329212659642,4.760812874944605e-18,56,2,2025-12-10
EXR/WY,EXR,WY,quick_exit,6499.132021867093,0.9433117309099648,-0.9212329212659642,0.9999731616453825,42,2,2025-12-10
ATO/PCG,ATO,PCG,quick_exit,-5778.929657156392,-0.773220346190821,-0.9212329212659642,7.618523543600283e-15,58,2,2025-12-10
BIIB/HCA,BIIB,HCA,quick_exit,-2863.199187997378,-0.30485248645042995,-0.9212329212659642,4.4438906915232753e-11,54,2,2025-12-10
CDNS/PTC,CDNS,PTC,quick_exit,-8007.950000000019,-0.8092861085156117,-0.9212329212659642,4.478895109278494e-11,50,2,2025-12-10
EVRG/PCG,EVRG,PCG,quick_exit,-5338.150009677008,-0.7239816494635433,-0.9212329212659642,4.685113952691751e-13,64,2,2025-12-10
RTX/SNA,RTX,SNA,quick_exit,3555.417530359382,0.48524261753156833,-0.9212329212659642,0.999449769074094,52,2,2025-12-10
MSCI/PRU,MSCI,PRU,quick_exit,9458.886026457643,1.4676716567115675,-0.9212329212659642,0.9999999999999266,42,2,2025-12-10
AKAM/KEYS,AKAM,KEYS,quick_exit,-6593.97999999999,-0.9867573930925789,-0.9212329212659642,2.8835299600181907e-11,38,2,2025-12-10
CINF/FMC,CINF,FMC,quick_exit,-9685.193962899903,-1.3186402678765134,-0.9212329212659642,2.022644048333586e-17,46,2,2025-12-10
AON/KKR,AON,KKR,quick_exit,4158.565833952299,0.4944264252389696,-0.9212329212659642,0.9999999811654494,50,2,2025-12-10
BSX/WMB,BSX,WMB,quick_exit,5749.841648093902,0.628269119006081,-0.9212329212659642,0.9999511829246563,64,2,2025-12-10
MSCI/SCHW,MSCI,SCHW,quick_exit,-5053.900627536139,-0.7535142550555385,-0.9212329212659642,1.3412529890455557e-12,54,2,2025-12-10
HAS/YUM,HAS,YUM,symmetric_exit,7033.450983698107,1.199886087152288,-0.9606402798526744,0.9999999999982893,32,2,2025-12-10
CSCO/PAYC,CSCO,PAYC,symmetric_exit,5072.207649326194,0.6073436797941428,-0.9606402798526744,0.9999330414521503,32,2,2025-12-10
TXT/YUM,TXT,YUM,symmetric_exit,-1427.426870501117,-0.22189358240570828,-0.9606402798526744,1.1449814705301914e-09,40,2,2025-12-10
EXR/WY,EXR,WY,symmetric_exit,3447.942310776049,0.5705400365446756,-0.9606402798526744,0.9999999999236572,38,2,2025-12-10
ATO/PCG,ATO,PCG,symmetric_exit,-7039.088197867291,-1.1421166917612275,-0.9606402798526744,9.3862882618528e-12,54,2,2025-12-10
BIIB/HCA,BIIB,HCA,symmetric_exit,-2660.313302651768,-0.3230340293273661,-0.9606402798526744,1.0302883245213627e-09,46,2,2025-12-10
CDNS/PTC,CDNS,PTC,symmetric_exit,1876.529999999996,0.2251208345549054,-0.9606402798526744,0.9965557776898234,40,2,2025-12-10
EVRG/PCG,EVRG,PCG,symmetric_exit,1942.844342667968,0.24203950598015023,-0.9606402798526744,0.9792697373229547,50,2,2025-12-10
RTX/SNA,RTX,SNA,symmetric_exit,1925.712246346954,0.3228480419804482,-0.9606402798526744,0.997818961034502,36,2,2025-12-10
MSCI/PRU,MSCI,PRU,symmetric_exit,3251.915945749743,0.6778920186385029,-0.9606402798526744,0.9999992424952442,22,2,2025-12-10
AKAM/KEYS,AKAM,KEYS,symmetric_exit,2501.409999999997,0.31301112607463705,-0.9606402798526744,0.9944236522447369,24,2,2025-12-10
CINF/FMC,CINF,FMC,symmetric_exit,-8545.329393704831,-0.9188787810368682,-0.9606402798526744,6.592526846578057e-19,40,2,2025-12-10
AON/KKR,AON,KKR,symmetric_exit,-2803.337773611962,-0.35370197231636846,-0.9606402798526744,9.765963744167583e-07,32,2,2025-12-10
BSX/WMB,BSX,WMB,symmetric_exit,-265.1627309784067,-0.04348630267398517,-0.9606402798526744,0.001084160815159766,40,2,2025-12-10
MSCI/SCHW,MSCI,SCHW,symmetric_exit,-4411.098026546802,-0.9036274799654157,-0.9606402798526744,7.741583497640089e-23,36,2,2025-12-10
HAS/YUM,HAS,YUM,default,7304.74870840108,0.6376829526251749,-1.0910603480141166,0.9965745162667553,42,2,2025-12-10
CSCO/PAYC,CSCO,PAYC,default,3338.337573114653,0.3395456938839657,-1.0910603480141166,0.9999262419230921,52,2,2025-12-10
TXT/YUM,TXT,YUM,default,-5479.416181855048,-0.721602319852422,-1.0910603480141166,1.728075980294426e-26,52,2,2025-12-10
EXR/WY,EXR,WY,default,4144.66298442213,0.4563138701136188,-1.0910603480141166,0.9999999936636442,48,2,2025-12-10
ATO/PCG,ATO,PCG,default,-3739.722588506357,-0.4917928254227029,-1.0910603480141166,7.201332842032705e-16,54,2,2025-12-10
BIIB/HCA,BIIB,HCA,default,-2726.098419119983,-0.29375249039445606,-1.0910603480141166,1.2346437345795737e-10,54,2,2025-12-10
CDNS/PTC,CDNS,PTC,default,-3295.390000000019,-0.3527499462880136,-1.0910603480141166,9.695417804725095e-08,46,2,2025-12-10
EVRG/PCG,EVRG,PCG,default,-8388.217335824738,-1.0067399081680048,-1.0910603480141166,1.0451606365503315e-14,58,2,2025-12-10
RTX/SNA,RTX,SNA,default,3268.179423640152,0.4574780163812766,-1.0910603480141166,0.9989497439894465,52,2,2025-12-10
MSCI/PRU,MSCI,PRU,default,4528.911044947801,0.8093738948304869,-1.0910603480141166,0.999999999941482,36,2,2025-12-10
AKAM/KEYS,AKAM,KEYS,default,-348.9300000000067,-0.040446048605769225,-1.0910603480141166,0.002927298171835846,38,2,2025-12-10
CINF/FMC,CINF,FMC,default,-6280.027430700176,-0.5988337145662287,-1.0910603480141166,6.63159583375122e-19,44,2,2025-12-10
AON/KKR,AON,KKR,default,-356.6932216455061,-0.03531884872803737,-1.0910603480141166,0.00366953226232625,46,2,2025-12-10
BSX/WMB,BSX,WMB,default,696.5688077635898,0.07081434473512627,-1.0910603480141166,0.2706513760564372,62,2,2025-12-10
MSCI/SCHW,MSCI,SCHW,default,-5783.379218930209,-0.8382442024252145,-1.0910603480141166,4.482564978737541e-13,44,2,2025-12-10
HAS/YUM,HAS,YUM,high_turnover,5576.18501500934,0.6595946612871956,-1.1765152709451467,0.9999999998995734,80,2,2025-12-10
CSCO/PAYC,CSCO,PAYC,high_turnover,-2178.13584190117,-0.20953340565683296,-1.1765152709451467,5.370974944118987e-12,66,2,2025-12-10
TXT/YUM,TXT,YUM,high_turnover,-988.0621422004797,-0.10108333746754801,-1.1765152709451467,9.999019119049819e-06,76,2,2025-12-10
EXR/WY,EXR,WY,high_turnover,3915.287184922538,0.5182133627483994,-1.1765152709451467,0.9999999999947168,74,2,2025-12-10
ATO/PCG,ATO,PCG,high_turnover,1772.995315305845,0.24229367297897506,-1.1765152709451467,0.9661637327642814,72,2,2025-12-10
BIIB/HCA,BIIB,HCA,high_turnover,-2623.76250761632,-0.24343672487572438,-1.1765152709451467,3.1351139019945844e-11,90,2,2025-12-10
CDNS/PTC,CDNS,PTC,high_turnover,-19494.55000000003,-1.4025330784850885,-1.1765152709451467,1.2035188002444491e-05,74,2,2025-12-10
EVRG/PCG,EVRG,PCG,high_turnover,-2993.668116524138,-0.4432169259452678,-1.1765152709451467,1.1957471273135513e-17,62,2,2025-12-10
RTX/SNA,RTX,SNA,high_turnover,5918.224686876986,0.9476529951122407,-1.1765152709451467,1.0,78,2,2025-12-10
MSCI/PRU,MSCI,PRU,high_turnover,-4374.676705053461,-0.5925006469481412,-1.1765152709451467,3.005375541253652e-11,66,2,2025-12-10
AKAM/KEYS,AKAM,KEYS,high_turnover,-2903.630000000009,-0.3594411634744277,-1.1765152709451467,2.224854479099929e-12,68,2,2025-12-10
CINF/FMC,CINF,FMC,high_turnover,2318.088989526684,0.16554387562426082,-1.1765152709451467,0.8918088270185143,76,2,2025-12-10
AON/KKR,AON,KKR,high_turnover,-5118.769318564948,-0.442196574748191,-1.1765152709451467,1.119119565371545e-11,76,2,2025-12-10
BSX/WMB,BSX,WMB,high_turnover,3493.929082073302,0.3183141090738472,-1.1765152709451467,0.9975874329591201,86,2,2025-12-10
MSCI/SCHW,MSCI,SCHW,high_turnover,-2613.948544819274,-0.2710045118499085,-1.1765152709451467,1.0406582113673104e-07,80,2,2025-12-10
HAS/YUM,HAS,YUM,patient_hold,7254.128996716177,1.2128587335969279,-1.2629714633208924,0.9999999999999846,26,2,2025-12-10
CSCO/PAYC,CSCO,PAYC,patient_hold,7284.391430638509,0.9273769610521085,-1.2629714633208924,0.9997915924681322,22,2,2025-12-10
TXT/YUM,TXT,YUM,patient_hold,-8974.882753455822,-1.2069669062636974,-1.2629714633208924,4.0742762243893506e-23,36,2,2025-12-10
EXR/WY,EXR,WY,patient_hold,338.7474015150397,0.05863747836119466,-1.2629714633208924,0.1725721064173737,20,2,2025-12-10
ATO/PCG,ATO,PCG,patient_hold,-4449.061117101091,-0.48826916182254226,-1.2629714633208924,4.8511792642206895e-21,42,2,2025-12-10
BIIB/HCA,BIIB,HCA,patient_hold,-150.5295636193473,-0.021576787824012438,-1.2629714633208924,0.00663512620617697,26,2,2025-12-10
CDNS/PTC,CDNS,PTC,patient_hold,-944.2000000000162,-0.1211688043569239,-1.2629714633208924,0.00013293040931119222,30,2,2025-12-10
EVRG/PCG,EVRG,PCG,patient_hold,-8958.433067821392,-0.9272719496969595,-1.2629714633208924,2.4143695567112732e-23,42,2,2025-12-10
RTX/SNA,RTX,SNA,patient_hold,8007.808954020875,1.701197391707206,-1.2629714633208924,0.9999999999994099,36,2,2025-12-10
MSCI/PRU,MSCI,PRU,patient_hold,5393.54010715758,0.9097033316704146,-1.2629714633208924,0.9999999999980199,24,2,2025-12-10
AKAM/KEYS,AKAM,KEYS,patient_hold,-6307.03000000001,-0.6941305028489544,-1.2629714633208924,9.068420171461144e-08,28,2,2025-12-10
CINF/FMC,CINF,FMC,patient_hold,-9590.06025432587,-1.0668001262156541,-1.2629714633208924,7.41591641341402e-21,24,2,2025-12-10
AON/KKR,AON,KKR,patient_hold,-4333.187247268681,-0.48736765195879495,-1.2629714633208924,1.1913913648011527e-08,30,2,2025-12-10
BSX/WMB,BSX,WMB,patient_hold,1799.239282787784,0.2563915428252342,-1.2629714633208924,0.9894306963928933,38,2,2025-12-10
MSCI/SCHW,MSCI,SCHW,patient_hold,1343.279460106875,0.2665658407270733,-1.2629714633208924,0.9962646010085794,26,2,2025-12-10
HAS/YUM,HAS,YUM,slow_signal,3148.38096635182,0.5560622538346801,-1.370412802029076,0.9999999999424278,40,2,2025-12-10
CSCO/PAYC,CSCO,PAYC,slow_signal,5881.07156943752,0.6400536841284187,-1.370412802029076,0.9999930037125401,32,2,2025-12-10
TXT/YUM,TXT,YUM,slow_signal,-4237.386392368415,-0.5860928782573864,-1.370412802029076,7.648712482110893e-19,40,2,2025-12-10
EXR/WY,EXR,WY,slow_signal,6111.657986963389,0.9681376607909222,-1.370412802029076,1.0,28,2,2025-12-10
ATO/PCG,ATO,PCG,slow_signal,-12719.19576240057,-1.3518407396686984,-1.370412802029076,7.715774022658617e-28,54,2,2025-12-10
BIIB/HCA,BIIB,HCA,slow_signal,4860.736455912035,0.7364102368586101,-1.370412802029076,0.9999999997989766,26,2,2025-12-10
CDNS/PTC,CDNS,PTC,slow_signal,-1011.520000000031,-0.12998843795250223,-1.370412802029076,8.205704725889411e-05,38,2,2025-12-10
EVRG/PCG,EVRG,PCG,slow_signal,-11008.5297823596,-0.9486114039803992,-1.370412802029076,1.425631432613056e-23,52,2,2025-12-10
RTX/SNA,RTX,SNA,slow_signal,1762.164862083716,0.3529729915678864,-1.370412802029076,0.99762524558443,32,2,2025-12-10
MSCI/PRU,MSCI,PRU,slow_signal,10867.58625875765,1.2902812435443098,-1.370412802029076,0.999299980839877,26,2,2025-12-10
AKAM/KEYS,AKAM,KEYS,slow_signal,-14091.23,-0.8676775937380594,-1.370412802029076,2.3683792697232845e-06,34,2,2025-12-10
CINF/FMC,CINF,FMC,slow_signal,-6398.074972850971,-0.7542420455311757,-1.370412802029076,4.928453299969662e-24,34,2,2025-12-10
AON/KKR,AON,KKR,slow_signal,-2232.0250561341,-0.2403947999763064,-1.370412802029076,1.4683671544998446e-06,34,2,2025-12-10
BSX/WMB,BSX,WMB,slow_signal,-2126.08569048788,-0.3775029782348128,-1.370412802029076,3.8488838344649493e-13,32,2,2025-12-10
MSCI/SCHW,MSCI,SCHW,slow_signal,-4291.945774030124,-0.5705470244481561,-1.370412802029076,6.570454805325772e-13,36,2,2025-12-10
HAS/YUM,HAS,YUM,short_z_long_v,5041.684920105385,0.5267631865016416,-1.3824407023895402,0.9997348324061955,46,2,2025-12-10
CSCO/PAYC,CSCO,PAYC,short_z_long_v,-5787.151254125897,-0.562455574814585,-1.3824407023895402,8.7232059467686e-08,42,2,2025-12-10
TXT/YUM,TXT,YUM,short_z_long_v,-11622.25629261576,-1.3450850032034571,-1.3824407023895402,1.6272473758577994e-10,56,2,2025-12-10
EXR/WY,EXR,WY,short_z_long_v,6982.42150929534,0.858820764679224,-1.3824407023895402,0.9999999872515468,56,2,2025-12-10
ATO/PCG,ATO,PCG,short_z_long_v,-6938.873939236931,-0.7708554575536058,-1.3824407023895402,3.7551343605185174e-22,80,2,2025-12-10
BIIB/HCA,BIIB,HCA,short_z_long_v,9100.092108264711,1.10065479303077,-1.3824407023895402,0.9999999999999999,48,2,2025-12-10
CDNS/PTC,CDNS,PTC,short_z_long_v,3696.950000000021,0.46899857222257135,-1.3824407023895402,0.9999964976596997,52,2,2025-12-10
EVRG/PCG,EVRG,PCG,short_z_long_v,-274.8006602565147,-0.030829630570556762,-1.3824407023895402,0.0031573246858664335,64,2,2025-12-10
RTX/SNA,RTX,SNA,short_z_long_v,3521.827182777048,0.4386602706430564,-1.3824407023895402,0.999858882696152,52,2,2025-12-10
MSCI/PRU,MSCI,PRU,short_z_long_v,-33.21974564667653,-0.00314232857580944,-1.3824407023895402,0.01596222897359267,46,2,2025-12-10
AKAM/KEYS,AKAM,KEYS,short_z_long_v,-3620.520000000012,-0.2317728745247908,-1.3824407023895402,8.81940265284869e-06,54,2,2025-12-10
CINF/FMC,CINF,FMC,short_z_long_v,-19667.79943254816,-0.9020140504114886,-1.3824407023895402,0.0008182302510624179,40,2,2025-12-10
AON/KKR,AON,KKR,short_z_long_v,1207.560280057985,0.09514472447938668,-1.3824407023895402,0.4193637697290461,64,2,2025-12-10
BSX/WMB,BSX,WMB,short_z_long_v,-7349.332277971407,-0.7668651261258574,-1.3824407023895402,8.70364460310115e-19,62,2,2025-12-10
MSCI/SCHW,MSCI,SCHW,short_z_long_v,-14667.1820815829,-1.5086131246790708,-1.3824407023895402,2.2291373951652267e-13,60,2,2025-12-10
HAS/YUM,HAS,YUM,conservative_no_leverage,3718.35393376922,1.393461101503579,-1.7168116234979731,0.9999999999999972,28,2,2025-12-10
CSCO/PAYC,CSCO,PAYC,conservative_no_leverage,4013.993780969777,0.9507596779354552,-1.7168116234979731,0.9999817623959865,34,2,2025-12-10
TXT/YUM,TXT,YUM,conservative_no_leverage,-3241.640955337621,-0.9521970687145337,-1.7168116234979731,5.167775380157025e-19,32,2,2025-12-10
EXR/WY,EXR,WY,conservative_no_leverage,2026.916967589919,0.6093764723492453,-1.7168116234979731,0.9999999999999972,24,2,2025-12-10
ATO/PCG,ATO,PCG,conservative_no_leverage,-3308.362281852476,-0.7195473173419349,-1.7168116234979731,4.545139089375279e-24,34,2,2025-12-10
BIIB/HCA,BIIB,HCA,conservative_no_leverage,-272.194768491378,-0.0708757685831505,-1.7168116234979731,0.0004894741089701714,30,2,2025-12-10
CDNS/PTC,CDNS,PTC,conservative_no_leverage,523.8899999999906,0.12073383554615984,-1.7168116234979731,0.647669316434011,32,2,2025-12-10
EVRG/PCG,EVRG,PCG,conservative_no_leverage,-6918.942725001184,-1.4130033468024077,-1.7168116234979731,1.8887826947109346e-29,34,2,2025-12-10
RTX/SNA,RTX,SNA,conservative_no_leverage,3766.570553966682,1.9100305949206036,-1.7168116234979731,0.9999999999635845,32,2,2025-12-10
MSCI/PRU,MSCI,PRU,conservative_no_leverage,3029.430655550276,0.9997235896719028,-1.7168116234979731,0.9999999999999405,28,2,2025-12-10
AKAM/KEYS,AKAM,KEYS,conservative_no_leverage,315.3299999999906,0.07400009732284846,-1.7168116234979731,0.2644021604027706,24,2,2025-12-10
CINF/FMC,CINF,FMC,conservative_no_leverage,-7014.490561273968,-1.1608365764335427,-1.7168116234979731,2.0664431286790994e-34,28,2,2025-12-10
AON/KKR,AON,KKR,conservative_no_leverage,1135.859163462361,0.22553969305184257,-1.7168116234979731,0.9958640080399186,34,2,2025-12-10
BSX/WMB,BSX,WMB,conservative_no_leverage,273.1754652547374,0.08646947490344989,-1.7168116234979731,0.3710952418861385,32,2,2025-12-10
MSCI/SCHW,MSCI,SCHW,conservative_no_leverage,642.2222682715243,0.27222293285614874,-1.7168116234979731,0.9984739142850086,24,2,2025-12-10
HAS/YUM,HAS,YUM,low_vol_specialist,10843.48224721907,1.3557845968122189,-1.7920401151172602,1.0,90,2,2025-12-10
CSCO/PAYC,CSCO,PAYC,low_vol_specialist,-9592.483258702878,-0.8858231849041649,-1.7920401151172602,2.4601883735599583e-25,98,2,2025-12-10
TXT/YUM,TXT,YUM,low_vol_specialist,-1760.4705189536,-0.16568341745827847,-1.7920401151172602,6.7476885497570226e-09,100,2,2025-12-10
EXR/WY,EXR,WY,low_vol_specialist,4004.945064526983,0.43423493643179767,-1.7920401151172602,0.9999930158488568,108,2,2025-12-10
ATO/PCG,ATO,PCG,low_vol_specialist,-2053.971555127208,-0.1969676556849789,-1.7920401151172602,3.5122194783191415e-09,128,2,2025-12-10
BIIB/HCA,BIIB,HCA,low_vol_specialist,409.8033212688094,0.037805758021927385,-1.7920401151172602,0.08632920453212867,90,2,2025-12-10
CDNS/PTC,CDNS,PTC,low_vol_specialist,-2296.710000000005,-0.20638943803474522,-1.7920401151172602,1.3177413079821755e-08,74,2,2025-12-10
EVRG/PCG,EVRG,PCG,low_vol_specialist,-16851.4506488041,-1.6283436650709455,-1.7920401151172602,8.572716100764234e-14,116,2,2025-12-10
RTX/SNA,RTX,SNA,low_vol_specialist,3578.92510423867,0.3952101811645229,-1.7920401151172602,0.99993966389218,94,2,2025-12-10
MSCI/PRU,MSCI,PRU,low_vol_specialist,-475.5911588521999,-0.07147773052466033,-1.7920401151172602,0.0002611083088367145,80,2,2025-12-10
AKAM/KEYS,AKAM,KEYS,low_vol_specialist,-23628.66999999997,-1.4947966777563617,-1.7920401151172602,9.122962965539011e-08,80,2,2025-12-10
CINF/FMC,CINF,FMC,low_vol_specialist,-9066.19464185608,-0.6632041931129783,-1.7920401151172602,5.676402198522182e-21,104,2,2025-12-10
AON/KKR,AON,KKR,low_vol_specialist,-11700.35248271771,-0.7875625197689253,-1.7920401151172602,3.485057358708395e-29,92,2,2025-12-10
BSX/WMB,BSX,WMB,low_vol_specialist,8389.467011553397,0.8232277114858135,-1.7920401151172602,1.0,112,2,2025-12-10
MSCI/SCHW,MSCI,SCHW,low_vol_specialist,-4993.6104037914,-0.6647433680893388,-1.7920401151172602,3.3991857819968034e-23,96,2,2025-12-10
HAS/YUM,HAS,YUM,no_leverage,3640.808313078634,0.6377252691305563,-1.8417562951491635,0.9966249231317234,42,2,2025-12-10
CSCO/PAYC,CSCO,PAYC,no_leverage,1675.999068730492,0.34099499673119366,-1.8417562951491635,0.9999281213796041,52,2,2025-12-10
TXT/YUM,TXT,YUM,no_leverage,-2715.11341799543,-0.7175870814298474,-1.8417562951491635,2.1397884912787166e-26,52,2,2025-12-10
EXR/WY,EXR,WY,no_leverage,2061.089837197089,0.45646026234371034,-1.8417562951491635,0.9999999944152959,48,2,2025-12-10
ATO/PCG,ATO,PCG,no_leverage,-1847.783671436962,-0.4880321466175652,-1.8417562951491635,7.51687023201259e-16,54,2,2025-12-10
BIIB/HCA,BIIB,HCA,no_leverage,-1371.15597098526,-0.29675047232020524,-1.8417562951491635,9.668283891027612e-11,54,2,2025-12-10
CDNS/PTC,CDNS,PTC,no_leverage,-1648.800000000001,-0.35437900941264794,-1.8417562951491635,9.85513587608148e-08,46,2,2025-12-10
EVRG/PCG,EVRG,PCG,no_leverage,-4175.344268895639,-1.0053031398118977,-1.8417562951491635,1.1264738023274124e-14,58,2,2025-12-10
RTX/SNA,RTX,SNA,no_leverage,1624.927907269026,0.4568714698096108,-1.8417562951491635,0.9989022357633405,52,2,2025-12-10
MSCI/PRU,MSCI,PRU,no_leverage,2248.472257877423,0.8041203196199418,-1.8417562951491635,0.9999999999232744,36,2,2025-12-10
AKAM/KEYS,AKAM,KEYS,no_leverage,-170.380000000007,-0.03956750156551343,-1.8417562951491635,0.0030511413312776215,38,2,2025-12-10
CINF/FMC,CINF,FMC,no_leverage,-3102.746731184408,-0.5928267095325886,-1.8417562951491635,8.864426479203961e-19,44,2,2025-12-10
AON/KKR,AON,KKR,no_leverage,-191.0947453756414,-0.03798890771487521,-1.8417562951491635,0.0032381245597320144,46,2,2025-12-10
BSX/WMB,BSX,WMB,no_leverage,331.8250790412475,0.06768910268350684,-1.8417562951491635,0.25144534857148726,62,2,2025-12-10
MSCI/SCHW,MSCI,SCHW,no_leverage,-2874.246426844607,-0.838706996982193,-1.8417562951491635,3.569820523284786e-13,44,2,2025-12-10
HAS/YUM,HAS,YUM,conservative,2397.988283661733,1.4802984894580453,-2.7617963312385996,0.9999857990116202,16,2,2025-12-10
CSCO/PAYC,CSCO,PAYC,conservative,2169.983143982538,0.6238818163279768,-2.7617963312385996,0.9975807977731745,16,2,2025-12-10
TXT/YUM,TXT,YUM,conservative,-42.13426089458494,-0.02067728510834441,-2.7617963312385996,0.0066744648805888256,24,2,2025-12-10
EXR/WY,EXR,WY,conservative,163.5264971893828,0.09923332818451983,-2.7617963312385996,0.4533119920398216,22,2,2025-12-10
ATO/PCG,ATO,PCG,conservative,-1966.325990412644,-0.7750232423246376,-2.7617963312385996,5.767439148792787e-08,36,2,2025-12-10
BIIB/HCA,BIIB,HCA,conservative,-1901.231885652798,-0.6690398475045092,-2.7617963312385996,3.869104373607905e-07,20,2,2025-12-10
CDNS/PTC,CDNS,PTC,conservative,1005.76999999999,0.27206374213412843,-2.7617963312385996,0.9999229917706217,30,2,2025-12-10
EVRG/PCG,EVRG,PCG,conservative,-647.05726150636,-0.22498770503700136,-2.7617963312385996,1.215233146185391e-07,34,2,2025-12-10
RTX/SNA,RTX,SNA,conservative,1055.142049183511,0.5796125790712622,-2.7617963312385996,0.9999449429767053,24,2,2025-12-10
MSCI/PRU,MSCI,PRU,conservative,-147.6336557824429,-0.090637658317888,-2.7617963312385996,0.0002915371446499487,18,2,2025-12-10
AKAM/KEYS,AKAM,KEYS,conservative,-1981.98,-0.752448118041412,-2.7617963312385996,2.075134986338661e-06,22,2,2025-12-10
CINF/FMC,CINF,FMC,conservative,-4531.140358729073,-1.6035077125786048,-2.7617963312385996,6.87829822291815e-09,26,2,2025-12-10
AON/KKR,AON,KKR,conservative,16.79276371270043,0.00630419897052116,-2.7617963312385996,0.021262827945768756,16,2,2025-12-10
BSX/WMB,BSX,WMB,conservative,450.8203031939988,0.23727686985601826,-2.7617963312385996,0.931714412999135,20,2,2025-12-10
MSCI/SCHW,MSCI,SCHW,conservative,89.85697912611306,0.04535358608393442,-2.7617963312385996,0.0869002806785592,16,2,2025-12-10
HAS/YUM,HAS,YUM,stable_signal_quick_exit,18846.20873707358,1.9234784984735371,0.2045187404732967,0.9999999977144957,46,3,2026-01-16
CSCO/PAYC,CSCO,PAYC,stable_signal_quick_exit,7871.684309321716,0.7057661671781643,0.2045187404732967,0.9999999242449025,60,3,2026-01-16
TXT/YUM,TXT,YUM,stable_signal_quick_exit,3711.674132370314,0.4516588035035952,0.2045187404732967,0.9999999808336797,48,3,2026-01-16
EXR/WY,EXR,WY,stable_signal_quick_exit,612.2658935560326,0.08239938834592493,0.2045187404732967,0.34099019450386425,42,3,2026-01-16
ATO/PCG,ATO,PCG,stable_signal_quick_exit,-895.0464684673634,-0.1296301665649796,0.2045187404732967,1.4778240240960942e-08,34,3,2026-01-16
BIIB/HCA,BIIB,HCA,stable_signal_quick_exit,5664.215983044455,0.5547404197102909,0.2045187404732967,0.9999999997781396,56,3,2026-01-16
CDNS/PTC,CDNS,PTC,stable_signal_quick_exit,-2733.970000000029,-0.2667203049154605,0.2045187404732967,1.0000353242434791e-07,50,3,2026-01-16
EVRG/PCG,EVRG,PCG,stable_signal_quick_exit,-4255.086975626473,-0.551494356316733,0.2045187404732967,1.921265072354911e-17,34,3,2026-01-16
RTX/SNA,RTX,SNA,stable_signal_quick_exit,6082.84428301799,1.0315057399498906,0.2045187404732967,0.9999999999999025,42,3,2026-01-16
MSCI/PRU,MSCI,PRU,stable_signal_quick_exit,13843.15639610494,1.5193852993238492,0.2045187404732967,0.9997374392042528,36,3,2026-01-16
AKAM/KEYS,AKAM,KEYS,stable_signal_quick_exit,-985.7399999999789,-0.0712643642546965,0.2045187404732967,3.180760681364957e-05,46,3,2026-01-16
CINF/FMC,CINF,FMC,stable_signal_quick_exit,-10037.02774046993,-0.987506941839355,0.2045187404732967,1.6736329484216433e-20,40,3,2026-01-16
AON/KKR,AON,KKR,stable_signal_quick_exit,-3130.938804133154,-0.2928764856240109,0.2045187404732967,3.2083863542428296e-08,44,3,2026-01-16
BSX/WMB,BSX,WMB,stable_signal_quick_exit,325.4263729855479,0.035068188891578436,0.2045187404732967,0.09733135931346565,42,3,2026-01-16
MSCI/SCHW,MSCI,SCHW,stable_signal_quick_exit,1712.524529636466,0.23176844875456326,0.2045187404732967,0.9982312856719232,38,3,2026-01-16
HAS/YUM,HAS,YUM,vol_agnostic,-940.8850377011549,-0.06601902812347082,0.1146653186230181,9.32451367547617e-05,88,3,2026-01-16
CSCO/PAYC,CSCO,PAYC,vol_agnostic,11528.76923901475,0.8794993869565231,0.1146653186230181,0.9999999999998131,90,3,2026-01-16
TXT/YUM,TXT,YUM,vol_agnostic,-5565.757670627909,-0.4990673936905683,0.1146653186230181,1.752919096628581e-20,80,3,2026-01-16
EXR/WY,EXR,WY,vol_agnostic,17942.73794958907,1.413928571052311,0.1146653186230181,1.0,76,3,2026-01-16
ATO/PCG,ATO,PCG,vol_agnostic,-10047.34189310198,-0.7957364535064146,0.1146653186230181,2.7024047919813596e-31,62,3,2026-01-16
BIIB/HCA,BIIB,HCA,vol_agnostic,17911.17611226751,1.23451607315025,0.1146653186230181,1.0,108,3,2026-01-16
CDNS/PTC,CDNS,PTC,vol_agnostic,-750.3800000000074,-0.06680840025994196,0.1146653186230181,0.000535724519538246,64,3,2026-01-16
EVRG/PCG,EVRG,PCG,vol_agnostic,-25818.88670549793,-1.8503565598189826,0.1146653186230181,2.4598603395655857e-23,68,3,2026-01-16
RTX/SNA,RTX,SNA,vol_agnostic,6024.8375991587,0.49650562741396254,0.1146653186230181,0.9999956604579232,86,3,2026-01-16
MSCI/PRU,MSCI,PRU,vol_agnostic,18807.2611613737,1.4697326730891567,0.1146653186230181,0.9999999999512316,86,3,2026-01-16
AKAM/KEYS,AKAM,KEYS,vol_agnostic,-8135.179999999965,-0.4352438194213026,0.1146653186230181,1.8144715671204076e-07,68,3,2026-01-16
CINF/FMC,CINF,FMC,vol_agnostic,2945.069738913044,0.08550233973679784,0.1146653186230181,0.2713362324628519,68,3,2026-01-16
AON/KKR,AON,KKR,vol_agnostic,2180.169180594968,0.11593051585850446,0.1146653186230181,0.6229676793225408,94,3,2026-01-16
BSX/WMB,BSX,WMB,vol_agnostic,9749.205401489802,0.7544959971323731,0.1146653186230181,0.9999999999901985,92,3,2026-01-16
MSCI/SCHW,MSCI,SCHW,vol_agnostic,-1426.546016783817,-0.1219960492541244,0.1146653186230181,3.04694117549014e-07,78,3,2026-01-16
HAS/YUM,HAS,YUM,vol_gated,7239.359898001581,0.6062084958504388,0.0918159737570462,0.9999958345921546,60,3,2026-01-16
CSCO/PAYC,CSCO,PAYC,vol_gated,4887.673294243432,0.4095201957174384,0.0918159737570462,0.9999562646067849,50,3,2026-01-16
TXT/YUM,TXT,YUM,vol_gated,2137.638694400635,0.25128094293653164,0.0918159737570462,0.9968952352263558,70,3,2026-01-16
EXR/WY,EXR,WY,vol_gated,10710.04136367099,1.0042210732334798,0.0918159737570462,0.9999999999999979,56,3,2026-01-16
ATO/PCG,ATO,PCG,vol_gated,-4233.204255991788,-0.5100272647902147,0.0918159737570462,2.7495123234845453e-28,52,3,2026-01-16
BIIB/HCA,BIIB,HCA,vol_gated,8170.750066729324,0.696917009611744,0.0918159737570462,0.9999999999998452,86,3,2026-01-16
CDNS/PTC,CDNS,PTC,vol_gated,2481.799999999967,0.22341838711480866,0.0918159737570462,0.9921889251842815,72,3,2026-01-16
EVRG/PCG,EVRG,PCG,vol_gated,-238.5171211417291,-0.029190832653443747,0.0918159737570462,0.0027229796859356047,58,3,2026-01-16
RTX/SNA,RTX,SNA,vol_gated,2147.41337273059,0.3106571034434954,0.0918159737570462,0.9999780947381504,54,3,2026-01-16
MSCI/PRU,MSCI,PRU,vol_gated,-5237.186672512005,-0.765092525453911,0.0918159737570462,1.359396216690549e-11,44,3,2026-01-16
AKAM/KEYS,AKAM,KEYS,vol_gated,14992.61000000001,1.621132992261785,0.0918159737570462,0.9999999907644214,54,3,2026-01-16
CINF/FMC,CINF,FMC,vol_gated,-10654.50906238137,-0.872783585441212,0.0918159737570462,1.0061685216608228e-32,56,3,2026-01-16
AON/KKR,AON,KKR,vol_gated,7804.361896920585,0.6071866643880871,0.0918159737570462,0.9999999999999954,62,3,2026-01-16
BSX/WMB,BSX,WMB,vol_gated,-443.5509723881441,-0.043846780943386864,0.0918159737570462,0.0007138339623645661,74,3,2026-01-16
MSCI/SCHW,MSCI,SCHW,vol_gated,-7814.912020310111,-0.8303429473934861,0.0918159737570462,4.777540603628704e-12,58,3,2026-01-16
HAS/YUM,HAS,YUM,static_threshold,5500.939022397188,0.4881971906160549,-0.0157856638489229,0.9999999999999611,80,3,2026-01-16
CSCO/PAYC,CSCO,PAYC,static_threshold,9114.707530379912,0.6980901325496671,-0.0157856638489229,0.9999999999627004,92,3,2026-01-16
TXT/YUM,TXT,YUM,static_threshold,4908.438769004514,0.4235179590748698,-0.0157856638489229,0.9999999410010812,86,3,2026-01-16
EXR/WY,EXR,WY,static_threshold,8420.487552207309,0.8019191998197638,-0.0157856638489229,1.0,70,3,2026-01-16
ATO/PCG,ATO,PCG,static_threshold,-11197.38573802822,-0.9545379718357482,-0.0157856638489229,3.3928953794843814e-27,90,3,2026-01-16
BIIB/HCA,BIIB,HCA,static_threshold,9175.918142710105,0.7192336441773357,-0.0157856638489229,1.0,100,3,2026-01-16
CDNS/PTC,CDNS,PTC,static_threshold,1361.579999999999,0.1254722747602593,-0.0157856638489229,0.701104723711344,72,3,2026-01-16
EVRG/PCG,EVRG,PCG,static_threshold,-15359.16347824845,-1.2936990295261743,-0.0157856638489229,7.929201355481962e-33,88,3,2026-01-16
RTX/SNA,RTX,SNA,static_threshold,12438.2845666254,1.054860005933005,-0.0157856638489229,0.9999966547944211,92,3,2026-01-16
MSCI/PRU,MSCI,PRU,static_threshold,15869.25268746341,1.2667442199434624,-0.0157856638489229,0.9999999995284975,90,3,2026-01-16
AKAM/KEYS,AKAM,KEYS,static_threshold,-6862.139999999967,-0.3643111957665321,-0.0157856638489229,1.230733065135083e-07,78,3,2026-01-16
CINF/FMC,CINF,FMC,static_threshold,-8526.275836488818,-0.5274443471323891,-0.0157856638489229,1.7514108930397745e-16,82,3,2026-01-16
AON/KKR,AON,KKR,static_threshold,-6208.671405680934,-0.3519860870958031,-0.0157856638489229,3.4244578761694756e-10,88,3,2026-01-16
BSX/WMB,BSX,WMB,static_threshold,7745.667855578004,0.7395889881356958,-0.0157856638489229,0.9999999999999998,92,3,2026-01-16
MSCI/SCHW,MSCI,SCHW,static_threshold,85.8089422552548,0.008345669809072977,-0.0157856638489229,0.027878896222905684,86,3,2026-01-16
HAS/YUM,HAS,YUM,flash_hold,9313.652746439428,1.5640712434143407,-0.062279930550785,1.0,120,3,2026-01-16
CSCO/PAYC,CSCO,PAYC,flash_hold,1811.85427359099,0.25719689256961287,-0.062279930550785,0.9969241791086566,118,3,2026-01-16
TXT/YUM,TXT,YUM,flash_hold,137.504438738561,0.02474722457509405,-0.062279930550785,0.05650700205409603,128,3,2026-01-16
EXR/WY,EXR,WY,flash_hold,4864.173998989492,0.9561318654405572,-0.062279930550785,1.0,152,3,2026-01-16
ATO/PCG,ATO,PCG,flash_hold,1766.014008017107,0.3098097121872793,-0.062279930550785,0.9998383516013567,160,3,2026-01-16
BIIB/HCA,BIIB,HCA,flash_hold,9600.914228297794,1.3347586459912855,-0.062279930550785,1.0,130,3,2026-01-16
CDNS/PTC,CDNS,PTC,flash_hold,-7196.049999999987,-0.8683046462133985,-0.062279930550785,2.019212679931966e-09,124,3,2026-01-16
EVRG/PCG,EVRG,PCG,flash_hold,-8763.002085176544,-1.3620095829274337,-0.062279930550785,9.099346743840178e-22,168,3,2026-01-16
RTX/SNA,RTX,SNA,flash_hold,5011.085911518619,0.7911052910723385,-0.062279930550785,0.9999996443293582,122,3,2026-01-16
MSCI/PRU,MSCI,PRU,flash_hold,-1648.165035279831,-0.2569910161442836,-0.062279930550785,2.5786191128998464e-06,134,3,2026-01-16
AKAM/KEYS,AKAM,KEYS,flash_hold,-5538.449999999998,-0.7961562544436619,-0.062279930550785,2.0596833110699615e-14,102,3,2026-01-16
CINF/FMC,CINF,FMC,flash_hold,9930.69597680257,0.57543842351041,-0.062279930550785,0.9967266324168487,152,3,2026-01-16
AON/KKR,AON,KKR,flash_hold,4234.215978176487,0.4696707585612656,-0.062279930550785,0.9999999983540443,136,3,2026-01-16
BSX/WMB,BSX,WMB,flash_hold,649.9714925728681,0.09231787455474506,-0.062279930550785,0.4280981845817451,160,3,2026-01-16
MSCI/SCHW,MSCI,SCHW,flash_hold,2297.005760947291,0.3866127855400835,-0.062279930550785,0.9999528351101368,126,3,2026-01-16
HAS/YUM,HAS,YUM,fast_reentry,8514.502612053846,0.6960946807149871,-0.1095835817177442,0.9985827131762178,46,3,2026-01-16
CSCO/PAYC,CSCO,PAYC,fast_reentry,2234.922466665433,0.209361279722753,-0.1095835817177442,0.9887694995008788,62,3,2026-01-16
TXT/YUM,TXT,YUM,fast_reentry,-6156.146849159006,-0.7397271160720104,-0.1095835817177442,3.871037399609093e-31,68,3,2026-01-16
EXR/WY,EXR,WY,fast_reentry,1216.165045309478,0.1635826441641375,-0.1095835817177442,0.9066429196360613,50,3,2026-01-16
ATO/PCG,ATO,PCG,fast_reentry,347.5454720465514,0.040068594343284296,-0.1095835817177442,0.10816899214404019,70,3,2026-01-16
BIIB/HCA,BIIB,HCA,fast_reentry,2258.692488576364,0.20147423122266808,-0.1095835817177442,0.9758121195023786,64,3,2026-01-16
CDNS/PTC,CDNS,PTC,fast_reentry,-146.4900000000071,-0.014503102356731856,-0.1095835817177442,0.009295609168033727,50,3,2026-01-16
EVRG/PCG,EVRG,PCG,fast_reentry,-3732.03403359965,-0.37615085889033084,-0.1095835817177442,1.4824563322964263e-15,66,3,2026-01-16
RTX/SNA,RTX,SNA,fast_reentry,6886.579479255575,1.2107442521308238,-0.1095835817177442,1.0,56,3,2026-01-16
MSCI/PRU,MSCI,PRU,fast_reentry,2137.326247196075,0.34880008478107694,-0.1095835817177442,0.9999705356429689,44,3,2026-01-16
AKAM/KEYS,AKAM,KEYS,fast_reentry,1887.869999999991,0.18781370900207114,-0.1095835817177442,0.9524230563083596,44,3,2026-01-16
CINF/FMC,CINF,FMC,fast_reentry,-554.9712388041844,-0.017508383412183835,-0.1095835817177442,0.016092247858209313,66,3,2026-01-16
AON/KKR,AON,KKR,fast_reentry,6571.674168010266,0.5631889253096866,-0.1095835817177442,0.9999999999999875,58,3,2026-01-16
BSX/WMB,BSX,WMB,fast_reentry,6155.068188912822,0.5644079053186203,-0.1095835817177442,0.9999962661313551,74,3,2026-01-16
MSCI/SCHW,MSCI,SCHW,fast_reentry,-5359.262060339031,-0.7242182489377925,-0.1095835817177442,9.591148704359793e-14,50,3,2026-01-16
HAS/YUM,HAS,YUM,deep_entry_quick_exit,12204.0459479118,2.425836955509671,-0.121891282650232,0.9999999999970876,20,3,2026-01-16
CSCO/PAYC,CSCO,PAYC,deep_entry_quick_exit,4526.937511140191,0.5487960532483805,-0.121891282650232,0.9998338781062245,22,3,2026-01-16
TXT/YUM,TXT,YUM,deep_entry_quick_exit,1755.899913373373,0.2513096687676578,-0.121891282650232,0.998431172267979,26,3,2026-01-16
EXR/WY,EXR,WY,deep_entry_quick_exit,1897.554143136955,0.40323142527635264,-0.121891282650232,0.9999991707518945,14,3,2026-01-16
ATO/PCG,ATO,PCG,deep_entry_quick_exit,-3838.193054479246,-0.688634988753035,-0.121891282650232,2.9693191214697375e-09,28,3,2026-01-16
BIIB/HCA,BIIB,HCA,deep_entry_quick_exit,130.4601310204025,0.01674401962943613,-0.121891282650232,0.03980900052809916,26,3,2026-01-16
CDNS/PTC,CDNS,PTC,deep_entry_quick_exit,15158.11,1.5738811067812823,-0.121891282650232,0.9999986338529931,24,3,2026-01-16
EVRG/PCG,EVRG,PCG,deep_entry_quick_exit,-6952.128576996947,-0.9610334316433398,-0.121891282650232,3.514173796396723e-12,30,3,2026-01-16
RTX/SNA,RTX,SNA,deep_entry_quick_exit,574.7332290211396,0.1584776297733399,-0.121891282650232,0.8293845460861774,16,3,2026-01-16
MSCI/PRU,MSCI,PRU,deep_entry_quick_exit,6122.69282507004,1.0267128921385755,-0.121891282650232,0.9999999896374,18,3,2026-01-16
AKAM/KEYS,AKAM,KEYS,deep_entry_quick_exit,2099.549999999986,0.28298746737877717,-0.121891282650232,0.9839565415258326,12,3,2026-01-16
CINF/FMC,CINF,FMC,deep_entry_quick_exit,-10506.36172620649,-1.0758823635348698,-0.121891282650232,6.715872193280821e-22,34,3,2026-01-16
AON/KKR,AON,KKR,deep_entry_quick_exit,4462.775090789678,0.5694659441394324,-0.121891282650232,0.9999989759285811,20,3,2026-01-16
BSX/WMB,BSX,WMB,deep_entry_quick_exit,1169.701721443929,0.22737753700874272,-0.121891282650232,0.9735484093543595,28,3,2026-01-16
MSCI/SCHW,MSCI,SCHW,deep_entry_quick_exit,-3925.766339549212,-0.7701636133602293,-0.121891282650232,1.4533533119102018e-06,22,3,2026-01-16
HAS/YUM,HAS,YUM,aggressive,34873.92692619564,1.7820227254597347,-0.1258497961366786,0.9999999876594001,84,3,2026-01-16
CSCO/PAYC,CSCO,PAYC,aggressive,3679.448264285423,0.18968593010774212,-0.1258497961366786,0.9530928692445533,86,3,2026-01-16
TXT/YUM,TXT,YUM,aggressive,-1507.612771059594,-0.09278270156140454,-0.1258497961366786,2.953578649066734e-05,102,3,2026-01-16
EXR/WY,EXR,WY,aggressive,9440.876966347787,0.5525365603016629,-0.1258497961366786,1.0,82,3,2026-01-16
ATO/PCG,ATO,PCG,aggressive,-13269.25679190106,-0.781036071433508,-0.1258497961366786,1.8694499252691645e-27,78,3,2026-01-16
BIIB/HCA,BIIB,HCA,aggressive,23366.64812188093,1.1456281327059743,-0.1258497961366786,1.0,114,3,2026-01-16
CDNS/PTC,CDNS,PTC,aggressive,-5296.060000000025,-0.28016522746302774,-0.1258497961366786,2.860567704250374e-10,90,3,2026-01-16
EVRG/PCG,EVRG,PCG,aggressive,-37427.50856689805,-1.8978417522620707,-0.1258497961366786,1.5212406771865966e-24,70,3,2026-01-16
RTX/SNA,RTX,SNA,aggressive,-568.7486393784052,-0.039187531003670256,-0.1258497961366786,0.0011942297316992233,94,3,2026-01-16
MSCI/PRU,MSCI,PRU,aggressive,-479.0879192409157,-0.028411187090965778,-0.1258497961366786,0.0055353615870212735,76,3,2026-01-16
AKAM/KEYS,AKAM,KEYS,aggressive,15531.44999999999,0.65944003152271,-0.1258497961366786,0.9999985382581495,70,3,2026-01-16
CINF/FMC,CINF,FMC,aggressive,-3208.460439820234,-0.06508778444224808,-0.1258497961366786,0.009362637854680481,82,3,2026-01-16
AON/KKR,AON,KKR,aggressive,-5713.801251625657,-0.2550278285460012,-0.1258497961366786,9.008026341581494e-10,86,3,2026-01-16
BSX/WMB,BSX,WMB,aggressive,-10773.14353511812,-0.574187827817644,-0.1258497961366786,1.8127582477127832e-28,104,3,2026-01-16
MSCI/SCHW,MSCI,SCHW,aggressive,2182.604240568538,0.12981577782892256,-0.1258497961366786,0.7018574751390483,96,3,2026-01-16
HAS/YUM,HAS,YUM,slow_reentry,7186.801199490487,0.5931304621000343,-0.1795949087297318,0.9970541211719078,40,3,2026-01-16
CSCO/PAYC,CSCO,PAYC,slow_reentry,13416.60710777932,1.3971236353963858,-0.1795949087297318,0.9999988212161117,52,3,2026-01-16
TXT/YUM,TXT,YUM,slow_reentry,-3034.356455407251,-0.38707210152452176,-0.1795949087297318,4.141002915244465e-18,60,3,2026-01-16
EXR/WY,EXR,WY,slow_reentry,3874.978237540243,0.40377243160446524,-0.1795949087297318,0.9999999816741919,48,3,2026-01-16
ATO/PCG,ATO,PCG,slow_reentry,-2498.046537736925,-0.3735847305344068,-0.1795949087297318,5.679882246202564e-18,40,3,2026-01-16
BIIB/HCA,BIIB,HCA,slow_reentry,6305.248605197881,0.5628084675870284,-0.1795949087297318,0.9999999999551852,56,3,2026-01-16
CDNS/PTC,CDNS,PTC,slow_reentry,-786.6200000000115,-0.07970266086579693,-0.1795949087297318,0.0004512801816571946,48,3,2026-01-16
EVRG/PCG,EVRG,PCG,slow_reentry,-2144.397604923863,-0.27957884470033406,-0.1795949087297318,5.069518623405324e-11,40,3,2026-01-16
RTX/SNA,RTX,SNA,slow_reentry,3741.490469664561,0.5867610874716432,-0.1795949087297318,0.9999991285278733,50,3,2026-01-16
MSCI/PRU,MSCI,PRU,slow_reentry,2030.660910704431,0.3985592879873015,-0.1795949087297318,0.9999742831721509,34,3,2026-01-16
AKAM/KEYS,AKAM,KEYS,slow_reentry,-1626.419999999998,-0.18208433680078484,-0.1795949087297318,1.8302397122241872e-05,34,3,2026-01-16
CINF/FMC,CINF,FMC,slow_reentry,-15012.40786268467,-1.4663836475029564,-0.1795949087297318,4.876882554923289e-19,38,3,2026-01-16
AON/KKR,AON,KKR,slow_reentry,5285.086399465341,0.4832730363815192,-0.1795949087297318,0.9999999999928935,44,3,2026-01-16
BSX/WMB,BSX,WMB,slow_reentry,7579.139944161667,0.7955343045564562,-0.1795949087297318,0.9999928105815279,56,3,2026-01-16
MSCI/SCHW,MSCI,SCHW,slow_reentry,-2565.207895891228,-0.3560311045988011,-0.1795949087297318,3.9943872647147595e-11,40,3,2026-01-16
HAS/YUM,HAS,YUM,long_z_short_v,-3187.584156434948,-0.4321009836470241,-0.249158387075091,2.7595165713580008e-18,48,3,2026-01-16
CSCO/PAYC,CSCO,PAYC,long_z_short_v,4921.432618592096,0.596316171092817,-0.249158387075091,0.9999999979859395,44,3,2026-01-16
TXT/YUM,TXT,YUM,long_z_short_v,-3305.314477282506,-0.4122324776042036,-0.249158387075091,3.019171276357043e-20,42,3,2026-01-16
EXR/WY,EXR,WY,long_z_short_v,4800.437517228725,0.623579206995696,-0.249158387075091,0.9999999999999998,38,3,2026-01-16
ATO/PCG,ATO,PCG,long_z_short_v,-7423.730138040322,-0.739497145511254,-0.249158387075091,2.805492456020177e-27,34,3,2026-01-16
BIIB/HCA,BIIB,HCA,long_z_short_v,1294.46138268075,0.1493737175492208,-0.249158387075091,0.8243879997963031,36,3,2026-01-16
CDNS/PTC,CDNS,PTC,long_z_short_v,6589.609999999999,0.6647969697745787,-0.249158387075091,0.9999999999743174,40,3,2026-01-16
EVRG/PCG,EVRG,PCG,long_z_short_v,-15760.97412650949,-1.6752379858723423,-0.249158387075091,1.7791657135608167e-24,40,3,2026-01-16
RTX/SNA,RTX,SNA,long_z_short_v,6550.007567791008,1.0154440966540352,-0.249158387075091,0.9999961156350171,38,3,2026-01-16
MSCI/PRU,MSCI,PRU,long_z_short_v,1006.242457162743,0.12427157199635601,-0.249158387075091,0.7633991063915977,32,3,2026-01-16
AKAM/KEYS,AKAM,KEYS,long_z_short_v,-165.440000000031,-0.016224899812568944,-0.249158387075091,0.008512804172964454,32,3,2026-01-16
CINF/FMC,CINF,FMC,long_z_short_v,5501.397506992752,0.46100730151555563,-0.249158387075091,0.9999999999054642,46,3,2026-01-16
AON/KKR,AON,KKR,long_z_short_v,5254.735524919568,0.3891505779354924,-0.249158387075091,0.9999998646300113,40,3,2026-01-16
BSX/WMB,BSX,WMB,long_z_short_v,-70.2207792408268,-0.007519979036359583,-0.249158387075091,0.011300428294164003,52,3,2026-01-16
MSCI/SCHW,MSCI,SCHW,long_z_short_v,11372.89082372168,1.8082762485714903,-0.249158387075091,1.0,34,3,2026-01-16
HAS/YUM,HAS,YUM,vol_adaptive,6748.296395825233,0.5724134322391942,-0.3925245521279545,0.9999944541897519,60,3,2026-01-16
CSCO/PAYC,CSCO,PAYC,vol_adaptive,6941.470713711604,0.5773973153718435,-0.3925245521279545,0.9999985832329288,54,3,2026-01-16
TXT/YUM,TXT,YUM,vol_adaptive,1993.473298843703,0.2316523203439879,-0.3925245521279545,0.9923765845003694,72,3,2026-01-16
EXR/WY,EXR,WY,vol_adaptive,9004.866296682501,0.853869503334372,-0.3925245521279545,0.9999999999999951,56,3,2026-01-16
ATO/PCG,ATO,PCG,vol_adaptive,-4638.106393964575,-0.5606039611911195,-0.3925245521279545,2.2374322199173887e-28,54,3,2026-01-16
BIIB/HCA,BIIB,HCA,vol_adaptive,8119.154832040589,0.6972255207342578,-0.3925245521279545,0.999999999999851,86,3,2026-01-16
CDNS/PTC,CDNS,PTC,vol_adaptive,-388.4900000000007,-0.034106873849533995,-0.3925245521279545,0.003056813966035407,74,3,2026-01-16
EVRG/PCG,EVRG,PCG,vol_adaptive,-669.5975044609049,-0.08147737530770524,-0.3925245521279545,2.903424481786305e-05,60,3,2026-01-16
RTX/SNA,RTX,SNA,vol_adaptive,1049.0882491625,0.1493570059250799,-0.3925245521279545,0.8614078590491197,56,3,2026-01-16
MSCI/PRU,MSCI,PRU,vol_adaptive,-4850.667461808648,-0.697964775121051,-0.3925245521279545,1.7514948532708442e-12,48,3,2026-01-16
AKAM/KEYS,AKAM,KEYS,vol_adaptive,10124.03000000001,1.0234354938075743,-0.3925245521279545,0.9999999132402269,56,3,2026-01-16
CINF/FMC,CINF,FMC,vol_adaptive,-10521.89825882272,-0.8676168471952832,-0.3925245521279545,1.4168287349715435e-32,56,3,2026-01-16
AON/KKR,AON,KKR,vol_adaptive,-239.5658025542557,-0.018310016974620695,-0.3925245521279545,0.007294882883093426,70,3,2026-01-16
BSX/WMB,BSX,WMB,vol_adaptive,421.5586152365231,0.04170361646598219,-0.3925245521279545,0.12312643499968434,76,3,2026-01-16
MSCI/SCHW,MSCI,SCHW,vol_adaptive,-11138.36452911164,-1.1017203463539245,-0.3925245521279545,4.654925519147121e-14,62,3,2026-01-16
HAS/YUM,HAS,YUM,tight_stop,5239.064178732322,0.4419358891024058,-0.4176106112508639,0.9910859665629622,48,3,2026-01-16
CSCO/PAYC,CSCO,PAYC,tight_stop,8773.78786732703,0.9466469869013946,-0.4176106112508639,0.9999983704111002,54,3,2026-01-16
TXT/YUM,TXT,YUM,tight_stop,-3504.301669464566,-0.5268023697704755,-0.4176106112508639,1.1793528342938124e-19,66,3,2026-01-16
EXR/WY,EXR,WY,tight_stop,6877.65321538098,0.8897818279765438,-0.4176106112508639,0.9999987264145778,48,3,2026-01-16
ATO/PCG,ATO,PCG,tight_stop,-4394.807433413892,-0.5656029229111873,-0.4176106112508639,3.5653817102521665e-15,56,3,2026-01-16
BIIB/HCA,BIIB,HCA,tight_stop,-154.2200733939799,-0.01438862623216248,-0.4176106112508639,0.008496338349370629,60,3,2026-01-16
CDNS/PTC,CDNS,PTC,tight_stop,-4756.640000000005,-0.48254333481688805,-0.4176106112508639,3.182780755404453e-09,50,3,2026-01-16
EVRG/PCG,EVRG,PCG,tight_stop,-7511.404047041896,-0.9776719646207862,-0.4176106112508639,9.225101515178416e-13,66,3,2026-01-16
RTX/SNA,RTX,SNA,tight_stop,1048.819599267885,0.13787289700390662,-0.4176106112508639,0.7157229211142664,58,3,2026-01-16
MSCI/PRU,MSCI,PRU,tight_stop,4960.608005158138,0.8394575845322642,-0.4176106112508639,0.9999999999926503,42,3,2026-01-16
AKAM/KEYS,AKAM,KEYS,tight_stop,-5750.379999999994,-0.8128998746593147,-0.4176106112508639,4.678999591744832e-13,44,3,2026-01-16
CINF/FMC,CINF,FMC,tight_stop,-7736.391302557362,-0.8820895697984141,-0.4176106112508639,5.929345934907055e-18,54,3,2026-01-16
AON/KKR,AON,KKR,tight_stop,10445.79507735566,1.110668705238498,-0.4176106112508639,0.9999999999556957,48,3,2026-01-16
BSX/WMB,BSX,WMB,tight_stop,8854.070451855066,0.9298276434735459,-0.4176106112508639,0.9999983494570952,70,3,2026-01-16
MSCI/SCHW,MSCI,SCHW,tight_stop,-511.7675179363669,-0.07020882232910598,-0.4176106112508639,0.00022567943830271704,58,3,2026-01-16
HAS/YUM,HAS,YUM,fast_signal,-3090.834576361647,-0.27235915710651326,-0.4347881902329684,2.1234983628213813e-14,70,3,2026-01-16
CSCO/PAYC,CSCO,PAYC,fast_signal,8772.743681387881,0.6866440173436779,-0.4347881902329684,0.9999999847197106,68,3,2026-01-16
TXT/YUM,TXT,YUM,fast_signal,-2782.214377731516,-0.329411717945143,-0.4347881902329684,6.361621168487636e-18,70,3,2026-01-16
EXR/WY,EXR,WY,fast_signal,3919.79641327644,0.4261453049679481,-0.4347881902329684,0.9999999999544679,76,3,2026-01-16
ATO/PCG,ATO,PCG,fast_signal,6559.694350867996,0.7163145566557303,-0.4347881902329684,0.9999999997340123,70,3,2026-01-16
BIIB/HCA,BIIB,HCA,fast_signal,2135.655976536506,0.21839338984463585,-0.4347881902329684,0.9871071473732645,58,3,2026-01-16
CDNS/PTC,CDNS,PTC,fast_signal,-628.6200000000117,-0.06390558249475005,-0.4347881902329684,0.0009382987046484337,66,3,2026-01-16
EVRG/PCG,EVRG,PCG,fast_signal,2200.367799624697,0.25666033592519444,-0.4347881902329684,0.9944742478968011,76,3,2026-01-16
RTX/SNA,RTX,SNA,fast_signal,8802.952727999007,1.1344891729475477,-0.4347881902329684,0.9999999961133764,58,3,2026-01-16
MSCI/PRU,MSCI,PRU,fast_signal,-6601.360339039376,-0.9512449512708852,-0.4347881902329684,2.5123521723914805e-28,60,3,2026-01-16
AKAM/KEYS,AKAM,KEYS,fast_signal,-4855.700000000016,-0.5704469698106667,-0.4347881902329684,2.9108197680097892e-12,52,3,2026-01-16
CINF/FMC,CINF,FMC,fast_signal,-6627.487323934103,-0.5149192655002336,-0.4347881902329684,1.9730865602053485e-20,70,3,2026-01-16
AON/KKR,AON,KKR,fast_signal,10975.35886335015,0.6773638329150748,-0.4347881902329684,0.9999999999994377,72,3,2026-01-16
BSX/WMB,BSX,WMB,fast_signal,-5004.723894796039,-0.4553336213807918,-0.4347881902329684,1.5754570014352838e-19,90,3,2026-01-16
MSCI/SCHW,MSCI,SCHW,fast_signal,-5319.769641654106,-0.46244237576252034,-0.4347881902329684,7.93653307305021e-12,76,3,2026-01-16
HAS/YUM,HAS,YUM,quick_exit,4511.165755551803,0.3796617825226609,-0.5125078471747854,0.9850495089689001,48,3,2026-01-16
CSCO/PAYC,CSCO,PAYC,quick_exit,10561.0518980611,1.0942147248372711,-0.5125078471747854,0.9999996016016498,54,3,2026-01-16
TXT/YUM,TXT,YUM,quick_exit,-1432.029180172114,-0.2190096019590007,-0.5125078471747854,5.861899292413137e-10,64,3,2026-01-16
EXR/WY,EXR,WY,quick_exit,5157.413689440007,0.709533311908689,-0.5125078471747854,0.9999881174232491,48,3,2026-01-16
ATO/PCG,ATO,PCG,quick_exit,-5784.617527946926,-0.750943823457975,-0.5125078471747854,7.519587549855521e-15,58,3,2026-01-16
BIIB/HCA,BIIB,HCA,quick_exit,-319.7042698866017,-0.029588001103135395,-0.5125078471747854,0.0035759728236348896,60,3,2026-01-16
CDNS/PTC,CDNS,PTC,quick_exit,-6509.970000000018,-0.6267122893074432,-0.5125078471747854,3.942385398822138e-11,52,3,2026-01-16
EVRG/PCG,EVRG,PCG,quick_exit,-5335.480491702125,-0.7022628070546942,-0.5125078471747854,4.692178787600728e-13,64,3,2026-01-16
RTX/SNA,RTX,SNA,quick_exit,1274.117530359382,0.1618011427001451,-0.5125078471747854,0.8238624760499953,58,3,2026-01-16
MSCI/PRU,MSCI,PRU,quick_exit,8668.656026457651,1.2936837531493726,-0.5125078471747854,0.9999999999999613,46,3,2026-01-16
AKAM/KEYS,AKAM,KEYS,quick_exit,-6906.739999999986,-0.9624010528875793,-0.5125078471747854,6.977185527104579e-13,44,3,2026-01-16
CINF/FMC,CINF,FMC,quick_exit,-9613.238586749823,-1.2011694296347384,-0.5125078471747854,3.5706057242716716e-21,54,3,2026-01-16
AON/KKR,AON,KKR,quick_exit,7551.345833952299,0.7992812621063825,-0.5125078471747854,0.9999999999731289,52,3,2026-01-16
BSX/WMB,BSX,WMB,quick_exit,9589.746623937026,0.9833329887449367,-0.5125078471747854,0.9999995342407052,70,3,2026-01-16
MSCI/SCHW,MSCI,SCHW,quick_exit,-2534.230627536142,-0.34967310587585737,-0.5125078471747854,2.05046184949331e-11,58,3,2026-01-16
HAS/YUM,HAS,YUM,deep_dislocation,16331.33823826182,1.945557681469681,-0.543143652808073,0.9999999999999988,20,3,2026-01-16
CSCO/PAYC,CSCO,PAYC,deep_dislocation,2529.655706915373,0.20471167437680032,-0.543143652808073,0.9935716832863115,18,3,2026-01-16
TXT/YUM,TXT,YUM,deep_dislocation,56.33921721483421,0.005490708115933413,-0.543143652808073,0.02347703564734925,26,3,2026-01-16
EXR/WY,EXR,WY,deep_dislocation,370.9360971408987,0.037497045459655216,-0.543143652808073,0.08515601780570531,16,3,2026-01-16
ATO/PCG,ATO,PCG,deep_dislocation,-4112.329800739348,-0.3147843741508372,-0.543143652808073,6.271693534433614e-14,28,3,2026-01-16
BIIB/HCA,BIIB,HCA,deep_dislocation,3822.150306166586,0.32512738149905995,-0.543143652808073,0.9997026159185278,22,3,2026-01-16
CDNS/PTC,CDNS,PTC,deep_dislocation,20715.72999999996,1.452060037724181,-0.543143652808073,0.9999981927988508,22,3,2026-01-16
EVRG/PCG,EVRG,PCG,deep_dislocation,-13918.97553619012,-0.9846939589423832,-0.543143652808073,1.736775240947278e-28,30,3,2026-01-16
RTX/SNA,RTX,SNA,deep_dislocation,-204.0291499165596,-0.03598332799367528,-0.543143652808073,0.0022145282804762515,14,3,2026-01-16
MSCI/PRU,MSCI,PRU,deep_dislocation,2899.421425605437,0.3297839943215997,-0.543143652808073,0.9999862564619488,16,3,2026-01-16
AKAM/KEYS,AKAM,KEYS,deep_dislocation,6802.349999999997,0.5601097349560661,-0.543143652808073,0.9995368946855017,10,3,2026-01-16
CINF/FMC,CINF,FMC,deep_dislocation,-37188.96474406953,-1.9319501493962954,-0.543143652808073,7.944302627786805e-34,44,3,2026-01-16
AON/KKR,AON,KKR,deep_dislocation,8696.372623887177,0.6900454530601746,-0.543143652808073,0.9999999786018532,22,3,2026-01-16
BSX/WMB,BSX,WMB,deep_dislocation,-914.8145541961171,-0.09077858031188947,-0.543143652808073,6.17759410230707e-05,28,3,2026-01-16
MSCI/SCHW,MSCI,SCHW,deep_dislocation,-4945.155720511254,-0.6318659498618421,-0.543143652808073,3.104496908594294e-06,20,3,2026-01-16
HAS/YUM,HAS,YUM,fast_signal_tight_stop,-8452.475512007251,-0.8814799144112685,-0.6550749425593437,1.152891769369511e-07,60,3,2026-01-16
CSCO/PAYC,CSCO,PAYC,fast_signal_tight_stop,-52.97781175736782,-0.0044216793890506575,-0.6550749425593437,0.014499738287365897,56,3,2026-01-16
TXT/YUM,TXT,YUM,fast_signal_tight_stop,-1586.475988745438,-0.21594736956135624,-0.6550749425593437,8.993317040757542e-12,56,3,2026-01-16
EXR/WY,EXR,WY,fast_signal_tight_stop,4727.306812641326,0.6329616638682489,-0.6550749425593437,0.9999999999999973,72,3,2026-01-16
ATO/PCG,ATO,PCG,fast_signal_tight_stop,9819.954500654283,1.1538552032589289,-0.6550749425593437,0.9999999999149204,62,3,2026-01-16
BIIB/HCA,BIIB,HCA,fast_signal_tight_stop,1588.359921017786,0.18947745397274887,-0.6550749425593437,0.9530465688173623,52,3,2026-01-16
CDNS/PTC,CDNS,PTC,fast_signal_tight_stop,-2162.810000000013,-0.23528196255686412,-0.6550749425593437,2.9642267772363586e-06,60,3,2026-01-16
EVRG/PCG,EVRG,PCG,fast_signal_tight_stop,-624.2231390240565,-0.08544160740349496,-0.6550749425593437,1.4445277907301538e-05,60,3,2026-01-16
RTX/SNA,RTX,SNA,fast_signal_tight_stop,8678.669311304102,1.1336791117889682,-0.6550749425593437,0.9999999969646473,58,3,2026-01-16
MSCI/PRU,MSCI,PRU,fast_signal_tight_stop,-5107.936840907418,-0.931751353451607,-0.6550749425593437,2.0408698903426448e-23,52,3,2026-01-16
AKAM/KEYS,AKAM,KEYS,fast_signal_tight_stop,-12663.68000000004,-1.2036886593943508,-0.6550749425593437,1.9661869307710432e-06,50,3,2026-01-16
CINF/FMC,CINF,FMC,fast_signal_tight_stop,-5224.428667599052,-0.4721072218626397,-0.6550749425593437,1.0815535116633483e-15,58,3,2026-01-16
AON/KKR,AON,KKR,fast_signal_tight_stop,18237.46041627063,1.1991854678906309,-0.6550749425593437,0.9999999997844484,64,3,2026-01-16
BSX/WMB,BSX,WMB,fast_signal_tight_stop,-7036.134056019859,-0.7182679163637287,-0.6550749425593437,4.585854713803064e-17,68,3,2026-01-16
MSCI/SCHW,MSCI,SCHW,fast_signal_tight_stop,2076.799201061674,0.20797861034079734,-0.6550749425593437,0.9508159956320361,74,3,2026-01-16
HAS/YUM,HAS,YUM,low_entry,6625.065383091281,0.4307423461846232,-0.6622567715593981,0.9996763587714446,88,3,2026-01-16
CSCO/PAYC,CSCO,PAYC,low_entry,-3158.374410810511,-0.2353956793310359,-0.6622567715593981,8.484642076617797e-09,92,3,2026-01-16
TXT/YUM,TXT,YUM,low_entry,3354.93916739548,0.35683744579201715,-0.6622567715593981,0.9999922708277529,92,3,2026-01-16
EXR/WY,EXR,WY,low_entry,1954.681666231498,0.20679817313139132,-0.6622567715593981,0.9877434437928451,90,3,2026-01-16
ATO/PCG,ATO,PCG,low_entry,-8886.636404743047,-0.7679060456939316,-0.6622567715593981,4.4230352714803056e-27,98,3,2026-01-16
BIIB/HCA,BIIB,HCA,low_entry,3660.927669126465,0.29528651173372955,-0.6622567715593981,0.999786976604409,112,3,2026-01-16
CDNS/PTC,CDNS,PTC,low_entry,-3141.070000000026,-0.2575245324579954,-0.6622567715593981,1.636890971514435e-09,92,3,2026-01-16
EVRG/PCG,EVRG,PCG,low_entry,-18954.78216130301,-1.531743060857206,-0.6622567715593981,6.672927117875378e-17,98,3,2026-01-16
RTX/SNA,RTX,SNA,low_entry,684.1086520320623,0.07597515564846223,-0.6622567715593981,0.3127222744657594,84,3,2026-01-16
MSCI/PRU,MSCI,PRU,low_entry,12260.36085527876,1.0942045735665566,-0.6622567715593981,0.9999998913628352,76,3,2026-01-16
AKAM/KEYS,AKAM,KEYS,low_entry,4884.03000000001,0.41788055180423844,-0.6622567715593981,0.9999992094932689,64,3,2026-01-16
CINF/FMC,CINF,FMC,low_entry,3770.697423389057,0.11878827128694383,-0.6622567715593981,0.7763631649723157,98,3,2026-01-16
AON/KKR,AON,KKR,low_entry,-13366.64574859275,-0.8001133962123823,-0.6622567715593981,1.071001939664598e-29,116,3,2026-01-16
BSX/WMB,BSX,WMB,low_entry,2101.960173333418,0.1691279962194138,-0.6622567715593981,0.8898571744775097,104,3,2026-01-16
MSCI/SCHW,MSCI,SCHW,low_entry,-5851.743907615361,-0.5518957461279592,-0.6622567715593981,2.0728324946582765e-19,80,3,2026-01-16
HAS/YUM,HAS,YUM,high_entry,9067.166757630624,2.0720992798814177,-0.6945969982434181,0.9999999969867713,18,3,2026-01-16
CSCO/PAYC,CSCO,PAYC,high_entry,4245.322677176124,0.5141242603912828,-0.6945969982434181,0.9998105877995003,20,3,2026-01-16
TXT/YUM,TXT,YUM,high_entry,-1381.991134463724,-0.24558232476240033,-0.6945969982434181,7.936279970319619e-10,26,3,2026-01-16
EXR/WY,EXR,WY,high_entry,106.3273470810459,0.019325364930058594,-0.6945969982434181,0.04260721989231584,22,3,2026-01-16
ATO/PCG,ATO,PCG,high_entry,-10047.56728552641,-1.6905824684205377,-0.6945969982434181,3.1876217504816283e-09,40,3,2026-01-16
BIIB/HCA,BIIB,HCA,high_entry,1132.707334789211,0.15186080127411505,-0.6945969982434181,0.8293285893699626,24,3,2026-01-16
CDNS/PTC,CDNS,PTC,high_entry,8674.129999999983,1.086704702481662,-0.6945969982434181,0.9999994988721609,24,3,2026-01-16
EVRG/PCG,EVRG,PCG,high_entry,-1510.772201634354,-0.19476538354278405,-0.6945969982434181,1.5465457189740313e-09,38,3,2026-01-16
RTX/SNA,RTX,SNA,high_entry,2623.080346072556,0.7030377080564293,-0.6945969982434181,0.9999957822636751,20,3,2026-01-16
MSCI/PRU,MSCI,PRU,high_entry,1856.754415125508,0.35634108497632283,-0.6945969982434181,0.9999788607331671,22,3,2026-01-16
AKAM/KEYS,AKAM,KEYS,high_entry,9002.509999999993,1.2632589062256407,-0.6945969982434181,0.9998440657317468,22,3,2026-01-16
CINF/FMC,CINF,FMC,high_entry,-14634.33706998377,-1.388593986364508,-0.6945969982434181,7.34943291660181e-22,40,3,2026-01-16
AON/KKR,AON,KKR,high_entry,-1893.769899528254,-0.2734899689155285,-0.6945969982434181,3.104674093667543e-05,22,3,2026-01-16
BSX/WMB,BSX,WMB,high_entry,2124.142322669786,0.4108542876073907,-0.6945969982434181,0.9998970565761481,26,3,2026-01-16
MSCI/SCHW,MSCI,SCHW,high_entry,-2207.274218595053,-0.44933061228635135,-0.6945969982434181,5.447243095888827e-06,24,3,2026-01-16
HAS/YUM,HAS,YUM,medium_signal_high_leverage,13368.4614837712,0.9332326308217925,-0.6980282150552946,0.9999999999939168,52,3,2026-01-16
CSCO/PAYC,CSCO,PAYC,medium_signal_high_leverage,15564.36372614123,0.9443417458611055,-0.6980282150552946,0.9999999824917408,50,3,2026-01-16
TXT/YUM,TXT,YUM,medium_signal_high_leverage,240.6387551071239,0.01829258480221093,-0.6980282150552946,0.042766433143116525,52,3,2026-01-16
EXR/WY,EXR,WY,medium_signal_high_leverage,794.5952144463627,0.0582395997805234,-0.6980282150552946,0.1817948859133951,48,3,2026-01-16
ATO/PCG,ATO,PCG,medium_signal_high_leverage,-3656.69861329637,-0.25281183315702116,-0.6980282150552946,3.513802425421345e-13,46,3,2026-01-16
BIIB/HCA,BIIB,HCA,medium_signal_high_leverage,10050.89964534593,0.59974918456421,-0.6980282150552946,0.9999999999840569,60,3,2026-01-16
CDNS/PTC,CDNS,PTC,medium_signal_high_leverage,-3482.830000000002,-0.2167980296823761,-0.6980282150552946,3.658975663034875e-07,48,3,2026-01-16
EVRG/PCG,EVRG,PCG,medium_signal_high_leverage,-21037.45359474455,-1.4747293751534782,-0.6980282150552946,3.0949443899480062e-27,48,3,2026-01-16
RTX/SNA,RTX,SNA,medium_signal_high_leverage,-3980.024988946627,-0.39540459800093164,-0.6980282150552946,3.039186275680465e-17,54,3,2026-01-16
MSCI/PRU,MSCI,PRU,medium_signal_high_leverage,3463.886923127098,0.3342795012015441,-0.6980282150552946,0.9999911477310869,38,3,2026-01-16
AKAM/KEYS,AKAM,KEYS,medium_signal_high_leverage,11954.17000000003,0.8298000999896894,-0.6980282150552946,0.9999991703287465,42,3,2026-01-16
CINF/FMC,CINF,FMC,medium_signal_high_leverage,-31825.6044601304,-1.6189225401592748,-0.6980282150552946,6.614807002412326e-39,50,3,2026-01-16
AON/KKR,AON,KKR,medium_signal_high_leverage,-3146.126184732642,-0.15382131461367735,-0.6980282150552946,5.787760395458107e-07,50,3,2026-01-16
BSX/WMB,BSX,WMB,medium_signal_high_leverage,-2460.966702594576,-0.19490832272468633,-0.6980282150552946,9.883857708276432e-11,62,3,2026-01-16
MSCI/SCHW,MSCI,SCHW,medium_signal_high_leverage,338.4335742135772,0.030660950328982688,-0.6980282150552946,0.07011153366608107,48,3,2026-01-16
HAS/YUM,HAS,YUM,high_leverage,9249.56676960085,0.5038522604442249,-0.7390548838016854,0.9965498838250614,48,3,2026-01-16
CSCO/PAYC,CSCO,PAYC,high_leverage,8032.810180885926,0.5112881063539488,-0.7390548838016854,0.9999997202626354,60,3,2026-01-16
TXT/YUM,TXT,YUM,high_leverage,-7173.107551680385,-0.5503102607814422,-0.7390548838016854,3.1397171159344623e-23,64,3,2026-01-16
EXR/WY,EXR,WY,high_leverage,10618.19934000269,0.7030223707139289,-0.7390548838016854,0.999999999999887,56,3,2026-01-16
ATO/PCG,ATO,PCG,high_leverage,-7075.186371017053,-0.5140494606589006,-0.7390548838016854,9.124578618046927e-21,44,3,2026-01-16
BIIB/HCA,BIIB,HCA,high_leverage,1766.901312845819,0.10901876789697898,-0.7390548838016854,0.5604302508232126,52,3,2026-01-16
CDNS/PTC,CDNS,PTC,high_leverage,-2967.070000000004,-0.2044033979095014,-0.7390548838016854,3.029663033719534e-06,46,3,2026-01-16
EVRG/PCG,EVRG,PCG,high_leverage,-19302.99612628841,-1.3116328308799179,-0.7390548838016854,7.282694663114378e-24,50,3,2026-01-16
RTX/SNA,RTX,SNA,high_leverage,2710.709853203199,0.2387197386450605,-0.7390548838016854,0.9641983709848481,58,3,2026-01-16
MSCI/PRU,MSCI,PRU,high_leverage,5466.658991150793,0.5067362889731593,-0.7390548838016854,0.999999999894652,36,3,2026-01-16
AKAM/KEYS,AKAM,KEYS,high_leverage,1124.810000000009,0.0832499011036697,-0.7390548838016854,0.35052560438806557,38,3,2026-01-16
CINF/FMC,CINF,FMC,high_leverage,-30682.2153014709,-1.6344109761040206,-0.7390548838016854,8.447239345432313e-35,46,3,2026-01-16
AON/KKR,AON,KKR,high_leverage,7555.406305950225,0.4411517062427694,-0.7390548838016854,0.9999999999920984,48,3,2026-01-16
BSX/WMB,BSX,WMB,high_leverage,6474.028234145304,0.40074824958987343,-0.7390548838016854,0.9997803390594757,64,3,2026-01-16
MSCI/SCHW,MSCI,SCHW,high_leverage,-3789.961428558695,-0.3333570921881233,-0.7390548838016854,2.2307575157111526e-11,46,3,2026-01-16
HAS/YUM,HAS,YUM,balanced_plus,1761.389887600026,0.18568320930271712,-0.7486089603500555,0.964770480848493,52,3,2026-01-16
CSCO/PAYC,CSCO,PAYC,balanced_plus,4405.941944866036,0.37934705159312415,-0.7486089603500555,0.9997925999160472,54,3,2026-01-16
TXT/YUM,TXT,YUM,balanced_plus,-3418.151049461731,-0.3687594836029875,-0.7486089603500555,7.481087154619335e-21,64,3,2026-01-16
EXR/WY,EXR,WY,balanced_plus,4333.210217567401,0.5353549289758633,-0.7486089603500555,0.9999999999999822,48,3,2026-01-16
ATO/PCG,ATO,PCG,balanced_plus,-6823.139370269596,-0.8552609642867768,-0.7486089603500555,7.234909724475628e-25,58,3,2026-01-16
BIIB/HCA,BIIB,HCA,balanced_plus,3619.21716084735,0.3644953762925189,-0.7486089603500555,0.9999984159633472,58,3,2026-01-16
CDNS/PTC,CDNS,PTC,balanced_plus,4831.579999999958,0.4839875264318191,-0.7486089603500555,0.9999999637230897,56,3,2026-01-16
EVRG/PCG,EVRG,PCG,balanced_plus,-4951.699306131186,-0.5813340646868893,-0.7486089603500555,9.23446785534731e-16,54,3,2026-01-16
RTX/SNA,RTX,SNA,balanced_plus,-679.3592731657327,-0.10191836294400856,-0.7486089603500555,8.938451630857091e-07,62,3,2026-01-16
MSCI/PRU,MSCI,PRU,balanced_plus,-616.1718506437674,-0.10299358327977202,-0.7486089603500555,3.4314785097252147e-05,44,3,2026-01-16
AKAM/KEYS,AKAM,KEYS,balanced_plus,9416.570000000007,1.054659558716004,-0.7486089603500555,0.9999999542904726,48,3,2026-01-16
CINF/FMC,CINF,FMC,balanced_plus,-14400.38395407672,-1.2172836683713792,-0.7486089603500555,3.9215100823953636e-24,50,3,2026-01-16
AON/KKR,AON,KKR,balanced_plus,-5643.992733580526,-0.4679749041297078,-0.7486089603500555,1.5663136777021873e-14,56,3,2026-01-16
BSX/WMB,BSX,WMB,balanced_plus,5227.64840864452,0.5673316107113241,-0.7486089603500555,0.9999999998786426,72,3,2026-01-16
MSCI/SCHW,MSCI,SCHW,balanced_plus,1831.287379973948,0.21703575172502762,-0.7486089603500555,0.9815054741320115,60,3,2026-01-16
HAS/YUM,HAS,YUM,high_vol_specialist,8991.373961278508,1.3278098908764757,-0.7654202489232657,1.0,36,3,2026-01-16
CSCO/PAYC,CSCO,PAYC,high_vol_specialist,6623.990692177872,0.7026488220632606,-0.7654202489232657,0.9999981695415417,30,3,2026-01-16
TXT/YUM,TXT,YUM,high_vol_specialist,-3300.667902605158,-0.3495894724350074,-0.7654202489232657,1.5593779898824241e-09,38,3,2026-01-16
EXR/WY,EXR,WY,high_vol_specialist,8942.375069343583,1.1770458717140875,-0.7654202489232657,1.0,32,3,2026-01-16
ATO/PCG,ATO,PCG,high_vol_specialist,-5398.822852044401,-0.45919090142682184,-0.7654202489232657,9.754347453042712e-28,50,3,2026-01-16
BIIB/HCA,BIIB,HCA,high_vol_specialist,8595.871394332758,0.9897199012523584,-0.7654202489232657,0.999999999999608,36,3,2026-01-16
CDNS/PTC,CDNS,PTC,high_vol_specialist,2753.429999999968,0.3190423000445672,-0.7654202489232657,0.9999558994905718,38,3,2026-01-16
EVRG/PCG,EVRG,PCG,high_vol_specialist,-13078.41167771699,-0.9958964669884279,-0.7654202489232657,7.605966697185399e-26,48,3,2026-01-16
RTX/SNA,RTX,SNA,high_vol_specialist,6567.664403812876,1.3875243182037935,-0.7654202489232657,0.9999999998549609,28,3,2026-01-16
MSCI/PRU,MSCI,PRU,high_vol_specialist,12358.44304959885,1.2724286299362288,-0.7654202489232657,0.999948424890201,28,3,2026-01-16
AKAM/KEYS,AKAM,KEYS,high_vol_specialist,-10449.69999999999,-0.6242668255403163,-0.7654202489232657,3.201905937526886e-06,36,3,2026-01-16
CINF/FMC,CINF,FMC,high_vol_specialist,-26106.16893156459,-1.9270740385718492,-0.7654202489232657,1.4586464158341792e-40,36,3,2026-01-16
AON/KKR,AON,KKR,high_vol_specialist,1353.980812042853,0.14197047194092333,-0.7654202489232657,0.8423633042481791,36,3,2026-01-16
BSX/WMB,BSX,WMB,high_vol_specialist,4396.619302283043,0.5058605620758146,-0.7654202489232657,0.9999999995250103,44,3,2026-01-16
MSCI/SCHW,MSCI,SCHW,high_vol_specialist,-5500.975118379019,-0.6569457126865723,-0.7654202489232657,8.74509504992696e-15,40,3,2026-01-16
HAS/YUM,HAS,YUM,default,8213.001766610321,0.6804432712045612,-0.902317691762051,0.9982316746499849,44,3,2026-01-16
CSCO/PAYC,CSCO,PAYC,default,5607.136529540201,0.5365864470698369,-0.902317691762051,0.9999996427852893,60,3,2026-01-16
TXT/YUM,TXT,YUM,default,-5113.312565219814,-0.6418911735865634,-0.902317691762051,1.2485038438196417e-26,62,3,2026-01-16
EXR/WY,EXR,WY,default,4831.872491098187,0.4914689134024592,-0.902317691762051,0.999999999930252,54,3,2026-01-16
ATO/PCG,ATO,PCG,default,-3746.386115097567,-0.478455811555324,-0.902317691762051,6.780358102721107e-16,54,3,2026-01-16
BIIB/HCA,BIIB,HCA,default,-217.0346303577719,-0.020375858915090857,-0.902317691762051,0.006098076083381467,60,3,2026-01-16
CDNS/PTC,CDNS,PTC,default,-1816.280000000025,-0.18491465612036656,-0.902317691762051,5.040290935239152e-06,48,3,2026-01-16
EVRG/PCG,EVRG,PCG,default,-8379.970150726915,-0.9768167008322433,-0.902317691762051,1.079001253869548e-14,58,3,2026-01-16
RTX/SNA,RTX,SNA,default,1816.931365938204,0.2386018489860243,-0.902317691762051,0.9641643320997144,58,3,2026-01-16
MSCI/PRU,MSCI,PRU,default,3741.792583256111,0.6420913978799924,-0.902317691762051,0.999999999625855,40,3,2026-01-16
AKAM/KEYS,AKAM,KEYS,default,-658.8400000000073,-0.07235393969939902,-0.902317691762051,0.0006035924312066,44,3,2026-01-16
CINF/FMC,CINF,FMC,default,-13710.02029713578,-1.190125209836238,-0.902317691762051,6.9653854736221145e-28,52,3,2026-01-16
AON/KKR,AON,KKR,default,2992.622372721371,0.27091897763487177,-0.902317691762051,0.9999554908411545,48,3,2026-01-16
BSX/WMB,BSX,WMB,default,3081.905234753956,0.30081793194727885,-0.902317691762051,0.9942957105046749,66,3,2026-01-16
MSCI/SCHW,MSCI,SCHW,default,-3296.899429318613,-0.4438588449863816,-0.902317691762051,1.0695793970961526e-12,48,3,2026-01-16
HAS/YUM,HAS,YUM,symmetric_exit,7964.029699294441,1.2103789473902131,-0.9087323944835726,0.9999999999999597,34,3,2026-01-16
CSCO/PAYC,CSCO,PAYC,symmetric_exit,5135.011806166258,0.5941194789817643,-0.9087323944835726,0.9999416681478672,38,3,2026-01-16
TXT/YUM,TXT,YUM,symmetric_exit,489.8700499561264,0.0716488846369063,-0.9087323944835726,0.2716954208953074,46,3,2026-01-16
EXR/WY,EXR,WY,symmetric_exit,2952.926917115758,0.465901210234052,-0.9087323944835726,0.9999999983398464,44,3,2026-01-16
ATO/PCG,ATO,PCG,symmetric_exit,-7102.653332019559,-1.1073404414413752,-0.9087323944835726,3.716326447059837e-12,54,3,2026-01-16
BIIB/HCA,BIIB,HCA,symmetric_exit,-2348.173164629835,-0.25280645454785833,-0.9087323944835726,1.2329018766049212e-09,52,3,2026-01-16
CDNS/PTC,CDNS,PTC,symmetric_exit,3374.509999999996,0.3831351136890434,-0.9087323944835726,0.9999989401898666,42,3,2026-01-16
EVRG/PCG,EVRG,PCG,symmetric_exit,1943.74235512489,0.23500573637041994,-0.9087323944835726,0.9793961754465269,50,3,2026-01-16
RTX/SNA,RTX,SNA,symmetric_exit,1079.862246346953,0.17139450331964193,-0.9087323944835726,0.9025189318542548,42,3,2026-01-16
MSCI/PRU,MSCI,PRU,symmetric_exit,2454.675945749747,0.4891646434180142,-0.9087323944835726,0.9999990446014081,26,3,2026-01-16
AKAM/KEYS,AKAM,KEYS,symmetric_exit,1165.359999999991,0.13839347766430735,-0.9087323944835726,0.7595475707786391,26,3,2026-01-16
CINF/FMC,CINF,FMC,symmetric_exit,-14379.09715791251,-1.3803423969000443,-0.9087323944835726,1.0834619408862823e-21,44,3,2026-01-16
AON/KKR,AON,KKR,symmetric_exit,590.5822263880382,0.06557811606151406,-0.9087323944835726,0.20375418880518564,34,3,2026-01-16
BSX/WMB,BSX,WMB,symmetric_exit,1515.681927578601,0.23525919006221302,-0.9087323944835726,0.9807428421065428,44,3,2026-01-16
MSCI/SCHW,MSCI,SCHW,symmetric_exit,-3593.729786990449,-0.6984228714374052,-0.9087323944835726,9.647122921628929e-24,38,3,2026-01-16
HAS/YUM,HAS,YUM,patient_hold,8181.178996716181,1.2245733066418987,-1.0002396315419042,0.9999999999999994,28,3,2026-01-16
CSCO/PAYC,CSCO,PAYC,patient_hold,8202.31425937669,0.9903896227779506,-1.0002396315419042,0.9998922093957391,28,3,2026-01-16
TXT/YUM,TXT,YUM,patient_hold,-8705.726102063081,-1.1310040564588066,-1.0002396315419042,2.0782369757988768e-23,40,3,2026-01-16
EXR/WY,EXR,WY,patient_hold,2654.903879474356,0.39393599307008215,-1.0002396315419042,0.9999999942504195,26,3,2026-01-16
ATO/PCG,ATO,PCG,patient_hold,-4139.339849763087,-0.4359536967927334,-1.0002396315419042,1.7534995808227286e-20,42,3,2026-01-16
BIIB/HCA,BIIB,HCA,patient_hold,2568.559355325507,0.2981912811324498,-1.0002396315419042,0.9997775061497797,34,3,2026-01-16
CDNS/PTC,CDNS,PTC,patient_hold,538.7399999999834,0.06524229061236632,-1.0002396315419042,0.21175825075802734,32,3,2026-01-16
EVRG/PCG,EVRG,PCG,patient_hold,-8314.150980627684,-0.8280366473627195,-1.0002396315419042,9.588453890815346e-24,42,3,2026-01-16
RTX/SNA,RTX,SNA,patient_hold,8275.518954020874,1.685250187000611,-1.0002396315419042,0.9999999999998187,42,3,2026-01-16
MSCI/PRU,MSCI,PRU,patient_hold,3800.650107157584,0.597935161109504,-1.0002396315419042,0.9999999999951839,28,3,2026-01-16
AKAM/KEYS,AKAM,KEYS,patient_hold,-4978.210000000007,-0.5225777047660523,-1.0002396315419042,6.275295926270079e-08,30,3,2026-01-16
CINF/FMC,CINF,FMC,patient_hold,-13568.61610904819,-1.3537172018090513,-1.0002396315419042,1.9180880130741817e-24,30,3,2026-01-16
AON/KKR,AON,KKR,patient_hold,-4333.187247268681,-0.4729067127897138,-1.0002396315419042,1.1780235938811855e-08,30,3,2026-01-16
BSX/WMB,BSX,WMB,patient_hold,2807.944535120974,0.38390359910598104,-1.0002396315419042,0.9999148471089354,42,3,2026-01-16
MSCI/SCHW,MSCI,SCHW,patient_hold,2042.919460106882,0.38137865555112005,-1.0002396315419042,0.9999337776852464,30,3,2026-01-16
HAS/YUM,HAS,YUM,high_turnover,3364.208649664351,0.37230915908963497,-1.0249440038766926,0.9999999110196379,86,3,2026-01-16
CSCO/PAYC,CSCO,PAYC,high_turnover,1714.441034466089,0.15380517291170617,-1.0249440038766926,0.807941723926952,74,3,2026-01-16
TXT/YUM,TXT,YUM,high_turnover,-382.9341699032041,-0.03767504411816873,-1.0249440038766926,0.0016348521976525072,82,3,2026-01-16
EXR/WY,EXR,WY,high_turnover,8298.382862793047,0.9427348730281495,-1.0249440038766926,1.0,82,3,2026-01-16
ATO/PCG,ATO,PCG,high_turnover,1478.640634554688,0.1944169783574465,-1.0249440038766926,0.915315272880971,78,3,2026-01-16
BIIB/HCA,BIIB,HCA,high_turnover,1115.375024140425,0.09183710194022997,-1.0249440038766926,0.421842751429225,98,3,2026-01-16
CDNS/PTC,CDNS,PTC,high_turnover,-18209.70000000004,-1.240569887268436,-1.0249440038766926,3.5118888699214308e-06,78,3,2026-01-16
EVRG/PCG,EVRG,PCG,high_turnover,-3581.460118251056,-0.5084776732147044,-1.0249440038766926,2.4873498192270982e-17,68,3,2026-01-16
RTX/SNA,RTX,SNA,high_turnover,3474.018759306992,0.5145395224943895,-1.0249440038766926,0.9999999999772142,82,3,2026-01-16
MSCI/PRU,MSCI,PRU,high_turnover,-5728.762863192525,-0.7424987176266736,-1.0249440038766926,1.1119873148015826e-10,74,3,2026-01-16
AKAM/KEYS,AKAM,KEYS,high_turnover,-3857.580000000005,-0.45309825258884173,-1.0249440038766926,4.273735454046557e-14,72,3,2026-01-16
CINF/FMC,CINF,FMC,high_turnover,-566.1772536132512,-0.03848695958462175,-1.0249440038766926,0.0025221560957679563,84,3,2026-01-16
AON/KKR,AON,KKR,high_turnover,-7826.658139418699,-0.6298475208171418,-1.0249440038766926,8.89948728268831e-15,76,3,2026-01-16
BSX/WMB,BSX,WMB,high_turnover,5637.030678537265,0.4753672450380079,-1.0249440038766926,0.9999932300194105,98,3,2026-01-16
MSCI/SCHW,MSCI,SCHW,high_turnover,-1779.094336835989,-0.1760209235803901,-1.0249440038766926,1.095183518501864e-06,88,3,2026-01-16
HAS/YUM,HAS,YUM,slow_signal,3644.970966351824,0.620459139990785,-1.1661564586675186,0.9999999999980799,42,3,2026-01-16
CSCO/PAYC,CSCO,PAYC,slow_signal,5881.664770312384,0.621141097788355,-1.1661564586675186,0.9999930083377647,32,3,2026-01-16
TXT/YUM,TXT,YUM,slow_signal,-4242.598623285838,-0.5692725777179445,-1.1661564586675186,8.300678923276967e-19,42,3,2026-01-16
EXR/WY,EXR,WY,slow_signal,9039.240130290647,1.2580675970314954,-1.1661564586675186,1.0,30,3,2026-01-16
ATO/PCG,ATO,PCG,slow_signal,-12717.62375964715,-1.3115425966359902,-1.1661564586675186,8.972642509473595e-28,54,3,2026-01-16
BIIB/HCA,BIIB,HCA,slow_signal,8608.026244512981,1.0301158020849928,-1.1661564586675186,0.9999999999993585,34,3,2026-01-16
CDNS/PTC,CDNS,PTC,slow_signal,-1011.520000000031,-0.12613472412203836,-1.1661564586675186,8.186377089618232e-05,38,3,2026-01-16
EVRG/PCG,EVRG,PCG,slow_signal,-11006.47651276623,-0.9203002778604624,-1.1661564586675186,1.5200123000349392e-23,52,3,2026-01-16
RTX/SNA,RTX,SNA,slow_signal,1237.36486208372,0.23397429430831,-1.1661564586675186,0.9724206437816477,36,3,2026-01-16
MSCI/PRU,MSCI,PRU,slow_signal,10060.76625875766,1.152214745701308,-1.1661564586675186,0.9994018554717198,28,3,2026-01-16
AKAM/KEYS,AKAM,KEYS,slow_signal,-14091.23,-0.8418817597841115,-1.1661564586675186,2.342504939636651e-06,34,3,2026-01-16
CINF/FMC,CINF,FMC,slow_signal,-10083.04050603512,-1.0599374296316613,-1.1661564586675186,2.1986032898187854e-28,42,3,2026-01-16
AON/KKR,AON,KKR,slow_signal,464.9549438659,0.04518420522533946,-1.1661564586675186,0.10860358308230045,38,3,2026-01-16
BSX/WMB,BSX,WMB,slow_signal,-417.6309815991333,-0.06818037600185417,-1.1661564586675186,0.0002971513781404116,36,3,2026-01-16
MSCI/SCHW,MSCI,SCHW,slow_signal,-4291.945774030124,-0.5536123538897104,-1.1661564586675186,6.565574318535141e-13,36,3,2026-01-16
HAS/YUM,HAS,YUM,short_z_long_v,3998.684539524668,0.4014885620293134,-1.3822891937537196,0.9997467733066632,48,3,2026-01-16
CSCO/PAYC,CSCO,PAYC,short_z_long_v,-5785.404893824871,-0.5456413871766705,-1.3822891937537196,8.658515909312476e-08,42,3,2026-01-16
TXT/YUM,TXT,YUM,short_z_long_v,-9772.01801133094,-1.078953072435891,-1.3822891937537196,7.879882848970304e-12,62,3,2026-01-16
EXR/WY,EXR,WY,short_z_long_v,5513.508172353049,0.6417842723993499,-1.3822891937537196,0.9999998934901755,60,3,2026-01-16
ATO/PCG,ATO,PCG,short_z_long_v,-6587.616101971897,-0.6954526288656164,-1.3822891937537196,1.2600585486359272e-22,82,3,2026-01-16
BIIB/HCA,BIIB,HCA,short_z_long_v,12836.43618062976,1.3149432329690924,-1.3822891937537196,1.0,56,3,2026-01-16
CDNS/PTC,CDNS,PTC,short_z_long_v,3695.350000000022,0.45489507152422054,-1.3822891937537196,0.9999964908669128,52,3,2026-01-16
EVRG/PCG,EVRG,PCG,short_z_long_v,993.4558282697657,0.10479755706954431,-1.3822891937537196,0.5247668886272451,66,3,2026-01-16
RTX/SNA,RTX,SNA,short_z_long_v,3374.564446576856,0.4066610683499856,-1.3822891937537196,0.999806766218877,56,3,2026-01-16
MSCI/PRU,MSCI,PRU,short_z_long_v,-193.2085922386586,-0.01773144655212219,-1.3822891937537196,0.009050821126497759,48,3,2026-01-16
AKAM/KEYS,AKAM,KEYS,short_z_long_v,-3611.880000000012,-0.22423357522973655,-1.3822891937537196,9.037801325632404e-06,54,3,2026-01-16
CINF/FMC,CINF,FMC,short_z_long_v,-26836.17344741486,-1.1686007450828877,-1.3822891937537196,0.000932371045477379,52,3,2026-01-16
AON/KKR,AON,KKR,short_z_long_v,1329.259015193206,0.10018168098836724,-1.3822891937537196,0.48743858110901545,68,3,2026-01-16
BSX/WMB,BSX,WMB,short_z_long_v,-5788.645892579892,-0.5691612592943278,-1.3822891937537196,1.3635982214889661e-21,72,3,2026-01-16
MSCI/SCHW,MSCI,SCHW,short_z_long_v,-14319.42208158291,-1.3936939326386018,-1.3822891937537196,1.2088682879392356e-14,64,3,2026-01-16
HAS/YUM,HAS,YUM,low_vol_specialist,9048.371118767749,1.0571132015923517,-1.5485885351479771,1.0,104,3,2026-01-16
CSCO/PAYC,CSCO,PAYC,low_vol_specialist,-9811.710629337658,-0.8335604484562139,-1.5485885351479771,7.554604233925256e-29,106,3,2026-01-16
TXT/YUM,TXT,YUM,low_vol_specialist,216.4941291967061,0.019402841099280584,-1.5485885351479771,0.04770136056976127,110,3,2026-01-16
EXR/WY,EXR,WY,low_vol_specialist,2885.292816602119,0.3015172908211683,-1.5485885351479771,0.9990973050445459,114,3,2026-01-16
ATO/PCG,ATO,PCG,low_vol_specialist,-445.955112146223,-0.04013593271295767,-1.5485885351479771,0.001686955269134755,136,3,2026-01-16
BIIB/HCA,BIIB,HCA,low_vol_specialist,1810.734776045093,0.14548448679689155,-1.5485885351479771,0.8205516423012107,100,3,2026-01-16
CDNS/PTC,CDNS,PTC,low_vol_specialist,-1463.320000000014,-0.12218312399361764,-1.5485885351479771,3.5029012638207038e-06,82,3,2026-01-16
EVRG/PCG,EVRG,PCG,low_vol_specialist,-14374.40861155194,-1.3091388742732388,-1.5485885351479771,7.087063100496836e-16,120,3,2026-01-16
RTX/SNA,RTX,SNA,low_vol_specialist,2031.235338923742,0.2139580134578656,-1.5485885351479771,0.975609356538844,102,3,2026-01-16
MSCI/PRU,MSCI,PRU,low_vol_specialist,-4137.007055704235,-0.5681577737899586,-1.5485885351479771,1.5589374351015578e-21,92,3,2026-01-16
AKAM/KEYS,AKAM,KEYS,low_vol_specialist,-23472.03999999997,-1.4201949539116556,-1.5485885351479771,3.5173690324855666e-08,86,3,2026-01-16
CINF/FMC,CINF,FMC,low_vol_specialist,-9703.98281034842,-0.6731798376473821,-1.5485885351479771,1.3497408963611767e-22,116,3,2026-01-16
AON/KKR,AON,KKR,low_vol_specialist,-11658.41248271771,-0.7173187198399378,-1.5485885351479771,1.3316061966566898e-29,104,3,2026-01-16
BSX/WMB,BSX,WMB,low_vol_specialist,12476.75355225188,1.1261936462753102,-1.5485885351479771,1.0,118,3,2026-01-16
MSCI/SCHW,MSCI,SCHW,low_vol_specialist,-1725.897855046931,-0.21452909228966371,-1.5485885351479771,1.5158419103506057e-10,102,3,2026-01-16
HAS/YUM,HAS,YUM,no_leverage,4108.640677561403,0.6829731966918242,-1.659149012206223,0.9983141506325653,44,3,2026-01-16
CSCO/PAYC,CSCO,PAYC,no_leverage,2799.408675850858,0.5355850364989095,-1.659149012206223,0.9999995980371799,60,3,2026-01-16
TXT/YUM,TXT,YUM,no_leverage,-2542.172972664343,-0.6398561825393771,-1.659149012206223,1.4744951571463437e-26,62,3,2026-01-16
EXR/WY,EXR,WY,no_leverage,2406.494931255784,0.49119780443730315,-1.659149012206223,0.9999999999373964,54,3,2026-01-16
ATO/PCG,ATO,PCG,no_leverage,-1857.213562396286,-0.47609396886550265,-1.659149012206223,7.228273615276675e-16,54,3,2026-01-16
BIIB/HCA,BIIB,HCA,no_leverage,-109.838182223467,-0.020656593051118832,-1.659149012206223,0.006002610797423096,60,3,2026-01-16
CDNS/PTC,CDNS,PTC,no_leverage,-881.4800000000007,-0.1803140184642385,-1.659149012206223,6.265640036621476e-06,48,3,2026-01-16
EVRG/PCG,EVRG,PCG,no_leverage,-4172.208073496323,-0.9751131547180668,-1.659149012206223,1.1521694234435589e-14,58,3,2026-01-16
RTX/SNA,RTX,SNA,no_leverage,910.1250112515785,0.240154495788843,-1.659149012206223,0.9656801199815301,58,3,2026-01-16
MSCI/PRU,MSCI,PRU,no_leverage,1876.561320132407,0.6461779357161525,-1.659149012206223,0.9999999997387191,40,3,2026-01-16
AKAM/KEYS,AKAM,KEYS,no_leverage,-318.9800000000046,-0.07013226219341491,-1.659149012206223,0.0006669227069735531,44,3,2026-01-16
CINF/FMC,CINF,FMC,no_leverage,-6831.832993768705,-1.1868942450354458,-1.659149012206223,6.184236847563072e-28,52,3,2026-01-16
AON/KKR,AON,KKR,no_leverage,1490.838154952194,0.27053914320315336,-1.659149012206223,0.9999546096144174,48,3,2026-01-16
BSX/WMB,BSX,WMB,no_leverage,1532.572723504283,0.3000271066311834,-1.659149012206223,0.9941205191230154,66,3,2026-01-16
MSCI/SCHW,MSCI,SCHW,no_leverage,-1643.968284070764,-0.4455416059052794,-1.659149012206223,8.489299360829052e-13,48,3,2026-01-16
HAS/YUM,HAS,YUM,conservative_no_leverage,4186.873933769222,1.3762971001551265,-1.6674425915228788,0.9999999999999982,30,3,2026-01-16
CSCO/PAYC,CSCO,PAYC,conservative_no_leverage,3816.22113402748,0.8751294563616128,-1.6674425915228788,0.9999830459893443,36,3,2026-01-16
TXT/YUM,TXT,YUM,conservative_no_leverage,-3104.293986459121,-0.8804273004144513,-1.6674425915228788,3.3691375596846816e-19,36,3,2026-01-16
EXR/WY,EXR,WY,conservative_no_leverage,2675.957109006047,0.7011651801522263,-1.6674425915228788,1.0,30,3,2026-01-16
ATO/PCG,ATO,PCG,conservative_no_leverage,-2852.844483168546,-0.5965511541830586,-1.6674425915228788,1.6086479815449485e-23,34,3,2026-01-16
BIIB/HCA,BIIB,HCA,conservative_no_leverage,339.3849615791075,0.0752052471942354,-1.6674425915228788,0.28922110505675847,36,3,2026-01-16
CDNS/PTC,CDNS,PTC,conservative_no_leverage,520.8099999999906,0.1164578670947379,-1.6674425915228788,0.6413567691715649,32,3,2026-01-16
EVRG/PCG,EVRG,PCG,conservative_no_leverage,-6598.513070066789,-1.296467964988754,-1.6674425915228788,1.666587859316215e-30,34,3,2026-01-16
RTX/SNA,RTX,SNA,conservative_no_leverage,3995.360553966682,1.956273637377835,-1.6674425915228788,0.9999999999751524,36,3,2026-01-16
MSCI/PRU,MSCI,PRU,conservative_no_leverage,3029.430655550276,0.9699742132399192,-1.6674425915228788,0.9999999999999387,28,3,2026-01-16
AKAM/KEYS,AKAM,KEYS,conservative_no_leverage,311.0999999999906,0.07081603604799612,-1.6674425915228788,0.25759015560856885,24,3,2026-01-16
CINF/FMC,CINF,FMC,conservative_no_leverage,-9763.711402511823,-1.4929001107063304,-1.6674425915228788,1.056010100467913e-37,34,3,2026-01-16
AON/KKR,AON,KKR,conservative_no_leverage,1135.859163462361,0.2188523445973826,-1.6674425915228788,0.9958676895258649,34,3,2026-01-16
BSX/WMB,BSX,WMB,conservative_no_leverage,533.0856918188363,0.16229382226307246,-1.6674425915228788,0.8454556003370238,34,3,2026-01-16
MSCI/SCHW,MSCI,SCHW,conservative_no_leverage,988.6322682715306,0.3924951991280509,-1.6674425915228788,0.9999978186993566,28,3,2026-01-16
HAS/YUM,HAS,YUM,conservative,2866.508283661736,1.3539623396471698,-2.066228116937274,0.999998264773424,18,3,2026-01-16
CSCO/PAYC,CSCO,PAYC,conservative,2671.652557172397,0.7231753473578784,-2.066228116937274,0.9987035917827521,18,3,2026-01-16
TXT/YUM,TXT,YUM,conservative,-41.88459691068238,-0.019950552276615345,-2.066228116937274,0.006710116272349672,26,3,2026-01-16
EXR/WY,EXR,WY,conservative,1263.402604099722,0.534870897090042,-2.066228116937274,0.9999930466600365,24,3,2026-01-16
ATO/PCG,ATO,PCG,conservative,-1967.040531415118,-0.7522983455943456,-2.066228116937274,5.8489954236718155e-08,36,3,2026-01-16
BIIB/HCA,BIIB,HCA,conservative,-622.2769995054023,-0.1649222069927503,-2.066228116937274,3.869432980740403e-06,26,3,2026-01-16
CDNS/PTC,CDNS,PTC,conservative,1749.94999999999,0.4452506312301289,-2.066228116937274,0.9999992178549876,32,3,2026-01-16
EVRG/PCG,EVRG,PCG,conservative,-648.6284439663398,-0.21884011498746558,-2.066228116937274,1.199581439310551e-07,34,3,2026-01-16
RTX/SNA,RTX,SNA,conservative,1185.452049183511,0.6190460385325519,-2.066228116937274,0.9999812377627487,30,3,2026-01-16
MSCI/PRU,MSCI,PRU,conservative,-511.1336557824418,-0.2930998159249194,-2.066228116937274,1.2633146423492889e-06,20,3,2026-01-16
AKAM/KEYS,AKAM,KEYS,conservative,-1981.98,-0.7300938972800115,-2.066228116937274,2.069794318348215e-06,22,3,2026-01-16
CINF/FMC,CINF,FMC,conservative,-4315.027645627574,-1.4448527980240864,-2.066228116937274,8.839221169179243e-10,30,3,2026-01-16
AON/KKR,AON,KKR,conservative,1706.312763712701,0.5127168670058979,-2.066228116937274,0.9999195120804915,18,3,2026-01-16
BSX/WMB,BSX,WMB,conservative,965.5584936909536,0.4742184324300748,-2.066228116937274,0.9978876081724533,22,3,2026-01-16
MSCI/SCHW,MSCI,SCHW,conservative,490.5469791261144,0.2327055587140681,-2.066228116937274,0.9916313247431159,18,3,2026-01-16
HAS/YUM,HAS,YUM,stable_signal_quick_exit,18020.09832660887,1.7728316141433396,0.3382462536510807,0.9999999986507437,48,4,2026-02-24
CSCO/PAYC,CSCO,PAYC,stable_signal_quick_exit,5270.86903956992,0.3255680188140096,0.3382462536510807,0.9998896508655462,66,4,2026-02-24
TXT/YUM,TXT,YUM,stable_signal_quick_exit,5079.567392417842,0.6012839726768634,0.3382462536510807,0.9999999999980482,54,4,2026-02-24
EXR/WY,EXR,WY,stable_signal_quick_exit,912.6920454599389,0.11323359983326133,0.3382462536510807,0.6245094422848846,54,4,2026-02-24
ATO/PCG,ATO,PCG,stable_signal_quick_exit,494.9644189401079,0.06696322390556303,0.3382462536510807,0.27339809254620495,38,4,2026-02-24
BIIB/HCA,BIIB,HCA,stable_signal_quick_exit,7214.533079044742,0.6732771991553845,0.3382462536510807,0.9999999999994181,58,4,2026-02-24
CDNS/PTC,CDNS,PTC,stable_signal_quick_exit,-1851.38000000004,-0.169931260138666,0.3382462536510807,2.3181883788887875e-06,54,4,2026-02-24
EVRG/PCG,EVRG,PCG,stable_signal_quick_exit,-4259.163964832769,-0.5358847694731803,0.3382462536510807,1.8770647312825135e-17,34,4,2026-02-24
RTX/SNA,RTX,SNA,stable_signal_quick_exit,8364.567277558734,1.2289154260420347,0.3382462536510807,1.0,44,4,2026-02-24
MSCI/PRU,MSCI,PRU,stable_signal_quick_exit,12361.26869326513,1.1931230323849744,0.3382462536510807,0.9999801409509043,40,4,2026-02-24
AKAM/KEYS,AKAM,KEYS,stable_signal_quick_exit,-3570.229999999971,-0.23609909838611098,0.3382462536510807,2.2840335930275112e-12,52,4,2026-02-24
CINF/FMC,CINF,FMC,stable_signal_quick_exit,-5959.136552194887,-0.475392424731946,0.3382462536510807,8.639331530879744e-09,44,4,2026-02-24
AON/KKR,AON,KKR,stable_signal_quick_exit,-3028.083705049065,-0.24576105230427425,0.3382462536510807,2.2014211789476108e-08,50,4,2026-02-24
BSX/WMB,BSX,WMB,stable_signal_quick_exit,1512.771985470121,0.15004545740317937,0.3382462536510807,0.8032435972695593,46,4,2026-02-24
MSCI/SCHW,MSCI,SCHW,stable_signal_quick_exit,5524.315711347732,0.6486102145698871,0.3382462536510807,0.9999999999997563,40,4,2026-02-24
HAS/YUM,HAS,YUM,slow_reentry,9603.26558817043,0.7329571647083476,0.2822419391717164,0.9994529630946322,46,4,2026-02-24
CSCO/PAYC,CSCO,PAYC,slow_reentry,12593.73076983196,1.1036958347722634,0.2822419391717164,0.9999999871606231,56,4,2026-02-24
TXT/YUM,TXT,YUM,slow_reentry,-715.4259768103129,-0.08542106758681557,0.2822419391717164,4.859210064727398e-05,64,4,2026-02-24
EXR/WY,EXR,WY,slow_reentry,3818.40350535719,0.37924175713053826,0.2822419391717164,0.9999999808995396,58,4,2026-02-24
ATO/PCG,ATO,PCG,slow_reentry,550.2432868394001,0.0735726436029854,0.2822419391717164,0.31684667479801204,46,4,2026-02-24
BIIB/HCA,BIIB,HCA,slow_reentry,6308.194352115513,0.5470094115653499,0.2822419391717164,0.9999999999556479,56,4,2026-02-24
CDNS/PTC,CDNS,PTC,slow_reentry,-2107.280000000012,-0.2042626931100583,0.2822419391717164,1.8328996465130426e-06,50,4,2026-02-24
EVRG/PCG,EVRG,PCG,slow_reentry,-2144.768441535355,-0.2716641249777129,0.2822419391717164,5.1214700513032954e-11,40,4,2026-02-24
RTX/SNA,RTX,SNA,slow_reentry,6011.226656756937,0.8288720450353285,0.2822419391717164,0.9999999998910051,52,4,2026-02-24
MSCI/PRU,MSCI,PRU,slow_reentry,4485.860837632219,0.7456156410690536,0.2822419391717164,0.9999999999157161,40,4,2026-02-24
AKAM/KEYS,AKAM,KEYS,slow_reentry,439.7300000000128,0.031849100440742156,0.2822419391717164,0.062368406218501815,42,4,2026-02-24
CINF/FMC,CINF,FMC,slow_reentry,-11365.94853406377,-0.9059531150540372,0.2822419391717164,9.387082148799339e-10,42,4,2026-02-24
AON/KKR,AON,KKR,slow_reentry,5512.408707306514,0.449612869505489,0.2822419391717164,0.9999999999918292,52,4,2026-02-24
BSX/WMB,BSX,WMB,slow_reentry,8064.125341922097,0.8207874835813814,0.2822419391717164,0.9999955625935348,58,4,2026-02-24
MSCI/SCHW,MSCI,SCHW,slow_reentry,1293.528723291624,0.1503352881620999,0.2822419391717164,0.8635693588119626,48,4,2026-02-24
HAS/YUM,HAS,YUM,flash_hold,10725.34997767825,1.650173839889894,0.2710195094557024,1.0,134,4,2026-02-24
CSCO/PAYC,CSCO,PAYC,flash_hold,5363.890126598544,0.5909292315280154,0.2710195094557024,0.9999999998943169,132,4,2026-02-24
TXT/YUM,TXT,YUM,flash_hold,1306.67133417369,0.2243209267942848,0.2710195094557024,0.9925839353722454,134,4,2026-02-24
EXR/WY,EXR,WY,flash_hold,4813.285649823773,0.8397944361228801,0.2710195094557024,1.0,166,4,2026-02-24
ATO/PCG,ATO,PCG,flash_hold,1415.022913448856,0.23715568408259266,0.2710195094557024,0.9957093017052846,176,4,2026-02-24
BIIB/HCA,BIIB,HCA,flash_hold,11322.36422829778,1.4953087139400203,0.2710195094557024,1.0,136,4,2026-02-24
CDNS/PTC,CDNS,PTC,flash_hold,-6106.439999999988,-0.6976308735502247,0.2710195094557024,3.838160045865482e-11,136,4,2026-02-24
EVRG/PCG,EVRG,PCG,flash_hold,-9753.316039995978,-1.4438713887615333,0.2710195094557024,8.880541778166492e-23,182,4,2026-02-24
RTX/SNA,RTX,SNA,flash_hold,6469.54717183063,0.9666786444494895,0.2710195094557024,0.9999999314456869,134,4,2026-02-24
MSCI/PRU,MSCI,PRU,flash_hold,250.0304640536077,0.036153324302150396,0.2710195094557024,0.08229849439937598,144,4,2026-02-24
AKAM/KEYS,AKAM,KEYS,flash_hold,-2380.949999999982,-0.26839157634175775,0.2710195094557024,1.3641350215564638e-08,114,4,2026-02-24
CINF/FMC,CINF,FMC,flash_hold,16452.07867386148,0.8482615206520125,0.2710195094557024,0.9994130134632656,166,4,2026-02-24
AON/KKR,AON,KKR,flash_hold,863.2315998132008,0.08866288033491881,0.2710195094557024,0.4140658536452083,150,4,2026-02-24
BSX/WMB,BSX,WMB,flash_hold,-2148.073508563532,-0.27583128696809667,0.2710195094557024,1.8397941565996773e-16,172,4,2026-02-24
MSCI/SCHW,MSCI,SCHW,flash_hold,2091.941357557037,0.31696976624511597,0.2710195094557024,0.9998403291376651,138,4,2026-02-24
HAS/YUM,HAS,YUM,static_threshold,8321.905298784584,0.666302814238517,0.2592164878240408,1.0,92,4,2026-02-24
CSCO/PAYC,CSCO,PAYC,static_threshold,-375.9806389151347,-0.02354244417997328,0.2592164878240408,0.004772971956477306,102,4,2026-02-24
TXT/YUM,TXT,YUM,static_threshold,1620.066324801462,0.12257375460973838,0.2592164878240408,0.681574446481061,96,4,2026-02-24
EXR/WY,EXR,WY,static_threshold,7085.614627679002,0.6487105908723475,0.2592164878240408,1.0,76,4,2026-02-24
ATO/PCG,ATO,PCG,static_threshold,-10905.19603212916,-0.8892558672281753,0.2592164878240408,3.6211071775019703e-28,98,4,2026-02-24
BIIB/HCA,BIIB,HCA,static_threshold,11796.10814271009,0.8435455337045021,0.2592164878240408,1.0,110,4,2026-02-24
CDNS/PTC,CDNS,PTC,static_threshold,812.149999999995,0.07021487847031428,0.2592164878240408,0.26230663300527024,80,4,2026-02-24
EVRG/PCG,EVRG,PCG,static_threshold,-14510.81564968195,-1.1027704243500638,0.2592164878240408,9.496595835574601e-28,98,4,2026-02-24
RTX/SNA,RTX,SNA,static_threshold,16670.88906917596,1.3065213878551603,0.2592164878240408,0.9999997370733554,102,4,2026-02-24
MSCI/PRU,MSCI,PRU,static_threshold,15615.11319461424,1.1398230941120937,0.2592164878240408,0.9999999999934952,98,4,2026-02-24
AKAM/KEYS,AKAM,KEYS,static_threshold,-1332.359999999955,-0.061147809725805045,0.2592164878240408,0.0007497764683004331,86,4,2026-02-24
CINF/FMC,CINF,FMC,static_threshold,5411.50872717357,0.23512221305802233,0.2592164878240408,0.9997573693358859,90,4,2026-02-24
AON/KKR,AON,KKR,static_threshold,-3099.072494479184,-0.14372177871683953,0.2592164878240408,7.68463581273746e-06,98,4,2026-02-24
BSX/WMB,BSX,WMB,static_threshold,5714.204458632515,0.4962103244645964,0.2592164878240408,0.9999999999533964,102,4,2026-02-24
MSCI/SCHW,MSCI,SCHW,static_threshold,3301.247792390706,0.26734502978756625,0.2592164878240408,0.9982840985728362,96,4,2026-02-24
HAS/YUM,HAS,YUM,vol_gated,9573.093687338778,0.751554689118375,0.2588666443491534,0.9999990890089442,66,4,2026-02-24
CSCO/PAYC,CSCO,PAYC,vol_gated,-5113.626935485915,-0.35359768249391543,0.2588666443491534,1.5451748426338155e-11,56,4,2026-02-24
TXT/YUM,TXT,YUM,vol_gated,4503.166558915407,0.4990474139467062,0.2588666443491534,0.9999999997986169,74,4,2026-02-24
EXR/WY,EXR,WY,vol_gated,13252.58251585315,1.1730857959216614,0.2588666443491534,1.0,72,4,2026-02-24
ATO/PCG,ATO,PCG,vol_gated,-3547.484180949312,-0.40382651625710697,0.2588666443491534,7.067063400478958e-27,56,4,2026-02-24
BIIB/HCA,BIIB,HCA,vol_gated,8152.314502964262,0.6766541463009647,0.2588666443491534,0.9999999999998374,86,4,2026-02-24
CDNS/PTC,CDNS,PTC,vol_gated,3401.339999999962,0.29056232286800493,0.2588666443491534,0.9998815892401041,76,4,2026-02-24
EVRG/PCG,EVRG,PCG,vol_gated,-548.4654995945402,-0.06519615999875207,0.2588666443491534,0.00011616711552791369,60,4,2026-02-24
RTX/SNA,RTX,SNA,vol_gated,3381.79348805547,0.4806468717818988,0.2588666443491534,0.999999999973914,56,4,2026-02-24
MSCI/PRU,MSCI,PRU,vol_gated,-7640.485347801616,-0.9263324750012861,0.2588666443491534,1.0153494282835092e-14,48,4,2026-02-24
AKAM/KEYS,AKAM,KEYS,vol_gated,15668.93000000001,1.086793481311161,0.2588666443491534,0.9999997922680975,66,4,2026-02-24
CINF/FMC,CINF,FMC,vol_gated,4012.406940253313,0.20791098467276026,0.2588666443491534,0.998110155321608,60,4,2026-02-24
AON/KKR,AON,KKR,vol_gated,7910.470218530722,0.5526663161843262,0.2588666443491534,0.999999999999999,68,4,2026-02-24
BSX/WMB,BSX,WMB,vol_gated,-6392.029526161062,-0.4557978534439825,0.2588666443491534,1.3964552040123872e-14,78,4,2026-02-24
MSCI/SCHW,MSCI,SCHW,vol_gated,-3557.106464514406,-0.3339034767889959,0.2588666443491534,7.24626511266764e-12,64,4,2026-02-24
HAS/YUM,HAS,YUM,aggressive,45126.19613679533,2.0428145176811703,0.2357526309941299,0.9999999999565944,90,4,2026-02-24
CSCO/PAYC,CSCO,PAYC,aggressive,1530.087318665314,0.05725816640405851,0.2357526309941299,0.18194626810576686,100,4,2026-02-24
TXT/YUM,TXT,YUM,aggressive,2340.651292440012,0.13637829629363293,0.2357526309941299,0.7716339259702445,106,4,2026-02-24
EXR/WY,EXR,WY,aggressive,10791.46800972212,0.5885951803991217,0.2357526309941299,1.0,96,4,2026-02-24
ATO/PCG,ATO,PCG,aggressive,-12234.83535436128,-0.6890470566787296,0.2357526309941299,1.3556780538184389e-28,82,4,2026-02-24
BIIB/HCA,BIIB,HCA,aggressive,29675.85628600968,1.3720177084944565,0.2357526309941299,1.0,120,4,2026-02-24
CDNS/PTC,CDNS,PTC,aggressive,-4536.780000000075,-0.22563408626520434,0.2357526309941299,3.6601285804378947e-09,100,4,2026-02-24
EVRG/PCG,EVRG,PCG,aggressive,-36048.95226079437,-1.6854396303231722,0.2357526309941299,2.8504443693464835e-25,74,4,2026-02-24
RTX/SNA,RTX,SNA,aggressive,3575.34484519356,0.22739972973013647,0.2357526309941299,0.9803695671414723,98,4,2026-02-24
MSCI/PRU,MSCI,PRU,aggressive,6198.179998361902,0.3458306491024983,0.2357526309941299,0.9999933149426637,84,4,2026-02-24
AKAM/KEYS,AKAM,KEYS,aggressive,9539.54000000007,0.36820077262114836,0.2357526309941299,0.9999976319066917,84,4,2026-02-24
CINF/FMC,CINF,FMC,aggressive,18867.08238488745,0.33661936254454455,0.2357526309941299,0.9995386022116546,90,4,2026-02-24
AON/KKR,AON,KKR,aggressive,-12570.77717695865,-0.4813682307358813,0.2357526309941299,6.645726959778291e-19,92,4,2026-02-24
BSX/WMB,BSX,WMB,aggressive,-19495.36032925613,-0.8132534534198957,0.2357526309941299,9.931607784948346e-17,114,4,2026-02-24
MSCI/SCHW,MSCI,SCHW,aggressive,8560.081315239588,0.4631242866338473,0.2357526309941299,0.9999997702053864,102,4,2026-02-24
HAS/YUM,HAS,YUM,fast_reentry,10915.20096775524,0.8261292216528849,0.1338229288429866,0.9997238917083812,52,4,2026-02-24
CSCO/PAYC,CSCO,PAYC,fast_reentry,-90.40480329985326,-0.007228558172558632,0.1338229288429866,0.012824793287417795,68,4,2026-02-24
TXT/YUM,TXT,YUM,fast_reentry,-3818.119174731371,-0.43154186580229414,0.1338229288429866,3.5708262405590476e-22,72,4,2026-02-24
EXR/WY,EXR,WY,fast_reentry,-533.9282725865792,-0.06086517634294252,0.1338229288429866,0.0003215062385690463,62,4,2026-02-24
ATO/PCG,ATO,PCG,fast_reentry,3391.689800543344,0.36115881390584015,0.1338229288429866,0.9999485576902561,76,4,2026-02-24
BIIB/HCA,BIIB,HCA,fast_reentry,2259.682488576364,0.1959256511086835,0.1338229288429866,0.9759303889584765,64,4,2026-02-24
CDNS/PTC,CDNS,PTC,fast_reentry,-979.3900000000085,-0.09004923640352581,0.1338229288429866,0.00018647174150902162,54,4,2026-02-24
EVRG/PCG,EVRG,PCG,fast_reentry,-3732.294551469334,-0.36563710633294305,0.1338229288429866,1.475291227523659e-15,66,4,2026-02-24
RTX/SNA,RTX,SNA,fast_reentry,9149.449306437975,1.3838124029844752,0.1338229288429866,1.0,58,4,2026-02-24
MSCI/PRU,MSCI,PRU,fast_reentry,2155.139442961313,0.31597941546424924,0.1338229288429866,0.9999410353078525,50,4,2026-02-24
AKAM/KEYS,AKAM,KEYS,fast_reentry,-3653.030000000025,-0.3081764755185389,0.1338229288429866,3.0948919613901993e-09,52,4,2026-02-24
CINF/FMC,CINF,FMC,fast_reentry,14148.84159704992,0.3956881806538178,0.1338229288429866,0.9975111765375274,70,4,2026-02-24
AON/KKR,AON,KKR,fast_reentry,1586.576118413584,0.11242401404115966,0.1338229288429866,0.6131015407304884,66,4,2026-02-24
BSX/WMB,BSX,WMB,fast_reentry,7321.223935053863,0.6281534317537323,0.1338229288429866,0.9999998189606574,78,4,2026-02-24
MSCI/SCHW,MSCI,SCHW,fast_reentry,-1404.826782109114,-0.16010073696071897,0.1338229288429866,2.452325264604625e-06,58,4,2026-02-24
HAS/YUM,HAS,YUM,vol_agnostic,3584.203037238574,0.22603342614826152,0.0830123168451696,0.9716754350722664,98,4,2026-02-24
CSCO/PAYC,CSCO,PAYC,vol_agnostic,2269.985122407114,0.14108437178941755,0.0830123168451696,0.8043572994141053,98,4,2026-02-24
TXT/YUM,TXT,YUM,vol_agnostic,-8880.839971024778,-0.6928510612210359,0.0830123168451696,1.4841428735421562e-26,90,4,2026-02-24
EXR/WY,EXR,WY,vol_agnostic,13718.67602385932,0.9917532947295239,0.0830123168451696,1.0,86,4,2026-02-24
ATO/PCG,ATO,PCG,vol_agnostic,-9417.753039284613,-0.7153679698772271,0.0830123168451696,2.9813052271796374e-31,70,4,2026-02-24
BIIB/HCA,BIIB,HCA,vol_agnostic,19943.41611226749,1.2771098023714855,0.0830123168451696,1.0,116,4,2026-02-24
CDNS/PTC,CDNS,PTC,vol_agnostic,1974.649999999988,0.1643447776839859,0.0830123168451696,0.9281532446627878,72,4,2026-02-24
EVRG/PCG,EVRG,PCG,vol_agnostic,-24111.59162234948,-1.5962056194606504,0.0830123168451696,9.449998998286619e-25,74,4,2026-02-24
RTX/SNA,RTX,SNA,vol_agnostic,10231.86140332543,0.7811004025694107,0.0830123168451696,0.99999993393138,94,4,2026-02-24
MSCI/PRU,MSCI,PRU,vol_agnostic,12771.77166858875,0.833209286498204,0.0830123168451696,0.9999999998950199,92,4,2026-02-24
AKAM/KEYS,AKAM,KEYS,vol_agnostic,-10783.26999999996,-0.5325545060826731,0.0830123168451696,1.2130331279858446e-08,74,4,2026-02-24
CINF/FMC,CINF,FMC,vol_agnostic,17274.24310334965,0.4448346016884328,0.0830123168451696,0.9995329350760669,76,4,2026-02-24
AON/KKR,AON,KKR,vol_agnostic,4237.735174397412,0.18801838904904164,0.0830123168451696,0.9814918047065008,102,4,2026-02-24
BSX/WMB,BSX,WMB,vol_agnostic,-1593.137835135664,-0.09545940113876382,0.0830123168451696,1.0343872474692306e-06,102,4,2026-02-24
MSCI/SCHW,MSCI,SCHW,vol_agnostic,2762.693381072441,0.2021099121368513,0.0830123168451696,0.9709004984201197,88,4,2026-02-24
HAS/YUM,HAS,YUM,long_z_short_v,-3702.45409027982,-0.48154555561107537,-0.1068662107914054,1.5096916108223404e-20,50,4,2026-02-24
CSCO/PAYC,CSCO,PAYC,long_z_short_v,5839.850047941953,0.6067286893549163,-0.1068662107914054,0.9999999999492059,50,4,2026-02-24
TXT/YUM,TXT,YUM,long_z_short_v,-3050.310134277895,-0.36910509275877995,-0.1068662107914054,7.392003379458022e-20,48,4,2026-02-24
EXR/WY,EXR,WY,long_z_short_v,3925.102347793856,0.4811779069832456,-0.1068662107914054,0.9999999999989417,48,4,2026-02-24
ATO/PCG,ATO,PCG,long_z_short_v,-7730.244522181273,-0.7438256966762845,-0.1068662107914054,1.3710972864051778e-27,38,4,2026-02-24
BIIB/HCA,BIIB,HCA,long_z_short_v,2828.710563670857,0.30915570644174956,-0.1068662107914054,0.9997862261120657,38,4,2026-02-24
CDNS/PTC,CDNS,PTC,long_z_short_v,7565.030000000012,0.7388538539485187,-0.1068662107914054,0.9999999999924293,44,4,2026-02-24
EVRG/PCG,EVRG,PCG,long_z_short_v,-18250.7251129268,-1.8495130451989061,-0.1068662107914054,1.6392789633027457e-25,42,4,2026-02-24
RTX/SNA,RTX,SNA,long_z_short_v,8821.23127845462,1.20669374223685,-0.1068662107914054,0.9999999445290604,40,4,2026-02-24
MSCI/PRU,MSCI,PRU,long_z_short_v,-3129.6106506541,-0.31018668799326227,-0.1068662107914054,6.99826670994599e-05,38,4,2026-02-24
AKAM/KEYS,AKAM,KEYS,long_z_short_v,-2662.400000000027,-0.24176471701401714,-0.1068662107914054,2.689291535479992e-07,34,4,2026-02-24
CINF/FMC,CINF,FMC,long_z_short_v,14863.1698634947,0.7909455902522451,-0.1068662107914054,0.9999021498005336,52,4,2026-02-24
AON/KKR,AON,KKR,long_z_short_v,5374.210076575835,0.3600324587379754,-0.1068662107914054,0.999999942047848,46,4,2026-02-24
BSX/WMB,BSX,WMB,long_z_short_v,1084.381618967626,0.10726748102009037,-0.1068662107914054,0.560162964188293,56,4,2026-02-24
MSCI/SCHW,MSCI,SCHW,long_z_short_v,12550.97592434747,1.8934617722633074,-0.1068662107914054,1.0,34,4,2026-02-24
HAS/YUM,HAS,YUM,deep_entry_quick_exit,12024.45766949763,2.1576734476593016,-0.1587260270273004,0.9999999999999939,24,4,2026-02-24
CSCO/PAYC,CSCO,PAYC,deep_entry_quick_exit,-5392.092488859807,-0.4736794304772852,-0.1587260270273004,1.397805662597988e-07,28,4,2026-02-24
TXT/YUM,TXT,YUM,deep_entry_quick_exit,1810.119226349449,0.2518046933568057,-0.1587260270273004,0.9989589742396116,28,4,2026-02-24
EXR/WY,EXR,WY,deep_entry_quick_exit,589.7141431369532,0.11594569158485309,-0.1587260270273004,0.6457102885873933,20,4,2026-02-24
ATO/PCG,ATO,PCG,deep_entry_quick_exit,-3779.809379137093,-0.6491040009884775,-0.1587260270273004,8.221279639111518e-10,30,4,2026-02-24
BIIB/HCA,BIIB,HCA,deep_entry_quick_exit,130.4601310204025,0.016275435663956197,-0.1587260270273004,0.03980116461440645,26,4,2026-02-24
CDNS/PTC,CDNS,PTC,deep_entry_quick_exit,13818.51,1.370868637806849,-0.1587260270273004,0.9999993986252297,26,4,2026-02-24
EVRG/PCG,EVRG,PCG,deep_entry_quick_exit,-6952.179748492979,-0.9340439318412416,-0.1587260270273004,3.529241781836836e-12,30,4,2026-02-24
RTX/SNA,RTX,SNA,deep_entry_quick_exit,2830.499563543958,0.5846002273588692,-0.1587260270273004,0.9999996957677142,18,4,2026-02-24
MSCI/PRU,MSCI,PRU,deep_entry_quick_exit,4148.542994040133,0.5535418304389821,-0.1587260270273004,0.9999991074867742,22,4,2026-02-24
AKAM/KEYS,AKAM,KEYS,deep_entry_quick_exit,8937.349999999988,0.7112064230614913,-0.1587260270273004,0.9999134046990609,18,4,2026-02-24
CINF/FMC,CINF,FMC,deep_entry_quick_exit,-10506.36172620649,-1.0456405330110965,-0.1587260270273004,6.931759151744319e-22,34,4,2026-02-24
AON/KKR,AON,KKR,deep_entry_quick_exit,6731.235547531842,0.7523048639592569,-0.1587260270273004,0.9999999943471978,26,4,2026-02-24
BSX/WMB,BSX,WMB,deep_entry_quick_exit,1654.081721443923,0.31023873659284845,-0.1587260270273004,0.9983253911096682,30,4,2026-02-24
MSCI/SCHW,MSCI,SCHW,deep_entry_quick_exit,-1535.065546459368,-0.21198011193953836,-0.1587260270273004,6.133815810420371e-06,28,4,2026-02-24
HAS/YUM,HAS,YUM,low_entry,4221.861964247169,0.24681776631330427,-0.1812843780554965,0.9900458995502646,94,4,2026-02-24
CSCO/PAYC,CSCO,PAYC,low_entry,3969.318840545894,0.22827930043609446,-0.1812843780554965,0.9978233979856183,106,4,2026-02-24
TXT/YUM,TXT,YUM,low_entry,5588.868526062175,0.5645756309755097,-0.1812843780554965,0.9999999999986405,96,4,2026-02-24
EXR/WY,EXR,WY,low_entry,-1414.847039628061,-0.13386780846362784,-0.1812843780554965,9.126637054214209e-07,108,4,2026-02-24
ATO/PCG,ATO,PCG,low_entry,-7374.096097002004,-0.6053478791410287,-0.1812843780554965,1.0363860485122267e-27,104,4,2026-02-24
BIIB/HCA,BIIB,HCA,low_entry,6956.977669126462,0.529923960199459,-0.1812843780554965,0.9999999999918004,116,4,2026-02-24
CDNS/PTC,CDNS,PTC,low_entry,-1494.750000000035,-0.11491029771440206,-0.1812843780554965,1.3410712788129217e-05,100,4,2026-02-24
EVRG/PCG,EVRG,PCG,low_entry,-17134.30839113871,-1.2751044475021225,-0.1812843780554965,2.12442689059647e-18,102,4,2026-02-24
RTX/SNA,RTX,SNA,low_entry,3507.979766922945,0.35841985940093896,-0.1812843780554965,0.9998840982987367,90,4,2026-02-24
MSCI/PRU,MSCI,PRU,low_entry,15561.11403267273,1.1482759642003455,-0.1812843780554965,0.9999999966305002,88,4,2026-02-24
AKAM/KEYS,AKAM,KEYS,low_entry,68.86000000002241,0.005123039567568525,-0.1812843780554965,0.02316888038535034,76,4,2026-02-24
CINF/FMC,CINF,FMC,low_entry,18075.29841149357,0.5014291880937796,-0.1812843780554965,0.9989019374843257,104,4,2026-02-24
AON/KKR,AON,KKR,low_entry,-17468.25742583274,-0.9405541402909842,-0.1812843780554965,4.558249169954688e-35,124,4,2026-02-24
BSX/WMB,BSX,WMB,low_entry,1332.221745555087,0.09956434165803019,-0.1812843780554965,0.5063344703591611,110,4,2026-02-24
MSCI/SCHW,MSCI,SCHW,low_entry,-402.8919172606938,-0.0322538949959287,-0.1812843780554965,0.0026750763144150584,88,4,2026-02-24
HAS/YUM,HAS,YUM,vol_adaptive,9058.417201933336,0.7204166389211066,-0.2268076671541734,0.9999987218983639,64,4,2026-02-24
CSCO/PAYC,CSCO,PAYC,vol_adaptive,-2880.58229813808,-0.19895279052419437,-0.2268076671541734,9.592950187614758e-09,60,4,2026-02-24
TXT/YUM,TXT,YUM,vol_adaptive,4308.807556223154,0.47227547882260784,-0.2268076671541734,0.9999999992364839,76,4,2026-02-24
EXR/WY,EXR,WY,vol_adaptive,11530.52469955421,1.0299150416048917,-0.2268076671541734,0.9999999999999999,72,4,2026-02-24
ATO/PCG,ATO,PCG,vol_adaptive,-3982.075359357809,-0.4546897431109271,-0.2268076671541734,2.7568763772991873e-28,58,4,2026-02-24
BIIB/HCA,BIIB,HCA,vol_adaptive,8095.710621170065,0.6751613901860323,-0.2268076671541734,0.999999999999827,86,4,2026-02-24
CDNS/PTC,CDNS,PTC,vol_adaptive,578.2199999999912,0.047791948305294256,-0.2268076671541734,0.13525163162286158,80,4,2026-02-24
EVRG/PCG,EVRG,PCG,vol_adaptive,-977.5590602024076,-0.11540861606642616,-0.2268076671541734,5.470724832407308e-07,62,4,2026-02-24
RTX/SNA,RTX,SNA,vol_adaptive,3306.040468625942,0.42112121801767616,-0.2268076671541734,0.9999999970750687,58,4,2026-02-24
MSCI/PRU,MSCI,PRU,vol_adaptive,-6404.644090758204,-0.7600236499211792,-0.2268076671541734,1.318406316237559e-16,52,4,2026-02-24
AKAM/KEYS,AKAM,KEYS,vol_adaptive,3117.890000000001,0.2672794861701201,-0.2268076671541734,0.9985221053430666,64,4,2026-02-24
CINF/FMC,CINF,FMC,vol_adaptive,3921.285725829508,0.2054624072603957,-0.2268076671541734,0.9977899999993675,60,4,2026-02-24
AON/KKR,AON,KKR,vol_adaptive,-102.439925380016,-0.007053313043258851,-0.2268076671541734,0.012637129786162781,76,4,2026-02-24
BSX/WMB,BSX,WMB,vol_adaptive,-5434.183974784326,-0.3902280755751591,-0.2268076671541734,1.6563903108611562e-16,80,4,2026-02-24
MSCI/SCHW,MSCI,SCHW,vol_adaptive,-5859.20896405944,-0.523621712810786,-0.2268076671541734,3.730839399101813e-15,68,4,2026-02-24
HAS/YUM,HAS,YUM,fast_signal,-3914.715066114517,-0.33389230377200024,-0.3993284473502572,3.445513162795375e-15,72,4,2026-02-24
CSCO/PAYC,CSCO,PAYC,fast_signal,9775.925783313996,0.703732659377844,-0.3993284473502572,0.9999999995426925,74,4,2026-02-24
TXT/YUM,TXT,YUM,fast_signal,-708.6915142044431,-0.079168054795733,-0.3993284473502572,3.4240849220607834e-05,74,4,2026-02-24
EXR/WY,EXR,WY,fast_signal,1501.613010700964,0.14645390079377937,-0.3993284473502572,0.8377393695577806,90,4,2026-02-24
ATO/PCG,ATO,PCG,fast_signal,3934.270120447241,0.40940718768365986,-0.3993284473502572,0.9999987759510989,78,4,2026-02-24
BIIB/HCA,BIIB,HCA,fast_signal,2416.415976536504,0.24002563201697563,-0.3993284473502572,0.9965074244978964,58,4,2026-02-24
CDNS/PTC,CDNS,PTC,fast_signal,-254.659999999993,-0.0248351517961302,-0.3993284473502572,0.005567582724984229,72,4,2026-02-24
EVRG/PCG,EVRG,PCG,fast_signal,-1012.732885075377,-0.1117265947856435,-0.3993284473502572,4.911115994568648e-06,82,4,2026-02-24
RTX/SNA,RTX,SNA,fast_signal,8176.272456598143,1.0180050883970455,-0.3993284473502572,0.9999999969625224,60,4,2026-02-24
MSCI/PRU,MSCI,PRU,fast_signal,-10198.77504605075,-1.0246445124449577,-0.3993284473502572,2.1783229627606877e-14,66,4,2026-02-24
AKAM/KEYS,AKAM,KEYS,fast_signal,-6649.890000000005,-0.6450508835255014,-0.3993284473502572,7.871041094238363e-18,64,4,2026-02-24
CINF/FMC,CINF,FMC,fast_signal,5371.991139878321,0.35175288947298683,-0.3993284473502572,0.999999910705431,74,4,2026-02-24
AON/KKR,AON,KKR,fast_signal,14531.23461598658,0.842380339790365,-0.3993284473502572,0.9999999999999774,78,4,2026-02-24
BSX/WMB,BSX,WMB,fast_signal,-6471.611024728572,-0.5568845879934978,-0.3993284473502572,2.8318553077501745e-22,92,4,2026-02-24
MSCI/SCHW,MSCI,SCHW,fast_signal,-6077.566763624057,-0.5118226139548829,-0.3993284473502572,5.24584390134559e-12,78,4,2026-02-24
HAS/YUM,HAS,YUM,default,10541.32981486524,0.8099165730200923,-0.4762711585691546,0.99962577401118,50,4,2026-02-24
CSCO/PAYC,CSCO,PAYC,default,174.5865295402059,0.01495111098414501,-0.4762711585691546,0.03541974239511726,64,4,2026-02-24
TXT/YUM,TXT,YUM,default,-2849.85217090801,-0.3361559812740519,-0.4762711585691546,7.634337696103807e-17,66,4,2026-02-24
EXR/WY,EXR,WY,default,4760.492491098181,0.4630655621194276,-0.4762711585691546,0.9999999999539794,64,4,2026-02-24
ATO/PCG,ATO,PCG,default,-793.1930321325715,-0.0928618976289553,-0.4762711585691546,1.9812654377279806e-05,60,4,2026-02-24
BIIB/HCA,BIIB,HCA,default,-217.0346303577719,-0.019805637074720456,-0.4762711585691546,0.006094790819607922,60,4,2026-02-24
CDNS/PTC,CDNS,PTC,default,-3096.970000000025,-0.30216301664016726,-0.4762711585691546,7.514811674470512e-08,50,4,2026-02-24
EVRG/PCG,EVRG,PCG,default,-8379.920513570361,-0.9493651044496735,-0.4762711585691546,1.0750392431828466e-14,58,4,2026-02-24
RTX/SNA,RTX,SNA,default,4017.660797985634,0.47941098099578483,-0.4762711585691546,0.9999337867945144,60,4,2026-02-24
MSCI/PRU,MSCI,PRU,default,3710.870345701748,0.5705256223809134,-0.4762711585691546,0.9999999998293273,46,4,2026-02-24
AKAM/KEYS,AKAM,KEYS,default,-6830.810000000001,-0.632768168616276,-0.4762711585691546,3.800454193360805e-10,50,4,2026-02-24
CINF/FMC,CINF,FMC,default,494.2797028642254,0.0267111423011594,-0.4762711585691546,0.046278714571224504,56,4,2026-02-24
AON/KKR,AON,KKR,default,1483.629802197865,0.1093657233249203,-0.4762711585691546,0.5890765741856782,56,4,2026-02-24
BSX/WMB,BSX,WMB,default,3551.025234753951,0.33632488408920724,-0.4762711585691546,0.998151850438234,68,4,2026-02-24
MSCI/SCHW,MSCI,SCHW,default,466.3828544628032,0.053420266641304115,-0.4762711585691546,0.16237542126931248,56,4,2026-02-24
HAS/YUM,HAS,YUM,tight_stop,7567.105605472108,0.590209964503082,-0.4928959029176785,0.9985606056869123,54,4,2026-02-24
CSCO/PAYC,CSCO,PAYC,tight_stop,3243.857867327035,0.305696469844719,-0.4928959029176785,0.9997385072022927,58,4,2026-02-24
TXT/YUM,TXT,YUM,tight_stop,-1186.676093805894,-0.16511299652367195,-0.4928959029176785,7.82643507895022e-08,70,4,2026-02-24
EXR/WY,EXR,WY,tight_stop,6817.363215380965,0.8345944471968404,-0.4928959029176785,0.9999996643389859,58,4,2026-02-24
ATO/PCG,ATO,PCG,tight_stop,-2835.804675187365,-0.3374932490364748,-0.4928959029176785,6.506279502288384e-13,64,4,2026-02-24
BIIB/HCA,BIIB,HCA,tight_stop,-154.2200733939799,-0.013985958426107722,-0.4928959029176785,0.008492301283100558,60,4,2026-02-24
CDNS/PTC,CDNS,PTC,tight_stop,-6085.910000000004,-0.5912022157127882,-0.4928959029176785,4.250970040015507e-10,52,4,2026-02-24
EVRG/PCG,EVRG,PCG,tight_stop,-7511.324570465452,-0.9502019319388347,-0.4928959029176785,9.22346532068584e-13,66,4,2026-02-24
RTX/SNA,RTX,SNA,tight_stop,2378.892285200603,0.2933493318380351,-0.4928959029176785,0.9922041282781631,64,4,2026-02-24
MSCI/PRU,MSCI,PRU,tight_stop,5188.134870272891,0.7956985596437465,-0.4928959029176785,0.9999999999993888,48,4,2026-02-24
AKAM/KEYS,AKAM,KEYS,tight_stop,-10513.47999999999,-1.1875936893867602,-0.4928959029176785,2.1848648075516888e-17,50,4,2026-02-24
CINF/FMC,CINF,FMC,tight_stop,-4165.41130255735,-0.3715539084596841,-0.4928959029176785,9.053627281461691e-07,58,4,2026-02-24
AON/KKR,AON,KKR,tight_stop,4582.737097725324,0.39634336204299925,-0.4928959029176785,0.9999564641201153,56,4,2026-02-24
BSX/WMB,BSX,WMB,tight_stop,9330.930451855062,0.9505412634293056,-0.4928959029176785,0.9999989135084233,72,4,2026-02-24
MSCI/SCHW,MSCI,SCHW,tight_stop,1957.065979116641,0.23151615195150255,-0.4928959029176785,0.994921749452587,66,4,2026-02-24
HAS/YUM,HAS,YUM,quick_exit,6863.195842489469,0.5345233510545485,-0.5557986637980582,0.9979606076926699,54,4,2026-02-24
CSCO/PAYC,CSCO,PAYC,quick_exit,5042.491898061106,0.45975970427467633,-0.5557986637980582,0.9999976815801805,58,4,2026-02-24
TXT/YUM,TXT,YUM,quick_exit,867.1683179541669,0.12265320573405387,-0.5557986637980582,0.6897556130440883,68,4,2026-02-24
EXR/WY,EXR,WY,quick_exit,5098.15839348521,0.6616177227572722,-0.5557986637980582,0.9999963568620415,58,4,2026-02-24
ATO/PCG,ATO,PCG,quick_exit,-4227.81664987807,-0.5073128252759027,-0.5557986637980582,1.1931944914887496e-14,66,4,2026-02-24
BIIB/HCA,BIIB,HCA,quick_exit,-306.1843800419329,-0.027551160145199247,-0.5557986637980582,0.0038460800578917205,60,4,2026-02-24
CDNS/PTC,CDNS,PTC,quick_exit,-7833.890000000018,-0.7233303636452051,-0.5557986637980582,7.250604565288418e-12,54,4,2026-02-24
EVRG/PCG,EVRG,PCG,quick_exit,-5334.796920599802,-0.6824742751108656,-0.5557986637980582,4.673367218666613e-13,64,4,2026-02-24
RTX/SNA,RTX,SNA,quick_exit,3490.377629657067,0.4034470407549732,-0.5557986637980582,0.9997633203131444,60,4,2026-02-24
MSCI/PRU,MSCI,PRU,quick_exit,8853.724124996457,1.2129089278667333,-0.5557986637980582,0.9999999999999989,52,4,2026-02-24
AKAM/KEYS,AKAM,KEYS,quick_exit,-11659.65999999998,-1.305649679337595,-0.5557986637980582,1.5953085641248992e-17,50,4,2026-02-24
CINF/FMC,CINF,FMC,quick_exit,-6052.088586749812,-0.5720366784535352,-0.5557986637980582,8.869831154662116e-07,58,4,2026-02-24
AON/KKR,AON,KKR,quick_exit,1669.404290856068,0.14416969283506273,-0.5557986637980582,0.8118757642462241,60,4,2026-02-24
BSX/WMB,BSX,WMB,quick_exit,10066.38662393702,1.0013706147859318,-0.5557986637980582,0.9999996920210235,72,4,2026-02-24
MSCI/SCHW,MSCI,SCHW,quick_exit,-70.14060407179886,-0.008323797366972375,-0.5557986637980582,0.011877723610617407,66,4,2026-02-24
HAS/YUM,HAS,YUM,balanced_plus,952.6080259413156,0.09699525821990536,-0.5757630554871122,0.4837964725875248,54,4,2026-02-24
CSCO/PAYC,CSCO,PAYC,balanced_plus,6477.154152899912,0.5110120660550519,-0.5757630554871122,0.9999981790252429,58,4,2026-02-24
TXT/YUM,TXT,YUM,balanced_plus,-3171.747843113675,-0.3320833416479147,-0.5757630554871122,5.449076963709019e-20,68,4,2026-02-24
EXR/WY,EXR,WY,balanced_plus,3369.000217567404,0.366004032771039,-0.5757630554871122,0.9999903045455489,56,4,2026-02-24
ATO/PCG,ATO,PCG,balanced_plus,-6164.764333643776,-0.7295060855122715,-0.5757630554871122,5.200305868526579e-28,62,4,2026-02-24
BIIB/HCA,BIIB,HCA,balanced_plus,3619.21716084735,0.35428975043053473,-0.5757630554871122,0.9999984169007913,58,4,2026-02-24
CDNS/PTC,CDNS,PTC,balanced_plus,5969.159999999949,0.5585716138699041,-0.5757630554871122,0.9999999995369092,62,4,2026-02-24
EVRG/PCG,EVRG,PCG,balanced_plus,-5253.6340736088,-0.5989402937849329,-0.5757630554871122,8.197556042825685e-16,56,4,2026-02-24
RTX/SNA,RTX,SNA,balanced_plus,1534.413652143335,0.20480978616743445,-0.5757630554871122,0.9506213092783202,64,4,2026-02-24
MSCI/PRU,MSCI,PRU,balanced_plus,816.344477791572,0.1180055141527101,-0.5757630554871122,0.6597047906486645,52,4,2026-02-24
AKAM/KEYS,AKAM,KEYS,balanced_plus,4209.110000000013,0.398292030229896,-0.5757630554871122,0.9999992027673801,56,4,2026-02-24
CINF/FMC,CINF,FMC,balanced_plus,-6212.488823241792,-0.34259468260627884,-0.5757630554871122,0.00018673760830099643,54,4,2026-02-24
AON/KKR,AON,KKR,balanced_plus,-5540.634195531176,-0.4101780985069329,-0.5757630554871122,1.1413687798341668e-14,62,4,2026-02-24
BSX/WMB,BSX,WMB,balanced_plus,-1236.938978092179,-0.0962611492438065,-0.5757630554871122,5.5892633698050514e-08,74,4,2026-02-24
MSCI/SCHW,MSCI,SCHW,balanced_plus,4633.894879455234,0.4871538408707044,-0.5757630554871122,0.9999999939565554,64,4,2026-02-24
HAS/YUM,HAS,YUM,medium_signal_high_leverage,16780.68071491413,1.0458694321107358,-0.6220635271351501,0.9999999999998245,54,4,2026-02-24
CSCO/PAYC,CSCO,PAYC,medium_signal_high_leverage,1309.023089971854,0.0646795822025698,-0.6220635271351501,0.24043894561379298,56,4,2026-02-24
TXT/YUM,TXT,YUM,medium_signal_high_leverage,6757.928508918656,0.5154943276344814,-0.6220635271351501,0.99999999994541,56,4,2026-02-24
EXR/WY,EXR,WY,medium_signal_high_leverage,-1448.169889551886,-0.09914041782263798,-0.6220635271351501,2.5814625944111658e-05,58,4,2026-02-24
ATO/PCG,ATO,PCG,medium_signal_high_leverage,-2700.847814870694,-0.17763690310422045,-0.6220635271351501,1.2804633699638037e-09,50,4,2026-02-24
BIIB/HCA,BIIB,HCA,medium_signal_high_leverage,12234.87267048782,0.6984219221994195,-0.6220635271351501,0.9999999999999356,62,4,2026-02-24
CDNS/PTC,CDNS,PTC,medium_signal_high_leverage,-2139.620000000066,-0.12489879792105707,-0.6220635271351501,1.858134285671165e-05,54,4,2026-02-24
EVRG/PCG,EVRG,PCG,medium_signal_high_leverage,-21527.75821890238,-1.4623062864711966,-0.6220635271351501,4.272268987084659e-27,50,4,2026-02-24
RTX/SNA,RTX,SNA,medium_signal_high_leverage,-747.169850146091,-0.06616742005278455,-0.6220635271351501,0.00010249313130997019,56,4,2026-02-24
MSCI/PRU,MSCI,PRU,medium_signal_high_leverage,-3887.688926085802,-0.2957457726000766,-0.6220635271351501,2.870588229600523e-13,40,4,2026-02-24
AKAM/KEYS,AKAM,KEYS,medium_signal_high_leverage,2738.210000000086,0.15378169723882312,-0.6220635271351501,0.860452813104551,48,4,2026-02-24
CINF/FMC,CINF,FMC,medium_signal_high_leverage,-11197.64634405753,-0.38619449912356385,-0.6220635271351501,1.9389279025037474e-05,54,4,2026-02-24
AON/KKR,AON,KKR,medium_signal_high_leverage,-7660.580130432942,-0.3187293036380828,-0.6220635271351501,8.421266525920063e-14,56,4,2026-02-24
BSX/WMB,BSX,WMB,medium_signal_high_leverage,-13596.02568496304,-0.7173417098953392,-0.6220635271351501,4.240837338726076e-10,68,4,2026-02-24
MSCI/SCHW,MSCI,SCHW,medium_signal_high_leverage,5267.570118827294,0.37987952531489244,-0.6220635271351501,0.9999971998250726,56,4,2026-02-24
HAS/YUM,HAS,YUM,fast_signal_tight_stop,-9272.549848134691,-0.9346159762392836,-0.6772429828247725,1.3555063316296354e-07,62,4,2026-02-24
CSCO/PAYC,CSCO,PAYC,fast_signal_tight_stop,949.5196010559885,0.0724328311919341,-0.6772429828247725,0.28358088664643394,62,4,2026-02-24
TXT/YUM,TXT,YUM,fast_signal_tight_stop,487.5387733945458,0.06211836905296599,-0.6772429828247725,0.23550721931456048,60,4,2026-02-24
EXR/WY,EXR,WY,fast_signal_tight_stop,3737.353133396052,0.4756918797922221,-0.6772429828247725,0.9999999999938723,82,4,2026-02-24
ATO/PCG,ATO,PCG,fast_signal_tight_stop,8499.114765413258,0.9573225027321335,-0.6772429828247725,0.999999999896103,68,4,2026-02-24
BIIB/HCA,BIIB,HCA,fast_signal_tight_stop,1588.359921017786,0.18417417661986552,-0.6772429828247725,0.9530773417969306,52,4,2026-02-24
CDNS/PTC,CDNS,PTC,fast_signal_tight_stop,-1800.019999999993,-0.187482604837229,-0.6772429828247725,6.886661899681315e-06,66,4,2026-02-24
EVRG/PCG,EVRG,PCG,fast_signal_tight_stop,-3812.534686689118,-0.48924862987765083,-0.6772429828247725,3.273018914512571e-19,66,4,2026-02-24
RTX/SNA,RTX,SNA,fast_signal_tight_stop,8057.859658547663,1.016902603810854,-0.6772429828247725,0.9999999976292039,60,4,2026-02-24
MSCI/PRU,MSCI,PRU,fast_signal_tight_stop,-11587.88451733212,-1.3815423525435406,-0.6772429828247725,2.577391161292024e-08,56,4,2026-02-24
AKAM/KEYS,AKAM,KEYS,fast_signal_tight_stop,-15705.06000000004,-1.312485220371666,-0.6772429828247725,1.9447311218914215e-08,60,4,2026-02-24
CINF/FMC,CINF,FMC,fast_signal_tight_stop,6226.017683869023,0.4562207140519916,-0.6772429828247725,0.999999999993156,64,4,2026-02-24
AON/KKR,AON,KKR,fast_signal_tight_stop,18045.00036801991,1.1282163854857479,-0.6772429828247725,0.9999999999727179,70,4,2026-02-24
BSX/WMB,BSX,WMB,fast_signal_tight_stop,-5901.709490759557,-0.5597546128885715,-0.6772429828247725,3.4482195186312336e-19,72,4,2026-02-24
MSCI/SCHW,MSCI,SCHW,fast_signal_tight_stop,1421.562831681818,0.1376783925318482,-0.6772429828247725,0.7612404773630024,76,4,2026-02-24
HAS/YUM,HAS,YUM,deep_dislocation,20712.80267878424,1.8761455487598477,-0.7031711537032599,0.9999999982943822,24,4,2026-02-24
CSCO/PAYC,CSCO,PAYC,deep_dislocation,984.1057069153649,0.06463004160375667,-0.7031711537032599,0.20083498936882083,24,4,2026-02-24
TXT/YUM,TXT,YUM,deep_dislocation,491.1967333912544,0.0457708803443206,-0.7031711537032599,0.12868835673203233,28,4,2026-02-24
EXR/WY,EXR,WY,deep_dislocation,-3711.453902859099,-0.3428680821858775,-0.7031711537032599,8.299918988936893e-11,22,4,2026-02-24
ATO/PCG,ATO,PCG,deep_dislocation,-4019.485907356532,-0.2972781530028444,-0.7031711537032599,1.0300140114443942e-13,30,4,2026-02-24
BIIB/HCA,BIIB,HCA,deep_dislocation,3822.150306166586,0.31602497680739683,-0.7031711537032599,0.9997032485932744,22,4,2026-02-24
CDNS/PTC,CDNS,PTC,deep_dislocation,19509.30999999995,1.2651901908548975,-0.7031711537032599,0.9999998475715758,26,4,2026-02-24
EVRG/PCG,EVRG,PCG,deep_dislocation,-13919.18416220329,-0.957049796499441,-0.7031711537032599,1.8622220184268206e-28,30,4,2026-02-24
RTX/SNA,RTX,SNA,deep_dislocation,3120.313595373978,0.42211329106737133,-0.7031711537032599,0.9999974309441026,16,4,2026-02-24
MSCI/PRU,MSCI,PRU,deep_dislocation,-39.22101512738936,-0.0035547244225651534,-0.7031711537032599,0.014864807034111098,20,4,2026-02-24
AKAM/KEYS,AKAM,KEYS,deep_dislocation,2582.859999999995,0.17829826212756264,-0.7031711537032599,0.9368171452390491,16,4,2026-02-24
CINF/FMC,CINF,FMC,deep_dislocation,-37188.96474406953,-1.877113767446909,-0.7031711537032599,9.524260839134448e-34,44,4,2026-02-24
AON/KKR,AON,KKR,deep_dislocation,5941.24169477145,0.3680744696975498,-0.7031711537032599,0.9998450501967288,26,4,2026-02-24
BSX/WMB,BSX,WMB,deep_dislocation,-6281.195939255802,-0.5154627267952885,-0.7031711537032599,6.387179989269125e-19,30,4,2026-02-24
MSCI/SCHW,MSCI,SCHW,deep_dislocation,-1470.605333119157,-0.1352538006512257,-0.7031711537032599,6.219983026175117e-05,26,4,2026-02-24
HAS/YUM,HAS,YUM,high_turnover,4623.002712983369,0.47388339435188526,-0.7246706347665527,0.9999999999603848,92,4,2026-02-24
CSCO/PAYC,CSCO,PAYC,high_turnover,1098.655243408611,0.08665017696235638,-0.7246706347665527,0.4063833032383688,80,4,2026-02-24
TXT/YUM,TXT,YUM,high_turnover,1866.948225114559,0.17497218313905424,-0.7246706347665527,0.9051696696696943,86,4,2026-02-24
EXR/WY,EXR,WY,high_turnover,10189.09159427895,1.072108710374896,-0.7246706347665527,1.0,96,4,2026-02-24
ATO/PCG,ATO,PCG,high_turnover,-125.6378058750261,-0.015774656257911954,-0.7246706347665527,0.006471056083520817,80,4,2026-02-24
BIIB/HCA,BIIB,HCA,high_turnover,3396.786428836867,0.2672448939363348,-0.7246706347665527,0.9991881058073779,102,4,2026-02-24
CDNS/PTC,CDNS,PTC,high_turnover,-17498.32000000002,-1.1465850816165999,-0.7246706347665527,1.5055437078139411e-06,86,4,2026-02-24
EVRG/PCG,EVRG,PCG,high_turnover,-5237.717066529363,-0.7108081943598793,-0.7246706347665527,5.147049903745863e-16,74,4,2026-02-24
RTX/SNA,RTX,SNA,high_turnover,6269.41887383873,0.822237186751812,-0.7246706347665527,1.0,88,4,2026-02-24
MSCI/PRU,MSCI,PRU,high_turnover,-7542.490308297743,-0.8353426482751769,-0.7246706347665527,5.5577447088995325e-14,80,4,2026-02-24
AKAM/KEYS,AKAM,KEYS,high_turnover,-7566.659999999993,-0.760735643373311,-0.7246706347665527,1.0457210014657737e-19,80,4,2026-02-24
CINF/FMC,CINF,FMC,high_turnover,14330.6429173391,0.6623200107847959,-0.7246706347665527,0.9999997983465415,90,4,2026-02-24
AON/KKR,AON,KKR,high_turnover,-8177.91022966835,-0.6120106071724803,-0.7246706347665527,1.996496702114282e-16,86,4,2026-02-24
BSX/WMB,BSX,WMB,high_turnover,-4224.813499280011,-0.278187292387963,-0.7246706347665527,7.601554029434141e-19,104,4,2026-02-24
MSCI/SCHW,MSCI,SCHW,high_turnover,797.5127113098256,0.07194001547779316,-0.7246706347665527,0.28687405987092696,96,4,2026-02-24
HAS/YUM,HAS,YUM,high_leverage,12606.61992890319,0.6334297102395775,-0.7318086076784259,0.9994974441252429,50,4,2026-02-24
CSCO/PAYC,CSCO,PAYC,high_leverage,-6415.616281951072,-0.32474601189423197,-0.7318086076784259,2.223488834195986e-10,66,4,2026-02-24
TXT/YUM,TXT,YUM,high_leverage,-3454.408658576222,-0.2481086554249846,-0.7318086076784259,3.988081900479717e-12,68,4,2026-02-24
EXR/WY,EXR,WY,high_leverage,8385.01745321023,0.5229342018729872,-0.7318086076784259,0.9999999999985706,66,4,2026-02-24
ATO/PCG,ATO,PCG,high_leverage,-2686.614657076919,-0.18185931554434437,-0.7318086076784259,2.7231572457286294e-09,50,4,2026-02-24
BIIB/HCA,BIIB,HCA,high_leverage,1766.901312845819,0.10596772563550301,-0.7318086076784259,0.5604897001170466,52,4,2026-02-24
CDNS/PTC,CDNS,PTC,high_leverage,-4914.380000000004,-0.32423228798707776,-0.7318086076784259,5.98463501796601e-08,48,4,2026-02-24
EVRG/PCG,EVRG,PCG,high_leverage,-19303.16354537019,-1.2747249845058926,-0.7318086076784259,7.528303361192744e-24,50,4,2026-02-24
RTX/SNA,RTX,SNA,high_leverage,5900.049353137705,0.47205993044065603,-0.7318086076784259,0.9999193122712292,60,4,2026-02-24
MSCI/PRU,MSCI,PRU,high_leverage,8163.511345154104,0.6782892877055393,-0.7318086076784259,0.9999999999999994,44,4,2026-02-24
AKAM/KEYS,AKAM,KEYS,high_leverage,-6049.859999999961,-0.37321943359582654,-0.7318086076784259,2.2365027132504134e-09,44,4,2026-02-24
CINF/FMC,CINF,FMC,high_leverage,-25534.76530147088,-1.1827666765961706,-0.7318086076784259,5.415670129967308e-17,50,4,2026-02-24
AON/KKR,AON,KKR,high_leverage,3432.367673438234,0.1644854458530521,-0.7318086076784259,0.9161195692864788,56,4,2026-02-24
BSX/WMB,BSX,WMB,high_leverage,1243.014882208342,0.06998590808595125,-0.7318086076784259,0.28741049233267635,66,4,2026-02-24
MSCI/SCHW,MSCI,SCHW,high_leverage,1756.512076542863,0.1325538782304784,-0.7318086076784259,0.7661054555495515,54,4,2026-02-24
HAS/YUM,HAS,YUM,patient_hold,4732.153443545752,0.5696270032807732,-0.8168875285600798,0.9999340159098755,30,4,2026-02-24
CSCO/PAYC,CSCO,PAYC,patient_hold,8236.882943781722,0.8055670608999905,-0.8168875285600798,0.9999988453806313,32,4,2026-02-24
TXT/YUM,TXT,YUM,patient_hold,-6183.997214165367,-0.7433962625124737,-0.8168875285600798,4.103147469099784e-23,44,4,2026-02-24
EXR/WY,EXR,WY,patient_hold,452.2339192823883,0.06113136949026452,-0.8168875285600798,0.20328720310091847,34,4,2026-02-24
ATO/PCG,ATO,PCG,patient_hold,-4828.76704203376,-0.4924475124566152,-0.8168875285600798,2.5683051341408516e-22,44,4,2026-02-24
BIIB/HCA,BIIB,HCA,patient_hold,2570.159355325507,0.2900221290086899,-0.8168875285600798,0.9997798502462002,34,4,2026-02-24
CDNS/PTC,CDNS,PTC,patient_hold,-770.060000000015,-0.0887724082914864,-0.8168875285600798,0.0002825699217432565,34,4,2026-02-24
EVRG/PCG,EVRG,PCG,patient_hold,-8315.43883037497,-0.804837578775535,-0.8168875285600798,9.613981966495778e-24,42,4,2026-02-24
RTX/SNA,RTX,SNA,patient_hold,9283.63795127553,1.7044761410116362,-0.8168875285600798,0.9999999999999991,46,4,2026-02-24
MSCI/PRU,MSCI,PRU,patient_hold,2535.734976990197,0.37348203018631215,-0.8168875285600798,0.9999999246922261,32,4,2026-02-24
AKAM/KEYS,AKAM,KEYS,patient_hold,-10263.98000000001,-0.9299440201482267,-0.8168875285600798,2.886710904563643e-11,36,4,2026-02-24
CINF/FMC,CINF,FMC,patient_hold,-4025.308217883502,-0.24459591874229134,-0.8168875285600798,0.001308793915365293,32,4,2026-02-24
AON/KKR,AON,KKR,patient_hold,-414.477297697209,-0.03934933435111674,-0.8168875285600798,0.002760547105378313,34,4,2026-02-24
BSX/WMB,BSX,WMB,patient_hold,-2706.38310083222,-0.2993982647568268,-0.8168875285600798,9.644424373095409e-21,44,4,2026-02-24
MSCI/SCHW,MSCI,SCHW,patient_hold,6623.512181334901,0.8119759457168998,-0.8168875285600798,0.9999999988731534,38,4,2026-02-24
HAS/YUM,HAS,YUM,symmetric_exit,10301.32320263105,1.3171261755940538,-0.8400897233405451,0.9999999999999929,40,4,2026-02-24
CSCO/PAYC,CSCO,PAYC,symmetric_exit,-4977.88819383374,-0.42307106881792156,-0.8400897233405451,3.472425635243641e-08,44,4,2026-02-24
TXT/YUM,TXT,YUM,symmetric_exit,2876.421313128259,0.39102450536813854,-0.8400897233405451,0.9999990681820281,50,4,2026-02-24
EXR/WY,EXR,WY,symmetric_exit,1670.278715567055,0.2493487862753227,-0.8400897233405451,0.9992593840129854,50,4,2026-02-24
ATO/PCG,ATO,PCG,symmetric_exit,-5771.515711863475,-0.8483325749288652,-0.8400897233405451,2.0059852387117936e-14,58,4,2026-02-24
BIIB/HCA,BIIB,HCA,symmetric_exit,-2348.173164629835,-0.24572990708391762,-0.8400897233405451,1.2276708517763857e-09,52,4,2026-02-24
CDNS/PTC,CDNS,PTC,symmetric_exit,2052.889999999996,0.2223038745023289,-0.8400897233405451,0.998133633062137,44,4,2026-02-24
EVRG/PCG,EVRG,PCG,symmetric_exit,1944.446303658185,0.22849470825169618,-0.8400897233405451,0.9794618275450876,50,4,2026-02-24
RTX/SNA,RTX,SNA,symmetric_exit,3290.012191813908,0.4600295321179091,-0.8400897233405451,0.9999937119561962,44,4,2026-02-24
MSCI/PRU,MSCI,PRU,symmetric_exit,2481.737257386511,0.4303406791790995,-0.8400897233405451,0.9999998191520768,32,4,2026-02-24
AKAM/KEYS,AKAM,KEYS,symmetric_exit,-4032.970000000004,-0.39936951745751303,-0.8400897233405451,2.814514019966891e-08,34,4,2026-02-24
CINF/FMC,CINF,FMC,symmetric_exit,-11500.57491802275,-1.0080302354646509,-0.8400897233405451,1.9033509632797878e-19,46,4,2026-02-24
AON/KKR,AON,KKR,symmetric_exit,1955.810163479625,0.18996921408010556,-0.8400897233405451,0.985626642864231,40,4,2026-02-24
BSX/WMB,BSX,WMB,symmetric_exit,2648.645053754801,0.3621267619368988,-0.8400897233405451,0.9999462781466918,48,4,2026-02-24
MSCI/SCHW,MSCI,SCHW,symmetric_exit,-534.1752896180678,-0.07952011452010552,-0.8400897233405451,0.00036752820894475917,44,4,2026-02-24
HAS/YUM,HAS,YUM,slow_signal,1816.75592161183,0.29109414989354954,-0.8849109261168883,0.9999480472004827,46,4,2026-02-24
CSCO/PAYC,CSCO,PAYC,slow_signal,3392.133703461941,0.23379782356606435,-0.8849109261168883,0.9953953548849898,38,4,2026-02-24
TXT/YUM,TXT,YUM,slow_signal,-2005.674261048608,-0.2520056696778094,-0.8849109261168883,5.528532791983268e-15,46,4,2026-02-24
EXR/WY,EXR,WY,slow_signal,9618.939664540407,1.2311767374170164,-0.8849109261168883,1.0,40,4,2026-02-24
ATO/PCG,ATO,PCG,slow_signal,-12651.4815703261,-1.2618191377337753,-0.8849109261168883,3.0692642107889873e-28,56,4,2026-02-24
BIIB/HCA,BIIB,HCA,slow_signal,10072.62624451298,1.1429053541058103,-0.8849109261168883,0.9999999999999565,36,4,2026-02-24
CDNS/PTC,CDNS,PTC,slow_signal,-2306.580000000032,-0.2736161311883039,-0.8849109261168883,6.625871807687756e-07,40,4,2026-02-24
EVRG/PCG,EVRG,PCG,slow_signal,-11006.47651276623,-0.8944622327249638,-0.8849109261168883,1.6034226983155512e-23,52,4,2026-02-24
RTX/SNA,RTX,SNA,slow_signal,3390.065261220291,0.5476089570882258,-0.8849109261168883,0.9999989903720755,38,4,2026-02-24
MSCI/PRU,MSCI,PRU,slow_signal,6546.526902588457,0.6772411001105636,-0.8849109261168883,0.9998820332662084,32,4,2026-02-24
AKAM/KEYS,AKAM,KEYS,slow_signal,-19577.58000000001,-1.0801203010253766,-0.8849109261168883,3.2975973106663183e-07,40,4,2026-02-24
CINF/FMC,CINF,FMC,slow_signal,-5674.050506035129,-0.4622358173017231,-0.8849109261168883,1.515505627853844e-09,46,4,2026-02-24
AON/KKR,AON,KKR,slow_signal,5204.537574822009,0.4618289981237961,-0.8849109261168883,0.9999999998110007,44,4,2026-02-24
BSX/WMB,BSX,WMB,slow_signal,690.0090184008568,0.09870290313119671,-0.8849109261168883,0.4994313459827529,40,4,2026-02-24
MSCI/SCHW,MSCI,SCHW,slow_signal,-1277.651387438315,-0.1426729437552917,-0.8849109261168883,3.191898044425495e-07,42,4,2026-02-24
HAS/YUM,HAS,YUM,high_entry,8878.182436165593,1.7999888136083881,-0.9686332937479224,0.9999999999911175,22,4,2026-02-24
CSCO/PAYC,CSCO,PAYC,high_entry,-5469.797322823873,-0.4846014277200314,-0.9686332937479224,1.9494044955995658e-07,26,4,2026-02-24
TXT/YUM,TXT,YUM,high_entry,-1258.354218274267,-0.21725106724679047,-0.9686332937479224,2.839380627200621e-09,28,4,2026-02-24
EXR/WY,EXR,WY,high_entry,-47.45435103216278,-0.008378140169660785,-0.9686332937479224,0.011893284719837093,26,4,2026-02-24
ATO/PCG,ATO,PCG,high_entry,-9987.312654987893,-1.6118761559580876,-0.9686332937479224,1.1708274339332578e-09,42,4,2026-02-24
BIIB/HCA,BIIB,HCA,high_entry,1132.707334789211,0.1476105834849119,-0.9686332937479224,0.829393629815018,24,4,2026-02-24
CDNS/PTC,CDNS,PTC,high_entry,7353.609999999983,0.8747421623184928,-0.9686332937479224,0.9999998286066439,26,4,2026-02-24
EVRG/PCG,EVRG,PCG,high_entry,-1511.00628608656,-0.18933813243410078,-0.9686332937479224,1.5376862651576752e-09,38,4,2026-02-24
RTX/SNA,RTX,SNA,high_entry,4847.100378850896,0.9914424117012801,-0.9686332937479224,0.9999999962457269,22,4,2026-02-24
MSCI/PRU,MSCI,PRU,high_entry,580.7457595532424,0.10245427875206606,-0.9686332937479224,0.5341703447827261,26,4,2026-02-24
AKAM/KEYS,AKAM,KEYS,high_entry,6176.039999999992,0.6990090498402567,-0.9686332937479224,0.9999968685266951,28,4,2026-02-24
CINF/FMC,CINF,FMC,high_entry,-14633.51777078085,-1.3492907025953338,-0.9686332937479224,7.726144532200273e-22,40,4,2026-02-24
AON/KKR,AON,KKR,high_entry,-1373.541651072685,-0.16183102565937862,-0.9686332937479224,2.443845626017856e-05,28,4,2026-02-24
BSX/WMB,BSX,WMB,high_entry,2600.56232266978,0.48550621453883924,-0.9686332937479224,0.9999885917220399,28,4,2026-02-24
MSCI/SCHW,MSCI,SCHW,high_entry,378.3596619856166,0.05377791217550076,-0.9686332937479224,0.1540676075841385,30,4,2026-02-24
HAS/YUM,HAS,YUM,high_vol_specialist,11261.57216390181,1.3831082983824834,-0.9841822558924088,0.999999999998952,38,4,2026-02-24
CSCO/PAYC,CSCO,PAYC,high_vol_specialist,-2981.96930782212,-0.24484649880493844,-0.9841822558924088,7.697876020499715e-08,36,4,2026-02-24
TXT/YUM,TXT,YUM,high_vol_specialist,-782.6211710263335,-0.07794069789831423,-0.9841822558924088,0.0001941010090746891,42,4,2026-02-24
EXR/WY,EXR,WY,high_vol_specialist,6252.505382779238,0.7625993968992892,-0.9841822558924088,1.0,38,4,2026-02-24
ATO/PCG,ATO,PCG,high_vol_specialist,-5339.273934626914,-0.43994964742419335,-0.9841822558924088,1.9913943391268197e-27,52,4,2026-02-24
BIIB/HCA,BIIB,HCA,high_vol_specialist,8595.871394332758,0.9619188268422867,-0.9841822558924088,0.9999999999996041,36,4,2026-02-24
CDNS/PTC,CDNS,PTC,high_vol_specialist,1449.619999999969,0.16016975519205143,-0.9841822558924088,0.9142627043007385,40,4,2026-02-24
EVRG/PCG,EVRG,PCG,high_vol_specialist,-13076.43575876698,-0.9677555660845947,-0.9841822558924088,8.019777273552032e-26,48,4,2026-02-24
RTX/SNA,RTX,SNA,high_vol_specialist,7814.302727507011,1.4694828028409066,-0.9841822558924088,0.9999999999996759,34,4,2026-02-24
MSCI/PRU,MSCI,PRU,high_vol_specialist,9624.595276337173,0.9138935072128145,-0.9841822558924088,0.9999901103608635,32,4,2026-02-24
AKAM/KEYS,AKAM,KEYS,high_vol_specialist,-14060.64999999998,-0.7777651466897194,-0.9841822558924088,5.283406998545269e-07,42,4,2026-02-24
CINF/FMC,CINF,FMC,high_vol_specialist,-22583.38844115062,-1.4673158884322552,-0.9841822558924088,1.3557704487915805e-20,40,4,2026-02-24
AON/KKR,AON,KKR,high_vol_specialist,-3571.192519347668,-0.2921256798473022,-0.9841822558924088,1.1748830863358222e-09,40,4,2026-02-24
BSX/WMB,BSX,WMB,high_vol_specialist,874.2193022830465,0.0884138865209768,-0.9841822558924088,0.41573962812783183,46,4,2026-02-24
MSCI/SCHW,MSCI,SCHW,high_vol_specialist,-1425.992779817301,-0.14795487447605787,-0.9841822558924088,1.313708607431264e-08,46,4,2026-02-24
HAS/YUM,HAS,YUM,low_vol_specialist,14871.72204577431,1.4804450886094218,-1.1009699602956031,1.0,114,4,2026-02-24
CSCO/PAYC,CSCO,PAYC,low_vol_specialist,-14464.3129833608,-1.05365565320666,-1.1009699602956031,3.324666330903589e-30,120,4,2026-02-24
TXT/YUM,TXT,YUM,low_vol_specialist,749.9692769807366,0.06529621503386497,-1.1009699602956031,0.25313283564090616,114,4,2026-02-24
EXR/WY,EXR,WY,low_vol_specialist,3112.6002443998,0.29237537623802945,-1.1009699602956031,0.9987961478550599,126,4,2026-02-24
ATO/PCG,ATO,PCG,low_vol_specialist,2375.91427828956,0.20159062522132784,-1.1009699602956031,0.9778363530337656,142,4,2026-02-24
BIIB/HCA,BIIB,HCA,low_vol_specialist,5733.185989610287,0.4337694610058934,-1.1009699602956031,0.9999999998967208,106,4,2026-02-24
CDNS/PTC,CDNS,PTC,low_vol_specialist,-788.7900000000154,-0.062398810534029965,-1.1009699602956031,0.0003024556828046547,92,4,2026-02-24
EVRG/PCG,EVRG,PCG,low_vol_specialist,-11249.22196202169,-0.9328043620839968,-1.1009699602956031,9.292152922231692e-18,128,4,2026-02-24
RTX/SNA,RTX,SNA,low_vol_specialist,3068.301802388941,0.3076355561295416,-1.1009699602956031,0.999598211143231,108,4,2026-02-24
MSCI/PRU,MSCI,PRU,low_vol_specialist,-271.3804699891907,-0.03210423885095708,-1.1009699602956031,0.0030530380280794226,102,4,2026-02-24
AKAM/KEYS,AKAM,KEYS,low_vol_specialist,-23300.79999999999,-1.3219820490035568,-1.1009699602956031,2.5297707613506235e-09,96,4,2026-02-24
CINF/FMC,CINF,FMC,low_vol_specialist,-1887.791773394255,-0.0942285251288713,-1.1009699602956031,0.0009816054192288994,124,4,2026-02-24
AON/KKR,AON,KKR,low_vol_specialist,-20629.04667381141,-1.1452825660368962,-1.1009699602956031,1.0903703638571009e-37,116,4,2026-02-24
BSX/WMB,BSX,WMB,low_vol_specialist,9203.396652420928,0.7512225152520412,-1.1009699602956031,1.0,128,4,2026-02-24
MSCI/SCHW,MSCI,SCHW,low_vol_specialist,-2025.766901302949,-0.2161735187966937,-1.1009699602956031,1.4242068621830143e-09,110,4,2026-02-24
HAS/YUM,HAS,YUM,short_z_long_v,2201.473371810475,0.21245206678046036,-1.1094244700448528,0.997324384290809,52,4,2026-02-24
CSCO/PAYC,CSCO,PAYC,short_z_long_v,-1812.333506930473,-0.14708291349086197,-1.1094244700448528,1.2021732412566518e-05,50,4,2026-02-24
TXT/YUM,TXT,YUM,short_z_long_v,-7583.455160541162,-0.7933881856207529,-1.1094244700448528,3.8755010146401255e-14,66,4,2026-02-24
EXR/WY,EXR,WY,short_z_long_v,5912.636134169743,0.6505314519333957,-1.1094244700448528,0.9999999833680763,72,4,2026-02-24
ATO/PCG,ATO,PCG,short_z_long_v,-6585.746364016963,-0.6757795675999113,-1.1094244700448528,1.2913398931324926e-22,82,4,2026-02-24
BIIB/HCA,BIIB,HCA,short_z_long_v,12836.43618062976,1.2779013539975552,-1.1094244700448528,1.0,56,4,2026-02-24
CDNS/PTC,CDNS,PTC,short_z_long_v,2876.670000000026,0.3363917004518824,-1.1094244700448528,0.99993474812868,56,4,2026-02-24
EVRG/PCG,EVRG,PCG,short_z_long_v,992.3437717385913,0.10173903587136437,-1.1094244700448528,0.5238170254898319,66,4,2026-02-24
RTX/SNA,RTX,SNA,short_z_long_v,3366.590754334765,0.3939529478471985,-1.1094244700448528,0.9997989396807332,56,4,2026-02-24
MSCI/PRU,MSCI,PRU,short_z_long_v,-1352.180826502116,-0.11938486839804918,-1.1094244700448528,0.00030921115155660547,48,4,2026-02-24
AKAM/KEYS,AKAM,KEYS,short_z_long_v,-8735.580000000009,-0.5052712313665918,-1.1094244700448528,1.010910283555049e-06,60,4,2026-02-24
CINF/FMC,CINF,FMC,short_z_long_v,-19556.62344741484,-0.7829481809216595,-1.1094244700448528,8.315243140761026e-05,56,4,2026-02-24
AON/KKR,AON,KKR,short_z_long_v,3298.530225945188,0.2278552084281603,-1.1094244700448528,0.9957518137173348,76,4,2026-02-24
BSX/WMB,BSX,WMB,short_z_long_v,-4704.822371267099,-0.43238517724555947,-1.1094244700448528,7.453806350309445e-22,76,4,2026-02-24
MSCI/SCHW,MSCI,SCHW,short_z_long_v,-11663.70732628351,-1.0382728509914037,-1.1094244700448528,1.4405893439008168e-16,70,4,2026-02-24
HAS/YUM,HAS,YUM,no_leverage,5270.559572486112,0.8116955780083991,-1.142315942605117,0.9996365692849732,50,4,2026-02-24
CSCO/PAYC,CSCO,PAYC,no_leverage,76.06244063282702,0.013020509012204551,-1.142315942605117,0.03249638021883019,64,4,2026-02-24
TXT/YUM,TXT,YUM,no_leverage,-1402.798275642347,-0.3317117576049092,-1.142315942605117,1.302211614556866e-16,66,4,2026-02-24
EXR/WY,EXR,WY,no_leverage,2377.825503854893,0.4640363024057096,-1.142315942605117,0.9999999999613095,64,4,2026-02-24
ATO/PCG,ATO,PCG,no_leverage,-370.6694916471744,-0.08701861810801338,-1.142315942605117,3.384172341531989e-05,60,4,2026-02-24
BIIB/HCA,BIIB,HCA,no_leverage,-104.8046878210863,-0.019159735121404852,-1.142315942605117,0.006326178105252067,60,4,2026-02-24
CDNS/PTC,CDNS,PTC,no_leverage,-1533.780000000001,-0.30049318395544233,-1.142315942605117,8.318767133487318e-08,50,4,2026-02-24
EVRG/PCG,EVRG,PCG,no_leverage,-4172.267886929156,-0.9477380773480996,-1.142315942605117,1.1485106781549213e-14,58,4,2026-02-24
RTX/SNA,RTX,SNA,no_leverage,2016.467269607027,0.48236425541232747,-1.142315942605117,0.9999388237083986,60,4,2026-02-24
MSCI/PRU,MSCI,PRU,no_leverage,1851.374170961864,0.5699806033521982,-1.142315942605117,0.999999999808418,46,4,2026-02-24
AKAM/KEYS,AKAM,KEYS,no_leverage,-3406.170000000005,-0.6316115510894363,-1.142315942605117,3.9393611819747e-10,50,4,2026-02-24
CINF/FMC,CINF,FMC,no_leverage,296.9631149580516,0.0320122483425567,-1.142315942605117,0.05601779372419264,56,4,2026-02-24
AON/KKR,AON,KKR,no_leverage,727.6536277940667,0.107342437420017,-1.142315942605117,0.5722023038493296,56,4,2026-02-24
BSX/WMB,BSX,WMB,no_leverage,1769.492723504281,0.33611604924402005,-1.142315942605117,0.998116697092239,68,4,2026-02-24
MSCI/SCHW,MSCI,SCHW,no_leverage,258.1258694873454,0.059482041880347156,-1.142315942605117,0.19682838692545968,56,4,2026-02-24
HAS/YUM,HAS,YUM,conservative_no_leverage,5335.567587948,1.4055486245067095,-1.4730920558605405,0.9999999993448078,32,4,2026-02-24
CSCO/PAYC,CSCO,PAYC,conservative_no_leverage,4411.321134027484,0.8413628374038178,-1.4730920558605405,0.9999997036240141,42,4,2026-02-24
TXT/YUM,TXT,YUM,conservative_no_leverage,-1839.899255916816,-0.47877140871347507,-1.4730920558605405,2.0226518060557051e-16,40,4,2026-02-24
EXR/WY,EXR,WY,conservative_no_leverage,2250.538592785546,0.5300458310181246,-1.4730920558605405,0.9999999999999915,40,4,2026-02-24
ATO/PCG,ATO,PCG,conservative_no_leverage,-3188.199993268929,-0.6432846666592628,-1.4730920558605405,1.6098973350849225e-24,40,4,2026-02-24
BIIB/HCA,BIIB,HCA,conservative_no_leverage,1073.104961579107,0.22613792540569552,-1.4730920558605405,0.9949751847581737,38,4,2026-02-24
CDNS/PTC,CDNS,PTC,conservative_no_leverage,39.82999999998901,0.008573073696094996,-1.4730920558605405,0.025684404539765754,34,4,2026-02-24
EVRG/PCG,EVRG,PCG,conservative_no_leverage,-6597.323774106024,-1.259861587374059,-1.4730920558605405,1.7718633416642478e-30,34,4,2026-02-24
RTX/SNA,RTX,SNA,conservative_no_leverage,4627.987068341748,2.0518906280219444,-1.4730920558605405,0.9999999999977216,38,4,2026-02-24
MSCI/PRU,MSCI,PRU,conservative_no_leverage,2375.222437920972,0.7103627635421212,-1.4730920558605405,0.9999999999997969,32,4,2026-02-24
AKAM/KEYS,AKAM,KEYS,conservative_no_leverage,-2193.940000000006,-0.3934674495401449,-1.4730920558605405,4.150781092090993e-10,30,4,2026-02-24
CINF/FMC,CINF,FMC,conservative_no_leverage,-8004.671402511818,-1.0677636706615405,-1.4730920558605405,1.0752064231790347e-17,38,4,2026-02-24
AON/KKR,AON,KKR,conservative_no_leverage,3056.705576690997,0.5244309727696745,-1.4730920558605405,0.9999999999962101,38,4,2026-02-24
BSX/WMB,BSX,WMB,conservative_no_leverage,-2226.844308181166,-0.5296448436078403,-1.4730920558605405,1.413746883157706e-33,36,4,2026-02-24
MSCI/SCHW,MSCI,SCHW,conservative_no_leverage,572.3960921966543,0.21586211220487317,-1.4730920558605405,0.9902743638019533,30,4,2026-02-24
HAS/YUM,HAS,YUM,conservative,2456.611305823524,1.0915201199263322,-1.8328975159860592,0.9999995602552969,20,4,2026-02-24
CSCO/PAYC,CSCO,PAYC,conservative,3468.862557172401,0.7411292884967219,-1.8328975159860592,0.9999724124158557,24,4,2026-02-24
TXT/YUM,TXT,YUM,conservative,987.9690468902011,0.410468084893805,-1.8328975159860592,0.9999964641898104,28,4,2026-02-24
EXR/WY,EXR,WY,conservative,622.2526040997211,0.24425055195910886,-1.8328975159860592,0.9989686264529123,30,4,2026-02-24
ATO/PCG,ATO,PCG,conservative,-1667.368530723831,-0.6123961887328012,-1.8328975159860592,3.95814871661863e-09,38,4,2026-02-24
BIIB/HCA,BIIB,HCA,conservative,-622.2769995054023,-0.1603063589793133,-1.8328975159860592,3.857892679204574e-06,26,4,2026-02-24
CDNS/PTC,CDNS,PTC,conservative,1749.94999999999,0.4327807995563908,-1.8328975159860592,0.9999992169386707,32,4,2026-02-24
EVRG/PCG,EVRG,PCG,conservative,-648.6284439663398,-0.2127147266884194,-1.8328975159860592,1.1927454383548828e-07,34,4,2026-02-24
RTX/SNA,RTX,SNA,conservative,1816.674280916078,0.8461863176531308,-1.8328975159860592,0.9999997036185262,32,4,2026-02-24
MSCI/PRU,MSCI,PRU,conservative,-1077.989357345476,-0.5479149685461258,-1.8328975159860592,1.1429525749498066e-08,24,4,2026-02-24
AKAM/KEYS,AKAM,KEYS,conservative,-3224.440000000002,-0.9289644204440363,-1.8328975159860592,1.8613707004321197e-09,28,4,2026-02-24
CINF/FMC,CINF,FMC,conservative,-4315.027645627574,-1.4040960220668768,-1.8328975159860592,9.017739959887482e-10,30,4,2026-02-24
AON/KKR,AON,KKR,conservative,2327.117366605934,0.6644788619453585,-1.8328975159860592,0.9999619460665253,22,4,2026-02-24
BSX/WMB,BSX,WMB,conservative,1535.038493690948,0.5890345370028106,-1.8328975159860592,0.9999910948773116,26,4,2026-02-24
MSCI/SCHW,MSCI,SCHW,conservative,986.248442676429,0.31339353302768547,-1.8328975159860592,0.9995617602451046,24,4,2026-02-24
HAS/YUM,HAS,YUM,slow_reentry,8916.755588170425,0.6607668348259748,0.2913404401335714,0.9993243723389312,48,5,2026-03-31
CSCO/PAYC,CSCO,PAYC,slow_reentry,15650.71163906097,1.234191964570622,0.2913404401335714,0.9999999997395931,58,5,2026-03-31
TXT/YUM,TXT,YUM,slow_reentry,5.934700063352921,0.0006863908567437416,0.2913404401335714,0.018648243664202535,68,5,2026-03-31
EXR/WY,EXR,WY,slow_reentry,2113.482579244628,0.20039878943203324,0.2913404401335714,0.9949063694915828,60,5,2026-03-31
ATO/PCG,ATO,PCG,slow_reentry,-518.2543142637949,-0.06389266958284417,0.2913404401335714,0.00010614820668525134,48,5,2026-03-31
BIIB/HCA,BIIB,HCA,slow_reentry,4497.252853612237,0.3627370307612315,0.2913404401335714,0.9999996681117869,62,5,2026-03-31
CDNS/PTC,CDNS,PTC,slow_reentry,-1789.540000000015,-0.16759371511447282,0.2913404401335714,5.381961822013254e-06,54,5,2026-03-31
EVRG/PCG,EVRG,PCG,slow_reentry,-3877.950987399259,-0.47040056843713385,0.2913404401335714,1.9487700386423328e-12,42,5,2026-03-31
RTX/SNA,RTX,SNA,slow_reentry,5606.536656756938,0.7493011331135221,0.2913404401335714,0.9999999997967993,54,5,2026-03-31
MSCI/PRU,MSCI,PRU,slow_reentry,3044.09083763222,0.46868684528051047,0.2913404401335714,0.9999998156885576,42,5,2026-03-31
AKAM/KEYS,AKAM,KEYS,slow_reentry,-1309.539999999979,-0.09182254984589686,0.2913404401335714,0.0007963109252363907,44,5,2026-03-31
CINF/FMC,CINF,FMC,slow_reentry,-8349.320865373295,-0.5751795168298102,0.2913404401335714,2.257875247333953e-11,50,5,2026-03-31
AON/KKR,AON,KKR,slow_reentry,5512.408707306514,0.437688207086734,0.2913404401335714,0.9999999999917293,52,5,2026-03-31
BSX/WMB,BSX,WMB,slow_reentry,15066.53984121903,1.24674724454067,0.2913404401335714,0.9999999996218576,62,5,2026-03-31
MSCI/SCHW,MSCI,SCHW,slow_reentry,885.3387232916266,0.09996363207100828,0.2913404401335714,0.5340362243584158,50,5,2026-03-31
HAS/YUM,HAS,YUM,stable_signal_quick_exit,18185.81650004829,1.7284048573508028,0.2713567338202292,0.9999999992960058,52,5,2026-03-31
CSCO/PAYC,CSCO,PAYC,stable_signal_quick_exit,8312.37898902426,0.48134417468262974,0.2713567338202292,0.9999996699815116,68,5,2026-03-31
TXT/YUM,TXT,YUM,stable_signal_quick_exit,5073.088970185136,0.5789373367769783,0.2713567338202292,0.9999999999982373,56,5,2026-03-31
EXR/WY,EXR,WY,stable_signal_quick_exit,1833.44378344508,0.21563022745489785,0.2713567338202292,0.9962502720431147,58,5,2026-03-31
ATO/PCG,ATO,PCG,stable_signal_quick_exit,223.0850333234407,0.028192441227143882,0.2713567338202292,0.07757554585049087,40,5,2026-03-31
BIIB/HCA,BIIB,HCA,stable_signal_quick_exit,2286.964242395837,0.19557090877650432,0.2713567338202292,0.982476522583354,64,5,2026-03-31
CDNS/PTC,CDNS,PTC,stable_signal_quick_exit,-675.2000000000378,-0.05995434685330322,0.2713567338202292,0.0006861241979633002,58,5,2026-03-31
EVRG/PCG,EVRG,PCG,stable_signal_quick_exit,-4251.852514387772,-0.5217470441074018,0.2713567338202292,2.2474366110811907e-17,34,5,2026-03-31
RTX/SNA,RTX,SNA,stable_signal_quick_exit,7924.528824194336,1.131205429806959,0.2713567338202292,1.0,46,5,2026-03-31
MSCI/PRU,MSCI,PRU,stable_signal_quick_exit,11090.87920685188,1.0239212909288706,0.2713567338202292,0.9999887152206385,44,5,2026-03-31
AKAM/KEYS,AKAM,KEYS,stable_signal_quick_exit,-5295.049999999949,-0.33972156812448223,0.2713567338202292,4.51105430789073e-13,54,5,2026-03-31
CINF/FMC,CINF,FMC,stable_signal_quick_exit,-7758.47580455677,-0.5856815566229154,0.2713567338202292,5.829879499788578e-10,50,5,2026-03-31
AON/KKR,AON,KKR,stable_signal_quick_exit,-1846.910648262487,-0.14329943883974783,0.2713567338202292,3.803838356867497e-06,52,5,2026-03-31
BSX/WMB,BSX,WMB,stable_signal_quick_exit,6037.855798308827,0.5081809106968717,0.2713567338202292,0.9999975512173829,48,5,2026-03-31
MSCI/SCHW,MSCI,SCHW,stable_signal_quick_exit,4130.763015868934,0.46193778998188745,0.2713567338202292,0.9999999999719833,42,5,2026-03-31
HAS/YUM,HAS,YUM,long_z_short_v,-3524.281840940255,-0.43853368899258,0.2663861159667309,4.090378009069479e-20,54,5,2026-03-31
CSCO/PAYC,CSCO,PAYC,long_z_short_v,9623.57082904426,0.8700292951529669,0.2663861159667309,0.9999999999999948,58,5,2026-03-31
TXT/YUM,TXT,YUM,long_z_short_v,-2483.801211128884,-0.2784934004548102,0.2663861159667309,4.1972843510065016e-17,52,5,2026-03-31
EXR/WY,EXR,WY,long_z_short_v,6934.725865796317,0.7908198040138472,0.2663861159667309,1.0,50,5,2026-03-31
ATO/PCG,ATO,PCG,long_z_short_v,-6443.870323694424,-0.5840108599324011,0.2663861159667309,2.3143832519181577e-27,40,5,2026-03-31
BIIB/HCA,BIIB,HCA,long_z_short_v,2967.521836448343,0.3134305661890642,0.2663861159667309,0.9998896118377568,42,5,2026-03-31
CDNS/PTC,CDNS,PTC,long_z_short_v,8088.580000000008,0.7445255989139345,0.2663861159667309,0.999999999999325,50,5,2026-03-31
EVRG/PCG,EVRG,PCG,long_z_short_v,-16195.34448621517,-1.569698321882077,0.2663861159667309,1.8316054889980537e-27,46,5,2026-03-31
RTX/SNA,RTX,SNA,long_z_short_v,9704.972437404056,1.2833145784236064,0.2663861159667309,0.99999996302131,44,5,2026-03-31
MSCI/PRU,MSCI,PRU,long_z_short_v,-6803.709325711838,-0.6273079167832579,0.2663861159667309,7.470703767393076e-06,44,5,2026-03-31
AKAM/KEYS,AKAM,KEYS,long_z_short_v,-2805.210000000011,-0.23765620494818132,0.2663861159667309,1.0243297036217428e-07,40,5,2026-03-31
CINF/FMC,CINF,FMC,long_z_short_v,22121.06957224788,1.0868641160120536,0.2663861159667309,0.9999813042325346,58,5,2026-03-31
AON/KKR,AON,KKR,long_z_short_v,6468.03202302566,0.41316978277793265,0.2663861159667309,0.9999999986955689,50,5,2026-03-31
BSX/WMB,BSX,WMB,long_z_short_v,4960.68409381848,0.4350376465768419,0.2663861159667309,0.9999592158407613,56,5,2026-03-31
MSCI/SCHW,MSCI,SCHW,long_z_short_v,12553.81323030385,1.8421978197999376,0.2663861159667309,1.0,34,5,2026-03-31
HAS/YUM,HAS,YUM,flash_hold,11829.85169182003,1.7501187414525856,0.2122954030824953,1.0,142,5,2026-03-31
CSCO/PAYC,CSCO,PAYC,flash_hold,8596.210535103206,0.8545789792368901,0.2122954030824953,0.9999999999999988,142,5,2026-03-31
TXT/YUM,TXT,YUM,flash_hold,1695.100625275873,0.27165300016835525,0.2122954030824953,0.9996824114755505,148,5,2026-03-31
EXR/WY,EXR,WY,flash_hold,3038.634827439596,0.5134597075010063,0.2122954030824953,0.9999999999989279,174,5,2026-03-31
ATO/PCG,ATO,PCG,flash_hold,1532.753367489924,0.24660430509886275,0.2122954030824953,0.9982390683360589,184,5,2026-03-31
BIIB/HCA,BIIB,HCA,flash_hold,8764.837380345953,1.084360182638022,0.2122954030824953,1.0,148,5,2026-03-31
CDNS/PTC,CDNS,PTC,flash_hold,-5237.789999999979,-0.5764184932391119,0.2122954030824953,1.602134399299094e-12,146,5,2026-03-31
EVRG/PCG,EVRG,PCG,flash_hold,-11458.8931079011,-1.6288768913133151,0.2122954030824953,2.464736145142302e-23,190,5,2026-03-31
RTX/SNA,RTX,SNA,flash_hold,5908.005368472371,0.8032614902706415,0.2122954030824953,0.999999998449056,148,5,2026-03-31
MSCI/PRU,MSCI,PRU,flash_hold,-1794.079826646034,-0.24488196503482354,0.2122954030824953,4.1225109645749425e-07,154,5,2026-03-31
AKAM/KEYS,AKAM,KEYS,flash_hold,-1010.469999999966,-0.1082857788128874,0.2122954030824953,1.8886635047179825e-05,122,5,2026-03-31
CINF/FMC,CINF,FMC,flash_hold,16040.74291511513,0.7860214116910302,0.2122954030824953,0.9997023757865902,180,5,2026-03-31
AON/KKR,AON,KKR,flash_hold,82.19191564626817,0.007704314097655589,0.2122954030824953,0.026698969060543924,158,5,2026-03-31
BSX/WMB,BSX,WMB,flash_hold,1036.237845415108,0.11945424286388598,0.2122954030824953,0.6877027065471149,184,5,2026-03-31
MSCI/SCHW,MSCI,SCHW,flash_hold,1466.567449900731,0.21351467768026008,0.2122954030824953,0.9881880492645869,146,5,2026-03-31
HAS/YUM,HAS,YUM,aggressive,45424.60136709685,1.9926354343197252,0.2027432234458539,0.9999999999697025,94,5,2026-03-31
CSCO/PAYC,CSCO,PAYC,aggressive,9542.843989377165,0.3314978521481293,0.2027432234458539,0.9999896739464331,104,5,2026-03-31
TXT/YUM,TXT,YUM,aggressive,2643.236071931136,0.14695261254574044,0.2027432234458539,0.8477968138273633,116,5,2026-03-31
EXR/WY,EXR,WY,aggressive,8500.518179053795,0.43284202027392027,0.2027432234458539,0.9999999999997136,104,5,2026-03-31
ATO/PCG,ATO,PCG,aggressive,-14635.93496506037,-0.7805233525088541,0.2027432234458539,1.2680247562176325e-30,84,5,2026-03-31
BIIB/HCA,BIIB,HCA,aggressive,22029.72840462589,0.9477644655037785,0.2027432234458539,1.0,132,5,2026-03-31
CDNS/PTC,CDNS,PTC,aggressive,-3623.960000000076,-0.1740793233424208,0.2027432234458539,1.0134962545325124e-07,106,5,2026-03-31
EVRG/PCG,EVRG,PCG,aggressive,-39121.6139465589,-1.773077490025178,0.2027432234458539,2.366503677073948e-25,74,5,2026-03-31
RTX/SNA,RTX,SNA,aggressive,4712.282621649661,0.2880266650661574,0.2027432234458539,0.9982231366977675,106,5,2026-03-31
MSCI/PRU,MSCI,PRU,aggressive,4880.926862905775,0.26004593912357854,0.2027432234458539,0.999753131924486,90,5,2026-03-31
AKAM/KEYS,AKAM,KEYS,aggressive,9675.920000000011,0.36235044505125824,0.2027432234458539,0.9999980721317181,88,5,2026-03-31
CINF/FMC,CINF,FMC,aggressive,20820.14938670901,0.350555672165781,0.2027432234458539,0.9997811046519585,104,5,2026-03-31
AON/KKR,AON,KKR,aggressive,-10972.42808839025,-0.4047996882212258,0.2027432234458539,3.9835237306762344e-17,94,5,2026-03-31
BSX/WMB,BSX,WMB,aggressive,-20248.81703849096,-0.7951822886578366,0.2027432234458539,5.090078239898868e-18,128,5,2026-03-31
MSCI/SCHW,MSCI,SCHW,aggressive,10214.8298912964,0.5340609706090329,0.2027432234458539,0.99999999282235,108,5,2026-03-31
HAS/YUM,HAS,YUM,vol_gated,9780.460854109768,0.7431924439147224,0.1587102590782588,0.9999993018280161,70,5,2026-03-31
CSCO/PAYC,CSCO,PAYC,vol_gated,-2013.814333778157,-0.12894112477365166,0.1587102590782588,1.9649026770858496e-06,58,5,2026-03-31
TXT/YUM,TXT,YUM,vol_gated,2917.086200683192,0.31062510106533053,0.1587102590782588,0.9999720234739942,80,5,2026-03-31
EXR/WY,EXR,WY,vol_gated,11582.51818435266,0.9952973153456594,0.1587102590782588,1.0,74,5,2026-03-31
ATO/PCG,ATO,PCG,vol_gated,-5061.172005494731,-0.5342699474262174,0.1587102590782588,5.380573103351846e-32,58,5,2026-03-31
BIIB/HCA,BIIB,HCA,vol_gated,6550.199450517061,0.4997312157249264,0.1587102590782588,0.9999999998672908,96,5,2026-03-31
CDNS/PTC,CDNS,PTC,vol_gated,3312.659999999969,0.2718443260361768,0.1587102590782588,0.9997884940604046,82,5,2026-03-31
EVRG/PCG,EVRG,PCG,vol_gated,-2973.23072536382,-0.34057884078411355,0.1587102590782588,3.252697573386404e-16,60,5,2026-03-31
RTX/SNA,RTX,SNA,vol_gated,3687.030189668903,0.5038498148971843,0.1587102590782588,0.9999999999988278,60,5,2026-03-31
MSCI/PRU,MSCI,PRU,vol_gated,-7410.534356887314,-0.8361958516934714,0.1587102590782588,4.4130188285803316e-17,54,5,2026-03-31
AKAM/KEYS,AKAM,KEYS,vol_gated,13739.04000000002,0.9156884556856741,0.1587102590782588,0.9999999089098547,70,5,2026-03-31
CINF/FMC,CINF,FMC,vol_gated,4329.000346271567,0.20225389643678468,0.1587102590782588,0.9978745442284854,68,5,2026-03-31
AON/KKR,AON,KKR,vol_gated,8935.733396895344,0.5988745728386855,0.1587102590782588,1.0,70,5,2026-03-31
BSX/WMB,BSX,WMB,vol_gated,-3563.717955673886,-0.22970631046192463,0.1587102590782588,7.954570281204797e-15,84,5,2026-03-31
MSCI/SCHW,MSCI,SCHW,vol_gated,-3966.899285303686,-0.3620540899551175,0.1587102590782588,2.844084060423557e-12,66,5,2026-03-31
HAS/YUM,HAS,YUM,static_threshold,8821.261849136014,0.682541144558933,0.1193002892404358,1.0,94,5,2026-03-31
CSCO/PAYC,CSCO,PAYC,static_threshold,-2140.164310999098,-0.12097797603288833,0.1193002892404358,3.0676160617007806e-06,114,5,2026-03-31
TXT/YUM,TXT,YUM,static_threshold,2095.446551581741,0.1504794139597126,0.1193002892404358,0.8611853361071995,106,5,2026-03-31
EXR/WY,EXR,WY,static_threshold,7096.972717649927,0.6105016064709814,0.1193002892404358,1.0,84,5,2026-03-31
ATO/PCG,ATO,PCG,static_threshold,-11663.09029755867,-0.9062774540750098,0.1193002892404358,4.8802053829118504e-30,100,5,2026-03-31
BIIB/HCA,BIIB,HCA,static_threshold,13354.56451903743,0.9132012827980188,0.1193002892404358,1.0,118,5,2026-03-31
CDNS/PTC,CDNS,PTC,static_threshold,3298.279999999982,0.26507984976176496,0.1193002892404358,0.9998965587193381,88,5,2026-03-31
EVRG/PCG,EVRG,PCG,static_threshold,-13780.41105013815,-1.002530167580685,0.1193002892404358,1.9161372319735756e-28,100,5,2026-03-31
RTX/SNA,RTX,SNA,static_threshold,14969.21234973003,1.1183942498446373,0.1193002892404358,0.9999998877076817,110,5,2026-03-31
MSCI/PRU,MSCI,PRU,static_threshold,12130.46750407971,0.8402768015875555,0.1193002892404358,0.9999999999990524,104,5,2026-03-31
AKAM/KEYS,AKAM,KEYS,static_threshold,-682.1199999999626,-0.029562989371281184,0.1193002892404358,0.0038393294249602,88,5,2026-03-31
CINF/FMC,CINF,FMC,static_threshold,2692.88484051991,0.10914562957537842,0.1193002892404358,0.6371851819468901,96,5,2026-03-31
AON/KKR,AON,KKR,static_threshold,-6272.091485264615,-0.2693923200290428,0.1193002892404358,1.7312168701189896e-09,104,5,2026-03-31
BSX/WMB,BSX,WMB,static_threshold,6778.932097195766,0.41068520848920953,0.1193002892404358,0.9994545643234004,106,5,2026-03-31
MSCI/SCHW,MSCI,SCHW,static_threshold,1798.939129785801,0.1398637359409425,0.1193002892404358,0.8132612171254979,98,5,2026-03-31
HAS/YUM,HAS,YUM,fast_reentry,10231.88238131612,0.7519580963765073,0.1185536937528781,0.9996740881420104,54,5,2026-03-31
CSCO/PAYC,CSCO,PAYC,fast_reentry,2961.813502833156,0.2156513807137408,0.1185536937528781,0.9972096940931443,70,5,2026-03-31
TXT/YUM,TXT,YUM,fast_reentry,-3096.946242660689,-0.3392349405953164,0.1185536937528781,1.4448775945069698e-18,76,5,2026-03-31
EXR/WY,EXR,WY,fast_reentry,-3334.405576150382,-0.35523681505149274,0.1185536937528781,2.474635284659795e-16,70,5,2026-03-31
ATO/PCG,ATO,PCG,fast_reentry,2328.576695420833,0.233099813492721,0.1185536937528781,0.9932618472963937,78,5,2026-03-31
BIIB/HCA,BIIB,HCA,fast_reentry,425.5131987402683,0.03435103824112595,0.1185536937528781,0.0876974062656723,70,5,2026-03-31
CDNS/PTC,CDNS,PTC,fast_reentry,-668.3300000000118,-0.059416624086518904,0.1185536937528781,0.0008287625307360038,58,5,2026-03-31
EVRG/PCG,EVRG,PCG,fast_reentry,-5457.185431566502,-0.5153941965871826,0.1185536937528781,4.0867437850871284e-19,70,5,2026-03-31
RTX/SNA,RTX,SNA,fast_reentry,8746.179306437978,1.280856819103887,0.1185536937528781,1.0,60,5,2026-03-31
MSCI/PRU,MSCI,PRU,fast_reentry,714.3894429613138,0.09809063341978314,0.1185536937528781,0.5165052628447552,52,5,2026-03-31
AKAM/KEYS,AKAM,KEYS,fast_reentry,-4489.080000000013,-0.3675510294960207,0.1185536937528781,4.755376022573019e-10,54,5,2026-03-31
CINF/FMC,CINF,FMC,fast_reentry,14619.62268004837,0.38698003977511686,0.1185536937528781,0.9985845024031119,80,5,2026-03-31
AON/KKR,AON,KKR,fast_reentry,1586.576118413584,0.10944445844329648,0.1185536937528781,0.6131584521341708,66,5,2026-03-31
BSX/WMB,BSX,WMB,fast_reentry,14284.46053310496,1.044395780564213,0.1185536937528781,0.999999999999712,82,5,2026-03-31
MSCI/SCHW,MSCI,SCHW,fast_reentry,-1013.215168105626,-0.11149830431308483,0.1185536937528781,2.8509586804161127e-05,62,5,2026-03-31
HAS/YUM,HAS,YUM,vol_agnostic,4104.841137032208,0.2510116316691564,0.1016293033702869,0.9882656332976398,100,5,2026-03-31
CSCO/PAYC,CSCO,PAYC,vol_agnostic,4444.717590438001,0.24341994934288877,0.1016293033702869,0.9982833546467486,106,5,2026-03-31
TXT/YUM,TXT,YUM,vol_agnostic,-8307.97919663391,-0.6147954861499757,0.1016293033702869,2.6533061901641595e-27,98,5,2026-03-31
EXR/WY,EXR,WY,vol_agnostic,11594.81425438373,0.7905307580233731,0.1016293033702869,1.0,92,5,2026-03-31
ATO/PCG,ATO,PCG,vol_agnostic,-10393.13437632708,-0.7551190477435098,0.1016293033702869,1.8509705192223366e-33,72,5,2026-03-31
BIIB/HCA,BIIB,HCA,vol_agnostic,16855.81247744009,1.013826441036305,0.1016293033702869,1.0,126,5,2026-03-31
CDNS/PTC,CDNS,PTC,vol_agnostic,4754.419999999969,0.3705948927697981,0.1016293033702869,0.9999999739046144,80,5,2026-03-31
EVRG/PCG,EVRG,PCG,vol_agnostic,-23838.00948803008,-1.516482878840114,0.1016293033702869,6.312702774704551e-26,76,5,2026-03-31
RTX/SNA,RTX,SNA,vol_agnostic,9132.318599804377,0.6646107171910912,0.1016293033702869,0.9999999581700794,102,5,2026-03-31
MSCI/PRU,MSCI,PRU,vol_agnostic,8403.343601274903,0.5219476377971096,0.1016293033702869,0.9999999936200926,96,5,2026-03-31
AKAM/KEYS,AKAM,KEYS,vol_agnostic,-8300.969999999958,-0.38324908056564494,0.1016293033702869,7.102376238948095e-09,78,5,2026-03-31
CINF/FMC,CINF,FMC,vol_agnostic,18827.97285507831,0.4621456451383886,0.1016293033702869,0.9997286831575255,86,5,2026-03-31
AON/KKR,AON,KKR,vol_agnostic,4010.669217068968,0.16391743442007653,0.1016293033702869,0.9421584565164369,112,5,2026-03-31
BSX/WMB,BSX,WMB,vol_agnostic,4032.543749109153,0.21999038734066118,0.1016293033702869,0.9709578373908325,106,5,2026-03-31
MSCI/SCHW,MSCI,SCHW,vol_agnostic,2168.805020319627,0.15230006164342638,0.1016293033702869,0.8662667830644072,92,5,2026-03-31
HAS/YUM,HAS,YUM,low_entry,5703.809454670945,0.32291087955130093,-0.2049557043288876,0.9991689690190467,98,5,2026-03-31
CSCO/PAYC,CSCO,PAYC,low_entry,9209.240434575471,0.49284917164109643,-0.2049557043288876,0.9999999999135227,110,5,2026-03-31
TXT/YUM,TXT,YUM,low_entry,6268.333271597252,0.6153695529919416,-0.2049557043288876,0.9999999999999852,100,5,2026-03-31
EXR/WY,EXR,WY,low_entry,-3682.536747325159,-0.32858275991993924,-0.2049557043288876,1.3142001954653247e-15,112,5,2026-03-31
ATO/PCG,ATO,PCG,low_entry,-8856.965739576417,-0.7005676052885581,-0.2049557043288876,2.128205225041276e-28,106,5,2026-03-31
BIIB/HCA,BIIB,HCA,low_entry,5073.904213390965,0.36117323786882494,-0.2049557043288876,0.9999995355869399,128,5,2026-03-31
CDNS/PTC,CDNS,PTC,low_entry,-1183.930000000037,-0.08841545506285854,-0.2049557043288876,7.079067471030564e-05,104,5,2026-03-31
EVRG/PCG,EVRG,PCG,low_entry,-18789.26788885429,-1.3564095446682956,-0.2049557043288876,2.4882825426067524e-18,106,5,2026-03-31
RTX/SNA,RTX,SNA,low_entry,4181.111063941968,0.4135655826416698,-0.2049557043288876,0.9999914035475863,96,5,2026-03-31
MSCI/PRU,MSCI,PRU,low_entry,14593.44069922491,1.0379926965523845,-0.2049557043288876,0.9999999977544928,92,5,2026-03-31
AKAM/KEYS,AKAM,KEYS,low_entry,-723.9099999999767,-0.05239780199754246,-0.2049557043288876,0.0008171890543889294,78,5,2026-03-31
CINF/FMC,CINF,FMC,low_entry,18452.49319041285,0.48674728407247647,-0.2049557043288876,0.9994128567976808,114,5,2026-03-31
AON/KKR,AON,KKR,low_entry,-16861.28468591627,-0.8839483255923436,-0.2049557043288876,7.895206884111088e-35,126,5,2026-03-31
BSX/WMB,BSX,WMB,low_entry,-337.8753387889138,-0.023035901212411867,-0.2049557043288876,0.004402604905023561,124,5,2026-03-31
MSCI/SCHW,MSCI,SCHW,low_entry,21.5469261096523,0.001677769412861549,-0.2049557043288876,0.01966604407366195,92,5,2026-03-31
HAS/YUM,HAS,YUM,vol_adaptive,9291.678904441462,0.714013798107993,-0.2685514768979505,0.9999990119622285,68,5,2026-03-31
CSCO/PAYC,CSCO,PAYC,vol_adaptive,103.0422169682033,0.006595771850993621,-0.2685514768979505,0.025508523911898482,62,5,2026-03-31
TXT/YUM,TXT,YUM,vol_adaptive,2798.765539825719,0.29454064421639736,-0.2685514768979505,0.9999279507986621,82,5,2026-03-31
EXR/WY,EXR,WY,vol_adaptive,10767.29825463844,0.9116786015875272,-0.2685514768979505,1.0,76,5,2026-03-31
ATO/PCG,ATO,PCG,vol_adaptive,-5266.913320551401,-0.55836798732687,-0.2685514768979505,3.105849754341991e-32,60,5,2026-03-31
BIIB/HCA,BIIB,HCA,vol_adaptive,3607.650749346595,0.2746577289744565,-0.2685514768979505,0.999684950748525,96,5,2026-03-31
CDNS/PTC,CDNS,PTC,vol_adaptive,487.4100000000017,0.038750004584149914,-0.2685514768979505,0.10177104833175887,86,5,2026-03-31
EVRG/PCG,EVRG,PCG,vol_adaptive,-2662.247694323657,-0.30156526489083185,-0.2685514768979505,1.1786026851399749e-15,64,5,2026-03-31
RTX/SNA,RTX,SNA,vol_adaptive,3609.840639671203,0.44248621927246207,-0.2685514768979505,0.9999999996243015,62,5,2026-03-31
MSCI/PRU,MSCI,PRU,vol_adaptive,-6209.795573621983,-0.6874269325251173,-0.2685514768979505,6.178569722360775e-19,58,5,2026-03-31
AKAM/KEYS,AKAM,KEYS,vol_adaptive,3216.090000000022,0.2661850298621742,-0.2685514768979505,0.9989302165819457,68,5,2026-03-31
CINF/FMC,CINF,FMC,vol_adaptive,4253.820149884195,0.2009804998767523,-0.2685514768979505,0.9976652832589334,68,5,2026-03-31
AON/KKR,AON,KKR,vol_adaptive,897.5908848153131,0.05927706001722098,-0.2685514768979505,0.20327251826693488,78,5,2026-03-31
BSX/WMB,BSX,WMB,vol_adaptive,-2716.303602104477,-0.17846132186224103,-0.2685514768979505,6.514265209207424e-13,86,5,2026-03-31
MSCI/SCHW,MSCI,SCHW,vol_adaptive,-5266.482009205729,-0.4557228508895889,-0.2685514768979505,3.68096749486213e-15,72,5,2026-03-31
HAS/YUM,HAS,YUM,fast_signal,-3644.594861524705,-0.30050994334289016,-0.3284309871818428,3.1061577426579848e-15,78,5,2026-03-31
CSCO/PAYC,CSCO,PAYC,fast_signal,9912.440086116025,0.68027227516515,-0.3284309871818428,0.9999999998477003,78,5,2026-03-31
TXT/YUM,TXT,YUM,fast_signal,-146.2325024229249,-0.015262813408134353,-0.3284309871818428,0.006971783516673706,78,5,2026-03-31
EXR/WY,EXR,WY,fast_signal,-907.1447124873646,-0.08364545194977471,-0.3284309871818428,6.138922353185743e-05,96,5,2026-03-31
ATO/PCG,ATO,PCG,fast_signal,3453.279640489362,0.3408162426321501,-0.3284309871818428,0.9999862035347531,84,5,2026-03-31
BIIB/HCA,BIIB,HCA,fast_signal,4033.411138899785,0.37990433495276366,-0.3284309871818428,0.9999990711804154,66,5,2026-03-31
CDNS/PTC,CDNS,PTC,fast_signal,268.2000000000271,0.024991298607547115,-0.3284309871818428,0.05511553630600791,78,5,2026-03-31
EVRG/PCG,EVRG,PCG,fast_signal,-2640.613697074896,-0.2781443935632526,-0.3284309871818428,1.1047313667314061e-12,88,5,2026-03-31
RTX/SNA,RTX,SNA,fast_signal,8552.248468376254,1.0343083594764138,-0.3284309871818428,0.99999999746623,62,5,2026-03-31
MSCI/PRU,MSCI,PRU,fast_signal,-11692.64957692143,-1.13190923292216,-0.3284309871818428,2.461733972846443e-14,70,5,2026-03-31
AKAM/KEYS,AKAM,KEYS,fast_signal,-5273.269999999999,-0.48059351789166493,-0.3284309871818428,2.000357304070734e-17,70,5,2026-03-31
CINF/FMC,CINF,FMC,fast_signal,3615.647443174417,0.20555830201407863,-0.3284309871818428,0.9928270340435451,90,5,2026-03-31
AON/KKR,AON,KKR,fast_signal,17094.81226013101,0.9438149418044134,-0.3284309871818428,0.9999999999999969,84,5,2026-03-31
BSX/WMB,BSX,WMB,fast_signal,-1403.460138858496,-0.10471634053908006,-0.3284309871818428,8.650430632733725e-06,100,5,2026-03-31
MSCI/SCHW,MSCI,SCHW,fast_signal,-6595.738205683635,-0.5288522143218175,-0.3284309871818428,9.899175065157217e-13,86,5,2026-03-31
HAS/YUM,HAS,YUM,tight_stop,6905.112519146733,0.5232965505997677,-0.4295808930564929,0.9980543734387499,56,5,2026-03-31
CSCO/PAYC,CSCO,PAYC,tight_stop,6206.275795507292,0.5239235660863497,-0.4295808930564929,0.9999999483551487,60,5,2026-03-31
TXT/YUM,TXT,YUM,tight_stop,-505.5110915504165,-0.0680674368150141,-0.4295808930564929,0.00020550529025360623,74,5,2026-03-31
EXR/WY,EXR,WY,tight_stop,4157.995028702084,0.47487505902964583,-0.4295808930564929,0.9999997524524873,62,5,2026-03-31
ATO/PCG,ATO,PCG,tight_stop,-3715.425001542088,-0.425114933644864,-0.4295808930564929,8.528109196188136e-15,66,5,2026-03-31
BIIB/HCA,BIIB,HCA,tight_stop,-2193.639551123645,-0.1872776886969887,-0.4295808930564929,1.4662600194405857e-08,66,5,2026-03-31
CDNS/PTC,CDNS,PTC,tight_stop,-5781.310000000002,-0.543707763085713,-0.4295808930564929,3.2930214371582493e-10,56,5,2026-03-31
EVRG/PCG,EVRG,PCG,tight_stop,-8777.428367764694,-1.0726478530872467,-0.4295808930564929,1.0439420539482836e-12,74,5,2026-03-31
RTX/SNA,RTX,SNA,tight_stop,1988.112954590368,0.23826319274806324,-0.4295808930564929,0.9765403891173816,66,5,2026-03-31
MSCI/PRU,MSCI,PRU,tight_stop,3782.62110116753,0.5422631970857933,-0.4295808930564929,0.9999999991904728,50,5,2026-03-31
AKAM/KEYS,AKAM,KEYS,tight_stop,-11334.29999999998,-1.2407187212085444,-0.4295808930564929,3.312615369990873e-17,52,5,2026-03-31
CINF/FMC,CINF,FMC,tight_stop,-2476.256805538827,-0.18080016455233797,-0.4295808930564929,2.6956205417874242e-06,68,5,2026-03-31
AON/KKR,AON,KKR,tight_stop,5117.426306870036,0.4302867479058592,-0.4295808930564929,0.9999871716970683,58,5,2026-03-31
BSX/WMB,BSX,WMB,tight_stop,16084.97739679151,1.34596402701872,-0.4295808930564929,0.9999999998558676,76,5,2026-03-31
MSCI/SCHW,MSCI,SCHW,tight_stop,1729.560563910245,0.1990715397974089,-0.4295808930564929,0.9828861319845564,68,5,2026-03-31
HAS/YUM,HAS,YUM,deep_entry_quick_exit,11987.90670321613,2.0991787893463423,-0.4325221470308925,0.9999999999999931,24,5,2026-03-31
CSCO/PAYC,CSCO,PAYC,deep_entry_quick_exit,-5358.276414286891,-0.4598880360780457,-0.4325221470308925,1.4249663627906515e-07,28,5,2026-03-31
TXT/YUM,TXT,YUM,deep_entry_quick_exit,1789.359062471668,0.2432086359631404,-0.4325221470308925,0.9988183196610971,28,5,2026-03-31
EXR/WY,EXR,WY,deep_entry_quick_exit,406.1648550405558,0.0779956876171565,-0.4325221470308925,0.3414883315903865,20,5,2026-03-31
ATO/PCG,ATO,PCG,deep_entry_quick_exit,-3809.015107492329,-0.6304231603568595,-0.4325221470308925,3.8664003973886574e-10,30,5,2026-03-31
BIIB/HCA,BIIB,HCA,deep_entry_quick_exit,288.6075165338757,0.03441991427101308,-0.4325221470308925,0.0893856175058923,28,5,2026-03-31
CDNS/PTC,CDNS,PTC,deep_entry_quick_exit,14086.03999999999,1.3527429685762042,-0.4325221470308925,0.9999995648361621,28,5,2026-03-31
EVRG/PCG,EVRG,PCG,deep_entry_quick_exit,-6930.866467377349,-0.9082215266969101,-0.4325221470308925,3.939865715902207e-12,30,5,2026-03-31
RTX/SNA,RTX,SNA,deep_entry_quick_exit,2439.241861819441,0.487075943503256,-0.4325221470308925,0.9999993196026348,20,5,2026-03-31
MSCI/PRU,MSCI,PRU,deep_entry_quick_exit,4138.677995783326,0.5382960667704052,-0.4325221470308925,0.9999990583233919,22,5,2026-03-31
AKAM/KEYS,AKAM,KEYS,deep_entry_quick_exit,9592.310000000012,0.6845010222974424,-0.4325221470308925,0.9999948594613727,20,5,2026-03-31
CINF/FMC,CINF,FMC,deep_entry_quick_exit,-19280.00223689074,-1.8541880766063796,-0.4325221470308925,3.765191163196901e-21,38,5,2026-03-31
AON/KKR,AON,KKR,deep_entry_quick_exit,6690.641363345932,0.7297071732836026,-0.4325221470308925,0.9999999942834779,26,5,2026-03-31
BSX/WMB,BSX,WMB,deep_entry_quick_exit,1658.930048946686,0.3036623909489846,-0.4325221470308925,0.9984366422386504,30,5,2026-03-31
MSCI/SCHW,MSCI,SCHW,deep_entry_quick_exit,-1780.208699053991,-0.23986240242537932,-0.4325221470308925,2.757725376224026e-06,30,5,2026-03-31
HAS/YUM,HAS,YUM,medium_signal_high_leverage,15833.5632187009,0.9543270835830591,-0.4364940167900031,0.9999999999998996,56,5,2026-03-31
CSCO/PAYC,CSCO,PAYC,medium_signal_high_leverage,4797.288353760231,0.2207660054475751,-0.4364940167900031,0.987498626915873,54,5,2026-03-31
TXT/YUM,TXT,YUM,medium_signal_high_leverage,7255.903226263745,0.5259710153274125,-0.4364940167900031,0.999999999995587,62,5,2026-03-31
EXR/WY,EXR,WY,medium_signal_high_leverage,-974.5680348186081,-0.056958704929128634,-0.4364940167900031,0.0009585234773417989,64,5,2026-03-31
ATO/PCG,ATO,PCG,medium_signal_high_leverage,-4836.190085742094,-0.2987168619687263,-0.4364940167900031,1.710188531145944e-16,52,5,2026-03-31
BIIB/HCA,BIIB,HCA,medium_signal_high_leverage,9675.41866906688,0.5149834621686309,-0.4364940167900031,0.9999999999787049,66,5,2026-03-31
CDNS/PTC,CDNS,PTC,medium_signal_high_leverage,-2254.630000000015,-0.12613402586262742,-0.4364940167900031,1.2821353271412821e-05,60,5,2026-03-31
EVRG/PCG,EVRG,PCG,medium_signal_high_leverage,-23117.68956370893,-1.5337912868368662,-0.4364940167900031,2.089170707792537e-26,52,5,2026-03-31
RTX/SNA,RTX,SNA,medium_signal_high_leverage,-1328.000293060808,-0.11374339320640518,-0.4364940167900031,4.861526559209123e-07,58,5,2026-03-31
MSCI/PRU,MSCI,PRU,medium_signal_high_leverage,-4909.47422872606,-0.3590473522679168,-0.4364940167900031,2.337491417238763e-15,44,5,2026-03-31
AKAM/KEYS,AKAM,KEYS,medium_signal_high_leverage,1528.820000000096,0.08234704112105795,-0.4364940167900031,0.3833485450047269,52,5,2026-03-31
CINF/FMC,CINF,FMC,medium_signal_high_leverage,-5009.168723083388,-0.15815353521264236,-0.4364940167900031,0.00010694554880958046,62,5,2026-03-31
AON/KKR,AON,KKR,medium_signal_high_leverage,-6182.253486211486,-0.24689591807420325,-0.4364940167900031,1.378468963889364e-11,58,5,2026-03-31
BSX/WMB,BSX,WMB,medium_signal_high_leverage,-4202.489401734623,-0.18963019670173017,-0.4364940167900031,4.28649034548939e-12,74,5,2026-03-31
MSCI/SCHW,MSCI,SCHW,medium_signal_high_leverage,6228.071209088896,0.4334606871652697,-0.4364940167900031,0.9999998793223487,60,5,2026-03-31
HAS/YUM,HAS,YUM,default,9879.349814865234,0.7370662395382457,-0.441468864854509,0.9995593809917535,52,5,2026-03-31
CSCO/PAYC,CSCO,PAYC,default,3129.611355962626,0.2429058590655987,-0.441468864854509,0.9991608148684822,66,5,2026-03-31
TXT/YUM,TXT,YUM,default,-2156.357650444704,-0.24650219453990868,-0.441468864854509,5.28143646643404e-13,70,5,2026-03-31
EXR/WY,EXR,WY,default,2101.891985396092,0.19365901332599442,-0.441468864854509,0.9925136078180993,68,5,2026-03-31
ATO/PCG,ATO,PCG,default,-1827.370323724211,-0.20022489105572552,-0.441468864854509,4.59220848998641e-10,62,5,2026-03-31
BIIB/HCA,BIIB,HCA,default,-1994.318034947845,-0.16879513444556601,-0.441468864854509,6.108131747622437e-08,66,5,2026-03-31
CDNS/PTC,CDNS,PTC,default,-2793.210000000028,-0.26340903470123217,-0.441468864854509,1.4308631310090588e-07,54,5,2026-03-31
EVRG/PCG,EVRG,PCG,default,-10054.35339823881,-1.0957719764440412,-0.441468864854509,6.093013305485767e-15,62,5,2026-03-31
RTX/SNA,RTX,SNA,default,3627.950797985635,0.42018749294676105,-0.441468864854509,0.9998347749796722,62,5,2026-03-31
MSCI/PRU,MSCI,PRU,default,2305.670345701749,0.3313388288118292,-0.441468864854509,0.99998351012455,48,5,2026-03-31
AKAM/KEYS,AKAM,KEYS,default,-7640.889999999989,-0.6867215058503445,-0.441468864854509,2.6246762095512547e-10,52,5,2026-03-31
CINF/FMC,CINF,FMC,default,2033.302290757481,0.09825991656217443,-0.441468864854509,0.5232632606183302,66,5,2026-03-31
AON/KKR,AON,KKR,default,1483.629802197865,0.1064672286414062,-0.441468864854509,0.5891323341901689,56,5,2026-03-31
BSX/WMB,BSX,WMB,default,10313.79751898937,0.817691474469084,-0.441468864854509,0.9999999989893104,72,5,2026-03-31
MSCI/SCHW,MSCI,SCHW,default,72.16285446280517,0.00803185012181195,-0.441468864854509,0.02667651007073328,58,5,2026-03-31
HAS/YUM,HAS,YUM,high_leverage,12645.0214871767,0.6172822878875357,-0.5026213268516403,0.999512692458852,50,5,2026-03-31
CSCO/PAYC,CSCO,PAYC,high_leverage,-6191.499411931351,-0.307359148983531,-0.5026213268516403,3.8856962988393523e-10,68,5,2026-03-31
TXT/YUM,TXT,YUM,high_leverage,-3465.867362926596,-0.2421806582396905,-0.5026213268516403,3.7196908520799274e-12,70,5,2026-03-31
EXR/WY,EXR,WY,high_leverage,4629.458243271158,0.26803413246287344,-0.5026213268516403,0.9999714601719735,72,5,2026-03-31
ATO/PCG,ATO,PCG,high_leverage,-4227.428072260059,-0.2704278321169588,-0.5026213268516403,8.536851839542728e-14,52,5,2026-03-31
BIIB/HCA,BIIB,HCA,high_leverage,-836.8342800628037,-0.046719272025794824,-0.5026213268516403,0.0010677529447632502,58,5,2026-03-31
CDNS/PTC,CDNS,PTC,high_leverage,-4454.130000000007,-0.28386474329547956,-0.5026213268516403,1.0157561992491827e-07,52,5,2026-03-31
EVRG/PCG,EVRG,PCG,high_leverage,-21787.45351046073,-1.3879072135625683,-0.5026213268516403,3.592430856935402e-24,54,5,2026-03-31
RTX/SNA,RTX,SNA,high_leverage,5352.225914002744,0.4154241958101747,-0.5026213268516403,0.999809571351284,62,5,2026-03-31
MSCI/PRU,MSCI,PRU,high_leverage,6090.507571076949,0.4793104822865144,-0.5026213268516403,0.9999999999772182,46,5,2026-03-31
AKAM/KEYS,AKAM,KEYS,high_leverage,-8586.22999999997,-0.5103155932410048,-0.5026213268516403,2.590522939656992e-10,46,5,2026-03-31
CINF/FMC,CINF,FMC,high_leverage,-7475.720696630859,-0.23578348088371434,-0.5026213268516403,2.7465010434905648e-05,60,5,2026-03-31
AON/KKR,AON,KKR,high_leverage,3534.74937895851,0.1645323238560619,-0.5026213268516403,0.9294525674429182,56,5,2026-03-31
BSX/WMB,BSX,WMB,high_leverage,11178.54912339627,0.5431596054556685,-0.5026213268516403,0.9999999801684457,70,5,2026-03-31
MSCI/SCHW,MSCI,SCHW,high_leverage,1219.918539329444,0.08935203325451159,-0.5026213268516403,0.4396520219013111,56,5,2026-03-31
HAS/YUM,HAS,YUM,quick_exit,6174.884322816155,0.4674857180242374,-0.5529557025537578,0.9969621692014953,56,5,2026-03-31
CSCO/PAYC,CSCO,PAYC,quick_exit,7979.05960444527,0.6560755692787976,-0.5529557025537578,0.9999999961216605,60,5,2026-03-31
TXT/YUM,TXT,YUM,quick_exit,1560.639839296356,0.21379776802190692,-0.5529557025537578,0.9907437494088344,72,5,2026-03-31
EXR/WY,EXR,WY,quick_exit,2436.545633576893,0.2942906598471182,-0.5529557025537578,0.9999251338266213,62,5,2026-03-31
ATO/PCG,ATO,PCG,quick_exit,-5107.746439618609,-0.5900361636163359,-0.5529557025537578,1.1565789609511629e-15,68,5,2026-03-31
BIIB/HCA,BIIB,HCA,quick_exit,-2266.049884344815,-0.19232926998276367,-0.5529557025537578,8.301220262724959e-09,66,5,2026-03-31
CDNS/PTC,CDNS,PTC,quick_exit,-7548.380000000016,-0.6755311760998441,-0.5529557025537578,4.786274079043085e-12,58,5,2026-03-31
EVRG/PCG,EVRG,PCG,quick_exit,-8842.036592429964,-1.1008674128690243,-0.5529557025537578,7.671874551104001e-12,72,5,2026-03-31
RTX/SNA,RTX,SNA,quick_exit,3107.908023913915,0.34957838283606585,-0.5529557025537578,0.9993257793097973,62,5,2026-03-31
MSCI/PRU,MSCI,PRU,quick_exit,7446.003634642204,0.9621410903411589,-0.5529557025537578,0.999999999999996,54,5,2026-03-31
AKAM/KEYS,AKAM,KEYS,quick_exit,-10957.17999999998,-1.0268930201748487,-0.5529557025537578,1.9147058099178487e-12,52,5,2026-03-31
CINF/FMC,CINF,FMC,quick_exit,-5907.854019677545,-0.45906530578590293,-0.5529557025537578,4.315550365663518e-09,68,5,2026-03-31
AON/KKR,AON,KKR,quick_exit,2220.474720483993,0.18663307548818836,-0.5529557025537578,0.955595647739645,62,5,2026-03-31
BSX/WMB,BSX,WMB,quick_exit,15715.01236513198,1.3269717831155081,-0.5529557025537578,0.9999999997095649,76,5,2026-03-31
MSCI/SCHW,MSCI,SCHW,quick_exit,-346.3377957676257,-0.04009449090595438,-0.5529557025537578,0.0020326505132645728,68,5,2026-03-31
HAS/YUM,HAS,YUM,balanced_plus,3319.934732219707,0.32411889840122193,-0.5990562071703602,0.9999858736690594,60,5,2026-03-31
CSCO/PAYC,CSCO,PAYC,balanced_plus,9387.483947849774,0.680994412221342,-0.5990562071703602,0.9999999919241424,60,5,2026-03-31
TXT/YUM,TXT,YUM,balanced_plus,-4679.451930717652,-0.4721594897211597,-0.5990562071703602,1.1525058502481262e-23,74,5,2026-03-31
EXR/WY,EXR,WY,balanced_plus,323.4461794722853,0.03280244366002113,-0.5990562071703602,0.08548807727786673,62,5,2026-03-31
ATO/PCG,ATO,PCG,balanced_plus,-7619.271022216722,-0.836823330328421,-0.5990562071703602,1.3909627623678885e-30,64,5,2026-03-31
BIIB/HCA,BIIB,HCA,balanced_plus,1863.589907058707,0.16876683544940538,-0.5990562071703602,0.9429834617441514,62,5,2026-03-31
CDNS/PTC,CDNS,PTC,balanced_plus,5834.279999999959,0.5249768062876825,-0.5990562071703602,0.9999999996262469,66,5,2026-03-31
EVRG/PCG,EVRG,PCG,balanced_plus,-9189.833339446152,-1.0044051500832458,-0.5990562071703602,3.335232224485505e-16,58,5,2026-03-31
RTX/SNA,RTX,SNA,balanced_plus,494.1799906987721,0.06388558766769845,-0.5990562071703602,0.25802568661621167,66,5,2026-03-31
MSCI/PRU,MSCI,PRU,balanced_plus,226.5901114273174,0.031560546735169795,-0.5990562071703602,0.07748402746476607,56,5,2026-03-31
AKAM/KEYS,AKAM,KEYS,balanced_plus,4335.120000000017,0.39670145525215766,-0.5990562071703602,0.9999995608054426,60,5,2026-03-31
CINF/FMC,CINF,FMC,balanced_plus,-5036.25575628735,-0.24565774322708284,-0.5990562071703602,4.679135921649442e-05,62,5,2026-03-31
AON/KKR,AON,KKR,balanced_plus,-4519.199812242213,-0.32067148892378744,-0.5990562071703602,1.212489850021264e-12,64,5,2026-03-31
BSX/WMB,BSX,WMB,balanced_plus,2092.703275118291,0.14674051648184158,-0.5990562071703602,0.7774683222896832,78,5,2026-03-31
MSCI/SCHW,MSCI,SCHW,balanced_plus,5227.963242486938,0.5323581346529425,-0.5990562071703602,0.9999999995419231,68,5,2026-03-31
HAS/YUM,HAS,YUM,fast_signal_tight_stop,-9506.146492194028,-0.9263450756095536,-0.6437468872709569,1.0140676873832385e-07,66,5,2026-03-31
CSCO/PAYC,CSCO,PAYC,fast_signal_tight_stop,1165.264187961007,0.08463960178351605,-0.6437468872709569,0.3988588089979444,66,5,2026-03-31
TXT/YUM,TXT,YUM,fast_signal_tight_stop,1045.486147156859,0.12323937801202965,-0.6437468872709569,0.6947513571964908,64,5,2026-03-31
EXR/WY,EXR,WY,fast_signal_tight_stop,2141.360207038494,0.2560553010658002,-0.6437468872709569,0.9997555024906128,86,5,2026-03-31
ATO/PCG,ATO,PCG,fast_signal_tight_stop,7125.125404695594,0.7670484869284663,-0.6437468872709569,0.9999999997513224,74,5,2026-03-31
BIIB/HCA,BIIB,HCA,fast_signal_tight_stop,3216.187525668511,0.35091299703500867,-0.6437468872709569,0.9999921156526371,60,5,2026-03-31
CDNS/PTC,CDNS,PTC,fast_signal_tight_stop,-1315.709999999979,-0.13081909707573067,-0.6437468872709569,3.647198226743205e-05,72,5,2026-03-31
EVRG/PCG,EVRG,PCG,fast_signal_tight_stop,-5217.315941299239,-0.6381194430766701,-0.6437468872709569,3.1557502325156647e-20,74,5,2026-03-31
RTX/SNA,RTX,SNA,fast_signal_tight_stop,8407.870999856019,1.0313021374199602,-0.6437468872709569,0.9999999979797263,62,5,2026-03-31
MSCI/PRU,MSCI,PRU,fast_signal_tight_stop,-12272.34209468607,-1.4164494027340744,-0.6437468872709569,2.3685033270882907e-08,58,5,2026-03-31
AKAM/KEYS,AKAM,KEYS,fast_signal_tight_stop,-14354.72000000004,-1.1387626544743625,-0.6437468872709569,2.0032277412130283e-09,66,5,2026-03-31
CINF/FMC,CINF,FMC,fast_signal_tight_stop,4088.502587133269,0.2684068255866862,-0.6437468872709569,0.9999422349193184,74,5,2026-03-31
AON/KKR,AON,KKR,fast_signal_tight_stop,16744.94840214055,1.0126368037876774,-0.6437468872709569,0.9999999999870415,72,5,2026-03-31
BSX/WMB,BSX,WMB,fast_signal_tight_stop,-309.4794229447116,-0.02505409560668478,-0.6437468872709569,0.003965371924323417,80,5,2026-03-31
MSCI/SCHW,MSCI,SCHW,fast_signal_tight_stop,1539.739126196461,0.1443476246920833,-0.6437468872709569,0.8132301222060383,80,5,2026-03-31
HAS/YUM,HAS,YUM,high_turnover,5825.756639119373,0.5706010554325046,-0.688563946640104,0.9999999999994944,96,5,2026-03-31
CSCO/PAYC,CSCO,PAYC,high_turnover,1373.466774122232,0.09348990553666389,-0.688563946640104,0.47796662434024356,86,5,2026-03-31
TXT/YUM,TXT,YUM,high_turnover,794.1213882245775,0.07062135470380396,-0.688563946640104,0.30048624202742547,96,5,2026-03-31
EXR/WY,EXR,WY,high_turnover,6990.118717704781,0.6971124839968227,-0.688563946640104,1.0,104,5,2026-03-31
ATO/PCG,ATO,PCG,high_turnover,-993.8249745016824,-0.11757861534376592,-0.688563946640104,1.042927680580682e-07,84,5,2026-03-31
BIIB/HCA,BIIB,HCA,high_turnover,104.679900798893,0.0076262185661935865,-0.688563946640104,0.026855967927230218,114,5,2026-03-31
CDNS/PTC,CDNS,PTC,high_turnover,-17630.14000000001,-1.114246473871949,-0.688563946640104,1.1540165100336738e-06,92,5,2026-03-31
EVRG/PCG,EVRG,PCG,high_turnover,-5914.843674857985,-0.7626907866622512,-0.688563946640104,8.567838984063587e-17,78,5,2026-03-31
RTX/SNA,RTX,SNA,high_turnover,7293.134460102237,0.8165559471459911,-0.688563946640104,1.0,98,5,2026-03-31
MSCI/PRU,MSCI,PRU,high_turnover,-7420.74868949995,-0.7931531010228687,-0.688563946640104,1.6035863241026498e-14,86,5,2026-03-31
AKAM/KEYS,AKAM,KEYS,high_turnover,-8533.14999999998,-0.8193250021046148,-0.688563946640104,8.673964939952882e-21,84,5,2026-03-31
CINF/FMC,CINF,FMC,high_turnover,19781.66851613598,0.8406639594282647,-0.688563946640104,0.9999999930190997,102,5,2026-03-31
AON/KKR,AON,KKR,high_turnover,-10182.2339319872,-0.6741777912947255,-0.688563946640104,5.892100700688164e-20,98,5,2026-03-31
BSX/WMB,BSX,WMB,high_turnover,2300.143834781266,0.1365979223241812,-0.688563946640104,0.7531287417989572,112,5,2026-03-31
MSCI/SCHW,MSCI,SCHW,high_turnover,-373.0669696446905,-0.032170823240334795,-0.688563946640104,0.0029335592151584085,102,5,2026-03-31
HAS/YUM,HAS,YUM,deep_dislocation,20773.79197132136,1.8249570219754048,-0.7948494932212081,0.9999999983117848,24,5,2026-03-31
CSCO/PAYC,CSCO,PAYC,deep_dislocation,2037.452235165215,0.13025016837601897,-0.7948494932212081,0.817161433670787,26,5,2026-03-31
TXT/YUM,TXT,YUM,deep_dislocation,497.7313184353861,0.04500200882947123,-0.7948494932212081,0.13075818363487357,28,5,2026-03-31
EXR/WY,EXR,WY,deep_dislocation,-3320.991274682642,-0.28253075585989323,-0.7948494932212081,2.875150811891248e-10,24,5,2026-03-31
ATO/PCG,ATO,PCG,deep_dislocation,-5130.511216083586,-0.35642390881822283,-0.7948494932212081,2.54306808038154e-16,32,5,2026-03-31
BIIB/HCA,BIIB,HCA,deep_dislocation,4049.766566230572,0.3184969086063504,-0.7948494932212081,0.999850817200725,24,5,2026-03-31
CDNS/PTC,CDNS,PTC,deep_dislocation,19953.87999999994,1.2493101466770429,-0.7948494932212081,0.9999998965793792,28,5,2026-03-31
EVRG/PCG,EVRG,PCG,deep_dislocation,-13958.42293496515,-0.9315280725609898,-0.7948494932212081,1.707462205381024e-28,30,5,2026-03-31
RTX/SNA,RTX,SNA,deep_dislocation,2575.839682295999,0.33544679883417583,-0.7948494932212081,0.9999743891733616,18,5,2026-03-31
MSCI/PRU,MSCI,PRU,deep_dislocation,-38.603512256057,-0.0033922684866177564,-0.7948494932212081,0.014919056994891208,20,5,2026-03-31
AKAM/KEYS,AKAM,KEYS,deep_dislocation,119.3399999999801,0.007896736320276638,-0.7948494932212081,0.026025439313026335,18,5,2026-03-31
CINF/FMC,CINF,FMC,deep_dislocation,-43278.31484656715,-2.0345929965247143,-0.7948494932212081,1.8060708987393043e-35,50,5,2026-03-31
AON/KKR,AON,KKR,deep_dislocation,5979.542679523061,0.35945962690116917,-0.7948494932212081,0.9998497210451133,26,5,2026-03-31
BSX/WMB,BSX,WMB,deep_dislocation,-3815.008304990038,-0.2975743850817676,-0.7948494932212081,1.4872642786601287e-14,32,5,2026-03-31
MSCI/SCHW,MSCI,SCHW,deep_dislocation,-371.5481577498867,-0.0328649071908593,-0.7948494932212081,0.0038369792847938295,28,5,2026-03-31
HAS/YUM,HAS,YUM,patient_hold,4738.58483477908,0.5541774606466482,-0.82589653709399,0.9999307486235223,30,5,2026-03-31
CSCO/PAYC,CSCO,PAYC,patient_hold,8258.575289506807,0.7838470606020111,-0.82589653709399,0.9999988518157732,32,5,2026-03-31
TXT/YUM,TXT,YUM,patient_hold,-6183.922605988464,-0.7225521641400445,-0.82589653709399,4.165083069946196e-23,44,5,2026-03-31
EXR/WY,EXR,WY,patient_hold,4566.065446016521,0.5289453407445014,-0.82589653709399,0.9999999999999808,40,5,2026-03-31
ATO/PCG,ATO,PCG,patient_hold,-5601.069056413574,-0.5512847246918992,-0.82589653709399,5.0167931619837904e-24,46,5,2026-03-31
BIIB/HCA,BIIB,HCA,patient_hold,2569.648607988392,0.28160640197414594,-0.82589653709399,0.9997678848375431,34,5,2026-03-31
CDNS/PTC,CDNS,PTC,patient_hold,-773.4900000000225,-0.08659944945495776,-0.82589653709399,0.0002826174606820319,34,5,2026-03-31
EVRG/PCG,EVRG,PCG,patient_hold,-8727.770287396925,-0.81733057316338,-0.82589653709399,2.76192198238028e-24,44,5,2026-03-31
RTX/SNA,RTX,SNA,patient_hold,9302.624079870657,1.6596097729350403,-0.82589653709399,0.9999999999999992,46,5,2026-03-31
MSCI/PRU,MSCI,PRU,patient_hold,2532.776751567867,0.36293042544779824,-0.82589653709399,0.9999999206179199,32,5,2026-03-31
AKAM/KEYS,AKAM,KEYS,patient_hold,-11976.93,-1.0457715904421323,-0.82589653709399,1.3642310329305292e-11,38,5,2026-03-31
CINF/FMC,CINF,FMC,patient_hold,-5461.042550058942,-0.302878993344253,-0.82589653709399,0.00039328106159457616,38,5,2026-03-31
AON/KKR,AON,KKR,patient_hold,-420.9302677910091,-0.03884869746306855,-0.82589653709399,0.0026823151685537484,34,5,2026-03-31
BSX/WMB,BSX,WMB,patient_hold,-2723.37822978899,-0.29265268616048873,-0.82589653709399,7.543403957941446e-21,44,5,2026-03-31
MSCI/SCHW,MSCI,SCHW,patient_hold,6630.443597608368,0.790790527489652,-0.82589653709399,0.9999999988697149,38,5,2026-03-31
HAS/YUM,HAS,YUM,slow_signal,1823.63311157701,0.2845840457611429,-0.9145452078065676,0.9999523772919698,46,5,2026-03-31
CSCO/PAYC,CSCO,PAYC,slow_signal,3451.616170196819,0.23182806105930548,-0.9145452078065676,0.9962041005987413,38,5,2026-03-31
TXT/YUM,TXT,YUM,slow_signal,-2010.159358630998,-0.24609295165696363,-0.9145452078065676,5.049168445747866e-15,46,5,2026-03-31
EXR/WY,EXR,WY,slow_signal,10975.24209493701,1.3311472486945217,-0.9145452078065676,1.0,42,5,2026-03-31
ATO/PCG,ATO,PCG,slow_signal,-12695.6957352096,-1.227533463200684,-0.9145452078065676,1.2606778715693642e-28,56,5,2026-03-31
BIIB/HCA,BIIB,HCA,slow_signal,10031.76758427437,1.1102590758804918,-0.9145452078065676,0.9999999999999526,36,5,2026-03-31
CDNS/PTC,CDNS,PTC,slow_signal,-2251.43000000003,-0.2578049837877044,-0.9145452078065676,6.425882221279704e-07,42,5,2026-03-31
EVRG/PCG,EVRG,PCG,slow_signal,-14458.52787687897,-1.312796074879781,-0.9145452078065676,2.3455020406708286e-14,54,5,2026-03-31
RTX/SNA,RTX,SNA,slow_signal,3890.706866880072,0.6088116685681788,-0.9145452078065676,0.9999997910091198,40,5,2026-03-31
MSCI/PRU,MSCI,PRU,slow_signal,6577.767111966663,0.6628645831246819,-0.9145452078065676,0.9998799511764149,32,5,2026-03-31
AKAM/KEYS,AKAM,KEYS,slow_signal,-18882.20999999999,-0.9759519849249737,-0.9145452078065676,6.199567069501032e-08,42,5,2026-03-31
CINF/FMC,CINF,FMC,slow_signal,-10622.9237890387,-0.7887272062999636,-0.9145452078065676,5.718556674597635e-13,50,5,2026-03-31
AON/KKR,AON,KKR,slow_signal,5192.264872546508,0.4488608087549428,-0.9145452078065676,0.9999999997993342,44,5,2026-03-31
BSX/WMB,BSX,WMB,slow_signal,5205.497579597837,0.5573576865208996,-0.9145452078065676,0.9999999999939462,42,5,2026-03-31
MSCI/SCHW,MSCI,SCHW,slow_signal,-1284.255874489677,-0.13999476692815893,-0.9145452078065676,2.6611274945430465e-07,42,5,2026-03-31
HAS/YUM,HAS,YUM,high_vol_specialist,11259.1588028532,1.3464337553583858,-0.917071608081808,0.9999999999989825,38,5,2026-03-31
CSCO/PAYC,CSCO,PAYC,high_vol_specialist,-2956.223421314344,-0.2361017863336555,-0.917071608081808,8.54286460433839e-08,36,5,2026-03-31
TXT/YUM,TXT,YUM,high_vol_specialist,-779.0862971227511,-0.07553572043042164,-0.917071608081808,0.00019825493747615506,42,5,2026-03-31
EXR/WY,EXR,WY,high_vol_specialist,6310.670642470853,0.7210977427376751,-0.917071608081808,1.0,38,5,2026-03-31
ATO/PCG,ATO,PCG,high_vol_specialist,-5370.268096411339,-0.4295286591538743,-0.917071608081808,1.563649597656291e-27,52,5,2026-03-31
BIIB/HCA,BIIB,HCA,high_vol_specialist,8600.517984878265,0.9367560061702064,-0.917071608081808,0.9999999999996002,36,5,2026-03-31
CDNS/PTC,CDNS,PTC,high_vol_specialist,1747.539999999965,0.18635716926690268,-0.917071608081808,0.9780113792158837,42,5,2026-03-31
EVRG/PCG,EVRG,PCG,high_vol_specialist,-12728.70446634454,-0.9163818227015517,-0.917071608081808,5.673860165529691e-26,50,5,2026-03-31
RTX/SNA,RTX,SNA,high_vol_specialist,7813.256203481891,1.4300497819910818,-0.917071608081808,0.9999999999996637,34,5,2026-03-31
MSCI/PRU,MSCI,PRU,high_vol_specialist,9635.015276337173,0.8795859709842206,-0.917071608081808,0.9999940245306286,36,5,2026-03-31
AKAM/KEYS,AKAM,KEYS,high_vol_specialist,-15682.18999999998,-0.8421302158230738,-0.917071608081808,5.221906632114021e-07,44,5,2026-03-31
CINF/FMC,CINF,FMC,high_vol_specialist,-23098.33503099003,-1.3004061850994253,-0.917071608081808,1.2278276114646424e-26,46,5,2026-03-31
AON/KKR,AON,KKR,high_vol_specialist,-3571.192519347668,-0.28438136520329416,-0.917071608081808,1.1689865481926931e-09,40,5,2026-03-31
BSX/WMB,BSX,WMB,high_vol_specialist,4784.610130563718,0.40530276691877265,-0.917071608081808,0.9999999920531469,50,5,2026-03-31
MSCI/SCHW,MSCI,SCHW,high_vol_specialist,-1411.868584087159,-0.1428404372727056,-0.917071608081808,1.2963053965958092e-08,46,5,2026-03-31
HAS/YUM,HAS,YUM,low_vol_specialist,16180.02585598197,1.5415254055754235,-0.9678146898795792,1.0,118,5,2026-03-31
CSCO/PAYC,CSCO,PAYC,low_vol_specialist,-15766.58031399068,-1.008768611929081,-0.9678146898795792,1.1847182978764582e-30,124,5,2026-03-31
TXT/YUM,TXT,YUM,low_vol_specialist,2515.054641391966,0.2096606482437581,-0.9678146898795792,0.9717401917565696,118,5,2026-03-31
EXR/WY,EXR,WY,low_vol_specialist,1808.310281699758,0.16046887020614392,-0.9678146898795792,0.8859912850607667,138,5,2026-03-31
ATO/PCG,ATO,PCG,low_vol_specialist,2730.955383577688,0.2197842059108058,-0.9678146898795792,0.9932791204180421,150,5,2026-03-31
BIIB/HCA,BIIB,HCA,low_vol_specialist,4143.623461234605,0.29653777370764384,-0.9678146898795792,0.9999859129877582,114,5,2026-03-31
CDNS/PTC,CDNS,PTC,low_vol_specialist,91.72999999997228,0.006911208828012995,-0.9678146898795792,0.02606337384973391,102,5,2026-03-31
EVRG/PCG,EVRG,PCG,low_vol_specialist,-11156.69447240876,-0.8831793719402136,-0.9678146898795792,6.407260715584309e-19,136,5,2026-03-31
RTX/SNA,RTX,SNA,low_vol_specialist,2315.123342760438,0.2149272908076368,-0.9678146898795792,0.9865414648741989,122,5,2026-03-31
MSCI/PRU,MSCI,PRU,low_vol_specialist,-845.051971772079,-0.09417241981417519,-0.9678146898795792,3.4027096758057646e-05,106,5,2026-03-31
AKAM/KEYS,AKAM,KEYS,low_vol_specialist,-23829.88999999997,-1.2647591088420194,-0.9678146898795792,1.066887869889164e-10,104,5,2026-03-31
CINF/FMC,CINF,FMC,low_vol_specialist,-2490.527573443511,-0.11379653747610252,-0.9678146898795792,0.0003298513628450283,132,5,2026-03-31
AON/KKR,AON,KKR,low_vol_specialist,-16844.69304388931,-0.8899822805975409,-0.9678146898795792,1.3537901722576743e-37,124,5,2026-03-31
BSX/WMB,BSX,WMB,low_vol_specialist,12125.64574346648,0.8816594221528716,-0.9678146898795792,1.0,140,5,2026-03-31
MSCI/SCHW,MSCI,SCHW,low_vol_specialist,-2081.091869750565,-0.21510480207752902,-0.9678146898795792,9.080241965712217e-10,116,5,2026-03-31
HAS/YUM,HAS,YUM,symmetric_exit,9619.513618971008,1.1910328350908996,-1.0465399541002716,0.9999999999999977,42,5,2026-03-31
CSCO/PAYC,CSCO,PAYC,symmetric_exit,-5799.840413137847,-0.4832385566267421,-1.0465399541002716,3.7840343406345706e-08,44,5,2026-03-31
TXT/YUM,TXT,YUM,symmetric_exit,2858.051283212834,0.37842561232553085,-1.0465399541002716,0.9999989021614275,50,5,2026-03-31
EXR/WY,EXR,WY,symmetric_exit,1784.096065482294,0.2581827558160135,-1.0465399541002716,0.9997348408726381,54,5,2026-03-31
ATO/PCG,ATO,PCG,symmetric_exit,-6514.723248665981,-0.8804555777285252,-1.0465399541002716,8.221393654049488e-17,60,5,2026-03-31
BIIB/HCA,BIIB,HCA,symmetric_exit,-905.3376737062868,-0.08966573642393183,-1.0465399541002716,5.208211145223181e-05,58,5,2026-03-31
CDNS/PTC,CDNS,PTC,symmetric_exit,2101.799999999998,0.21990564142149485,-1.0465399541002716,0.9985254250501338,46,5,2026-03-31
EVRG/PCG,EVRG,PCG,symmetric_exit,-1374.056284567178,-0.15188724512073037,-1.0465399541002716,8.709418369851702e-08,50,5,2026-03-31
RTX/SNA,RTX,SNA,symmetric_exit,2899.617326520447,0.3936639046011568,-1.0465399541002716,0.9999811681924237,46,5,2026-03-31
MSCI/PRU,MSCI,PRU,symmetric_exit,2502.667831762221,0.42288028893921054,-1.0465399541002716,0.9999998383490435,32,5,2026-03-31
AKAM/KEYS,AKAM,KEYS,symmetric_exit,-4808.779999999998,-0.46239335304882817,-1.0465399541002716,1.6968038097154082e-08,36,5,2026-03-31
CINF/FMC,CINF,FMC,symmetric_exit,-15458.80646003669,-1.1683642606030373,-1.0465399541002716,5.793493072822109e-24,52,5,2026-03-31
AON/KKR,AON,KKR,symmetric_exit,1936.530292251097,0.18339590342898224,-1.0465399541002716,0.9841993201575456,40,5,2026-03-31
BSX/WMB,BSX,WMB,symmetric_exit,5198.751576556004,0.6603084663827615,-1.0465399541002716,0.9999999998944572,50,5,2026-03-31
MSCI/SCHW,MSCI,SCHW,symmetric_exit,-745.3740584493277,-0.1078938909072797,-1.0465399541002716,8.320776088910513e-05,46,5,2026-03-31
HAS/YUM,HAS,YUM,short_z_long_v,2197.935570918753,0.20654989281075864,-1.066458358715165,0.9973017194907502,52,5,2026-03-31
CSCO/PAYC,CSCO,PAYC,short_z_long_v,-1800.448463510939,-0.1424368608732276,-1.066458358715165,1.2294642847458843e-05,50,5,2026-03-31
TXT/YUM,TXT,YUM,short_z_long_v,-7573.84343999876,-0.7721079166424286,-1.066458358715165,3.356830695175045e-14,66,5,2026-03-31
EXR/WY,EXR,WY,short_z_long_v,5924.717089480029,0.6349396583586634,-1.066458358715165,0.9999999849449547,72,5,2026-03-31
ATO/PCG,ATO,PCG,short_z_long_v,-8310.201901300083,-0.8033489758232586,-1.066458358715165,1.077640782447892e-24,84,5,2026-03-31
BIIB/HCA,BIIB,HCA,short_z_long_v,11407.00750457415,1.0860550774145983,-1.066458358715165,1.0,60,5,2026-03-31
CDNS/PTC,CDNS,PTC,short_z_long_v,3436.920000000026,0.3849156496863034,-1.066458358715165,0.9999936309605071,60,5,2026-03-31
EVRG/PCG,EVRG,PCG,short_z_long_v,589.095978462223,0.05844505830564246,-1.066458358715165,0.2111134898075871,68,5,2026-03-31
RTX/SNA,RTX,SNA,short_z_long_v,3373.862321462185,0.3842951710492421,-1.066458358715165,0.9998035302189174,56,5,2026-03-31
MSCI/PRU,MSCI,PRU,short_z_long_v,-1592.382311920467,-0.13634932790480614,-1.066458358715165,0.00018206133271871374,52,5,2026-03-31
AKAM/KEYS,AKAM,KEYS,short_z_long_v,-8740.91000000001,-0.4921980472412115,-1.066458358715165,1.0064964741984858e-06,60,5,2026-03-31
CINF/FMC,CINF,FMC,short_z_long_v,-19392.93638845362,-0.7297158515655777,-1.066458358715165,2.0642156118500878e-05,70,5,2026-03-31
AON/KKR,AON,KKR,short_z_long_v,3301.572954023543,0.22205849393768026,-1.066458358715165,0.9958055145793276,76,5,2026-03-31
BSX/WMB,BSX,WMB,short_z_long_v,-81.47447195342738,-0.006599649633995288,-1.066458358715165,0.012305926655693196,82,5,2026-03-31
MSCI/SCHW,MSCI,SCHW,short_z_long_v,-11869.80467449162,-1.028325502120814,-1.066458358715165,1.761790798391799e-16,72,5,2026-03-31
HAS/YUM,HAS,YUM,no_leverage,4942.04957248611,0.7390732538557393,-1.0897171227063784,0.9995725949665822,52,5,2026-03-31
CSCO/PAYC,CSCO,PAYC,no_leverage,1565.955187807279,0.2434256811062582,-1.0897171227063784,0.9991833963098947,66,5,2026-03-31
TXT/YUM,TXT,YUM,no_leverage,-1058.310439130865,-0.24251958652100816,-1.0897171227063784,8.833274500136157e-13,70,5,2026-03-31
EXR/WY,EXR,WY,no_leverage,1063.449366543962,0.1966096682803738,-1.0897171227063784,0.9938643186732082,68,5,2026-03-31
ATO/PCG,ATO,PCG,no_leverage,-879.2957874453984,-0.1932003592443338,-1.0897171227063784,9.758129483449215e-10,62,5,2026-03-31
BIIB/HCA,BIIB,HCA,no_leverage,-989.5423781687464,-0.16815147062704408,-1.0897171227063784,6.5919072727787e-08,66,5,2026-03-31
CDNS/PTC,CDNS,PTC,no_leverage,-1388.580000000002,-0.2629433038871272,-1.0897171227063784,1.532029983981103e-07,54,5,2026-03-31
EVRG/PCG,EVRG,PCG,no_leverage,-5003.348378992973,-1.0933984722452048,-1.0897171227063784,6.568114340088346e-15,62,5,2026-03-31
RTX/SNA,RTX,SNA,no_leverage,1822.597269607028,0.4231644629162684,-1.0897171227063784,0.9998483208293767,62,5,2026-03-31
MSCI/PRU,MSCI,PRU,no_leverage,1156.514170961864,0.33305928857221523,-1.0897171227063784,0.9999849264955948,48,5,2026-03-31
AKAM/KEYS,AKAM,KEYS,no_leverage,-3810.979999999999,-0.6856198323998416,-1.0897171227063784,2.719758159061199e-10,52,5,2026-03-31
CINF/FMC,CINF,FMC,no_leverage,1065.320852923163,0.10276954351257221,-1.0897171227063784,0.5732514634611178,66,5,2026-03-31
AON/KKR,AON,KKR,no_leverage,727.6536277940667,0.10449757019401301,-1.0897171227063784,0.5722567846960348,56,5,2026-03-31
BSX/WMB,BSX,WMB,no_leverage,5138.504131832987,0.8173905379560785,-1.0897171227063784,0.9999999989076879,72,5,2026-03-31
MSCI/SCHW,MSCI,SCHW,no_leverage,62.29586948734641,0.013949303024032318,-1.0897171227063784,0.03531816760204246,58,5,2026-03-31
HAS/YUM,HAS,YUM,high_entry,8857.739340226275,1.7525473841041075,-1.3332458919029606,0.9999999999905262,22,5,2026-03-31
CSCO/PAYC,CSCO,PAYC,high_entry,-5457.248901423791,-0.47203252115891564,-1.3332458919029606,1.9500379600063397e-07,26,5,2026-03-31
TXT/YUM,TXT,YUM,high_entry,-1268.702996737042,-0.21375254006951358,-1.3332458919029606,2.3547396534769623e-09,28,5,2026-03-31
EXR/WY,EXR,WY,high_entry,-715.8379500892006,-0.12263679067629976,-1.3332458919029606,1.385798316267995e-05,28,5,2026-03-31
ATO/PCG,ATO,PCG,high_entry,-10697.78812019683,-1.5732393808815692,-1.3332458919029606,6.371839931995538e-12,44,5,2026-03-31
BIIB/HCA,BIIB,HCA,high_entry,1289.886769907404,0.160555414696724,-1.3332458919029606,0.8985315044438573,26,5,2026-03-31
CDNS/PTC,CDNS,PTC,high_entry,7393.259999999982,0.8503469742938539,-1.3332458919029606,0.9999999002559362,28,5,2026-03-31
EVRG/PCG,EVRG,PCG,high_entry,-1177.958562228808,-0.14377327200713125,-1.3332458919029606,5.2216356232470744e-08,40,5,2026-03-31
RTX/SNA,RTX,SNA,high_entry,4445.248150991521,0.8798829807550966,-1.3332458919029606,0.9999999973457877,24,5,2026-03-31
MSCI/PRU,MSCI,PRU,high_entry,583.2779573155331,0.10050151793340302,-1.3332458919029606,0.5415197547527058,26,5,2026-03-31
AKAM/KEYS,AKAM,KEYS,high_entry,4507.819999999994,0.4916485247130425,-1.3332458919029606,0.9999939870083772,30,5,2026-03-31
CINF/FMC,CINF,FMC,high_entry,-22884.56512698759,-2.0502719062584496,-1.3332458919029606,3.367747633536685e-21,44,5,2026-03-31
AON/KKR,AON,KKR,high_entry,-1375.56190807621,-0.15809772035421232,-1.3332458919029606,2.396035958899716e-05,28,5,2026-03-31
BSX/WMB,BSX,WMB,high_entry,2670.827583301761,0.4864373523348444,-1.3332458919029606,0.999991491240497,28,5,2026-03-31
MSCI/SCHW,MSCI,SCHW,high_entry,135.4831915409632,0.018738282506924525,-1.3332458919029606,0.041285306498553206,32,5,2026-03-31
HAS/YUM,HAS,YUM,conservative_no_leverage,5335.567587948,1.3680177589959799,-1.5866608776494844,0.9999999993339995,32,5,2026-03-31
CSCO/PAYC,CSCO,PAYC,conservative_no_leverage,4408.817328462785,0.8199089354014193,-1.5866608776494844,0.999999715096805,42,5,2026-03-31
TXT/YUM,TXT,YUM,conservative_no_leverage,-1836.223480215268,-0.4651528214795835,-1.5866608776494844,2.0854986093329747e-16,40,5,2026-03-31
EXR/WY,EXR,WY,conservative_no_leverage,2454.688140171397,0.5415217161527872,-1.5866608776494844,0.9999999999999997,40,5,2026-03-31
ATO/PCG,ATO,PCG,conservative_no_leverage,-3204.844321201184,-0.6267266715393593,-1.5866608776494844,9.08383470517641e-25,40,5,2026-03-31
BIIB/HCA,BIIB,HCA,conservative_no_leverage,1145.856178409771,0.23131511167057014,-1.5866608776494844,0.9973463353439201,40,5,2026-03-31
CDNS/PTC,CDNS,PTC,conservative_no_leverage,39.82999999998901,0.008345873829801145,-1.5866608776494844,0.02567851007167814,34,5,2026-03-31
EVRG/PCG,EVRG,PCG,conservative_no_leverage,-6423.919773437638,-1.1925925798816162,-1.5866608776494844,1.098767060322315e-30,36,5,2026-03-31
RTX/SNA,RTX,SNA,conservative_no_leverage,4627.987068341748,1.9966364099128397,-1.5866608776494844,0.9999999999976587,38,5,2026-03-31
MSCI/PRU,MSCI,PRU,conservative_no_leverage,2375.222437920972,0.691500678260916,-1.5866608776494844,0.999999999999794,32,5,2026-03-31
AKAM/KEYS,AKAM,KEYS,conservative_no_leverage,-3020.230000000003,-0.5230054637005414,-1.5866608776494844,8.578278872165592e-11,32,5,2026-03-31
CINF/FMC,CINF,FMC,conservative_no_leverage,-9333.676033365096,-1.180070473600167,-1.5866608776494844,3.1465175173786237e-19,42,5,2026-03-31
AON/KKR,AON,KKR,conservative_no_leverage,3056.705576690997,0.5105181023418597,-1.5866608776494844,0.9999999999961638,38,5,2026-03-31
BSX/WMB,BSX,WMB,conservative_no_leverage,-2231.385209581535,-0.5166967041750904,-1.5866608776494844,1.4347660020778949e-33,36,5,2026-03-31
MSCI/SCHW,MSCI,SCHW,conservative_no_leverage,572.3960921966543,0.21014040960221245,-1.5866608776494844,0.990282501491982,30,5,2026-03-31
HAS/YUM,HAS,YUM,conservative,2456.116014532304,1.0627351973866317,-2.092825570750913,0.9999995502102734,20,5,2026-03-31
CSCO/PAYC,CSCO,PAYC,conservative,3456.385457669313,0.7201468211754355,-2.092825570750913,0.9999725120948945,24,5,2026-03-31
TXT/YUM,TXT,YUM,conservative,983.686521677956,0.3978495047145466,-2.092825570750913,0.9999962288301004,28,5,2026-03-31
EXR/WY,EXR,WY,conservative,534.3478053302865,0.2041771880002899,-2.092825570750913,0.9946986826720661,30,5,2026-03-31
ATO/PCG,ATO,PCG,conservative,-1649.564921187599,-0.5900083865299877,-2.092825570750913,3.5304328336651117e-09,40,5,2026-03-31
BIIB/HCA,BIIB,HCA,conservative,-620.9202467721489,-0.1560602029204178,-2.092825570750913,3.7775539960334028e-06,26,5,2026-03-31
CDNS/PTC,CDNS,PTC,conservative,1753.79999999999,0.4223523005757556,-2.092825570750913,0.9999992210630823,32,5,2026-03-31
EVRG/PCG,EVRG,PCG,conservative,-2317.487614925098,-0.8444012478644525,-2.092825570750913,3.84074118542403e-06,36,5,2026-03-31
RTX/SNA,RTX,SNA,conservative,1818.571863935907,0.825003370479206,-2.092825570750913,0.999999716134056,32,5,2026-03-31
MSCI/PRU,MSCI,PRU,conservative,-1077.989357345476,-0.5333776805850597,-2.092825570750913,1.1339642505041718e-08,24,5,2026-03-31
AKAM/KEYS,AKAM,KEYS,conservative,-4059.689999999999,-1.1157939210958498,-2.092825570750913,2.096763330131236e-09,30,5,2026-03-31
CINF/FMC,CINF,FMC,conservative,-4400.400115488928,-1.010590333583166,-2.092825570750913,4.779326880631813e-14,36,5,2026-03-31
AON/KKR,AON,KKR,conservative,2332.099860357367,0.6485444661618225,-2.092825570750913,0.9999615049398568,22,5,2026-03-31
BSX/WMB,BSX,WMB,conservative,1530.612209443264,0.5728285458806431,-2.092825570750913,0.9999912160506294,26,5,2026-03-31
MSCI/SCHW,MSCI,SCHW,conservative,956.6807588215793,0.2975547838322128,-2.092825570750913,0.9994332192350989,24,5,2026-03-31
HAS/YUM,HAS,YUM,aggressive,52676.67136709682,2.1361790318082137,0.4706940362465004,0.9999999999997905,106,6,2026-05-06
CSCO/PAYC,CSCO,PAYC,aggressive,20405.96284028854,0.6617165938531064,0.4706940362465004,0.9999999999908794,114,6,2026-05-06
TXT/YUM,TXT,YUM,aggressive,11112.72533170832,0.570574613874951,0.4706940362465004,0.9999999999846837,124,6,2026-05-06
EXR/WY,EXR,WY,aggressive,16083.58815266186,0.7793083055317842,0.4706940362465004,1.0,108,6,2026-05-06
ATO/PCG,ATO,PCG,aggressive,-16898.49374728413,-0.8389572440521509,0.4706940362465004,7.958437316308797e-33,92,6,2026-05-06
BIIB/HCA,BIIB,HCA,aggressive,20864.37840462584,0.8081701388761726,0.4706940362465004,1.0,142,6,2026-05-06
CDNS/PTC,CDNS,PTC,aggressive,-3195.54000000007,-0.14366765836830006,0.4706940362465004,6.350776689788052e-07,114,6,2026-05-06
EVRG/PCG,EVRG,PCG,aggressive,-40919.8416136296,-1.7479577978312328,0.4706940362465004,6.1580801264723844e-28,78,6,2026-05-06
RTX/SNA,RTX,SNA,aggressive,5953.862557383029,0.347371958379282,0.4706940362465004,0.9998840217753618,114,6,2026-05-06
MSCI/PRU,MSCI,PRU,aggressive,18770.52686290574,0.8112545306533918,0.4706940362465004,0.9999999994711859,96,6,2026-05-06
AKAM/KEYS,AKAM,KEYS,aggressive,-7432.979999999994,-0.23451689779179197,0.4706940362465004,2.863530974156201e-07,96,6,2026-05-06
CINF/FMC,CINF,FMC,aggressive,30945.58417167407,0.4959308591986465,0.4706940362465004,0.9998868800901606,110,6,2026-05-06
AON/KKR,AON,KKR,aggressive,-15544.72408709673,-0.5157975112780095,0.4706940362465004,1.8101272101520262e-19,100,6,2026-05-06
BSX/WMB,BSX,WMB,aggressive,-18509.46561677901,-0.6802737670013976,0.4706940362465004,1.0801215080394136e-20,134,6,2026-05-06
MSCI/SCHW,MSCI,SCHW,aggressive,15495.91989129642,0.6702513841540536,0.4706940362465004,0.9999999999829084,118,6,2026-05-06
HAS/YUM,HAS,YUM,slow_reentry,9962.155588170412,0.6949330331190116,0.4369880440935293,0.999758870888075,56,6,2026-05-06
CSCO/PAYC,CSCO,PAYC,slow_reentry,20079.11257274731,1.4738745587485407,0.4369880440935293,0.9999999999934946,64,6,2026-05-06
TXT/YUM,TXT,YUM,slow_reentry,5526.004700063373,0.5663009711407699,0.4369880440935293,0.9999999999999272,76,6,2026-05-06
EXR/WY,EXR,WY,slow_reentry,1321.24257924463,0.12154970877386663,0.4369880440935293,0.7603364056279902,62,6,2026-05-06
ATO/PCG,ATO,PCG,slow_reentry,-2269.754314263802,-0.25727616362403843,0.4369880440935293,9.833626150488644e-16,52,6,2026-05-06
BIIB/HCA,BIIB,HCA,slow_reentry,5038.532853612232,0.3567780981618189,0.4369880440935293,0.9999997503845138,70,6,2026-05-06
CDNS/PTC,CDNS,PTC,slow_reentry,-1608.440000000026,-0.14499593230580704,0.4369880440935293,1.0143738319549374e-05,58,6,2026-05-06
EVRG/PCG,EVRG,PCG,slow_reentry,-5498.640987399265,-0.61589771616337,0.4369880440935293,3.1784098575447946e-14,46,6,2026-05-06
RTX/SNA,RTX,SNA,slow_reentry,4881.066656756939,0.6233049699842811,0.4369880440935293,0.9999999989981405,58,6,2026-05-06
MSCI/PRU,MSCI,PRU,slow_reentry,10888.69083763221,1.0494168408782105,0.4369880440935293,0.9999144959655277,50,6,2026-05-06
AKAM/KEYS,AKAM,KEYS,slow_reentry,-8227.939999999979,-0.47418733617077663,0.4369880440935293,3.1028848630992414e-08,52,6,2026-05-06
CINF/FMC,CINF,FMC,slow_reentry,-9556.700029029369,-0.6377185559744161,0.4369880440935293,6.765916770029819e-12,50,6,2026-05-06
AON/KKR,AON,KKR,slow_reentry,9310.957988292867,0.6447205311549505,0.4369880440935293,1.0,58,6,2026-05-06
BSX/WMB,BSX,WMB,slow_reentry,14513.81984121902,1.1680427049939168,0.4369880440935293,0.999999999598539,64,6,2026-05-06
MSCI/SCHW,MSCI,SCHW,slow_reentry,1465.558723291619,0.12392185301726033,0.4369880440935293,0.755329121610097,56,6,2026-05-06
HAS/YUM,HAS,YUM,flash_hold,14176.50169182004,1.9180254170109607,0.414652333606118,1.0,150,6,2026-05-06
CSCO/PAYC,CSCO,PAYC,flash_hold,12391.98305814936,1.1543989862259554,0.414652333606118,1.0,154,6,2026-05-06
TXT/YUM,TXT,YUM,flash_hold,3738.460625275879,0.5623810322801943,0.414652333606118,0.9999999999998785,158,6,2026-05-06
EXR/WY,EXR,WY,flash_hold,3632.718548706318,0.5918496691594438,0.414652333606118,0.9999999999999993,180,6,2026-05-06
ATO/PCG,ATO,PCG,flash_hold,2207.076933596597,0.3270406854319995,0.414652333606118,0.9999951438447225,200,6,2026-05-06
BIIB/HCA,BIIB,HCA,flash_hold,8754.837380345962,1.0209803199694365,0.414652333606118,1.0,156,6,2026-05-06
CDNS/PTC,CDNS,PTC,flash_hold,-5933.169999999976,-0.6240067325360258,0.414652333606118,1.1587968080927254e-12,158,6,2026-05-06
EVRG/PCG,EVRG,PCG,flash_hold,-11977.13923824367,-1.6064964600152034,0.414652333606118,1.265115534612277e-25,206,6,2026-05-06
RTX/SNA,RTX,SNA,flash_hold,4766.615368472379,0.6125711063003537,0.414652333606118,0.9999999991298221,160,6,2026-05-06
MSCI/PRU,MSCI,PRU,flash_hold,2228.810173353955,0.2604143630495762,0.414652333606118,0.9999733521450929,166,6,2026-05-06
AKAM/KEYS,AKAM,KEYS,flash_hold,-10316.89999999997,-0.8565775751683866,0.414652333606118,2.098307377618273e-15,138,6,2026-05-06
CINF/FMC,CINF,FMC,flash_hold,20348.12312420111,0.9523201483217527,0.414652333606118,0.999821804377928,192,6,2026-05-06
AON/KKR,AON,KKR,flash_hold,2855.095301252789,0.2475833151584556,0.414652333606118,0.9993379658676389,170,6,2026-05-06
BSX/WMB,BSX,WMB,flash_hold,1511.577845415107,0.16546178435313694,0.414652333606118,0.9359327461148667,196,6,2026-05-06
MSCI/SCHW,MSCI,SCHW,flash_hold,3415.587449900729,0.4243227692292191,0.414652333606118,0.9999998983224948,160,6,2026-05-06
HAS/YUM,HAS,YUM,vol_agnostic,10304.82702856692,0.58446909390193,0.3655686266643145,0.9999987866910584,110,6,2026-05-06
CSCO/PAYC,CSCO,PAYC,vol_agnostic,11840.14280038666,0.6038074565036285,0.3655686266643145,0.9999999999998554,116,6,2026-05-06
TXT/YUM,TXT,YUM,vol_agnostic,-3285.549196633897,-0.2269209702851482,0.3655686266643145,4.4572888562601593e-13,106,6,2026-05-06
EXR/WY,EXR,WY,vol_agnostic,14999.44425438373,0.9845888730860807,0.3655686266643145,1.0,94,6,2026-05-06
ATO/PCG,ATO,PCG,vol_agnostic,-13944.14437632707,-0.9644481251670587,0.3655686266643145,1.193741533254148e-38,76,6,2026-05-06
BIIB/HCA,BIIB,HCA,vol_agnostic,15523.05247744008,0.8377955266133735,0.3655686266643145,1.0,138,6,2026-05-06
CDNS/PTC,CDNS,PTC,vol_agnostic,3076.78999999997,0.21947726083923705,0.3655686266643145,0.9982128694448533,86,6,2026-05-06
EVRG/PCG,EVRG,PCG,vol_agnostic,-25378.58948803008,-1.5313525191468496,0.3655686266643145,6.242433126815789e-28,80,6,2026-05-06
RTX/SNA,RTX,SNA,vol_agnostic,10188.51859980438,0.7130822295613366,0.3655686266643145,0.9999999865655186,110,6,2026-05-06
MSCI/PRU,MSCI,PRU,vol_agnostic,18683.41475203571,1.0138934632823633,0.3655686266643145,0.9999999999997048,108,6,2026-05-06
AKAM/KEYS,AKAM,KEYS,vol_agnostic,-15231.35999999996,-0.6317484570519378,0.3655686266643145,9.143247575713193e-12,86,6,2026-05-06
CINF/FMC,CINF,FMC,vol_agnostic,23953.44999963513,0.5604501012706667,0.3655686266643145,0.999845752096167,90,6,2026-05-06
AON/KKR,AON,KKR,vol_agnostic,2389.038014051864,0.09169028495756361,0.3655686266643145,0.48084723293948517,120,6,2026-05-06
BSX/WMB,BSX,WMB,vol_agnostic,6869.473749109156,0.34730098506606427,0.3655686266643145,0.9997082050871995,112,6,2026-05-06
MSCI/SCHW,MSCI,SCHW,vol_agnostic,4399.470328108997,0.2654359716800532,0.3655686266643145,0.9994121191928058,100,6,2026-05-06
HAS/YUM,HAS,YUM,long_z_short_v,-3524.281840940255,-0.4274887999943118,0.341712707865163,4.097379678592532e-20,54,6,2026-05-06
CSCO/PAYC,CSCO,PAYC,long_z_short_v,9623.782311618832,0.8481048095961079,0.341712707865163,0.9999999999999947,58,6,2026-05-06
TXT/YUM,TXT,YUM,long_z_short_v,1206.518788871119,0.12653741032465304,0.341712707865163,0.7347032839028089,58,6,2026-05-06
EXR/WY,EXR,WY,long_z_short_v,6934.487927146016,0.770841887678196,0.341712707865163,1.0,50,6,2026-05-06
ATO/PCG,ATO,PCG,long_z_short_v,-9175.870323694427,-0.7579052133907145,0.341712707865163,2.2276570928482484e-31,42,6,2026-05-06
BIIB/HCA,BIIB,HCA,long_z_short_v,3972.451836448347,0.37968065591711464,0.341712707865163,0.9999993009167124,46,6,2026-05-06
CDNS/PTC,CDNS,PTC,long_z_short_v,7604.980000000001,0.6751920416791067,0.341712707865163,0.9999999999994376,56,6,2026-05-06
EVRG/PCG,EVRG,PCG,long_z_short_v,-16466.37448621517,-1.477578426674581,0.341712707865163,2.991069315449466e-30,48,6,2026-05-06
RTX/SNA,RTX,SNA,long_z_short_v,9704.972437404056,1.2508129413460873,0.341712707865163,0.9999999628448105,44,6,2026-05-06
MSCI/PRU,MSCI,PRU,long_z_short_v,-3909.733882637567,-0.3444166595794266,0.341712707865163,9.78585216306599e-06,48,6,2026-05-06
AKAM/KEYS,AKAM,KEYS,long_z_short_v,-3247.97000000001,-0.24926200315207442,0.341712707865163,3.894297125860658e-09,42,6,2026-05-06
CINF/FMC,CINF,FMC,long_z_short_v,28490.29957224789,1.252864447903671,0.341712707865163,0.9999994548668714,60,6,2026-05-06
AON/KKR,AON,KKR,long_z_short_v,4202.277024537162,0.25751491802011234,0.341712707865163,0.9999749626612716,54,6,2026-05-06
BSX/WMB,BSX,WMB,long_z_short_v,4960.68409381848,0.4240809369797869,0.341712707865163,0.9999593651221572,56,6,2026-05-06
MSCI/SCHW,MSCI,SCHW,long_z_short_v,11498.43323030385,1.6241539475682913,0.341712707865163,1.0,38,6,2026-05-06
HAS/YUM,HAS,YUM,fast_reentry,14659.35238131612,0.9940603536307404,0.3009128238104422,0.9999742866964647,62,6,2026-05-06
CSCO/PAYC,CSCO,PAYC,fast_reentry,7374.136770206153,0.5027796264256207,0.3009128238104422,0.9999999999580971,76,6,2026-05-06
TXT/YUM,TXT,YUM,fast_reentry,2402.14375733933,0.23525224320633617,0.3009128238104422,0.9977161984197319,84,6,2026-05-06
EXR/WY,EXR,WY,fast_reentry,-3663.140779298888,-0.37910821975545744,0.3009128238104422,2.208657229230421e-17,72,6,2026-05-06
ATO/PCG,ATO,PCG,fast_reentry,-449.2490705875325,-0.0420862156598876,0.3009128238104422,0.0010649149696621849,86,6,2026-05-06
BIIB/HCA,BIIB,HCA,fast_reentry,959.8231987402642,0.06804732606372693,0.3009128238104422,0.28263748365061037,78,6,2026-05-06
CDNS/PTC,CDNS,PTC,fast_reentry,-472.3500000000222,-0.04047336323816602,0.3009128238104422,0.0021254175091786304,62,6,2026-05-06
EVRG/PCG,EVRG,PCG,fast_reentry,-6508.687062133236,-0.5638656266411701,0.3009128238104422,1.2885617256010728e-21,76,6,2026-05-06
RTX/SNA,RTX,SNA,fast_reentry,8033.949306437977,1.119832924024716,0.3009128238104422,1.0,64,6,2026-05-06
MSCI/PRU,MSCI,PRU,fast_reentry,8557.219442961303,0.7841314795167855,0.3009128238104422,0.999984130636048,60,6,2026-05-06
AKAM/KEYS,AKAM,KEYS,fast_reentry,-13558.36,-0.8395459560185253,0.3009128238104422,1.0684432261811904e-16,62,6,2026-05-06
CINF/FMC,CINF,FMC,fast_reentry,18881.38858129762,0.48080169823524677,0.3009128238104422,0.9988852849313292,84,6,2026-05-06
AON/KKR,AON,KKR,fast_reentry,1184.055280669143,0.07243427170169954,0.3009128238104422,0.31246165803766346,74,6,2026-05-06
BSX/WMB,BSX,WMB,fast_reentry,16538.451244476,1.1420773973155003,0.3009128238104422,0.9999999999999959,86,6,2026-05-06
MSCI/SCHW,MSCI,SCHW,fast_reentry,-2233.104595955851,-0.184086972438866,0.3009128238104422,8.603528803633608e-07,72,6,2026-05-06
HAS/YUM,HAS,YUM,static_threshold,15388.22184913601,1.0769374694029161,0.2841858463667461,1.0,104,6,2026-05-06
CSCO/PAYC,CSCO,PAYC,static_threshold,2370.223891818248,0.12531657148897468,0.2841858463667461,0.7532736136952998,118,6,2026-05-06
TXT/YUM,TXT,YUM,static_threshold,7664.523777805394,0.5184437462578252,0.2841858463667461,0.9999999992735622,114,6,2026-05-06
EXR/WY,EXR,WY,static_threshold,6769.694885565704,0.5663396132150207,0.2841858463667461,1.0,86,6,2026-05-06
ATO/PCG,ATO,PCG,static_threshold,-12224.47898780562,-0.8914584958017888,0.2841858463667461,5.394790561175408e-32,108,6,2026-05-06
BIIB/HCA,BIIB,HCA,static_threshold,9944.804519037425,0.6124300775983978,0.2841858463667461,1.0,130,6,2026-05-06
CDNS/PTC,CDNS,PTC,static_threshold,1166.219999999986,0.0862683474906943,0.2841858463667461,0.4304317471058836,98,6,2026-05-06
EVRG/PCG,EVRG,PCG,static_threshold,-14827.96401718706,-1.0172033869194508,0.2841858463667461,1.4277901492632028e-30,106,6,2026-05-06
RTX/SNA,RTX,SNA,static_threshold,16011.95234973004,1.1501226272210676,0.2841858463667461,0.9999999512544521,118,6,2026-05-06
MSCI/PRU,MSCI,PRU,static_threshold,19626.64750407969,1.1723674506458124,0.2841858463667461,0.9999999999993793,114,6,2026-05-06
AKAM/KEYS,AKAM,KEYS,static_threshold,-8087.969999999962,-0.3091092832107589,0.2841858463667461,5.68561742174852e-10,94,6,2026-05-06
CINF/FMC,CINF,FMC,static_threshold,7527.01622659963,0.2771276499676192,0.2841858463667461,0.99999800702192,106,6,2026-05-06
AON/KKR,AON,KKR,static_threshold,-6504.736133552483,-0.2657584174867497,0.2841858463667461,7.530023032565994e-10,110,6,2026-05-06
BSX/WMB,BSX,WMB,static_threshold,9644.952097195775,0.5397127506872544,0.2841858463667461,0.9999888623417214,114,6,2026-05-06
MSCI/SCHW,MSCI,SCHW,static_threshold,-868.2708702141887,-0.06109230618373059,0.2841858463667461,0.00022323156635721683,108,6,2026-05-06
HAS/YUM,HAS,YUM,stable_signal_quick_exit,22275.63650004828,1.9291330618315836,0.2495507699919218,0.9999999999957845,58,6,2026-05-06
CSCO/PAYC,CSCO,PAYC,stable_signal_quick_exit,12760.19766779477,0.7015904584983915,0.2495507699919218,0.9999999961163466,74,6,2026-05-06
TXT/YUM,TXT,YUM,stable_signal_quick_exit,10531.15897018515,1.0866847263661203,0.2495507699919218,1.0,64,6,2026-05-06
EXR/WY,EXR,WY,stable_signal_quick_exit,3599.458400877662,0.4045831479301139,0.2495507699919218,0.9999999998730746,60,6,2026-05-06
ATO/PCG,ATO,PCG,stable_signal_quick_exit,-2880.203901122343,-0.3371034518128649,0.2495507699919218,1.2407056232281902e-21,44,6,2026-05-06
BIIB/HCA,BIIB,HCA,stable_signal_quick_exit,2163.354242395827,0.1610892167152419,0.2495507699919218,0.9298353401167552,70,6,2026-05-06
CDNS/PTC,CDNS,PTC,stable_signal_quick_exit,-1147.920000000043,-0.09840053630034405,0.2495507699919218,6.127580940514779e-05,62,6,2026-05-06
EVRG/PCG,EVRG,PCG,stable_signal_quick_exit,-6811.767863547781,-0.7790856634263192,0.2495507699919218,7.773484222804986e-18,38,6,2026-05-06
RTX/SNA,RTX,SNA,stable_signal_quick_exit,7213.868824194337,0.9813035057422981,0.2495507699919218,1.0,50,6,2026-05-06
MSCI/PRU,MSCI,PRU,stable_signal_quick_exit,11817.74920685188,1.0466877244405302,0.2495507699919218,0.9999939409147756,46,6,2026-05-06
AKAM/KEYS,AKAM,KEYS,stable_signal_quick_exit,-8563.49999999995,-0.5147242350302911,0.2495507699919218,1.3984454082174376e-13,56,6,2026-05-06
CINF/FMC,CINF,FMC,stable_signal_quick_exit,-7108.370195362348,-0.4798134801343009,0.2495507699919218,2.5103319134023395e-11,52,6,2026-05-06
AON/KKR,AON,KKR,stable_signal_quick_exit,-4372.117066498635,-0.31583710743870974,0.2495507699919218,3.184955873176977e-11,58,6,2026-05-06
BSX/WMB,BSX,WMB,stable_signal_quick_exit,4440.025798308827,0.36083477653773394,0.2495507699919218,0.9999240082533818,50,6,2026-05-06
MSCI/SCHW,MSCI,SCHW,stable_signal_quick_exit,2524.603015868949,0.26649599483554487,0.2495507699919218,0.9999829730718878,48,6,2026-05-06
HAS/YUM,HAS,YUM,vol_gated,12830.90085410976,0.9011266947823575,0.1492923226064606,0.9999999534835233,82,6,2026-05-06
CSCO/PAYC,CSCO,PAYC,vol_gated,2042.904576058642,0.12358704059240762,0.1492923226064606,0.7312117390881672,64,6,2026-05-06
TXT/YUM,TXT,YUM,vol_gated,8460.196200683204,0.809245679878855,0.1492923226064606,1.0,86,6,2026-05-06
EXR/WY,EXR,WY,vol_gated,11679.36818435266,0.9695850836459147,0.1492923226064606,1.0,78,6,2026-05-06
ATO/PCG,ATO,PCG,vol_gated,-7592.912005494736,-0.7205284446430741,0.1492923226064606,4.7115252052901804e-35,62,6,2026-05-06
BIIB/HCA,BIIB,HCA,vol_gated,7852.139450517072,0.5612997276688062,0.1492923226064606,0.9999999999998032,102,6,2026-05-06
CDNS/PTC,CDNS,PTC,vol_gated,4792.309999999969,0.37527916092157776,0.1492923226064606,0.9999998441678327,86,6,2026-05-06
EVRG/PCG,EVRG,PCG,vol_gated,-4982.350725363823,-0.5088781114100966,0.1492923226064606,2.6880340839234523e-20,64,6,2026-05-06
RTX/SNA,RTX,SNA,vol_gated,3993.340189668906,0.5118578399618768,0.1492923226064606,0.9999999999998727,68,6,2026-05-06
MSCI/PRU,MSCI,PRU,vol_gated,-6178.054356887297,-0.6475210747481567,0.1492923226064606,6.711869058076005e-21,60,6,2026-05-06
AKAM/KEYS,AKAM,KEYS,vol_gated,2584.230000000023,0.13380109040649743,0.1492923226064606,0.7603668464620619,76,6,2026-05-06
CINF/FMC,CINF,FMC,vol_gated,5093.252529495841,0.2227778189788963,0.1492923226064606,0.9996892568034951,72,6,2026-05-06
AON/KKR,AON,KKR,vol_gated,8174.006918592569,0.4844473554954846,0.1492923226064606,0.9999999999999996,78,6,2026-05-06
BSX/WMB,BSX,WMB,vol_gated,-3702.477955673896,-0.2315481058614554,0.1492923226064606,4.7566692690626086e-15,88,6,2026-05-06
MSCI/SCHW,MSCI,SCHW,vol_gated,-3396.939285303694,-0.25161292480021225,0.1492923226064606,2.642839293259479e-09,72,6,2026-05-06
HAS/YUM,HAS,YUM,low_entry,8687.269454670934,0.46553822935511413,0.009344834279509,0.9999885210651625,110,6,2026-05-06
CSCO/PAYC,CSCO,PAYC,low_entry,15524.05021014801,0.7756166705949628,0.009344834279509,0.9999999999999981,120,6,2026-05-06
TXT/YUM,TXT,YUM,low_entry,11642.99327159727,1.0429323574522176,0.009344834279509,1.0,108,6,2026-05-06
EXR/WY,EXR,WY,low_entry,-804.5956837651212,-0.06828327957980054,0.009344834279509,0.0001580604638188382,116,6,2026-05-06
ATO/PCG,ATO,PCG,low_entry,-11998.14573957642,-0.9040739810569504,0.009344834279509,2.9975041983903155e-29,116,6,2026-05-06
BIIB/HCA,BIIB,HCA,low_entry,4341.934213390947,0.2763027386350587,0.009344834279509,0.999889426794149,138,6,2026-05-06
CDNS/PTC,CDNS,PTC,low_entry,130.0299999999679,0.008931485870823083,0.009344834279509,0.028370394727213807,114,6,2026-05-06
EVRG/PCG,EVRG,PCG,low_entry,-19823.55704425007,-1.3473204519141866,0.009344834279509,2.5514625100710075e-20,112,6,2026-05-06
RTX/SNA,RTX,SNA,low_entry,4475.181063941964,0.42302600496893006,0.009344834279509,0.9999973213562298,104,6,2026-05-06
MSCI/PRU,MSCI,PRU,low_entry,23610.70069922489,1.428208470532348,0.009344834279509,0.9999999999364739,98,6,2026-05-06
AKAM/KEYS,AKAM,KEYS,low_entry,-17621.52999999996,-0.876024198787258,0.009344834279509,5.6810698835608014e-14,90,6,2026-05-06
CINF/FMC,CINF,FMC,low_entry,23277.79918274842,0.5909732921511843,0.009344834279509,0.999544514941416,120,6,2026-05-06
AON/KKR,AON,KKR,low_entry,-15945.48626899926,-0.7545015610528092,0.009344834279509,5.632462804196758e-31,136,6,2026-05-06
BSX/WMB,BSX,WMB,low_entry,4568.674661211091,0.28201173362786797,0.009344834279509,0.9998731420483162,134,6,2026-05-06
MSCI/SCHW,MSCI,SCHW,low_entry,1345.396926109651,0.08876063364244663,0.009344834279509,0.456260346018435,102,6,2026-05-06
HAS/YUM,HAS,YUM,default,14174.68981486523,0.9770996436461147,-0.1136492611609095,0.9999607879565766,60,6,2026-05-06
CSCO/PAYC,CSCO,PAYC,default,7421.531636212834,0.5378663711794271,-0.1136492611609095,0.9999999997132076,72,6,2026-05-06
TXT/YUM,TXT,YUM,default,3186.761152746427,0.32506076446041837,-0.1136492611609095,0.9999925209917419,78,6,2026-05-06
EXR/WY,EXR,WY,default,1785.510457195795,0.15996676543039554,-0.1136492611609095,0.9554926961410797,70,6,2026-05-06
ATO/PCG,ATO,PCG,default,-4468.751275431976,-0.45755389727168877,-0.1136492611609095,4.2083866124608603e-19,68,6,2026-05-06
BIIB/HCA,BIIB,HCA,default,-1477.699733649418,-0.10946599670604687,-0.1136492611609095,5.76698127321759e-06,74,6,2026-05-06
CDNS/PTC,CDNS,PTC,default,-2625.270000000039,-0.23848061230115467,-0.1136492611609095,1.8660019110397546e-07,58,6,2026-05-06
EVRG/PCG,EVRG,PCG,default,-11233.33697545651,-1.1159934049762037,-0.1136492611609095,1.780576228268232e-17,68,6,2026-05-06
RTX/SNA,RTX,SNA,default,2929.200797985635,0.32608892946333157,-0.1136492611609095,0.9988636271228171,66,6,2026-05-06
MSCI/PRU,MSCI,PRU,default,9930.520345701738,0.9434612420522263,-0.1136492611609095,0.9999784406271408,56,6,2026-05-06
AKAM/KEYS,AKAM,KEYS,default,-14330.55999999999,-0.9855818858317302,-0.1136492611609095,3.6863283242085556e-13,60,6,2026-05-06
CINF/FMC,CINF,FMC,default,4722.668661650425,0.2130384254356904,-0.1136492611609095,0.9993420641033111,68,6,2026-05-06
AON/KKR,AON,KKR,default,4092.585522715786,0.25389734789915835,-0.1136492611609095,0.9997229865783425,62,6,2026-05-06
BSX/WMB,BSX,WMB,default,11604.70751898936,0.8692323340102162,-0.1136492611609095,0.9999999999515538,76,6,2026-05-06
MSCI/SCHW,MSCI,SCHW,default,608.0728544627985,0.05161014981346308,-0.1136492611609095,0.16528630814518724,64,6,2026-05-06
HAS/YUM,HAS,YUM,high_leverage,19014.66600714292,0.8601760076676003,-0.1275881824843877,0.9999693281430865,58,6,2026-05-06
CSCO/PAYC,CSCO,PAYC,high_leverage,2343.263925299019,0.10831555873878246,-0.1275881824843877,0.6198151555885537,74,6,2026-05-06
TXT/YUM,TXT,YUM,high_leverage,4455.242637073452,0.28188090280635647,-0.1275881824843877,0.9999207230875586,78,6,2026-05-06
EXR/WY,EXR,WY,high_leverage,8225.201161432986,0.45702978238525355,-0.1275881824843877,0.9999999999979512,74,6,2026-05-06
ATO/PCG,ATO,PCG,high_leverage,-8930.75879598485,-0.536243232610724,-0.1275881824843877,7.919144515899845e-25,58,6,2026-05-06
BIIB/HCA,BIIB,HCA,high_leverage,-63.93428006281283,-0.0031380973648505468,-0.1275881824843877,0.015118309543122196,66,6,2026-05-06
CDNS/PTC,CDNS,PTC,high_leverage,-4204.790000000023,-0.2581264578517916,-0.1275881824843877,1.2100021750169765e-07,56,6,2026-05-06
EVRG/PCG,EVRG,PCG,high_leverage,-24451.72351046076,-1.4399704044865806,-0.1275881824843877,3.742074728551514e-27,58,6,2026-05-06
RTX/SNA,RTX,SNA,high_leverage,4317.215914002743,0.3221581330495422,-0.1275881824843877,0.9986996724412489,66,6,2026-05-06
MSCI/PRU,MSCI,PRU,high_leverage,17425.83757107691,1.0035258741920619,-0.1275881824843877,0.9999997630277456,54,6,2026-05-06
AKAM/KEYS,AKAM,KEYS,high_leverage,-18535.62999999998,-0.8483922652851836,-0.1275881824843877,6.462907290268263e-14,54,6,2026-05-06
CINF/FMC,CINF,FMC,high_leverage,-3501.894528594427,-0.10340256035120957,-0.1275881824843877,0.0003177668381217047,62,6,2026-05-06
AON/KKR,AON,KKR,high_leverage,7450.40126760967,0.3022125101371772,-0.1275881824843877,0.9999943978155836,62,6,2026-05-06
BSX/WMB,BSX,WMB,high_leverage,12984.48912339627,0.5941131101058329,-0.1275881824843877,0.9999999996445745,72,6,2026-05-06
MSCI/SCHW,MSCI,SCHW,high_leverage,2016.416968014302,0.11376880948778685,-0.1275881824843877,0.6773670681543705,62,6,2026-05-06
HAS/YUM,HAS,YUM,medium_signal_high_leverage,22185.52321870092,1.2100974090638557,-0.1425557110206495,0.9999999999999999,64,6,2026-05-06
CSCO/PAYC,CSCO,PAYC,medium_signal_high_leverage,6903.018857439222,0.30256396206117064,-0.1425557110206495,0.9996962704158443,56,6,2026-05-06
TXT/YUM,TXT,YUM,medium_signal_high_leverage,15141.63322626376,0.9907256323453146,-0.1425557110206495,1.0,70,6,2026-05-06
EXR/WY,EXR,WY,medium_signal_high_leverage,-1446.495387860151,-0.08222885777181677,-0.1425557110206495,0.00021516137880896118,66,6,2026-05-06
ATO/PCG,ATO,PCG,medium_signal_high_leverage,-8488.699219053546,-0.48199189095315464,-0.1425557110206495,1.2107991700159245e-25,56,6,2026-05-06
BIIB/HCA,BIIB,HCA,medium_signal_high_leverage,11611.98866906686,0.5785164981270603,-0.1425557110206495,0.999999999999975,72,6,2026-05-06
CDNS/PTC,CDNS,PTC,medium_signal_high_leverage,-1989.96000000003,-0.10753029738447363,-0.1425557110206495,3.0488986651874527e-05,64,6,2026-05-06
EVRG/PCG,EVRG,PCG,medium_signal_high_leverage,-26041.4922312442,-1.5601630564563755,-0.1425557110206495,1.612414489639831e-31,54,6,2026-05-06
RTX/SNA,RTX,SNA,medium_signal_high_leverage,-2358.245526009546,-0.19368906931944396,-0.1425557110206495,2.4405582191978977e-11,62,6,2026-05-06
MSCI/PRU,MSCI,PRU,medium_signal_high_leverage,5410.695771273935,0.29753029316669827,-0.1425557110206495,0.9999439343131042,50,6,2026-05-06
AKAM/KEYS,AKAM,KEYS,medium_signal_high_leverage,-2774.359999999911,-0.13759455399309548,-0.1425557110206495,7.682041027738837e-07,54,6,2026-05-06
CINF/FMC,CINF,FMC,medium_signal_high_leverage,2296.70842147343,0.06574296423424907,-0.1425557110206495,0.23844244626751,66,6,2026-05-06
AON/KKR,AON,KKR,medium_signal_high_leverage,-8098.545911721796,-0.29301100105135297,-0.1425557110206495,1.0549514570957517e-12,64,6,2026-05-06
BSX/WMB,BSX,WMB,medium_signal_high_leverage,-2405.513760699797,-0.10269151008660016,-0.1425557110206495,4.346108563192019e-07,76,6,2026-05-06
MSCI/SCHW,MSCI,SCHW,medium_signal_high_leverage,7014.261209088896,0.3840174560091416,-0.1425557110206495,0.9999982245999681,66,6,2026-05-06
HAS/YUM,HAS,YUM,balanced_plus,7577.584732219704,0.6603642383915307,-0.207765174265437,0.9999999999929509,68,6,2026-05-06
CSCO/PAYC,CSCO,PAYC,balanced_plus,12689.97028775682,0.8604552293298118,-0.207765174265437,0.9999999999292651,64,6,2026-05-06
TXT/YUM,TXT,YUM,balanced_plus,618.6289800234335,0.05675284977141344,-0.207765174265437,0.21750193068433166,82,6,2026-05-06
EXR/WY,EXR,WY,balanced_plus,1532.216179472288,0.14910495164872087,-0.207765174265437,0.874986841892056,66,6,2026-05-06
ATO/PCG,ATO,PCG,balanced_plus,-8967.871098327734,-0.9001032006617261,-0.207765174265437,1.3687525651640456e-31,70,6,2026-05-06
BIIB/HCA,BIIB,HCA,balanced_plus,3161.299907058717,0.26478860567700985,-0.207765174265437,0.9998958855955199,68,6,2026-05-06
CDNS/PTC,CDNS,PTC,balanced_plus,5368.419999999955,0.4665210090751122,-0.207765174265437,0.999999998690435,70,6,2026-05-06
EVRG/PCG,EVRG,PCG,balanced_plus,-10062.27774010312,-1.0107687906024707,-0.207765174265437,2.2004622656213552e-18,64,6,2026-05-06
RTX/SNA,RTX,SNA,balanced_plus,679.5042560816869,0.08332370153818663,-0.207765174265437,0.41707245621851347,70,6,2026-05-06
MSCI/PRU,MSCI,PRU,balanced_plus,6871.28011142731,0.6445228671220932,-0.207765174265437,0.9999936444557883,62,6,2026-05-06
AKAM/KEYS,AKAM,KEYS,balanced_plus,2129.480000000021,0.17166750225864494,-0.207765174265437,0.9539308985624958,64,6,2026-05-06
CINF/FMC,CINF,FMC,balanced_plus,-124.9088615390319,-0.005493571908848012,-0.207765174265437,0.014176815667103708,66,6,2026-05-06
AON/KKR,AON,KKR,balanced_plus,-6288.045621456843,-0.3911768636942147,-0.207765174265437,1.244573941629086e-13,70,6,2026-05-06
BSX/WMB,BSX,WMB,balanced_plus,2236.774697778561,0.15092122913060854,-0.207765174265437,0.8102128853928825,84,6,2026-05-06
MSCI/SCHW,MSCI,SCHW,balanced_plus,3832.463242486946,0.3709011150845037,-0.207765174265437,0.9999994900309788,74,6,2026-05-06
HAS/YUM,HAS,YUM,vol_adaptive,12274.73148862701,0.8727257535865264,-0.2198195137044676,0.9999999246173488,80,6,2026-05-06
CSCO/PAYC,CSCO,PAYC,vol_adaptive,4068.742127071156,0.24645019865773993,-0.2198195137044676,0.996283874606544,68,6,2026-05-06
TXT/YUM,TXT,YUM,vol_adaptive,8219.775539825729,0.7808785453382387,-0.2198195137044676,1.0,88,6,2026-05-06
EXR/WY,EXR,WY,vol_adaptive,10860.93825463844,0.8890044320840493,-0.2198195137044676,1.0,80,6,2026-05-06
ATO/PCG,ATO,PCG,vol_adaptive,-7741.443320551405,-0.7398318791978787,-0.2198195137044676,4.137933158971576e-35,64,6,2026-05-06
BIIB/HCA,BIIB,HCA,vol_adaptive,4885.550749346604,0.3491060953424543,-0.2198195137044676,0.9999992637242371,102,6,2026-05-06
CDNS/PTC,CDNS,PTC,vol_adaptive,2581.469999999998,0.1957794396289523,-0.2198195137044676,0.9870999272037245,92,6,2026-05-06
EVRG/PCG,EVRG,PCG,vol_adaptive,-4626.887694323657,-0.46985524252548305,-0.2198195137044676,1.592211638790553e-20,68,6,2026-05-06
RTX/SNA,RTX,SNA,vol_adaptive,3918.400639671198,0.454400755503167,-0.2198195137044676,0.9999999999476761,70,6,2026-05-06
MSCI/PRU,MSCI,PRU,vol_adaptive,-4981.745573621965,-0.513885197106198,-0.2198195137044676,6.877144451862791e-22,64,6,2026-05-06
AKAM/KEYS,AKAM,KEYS,vol_adaptive,-7425.329999999978,-0.4417090775019516,-0.2198195137044676,5.354228957900048e-11,74,6,2026-05-06
CINF/FMC,CINF,FMC,vol_adaptive,5002.160149884201,0.221417007115827,-0.2198195137044676,0.9996539010049077,72,6,2026-05-06
AON/KKR,AON,KKR,vol_adaptive,150.2888732777972,0.00883895660178639,-0.2198195137044676,0.02787362797957661,86,6,2026-05-06
BSX/WMB,BSX,WMB,vol_adaptive,-2849.888411063157,-0.18167592846105354,-0.2198195137044676,2.6355726124460587e-13,90,6,2026-05-06
MSCI/SCHW,MSCI,SCHW,vol_adaptive,-4714.442009205735,-0.33840160928926305,-0.2198195137044676,7.966952294562415e-12,78,6,2026-05-06
HAS/YUM,HAS,YUM,tight_stop,11204.25335428115,0.78319213960233,-0.2384251081561375,0.999883175273881,64,6,2026-05-06
CSCO/PAYC,CSCO,PAYC,tight_stop,8846.239978745865,0.6812176131101513,-0.2384251081561375,0.9999999998528232,68,6,2026-05-06
TXT/YUM,TXT,YUM,tight_stop,4080.841057796875,0.4794755163027541,-0.2384251081561375,0.9999999999874866,82,6,2026-05-06
EXR/WY,EXR,WY,tight_stop,3790.665028702085,0.42038540569903027,-0.2384251081561375,0.999999636927976,66,6,2026-05-06
ATO/PCG,ATO,PCG,tight_stop,-6762.91494193239,-0.7238436169392836,-0.2384251081561375,2.537476251973272e-18,76,6,2026-05-06
BIIB/HCA,BIIB,HCA,tight_stop,-1463.539551123651,-0.11024635692911135,-0.2384251081561375,5.709014889521294e-06,74,6,2026-05-06
CDNS/PTC,CDNS,PTC,tight_stop,-5600.410000000013,-0.5073209987544895,-0.2384251081561375,1.9828642657175325e-10,60,6,2026-05-06
EVRG/PCG,EVRG,PCG,tight_stop,-10745.93247855809,-1.1899048672838455,-0.2384251081561375,9.605640911232177e-15,82,6,2026-05-06
RTX/SNA,RTX,SNA,tight_stop,1300.002954590362,0.14964443777965092,-0.2384251081561375,0.8287702494968265,70,6,2026-05-06
MSCI/PRU,MSCI,PRU,tight_stop,10226.94110116751,0.9808985117883207,-0.2384251081561375,0.9999769790887408,58,6,2026-05-06
AKAM/KEYS,AKAM,KEYS,tight_stop,-18019.04999999998,-1.3882855606003102,-0.2384251081561375,3.0771172637580013e-12,60,6,2026-05-06
CINF/FMC,CINF,FMC,tight_stop,-1714.556805538825,-0.11901292292569522,-0.2384251081561375,3.3287938110128216e-05,70,6,2026-05-06
AON/KKR,AON,KKR,tight_stop,4336.86700508244,0.3116373530944908,-0.2384251081561375,0.9999461548376573,64,6,2026-05-06
BSX/WMB,BSX,WMB,tight_stop,17373.6573967915,1.3689972718135779,-0.2384251081561375,0.9999999999894349,80,6,2026-05-06
MSCI/SCHW,MSCI,SCHW,tight_stop,3726.14056391024,0.3190874059080589,-0.2384251081561375,0.9999490040222856,76,6,2026-05-06
HAS/YUM,HAS,YUM,fast_signal,-3401.884861524708,-0.267414702513727,-0.3276968825388308,7.067191820380892e-15,82,6,2026-05-06
CSCO/PAYC,CSCO,PAYC,fast_signal,12655.65797444039,0.8230453676182452,-0.3276968825388308,0.9999999999980294,82,6,2026-05-06
TXT/YUM,TXT,YUM,fast_signal,3306.346688174535,0.3215644807831768,-0.3276968825388308,0.9998172713247973,84,6,2026-05-06
EXR/WY,EXR,WY,fast_signal,-1633.702687484467,-0.14488736065944918,-0.3276968825388308,1.9573997427951432e-07,100,6,2026-05-06
ATO/PCG,ATO,PCG,fast_signal,5381.050629932554,0.4913714017050808,-0.3276968825388308,0.9999999995564962,90,6,2026-05-06
BIIB/HCA,BIIB,HCA,fast_signal,3003.281138899791,0.2715206763689672,-0.3276968825388308,0.9997248269487391,70,6,2026-05-06
CDNS/PTC,CDNS,PTC,fast_signal,1073.850000000032,0.09516862808707614,-0.3276968825388308,0.5139831545411394,82,6,2026-05-06
EVRG/PCG,EVRG,PCG,fast_signal,-1684.146288798696,-0.1667088580332722,-0.3276968825388308,2.0670814743299724e-08,90,6,2026-05-06
RTX/SNA,RTX,SNA,fast_signal,8975.868468376264,1.0492196712112132,-0.3276968825388308,0.9999999986706285,66,6,2026-05-06
MSCI/PRU,MSCI,PRU,fast_signal,-7807.879576921445,-0.7176679380140634,-0.3276968825388308,7.382692603483833e-18,76,6,2026-05-06
AKAM/KEYS,AKAM,KEYS,fast_signal,-18887.3,-1.1422609662939176,-0.3276968825388308,3.220769754223737e-08,78,6,2026-05-06
CINF/FMC,CINF,FMC,fast_signal,3546.687443174418,0.1827212898449321,-0.3276968825388308,0.9776627089702717,96,6,2026-05-06
AON/KKR,AON,KKR,fast_signal,17443.63574353843,0.8815361034723879,-0.3276968825388308,1.0,94,6,2026-05-06
BSX/WMB,BSX,WMB,fast_signal,-1403.460138858496,-0.10208079265759375,-0.3276968825388308,8.638003405976794e-06,100,6,2026-05-06
MSCI/SCHW,MSCI,SCHW,fast_signal,-5852.798205683635,-0.4532191984004893,-0.3276968825388308,5.101386833191558e-13,92,6,2026-05-06
HAS/YUM,HAS,YUM,quick_exit,10448.91431694703,0.730147139753112,-0.3431882379243582,0.9998448552281554,64,6,2026-05-06
CSCO/PAYC,CSCO,PAYC,quick_exit,10605.58634455216,0.7986627655977308,-0.3431882379243582,0.9999999999821819,68,6,2026-05-06
TXT/YUM,TXT,YUM,quick_exit,6121.586550498907,0.7305297643375885,-0.3431882379243582,1.0,80,6,2026-05-06
EXR/WY,EXR,WY,quick_exit,2071.115633576901,0.24281975708496073,-0.3431882379243582,0.9995386180883037,66,6,2026-05-06
ATO/PCG,ATO,PCG,quick_exit,-8140.72524792185,-0.8794991045279104,-0.3431882379243582,5.540101024267916e-18,78,6,2026-05-06
BIIB/HCA,BIIB,HCA,quick_exit,-1525.899884344822,-0.11452310346626962,-0.3431882379243582,3.816457876171557e-06,74,6,2026-05-06
CDNS/PTC,CDNS,PTC,quick_exit,-7371.280000000026,-0.6361956387624106,-0.3431882379243582,2.341466447189074e-12,62,6,2026-05-06
EVRG/PCG,EVRG,PCG,quick_exit,-10600.98962583992,-1.1940414935533261,-0.3431882379243582,7.099036190732788e-14,80,6,2026-05-06
RTX/SNA,RTX,SNA,quick_exit,2414.098023913908,0.2612663428548373,-0.3431882379243582,0.9937922365810021,66,6,2026-05-06
MSCI/PRU,MSCI,PRU,quick_exit,13891.14363464218,1.2675141593007635,-0.3431882379243582,0.9999965436228152,62,6,2026-05-06
AKAM/KEYS,AKAM,KEYS,quick_exit,-17585.85999999999,-1.2453181964840343,-0.3431882379243582,2.0339457296733518e-13,60,6,2026-05-06
CINF/FMC,CINF,FMC,quick_exit,-5151.114243584412,-0.3793925104751564,-0.3431882379243582,5.2325400250542595e-09,70,6,2026-05-06
AON/KKR,AON,KKR,quick_exit,1466.429035415603,0.10540494381782994,-0.3431882379243582,0.6041784994064225,68,6,2026-05-06
BSX/WMB,BSX,WMB,quick_exit,16996.38236513197,1.3511073901333899,-0.3431882379243582,0.9999999999777506,80,6,2026-05-06
MSCI/SCHW,MSCI,SCHW,quick_exit,1657.692204232369,0.14279499937547951,-0.3431882379243582,0.86548968035646,76,6,2026-05-06
HAS/YUM,HAS,YUM,fast_signal_tight_stop,-9278.41649219403,-0.8549930555834367,-0.4105094874927247,1.4763046817624517e-08,70,6,2026-05-06
CSCO/PAYC,CSCO,PAYC,fast_signal_tight_stop,3170.424736917852,0.22108725901821258,-0.4105094874927247,0.9950506880793524,72,6,2026-05-06
TXT/YUM,TXT,YUM,fast_signal_tight_stop,3726.786147156861,0.4076979733668675,-0.4105094874927247,0.999980742272062,70,6,2026-05-06
EXR/WY,EXR,WY,fast_signal_tight_stop,1407.810207038495,0.1583615902183512,-0.4105094874927247,0.9313019657955564,94,6,2026-05-06
ATO/PCG,ATO,PCG,fast_signal_tight_stop,9348.212988943194,0.9240398672188964,-0.4105094874927247,0.9999999999997802,78,6,2026-05-06
BIIB/HCA,BIIB,HCA,fast_signal_tight_stop,2197.077525668517,0.229010760486737,-0.4105094874927247,0.9963349224628888,64,6,2026-05-06
CDNS/PTC,CDNS,PTC,fast_signal_tight_stop,-525.7099999999737,-0.04957489172730758,-0.4105094874927247,0.0014630721961437396,76,6,2026-05-06
EVRG/PCG,EVRG,PCG,fast_signal_tight_stop,-3583.015941299222,-0.4017884273789493,-0.4105094874927247,3.2050011297447895e-18,80,6,2026-05-06
RTX/SNA,RTX,SNA,fast_signal_tight_stop,8827.27099985603,1.0465279458628285,-0.4105094874927247,0.9999999989502489,66,6,2026-05-06
MSCI/PRU,MSCI,PRU,fast_signal_tight_stop,-9496.262094686092,-1.038560909302875,-0.4105094874927247,6.273148428926061e-10,64,6,2026-05-06
AKAM/KEYS,AKAM,KEYS,fast_signal_tight_stop,-18378.88000000003,-1.3057636766785745,-0.4105094874927247,1.1637779030993771e-11,72,6,2026-05-06
CINF/FMC,CINF,FMC,fast_signal_tight_stop,3593.761207002384,0.20469588926069118,-0.4105094874927247,0.9912686083309741,78,6,2026-05-06
AON/KKR,AON,KKR,fast_signal_tight_stop,19613.83499700177,1.0879222043502748,-0.4105094874927247,0.9999999999998352,78,6,2026-05-06
BSX/WMB,BSX,WMB,fast_signal_tight_stop,-309.4794229447116,-0.024423547878709376,-0.4105094874927247,0.0039634223931614265,80,6,2026-05-06
MSCI/SCHW,MSCI,SCHW,fast_signal_tight_stop,2268.905188459824,0.20483353669556598,-0.4105094874927247,0.9687624824617184,86,6,2026-05-06
HAS/YUM,HAS,YUM,high_turnover,10541.47663911937,0.9087262183849818,-0.5188178401915348,1.0,108,6,2026-05-06
CSCO/PAYC,CSCO,PAYC,high_turnover,4325.293678348551,0.27318937539062715,-0.5188178401915348,0.999502053209857,96,6,2026-05-06
TXT/YUM,TXT,YUM,high_turnover,5295.831388224597,0.43696848713661696,-0.5188178401915348,0.9999966384333078,104,6,2026-05-06
EXR/WY,EXR,WY,high_turnover,7817.303741434383,0.7505521232782415,-0.5188178401915348,1.0,108,6,2026-05-06
ATO/PCG,ATO,PCG,high_turnover,619.2178608778308,0.06692395220249939,-0.5188178401915348,0.2888417457550799,92,6,2026-05-06
BIIB/HCA,BIIB,HCA,high_turnover,71.8179801606666,0.0048934505894278,-0.5188178401915348,0.02342087928768331,122,6,2026-05-06
CDNS/PTC,CDNS,PTC,high_turnover,-15584.55000000002,-0.9469316719105118,-0.5188178401915348,2.981873595961721e-07,98,6,2026-05-06
EVRG/PCG,EVRG,PCG,high_turnover,-6962.576157730782,-0.7932540049481135,-0.5188178401915348,2.3837554771207275e-19,90,6,2026-05-06
RTX/SNA,RTX,SNA,high_turnover,7584.304460102239,0.8080612815703878,-0.5188178401915348,1.0,106,6,2026-05-06
MSCI/PRU,MSCI,PRU,high_turnover,-668.2496544139738,-0.054675682325859,-0.5188178401915348,0.0012285517976794423,96,6,2026-05-06
AKAM/KEYS,AKAM,KEYS,high_turnover,-26078.52999999998,-1.5175349685207866,-0.5188178401915348,1.017305984027307e-08,94,6,2026-05-06
CINF/FMC,CINF,FMC,high_turnover,18493.07564178246,0.7487056653606069,-0.5188178401915348,0.9999999977466772,106,6,2026-05-06
AON/KKR,AON,KKR,high_turnover,-11760.44441749785,-0.6971671140583229,-0.5188178401915348,3.2944118859067726e-19,106,6,2026-05-06
BSX/WMB,BSX,WMB,high_turnover,4703.669249099177,0.26406423252608435,-0.5188178401915348,0.991453806137893,116,6,2026-05-06
MSCI/SCHW,MSCI,SCHW,high_turnover,2658.063030355295,0.1913058732675985,-0.5188178401915348,0.9765326591975204,110,6,2026-05-06
HAS/YUM,HAS,YUM,deep_entry_quick_exit,12017.41670321612,1.7835664514897267,-0.5517766251301207,1.0,28,6,2026-05-06
CSCO/PAYC,CSCO,PAYC,deep_entry_quick_exit,-3923.399740572316,-0.3163964043055443,-0.5517766251301207,8.422810498355032e-08,30,6,2026-05-06
TXT/YUM,TXT,YUM,deep_entry_quick_exit,2288.129062471662,0.29891682557031213,-0.5517766251301207,0.9999649982780577,30,6,2026-05-06
EXR/WY,EXR,WY,deep_entry_quick_exit,406.1648550405558,0.07603269388352649,-0.5517766251301207,0.3415145526441255,20,6,2026-05-06
ATO/PCG,ATO,PCG,deep_entry_quick_exit,-5901.045107492344,-0.8823108597551563,-0.5517766251301207,3.743142131557651e-11,36,6,2026-05-06
BIIB/HCA,BIIB,HCA,deep_entry_quick_exit,2583.327516533878,0.2810821058783856,-0.5517766251301207,0.9996768074578448,30,6,2026-05-06
CDNS/PTC,CDNS,PTC,deep_entry_quick_exit,13220.40999999999,1.228907866143695,-0.5517766251301207,0.9999997163716755,30,6,2026-05-06
EVRG/PCG,EVRG,PCG,deep_entry_quick_exit,-8270.106467377353,-1.0122947987284425,-0.5517766251301207,2.2660407054246541e-13,34,6,2026-05-06
RTX/SNA,RTX,SNA,deep_entry_quick_exit,1503.541861819431,0.2833618201317829,-0.5517766251301207,0.9997536289253648,22,6,2026-05-06
MSCI/PRU,MSCI,PRU,deep_entry_quick_exit,5805.157995783328,0.7247462823924755,-0.5517766251301207,0.9999999623248657,24,6,2026-05-06
AKAM/KEYS,AKAM,KEYS,deep_entry_quick_exit,8969.420000000015,0.5936988974289054,-0.5517766251301207,0.9999986495595778,22,6,2026-05-06
CINF/FMC,CINF,FMC,deep_entry_quick_exit,-20778.65223689075,-1.9120468828578632,-0.5517766251301207,4.887074148120406e-22,40,6,2026-05-06
AON/KKR,AON,KKR,deep_entry_quick_exit,6846.192793717488,0.7056163552233325,-0.5517766251301207,0.9999999985430144,30,6,2026-05-06
BSX/WMB,BSX,WMB,deep_entry_quick_exit,107.3800489466853,0.01840324496188608,-0.5517766251301207,0.048647807779746526,32,6,2026-05-06
MSCI/SCHW,MSCI,SCHW,deep_entry_quick_exit,-3343.978699053983,-0.42065336461758873,-0.5517766251301207,3.0427287209405405e-08,36,6,2026-05-06
HAS/YUM,HAS,YUM,patient_hold,7659.07483477909,0.779779100643026,-0.6445653528118815,0.9999998539717865,36,6,2026-05-06
CSCO/PAYC,CSCO,PAYC,patient_hold,9665.252141276378,0.8567458110993115,-0.6445653528118815,0.9999998622392072,34,6,2026-05-06
TXT/YUM,TXT,YUM,patient_hold,-968.7426059884529,-0.10238535896409301,-0.6445653528118815,9.412121956518452e-06,52,6,2026-05-06
EXR/WY,EXR,WY,patient_hold,4725.835446016524,0.5335075509894894,-0.6445653528118815,0.9999999999999932,42,6,2026-05-06
ATO/PCG,ATO,PCG,patient_hold,-6786.539056413569,-0.6116357868942423,-0.6445653528118815,1.3983219355475968e-26,52,6,2026-05-06
BIIB/HCA,BIIB,HCA,patient_hold,1716.588607988403,0.16317711475238053,-0.6445653528118815,0.9424706106182585,44,6,2026-05-06
CDNS/PTC,CDNS,PTC,patient_hold,-1231.410000000029,-0.13253672673925052,-0.6445653528118815,3.085813362573627e-05,38,6,2026-05-06
EVRG/PCG,EVRG,PCG,patient_hold,-9941.920287396923,-0.8617641492627369,-0.6445653528118815,8.149538666202572e-27,48,6,2026-05-06
RTX/SNA,RTX,SNA,patient_hold,8381.994079870652,1.4201206975323029,-0.6445653528118815,0.9999999999999996,48,6,2026-05-06
MSCI/PRU,MSCI,PRU,patient_hold,4158.556751567876,0.570524034999204,-0.6445653528118815,0.999999999999191,34,6,2026-05-06
AKAM/KEYS,AKAM,KEYS,patient_hold,-12587.88,-0.9991631399040605,-0.6445653528118815,1.064668360980866e-13,42,6,2026-05-06
CINF/FMC,CINF,FMC,patient_hold,-6610.312550058935,-0.35604871817449313,-0.6445653528118815,0.0003012031753149816,38,6,2026-05-06
AON/KKR,AON,KKR,patient_hold,387.6142735316312,0.03354081072912854,-0.6445653528118815,0.08101846184667316,40,6,2026-05-06
BSX/WMB,BSX,WMB,patient_hold,1130.321770211012,0.10218642669497856,-0.6445653528118815,0.5729513612829292,48,6,2026-05-06
MSCI/SCHW,MSCI,SCHW,patient_hold,3618.27359760837,0.3675208547083136,-0.6445653528118815,0.9999463560480771,42,6,2026-05-06
HAS/YUM,HAS,YUM,slow_signal,6438.545606916625,0.816597380289229,-0.7166497787710658,1.0,52,6,2026-05-06
CSCO/PAYC,CSCO,PAYC,slow_signal,4919.814614743273,0.32058580074928267,-0.7166497787710658,0.9998783058647563,40,6,2026-05-06
TXT/YUM,TXT,YUM,slow_signal,2026.670641369002,0.22697935659358143,-0.7166497787710658,0.9842138488024478,52,6,2026-05-06
EXR/WY,EXR,WY,slow_signal,10975.24209493701,1.297418125524943,-0.7166497787710658,1.0,42,6,2026-05-06
ATO/PCG,ATO,PCG,slow_signal,-12695.74526598504,-1.196465596390915,-0.7166497787710658,1.3907137797462583e-28,56,6,2026-05-06
BIIB/HCA,BIIB,HCA,slow_signal,8420.767584274372,0.7894426082561046,-0.7166497787710658,0.9999999999999206,42,6,2026-05-06
CDNS/PTC,CDNS,PTC,slow_signal,-3090.050000000033,-0.341985421762636,-0.7166497787710658,8.0647145908387e-08,44,6,2026-05-06
EVRG/PCG,EVRG,PCG,slow_signal,-14819.53437577228,-1.2631860672132897,-0.7166497787710658,4.236411836377436e-16,58,6,2026-05-06
RTX/SNA,RTX,SNA,slow_signal,2985.146866880069,0.44678397918904506,-0.7166497787710658,0.9999964050974034,42,6,2026-05-06
MSCI/PRU,MSCI,PRU,slow_signal,8200.587111966664,0.7986024282039929,-0.7166497787710658,0.999900409868864,34,6,2026-05-06
AKAM/KEYS,AKAM,KEYS,slow_signal,-19485.19999999999,-0.9575475395872382,-0.7166497787710658,1.515931863323863e-08,46,6,2026-05-06
CINF/FMC,CINF,FMC,slow_signal,-12077.32378903871,-0.864873874583858,-0.7166497787710658,1.3857467850395975e-13,52,6,2026-05-06
AON/KKR,AON,KKR,slow_signal,8121.608228679655,0.6716853124209112,-0.7166497787710658,0.9999999999998996,48,6,2026-05-06
BSX/WMB,BSX,WMB,slow_signal,6678.017579597858,0.6342777299767922,-0.7166497787710658,0.9999999999999777,46,6,2026-05-06
MSCI/SCHW,MSCI,SCHW,slow_signal,-2276.505874489675,-0.2405901808736758,-0.7166497787710658,2.6118275455821777e-10,46,6,2026-05-06
HAS/YUM,HAS,YUM,no_leverage,7069.169572486109,0.9774261188276271,-0.7449041794559933,0.9999612289583061,60,6,2026-05-06
CSCO/PAYC,CSCO,PAYC,no_leverage,3691.053998227782,0.5360782923612291,-0.7449041794559933,0.9999999996776584,72,6,2026-05-06
TXT/YUM,TXT,YUM,no_leverage,1584.039560869144,0.32430665439434603,-0.7449041794559933,0.9999920012581586,78,6,2026-05-06
EXR/WY,EXR,WY,no_leverage,903.5493665439617,0.16243801602322316,-0.7449041794559933,0.9611086979030387,70,6,2026-05-06
ATO/PCG,ATO,PCG,no_leverage,-2199.366283107663,-0.45175781350090716,-0.7449041794559933,6.596163070834868e-19,68,6,2026-05-06
BIIB/HCA,BIIB,HCA,no_leverage,-728.2423781687489,-0.10842755882658396,-0.7449041794559933,6.3787465954826616e-06,74,6,2026-05-06
CDNS/PTC,CDNS,PTC,no_leverage,-1307.650000000007,-0.2385598423240433,-0.7449041794559933,1.9671934818007316e-07,58,6,2026-05-06
EVRG/PCG,EVRG,PCG,no_leverage,-5585.82837899297,-1.1132360310105225,-0.7449041794559933,2.0332436084810315e-17,68,6,2026-05-06
RTX/SNA,RTX,SNA,no_leverage,1484.677269607024,0.33139001566131887,-0.7449041794559933,0.9990283700949038,66,6,2026-05-06
MSCI/PRU,MSCI,PRU,no_leverage,4938.294170961855,0.9442139492614688,-0.7449041794559933,0.9999813330522578,56,6,2026-05-06
AKAM/KEYS,AKAM,KEYS,no_leverage,-7117.910000000001,-0.98364689386739,-0.7449041794559933,3.055693121086331e-13,60,6,2026-05-06
CINF/FMC,CINF,FMC,no_leverage,2397.417896349695,0.21604767420654833,-0.7449041794559933,0.9994728310999886,68,6,2026-05-06
AON/KKR,AON,KKR,no_leverage,2010.192863070104,0.25023016126210423,-0.7449041794559933,0.9996213315456929,62,6,2026-05-06
BSX/WMB,BSX,WMB,no_leverage,5778.444131832983,0.8686652841397434,-0.7449041794559933,0.9999999999461486,76,6,2026-05-06
MSCI/SCHW,MSCI,SCHW,no_leverage,348.5558694873424,0.059577425159800634,-0.7449041794559933,0.21457235588314094,64,6,2026-05-06
HAS/YUM,HAS,YUM,short_z_long_v,7938.315570918754,0.6604312990193919,-0.7592739420008077,0.9999952609166558,62,6,2026-05-06
CSCO/PAYC,CSCO,PAYC,short_z_long_v,1939.009846378128,0.14421437118572916,-0.7592739420008077,0.8675901346925912,56,6,2026-05-06
TXT/YUM,TXT,YUM,short_z_long_v,-4115.884512428816,-0.38771041502275494,-0.7592739420008077,4.2397401975681867e-20,72,6,2026-05-06
EXR/WY,EXR,WY,short_z_long_v,5186.428505454234,0.5389291955442447,-0.7592739420008077,0.9999999034228336,74,6,2026-05-06
ATO/PCG,ATO,PCG,short_z_long_v,-8309.70229276827,-0.783060991442319,-0.7592739420008077,1.1111928300040555e-24,84,6,2026-05-06
BIIB/HCA,BIIB,HCA,short_z_long_v,12570.72750457415,1.028616331613023,-0.7592739420008077,1.0,70,6,2026-05-06
CDNS/PTC,CDNS,PTC,short_z_long_v,4193.430000000031,0.4433723387985662,-0.7592739420008077,0.9999997412556068,64,6,2026-05-06
EVRG/PCG,EVRG,PCG,short_z_long_v,813.843816933861,0.07396003201032046,-0.7592739420008077,0.3331608643752704,74,6,2026-05-06
RTX/SNA,RTX,SNA,short_z_long_v,3300.912321462196,0.36108018357631966,-0.7592739420008077,0.9997795847086676,62,6,2026-05-06
MSCI/PRU,MSCI,PRU,short_z_long_v,-382.9140517158942,-0.03141145930563053,-0.7592739420008077,0.00460221781041372,54,6,2026-05-06
AKAM/KEYS,AKAM,KEYS,short_z_long_v,-13916.13000000001,-0.7018589379014478,-0.7592739420008077,2.5391007393513813e-08,64,6,2026-05-06
CINF/FMC,CINF,FMC,short_z_long_v,-18366.88359430349,-0.6605728136255914,-0.7592739420008077,6.507492562402353e-06,72,6,2026-05-06
AON/KKR,AON,KKR,short_z_long_v,7041.388778682458,0.4304631990355819,-0.7592739420008077,0.9999999790279904,82,6,2026-05-06
BSX/WMB,BSX,WMB,short_z_long_v,588.7055280465756,0.04305349951202861,-0.7592739420008077,0.13091105128571834,90,6,2026-05-06
MSCI/SCHW,MSCI,SCHW,short_z_long_v,-12317.1658861029,-1.0388063650763664,-0.7592739420008077,2.263924556565593e-16,74,6,2026-05-06
HAS/YUM,HAS,YUM,deep_dislocation,20822.79108410626,1.6480379808553358,-0.7812855549690945,0.9999999999901448,28,6,2026-05-06
CSCO/PAYC,CSCO,PAYC,deep_dislocation,4117.354786820425,0.24584521989384736,-0.7812855549690945,0.9997294522294046,28,6,2026-05-06
TXT/YUM,TXT,YUM,deep_dislocation,1221.481511383055,0.10623899621437571,-0.7812855549690945,0.6096596655195107,30,6,2026-05-06
EXR/WY,EXR,WY,deep_dislocation,-3320.703765480198,-0.27539599522185476,-0.7812855549690945,2.867822938894569e-10,24,6,2026-05-06
ATO/PCG,ATO,PCG,deep_dislocation,-8388.98299913695,-0.5220564024185917,-0.7812855549690945,2.213784061694294e-22,38,6,2026-05-06
BIIB/HCA,BIIB,HCA,deep_dislocation,7390.906566230565,0.532975767588743,-0.7812855549690945,0.9999999885225418,26,6,2026-05-06
CDNS/PTC,CDNS,PTC,deep_dislocation,18674.60999999994,1.1327255995074572,-0.7812855549690945,0.9999999339917609,30,6,2026-05-06
EVRG/PCG,EVRG,PCG,deep_dislocation,-17228.45949047575,-1.089702663572648,-0.7812855549690945,2.0508116189000345e-30,32,6,2026-05-06
RTX/SNA,RTX,SNA,deep_dislocation,2575.839682295999,0.3270008347926254,-0.7812855549690945,0.9999744289076214,18,6,2026-05-06
MSCI/PRU,MSCI,PRU,deep_dislocation,2377.496487743947,0.20058101634824138,-0.7812855549690945,0.9762097800595556,22,6,2026-05-06
AKAM/KEYS,AKAM,KEYS,deep_dislocation,-785.6300000000174,-0.046467764478228,-0.7812855549690945,0.0013323920457399346,20,6,2026-05-06
CINF/FMC,CINF,FMC,deep_dislocation,-47159.92242818658,-2.1296487794355285,-0.7812855549690945,8.654760353817068e-37,52,6,2026-05-06
AON/KKR,AON,KKR,deep_dislocation,6196.69678034134,0.3557112771864947,-0.7812855549690945,0.9998986470565273,30,6,2026-05-06
BSX/WMB,BSX,WMB,deep_dislocation,-2024.368304990057,-0.14153983376010937,-0.7812855549690945,2.833151996668117e-07,34,6,2026-05-06
MSCI/SCHW,MSCI,SCHW,deep_dislocation,-342.4781577498852,-0.0277753924916265,-0.7812855549690945,0.004416264208474464,34,6,2026-05-06
HAS/YUM,HAS,YUM,high_vol_specialist,15654.66880285321,1.591301086163425,-0.7823521214771937,0.9999999999999999,46,6,2026-05-06
CSCO/PAYC,CSCO,PAYC,high_vol_specialist,-2956.395329286569,-0.23019396814065546,-0.7823521214771937,8.516959903259705e-08,36,6,2026-05-06
TXT/YUM,TXT,YUM,high_vol_specialist,2769.123702877245,0.2509639003411833,-0.7823521214771937,0.9988134046794164,48,6,2026-05-06
EXR/WY,EXR,WY,high_vol_specialist,6468.490642470856,0.7203058809682661,-0.7823521214771937,1.0,40,6,2026-05-06
ATO/PCG,ATO,PCG,high_vol_specialist,-5221.951792212938,-0.40477265987321237,-0.7823521214771937,8.22909683547197e-27,54,6,2026-05-06
BIIB/HCA,BIIB,HCA,high_vol_specialist,7581.437984878266,0.7008146699684364,-0.7823521214771937,0.9999999999986275,44,6,2026-05-06
CDNS/PTC,CDNS,PTC,high_vol_specialist,-1862.600000000032,-0.182176613712177,-0.7823521214771937,7.900975434209278e-07,44,6,2026-05-06
EVRG/PCG,EVRG,PCG,high_vol_specialist,-15814.62603460393,-1.0684720216363386,-0.7823521214771937,3.9667684987243515e-28,50,6,2026-05-06
RTX/SNA,RTX,SNA,high_vol_specialist,6908.326203481888,1.2005371605705322,-0.7823521214771937,0.9999999999999037,36,6,2026-05-06
MSCI/PRU,MSCI,PRU,high_vol_specialist,11237.11527633718,0.9931663959130366,-0.7823521214771937,0.9999951966687465,38,6,2026-05-06
AKAM/KEYS,AKAM,KEYS,high_vol_specialist,-16284.20999999998,-0.8299129774225982,-0.7823521214771937,1.4300796763102535e-07,48,6,2026-05-06
CINF/FMC,CINF,FMC,high_vol_specialist,-25674.33503099003,-1.3957799027264182,-0.7823521214771937,1.0447265025967301e-27,50,6,2026-05-06
AON/KKR,AON,KKR,high_vol_specialist,1915.941303475316,0.13579206527839152,-0.7823521214771937,0.8380055364702035,44,6,2026-05-06
BSX/WMB,BSX,WMB,high_vol_specialist,7421.960130563732,0.5545754421849386,-0.7823521214771937,0.9999999999999996,56,6,2026-05-06
MSCI/SCHW,MSCI,SCHW,high_vol_specialist,-2902.98858408716,-0.2602627508738542,-0.7823521214771937,6.456391685861862e-16,50,6,2026-05-06
HAS/YUM,HAS,YUM,symmetric_exit,13284.833618971,1.4237098659201246,-0.786651539770829,1.0,50,6,2026-05-06
CSCO/PAYC,CSCO,PAYC,symmetric_exit,-4401.899734090781,-0.3457882320033324,-0.786651539770829,2.4655529122612967e-08,46,6,2026-05-06
TXT/YUM,TXT,YUM,symmetric_exit,8043.911283212846,0.9483806629100553,-0.786651539770829,1.0,58,6,2026-05-06
EXR/WY,EXR,WY,symmetric_exit,1474.7360654823,0.20683143526451264,-0.786651539770829,0.9950480861833759,56,6,2026-05-06
ATO/PCG,ATO,PCG,symmetric_exit,-9423.273781443078,-1.159959296207197,-0.786651539770829,3.263130203805816e-19,66,6,2026-05-06
BIIB/HCA,BIIB,HCA,symmetric_exit,-1961.68767370629,-0.1680457376302306,-0.786651539770829,4.004827613190293e-08,68,6,2026-05-06
CDNS/PTC,CDNS,PTC,symmetric_exit,1652.379999999992,0.16651968493007246,-0.786651539770829,0.9703168847237275,50,6,2026-05-06
EVRG/PCG,EVRG,PCG,symmetric_exit,-2357.756284567175,-0.2373865188603,-0.786651539770829,4.3920691968250915e-11,56,6,2026-05-06
RTX/SNA,RTX,SNA,symmetric_exit,1986.207326520444,0.25907411204432684,-0.786651539770829,0.9988604761867601,48,6,2026-05-06
MSCI/PRU,MSCI,PRU,symmetric_exit,3820.25783176222,0.6122885935769525,-0.786651539770829,0.9999999980248181,36,6,2026-05-06
AKAM/KEYS,AKAM,KEYS,symmetric_exit,-11838.19,-0.7875733699964954,-0.786651539770829,7.918636875998631e-07,42,6,2026-05-06
CINF/FMC,CINF,FMC,symmetric_exit,-16926.55646003669,-1.2332495503475285,-0.786651539770829,1.0404126406866217e-24,54,6,2026-05-06
AON/KKR,AON,KKR,symmetric_exit,7251.892725267353,0.5730457400236361,-0.786651539770829,0.9999999999997655,48,6,2026-05-06
BSX/WMB,BSX,WMB,symmetric_exit,5848.971576555999,0.6668665124052641,-0.786651539770829,0.9999999999982356,54,6,2026-05-06
MSCI/SCHW,MSCI,SCHW,symmetric_exit,3159.365941550656,0.31259870868249734,-0.786651539770829,0.9998305919115239,54,6,2026-05-06
HAS/YUM,HAS,YUM,low_vol_specialist,19999.89327153934,1.7458384904759492,-1.0766977373855688,1.0,128,6,2026-05-06
CSCO/PAYC,CSCO,PAYC,low_vol_specialist,-12539.83291602902,-0.7576711595395902,-1.0766977373855688,1.8352006743503537e-30,132,6,2026-05-06
TXT/YUM,TXT,YUM,low_vol_specialist,6314.69464139198,0.4935024920299434,-1.0766977373855688,0.9999993525596025,126,6,2026-05-06
EXR/WY,EXR,WY,low_vol_specialist,3913.391414048223,0.3326873168666838,-1.0766977373855688,0.9999291483731664,146,6,2026-05-06
ATO/PCG,ATO,PCG,low_vol_specialist,2579.004420924861,0.19479938280122955,-1.0766977373855688,0.982958491933012,164,6,2026-05-06
BIIB/HCA,BIIB,HCA,low_vol_specialist,3065.563461234625,0.2025324960110076,-1.0766977373855688,0.9916820983250743,122,6,2026-05-06
CDNS/PTC,CDNS,PTC,low_vol_specialist,-4272.060000000038,-0.30670156940730803,-1.0766977373855688,1.0905802049142456e-12,110,6,2026-05-06
EVRG/PCG,EVRG,PCG,low_vol_specialist,-15073.25133898373,-1.1433817607156491,-1.0766977373855688,6.09217304491087e-19,150,6,2026-05-06
RTX/SNA,RTX,SNA,low_vol_specialist,1955.523342760443,0.17490488923377842,-1.0766977373855688,0.9474750885344682,128,6,2026-05-06
MSCI/PRU,MSCI,PRU,low_vol_specialist,5296.458028227901,0.4551270191243383,-1.0766977373855688,0.9999999654987074,112,6,2026-05-06
AKAM/KEYS,AKAM,KEYS,low_vol_specialist,-36693.51999999997,-1.5837944590785895,-1.0766977373855688,5.38530177017356e-13,114,6,2026-05-06
CINF/FMC,CINF,FMC,low_vol_specialist,-1012.032585030555,-0.04264398442069346,-1.0766977373855688,0.0029286184947009248,144,6,2026-05-06
AON/KKR,AON,KKR,low_vol_specialist,-18103.58251092402,-0.9155231319471364,-1.0766977373855688,7.121950096444926e-40,134,6,2026-05-06
BSX/WMB,BSX,WMB,low_vol_specialist,7383.115743466507,0.5093410779862382,-1.0766977373855688,0.9999999999999973,152,6,2026-05-06
MSCI/SCHW,MSCI,SCHW,low_vol_specialist,-3964.541869750557,-0.36288429791647714,-1.0766977373855688,2.637776626987543e-17,126,6,2026-05-06
HAS/YUM,HAS,YUM,high_entry,8888.83934022627,1.4552967165313262,-1.2601404419624178,0.9999999999999631,26,6,2026-05-06
CSCO/PAYC,CSCO,PAYC,high_entry,-4069.664541276466,-0.3312467620550942,-1.2601404419624178,1.0748307327834723e-07,28,6,2026-05-06
TXT/YUM,TXT,YUM,high_entry,2752.517003262964,0.40372494572498124,-1.2601404419624178,0.9999991510723203,34,6,2026-05-06
EXR/WY,EXR,WY,high_entry,-715.8379500892006,-0.1195501646287141,-1.2601404419624178,1.3834783180752237e-05,28,6,2026-05-06
ATO/PCG,ATO,PCG,high_entry,-13185.76812019683,-1.7545381849681294,-1.2601404419624178,1.4944043531974377e-14,50,6,2026-05-06
BIIB/HCA,BIIB,HCA,high_entry,3848.416769907412,0.4354639458402317,-1.2601404419624178,0.9999992296842776,30,6,2026-05-06
CDNS/PTC,CDNS,PTC,high_entry,6560.099999999979,0.7286969200986851,-1.2601404419624178,0.9999999435081356,30,6,2026-05-06
EVRG/PCG,EVRG,PCG,high_entry,-1633.368562228807,-0.1806819637929184,-1.2601404419624178,1.4115932941201484e-09,44,6,2026-05-06
RTX/SNA,RTX,SNA,high_entry,3539.688150991518,0.6627163200821075,-1.2601404419624178,0.9999999957513102,26,6,2026-05-06
MSCI/PRU,MSCI,PRU,high_entry,2206.097957315535,0.36103771508294247,-1.2601404419624178,0.9999957397896799,28,6,2026-05-06
AKAM/KEYS,AKAM,KEYS,high_entry,3903.859999999996,0.3743113167983301,-1.2601404419624178,0.9999578875728201,32,6,2026-05-06
CINF/FMC,CINF,FMC,high_entry,-24339.41512698759,-2.09355811725279,-1.2601404419624178,5.631595079730483e-22,46,6,2026-05-06
AON/KKR,AON,KKR,high_entry,-1748.754733544741,-0.19026937974028213,-1.2601404419624178,4.112577813136857e-06,32,6,2026-05-06
BSX/WMB,BSX,WMB,high_entry,1164.777583301761,0.19910335539097151,-1.2601404419624178,0.970189409632852,30,6,2026-05-06
MSCI/SCHW,MSCI,SCHW,high_entry,-1381.456808459031,-0.1784481510098812,-1.2601404419624178,5.767288787148143e-06,38,6,2026-05-06
HAS/YUM,HAS,YUM,conservative_no_leverage,7680.017587948008,1.6839115876322315,-1.308635979301576,0.9999999999999464,38,6,2026-05-06
CSCO/PAYC,CSCO,PAYC,conservative_no_leverage,5112.173447467563,0.8897451586327769,-1.308635979301576,0.9999999700491118,44,6,2026-05-06
TXT/YUM,TXT,YUM,conservative_no_leverage,-453.2234802152634,-0.10836295603012662,-1.308635979301576,6.927547030722073e-06,46,6,2026-05-06
EXR/WY,EXR,WY,conservative_no_leverage,2454.688140171397,0.5278776999479594,-1.308635979301576,0.9999999999999997,40,6,2026-05-06
ATO/PCG,ATO,PCG,conservative_no_leverage,-3793.924321201187,-0.7114024882514334,-1.308635979301576,1.182847634882457e-26,42,6,2026-05-06
BIIB/HCA,BIIB,HCA,conservative_no_leverage,648.7661784097701,0.11279527297528999,-1.308635979301576,0.6645898608472531,48,6,2026-05-06
CDNS/PTC,CDNS,PTC,conservative_no_leverage,-1786.51000000001,-0.3437269099597301,-1.308635979301576,1.794455326768155e-07,36,6,2026-05-06
EVRG/PCG,EVRG,PCG,conservative_no_leverage,-6694.189773437638,-1.1479021668677956,-1.308635979301576,4.8291602985642135e-34,38,6,2026-05-06
RTX/SNA,RTX,SNA,conservative_no_leverage,4156.271860776473,1.6813519643542418,-1.308635979301576,0.9999999999994996,40,6,2026-05-06
MSCI/PRU,MSCI,PRU,conservative_no_leverage,3189.222437920973,0.8885940371712463,-1.308635979301576,0.9999999999999976,34,6,2026-05-06
AKAM/KEYS,AKAM,KEYS,conservative_no_leverage,-3326.190000000002,-0.5240263366334553,-1.308635979301576,7.720161206939517e-13,36,6,2026-05-06
CINF/FMC,CINF,FMC,conservative_no_leverage,-9908.826033365094,-1.2154155035426601,-1.308635979301576,1.3827186372084102e-19,42,6,2026-05-06
AON/KKR,AON,KKR,conservative_no_leverage,3139.405879673391,0.5019560149581807,-1.308635979301576,0.9999999999975705,42,6,2026-05-06
BSX/WMB,BSX,WMB,conservative_no_leverage,-877.7852095815306,-0.16543592373957428,-1.308635979301576,5.598464429250447e-08,42,6,2026-05-06
MSCI/SCHW,MSCI,SCHW,conservative_no_leverage,3469.506092196649,0.8572008978641954,-1.308635979301576,0.9999923735827904,36,6,2026-05-06
HAS/YUM,HAS,YUM,conservative,3226.286014532308,1.1416948220448424,-2.118790958248474,0.9999999983540806,24,6,2026-05-06
CSCO/PAYC,CSCO,PAYC,conservative,3049.10347127438,0.6151601874467028,-2.118790958248474,0.9999759184208917,26,6,2026-05-06
TXT/YUM,TXT,YUM,conservative,1104.556521677956,0.43453516559033867,-2.118790958248474,0.9999990131321111,30,6,2026-05-06
EXR/WY,EXR,WY,conservative,534.3478053302865,0.1990377593500471,-2.118790958248474,0.9947042972909488,30,6,2026-05-06
ATO/PCG,ATO,PCG,conservative,-2869.804921187602,-0.922813222555045,-2.118790958248474,2.871924263716561e-09,46,6,2026-05-06
BIIB/HCA,BIIB,HCA,conservative,678.9597532278549,0.15461240395214362,-2.118790958248474,0.9139265498775673,30,6,2026-05-06
CDNS/PTC,CDNS,PTC,conservative,1328.919999999989,0.30887663164175383,-2.118790958248474,0.9999974490818979,34,6,2026-05-06
EVRG/PCG,EVRG,PCG,conservative,-2285.457614925094,-0.7340451335705889,-2.118790958248474,7.90000087597395e-08,40,6,2026-05-06
RTX/SNA,RTX,SNA,conservative,1357.941863935905,0.5767683423878196,-2.118790958248474,0.9999989403874621,34,6,2026-05-06
MSCI/PRU,MSCI,PRU,conservative,-810.3493573454739,-0.38442093590699883,-2.118790958248474,6.7398755191545974e-09,26,6,2026-05-06
AKAM/KEYS,AKAM,KEYS,conservative,-4366.619999999998,-0.9973217895510575,-2.118790958248474,1.9964183442993087e-12,34,6,2026-05-06
CINF/FMC,CINF,FMC,conservative,-4978.000115488925,-1.0967885826971806,-2.118790958248474,1.9089102020071936e-14,36,6,2026-05-06
AON/KKR,AON,KKR,conservative,2831.7289512516,0.7610538056168754,-2.118790958248474,0.9999710161924323,24,6,2026-05-06
BSX/WMB,BSX,WMB,conservative,2227.262209443265,0.703377732631196,-2.118790958248474,0.9999998862736924,32,6,2026-05-06
MSCI/SCHW,MSCI,SCHW,conservative,-536.49924117842,-0.1320094062586593,-2.118790958248474,2.33324959794864e-06,28,6,2026-05-06
